$MeshFormat
4.1 0 8
$EndMeshFormat
$Entities
3 2 1 0
1 0.2 0.2 0 0 
2 0.15 0.2 0 0 
3 0.25 0.2 0 0 
1 0.15 0.1507596123493896 0 0.25 0.2 0 0 2 2 -3 
2 0.15 0.2 0 0.25 0.2492403876506104 0 0 2 3 -2 
1 0.15 0.1507596123493896 0 0.25 0.2492403876506104 0 0 2 2 1 
$EndEntities
$Nodes
6 9402 1 9402
0 1 0 1
1
0.2 0.2 0
0 2 0 1
2
0.15 0.2 0
0 3 0 1
3
0.25 0.2 0
1 1 0 157
4
5
6
7
8
9
10
11
12
13
14
15
16
17
18
19
20
21
22
23
24
25
26
27
28
29
30
31
32
33
34
35
36
37
38
39
40
41
42
43
44
45
46
47
48
49
50
51
52
53
54
55
56
57
58
59
60
61
62
63
64
65
66
67
68
69
70
71
72
73
74
75
76
77
78
79
80
81
82
83
84
85
86
87
88
89
90
91
92
93
94
95
96
97
98
99
100
101
102
103
104
105
106
107
108
109
110
111
112
113
114
115
116
117
118
119
120
121
122
123
124
125
126
127
128
129
130
131
132
133
134
135
136
137
138
139
140
141
142
143
144
145
146
147
148
149
150
151
152
153
154
155
156
157
158
159
160
0.1500098835115647 0.1990058906133273 0
0.1500395301387945 0.1980121742411417 0
0.1500889281612248 0.1970192437361264 0
0.1501580580497989 0.1960274916447185 0
0.1502468924745357 0.19503731004801 0
0.1503553963154498 0.1940490904053291 0
0.1504835266775168 0.1930632233923954 0
0.1506312329050257 0.192080098768155 0
0.1507984566035225 0.1911001052026139 0
0.1509851316626795 0.1901236301266538 0
0.1511911842823604 0.1891510595797792 0
0.1514165330018482 0.1881827780574495 0
0.1516610887313443 0.1872191683619168 0
0.1519247547889843 0.1862606114437099 0
0.1522074269362504 0.1853074862618355 0
0.1525089934221819 0.1843601696228624 0
0.1528293350243592 0.1834190360426224 0
0.1531683250982778 0.1824844575904884 0
0.1535258296292575 0.181556803738202 0
0.153901707278824 0.1806364412311999 0
0.1542958094489576 0.179723733921799 0
0.1547079803363018 0.1788190426377093 0
0.1551380569908737 0.1779227250448361 0
0.1555858693867224 0.1770351354920888 0
0.1560512404850755 0.1761566248802874 0
0.1565339863078316 0.1752875405167307 0
0.1570339160039744 0.1744282259894533 0
0.1575508319305006 0.1735790210210258 0
0.158084529730184 0.1727402613354388 0
0.1586347984107576 0.1719122785281301 0
0.1592014204293444 0.1710953999332825 0
0.1597841717794775 0.170289948493188 0
0.1603828220753526 0.1694962426365729 0
0.1609971346433665 0.1687145961513629 0
0.1616268666211501 0.1679453180535355 0
0.162271769050097 0.1671887124697798 0
0.1629315869753178 0.1664450785154908 0
0.1636060595462906 0.1657147101769308 0
0.1642949201137271 0.1649978962015871 0
0.1649978963425442 0.1642949199755452 0
0.1657147103187616 0.1636060594126774 0
0.1664450786581564 0.1629315868461747 0
0.1671887126149848 0.162271768923816 0
0.1679453182017474 0.1616268664973425 0
0.168714596299622 0.1609971345244433 0
0.1694962427854874 0.1603828219606939 0
0.1702899486407722 0.1597841716704474 0
0.1710954000824937 0.1592014203236326 0
0.171912278680639 0.1586347983072014 0
0.1727402614925435 0.158084529628011 0
0.1735790211822427 0.1575508318301569 0
0.1744282261525764 0.1570339159068898 0
0.1752875406817518 0.1565339862140094 0
0.1761566250471412 0.1560512403945528 0
0.1770351356610315 0.1555858692993686 0
0.1779227252154822 0.1551380569068961 0
0.1788190428099913 0.1547079802557336 0
0.1797237340956488 0.1542958093718306 0
0.1806364414068279 0.1539017072050516 0
0.1815568039178853 0.1535258295579505 0
0.1824844577708905 0.1531683250308055 0
0.1834190362254799 0.1528293349600829 0
0.1843601698094121 0.152508993360747 0
0.1853074864495698 0.1522074268785366 0
0.1862606116325546 0.1519247547350145 0
0.1872191685517972 0.1516610886811398 0
0.1881827782492272 0.1514165329552011 0
0.1891510597742395 0.1511911842391369 0
0.1901236303219349 0.1509851316233309 0
0.1911001053998669 0.1507984565678421 0
0.1920800989670443 0.1506312328731192 0
0.1930632235923403 0.1504835266495065 0
0.1940490906051446 0.1503553962914979 0
0.1950373102558104 0.1502468924538083 0
0.1960274918557814 0.1501580580329767 0
0.1970192439485614 0.1500889281485379 0
0.1980121744575336 0.1500395301301847 0
0.199005890832288 0.1500098835072105 0
0.200000000219004 0.15 0
0.2009941096010425 0.1500098835158277 0
0.2019878259681908 0.1500395301471235 0
0.2029807564679741 0.150088928173414 0
0.2039725085507146 0.1501580580653753 0
0.2049626901434592 0.150246892493634 0
0.2059509097845861 0.150355396338215 0
0.2069367767897227 0.1504835267030298 0
0.207919901407153 0.1506312329331492 0
0.2088998949677122 0.1507984566343322 0
0.209876370039985 0.1509851316962568 0
0.2108489405814253 0.151191184318192 0
0.2118172221010523 0.1514165330404015 0
0.2127808317907504 0.1516610887717096 0
0.2137393887025909 0.1519247548307955 0
0.2146925138828347 0.1522074269807252 0
0.2156398305116544 0.1525089934664812 0
0.2165809640826488 0.1528293350683933 0
0.2175155425285498 0.1531683251427993 0
0.2184431963750089 0.153525829674185 0
0.2193635588749972 0.1539017073234321 0
0.2202762661803458 0.1542958094942732 0
0.2211809574585286 0.1547079803813078 0
0.2220772750465117 0.1551380570358274 0
0.2229648645971614 0.1555858694328703 0
0.223843375203106 0.1560512405303186 0
0.2247124595572705 0.1565339863499047 0
0.2255717740793651 0.1570339160449324 0
0.2264209790415219 0.1575508319694312 0
0.2272597387206683 0.1580845297666733 0
0.2280877215248691 0.1586347984467451 0
0.2289046001181054 0.1592014204657513 0
0.2297100515511477 0.1597841718122311 0
0.2305037574000134 0.1603828221035227 0
0.2312854038779577 0.1609971346668854 0
0.2320546819682986 0.161626866639389 0
0.2328112875492052 0.1622717690666078 0
0.2335549215017726 0.162931586990945 0
0.2342852898343455 0.1636060595569135 0
0.2350021038058241 0.1642949201209924 0
0.2357050800311772 0.1649978963494017 0
0.2363939405912133 0.1657147103228915 0
0.2370684131556091 0.166445078660127 0
0.2377282310768226 0.1671887126157189 0
0.2383731335012465 0.1679453182000583 0
0.2390028654683313 0.1687145962906142 0
0.2396171780289479 0.1694962427720346 0
0.2402158283175316 0.1702899486245004 0
0.2407985796593133 0.1710954000584221 0
0.2413652016719292 0.1719122786499042 0
0.2419154703499089 0.1727402614585923 0
0.2424491681451598 0.1735790211425853 0
0.2429660840676001 0.1744282261097138 0
0.2434660137574263 0.1752875406315107 0
0.243948759574573 0.176156624990233 0
0.2444141306680659 0.1770351355980497 0
0.2448619430595032 0.1779227251472041 0
0.2452920197102651 0.1788190427372849 0
0.245704190592401 0.1797237340150242 0
0.2460982927584401 0.1806364413199134 0
0.246474170404415 0.1815568038230519 0
0.2468316749306684 0.1824844576678823 0
0.2471706650008405 0.1834190361143123 0
0.2474910066014735 0.1843601696946929 0
0.2477925730835125 0.1853074863261209 0
0.2480752452265386 0.1862606114980259 0
0.2483389112816601 0.187219168411101 0
0.2485834670089742 0.188182778101943 0
0.2488088157260066 0.1891510596174221 0
0.2490148683450207 0.1901236301648689 0
0.2492015434036172 0.1911001052420846 0
0.2493687671007277 0.1920800988040186 0
0.2495164733267156 0.1930632234226076 0
0.2496446036873418 0.1940490904286174 0
0.2497531075276308 0.1950373100697294 0
0.2498419419516241 0.1960274916625721 0
0.2499110718398457 0.1970192437540504 0
0.2499604698617355 0.1980121742544625 0
0.2499901164885743 0.1990058906203191 0
1 2 0 157
161
162
163
164
165
166
167
168
169
170
171
172
173
174
175
176
177
178
179
180
181
182
183
184
185
186
187
188
189
190
191
192
193
194
195
196
197
198
199
200
201
202
203
204
205
206
207
208
209
210
211
212
213
214
215
216
217
218
219
220
221
222
223
224
225
226
227
228
229
230
231
232
233
234
235
236
237
238
239
240
241
242
243
244
245
246
247
248
249
250
251
252
253
254
255
256
257
258
259
260
261
262
263
264
265
266
267
268
269
270
271
272
273
274
275
276
277
278
279
280
281
282
283
284
285
286
287
288
289
290
291
292
293
294
295
296
297
298
299
300
301
302
303
304
305
306
307
308
309
310
311
312
313
314
315
316
317
0.2499901164884282 0.2009941093870304 0
0.2499604698611634 0.2019878257599156 0
0.2499110718386309 0.2029807562662892 0
0.2498419419496611 0.2039725083620574 0
0.2497531075246418 0.2049626899602366 0
0.2496446036834296 0.2059509096040197 0
0.2495164733213138 0.2069367766159522 0
0.2493687670938303 0.2079199012389764 0
0.249201543394942 0.2088998948058751 0
0.2490148683351382 0.2098763698841765 0
0.2488088157151485 0.2108489404314279 0
0.2485834669950931 0.2118172219551252 0
0.2483389112647364 0.2127808316529068 0
0.2480752452067836 0.2137393885710984 0
0.2477925730591257 0.2146925137532054 0
0.2474910065745465 0.215639830387072 0
0.2471706649731821 0.2165809639643723 0
0.2468316748988533 0.2175155424171825 0
0.2464741703690841 0.2184431962659769 0
0.2460982927189772 0.2193635587740347 0
0.2457041905492801 0.2202762660821733 0
0.2452920196631855 0.2211809573633869 0
0.2448619430086851 0.2220772749560603 0
0.2444141306123051 0.222964864509792 0
0.2439487595126361 0.2238433751239308 0
0.2434660136919762 0.2247124594836074 0
0.242966083995696 0.2255717740111006 0
0.2424491680677728 0.2264209789817481 0
0.2419154702658336 0.2272597386706846 0
0.2413652015840694 0.2280877214794881 0
0.2407985795630089 0.2289046000775107 0
0.2402158282142578 0.2297100515152921 0
0.2396171779209338 0.2305037573682502 0
0.2390028653544326 0.2312854038513809 0
0.2383731333740928 0.2320546819521593 0
0.2377282309460172 0.2328112875346883 0
0.2370684130213203 0.233554921488223 0
0.2363939404516753 0.2342852898252284 0
0.2357050798856761 0.2350021037990216 0
0.2350021036572684 0.2357050800246385 0
0.2342852896807403 0.2363939405877919 0
0.2335549213410572 0.2370684131545372 0
0.2328112873849029 0.2377282310762817 0
0.2320546817993782 0.2383731335017172 0
0.2312854036991255 0.2390028654765614 0
0.2305037572153036 0.239617178038697 0
0.2297100513599467 0.2402158283290215 0
0.2289045999201745 0.240798579674477 0
0.2280877213187576 0.2413652016932084 0
0.2272597385078159 0.2419154703717553 0
0.2264209788181034 0.2424491681696277 0
0.2255717738450027 0.2429660840945511 0
0.224712459317029 0.2434660137866838 0
0.2238433749544295 0.2439487596045951 0
0.2229648643363016 0.2444141307020104 0
0.2220772747797371 0.2448619430954566 0
0.2211809571874116 0.245292019745481 0
0.2202762659037391 0.245704190628441 0
0.2193635585951942 0.246098292794099 0
0.2184431960862995 0.2464741704403888 0
0.2175155422357385 0.2468316749667152 0
0.2165809637833419 0.2471706650368161 0
0.2156398302029402 0.2474910066351851 0
0.2146925135630479 0.2477925731175844 0
0.2137393883788283 0.2480752452617324 0
0.2127808314595822 0.2483389113158515 0
0.2118172217608226 0.2485834670423545 0
0.210848940236224 0.2488088157585373 0
0.2098763696881485 0.2490148683746373 0
0.208899894611873 0.2492015434300343 0
0.2079199010431299 0.2493687671252486 0
0.206936776419099 0.249516473348891 0
0.2059509094050804 0.2496446037072764 0
0.2049626897537737 0.2497531075452357 0
0.2039725081528719 0.2498419419663336 0
0.202980756056051 0.2499110718511866 0
0.2019878255469169 0.2499604698696382 0
0.2009941091719181 0.2499901164927059 0
0.1999999997848452 0.25 0
0.1990058904032771 0.2499901164842582 0
0.19801217403408 0.2499604698529669 0
0.1970192435329254 0.2499110718266397 0
0.1960274914477916 0.2498419419345056 0
0.1950373098538782 0.2497531075061004 0
0.1940490902125759 0.2496446036614448 0
0.1930632232080091 0.2495164732966525 0
0.1920800985876878 0.2493687670660232 0
0.191100105026303 0.2492015433645852 0
0.1901236299555983 0.2490148683028532 0
0.189151059412674 0.2488088156804964 0
0.1881827778940475 0.2485834669584066 0
0.1872191682017686 0.2483389112263125 0
0.1862606112905164 0.2480752451672346 0
0.1853074861142877 0.2477925730183901 0
0.1843601694829747 0.24749100653175 0
0.1834190359088541 0.2471706649286199 0
0.182484457462619 0.2468316748538977 0
0.1815568036161286 0.2464741703222979 0
0.1806364411143731 0.2460982926721029 0
0.1797237338071885 0.2457041905001965 0
0.1788190425269726 0.2452920196119118 0
0.1779227249400958 0.2448619429575819 0
0.1770351353950991 0.2444141305631279 0
0.1761566247886461 0.2439487594652067 0
0.175287540434392 0.243466013645355 0
0.1744282259131225 0.2429660839505964 0
0.1735790209494117 0.2424491680249257 0
0.1727402612688821 0.2419154702265308 0
0.1719122784645617 0.2413652015460782 0
0.1710953998743533 0.240798579528906 0
0.1702899484398863 0.2402158281811451 0
0.1694962425912599 0.2396171778897581 0
0.1687145961124507 0.2390028653254208 0
0.1679453180217607 0.2383731333523071 0
0.1671887124420835 0.2377282309258162 0
0.1664450784916252 0.2370684130030786 0
0.1657147101620666 0.2363939404397064 0
0.164997896192515 0.2357050798773794 0
0.1642949199690172 0.2350021036507966 0
0.1636060594102134 0.2342852896786229 0
0.1629315868478817 0.2335549213437293 0
0.1622717689285085 0.232811287390411 0
0.1616268665050763 0.2320546818075108 0
0.1609971345356575 0.2312854037143585 0
0.1603828219749456 0.2305037572330221 0
0.1597841716869313 0.2297100513815405 0
0.1592014203435716 0.2289045999456499 0
0.1586347983286765 0.2280877213509878 0
0.1580845296504367 0.2272597385419391 0
0.1575508318565916 0.2264209788602285 0
0.1570339159358388 0.2255717738960642 0
0.1565339862454689 0.2247124593735814 0
0.1560512404287714 0.2238433750159315 0
0.1555858693348524 0.2229648644075942 0
0.1551380569433193 0.2220772748585313 0
0.1547079802921508 0.2211809572678809 0
0.1542958094097555 0.2202762659898366 0
0.1539017072426281 0.2193635586826293 0
0.1535258295960358 0.2184431961780841 0
0.1531683250701656 0.2175155423343476 0
0.1528293349997906 0.216580963887483 0
0.1525089933995254 0.2156398303083403 0
0.1522074269173519 0.2146925136766906 0
0.1519247547729578 0.213739388500212 0
0.1516610887179609 0.2127808315874652 0
0.1514165329897471 0.2118172218927995 0
0.1511911842725699 0.2108489403761735 0
0.1509851316538632 0.2098763698295919 0
0.1507984565962506 0.2088998947571847 0
0.1506312328988178 0.2079199011931482 0
0.1504835266730711 0.2069367765758698 0
0.150355396312251 0.205950909567985 0
0.1502468924719634 0.2049626899262024 0
0.1501580580482385 0.2039725083357031 0
0.1500889281600448 0.202980756244114 0
0.1500395301382902 0.2019878257461834 0
0.1500098835114336 0.2009941093800801 0
2 1 0 9085
318
319
320
321
322
323
324
325
326
327
328
329
330
331
332
333
334
335
336
337
338
339
340
341
342
343
344
345
346
347
348
349
350
351
352
353
354
355
356
357
358
359
360
361
362
363
364
365
366
367
368
369
370
371
372
373
374
375
376
377
378
379
380
381
382
383
384
385
386
387
388
389
390
391
392
393
394
395
396
397
398
399
400
401
402
403
404
405
406
407
408
409
410
411
412
413
414
415
416
417
418
419
420
421
422
423
424
425
426
427
428
429
430
431
432
433
434
435
436
437
438
439
440
441
442
443
444
445
446
447
448
449
450
451
452
453
454
455
456
457
458
459
460
461
462
463
464
465
466
467
468
469
470
471
472
473
474
475
476
477
478
479
480
481
482
483
484
485
486
487
488
489
490
491
492
493
494
495
496
497
498
499
500
501
502
503
504
505
506
507
508
509
510
511
512
513
514
515
516
517
518
519
520
521
522
523
524
525
526
527
528
529
530
531
532
533
534
535
536
537
538
539
540
541
542
543
544
545
546
547
548
549
550
551
552
553
554
555
556
557
558
559
560
561
562
563
564
565
566
567
568
569
570
571
572
573
574
575
576
577
578
579
580
581
582
583
584
585
586
587
588
589
590
591
592
593
594
595
596
597
598
599
600
601
602
603
604
605
606
607
608
609
610
611
612
613
614
615
616
617
618
619
620
621
622
623
624
625
626
627
628
629
630
631
632
633
634
635
636
637
638
639
640
641
642
643
644
645
646
647
648
649
650
651
652
653
654
655
656
657
658
659
660
661
662
663
664
665
666
667
668
669
670
671
672
673
674
675
676
677
678
679
680
681
682
683
684
685
686
687
688
689
690
691
692
693
694
695
696
697
698
699
700
701
702
703
704
705
706
707
708
709
710
711
712
713
714
715
716
717
718
719
720
721
722
723
724
725
726
727
728
729
730
731
732
733
734
735
736
737
738
739
740
741
742
743
744
745
746
747
748
749
750
751
752
753
754
755
756
757
758
759
760
761
762
763
764
765
766
767
768
769
770
771
772
773
774
775
776
777
778
779
780
781
782
783
784
785
786
787
788
789
790
791
792
793
794
795
796
797
798
799
800
801
802
803
804
805
806
807
808
809
810
811
812
813
814
815
816
817
818
819
820
821
822
823
824
825
826
827
828
829
830
831
832
833
834
835
836
837
838
839
840
841
842
843
844
845
846
847
848
849
850
851
852
853
854
855
856
857
858
859
860
861
862
863
864
865
866
867
868
869
870
871
872
873
874
875
876
877
878
879
880
881
882
883
884
885
886
887
888
889
890
891
892
893
894
895
896
897
898
899
900
901
902
903
904
905
906
907
908
909
910
911
912
913
914
915
916
917
918
919
920
921
922
923
924
925
926
927
928
929
930
931
932
933
934
935
936
937
938
939
940
941
942
943
944
945
946
947
948
949
950
951
952
953
954
955
956
957
958
959
960
961
962
963
964
965
966
967
968
969
970
971
972
973
974
975
976
977
978
979
980
981
982
983
984
985
986
987
988
989
990
991
992
993
994
995
996
997
998
999
1000
1001
1002
1003
1004
1005
1006
1007
1008
1009
1010
1011
1012
1013
1014
1015
1016
1017
1018
1019
1020
1021
1022
1023
1024
1025
1026
1027
1028
1029
1030
1031
1032
1033
1034
1035
1036
1037
1038
1039
1040
1041
1042
1043
1044
1045
1046
1047
1048
1049
1050
1051
1052
1053
1054
1055
1056
1057
1058
1059
1060
1061
1062
1063
1064
1065
1066
1067
1068
1069
1070
1071
1072
1073
1074
1075
1076
1077
1078
1079
1080
1081
1082
1083
1084
1085
1086
1087
1088
1089
1090
1091
1092
1093
1094
1095
1096
1097
1098
1099
1100
1101
1102
1103
1104
1105
1106
1107
1108
1109
1110
1111
1112
1113
1114
1115
1116
1117
1118
1119
1120
1121
1122
1123
1124
1125
1126
1127
1128
1129
1130
1131
1132
1133
1134
1135
1136
1137
1138
1139
1140
1141
1142
1143
1144
1145
1146
1147
1148
1149
1150
1151
1152
1153
1154
1155
1156
1157
1158
1159
1160
1161
1162
1163
1164
1165
1166
1167
1168
1169
1170
1171
1172
1173
1174
1175
1176
1177
1178
1179
1180
1181
1182
1183
1184
1185
1186
1187
1188
1189
1190
1191
1192
1193
1194
1195
1196
1197
1198
1199
1200
1201
1202
1203
1204
1205
1206
1207
1208
1209
1210
1211
1212
1213
1214
1215
1216
1217
1218
1219
1220
1221
1222
1223
1224
1225
1226
1227
1228
1229
1230
1231
1232
1233
1234
1235
1236
1237
1238
1239
1240
1241
1242
1243
1244
1245
1246
1247
1248
1249
1250
1251
1252
1253
1254
1255
1256
1257
1258
1259
1260
1261
1262
1263
1264
1265
1266
1267
1268
1269
1270
1271
1272
1273
1274
1275
1276
1277
1278
1279
1280
1281
1282
1283
1284
1285
1286
1287
1288
1289
1290
1291
1292
1293
1294
1295
1296
1297
1298
1299
1300
1301
1302
1303
1304
1305
1306
1307
1308
1309
1310
1311
1312
1313
1314
1315
1316
1317
1318
1319
1320
1321
1322
1323
1324
1325
1326
1327
1328
1329
1330
1331
1332
1333
1334
1335
1336
1337
1338
1339
1340
1341
1342
1343
1344
1345
1346
1347
1348
1349
1350
1351
1352
1353
1354
1355
1356
1357
1358
1359
1360
1361
1362
1363
1364
1365
1366
1367
1368
1369
1370
1371
1372
1373
1374
1375
1376
1377
1378
1379
1380
1381
1382
1383
1384
1385
1386
1387
1388
1389
1390
1391
1392
1393
1394
1395
1396
1397
1398
1399
1400
1401
1402
1403
1404
1405
1406
1407
1408
1409
1410
1411
1412
1413
1414
1415
1416
1417
1418
1419
1420
1421
1422
1423
1424
1425
1426
1427
1428
1429
1430
1431
1432
1433
1434
1435
1436
1437
1438
1439
1440
1441
1442
1443
1444
1445
1446
1447
1448
1449
1450
1451
1452
1453
1454
1455
1456
1457
1458
1459
1460
1461
1462
1463
1464
1465
1466
1467
1468
1469
1470
1471
1472
1473
1474
1475
1476
1477
1478
1479
1480
1481
1482
1483
1484
1485
1486
1487
1488
1489
1490
1491
1492
1493
1494
1495
1496
1497
1498
1499
1500
1501
1502
1503
1504
1505
1506
1507
1508
1509
1510
1511
1512
1513
1514
1515
1516
1517
1518
1519
1520
1521
1522
1523
1524
1525
1526
1527
1528
1529
1530
1531
1532
1533
1534
1535
1536
1537
1538
1539
1540
1541
1542
1543
1544
1545
1546
1547
1548
1549
1550
1551
1552
1553
1554
1555
1556
1557
1558
1559
1560
1561
1562
1563
1564
1565
1566
1567
1568
1569
1570
1571
1572
1573
1574
1575
1576
1577
1578
1579
1580
1581
1582
1583
1584
1585
1586
1587
1588
1589
1590
1591
1592
1593
1594
1595
1596
1597
1598
1599
1600
1601
1602
1603
1604
1605
1606
1607
1608
1609
1610
1611
1612
1613
1614
1615
1616
1617
1618
1619
1620
1621
1622
1623
1624
1625
1626
1627
1628
1629
1630
1631
1632
1633
1634
1635
1636
1637
1638
1639
1640
1641
1642
1643
1644
1645
1646
1647
1648
1649
1650
1651
1652
1653
1654
1655
1656
1657
1658
1659
1660
1661
1662
1663
1664
1665
1666
1667
1668
1669
1670
1671
1672
1673
1674
1675
1676
1677
1678
1679
1680
1681
1682
1683
1684
1685
1686
1687
1688
1689
1690
1691
1692
1693
1694
1695
1696
1697
1698
1699
1700
1701
1702
1703
1704
1705
1706
1707
1708
1709
1710
1711
1712
1713
1714
1715
1716
1717
1718
1719
1720
1721
1722
1723
1724
1725
1726
1727
1728
1729
1730
1731
1732
1733
1734
1735
1736
1737
1738
1739
1740
1741
1742
1743
1744
1745
1746
1747
1748
1749
1750
1751
1752
1753
1754
1755
1756
1757
1758
1759
1760
1761
1762
1763
1764
1765
1766
1767
1768
1769
1770
1771
1772
1773
1774
1775
1776
1777
1778
1779
1780
1781
1782
1783
1784
1785
1786
1787
1788
1789
1790
1791
1792
1793
1794
1795
1796
1797
1798
1799
1800
1801
1802
1803
1804
1805
1806
1807
1808
1809
1810
1811
1812
1813
1814
1815
1816
1817
1818
1819
1820
1821
1822
1823
1824
1825
1826
1827
1828
1829
1830
1831
1832
1833
1834
1835
1836
1837
1838
1839
1840
1841
1842
1843
1844
1845
1846
1847
1848
1849
1850
1851
1852
1853
1854
1855
1856
1857
1858
1859
1860
1861
1862
1863
1864
1865
1866
1867
1868
1869
1870
1871
1872
1873
1874
1875
1876
1877
1878
1879
1880
1881
1882
1883
1884
1885
1886
1887
1888
1889
1890
1891
1892
1893
1894
1895
1896
1897
1898
1899
1900
1901
1902
1903
1904
1905
1906
1907
1908
1909
1910
1911
1912
1913
1914
1915
1916
1917
1918
1919
1920
1921
1922
1923
1924
1925
1926
1927
1928
1929
1930
1931
1932
1933
1934
1935
1936
1937
1938
1939
1940
1941
1942
1943
1944
1945
1946
1947
1948
1949
1950
1951
1952
1953
1954
1955
1956
1957
1958
1959
1960
1961
1962
1963
1964
1965
1966
1967
1968
1969
1970
1971
1972
1973
1974
1975
1976
1977
1978
1979
1980
1981
1982
1983
1984
1985
1986
1987
1988
1989
1990
1991
1992
1993
1994
1995
1996
1997
1998
1999
2000
2001
2002
2003
2004
2005
2006
2007
2008
2009
2010
2011
2012
2013
2014
2015
2016
2017
2018
2019
2020
2021
2022
2023
2024
2025
2026
2027
2028
2029
2030
2031
2032
2033
2034
2035
2036
2037
2038
2039
2040
2041
2042
2043
2044
2045
2046
2047
2048
2049
2050
2051
2052
2053
2054
2055
2056
2057
2058
2059
2060
2061
2062
2063
2064
2065
2066
2067
2068
2069
2070
2071
2072
2073
2074
2075
2076
2077
2078
2079
2080
2081
2082
2083
2084
2085
2086
2087
2088
2089
2090
2091
2092
2093
2094
2095
2096
2097
2098
2099
2100
2101
2102
2103
2104
2105
2106
2107
2108
2109
2110
2111
2112
2113
2114
2115
2116
2117
2118
2119
2120
2121
2122
2123
2124
2125
2126
2127
2128
2129
2130
2131
2132
2133
2134
2135
2136
2137
2138
2139
2140
2141
2142
2143
2144
2145
2146
2147
2148
2149
2150
2151
2152
2153
2154
2155
2156
2157
2158
2159
2160
2161
2162
2163
2164
2165
2166
2167
2168
2169
2170
2171
2172
2173
2174
2175
2176
2177
2178
2179
2180
2181
2182
2183
2184
2185
2186
2187
2188
2189
2190
2191
2192
2193
2194
2195
2196
2197
2198
2199
2200
2201
2202
2203
2204
2205
2206
2207
2208
2209
2210
2211
2212
2213
2214
2215
2216
2217
2218
2219
2220
2221
2222
2223
2224
2225
2226
2227
2228
2229
2230
2231
2232
2233
2234
2235
2236
2237
2238
2239
2240
2241
2242
2243
2244
2245
2246
2247
2248
2249
2250
2251
2252
2253
2254
2255
2256
2257
2258
2259
2260
2261
2262
2263
2264
2265
2266
2267
2268
2269
2270
2271
2272
2273
2274
2275
2276
2277
2278
2279
2280
2281
2282
2283
2284
2285
2286
2287
2288
2289
2290
2291
2292
2293
2294
2295
2296
2297
2298
2299
2300
2301
2302
2303
2304
2305
2306
2307
2308
2309
2310
2311
2312
2313
2314
2315
2316
2317
2318
2319
2320
2321
2322
2323
2324
2325
2326
2327
2328
2329
2330
2331
2332
2333
2334
2335
2336
2337
2338
2339
2340
2341
2342
2343
2344
2345
2346
2347
2348
2349
2350
2351
2352
2353
2354
2355
2356
2357
2358
2359
2360
2361
2362
2363
2364
2365
2366
2367
2368
2369
2370
2371
2372
2373
2374
2375
2376
2377
2378
2379
2380
2381
2382
2383
2384
2385
2386
2387
2388
2389
2390
2391
2392
2393
2394
2395
2396
2397
2398
2399
2400
2401
2402
2403
2404
2405
2406
2407
2408
2409
2410
2411
2412
2413
2414
2415
2416
2417
2418
2419
2420
2421
2422
2423
2424
2425
2426
2427
2428
2429
2430
2431
2432
2433
2434
2435
2436
2437
2438
2439
2440
2441
2442
2443
2444
2445
2446
2447
2448
2449
2450
2451
2452
2453
2454
2455
2456
2457
2458
2459
2460
2461
2462
2463
2464
2465
2466
2467
2468
2469
2470
2471
2472
2473
2474
2475
2476
2477
2478
2479
2480
2481
2482
2483
2484
2485
2486
2487
2488
2489
2490
2491
2492
2493
2494
2495
2496
2497
2498
2499
2500
2501
2502
2503
2504
2505
2506
2507
2508
2509
2510
2511
2512
2513
2514
2515
2516
2517
2518
2519
2520
2521
2522
2523
2524
2525
2526
2527
2528
2529
2530
2531
2532
2533
2534
2535
2536
2537
2538
2539
2540
2541
2542
2543
2544
2545
2546
2547
2548
2549
2550
2551
2552
2553
2554
2555
2556
2557
2558
2559
2560
2561
2562
2563
2564
2565
2566
2567
2568
2569
2570
2571
2572
2573
2574
2575
2576
2577
2578
2579
2580
2581
2582
2583
2584
2585
2586
2587
2588
2589
2590
2591
2592
2593
2594
2595
2596
2597
2598
2599
2600
2601
2602
2603
2604
2605
2606
2607
2608
2609
2610
2611
2612
2613
2614
2615
2616
2617
2618
2619
2620
2621
2622
2623
2624
2625
2626
2627
2628
2629
2630
2631
2632
2633
2634
2635
2636
2637
2638
2639
2640
2641
2642
2643
2644
2645
2646
2647
2648
2649
2650
2651
2652
2653
2654
2655
2656
2657
2658
2659
2660
2661
2662
2663
2664
2665
2666
2667
2668
2669
2670
2671
2672
2673
2674
2675
2676
2677
2678
2679
2680
2681
2682
2683
2684
2685
2686
2687
2688
2689
2690
2691
2692
2693
2694
2695
2696
2697
2698
2699
2700
2701
2702
2703
2704
2705
2706
2707
2708
2709
2710
2711
2712
2713
2714
2715
2716
2717
2718
2719
2720
2721
2722
2723
2724
2725
2726
2727
2728
2729
2730
2731
2732
2733
2734
2735
2736
2737
2738
2739
2740
2741
2742
2743
2744
2745
2746
2747
2748
2749
2750
2751
2752
2753
2754
2755
2756
2757
2758
2759
2760
2761
2762
2763
2764
2765
2766
2767
2768
2769
2770
2771
2772
2773
2774
2775
2776
2777
2778
2779
2780
2781
2782
2783
2784
2785
2786
2787
2788
2789
2790
2791
2792
2793
2794
2795
2796
2797
2798
2799
2800
2801
2802
2803
2804
2805
2806
2807
2808
2809
2810
2811
2812
2813
2814
2815
2816
2817
2818
2819
2820
2821
2822
2823
2824
2825
2826
2827
2828
2829
2830
2831
2832
2833
2834
2835
2836
2837
2838
2839
2840
2841
2842
2843
2844
2845
2846
2847
2848
2849
2850
2851
2852
2853
2854
2855
2856
2857
2858
2859
2860
2861
2862
2863
2864
2865
2866
2867
2868
2869
2870
2871
2872
2873
2874
2875
2876
2877
2878
2879
2880
2881
2882
2883
2884
2885
2886
2887
2888
2889
2890
2891
2892
2893
2894
2895
2896
2897
2898
2899
2900
2901
2902
2903
2904
2905
2906
2907
2908
2909
2910
2911
2912
2913
2914
2915
2916
2917
2918
2919
2920
2921
2922
2923
2924
2925
2926
2927
2928
2929
2930
2931
2932
2933
2934
2935
2936
2937
2938
2939
2940
2941
2942
2943
2944
2945
2946
2947
2948
2949
2950
2951
2952
2953
2954
2955
2956
2957
2958
2959
2960
2961
2962
2963
2964
2965
2966
2967
2968
2969
2970
2971
2972
2973
2974
2975
2976
2977
2978
2979
2980
2981
2982
2983
2984
2985
2986
2987
2988
2989
2990
2991
2992
2993
2994
2995
2996
2997
2998
2999
3000
3001
3002
3003
3004
3005
3006
3007
3008
3009
3010
3011
3012
3013
3014
3015
3016
3017
3018
3019
3020
3021
3022
3023
3024
3025
3026
3027
3028
3029
3030
3031
3032
3033
3034
3035
3036
3037
3038
3039
3040
3041
3042
3043
3044
3045
3046
3047
3048
3049
3050
3051
3052
3053
3054
3055
3056
3057
3058
3059
3060
3061
3062
3063
3064
3065
3066
3067
3068
3069
3070
3071
3072
3073
3074
3075
3076
3077
3078
3079
3080
3081
3082
3083
3084
3085
3086
3087
3088
3089
3090
3091
3092
3093
3094
3095
3096
3097
3098
3099
3100
3101
3102
3103
3104
3105
3106
3107
3108
3109
3110
3111
3112
3113
3114
3115
3116
3117
3118
3119
3120
3121
3122
3123
3124
3125
3126
3127
3128
3129
3130
3131
3132
3133
3134
3135
3136
3137
3138
3139
3140
3141
3142
3143
3144
3145
3146
3147
3148
3149
3150
3151
3152
3153
3154
3155
3156
3157
3158
3159
3160
3161
3162
3163
3164
3165
3166
3167
3168
3169
3170
3171
3172
3173
3174
3175
3176
3177
3178
3179
3180
3181
3182
3183
3184
3185
3186
3187
3188
3189
3190
3191
3192
3193
3194
3195
3196
3197
3198
3199
3200
3201
3202
3203
3204
3205
3206
3207
3208
3209
3210
3211
3212
3213
3214
3215
3216
3217
3218
3219
3220
3221
3222
3223
3224
3225
3226
3227
3228
3229
3230
3231
3232
3233
3234
3235
3236
3237
3238
3239
3240
3241
3242
3243
3244
3245
3246
3247
3248
3249
3250
3251
3252
3253
3254
3255
3256
3257
3258
3259
3260
3261
3262
3263
3264
3265
3266
3267
3268
3269
3270
3271
3272
3273
3274
3275
3276
3277
3278
3279
3280
3281
3282
3283
3284
3285
3286
3287
3288
3289
3290
3291
3292
3293
3294
3295
3296
3297
3298
3299
3300
3301
3302
3303
3304
3305
3306
3307
3308
3309
3310
3311
3312
3313
3314
3315
3316
3317
3318
3319
3320
3321
3322
3323
3324
3325
3326
3327
3328
3329
3330
3331
3332
3333
3334
3335
3336
3337
3338
3339
3340
3341
3342
3343
3344
3345
3346
3347
3348
3349
3350
3351
3352
3353
3354
3355
3356
3357
3358
3359
3360
3361
3362
3363
3364
3365
3366
3367
3368
3369
3370
3371
3372
3373
3374
3375
3376
3377
3378
3379
3380
3381
3382
3383
3384
3385
3386
3387
3388
3389
3390
3391
3392
3393
3394
3395
3396
3397
3398
3399
3400
3401
3402
3403
3404
3405
3406
3407
3408
3409
3410
3411
3412
3413
3414
3415
3416
3417
3418
3419
3420
3421
3422
3423
3424
3425
3426
3427
3428
3429
3430
3431
3432
3433
3434
3435
3436
3437
3438
3439
3440
3441
3442
3443
3444
3445
3446
3447
3448
3449
3450
3451
3452
3453
3454
3455
3456
3457
3458
3459
3460
3461
3462
3463
3464
3465
3466
3467
3468
3469
3470
3471
3472
3473
3474
3475
3476
3477
3478
3479
3480
3481
3482
3483
3484
3485
3486
3487
3488
3489
3490
3491
3492
3493
3494
3495
3496
3497
3498
3499
3500
3501
3502
3503
3504
3505
3506
3507
3508
3509
3510
3511
3512
3513
3514
3515
3516
3517
3518
3519
3520
3521
3522
3523
3524
3525
3526
3527
3528
3529
3530
3531
3532
3533
3534
3535
3536
3537
3538
3539
3540
3541
3542
3543
3544
3545
3546
3547
3548
3549
3550
3551
3552
3553
3554
3555
3556
3557
3558
3559
3560
3561
3562
3563
3564
3565
3566
3567
3568
3569
3570
3571
3572
3573
3574
3575
3576
3577
3578
3579
3580
3581
3582
3583
3584
3585
3586
3587
3588
3589
3590
3591
3592
3593
3594
3595
3596
3597
3598
3599
3600
3601
3602
3603
3604
3605
3606
3607
3608
3609
3610
3611
3612
3613
3614
3615
3616
3617
3618
3619
3620
3621
3622
3623
3624
3625
3626
3627
3628
3629
3630
3631
3632
3633
3634
3635
3636
3637
3638
3639
3640
3641
3642
3643
3644
3645
3646
3647
3648
3649
3650
3651
3652
3653
3654
3655
3656
3657
3658
3659
3660
3661
3662
3663
3664
3665
3666
3667
3668
3669
3670
3671
3672
3673
3674
3675
3676
3677
3678
3679
3680
3681
3682
3683
3684
3685
3686
3687
3688
3689
3690
3691
3692
3693
3694
3695
3696
3697
3698
3699
3700
3701
3702
3703
3704
3705
3706
3707
3708
3709
3710
3711
3712
3713
3714
3715
3716
3717
3718
3719
3720
3721
3722
3723
3724
3725
3726
3727
3728
3729
3730
3731
3732
3733
3734
3735
3736
3737
3738
3739
3740
3741
3742
3743
3744
3745
3746
3747
3748
3749
3750
3751
3752
3753
3754
3755
3756
3757
3758
3759
3760
3761
3762
3763
3764
3765
3766
3767
3768
3769
3770
3771
3772
3773
3774
3775
3776
3777
3778
3779
3780
3781
3782
3783
3784
3785
3786
3787
3788
3789
3790
3791
3792
3793
3794
3795
3796
3797
3798
3799
3800
3801
3802
3803
3804
3805
3806
3807
3808
3809
3810
3811
3812
3813
3814
3815
3816
3817
3818
3819
3820
3821
3822
3823
3824
3825
3826
3827
3828
3829
3830
3831
3832
3833
3834
3835
3836
3837
3838
3839
3840
3841
3842
3843
3844
3845
3846
3847
3848
3849
3850
3851
3852
3853
3854
3855
3856
3857
3858
3859
3860
3861
3862
3863
3864
3865
3866
3867
3868
3869
3870
3871
3872
3873
3874
3875
3876
3877
3878
3879
3880
3881
3882
3883
3884
3885
3886
3887
3888
3889
3890
3891
3892
3893
3894
3895
3896
3897
3898
3899
3900
3901
3902
3903
3904
3905
3906
3907
3908
3909
3910
3911
3912
3913
3914
3915
3916
3917
3918
3919
3920
3921
3922
3923
3924
3925
3926
3927
3928
3929
3930
3931
3932
3933
3934
3935
3936
3937
3938
3939
3940
3941
3942
3943
3944
3945
3946
3947
3948
3949
3950
3951
3952
3953
3954
3955
3956
3957
3958
3959
3960
3961
3962
3963
3964
3965
3966
3967
3968
3969
3970
3971
3972
3973
3974
3975
3976
3977
3978
3979
3980
3981
3982
3983
3984
3985
3986
3987
3988
3989
3990
3991
3992
3993
3994
3995
3996
3997
3998
3999
4000
4001
4002
4003
4004
4005
4006
4007
4008
4009
4010
4011
4012
4013
4014
4015
4016
4017
4018
4019
4020
4021
4022
4023
4024
4025
4026
4027
4028
4029
4030
4031
4032
4033
4034
4035
4036
4037
4038
4039
4040
4041
4042
4043
4044
4045
4046
4047
4048
4049
4050
4051
4052
4053
4054
4055
4056
4057
4058
4059
4060
4061
4062
4063
4064
4065
4066
4067
4068
4069
4070
4071
4072
4073
4074
4075
4076
4077
4078
4079
4080
4081
4082
4083
4084
4085
4086
4087
4088
4089
4090
4091
4092
4093
4094
4095
4096
4097
4098
4099
4100
4101
4102
4103
4104
4105
4106
4107
4108
4109
4110
4111
4112
4113
4114
4115
4116
4117
4118
4119
4120
4121
4122
4123
4124
4125
4126
4127
4128
4129
4130
4131
4132
4133
4134
4135
4136
4137
4138
4139
4140
4141
4142
4143
4144
4145
4146
4147
4148
4149
4150
4151
4152
4153
4154
4155
4156
4157
4158
4159
4160
4161
4162
4163
4164
4165
4166
4167
4168
4169
4170
4171
4172
4173
4174
4175
4176
4177
4178
4179
4180
4181
4182
4183
4184
4185
4186
4187
4188
4189
4190
4191
4192
4193
4194
4195
4196
4197
4198
4199
4200
4201
4202
4203
4204
4205
4206
4207
4208
4209
4210
4211
4212
4213
4214
4215
4216
4217
4218
4219
4220
4221
4222
4223
4224
4225
4226
4227
4228
4229
4230
4231
4232
4233
4234
4235
4236
4237
4238
4239
4240
4241
4242
4243
4244
4245
4246
4247
4248
4249
4250
4251
4252
4253
4254
4255
4256
4257
4258
4259
4260
4261
4262
4263
4264
4265
4266
4267
4268
4269
4270
4271
4272
4273
4274
4275
4276
4277
4278
4279
4280
4281
4282
4283
4284
4285
4286
4287
4288
4289
4290
4291
4292
4293
4294
4295
4296
4297
4298
4299
4300
4301
4302
4303
4304
4305
4306
4307
4308
4309
4310
4311
4312
4313
4314
4315
4316
4317
4318
4319
4320
4321
4322
4323
4324
4325
4326
4327
4328
4329
4330
4331
4332
4333
4334
4335
4336
4337
4338
4339
4340
4341
4342
4343
4344
4345
4346
4347
4348
4349
4350
4351
4352
4353
4354
4355
4356
4357
4358
4359
4360
4361
4362
4363
4364
4365
4366
4367
4368
4369
4370
4371
4372
4373
4374
4375
4376
4377
4378
4379
4380
4381
4382
4383
4384
4385
4386
4387
4388
4389
4390
4391
4392
4393
4394
4395
4396
4397
4398
4399
4400
4401
4402
4403
4404
4405
4406
4407
4408
4409
4410
4411
4412
4413
4414
4415
4416
4417
4418
4419
4420
4421
4422
4423
4424
4425
4426
4427
4428
4429
4430
4431
4432
4433
4434
4435
4436
4437
4438
4439
4440
4441
4442
4443
4444
4445
4446
4447
4448
4449
4450
4451
4452
4453
4454
4455
4456
4457
4458
4459
4460
4461
4462
4463
4464
4465
4466
4467
4468
4469
4470
4471
4472
4473
4474
4475
4476
4477
4478
4479
4480
4481
4482
4483
4484
4485
4486
4487
4488
4489
4490
4491
4492
4493
4494
4495
4496
4497
4498
4499
4500
4501
4502
4503
4504
4505
4506
4507
4508
4509
4510
4511
4512
4513
4514
4515
4516
4517
4518
4519
4520
4521
4522
4523
4524
4525
4526
4527
4528
4529
4530
4531
4532
4533
4534
4535
4536
4537
4538
4539
4540
4541
4542
4543
4544
4545
4546
4547
4548
4549
4550
4551
4552
4553
4554
4555
4556
4557
4558
4559
4560
4561
4562
4563
4564
4565
4566
4567
4568
4569
4570
4571
4572
4573
4574
4575
4576
4577
4578
4579
4580
4581
4582
4583
4584
4585
4586
4587
4588
4589
4590
4591
4592
4593
4594
4595
4596
4597
4598
4599
4600
4601
4602
4603
4604
4605
4606
4607
4608
4609
4610
4611
4612
4613
4614
4615
4616
4617
4618
4619
4620
4621
4622
4623
4624
4625
4626
4627
4628
4629
4630
4631
4632
4633
4634
4635
4636
4637
4638
4639
4640
4641
4642
4643
4644
4645
4646
4647
4648
4649
4650
4651
4652
4653
4654
4655
4656
4657
4658
4659
4660
4661
4662
4663
4664
4665
4666
4667
4668
4669
4670
4671
4672
4673
4674
4675
4676
4677
4678
4679
4680
4681
4682
4683
4684
4685
4686
4687
4688
4689
4690
4691
4692
4693
4694
4695
4696
4697
4698
4699
4700
4701
4702
4703
4704
4705
4706
4707
4708
4709
4710
4711
4712
4713
4714
4715
4716
4717
4718
4719
4720
4721
4722
4723
4724
4725
4726
4727
4728
4729
4730
4731
4732
4733
4734
4735
4736
4737
4738
4739
4740
4741
4742
4743
4744
4745
4746
4747
4748
4749
4750
4751
4752
4753
4754
4755
4756
4757
4758
4759
4760
4761
4762
4763
4764
4765
4766
4767
4768
4769
4770
4771
4772
4773
4774
4775
4776
4777
4778
4779
4780
4781
4782
4783
4784
4785
4786
4787
4788
4789
4790
4791
4792
4793
4794
4795
4796
4797
4798
4799
4800
4801
4802
4803
4804
4805
4806
4807
4808
4809
4810
4811
4812
4813
4814
4815
4816
4817
4818
4819
4820
4821
4822
4823
4824
4825
4826
4827
4828
4829
4830
4831
4832
4833
4834
4835
4836
4837
4838
4839
4840
4841
4842
4843
4844
4845
4846
4847
4848
4849
4850
4851
4852
4853
4854
4855
4856
4857
4858
4859
4860
4861
4862
4863
4864
4865
4866
4867
4868
4869
4870
4871
4872
4873
4874
4875
4876
4877
4878
4879
4880
4881
4882
4883
4884
4885
4886
4887
4888
4889
4890
4891
4892
4893
4894
4895
4896
4897
4898
4899
4900
4901
4902
4903
4904
4905
4906
4907
4908
4909
4910
4911
4912
4913
4914
4915
4916
4917
4918
4919
4920
4921
4922
4923
4924
4925
4926
4927
4928
4929
4930
4931
4932
4933
4934
4935
4936
4937
4938
4939
4940
4941
4942
4943
4944
4945
4946
4947
4948
4949
4950
4951
4952
4953
4954
4955
4956
4957
4958
4959
4960
4961
4962
4963
4964
4965
4966
4967
4968
4969
4970
4971
4972
4973
4974
4975
4976
4977
4978
4979
4980
4981
4982
4983
4984
4985
4986
4987
4988
4989
4990
4991
4992
4993
4994
4995
4996
4997
4998
4999
5000
5001
5002
5003
5004
5005
5006
5007
5008
5009
5010
5011
5012
5013
5014
5015
5016
5017
5018
5019
5020
5021
5022
5023
5024
5025
5026
5027
5028
5029
5030
5031
5032
5033
5034
5035
5036
5037
5038
5039
5040
5041
5042
5043
5044
5045
5046
5047
5048
5049
5050
5051
5052
5053
5054
5055
5056
5057
5058
5059
5060
5061
5062
5063
5064
5065
5066
5067
5068
5069
5070
5071
5072
5073
5074
5075
5076
5077
5078
5079
5080
5081
5082
5083
5084
5085
5086
5087
5088
5089
5090
5091
5092
5093
5094
5095
5096
5097
5098
5099
5100
5101
5102
5103
5104
5105
5106
5107
5108
5109
5110
5111
5112
5113
5114
5115
5116
5117
5118
5119
5120
5121
5122
5123
5124
5125
5126
5127
5128
5129
5130
5131
5132
5133
5134
5135
5136
5137
5138
5139
5140
5141
5142
5143
5144
5145
5146
5147
5148
5149
5150
5151
5152
5153
5154
5155
5156
5157
5158
5159
5160
5161
5162
5163
5164
5165
5166
5167
5168
5169
5170
5171
5172
5173
5174
5175
5176
5177
5178
5179
5180
5181
5182
5183
5184
5185
5186
5187
5188
5189
5190
5191
5192
5193
5194
5195
5196
5197
5198
5199
5200
5201
5202
5203
5204
5205
5206
5207
5208
5209
5210
5211
5212
5213
5214
5215
5216
5217
5218
5219
5220
5221
5222
5223
5224
5225
5226
5227
5228
5229
5230
5231
5232
5233
5234
5235
5236
5237
5238
5239
5240
5241
5242
5243
5244
5245
5246
5247
5248
5249
5250
5251
5252
5253
5254
5255
5256
5257
5258
5259
5260
5261
5262
5263
5264
5265
5266
5267
5268
5269
5270
5271
5272
5273
5274
5275
5276
5277
5278
5279
5280
5281
5282
5283
5284
5285
5286
5287
5288
5289
5290
5291
5292
5293
5294
5295
5296
5297
5298
5299
5300
5301
5302
5303
5304
5305
5306
5307
5308
5309
5310
5311
5312
5313
5314
5315
5316
5317
5318
5319
5320
5321
5322
5323
5324
5325
5326
5327
5328
5329
5330
5331
5332
5333
5334
5335
5336
5337
5338
5339
5340
5341
5342
5343
5344
5345
5346
5347
5348
5349
5350
5351
5352
5353
5354
5355
5356
5357
5358
5359
5360
5361
5362
5363
5364
5365
5366
5367
5368
5369
5370
5371
5372
5373
5374
5375
5376
5377
5378
5379
5380
5381
5382
5383
5384
5385
5386
5387
5388
5389
5390
5391
5392
5393
5394
5395
5396
5397
5398
5399
5400
5401
5402
5403
5404
5405
5406
5407
5408
5409
5410
5411
5412
5413
5414
5415
5416
5417
5418
5419
5420
5421
5422
5423
5424
5425
5426
5427
5428
5429
5430
5431
5432
5433
5434
5435
5436
5437
5438
5439
5440
5441
5442
5443
5444
5445
5446
5447
5448
5449
5450
5451
5452
5453
5454
5455
5456
5457
5458
5459
5460
5461
5462
5463
5464
5465
5466
5467
5468
5469
5470
5471
5472
5473
5474
5475
5476
5477
5478
5479
5480
5481
5482
5483
5484
5485
5486
5487
5488
5489
5490
5491
5492
5493
5494
5495
5496
5497
5498
5499
5500
5501
5502
5503
5504
5505
5506
5507
5508
5509
5510
5511
5512
5513
5514
5515
5516
5517
5518
5519
5520
5521
5522
5523
5524
5525
5526
5527
5528
5529
5530
5531
5532
5533
5534
5535
5536
5537
5538
5539
5540
5541
5542
5543
5544
5545
5546
5547
5548
5549
5550
5551
5552
5553
5554
5555
5556
5557
5558
5559
5560
5561
5562
5563
5564
5565
5566
5567
5568
5569
5570
5571
5572
5573
5574
5575
5576
5577
5578
5579
5580
5581
5582
5583
5584
5585
5586
5587
5588
5589
5590
5591
5592
5593
5594
5595
5596
5597
5598
5599
5600
5601
5602
5603
5604
5605
5606
5607
5608
5609
5610
5611
5612
5613
5614
5615
5616
5617
5618
5619
5620
5621
5622
5623
5624
5625
5626
5627
5628
5629
5630
5631
5632
5633
5634
5635
5636
5637
5638
5639
5640
5641
5642
5643
5644
5645
5646
5647
5648
5649
5650
5651
5652
5653
5654
5655
5656
5657
5658
5659
5660
5661
5662
5663
5664
5665
5666
5667
5668
5669
5670
5671
5672
5673
5674
5675
5676
5677
5678
5679
5680
5681
5682
5683
5684
5685
5686
5687
5688
5689
5690
5691
5692
5693
5694
5695
5696
5697
5698
5699
5700
5701
5702
5703
5704
5705
5706
5707
5708
5709
5710
5711
5712
5713
5714
5715
5716
5717
5718
5719
5720
5721
5722
5723
5724
5725
5726
5727
5728
5729
5730
5731
5732
5733
5734
5735
5736
5737
5738
5739
5740
5741
5742
5743
5744
5745
5746
5747
5748
5749
5750
5751
5752
5753
5754
5755
5756
5757
5758
5759
5760
5761
5762
5763
5764
5765
5766
5767
5768
5769
5770
5771
5772
5773
5774
5775
5776
5777
5778
5779
5780
5781
5782
5783
5784
5785
5786
5787
5788
5789
5790
5791
5792
5793
5794
5795
5796
5797
5798
5799
5800
5801
5802
5803
5804
5805
5806
5807
5808
5809
5810
5811
5812
5813
5814
5815
5816
5817
5818
5819
5820
5821
5822
5823
5824
5825
5826
5827
5828
5829
5830
5831
5832
5833
5834
5835
5836
5837
5838
5839
5840
5841
5842
5843
5844
5845
5846
5847
5848
5849
5850
5851
5852
5853
5854
5855
5856
5857
5858
5859
5860
5861
5862
5863
5864
5865
5866
5867
5868
5869
5870
5871
5872
5873
5874
5875
5876
5877
5878
5879
5880
5881
5882
5883
5884
5885
5886
5887
5888
5889
5890
5891
5892
5893
5894
5895
5896
5897
5898
5899
5900
5901
5902
5903
5904
5905
5906
5907
5908
5909
5910
5911
5912
5913
5914
5915
5916
5917
5918
5919
5920
5921
5922
5923
5924
5925
5926
5927
5928
5929
5930
5931
5932
5933
5934
5935
5936
5937
5938
5939
5940
5941
5942
5943
5944
5945
5946
5947
5948
5949
5950
5951
5952
5953
5954
5955
5956
5957
5958
5959
5960
5961
5962
5963
5964
5965
5966
5967
5968
5969
5970
5971
5972
5973
5974
5975
5976
5977
5978
5979
5980
5981
5982
5983
5984
5985
5986
5987
5988
5989
5990
5991
5992
5993
5994
5995
5996
5997
5998
5999
6000
6001
6002
6003
6004
6005
6006
6007
6008
6009
6010
6011
6012
6013
6014
6015
6016
6017
6018
6019
6020
6021
6022
6023
6024
6025
6026
6027
6028
6029
6030
6031
6032
6033
6034
6035
6036
6037
6038
6039
6040
6041
6042
6043
6044
6045
6046
6047
6048
6049
6050
6051
6052
6053
6054
6055
6056
6057
6058
6059
6060
6061
6062
6063
6064
6065
6066
6067
6068
6069
6070
6071
6072
6073
6074
6075
6076
6077
6078
6079
6080
6081
6082
6083
6084
6085
6086
6087
6088
6089
6090
6091
6092
6093
6094
6095
6096
6097
6098
6099
6100
6101
6102
6103
6104
6105
6106
6107
6108
6109
6110
6111
6112
6113
6114
6115
6116
6117
6118
6119
6120
6121
6122
6123
6124
6125
6126
6127
6128
6129
6130
6131
6132
6133
6134
6135
6136
6137
6138
6139
6140
6141
6142
6143
6144
6145
6146
6147
6148
6149
6150
6151
6152
6153
6154
6155
6156
6157
6158
6159
6160
6161
6162
6163
6164
6165
6166
6167
6168
6169
6170
6171
6172
6173
6174
6175
6176
6177
6178
6179
6180
6181
6182
6183
6184
6185
6186
6187
6188
6189
6190
6191
6192
6193
6194
6195
6196
6197
6198
6199
6200
6201
6202
6203
6204
6205
6206
6207
6208
6209
6210
6211
6212
6213
6214
6215
6216
6217
6218
6219
6220
6221
6222
6223
6224
6225
6226
6227
6228
6229
6230
6231
6232
6233
6234
6235
6236
6237
6238
6239
6240
6241
6242
6243
6244
6245
6246
6247
6248
6249
6250
6251
6252
6253
6254
6255
6256
6257
6258
6259
6260
6261
6262
6263
6264
6265
6266
6267
6268
6269
6270
6271
6272
6273
6274
6275
6276
6277
6278
6279
6280
6281
6282
6283
6284
6285
6286
6287
6288
6289
6290
6291
6292
6293
6294
6295
6296
6297
6298
6299
6300
6301
6302
6303
6304
6305
6306
6307
6308
6309
6310
6311
6312
6313
6314
6315
6316
6317
6318
6319
6320
6321
6322
6323
6324
6325
6326
6327
6328
6329
6330
6331
6332
6333
6334
6335
6336
6337
6338
6339
6340
6341
6342
6343
6344
6345
6346
6347
6348
6349
6350
6351
6352
6353
6354
6355
6356
6357
6358
6359
6360
6361
6362
6363
6364
6365
6366
6367
6368
6369
6370
6371
6372
6373
6374
6375
6376
6377
6378
6379
6380
6381
6382
6383
6384
6385
6386
6387
6388
6389
6390
6391
6392
6393
6394
6395
6396
6397
6398
6399
6400
6401
6402
6403
6404
6405
6406
6407
6408
6409
6410
6411
6412
6413
6414
6415
6416
6417
6418
6419
6420
6421
6422
6423
6424
6425
6426
6427
6428
6429
6430
6431
6432
6433
6434
6435
6436
6437
6438
6439
6440
6441
6442
6443
6444
6445
6446
6447
6448
6449
6450
6451
6452
6453
6454
6455
6456
6457
6458
6459
6460
6461
6462
6463
6464
6465
6466
6467
6468
6469
6470
6471
6472
6473
6474
6475
6476
6477
6478
6479
6480
6481
6482
6483
6484
6485
6486
6487
6488
6489
6490
6491
6492
6493
6494
6495
6496
6497
6498
6499
6500
6501
6502
6503
6504
6505
6506
6507
6508
6509
6510
6511
6512
6513
6514
6515
6516
6517
6518
6519
6520
6521
6522
6523
6524
6525
6526
6527
6528
6529
6530
6531
6532
6533
6534
6535
6536
6537
6538
6539
6540
6541
6542
6543
6544
6545
6546
6547
6548
6549
6550
6551
6552
6553
6554
6555
6556
6557
6558
6559
6560
6561
6562
6563
6564
6565
6566
6567
6568
6569
6570
6571
6572
6573
6574
6575
6576
6577
6578
6579
6580
6581
6582
6583
6584
6585
6586
6587
6588
6589
6590
6591
6592
6593
6594
6595
6596
6597
6598
6599
6600
6601
6602
6603
6604
6605
6606
6607
6608
6609
6610
6611
6612
6613
6614
6615
6616
6617
6618
6619
6620
6621
6622
6623
6624
6625
6626
6627
6628
6629
6630
6631
6632
6633
6634
6635
6636
6637
6638
6639
6640
6641
6642
6643
6644
6645
6646
6647
6648
6649
6650
6651
6652
6653
6654
6655
6656
6657
6658
6659
6660
6661
6662
6663
6664
6665
6666
6667
6668
6669
6670
6671
6672
6673
6674
6675
6676
6677
6678
6679
6680
6681
6682
6683
6684
6685
6686
6687
6688
6689
6690
6691
6692
6693
6694
6695
6696
6697
6698
6699
6700
6701
6702
6703
6704
6705
6706
6707
6708
6709
6710
6711
6712
6713
6714
6715
6716
6717
6718
6719
6720
6721
6722
6723
6724
6725
6726
6727
6728
6729
6730
6731
6732
6733
6734
6735
6736
6737
6738
6739
6740
6741
6742
6743
6744
6745
6746
6747
6748
6749
6750
6751
6752
6753
6754
6755
6756
6757
6758
6759
6760
6761
6762
6763
6764
6765
6766
6767
6768
6769
6770
6771
6772
6773
6774
6775
6776
6777
6778
6779
6780
6781
6782
6783
6784
6785
6786
6787
6788
6789
6790
6791
6792
6793
6794
6795
6796
6797
6798
6799
6800
6801
6802
6803
6804
6805
6806
6807
6808
6809
6810
6811
6812
6813
6814
6815
6816
6817
6818
6819
6820
6821
6822
6823
6824
6825
6826
6827
6828
6829
6830
6831
6832
6833
6834
6835
6836
6837
6838
6839
6840
6841
6842
6843
6844
6845
6846
6847
6848
6849
6850
6851
6852
6853
6854
6855
6856
6857
6858
6859
6860
6861
6862
6863
6864
6865
6866
6867
6868
6869
6870
6871
6872
6873
6874
6875
6876
6877
6878
6879
6880
6881
6882
6883
6884
6885
6886
6887
6888
6889
6890
6891
6892
6893
6894
6895
6896
6897
6898
6899
6900
6901
6902
6903
6904
6905
6906
6907
6908
6909
6910
6911
6912
6913
6914
6915
6916
6917
6918
6919
6920
6921
6922
6923
6924
6925
6926
6927
6928
6929
6930
6931
6932
6933
6934
6935
6936
6937
6938
6939
6940
6941
6942
6943
6944
6945
6946
6947
6948
6949
6950
6951
6952
6953
6954
6955
6956
6957
6958
6959
6960
6961
6962
6963
6964
6965
6966
6967
6968
6969
6970
6971
6972
6973
6974
6975
6976
6977
6978
6979
6980
6981
6982
6983
6984
6985
6986
6987
6988
6989
6990
6991
6992
6993
6994
6995
6996
6997
6998
6999
7000
7001
7002
7003
7004
7005
7006
7007
7008
7009
7010
7011
7012
7013
7014
7015
7016
7017
7018
7019
7020
7021
7022
7023
7024
7025
7026
7027
7028
7029
7030
7031
7032
7033
7034
7035
7036
7037
7038
7039
7040
7041
7042
7043
7044
7045
7046
7047
7048
7049
7050
7051
7052
7053
7054
7055
7056
7057
7058
7059
7060
7061
7062
7063
7064
7065
7066
7067
7068
7069
7070
7071
7072
7073
7074
7075
7076
7077
7078
7079
7080
7081
7082
7083
7084
7085
7086
7087
7088
7089
7090
7091
7092
7093
7094
7095
7096
7097
7098
7099
7100
7101
7102
7103
7104
7105
7106
7107
7108
7109
7110
7111
7112
7113
7114
7115
7116
7117
7118
7119
7120
7121
7122
7123
7124
7125
7126
7127
7128
7129
7130
7131
7132
7133
7134
7135
7136
7137
7138
7139
7140
7141
7142
7143
7144
7145
7146
7147
7148
7149
7150
7151
7152
7153
7154
7155
7156
7157
7158
7159
7160
7161
7162
7163
7164
7165
7166
7167
7168
7169
7170
7171
7172
7173
7174
7175
7176
7177
7178
7179
7180
7181
7182
7183
7184
7185
7186
7187
7188
7189
7190
7191
7192
7193
7194
7195
7196
7197
7198
7199
7200
7201
7202
7203
7204
7205
7206
7207
7208
7209
7210
7211
7212
7213
7214
7215
7216
7217
7218
7219
7220
7221
7222
7223
7224
7225
7226
7227
7228
7229
7230
7231
7232
7233
7234
7235
7236
7237
7238
7239
7240
7241
7242
7243
7244
7245
7246
7247
7248
7249
7250
7251
7252
7253
7254
7255
7256
7257
7258
7259
7260
7261
7262
7263
7264
7265
7266
7267
7268
7269
7270
7271
7272
7273
7274
7275
7276
7277
7278
7279
7280
7281
7282
7283
7284
7285
7286
7287
7288
7289
7290
7291
7292
7293
7294
7295
7296
7297
7298
7299
7300
7301
7302
7303
7304
7305
7306
7307
7308
7309
7310
7311
7312
7313
7314
7315
7316
7317
7318
7319
7320
7321
7322
7323
7324
7325
7326
7327
7328
7329
7330
7331
7332
7333
7334
7335
7336
7337
7338
7339
7340
7341
7342
7343
7344
7345
7346
7347
7348
7349
7350
7351
7352
7353
7354
7355
7356
7357
7358
7359
7360
7361
7362
7363
7364
7365
7366
7367
7368
7369
7370
7371
7372
7373
7374
7375
7376
7377
7378
7379
7380
7381
7382
7383
7384
7385
7386
7387
7388
7389
7390
7391
7392
7393
7394
7395
7396
7397
7398
7399
7400
7401
7402
7403
7404
7405
7406
7407
7408
7409
7410
7411
7412
7413
7414
7415
7416
7417
7418
7419
7420
7421
7422
7423
7424
7425
7426
7427
7428
7429
7430
7431
7432
7433
7434
7435
7436
7437
7438
7439
7440
7441
7442
7443
7444
7445
7446
7447
7448
7449
7450
7451
7452
7453
7454
7455
7456
7457
7458
7459
7460
7461
7462
7463
7464
7465
7466
7467
7468
7469
7470
7471
7472
7473
7474
7475
7476
7477
7478
7479
7480
7481
7482
7483
7484
7485
7486
7487
7488
7489
7490
7491
7492
7493
7494
7495
7496
7497
7498
7499
7500
7501
7502
7503
7504
7505
7506
7507
7508
7509
7510
7511
7512
7513
7514
7515
7516
7517
7518
7519
7520
7521
7522
7523
7524
7525
7526
7527
7528
7529
7530
7531
7532
7533
7534
7535
7536
7537
7538
7539
7540
7541
7542
7543
7544
7545
7546
7547
7548
7549
7550
7551
7552
7553
7554
7555
7556
7557
7558
7559
7560
7561
7562
7563
7564
7565
7566
7567
7568
7569
7570
7571
7572
7573
7574
7575
7576
7577
7578
7579
7580
7581
7582
7583
7584
7585
7586
7587
7588
7589
7590
7591
7592
7593
7594
7595
7596
7597
7598
7599
7600
7601
7602
7603
7604
7605
7606
7607
7608
7609
7610
7611
7612
7613
7614
7615
7616
7617
7618
7619
7620
7621
7622
7623
7624
7625
7626
7627
7628
7629
7630
7631
7632
7633
7634
7635
7636
7637
7638
7639
7640
7641
7642
7643
7644
7645
7646
7647
7648
7649
7650
7651
7652
7653
7654
7655
7656
7657
7658
7659
7660
7661
7662
7663
7664
7665
7666
7667
7668
7669
7670
7671
7672
7673
7674
7675
7676
7677
7678
7679
7680
7681
7682
7683
7684
7685
7686
7687
7688
7689
7690
7691
7692
7693
7694
7695
7696
7697
7698
7699
7700
7701
7702
7703
7704
7705
7706
7707
7708
7709
7710
7711
7712
7713
7714
7715
7716
7717
7718
7719
7720
7721
7722
7723
7724
7725
7726
7727
7728
7729
7730
7731
7732
7733
7734
7735
7736
7737
7738
7739
7740
7741
7742
7743
7744
7745
7746
7747
7748
7749
7750
7751
7752
7753
7754
7755
7756
7757
7758
7759
7760
7761
7762
7763
7764
7765
7766
7767
7768
7769
7770
7771
7772
7773
7774
7775
7776
7777
7778
7779
7780
7781
7782
7783
7784
7785
7786
7787
7788
7789
7790
7791
7792
7793
7794
7795
7796
7797
7798
7799
7800
7801
7802
7803
7804
7805
7806
7807
7808
7809
7810
7811
7812
7813
7814
7815
7816
7817
7818
7819
7820
7821
7822
7823
7824
7825
7826
7827
7828
7829
7830
7831
7832
7833
7834
7835
7836
7837
7838
7839
7840
7841
7842
7843
7844
7845
7846
7847
7848
7849
7850
7851
7852
7853
7854
7855
7856
7857
7858
7859
7860
7861
7862
7863
7864
7865
7866
7867
7868
7869
7870
7871
7872
7873
7874
7875
7876
7877
7878
7879
7880
7881
7882
7883
7884
7885
7886
7887
7888
7889
7890
7891
7892
7893
7894
7895
7896
7897
7898
7899
7900
7901
7902
7903
7904
7905
7906
7907
7908
7909
7910
7911
7912
7913
7914
7915
7916
7917
7918
7919
7920
7921
7922
7923
7924
7925
7926
7927
7928
7929
7930
7931
7932
7933
7934
7935
7936
7937
7938
7939
7940
7941
7942
7943
7944
7945
7946
7947
7948
7949
7950
7951
7952
7953
7954
7955
7956
7957
7958
7959
7960
7961
7962
7963
7964
7965
7966
7967
7968
7969
7970
7971
7972
7973
7974
7975
7976
7977
7978
7979
7980
7981
7982
7983
7984
7985
7986
7987
7988
7989
7990
7991
7992
7993
7994
7995
7996
7997
7998
7999
8000
8001
8002
8003
8004
8005
8006
8007
8008
8009
8010
8011
8012
8013
8014
8015
8016
8017
8018
8019
8020
8021
8022
8023
8024
8025
8026
8027
8028
8029
8030
8031
8032
8033
8034
8035
8036
8037
8038
8039
8040
8041
8042
8043
8044
8045
8046
8047
8048
8049
8050
8051
8052
8053
8054
8055
8056
8057
8058
8059
8060
8061
8062
8063
8064
8065
8066
8067
8068
8069
8070
8071
8072
8073
8074
8075
8076
8077
8078
8079
8080
8081
8082
8083
8084
8085
8086
8087
8088
8089
8090
8091
8092
8093
8094
8095
8096
8097
8098
8099
8100
8101
8102
8103
8104
8105
8106
8107
8108
8109
8110
8111
8112
8113
8114
8115
8116
8117
8118
8119
8120
8121
8122
8123
8124
8125
8126
8127
8128
8129
8130
8131
8132
8133
8134
8135
8136
8137
8138
8139
8140
8141
8142
8143
8144
8145
8146
8147
8148
8149
8150
8151
8152
8153
8154
8155
8156
8157
8158
8159
8160
8161
8162
8163
8164
8165
8166
8167
8168
8169
8170
8171
8172
8173
8174
8175
8176
8177
8178
8179
8180
8181
8182
8183
8184
8185
8186
8187
8188
8189
8190
8191
8192
8193
8194
8195
8196
8197
8198
8199
8200
8201
8202
8203
8204
8205
8206
8207
8208
8209
8210
8211
8212
8213
8214
8215
8216
8217
8218
8219
8220
8221
8222
8223
8224
8225
8226
8227
8228
8229
8230
8231
8232
8233
8234
8235
8236
8237
8238
8239
8240
8241
8242
8243
8244
8245
8246
8247
8248
8249
8250
8251
8252
8253
8254
8255
8256
8257
8258
8259
8260
8261
8262
8263
8264
8265
8266
8267
8268
8269
8270
8271
8272
8273
8274
8275
8276
8277
8278
8279
8280
8281
8282
8283
8284
8285
8286
8287
8288
8289
8290
8291
8292
8293
8294
8295
8296
8297
8298
8299
8300
8301
8302
8303
8304
8305
8306
8307
8308
8309
8310
8311
8312
8313
8314
8315
8316
8317
8318
8319
8320
8321
8322
8323
8324
8325
8326
8327
8328
8329
8330
8331
8332
8333
8334
8335
8336
8337
8338
8339
8340
8341
8342
8343
8344
8345
8346
8347
8348
8349
8350
8351
8352
8353
8354
8355
8356
8357
8358
8359
8360
8361
8362
8363
8364
8365
8366
8367
8368
8369
8370
8371
8372
8373
8374
8375
8376
8377
8378
8379
8380
8381
8382
8383
8384
8385
8386
8387
8388
8389
8390
8391
8392
8393
8394
8395
8396
8397
8398
8399
8400
8401
8402
8403
8404
8405
8406
8407
8408
8409
8410
8411
8412
8413
8414
8415
8416
8417
8418
8419
8420
8421
8422
8423
8424
8425
8426
8427
8428
8429
8430
8431
8432
8433
8434
8435
8436
8437
8438
8439
8440
8441
8442
8443
8444
8445
8446
8447
8448
8449
8450
8451
8452
8453
8454
8455
8456
8457
8458
8459
8460
8461
8462
8463
8464
8465
8466
8467
8468
8469
8470
8471
8472
8473
8474
8475
8476
8477
8478
8479
8480
8481
8482
8483
8484
8485
8486
8487
8488
8489
8490
8491
8492
8493
8494
8495
8496
8497
8498
8499
8500
8501
8502
8503
8504
8505
8506
8507
8508
8509
8510
8511
8512
8513
8514
8515
8516
8517
8518
8519
8520
8521
8522
8523
8524
8525
8526
8527
8528
8529
8530
8531
8532
8533
8534
8535
8536
8537
8538
8539
8540
8541
8542
8543
8544
8545
8546
8547
8548
8549
8550
8551
8552
8553
8554
8555
8556
8557
8558
8559
8560
8561
8562
8563
8564
8565
8566
8567
8568
8569
8570
8571
8572
8573
8574
8575
8576
8577
8578
8579
8580
8581
8582
8583
8584
8585
8586
8587
8588
8589
8590
8591
8592
8593
8594
8595
8596
8597
8598
8599
8600
8601
8602
8603
8604
8605
8606
8607
8608
8609
8610
8611
8612
8613
8614
8615
8616
8617
8618
8619
8620
8621
8622
8623
8624
8625
8626
8627
8628
8629
8630
8631
8632
8633
8634
8635
8636
8637
8638
8639
8640
8641
8642
8643
8644
8645
8646
8647
8648
8649
8650
8651
8652
8653
8654
8655
8656
8657
8658
8659
8660
8661
8662
8663
8664
8665
8666
8667
8668
8669
8670
8671
8672
8673
8674
8675
8676
8677
8678
8679
8680
8681
8682
8683
8684
8685
8686
8687
8688
8689
8690
8691
8692
8693
8694
8695
8696
8697
8698
8699
8700
8701
8702
8703
8704
8705
8706
8707
8708
8709
8710
8711
8712
8713
8714
8715
8716
8717
8718
8719
8720
8721
8722
8723
8724
8725
8726
8727
8728
8729
8730
8731
8732
8733
8734
8735
8736
8737
8738
8739
8740
8741
8742
8743
8744
8745
8746
8747
8748
8749
8750
8751
8752
8753
8754
8755
8756
8757
8758
8759
8760
8761
8762
8763
8764
8765
8766
8767
8768
8769
8770
8771
8772
8773
8774
8775
8776
8777
8778
8779
8780
8781
8782
8783
8784
8785
8786
8787
8788
8789
8790
8791
8792
8793
8794
8795
8796
8797
8798
8799
8800
8801
8802
8803
8804
8805
8806
8807
8808
8809
8810
8811
8812
8813
8814
8815
8816
8817
8818
8819
8820
8821
8822
8823
8824
8825
8826
8827
8828
8829
8830
8831
8832
8833
8834
8835
8836
8837
8838
8839
8840
8841
8842
8843
8844
8845
8846
8847
8848
8849
8850
8851
8852
8853
8854
8855
8856
8857
8858
8859
8860
8861
8862
8863
8864
8865
8866
8867
8868
8869
8870
8871
8872
8873
8874
8875
8876
8877
8878
8879
8880
8881
8882
8883
8884
8885
8886
8887
8888
8889
8890
8891
8892
8893
8894
8895
8896
8897
8898
8899
8900
8901
8902
8903
8904
8905
8906
8907
8908
8909
8910
8911
8912
8913
8914
8915
8916
8917
8918
8919
8920
8921
8922
8923
8924
8925
8926
8927
8928
8929
8930
8931
8932
8933
8934
8935
8936
8937
8938
8939
8940
8941
8942
8943
8944
8945
8946
8947
8948
8949
8950
8951
8952
8953
8954
8955
8956
8957
8958
8959
8960
8961
8962
8963
8964
8965
8966
8967
8968
8969
8970
8971
8972
8973
8974
8975
8976
8977
8978
8979
8980
8981
8982
8983
8984
8985
8986
8987
8988
8989
8990
8991
8992
8993
8994
8995
8996
8997
8998
8999
9000
9001
9002
9003
9004
9005
9006
9007
9008
9009
9010
9011
9012
9013
9014
9015
9016
9017
9018
9019
9020
9021
9022
9023
9024
9025
9026
9027
9028
9029
9030
9031
9032
9033
9034
9035
9036
9037
9038
9039
9040
9041
9042
9043
9044
9045
9046
9047
9048
9049
9050
9051
9052
9053
9054
9055
9056
9057
9058
9059
9060
9061
9062
9063
9064
9065
9066
9067
9068
9069
9070
9071
9072
9073
9074
9075
9076
9077
9078
9079
9080
9081
9082
9083
9084
9085
9086
9087
9088
9089
9090
9091
9092
9093
9094
9095
9096
9097
9098
9099
9100
9101
9102
9103
9104
9105
9106
9107
9108
9109
9110
9111
9112
9113
9114
9115
9116
9117
9118
9119
9120
9121
9122
9123
9124
9125
9126
9127
9128
9129
9130
9131
9132
9133
9134
9135
9136
9137
9138
9139
9140
9141
9142
9143
9144
9145
9146
9147
9148
9149
9150
9151
9152
9153
9154
9155
9156
9157
9158
9159
9160
9161
9162
9163
9164
9165
9166
9167
9168
9169
9170
9171
9172
9173
9174
9175
9176
9177
9178
9179
9180
9181
9182
9183
9184
9185
9186
9187
9188
9189
9190
9191
9192
9193
9194
9195
9196
9197
9198
9199
9200
9201
9202
9203
9204
9205
9206
9207
9208
9209
9210
9211
9212
9213
9214
9215
9216
9217
9218
9219
9220
9221
9222
9223
9224
9225
9226
9227
9228
9229
9230
9231
9232
9233
9234
9235
9236
9237
9238
9239
9240
9241
9242
9243
9244
9245
9246
9247
9248
9249
9250
9251
9252
9253
9254
9255
9256
9257
9258
9259
9260
9261
9262
9263
9264
9265
9266
9267
9268
9269
9270
9271
9272
9273
9274
9275
9276
9277
9278
9279
9280
9281
9282
9283
9284
9285
9286
9287
9288
9289
9290
9291
9292
9293
9294
9295
9296
9297
9298
9299
9300
9301
9302
9303
9304
9305
9306
9307
9308
9309
9310
9311
9312
9313
9314
9315
9316
9317
9318
9319
9320
9321
9322
9323
9324
9325
9326
9327
9328
9329
9330
9331
9332
9333
9334
9335
9336
9337
9338
9339
9340
9341
9342
9343
9344
9345
9346
9347
9348
9349
9350
9351
9352
9353
9354
9355
9356
9357
9358
9359
9360
9361
9362
9363
9364
9365
9366
9367
9368
9369
9370
9371
9372
9373
9374
9375
9376
9377
9378
9379
9380
9381
9382
9383
9384
9385
9386
9387
9388
9389
9390
9391
9392
9393
9394
9395
9396
9397
9398
9399
9400
9401
9402
0.2380217851157927 0.1688753211264069 0
0.1619782148916118 0.2311246788778428 0
0.1688753211367907 0.1619782148862273 0
0.2310636870068602 0.238042539454592 0
0.1945897569908786 0.2489972395924783 0
0.2044056671425085 0.151057945681335 0
0.1509811150174449 0.1955876498028383 0
0.248994441624702 0.2044048320855602 0
0.2230010967077722 0.1565793674834293 0
0.1565622647991315 0.1769304703728752 0
0.2434087671462612 0.2229991208363136 0
0.2140481152887427 0.2471617439191615 0
0.2468213895762218 0.1850949922441545 0
0.176262864145853 0.2430986988305301 0
0.1531786104267676 0.2149050077580575 0
0.1861220210198885 0.152959317376646 0
0.2311395277471748 0.161947875135787 0
0.2139711500313308 0.1528915215201193 0
0.1511299634617946 0.2052576923218223 0
0.2488035436133023 0.1945642945929258 0
0.1850721177615865 0.2468827845317805 0
0.1528943402022661 0.1859775130540851 0
0.2380129213492806 0.2312796946140516 0
0.1771282902790832 0.1565467148159019 0
0.162051868450815 0.1689257165474067 0
0.2470174113020618 0.2140827717008789 0
0.2043906660879216 0.2489400023350437 0
0.2231039477075645 0.2434699601627157 0
0.2434206326174561 0.1769989034832932 0
0.1688010374436655 0.2380286937596536 0
0.1570651168769531 0.2240551916515785 0
0.1955897117514141 0.150865603559949 0
0.2348276387293353 0.165309579907627 0
0.2408980533843708 0.1727557839833696 0
0.2185142723200385 0.1544622582889562 0
0.2491656091400594 0.1994157685760595 0
0.1652552033496365 0.2347447964978894 0
0.2092264671581721 0.1517374463829817 0
0.2410114843732747 0.2271079956932828 0
0.1519585116217574 0.2101618136943181 0
0.1590034952602585 0.1727590292203791 0
0.1548329672329365 0.2194219137644151 0
0.1545021012377235 0.1814264048372469 0
0.1508658657320014 0.2004884953180697 0
0.1651809301972871 0.1654551104884688 0
0.2271859275769951 0.1590354331760525 0
0.2480927768302943 0.1898134741062024 0
0.1728084021112951 0.1589417422355107 0
0.1898660451989412 0.2481386783941121 0
0.1995140237252543 0.2491864052077333 0
0.2482091035986866 0.2092079020649404 0
0.2271971832587583 0.2409232818843095 0
0.2347522089175506 0.2347721610504503 0
0.1806040331483406 0.2451662346894196 0
0.1813432099810292 0.1545774100099788 0
0.2186008487743293 0.2455209065109794 0
0.2454596243264209 0.2185109398008452 0
0.2092030739988581 0.248371446458366 0
0.1907735332010662 0.1517374463185024 0
0.1516167201042857 0.1907368091887167 0
0.245548087427503 0.181357943195726 0
0.1719945482306723 0.2403744529265641 0
0.1595820546908173 0.2280506425701593 0
0.1995954202785024 0.1508644676526136 0
0.2484312823153326 0.1918011066301008 0
0.1538081987115179 0.2167546790984395 0
0.1788089498205142 0.2441460995825784 0
0.2490732937566498 0.2024849292640671 0
0.1509394988699227 0.1984471550558057 0
0.2213268085591537 0.2444725013377259 0
0.2212920564103881 0.1556890346310957 0
0.158539006266303 0.2262975935425259 0
0.2167546792896611 0.153808198781224 0
0.2288026481708077 0.239809662593391 0
0.2288785890902015 0.1601695873870016 0
0.1514998682359237 0.2082203103233016 0
0.2120405090620226 0.1525429310893616 0
0.2420594820108088 0.1744033976994215 0
0.2392291336362171 0.2295884580800818 0
0.2443007475312206 0.2212566588515435 0
0.20618526372524 0.2488279178555367 0
0.1936198337583943 0.1512335483702024 0
0.2014652926307043 0.2491147095562665 0
0.2392525809096044 0.1703438591394743 0
0.2326864324768776 0.1633567912518274 0
0.1575281393655423 0.1752908350695786 0
0.1608203117235951 0.1704224576901219 0
0.166628953947826 0.2361518314955149 0
0.1538081987426959 0.1832453208322001 0
0.1752850461851501 0.1575853274848124 0
0.215840565461571 0.2465102151467042 0
0.1841420955489003 0.1533917989629466 0
0.1638063733397911 0.1666573886937304 0
0.1743921446414169 0.2420123089355329 0
0.2368314060839965 0.1673817391605836 0
0.1633297754497672 0.232585452144203 0
0.1508979057971836 0.2033446131791822 0
0.2484936243234711 0.2073780521284581 0
0.2421768055856805 0.2255156290262866 0
0.1523445133975814 0.2119698867518529 0
0.2443351488890369 0.1787280924382274 0
0.249092110476587 0.1965664751219417 0
0.2063741142730864 0.1513614367701653 0
0.2367757264979455 0.2325965207794772 0
0.2014652930487782 0.1508852904495823 0
0.1705014756242424 0.2392809793202984 0
0.2255783434033715 0.2420204451470878 0
0.1965816252881128 0.2489864772294012 0
0.2246976065592461 0.1574423648647385 0
0.1879465188298227 0.247659772353694 0
0.155671997396606 0.2212425025046122 0
0.2476266786523336 0.2120872353288934 0
0.1832362950408586 0.2462167690788369 0
0.170412419039133 0.1608391684559859 0
0.1523773075359795 0.1880063883086087 0
0.2473983948965157 0.1869864683185609 0
0.1674820015539994 0.1631569027137638 0
0.2327982647456459 0.2367748951986925 0
0.2460853067122679 0.2167469308737413 0
0.1975384071318048 0.151064024998526 0
0.1607617937926468 0.2295955379027938 0
0.2462014460003528 0.1832171161672249 0
0.1514101398368263 0.1926682087538524 0
0.1550976743062077 0.1795601705489473 0
0.1879116436166137 0.1523918798071864 0
0.1796416728456229 0.1552775051667999 0
0.1927844552867598 0.2486599482613041 0
0.2120622906731261 0.2476369754419315 0
0.246510570591637 0.1841522552782295 0
0.2458457574761903 0.1848821500432784 0
0.2461518981091778 0.1858285210336038 0
0.2451804433591142 0.1856124949789433 0
0.2454749065841292 0.1865621113690813 0
0.2445082155564708 0.1863445614547709 0
0.2442112336148356 0.1853958159177876 0
0.2435386896916097 0.1861278760119651 0
0.2432411358768736 0.1851792914789658 0
0.2425685447633867 0.1859113531375275 0
0.2428662340124485 0.1868599013922135 0
0.2418959603478447 0.1866434117363404 0
0.2421936385927477 0.1875919579088185 0
0.2412233422644065 0.1873754790053378 0
0.240925662658938 0.1864269338224433 0
0.2402530382850037 0.1871590033159262 0
0.2405507168750606 0.1881075488521464 0
0.2395804130982644 0.1878910731369899 0
0.2392827346270696 0.1869425272621349 0
0.238610109308284 0.187674597219357 0
0.2389077877794294 0.1886231429932612 0
0.2379374840012058 0.1884066672337348 0
0.2376398055609865 0.1874581213143585 0
0.2369671802331766 0.1881901914831681 0
0.237264858663099 0.1891387370918498 0
0.2362945548842124 0.1889222613834525 0
0.2359968764738609 0.187973715814456 0
0.2353242511122998 0.1887057856870055 0
0.2356219295381897 0.1896543312402222 0
0.2346516257580944 0.1894378555314346 0
0.2343539473475302 0.1884893099622392 0
0.233681321986781 0.1892213798191544 0
0.2339790004109366 0.1901699253764361 0
0.2330086966307226 0.1899534496655411 0
0.232711018220096 0.1890049040957927 0
0.2320383928590753 0.1897369739529321 0
0.2323360712827889 0.1906855195106434 0
0.2313657675028059 0.1904690437994491 0
0.2310680890922089 0.1895204982295066 0
0.2303954637311486 0.1902525680866864 0
0.2306931421547386 0.191201113644639 0
0.2297228383748147 0.1909846379333036 0
0.2294251599642221 0.1900360923632052 0
0.2287525346031429 0.1907681622204112 0
0.2290502130127545 0.1917167077963572 0
0.2280799092434758 0.1915002320743949 0
0.2277822308356191 0.1905516864981006 0
0.2271096054744284 0.1912837563555258 0
0.227407283886272 0.1922323019255583 0
0.2264369801164398 0.1920158262034853 0
0.2261393017075676 0.1910672806312118 0
0.2254666763464668 0.191799350488322 0
0.2257643547692529 0.1927478960473767 0
0.224794050990124 0.1925314203351246 0
0.224496372579682 0.1915828747644325 0
0.2238237472186121 0.1923149446215553 0
0.224121425641206 0.1932634901808715 0
0.2231511218619488 0.1930470144687355 0
0.2228534434515007 0.1920984688979843 0
0.2221808180903569 0.1928305387551595 0
0.2224784965127173 0.1937790843151037 0
0.2215081927335023 0.1935626086029307 0
0.2212105143231684 0.1926140630316958 0
0.2205378889619958 0.1933461328888753 0
0.2208355673833126 0.1942946784496801 0
0.2198652636049446 0.1940782027367752 0
0.2195675851947306 0.1931296571653286 0
0.2188949598335288 0.193861727022481 0
0.2191926382547428 0.1948102725835686 0
0.2182223344764559 0.1945937968705389 0
0.2179246560659218 0.1936452512999937 0
0.2172520307049927 0.1943773211562697 0
0.2175497091148349 0.1953258667320222 0
0.2165794053452761 0.1951093910100789 0
0.2162817269369327 0.1941608454346134 0
0.2156091015759156 0.1948929152910251 0
0.2159067799876681 0.1958414608619105 0
0.2149364762175483 0.1956249851400391 0
0.2146387978083672 0.1946764395678145 0
0.2139661724474197 0.1954085094239683 0
0.2142638508680601 0.1963570549858104 0
0.21329354709037 0.1961405792720484 0
0.2129958686799321 0.1951920337010803 0
0.2123232433189729 0.1959241035572847 0
0.2126209217314903 0.1968726491302952 0
0.2116506179596245 0.1966561734106363 0
0.2113529395508476 0.1957076278355242 0
0.2106803141897621 0.1964396976919109 0
0.2109779926031747 0.1973882432598224 0
0.2100076888307714 0.1971717675438124 0
0.2097100104219444 0.1962232219693546 0
0.209037385060893 0.1969552918256033 0
0.2093350634742686 0.1979038373935149 0
0.2083647597018233 0.197687361677542 0
0.2080670812930584 0.1967388161031869 0
0.2073944559318307 0.1974708859592859 0
0.2076921343452492 0.1984194315273775 0
0.2067218305727823 0.1982029558112919 0
0.2064241521637243 0.1972544102369304 0
0.2057515268027157 0.1979864800930448 0
0.2060492052149414 0.1989350256615627 0
0.2050789014422207 0.1987185499455274 0
0.2047812230343505 0.1977700043708022 0
0.2041085976733025 0.1985020742268988 0
0.2044062760831709 0.1994506197956019 0
0.2034359723126222 0.1992341440793635 0
0.2031382939050229 0.1982855985046313 0
0.202465668544079 0.1990176683607026 0
0.2027633469539606 0.1999662139294547 0
0.2017930431834966 0.1997497382131691 0
0.2014953647752437 0.1988011926378944 0
0.2008227394139494 0.1995332624945483 0
0.2011204178246942 0.2004818080632667 0
0.2001501140542141 0.2002653323469807 0
0.1998524356432521 0.1993167867736634 0
0.199179810287617 0.2000488566270637 0
0.1994774886997877 0.2009974021976242 0
0.1988821318733471 0.1991003110531529 0
0.1982095065180908 0.1998323809054558 0
0.1979118281030696 0.1988838353324069 0
0.1972392027447711 0.1996159051856222 0
0.1969415243320773 0.1986673596119134 0
0.1962688989733766 0.1993994294663667 0
0.195971220561266 0.1984508838915504 0
0.195298595202577 0.1991829537460519 0
0.1950009167905606 0.1982344081710256 0
0.1943282914318686 0.1989664780255291 0
0.1940306130198671 0.1980179324504557 0
0.1933579876611671 0.1987500023049652 0
0.1930603092491388 0.1978014567298199 0
0.1937329346078702 0.1970693868752622 0
0.1923876838904446 0.1985335265843702 0
0.1926853623027236 0.1994820721583242 0
0.1927626308370758 0.196852911154621 0
0.1934352561971057 0.1961208412996006 0
0.1917150585318197 0.1992655964387107 0
0.1920127369441024 0.2002141420125981 0
0.1924649524251819 0.1959043655792893 0
0.1931375777853071 0.1951722957241995 0
0.1910424331738269 0.19999766629373 0
0.1913401115844469 0.2009462118674802 0
0.1921672740139115 0.1949558200046189 0
0.1928398993717605 0.1942237501492988 0
0.190369807815183 0.200729736148393 0
0.1906674862260742 0.2016782817224785 0
0.1918695956026057 0.1940072744291076 0
0.1925422209603917 0.1932752045729998 0
0.1896971824560029 0.2014618060023925 0
0.1899948608670027 0.2024103515764684 0
0.1915719171899353 0.1930587288527773 0
0.1922445425476157 0.1923266589979549 0
0.1890245570972411 0.2021938758566515 0
0.1893222355083338 0.203142421430775 0
0.191274238777452 0.1921101832782045 0
0.1919468641368965 0.191378113420642 0
0.1883519317386604 0.2029259457110097 0
0.1886496101497657 0.2038744912851141 0
0.1909765603664916 0.191161637702121 0
0.1916491857270798 0.1904295678431576 0
0.1876793063801405 0.2036580155653628 0
0.1879769847912563 0.2046065611394474 0
0.1906788819540308 0.1902130921252903 0
0.1913515073139958 0.1894810222689763 0
0.1870066810216712 0.2043900854197032 0
0.1873043594333276 0.2053386309942646 0
0.1903812035405438 0.1892645465499149 0
0.191053828900633 0.1885324766929239 0
0.1863340556633264 0.2051221552740997 0
0.1866317340744249 0.2060707008481074 0
0.1900835251278604 0.1883160009740992 0
0.1907561504889576 0.1875839311167212 0
0.1856614303048629 0.2058542251281963 0
0.185959108716263 0.2068027707028459 0
0.1853637518930338 0.2049056795536411 0
0.189785846715579 0.1873674553981301 0
0.1904584720766296 0.1866353855415608 0
0.1846911265346339 0.2056377494078191 0
0.1843934481226875 0.2046892038331687 0
0.1869294124901218 0.2070192464194419 0
0.1862567871287379 0.2077513162773371 0
0.1872270908991405 0.2079677919984157 0
0.1865544655407659 0.2086998618523871 0
0.1875247693110687 0.2089163375730995 0
0.1868521439519149 0.2096484074271244 0
0.1878224477228964 0.2098648831478504 0
0.1871498223645563 0.2105969530021972 0
0.1881201261342687 0.2108134287220604 0
0.1874475007756032 0.2115454985770286 0
0.1884178045498406 0.2117619742938785 0
0.187745179187852 0.2124940441516371 0
0.1887154829620208 0.2127105198699367 0
0.1880428576003373 0.2134425897268196 0
0.1890131613732703 0.2136590654468772 0
0.1864771970044458 0.211329022856435 0
0.1894881683032791 0.1864189098222508 0
0.1901607936626313 0.1856868399670326 0
0.1888155429436505 0.1871509796777426 0
0.1837208227642619 0.2054212736873006 0
0.1834231443522742 0.2044727281126391 0
0.1883405360120575 0.2143911353019024 0
0.1893108397900283 0.2146076110209322 0
0.1885178645312846 0.1862024341017568 0
0.1878452391718728 0.1869345039570852 0
0.1827505189938068 0.2052047979668008 0
0.1824528405817947 0.2042562523921497 0
0.1886382144244284 0.2153396808771893 0
0.1896085182012627 0.2155561565961491 0
0.1875475607595178 0.1859859583810208 0
0.1868749354014083 0.1867180282359254 0
0.1817802152232429 0.204988322246487 0
0.1814825368116249 0.2040397766718295 0
0.188935892836469 0.2162882264524109 0
0.1899061966065872 0.2165047021711379 0
0.1911310974338806 0.185903315688275 0
0.1908334190221428 0.184954770112541 0
0.1918037227933033 0.1851712458330204 0
0.1915060443815767 0.1842227002573877 0
0.1924763481528433 0.1844391759778133 0
0.1921786697410808 0.1834906304021701 0
0.1931489735123248 0.1837071061225443 0
0.1928512951001997 0.1827585605465659 0
0.1938215988717392 0.1829750362671886 0
0.1935239204599521 0.1820264906915034 0
0.1944942242312531 0.1822429664119025 0
0.194196545819542 0.1812944208362779 0
0.1951668495907334 0.1815108965566124 0
0.1932262420507616 0.1810779451149444 0
0.1948691711786491 0.1805623509806051 0
0.1958394749501472 0.1807788267012288 0
0.1865772569879799 0.1857694826601455 0
0.1859046316298936 0.1865015525150173 0
0.1808099114527277 0.2047718465260397 0
0.1805122330410511 0.2038233009512368 0
0.1892335712476886 0.2172367720276462 0
0.1902038750194695 0.2174532477483417 0
0.1882632674749316 0.2170202963062953 0
0.1955417965384554 0.1798302811255854 0
0.196512100309669 0.18004675684594 0
0.1856069532162727 0.1855530069392796 0
0.1849343278568485 0.1862850767946003 0
0.1962144218980059 0.1790982112703493 0
0.1971847256691274 0.1793146869906429 0
0.1895312496597429 0.218185317603363 0
0.1905015534325909 0.2184017933190918 0
0.1798396076815243 0.20455537080557 0
0.1795419292700599 0.2036068252304731 0
0.1846366494441599 0.1853365312185423 0
0.1839640240847152 0.1860686010739196 0
0.1968870472574741 0.1783661414150955 0
0.1978573510285284 0.1785826171353544 0
0.189828928072737 0.2191338631778688 0
0.1907992318440084 0.2193503388983561 0
0.1914718572040895 0.2186182690387361 0
0.1917695356152882 0.2195668146188708 0
0.1924421609743645 0.2188347447638667 0
0.1927398393863337 0.219783290340665 0
0.1934124647458242 0.2190512204840289 0
0.1937101431576965 0.2199997660614978 0
0.1943827685172537 0.2192676962046486 0
0.1946804469291297 0.2202162417822574 0
0.1953530722884131 0.2194841719267819 0
0.19565075070055 0.2204327175028239 0
0.1963233760598929 0.2197006476477055 0
0.1966210544717684 0.2206491932239494 0
0.1972936798314408 0.2199171233685302 0
0.1975913582434307 0.2208656689449324 0
0.1982639836031749 0.2201335990892604 0
0.198561662015443 0.22108214466562 0
0.1992342873750581 0.2203500748095262 0
0.1995319657872942 0.221298620386349 0
0.200204591146917 0.2205665505302092 0
0.2005022695591187 0.2215150961069265 0
0.2011748949187399 0.2207830262514506 0
0.2014725733307225 0.221731571827934 0
0.2021451986908352 0.2209995019719017 0
0.2024428771027572 0.2219480475488709 0
0.2031155024627404 0.2212159776928761 0
0.2034131808750763 0.2221645232696524 0
0.2040858062348109 0.2214324534138955 0
0.2043834846471929 0.2223809989905282 0
0.2050561100070241 0.2216489291345801 0
0.1788693039106662 0.2043388950850892 0
0.1785716254994137 0.203390349509862 0
0.1949781253405677 0.2211647873591071 0
0.2053537884193586 0.2225974747114074 0
0.2060264137791368 0.2218654048555485 0
0.1975596726168941 0.1776340715598837 0
0.1985299763880093 0.1778505472795115 0
0.1965893688488051 0.1774175958372162 0
0.1998296441989683 0.2222471659630168 0
0.1836663456722782 0.1851200554976802 0
0.1829937203127613 0.1858521253531177 0
0.1901266064848883 0.2200824087538109 0
0.2063240921915556 0.2228139504323437 0
0.2069967175513533 0.2220818805765195 0
0.1778990001402432 0.2041224193645433 0
0.1776013217287954 0.2031738737891889 0
0.1982322979762846 0.1769020017046242 0
0.1992026017473261 0.1771184774242197 0
0.1826960419003194 0.184903579776802 0
0.18202341654074 0.1856356496323033 0
0.2046811630596156 0.2233295445671202 0
0.2072943959638155 0.2230304261532974 0
0.2079670213236912 0.2222983562973411 0
0.1769286963699139 0.2039059436438315 0
0.1766310179578861 0.2029573980686407 0
0.1989049233349788 0.1761699318489065 0
0.199875227106328 0.1763864075696076 0
0.2082646997361467 0.2232469018742399 0
0.2089373250960035 0.2225148320183557 0
0.1772263747813063 0.2048544892191804 0
0.1817257381282949 0.1846871040558929 0
0.1810531127686614 0.1854191739114636 0
0.1762560710111944 0.2046380134984297 0
0.1765537494229302 0.2055865590735879 0
0.1995775486940516 0.1754378619938348 0
0.2005478524654364 0.1756543377146352 0
0.2092350035085295 0.2234633775952258 0
0.209907628868367 0.2227313077393892 0
0.2096099504558231 0.2217827621625205 0
0.2105802542282004 0.2219992378835223 0
0.1807554343561938 0.1844706283349751 0
0.1800828089965321 0.1852026981905986 0
0.1814280597166136 0.1837385584791886 0
0.2108779326408039 0.2229477834603474 0
0.2115505580006483 0.2222157136044578 0
0.2112528795880151 0.2212671680276679 0
0.2122231833604703 0.2214836437485689 0
0.1755834456526194 0.2053700833529506 0
0.1758811240646651 0.2063186289279548 0
0.2002501740532608 0.1747057921388837 0
0.2012204778245631 0.1749222678596836 0
0.2119255049478252 0.2205350981718171 0
0.2128958087202702 0.2207515738926874 0
0.213193487132925 0.2217001194694554 0
0.2138661124927488 0.2209680496135564 0
0.2135684340801585 0.2200195040367399 0
0.2145387378526002 0.2202359797576194 0
0.1804577559438171 0.1835220827583932 0
0.1811303813043419 0.1827900129025232 0
0.2148364162652316 0.2211845253344313 0
0.2155090416250443 0.2204524554784976 0
0.2152113632124069 0.2195039099017074 0
0.2161816669848347 0.2197203856225687 0
0.2015181562374411 0.1758708134342105 0
0.2021907815960103 0.175138743579723 0
0.215883988572163 0.218771840045817 0
0.2168542923446083 0.2189883157666604 0
0.2018931031838558 0.174190198001115 0
0.2028634069552097 0.1744066737214668 0
0.2031610853676516 0.1753552192996219 0
0.2038337107264873 0.1746231494434481 0
0.1749108202941509 0.2061021532074305 0
0.1752084987061863 0.2070506987823918 0
0.2171519707572961 0.219936861343421 0
0.2178245961170676 0.2192047914874788 0
0.2175269177043654 0.2182562459107115 0
0.2184972214768213 0.2184727216315425 0
0.2041313891387236 0.1755716950208268 0
0.2048040144975284 0.1748396251644519 0
0.2181995430641544 0.2175241760548143 0
0.2191698468364908 0.2177406517755686 0
0.1801600775313324 0.1825735371817481 0
0.1808327028917583 0.1818414673256551 0
0.2035360323173173 0.1736746038628018 0
0.1742381949356669 0.2068342230618877 0
0.1745358733476693 0.207782768636742 0
0.2051016929092077 0.1757881707417673 0
0.2057743182679643 0.1750561008871384 0
0.2188721684238602 0.2167921061989661 0
0.2198424721961853 0.2170085819196765 0
0.2194675252490504 0.2186891973523157 0
0.1798623991187904 0.1816249916049928 0
0.1805350244793328 0.1808929217487232 0
0.2060719966799069 0.1760046464629454 0
0.2067446220387019 0.1752725766082188 0
0.2195447937835724 0.2160600363431132 0
0.220515097555909 0.216276512063847 0
0.1735655695771662 0.207566292916239 0
0.1738632479889379 0.2085148384910464 0
0.1732678911651782 0.2066177473414182 0
0.2070423004507359 0.1762211221835064 0
0.207714925809468 0.1754890523289301 0
0.2037881278226724 0.2204839078369404 0
0.2202174191432837 0.2153279664872568 0
0.2211877229155698 0.2155444422079887 0
0.1795647207062319 0.1806764460281579 0
0.1802373460662595 0.1799443761721711 0
0.1725952658066936 0.2073498171957757 0
0.1722975873946844 0.206401271621045 0
0.2080126042214938 0.1764375979041034 0
0.2086852295802095 0.175705528049612 0
0.2083875511681967 0.1747569824744685 0
0.2093578549388666 0.1749734581951346 0
0.209060176526887 0.1740249126200714 0
0.2100304802974474 0.1742413883406667 0
0.2103281587094573 0.1751899339156748 0
0.2110007840679647 0.1744578640612543 0
0.2097328018855005 0.1732928427656851 0
0.2112984624799283 0.1754064096361357 0
0.2119710878384126 0.1746743397818298 0
0.2208900445029651 0.2145958966314322 0
0.221860348275266 0.2148123723521961 0
0.2192471153703447 0.2151114907667607 0
0.2122687662503329 0.1756228853566367 0
0.2129413916088077 0.1748908155023698 0
0.2073399788627982 0.1771696677586713 0
0.2215626698626622 0.2138638267755522 0
0.2225329736350028 0.2140803024962472 0
0.2228306520475718 0.2150288480730226 0
0.2235032774073607 0.2142967782170757 0
0.2238009558199887 0.2152453237938978 0
0.2244735811797961 0.2145132539379295 0
0.2241759027671092 0.2135647083611318 0
0.2251462065395489 0.213781184081958 0
0.2248485281268401 0.2128326385052128 0
0.225818831899267 0.2130491142259997 0
0.1792670422935488 0.1797279004513214 0
0.1785944169335311 0.1804599703073068 0
0.1799396676534673 0.1789958305954707 0
0.2247712595925512 0.2154617995147102 0
0.1716249620362483 0.20713334147536 0
0.1713272836242047 0.2061847959006343 0
0.2132390700206938 0.1758393610771367 0
0.2139116953791174 0.1751072912229319 0
0.1968097787218175 0.1809953024220858 0
0.2255211534865286 0.2121005686493644 0
0.2264914572589645 0.21231704437006 0
0.1782967385209065 0.1795114247303708 0
0.1776241131608821 0.1802434945863541 0
0.2142093737909792 0.1760558367976218 0
0.214881999149353 0.1753237669434303 0
0.2145843207375157 0.1743752213687907 0
0.2155546245077001 0.1745916970892976 0
0.2158523029195423 0.1755402426638939 0
0.2165249282778859 0.1748081728098015 0
0.2261937788462394 0.211368498793457 0
0.2271640826186744 0.2115849745141497 0
0.2152569460958718 0.1736431515147068 0
0.1706546582657651 0.2069168657549195 0
0.1703569798537319 0.2059683201801434 0
0.1989366089641316 0.2194015292295768 0
0.2168226066897064 0.175756718384343 0
0.217495232048031 0.1750246485302767 0
0.2268664042059719 0.2106364289374708 0
0.2278367079784003 0.210852904658187 0
0.2281343863911313 0.211801450234923 0
0.2288070117508403 0.2110693803789517 0
0.2285093333381081 0.2101208348022217 0
0.2294796371105421 0.2103373105229729 0
0.1773264347482396 0.1792949490093287 0
0.1766538093881697 0.1800270188653832 0
0.1696843544953001 0.2067003900344616 0
0.1693866760832698 0.205751844459602 0
0.2291046901636417 0.2120179259557046 0
0.2177929104598213 0.1759731941047922 0
0.218465535818087 0.1752411242507206 0
0.1699820329073287 0.2076489356092777 0
0.1992798702818875 0.1744893164180549 0
0.2085623781486298 0.2241954474510781 0
0.2258961004335973 0.2104199532167036 0
0.2291819586977798 0.209388764946294 0
0.2301522624702116 0.2096052406670165 0
0.1763561309755021 0.179078473288275 0
0.1756835056153981 0.1798105431443892 0
0.218763214229917 0.1761896698252325 0
0.2194358395881655 0.175457599971172 0
0.2191381611763606 0.1745090543966866 0
0.2201084649464083 0.1747255301171398 0
0.2204061433582322 0.1756740756916097 0
0.2298545840574594 0.208656695090373 0
0.2308248878298575 0.208873170811078 0
0.2210787687164552 0.1749420058375756 0
0.1690117291369117 0.2074324598888395 0
0.1693094075489187 0.2083810054635936 0
0.1802145546302709 0.2028747553764861 0
0.1929171679104727 0.1915945891364859 0
0.1896857867380173 0.212926995587671 0
0.1803804874090764 0.1861512437668797 0
0.1794101836371919 0.1859347680464825 0
0.2213764471282896 0.1758905514120045 0
0.2180905888716571 0.1769217396793031 0
0.2305272094171337 0.2079246252344582 0
0.2314975131895192 0.2081411009551367 0
0.2198107865345981 0.17377698454268 0
0.2220490724865044 0.1751584815579943 0
0.2317951916022696 0.2090896465318145 0
0.1753858272026974 0.1788619975672082 0
0.1747132018425271 0.1795940674233771 0
0.1760584525628589 0.1781299277110752 0
0.2324678169619178 0.2083575766758507 0
0.2321701385491498 0.2074090310992019 0
0.1683391037785522 0.208164529743178 0
0.1686367821905386 0.209113075317885 0
0.2223467508983449 0.1761070271324282 0
0.1842617024988795 0.1870171466495255 0
0.1797078620494954 0.1868833136225242 0
0.1787375582776215 0.1866668379021595 0
0.2230193762565653 0.1753749572784104 0
0.2331404423215092 0.2076255068198779 0
0.2328427639087138 0.2066769612433236 0
0.2233170546684066 0.1763235028528954 0
0.1750881487899867 0.1779134519899721 0
0.1757607741502073 0.1771813821337976 0
0.2327654953747488 0.2093061222525651 0
0.1676664784202276 0.2088965995974789 0
0.1679641568321998 0.2098451451721287 0
0.2239896800266439 0.1755914329988356 0
0.1790352366898784 0.1876153834781162 0
0.1780649329179631 0.1873989077577276 0
0.2338130676810443 0.2068934369639424 0
0.2335153892682675 0.2059448913874726 0
0.2242873584383828 0.1765399785738499 0
0.2135367484326101 0.1767879066518362 0
0.2236920016147197 0.1746428874243766 0
0.1906016134222835 0.1928422531330631 0
0.2249599837967307 0.175807908719342 0
0.1747904703772773 0.1769649064126829 0
0.1754630957375831 0.1762328365564775 0
0.2252576622084768 0.1767564542943985 0
0.2236147330805738 0.1772720484295189 0
0.1669938530619199 0.2096286694517398 0
0.1672915314738911 0.2105772150263349 0
0.1666961746499135 0.2086801238772408 0
0.1783626113302377 0.1883474533337097 0
0.1773923075583508 0.1881309776133207 0
0.2344856930405244 0.206161367108082 0
0.2341880146277706 0.2052128215316333 0
0.233217710855612 0.2049963458110617 0
0.2259302875663531 0.17602438443996 0
0.2262279659787033 0.1769729300142736 0
0.2338903362150446 0.2042642759553162 0
0.2348606399870614 0.2044807516759274 0
0.1744927919645491 0.1760163608353312 0
0.1751654173248818 0.17528429097907 0
0.190292539285628 0.2033588971448066 0
0.17768998597051 0.1890795231895387 0
0.1767196821985006 0.1888630474687195 0
0.1660235492916539 0.2094121937313684 0
0.1657258708796464 0.2084636481569006 0
0.2329200324409124 0.2040478002355696 0
0.23456296157443 0.2035322060997192 0
0.2355332653427378 0.2037486818169975 0
0.2269005913364405 0.1762408601603382 0
0.2271982697487405 0.1771894057346776 0
0.1809099714261843 0.1792123063163186 0
0.1806122930135985 0.1782637607395408 0
0.1748335517595687 0.2087313142115579 0
0.1741609264010853 0.2094633840658178 0
0.1751312301714326 0.2096798597862752 0
0.1744586048130852 0.2104119296404622 0
0.1754289085833043 0.2106284053609147 0
0.1747562832250211 0.2113604752150441 0
0.1757265869951569 0.2115769509354782 0
0.1750539616369249 0.2123090207895814 0
0.1760242654070033 0.2125254965099753 0
0.1753516400488249 0.2132575663640285 0
0.1763219438188279 0.2134740420844183 0
0.1756493184606847 0.2142061119384225 0
0.1766196222306451 0.2144225876588144 0
0.1759469968725202 0.2151546575127936 0
0.1769173006424512 0.2153711332331847 0
0.176244675284316 0.2161032030871169 0
0.1752743715144534 0.2158867273667415 0
0.175572049926219 0.2168352729409878 0
0.1746017461564371 0.2166187972206557 0
0.1748994245681701 0.2175673427948107 0
0.1739291207984691 0.2173508670744955 0
0.1742267992088949 0.2182994126489999 0
0.1751971029796515 0.2185158883689891 0
0.1745244776203666 0.2192479582231491 0
0.1754947813912132 0.2194644339431014 0
0.1748221560313935 0.220196503797409 0
0.1757924598027648 0.2204129795171823 0
0.175119834442962 0.2211450493714699 0
0.1760901382130649 0.2213615250916272 0
0.1754175128550506 0.2220935949453413 0
0.1763878166236744 0.2223100706659499 0
0.1732564954383418 0.2180829369290113 0
0.1757151912666268 0.2230421405193528 0
0.1766854950365415 0.2232586162395487 0
0.1760128696777154 0.2239906860935075 0
0.1769831734487304 0.2242071618133541 0
0.174447209081984 0.2218771192253814 0
0.1763105480893787 0.2249392316674788 0
0.1772808518605044 0.2251557073872952 0
0.1766082265031357 0.2258877772407906 0
0.1775785302731267 0.2261042529609882 0
0.1756379227303462 0.2256713015193707 0
0.1769059049153195 0.2268363228146405 0
0.177876208684999 0.2270527985349565 0
0.1772035833271054 0.2277848683886287 0
0.1781738870967654 0.2280013441089885 0
0.178846512454735 0.2272692742551684 0
0.1791441908665128 0.2282178198293834 0
0.1784715655084722 0.2289498896831698 0
0.1794418692774282 0.2291663654028591 0
0.1801144946362244 0.2284342955496444 0
0.1804121730471281 0.2293828411231889 0
0.1810847984061018 0.2286507712700125 0
0.1813824768178495 0.2295993168444172 0
0.1807098514560844 0.2303313866963292 0
0.1816801552291393 0.230547862418667 0
0.1823527805879349 0.229815792564985 0
0.1826504589985701 0.2307643381384884 0
0.1833230843579584 0.2300322682853831 0
0.1836207627685856 0.2309808138589285 0
0.1842933881281101 0.2302487440058662 0
0.1845910665399043 0.2311972895805384 0
0.1852636918982883 0.2304652197277308 0
0.1855613703103555 0.2314137653015377 0
0.1862339956686986 0.2306816954483052 0
0.1865316740807409 0.2316302410222469 0
0.1872042994389408 0.230898171169618 0
0.1875019778511349 0.231846716743021 0
0.1881746032096558 0.2311146468887613 0
0.1884722816216537 0.232063192463436 0
0.1891449069805734 0.2313311226068532 0
0.1894425853922622 0.2322796681836406 0
0.1901152107513057 0.2315475983269367 0
0.1904128891629007 0.2324961439041517 0
0.1910855145216168 0.2317640740496988 0
0.1913831929334896 0.2327126196253072 0
0.1920558182927199 0.2319805497686051 0
0.19235349670434 0.2329290953457268 0
0.1930261220636555 0.2321970254888982 0
0.1933238004752457 0.233145571066392 0
0.1939964258342003 0.2324135012116805 0
0.1942941042461103 0.2333620467876576 0
0.1949667296052266 0.2326299769328121 0
0.1952644080173226 0.2335785225085584 0
0.1959370333769632 0.2328464526517544 0
0.1962347117887524 0.2337949982291831 0
0.1969073371489681 0.2330629283703972 0
0.1972050155603938 0.2340114739497489 0
0.1978776409203058 0.2332794040926395 0
0.1981753193320944 0.2342279496709337 0
0.1988479446920499 0.2334958798139926 0
0.1991456231040016 0.2344444253920937 0
0.1998182484640844 0.2337123555350073 0
0.2001159268761059 0.2346609011132129 0
0.2007885522362663 0.2339288312561705 0
0.2010862306483764 0.2348773768343655 0
0.2017588560086412 0.2341453069772108 0
0.2020565344207935 0.2350938525554958 0
0.2027291597811234 0.2343617826984266 0
0.2030268381933518 0.2353103282766932 0
0.2036994635537755 0.2345782584195301 0
0.2039971419660501 0.2355268039979017 0
0.2046697673264888 0.2347947341406971 0
0.1936214788792754 0.2340941166393032 0
0.1897402637962895 0.2332282137560368 0
0.2049674457388653 0.2357432797191395 0
0.2056400710994687 0.235011209860934 0
0.1975026939645396 0.2349600195231134 0
0.1858590487222016 0.2323623108762699 0
0.2059377495118254 0.2359597554402444 0
0.2066103748722589 0.2352276855834716 0
0.1815825967861672 0.178480236460537 0
0.181284918373693 0.1775316908836122 0
0.1822552221462867 0.1777481666045767 0
0.1819575437337926 0.1767996210276014 0
0.1829278475064245 0.1770160967485656 0
0.1826301690939702 0.176067551171599 0
0.183600472866593 0.1762840268925288 0
0.1833027944541281 0.1753354813155262 0
0.1842730982267794 0.1755519570364557 0
0.1839754198141371 0.1746034114592663 0
0.1849457235869381 0.1748198871803426 0
0.1846480451742982 0.1738713416031058 0
0.1856183489471447 0.1740878173242375 0
0.1853206705345107 0.1731392717469559 0
0.184350366761591 0.1729227960258109 0
0.1850229921222247 0.172190726169468 0
0.1840526883489167 0.1719742504484078 0
0.1847253137096332 0.171242180592004 0
0.1837550099361905 0.1710257048709386 0
0.1844276352966071 0.1702936350146007 0
0.1853979390701812 0.1705101107353146 0
0.1851002606569762 0.1695615651582856 0
0.1860705644303241 0.1697780408790251 0
0.1857728860174584 0.1688294953018268 0
0.1867431897906451 0.1690459710230277 0
0.1864455113779082 0.1680974254455214 0
0.187415815151173 0.1683139011664084 0
0.1834573315233536 0.1700771592934426 0
0.1871181367383892 0.1673653555890849 0
0.1880884405116713 0.1675818313099651 0
0.1877907620988717 0.1666332857326863 0
0.1887610658721329 0.1668497614536223 0
0.1861478329652194 0.1671488798679732 0
0.188463387459506 0.1659012158764676 0
0.1894336912326119 0.1661176915972739 0
0.2013839090528089 0.2358259224077173 0
0.1891360128200024 0.1651691460201496 0
0.1901063165929814 0.1653856217412389 0
0.2069080532848576 0.2361762311617261 0
0.2075806786455204 0.2354441613046671 0
0.1770173606109165 0.18981159304509 0
0.1760470568388978 0.1895951173242509 0
0.1779876643829332 0.1900280687659215 0
0.174195113551837 0.1750678152579559 0
0.1735224881914678 0.1757998851142407 0
0.1748677389121857 0.17433574540165 0
0.2352355869330378 0.2028001362436487 0
0.2362058907011895 0.2030166119607919 0
0.1819778336333376 0.2314964079915797 0
0.188726878685373 0.2012453302818352 0
0.2278708951084009 0.1764573358746746 0
0.227573216694972 0.1755087902994449 0
0.2281685735190697 0.1774058814549441 0
0.1650532455214139 0.2091957180110037 0
0.1647555671094305 0.2082471724364056 0
0.2078783570580536 0.236392706883062 0
0.2085509824187975 0.235660637025899 0
0.1898086381803385 0.1644370761638263 0
0.1907789419532834 0.1646535518849372 0
0.227495948160791 0.1781379513092599 0
0.1776557988082453 0.2234750919632962 0
0.1763447352543067 0.1905436629009533 0
0.1753744314798293 0.1903271871798457 0
0.1750767530669402 0.1893786416034085 0
0.1744041277072994 0.1901107114589785 0
0.1741064492948006 0.1891621658825514 0
0.1734338239351769 0.189894235738173 0
0.1731361455226577 0.1889456901616794 0
0.1724635201630016 0.1896777600173461 0
0.172165841750462 0.1887292144407902 0
0.1714932163930683 0.1894612842957737 0
0.1711955379785869 0.1885127387197594 0
0.1705229126212782 0.1892448085744531 0
0.1702252342064056 0.188296262998736 0
0.169552608846695 0.1890283328542173 0
0.1692549304334775 0.188079787278026 0
0.1685823050737595 0.1888118571338162 0
0.1688799834868659 0.1897604027097549 0
0.1679096797139831 0.1895439269896332 0
0.1682073581269911 0.1904924725658601 0
0.1672370543542623 0.190275996845555 0
0.1682846266608837 0.1878633115571884 0
0.1675347327668175 0.191224542422157 0
0.1665644289943694 0.19100806670145 0
0.1668621074069799 0.1919566122780467 0
0.1658918036346769 0.1917401365574816 0
0.1661894820470248 0.1926886821335362 0
0.1652191782750252 0.1924722064132077 0
0.1655168566873435 0.1934207519891387 0
0.1655941252205002 0.1907915909820873 0
0.1671597858230901 0.1929051578547646 0
0.1645465529155028 0.1932042762687497 0
0.1648442313280699 0.1941528218449245 0
0.1638739275561063 0.1939363461243544 0
0.1641716059686296 0.1948848917004155 0
0.1747018061260109 0.1910592570360783 0
0.2359082122919994 0.2020680663879926 0
0.2368785160692188 0.2022845421023433 0
0.2371761944914944 0.2032330876570992 0
0.1632013021968385 0.1946684159797382 0
0.1634989806067506 0.1956169615534841 0
0.2288411988788831 0.176673811594081 0
0.2291388772893028 0.1776223571751759 0
0.173224809778575 0.1748513395375301 0
0.1725521844182953 0.1755834093932766 0
0.2052651241438989 0.2366918252925926 0
0.1888383344078188 0.164220600442779 0
0.2088486608313332 0.2366091826043761 0
0.2095212861919412 0.2358771127479323 0
0.2295569056447993 0.2077081495137839 0
0.1941192772853351 0.1839235818411791 0
0.1950553938778405 0.2185356263495488 0
0.1890587442853114 0.1677983070303231 0
0.1629036237838158 0.1937198704039817 0
0.2365808376525275 0.2013359965320885 0
0.1904812635407535 0.1637050063076993 0
0.1914515673136005 0.1639214820287948 0
0.191749245726276 0.1648700276057935 0
0.1924218710863356 0.1641379577497524 0
0.164082941751183 0.2089792422906102 0
0.1637852633392027 0.2080306967160191 0
0.1921241926737824 0.16318941217279 0
0.1930944964463346 0.1634058878938912 0
0.1933921748588299 0.164354433470726 0
0.1940648002186756 0.1636223636150333 0
0.1625286768371829 0.1954004858347454 0
0.162826355246966 0.1963490314083122 0
0.2298115026477588 0.1768902873202724 0
0.2301091810594057 0.1778388328957247 0
0.2375511414309504 0.2015524722417222 0
0.209818964604617 0.2368256583258726 0
0.210491589965243 0.2360935884693631 0
0.1943624786310662 0.1645709091917185 0
0.195035103990849 0.163838839336135 0
0.1947374255785092 0.1628902937594379 0
0.1957077293505622 0.1631067694807193 0
0.1960054077628004 0.1640553150570957 0
0.1966780331224282 0.1633232452018444 0
0.1644692843836253 0.1958334372749877 0
0.2101939115524825 0.2351450428916521 0
0.2111642153258183 0.2353615186128984 0
0.2114618937386085 0.236310064190654 0
0.2121345190991863 0.2355779943341273 0
0.2118368406863779 0.2346294487564152 0
0.2128071444597198 0.2348459244776082 0
0.2125094660469251 0.2338973788999401 0
0.2134797698202391 0.2341138546211293 0
0.2137774482330316 0.2350624001987684 0
0.2144500735935174 0.2343303303422826 0
0.2141523951807188 0.2333817847646632 0
0.2151226989539878 0.2335982604858037 0
0.2154203773668011 0.2345468060634219 0
0.2160930027272167 0.2338147362069182 0
0.2157953243143948 0.2328661906293626 0
0.216765628087591 0.2330826663504448 0
0.2164679496747495 0.232134120772944 0
0.2174382534479352 0.2323505964939999 0
0.2177359318607913 0.2332991420715023 0
0.2184085572211164 0.2325670722150472 0
0.2181108788082548 0.2316185266375627 0
0.2190811825814225 0.2318350023585871 0
0.218783504168542 0.2308864567811337 0
0.219753807941712 0.2311029325021438 0
0.1969757115346045 0.1642717907780347 0
0.1976483368941348 0.163539720922836 0
0.1973506584820105 0.1625911753467193 0
0.1983209622536065 0.1628076510677967 0
0.1986186406656645 0.1637561966437729 0
0.1992912660250624 0.1630241267888499 0
0.2356105338773935 0.2011195208119283 0
0.2372534630121746 0.2006039266758492 0
0.1700593014419202 0.2050197746053112 0
0.1722545060053474 0.1746348638164745 0
0.1715818806450751 0.1753669336722024 0
0.2200514863546048 0.2320514780796241 0
0.2207241117148937 0.2313194082231399 0
0.220426433302 0.2303708626456753 0
0.2213967370751723 0.2305873383666624 0
0.2210990586622745 0.2296387927891996 0
0.2220693624354486 0.2298552685101966 0
0.1995889444370859 0.1639726723647115 0
0.2002615697963809 0.1632406025098289 0
0.1999638913844244 0.1622920569340557 0
0.2009341951556293 0.162508532655055 0
0.2012318735675818 0.1634570782307167 0
0.2019044989267625 0.1627250083759992 0
0.2022021773386568 0.163673553951551 0
0.2028748026977642 0.1629414840969786 0
0.2031724811096098 0.1638900296724098 0
0.2038451064686194 0.1631579598178503 0
0.2217716840225327 0.2289067229327443 0
0.2227419877957099 0.2291231986537151 0
0.2230396662086483 0.2300717442311946 0
0.2237122915689382 0.229339674374691 0
0.2234146131560037 0.2283911287971994 0
0.2243849169292293 0.2286076045181756 0
0.2240872385163121 0.2276590589406597 0
0.2250575422895435 0.2278755346616538 0
0.2247598638766237 0.2269269890841294 0
0.2257301676489301 0.2271434648042729 0
0.2035474280568328 0.162209414242511 0
0.2045177318275979 0.1624258899633875 0
0.2048154102394125 0.1633744355386686 0
0.2054880355983151 0.1626423656842512 0
0.2057857140088443 0.1635909112651286 0
0.2064583393687568 0.1628588414059202 0
0.1618560514778088 0.1961325556898674 0
0.1621537298902073 0.1970811012656742 0
0.1631126379809524 0.2087627665702329 0
0.1634103163929318 0.2097113121447995 0
0.1628149595689666 0.207814220995648 0
0.2067560177792123 0.1638073869869688 0
0.2074286431392291 0.1630753171270679 0
0.207726321549052 0.1640238627086556 0
0.2083989469102656 0.1632917928449029 0
0.2086966253171788 0.1642403384350859 0
0.209369250680332 0.1635082685661463 0
0.2382237667841337 0.2008204023934798 0
0.2096669290889671 0.1644568141504173 0
0.2103395544500484 0.1637247442894328 0
0.1849660134870436 0.229516674156643 0
0.237926088369971 0.1998718568225744 0
0.2254324892367797 0.2261949192274584 0
0.2264027930064024 0.226411394945129 0
0.2307818064176379 0.1771067630417082 0
0.2310794848294351 0.1780553086163877 0
0.1976141496942834 0.197935289752929 0
0.2260278460586118 0.2280920103787641 0
0.2091463392439699 0.237557728182383 0
0.1712842022322714 0.1744183880946267 0
0.1706115768718351 0.1751504579509744 0
0.2081012685016158 0.1623432472611786 0
0.1907878361108735 0.2308155284677139 0
0.1956393549658449 0.2318979070718621 0
0.2004908738245062 0.2329802856766496 0
0.204372088914331 0.2338461885612399 0
0.2106372328612608 0.1646732898642419 0
0.2113098582207416 0.1639412200090329 0
0.1634875849272344 0.20708215114139 0
0.1625172811569167 0.2068656754210182 0
0.2261051145965959 0.2254628493704662 0
0.2270754183671036 0.225679325088947 0
0.2388963921424593 0.2000883325378492 0
0.238598713728944 0.1991397869669201 0
0.1611834261191046 0.1968646255453878 0
0.2042200534157989 0.1614773443880815 0
0.169088997670985 0.2048032988847585 0
0.1697616230299247 0.2040712290302772 0
0.1624400126227399 0.2094948364244327 0
0.1627376910346762 0.2104433819989485 0
0.2317521101876465 0.1773232387623602 0
0.2320497885994524 0.1782717843368304 0
0.2314544317758241 0.1763746931878903 0
0.2313771632412707 0.1790038541908263 0
0.2116075366292446 0.1648897655893939 0
0.2122801619908425 0.1641576957297487 0
0.2119824835792118 0.1632091501551511 0
0.2129527873492543 0.1634256258758449 0
0.2132504657582531 0.1643741714562202 0
0.2139230911187935 0.1636421015974833 0
0.2142207695280581 0.164590647178292 0
0.2148933948885877 0.1638585773185634 0
0.2151910733001291 0.1648071228930449 0
0.2158636986595963 0.1640750530345016 0
0.216161377070517 0.1650235986118832 0
0.2168340024304517 0.1642915287502841 0
0.1689572520208799 0.1871312417011144 0
0.1679869482481583 0.1869147659802003 0
0.2267777399568645 0.2247307795139335 0
0.227748043730136 0.224947255234905 0
0.2171316808405636 0.1652400743313688 0
0.2178043061995938 0.1645080044737442 0
0.2181019846102338 0.1654565500522387 0
0.2187746099691478 0.1647244801949151 0
0.2190722883798837 0.1656730257729563 0
0.2323474670458219 0.1792203297563322 0
0.1766968907652096 0.2117934266559446 0
0.1988276548013611 0.1787990928531851 0
0.1891563027137986 0.2198659330332569 0
0.1873702322407482 0.2141746595812438 0
0.2072830002329395 0.2344956157252504 0
0.2066990391390046 0.2211333349996297 0
0.1965665773865937 0.2003479750380131 0
0.2210217901277985 0.2322679538006649 0
0.2347833714533437 0.2071099126845846 0
0.1838981512793159 0.1772325724695884 0
0.1719568275917905 0.1736863182399836 0
0.187876924797325 0.2301661013146872 0
0.2280457221388124 0.2258958008072416 0
0.2287183475032048 0.2251637309554368 0
0.2284206690908898 0.2242151853786482 0
0.2293909728642964 0.2244316610996868 0
0.2290932944514427 0.2234831155222288 0
0.2300635982248048 0.2236995912432537 0
0.2297659198118389 0.2227510456656988 0
0.2307362235851955 0.2229675213866944 0
0.2304385451722051 0.2220189758091207 0
0.2314088489455358 0.2222354515300953 0
0.2311111705325248 0.2212869059525343 0
0.2320814743050247 0.2215033816727511 0
0.2296886512775069 0.2253802066775265 0
0.2391940705706724 0.2010368780905765 0
0.2240099699818792 0.2302882199521925 0
0.1608857477067213 0.1959160799696166 0
0.1773036433168611 0.2022253282139194 0
0.1763333395457918 0.2020088524933723 0
0.177005964904789 0.2012767826385704 0
0.176035661133644 0.201060306918025 0
0.1767627635701039 0.2206294552408866 0
0.1887927515004404 0.2100813588615316 0
0.1767082864927288 0.2003282370631178 0
0.1757379827214302 0.2001117613426066 0
0.1686595736083434 0.1861826961240097 0
0.1676892698355284 0.1859662204030124 0
0.1683618951957218 0.1852341505468177 0
0.1673915914227883 0.1850176748257998 0
0.2376284099557041 0.1989233112478808 0
0.2317837958926761 0.2205548360958489 0
0.2327540996623354 0.2207713118134444 0
0.2324564212524887 0.219822766238824 0
0.2334267250228699 0.2200392419571169 0
0.2331290466127897 0.2190906963822305 0
0.2340993503852998 0.2193071721025406 0
0.2197449137394205 0.1649409559119578 0
0.2200425921496287 0.1658895014929582 0
0.1703138984590261 0.1742019123732986 0
0.1696412730986098 0.1749339822294224 0
0.2323791527158456 0.2224519272476302 0
0.2330200923751745 0.1784882600314477 0
0.2395690175010746 0.1993562626825692 0
0.2392713390877235 0.1984077171118263 0
0.2126551089376696 0.1624770803012925 0
0.2070536961865676 0.1647559325741734 0
0.2208013802493702 0.2286902472117595 0
0.2207152175084227 0.1651574316356063 0
0.221012895919157 0.166105977220201 0
0.1617673872645428 0.2102269062786137 0
0.1620650656764654 0.2111754518530907 0
0.1602131223476851 0.1966481498249472 0
0.1605108007603627 0.1975966954007089 0
0.1599154439352528 0.1956996042490957 0
0.2333177710225925 0.1794368053837887 0
0.2316748418835029 0.1799523993652893 0
0.2024998557505733 0.1646220995270175 0
0.1631899065152695 0.206133605566714 0
0.1622196027448576 0.205917129846313 0
0.2338016719734343 0.2183586265260198 0
0.2347719757431124 0.2185751022437432 0
0.1687913192588337 0.2038547533097543 0
0.1694639446176663 0.2031226834551049 0
0.17758992600062 0.2146390633792109 0
0.1912083659719487 0.1832741546810469 0
0.1859160273597562 0.1750363629014231 0
0.1865886527199374 0.1743042930453792 0
0.1680642167829716 0.1842856049695966 0
0.1670939130099938 0.1840691292485033 0
0.1664212876497666 0.1848011991047994 0
0.166123609236936 0.1838526535274271 0
0.1654509838766067 0.1845847233838075 0
0.1651533054637727 0.1836361778063105 0
0.1644806801033867 0.18436824766277 0
0.164183001690516 0.1834197020851679 0
0.1635103763300865 0.184151771941701 0
0.1648556270509637 0.1826876322286703 0
0.1894539811258885 0.220814478608767 0
0.1884836773549088 0.2205980028881155 0
0.2343970287948381 0.2202557176701139 0
0.2216855212779056 0.1653739073577673 0
0.2219831996894562 0.1663224529418912 0
0.2155660202478648 0.1631265074613877 0
0.2339903961805154 0.1787047357320749 0
0.163885323277612 0.1824711565074892 0
0.2044290675506804 0.1765202405964533 0
0.1831254659409035 0.2035241825375956 0
0.1645579486381609 0.181739086650878 0
0.2344742973333399 0.2176265566691888 0
0.2354446011036326 0.2178430323874495 0
0.1693435946857061 0.1739854366519974 0
0.1686709693252424 0.1747175065081858 0
0.2402416428586426 0.1986241928320847 0
0.2399439644460314 0.1976756472580168 0
0.2342880747983045 0.1796532812402471 0
0.1764106080804504 0.1993796914877063 0
0.1754403043091858 0.1991632157670912 0
0.224462185463681 0.2259784435066264 0
0.182077893634837 0.2059368678213842 0
0.2351469226935954 0.2168944868126541 0
0.2361172264661424 0.2171109625329826 0
0.2358195480531232 0.2161624169614768 0
0.2367898518237592 0.2163788926750221 0
0.2364921734148677 0.215430347100254 0
0.2374624771845316 0.2156468228181103 0
0.2371647987795991 0.2146982772416245 0
0.2381351025476939 0.2149147529641023 0
0.2378374241362522 0.2139662073866635 0
0.1610947619063706 0.2109589761327678 0
0.1613924403183019 0.2119075217072406 0
0.1595404969887518 0.1973802196801356 0
0.1598381754013376 0.1983287652558198 0
0.2226558250480231 0.1655903830751627 0
0.2229535034592149 0.166538928655835 0
0.1729588170284148 0.2171343913543155 0
0.1722861916697642 0.2178664612083787 0
0.1827847061629186 0.1708092291498353 0
0.182487027750128 0.1698606835722716 0
0.1887813557669584 0.2215465484634981 0
0.1878110519960762 0.2213300727428382 0
0.2364149048755127 0.2180595081004036 0
0.1728384671101757 0.1879971445850822 0
0.1868863311325256 0.1752528386225055 0
0.1875589564926534 0.1745207687665164 0
0.1699389515116115 0.1758825278071903 0
0.2184769315591323 0.1637759346136112 0
0.2388077279049056 0.2141826831055024 0
0.238510049495446 0.2132341375300124 0
0.2349606999572423 0.1789212114718625 0
0.2236261288170157 0.165806858797843 0
0.2239238072278955 0.1667554043758475 0
0.2145184479400483 0.1655391927532055 0
0.2352583783701495 0.1798697570493125 0
0.1628922281030699 0.2051850599920034 0
0.1684936408467624 0.202906207734595 0
0.1691662662056038 0.2021741378799258 0
0.2287956160385383 0.2225345699447363 0
0.1635876448647004 0.1815226109297316 0
0.162362744088589 0.2121239974274598 0
0.161690118730287 0.2128560672816582 0
0.1626604225005288 0.2130725430018842 0
0.1619877971422024 0.2138046128560299 0
0.1629581009124446 0.2140210885763907 0
0.162285475554115 0.2147531584303863 0
0.1632557793242875 0.2149696341507961 0
0.1625831539658121 0.215701704004701 0
0.1635534577358233 0.2159181797250507 0
0.1628808323773638 0.2166502495789148 0
0.1638511361475365 0.2168667252992041 0
0.1631785107896672 0.2175987951530637 0
0.1641488145593786 0.2178152708733306 0
0.1634761892010634 0.2185473407271895 0
0.164446492971072 0.2187638164473969 0
0.163773867612318 0.21949588630121 0
0.1647441713827008 0.219712362021382 0
0.1640715460251053 0.2204444318750672 0
0.1650418497945408 0.2206609075952734 0
0.1643692244368882 0.2213929774488849 0
0.1653395282062808 0.2216094531691004 0
0.1646669028486337 0.2223415230226562 0
0.1656372066179417 0.2225579987428505 0
0.1778876044124173 0.21558760895361 0
0.1785602297706204 0.2148555390996179 0
0.1788579081824313 0.21580408467413 0
0.1938102031481352 0.1944402258641902 0
0.1862795785754341 0.1848209370840246 0
0.2409142682169745 0.1978921229781584 0
0.2406165898045548 0.1969435774032792 0
0.2412119466293469 0.1988406685532426 0
0.2396462860338091 0.1967271016829788 0
0.1588678716298764 0.1981122895352687 0
0.1591655500474863 0.1990608351156175 0
0.1645237615062153 0.2161346554454045 0
0.2394803532654172 0.2134506132483232 0
0.2391826748554709 0.2125020676733337 0
0.1683732909123017 0.1737689609307838 0
0.1690459162728721 0.1730368910742934 0
0.1677006655517202 0.1745010307873743 0
0.1690345205558935 0.1845020806906886 0
0.2321587428402046 0.2188742206618387 0
0.2183996630175174 0.1664050956398897 0
0.2099646075013236 0.1654053597220914 0
0.2345857534421526 0.1806018266230863 0
0.1795305335406688 0.2150720148200435 0
0.1798282119524943 0.2160205603946146 0
0.1719885132588215 0.2169179156341069 0
0.1818144023896907 0.1705927534286802 0
0.1815167239768727 0.1696442078510783 0
0.1761129296682258 0.1984311459121935 0
0.1770832334394566 0.1986476216328715 0
0.1751426258969892 0.1982146701914908 0
0.1881087304057107 0.2222786183159221 0
0.1871384266369042 0.2220621425970888 0
0.1890790341723258 0.2224950940314489 0
0.2403189113922585 0.1959950318283531 0
0.1649645812603104 0.2232900685963272 0
0.165934885029574 0.2235065443164991 0
0.1666075103872194 0.2227744744630518 0
0.1669051887987526 0.2237230200367059 0
0.1662325634413185 0.2244550898900458 0
0.1672028672103091 0.2246715656102612 0
0.161612850196048 0.2154852282843965 0
0.2384327809530594 0.2158632985332052 0
0.1604221365482557 0.2116910459869281 0
0.1601244581362924 0.2107425004124597 0
0.1665302418530152 0.2254036354634782 0
0.1675005456218358 0.2256201111836357 0
0.2245964325857942 0.1660233345223302 0
0.2248941109955422 0.166971880103728 0
0.2213878428676377 0.1644253617758143 0
0.2359310036789821 0.1791376872184422 0
0.2356333252752392 0.1781891416398953 0
0.2362286821175756 0.1800862327051339 0
0.1868407482251944 0.2211135970222188 0
0.1861681228665102 0.2218456668767577 0
0.1858704444545598 0.2208971213017552 0
0.2006365167439992 0.1615599870795203 0
0.1851978190959551 0.2216291911562039 0
0.1871726138174247 0.1876665738119968 0
0.1907447547633038 0.1990491207193459 0
0.1777672545069315 0.1864503621811355 0
0.1878566349052069 0.1754693143435601 0
0.1885292602652844 0.1747372444876378 0
0.1750108802553018 0.1805426130004004 0
0.1687368421432001 0.1835535351133919 0
0.241289215162909 0.1962115075485956 0
0.2401529786287238 0.2127185433943545 0
0.2398553002162818 0.2117699978171419 0
0.1581952462687312 0.1988443593919316 0
0.1584929246890925 0.1997929049715912 0
0.157897567851743 0.1978958138168254 0
0.1668279202644855 0.2263521810367987 0
0.1677982240332751 0.2265686567569043 0
0.1625058854310353 0.2183308650069211 0
0.2232511818673285 0.1674874742434257 0
0.1684708493906714 0.2258365869037999 0
0.1687685278020795 0.2267851324770701 0
0.1680959024446468 0.2275172023301621 0
0.1690662062134994 0.227733678050308 0
0.168195962434542 0.2019576621593947 0
0.1688685877935062 0.2012255923046172 0
0.1682618352441085 0.210793690746744 0
0.1767855550272575 0.1976990760572628 0
0.1777558587985527 0.1979155517779835 0
0.1758380426852954 0.174552221122781 0
0.1755403642725674 0.1736036755453194 0
0.2393486076215947 0.1957785561080458 0
0.1642602702252989 0.1807905410730324 0
0.1632899664518562 0.1805740653518124 0
0.1626173410914209 0.1813061352083811 0
0.240991536751103 0.1952629619742365 0
0.2255667363547817 0.1662398102447682 0
0.2258644147645733 0.167188355825798 0
0.1680756124994299 0.1728204153530656 0
0.1687482378600146 0.1720883454964939 0
0.1594518327781912 0.2114745702666004 0
0.1591541543662274 0.2105260246921488 0
0.1683935808561406 0.2284657479033617 0
0.1693638846248998 0.2286822236234819 0
0.1717908948131372 0.1904098298731017 0
0.1920241326763439 0.1887489524079028 0
0.2087624981149637 0.1730763670450724 0
0.1768514278344168 0.2065351046487195 0
0.2083102826335385 0.1773861434792527 0
0.2076376572748642 0.178118213333799 0
0.2086079610455597 0.1783346890543733 0
0.2079353356869106 0.1790667589088855 0
0.2089056394575811 0.1792832346294388 0
0.208233014098951 0.1800153044839508 0
0.2092033178695995 0.1802317802044961 0
0.2085306925112725 0.1809638500589025 0
0.2095009962816782 0.1811803257795001 0
0.2088283709234375 0.1819123956338835 0
0.2097986746936342 0.1821288713545679 0
0.209126049335181 0.1828609412089829 0
0.2100963531056646 0.1830774169295098 0
0.2094237277470782 0.1838094867840219 0
0.2084534239766231 0.1835930110633734 0
0.2103940315176369 0.1840259625045518 0
0.2087511023884897 0.1845415566385122 0
0.207780798617916 0.184325080917865 0
0.208078477029816 0.1852736264930012 0
0.207108173259136 0.1850571507724925 0
0.2074058516711326 0.1860056963475744 0
0.2064355479004222 0.1857892206270466 0
0.2067332263123176 0.1867377662025945 0
0.2057629225416723 0.1865212904816964 0
0.2060606009532256 0.1874698360579728 0
0.2050902971827132 0.1872533603368158 0
0.2077035300829265 0.1869542419234123 0
0.2110666568762081 0.1832938926499973 0
0.211364335288175 0.1842424382250293 0
0.2120369606467086 0.1835103683706705 0
0.2123346390585041 0.1844589139462438 0
0.2130072644171644 0.183726844091208 0
0.2133049428289169 0.1846753896668513 0
0.2139775681875772 0.1839433198117613 0
0.2142752465992689 0.184891865387437 0
0.2149478719578922 0.1841597955324116 0
0.2047926187708295 0.1863048147611194 0
0.2041199934120558 0.1870368846157775 0
0.2044176718239947 0.1879854301916222 0
0.2034473680532927 0.1877689544704762 0
0.2152455503693892 0.1851083411087369 0
0.2159181757281602 0.1843762712530647 0
0.2136026212404404 0.1856239352431386 0
0.2037450464653907 0.1887175000459765 0
0.2027747426945479 0.188501024325106 0
0.2162158541398531 0.1853248168285835 0
0.2168884794984653 0.1845927469734763 0
0.2030724211066377 0.1894495699005103 0
0.2021021173357365 0.1892330941799211 0
0.2018044389236415 0.1882845486044571 0
0.2038223149999747 0.1860883390404204 0
0.2011318135648063 0.1890166184592645 0
0.201429491976708 0.1899651640350148 0
0.2171861579103805 0.185541292548134 0
0.2178587832687918 0.1848092226937357 0
0.2040427248774009 0.1896660456213315 0
0.2165135325519605 0.1862733624025949 0
0.2181564616806819 0.1857577682683976 0
0.2188290870390235 0.1850256984142023 0
0.2008341351526788 0.1880680728838102 0
0.2001615097938019 0.1888001427387044 0
0.207560388741157 0.1807473743380595 0
0.2191267654509064 0.1859742439888203 0
0.2197993908092241 0.1852421741346568 0
0.2195017123973539 0.1842936285600493 0
0.2204720161675374 0.1845101042805096 0
0.2207696945794119 0.185458649855104 0
0.2214423199377158 0.1847265800009692 0
0.2201743377555722 0.1835615587052832 0
0.1905788219778051 0.2157726323101231 0
0.1818030066654951 0.1820579430462962 0
0.224098634232648 0.2161938693707478 0
0.2250689380053156 0.2164103450915743 0
0.2243963126453823 0.2171424149476433 0
0.2408256039896532 0.2119864735382639 0
0.2405279255768136 0.2110379279608041 0
0.2419618405211734 0.1954794376940782 0
0.2094351234735869 0.1723442971906955 0
0.2084648197030448 0.1721278214700908 0
0.1675778141563703 0.2229909501832504 0
0.1805008373107748 0.2152884905404746 0
0.1802031588989128 0.2143399449659331 0
0.2156204973163265 0.1834277256781108 0
0.1998638313816498 0.1878515971631655 0
0.1991912060227534 0.1885836670179994 0
0.1888269386778374 0.175685790064615 0
0.1894995640378427 0.1749537202087311 0
0.1881543133178077 0.1764178599205052 0
0.2348492442802459 0.2159459412438397 0
0.1874361050479317 0.2230106881714108 0
0.2265370401240059 0.1664562859658753 0
0.2268347185354093 0.1674048315398741 0
0.2261620931769344 0.1681369013956458 0
0.2271323969470356 0.1683533771131452 0
0.2278050223050922 0.1676213072592032 0
0.2281027007165911 0.1685698528329634 0
0.2366036290382963 0.1784056173638983 0
0.236305950626791 0.177457071789631 0
0.1633989206660646 0.221176501728757 0
0.2217399983495823 0.1856751255755402 0
0.222412623707873 0.1849430557214264 0
0.2416641621094605 0.1945308921198773 0
0.1774581803863276 0.1969670062023024 0
0.17842848415767 0.1971834819230389 0
0.1601358538185338 0.1992773108318507 0
0.1639625918124086 0.1798419954951032 0
0.1629922880390376 0.1796255197738194 0
0.1649328955859746 0.1800584712163321 0
0.1657144751535751 0.2199288377419119 0
0.1807985157226187 0.2162370361150065 0
0.2242987541758432 0.1650747889378574 0
0.1575226209101769 0.1995764292478227 0
0.1578202993323119 0.2005249748239264 0
0.2404506570378336 0.2136670889659183 0
0.2414982293501523 0.2112544036818119 0
0.2412005509371443 0.2103058581042619 0
0.1686912592676317 0.2294142934764841 0
0.1696615630363095 0.2296307691966588 0
0.1740836578668359 0.2120925450691947 0
0.1638080547429327 0.185100317519322 0
0.1628377509696778 0.184883841798261 0
0.163135429382523 0.1858323873758673 0
0.1621651256092854 0.1856159116547952 0
0.1624628040222182 0.1865644572323368 0
0.1614925002489359 0.1863479815113192 0
0.1611948218359732 0.185399435933698 0
0.1605221964755621 0.1861315057902975 0
0.1608198748885187 0.1870800513679173 0
0.1598495711151824 0.1868635756469066 0
0.160147249528094 0.1878121212245034 0
0.1591769457548313 0.1875956455035034 0
0.1594746241676408 0.1885441910810452 0
0.1602245180625544 0.1851829602125898 0
0.1816598653219629 0.1758510754504414 0
0.1636649133995086 0.1788934499170932 0
0.1677779340865516 0.1718718697752745 0
0.168450559447156 0.1711397999186793 0
0.2287753260746186 0.1678377829793672 0
0.2290730044860605 0.168786328553348 0
0.1585043203945541 0.1883277153600339 0
0.1588019988073113 0.1892762609374812 0
0.24263446587931 0.1947473678396167 0
0.2429321442975422 0.1956959134041706 0
0.1658576164949679 0.2261357053157966 0
0.227430075357366 0.1693019226930771 0
0.2227103021197318 0.1858916012959763 0
0.223382927478002 0.1851595314418695 0
0.2230852490661528 0.1842109858673315 0
0.2240555528362668 0.1844274615877784 0
0.2243532312481172 0.1853760071622937 0
0.2250258566063643 0.1846439373082073 0
0.1694411531594587 0.2260530626239227 0
0.1703341883936288 0.2288986993436249 0
0.1706318668048132 0.2298472449168749 0
0.1699592414476586 0.230579314769834 0
0.1709295452161397 0.2307957904900622 0
0.2237578744244216 0.1834789160132534 0
0.1678982840223942 0.2010091165840516 0
0.1685709093813085 0.2002770467291928 0
0.1811734626690669 0.2145564206863507 0
0.1808757842571804 0.2136078751117662 0
0.1892018856261232 0.1740051746309477 0
0.1901721893981436 0.1742216503529014 0
0.1904698678103742 0.1751701959297771 0
0.1911424931703102 0.1744381260739788 0
0.1908448147578724 0.1734895804971351 0
0.1918151185302138 0.173706056218239 0
0.1915174401179794 0.1727575106415566 0
0.1924877438901494 0.1729739863625462 0
0.1921900654779912 0.1720254407856954 0
0.1931603692500627 0.17224191650682 0
0.1928626908379267 0.1712933709300167 0
0.1938329946099848 0.1715098466511322 0
0.2402302471639086 0.2100893823833149 0
0.2409028725241619 0.2093573125268393 0
0.2418731762974577 0.2095737882475657 0
0.2415754978843056 0.2086252426703282 0
0.1781308057454565 0.1962349363473232 0
0.1791011095167772 0.1964514120680875 0
0.1793987879289727 0.1973999576437758 0
0.1800714132880697 0.1966678877888504 0
0.1803690917002161 0.1976164333645092 0
0.1810417170593115 0.1968843635096033 0
0.1807440386471997 0.1959358179339623 0
0.1817143424184725 0.1961522936547098 0
0.1814166640063256 0.1952037480790353 0
0.1823869677776334 0.1954202237997837 0
0.1820120208307112 0.1971008392303448 0
0.182089289365506 0.1944716782241153 0
0.1830595931367741 0.1946881539448384 0
0.182761914724669 0.1937396083691446 0
0.1837322184959581 0.1939560840898697 0
0.1840298969080757 0.1949046296656282 0
0.1765106680456676 0.1738201512664513 0
0.1762129896329189 0.1728716056889744 0
0.1697071459161596 0.1837700108344756 0
0.1694094675034432 0.1828214652571909 0
0.242336787467187 0.1937988222651358 0
0.2253666164180685 0.21735889066852 0
0.2246939910581292 0.218090960524608 0
0.2260392417780022 0.2166268208124103 0
0.2406051941112962 0.2084087669495208 0
0.2412778194713736 0.207676697093132 0
0.2422481232442591 0.2078931728139262 0
0.2419504448313991 0.2069446272368565 0
0.2382123710830042 0.2122855919524807 0
0.1702569198590194 0.231527860342972 0
0.1712272236276627 0.2317443360631775 0
0.1718998489845417 0.2310122662117342 0
0.172197527396364 0.2319608117836807 0
0.1626946096260362 0.1786769741957965 0
0.1633672349865578 0.1779449043390299 0
0.1584815290080866 0.2112580945462441 0
0.1581838505961519 0.2103095489718157 0
0.1568499955542405 0.2003084991026037 0
0.1571476739824425 0.2012570446765302 0
0.1578316950343445 0.1890597852164981 0
0.1581293734472161 0.1900083307938329 0
0.1715249020390184 0.2326928816364334 0
0.1724952058077717 0.2329093573567929 0
0.1731678311650787 0.232177287504604 0
0.1734655095765831 0.2331258330772128 0
0.2091374450616688 0.1713957516157411 0
0.2081671412911303 0.1711792758951117 0
0.2101077488321539 0.1716122273363506 0
0.1619219243327851 0.2049685842715347 0
0.1625945496903335 0.2042365144171348 0
0.1612492989743987 0.2057006541259409 0
0.1935353161977945 0.1705613010744287 0
0.1945056199697721 0.170777776795516 0
0.1713158879009155 0.2176499854878112 0
0.1710182094892791 0.2167014399137719 0
0.1849001406839877 0.2206806455812114 0
0.1842275153254487 0.2214127154356099 0
0.1845251937373723 0.2223612610105348 0
0.2127095860052423 0.1827782985160741 0
0.183554889966998 0.2221447852900088 0
0.1838525683788367 0.2230933308647723 0
0.1800055404618363 0.1878318591992029 0
0.1587792074201225 0.2122066401207071 0
0.1923104153628848 0.2011626875810446 0
0.1716135663092021 0.2185985310630152 0
0.1855841617683364 0.2084833861317014 0
0.1821893493374496 0.1689121379946496 0
0.1812190455640598 0.1686956622734251 0
0.1818916709246999 0.167963592416922 0
0.1809213671512004 0.1677471166957083 0
0.1815939925117959 0.1670150468391275 0
0.1806236887382918 0.1667985711179152 0
0.1812963140989584 0.1660665012612638 0
0.1803260103254112 0.1658500255400229 0
0.180998635686106 0.1651179556833007 0
0.1796533849647392 0.1665820953967183 0
0.1793557065518129 0.1656335498188825 0
0.1786830811911562 0.166365619675533 0
0.1783854027782082 0.1654170740976766 0
0.1777127774175453 0.1661491439543362 0
0.1774150990046 0.165200598376385 0
0.1767424736438949 0.1659326682331146 0
0.1780877243652248 0.1644685285197869 0
0.1764447952309523 0.1649841226551493 0
0.1757721698702347 0.165716192511895 0
0.1754744914572587 0.1647676469339034 0
0.1748018660965525 0.1654997167906855 0
0.1750995445095449 0.1664482623686578 0
0.174129240735924 0.1662317866474399 0
0.1744269191488451 0.1671803322253437 0
0.1734566153753061 0.1669638565041235 0
0.1704342483888817 0.2033391591758368 0
0.1988935276105578 0.187635121442486 0
0.199566152969523 0.1869030515876113 0
0.1982209022516326 0.1883671912973631 0
0.1985185806638333 0.1893157368728832 0
0.1695412131524438 0.2004935224498126 0
0.1692435347402239 0.1995449768742947 0
0.1780104558305064 0.1670976895322509 0
0.1737542937882281 0.1679124020819922 0
0.1834345400837828 0.1930075385140873 0
0.1844048438551539 0.1932240142348685 0
0.1582066419816759 0.1873791697826213 0
0.172792884219056 0.2338579029300841 0
0.1737631879879293 0.2340743786504987 0
0.1744358133455086 0.233342308797391 0
0.1747334917568638 0.234290854370901 0
0.1754061171145261 0.2335587845177449 0
0.1757037955258675 0.2345073300913249 0
0.1750311701681485 0.2352393999444335 0
0.1760014739371819 0.2354558756649579 0
0.1766740992949881 0.2347238058117723 0
0.176971777706386 0.2356723513854769 0
0.2429207486041807 0.2071611029576276 0
0.242623070191281 0.2062125573806589 0
0.1762991523484012 0.2364044212385794 0
0.1772694561177294 0.2366208969592086 0
0.1779420814757307 0.2358888271059614 0
0.1782397598873194 0.2368373726804505 0
0.1789123852452837 0.236105302826588 0
0.1792100636570033 0.2370538484016526 0
0.1798826890149698 0.2363217785473073 0
0.1801803674265172 0.2372703241220451 0
0.1808529927847299 0.2365382542679103 0
0.1811506711961717 0.237486799842198 0
0.1818232965545626 0.2367547299884541 0
0.1821209749660823 0.2377032755629873 0
0.1827936003245582 0.2369712057091511 0
0.1830912787360869 0.2379197512837765 0
0.1837639040946144 0.2371876814298688 0
0.1840615825061799 0.2381362270045283 0
0.1833889571476136 0.2388682968584485 0
0.1843592609177423 0.2390847725792216 0
0.1850318862762989 0.2383527027252909 0
0.1853295646878876 0.2393012483000102 0
0.1860021900464615 0.2385691784460491 0
0.1862998684580708 0.2395177240208126 0
0.1869724938166781 0.2387856541668134 0
0.1872701722282921 0.2397341997416178 0
0.1879427975869327 0.2390021298875829 0
0.1882404759985634 0.2399506754624329 0
0.1889131013572375 0.2392186056083612 0
0.1892107797688891 0.2401671511832683 0
0.1898834051275984 0.239435081329147 0
0.1901810835392699 0.2403836269041139 0
0.1908537088980213 0.2396515570499463 0
0.1911513873097156 0.2406001026249774 0
0.1918240126685153 0.2398680327707516 0
0.1921216910802337 0.2408165783458595 0
0.192794316439089 0.2400845084915722 0
0.1930919948508444 0.2410330540667744 0
0.1937646202097711 0.240300984212402 0
0.1940622986215628 0.2412495297877248 0
0.1947349239805806 0.2405174599332545 0
0.195032602392405 0.2414660055087151 0
0.195705227751548 0.2407339356541224 0
0.1960029061634454 0.2416824812297727 0
0.196675531522715 0.2409504113750327 0
0.1969732099346762 0.2418989569508926 0
0.1976458352941073 0.2411668870959739 0
0.1979435137061194 0.2421154326720799 0
0.1986161390657545 0.2413833628169699 0
0.1989138174778514 0.2423319083932923 0
0.1995864428376808 0.2415998385380164 0
0.1998841212498596 0.242548384114557 0
0.2005567466099255 0.2418163142590798 0
0.2008544250221537 0.2427648598359911 0
0.2015270503824038 0.2420327899802687 0
0.2018247287938399 0.2429813355566354 0
0.2024973541551496 0.2422492657011028 0
0.1924193694919457 0.2417651239209879 0
0.1885381544101689 0.2408992210372886 0
0.2027950325667579 0.2431978112771484 0
0.2034676579282377 0.2424657414226249 0
0.1953302808042152 0.2424145510842053 0
0.1856272430994576 0.2402497938747611 0
0.1804780458378071 0.2382188696961237 0
0.2037653363408322 0.243414286999481 0
0.2044379617016478 0.2426822171439931 0
0.1982411921181351 0.2430639782480692 0
0.2047356401131346 0.2436307627209953 0
0.2054082654750028 0.2428986928654381 0
0.1731589369623632 0.1660153109262791 0
0.1724863116018027 0.1667473807829538 0
0.167720955498843 0.2291978177562881 0
0.2372762543949526 0.1776735475108301 0
0.2369785759834903 0.1767250019365424 0
0.2297456298441397 0.1680542586997857 0
0.2300433082556373 0.1690028042738267 0
0.2253235350182132 0.1855924828827083 0
0.2259961603764379 0.1848604130286421 0
0.2220376767614609 0.186623671150087 0
0.1832572115550156 0.2211962397136305 0
0.1675892098858402 0.2115257606009032 0
0.168559513655974 0.2117422363212959 0
0.1604449279403008 0.1887606668024651 0
0.1771605019740714 0.1960184606265651 0
0.1914401715827437 0.1753866716507967 0
0.1941306730221124 0.1724583922281453 0
0.1866748154041706 0.2378371085900955 0
0.1905560304856861 0.2387030114711096 0
0.194437245568462 0.239568914354712 0
0.2413664836933438 0.1935823465477978 0
0.1983184606537611 0.2404348172387548 0
0.2021996757430628 0.2413007201230324 0
0.2263369201907861 0.2175753663894178 0
0.2270095455506215 0.2168432965333079 0
0.2057059438868354 0.2438472384411199 0
0.2063785692487987 0.2431151685872521 0
0.2060808908361184 0.242166623009013 0
0.2070511946098082 0.2423830987305946 0
0.2073488730225641 0.2433316443088549 0
0.2080214983836593 0.2425995744520996 0
0.1561773701950326 0.201040568954793 0
0.1564750486180439 0.2019891145283715 0
0.243307091237293 0.1940152979851607 0
0.2430094128251783 0.1930667524108137 0
0.155879691778954 0.2000920233840407 0
0.1623969312127746 0.1777284286177883 0
0.1630695565735465 0.1769963587608949 0
0.1617243058525642 0.1784604984745194 0
0.1578089036500038 0.2119901644003243 0
0.1581065820619179 0.2129387099746721 0
0.1674802556736686 0.1709233241974504 0
0.1668076303130209 0.1716553940540912 0
0.1681528810342953 0.1701912543408429 0
0.1775671345293286 0.2375694425338196 0
0.2083191767963744 0.243548120030401 0
0.2089918021575876 0.242816050173618 0
0.2011521034319229 0.2437134054105569 0
0.1571590696742259 0.1897918550728684 0
0.1574567480871328 0.1907404006500944 0
0.2435933739639898 0.2064290331013648 0
0.2432956955511426 0.2054804875245154 0
0.1678868882977705 0.2124743061753898 0
0.2360082722137871 0.1765085262161519 0
0.2366808975716293 0.1757764563624302 0
0.235710593801724 0.1755599806421061 0
0.2363832191598871 0.1748279107881806 0
0.2354129153899361 0.1746114350677831 0
0.1801258903643024 0.2169691059691078 0
0.1819689394597263 0.165334431404578 0
0.181671261046869 0.1643858858265335 0
0.1826415648205956 0.1646023615478368 0
0.1823438864076934 0.1636538159697137 0
0.1833141901814677 0.163870291691064 0
0.1830165117686109 0.1629217461128615 0
0.1820462079946819 0.1627052703915104 0
0.1827188333557064 0.1619732005345342 0
0.1817485295816008 0.1617567248131638 0
0.1824211549426861 0.1610246549561244 0
0.1833914587168058 0.1612411306775456 0
0.1830937803038046 0.1602925850990356 0
0.1840640840778538 0.160509060820499 0
0.1837664056649611 0.1595605152419162 0
0.1847367094390142 0.1597769909633934 0
0.1814508511685562 0.160808179234706 0
0.184439031026135 0.1588284453847861 0
0.1854093348003031 0.159044921106281 0
0.2294479514330832 0.1671057131187236 0
0.2098100704202746 0.1706636817614459 0
0.210780374190697 0.1708801574820311 0
0.226293838788276 0.1858089586031288 0
0.2269664641464846 0.1850768887490867 0
0.2266687857346724 0.18412834317462 0
0.2276390895046995 0.1843448188950623 0
0.2279367679165227 0.1852933644695006 0
0.2286093932746995 0.1845612946155257 0
0.2283117148628974 0.1836127490410696 0
0.2292820186329027 0.1838292247614893 0
0.2295796970446868 0.1847777703359388 0
0.2302523224028706 0.184045700481929 0
0.1975482768927041 0.1890992611522449 0
0.1978459553049183 0.1900478067277344 0
0.1824642363126783 0.1927910627933322 0
0.1942079415576144 0.1698292312189043 0
0.1951782453295216 0.1700457069399805 0
0.1676006056102055 0.2000605710086027 0
0.1669279802513005 0.2007926408635048 0
0.170345584131374 0.2174335097674674 0
0.1584270518599407 0.1909568763709969 0
0.1577544264999218 0.1916889462271263 0
0.1567841227272552 0.1914724705062658 0
0.1570818011399813 0.1924210160831273 0
0.1828822646085599 0.2228768551442871 0
0.1818460880273814 0.2138243508322052 0
0.181548409615481 0.2128758052575896 0
0.1985958491983416 0.1866865758669304 0
0.199268474557373 0.1859545060119863 0
0.2416527664184097 0.2059960816599614 0
0.1857070132129084 0.159993466684981 0
0.1863796385743441 0.159261396827765 0
0.186081960161509 0.1583128512494452 0
0.1870522639355664 0.1585293269708644 0
0.1873499423478703 0.1594778725496971 0
0.1880225677093811 0.1587458026923552 0
0.187724889296654 0.1577972571140431 0
0.1886951930705339 0.1580137328354505 0
0.188992871482368 0.1589622784157816 0
0.1896654968439808 0.1582302085580246 0
0.1893678184315162 0.1572816629788986 0
0.190338122205219 0.157498138700513 0
0.1906358006177522 0.1584466842793315 0
0.1913084259788193 0.1577146144220637 0
0.1916061043914342 0.1586631600000003 0
0.1922787297522534 0.1579310901434303 0
0.1919810513397577 0.1569825445654813 0
0.1929513551130486 0.1571990202870722 0
0.1932490335255133 0.158147565864762 0
0.1939216588861555 0.1574154960086182 0
0.1942193372985425 0.1583640415860811 0
0.1948919626590085 0.1576319717300583 0
0.1945942842468325 0.1566834261525457 0
0.1955645880194939 0.1568999018741986 0
0.1958622664310838 0.1578484474508877 0
0.1965348917912398 0.1571163775950478 0
0.1962372133800038 0.1561678320181464 0
0.1972075171520184 0.1563843077400801 0
0.1975051955610465 0.1573328533207146 0
0.1981778209230133 0.1566007834642756 0
0.1750653573630166 0.2008438311976834 0
0.1841071654429689 0.1922754686590573 0
0.185077469214358 0.1924919443798676 0
0.1771832934060617 0.173088081410127 0
0.1778331273332798 0.1952863907715171 0
0.1703797712763727 0.1830379409782922 0
0.1700820928637043 0.1820893954009617 0
0.1691231848077865 0.1704077300620576 0
0.1688255063949264 0.1694591844842013 0
0.1831799430203525 0.2238254007189756 0
0.2307159336135719 0.1682707344160681 0
0.2310136120252418 0.1692192799937113 0
0.2303409866670805 0.1699513498479316 0
0.2313112904367843 0.170167825568498 0
0.2306386650785966 0.1708998954222474 0
0.2319839157949777 0.1694357557148005 0
0.232281594206552 0.1703843012891967 0
0.1609516205623279 0.2047521085511317 0
0.1602789952039047 0.2054841784055846 0
0.1638625318728188 0.2054015357124225 0
0.1768856149933304 0.1721395358325754 0
0.1702138385113854 0.1997614525949418 0
0.1699161600991915 0.1988129070193369 0
0.2273072239635461 0.2177918421103174 0
0.2279798493233999 0.2170597722542318 0
0.2360855407481546 0.1738793652138242 0
0.210173621640232 0.1804482559250487 0
0.1841502467906679 0.2240418764395442 0
0.1897085781838052 0.1899966164051446 0
0.1914946486547496 0.1956878898588735 0
0.1752426858597549 0.1726551299677642 0
0.2068104948475178 0.1841086051965058 0
0.1721886331889095 0.1657988352051269 0
0.1620992527997044 0.1767798830396569 0
0.1627718781605363 0.1760478131827241 0
0.2438910523778425 0.2073775786779313 0
0.1665099519001433 0.1707068484761845 0
0.1658373265410012 0.1714389183323893 0
0.1978801425123903 0.1556522378848831 0
0.198850446283808 0.1558687136071343 0
0.199148124694961 0.1568172591854274 0
0.1998207500551601 0.1560851893287178 0
0.2001184284667915 0.1570337349045972 0
0.2007910538264109 0.1563016650496766 0
0.2010887322365829 0.1572502106289902 0
0.2017613575970252 0.1565181407715025 0
0.2442659993244363 0.2056969632447415 0
0.2439683209109361 0.2047484176683413 0
0.209289480570151 0.2437645957521118 0
0.2099621059315896 0.2430325258951882 0
0.2379488797529292 0.1769414776570586 0
0.2382465581645825 0.1778900232310894 0
0.1555047448383994 0.2017726388093582 0
0.1558024232508544 0.202721184384213 0
0.1834687272519358 0.1586119696632685 0
0.1561114973675061 0.1922045403623774 0
0.1564091757801732 0.1931530859390504 0
0.2014636791857703 0.1555695951955097 0
0.2024339829565434 0.1557860709167175 0
0.2027316613678864 0.1567346164921394 0
0.2034042867270778 0.1560025466378822 0
0.203701965138448 0.156951092213151 0
0.2043745904975069 0.1562190223590648 0
0.2046722689088525 0.1571675679342495 0
0.2053448942679132 0.156435498080428 0
0.2056425726791775 0.1573840436553989 0
0.2063151980381848 0.1566519738016325 0
0.2066128764494113 0.1576005193764961 0
0.2072855018082914 0.1568684495226769 0
0.2075831802195638 0.157816995097562 0
0.2082558055784032 0.1570849252438121 0
0.2085534839896603 0.1580334708186361 0
0.2092261093484568 0.1573014009649508 0
0.2095237877596833 0.1582499465396963 0
0.2101964131184161 0.1575178766860211 0
0.2069878233973457 0.155919903947974 0
0.2098987347072195 0.1565693311113385 0
0.2108690384771136 0.1567858068324077 0
0.2111667168883188 0.1577343524070389 0
0.2118393422469593 0.1570022825534751 0
0.2121370206579489 0.1579508281278395 0
0.2128096460167209 0.1572187582743951 0
0.2131073244263684 0.1581673038523417 0
0.2137799497861818 0.157435233996002 0
0.2140776281959769 0.1583837795741523 0
0.2147502535556986 0.1576517097173556 0
0.2150479319696659 0.158600255294722 0
0.215720557325864 0.157868185438347 0
0.2160182357418246 0.1588167310149702 0
0.2166908610958138 0.1580846611592078 0
0.2169885395059748 0.1590332067326714 0
0.2104826957788343 0.1699316119071961 0
0.2114529995491826 0.1701480876277693 0
0.2305500008146367 0.1849942460563672 0
0.2312226261727979 0.1842621762023708 0
0.2256212134300659 0.1865410284571703 0
0.1948805669173155 0.169097161363595 0
0.195850870689175 0.1693136370845725 0
0.1961485491014463 0.1702621826608922 0
0.1968211744610339 0.1695301128055569 0
0.1971188528733182 0.1704786583817793 0
0.1977914782324396 0.169746588527932 0
0.1974937998205066 0.1687980429506095 0
0.1984641035921358 0.1690145186716349 0
0.1987617820039846 0.1699630642490814 0
0.1994344073636496 0.1692309943926389 0
0.1997320857759067 0.1701795399681866 0
0.2004047111347561 0.1694474701148357 0
0.200107032722968 0.168498924537703 0
0.2010773364943157 0.168715400258552 0
0.2013750149059815 0.1696639458359112 0
0.2020476402655365 0.1689318759794879 0
0.1939102631458283 0.1688806856409497 0
0.1810961941344383 0.2171855816895947 0
0.1804235687761523 0.2179176515437178 0
0.1822096392501015 0.2236089249984107 0
0.1795850106033507 0.2353732329729421 0
0.1834662256830324 0.2362391358552153 0
0.1912197617057937 0.1718089650640454 0
0.198298170786735 0.1857380302918918 0
0.1989707961459007 0.1850059604370222 0
0.1700479057195842 0.2164849641936081 0
0.1707205310766148 0.2157528943398347 0
0.1693752803617049 0.2172170340471639 0
0.1706774496890725 0.1839864865555405 0
0.1691117890907085 0.1818729196798515 0
0.1697844144510266 0.1811408498235738 0
0.1747245975617197 0.1681288778032071 0
0.166630301839084 0.199844095288036 0
0.1659576764802226 0.2005761651429629 0
0.1634331077953481 0.1867809329533909 0
0.1870408682046558 0.1699945165991495 0
0.1774809718187862 0.1740366269876144 0
0.1768628235618016 0.1950699150507538 0
0.1781535971791818 0.1733045571313094 0
0.1805464202037817 0.1694277321299119 0
0.1834776214323282 0.2247739462929799 0
0.1844479252025462 0.2249904220141928 0
0.171350075049233 0.1832544166994068 0
0.2067535161970735 0.2414345531524341 0
0.1847797908021829 0.1915433988040256 0
0.1640398603464656 0.1772128344824088 0
0.2096644275219976 0.2420839803223687 0
0.2106347312932292 0.2423004560425532 0
0.2109324097057645 0.2432490016174598 0
0.211605035066992 0.2425169317605978 0
0.2113073566537862 0.2415683861888899 0
0.212277660428089 0.2417848619041484 0
0.2125753388410465 0.2427334074816553 0
0.2132479642022017 0.2420013376244238 0
0.2129502857892582 0.2410527920460004 0
0.2139205895633167 0.2412692677671641 0
0.2136229111503221 0.2403207221888045 0
0.2145932149243685 0.2405371979101616 0
0.2148908933373564 0.2414857434885657 0
0.2155635186984251 0.2407536736315457 0
0.2152658402881202 0.2398051280555958 0
0.2162361440599385 0.2400216037749026 0
0.2165338224725809 0.2409701493529999 0
0.2172064478336121 0.2402380794959176 0
0.2169087694205959 0.2392895339175445 0
0.2178790731945218 0.239506009638799 0
0.2175813947814467 0.2385574640604975 0
0.2185516985554171 0.2387739397817511 0
0.218849376968499 0.239722485360071 0
0.2195220023293885 0.2389904155030022 0
0.2192243239163058 0.2380418699247643 0
0.2201946276902253 0.2382583456459777 0
0.2198969492771727 0.2373098000678122 0
0.2208672530510262 0.2375262757890237 0
0.221164931464109 0.2384748213671796 0
0.2218375568249131 0.2377427515101908 0
0.2221352352379947 0.2386912970883517 0
0.2228078605987629 0.2379592272313643 0
0.22251018218567 0.237010681653301 0
0.2234804859594336 0.237227157374427 0
0.2231828075482847 0.2362786117990744 0
0.2241531113203556 0.2364950875179947 0
0.2238554329078151 0.2355465419464735 0
0.2248257366808093 0.2357630176619848 0
0.225123415093732 0.2367115632388948 0
0.2257960404541949 0.2359794933818269 0
0.2254983620411801 0.2350309478042522 0
0.2264686658146433 0.2352474235251026 0
0.2261709874016138 0.2342988779473821 0
0.2271412911751227 0.2345153536684246 0
0.2268436127620503 0.2335668080906569 0
0.2278139165355708 0.2337832838117305 0
0.2275162381224951 0.2328347382339533 0
0.2284865418959982 0.2330512139549991 0
0.2281888634829433 0.2321026683772295 0
0.2291591672564701 0.2323191440982779 0
0.2288614888434106 0.2313705985204928 0
0.2298317926169283 0.2315870742415203 0
0.2295341142038937 0.2306385286637234 0
0.2305044179774427 0.2308550043847462 0
0.2301294710300707 0.2325356198192494 0
0.2302067395644026 0.2299064588069314 0
0.2311770433380164 0.2301229345279611 0
0.2040630147517179 0.2443628325751913 0
0.2439797165952254 0.193283228130945 0
0.2436820381831192 0.1923346825566574 0
0.2176611648643766 0.158301136879597 0
0.2179588432753012 0.1592496824535699 0
0.1571362782919619 0.2127222342543641 0
0.1574339567038601 0.2136707798286502 0
0.2274389695883756 0.2354638992462072 0
0.2329542195647928 0.1696522314354475 0
0.2448059608131997 0.1872931032776694 0
0.2422708929516877 0.1849627996762686 0
0.1567727270376151 0.2029376601011616 0
0.1561001016642586 0.2036697299587099 0
0.2351152369781549 0.1736628894934148 0
0.2357878623363296 0.1729308196394181 0
0.2111553211373468 0.1691995420529713 0
0.212125624907647 0.1694160177735431 0
0.2101850173670039 0.1689830663323883 0
0.2023453186775254 0.1698804215551107 0
0.2030179440366808 0.1691483517000704 0
0.203315622448668 0.1700968972755647 0
0.2039882478076729 0.1693648274208375 0
0.2069105548575473 0.1585490649579665 0
0.2036905693957319 0.1684162818454037 0
0.2046608731666357 0.1686327575661867 0
0.1968756515337656 0.1898313310071483 0
0.1965779731215586 0.1888827854315973 0
0.1971733299460054 0.1907798765826187 0
0.1981436337170863 0.1909963523031829 0
0.1974710083582332 0.1917284221580138 0
0.1984413121292584 0.1919448978785945 0
0.1977686867704386 0.1926769677333615 0
0.1987389905413879 0.1928934434539444 0
0.1980663651826225 0.1936255133086641 0
0.199036668953533 0.1938419890292241 0
0.2315203045845572 0.185210721776769 0
0.2321929300183441 0.1844786515836979 0
0.2043631947551269 0.1676842119880177 0
0.2053334985251821 0.1679006877131224 0
0.1825187133857082 0.2130922809780342 0
0.1822210349737995 0.2121437354034019 0
0.1828163917976015 0.2140408265526924 0
0.1812507312035636 0.2119272596829606 0
0.1819233565618849 0.2111951898287688 0
0.180953052791612 0.2109787141083187 0
0.2289843402211037 0.1828806791870641 0
0.1740519722011306 0.1688609476598451 0
0.1935467119377771 0.1590961114431705 0
0.1945170157110066 0.1593125871634275 0
0.1855727660425362 0.2199485757267936 0
0.1926536767005981 0.1562504747091882 0
0.2429980171384623 0.2045319419476934 0
0.2436706424981906 0.2037998720918313 0
0.2446409462711815 0.2040163478120312 0
0.2443432678575868 0.2030678022360916 0
0.243372964085615 0.202851326515503 0
0.24404558944489 0.202119256659976 0
0.212423303319561 0.1703645633485293 0
0.2130959286778719 0.1696324934941344 0
0.2342652831617777 0.202583660523557 0
0.1997092943122837 0.1931099191745336 0
0.2000069727244 0.1940584647497631 0
0.2006795980831255 0.1933263948951209 0
0.2009772764952462 0.1942749404703044 0
0.2016499018539339 0.1935428706156949 0
0.2003046511366365 0.1950070103249312 0
0.2019475802660439 0.1944914161908264 0
0.2026202056247079 0.1937593463362385 0
0.240307515698487 0.2074602213723489 0
0.1955531922777747 0.1683650915066285 0
0.2318724601363323 0.2064604855228402 0
0.1636307262712981 0.2132890187223367 0
0.1981664251805419 0.1680659730931001 0
0.1685050365389998 0.1914410181431514 0
0.1658145351043542 0.1943692975633904 0
0.2245508497137549 0.2118840929286975 0
0.1980232838415511 0.1618591054916906 0
0.1734883010420897 0.210195453920119 0
0.2368671203651957 0.213749731665033 0
0.1762332795575813 0.2275683926682819 0
0.2057832124234164 0.2412180774309147 0
0.2179018646504761 0.216575630478348 0
0.1909334790307756 0.1593952298562807 0
0.2050472158571579 0.1554869525055018 0
0.1750425659052428 0.2237742103730714 0
0.1716477534618953 0.1842029622765893 0
0.1796964663411512 0.1983485032194176 0
0.1728612585493332 0.1650667653484113 0
0.2001729055184953 0.1773349531455495 0
0.2282116549251135 0.2091722892258835 0
0.2205923660903358 0.2136473510548933 0
0.22126499144998 0.21291528119902 0
0.2202946876778032 0.2126988054783675 0
0.2209673130373055 0.2119667356226783 0
0.2199970092652735 0.2117502599019769 0
0.220669634624733 0.2110181900463781 0
0.219699330852772 0.2108017143256564 0
0.2203719562121533 0.2100696444701457 0
0.2194016524402852 0.2098531687494428 0
0.2200742777995785 0.2091210988940121 0
0.2191039740277892 0.2089046231733499 0
0.2184313486684917 0.2096366930287293 0
0.2181336702560477 0.2086881474526955 0
0.2174610448967916 0.2094202173080205 0
0.2197765993870566 0.2081725533179723 0
0.2171633664843811 0.2084716717319799 0
0.2164907411251467 0.2092037415873142 0
0.2161930627127531 0.2082551960113241 0
0.2155204373525167 0.2089872658671444 0
0.2152227589409676 0.2080387202908415 0
0.2145501335803896 0.2087707901462301 0
0.2142524551693078 0.2078222445702028 0
0.2135798298104958 0.2085543144253104 0
0.2158953843007517 0.2073066504352834 0
0.2132821513981205 0.2076057688495096 0
0.2126095260390578 0.2083378387046388 0
0.2129072044495253 0.2092863842803099 0
0.2119369006797362 0.2090699085597016 0
0.2116392222676105 0.2081213629839752 0
0.2109665969084322 0.2088534328391001 0
0.2112642753187976 0.2098019784147563 0
0.2102939715491553 0.2095855026941237 0
0.2099962931370705 0.2086369571184457 0
0.2093236677778998 0.2093690269735125 0
0.2096213461897649 0.2103175725489141 0
0.2086510424187313 0.2101010968285094 0
0.2083533640065603 0.2091525512528129 0
0.2076807386474347 0.2098846211078519 0
0.207383060235141 0.2089360755321567 0
0.2067104348760732 0.20966814538714 0
0.2070081132883212 0.2106166909628404 0
0.2060378095169943 0.2104002152421025 0
0.2057401311047748 0.2094516696664224 0
0.2050675057457001 0.2101837395213565 0
0.2047698273335498 0.2092351939456953 0
0.20409720197447 0.2099672638006062 0
0.2043948803866104 0.2109158093762638 0
0.2034245766153699 0.2106993336555062 0
0.2031268982032795 0.2097507880798565 0
0.2024542728435922 0.210482857934194 0
0.2021565944319949 0.2095343123590473 0
0.2014839690723305 0.2102663822133242 0
0.2011862906608052 0.2093178366383106 0
0.2005136653017898 0.210049906493087 0
0.2002159868902017 0.2091013609159506 0
0.199543361530914 0.2098334307721529 0
0.19924568311927 0.2088848851949487 0
0.1985730577599675 0.2096169550512919 0
0.1982753793479187 0.2086684094759169 0
0.2027519512476496 0.2114314035108032 0
0.1988707361696028 0.2105655006247891 0
0.1976027539889224 0.2094004793309113 0
0.1973050755769162 0.2084519337555559 0
0.2018589160222057 0.2085857667816309 0
0.1966324502179887 0.2091840036102502 0
0.196334771805994 0.208235458034947 0
0.2158181157628005 0.2099358114440318 0
0.1956621464471072 0.2089675278896008 0
0.1959598248591057 0.2099160734648954 0
0.1989480047067924 0.2079363396186498 0
0.1953644680350966 0.2080189823143274 0
0.1960370933939501 0.2072869124596979 0
0.2207469031587839 0.2083890290385876 0
0.2204492247462748 0.2074404834626152 0
0.2214195285179503 0.2076569591832007 0
0.2211218501054633 0.206708413607279 0
0.2220921538771205 0.2069248893278606 0
0.2217944754646052 0.2059763437519782 0
0.2208241716930621 0.2057598680314025 0
0.2214967970521197 0.2050277981761777 0
0.2205264932806926 0.2048113224556036 0
0.2211991186396801 0.2040792526004627 0
0.2221694224110711 0.2042957283209836 0
0.2218717439986287 0.2033471827453415 0
0.2228420477699664 0.203563658465837 0
0.2202288148682781 0.2038627768799469 0
0.2225443693575631 0.2026151128902678 0
0.2235146731288126 0.2028315886107276 0
0.2232169947162523 0.2018830430350749 0
0.2241872984876008 0.2020995187556378 0
0.2222466909447607 0.2016665673146913 0
0.223889620075061 0.2011509731800433 0
0.2248599238464057 0.2013674489006369 0
0.2245622454340296 0.2004189033252427 0
0.2255325492051947 0.2006353790456872 0
0.2258302276176107 0.2015839246211066 0
0.2265028529763461 0.2008518547660798 0
0.2262051745640029 0.1999033091907049 0
0.2271754783350565 0.2001197849110673 0
0.2238123515412375 0.2037801341862798 0
0.2268777999227585 0.1991712393357588 0
0.2278481036937588 0.1993877150561357 0
0.226800531388736 0.2018004003415673 0
0.1949895210882407 0.2096995977442208 0
0.1952871995002541 0.2106481433195328 0
0.2275504252813678 0.1984391694808934 0
0.2285207290523637 0.1986556452012317 0
0.1950667896231027 0.2070704367390728 0
0.2288184074647757 0.199604190776504 0
0.2294910328233762 0.1988721209215459 0
0.2291933544109657 0.1979235753463471 0
0.2301636581819204 0.1981400510666218 0
0.1957394149818905 0.2063383668844897 0
0.229865979769611 0.1971915054914996 0
0.2308362835404739 0.1974079812117474 0
0.2265801215104947 0.1982226937605128 0
0.1943168957293741 0.2104316675988345 0
0.1946145741413751 0.2113802131741794 0
0.1947691112110839 0.2061218911639128 0
0.1940964858522663 0.206853961018524 0
0.2311339619528587 0.1983565267868863 0
0.2318065873113243 0.1976244569319738 0
0.2315089088989389 0.1966759113569151 0
0.2324792126697457 0.1968923870771034 0
0.2321815342572988 0.1959438415021388 0
0.2331518380280677 0.1961603172222986 0
0.1954417365699148 0.2053898213093574 0
0.1964120403406319 0.2056062970299382 0
0.1955848779123139 0.2115966888948721 0
0.1949122525533782 0.2123287587495687 0
0.1958825563243943 0.212545234470275 0
0.1952099309654048 0.2132773043250074 0
0.1961802347364587 0.213493780045768 0
0.1942396271944331 0.2130608286042468 0
0.1945373056064063 0.2140093741797228 0
0.2195561895093687 0.2045948467350189 0
0.2192585110969791 0.2036463011594296 0
0.2334495164405215 0.1971088627972703 0
0.234122141798834 0.1963767929424283 0
0.2338244633863554 0.1954282473675224 0
0.234794767157076 0.1956447230876274 0
0.1944714327988766 0.2051733455890479 0
0.2344970887446396 0.1946961775128164 0
0.2354673925192315 0.1949126532319242 0
0.2223898322896174 0.2078734349038345 0
0.2230624576488323 0.2071413650484316 0
0.218585885738115 0.2043783710143512 0
0.2182882073257862 0.2034298254388665 0
0.2189608326846734 0.2026977555838861 0
0.217990528913537 0.2024812798634074 0
0.2186631542723031 0.2017492100084968 0
0.217692850501298 0.2015327342880242 0
0.2170202251425087 0.2022648041428617 0
0.2183654758600535 0.2008006644332262 0
0.2167225467303164 0.2013162585675382 0
0.2160499213715632 0.2020483284223004 0
0.2157522429593934 0.201099782847018 0
0.2150796176006478 0.2018318527017528 0
0.2153772960128146 0.2027803982770496 0
0.214406992241873 0.2025639225565095 0
0.2141093138297204 0.2016153769812194 0
0.2134366884709519 0.2023474468359517 0
0.2131390100587942 0.2013989012606945 0
0.2124663847000468 0.2021309711154046 0
0.2127640631121608 0.2030795166904863 0
0.2117937593413252 0.2028630409698015 0
0.2114960809291438 0.2019144953948127 0
0.2108234555703726 0.2026465652494605 0
0.2111211339814839 0.2035951108245442 0
0.210150830211223 0.2033786351039621 0
0.2098531517995246 0.2024300895288284 0
0.2091805264406461 0.2031621593835469 0
0.2094782048525465 0.2041107049587139 0
0.2085079010817739 0.2038942292381822 0
0.2082102226697414 0.2029456836628913 0
0.2075375973109056 0.2036777535175388 0
0.207835275722938 0.2046262990928576 0
0.2068649719520431 0.2044098233721709 0
0.206567293540015 0.2034612777968609 0
0.2058946681811702 0.2041933476514713 0
0.2235919416630087 0.2002024276048068 0
0.2321042657237606 0.1985730025070981 0
0.1801372860927964 0.2055039163804556 0
0.1927854223026065 0.1739225319392638 0
0.1819119608385741 0.2226603794230489 0
0.1587906031168347 0.2007414505467278 0
0.1692866160903932 0.2313113846227225 0
0.2262393617128692 0.1655077403909083 0
0.1690776019498669 0.2162684884733218 0
0.1684049765919987 0.2170005583268774 0
0.1687026550037931 0.2179491039009178 0
0.1846024622720062 0.2197321000062683 0
0.1852750876305259 0.2190000301518784 0
0.227252746869082 0.1974906239057305 0
0.2262824430982097 0.1972741481853864 0
0.1631240336671 0.1972975769755579 0
0.2149136847997884 0.2185553643249759 0
0.2335039935606927 0.2174100809487172 0
0.219324383904156 0.2124823297582915 0
0.189124617090325 0.1766343356415266 0
0.1884519917303959 0.1773664054973558 0
0.1894222955028253 0.1775828812183615 0
0.1887496701429039 0.1783149510741302 0
0.1877793663706067 0.1780984753531787 0
0.1880770447831326 0.1790470209299103 0
0.1890473485554069 0.1792634966508476 0
0.1883747231956411 0.1799955665065354 0
0.1874044194233826 0.1797790907856505 0
0.1877020978358925 0.1807276363622236 0
0.1867317940636468 0.1805111606413364 0
0.217504126246612 0.2411866250742904 0
0.2258074361843101 0.224514303793556 0
0.163994277491084 0.223073592876174 0
0.1927740265654007 0.1853877215534486 0
0.190040443792568 0.156549593122103 0
0.1825529005591849 0.1786967121815042 0
0.2164248683180855 0.2003677129923123 0
0.166255354892449 0.2015247107183746 0
0.2237781643725258 0.2381757029524143 0
0.239634890338454 0.2081922912285786 0
0.2393372119256627 0.2072437456515488 0
0.1696070859607338 0.209329551038437 0
0.2109552011754449 0.2203186224509146 0
0.1853751476265252 0.1934404899556499 0
0.1860477729857158 0.192708420100694 0
0.1863454513978688 0.1936569656764401 0
0.2312112304866175 0.1957273657819419 0
0.1904242848969523 0.2210309543295865 0
0.2063354879291887 0.2113487608178562 0
0.2100418760452822 0.1627761987048483 0
0.2188404827645828 0.1735605088222282 0
0.2195131081227927 0.1728284389682524 0
0.2185428043528053 0.1726119632478045 0
0.2192154297110108 0.1718798933938489 0
0.2201857334809533 0.1720963691142834 0
0.2182451259410412 0.1716634176733936 0
0.2198880550691922 0.1711478235399244 0
0.2208583588390821 0.1713642992603423 0
0.2205606804270875 0.1704157536855238 0
0.2215309841971383 0.1706322294063675 0
0.2095782648162032 0.1785511647749391 0
0.2008772165068558 0.2198344806742417 0
0.2195903766568751 0.1701992779642898 0
0.2231169347431119 0.2274425832196641 0
0.184361762490579 0.1614576063991744 0
0.244277395007339 0.1942317737052133 0
0.1806667701123244 0.1985649789401035 0
0.211627826535185 0.2195865525951319 0
0.2106575227629022 0.2193700768742658 0
0.2113301481225727 0.2186380070185381 0
0.2103598443503922 0.2184215312976887 0
0.211032469709982 0.2176894614420322 0
0.2100621659378962 0.2174729857212006 0
0.210734791297423 0.2167409158656099 0
0.2097644875262427 0.2165244401438991 0
0.2104371128865771 0.2157923702879868 0
0.2114074166571802 0.2160088460098203 0
0.2090918621660109 0.2172565100001981 0
0.2087941837558947 0.2163079644220612 0
0.2081215583942499 0.2170400342791953 0
0.2078238799834153 0.2160914887019931 0
0.2071512546222662 0.2168235585584255 0
0.2068535762101908 0.2158750129816431 0
0.2061809508501574 0.2166070828378582 0
0.2111097382451112 0.2150603004333975 0
0.212080042016432 0.2152767761544263 0
0.2058832724383716 0.2156585372607022 0
0.2052106470784917 0.2163906071168926 0
0.2049129686659956 0.2154420615409441 0
0.2042403433066879 0.2161741313962375 0
0.2117823636039862 0.2143282305781615 0
0.2127526673757856 0.2145447062989466 0
0.2039426648943128 0.2152255858202245 0
0.2032700395350135 0.2159576556754863 0
0.202972361123157 0.2150091100973648 0
0.2022997357634872 0.2157411799543693 0
0.2020020573516539 0.2147926343762485 0
0.2013294319919662 0.2155247042334929 0
0.2010317535794388 0.2145761586586804 0
0.2003591282207093 0.2153082285117197 0
0.2108120598342796 0.2141117548560034 0
0.205442452692572 0.2085031240907971 0
0.1969960014208056 0.2189685777913756 0
0.1904787619508241 0.2413321724790152 0
0.242711734413128 0.1921182068364951 0
0.2433843597710543 0.1913861369823837 0
0.188947288568487 0.2048230368535521 0
0.1752857672406316 0.2044215377778844 0
0.1568385998800484 0.2117736886800471 0
0.1979346195658482 0.175953456127477 0
0.1841413526131498 0.1578798998060484 0
0.2116620136995642 0.1851909838020425 0
0.2265915172001177 0.1867575041775881 0
0.2147046706540499 0.2035124681318501 0
0.1930375177987046 0.2207318359147414 0
0.2114643952995837 0.1586828979816018 0
0.2115391622736304 0.2336809031787544 0
0.2122117876341252 0.2329488333223487 0
0.2112414838610112 0.2327323576008481 0
0.2119141092213533 0.2320002877447735 0
0.2109438054483427 0.231783812023282 0
0.2116164308085971 0.231051742167304 0
0.2106461270355968 0.2308352664461614 0
0.2113187523958635 0.2301031965899951 0
0.2103484486228882 0.2298867208688761 0
0.2110210739831596 0.2291546510127041 0
0.2119913777560804 0.2293711267337893 0
0.2116936993433895 0.2284225811565398 0
0.2126640031162697 0.2286390568776112 0
0.2096758232626365 0.2306187907250559 0
0.209378144849988 0.2296702451477781 0
0.208705519489817 0.2304023150036229 0
0.2084078410762377 0.229453769430675 0
0.20773521571653 0.2301858392827819 0
0.2074375373020118 0.2292372937127382 0
0.2067649119434085 0.2299693635625012 0
0.206467233529891 0.229020817988313 0
0.2057946081711693 0.2297528878410421 0
0.2054969297577428 0.2288043422682207 0
0.2048243043984287 0.2295364121197403 0
0.2045266259841695 0.2285878665497753 0
0.2038540006256952 0.2293199363992791 0
0.2035563222123935 0.2283713908253201 0
0.2028836968537336 0.2291034606778594 0
0.2025860184413142 0.2281549151012539 0
0.2019133930814586 0.2288869849559778 0
0.2016157146693537 0.2279384393795421 0
0.2009430893093001 0.2286705092348447 0
0.2006454108963229 0.2277219636624719 0
0.1999727855373667 0.2284540335146924 0
0.1996751071232605 0.2275054879447759 0
0.1990024817652879 0.2282375577943827 0
0.1987048033520386 0.2272890122206757 0
0.1980321779935923 0.2280210820729542 0
0.1977344995813209 0.2270725364968019 0
0.1970618742219389 0.2278046063512987 0
0.1967641958098414 0.2268560607753506 0
0.1960915704503768 0.2275881306302233 0
0.1957938920374956 0.2266395850581286 0
0.1951212666789285 0.2273716549100633 0
0.1948235882650206 0.2264231093403702 0
0.1941509629073915 0.2271551791898286 0
0.1938532844943132 0.2262066336164984 0
0.1931806591361974 0.2269387034685482 0
0.2123663247045492 0.2276905113038631 0
0.2133366284765998 0.2279069870220371 0
0.2130389500619101 0.2269584414531221 0
0.2140092538363311 0.2271749171668901 0
0.1928829807240924 0.2259901578928735 0
0.19221035536518 0.2267222277471597 0
0.1964665173946867 0.2259075152080753 0
0.2013180362538241 0.2269898938122211 0
0.2143069322492664 0.228123462742887 0
0.2149795576093941 0.2273913928866969 0
0.2146818791967176 0.2264428473095006 0
0.2156521829695839 0.2266593230302565 0
0.2061695551148051 0.2280722724244001 0
0.2153545045576436 0.2257107774566517 0
0.2163248083298412 0.225927253174697 0
0.2166224867424367 0.2268757987513814 0
0.2172951121025491 0.2261437288951185 0
0.2169974336905555 0.2251951833215907 0
0.2179677374627847 0.2254116590395742 0
0.2176700590475378 0.2244631134708213 0
0.2186403628224051 0.2246795891844053 0
0.1934783375484611 0.2278872490434946 0
0.19832985640609 0.2289696276483917 0
0.2031813752659656 0.2300520062535993 0
0.2090804664346833 0.2287216995832915 0
0.1816256781499627 0.2102466442540969 0
0.1806553743796582 0.2100301685336444 0
0.2207038217703011 0.1766226212662091 0
0.225555340620567 0.1777049998687236 0
0.1695842945017084 0.2322599301957474 0
0.1686139907332368 0.2320434544755627 0
0.2298773754564744 0.1857263159103766 0
0.1877996562569811 0.2327952623143105 0
0.2152772360221223 0.2283399384637178 0
0.2294365557011069 0.1785709027501041 0
0.1931147863382893 0.2181026749051384 0
0.2295138242382931 0.1759417417263533 0
0.1904039950061319 0.1663341673178517 0
0.2175611048568721 0.1838606771181438 0
0.1836866355591681 0.2398168424331311 0
0.2198196807424118 0.2399389610812435 0
0.218454140092593 0.1867063138429841 0
0.1952441181295254 0.1788817355487745 0
0.1614697088525909 0.2092783607041173 0
0.2297887112358301 0.1998206664968428 0
0.1680414253665165 0.2072159841684431 0
0.1679983439645989 0.175449576365259 0
0.2161499813314204 0.176488788238469 0
0.1765309579684596 0.2285169382415358 0
0.1755606541996575 0.2283004625217609 0
0.2181222745297909 0.2201533370642642 0
0.2280140364510862 0.1826642034666323 0
0.187381627968365 0.2027094699906876 0
0.1761015339415997 0.2098963355067955 0
0.2164590554810708 0.1659721441915435 0
0.1925650124264174 0.1703448253514623 0
0.1916808713375783 0.2336611651976266 0
0.1558138189546405 0.1912559947855819 0
0.2256326091535798 0.1750758388644806 0
0.1669393759410656 0.1893274512693393 0
0.206965031916201 0.1788502831883404 0
0.2054766398574394 0.1741075553098409 0
0.1741178450170563 0.1776969762689334 0
0.1718795590589233 0.176315479249307 0
0.1779217915750517 0.1811920401631658 0
0.1791125052254843 0.1849862224700987 0
0.1642488745022296 0.1922557306926646 0
0.2129616815291158 0.2295876024548277 0
0.1761471168180506 0.164035577077137 0
0.175176813044321 0.1638191013558923 0
0.1758494384051429 0.1630870314990529 0
0.1748791346312786 0.1628705557777698 0
0.175551759992144 0.1621384859208729 0
0.2266345986013069 0.218523911959182 0
0.1588564759542985 0.2095774791176975 0
0.1578861721841789 0.209361003397365 0
0.1765423536960057 0.2170517486615115 0
0.2287842203091981 0.2339997595327706 0
0.1994458031030762 0.1577658047665411 0
0.1994433015082917 0.2353929709654049 0
0.1779990601083076 0.1785628791533248 0
0.171304492163975 0.2291151750660053 0
0.2314747217510339 0.2310714801057122 0
0.2321473471116324 0.2303394102489488 0
0.2318496686985901 0.2293908646710671 0
0.2328199724723125 0.229607340392129 0
0.2325222940592139 0.2286587948141283 0
0.2334925978329764 0.2288752705352153 0
0.2331949194198632 0.2279267249571829 0
0.2341652231936482 0.2281432006782776 0
0.2338675447805226 0.2271946551002024 0
0.2348378485543156 0.2274111308213232 0
0.2345401701411939 0.2264625852432361 0
0.2355104739149996 0.2266790609643605 0
0.23521279550188 0.2257305153862967 0
0.2361830992756824 0.2259469911073999 0
0.2358854208625606 0.2249984455293388 0
0.2368557246361724 0.2252149212502659 0
0.2365580462232161 0.2242663756723774 0
0.2375283499968116 0.2244828513932744 0
0.2372306715838925 0.2235343058154175 0
0.2382009753576506 0.2237507815364771 0
0.237903296944491 0.2228022359585183 0
0.2388736007182976 0.2230187116795601 0
0.2385759223052272 0.2220701661015761 0
0.2168315008855307 0.2419186949314677 0
0.1673029271979423 0.1991120254330744 0
0.1890701400187894 0.156333117400469 0
0.2076465514352422 0.2442801898872594 0
0.2030293397759221 0.1576831620739198 0
0.1843389710317965 0.1843879856422381 0
0.2033245165980572 0.2362588738500867 0
0.1838094870307313 0.191326923083198 0
0.1726611386165282 0.216185845780288 0
0.1886154229448239 0.2382700600294305 0
0.1811189855944616 0.1942552025032479 0
0.2284320648038595 0.2127499958117293 0
0.2294023685764666 0.2129664715325367 0
0.1936442703705027 0.2111637374534511 0
0.1933465919585161 0.2102151918781669 0
0.1956735421527777 0.197502338311885 0
0.1882201861194721 0.1852538885257576 0
0.187493083686886 0.1656847401552464 0
0.2002590681978311 0.2408677686809198 0
0.1955620864215282 0.2345270680812021 0
0.1830051160419104 0.1743869357384281 0
0.2304499408830079 0.2105537862436883 0
0.1747790746551258 0.1884300960269545 0
0.1730905626303457 0.2348064485034538 0
0.172120258861615 0.234589972783111 0
0.1787692439166749 0.2298984352568726 0
0.1999410999165628 0.185222436157145 0
0.1996434215050106 0.184273890582095 0
0.2006137252756405 0.1844903663022305 0
0.2003160468640905 0.1835418207271667 0
0.2012863506345609 0.1837582964471491 0
0.2009886722225148 0.1828097508716634 0
0.2019589759935083 0.1830262265922865 0
0.2016612975814402 0.1820776810166913 0
0.2026316013525758 0.1822941567373289 0
0.2023339229404235 0.1813456111617924 0
0.1568613912612742 0.1888433094955621 0
0.19249663802686 0.2391359629128624 0
0.1678552026214035 0.1692427087629874 0
0.1685278279820319 0.1685106389063263 0
0.2417959077631491 0.2122029492594898 0
0.2424685331236341 0.2114708794027718 0
0.242766211536688 0.2124194249806411 0
0.2434388368973217 0.2116873551236724 0
0.1803146146015375 0.1773152151625007 0
0.1765220637660573 0.1623549616421735 0
0.1782511556301997 0.2253721831084388 0
0.2208127759682772 0.217225057640606 0
0.1963778531106909 0.2400018657966659 0
0.1881973946814013 0.2081842677092224 0
0.1688141106780266 0.1809243741024261 0
0.2124549889633711 0.2135961607226834 0
0.2134252927352213 0.2138126364434333 0
0.2137229711476862 0.2147611820196908 0
0.214395596507102 0.2140291121641652 0
0.1652850511214324 0.2013082349978444 0
0.2075262015742186 0.2151429431234991 0
0.1678210154879287 0.2036382775893013 0
0.1681072981793327 0.2160520127526949 0
0.2033042267115318 0.1815620868824626 0
0.180778225807456 0.161540249091814 0
0.1804805473943913 0.1605917035133307 0
0.2073057917005655 0.2115652365386216 0
0.1751084387031659 0.2326102389441583 0
0.1760787424722953 0.2328267146645656 0
0.1744700005379164 0.1989467400464536 0
0.1741723221257082 0.1979981944707893 0
0.2030065482993886 0.1806135413069514 0
0.1587247302725819 0.1919054219480078 0
0.1954645280029179 0.1824594421326703 0
0.1694867360386069 0.1801923042464082 0
0.1685164322641915 0.1799758285271305 0
0.1723203788218515 0.183470892421297 0
0.1726180572346611 0.1844194379977399 0
0.1732906825944122 0.18368736814308 0
0.173588361007322 0.1846359137188884 0
0.1742609863671899 0.1839038438635125 0
0.1704570398114375 0.180408779967334 0
0.17753544892108 0.1943378451956199 0
0.1730816684276468 0.1686444719386402 0
0.1733793468405529 0.1695930175164391 0
0.1815256181429926 0.2358061844138336 0
0.235830943755431 0.2046972273792921 0
0.1807871199944562 0.2277022256957487 0
0.1839184411744285 0.2319293594311566 0
0.1830254059452793 0.2290837227127298 0
0.2386645865657822 0.2079758155076217 0
0.2042859262196528 0.170313372996269 0
0.2000614498080874 0.2143596829358526 0
0.1993888244530452 0.2150917527850175 0
0.1961143619286665 0.2046577514548261 0
0.1970846656993388 0.2048742271753791 0
0.2138116354175884 0.2006668314059982 0
0.19191267695314 0.2257736821715763 0
0.1912400515941517 0.2265057520261941 0
0.193555606080845 0.2252580880451661 0
0.2055969897691727 0.2032448020762032 0
0.2049243644103297 0.2039768719307842 0
0.2072057316941249 0.2371247767361582 0
0.231033901998211 0.2239160669643115 0
0.1978890366550948 0.2218142145218896 0
0.2269550684567573 0.1965420783307007 0
0.1984071249403552 0.2263404666487677 0
0.2282775277363763 0.218008317831244 0
0.2203491647674954 0.233000023657179 0
0.2318838558448694 0.1949952959272683 0
0.2095326819211036 0.2244119231720673 0
0.2027405555147052 0.2228965931256582 0
0.235169714103546 0.1939641076580381 0
0.2361400178785423 0.1941805833751595 0
0.2032586438006125 0.2274228452530367 0
0.2101166430174173 0.2377742039037291 0
0.2124321975119658 0.2365265399118615 0
0.2163906811401081 0.2347632817845339 0
0.2157180557796179 0.2354953516411125 0
0.2066217706040051 0.2237624960090737 0
0.2252006836302612 0.2340824022282794 0
0.2289501530963992 0.2172762479750763 0
0.211848236413294 0.2231642591812953 0
0.199523071644125 0.1551366437514374 0
0.2135456426151917 0.2429498832027676 0
0.2389191835224428 0.1771579533774578 0
0.2392168619341059 0.1781064989513319 0
0.1724179372728315 0.2355385183563365 0
0.2373535229296746 0.1750443865087528 0
0.155129797891237 0.2034532542388716 0
0.1554274763031592 0.2044017998137095 0
0.1563977800736103 0.2046182755341013 0
0.1557251547145118 0.2053503453886635 0
0.1566954584920388 0.2055668211088286 0
0.1560228331277599 0.2062988909633507 0
0.1762243853530361 0.1614064160638894 0
0.2395462260789227 0.2222866418226536 0
0.2392485476658648 0.2213380962446911 0
0.2331176508852781 0.2305558859698975 0
0.1554388720078325 0.1929366102183601 0
0.1557365504202198 0.1938851557946172 0
0.2021363045451376 0.1548375253413155 0
0.2450158932166769 0.2023357323804719 0
0.2447182148040858 0.2013871868045868 0
0.1550525293564157 0.2060824152430142 0
0.1553502077684842 0.2070309608176741 0
0.2186314686335635 0.1585176126004135 0
0.2189291470446011 0.1594661581744304 0
0.2326565411513583 0.1687036858594676 0
0.2344629016067005 0.2290917462562619 0
0.1718909547759402 0.1648502896273936 0
0.171218329415516 0.1655823594839751 0
0.2402188514395158 0.2215545719657759 0
0.2399211730264314 0.2206060263878514 0
0.2443546635410356 0.1916026127026358 0
0.2429435228608813 0.1842307286341606 0
0.2419732300047987 0.1840142498311735 0
0.2426458580661146 0.1832821794248081 0
0.2416755565791452 0.1830657028957084 0
0.241002931432902 0.1837977725022019 0
0.2407052540701266 0.1828492267100431 0
0.2400326287712195 0.1835812962937036 0
0.2413778797261066 0.1821171569528911 0
0.2397349507271199 0.1826327506884608 0
0.2390623253693939 0.1833648202607714 0
0.2196017724028126 0.158734088321339 0
0.2198994508138494 0.1596826338953281 0
0.2371534030492635 0.2261634668276349 0
0.1618015743866575 0.1758313374614787 0
0.1624741997475156 0.1750992676045561 0
0.1611289490257854 0.1765634073184386 0
0.1634445035213684 0.175315743325806 0
0.1631468251083708 0.1743671977476617 0
0.1714476335040821 0.2353220426357496 0
0.168911669144521 0.2329920000484961 0
0.1655396481267408 0.1704903727548307 0
0.1648670227694282 0.1712224426105387 0
0.2367581661064069 0.1731472953598647 0
0.2358081523280767 0.2276276065423738 0
0.1561659745220217 0.2125057585340782 0
0.1558682961101105 0.2115572129597901 0
0.189742765379889 0.1556010475436582 0
0.2260937188672341 0.2369280389596576 0
0.2144525751448742 0.1567031641421922 0
0.2449500203652585 0.1934997038510022 0
0.2452476987782677 0.1944482494210893 0
0.2128730172539463 0.2436819530599984 0
0.1547662466477573 0.1936686800742133 0
0.1550639250605096 0.1946172256502395 0
0.1675575242085002 0.1682941631851122 0
0.1682301495691378 0.1675620933284423 0
0.2178018046597449 0.2421351706528687 0
0.2456885185756417 0.2016036625250391 0
0.2453908401630425 0.2006551169492402 0
0.2105713600659041 0.1558372612577457 0
0.2437365153104121 0.2126359007017073 0
0.2430638899497272 0.2133679705586563 0
0.2364604876945976 0.1721987497853111 0
0.2125119676054894 0.1562702126996817 0
0.1831710488387671 0.1576634240845011 0
0.1599813167917531 0.2045356328307598 0
0.1606539421502497 0.2038035629762548 0
0.2127982502660646 0.1686839479194424 0
0.213768554036338 0.1689004236401112 0
0.2140662324480426 0.1698489692146072 0
0.2147388578064746 0.169116899360655 0
0.1926739665996802 0.2109472617327232 0
0.1923762881876951 0.2099987161574977 0
0.1935670018354826 0.2137928984588848 0
0.2259188918419211 0.1874895740316151 0
0.2143753066092707 0.1593323251530999 0
0.217286217919492 0.1599817523059172 0
0.232490608367068 0.1854271974405771 0
0.2331632338029215 0.184695127238169 0
0.2344198202113421 0.1973253385174104 0
0.2444205363949841 0.200438641231965 0
0.2450931617509446 0.1997065713742396 0
0.1967983829994241 0.1924604920128565 0
0.19590534776258 0.1896148552865542 0
0.1956076693503563 0.1886663097109351 0
0.2007796580833709 0.167766854679912 0
0.1567068541927587 0.1941016315156993 0
0.1936987474235515 0.2314649556298709 0
0.2016726933140322 0.1706124914159145 0
0.2029178840367922 0.1947078919113577 0
0.2035905093954526 0.1939758220567811 0
0.1999524956411016 0.1737572465630938 0
0.1954189450909368 0.2283202004852248 0
0.1936898532713295 0.1653029790474231 0
0.1989821918697088 0.1735407708422593 0
0.2318952515309413 0.1835301063484485 0
0.1985502662805118 0.2325473342344784 0
0.2140979180946135 0.2130805665879359 0
0.2150682218664874 0.2132970423086442 0
0.2002704639488996 0.2294025790899311 0
0.1828936603321341 0.2114116655491403 0
0.1813938725461051 0.2181341272642415 0
0.1820664979048191 0.2174020574111005 0
0.1807212471879809 0.2188661971182831 0
0.2025974141755554 0.2166897255307447 0
0.1649873727091412 0.2003596894224522 0
0.1643147473503683 0.2010917592773436 0
0.2060922865834288 0.230701433416383 0
0.2046152902561832 0.21449351596335 0
0.1834890171559712 0.213308756698468 0
0.1837866955678751 0.2142573022731954 0
0.2055083254905646 0.2173391526932475 0
0.2357650709364597 0.195861198805386 0
0.1663326234267825 0.1988955497125025 0
0.1670052487855658 0.1981634798579048 0
0.2146932749196255 0.2149776577404497 0
0.2052220428220922 0.2049254175061983 0
0.2042517390514288 0.2047089417853408 0
0.2039540606395036 0.2037603962100711 0
0.2032814352806345 0.2044924660646309 0
0.2035791136925565 0.2054410116398707 0
0.2026088099217871 0.2052245359191791 0
0.2023111315098364 0.2042759903439177 0
0.2016385061510001 0.2050080601984253 0
0.2175927905154926 0.2270922744721712 0
0.2006568066335717 0.2162567740862508 0
0.2071626503640715 0.2053583689475316 0
0.1688571920681363 0.2126907818956831 0
0.1695298174260978 0.2119587120416935 0
0.2090031979023784 0.2313508605802759 0
0.2084192368061933 0.2179885798558993 0
0.215036536218369 0.170065444935502 0
0.2157091615764237 0.169333375081023 0
0.2142866423257067 0.1734266757941768 0
0.1670166444750066 0.186698290259608 0
0.1584042604737599 0.2138872555489523 0
0.1577316351157232 0.2146193254028952 0
0.1872612780812582 0.1735722231875926 0
0.2081329541350395 0.2055748446682441 0
0.1666189061156758 0.2113092848805327 0
0.2218286626089319 0.1715807749807192 0
0.222501287967028 0.1708487051268473 0
0.2189380412354614 0.2256281347603608 0
0.2196106665955528 0.224896064904142 0
0.2193129881828284 0.2239475193269568 0
0.2202832919557262 0.2241639950476636 0
0.2199856135429856 0.2232154494705426 0
0.2209559173157326 0.2234319251914004 0
0.2206582389030969 0.222483379614314 0
0.2216285426758063 0.2226998553352157 0
0.2213308642631783 0.2217513097581663 0
0.2223011680358381 0.2219677854790272 0
0.2220034896232717 0.2210192399020386 0
0.2229737933960645 0.2212357156230297 0
0.1750222759746017 0.169077423381018 0
0.2000183684514603 0.1825932751532834 0
0.1799941447533216 0.1992970487949311 0
0.1809644485244211 0.1995135245156455 0
0.1893450269678787 0.1802120422274527 0
0.1900176523276011 0.1794799723718243 0
0.2212535957289253 0.2243804707680609 0
0.1585587975423456 0.2086289335432636 0
0.1799054804869019 0.2133913993913214 0
0.1825642962855795 0.1672315225604072 0
0.1797509434178824 0.2186497213978165 0
0.1800486218296735 0.2195982669723094 0
0.2036019051235241 0.1825106324582689 0
0.2344426116199876 0.1743949593473723 0
0.2341449332081801 0.1734464137730039 0
0.2225988464496192 0.2229163310552357 0
0.1608971434230816 0.1844508903559416 0
0.1599268396496087 0.1842344146347354 0
0.1765651451495111 0.1941213694748368 0
0.175892519790333 0.1948534393299847 0
0.1844821123901468 0.1905948532282395 0
0.1835118086192016 0.190378377507222 0
0.1854524161615021 0.1908113289489584 0
0.1784512755918873 0.1742531027087778 0
0.1791239009522864 0.1735210328524837 0
0.1655827295337017 0.2022567805731845 0
0.1745586647799272 0.1848523894398114 0
0.1752312901399313 0.1841203195838865 0
0.2424140560011041 0.1911696612622222 0
0.1788262225395797 0.1725724872749924 0
0.2039768520704624 0.1808300170276087 0
0.181239335479992 0.223392449277777 0
0.202036244528267 0.1803970655862533 0
0.2027088698872573 0.1796649957314146 0
0.174040576482955 0.180326137279544 0
0.1986731177335846 0.1840574148646753 0
0.1694981317555526 0.168727114627568 0
0.2128413316467131 0.2004503556855158 0
0.1641171288821858 0.1745836734689487 0
0.1701593613990261 0.1794602343901575 0
0.2259847646859678 0.1963256026103796 0
0.2253121393275358 0.1970576724650125 0
0.2309135520743249 0.1947788202070906 0
0.2341994103321683 0.1937476319380816 0
0.2013408277390786 0.2040595146232023 0
0.2006682023803816 0.2047915844778116 0
0.1870180767570274 0.1929248958215125 0
0.1873157551691642 0.1938734413972343 0
0.186643129810038 0.1946055112521139 0
0.1876134335812457 0.1948219869728924 0
0.1869408082222018 0.195554056827715 0
0.1879111119933086 0.1957705325484614 0
0.1872384866343273 0.1965026024032304 0
0.2376056185313971 0.2218536903805382 0
0.1967869872873274 0.2039256816002482 0
0.1958166835163505 0.2037092058799638 0
0.2355877424494145 0.2240498999513399 0
0.2272185597087291 0.2318861926608073 0
0.2292364357908441 0.2296899830859117 0
0.2062696151279847 0.2025127322216324 0
0.2358423394620004 0.1932320378030921 0
0.2368126432314464 0.1934485135236335 0
0.190942373182127 0.2255572064506866 0
0.1902697478231913 0.2262892763054128 0
0.1916149985410798 0.2248251365959264 0
0.1905674262352 0.2272378218807996 0
0.1895971224650323 0.2270213461607012 0
0.1892994440524521 0.2260728005848606 0
0.1886268186934844 0.2268048704393402 0
0.2222125037775119 0.2360621360810622 0
0.2094440176569982 0.2385062737590014 0
0.231551990285461 0.2284423190929269 0
0.2328972410067283 0.2269781793788828 0
0.2342424917281221 0.2255140396651687 0
0.2158067200377292 0.2214010010553117 0
0.2113960209261147 0.2274740355927141 0
0.2088600565611305 0.2251439930279742 0
0.2151340946778968 0.2221330709112865 0
0.2430752856731198 0.2019027809394393 0
0.2424026603138145 0.2026348507948439 0
0.2301408667591995 0.2210704302315936 0
0.1567613313458316 0.2144028496825943 0
0.157059009757733 0.2153513952568217 0
0.1580293135275563 0.2155678709771158 0
0.157356688169585 0.2162999408310189 0
0.1583269919393729 0.2165164165513113 0
0.1576543665814224 0.2172484864051876 0
0.1586246703511755 0.2174649621254743 0
0.1579520449932514 0.2181970319793221 0
0.1589223487629421 0.2184135076996022 0
0.1582497234050747 0.2191455775534037 0
0.1592200271747492 0.2193620532736832 0
0.1585474018168843 0.220094123127439 0
0.1595177055864578 0.2203105988477047 0
0.240891476800056 0.220822502108923 0
0.2405937983869607 0.2198739565310184 0
0.2396234946133468 0.2196574808099566 0
0.2402961199738806 0.2189254109531384 0
0.2412664237475112 0.2191418866742002 0
0.2409687453344132 0.2181933410962908 0
0.2419390491080711 0.2184098168173212 0
0.2416413706949395 0.2174612712394151 0
0.2205720761720534 0.1589505640422569 0
0.2208697545830842 0.1598991096162216 0
0.2201971292248772 0.160631179469316 0
0.221167432994106 0.160847655190185 0
0.2218400583522866 0.1601155853370993 0
0.2221377367633102 0.1610641309110226 0
0.2228103621214451 0.1603320610578905 0
0.2231080405324793 0.1612806066318418 0
0.2237806658905775 0.1605485367787063 0
0.2240783443016149 0.1614970823526723 0
0.2398894872919028 0.1773744290977841 0
0.2401871657035387 0.1783229746716111 0
0.2395145403457927 0.1790550445251508 0
0.2459861969884191 0.2025522081003949 0
0.2395918088802808 0.1764258835239094 0
0.2336268449227908 0.1689201615813913 0
0.1544571725322351 0.2041853240934245 0
0.1541594941200304 0.2032367785186921 0
0.1621765213345064 0.1741507220263738 0
0.217129179298589 0.242867240510008 0
0.2384986537706474 0.2246993271140661 0
0.1838436742001181 0.1569313542271547 0
0.1588450802286303 0.2210426687014053 0
0.159815383998155 0.2212591444216288 0
0.2440341937235473 0.2135844462797822 0
0.2433615683635291 0.2143165161335098 0
0.244056985128937 0.1906540671284027 0
0.2203402705569376 0.166838047088137 0
0.2354901839237587 0.1719822740641759 0
0.2088511624009408 0.1589820163934008 0
0.2049699473169156 0.1581161135159596 0
0.2061606609570631 0.1619102958297476 0
0.1938646802473963 0.2147414440344523 0
0.19483498401845 0.2149579197552543 0
0.2051130886504399 0.164322981124652 0
0.1995547572356205 0.1983682411939321 0
0.198364043594786 0.1945740588839085 0
0.1973937398238986 0.1943575831633876 0
0.1989163190777561 0.1647047422196586 0
0.1963030861750412 0.1650038606333728 0
0.238764647139557 0.1824162746435534 0
0.238092021642987 0.1831483443306931 0
0.192796818033868 0.1624573423168779 0
0.2008113437139824 0.2109984520687528 0
0.1651191183316381 0.2180317465937128 0
0.2286866618092658 0.1819321336127673 0
0.2277163580392325 0.181715657892344 0
0.2024314813691606 0.2334132371189232 0
0.1870294724761504 0.1814597062178994 0
0.1860591687039284 0.1812432304970193 0
0.1857614902914055 0.1802946849204452 0
0.187999776248405 0.1816761819387429 0
0.1850888649316918 0.181026754776158 0
0.2056311769368592 0.1688492332866688 0
0.206303802295688 0.1681171634392507 0
0.2139547767571493 0.2068736989944027 0
0.2129844729858376 0.2066572232737726 0
0.2032928309833778 0.193027276481659 0
0.2042631347541093 0.1932437522022205 0
0.2045608131661738 0.1941922977773157 0
0.2052334385248137 0.1934602279227793 0
0.2233601360613565 0.2080899106244849 0
0.2240327614204049 0.2073578407690735 0
0.170897859565694 0.1875641931431363 0
0.2178132003953808 0.2306699810601248 0
0.2123777204289582 0.2162253217307221 0
0.1970529800699475 0.1616426297705944 0
0.1977256054295045 0.1609105599154327 0
0.1813279997380184 0.209298098679399 0
0.1803576959677148 0.2090816229589331 0
0.1796850706093242 0.2098136928132026 0
0.1822983035082685 0.2095145743997476 0
0.215497645901595 0.2319176450518641 0
0.2178359918441855 0.2077396018764117 0
0.2287297432165933 0.2136985413886331 0
0.2297000469892577 0.2139150171094653 0
0.2303726723491185 0.213182947253332 0
0.2306703507619672 0.2141314928303132 0
0.2313429761218988 0.2133994229741104 0
0.2316406545313521 0.2143479685480494 0
0.2323132798941334 0.2136158986944201 0
0.1655282524115581 0.1819555623721095 0
0.1836118685943388 0.164818837269164 0
0.1842844939551947 0.1640867674124389 0
0.1757810640608751 0.2318781690908345 0
0.1793873921973807 0.2088651472384827 0
0.1771946891270095 0.1616228917852338 0
0.1768970107137397 0.1606743462069105 0
0.1734996967666491 0.1987302643257995 0
0.1732020183543639 0.1977817187501125 0
0.1882087904053724 0.1967190781239295 0
0.1875361650464178 0.1974511479786444 0
0.186565861275416 0.1972346722579792 0
0.1868635396875037 0.1981832178334557 0
0.1858932359165435 0.197966742112717 0
0.1861909143286263 0.1989152876882007 0
0.1852206105576919 0.1986988119674185 0
0.1855182889697472 0.1996473575427781 0
0.1845479851988598 0.1994308818220682 0
0.1848456636109032 0.2003794273973393 0
0.1815370138896733 0.2243409948505762 0
0.1837752998442062 0.2257224918676387 0
0.1847456036144166 0.2259389675889538 0
0.2383669081530426 0.2070272699306763 0
0.2390395335128299 0.2062952000746884 0
0.2064558377843305 0.2404860075743916 0
0.2054855340108502 0.240269531852864 0
0.2143842007788496 0.2254943017456643 0
0.2189266455047038 0.2370933243527051 0
0.2195992708675329 0.2363612544995411 0
0.2126526073772956 0.2401042464694903 0
0.1679413653762174 0.2327755243283477 0
0.1745814562182779 0.1619220101996323 0
0.1887724616058898 0.1553845718220686 0
0.1608312706127263 0.1756148617401898 0
0.1709206510026098 0.1646338139063209 0
0.171593276363035 0.163901744049759 0
0.1544685682340932 0.1927201344978302 0
0.216393182683925 0.1571361155844778 0
0.2426116744686447 0.2176777469604318 0
0.2444091406710554 0.2119038308447627 0
0.244111462257863 0.2109552852667397 0
0.1759267069398709 0.1604578704855161 0
0.2459203241353437 0.1937161795704479 0
0.2138433210282926 0.2438984287814794 0
0.1717453119154081 0.2362705882091222 0
0.1727156156839769 0.2364870639295074 0
0.1540936212881076 0.1944007499305613 0
0.1543912997013423 0.1953492955063256 0
0.1553616034750567 0.1955657712251842 0
0.1546889781140366 0.1962978410821621 0
0.1894450869671768 0.1546525019651551 0
0.1601586452521309 0.1763469315970901 0
0.2405165298526402 0.2225031175437031 0
0.2450272888987581 0.1908705428484617 0
0.2383896998497124 0.1840968899670824 0
0.2374193961312693 0.1838804140322609 0
0.2441228579770639 0.1994900956672611 0
0.2447954833376679 0.1987580258008874 0
0.2457657871089345 0.1989745015191923 0
0.2454681086964513 0.1980259559441894 0
0.2212333057855005 0.1696836838319568 0
0.2334609121414772 0.1856436731405368 0
0.2341335375600896 0.1849116030153153 0
0.2338358593201075 0.1839630568348722 0
0.22688919561194 0.1877060497520343 0
0.2108576427255167 0.1682509964781857 0
0.2098873389551745 0.1680345207575459 0
0.2055311169368592 0.1944087734978527 0
0.2062037422954813 0.1936767036433347 0
0.2059060638834525 0.1927281580682683 0
0.2068763676541267 0.192944633788751 0
0.2065786892420854 0.1919960882137524 0
0.2075489930127515 0.1922125639342304 0
0.2072513146007167 0.1912640183592497 0
0.2082216183713576 0.1914804940798099 0
0.2085192967834443 0.1924290396546444 0
0.2091919221419609 0.1916969698003257 0
0.2088942437299718 0.1907484242253456 0
0.2098645475005284 0.190964899945929 0
0.2101622259125505 0.1919134455207647 0
0.2108348512710543 0.1911813756664555 0
0.2105371728591021 0.1902328300915813 0
0.2115074766295754 0.1904493058121207 0
0.2118051550415475 0.1913978513869347 0
0.212477780400033 0.1906657815326356 0
0.2121801019880915 0.1897172359578 0
0.2131504057585175 0.189933711678314 0
0.2134480841704492 0.1908822572531612 0
0.2141207095289092 0.1901501873988634 0
0.2144183879408185 0.1910987329736449 0
0.2150910132992505 0.190366663119386 0
0.2147933348873646 0.1894181175445303 0
0.2157636386576818 0.1896345932651693 0
0.2160613170695606 0.1905831388398863 0
0.2167339424282079 0.1898510689847651 0
0.2128527273466055 0.1889851661034624 0
0.2118824235761855 0.1887686903829536 0
0.2170316208398682 0.190799614560246 0
0.2177042461988225 0.1900675447040236 0
0.2071740460661966 0.1938931793636786 0
0.2204948076359144 0.1615797250433261 0
0.2234057189434991 0.1622291522057357 0
0.2243760227126586 0.1624456279265536 0
0.2250486480707509 0.1617135580735071 0
0.2253463264818006 0.16266210364735 0
0.2260189518398679 0.1619300337943171 0
0.2263166302504911 0.1628785793717081 0
0.2318179829983787 0.186159267341821 0
0.1917036628288865 0.2107307860120385 0
0.1914059844169181 0.2097822404368661 0
0.1898948008771295 0.2279698917361242 0
0.2137457625823795 0.1918308028279213 0
0.1809416570684341 0.2224439037024423 0
0.1918265142612163 0.1622408665957075 0
0.1977572910580578 0.2041421573206803 0
0.2022452586781531 0.1954399617659295 0
0.1772377705088048 0.1933892996196468 0
0.2365149648192242 0.1924999679490244 0
0.2374852685894189 0.1927164436691094 0
0.2315861774324909 0.1940467503525121 0
0.1838753598400568 0.2001629516766928 0
0.1844593209262903 0.2135252324189131 0
0.1847569993382157 0.2144737779936776 0
0.2266573900443815 0.1955935327558086 0
0.1767513678301446 0.2320946448112996 0
0.1593973556325739 0.1911733520920004 0
0.1596950340469029 0.1921218976691916 0
0.1603676594053433 0.1913898278130843 0
0.1590224086912557 0.1928539675247313 0
0.1604880093559638 0.2205270745679804 0
0.1607856877676641 0.2214756201418556 0
0.1601130624098929 0.2222076899954532 0
0.1610833661792902 0.2224241657156444 0
0.1604107408216424 0.2231562355691591 0
0.1613810445916146 0.2233727112893486 0
0.1607084192334735 0.2241047811427875 0
0.1616787230032933 0.224321256863049 0
0.1610060976451607 0.225053326716305 0
0.1619764014140313 0.225269802436464 0
0.2193357796309813 0.2010171401536471 0
0.2190381012187365 0.2000685945784414 0
0.1642919559027408 0.2240221384498002 0
0.1676436869644149 0.2318269787549422 0
0.1627604824351385 0.1875130028097667 0
0.1637307862081671 0.1877294785307644 0
0.1630581608480008 0.1884615483870969 0
0.2200084049896088 0.2002850702988644 0
0.2197107265773355 0.1993365247237152 0
0.2187404228065646 0.1991200490033168 0
0.2194130481651474 0.19838797914864 0
0.2203833519358298 0.1986044548690426 0
0.2276276938155723 0.1958100084760155 0
0.1964462275103423 0.1712107282384554 0
0.1920786097756957 0.2090501705823435 0
0.1911083060049833 0.2088336948617148 0
0.1917809313637018 0.2081016250072316 0
0.1908106275930362 0.2078851492866133 0
0.1914832529517387 0.2071530794321635 0
0.2216399383967066 0.2112346657670687 0
0.211596140891884 0.1763549552112094 0
0.2110780526026901 0.1718287030572012 0
0.2032497496451053 0.1612608686672023 0
0.1661552949070814 0.2270842508896999 0
0.165184991137609 0.2268677751687721 0
0.1654826695498081 0.2278163207426497 0
0.1645123657813393 0.227599845022669 0
0.1648100441928116 0.2285483905956517 0
0.1638397404245544 0.2283319148757327 0
0.1624514083227267 0.1980296468374811 0
0.1823210949586175 0.1865841952094848 0
0.1595949741208479 0.2176814378458672 0
0.2155863101594979 0.2178232944691636 0
0.1908651046472832 0.228186367456236 0
0.1698274958382496 0.212907257616051 0
0.1705001211961618 0.2121751877620911 0
0.194625969850064 0.1999150235992399 0
0.2044721489221951 0.2082866483690416 0
0.2386759822631481 0.196510625962652 0
0.2096010562960604 0.1556207855366872 0
0.2102736816547222 0.1548887156831306 0
0.209303377884913 0.154672239962079 0
0.2264800615444673 0.2237822339369832 0
0.225509757771408 0.2235657582160991 0
0.2261823831316534 0.2228336883596661 0
0.2200856735236921 0.1976559092940118 0
0.2210559772943175 0.1978723850143776 0
0.2227989663787757 0.1717972507011038 0
0.2234715917368589 0.1710651808472574 0
0.171922640448069 0.2080818870501809 0
0.1777786502315166 0.1749851725650594 0
0.1949350439913596 0.1893983795659326 0
0.1946373655790733 0.1884498339902986 0
0.1953099909381328 0.1877177641352574 0
0.1862137057727324 0.1759849084785621 0
0.2033928909850358 0.1674677362637441 0
0.1738518522587189 0.2199800280772169 0
0.2184858257556591 0.2299379112037323 0
0.1904153907410815 0.1548689776869645 0
0.1637079948051249 0.2106598577194021 0
0.1998866228491001 0.1649212179405259 0
0.1697185416334367 0.1723048212177122 0
0.2177587233091895 0.2103687628840667 0
0.2194244438628027 0.1869227895634093 0
0.223007980531597 0.1868401468705149 0
0.2223353551733427 0.1875722167246109 0
0.2233056589434524 0.1877886924450344 0
0.2226330335852116 0.1885207622991343 0
0.2236033373553488 0.1887372380195241 0
0.1980549694718056 0.2050907028949028 0
0.2227875706543089 0.1832624402927974 0
0.2234601960125792 0.1825303704387212 0
0.2224898922424656 0.1823138947182644 0
0.2231625176007388 0.1815818248641875 0
0.2221922138306246 0.1813653491437303 0
0.2241328213708461 0.181798300584646 0
0.2238351429590097 0.1808497550101177 0
0.2248054467291073 0.1810662307305735 0
0.2296569655793051 0.1821486093330896 0
0.2320156014817407 0.21266735311779 0
0.2329859052545313 0.2128838288385935 0
0.2090487808005134 0.1854901022135771 0
0.1881859989413702 0.2196494573126702 0
0.1827163317890485 0.2396003667123636 0
0.1830140102006041 0.2405489122870457 0
0.1820437064304809 0.2403324365662516 0
0.1823413848419757 0.2412809821409521 0
0.1813710810718668 0.2410645064200854 0
0.1833116886121702 0.2414974578617781 0
0.1826390632535675 0.242229527715712 0
0.1836093670237555 0.2424460034365479 0
0.2216627298150978 0.188304286578708 0
0.2219604082269724 0.1892528321532344 0
0.2209901044568605 0.1890363564328162 0
0.1746790146906588 0.2139896362183379 0
0.1849229321455924 0.1977502663920435 0
0.1952327224036168 0.1903469251415248 0
0.2272096654827364 0.1657242161077002 0
0.2237692701486055 0.1720137264214723 0
0.2244418955066593 0.1712816565676362 0
0.2241442170949168 0.1703331109934319 0
0.2247395739184203 0.1722302021418638 0
0.2254121992764778 0.1714981322880199 0
0.1840185011751125 0.2063698192618082 0
0.192001341240854 0.2116793315872584 0
0.1821120808034618 0.1715412990061992 0
0.1672801357448436 0.2220424046095624 0
0.1682504395141216 0.2222588803297486 0
0.1679527611025087 0.221310334756028 0
0.168923064871802 0.2215268104765045 0
0.1692207432835055 0.2224753560500298 0
0.1698933686411976 0.2217432861965514 0
0.1701910470528387 0.2226918317702626 0
0.1708636724105329 0.2219597619167631 0
0.171161350822024 0.2229083074904901 0
0.2233373446215634 0.2310202898087039 0
0.1705115169235794 0.2007099981704661 0
0.1844365294531367 0.2364556115759293 0
0.1841388510415392 0.2355070660012184 0
0.1851091548117069 0.2357235417219717 0
0.1729702127534126 0.2056692017667783 0
0.2195245038666246 0.1613632493224387 0
0.2074945159324654 0.1719113457495001 0
0.2044949403587917 0.1853562691857281 0
0.2176155819669775 0.2041618952936747 0
0.2336927177275529 0.177756190203347 0
0.2015067605116042 0.1873360030290563 0
0.213513957005403 0.1997182858308885 0
0.1592542142889922 0.184966484491519 0
0.1589565358759389 0.1840179389136169 0
0.1582839105154693 0.1847500087704295 0
0.1596291612366425 0.1832858690567556 0
0.1586588574628552 0.1830693933356127 0
0.159331482823627 0.1823373234786735 0
0.1583611790497343 0.1821208477575008 0
0.1590338044105825 0.1813887779004738 0
0.1576885536891239 0.1828529176144673 0
0.1580635006365952 0.1811723021792816 0
0.1587361259974649 0.1804402323222034 0
0.2296683613088765 0.1706834197016564 0
0.2299660397203818 0.1716319652759468 0
0.2309363434901472 0.1718484409965777 0
0.2289957359508261 0.1714154895552709 0
0.2292934143621745 0.1723640351296597 0
0.1850660734811636 0.2039571339788798 0
0.1811531727555026 0.1598596336561394 0
0.1801828689812115 0.1596431579347345 0
0.1840843739797723 0.2152058478479604 0
0.1850546777501639 0.2154223235684722 0
0.1843820523917626 0.2161543934229897 0
0.1853523561621928 0.2163708691439178 0
0.1779762686759315 0.2014932583592159 0
0.2257098776882518 0.172446677862217 0
0.1710068137512432 0.2281666294908757 0
0.1719771175219771 0.228383105213272 0
0.1716794391087685 0.2274345596379021 0
0.1726497428773715 0.2276510353575044 0
0.1723520644660874 0.2267024897843574 0
0.1729474212972662 0.2285995809351608 0
0.20663316634137 0.2122973063936993 0
0.2076034701128547 0.2125137821144732 0
0.1807009572731266 0.1641694101052424 0
0.1654281924673504 0.2075151025823387 0
0.2009658807921825 0.2057401300529521 0
0.1854182289729256 0.2252068977348229 0
0.2291160858771469 0.2005527363518859 0
0.2300863896483318 0.2007692120722848 0
0.2294137642895805 0.2015012819273545 0
0.2303840680633198 0.2017177576470781 0
0.2297114427025712 0.202449827502838 0
0.231056693421071 0.2009856877920774 0
0.1782080742804124 0.193605775340466 0
0.2261279060299628 0.2025324701966734 0
0.2261165103120206 0.2139976598027286 0
0.2237236872854387 0.2178744848036933 0
0.1968528600954769 0.2127617101909753 0
0.1738746437134863 0.1970496488950459 0
0.1729043399420801 0.1968331731743749 0
0.1605880692944493 0.1949675343937402 0
0.1808554943424 0.1589110880775093 0
0.1798851905680236 0.1586946123560378 0
0.185715907384805 0.2261554433097115 0
0.219908345008357 0.2258446104811353 0
0.2334723078501148 0.1741784836269502 0
0.1605766736160242 0.2064327239803601 0
0.1596063698451578 0.206216248260974 0
0.1735769653012104 0.1961011033193154 0
0.1726066615296671 0.1958846275985241 0
0.173279286888774 0.1951525577435664 0
0.1723089831172781 0.1949360820227184 0
0.1716363577580286 0.1956681518778441 0
0.1713386793456627 0.1947196063018499 0
0.1706660539867959 0.1954516761570009 0
0.1703683755740455 0.1945031305810578 0
0.1696957502151555 0.1952352004362557 0
0.1720113047048903 0.193987536446722 0
0.22709820980125 0.2027489459171835 0
0.2264255844423023 0.2034810157723869 0
0.2273958882137076 0.2036974914927928 0
0.2267232628547155 0.2044295613481748 0
0.227693566626002 0.2046460370685514 0
0.2270209412671157 0.20537810692397 0
0.2092147135966466 0.1687665906117746 0
0.2020134530978922 0.2033274447687177 0
0.2260506374955412 0.2051616312034928 0
0.2309680291728639 0.2150800384055719 0
0.1707977996082465 0.2131237333367496 0
0.1597064297714858 0.1806567080434431 0
0.1594087513583985 0.1797081624651627 0
0.2263483159081113 0.2061101767792216 0
0.1670280401917528 0.1752331006446605 0
0.1673257186037263 0.1761816462221377 0
0.1711296651718195 0.1796767101110647 0
0.1695956902313385 0.2207947406233594 0
0.1724090430676945 0.1693765417955502 0
0.1727067214800866 0.1703250873730752 0
0.1702480256423754 0.1653658837620315 0
0.1885837373523593 0.1950384626937089 0
0.172022700408785 0.1825223468447199 0
0.1596836383796351 0.203587087255857 0
0.1603562637378164 0.2028550174014067 0
0.1755948413779219 0.1939048937540645 0
0.2376942827931581 0.2077593397867523 0
0.2379919612058445 0.2087078853636629 0
0.1903153307400398 0.1804285179484034 0
0.1909879560999271 0.17969644809264 0
0.1878338434585012 0.1983996935540961 0
0.185154737749479 0.189862783373158 0
0.1861250415208401 0.1900792590938669 0
0.166135004953264 0.1723874639105708 0
0.1628491466953855 0.1734186521694709 0
0.2074261415565855 0.2407024832962423 0
0.2089170351847917 0.1678180450368929 0
0.2003705239668006 0.2038430389034785 0
0.205299311357203 0.2022962565009783 0
0.2184427443944591 0.1981715034282472 0
0.2250144609153101 0.1961091268900909 0
0.2243418355561831 0.1968411967448174 0
0.1974596126460263 0.2031936117457502 0
0.1883291402815073 0.2258563248641092 0
0.2243076483922493 0.2312367655273628 0
0.223635023030548 0.2319688353826001 0
0.2213194685407684 0.2332164993782659 0
0.216611091009346 0.2383409883452067 0
0.2133252327432971 0.2393721766156255 0
0.2418845719878319 0.1981085986985444 0
0.2393258162002858 0.218708935232121 0
0.2249802737547169 0.2305046956727928 0
0.2190153097634493 0.2229989737591863 0
0.2386531908397915 0.2194410050888831 0
0.2370216574259812 0.2084914096495133 0
0.2373193358447142 0.2094399552208879 0
0.2363490320622282 0.209223479511413 0
0.2366467104838629 0.2101720250781221 0
0.2356764067132298 0.2099555493550003 0
0.2359740851255527 0.2109040949323721 0
0.2350037813461563 0.2106876192178746 0
0.2353014597616385 0.2116361647992417 0
0.2292478315059619 0.218224793549163 0
0.2285752061485892 0.2189568634052999 0
0.2299204568654378 0.2174927236923315 0
0.2421049819008438 0.2016863052232294 0
0.2414323565419856 0.2024183750749688 0
0.2404848441151887 0.1792715202453622 0
0.2371217179252047 0.1829318683937023 0
0.1543799039980465 0.2068144850973393 0
0.1546775824100183 0.2077630306719237 0
0.236162809282665 0.171250204210536 0
0.1641374188359787 0.2292804604484086 0
0.1651077226041233 0.229496936168422 0
0.1584384475843137 0.1794916867438482 0
0.246438412467251 0.1982424316639702 0
0.2461407340549146 0.1972938860891991 0
0.1618788429215051 0.1732021764481654 0
0.1625514682823916 0.1724701065912306 0
0.2333291665092745 0.1679716160052645 0
0.1829367416651108 0.2431780732905126 0
0.1839070454352947 0.2433945490113895 0
0.1845796707939556 0.242662479157386 0
0.1848773492055 0.2436110247322283 0
0.1855499745641587 0.242878954878217 0
0.1858476529757112 0.2438275004530639 0
0.1865202783343333 0.2430954305990541 0
0.1868179567459052 0.244043976173886 0
0.1874905821045153 0.2433119063198937 0
0.1877882605161006 0.244260451894706 0
0.1884608858747281 0.2435283820407033 0
0.1887585642862969 0.2444769276155263 0
0.1894311896449309 0.2437448577615074 0
0.1897288680565149 0.2446934033363323 0
0.1904014934151508 0.2439613334823104 0
0.1906991718267455 0.2449098790571664 0
0.1913717971853875 0.2441778092031931 0
0.1916694755970007 0.245126354777997 0
0.192342100955662 0.2443942849241021 0
0.1926397793673244 0.2453428304988849 0
0.1933124047260329 0.2446107606449165 0
0.1936100831377112 0.2455593062197706 0
0.1942827084964574 0.2448272363657851 0
0.1945803869081316 0.2457757819407089 0
0.1952530122669631 0.2450437120867024 0
0.1955506906787227 0.2459922576617112 0
0.1962233160377052 0.2452601878076145 0
0.1965209944495222 0.2462087333827476 0
0.1971936198086777 0.2454766635285727 0
0.1974912982205956 0.246425209103912 0
0.1981639235799076 0.2456931392496433 0
0.2463611439342876 0.2008715926694956 0
0.2183337902225269 0.1575690670263763 0
0.1805578159291689 0.1579625424987496 0
0.1669710616072484 0.2325590486073592 0
0.2462180025491147 0.1946647251369301 0
0.2450817660316699 0.211171760987779 0
0.2447840876184849 0.2102232154098145 0
0.1566840628116514 0.2170320106849009 0
0.2429093528817997 0.2186262925384163 0
0.1645693443550454 0.1702738970328793 0
0.1652419697139926 0.1695418271767867 0
0.1765949267876589 0.1597455473514103 0
0.2405621126496952 0.1766423592442521 0
0.1682390437874509 0.2337240699011018 0
0.1871156351575217 0.244992521748765 0
0.155195670752101 0.212289282813807 0
0.1548979923401738 0.2113407372395132 0
0.1555706176981762 0.2106086673854736 0
0.1546003139273218 0.210392191669185 0
0.1707750081466613 0.2360541124882038 0
0.1795875121547505 0.1577460667772055 0
0.2443318721368409 0.2145329918574114 0
0.1819664378948532 0.2429615975696611 0
0.1672598457956094 0.1673456176072295 0
0.1679324711556403 0.166613547751043 0
0.2374307914647289 0.1724152255058412 0
0.1560887059878777 0.2151349195365446 0
0.1537186743423962 0.1960813653617263 0
0.1540163527549008 0.1970299109373204 0
0.1549866565262642 0.1972463866579511 0
0.1543140311672719 0.1979784565129309 0
0.2269892556088447 0.1621465095157348 0
0.2272869340196487 0.1630950550930862 0
0.2225126837103604 0.1593835154839192 0
0.2279595593778645 0.1623629852367649 0
0.2282572377890353 0.1633115308103925 0
0.1984616019919801 0.2466416848252279 0
0.1991342273515568 0.2459096149707989 0
0.2457543913922674 0.2104396911308182 0
0.2454567129790944 0.2094911455528776 0
0.2411574694728793 0.1785394503918758 0
0.241455147884514 0.1794879959655303 0
0.2131706956669059 0.2446304986387468 0
0.191967154008609 0.2460749003528867 0
0.169950347229339 0.1644173381851155 0
0.1530460489835084 0.1968134352167775 0
0.16130377605656 0.2260018722896837 0
0.1597247484309064 0.223889818911455 0
0.1534868687615729 0.2039688483730588 0
0.1531891903494101 0.2030203027982815 0
0.1720429903265819 0.237219133782297 0
0.1730132940951365 0.2374356095026539 0
0.1644350972473336 0.2302290060209653 0
0.2180994830729164 0.2430837162315118 0
0.21877210843415 0.2423516463741945 0
0.1828733704255363 0.1567148785056114 0
0.244729612790446 0.1899219993911061 0
0.2377170743565428 0.1848289596644892 0
0.2364490923643345 0.18366393833535 0
0.1573680838679218 0.204834751250998 0
0.1556478861802016 0.2079795063923064 0
0.2154114831743559 0.1683848294997344 0
0.2163817869391437 0.1686013052250205 0
0.2134708756301619 0.1679518780639517 0
0.1928943764770846 0.2145249683133188 0
0.2262165702537625 0.1884381196060458 0
0.2212877828687291 0.1899849020073376 0
0.1941623586593877 0.2156899896100482 0
0.1951326624305477 0.2159064653308418 0
0.2039223750040303 0.1605287988128268 0
0.2029520712333659 0.1603123230919427 0
0.1693980718022428 0.1942866548606104 0
0.1700706971616078 0.1935545850049417 0
0.1687254464429204 0.1950187247160479 0
0.1690231248570109 0.1959672702916634 0
0.1680528210844136 0.1957507945709352 0
0.2163589954814579 0.1915316844145653 0
0.156993136915023 0.206515366681613 0
0.2050358201136548 0.1669521421362998 0
0.2331746294387699 0.1732299380459152 0
0.2325020040802836 0.1739620079053454 0
0.2048584915782177 0.1951408433523927 0
0.2332518979735207 0.1706007770107574 0
0.2437593067170417 0.1897055215543263 0
0.1992139974898554 0.1656532877954589 0
0.2344312159099451 0.185860148866957 0
0.2036133008607223 0.1710454428509323 0
0.2045836046316665 0.1712619185716726 0
0.197691418236063 0.1953061287386035 0
0.1967211144651947 0.1950896530181023 0
0.1938443903506608 0.1600446570193576 0
0.199654817228943 0.1728087009872698 0
0.2017043789353663 0.2138440888007252 0
0.1718339761798462 0.2221762376369947 0
0.172131654591489 0.2231247832107552 0
0.1714590292333679 0.2238568530641873 0
0.1724293330028782 0.2240733287843437 0
0.173322368238779 0.2269189655051559 0
0.1640170689380469 0.200143213701962 0
0.1633444435792973 0.2008752835568824 0
0.2306817464764114 0.2026663032226102 0
0.2300091211151911 0.2033983730786383 0
0.2180019246102511 0.1910160902802429 0
0.1660349450144105 0.1979470041369074 0
0.2451704302826048 0.1970774103729919 0
0.2377829470067495 0.1936649892388991 0
0.2384555723600753 0.1929329193883766 0
0.238157893947413 0.1919843738145447 0
0.2391281977213572 0.1922008495344382 0
0.2071968375212199 0.1709628001742403 0
0.1677323512340979 0.2177326281806262 0
0.202906488333743 0.2061730814944626 0
0.2263825030461276 0.1717146080082365 0
0.2266801814550271 0.1726631535795017 0
0.1816915509581554 0.2190826728401271 0
0.1606653378213648 0.1923383733904003 0
0.1613379631778435 0.1916063035340551 0
0.1642146873666852 0.2266512994487693 0
0.2273186196811367 0.2063266524992797 0
0.2266459943211504 0.2070587223550779 0
0.2187518185044976 0.1876548594175616 0
0.2293592871670175 0.1812000637581906 0
0.2147705434539628 0.2123484967324548 0
0.2157408472258586 0.212564972453143 0
0.2160385256383994 0.2135135180293555 0
0.2138002396821376 0.2121320210117635 0
0.2164362640162403 0.1889025234104541 0
0.1873271508886719 0.1824082517943786 0
0.1882974546607614 0.1826247275152817 0
0.1843047838600255 0.2187835544313855 0
0.2167111509977704 0.2127814481738126 0
0.2125550489346937 0.1880366205286353 0
0.2115847451642654 0.1878201448081021 0
0.1841730382520873 0.2011114972519264 0
0.1832027344812692 0.2008950215312981 0
0.1853865433442366 0.1819753003527413 0
0.1844162395720096 0.1817588246318814 0
0.1802690317099275 0.2231759735572197 0
0.1799713532980421 0.2222274279829284 0
0.2245077683167433 0.1801176851555648 0
0.223537464547091 0.1799012094355128 0
0.2254780720857629 0.18033416087478 0
0.2051447742812826 0.2075545785140448 0
0.2136570983453639 0.2059251534185427 0
0.207460328775003 0.2063069145235331 0
0.2170088294103573 0.2137299937500605 0
0.1654054010153553 0.2304454817408951 0
0.2166794653473526 0.169549850801538 0
0.2173520907055009 0.1688177809471821 0
0.1714704249666149 0.2123916634825594 0
0.1717681033794866 0.2133402090572644 0
0.1711727465543749 0.2114431179080513 0
0.184791186519125 0.1800782091995218 0
0.1854638118788936 0.1793461393437376 0
0.2213536557065386 0.198820930589279 0
0.2220262810649786 0.1980888607346205 0
0.221728602652752 0.1971403151597596 0
0.1738860394199907 0.1855844592955906 0
0.1748563431925056 0.1858009350165528 0
0.1810303213262689 0.2083495531048496 0
0.2203174790986092 0.1897684262869225 0
0.2149592676840634 0.1726946059401356 0
0.2252120793585651 0.2226172126387241 0
0.2258847047187239 0.2218851427823454 0
0.2139889639138973 0.1724781302195841 0
0.16920934755567 0.2339405456212351 0
0.173677025253397 0.1705415630942144 0
0.2175155219824824 0.229721435482742 0
0.171945431874622 0.1851515078536752 0
0.2039654563420492 0.1922952066271196 0
0.2188835641504044 0.2053269165899498 0
0.1644034115683727 0.1869974086744694 0
0.1589996172973653 0.2157843466974234 0
0.1647010899811355 0.1879459542517501 0
0.2003819196710468 0.1923778493198932 0
0.214616006386891 0.2176068187483004 0
0.1835776814275023 0.1992144061015722 0
0.2246395139681617 0.1977897423198867 0
0.1756949013351812 0.1683453535244231 0
0.1759925797480406 0.16929389910222 0
0.2029951525712995 0.1920787309065282 0
0.1681845667108189 0.2134228517497817 0
0.1672142629398364 0.2132063760294686 0
0.1610174933721838 0.213588137135742 0
0.2355446610488903 0.1922834922290064 0
0.2243304398331846 0.2083063863450799 0
0.2236578144738652 0.2090384562006302 0
0.1691434747480499 0.2251045170505943 0
0.2175725005828207 0.1723954875273568 0
0.2221263410207476 0.1725293205550412 0
0.225103125140955 0.1820147763051304 0
0.1802918231654602 0.2002455943703937 0
0.1739088308574445 0.1626540800565049 0
0.1736111524444398 0.1617055344784058 0
0.2306158736620359 0.1938302746323697 0
0.2299432483038447 0.1945623444868911 0
0.2062810108300413 0.1910475426386975 0
0.2069536361886912 0.1903154727841844 0
0.2035246365879271 0.1851397934650496 0
0.1848025822443662 0.1686130195808039 0
0.2237350830078434 0.206409295193015 0
0.2084306325466235 0.2065233902434654 0
0.179078318059038 0.2193817912529871 0
0.1787806396477485 0.2184332456775972 0
0.2240441571446584 0.1958926511697805 0
0.1715362977682321 0.2212276920632157 0
0.1787489540045592 0.1752016482862099 0
0.1780763286442349 0.1759337181424541 0
0.1976255454273126 0.1864701001463479 0
0.1973278670155851 0.1855215545721771 0
0.2337699862620664 0.1751270292012316 0
0.1680300296458681 0.2186811737546679 0
0.1681414853178766 0.1816564439586078 0
0.2126867945737843 0.2057086776974895 0
0.1845821723680364 0.16503531299049 0
0.1852547977288749 0.1643032431337844 0
0.2326882268415542 0.2119352832616985 0
0.2290274216293873 0.2146470869654665 0
0.1787147668390011 0.2095972170927675 0
0.1790124452509474 0.2105457626674606 0
0.1603017865974231 0.1825537991999046 0
0.1784170884270233 0.2086486715180208 0
0.1790897137854306 0.2079166016636951 0
0.1636421219916835 0.2018238291322048 0
0.2125436532346324 0.1995018101104043 0
0.1848114763997554 0.234774996148767 0
0.1857817801703057 0.234991471867993 0
0.1838411726298589 0.234558520426744 0
0.18581596738172 0.2005959031180946 0
0.1798079220333207 0.1613237733704825 0
0.1709637324003827 0.1964002217329922 0
0.1967553016577658 0.160694084194328 0
0.1974279270180845 0.1599620143389412 0
0.1983982307892637 0.1601784900605102 0
0.1789148867936051 0.1584781366346845 0
0.1749336117274021 0.1831717740067875 0
0.1759039154999459 0.1833882497278818 0
0.1762015939124867 0.1843367953047736 0
0.1768742192724472 0.1836047254489386 0
0.1711841422819274 0.1999779283159522 0
0.1714818206944178 0.2009264738913775 0
0.1591110729452274 0.1787596168871037 0
0.1797965263126059 0.1727889629965647 0
0.1800942047253647 0.1737375085737249 0
0.1794988478995518 0.1718404174192539 0
0.1626718182209083 0.201607353411642 0
0.162374139808331 0.2006588078364286 0
0.1905129491810823 0.2069366037115746 0
0.1911855745397792 0.2062045338571263 0
0.2017385661165185 0.1794485200110718 0
0.2024111914756147 0.1787164501562976 0
0.2010659407571381 0.1801805898656432 0
0.203381495246324 0.1789329258766498 0
0.1986845134575098 0.1725922252664009 0
0.1980118880993368 0.1733242951211034 0
0.2380692297403833 0.2060787243538981 0
0.2387418551001306 0.2053466544980022 0
0.1730043998928674 0.171273632950765 0
0.1764536894195611 0.2311460992379709 0
0.1754833856523201 0.2309296235184881 0
0.1943396871674401 0.1875012884152039 0
0.1950123125266554 0.186769218560236 0
0.1705457040560674 0.1663144293383305 0
0.1779103958683206 0.1926572297646069 0
0.178880699639815 0.1928737054852916 0
0.1971505385075579 0.2137102557665155 0
0.1978231638666033 0.2129781859116961 0
0.1717364177077115 0.1701086116516907 0
0.1708319867588973 0.1787281645345845 0
0.1698616829846634 0.178511688814084 0
0.1718022905308483 0.1789446402572441 0
0.2326109583133251 0.2145644442568336 0
0.1840729782559022 0.226671037443139 0
0.1831026744855569 0.2264545617227377 0
0.1879883805283031 0.1931413715423331 0
0.1876907021161868 0.192192825966593 0
0.1663554148337004 0.1759651705006758 0
0.1666530932449194 0.1769137160782772 0
0.1676233970167105 0.1771301917998495 0
0.166950771657939 0.177862261655901 0
0.2203605604834767 0.2215348340468994 0
0.2406710669213062 0.2172447955184042 0
0.2413436922818055 0.2165127256615459 0
0.2061581593716588 0.2395374619964379 0
0.2051878555982533 0.2393209862750042 0
0.204515230237531 0.2400530561313173 0
0.2042175518250291 0.239104510553634 0
0.2059719367159688 0.2015641866464361 0
0.2166883595538041 0.2357118273587742 0
0.2206468431803844 0.2339485692348509 0
0.2104143214287736 0.2387227494800968 0
0.227330015402737 0.1948614629012205 0
0.2388305193059052 0.1912523039602274 0
0.2398008230754402 0.1914687796801766 0
0.1906446947700849 0.2246086608752847 0
0.1913173201289905 0.2238765910204658 0
0.2097416960695654 0.2394548193365586 0
0.2161043984504622 0.222349546632167 0
0.2098303603337186 0.2253604687489625 0
0.2436592467742787 0.2152650617019022 0
0.2240213656981702 0.2188230303806888 0
0.2230510619254796 0.2186065546597569 0
0.2091577349737517 0.2260925386049052 0
0.2081874312011344 0.2258760628838959 0
0.2154317730875518 0.2230816164854089 0
0.2361514141719705 0.1827153926082363 0
0.2398122188788328 0.1800035899533811 0
0.2388419150447732 0.1797871141910549 0
0.1685367221986349 0.2346726154737908 0
0.1994319057637076 0.2468581605465733 0
0.2001045311236943 0.2461260906910426 0
0.1598609668387348 0.175398386018841 0
0.2436161622104124 0.1834986552437829 0
0.2433184871139402 0.182550108774812 0
0.2342994702810405 0.1681880917274072 0
0.2345971486923239 0.1691366373086151 0
0.1835459957870108 0.1559828086481743 0
0.1845162995615276 0.1561992843703261 0
0.2453517377043337 0.2121126259162577 0
0.2202743977610257 0.1580020184683007 0
0.1890562426979419 0.2454254731904232 0
0.2257212734288267 0.1609814882205065 0
0.1642716659402695 0.1693253514553565 0
0.2099760032435842 0.1539401701085975 0
0.1939077615492166 0.2465078517947991 0
0.2190697868473396 0.2433001919529351 0
0.2197424122082882 0.2425681220954893 0
0.1631671150677711 0.2290639847285312 0
0.1628694366562146 0.2281154391563327 0
0.1572794196353266 0.2189291018331253 0
0.1649442913007524 0.1685932815987501 0
0.1635990405828303 0.1700574213111207 0
0.2090114583600918 0.1536978814739167 0
0.245699914640526 0.190138473347415 0
0.2459975927328855 0.1910870186277868 0
0.1822641163064418 0.2439101431444916 0
0.2141409994413849 0.244846974360325 0
0.2148136248026891 0.2441149045030229 0
0.2004022095359219 0.2470746362677617 0
0.2010748348962129 0.2463425664121368 0
0.2402644342380909 0.1756938136704593 0
0.210946307013322 0.1541566458296266 0
0.2174268577118074 0.2438157860887582 0
0.1958483690903299 0.2469408032370239 0
0.1901177123284263 0.15392043210828 0
0.1910880161022598 0.1541369078306484 0
0.1884747831930603 0.1544360262434848 0
0.1878021578317204 0.1551680961005279 0
0.1851750276170912 0.2445595703070891 0
0.2289298631468839 0.1625794609569374 0
0.2292275415577777 0.1635280065303449 0
0.2468906279053404 0.1939326552896888 0
0.1537072786397647 0.2075465549515855 0
0.1534096002277549 0.2065980093770338 0
0.1723406687377046 0.2381676793554012 0
0.1733109725062725 0.2383841550758052 0
0.1739835978637559 0.2376520852230778 0
0.1742812762749471 0.2386006307962637 0
0.1578747764591017 0.2208261929811711 0
0.1581724548708407 0.2217747385550889 0
0.2421277731952222 0.1787559260689878 0
0.242425451830869 0.1797044715239355 0
0.1647327756586099 0.2311775515933852 0
0.2435819782424277 0.2178942226814637 0
0.1581407691711894 0.178543141165415 0
0.1574681438100848 0.1792752110226011 0
0.1756238887612843 0.1595323627505847 0
0.1736089114478894 0.2393326188877956 0
0.1745789981079462 0.2395491627429713 0
0.175251587280704 0.2388171042455616 0
0.1755492668982441 0.2397656494428058 0
0.2471110378253754 0.1975103618092549 0
0.2340017918693071 0.1672395461529158 0
0.2330314880998238 0.1670230704327409 0
0.1977889766322496 0.2473737546798055 0
0.235103841327542 0.1851280787461805 0
0.2386873780769288 0.1850454356226188 0
0.2438251795578426 0.1985415500945556 0
0.2421822504011961 0.1990571442692472 0
0.2411346781296256 0.201469829498213 0
0.226084824634553 0.1707660624341673 0
0.2170544122966392 0.167869235371854 0
0.2180247160635314 0.168085711093323 0
0.1910310374700743 0.2114628558665658 0
0.1913287158796475 0.2124114014437669 0
0.2394258761344321 0.1931493951064545 0
0.2105599643149741 0.1673024508975562 0
0.2271868740237682 0.1886545953264457 0
0.2278594993819334 0.1879225254724536 0
0.2354015196791077 0.1860766245900714 0
0.2222580866388408 0.1902013777277573 0
0.2367239790084138 0.2075428640837497 0
0.2347061029287573 0.2097390736537779 0
0.2237033973545376 0.1631776977796538 0
0.2227330935853805 0.1629612220588276 0
0.2198221822776785 0.1623117948965006 0
0.218851878508324 0.1620953191756063 0
0.1540049570596091 0.2084951005284833 0
0.2337585905415476 0.1865922187671872 0
0.2066014807054171 0.1690657090135856 0
0.2206151575104807 0.1907169718614506 0
0.2256440048925966 0.1636106492241564 0
0.1942624186323916 0.1901304494209204 0
0.2058287953488877 0.1953573190729037 0
0.190138002234279 0.2086172191411294 0
0.2001843012611178 0.1658697635162529 0
0.2285549162000003 0.1642600763833045 0
0.2295252199688783 0.1644765521040458 0
0.230197845326833 0.1637444822510646 0
0.2304955237378769 0.1646930278247681 0
0.2309794248865756 0.2036148487990088 0
0.2303067995270449 0.2043469186547553 0
0.2036246965923192 0.1595802532376219 0
0.202654392821628 0.1593637775166724 0
0.204595000362929 0.1597967289584989 0
0.1924991396218063 0.1615087967401241 0
0.1945600970446958 0.1910789949963752 0
0.1901924792884012 0.2289184373107881 0
0.1911627830590646 0.2291349130314219 0
0.1892221755166159 0.2287019615939796 0
0.2302181352772532 0.2184412692526098 0
0.1793759964711117 0.2203303368270152 0
0.1806439786553026 0.2214953581246712 0
0.1984299164167274 0.2034100874661573 0
0.1981005523779011 0.1592299444838459 0
0.1990708561489757 0.1594464202059479 0
0.1970187928773488 0.196038198593311 0
0.1979890966482883 0.1962546743137577 0
0.1960484891064956 0.1958217228727988 0
0.195750810694319 0.1948731772975674 0
0.1999955770215445 0.2055236543323285 0
0.2002932554314295 0.2064721999074692 0
0.2144728650414391 0.2113999511563503 0
0.1915288358502914 0.1612923210177282 0
0.1725066015375231 0.2214441677837482 0
0.1731019583607637 0.2233412589309796 0
0.1733996367718706 0.2242898045045066 0
0.199511675901401 0.1666018333737312 0
0.1985413721305495 0.1663853576503738 0
0.2303295909375207 0.1814165394790809 0
0.1854296246966566 0.2137417081393961 0
0.1670597258762268 0.2184646980343998 0
0.1667620474643731 0.2175161524606726 0
0.224914400944742 0.2216686670657194 0
0.2255870262999313 0.2209365972156046 0
0.2265573300778504 0.2211530729277435 0
0.185131946284704 0.2127931625646131 0
0.1944600370714563 0.216638535185668 0
0.1954303408426779 0.2168550109064762 0
0.1961029662018192 0.2161229410515975 0
0.1934897333002601 0.2164220594648557 0
0.1964006446139652 0.2170714866273122 0
0.1970732699731618 0.2163394167724006 0
0.1973709483853232 0.2172879623481724 0
0.2122573705227902 0.1870880749537507 0
0.2132276742931967 0.1873045506743293 0
0.2112870667523419 0.1868715992331739 0
0.2106144413937913 0.187603669087563 0
0.1812621269369681 0.2004620700908636 0
0.1614583131254453 0.2207435502882344 0
0.177423993187956 0.231362574959005 0
0.1777216715994951 0.2323111205320326 0
0.2172748221709793 0.1714469419527432 0
0.1687799235375415 0.2153199428992714 0
0.1675119413528753 0.2141549216039243 0
0.1665416375818365 0.2139384458835362 0
0.1668393159945423 0.214886991457899 0
0.2135025612696676 0.2111834754356788 0
0.231652050252808 0.2028827789409148 0
0.2035449264643786 0.2398365804097996 0
0.2032472480518881 0.2388880348322628 0
0.2025746226913968 0.2396201046883084 0
0.2022769442790168 0.2386715591109816 0
0.201604318918606 0.2394036289668754 0
0.2013066405062843 0.2384550833897641 0
0.2006340151460412 0.2391871532454462 0
0.2003363367337714 0.2382386076685484 0
0.1996637113736839 0.2389706775241458 0
0.1993660329615003 0.2380221319474218 0
0.1986934076016048 0.2387542018028265 0
0.1983957291894532 0.2378056562263165 0
0.1977231038296656 0.2385377260815555 0
0.1974254254176059 0.2375891805052506 0
0.1967528000579989 0.2383212503603294 0
0.1964551216459756 0.2373727047842277 0
0.1957824962864896 0.2381047746391532 0
0.195484817874544 0.2371562290632414 0
0.1948121925152089 0.2378882989180277 0
0.1945145141033036 0.2369397533422931 0
0.1938418887440695 0.2376718231969446 0
0.1935442103322255 0.2367232776213702 0
0.1928715849731095 0.2374553474759156 0
0.1925739065612947 0.236506801900476 0
0.1919012812022681 0.2372388717549249 0
0.1916036027904904 0.2362903261796035 0
0.1909309774315423 0.2370223960339691 0
0.1906332990197982 0.2360738504587513 0
0.1899606736609171 0.2368059203130389 0
0.1896629952492032 0.2358573747379115 0
0.188990369890381 0.2365894445921389 0
0.1886926914786901 0.2356408990170876 0
0.1880200661203165 0.2363729688716341 0
0.2245394539983239 0.2233492824951596 0
0.1620536699497888 0.2226406414359098 0
0.1611606347137675 0.2197950047143525 0
0.2242100899048099 0.1791691395809516 0
0.2232397861353525 0.1789526638610759 0
0.2376170142577327 0.210388500797681 0
0.1785830212276028 0.19192515990931 0
0.1795533249992028 0.1921416356300601 0
0.1792556465869829 0.1911930900540442 0
0.1802259503586011 0.1914095657748161 0
0.1799282719464798 0.1904610201988423 0
0.1808985757178599 0.1906774959196299 0
0.1806008973058667 0.1897289503435499 0
0.2176497691169008 0.1697663265225569 0
0.2203060834019124 0.2012336158740595 0
0.1721430503253551 0.2116595936285092 0
0.1718453719128022 0.2107110480539798 0
0.2288525946112463 0.1652086219604021 0
0.1860249815206349 0.2156387992890919 0
0.1863226599326124 0.2165873448643452 0
0.2465929494930635 0.1929841097168039 0
0.2397121588724749 0.205563130218727 0
0.2394144804597773 0.2046145846421453 0
0.1622740798266953 0.226218348010237 0
0.161601454470936 0.2269504178634604 0
0.1629467051829272 0.2254862781567512 0
0.1658690122237442 0.2146705157375327 0
0.1661666906364371 0.2156190613121577 0
0.1655713338116392 0.2137219701632245 0
0.2041972619467818 0.1844077236103953 0
0.1701137785171481 0.2253209927707699 0
0.1793215193944399 0.2000291186497342 0
0.2403847842322904 0.2048310603627914 0
0.2400871058200043 0.203882514786245 0
0.2391168020472042 0.2036660390656751 0
0.2410574095925487 0.204098990506786 0
0.192751235134517 0.2083181007277724 0
0.1752629757860829 0.2273519169460574 0
0.2467360908796914 0.1991909772387982 0
0.2177701190357405 0.1989035732828998 0
0.2174724406235642 0.197955027707903 0
0.1711499550929646 0.2343734970629123 0
0.1810734026604524 0.2401159608455379 0
0.1804007773019828 0.2408480306992457 0
0.1801030988905793 0.239899485124953 0
0.1794304735322392 0.2406315549786641 0
0.1797281519435272 0.2415801005529695 0
0.178757848173986 0.2413636248320206 0
0.1784601697626869 0.2404150792580473 0
0.1777875444045791 0.2411471491112384 0
0.1780852228156553 0.2420956946851545 0
0.1729385270836833 0.16243760433525 0
0.1725997407926996 0.1614512888627067 0
0.1719202641190355 0.1621770637371344 0
0.2438137838448339 0.2100067396887809 0
0.1766652051086172 0.1685618292456427 0
0.1769628835214602 0.16951037482341 0
0.1762902581618674 0.170242444680111 0
0.1919037828029852 0.1596117055800603 0
0.2322474070818354 0.2047798700910517 0
0.2116734094265558 0.1737257942070446 0
0.1859705044508428 0.1953375811070323 0
0.1774898659932934 0.2401986035370989 0
0.1768172406353547 0.2409306733904343 0
0.1781624913515395 0.2394665336838411 0
0.1839095470072354 0.1657673828471794 0
0.2302295310027385 0.2069760796578637 0
0.229259227228692 0.2067596039368766 0
0.1900949208627594 0.1768508113625221 0
0.2285866018704216 0.2074916737938686 0
0.2181881473425113 0.2289893656264275 0
0.2265687257932265 0.2096878833608804 0
0.1836321585016244 0.2195156242853576 0
0.2069308447536297 0.2132458519696015 0
0.207901148525183 0.2134623276903792 0
0.2085737738843711 0.212730257835228 0
0.205960540982104 0.2130293762487991 0
0.1896427053803503 0.1811605878039737 0
0.1906130091524261 0.1813770635248886 0
0.2154545645472356 0.2001512372718176 0
0.2161271899059761 0.1994191674171543 0
0.2151568861350333 0.1992026916967356 0
0.2158295114937964 0.198470621842129 0
0.2128844129947068 0.2322167634659808 0
0.2099848974031591 0.2201021467299684 0
0.2139433810274351 0.2183388886040992 0
0.2146274021178929 0.2061416291386117 0
0.1921558783104695 0.2064210095776153 0
0.1918581998984424 0.2054724640026369 0
0.21947892097476 0.2072240077419746 0
0.1946601570434594 0.1655194547682473 0
0.1939875316837837 0.1662515246240224 0
0.1949578354558667 0.1664680003446623 0
0.1934694433940761 0.1617252724610715 0
0.1610402847650376 0.1906577579571685 0
0.1620105885374429 0.1908742336781567 0
0.212829935910382 0.2119155452910483 0
0.2105688585004139 0.2334644274563143 0
0.181637073883531 0.1987814546608149 0
0.215288631745798 0.2168747488925919 0
0.2120141692146085 0.2064407475530334 0
0.2117164908024961 0.2054922019768164 0
0.2110438654433363 0.2062242718325294 0
0.221244701530203 0.1582184941892052 0
0.2006251210001163 0.1730251767079517 0
0.2003274425893155 0.1720766311303819 0
0.2012977463630716 0.1722931068498953 0
0.2034701595214941 0.164838575247849 0
0.2027975341624792 0.1655706451024637 0
0.2061150780516916 0.2077710542357122 0
0.1903925992750956 0.1777993569393766 0
0.191065224635045 0.1770672870835904 0
0.1913629030473855 0.1780158326603264 0
0.1920355284072228 0.1772837628046857 0
0.1923332068196403 0.1782323083812582 0
0.1930058321793629 0.1775002385256798 0
0.1653509239334494 0.2101442635855706 0
0.2069422404868542 0.2017806623670549 0
0.2115302680842046 0.1675189266230488 0
0.2118710278759785 0.2002338799649734 0
0.2009114036876368 0.1854389118777902 0
0.1776355088820362 0.1687783049668532 0
0.1779331872948287 0.1697268505445749 0
0.1786058126555956 0.1689947806880204 0
0.1714273435838137 0.1806252556886688 0
0.1737973751796059 0.1996788099014625 0
0.2032155624488602 0.1956564374864507 0
0.2025429370902381 0.1963885073410034 0
0.2098214661709533 0.1591984921144642 0
0.2091488408122156 0.1599305619681662 0
0.2101191445822433 0.1601470376892458 0
0.2094465192254903 0.1608791075454412 0
0.2104168229969222 0.161095583265892 0
0.2084762154548974 0.1606626318233767 0
0.2110894483530177 0.1603635134130746 0
0.1554933491640019 0.2132378283880609 0
0.1545230453941299 0.2130213526678072 0
0.1548210346101116 0.2139698007036218 0
0.2214740056096031 0.2279581773553312 0
0.2377284698763867 0.1733637710803738 0
0.2384010952347472 0.1726317012263829 0
0.2386987736461278 0.1735802468010144 0
0.1721113646557028 0.1684279962175493 0
0.1561887659010536 0.1895753793519885 0
0.1558910874881098 0.1886268337745638 0
0.155218462127772 0.1893589036311017 0
0.1549207837148169 0.1884103580535339 0
0.1555934090751927 0.1876782881969094 0
0.1542481583545499 0.1891424279101523 0
0.1546231053017078 0.1874618124758319 0
0.1552957306622524 0.1867297426190551 0
0.1545458367674881 0.190090973487619 0
0.2161702712619125 0.2311855751954869 0
0.2151999674885839 0.2309690994743572 0
0.2158725928485957 0.2302370296180289 0
0.1890017656403485 0.2251242550095128 0
0.1991139374881009 0.1912128280238158 0
0.2015726333195529 0.1961720316204961 0
0.2147160663527327 0.1920472785484042 0
0.2140434409943147 0.1927793484026794 0
0.1971961214085643 0.1678494973739209 0
0.2145070522028762 0.177004382372322 0
0.2138344268445177 0.1777364522265325 0
0.2148047306147875 0.1779529279470277 0
0.2141321052564506 0.1786849978012216 0
0.2151024090266925 0.1789014735217163 0
0.2144297836683584 0.1796335433759139 0
0.2154000874385932 0.1798500190964107 0
0.2131618014861704 0.1784685220812059 0
0.2147274620802778 0.1805820889506009 0
0.2137571583099845 0.180365613230454 0
0.2156977658504947 0.1807985646711041 0
0.2163703912088477 0.1800664948168963 0
0.216668069620739 0.1810150403915594 0
0.2173406949790913 0.1802829705373785 0
0.2176383733909734 0.1812315161120092 0
0.2183109987492991 0.1804994462578591 0
0.2186086771611682 0.1814479918324574 0
0.2192813025196945 0.1807159219785256 0
0.218983624107653 0.1797673764037733 0
0.2199539278780281 0.1799838521244439 0
0.2196562494659096 0.1790353065496324 0
0.2206265532365047 0.1792517822706264 0
0.2170430165672014 0.1793344249626574 0
0.2195789809319476 0.1816644675537449 0
0.2150251404923273 0.1815306345262088 0
0.2189063555732608 0.1823965374080564 0
0.216965748032832 0.1819635859667925 0
0.2157750343850423 0.1781694036674142 0
0.2186859456956866 0.1788188308289999 0
0.2193585710538585 0.1780867609745836 0
0.153861815707714 0.2022882329439716 0
0.1528915119372566 0.2020717572236176 0
0.1535641372955594 0.2013396873692215 0
0.1849571193160544 0.163354697555751 0
0.1859274230897195 0.1635711732770925 0
0.1781852828242103 0.216536154528319 0
0.1801056004463769 0.1622723189488945 0
0.186245391400208 0.2192165058726429 0
0.1859932958958775 0.1724072018894845 0
0.2225671607772909 0.1796847337150508 0
0.2299090611513268 0.2289579132291241 0
0.2289387573777919 0.2287414375081107 0
0.2282661320173332 0.2294735073648682 0
0.2296113827374485 0.2280093676545669 0
0.186222599922709 0.2421468850242494 0
0.1802804274332168 0.2117107839625351 0
0.2209787087604564 0.2005015460192215 0
0.1722317145831427 0.1975652430295251 0
0.2120027734822865 0.217905937162773 0
0.1684163723119509 0.2055353687393443 0
0.2307045379215128 0.1797359239798454 0
0.1618446557987027 0.2075977452753111 0
0.1927081537669985 0.1765516929491335 0
0.1936784575390909 0.1767681686701284 0
0.1933807791267422 0.1758196230936078 0
0.1943510828988008 0.1760360988146058 0
0.2083340339294936 0.1544514620887117 0
0.2080422743737125 0.153476386575178 0
0.2215195884725545 0.1820974189977299 0
0.2177815147342891 0.1874383836971455 0
0.2130731372239474 0.1925628726821985 0
0.1657486622894857 0.1855332689612319 0
0.1993229516587861 0.2062557241879158 0
0.1940534044864692 0.1750875532381324 0
0.1950237082584765 0.1753040289591074 0
0.1947260298461602 0.174355483382686 0
0.1956963336178416 0.1745719591048798 0
0.1953986552050625 0.1736234135293056 0
0.2417414306431397 0.1919017311163195 0
0.2414437522264953 0.1909531855427091 0
0.2421163775769757 0.1902211156873597 0
0.1756607141875053 0.2027409223485633 0
0.2064900250041732 0.2060904388027391 0
0.2403303070422488 0.1845298419835083 0
0.2270437326810505 0.1824477277462102 0
0.2144614693175523 0.2228651407667747 0
0.2011660007744083 0.1546210496199375 0
0.2018386261338163 0.1538889797658795 0
0.2008683223637994 0.153672504044255 0
0.2028089299043511 0.1541054554872169 0
0.2025112514931282 0.153156909911945 0
0.2034815552637927 0.153373385633617 0
0.1761674067494628 0.2187323640895374 0
0.1756062370852608 0.1824397041524686 0
0.1767310779232978 0.1773978578548885 0
0.2392941304687064 0.1754773379500338 0
0.1791897737588109 0.1823570614608713 0
0.1782625513586667 0.2139069935251691 0
0.2169201651553412 0.2278243443284457 0
0.2173609849135883 0.2349797575050536 0
0.1743040677446239 0.2156702516465436 0
0.2192357196482484 0.2265766803371429 0
0.2267118671377848 0.2158947509563133 0
0.2174496491699967 0.220885406920235 0
0.2012635592037874 0.2066886756282298 0
0.1612062175606231 0.1739342463050774 0
0.2164134725852401 0.2118329025974839 0
0.2173837763571199 0.2120493783182501 0
0.183380062989153 0.1727063203047524 0
0.211175611053416 0.223896329037208 0
0.2121459148259512 0.2241128047581849 0
0.2146046106619484 0.2290720083197709 0
0.2187062356339904 0.2335156177925462 0
0.1891335112333373 0.242796312186776 0
0.2084737138836237 0.2382897980323196 0
0.192287623897606 0.2240930667419143 0
0.1919899454870254 0.2231445211681326 0
0.1929602492568621 0.2233609969004107 0
0.232579272616296 0.1713328468698264 0
0.1646896942968334 0.1994111438470136 0
0.2163362040509174 0.2144620636056396 0
0.1898631152522512 0.1847382943917495 0
0.2019817674626288 0.1600958473709896 0
0.2016840890512481 0.1591473017960623 0
0.1595291013124812 0.2088454092635975 0
0.225421093506728 0.2376601088165368 0
0.2263913972804287 0.2378765845375857 0
0.2257187719197642 0.238608654394495 0
0.226689075693543 0.2388251301156075 0
0.2273617010542132 0.2380930602586481 0
0.2260152793263646 0.2395561240525904 0
0.1749555465382952 0.1602452344048089 0
0.2207924860469735 0.1625282706173493 0
0.169629877381297 0.1863991718449542 0
0.1844935081065264 0.179129663622797 0
0.1851661334663707 0.1783975937669529 0
0.1838208827468779 0.1798617334785962 0
0.2338472547965339 0.1724978681931136 0
0.2140206495602333 0.2157097275958412 0
0.1764220037871286 0.1879145018924779 0
0.2117595721521944 0.2372586097649492 0
0.2214626098772057 0.2394233669454019 0
0.2224329136512002 0.2396398426666254 0
0.2217602882903005 0.2403719125237742 0
0.2227305920644345 0.2405883882450206 0
0.2220579667034134 0.241320458102263 0
0.2230283522372408 0.2415365673547644 0
0.2237009094650623 0.2408048028880429 0
0.2337471948529762 0.1980574083723142 0
0.2347174986238847 0.1982738840925108 0
0.2340448732653966 0.1990059539474957 0
0.2353901239858824 0.1975418142364201 0
0.2356878023954715 0.1984903598124974 0
0.2363604277554251 0.1977582899570372 0
0.2114732894660452 0.2248448746141238 0
0.2156749744250189 0.2037289438524372 0
0.2028520112292082 0.1858718633196747 0
0.2350379684437705 0.1762920504958991 0
0.1939850300849816 0.2438786907913786 0
0.1689458563279768 0.1985964312986974 0
0.1743382548955013 0.1812746828563064 0
0.1667303617805079 0.1742845550664652 0
0.2449900760154393 0.2138054478390931 0
0.2452997723304114 0.2147502218854084 0
0.1930172279115569 0.1660350489031077 0
0.1933149063240382 0.1669835944797758 0
0.1923446025517766 0.166767118758939 0
0.192642280964006 0.1677156643357281 0
0.2320928700150732 0.2100381921084187 0
0.2423912645889596 0.2141000404155486 0
0.1774923675399981 0.1625714373635765 0
0.1741837178325963 0.1865330048723872 0
0.1732134140601456 0.1863165291514556 0
0.2122003918925911 0.2444140229171138 0
0.2124980703054483 0.2453625684960249 0
0.2115277665310293 0.2451460927743647 0
0.1625400725568023 0.1839352962206488 0
0.2250372523304639 0.1731787477161588 0
0.1954100509383572 0.1621582239042488 0
0.1667962345973305 0.1831205836710838 0
0.2133594199345553 0.2049766078417492 0
0.1856297446769372 0.1626226276990744 0
0.1866000484505628 0.1628391034204105 0
0.186302370037777 0.1618905578423461 0
0.1872726738110718 0.1621070335647042 0
0.1834117486213415 0.2159379177022013 0
0.1837094270339721 0.216886463278298 0
0.2073640767593303 0.154233432812597 0
0.2070664561147709 0.1532846283122561 0
0.2063924665754836 0.1540228127988305 0
0.2060950155277658 0.153073248118761 0
0.2173065078229539 0.2146785393263771 0
0.2179791331829992 0.2139464694704982 0
0.2210876629294443 0.2411039823808884 0
0.1745472690725835 0.1963175790400859 0
0.1796191978065764 0.2009776642250823 0
0.1910741187738634 0.2432292636285328 0
0.1975254854543904 0.2120296403361819 0
0.2161588755244668 0.2426507647884878 0
0.2399667558269131 0.174745268096448 0
0.1984957892185594 0.2122461160562588 0
0.17917837805194 0.1938222510613173 0
0.2227533835128722 0.2176580090827609 0
0.2220807581529419 0.2183900789387911 0
0.2059833324180315 0.1900989970636519 0
0.2066559577766636 0.1893669272090837 0
0.2076262615473528 0.1895834029296589 0
0.2053107070593844 0.1908310669181945 0
0.2324247355458339 0.1765911689085048 0
0.225045951391429 0.2393405449314226 0
0.1908562104886 0.1620243908743714 0
0.1905585320771699 0.1610758452958196 0
0.1898859067151642 0.1618079151534924 0
0.1895882283024448 0.1608593695758736 0
0.1781080142884817 0.2191653155325549 0
0.1690003334152975 0.2188976494747568 0
0.2280571178567942 0.2144306112445505 0
0.1562660344356263 0.1869462183403039 0
0.1559683560228576 0.1859976727622526 0
0.1549980522491106 0.1857811970410692 0
0.155670677609866 0.1850491271841103 0
0.1876248293011522 0.183356797370813 0
0.1866545255289603 0.1831403216500077 0
0.2054222006995998 0.1538061672267581 0
0.1617129101249529 0.1899256881012835 0
0.1626832138977386 0.1901421638221798 0
0.1828391832597778 0.1911104473623287 0
0.2010114636918363 0.1598793716500422 0
0.2403733885052803 0.2162962499451238 0
0.1805236287706965 0.1923581113509328 0
0.1968959413970823 0.2445281179545047 0
0.1815712010770422 0.1899454260646169 0
0.1812735226652631 0.1889968804882839 0
0.1822438264366455 0.1892133562092931 0
0.1785285441268372 0.1716239416974738 0
0.1780421414808558 0.2103292869473314 0
0.1775689018219135 0.1599455674705633 0
0.1783398198928189 0.2112778325219773 0
0.2330631737842116 0.2102546678258294 0
0.2383555124245039 0.2184924595149737 0
0.2362717635376971 0.2118526405110919 0
0.2355991381864327 0.2125847103825011 0
0.1762218844929056 0.2390335820242282 0
0.1569386597963107 0.1862141484835156 0
0.2296227784553415 0.2165441781182505 0
0.2305930822232947 0.2167606538240085 0
0.1916719771917625 0.1674991886147017 0
0.1919696556040404 0.1684477341916586 0
0.1909993518317633 0.1682312584706815 0
0.1912970302440219 0.1691798040476609 0
0.1613265675075075 0.2030714931217579 0
0.1552843349384803 0.1981949322335494 0
0.154611709579522 0.1989270020884664 0
0.1536414058084671 0.1987105263678992 0
0.1559569602975091 0.1974628623786421 0
0.1717567076451682 0.2248053986378769 0
0.2166338824634668 0.2154106091820231 0
0.1855524761411727 0.1652517887122338 0
0.238378303850946 0.195562080387723 0
0.2377056784925179 0.1962941502422307 0
0.1617015144505438 0.2013908776912987 0
0.2222694823653046 0.1787361881390153 0
0.2213853413424142 0.2420525279595333 0
0.1596177655227454 0.1947510586730947 0
0.1589451401635051 0.1954831285284891 0
0.1860794585819317 0.2359400174427956 0
0.2351925055095042 0.1710337284837204 0
0.2358651308711312 0.1703016586284448 0
0.2368354346412787 0.1705181343551624 0
0.1877223877089945 0.2354244232976013 0
0.1603790551323173 0.179924638186742 0
0.1606767335452592 0.180873183764794 0
0.1868977268630504 0.1637876489985314 0
0.1903267264717587 0.1689633283267199 0
0.1906244048839852 0.1699118739037056 0
0.1896541011116759 0.169695398182756 0
0.1899517795238991 0.1706439437597741 0
0.1889814757516008 0.1704274680388511 0
0.1892791541637981 0.1713760136158654 0
0.2395031446643759 0.190520234106991 0
0.2362172864079493 0.1915514223756918 0
0.1807668300857297 0.1730054387176102 0
0.1810645084981381 0.1739539842949698 0
0.1803918831377065 0.1746860541512015 0
0.1701251742507149 0.2138558031909888 0
0.2312884990213181 0.1930982047788974 0
0.232258802790759 0.1933146804981339 0
0.162308266949905 0.1918227792548806 0
0.2091032579052053 0.2057913203887847 0
0.1604563236659134 0.1772954771750836 0
0.224716782504166 0.1951605813162648 0
0.1588133945320567 0.1778110713091268 0
0.1883088503912759 0.1711595378946703 0
0.1886065288038741 0.1721080834718403 0
0.2065242121634724 0.171694870027726 0
0.2068218905741008 0.1726434156036539 0
0.2058515868065841 0.172426939880111 0
0.1998068527112128 0.2451775451157333 0
0.1575884937722004 0.208412457822878 0
0.1569158684140502 0.2091445276770794 0
0.1582611191302401 0.2076803879696311 0
0.2052562299905767 0.1705298487170419 0
0.2181450659832491 0.1972229578542335 0
0.1673574042879936 0.2194132436084143 0
0.2132162785942152 0.1987697402567613 0
0.1792011694865115 0.170891871841392 0
0.1593859599674444 0.2026385416808985 0
0.1587133346089895 0.2033706115354766 0
0.2030838168341228 0.1779843803016362 0
0.1722089231258924 0.2204956222099493 0
0.1712386193571235 0.2202791464901375 0
0.1696184816866079 0.1978643614437679 0
0.1771718976844931 0.1845532710259226 0
0.1778445230437853 0.1838212011707162 0
0.1686481779143711 0.1976478857234597 0
0.2066445620705026 0.2008321167923597 0
0.2076148658450361 0.2010485925125843 0
0.1764992723244823 0.1852853408817825 0
0.2078694628800807 0.1702307303199723 0
0.2021135130634401 0.1777679045823431 0
0.1772749704448062 0.1589985135414272 0
0.2252779521607833 0.2314532412429164 0
0.1667075703719607 0.1972149342822423 0
0.1659804678884609 0.1776457859326126 0
0.227968453603291 0.2285249617901304 0
0.1679210754301125 0.178078737377003 0
0.1672484500743696 0.1788108072325264 0
0.1685937007909508 0.1773466675191882 0
0.2007682623452365 0.1792320442910128 0
0.176940092096465 0.192440754045919 0
0.2040541206051791 0.1782008560220509 0
0.2043517990173232 0.1791494015972587 0
0.2050244243763533 0.1784173317443671 0
0.2053221027885365 0.1793658773194375 0
0.1692777218693882 0.1651494080413496 0
0.1733679511238282 0.1810582071350751 0
0.2094009363158175 0.2067398659649062 0
0.2088714522962316 0.21367880341104 0
0.2095440776540884 0.2129467335562149 0
0.1737428980712052 0.1793775917020585 0
0.2000956369863213 0.1799641141455094 0
0.1691003933855558 0.193338109286731 0
0.1697730187491947 0.1926060394286691 0
0.1707433225211315 0.1928225151494829 0
0.1677551426706627 0.1948022489978646 0
0.1670825173087793 0.1955343188529114 0
0.1600585853242791 0.2019064718292372 0
0.1964576232485478 0.1597455386160155 0
0.1957849978873099 0.1604776084736314 0
0.2270551284043346 0.1709825381545493 0
0.1899403837919644 0.1821091333807061 0
0.1933035105909019 0.1784487841024573 0
0.1926308852319258 0.179180853957756 0
0.188661005886411 0.1924093016877416 0
0.181757423764499 0.2279187014162175 0
0.1814597453519846 0.2269701558419659 0
0.180489441582559 0.2267536801213881 0
0.194648761310476 0.1769846443904897 0
0.1959940120295882 0.1755205046802464 0
0.170534308345112 0.177779618959254 0
0.1644148072946602 0.1755322190484584 0
0.1966666373879487 0.1747884348269042 0
0.1783942969573495 0.2315790506789495 0
0.1786919753689705 0.2325275962525392 0
0.1793646007268346 0.2317955264000033 0
0.1796622791386052 0.2327440719730085 0
0.1780193500108523 0.2332596661057177 0
0.1771263147818602 0.2304140293872343 0
0.1883633274748993 0.1914607561127656 0
0.1858273631083852 0.1891307135191774 0
0.1848570593350551 0.1889142377997193 0
0.186797666878229 0.1893471892419454 0
0.1586474617507147 0.1945345829535187 0
0.1579748363917081 0.1952666528080681 0
0.1980435737430512 0.2165558924936522 0
0.1983412521552027 0.2175044380679335 0
0.1863885327433709 0.225423373455442 0
0.186090854330581 0.2244748278809945 0
0.1866862111552836 0.2263719190303914 0
0.1860135857966635 0.2271039888846934 0
0.1869838895662707 0.2273204646056485 0
0.1863112642085674 0.2280525344588881 0
0.190887896127568 0.2052559882832243 0
0.1915605214861912 0.2045239184289595 0
0.1925308252570416 0.2047403941484294 0
0.1922331468450914 0.2037918485734424 0
0.1932034506157178 0.2040083242938321 0
0.1929057722035322 0.2030597787199387 0
0.1938760759743414 0.203276254439512 0
0.1935783975621457 0.2023277088656688 0
0.1945487013329779 0.2025441845851101 0
0.1872815679764869 0.2282690101780341 0
0.1635217720558952 0.1726865823142644 0
0.1889586842979172 0.1933578472644957 0
0.1845137979904885 0.2338264505778245 0
0.1835434942182784 0.2336099748542499 0
0.1828708688597758 0.234342044706205 0
0.1825731904478344 0.2333934991331042 0
0.1819005650896664 0.2341255689854217 0
0.1816028866775943 0.2331770234118849 0
0.1809302613192368 0.2339090932654056 0
0.1977458953296305 0.2156073469174088 0
0.205001632939969 0.2013477109259974 0
0.2043290075855608 0.202079780780361 0
0.2115733494593601 0.199285334390239 0
0.2109007241045507 0.2000174042444698 0
0.2148592077238056 0.1982541461226504 0
0.2431639431612593 0.1878084448023508 0
0.1853409604371464 0.227836058736815 0
0.2263597116332015 0.1946449871820259 0
0.170445644108183 0.1918739695754451 0
0.1714159478803328 0.1920904452952937 0
0.2296455698927237 0.1936137989132251 0
0.2378602155363039 0.1910358282413361 0
0.2411460737816281 0.1900046399681179 0
0.1883950130669734 0.2346923534420836 0
0.1874247092962864 0.2344758777310355 0
0.1903356206080209 0.2351253048836024 0
0.1922762281494336 0.2355582563251254 0
0.1981322380017407 0.2024615418922076 0
0.1971619342311238 0.2022450661715354 0
0.1991025417701196 0.202678017612507 0
0.2468133594131493 0.1965618162345885 0
0.1942168356913378 0.2359912077666816 0
0.2445750734265835 0.1951803192645399 0
0.1961574432338817 0.2364241592082702 0
0.1880314618676943 0.2249077792995995 0
0.1980980507772281 0.2368571106499619 0
0.191019641713123 0.2229280454526339 0
0.1916922670721911 0.222195975605286 0
0.2000386583214112 0.2372900620918086 0
0.2107119998389337 0.239671295053916 0
0.2160157341907455 0.2364438972124212 0
0.2150454304187653 0.2362274214966246 0
0.2153431088296659 0.2371759670684323 0
0.2143728050582576 0.2369594913543495 0
0.2172837163728951 0.2376089184918316 0
0.2146704834726104 0.237908036923979 0
0.2127298759252784 0.237475085487768 0
0.2216171469545313 0.2341650449525056 0
0.2222897723142175 0.2334329750987308 0
0.2209445215954896 0.2348971148046563 0
0.2123549289724432 0.2391557009016668 0
0.2019792658664988 0.2377230135338365 0
0.2427776072585774 0.2009542353775024 0
0.203919873412414 0.2381559649761141 0
0.2058604809590058 0.2385889164186268 0
0.2390281377859883 0.2177603896588484 0
0.2410460138686833 0.2155641800837061 0
0.2084851096107291 0.2268246084580731 0
0.2075148058413183 0.2266081327364456 0
0.2072171274285872 0.2256595871623414 0
0.239789427412486 0.2029339692127729 0
0.2124435932386094 0.2250613503351306 0
0.218419952942519 0.2211018826410969 0
0.2177473275826588 0.2218339524971153 0
0.2249916694708922 0.2190395061016261 0
0.2243190441108879 0.2197715759577615 0
0.2259505775225135 0.2307211713832445 0
0.2272958282419167 0.2292570316540595 0
0.2094554133807006 0.2270410841718495 0
0.2199742178205431 0.2346806390884395 0
0.2376828870655049 0.2192245293753366 0
0.2377715513314249 0.205130178780525 0
0.2190925783023664 0.2203698127850814 0
0.2131162185985831 0.2243292804791175 0
0.2370989259610691 0.2058622486404544 0
0.2065445020663146 0.2263916570124423 0
0.2062468236557018 0.2254431114407801 0
0.2055741982927369 0.2261751812937195 0
0.205276519883045 0.2252266357200911 0
0.204603894523772 0.2259587055730717 0
0.2043062161112234 0.2250101599992501 0
0.2036335907515014 0.2257422298557111 0
0.2033359123390392 0.2247936842789395 0
0.2026632869765714 0.2255257541282216 0
0.2023656085664216 0.224577208557036 0
0.2016929832023191 0.2253092784065364 0
0.2013953047938858 0.2243607328358682 0
0.2007226794312323 0.2250928026886234 0
0.2004250010219465 0.2241442571154672 0
0.1997523756629903 0.2248763269682731 0
0.199454697250652 0.2239277813947869 0
0.1987820718912792 0.224659851250901 0
0.1984843934789463 0.2237113056745541 0
0.1978117681167622 0.2244433755237595 0
0.1975140897067572 0.2234948299527991 0
0.1968414643430907 0.2242268998021861 0
0.1965437859346832 0.2232783542317374 0
0.1958711605724497 0.2240104240842499 0
0.1955734821631982 0.2230618785113851 0
0.1949008568045213 0.2237939483639643 0
0.1946031783926808 0.2228454027880204 0
0.2368240395761113 0.1819833230170596 0
0.245402238596144 0.189189929948881 0
0.1675674935934481 0.2344513205773013 0
0.1615811645084622 0.1722536308699189 0
0.16225378986901 0.1715215610146504 0
0.1591925937996469 0.1761343629058021 0
0.1669621673826278 0.1663970720294389 0
0.166289542022129 0.1671291418859984 0
0.1676347927426969 0.1656650021732596 0
0.2457717291332518 0.1875117795061514 0
0.1535755329943431 0.1898744977667135 0
0.1538732114073982 0.1908230433440226 0
0.2418237711514886 0.1778093650646547 0
0.2013743762131671 0.2472827619381759 0
0.2020454491532401 0.2465576504581288 0
0.2023207077772202 0.2474554922442786 0
0.2030152650953517 0.246751113530708 0
0.2027177862190637 0.2458226729447187 0
0.203688041943165 0.2460386640579289 0
0.2039891681378443 0.2469716390652948 0
0.204658937587148 0.2462557339791869 0
0.2049567146453499 0.2472043785895585 0
0.2056288804621778 0.2464750193663153 0
0.2051213910889499 0.1528716565482169 0
0.1746672353738051 0.1592943442733391 0
0.1875044794188299 0.1542195505218248 0
0.186831854057451 0.1549516203789548 0
0.1871295324704268 0.1559001659575697 0
0.1802702050142332 0.1570232469315879 0
0.2077338527862939 0.1524752603850658 0
0.2031804338047171 0.1524402727452228 0
0.2464270167528468 0.2097076212738724 0
0.2461293383396132 0.2087590756959592 0
0.2471734886137196 0.1948858510286509 0
0.1640121283433394 0.1684118496373389 0
0.1786182138407821 0.1575305148720637 0
0.244282471858262 0.18278454382721 0
0.1526092156027919 0.2011183843505751 0
0.1518382809746144 0.2019406489066348 0
0.1603334722876653 0.2257853965695893 0
0.1689819501727611 0.1642026143532331 0
0.2365278664049484 0.1695878844255614 0
0.1738917272156665 0.2402673605491973 0
0.2475586630849954 0.1932211598773483 0
0.1547084170730287 0.1848400415845007 0
0.1553823829733988 0.1841092034143787 0
0.1563448669329659 0.1843184942954421 0
0.156047449180294 0.1833701882119273 0
0.243979082572304 0.1818318023310923 0
0.2430188042077406 0.1816038569309203 0
0.2436840773183875 0.1808657207707918 0
0.2438466775749001 0.2188124670992617 0
0.2432015347814641 0.2195697879230686 0
0.1539347609973576 0.2111220420072503 0
0.153651059424231 0.2101691101442815 0
0.2106360786860461 0.1532643524338795 0
0.1733017850621902 0.1607723776244194 0
0.1722715502449104 0.1605066801954608 0
0.2463555371550661 0.1893907812912354 0
0.2352582969873272 0.1684081692522419 0
0.1696710153857788 0.1634856494248463 0
0.1638106072737308 0.2309459697312066 0
0.152772787548444 0.1958572269554202 0
0.2411978449937691 0.1759218673835082 0
0.1842227598894497 0.1552628215410097 0
0.1831562381911315 0.1548986218190052 0
0.2380974104729037 0.1717100777666926 0
0.2390796493928931 0.1719321540900736 0
0.181299766923139 0.2436669782224355 0
0.2276330763137831 0.1614234793160518 0
0.2253364292342828 0.2402669060016678 0
0.2445777138977492 0.1837204667683084 0
0.2380147526020984 0.1857775052945536 0
0.2354787886315589 0.1834474624720846 0
0.2351811104425063 0.1824989167063107 0
0.2360741450219394 0.1853445548043849 0
0.2354559968130049 0.2063778428153511 0
0.2112325896730629 0.1665703810457876 0
0.2122028934425739 0.1667868567691451 0
0.2343311559749957 0.2114196891064593 0
0.2265142486635769 0.1893866651855481 0
0.2255439448952651 0.1891701894609202 0
0.1584156561959852 0.2024220659642196 0
0.2322043256681495 0.1730134623235132 0
0.2315317003107079 0.1737455321775984 0
0.2201198606888138 0.1632603404705727 0
0.1614038360377522 0.2004423321159094 0
0.2230307719965672 0.1639097676327374 0
0.2269119870712041 0.1647756705351593 0
0.1637193905256896 0.1991946681265063 0
0.1643920158795026 0.1984625982668436 0
0.2133708156342519 0.193511418260616 0
0.2124005118652394 0.1932949425370904 0
0.1657372665966154 0.1969984585649448 0
0.2352469826307383 0.1913349466566391 0
0.234574357278153 0.1920670165104176 0
0.2051561699887626 0.1960893889306683 0
0.2283231105878772 0.1721475594197162 0
0.2286207889996521 0.1730961049893881 0
0.2295910927700233 0.173312580706001 0
0.2289184674138157 0.1740446505602896 0
0.2298887711838707 0.1742611262860971 0
0.2279481636423549 0.1738281748442188 0
0.2018703117301628 0.197120577198653 0
0.2009000079607289 0.1969041014755631 0
0.2039109792722217 0.1719939884272065 0
0.2237464787277166 0.1949441055969715 0
0.2230738533728767 0.1956761754511584 0
0.2029406755012582 0.1717775127075118 0
0.1990594604113796 0.1709116098292364 0
0.1895198539288023 0.2296505071684011 0
0.1944055599715161 0.1963373170156044 0
0.2374080000766914 0.1953456046664225 0
0.1803349044984291 0.2320120021215289 0
0.1745903504300377 0.2280839868014491 0
0.1748880288412261 0.2290325323746356 0
0.2171747622076855 0.1970064821347325 0
0.2106030456769664 0.1990688586733151 0
0.2099304203272822 0.1998009285248812 0
0.1562546387125763 0.1984114079549489 0
0.1936670618078112 0.1882333582697522 0
0.1933693833958982 0.1872848126958018 0
0.2040313291558314 0.2011312352091166 0
0.2033587038070997 0.2018633050606225 0
0.2037678379333881 0.1657871208232806 0
0.2116848051676708 0.1622606045805856 0
0.2123574305260959 0.1615285347267414 0
0.2133277342960436 0.1617450104474539 0
0.2130300558863757 0.1607964648724169 0
0.2140003596561477 0.1610129405908554 0
0.1796305935339483 0.1895124746225102 0
0.2062582193943568 0.2139779218247362 0
0.2005909338405494 0.2074207454826554 0
0.2180791931461916 0.1883869292717354 0
0.1833344800889428 0.2185670787099354 0
0.2281571777917171 0.188871071051938 0
0.228829803151562 0.1881390011937062 0
0.2285321247400387 0.187190455618625 0
0.2295024285099811 0.1874069313390563 0
0.2068307847371884 0.2388053921498151 0
0.2298001069197342 0.1883554769185144 0
0.2304727322796084 0.1876234070602042 0
0.2007137852820516 0.1589308260713259 0
0.2363718234336574 0.1862931003785477 0
0.2226989064241539 0.1973567908798403 0
0.2229965848356346 0.1983053364549885 0
0.187636225031348 0.1718916077509773 0
0.2077580071843788 0.207255460099827 0
0.214175186629619 0.2104514055794278 0
0.1633216521335905 0.2238056627296555 0
0.1861022500550669 0.2130096382852656 0
0.1919354684295194 0.2028433030005473 0
0.1849774092185121 0.2180514845769939 0
0.21964485374036 0.1905004961410449 0
0.2199425321502578 0.1914490417205026 0
0.1739747036661747 0.1714901086718661 0
0.1733020783064511 0.1722221785281796 0
0.1723317745338274 0.1720057028071191 0
0.2209242316482473 0.1802003278454832 0
0.1869952852911198 0.2158552750098298 0
0.1657030794266243 0.2313940273133267 0
0.1650304540698743 0.2321260971657855 0
0.1663757047835444 0.2306619574609161 0
0.1847139179845564 0.1827073702084233 0
0.1837436142123375 0.182490894487577 0
0.1834459357997765 0.1815423489110368 0
0.1835004128933046 0.2018435671064547 0
0.1844707166641062 0.2020600428270451 0
0.1825301091219653 0.2016270913861855 0
0.1621309384832472 0.2200114804346735 0
0.196246107523218 0.2223298086562377 0
0.2073285831353764 0.1886348573546013 0
0.2082988869060777 0.1888513330753467 0
0.2150137447629962 0.1929958241268585 0
0.2150023490661763 0.2044610137073642 0
0.2159726528373641 0.2046774894278525 0
0.2289729445331775 0.1943458687669224 0
0.2292706229454977 0.1952944143414652 0
0.2286752661138327 0.1933973231948731 0
0.1695070259667646 0.2348890911939479 0
0.1688344006097865 0.2356211610464532 0
0.186974995398432 0.161158487986349 0
0.2146615892721877 0.1717460603652049 0
0.2038426048767722 0.2407851259876631 0
0.164898708453325 0.2144540400172479 0
0.2103167629818392 0.1866551235126619 0
0.2096441376232583 0.1873871933670372 0
0.2099418160353026 0.1883357389418891 0
0.2136912855020298 0.1715295846448156 0
0.2130186601437091 0.1722616544990115 0
0.1653737153413736 0.1872138843954574 0
0.2010976263822378 0.2234121872601837 0
0.20366777793016 0.1913466610518377 0
0.1895768325763549 0.1723245591934899 0
0.2246281182457784 0.2092549319212681 0
0.2239554928864517 0.209987001776697 0
0.2229851891144914 0.2097705260561358 0
0.2232828675276164 0.2107190716320794 0
0.2253007436050153 0.2085228620657266 0
0.2035132408594506 0.1966049830646591 0
0.22020602342113 0.2267931560582672 0
0.2208786487819977 0.2260610862014967 0
0.219533398061415 0.2275252259142483 0
0.1620878570739945 0.1882450726668702 0
0.2037792336753035 0.1543219312088453 0
0.1996662129727305 0.1613435113583704 0
0.2451590345659591 0.2085425999751841 0
0.2458316599265153 0.2078105301182788 0
0.2468019636998911 0.2080270058391583 0
0.2465042852866782 0.2070784602616404 0
0.2455339815129277 0.2068619845411342 0
0.2462066068735503 0.2061299146844357 0
0.247146279737786 0.2063560031855015 0
0.2468741270819842 0.2053994469581736 0
0.2459080776013184 0.2051816361294855 0
0.2465805611510199 0.2044496107765663 0
0.1778103358775748 0.2182167699570651 0
0.1664529733183976 0.2280327964629213 0
0.2242645670218731 0.1994703577498846 0
0.1792987279407572 0.222959497836601 0
0.1790010495273715 0.2220109522619436 0
0.1795964063497115 0.2239080434095206 0
0.2136457026141394 0.2173903430276113 0
0.1680186339102619 0.230146363329271 0
0.2145273421284837 0.2317011693307669 0
0.2142296637155904 0.2307526237533115 0
0.2162589355182645 0.2170912246132082 0
0.2142980380662231 0.1619614861676593 0
0.2149706634300377 0.1612294163094247 0
0.2288956759987849 0.1969750297712337 0
0.1732362054967104 0.1633861499134122 0
0.2379805654791714 0.2201730749468793 0
0.2370102617074984 0.2199565992289887 0
0.2271526869047854 0.2230501640805678 0
0.1698161001054989 0.2243724471973421 0
0.177106024871114 0.1757172424213498 0
0.2056856540062115 0.1891504514885298 0
0.1918354084181015 0.2284028431769479 0
0.1921330868299596 0.2293513887522766 0
0.1746473290267895 0.1707580388152993 0
0.1916833729271946 0.1560339989874133 0
0.1923559982881428 0.1553019291311222 0
0.1933263020615323 0.1555184048528125 0
0.1930286236490718 0.1545698592747598 0
0.1939989274224627 0.1547863349964027 0
0.1937012490100119 0.1538377894183921 0
0.1946715527833927 0.1540542651400265 0
0.1943752577612635 0.1531069906202596 0
0.1953444087093705 0.1533224071268272 0
0.1956418949841625 0.1542707761686941 0
0.196314526749498 0.1535387121972179 0
0.1927309452366747 0.1536213136966481 0
0.1966121639418429 0.154487219901965 0
0.1972847937641808 0.1537551541455063 0
0.1969871160958662 0.1528066092515034 0
0.1979574138659016 0.1530230794582355 0
0.1982550912770653 0.1539716241168892 0
0.1989277155945739 0.1532395533034752 0
0.2102280987452143 0.2007494740991519 0
0.2092577949742528 0.2005329983786558 0
0.2089601165469698 0.1995844528075287 0
0.2380033569010126 0.1972426958182212 0
0.1665530333046504 0.2024732562937252 0
0.1658804079458847 0.2032053261484268 0
0.1649101041750587 0.2029888504279379 0
0.1652077825874821 0.203937396003017 0
0.1661780863580194 0.2041538717235792 0
0.1655054609994284 0.2048859415781649 0
0.166475764770069 0.2051024172985993 0
0.227593506656277 0.2302055772284556 0
0.201827230391479 0.1653541693817576 0
0.2021249088038713 0.1663027149596993 0
0.1780535372108911 0.198864097353534 0
0.2166021968128125 0.1721790118069089 0
0.2163045184009252 0.1712304662322166 0
0.2191584511156329 0.2292058413474007 0
0.1656713937542216 0.1881624299725408 0
0.1649987683934951 0.1888944998292196 0
0.1809971265225048 0.2427406736485707 0
0.1803295259987637 0.2434502208095666 0
0.1763675266957789 0.1676132836678445 0
0.1537845471736844 0.2049173939478789 0
0.1528148641833187 0.2047007234105354 0
0.2249485880718302 0.1872730983112663 0
0.2267460542692477 0.1814991821718434 0
0.2274186796261304 0.1807671123173332 0
0.2026974741591992 0.19113018533136 0
0.2032269581761523 0.1841912478893315 0
0.2217513940746738 0.1742099359835358 0
0.2306272693492934 0.1823650850535216 0
0.2312998950368818 0.1816330146122978 0
0.2206924260449464 0.1880878108583232 0
0.1955304008159016 0.1912954707170181 0
0.194857775455452 0.1920275405721661 0
0.1922990196524023 0.2126278771628789 0
0.1916263942926168 0.2133599470206498 0
0.2317179230686078 0.2117188075409967 0
0.2193471753284297 0.1895519505665878 0
0.2168998752245683 0.1731275573813502 0
0.1873930237039988 0.1912442803910155 0
0.1880656490614912 0.190512210538611 0
0.1708091953355849 0.2016585437459406 0
0.1717794991067796 0.2018750194665839 0
0.1724521244651824 0.2011429496120478 0
0.1727498028776576 0.2020914951872805 0
0.1720771775188503 0.2028235650419258 0
0.1730474812897655 0.2030400407625696 0
0.1723748559308601 0.2037721106170717 0
0.1733451597011178 0.2039885863376374 0
0.1737201066486488 0.2023079709079418 0
0.219147055381583 0.2406710309384275 0
0.2020248488004837 0.1918622551859907 0
0.2314316403652562 0.1993050723620864 0
0.2324019441371223 0.1995215480817097 0
0.166982457333143 0.2210938590358013 0
0.1582725148016151 0.1962151983847535 0
0.1573022110301755 0.195998722663845 0
0.2256528991132282 0.2297726258148502 0
0.2226647192606142 0.2317523596645639 0
0.1668848988478655 0.1690262330417711 0
0.1708750681423738 0.2104945723335489 0
0.171547693500969 0.2097625024793827 0
0.1599040482581407 0.2071647938353012 0
0.2089487208309949 0.2110496424042566 0
0.2099190246009278 0.2112661181249533 0
0.2051675657176614 0.1846241993308012 0
0.2048698873060938 0.183675653754802 0
0.1964779131485965 0.2144423256212585 0
0.2185542000972888 0.1611467736014939 0
0.2178815747389505 0.1618788434547133 0
0.2286980575394805 0.1704669439809006 0
0.1688457963366197 0.2241559714771317 0
0.2003933153980347 0.1809126597206002 0
0.1994230116265613 0.1806961840016328 0
0.1861364372387556 0.1786140694879542 0
0.1858387588261278 0.1776655239112537 0
0.1730246898247429 0.225970419931175 0
0.1739949935958656 0.2261868956501035 0
0.1585815889289168 0.1856985543482711 0
0.1972733899463006 0.165220336356245 0
0.1966007645870504 0.1659524062106657 0
0.170709135339648 0.2272180839175226 0
0.1818257981166332 0.1591275637990297 0
0.1629694966342661 0.2025558989869982 0
0.1658031394123262 0.2058344871532215 0
0.1667734431822233 0.2060509628735174 0
0.2284434605184894 0.2012848062068765 0
0.2254552806709442 0.2032645400517952 0
0.1959826162972776 0.1869856942802405 0
0.1956849378850359 0.1860371487046353 0
0.1947146341137668 0.1858206729871465 0
0.195387259472351 0.1850886031310187 0
0.1977142096873381 0.1723757495435123 0
0.1790466324170284 0.1761501938636202 0
0.1783740070567243 0.1768822637197986 0
0.2283547962698394 0.2153791568212831 0
0.2321270571340241 0.175642623334183 0
0.231156753367399 0.1754261476061987 0
0.1886837973386239 0.1694789224628659 0
0.2280685135723437 0.2029654216375261 0
0.1749222160188145 0.1946369636092555 0
0.1746245376063988 0.1936884180332175 0
0.1752971629653354 0.1929563481801757 0
0.1743268591936554 0.1927398724583041 0
0.1822007450642644 0.1574469483630464 0
0.1819030666508718 0.1564984027840785 0
0.1736542338345049 0.1934719423125099 0
0.1733565554219917 0.1925233967374557 0
0.1759242067210366 0.2380850362501446 0
0.1751540216046069 0.1867494805937617 0
0.2293364957556422 0.2041304429340985 0
0.1861592286960961 0.1556836902361348 0
0.1858615502830659 0.1547351446573297 0
0.1864569071092097 0.1566322358147757 0
0.2107461870325331 0.2052757262554022 0
0.1791352966727203 0.1620558432278345 0
0.1794329750858061 0.1630043888061465 0
0.1781194100150254 0.2077001259432313 0
0.1787920353736692 0.2069680560890542 0
0.1774467846568584 0.2084321957978619 0
0.1797623391446743 0.2071845318095187 0
0.1613493589060115 0.1801411139081933 0
0.1788376182595685 0.1611072976494442 0
0.2253780121365421 0.2058937010586918 0
0.2250803337244127 0.2049451554826174 0
0.2125322574986776 0.2109669997140775 0
0.2118596321393293 0.2116990695700174 0
0.2038767921043749 0.2063895572149939 0
0.2032041667435825 0.2071216270696289 0
0.1642374788171432 0.203720920282618 0
0.1817371338577559 0.1732219144395637 0
0.1981208422787281 0.2139267314872878 0
0.1885951330723794 0.1835732730925051 0
0.1775468446311903 0.1828726555943673 0
0.1936011890009848 0.1793973296815579 0
0.1811417770305435 0.171324823285158 0
0.1728270714093003 0.1994623341814209 0
0.1889156029418451 0.1615914394322881 0
0.1886179245312873 0.1606428938532118 0
0.1892132813554597 0.1625399850094622 0
0.170588785457156 0.1980808371644616 0
0.1736656295384408 0.1820067527120633 0
0.2027861384222215 0.1770358347281464 0
0.1602903908820605 0.194018988817668 0
0.1612606946539378 0.1942354645384116 0
0.2296341741678934 0.2050789885102282 0
0.2306044779425925 0.2052954642289471 0
0.1532690225623484 0.2003903372477553 0
0.1542371899330253 0.2006074834265482 0
0.18552968469149 0.1881821679447018 0
0.1689027749283388 0.166830023472141 0
0.2390509292093502 0.1948300105331428 0
0.1819461480246382 0.1882648106327438 0
0.1829164517944994 0.1884812863578911 0
0.1970415843295962 0.1731078193998406 0
0.1811620669408496 0.2260216102672948 0
0.1801917631708221 0.2258051345468839 0
0.1893336312426412 0.1916772318357456 0
0.1834003528945714 0.227403107293485 0
0.2420163176407488 0.2157806558122685 0
0.1650874326534914 0.1748001491958119 0
0.1647897542416625 0.173851603616074 0
0.1866089426167206 0.2290010800294041 0
0.2053311254577749 0.2455269255645331 0
0.2063013563184289 0.2457439448578833 0
0.2065990225783193 0.2466925810291938 0
0.2072716209972907 0.2459606921649845 0
0.2075692928937087 0.2469092830052554 0
0.2082419126775866 0.2461772508607279 0
0.2082444098287338 0.1685501148903884 0
0.2079467314154335 0.1676015693159342 0
0.2086193567731402 0.1668694994619109 0
0.2076490530045825 0.1666530237406657 0
0.2083216783619022 0.1659209538872851 0
0.1990138775131872 0.2167723682144371 0
0.1993115559197438 0.2177209137920797 0
0.1620764613952948 0.1997102622643276 0
0.1552729392764129 0.2096601218173602 0
0.2388191236375939 0.2027174935024524 0
0.1942510229206345 0.201595639011319 0
0.1952213266873447 0.2018121147334631 0
0.1978345595811898 0.2015129963230655 0
0.2225874507265453 0.2343815206699317 0
0.2232600760848589 0.2336494508117571 0
0.2380578340065841 0.217543913953553 0
0.2164020768575111 0.2232980921990734 0
0.2400757100869908 0.2153477043842959 0
0.2100393744770379 0.2404033649067914 0
0.2090690707021044 0.2401868891771779 0
0.217658663325567 0.2359283030733506 0
0.2183312886846033 0.2351962332191029 0
0.1887040872250284 0.2241757094428659 0
0.2073171874181196 0.2001000469414629 0
0.2155318330718929 0.1975220762686563 0
0.195198535212887 0.2247424939333448 0
0.2000500540713493 0.2258248725378474 0
0.204901572932193 0.2269072511427925 0
0.2078124842497431 0.2275566783060745 0
0.2270323369780965 0.1939129173277446 0
0.2117709678735505 0.2257934201814748 0
0.2147591477250343 0.2238136863340284 0
0.2319611243728447 0.1923661349255138 0
0.2329314281488733 0.1925826106448912 0
0.2432842998264414 0.2169456771098242 0
0.2442546036022349 0.2171621528279016 0
0.2223784365655108 0.2193386245157902 0
0.221408132791156 0.2191221487877942 0
0.2262596516578085 0.220204527361105 0
0.2272299554368782 0.2204210030773684 0
0.2275276338513495 0.2213695486484622 0
0.2282002592112325 0.2206374787941486 0
0.2424913191329449 0.1885405041304997 0
0.2415096250473164 0.1997892141162568 0
0.2417528264312007 0.1804365415342314 0
0.2394372724045642 0.1816842050658487 0
0.238466968555523 0.1814677292175167 0
0.2467100220011739 0.2106426851564228 0
0.2478862068270575 0.2056341616077823 0
0.1986224519550308 0.1523250042831265 0
0.1995937526505713 0.1525370108488437 0
0.1713779479877362 0.2379172144586598 0
0.2150888181271728 0.2450427907953693 0
0.215780181062068 0.2443279370101117 0
0.2240310105255258 0.2418824588597042 0
0.152344453262238 0.2001737004613832 0
0.1520763084775618 0.1966125679574869 0
0.1523854334996301 0.1975443669304653 0
0.2311609431647519 0.1639922910680706 0
0.2314646265184905 0.1649147257281774 0
0.2307930019841776 0.1656424437623885 0
0.2317632723928666 0.1658590645446241 0
0.2324358921906574 0.1651270188674441 0
0.2310908617445532 0.1665902007878373 0
0.1622179543155001 0.2288408737773096 0
0.2209005867077154 0.1572758377323786 0
0.2199717471952865 0.1570546565406133 0
0.2118336025758568 0.2460580736015696 0
0.2108565007747016 0.2458720685063971 0
0.2105576893575991 0.2449286013651608 0
0.2098851017620654 0.2456605019372481 0
0.2101833959517082 0.2466062874226833 0
0.1572434226698418 0.2215453107371652 0
0.1569815963473953 0.2205855138398181 0
0.2441920152413866 0.2196147242070964 0
0.2022160906690934 0.1522498155356705 0
0.1527765358997075 0.2073176639452208 0
0.15240826083192 0.2064043671119122 0
0.2336577019600459 0.1663055657137401 0
0.1572053647227279 0.1783587309244455 0
0.1667136202268524 0.1654331077780389 0
0.1672911238629229 0.1647094208710156 0
0.1586887235266108 0.1751405354161556 0
0.1595530652142238 0.174454599050178 0
0.190781896120459 0.1532261996900068 0
0.1898200339156181 0.1529718865296506 0
0.2200210308075448 0.2435372468762756 0
0.219354124749843 0.2442506374417723 0
0.1715796358826277 0.2389082611633155 0
0.2218264173408728 0.1575047228802837 0
0.1950209472481505 0.1523642036759309 0
0.1574701301834262 0.2224808309996643 0
0.158465936791808 0.2227112924381519 0
0.1625708602430757 0.2297644843649138 0
0.2127692565940867 0.2462666928002732 0
0.234660219649692 0.1663618534126395 0
0.2007258586723254 0.2481246543555633 0
0.1538504200361841 0.2137534225217653 0
0.2143135379271444 0.2457039843437859 0
0.2028378306005152 0.1516176272073732 0
0.1535527416242828 0.2128048769476091 0
0.1514449360470523 0.1974430889326748 0
0.2276999515542223 0.2389289928045504 0
0.228339902750556 0.2382800232611871 0
0.2280356427352314 0.2373560716153528 0
0.229006165895592 0.2375717275386224 0
0.228706951775334 0.2366289205449498 0
0.229677511500029 0.2368444398352833 0
0.2293796197942852 0.235896691283106 0
0.2303499306775282 0.2361131404365736 0
0.2300522024961547 0.2351647808314699 0
0.2310225145643787 0.2353812255569942 0
0.2307248292390242 0.2344327058087757 0
0.2316951332429941 0.2346491806687649 0
0.2313974532170154 0.2337006411178523 0
0.2323677572594598 0.233917115834356 0
0.2326654357173556 0.2348656612448049 0
0.2320700786223134 0.2329685710936013 0
0.2330403824034861 0.2331850467866619 0
0.232742703938061 0.2322365014040304 0
0.233713007720529 0.2324529770925806 0
0.2293310562945641 0.2384675047744194 0
0.2339835025819259 0.2333765464321278 0
0.2346787808966104 0.2326652901288486 0
0.2343848779756553 0.2317202134766307 0
0.2353304639550062 0.2319139785072741 0
0.2350538871016158 0.2309848210323682 0
0.2359989962262886 0.2311781479249139 0
0.2357252275749666 0.2302515706232039 0
0.2366659439476009 0.2304408614566639 0
0.2363966925145684 0.2295184345722199 0
0.2373559065874004 0.2297247210814659 0
0.2370720140182948 0.2287888419297658 0
0.2380267821289875 0.2289910434913065 0
0.2377447970996789 0.2280569169862345 0
0.2386756928978392 0.2282371846808109 0
0.2384134963155337 0.2273212397887865 0
0.2393947734819744 0.2275711170070306 0
0.2390896106393806 0.2265962621143555 0
0.2313201846827471 0.2363298021301705 0
0.2474009064622698 0.1921838847740003 0
0.2160678921321217 0.2454442761812717 0
0.1531515368538854 0.1888032246034059 0
0.1526288993308054 0.1896983251247711 0
0.1686673997290001 0.1631953827959264 0
0.1565470709086208 0.1790826337326706 0
0.1568337928061115 0.1800388915259361 0
0.1528888762153755 0.2109066758943285 0
0.2085016216253915 0.2470876339254927 0
0.2078588915170954 0.2477870331349352 0
0.1549319057059616 0.1830763945744815 0
0.1557479461446471 0.18241996617039 0
0.1646466128877373 0.1676447360204932 0
0.2477554050729422 0.1967871600905098 0
0.2480813415957306 0.1977268375291794 0
0.1518843740077281 0.20726590092887 0
0.2429222799378968 0.1779996240527233 0
0.158592984651492 0.1742333647190047 0
0.1538949804917726 0.1856248810418812 0
0.153675258544779 0.184640351773199 0
0.1814636604027919 0.2445704088042462 0
0.1825336222542758 0.2448816672814455 0
0.2349809898988403 0.2336179984241822 0
0.2396496426944394 0.2287149850304038 0
0.2116189323718638 0.1534245759762099 0
0.2119166107830223 0.1543731215506181 0
0.2125892361415203 0.153641051697197 0
0.2128869145526774 0.154589597271569 0
0.1565295257436446 0.2222903326885589 0
0.1881816978027441 0.153460497091353 0
0.1872068010058809 0.1532710049430248 0
0.2459461466104901 0.2139724024493642 0
0.2462438981492569 0.2148930882846982 0
0.2465244850280003 0.21314439393142 0
0.2456210252357427 0.2156960126811573 0
0.2435712186591576 0.2205387962101357 0
0.2425344059341952 0.2203069079733597 0
0.2427836928925735 0.2212577805406747 0
0.2473973205267724 0.2099240969948062 0
0.2477368610500294 0.2109669383878144 0
0.1663668105570105 0.1644999808736968 0
0.236955223596312 0.2314364610728583 0
0.1562469166643676 0.1779554325081797 0
0.2308948335157356 0.1629785845544297 0
0.2135276576172271 0.1538334157758206 0
0.2138519046066193 0.1548020543853939 0
0.2145043518761998 0.154055161028773 0
0.214822387838412 0.1550187385939459 0
0.2155429656025996 0.1542404745471484 0
0.2157993655114743 0.1552513058309502 0
0.2376371970048801 0.1698076206847344 0
0.1753973057963978 0.1586104632293969 0
0.1743668770283382 0.1582471360994335 0
0.176164839901488 0.1579069360305943 0
0.1612698742509781 0.1713118653678616 0
0.1605890161375656 0.1720889954428922 0
0.1619401231634637 0.1705802134205043 0
0.1889475012331286 0.1527281426871415 0
0.2057530587023576 0.1521489691679502 0
0.2042341875830233 0.2479060473157751 0
0.2053394645209495 0.2481899837590688 0
0.2033851854956882 0.2485274777518087 0
0.2460709284383466 0.1884565196353393 0
0.247017535209929 0.1886507953913511 0
0.2448755127467781 0.1846665785392503 0
0.2451028413870954 0.188241623258258 0
0.2438364635286066 0.1870764164949479 0
0.2345084849321168 0.183230986467376 0
0.2342108067592533 0.1822824405915663 0
0.2335381812201971 0.1830145104915659 0
0.2332405029920461 0.1820659648769153 0
0.2325678774669204 0.1827980345834197 0
0.2357764667022152 0.1843960089028525 0
0.2389850563255242 0.1859939813801867 0
0.2383124309450274 0.1867260512359496 0
0.2427212368580648 0.1806527707434388 0
0.2433839634636621 0.1799647288298557 0
0.2443109740855516 0.1802217820969383 0
0.2322701992098016 0.1818494891948795 0
0.2329428246227722 0.1811174199247683 0
0.2399553598926053 0.1862104575361307 0
0.2406279852942128 0.1854783877286961 0
0.2441337941826909 0.1880250056302551 0
0.2336585306146002 0.212151758979205 0
0.2339562090325566 0.2131003045584702 0
0.1566181900020223 0.2081959821025641 0
0.1577430308251151 0.203154135818465 0
0.1580407092362139 0.2041026813933436 0
0.2312340218976108 0.1727969866033786 0
0.2292161458269675 0.1749931961391513 0
0.2335495763840854 0.1715493225941037 0
0.1611061576117661 0.1994937865482986 0
0.2177270376552682 0.1671371655084369 0
0.2186973414251412 0.1673536412273238 0
0.218995019833438 0.1683021868118949 0
0.2092919821324431 0.1661374296048566 0
0.2196676451949378 0.1675701169484126 0
0.2199653236036765 0.1685186625328881 0
0.2206379489652854 0.1677865926770482 0
0.2213105743304408 0.1670545228267843 0
0.221608252736913 0.1680030683959163 0
0.2267574499965121 0.170033992561188 0
0.2257871462248471 0.1698175168500484 0
0.2348948271000057 0.1700851828893054 0
0.2167567338892732 0.1669206897830331 0
0.2119052150362757 0.165838311176374 0
0.2128755188036044 0.1660547869060775 0
0.207351374592803 0.1657044781637763 0
0.2066787492378782 0.166436548017918 0
0.2063810708201208 0.1654880024456341 0
0.190358412111255 0.2121949257210705 0
0.1900607336947632 0.211246380148234 0
0.2407711268675994 0.1916852553972286 0
0.1937874117108987 0.2173706050411635 0
0.1667848388849774 0.1945857732831419 0
0.1957280192531646 0.2178035564833887 0
0.2428548757586969 0.198325074418827 0
0.2425571973575229 0.1973765288278227 0
0.2431525541766212 0.1992736199868096 0
0.1976686267899084 0.2182365079269298 0
0.1694753403338028 0.191657493853772 0
0.1701479656907259 0.1909254240003379 0
0.1879541933349146 0.2275369403173352 0
0.2023567144132971 0.1584152319363286 0
0.2367353747186316 0.1960776745222216 0
0.2042973219540863 0.1588481833778261 0
0.2052676257250334 0.1590646590978358 0
0.2055653041339912 0.1600132046782451 0
0.2062379294956114 0.1592811348184039 0
0.2065356079072174 0.1602296803965263 0
0.2072082332706147 0.159497610533252 0
0.2137026812453106 0.1600643950154435 0
0.2127323774764358 0.1598479192922092 0
0.2087738938660711 0.1616111774018241 0
0.2078035900927262 0.1613947016864411 0
0.2258416233010436 0.1901187350493569 0
0.2248713195342076 0.1899022593219409 0
0.2307704106871933 0.1885719526442061 0
0.2314430360469941 0.1878398827866991 0
0.2356991980756656 0.1870251702323458 0
0.2181792531496694 0.1628273890306226 0
0.2172089493804881 0.1626109133082368 0
0.2169112709718364 0.161662367735279 0
0.2162386456113884 0.1623944375961713 0
0.2259416833018859 0.1645591948149404 0
0.2240010757656123 0.164126243355678 0
0.2209128359179906 0.191665517446155 0
0.2210901644577974 0.1634768161930595 0
0.1932807191428714 0.201379163298097 0
0.1987731777367551 0.1584978746290102 0
0.2366581061676899 0.1987068355323305 0
0.2359854808146407 0.1994389053843228 0
0.1893881083353121 0.2119784500038721 0
0.1906560905161088 0.2131434713047401 0
0.1909537689403403 0.2140920168802931 0
0.2010000679486161 0.1713445612762811 0
0.1963461675156212 0.1967702684518757 0
0.1569272640712706 0.1976793380989329 0
0.1983868350474685 0.1716436796884712 0
0.1950781853349297 0.1956052471539727 0
0.1809758442481773 0.1880483349149675 0
0.1928171079411171 0.2171541293196476 0
0.1925194295290938 0.216205583744028 0
0.1918468041591029 0.2169376536001349 0
0.191549125750146 0.2159891080263322 0
0.1739177250710631 0.2288160566548021 0
0.1742154034843311 0.2297646022287405 0
0.1732450997103182 0.2295481265106153 0
0.1735427781163194 0.2304966720824552 0
0.1722747959344339 0.2293316507880715 0
0.1566295856592123 0.1967307925225531 0
0.2301205402946034 0.1663738019538114 0
0.1935897932729749 0.1908625192764773 0
0.1932921148616837 0.1899139737010257 0
0.1926967580362173 0.1880168825499615 0
0.1923990796240504 0.1870683369756508 0
0.2126981902722932 0.1942434881217421 0
0.2117278865045221 0.1940270123962427 0
0.2114302080946207 0.1930784668170198 0
0.2107575827361231 0.1938105366713878 0
0.2004819796723543 0.1668183090990927 0
0.1576771579755487 0.1943181072337343 0
0.1998093543114094 0.1675503789600198 0
0.2014522834446066 0.1670347848242889 0
0.2110552611432151 0.1947590822559824 0
0.2100849573755299 0.1945426065301918 0
0.2097872789656224 0.1935940609509569 0
0.2091146536071233 0.1943261308052844 0
0.2094123320143182 0.1952746763898398 0
0.2084420282466115 0.1950582006643602 0
0.2381464982783749 0.2034495633600201 0
0.2068991591097732 0.170014254597975 0
0.1883177445323331 0.2373215144497838 0
0.193171764981692 0.1607767268838896 0
0.197868746768239 0.1671174275178602 0
0.1885495501550888 0.2294340314581075 0
0.1914604614703385 0.2300834586101201 0
0.1924307652413152 0.2302999343304965 0
0.1931033906007856 0.2295678644736202 0
0.1902583520732257 0.2377544658914997 0
0.1939305530304149 0.2235774726299888 0
0.2061264737574633 0.1963058646546238 0
0.2067990991175813 0.1955737947977799 0
0.1941420687559152 0.1609932026048986 0
0.1740722621301192 0.2235577346512742 0
0.1743699405417367 0.2245062802250406 0
0.1934010690125278 0.2305164100500847 0
0.1940736943718248 0.2297843401943915 0
0.194371372783176 0.2307328857728126 0
0.1950439981428892 0.2300008159155909 0
0.2328769510277479 0.1722813924509944 0
0.2052879156221365 0.2137614461042897 0
0.204990237210529 0.2128129005280301 0
0.1968984429963077 0.1669009517981632 0
0.1921989596145253 0.2381874173333845 0
0.2011976863675709 0.197852647058427 0
0.2002273825979965 0.1976361713351992 0
0.1999297041895287 0.196687625755591 0
0.1992570788273368 0.1974196956143761 0
0.2089943037255787 0.1651888840189948 0
0.1978028739663707 0.1582813989064377 0
0.2368012475387087 0.2049137030824577 0
0.1953416765542754 0.2309493614941036 0
0.1960143019141637 0.2302172916364332 0
0.1963119803261432 0.2311658372125989 0
0.196984605685663 0.2304337673569455 0
0.1972822840978198 0.2313823129326872 0
0.1979549094572958 0.2306502430774743 0
0.1966869272738391 0.2294852217815019 0
0.2032383539129531 0.1727260582810586 0
0.2042086576823747 0.1729425340042171 0
0.2025657285475914 0.1734581281385046 0
0.2081988269367462 0.214410873266705 0
0.2091691307070584 0.2146273489876721 0
0.190260853666918 0.160127299716892 0
0.1941395671562724 0.2386203687754134 0
0.1899834651520374 0.2138755411668243 0
0.2404734484331902 0.1907367098258153 0
0.2401757700037032 0.1897881642517913 0
0.2400985015054529 0.1924173252544251 0
0.2403961799122384 0.1933658708291705 0
0.1994002201915728 0.2036265631845665 0
0.201970371718579 0.171561036998241 0
0.1982525878693123 0.2315987886543111 0
0.198925213229061 0.2308667187982701 0
0.1992228916410656 0.2318152643755236 0
0.1998955170009578 0.231083194519264 0
0.2357536752271072 0.2073263883891033 0
0.2350810498650981 0.2080584582449882 0
0.1990252732487927 0.2053071786123634 0
0.2439117269934056 0.184448192433144 0
0.1803463002419651 0.2205468125480158 0
0.1960801746986359 0.2390533202176031 0
0.2001931954130308 0.2320317400966197 0
0.2008658207729324 0.2312996702407675 0
0.2011634991851375 0.2322482158178861 0
0.2018361245451208 0.2315161459619037 0
0.2015384461329637 0.2305676003863456 0
0.1736200466542834 0.2278675110796926 0
0.1695640045672498 0.1775631432394754 0
0.1660894221043492 0.2182482223141285 0
0.1657917436922319 0.2172996767402674 0
0.1688913792042346 0.1782952130978064 0
0.1936125847366285 0.1679321400565293 0
0.1821323707113018 0.2262380859917653 0
0.1873474407620654 0.2371050387304931 0
0.1967439059200661 0.1721592738177506 0
0.1737745837200016 0.2226091890785287 0
0.2282889234535317 0.2065431282183561 0
0.1731792268960892 0.220712097931074 0
0.1728815484862782 0.2197635523573447 0
0.2021338029574126 0.2324646915390564 0
0.2028064283174886 0.231732621682717 0
0.2031041067298253 0.2326811672602689 0
0.203776732089907 0.2319490974042144 0
0.2276162980924752 0.207275198076195 0
0.2269436727338813 0.2080072679315077 0
0.2058173996414811 0.2068225086588175 0
0.1742926720150985 0.2271354412259928 0
0.2337357991455875 0.2095225979579271 0
0.163244383597562 0.226434823730247 0
0.174272382079039 0.1724386542495621 0
0.1735997567197791 0.173170724105755 0
0.2040744105023576 0.2328976429815184 0
0.2047470358625028 0.2321655731253633 0
0.2044493574500933 0.2312170275496712 0
0.2050447142749768 0.2331141187027254 0
0.2057173396354037 0.2323820488466375 0
0.2060150180477587 0.2333305944236206 0
0.2066876434083597 0.2325985245677399 0
0.1947805069225134 0.1946567015794778 0
0.1954531322819686 0.1939246317227705 0
0.1944828285086418 0.1937081560043669 0
0.1922673340168905 0.1693962797685031 0
0.1786261025809358 0.2236915676892237 0
0.187933903442804 0.1728401533294808 0
0.2151454904013567 0.2106678813003898 0
0.1935125247323379 0.1934916802896645 0
0.1941851500929559 0.1927596104299876 0
0.1869522039415885 0.1840888672263591 0
0.1980207822417833 0.2394862716599518 0
0.1777989401444238 0.2296819595354321 0
0.2301864495986808 0.1752096718766399 0
0.2069853218205502 0.2335470701454184 0
0.2076579471809634 0.2328150002890242 0
0.2073602687687197 0.2318664547130358 0
0.2079556255935982 0.2337635458668716 0
0.2086282509538514 0.2330314760097567 0
0.2089259293664926 0.2339800215880146 0
0.1800372260886716 0.2310634565471766 0
0.2134050028353294 0.1591158494352898 0
0.2146729850210848 0.1602808707359402 0
0.2156432887946239 0.160497346452915 0
0.217086097945036 0.2111008327418226 0
0.1909220832964407 0.1708604194812736 0
0.1837980913053193 0.2027921126816599 0
0.2239124114930947 0.178220594006223 0
0.2043176118512975 0.2135449703830979 0
0.2040199334370857 0.2125964248078362 0
0.2033473080798492 0.2133284946622718 0
0.1992253936646599 0.1541880985704256 0
0.2346288344052496 0.2123682346814191 0
0.2349265128359161 0.2133167802552308 0
0.2342538874683896 0.2140488501192871 0
0.2352241912430146 0.2142653258201533 0
0.167136994408875 0.2158355370326605 0
0.2171088893758462 0.1881704535517607 0
0.2327259956699894 0.1660772948739517 0
0.2333488765407879 0.1653514981489415 0
0.2330305463037301 0.1643813009316665 0
0.2456109427896008 0.2042329199561861 0
0.2320598399347595 0.166807239242915 0
0.2323586386749071 0.1677552477037626 0
0.1574453524120983 0.202205590246772 0
0.1926194895004915 0.1906460435601946 0
0.191231157442541 0.1603437754351766 0
0.2266143086601897 0.1638271249585808 0
0.2233284504070231 0.1648583132141557 0
0.1863999284676198 0.2139581838600531 0
0.2224012280126007 0.1964082453050409 0
0.2214309242418561 0.1961917695858538 0
0.2221035495964655 0.1954596997324013 0
0.199961389785789 0.2399192231023848 0
0.18729296370336 0.2168038205847982 0
0.1866203383449918 0.2175358904409171 0
0.2212219100605792 0.1811488734229896 0
0.2129299958814599 0.1863560050990848 0
0.2139002996518326 0.1865724808196655 0
0.2141979780636027 0.1875210263947936 0
0.2148706034220808 0.1867889565405632 0
0.2151682818339529 0.187737502115408 0
0.215840907192529 0.1870054322606028 0
0.1639170089526137 0.2257027538756228 0
0.1648873127237709 0.2259192295957993 0
0.1827733104396488 0.1822744187668371 0
0.1830709888526853 0.1832229643433395 0
0.1824756320269766 0.1813258731899943 0
0.1630239737218933 0.2228571171561286 0
0.1826618547293807 0.2192991485622298 0
0.2404620527741099 0.2022018993575515 0
0.2401643743528091 0.2012533537912407 0
0.1815053282540199 0.1811093974685343 0
0.1821779536143474 0.1803773276132643 0
0.2310022165848546 0.1806844692259683 0
0.2198766593439689 0.1826130131302165 0
0.2355674524633616 0.1693531130231022 0
0.2361806287148387 0.1686803622524634 0
0.2236692101954574 0.1975732665999964 0
0.2192040339854026 0.1833450829846239 0
0.2109893883407309 0.1859230536573059 0
0.2300319125794699 0.1804679938256299 0
0.229061608763555 0.1802515181704215 0
0.1796736748837778 0.2212788824042162 0
0.1813166040128486 0.2207632882701285 0
0.1787033711115105 0.2210624066885744 0
0.1780307457550176 0.2217944765437919 0
0.1784056926977778 0.2201138611127518 0
0.1816142824259635 0.221711833846351 0
0.1917264542637525 0.1878004068332154 0
0.2140320452947883 0.2042445379868615 0
0.2182768115968982 0.2148950150464632 0
0.2417300349539061 0.2033669206507195 0
0.2192926982446622 0.1692507323882538 0
0.2153000274781426 0.2054095592830308 0
0.2162703312495815 0.2056260350034633 0
0.1604335322574266 0.2002258564085286 0
0.162428616894927 0.2209600260085349 0
0.2093464592114043 0.1864386477917636 0
0.2041502673808656 0.1526588560083086 0
0.2179474475291859 0.1707148720987026 0
0.1822324307088981 0.200678545811187 0
0.2248827152623788 0.1784370697244341 0
0.1619026567214917 0.227897857564649 0
0.1611399646349637 0.2286399474791008 0
0.1858045716435689 0.2120610927105883 0
0.1848342678728367 0.211844616989903 0
0.1855068932317298 0.2111125471356841 0
0.1845365894609213 0.2108960714151402 0
0.1852092148201382 0.2101640015607412 0
0.1842389110490464 0.2099475258403766 0
0.1849115364087085 0.2092154559859559 0
0.1839412326371915 0.2089989802656396 0
0.1846138579952731 0.2082669104113719 0
0.1836435542254382 0.2080504346909334 0
0.1852864833558288 0.2075348405570904 0
0.1861795185906393 0.2103804772812966 0
0.1735110924724891 0.1872650747283304 0
0.1623513483637573 0.2235891870096027 0
0.1660007578384489 0.2323425728864757 0
0.1653317736380052 0.2330583220729592 0
0.1643626218957107 0.2328242118600297 0
0.1646094724119745 0.2338998648309993 0
0.2153456103825913 0.1595488008723209 0
0.1832458158090942 0.2326614292831538 0
0.2055855940275564 0.214709991683582 0
0.2249257966589303 0.210203477497245 0
0.1822869077838332 0.22097976399213 0
0.1835232043340901 0.1789131879018541 0
0.2182337302151452 0.1831286072629949 0
0.2019019973308182 0.2403521745449321 0
0.187072553827487 0.2132261140061405 0
0.2249713795346972 0.1643427190802931 0
0.2084965053458871 0.215359418844157 0
0.220417539098819 0.1642088860517857 0
0.2067877034132344 0.2070389843795285 0
0.1991570188387362 0.2229792358190379 0
0.1693208032746907 0.1969158158678822 0
0.2415210191578703 0.1883240254037367 0
0.1794646607322414 0.2062359862345804 0
0.1784943569621602 0.2060195105147214 0
0.1683504994991168 0.1966993401473242 0
0.1959395419749348 0.1552192928779204 0
0.1875906421146776 0.2177523661617989 0
0.1885609458857657 0.2179688418834026 0
0.1878883205282472 0.2187009117380553 0
0.2202630020141604 0.1694672081086566 0
0.1869635996699186 0.1726236776085604 0
0.1866659212576938 0.1716751320312634 0
0.2015612376134675 0.2076372212041281 0
0.2297342341295978 0.179519448300959 0
0.2287639303465903 0.179302972601274 0
0.1848684550534428 0.1774490481902323 0
0.1678096197671015 0.215103467178497 0
0.1684822451251288 0.2143713973245208 0
0.2413006059979303 0.1847463192227138 0
0.1663440191146747 0.1874303601160215 0
0.1725179972713544 0.2099789781997942 0
0.2063126964601091 0.2342791400029593 0
0.2080012084943195 0.1879027875001382 0
0.2180564017190995 0.2113173084615109 0
0.21835408013082 0.2122658540381301 0
0.1659690721669536 0.1891109755496264 0
0.1631012422537811 0.2202279561549246 0
0.2280026407523097 0.1941293930475025 0
0.1765195637446222 0.2399821273377411 0
0.1758557346456109 0.2407114366948875 0
0.1761342591315631 0.2416249500530133 0
0.2365694419570186 0.2128011860884713 0
0.1771921879489464 0.2392500578462504 0
0.1778648130016707 0.2385179880894932 0
0.1788351167202683 0.2387344638272552 0
0.1618332600718306 0.2190629348607173 0
0.1608629563020439 0.2188464591403776 0
0.1615355816604058 0.2181143892865564 0
0.1944283514340325 0.1734069378057178 0
0.237330731531545 0.1979747656759008 0
0.2095985547268747 0.2332479517310533 0
0.2127209817315905 0.171313108923709 0
0.1748695424588458 0.240478463036234 0
0.2364376962959868 0.1951291289479739 0
0.2141544434515144 0.1557542789197981 0
0.1622082070189889 0.2173823194327391 0
0.16123790324873 0.2171658437123343 0
0.1646010300415682 0.2135054944428615 0
0.1652736553997084 0.2127734245888686 0
0.164303351629746 0.2125569488683698 0
0.1649759769878317 0.2118248790144529 0
0.1608084791736072 0.1985452409766419 0
0.1548435151809117 0.191039519064812 0
0.1674460685407972 0.2053188930190263 0
0.1879655890632857 0.2160717507311637 0
0.2186200728869021 0.1699828022435267 0
0.1633330478591613 0.2123404731479601 0
0.2115619537270648 0.2107505239935803 0
0.1627262953081818 0.221908571582311 0
0.1997434815082566 0.1587143503501272 0
0.2000411599208096 0.159662895927417 0
0.2212763871730953 0.201450091594459 0
0.2206037618141808 0.2021821614493567 0
0.2169771437589965 0.170498396377356 0
0.2055197212328441 0.2058739630813459 0
0.1698047043781027 0.235837636767244 0
0.1692185402266756 0.2365559612502811 0
0.1682357305605101 0.2364427818972696 0
0.2406824626455177 0.2057796059393467 0
0.2040085376990028 0.2240616144231868 0
0.2080556855952559 0.2082040056760668 0
0.1929285636409832 0.1801293995370231 0
0.2463178263602295 0.1920242049713462 0
0.2469486336443953 0.1912582944521068 0
0.2466249309957625 0.1903075243467058 0
0.2148478119912118 0.2097193357227086 0
0.2082874911946445 0.2003165226597912 0
0.208585169614789 0.201265068233378 0
0.2041402832890959 0.2417336715660902 0
0.2332291065612616 0.1935311562183013 0
0.1785374383106832 0.2377859182516809 0
0.2160068399886353 0.1702819206563791 0
0.2175066277902493 0.1635594588896198 0
0.1714045521600063 0.2035556348965159 0
0.1717022305715682 0.2045041804715422 0
0.1930831007144579 0.1748710775169183 0
0.1650760369288342 0.1862653388178948 0
0.2165021368454865 0.1977385519883915 0
0.1707864038751033 0.2245889229175508 0
0.171084082286675 0.2255374684911383 0
0.1701796513240803 0.2341570213416407 0
0.2143639108601781 0.1707975147900148 0
0.1639284046834053 0.2142375642969039 0
0.1623855354854427 0.1891936182449364 0
0.1633558392586681 0.1894100939658105 0
0.1636535176703254 0.1903586395433064 0
0.1643261430321756 0.1896265696861265 0
0.1646238214427474 0.1905751152652477 0
0.2190608926418132 0.1771382153998425 0
0.1786488940354522 0.2007611885044057 0
0.1789465724473127 0.2017097340798208 0
0.1776785902641553 0.2005447127836749 0
0.2183882672836103 0.1778702852540116 0
0.2174179635134327 0.1776538095334383 0
0.1572249424922952 0.1986278836741034 0
0.2033700995186386 0.190398115475864 0
0.242050505649774 0.1813850870788213 0
0.2453287265348766 0.1918171952373636 0
0.1800269986265564 0.2425234096121226 0
0.1793532049961745 0.2432607159818806 0
0.2120483563732683 0.172045178778144 0
0.2339017319196162 0.1927990863640459 0
0.2336040535015702 0.191850540791518 0
0.2017271703884863 0.1909137096106803 0
0.2129730772546862 0.2181224128834577 0
0.177137710518751 0.2189488398103762 0
0.2284092804718635 0.2356803483997276 0
0.2283003191726951 0.1950779386215529 0
0.1812279397312694 0.2348576388389935 0
0.1522870929305034 0.2028427282532151 0
0.1948463797450638 0.2034927301599376 0
0.2389964520575044 0.1745287923755836 0
0.205862982545193 0.1609617502542956 0
0.2153342146306542 0.17101399051112 0
0.2059491452435875 0.2244945658648312 0
0.2369557845932246 0.1996553811034154 0
0.1525663061097373 0.2037468136073095 0
0.1518968456142321 0.204500255785914 0
0.1928740865761578 0.1598281813040679 0
0.21709749367681 0.1996356431375895 0
0.2475112190437808 0.2046518623088392 0
0.2472375653384853 0.2037060728768865 0
0.2474087162377686 0.1984589073839084 0
0.2476606110494323 0.1994218210501583 0
0.2483790200082391 0.1986753831037604 0
0.1807757242491701 0.2391674152709624 0
0.2122142891942236 0.15532166712511 0
0.1942966058349346 0.1557348805743138 0
0.1860046916248749 0.160942012264183 0
0.2152683418391684 0.162177961884802 0
0.2174065677874175 0.1891189991275485 0
0.1832141302073745 0.1894298319332311 0
0.1989594004184295 0.1964711500352332 0
0.1802576359612116 0.2346411631194305 0
0.2393414423220537 0.1728633086924993 0
0.2399948502133912 0.1722729971596734 0
0.2396331398196295 0.1738089557720282 0
0.240630886446977 0.1739573784659509 0
0.1784829612360049 0.2174847001030401 0
0.1900290480590547 0.1680147827503307 0
0.1575998894356537 0.1969472682420787 0
0.156331907255842 0.195782246941088 0
0.1821006850795032 0.183006488622747 0
0.2068332863200554 0.1611782259706969 0
0.1949692387678924 0.1550028176757373 0
0.1749652973683313 0.2264033713692619 0
0.2017499618550591 0.167983330399968 0
0.1951896410699953 0.1585805173097157 0
0.1961599448393375 0.15879699303452 0
0.1892677584319506 0.1828412032364786 0
0.2141865823644387 0.1989862159766103 0
0.2138889039485924 0.1980376704035915 0
0.1919582598707556 0.1799129238142322 0
0.1910766203663033 0.1656020974617194 0
0.1975824663514049 0.1547036943738894 0
0.2297545243133471 0.234216234392766 0
0.1935011290278008 0.2049568698687462 0
0.2444864092053466 0.2092746698320998 0
0.2435161054313033 0.2090581941115246 0
0.2428434800712435 0.2097902639678632 0
0.2311453576379182 0.1868913372050802 0
0.2321156614078485 0.1871078129252046 0
0.2324133398150866 0.1880563585106508 0
0.2330859651759744 0.1873242886485568 0
0.2155977058898563 0.2063581048588761 0
0.2165680096615653 0.2065745805792619 0
0.2172406350207439 0.2058425107240245 0
0.21753831343314 0.2067910562997726 0
0.2131731972196637 0.1670033324871164 0
0.2138458225751164 0.166271262631573 0
0.213548144163421 0.1653227170496508 0
0.2148161263611945 0.1664877383305548 0
0.2141435010165172 0.1672198082025307 0
0.2151138047763259 0.1674362839108248 0
0.2423253917785629 0.2052640118038487 0
0.1607426063524011 0.1897092123801589 0
0.1541708898209114 0.1917715889210362 0
0.1532198681023448 0.1915644503489996 0
0.1535014781364823 0.1925052149686532 0
0.1524118075250307 0.1923263423992428 0
0.1528256391006644 0.1932357286333818 0
0.1537964784872034 0.1934524637194537 0
0.1531234067843187 0.1941843174380703 0
0.1521530137431533 0.1939677984918657 0
0.2155432287808641 0.1860568866850528 0
0.2239668886088395 0.1985218121748361 0
0.2249371923805447 0.198738287895047 0
0.1692663261526244 0.1766145976630814 0
0.2189722283816187 0.1912325659965934 0
0.219269906787425 0.1921811115851477 0
0.2335267849738203 0.1944797017927851 0
0.1899631752560456 0.1591787541395466 0
0.1707319268007367 0.2042877047509259 0
0.2219490125315481 0.2007180217392103 0
0.1976597326389589 0.1520745312945522 0
0.1967085127034473 0.1518685253501881 0
0.1722579085246814 0.1631623300461947 0
0.1712862725514702 0.1629446303007337 0
0.1709722464687584 0.1619831257830243 0
0.1703405476437458 0.1627510811758282 0
0.1699554082691158 0.1618629889150953 0
0.1714721594602387 0.1610959316202342 0
0.1640992482200681 0.231879549265066 0
0.1634217120986725 0.1982461225467772 0
0.1640943374424707 0.1975140526682821 0
0.1580521049155298 0.1926374918042489 0
0.2161157941742154 0.2108843570206709 0
0.2114188123917078 0.2045436564002693 0
0.1997979585736671 0.17901556857112 0
0.1909106875621353 0.1823256091031972 0
0.1915833129222729 0.1815935392477173 0
0.198839050541587 0.1673339032309788 0
0.245843055629357 0.1963453405281634 0
0.2448613561533478 0.2075940543972091 0
0.2031066083157796 0.1550540010625628 0
0.2057198475322303 0.1547548543436622 0
0.1758266469644285 0.1860174107377066 0
0.1555161405410331 0.1903074492083758 0
0.22986616895558 0.1628022424349806 0
0.2295209163284196 0.1617370619097537 0
0.2474745890600181 0.2072949359823715 0
0.2477758594559897 0.2082263472772939 0
0.2229193163031332 0.2009344974592326 0
0.2226216378907442 0.1999859518843661 0
0.1679176656785924 0.2353980414778935 0
0.1725407887000751 0.1870485990074023 0
0.2161385856044903 0.1879539778353911 0
0.2135570383552162 0.2314846936096528 0
0.2132593599420344 0.230536148032152 0
0.2232942632495696 0.1992538820296893 0
0.1657803479611441 0.2287648663156673 0
0.1667506517296093 0.2289813420359675 0
0.1674232770871713 0.2282492721831866 0
0.1652622596707822 0.2242386141697512 0
0.2452361612886353 0.2059134834684096 0
0.1753402443114984 0.2247227559490264 0
0.1777330673398838 0.2208459309640065 0
0.2256870862740718 0.1953770570358941 0
0.2253894078568385 0.1944285114630642 0
0.1907675462228426 0.1761187415065342 0
0.217715641925488 0.1786023551083968 0
0.1759356011434661 0.2266198470930672 0
0.216865688072416 0.2075231261557055 0
0.1925764081643535 0.1588796357225818 0
0.2215740655861284 0.2023986371697718 0
0.2209014402270961 0.2031307070248873 0
0.2051903571864306 0.1616938201088987 0
0.2409801410584159 0.2067281515161832 0
0.2143297237061532 0.2051930835626933 0
0.1611175533009367 0.1880285969458774 0
0.2292047500982544 0.1864583857645258 0
0.2040769120866626 0.1552704767840929 0
0.1533457290418615 0.1977617911021351 0
0.152685353297338 0.1984900897931594 0
0.2200311964119442 0.1773546911204641 0
0.2203288748243263 0.1783032366952507 0
0.2212991785951366 0.1785197124171051 0
0.2210015001829334 0.1775711668412399 0
0.2219718039528156 0.1777876425626833 0
0.2229421077230823 0.1780041182850404 0
0.2444978049239063 0.1978094802272424 0
0.2442001265042864 0.1968609346640644 0
0.2435275011471243 0.1975930045171645 0
0.215574914434862 0.2292884840408663 0
0.2252348707929273 0.1996868334703076 0
0.2046494774294275 0.1800979471728815 0
0.2056197812005259 0.1803144228948967 0
0.1775126574660579 0.2172682243826543 0
0.1629808923098913 0.191090709399005 0
0.1632785707223726 0.1920392549761159 0
0.1747448874923346 0.2228256647997944 0
0.2282230506400205 0.1977070996260467 0
0.1608743520284039 0.2073812695551397 0
0.2311998347764182 0.2071925553787412 0
0.2437479110360122 0.2011707110900567 0
0.2470261386923567 0.200141917495908 0
0.2479493870961032 0.2003731604206374 0
0.2221998537080608 0.1584380196674106 0
0.2228898683234879 0.1575743129016074 0
0.214595716477596 0.1629100317426659 0
0.2044404632928752 0.1650550509744386 0
0.2047381417042037 0.1660035965571107 0
0.2040655163442992 0.1667356664077227 0
0.2182540201458102 0.2378253942086566 0
0.1672689192129882 0.233506790984766 0
0.166614224212997 0.2341717082759115 0
0.1663057323901057 0.2332606178572076 0
0.2300061780199626 0.2377805411836155 0
0.1742065092704084 0.1636026256345895 0
0.1639398004046835 0.2027723747073687 0
0.1640284646209256 0.1886780241080463 0
0.1856842217567461 0.1829238459292161 0
0.18501159639711 0.1836559157849091 0
0.1922217511170441 0.2152570381684684 0
0.2395576218036946 0.2108214522397198 0
0.239259943391107 0.2098729066620964 0
0.2388849964432635 0.2115535220961805 0
0.237914692670626 0.2113370463746584 0
0.1797192577772601 0.1754181240074314 0
0.1710739503944901 0.2369969931990905 0
0.1704141726275957 0.2377174707722176 0
0.1701302607143374 0.2367768729921624 0
0.1591420592252756 0.2219892156601229 0
0.1774695760959472 0.1855018166034565 0
0.2349379085203742 0.2018515906678438 0
0.2339676047492586 0.201635114947632 0
0.2332949793901976 0.2023671848030421 0
0.2329973009778215 0.2014186392272919 0
0.2336699263317498 0.2006865693710579 0
0.2323246756174822 0.202150709083332 0
0.2320269972061733 0.2012021635066762 0
0.2346402301016108 0.2009030450909466 0
0.2130617415234239 0.2040280622654868 0
0.2400212329757185 0.195046486252666 0
0.1670483301412357 0.2299298876087696 0
0.1673460085526392 0.23087843318159 0
0.2373079401188154 0.2209051448034848 0
0.2363376363431571 0.2206886690862548 0
0.2360399579287716 0.2197401235227222 0
0.2270642420277503 0.237143694883013 0
0.2071309647286356 0.1621267715488569 0
0.2415868935771959 0.1971600531208512 0
0.1689889376790205 0.2303628390496398 0
0.2123891161629725 0.2047601321203233 0
0.1888586243002769 0.2189173874581028 0
0.1948032983814002 0.171726322371521 0
0.1951009767924711 0.1726748679502544 0
0.152984401309281 0.1906075614392724 0
0.2144956564754862 0.1884695719696366 0
0.2125005718564266 0.1677354023435776 0
0.2360627493560326 0.1968097443779517 0
0.2067612552880405 0.1523378799877186 0
0.2073450433314214 0.1514678813304289 0
0.2397007631432304 0.2170283198074512 0
0.1951098709274404 0.2388368444972774 0
0.2144842607763764 0.1999347615514094 0
0.1970504784701217 0.2392697959393898 0
0.167832411184362 0.1921730879971204 0
0.168130089609507 0.193121633570547 0
0.1771243956822569 0.241822706692943 0
0.1773589368600416 0.2428279813696849 0
0.1783829012265052 0.2430442402592514 0
0.1634723385028494 0.2300098326151475 0
0.1718225804503249 0.2336414272097221 0
0.224275962713623 0.1880051681653551 0
0.2362831592391672 0.2003874509575347 0
0.1795191378127833 0.2265372044011617 0
0.1839298369136049 0.2204641698599713 0
0.2201515463339148 0.2064919378866884 0
0.2415188899656357 0.1768630799178942 0
0.2420721959158975 0.1760708441709836 0
0.2285139349926471 0.161628331495729 0
0.1787261625698946 0.1981320274986675 0
0.2275390295656137 0.2099043590816264 0
0.2380806254274682 0.1946135348108191 0
0.2478382640114636 0.1941910999326027 0
0.248642366548716 0.1934757153138955 0
0.1755289685522936 0.1850688651607522 0
0.174149530669607 0.2209285736513389 0
0.1677437469529565 0.206267438593912 0
0.1670711215948201 0.2069995084483294 0
0.1835662856905124 0.2106795956947093 0
0.1711068737477318 0.2026070893212592 0
0.2305386051281956 0.1964594356366379 0
0.1953213866698918 0.1762525745348639 0
0.1962916904387917 0.1764690502580423 0
0.2159384656496836 0.2390730581993857 0
0.2207582988823782 0.196923839439616 0
0.2197879951125914 0.1967073637200574 0
0.2191153697532897 0.1974394335739858 0
0.2188176913370264 0.1964908880010875 0
0.1594632284768736 0.200009380697685 0
0.2016068205151074 0.1617764628005953 0
0.1848798507803539 0.1659838585688578 0
0.1842072254196875 0.1667159284254006 0
0.1832369216464977 0.1664994527038687 0
0.1835346000589213 0.1674479982818697 0
0.1828619746980812 0.1681800681382658 0
0.2238782243543809 0.2126161627844905 0
0.2232055989947372 0.213348232640307 0
0.2229079205821309 0.212399687063571 0
0.1790557212970674 0.2423112976538998 0
0.1889700800202764 0.1818926576597109 0
0.2136254127075966 0.1626935560220666 0
0.1958280792281201 0.1922440162924589 0
0.209696496368125 0.1527442412977525 0
0.2104774069448503 0.1522802848652127 0
0.2086758180817712 0.1526081945530566 0
0.219919740730551 0.2143794209107476 0
0.2189494369579618 0.2141629451901081 0
0.1906902776875157 0.1787479025160179 0
0.1606384399587264 0.2267012696774013 0
0.1596574005645313 0.2265019942811821 0
0.1593238027742067 0.2255674086890436 0
0.1583374695212025 0.2252397689145393 0
0.159028623731823 0.2246215448003277 0
0.1580577386376864 0.2243022008944325 0
0.1609379430535732 0.2275947563593832 0
0.2191812425625937 0.2062754621659172 0
0.1989910860136606 0.2397027473816385 0
0.2090715722744896 0.1625597229816608 0
0.2097441976367651 0.1618276531222459 0
0.1875703522232686 0.1630555791429793 0
0.2431411584842325 0.2107388095458418 0
0.1651419097415815 0.1951013674204606 0
0.1661122135157437 0.1953178431407629 0
0.2328541596155542 0.1952117716473885 0
0.1637421819341243 0.1762642889042367 0
0.1647124857054967 0.1764807646287508 0
0.187513373583484 0.2203815271677395 0
0.180698549453276 0.2417961561052456 0
0.1816689405063406 0.2420122406000378 0
0.2081443498364363 0.1941096550851145 0
0.1745041876835071 0.164551171212656 0
0.1705545982702519 0.2324764059160059 0
0.2142955365183078 0.2395886523379568 0
0.1793101236629207 0.2114943082421573 0
0.178637498304744 0.2122263780965282 0
0.1897972424503302 0.1759022657856177 0
0.1864658012781756 0.2227942124515546 0
0.1706229725896816 0.1636852683287458 0
0.2119799820160875 0.2408363163317007 0
0.1683163123216611 0.231094908902288 0
0.2204606204661722 0.1959752938668838 0
0.2281229906782312 0.2232666398012976 0
0.2154228789144348 0.1569196398635307 0
0.2160957608811056 0.1561896169093612 0
0.2170658508101904 0.1564043868811901 0
0.2167636951355127 0.1554791955321328 0
0.2177269963817742 0.1557239650094158 0
0.2174703079713531 0.154756360970886 0
0.2151245686236359 0.1559727907099631 0
0.2134821958281081 0.1564866318129944 0
0.2180342127696769 0.1566292431658337 0
0.2186958094288385 0.1559465531169463 0
0.1557910793766341 0.214186357705929 0
0.155118773456224 0.2149183273120581 0
0.1554200929652301 0.2158657302147428 0
0.1544457768602475 0.215650513670318 0
0.2349151170887899 0.2247819698082696 0
0.234617438675724 0.2238334242302942 0
0.2352900640362729 0.2231013543734352 0
0.2343197602610473 0.2228848786558928 0
0.234992385625103 0.2221528087990038 0
0.2336471348979495 0.2236169485174701 0
0.2359626893970798 0.2223692845171707 0
0.2340220818475708 0.221936333092376 0
0.2356650109842076 0.221420738946668 0
0.2366353147574994 0.2216372146619488 0
0.1761788024760592 0.2072671745030989 0
0.1877134935649707 0.1692624467427043 0
0.2167998152635622 0.1986870975626778 0
0.1931692633854602 0.238403893055299 0
0.2282344463282853 0.1862419100440703 0
0.2375739328068734 0.1786220930847513 0
0.2294682413987609 0.2218025000882509 0
0.2291705629843424 0.220853954515988 0
0.2298431883407674 0.2201218846652209 0
0.2308134921175662 0.2203383603813077 0
0.2314861174784434 0.2196062905237567 0
0.220569574643276 0.2365777302175828 0
0.221539878416198 0.2367942059366087 0
0.2288842802849908 0.208440219369688 0
0.1862251015020843 0.164519718855449 0
0.1851433420228718 0.2013279729725893 0
0.1854410204332883 0.2022765185491525 0
0.1861136457917497 0.2015444486950234 0
0.1867862711504904 0.2008123788406985 0
0.1864885927402613 0.1998638332639263 0
0.187458896509325 0.2000803089862394 0
0.1871612180991512 0.1991317634092163 0
0.1881315218691231 0.1993482391306254 0
0.1888041472283762 0.1986161692750594 0
0.189101825636654 0.1995647148526664 0
0.1986959092011838 0.1611270356369906 0
0.2009316935581949 0.2401356988239727 0
0.2339448133144124 0.2245654940885225 0
0.2332721879543082 0.2252975639441437 0
0.2329745095362243 0.224349018375978 0
0.2323018841755545 0.225081088232718 0
0.2325995625928209 0.2260296338023712 0
0.2316292588148087 0.2258131580895967 0
0.2319269372319842 0.2267617036594327 0
0.2309566334541603 0.2265452279462994 0
0.2312543118715683 0.2274937735157928 0
0.2302840080948194 0.2272772978039311 0
0.2335698663672827 0.2262461095223341 0
0.1927284436527229 0.2312484799085158 0
0.1672256586634741 0.2017411864388767 0
0.2132707556675418 0.2190709584599908 0
0.2045063360881816 0.1738910795849102 0
0.1866773169860971 0.1602099424072639 0
0.1744813962437066 0.1874815504500335 0
0.2211104543804361 0.2181736032163869 0
0.1929374577788862 0.2462913760738085 0
0.1922722416199197 0.2469902358547687 0
0.1912983000677907 0.2468006391585408 0
0.1915447272296318 0.2476834706683048 0
0.1932396515693794 0.2472196824769448 0
0.1942108208833751 0.2474322785929254 0
0.1948789621401732 0.2467203077197222 0
0.1952136613793929 0.2476375335458645 0
0.1961603534209117 0.2478993706470709 0
0.181075904220565 0.1624887946701823 0
0.23109977481125 0.2327520955122565 0
0.2168428966221492 0.2304535053391165 0
0.2165452182090485 0.2295049597617738 0
0.1947919026439031 0.1831915119867256 0
0.1957622064151792 0.1834079877087857 0
0.1964348317745487 0.1826759178535605 0
0.1967325101870583 0.1836244634291773 0
0.1974051355463549 0.1828923935735119 0
0.1977028139601542 0.1838409391474194 0
0.1971074571340133 0.1819438479981121 0
0.1980777609057867 0.1821603237181927 0
0.2118279464958908 0.1684674721987612 0
0.2172178435694366 0.2287728899054208 0
0.2303181952445497 0.1928817290599381 0
0.1883202461217464 0.1596943482713341 0
0.1773150390286808 0.190760138620241 0
0.1981550294417573 0.1795311627099914 0
0.1974824040814871 0.180263232566466 0
0.1977800824935509 0.1812117781427815 0
0.1987503862654518 0.1814282538625683 0
0.1990480646782114 0.1823767994374957 0
0.1984527078539566 0.1804797082856883 0
0.1939761359503484 0.1777167142468378 0
0.1949464397195122 0.1779331899693653 0
0.1829709288667331 0.2087825045453325 0
0.1826732504551171 0.2078339589710298 0
0.1833458758153735 0.2071018891164642 0
0.155582013359805 0.1991434778106915 0
0.2341766189206681 0.2166780110934703 0
0.2332063151468463 0.2164615353761614 0
0.232533689787548 0.2171936052286559 0
0.2322360113620674 0.2162450596680741 0
0.2315633860146958 0.2169771295069295 0
0.2338789405125504 0.2157294655296849 0
0.2318610644220832 0.2179256750902666 0
0.2079581271673475 0.1561363796691065 0
0.2371875901774976 0.1917678980949954 0
0.2368899117592127 0.1908193525225856 0
0.1852434019998647 0.1757684327575191 0
0.2251348108238852 0.2252463736499674 0
0.2241645070508261 0.2250298979291366 0
0.2234918816905791 0.2257619677855705 0
0.223194203277697 0.2248134222083281 0
0.2225215779168964 0.2255454920648676 0
0.2222238995028532 0.2245969464883945 0
0.2238668286379571 0.224081352351799 0
0.2228192563303105 0.226494037641887 0
0.2218489525572553 0.226277561920853 0
0.2126437131970108 0.1739422699276958 0
0.2251145208650643 0.1705495867121548 0
0.2248168424533771 0.169601041137717 0
0.223846538683294 0.1693845654189589 0
0.2245191640428942 0.1686524955583918 0
0.2235488602746464 0.1684360198325107 0
0.2228762349141527 0.1691680896968267 0
0.2225785565070383 0.1682195441093439 0
0.2254894678119068 0.1688689712817327 0
0.2322246156461123 0.2277102492360807 0
0.1934466519259277 0.1846556516969779 0
0.1937443303390729 0.1856041972720677 0
0.196609658737611 0.2321143827912834 0
0.1944486413198619 0.2281037247644752 0
0.1909974788080067 0.2458573694573138 0
0.1903322039405556 0.2465673595792604 0
0.190027981073231 0.2456379172309607 0
0.1893577365408475 0.2463578297348621 0
0.1883861171149293 0.2461463779632672 0
0.2114846851917044 0.2133796850018535 0
0.2196220623170608 0.2134308753345789 0
0.2369013074534168 0.1793541629240201 0
0.2371989860323117 0.1803027083003067 0
0.219687935121184 0.2222669039062602 0
0.2036449864850851 0.2142770402408555 0
0.2026746827105445 0.2140605645193892 0
0.2023770042881556 0.2131120189388692 0
0.2014067005136912 0.212895543230379 0
0.202079325863208 0.2121634733670977 0
0.2011090220930203 0.2119469976581119 0
0.2004363967409097 0.2126790675124193 0
0.2001387183268553 0.211730521939144 0
0.178660289742482 0.1892959989104247 0
0.1871840095453521 0.176201384199505 0
0.2005592482083937 0.1641891480856286 0
0.2121573105510767 0.2126476151463552 0
0.2111870067807148 0.2124311394248144 0
0.1912286558440016 0.237970941613442 0
0.1709751281018244 0.1849350321326837 0
0.171272806514539 0.1858835777097462 0
0.1703025027416749 0.1856671019887655 0
0.170004824328942 0.1847185564116814 0
0.2222352952223013 0.2131317569196642 0
0.1811075898644172 0.205720392100916 0
0.1814052682749593 0.2066689376760826 0
0.1804349645040336 0.2064524619553111 0
0.1940850901080243 0.2183191506225494 0
0.1889042072158913 0.1730566290501463 0
0.2042745304826119 0.1817785626031368 0
0.204572208894409 0.1827271081790686 0
0.2052448342535884 0.1819950383238042 0
0.2055425126654222 0.1829435838993372 0
0.2062151380243506 0.1822115140448213 0
0.2065128164365647 0.1831600596197096 0
0.2071854417951378 0.1824279897656557 0
0.2059174596123698 0.1812629684701745 0
0.1895654368442445 0.1837897488132045 0
0.2172292392909219 0.2173077003340329 0
0.1836891371295618 0.1621896762560357 0
0.1683277080567069 0.2196297193287364 0
0.2231811239490099 0.1586396342943228 0
0.2234822899596618 0.1595980226487118 0
0.2244531749954242 0.1598161388330676 0
0.2241450618394153 0.158909128097541 0
0.2251164536807283 0.1591256566951105 0
0.1735541738485365 0.2190314825032193 0
0.2048901771857371 0.2383724406972459 0
0.2385328408873715 0.1903037583881992 0
0.2085965653180185 0.189799878650397 0
0.1709523366777359 0.2078654113297007 0
0.2002387783285833 0.1861709817327087 0
0.239932568751151 0.2091408368058587 0
0.1590110130187495 0.2043191571109398 0
0.1583383876541504 0.2050512269687278 0
0.1576657622863938 0.205783296825204 0
0.158636066070854 0.205999772542348 0
0.2008455308783504 0.1766028832895417 0
0.2011432092905913 0.1775514288651727 0
0.2266867764223772 0.1611994705504485 0
0.2263824115123041 0.1602975721964806 0
0.2273642025560549 0.1604658940885369 0
0.2254200839421402 0.1600477902064254 0
0.2262134202515958 0.1593148280611668 0
0.2257542265231815 0.1584359227181645 0
0.2015840290465297 0.1847068420229689 0
0.1755061771177466 0.2079992443573903 0
0.2315975732586651 0.1825815604148294 0
0.2222036095552452 0.1699001595525881 0
0.2310452977089595 0.2124508773971648 0
0.215477355973109 0.1772208580927026 0
0.2125981303076333 0.2198030283159513 0
0.1798510034112904 0.1930901812061378 0
0.2188062956156321 0.2079560775972496 0
0.2041858662191009 0.195872913208008 0
0.2044835446264893 0.196821458791909 0
0.2037995235623709 0.2090187182249393 0
0.2035018451509509 0.2080701726485823 0
0.1880863555570076 0.2452071366227481 0
0.1874185754483436 0.2459174898329941 0
0.1864497868695664 0.2456942161902952 0
0.1867380115073297 0.2465849315950027 0
0.2100507702109221 0.2289381752971589 0
0.2132048828596577 0.2102349298569917 0
0.209025989366442 0.2084204813968086 0
0.2096986147265585 0.2076884115412452 0
0.210668918497011 0.2079048872629323 0
0.1668507117167666 0.203421801868896 0
0.2096872189906905 0.2191536011533647 0
0.2090145936309245 0.2198856710090161 0
0.2093122720433709 0.2208342165856722 0
0.2083419682711586 0.2206177408646367 0
0.208044289858741 0.2196691952880603 0
0.2073716644989675 0.2204012651437052 0
0.2070739860866138 0.2194527195671173 0
0.2064013607268254 0.2201847894227237 0
0.2061036823145258 0.2192362438461939 0
0.2054310569547645 0.2199683137017616 0
0.2051333785425019 0.219019768125274 0
0.2067763076742996 0.2185041739906251 0
0.2044607531827226 0.21975183798094 0
0.204163074770532 0.2188032924043744 0
0.2034904494107634 0.2195353622599125 0
0.2031927709986165 0.2185868166834907 0
0.202520145639114 0.2193188865387689 0
0.2022224672268078 0.2183703409625756 0
0.2038653963581966 0.2178547468280367 0
0.2015498418670644 0.2191024108181837 0
0.201252163456321 0.2181538652413404 0
0.2005795380955737 0.2188859350969223 0
0.2018475202789154 0.2200509563949336 0
0.2019247888144901 0.2174217953863737 0
0.2047584315948259 0.2207003835577057 0
0.2076693429112896 0.221349810720514 0
0.2077466114463478 0.2187206497115642 0
0.2087169152185014 0.2189371254324547 0
0.1999069127351119 0.2196180049513644 0
0.1996092343277991 0.2186694593710156 0
0.1726333416681488 0.2390753020826503 0
0.2413550880059056 0.2050475360831708 0
0.2029292797647447 0.1832427023128706 0
0.210723395568124 0.2282061054466955 0
0.183168547271391 0.2352905902805278 0
0.2242417755846125 0.2224007369189227 0
0.2239440971704171 0.2214521913479125 0
0.2235691502248116 0.2231328067745366 0
0.2248371324111185 0.2242978280725761 0
0.2156863701227741 0.1922637542694953 0
0.2159840485311719 0.1932122998513994 0
0.21665667389099 0.1924802299945144 0
0.2173292992513451 0.1917481601358555 0
0.2176269776608304 0.192696705715518 0
0.2182996030191982 0.1919646358610701 0
0.2069194490159266 0.2247110415860823 0
0.20788975278856 0.2249275173069091 0
0.2048357001301427 0.2180712225488916 0
0.1737859794547769 0.2111439994946333 0
0.1731133540964914 0.2118760693488827 0
0.1734110325086477 0.2128246149235191 0
0.1724407287381 0.2126081392030357 0
0.1727384071499664 0.2135566847777245 0
0.1720657817915698 0.214288754631451 0
0.1730360855621012 0.214505230352159 0
0.1710954780210261 0.2140722789111065 0
0.1704228526633104 0.2148043487655057 0
0.1728156756838116 0.2109275237743197 0
0.1731906226300419 0.2092469083454318 0
0.1723634602038264 0.2152373002059203 0
0.1737087109204486 0.2137731604982493 0
0.2307174301418497 0.2370867825749287 0
0.1694208632206109 0.1713562756398948 0
0.1703911669940089 0.171572751361165 0
0.1706888454059895 0.1725212969401377 0
0.1805667101189606 0.2241245191293871 0
0.2190267054921748 0.2115337841817282 0
0.1879225077119946 0.1843053429480523 0
0.2115416638357016 0.1560537369787466 0
0.202829219792505 0.2088022425026335 0
0.2049585515779229 0.1695813031410245 0
0.1590996772199833 0.1902248065148363 0
0.2131820914074831 0.2331653090435264 0
0.1907333590573674 0.2105143102917836 0
0.1897630552792386 0.2102978345754609 0
0.1904356806447176 0.209565764717096 0
0.1894653768672885 0.2093492890015561 0
0.1891676984563996 0.208400743426136 0
0.189840323821182 0.2076686735669391 0
0.1895426454100706 0.2067201279921933 0
0.1888700200517874 0.2074521978452329 0
0.1885723416374325 0.2065036522719161 0
0.1878997162775575 0.2072357221271711 0
0.1902152707688259 0.2059880581380405 0
0.1899175923572363 0.2050395125615081 0
0.2098759432282264 0.1794997103499705 0
0.2108462469987887 0.179716186070573 0
0.2111439254107919 0.1806647316455291 0
0.21181655076925 0.17993266179109 0
0.2121142291812178 0.1808812073659755 0
0.2115188723572762 0.1789841162160332 0
0.2114416038227927 0.1816132772204224 0
0.2124891761278183 0.1792005919367877 0
0.2124119075932434 0.1818297529409603 0
0.2130845329517347 0.1810976830865479 0
0.2133822113637426 0.1820462286610416 0
0.2136798897758057 0.1829947742363461 0
0.2143525151341008 0.1822627043815241 0
0.211739282234747 0.1825618227954888 0
0.1805895015780586 0.2011941399460765 0
0.1815598053502843 0.2014106156665391 0
0.1818574837631847 0.2023591612415932 0
0.1808871799902816 0.2021426855214322 0
0.2029837568686586 0.2035439204894103 0
0.2026860784552976 0.2025953749143883 0
0.2017157746806185 0.2023788991938369 0
0.2023884000248792 0.201646829343236 0
0.2010431493260457 0.2031109690482176 0
0.2007454709020986 0.2021624234764888 0
0.2000728455449155 0.2028944933308878 0
0.2107917699408573 0.159414967835683 0
0.2030382339265837 0.2238451387024526 0
0.2064469436266594 0.1743240310330504 0
0.2326223540269086 0.2030992546602055 0
0.211341543856034 0.2071728174079887 0
0.2210331858446742 0.2208027641918724 0
0.1854954975077904 0.2225777367311359 0
0.1761243253768923 0.1869659563146434 0
0.1973164712859413 0.1969867441730223 0
0.1982867750558757 0.1972032198946336 0
0.1758583326078748 0.2292490080936417 0
0.2008886122512224 0.2083692910590928 0
0.1999183084785112 0.2081528153388625 0
0.1743813362788371 0.2130410906437026 0
0.1692004533415858 0.1677785690499889 0
0.1701707571140478 0.1679950447713222 0
0.1704684355272008 0.1689435903499921 0
0.2279253722278489 0.1967585540509864 0
0.2173951720891109 0.200584188712753 0
0.1564636615673852 0.2134543013989461 0
0.1825073176607083 0.2245574705709654 0
0.2092236077791598 0.2349285671703996 0
0.2098962331397263 0.2341964973130322 0
0.208253304006485 0.2347120914457409 0
0.1796078020747949 0.2124428538167449 0
0.2234260088727288 0.2169259392267755 0
0.2224557051002874 0.216709463505766 0
0.2183426844018905 0.2237310436186681 0
0.1697958101677071 0.1696756602057231 0
0.1700934885812627 0.1706242057832608 0
0.188881415764358 0.1959870082692245 0
0.1891790941763792 0.1969355538446444 0
0.1895540411224336 0.1952549384148348 0
0.1892563627106984 0.194306392840093 0
0.1902266664786653 0.1945228685625757 0
0.1592428185757061 0.1964316741045233 0
0.2086941237472813 0.2418675045989541 0
0.2286410789642561 0.2277928919324761 0
0.2276707751873595 0.2275764162261339 0
0.2107031056560312 0.1735093184863835 0
0.2104054272440988 0.1725607729114358 0
0.1847025222673024 0.194172559810631 0
0.185000200679441 0.1951211053863345 0
0.1843275753202484 0.195853175241297 0
0.1852978790914592 0.1960696509620549 0
0.1833572715489653 0.1956366995205398 0
0.1836549499611343 0.1965852450961769 0
0.1826846461898639 0.1963687693754586 0
0.1829823246020554 0.1973173149510229 0
0.1839526283734362 0.1975337906716751 0
0.1823096992429884 0.198049384805953 0
0.1702797113191739 0.208597481184102 0
0.1696729587734031 0.2181655796212013 0
0.1699706371828239 0.2191141251961513 0
0.1706432625411013 0.2183820553424815 0
0.202949569639487 0.2379394892548416 0
0.1671255986758429 0.2273007266099454 0
0.2117506779611427 0.1710966332028157 0
0.2284662519312848 0.1783544270297584 0
0.2277936265721794 0.1790864968843363 0
0.2268233228009497 0.1788700211626812 0
0.2271210012101662 0.1798185667391801 0
0.2261506974410711 0.179602091016125 0
0.1772605619363634 0.1704589204014342 0
0.2028723011037673 0.2405686502662306 0
0.2036563822257438 0.2028118506350665 0
0.198475499331494 0.1575493290467723 0
0.1892880483029303 0.2375379901716944 0
0.1937671218062855 0.1626738180381409 0
0.2421708547104989 0.210522333825223 0
0.2167453381553306 0.1783858793877984 0
0.221539854676008 0.1591675480560188 0
0.1840071054480333 0.2178350088565011 0
0.1830368016768851 0.2176185331349108 0
0.1846797308043955 0.2171029389993985 0
0.2074172473975512 0.1745405067538076 0
0.1707547182239432 0.18135732554475 0
0.171725021996025 0.1815738012666221 0
0.2373966043773433 0.2068107942140835 0
0.2364263005895946 0.206594318515957 0
0.1689344606023663 0.2100616208926283 0
0.1936556660778475 0.1996985478780038 0
0.1530808078180572 0.2082641403057869 0
0.1533634028920581 0.2092174194414151 0
0.152362027923425 0.2090106946599533 0
0.2122459748187059 0.1985532645370766 0
0.1964893088746309 0.2029771360254698 0
0.1961916304557261 0.2020285904523762 0
0.1698388915645064 0.2014420680252192 0
0.2408564827058567 0.1775919430646786 0
0.1727611985840122 0.1906263055946922 0
0.1737315023565437 0.1908427813156115 0
0.2137115754166482 0.2262263716016507 0
0.2420277133659399 0.2043154662271825 0
0.1663212277037127 0.2103607393059506 0
0.172099968943155 0.1798931858337198 0
0.190490157699759 0.2298669828882664 0
0.1898175323404634 0.2305990527450176 0
0.2030496296546511 0.2123799490905325 0
0.2092805864041928 0.1776026191998686 0
0.2102508901747964 0.177819094920466 0
0.2099532117628515 0.1768705493453207 0
0.2109235155333774 0.1770870250658401 0
0.2112211939452945 0.1780355706409514 0
0.2118938193038455 0.177303500786427 0
0.2154659602458693 0.1886860476900982 0
0.1940192173173756 0.2094831220235683 0
0.2089829079922002 0.1766540736246754 0
0.2096555333508481 0.1759220037701454 0
0.2012090820996256 0.1863874574534628 0
0.156320511546026 0.2072474365367091 0
0.2009227994124677 0.1739737222840311 0
0.1811962541298495 0.1916260414959061 0
0.2033270181845241 0.1586317076550975 0
0.2105485685867642 0.1787676404954889 0
0.1549752608284044 0.2087115762465997 0
0.2108665369129691 0.2344129730352089 0
0.2102622859083643 0.1663539053014123 0
0.1547548509443271 0.2051338696682417 0
0.2056742582856849 0.200615641075529 0
0.1753199543876198 0.1700259689587912 0
0.1756176328025484 0.1709745145362075 0
0.1912856345108381 0.1806449936699583 0
0.1594301705916119 0.2229389989475836 0
0.1735338839098508 0.1643346954915786 0
0.220128754889048 0.2294223170682699 0
0.182198243501315 0.2350741145597806 0
0.2213422599839905 0.2102861201908152 0
0.2038881878074329 0.194924367632051 0
0.1775012617369108 0.2287334139616382 0
0.1613151717840941 0.2145366827100722 0
0.1603448680141197 0.2143202069897728 0
0.1600471896022104 0.2133716614154728 0
0.1593745642440796 0.2141037312694523 0
0.1606425464259517 0.2152687525640518 0
0.1590768858320615 0.2131551856950732 0
0.2396576817006507 0.1852619116918797 0
0.2049471558414976 0.1810464927487504 0
0.1785057526925884 0.1945543209164223 0
0.179476056464046 0.1947707966373007 0
0.2102825758156689 0.221050692306711 0
0.1946918426762443 0.2087510521689501 0
0.1937215389053853 0.2085345764483393 0
0.1943941642642594 0.2078025065937101 0
0.1934238604933867 0.2075860308731552 0
0.1931261820812637 0.206637485298131 0
0.1774037032837564 0.1766657879986641 0
0.180821307182629 0.1933066569271349 0
0.196821057181032 0.2471589492640656 0
0.1993343473657505 0.1947905346044172 0
0.204978841471379 0.2242780901437487 0
0.2160727127969513 0.1791179492421489 0
0.2051105870625902 0.2419501472874738 0
0.2422595189418298 0.1964279832583777 0
0.1993001601772934 0.2291861033693134 0
0.1829392432334642 0.1655509071258639 0
0.1979777009358282 0.2077198639003928 0
0.1986503262946469 0.206987794046312 0
0.1976800225236716 0.2067713183256138 0
0.1970073971649295 0.2075033881802676 0
0.2325450854957518 0.2057284156669947 0
0.2315747817208891 0.205511939947446 0
0.2056628625699604 0.2120808306728861 0
0.2183768715580154 0.1893354748467534 0
0.2466588223471982 0.2018201382453057 0
0.2469537317868446 0.2027668243998019 0
0.247595406840956 0.2020057468303723 0
0.1813393954715137 0.1978329090852214 0
0.1826073776545517 0.1989979303817435 0
0.19600753036533 0.1526272842866089 0
0.1955962736193516 0.2001314993164499 0
0.1643375387589199 0.1781613800620787 0
0.2285435204689528 0.1757252660035761 0
0.2282458420538057 0.1747767204260485 0
0.2272755382814974 0.1745602447194307 0
0.1646352171725772 0.1791099256401271 0
0.1656055209453902 0.1793264013640554 0
0.1659031993589345 0.180274946939716 0
0.1652305739987022 0.18100701679458 0
0.166200877771998 0.1812234925159071 0
0.1668735031322512 0.180491422661236 0
0.1664985561846208 0.1821720380935303 0
0.2399984415598508 0.2179768653777089 0
0.1988162590759871 0.1902642824483881 0
0.1997865628469599 0.1904807581690894 0
0.1994888844348752 0.1895322125935769 0
0.2000842412590157 0.1914293037445045 0
0.1846252537325895 0.1968017208168035 0
0.2384441766922986 0.2043981089277873 0
0.1817460280190435 0.239383890991584 0
0.182418653377588 0.2386518211376371 0
0.1669165845277556 0.2122578304550654 0
0.2197221222747451 0.1878713351379247 0
0.2460621937548762 0.1999234462078123 0
0.1841616425143384 0.2125766868441287 0
0.2147819391884936 0.2008833071265358 0
0.2022883400266674 0.22720636953481 0
0.2004161068766065 0.1579822804838246 0
0.1942852100957305 0.1672000702023481 0
0.1952555138675581 0.1674165459240367 0
0.2348061631132812 0.1841795325004173 0
0.213823031117006 0.1892016418239669 0
0.1738315623229218 0.1652832410695084 0
0.188286058939948 0.1940899171184595 0
0.1563870531223261 0.2160832552481097 0
0.1557184896803756 0.2168140503665124 0
0.1560122258934744 0.2177638331056935 0
0.1550411336839995 0.2175476048184594 0
0.1553982035555759 0.2185769612036649 0
0.1563406647011412 0.2187193001637867 0
0.2046266859982322 0.2030283263555544 0
0.1845707766399323 0.176500502613518 0
0.2079125442573489 0.2019971380877436 0
0.1843706566648936 0.2276195830149313 0
0.2048129086500426 0.2410016017093871 0
0.2036791736583638 0.1798814714521274 0
0.2149250805291251 0.2070901747147775 0
0.1593086914307615 0.2052677026865557 0
0.178980759603945 0.1673141652534449 0
0.1799510633776521 0.1675306409745489 0
0.1792784380168026 0.1682627108313046 0
0.2020679301543635 0.2236286629813457 0
0.2017702517426298 0.2226801174044615 0
0.2088397666499693 0.1704472060408066 0
0.179421579364844 0.1744695784299715 0
0.1643806201632093 0.2099277878651896 0
0.1646782985755986 0.2108763334398499 0
0.202840615497294 0.1973370529256155 0
0.200702389544712 0.1703960156970751 0
0.1740177850602414 0.2032565164832739 0
0.2181678574063362 0.1742925786762454 0
0.2207810903046195 0.1739934602631284 0
0.2204834118927578 0.1730449146886888 0
0.1777444630689738 0.2093807413727543 0
0.2077238199696613 0.2416510288750078 0
0.1981867150666239 0.2227627600984829 0
0.179155586594215 0.2167526302488513 0
0.2193032652993708 0.1577857400217237 0
0.2190029776423955 0.1568483645318936 0
0.2196657994056078 0.1561048363595745 0
0.2193489078328867 0.1550925743388898 0
0.1600041081845385 0.1816052536216803 0
0.1609744119583589 0.1818217293429647 0
0.1612720903708821 0.1827702749214282 0
0.1596722426558415 0.2150522768436548 0
0.1599699210675923 0.2160008224179175 0
0.2252690579439683 0.1652912646675127 0
0.1700162200460923 0.1732533667957174 0
0.1856956174831659 0.1714586563120629 0
0.1875678506399053 0.2406827453164261 0
0.1878655290515061 0.2416312908911873 0
0.2224671008236054 0.2052442738967068 0
0.2227647792362039 0.2061928194725229 0
0.2289070716864812 0.1855098401900332 0
0.1638194504689291 0.1736351278917278 0
0.164492075828942 0.172903058038176 0
0.2171405750350636 0.2314020509165391 0
0.218067797447836 0.1998521188580378 0
0.2162272498660993 0.1738596272352734 0
0.1861464608991024 0.2447709834592218 0
0.1854765365335278 0.2454909465705278 0
0.1845182746031152 0.245238743345785 0
0.184207369237653 0.2443342784503881 0
0.1835532262525308 0.2450099759814268 0
0.2070853818235577 0.2079875299560088 0
0.2023997957475676 0.1901816397555584 0
0.2173179035547058 0.203213349718272 0
0.2430866813577697 0.1904375914087589 0
0.1962030261748482 0.1905634008620544 0
0.2245850368501345 0.1774885241502005 0
0.1921444825689826 0.2178861991780427 0
0.2178904689294297 0.228040820049132 0
0.1871954052755806 0.1647361945767314 0
0.2265459343464686 0.2326182625208456 0
0.2258733089877596 0.2333503323747076 0
0.2249030052151008 0.2331338566596077 0
0.2224443093827932 0.2281746530762629 0
0.2221466309698174 0.227226107498871 0
0.177214979054243 0.2163196788077327 0
0.2210445815713111 0.209337574614653 0
0.2378716112680999 0.1795706385416256 0
0.1832255259194559 0.1779646423254722 0
0.202577124286007 0.1619929385215957 0
0.1748107602932308 0.2316616933727426 0
0.2328655556553236 0.1837465806188724 0
0.2125867345816981 0.231268217888483 0
0.185981900169164 0.1838723915056856 0
0.2107689784642451 0.1823453470749361 0
0.240782522665174 0.1802200657639917 0
0.2410802011138038 0.1811686113802768 0
0.1722431102877043 0.1861000534305244 0
0.1617901786616237 0.1872965270890146 0
0.2236806058898579 0.1861080770163919 0
0.2131836192064387 0.1555374070357578 0
0.1770401520568772 0.1668812138110653 0
0.2299546439911193 0.1830971549074814 0
0.2355560570750573 0.1808183022698058 0
0.1743496506140659 0.169809493237601 0
0.1681186938996782 0.2045868231644432 0
0.1856728260386697 0.1943890355313669 0
0.1616356415938141 0.1925548491111632 0
0.1597495111902104 0.2124231158410759 0
0.2030952125744064 0.1665191906788651 0
0.2245280582687575 0.2348144720902761 0
0.1979663051951074 0.2191850535072495 0
0.1943599770331568 0.2421980753628567 0
0.2154431688135767 0.2116164268768234 0
0.2079239399593514 0.1905319485047742 0
0.2274845524288962 0.1896031409165393 0
0.1734224282353818 0.2013594253324875 0
0.1914490657213092 0.2415486481999115 0
0.2215854612778988 0.1909334475885145 0
0.2225557650462434 0.1911499233126812 0
0.2232283904062077 0.1904178534548915 0
0.2229307119966236 0.1894693078747738 0
0.2239010157661734 0.1896857835965715 0
0.2241986941720506 0.1906343291848934 0
0.1617559915370817 0.2216920958620592 0
0.2239782843017252 0.187056622590887 0
0.176808346458379 0.1747686968439172 0
0.1761357210979501 0.1755007667002113 0
0.219444733794978 0.2416195765168719 0
0.2072399188988083 0.2027292079422869 0
0.2173631770744182 0.1573541017827804 0
0.1954759237404612 0.170994252515925 0
0.1881429175849482 0.1878830495329998 0
0.1863568471164491 0.1821917760735334 0
0.206501420707184 0.194625249219088 0
0.2074717244775384 0.1948417249406105 0
0.2077694028848169 0.1957902705248088 0
0.2278911850706324 0.2311541228022394 0
0.2285638104303432 0.2304220529427428 0
0.1725293929964506 0.1985137886057733 0
0.2346630215136298 0.1779726659111755 0
0.2189177512992366 0.1709313478193251 0
0.2420935861760751 0.2131514948374776 0
0.2010089620938305 0.2375065378128602 0
0.1960256976493476 0.2187521020705889 0
0.2246623053845584 0.1748593631446784 0
0.225334930741599 0.1741272932895859 0
0.2327224139585803 0.1775397144785681 0
0.2333950393159627 0.1768076446284608 0
0.1983526478848422 0.2060392484696054 0
0.2165566139316368 0.2180397701899323 0
0.2074489330342875 0.2177721041349271 0
0.2308476792266946 0.1859427916292243 0
0.1842819923823443 0.2417139335825925 0
0.2237895601034345 0.2267105133631048 0
0.1952758037518196 0.2221133329357668 0
0.194305499981154 0.2218968572116214 0
0.1848139779744246 0.1571478299492852 0
0.1912628430745461 0.2035753728525888 0
0.2053993713218737 0.1767367163168833 0
0.1647783585162058 0.1853167932403139 0
0.1660463407020204 0.1864818145387041 0
0.1673143228878722 0.1876468358366123 0
0.1895084581804687 0.2411156967581035 0
0.2227216978447087 0.1744264117039675 0
0.2233943232026414 0.1736943418498745 0
0.2224240194326788 0.1734778661294819 0
0.1651963868651415 0.215402585591577 0
0.165494065278266 0.2163511311661873 0
0.1790238409822169 0.1990805730742326 0
0.2291274815570045 0.1890875467828879 0
0.220097069221109 0.1861907197092427 0
0.2301750538681551 0.1866748614847445 0
0.1756721099030452 0.1912757327556037 0
0.2247281781945275 0.1836953917337028 0
0.2244304997826932 0.1827468461591899 0
0.2254008035527972 0.1829633218796793 0
0.1993571388196313 0.1718601554078014 0
0.1980891566422883 0.170695134108429 0
0.2456270314736499 0.1927654252706429 0
0.2165908010866458 0.1836442013979313 0
0.2162931226746597 0.1826956558221507 0
0.2153228189043077 0.1824791801018812 0
0.183114070209471 0.2149893721274241 0
0.1824414448510143 0.2157214419816134 0
0.2121687062880043 0.201182425540141 0
0.2234374045948536 0.2054607496171498 0
0.227264142558307 0.1860254343235632 0
0.188672401608074 0.1809441120831065 0
0.1720340961209092 0.1710571572292182 0
0.2277369051377119 0.2364114839653597 0
0.2369329931707087 0.2225857602380071 0
0.2226444293105632 0.1770555727081437 0
0.2210673729912934 0.1864071954296712 0
0.2300749939362557 0.2122344016764656 0
0.1862681828632568 0.1962861266825407 0
0.1891132213561508 0.1880995252536389 0
0.1884405959998505 0.1888315951088248 0
0.2112654646958083 0.2469240824681786 0
0.2104525130210442 0.2473988389032785 0
0.1967097187526901 0.2065548426051188 0
0.2044514357693764 0.1535917585515527 0
0.1911741787919781 0.2176697234613734 0
0.224750365104889 0.1607674324108142 0
0.1995205700525415 0.2327638099553785 0
0.2295683013575095 0.1962429599164482 0
0.2089284309372887 0.1563528553902481 0
0.2001273226105889 0.2231957115392115 0
0.2180133203374231 0.1795509006832011 0
0.1663871005172445 0.2191967678881973 0
0.2123004518949842 0.2188544827393071 0
0.2095896605448146 0.1670859751766958 0
0.2218945354189998 0.1804168035685264 0
0.2202516062909723 0.1809323977000102 0
0.1542336181473537 0.2120702176622146 0
0.2126323174699729 0.1854074595226686 0
0.234872035690729 0.1930155620837803 0
0.2097214061589011 0.1847580323596616 0
0.1531074734546335 0.2056530420917294 0
0.2284776476636218 0.1668892374006153 0
0.2041427848804085 0.164106505395978 0
0.215388691711099 0.1913152086942303 0
0.2095668690886049 0.1900163543710366 0
0.2257757504989368 0.1812827064510165 0
0.2148250205412273 0.2326497149082594 0
0.2194561295287656 0.2301543869247259 0
0.2119596921111433 0.1861395293780044 0
0.158701938885721 0.214835801123249 0
0.1592972957092168 0.2167328922717038 0
0.2309249477842812 0.1833136305680967 0
0.1749766931025887 0.2149381817925756 0
0.2159295714543097 0.1729110816607598 0
0.1970960614116871 0.1934090375881267 0
0.2211446415258383 0.1837780344263019 0
0.1746131418822723 0.2051536076326482 0
0.162142334210752 0.2085462908498883 0
0.1693321989687208 0.1854506262677976 0
0.185750094573589 0.1917598745248859 0
0.232788286772049 0.1863757430439806 0
0.2340562689458336 0.1875407643698153 0
0.2146501935460017 0.1832112499570058 0
0.1607970834944454 0.2100104305583191 0
0.1692321390142004 0.2110101664672313 0
0.164821439919211 0.2170832010196844 0
0.158570193213891 0.1971637439605975 0
0.2012749549074205 0.1952234860454186 0
0.2185314086270981 0.1840771528389583 0
0.1760698482831345 0.1666647380898423 0
0.1933896732623605 0.241981599641847 0
0.1927170479032311 0.2427136694958817 0
0.2063696750925663 0.1769531920378674 0
0.2160271299155291 0.2249787076100774 0
0.2347288943095302 0.186808694490604 0
0.1808440986171819 0.1703762777073588 0
0.1936239804738503 0.1564669504307584 0
0.1865975468696692 0.2404662695955898 0
0.2106917099291745 0.1849745080810731 0
0.2136140169672879 0.1741587456482698 0
0.1792125652074379 0.159426682213783 0
0.1832913987307505 0.1868006709293743 0
0.2267664236483184 0.2361956723268611 0
0.1965551816833368 0.2118131646155311 0
0.1972278070421758 0.2110810947607896 0
0.2304182459834634 0.1673222289196066 0
0.222864839188944 0.1806332792895583 0
0.1727839900146918 0.1676959263607629 0
0.1718136862425558 0.167479450638513 0
0.2256984819646157 0.1839118674541524 0
0.156984490991818 0.2179811027401652 0
0.1566753987068133 0.2196424043060421 0
0.185252296152509 0.2419304093034118 0
0.2105257771582315 0.2016980196741908 0
0.221465111405143 0.161796200764135 0
0.2104940915296354 0.1584664222607509 0
0.2277594394440966 0.2134820656676421 0
0.1887699600234339 0.2330117380343902 0
0.1715704849272859 0.1868321232866066 0
0.2037222550233443 0.211647879232141 0
0.2389508692528191 0.2203895506669625 0
0.1961371533623443 0.1817273722773841 0
0.2446536994488609 0.1925504746248745 0
0.1575112252380691 0.2110416188259122 0
0.2197335180000622 0.176406145545755 0
0.2143411194007684 0.1937278939886166 0
0.2060833924165689 0.1645394568599843 0
0.1799827490212799 0.2107622383878864 0
0.2348175585655093 0.1727143439172614 0
0.1951871394625037 0.2362076834875344 0
0.1570704054507891 0.2038862056761299 0
0.208639646683558 0.2215662864414338 0
0.2034017851417622 0.2336297128399845 0
0.1759583925994814 0.2036894679235498 0
0.1805781058452127 0.212659329537151 0
0.1605994650103388 0.1835023447779637 0
0.21599544426256 0.1817471102466161 0
0.2231283304601795 0.2159773936498217 0
0.1673688000079663 0.2079480540229978 0
0.1990683545491904 0.2370735863709481 0
0.2049357601127668 0.1925116823477134 0
0.1882315818540024 0.1737886989087202 0
0.2221149452960138 0.1839945101468616 0
0.2179360518031143 0.182180061687212 0
0.1913059243786653 0.2353417806044045 0
0.1940078215693949 0.2209483116370839 0
0.1933351962097709 0.2216803814834678 0
0.2058060039023232 0.2182876982697252 0
0.2257415633651623 0.2156782752355332 0
0.1931920548883778 0.2154735138891952 0
0.1974368211669245 0.2261239909305224 0
0.2321384528650904 0.1641774336922131 0
0.1632240936420159 0.1717380367399117 0
0.195375863743316 0.1965537927336869 0
0.1941078815599178 0.1953887714395075 0
0.1846569393293045 0.2400333181539334 0
0.1654167967434299 0.2189802921677882 0
0.2135253527050985 0.1882530962491373 0
0.1813507911848362 0.1863677194881966 0
0.206358279364873 0.1884183816339212 0
0.1893653168374552 0.2349088291628693 0
0.1972164112948606 0.2225462843776616 0
0.1969187328828645 0.2215977388013427 0
0.1994116159001822 0.1921613735992143 0
0.1671483901288765 0.2043703474439742 0
0.2218172668841931 0.1830459645723197 0
0.2004591882058096 0.1897486883142477 0
0.2214537156627291 0.1732613904091025 0
0.1804032788594596 0.1632208645272181 0
0.1797306534989752 0.1639529343842245 0
0.1848887449475511 0.2321458351544593 0
0.1851864233542638 0.2330943807281591 0
0.186156727128223 0.2333108564492758 0
0.1868293524884611 0.2325787865942018 0
0.1740608663992425 0.2350229242239671 0
0.1743585448103101 0.2359714697972491 0
0.1753288485791594 0.2361879455177827 0
0.189972069411225 0.2253407307300949 0
0.2275073438937347 0.1666727616841345 0
0.1932465319203104 0.2357747320459452 0
0.1986617220069201 0.1955226044592542 0
0.1930489135465308 0.2092666463029479 0
0.192508033777151 0.2276707733225818 0
0.168714050724881 0.2064839143140653 0
0.2308793649249349 0.2291743889500611 0
0.1728498628312793 0.1765319549705946 0
0.1721772374742271 0.1772640248263579 0
0.1979460153061694 0.1644882664991872 0
0.1874816879580716 0.1771499297763794 0
0.2014611775968541 0.2331967613976495 0
0.1971277470054271 0.2366406349291755 0
0.2145159463894461 0.243166358924246 0
0.2274503653175624 0.2239987096577225 0
0.189851719534793 0.1962034839901729 0
0.1901493979441571 0.1971520295677826 0
0.1894767725857551 0.1978840994217001 0
0.2246509096599747 0.1863245527367786 0
0.2110121798125483 0.1629926744288099 0
0.1953327824031167 0.164787384912564 0
0.2133936070898199 0.1705810390691362 0
0.1862909743081078 0.173355747467035 0
0.2328313681994587 0.2181421508062881 0
0.2311884390567673 0.2186577449584898 0
0.181018925599842 0.2198147426936625 0
0.2151796775612134 0.1762723125180732 0
0.1867090026098829 0.2034415398450449 0
0.2252462664836743 0.1882216438858212 0
0.1897516595356647 0.22176302418213 0
0.2080898727563336 0.1738084368994355 0
0.2246737011236505 0.1633941735022808 0
0.2112439854244826 0.1551051914041629 0
0.1611720304405916 0.2083298151296599 0
0.1973823441121633 0.205822772750093 0
0.191660581459525 0.1789643782370384 0
0.2112097982176555 0.1895007602372616 0
0.1840412926249133 0.1834394400640215 0
0.220846963114282 0.1828294888514655 0
0.2234032196961431 0.2398563082079433 0
0.2174838363223305 0.1864898381226607 0
0.2281115961338028 0.2347318249615641 0
0.2231739133252493 0.1701166352726517 0
0.1759811840291132 0.1807590887213756 0
0.1987934676278692 0.2131946616341205 0
0.1897199739152051 0.1785314267951097 0
0.1646124257628213 0.2020403048526473 0
0.1572135468261183 0.2100930732515733 0
0.2125664446622797 0.1765714309315451 0
0.1615469773865506 0.2066491997006805 0
0.2275618209701228 0.1869739798980647 0
0.1851116563873286 0.1580963755278908 0
0.1891644692400257 0.1536949144375108 0
0.1794532650060509 0.2177011758233551 0
0.1998410399355 0.2107819763479522 0
0.2398439044920389 0.2232351874006279 0
0.2408142082657933 0.2234516631216819 0
0.2401415829051544 0.2241837329786432 0
0.2414843139396913 0.2227203840083398 0
0.2417821885066376 0.2236637236782905 0
0.1903470163548465 0.2236601153080102 0
0.2099735016754559 0.2315673363014396 0
0.2213650514031942 0.1873557410041966 0
0.2305816865109265 0.2282258433744005 0
0.223348740338168 0.2195551002367566 0
0.1758038555294357 0.2089477899322316 0
0.2127754588119848 0.191614327107427 0
0.1548321194790267 0.2025047086641173 0
0.1708864638695013 0.1990293827403107 0
0.2078808586304763 0.1587655406735307 0
0.2027202656259597 0.1681998061202822 0
0.2345198801504406 0.1717657983380827 0
0.1712500150893519 0.2088139569046458 0
0.1783081342428966 0.1680462351101999 0
0.1795761164295626 0.1692112564091514 0
0.1675233370756362 0.2026897320141537 0
0.2273414110928846 0.1833962733206348 0
0.2128185401858325 0.2233807349022195 0
0.1850432820256379 0.2268875131630406 0
0.2048926787747288 0.1607452745334744 0
0.218322394474481 0.1690342566678995 0
0.2290819072531086 0.2349482732335674 0
0.170909255287213 0.1760990035280829 0
0.1706001811544413 0.1866156475657735 0
0.2095872408108282 0.2447127745526949 0
0.2304068594712316 0.1787873784704308 0
0.2141637909053162 0.2219165951902868 0
0.1920672140252713 0.2205153601906018 0
0.2334381207350736 0.2085740523892168 0
0.2171202851015582 0.1767052639588571 0
0.1674346728218202 0.2167840826069494 0
0.1731475412450979 0.1774805005477145 0
0.1914173801201814 0.1983170508641654 0
0.2059402510872828 0.1583325892370101 0
0.1747676789506354 0.1998952856219947 0
0.2370558445180282 0.1740958409343508 0
0.2031699795160142 0.2415171958444573 0
0.2154887517138367 0.1657556684690789 0
0.1794874521723407 0.183305607037577 0
0.2304841280066981 0.1761582174635888 0
0.2376512013412586 0.1759929320828777 0
0.1939419487824874 0.2121122830287998 0
0.1986072449238645 0.175221386272712 0
0.1839868155423645 0.1631382218343183 0
0.2377943433224301 0.182199798884463 0
0.1636965990793356 0.2221250473024765 0
0.1709865238190267 0.1734698425181024 0
0.1880542533268682 0.2019774001362891 0
0.1910969102532311 0.2202988844712869 0
0.1572908153602102 0.2074639122483284 0
0.1769514878031736 0.1809755644425242 0
0.2045380217189003 0.2171226769723942 0
0.2251917894022257 0.1679204256987143 0
0.1710523966363438 0.1823058711224588 0
0.1765765408591116 0.1826561798737538 0
0.205365184157871 0.2111322850970279 0
0.1761901982027113 0.1958019849058333 0
0.1988593404272095 0.2220306902424672 0
0.2039996435464581 0.1578996377950339 0
0.215631893042443 0.1719625360861839 0
0.2122890561688982 0.2303196723110918 0
0.2006023295486784 0.1959555559002675 0
0.2347402900319298 0.1753435049216603 0
0.2223670408482527 0.2308038140875694 0
0.2035677179471315 0.2169062012515806 0
0.207128463148174 0.2397539377214664 0
0.208098766923043 0.2399704134464489 0
0.205608385471412 0.1917796124932171 0
0.2174293592489878 0.1661886199177517 0
0.2093895405783291 0.2182050555767791 0
0.183082384576336 0.1717577747271903 0
0.2381222438615921 0.2263790610606649 0
0.1880998362446519 0.1561166416790468 0
0.1917923270679621 0.1966364354344938 0
0.1991367289520486 0.1682824488143459 0
0.1795102436205567 0.1603752277922979 0
0.181934752296271 0.1997300002360587 0
0.2023225272126065 0.1928108007611137 0
0.2061923465927324 0.2051418932269095 0
0.2294568457080893 0.2332676895325028 0
0.1607198149602461 0.212639591561371 0
0.1786147068337516 0.2351567572524793 0
0.2159498613823014 0.2276078686074933 0
0.1810075298611993 0.2312799322701921 0
0.2246825953417391 0.229556150095308 0
0.1907105675642813 0.2334446894758465 0
0.1831913387440473 0.2123602111238135 0
0.1753630357754899 0.2017923767734897 0
0.2178701789945768 0.1733440331017975 0
0.1802487417905099 0.1684791865523417 0
0.2187290270809278 0.210585238604804 0
0.2211560372508396 0.1723128448346663 0
0.1715160078289667 0.1665309050603583 0
0.2411887352653553 0.2217711794774326 0
0.201936184562921 0.205956605773664 0
0.1813621869101698 0.174902529872695 0
0.2231055393903439 0.2389077711128259 0
0.2293706828974758 0.1697348741274225 0
0.2131276143228004 0.2128640908672033 0
0.1769945691769632 0.2127419722304305 0
0.1600813767190873 0.1789760926091799 0
0.2193699667884449 0.1666215713577577 0
0.2446326784366276 0.2154813297316245 0
0.1768197421790275 0.1633035072203788 0
0.1962802947093739 0.1879342398560116 0
0.2031496896412386 0.1868204088951166 0
0.1677665383702856 0.1833370593922945 0
0.2101280387445219 0.2263090143240377 0
0.1832800030143486 0.1982658605264645 0
0.1797737348759805 0.1957193422131621 0
0.172804279949353 0.2223927133577481 0
0.2167884195361036 0.2101522871640258 0
0.1733882410414537 0.2357549940767098 0
0.2142410594399884 0.2192874341808554 0
0.1773378304693785 0.167829759389009 0
0.184822872149146 0.2233098065853519 0
0.1763992123533076 0.2108448810814415 0
0.214990953332384 0.2159262033163404 0
0.2182654158753792 0.2263602046161343 0
0.2164793453975179 0.2206689311993687 0
0.210259835749074 0.2439808410629698 0
0.2131048228724827 0.2357944700552582 0
0.2350924455742711 0.196593268661204 0
0.2138547167679726 0.2324332391871416 0
0.1598267797243699 0.2097939548380296 0
0.1924535567225129 0.2073695551526782 0
0.2168112109639471 0.1872219079771381 0
0.2317065273569452 0.2231839971061947 0
0.2072627103284984 0.1797988287633297 0
0.1832336868585512 0.244118114526609 0
0.2382782438922158 0.221121620524022 0
0.175397222922326 0.1673968079465945 0
0.2290160259135198 0.2261122765293665 0
0.2015413673206021 0.1529473427236419 0
0.2012128029627367 0.15184406418652 0
0.1821437664392551 0.2147728964068272 0
0.1838639641024591 0.2116281412694426 0
0.2285979975863181 0.1960264841962836 0
0.1965007045870888 0.1915119464375034 0
0.2104713000522987 0.1813968014999534 0
0.2203947476330151 0.1871392652837946 0
0.2325564812031259 0.1942632260727315 0
0.202059036005386 0.1574666863542454 0
0.1965234960490597 0.1685815672290744 0
0.2123118476268781 0.2073892931288197 0
0.2066673535044727 0.1779017376131282 0
0.2126753988416709 0.2171738673071123 0
0.1947577154773437 0.2175870807647991 0
0.1857045116342421 0.2376206328711495 0
0.2224354151743329 0.1620126764849333 0
0.1719340361709187 0.1966166974536379 0
0.1971625138349492 0.2481410716504458 0
0.1981384312767523 0.2482960112021042 0
0.1954543737440575 0.2487455655308685 0
0.1987624298849332 0.2475654556409956 0
0.1997264486745824 0.2477623481659481 0
0.1859477129873362 0.2182679602969742 0
0.1590882815489972 0.2016899961164259 0
0.1600208606838726 0.2248370461382513 0
0.1964234360529871 0.194141107442925 0
0.180060017556097 0.2081330773842987 0
0.154081484192477 0.2058665359042062 0
0.2125208617731087 0.2224321893253489 0
0.2064127564639683 0.2087195998113728 0
0.2086309124952611 0.1554035927902001 0
0.2024770642824594 0.1875524787497796 0
0.2170633065004888 0.2340312119279059 0
0.1920900054794215 0.1975849810099838 0
0.2005250610056055 0.1985847169156107 0
0.1665872204350364 0.168077687463869 0
0.2304271497197994 0.2334841643639004 0
0.1708522766815237 0.2334249514889988 0
0.2206810303481024 0.1995530004441325 0
0.1894108997706529 0.1890480708290572 0
0.1772922475887322 0.213690517804842 0
0.2205809703685694 0.2251125406246485 0
0.2176814547701039 0.2129979238943028 0
0.170202442784248 0.2112266421876758 0
0.2351583183957369 0.205429297243881 0
0.1939647402201577 0.1891819038454383 0
0.1814711410808932 0.2155049662609509 0
0.1789896537803498 0.2334761418263806 0
0.2187948998895248 0.219421267208281 0
0.1891904898916336 0.1854703642469357 0
0.1952669120373486 0.1559513585288103 0
0.1644578886973101 0.2072986268618717 0
0.2193788609943046 0.2327835479360706 0
0.1885064688168003 0.1976676236996789 0
0.172870152754072 0.2312287419340409 0
0.1924104753546744 0.1756031473724907 0
0.2137343668828746 0.203295992411191 0
0.2422358114356016 0.2193575206964087 0
0.2054652441296309 0.1855727449063865 0
0.1577722012828587 0.1802290250420004 0
0.2316089688466923 0.1711163711500106 0
0.1641057331556768 0.1860488630969204 0
0.2117050950695834 0.2169573915863449 0
0.185595557504465 0.1970181965373532 0
0.1847342078646178 0.2374041571505699 0
0.1865430698127063 0.220165051447406 0
0.2319510889887709 0.2355593910618831 0
0.2327706175994032 0.2358183953667609 0
0.2336321740624284 0.2351016130070377 0
0.2130503457882679 0.2154932518751836 0
0.1788034311046626 0.1955028664923147 0
0.1659679959500169 0.1661174091881568 0
0.1575770980472942 0.2198776474071935 0
0.1842503067865137 0.1984823362468217 0
0.2349720956396995 0.1674560218737786 0
0.2356177621928243 0.1666368196748089 0
0.1615038959736415 0.1748827918832979 0
0.231686200038481 0.168487228038204 0
0.215365900279015 0.2142455878849104 0
0.2250030651918054 0.2075743164896158 0
0.2198538679216862 0.2055433923107525 0
0.196257503271147 0.2108646190402187 0
0.1662439591697484 0.212989900309174 0
0.1741381349341989 0.2323937632253131 0
0.2136343068891677 0.2288555325987853 0
0.1601903309442492 0.219578528994006 0
0.1674029871392358 0.1735524852096779 0
0.1798168162245451 0.2274857499754158 0
0.2332835836675251 0.2138323744157566 0
0.1757493784269521 0.1886465717480759 0
0.2420391090545208 0.1928502766911611 0
0.2257529590832114 0.2042130856275999 0
0.2088055794934277 0.2048427748132313 0
0.1788920953470098 0.1814085158839011 0
0.2445522820162168 0.2181106984025186 0
0.2452192813883148 0.2174142075255609 0
0.2393600035193103 0.1843133659357445 0
0.2268550084917437 0.222101618503275 0
0.1800169361894864 0.1763666695849965 0
0.1864341156511647 0.1795626150647056 0
0.1929716450115863 0.2118958073080829 0
0.2066762476617309 0.2440637141637697 0
0.1917378499949212 0.1763352172278718 0
0.2191495569190733 0.1630438647517695 0
0.1814483496076438 0.2384353454169154 0
0.1777013816965867 0.1776143335758661 0
0.1786716854691628 0.1778308092971386 0
0.2385442365763568 0.178838568804915 0
0.230361276637828 0.2246481368208978 0
0.1984729977336832 0.2351764952430339 0
0.1573794795555761 0.1933695616597661 0
0.1792328551287111 0.2141234692454673 0
0.1989935876130931 0.162075581212959 0
0.159551892702169 0.1859150300692515 0
0.1972708883462544 0.2428475025262672 0
0.19630058457486 0.2426310268051093 0
0.1956279592151537 0.2433630966592119 0
0.2142182679762973 0.2422178133456817 0
0.185727303108734 0.2146902537142286 0
0.1778559187663346 0.1723560115543775 0
0.2133163385554995 0.173210200073627 0
0.2058401910768496 0.1838921294750949 0
0.1564864443143329 0.190523924929152 0
0.1758697283378187 0.2177838185152417 0
0.2026429970897009 0.1708289671301783 0
0.1822666178726703 0.1662829769825182 0
0.2226875107020862 0.2088219804799278 0
0.2061378694885363 0.1848406750513878 0
0.2072285231643873 0.2141943975460776 0
0.1789693638811282 0.1787793548744252 0
0.1770490462414996 0.2330431903850848 0
0.16162424592016 0.2040200386967733 0
0.1824959219129753 0.2360226601344937 0
0.2423139960528876 0.2167292013870322 0
0.184118561159461 0.180810279055285 0
0.200413605277822 0.2356094466852913 0
0.1839843139707422 0.2407653880078483 0
0.2362603678100974 0.2233178300946246 0
0.1867203983448789 0.1919763502457762 0
0.1738201666044546 0.1767484306915829 0
0.173631442386571 0.216402321500453 0
0.2371321119946014 0.1714711669501241 0
0.1671053087261647 0.1726039396318631 0
0.156641242043496 0.1852658424002333 0
0.2102053072809586 0.2236798533162183 0
0.181880275199191 0.179428782037265 0
0.2028950925862789 0.2176382711073373 0
0.2077921943444399 0.1728598913244549 0
0.22817996925308 0.1659406918197697 0
0.1744155234300841 0.1786455218461132 0
0.1800283319123732 0.1649014799621697 0
0.230263718128877 0.1725805108550589 0
0.2353356468598199 0.1772405960670846 0
0.1729157356474793 0.1853679835746078 0
0.1955076093774506 0.2142258499004965 0
0.2121028334533984 0.1923463969619837 0
0.2095123920084856 0.1697151361865967 0
0.1705659939997997 0.2210112163437183 0
0.1901038150035512 0.243012787907634 0
0.2192268254556035 0.1604147037484164 0
0.1748449474847704 0.1972661246158207 0
0.201747515701923 0.2456095480558442 0
0.2024200985558243 0.2448775520656499 0
0.2256642948272371 0.2183074362413386 0
0.2383010353133828 0.1981912413930628 0
0.2256098177394776 0.1980062180401875 0
0.1841299568838566 0.1693450894371465 0
0.2165363240206219 0.1633429831698963 0
0.1805553143731004 0.2355897086934286 0
0.1684391637305372 0.182604989536071 0
0.1782739470878039 0.2024418039346373 0
0.225157602258744 0.2023159944761521 0
0.1985844534649222 0.1981517654735717 0
0.1876451191745006 0.2380535843090331 0
0.203710859287172 0.2231130688463346 0
0.1764878766150372 0.1967505304815794 0
0.1700365099822744 0.2279501537705185 0
0.229997725401794 0.2148635626858544 0
0.2271347606079467 0.239783540553366 0
0.1739405165237902 0.2058856774871489 0
0.2313543718441534 0.2019342333643549 0
0.2231397261823364 0.2045122040414105 0
0.1770287563356625 0.1783464034322363 0
0.2008569266203291 0.1651376936612189 0
0.2079784170596597 0.2108331666835748 0
0.2337902762459615 0.2298238161131232 0
0.1907130691536382 0.1558175232655775 0
0.2364807776884639 0.2268955366850273 0
0.1853092748036231 0.1846044613631985 0
0.1663098319755504 0.2218259288893206 0
0.1631221738928131 0.1689926422821928 0
0.1630740460568368 0.1680572224248466 0
0.1896743909973641 0.2243921851607678 0
0.2005364567406108 0.1871195273083024 0
0.2016271104041447 0.216473249809872 0
0.2407597311825068 0.2031504449315073 0
0.1915377300061489 0.2274542976016161 0
0.1831368616717806 0.1920589929382913 0
0.2176041862364994 0.215627084902309 0
0.1929944364493426 0.1889654281262433 0
0.1762674667373304 0.1931728238997599 0
0.2233715317849145 0.196624721024836 0
0.2254438849522787 0.2147297296587078 0
0.1979232238394563 0.1874186457218553 0
0.1630467651668675 0.1999267379820165 0
0.2276049023773718 0.2187403876800424 0
0.186036377251879 0.2041736096997601 0
0.1839957097156576 0.2293001984354718 0
0.2230966447905418 0.1727457962753327 0
0.1656599980679647 0.1996276195675118 0
0.2302409267160918 0.1955108900616614 0
0.179785130584709 0.1842541526143879 0
0.1629150195044087 0.1822546807863156 0
0.2056514668316896 0.2235460202880508 0
0.2274617610313984 0.2125335200908303 0
0.1966983230223466 0.2180200322055653 0
0.2109121198057411 0.1885522146624201 0
0.2311225662426087 0.2098217163877078 0
0.2351355269673429 0.2283596763992845 0
0.1833686672598821 0.1841715099213891 0
0.1823983634885112 0.1839550342002375 0
0.1926511751057644 0.2338776409173777 0
0.2075920743763089 0.2239789717299837 0
0.2013636191692705 0.1811291354411673 0
0.1854752076048038 0.1678809497244061 0
0.1872498823479579 0.1850374128046945 0
0.2297773155233021 0.2112858560996748 0
0.2015295519795023 0.164405623806315 0
0.2263711073228665 0.1831797976001858 0
0.1966438459236612 0.1977188140321959 0
0.1551411935943159 0.1919880646416663 0
0.2081785370432286 0.1597140862498142 0
0.1925853023088411 0.2250416123189949 0
0.2436047696525729 0.1949638435511774 0
0.2200198006866684 0.1888198807124372 0
0.1895857267152503 0.2384865357502071 0
0.1793555256492312 0.1568485069031852 0
0.1783689090242176 0.1565670500767769 0
0.2453135204208516 0.2032842940265035 0
0.1841958296937548 0.1781811180460638 0
0.1565409214681091 0.210825143105709 0
0.2400098372855647 0.2065116757954738 0
0.1947032383809846 0.1972858625929866 0
0.2319066472548371 0.1720649167428328 0
0.2386215051108305 0.1762094078035066 0
0.2004933754149263 0.1553531194739637 0
0.1749539030585597 0.2378685604960873 0
0.1825959819202143 0.2104631199744611 0
0.201352223441831 0.1925943250405454 0
0.2259074961517009 0.1989547636154197 0
0.215861197111442 0.2417022192099965 0
0.2335926578015451 0.2033157303795682 0
0.2333057525405702 0.2341076990313967 0
0.1742816868723476 0.1609766693487953 0
0.2147477520062537 0.2352788759197611 0
0.2164476597433155 0.1774373338131132 0
0.182055102175319 0.2288672469910652 0
0.2107892683781501 0.2370421340466083 0
0.2185744900102751 0.21584356062266 0
0.1681731709791853 0.2248880413304105 0
0.2216944154879514 0.2315358839440523 0
0.1671825772607815 0.1699747786196132 0
0.1630353694470511 0.2113919275735313 0
0.1851205505609318 0.2242583521601274 0
0.1543254268885546 0.1865132668979594 0
0.153652801527932 0.1872453367549474 0
0.2111984025168538 0.2009659498196233 0
0.1836777414018104 0.1736548658822195 0
0.2244507897331611 0.2374436330955798 0
0.2171975536362496 0.1740761029557908 0
0.216247539795123 0.2285564141846693 0
0.1764333995106515 0.1764493122775648 0
0.1868204583260117 0.1664168100117522 0
0.1556592818879868 0.1965143168012634 0
0.1614266274394183 0.1775119528964062 0
0.2253552207001438 0.228824080238505 0
0.1717136262924494 0.1930389908707099 0
0.1945917826476768 0.2343105923592368 0
0.1609151940091801 0.1730028589132334 0
0.1752535903189952 0.1611911144039191 0
0.1972505984805108 0.1881507155767409 0
0.2057287353669302 0.2209168592786582 0
0.2163475997837509 0.2029968739976575 0
0.2023542128227255 0.2360423981275812 0
0.2184043380156848 0.2439904453072368 0
0.2178294539576778 0.2448551754334257 0
0.1667189660624326 0.1857497446821926 0
0.2111325296829779 0.1921299212414508 0
0.184954617740897 0.2409818637286606 0
0.2196334580432886 0.2019656857289818 0
0.1710410009333017 0.1937710607258069 0
0.1635420620117758 0.2273833693032677 0
0.2260734289109756 0.1822312520256776 0
0.1685481179254855 0.2232074259034722 0
0.1666733831954867 0.2316105030341016 0
0.1598926525325287 0.2186299834199643 0
0.235697980858369 0.2327135971117955 0
0.1965323901903186 0.2347435438009584 0
0.2046380817007416 0.1915631367726768 0
0.2190494969164246 0.1886034049921667 0
0.2473154417315004 0.2010861832950512 0
0.2482398363527532 0.2012625472376442 0
0.2489930669005003 0.2004605278821923 0
0.2181767516075869 0.2404545552171979 0
0.1915263342562682 0.2389194871919161 0
0.1881632074631175 0.242579836465959 0
0.2415639494796535 0.2200902919689855 0
0.1618674471963905 0.1846673660771583 0
0.2350151770383803 0.1992224296640073 0
0.163212697917255 0.1832032263640773 0
0.2245736411247153 0.1889537137416888 0
0.2081760354704812 0.2373412524580319 0
0.1682732309690756 0.1993285011536658 0
0.1738087708831592 0.1882136203057719 0
0.2389736606741846 0.197459171537793 0
0.1588792673419686 0.1866470999259909 0
0.1946690511939922 0.2316814313536988 0
0.214572925010646 0.185840410964099 0
0.1776444030643092 0.2349402815321787 0
0.1718681633379414 0.187780668864229 0
0.175815251256017 0.1974826003365435 0
0.2119027134798087 0.2434654773386714 0
0.2009544850453637 0.2172053196639793 0
0.1821234765296762 0.1600761093776278 0
0.2391712791314329 0.2239672572575468 0
0.172892944218504 0.2082983627705507 0
0.1575340166214647 0.188111239639153 0
0.1579862321024518 0.1838014631924601 0
0.1627490867480844 0.1989781924104201 0
0.1921127969424395 0.1746546017951457 0
0.1813735826337326 0.1634373402484001 0
0.1698819729129142 0.2332084757686643 0
0.173685919452631 0.2367035396499529 0
0.2042948203683807 0.2364753495699863 0
0.1763764208836392 0.2337752602382071 0
0.2198310764755251 0.2284737714911225 0
0.2204923061033005 0.2392068912241857 0
0.2199311364556809 0.2029142313044446 0
0.2106258371213911 0.176138479490721 0
0.2134911655454984 0.2226486650462098 0
0.2281457821061263 0.2003362606314316 0
0.1956304608153665 0.1657359304890363 0
0.183268607278661 0.2097310501200444 0
0.1932693234235168 0.2128443528834536 0
0.2327768910821597 0.1978409326521542 0
0.1829050560684243 0.1999464759563317 0
0.166078026372502 0.2297134118884396 0
0.1963803547103126 0.1623746996256432 0
0.2304613365943486 0.199088596641868 0
0.1854068332227047 0.2366720872967695 0
0.1658259308241969 0.1829041079498553 0
0.1944397471663371 0.1619417481825712 0
0.1771174205916626 0.1642520527984256 0
0.2410851080468547 0.224369342368441 0
0.240407311926307 0.2251018797835591 0
0.2341107460948202 0.2078419825318708 0
0.1927195494989979 0.1650865033264954 0
0.1785488340428997 0.2263207286812307 0
0.1859249215110865 0.241198339449492 0
0.2264141887248482 0.2149462053794961 0
0.1789351767167482 0.21317492367104 0
0.2167770238102122 0.2216174767762049 0
0.2223153271568772 0.2422314443751346 0
0.2216367201244387 0.2429232614436433 0
0.2278253122649085 0.2223180942243448 0
0.2471234337289666 0.2089753415243383 0
0.1992114958893245 0.2432804539691469 0
0.1985388705291575 0.244012523823721 0
0.211375731014641 0.1727772486322748 0
0.1975710683569422 0.1661688819388033 0
0.1883975146577613 0.1570651872572232 0
0.1825756920123733 0.155766332926655 0
0.1816052192250032 0.1555731514098203 0
0.2339245233304189 0.1698687071602348 0
0.1699275557933154 0.1873477174222595 0
0.2217172069304468 0.2086055047592388 0
0.1604994050825287 0.209061884983907 0
0.2022794458743173 0.1610443929462493 0
0.2022338629736216 0.206905151348643 0
0.1868952252812854 0.2414148151703259 0
0.1578838066380975 0.1776320053145942 0
0.1656486023456638 0.2110928091602062 0
0.1605318883311246 0.1746671092635596 0
0.1866976068797104 0.2149067294351509 0
0.1660121535640572 0.2208773833157998 0
0.1641602102850367 0.2063500812872978 0
0.2105029856935634 0.2246283988930967 0
0.157390875275856 0.181904372036354 0
0.2446853762317664 0.2128563764591738 0
0.206235427915235 0.2369083010126589 0
0.2427003387260641 0.203583396371176 0
0.1559455646349363 0.2089280519590155 0
0.2102394944471947 0.189284284516734 0
0.1539504799414985 0.1881938823325864 0
0.1865150962758651 0.1539872061593597 0
0.1855464685960874 0.1538413638176475 0
0.1864227199327995 0.1910278046699387 0
0.1545345122797114 0.2015561407413136 0
0.213416510158069 0.2455319521047361 0
0.2088828480283056 0.2022136138083058 0
0.2010545450297692 0.1916457794653176 0
0.2128641230741765 0.1775199765064748 0
0.1967755915603977 0.2153908711967708 0
0.2046925587975668 0.2118643549523642 0
0.1996320257779247 0.1957390801797807 0
0.1884950730899158 0.209132813286566 0
0.188835832821764 0.2418477666120361 0
0.1871929036928952 0.2423633607451144 0
0.1961257576408093 0.1931925618676361 0
0.2240669485604975 0.1729622719957867 0
0.2182565216867249 0.16019822802742 0
0.1975799625090881 0.2323308585126327 0
0.201154605032293 0.166086239240385 0
0.2104599043243182 0.1928619910961091 0
0.2197652036619307 0.2196377429290549 0
0.1934669417976524 0.2393524386337101 0
0.1969301286300562 0.2101325491855308 0
0.2001817996602378 0.2434969296895357 0
0.173989750771121 0.16004760628658 0
0.1615583730658998 0.1951840101142767 0
0.2242214856350887 0.1677039499687696 0
0.2156635786915817 0.2151941334610838 0
0.2410688052793825 0.1926338009726837 0
0.1695184216946335 0.2234239016236628 0
0.1937557260742664 0.1741390076613901 0
0.2184744300207758 0.2414031007956418 0
0.2186745499695829 0.190284020422541 0
0.2219920939009179 0.2324844295214775 0
0.1619105286072155 0.2164337738586094 0
0.2298228589367499 0.1654252691892293 0
0.1701365699766625 0.2023906136005478 0
0.1910107475661994 0.1567660688438586 0
0.240539321274406 0.1995727383943251 0
0.2307476192959082 0.2115023318203793 0
0.1605652778905839 0.2178979135662215 0
0.1602675994790608 0.2169493679920561 0
0.208542088239241 0.1694986604656448 0
0.1954075493395596 0.2397853900756059 0
0.2082760954719701 0.2117817122593667 0
0.2186517585431951 0.2132143996145318 0
0.2059538698956541 0.2473708751686573 0
0.2069284431328119 0.2475674099778177 0
0.2411232824018527 0.2129350191149516 0
0.2460342015702628 0.2113733309737332 0
0.2284979376248027 0.2215860243677303 0
0.2267891356716706 0.2132655899467798 0
0.183159653110691 0.1691286137159281 0
0.2095554733867196 0.2014815439537518 0
0.1820006250965212 0.208566028825236 0
0.1773809118516607 0.1995961672082589 0
0.182827787534037 0.2025756369610826 0
0.1958052877895436 0.2151743954760365 0
0.1982436937179289 0.1654368120766211 0
0.2217627898161576 0.1627447463383613 0
0.1934580476621878 0.1731904620837765 0
0.2007568666177064 0.1906972338898366 0
0.2284003791279203 0.1695183984079005 0
0.2012293719703727 0.2410842444020342 0
0.2121914977156357 0.1782520463613025 0
0.2180336102733892 0.234247687647673 0
0.2235805459408849 0.2116676172081382 0
0.1992887644257462 0.2406512929597807 0
0.2170747022211191 0.2225660223512137 0
0.2205037018356363 0.2277417016348495 0
0.2307590150071112 0.2000371422170024 0
0.2094896005539376 0.1926455153753687 0
0.192596698064709 0.2135764227378288 0
0.2196765394072652 0.2337320935131688 0
0.2006909938102866 0.1818612052964538 0
0.1789034910687398 0.1699433262654474 0
0.1653623196547703 0.1986790739911572 0
0.2216741255405413 0.1768390969871181 0
0.2219376168094332 0.2121832113433213 0
0.2028178240508525 0.2202674321156507 0
0.1662122734872178 0.1697583028983857 0
0.1871067410109053 0.178830545208984 0
0.2110869467900405 0.2379906796191984 0
0.2343653430857019 0.177024120349755 0
0.165064641243128 0.1977305284161642 0
0.1983095665127338 0.1742728406965647 0
0.1792214594008609 0.2255886588275178 0
0.1600699809925116 0.190441282236155 0
0.1934026548510857 0.1529020655614336 0
0.1924305844981757 0.1526862438921748 0
0.1840957697107888 0.2037406582584518 0
0.1928285036691985 0.2056889397231891 0
0.1973481568821965 0.2402183415176281 0
0.1799168762186643 0.2019262098004016 0
0.1659462807577306 0.2120413547347166 0
0.2418536198930777 0.2210393642462044 0
0.2108006641020306 0.225576944465315 0
0.1870953452911462 0.190295734817056 0
0.230802096391836 0.2318035499578171 0
0.1852320062708225 0.1872336223702297 0
0.2100190845702372 0.1857065779369085 0
0.2378187157857699 0.1708307164440518 0
0.157100639098941 0.1809619729726124 0
0.1561184243503178 0.1807702595056304 0
0.1562432430529671 0.2098765975327018 0
0.1725622479365918 0.1641169957461249 0
0.2389622649784828 0.2089243610845185 0
0.1917581398811914 0.2310320041910759 0
0.1827961018908144 0.1593440395204702 0
0.1733337639746576 0.215453775926374 0
0.1734452196585474 0.1784290461247051 0
0.1911538889009997 0.1629729364516355 0
0.192058319875798 0.1543533835528878 0
0.2221580266878412 0.215760917928802 0
0.1602397138120039 0.1737552501928044 0
0.2076608531225773 0.1551860216136262 0
0.181768819492783 0.2164535118357251 0
0.1614811045408774 0.1978131711218843 0
0.2229623976721517 0.2327009052396259 0
0.1782308657092637 0.1706753961219024 0
0.1831482573871593 0.1805938033344005 0
0.1704887254637387 0.2236403773439133 0
0.2243646269724133 0.1739108175700768 0
0.1570045326164262 0.1950501770879763 0
0.178351215623136 0.1998126429289734 0
0.2137888439542507 0.223597210618609 0
0.1664326833672913 0.1733360094880289 0
0.217583896329408 0.160930297880604 0
0.2286524746828703 0.2163277023980065 0
0.1847683950752942 0.203008588402375 0
0.1699047643724322 0.2102780966131176 0
0.1846594409032977 0.1624061519777591 0
0.1697388315708242 0.2270016081972399 0
0.2123460347851141 0.1729937243529663 0
0.2394636326459777 0.2249107363727846 0
0.2092691906767622 0.1890678087962155 0
0.2333608521969757 0.2112032133980344 0
0.2083761554416108 0.1862221720682885 0
0.2247484356181741 0.2383921487867842 0
0.2264597715875423 0.1690854469742203 0
0.2088169751952371 0.1933775852300571 0
0.1917467441329607 0.2424971937748235 0
0.1867634796865337 0.2237427580245887 0
0.1679755525565058 0.1983799555786691 0
0.1593200871086675 0.1938025130998542 0
0.1893995040460617 0.2005132604285824 0
0.1768400321075522 0.2180002942359356 0
0.2140751266456658 0.2360109457762647 0
0.1974482169185206 0.2146588013413179 0
0.1552071495058577 0.2008240671641731 0
0.2220604682271029 0.1636932919140759 0
0.224484976899935 0.2030480643311586 0
0.1937988074401491 0.2059054154435802 0
0.2092463992423717 0.2119981879800352 0
0.1898061365919974 0.24206424233289 0
0.2133480242010237 0.2164417974513329 0
0.1928057121890463 0.2286193188979486 0
0.1565637128483697 0.1878947639182434 0
0.1825845861964907 0.2219283095682426 0
0.2252234750734659 0.2111520230730007 0
0.242545801657235 0.2088417183910213 0
0.2207899845163254 0.2401554368024817 0
0.2211763271959175 0.2270096317785315 0
0.197359552634442 0.2287531519269964 0
0.1759153112189948 0.1719230601122356 0
0.2021793858704226 0.1866039331742793 0
0.2383238266992723 0.1752608622293106 0
0.1659145950744211 0.1688097573203608 0
0.1777900459525454 0.1635199829416543 0
0.2274731567474305 0.2010683304865194 0
0.2007771657241993 0.2453938627540841 0
0.2423478485571369 0.1823340153429935 0
0.1749450074400451 0.1717065843926523 0
0.2078466714246987 0.1931611095094127 0
0.1979004324006139 0.2103490249057928 0
0.2380261482878323 0.1743123166548977 0
0.2330745694950443 0.1987894782257122 0
0.2089715122647854 0.1881192632211671 0
0.1845593809160854 0.1879656922255061 0
0.1827391232634692 0.2166699875573082 0
0.2064786292623164 0.2175556284141347 0
0.241420960813119 0.2138835646858059 0
0.196952920068344 0.1872021700011192 0
0.2151885717503477 0.2424342890670275 0
0.20711956898571 0.173591961178754 0
0.2134594798981618 0.1794170676557698 0
0.196909840272567 0.1554357635701689 0
0.1955190051020156 0.2027606603060534 0
0.1676120013009257 0.1885953814132139 0
0.1941737543866594 0.2042248000142458 0
0.1868090625983919 0.1778819996322037 0
0.1951440581577507 0.2044412757345162 0
0.1642260830944347 0.2151861098712274 0
0.2432184270177992 0.2081096485344907 0
0.2421269033133012 0.2219918903856889 0
0.244938408031018 0.2049649613798658 0
0.2166452781959215 0.2039454195730361 0
0.1997206900383343 0.1816447295786723 0
0.1678754925676678 0.2239394957569965 0
0.17551757284379 0.1965340547608496 0
0.1804463602351807 0.1949872723582442 0
0.1704773297352468 0.2351055669147193 0
0.1985527680676988 0.1549201682093442 0
0.2005645382402345 0.1527053938374512 0
0.2317724001731532 0.2320200256500127 0
0.196082676298388 0.1614261540495091 0
0.1745700604996129 0.1733871998243263 0
0.1704114569284113 0.2262695383442015 0
0.1705773897308391 0.2095460267588724 0
0.2112301344526444 0.2441973395126234 0
0.2216513341191178 0.1997694761642438 0
0.1674688599576714 0.1823885138149695 0
0.2053423926871888 0.2340626642820294 0
0.2214854013281008 0.2164929877846973 0
0.1722203188596517 0.209030432625091 0
0.1628035638422126 0.2192794105809393 0
0.2277708351598287 0.2020168760620938 0
0.2127868545394594 0.1801491375113559 0
0.1602017266704367 0.2081133394095018 0
0.2086738338530222 0.1871707176458277 0
0.2340676646740943 0.1760755747755698 0
0.1654395881704358 0.1960499129946325 0
0.2018817074584507 0.1856553875987504 0
0.2314202446555216 0.2107702619643295 0
0.173897435138906 0.17411926968098 0
0.1764650851601655 0.2196809096641902 0
0.2043404032889425 0.1906145911973759 0
0.1655599380816974 0.2251871597428997 0
0.2382896396181705 0.2096564309412305 0
0.2255984220175893 0.2094714076417579 0
0.2441887307919745 0.2083261242549135 0
0.1656169166614884 0.1678612117423554 0
0.2066904311690453 0.1549700756239506 0
0.185332066264155 0.161674082120781 0
0.1609402248373943 0.2162172981382923 0
0.2050130286476564 0.1898825213429244 0
0.2220148853429695 0.2095540503353411 0
0.219003914047245 0.2344641633646965 0
0.1963575632436486 0.1853050788514997 0
0.2053879755944341 0.1882019059129888 0
0.1874272108835938 0.1568487115357945 0
0.2139319853020985 0.2298040781759086 0
0.1824984234777033 0.1583954939417979 0
0.1622309984249517 0.1944519402599666 0
0.2140548367221103 0.1813141588054034 0
0.1615697687835509 0.1837188204995233 0
0.2070309047238397 0.1876863117787734 0
0.1740063893325131 0.2147217060723732 0
0.2260075560985126 0.1733952234346353 0
0.1857931759188597 0.2235262823056255 0
0.1856500345739796 0.2173194147202948 0
0.2134025012852828 0.2367430156327348 0
0.1981981108091996 0.2112975704789333 0
0.2022566544052322 0.18397477216809 0
0.1801486818232579 0.1940387267822304 0
0.200195697076314 0.1544045739636218 0
0.2038995835351877 0.1834591780344469 0
0.1592314229003653 0.2078968636896094 0
0.1920469241392447 0.1658185731823048 0
0.2172634264448782 0.1829121315425375 0
0.2169429566083116 0.2048939651484949 0
0.2194472353290678 0.1639924103324353 0
0.1597723025799268 0.1894927366587043 0
0.1966552416561813 0.1862536244258648 0
0.227086814084422 0.2142141355235838 0
0.2061492652167446 0.1733754854569247 0
0.1907764403624176 0.2422807180538012 0
0.20255433281725 0.1849233177439775 0
0.2324450255262808 0.2312879558210398 0
0.2265256443905891 0.177921475588393 0
0.2217830797407062 0.2174415333616832 0
0.1779648729467467 0.212958447950832 0
0.2045494174627197 0.2056574873601569 0
0.1913856945146858 0.1550854534091023 0
0.1653192382488545 0.166912666164661 0
0.1951554538679913 0.192976086148231 0
0.1867545855226393 0.1575807813927119 0
0.175219894431459 0.1955855091850993 0
0.1850343878514648 0.1607255365421495 0
0.2408650767448363 0.1749773713415527 0
0.2445636541035299 0.2066455162384651 0
0.2060175683769795 0.1557032097171915 0
0.2385873180307657 0.2106049765185944 0
0.2013091421034458 0.1608279172252514 0
0.167171181544957 0.1814399682375759 0
0.2330973609040636 0.1758590990547889 0
0.1959281392272677 0.1666844760666181 0
0.2065558978006677 0.2149264674032257 0
0.1710296052123596 0.2052362503259258 0
0.1838322784713163 0.1683965438595871 0
0.177346724652817 0.2339917359587157 0
0.228741138931082 0.2022333517824629 0
0.2149022890752798 0.2300205538970405 0
0.1937760159601424 0.2288357946189492 0
0.1622423941440647 0.1829867506429313 0
0.1865113841857923 0.1769334540554873 0
0.2081557455650125 0.1826444654881086 0
0.2272413511521166 0.2089558135057501 0
0.2074831202063315 0.1833765353423815 0
0.2223239594777639 0.1990374063095312 0
0.1798054204811649 0.2389509395502883 0
0.217913260379381 0.2051104408691743 0
0.2154856255777447 0.2433822607766065 0
0.181528119703434 0.1581790182203547 0
0.2137001796989441 0.2376915612064889 0
0.2318293787257684 0.1746940777564431 0
0.1901835851281654 0.1627564607305582 0
0.2240758052779054 0.2391242116832738 0
0.2327996824926288 0.174910553480098 0
0.1888472285683083 0.2303825770322096 0
0.1742495906601468 0.1953690334643757 0
0.1812076498393091 0.1801608518927461 0
0.1666416975276189 0.1883789056928923 0
0.1828505789743107 0.1796452577576525 0
0.1920444225442192 0.2434457393495368 0
0.1791327951230797 0.2396830094038415 0
0.1790580281386732 0.1646850042410049 0
0.1746562234590296 0.2369200152958511 0
0.1776671945348976 0.2120099023762941 0
0.2279139765114906 0.2082237436500649 0
0.1678438069049765 0.1807078983828046 0
0.2247826553122272 0.2039966099066755 0
0.1636193305400815 0.2247542083040084 0
0.1640056732174189 0.2116084032939277 0
0.2201173591556093 0.2408875066596415 0
0.1662667505806739 0.1900595211255311 0
0.1938874716858713 0.1918110648508018 0
0.194657655444836 0.2431466209378808 0
0.1652964468068924 0.1898430454051288 0
0.1719999089830973 0.2054527260462852 0
0.2201401506085717 0.2179571274963268 0
0.2370330531258608 0.1970262200989272 0
0.233415203450753 0.2315043159091604 0
0.2223125637555814 0.2105025959115449 0
0.1626490267724783 0.2245377325834207 0
0.1817916109535952 0.1935231326481688 0
0.2164558252542854 0.2435986408533796 0
0.1572363382087473 0.1871626940615381 0
0.2246470782625834 0.2409814581590218 0
0.185541080412982 0.1767169783344287 0
0.1993685345609582 0.1603949657822246 0
0.2326996225634748 0.2004700936522197 0
0.1962258176374215 0.1676330216522686 0
0.1821551621709048 0.2033077068173706 0
0.2273844924972682 0.2151626811004259 0
0.1739519122475182 0.194420487888494 0
0.1849888049460967 0.2065862949822247 0
0.2323905484269906 0.2109867376832178 0
0.1773695161230158 0.2110613568017706 0
0.2309021563623598 0.2062440098028504 0
0.2226102421687255 0.2114511414876206 0
0.221551274142209 0.2253290163449123 0
0.2086168688474179 0.2444966044764098 0
0.2317293187792714 0.2002536179364491 0
0.1726725343420194 0.2047206561920075 0
0.1765968309794487 0.237352966742945 0
0.189510959768043 0.1634885305867066 0
0.181232119206471 0.1572320143100214 0
0.231277103299921 0.2045633943743246 0
0.1814939325416277 0.1925745870720381 0
0.2290388173436788 0.2031818973580885 0
0.2182109387917116 0.2060589864448636 0
0.1819892293712679 0.2200312184160046 0
0.2241100299534221 0.2047286797618426 0
0.1796419892413347 0.1780472850186461 0
0.2276821709102973 0.2161112266772614 0
0.1791669823216921 0.2052874406601201 0
0.231949728662683 0.2038313245175551 0
0.2340870792797484 0.2307715573891717 0
0.1792442508589209 0.2026582796552802 0
0.1713817606972524 0.2264860140644598 0
0.2293251000423212 0.2155956325418683 0
0.2047494742700551 0.1545386901034021 0
0.1947463197312856 0.2290522703398829 0
0.1845049038319273 0.1676644740032215 0
0.1729816084762834 0.1942040121678258 0
0.2003388383322966 0.1606114415038043 0
0.2369443888979403 0.2111205706533122 0
0.181702946685421 0.2076174832508324 0
0.1807326429152054 0.2074010075301957 0
0.2279912450391603 0.2055945826432142 0
0.2219262210895986 0.2236484009116819 0
0.2007999479707915 0.2224636416833807 0
0.2144411794066955 0.1681683537796346 0
0.2185086172039537 0.2070075320210938 0
0.1614152317130048 0.1889771425235986 0
0.228388983398291 0.180983588035832 0
0.1524791935094307 0.1949074114707732 0
0.1513799829652484 0.1946912186720163 0
0.1959484291119482 0.2213812630794236 0
0.1821665579007244 0.1918425172171185 0
0.1716908348467792 0.2159693700600086 0
0.2264483758558579 0.1805506365958969 0
0.2204378290179089 0.2189056730692029 0
0.161647037318561 0.1810896594866445 0
0.1809447597754083 0.1562968580550879 0
0.1806602879806306 0.1554105334556579 0
0.222896524864013 0.2238648766316974 0
0.1857842817484757 0.157364305671335 0
0.1793443108291165 0.1770987394411391 0
0.1626059453637473 0.1927713248308605 0
0.2283661919847474 0.2039139672132308 0
0.1579089635689828 0.1864306242051095 0
0.1783170284221978 0.2342082116792212 0
0.1663984962375077 0.2077315783027875 0
0.1951123725271253 0.1612096783281877 0
0.1770718377111029 0.2101128112273007 0
0.173642838112283 0.2049371319124385 0
0.2375397457245458 0.2130176618088703 0
0.1756265275242725 0.237136490923565 0
0.185177529192511 0.1669324041467862 0
0.1661008178248848 0.2067830327280281 0
0.1623196626789013 0.180357589630186 0
0.1534232956483577 0.1951321016806178 0
0.1913742987791815 0.166550643038295 0
0.2143183279734115 0.216658273172003 0
0.2167686868136577 0.2445897028484743 0
0.1957166235024912 0.2292687460606886 0
0.2277277537679495 0.1702504682719884 0
0.2347599177909436 0.2300396833782992 0
0.220415037568887 0.241836052237997 0
0.2243682322212343 0.240062371978562 0
0.1858818401807912 0.2094319317063537 0
0.1945828885064508 0.1681486157838643 0
0.1768945096122228 0.2383015122478135 0
0.1619447157313141 0.1820382050648673 0
0.1753085586683058 0.1814911585766973 0
0.2185630942884239 0.2273087501928232 0
0.1787603497256287 0.1637364586630364 0
0.202211071493796 0.2298355305318844 0
0.1930147263145443 0.2436622150703825 0
0.1795077420685088 0.2380023939774141 0
0.2223581466373766 0.1646418374949522 0
0.1809872399616209 0.1765831453065588 0
0.1843161795856655 0.2073183648366771 0
0.1818688794886323 0.1908939716408145 0
0.1651305140549024 0.2065665570076954 0
0.1858501545531498 0.1662003342903779 0
0.1830481974053136 0.2061533435413392 0
0.2286638703972449 0.2048625127881832 0
0.1635762491434072 0.1929878005488409 0
0.1996978986063342 0.2045751087584857 0
0.1767741592991897 0.2091642656525675 0
0.1726839300635836 0.1932554665917436 0
0.1746359333108647 0.1822232284322686 0
0.1929399593756023 0.1686642099129405 0
0.2219059311455899 0.1689516139743594 0
0.1867748754156706 0.2122775684311825 0
0.2354326355182024 0.2293076983880155 0
0.228091304986152 0.1800350424580628 0
0.1963892488618326 0.2285366762054984 0
0.1792873321915943 0.2344246873995901 0
0.2206757714301147 0.2427511230717012 0
0.1727270114137192 0.2250218743576328 0
0.18254150484777 0.1901619017867013 0
0.1987275948305979 0.2043586330399373 0
0.23029540381267 0.2158121082596105 0
0.1806781658257101 0.1870997893428669 0
0.20471535023596 0.1889339757673301 0
0.2244077083658302 0.2056772253377679 0
0.193237637786495 0.1696127554960307 0
0.2232714718102272 0.2221842611997774 0
0.190701673418919 0.1672827128942366 0
0.2188607727016912 0.228257295770275 0
0.2280254321788737 0.171199013846736 0
0.1806895615495668 0.1756345997289107 0
0.1736973151823052 0.2252383500775514 0
0.1854866033355815 0.1564157600927513 0
0.1720543860556075 0.2257539442111067 0
0.190281143572772 0.21482408673687 0
0.1865227799141475 0.1654682644336318 0
0.1645351572299758 0.2046694658579337 0
0.1915947086555678 0.1701283496250416 0
0.1976572310454178 0.2297016975024903 0
0.1723862516510877 0.1923069210169795 0
0.1917587874808702 0.1534133901767739 0
0.1639511960824474 0.1913071851193063 0
0.1803032188921805 0.1887804047686057 0
0.1841844339781193 0.1896463076544803 0
0.193687351673399 0.2429301452165615 0
0.224253171300184 0.2109355473526429 0
0.2361039129079328 0.2285743900157271 0
0.1740950535927973 0.2006273554774354 0
0.2015954247766047 0.1732416524231655 0
0.1918923870665967 0.1710768952080062 0
0.21596125710464 0.2161426790370639 0
0.2247053867785148 0.2066257709139304 0
0.1716021705740676 0.2300637206397916 0
0.189874510986672 0.1732731047750243 0
0.1902494579354101 0.1715924893379711 0
0.179332915102566 0.1885639290533502 0
0.1905471363465278 0.1725410349196489 0
0.1823641763167744 0.2183506029865039 0
0.1576113285993639 0.1854821185427573 0
0.1897313696456726 0.1670662371738309 0
0.2367776056672192 0.2278433008841829 0
0.1949553338553349 0.2440951665124937 0
0.1784626713126573 0.162787913085033 0
0.2205492847023841 0.1818809432760261 0
0.1764764808873374 0.2082157200781365 0
0.2215968570073245 0.179468257993097 0
0.2051219828104157 0.2304849576951843 0
0.1635648534601961 0.2044529901375017 0
0.2169315608770829 0.2163591547576324 0
0.2273528068142468 0.1719310837160973 0
0.2275846124316137 0.1640436006647733 0
0.1713931564340938 0.2150208244853919 0
0.2024225872156493 0.1672512605388208 0
0.1881657090475495 0.1649526702991607 0
0.1823324906820378 0.1751190055944965 0
0.1632671750473965 0.2035044445624078 0
0.2256756905498278 0.2068422466345171 0
0.1789579681755925 0.1902445444787684 0
0.1731247498226869 0.2004108797570136 0
0.211387126762363 0.1613120589839549 0
0.237242067310735 0.2120691162308004 0
0.1851896147126221 0.155469228305459 0
0.2374487206136252 0.2271099203720885 0
0.1876679106518916 0.21512320515608 0
0.1779630942363618 0.1582583229544643 0
0.1771491062457098 0.2074836502237978 0
0.1666847789235171 0.2201453134626152 0
0.2170336498930762 0.2454145343128251 0
0.1782853428162552 0.1909766143341036 0
0.178164992899668 0.1618393675067601 0
0.174315463471073 0.2042050620582509 0
0.1676550826922742 0.2203617891831392 0
0.1878680306353066 0.1640041247205426 0
0.1872156951703026 0.2194329815929386 0
0.1686253864616798 0.2205782649032779 0
0.1820348122698955 0.1741704600168006 0
0.1776127174559618 0.1917086841901485 0
0.2378257845831411 0.225431250056152 0
0.1692980118244276 0.2198461950487992 0
0.1573139180873154 0.1845338191120677 0
0.1691548704813433 0.2136393274698904 0
0.1975685667581635 0.2437960481014335 0
0.1620219842660854 0.1794090440522878 0
0.1893564226989524 0.1687468526064874 0
0.1721544460520435 0.2001944040365748 0
0.1986275348166792 0.2299181732236122 0
0.2117620737101918 0.1596314435586376 0
0.2124346990676429 0.1588993737079866 0
0.1759697883223927 0.1922242783290478 0
0.1849330499247326 0.1545787604567837 0
0.1778217316041408 0.2067515803693883 0
0.1827074376296501 0.1734383901607955 0
0.212091437752179 0.2038115865451519 0
0.2278822908425172 0.1649921462405911 0
0.2259733689628574 0.2077907922105514 0
0.2080328941288977 0.2311343848584716 0
0.1778671921115516 0.1608913704484874 0
0.1883861189251171 0.168530376886459 0
0.1749880888296668 0.2034729922038254 0
0.15893374448707 0.2069483181159022 0
0.1648328356424147 0.2056180114327893 0
0.1649214998608741 0.191523660838201 0
0.1719112447165972 0.2195470766372781 0
0.1775240531925101 0.2058030347943866 0
0.1610516804927182 0.1791925683308225 0
0.162296871277248 0.2032879688418386 0
0.199597838588448 0.2301346489445861 0
0.1885406559956437 0.1632720548650681 0
0.1697502273067797 0.2155364186195388 0
0.238794426909784 0.225646830854985 0
0.226271047375464 0.208739337786863 0
0.1781966785512395 0.2050709649398536 0
0.1734769053090929 0.2216606435046365 0
0.2078580671538694 0.1816959199128869 0
0.1754517000157353 0.1876980261709911 0
0.1698502872653004 0.1899768784285557 0
0.1619991928641868 0.2023394232668237 0
0.2025087499050686 0.2307840761075768 0
0.2102711800882779 0.2325158818780253 0
0.1607540020795119 0.1782440227529645 0
0.1880111719785017 0.1702109923188545 0
0.1799599575490317 0.2336926175459813 0
0.2068877633828134 0.1814794441918303 0
0.1570165449848496 0.1835855540531836 0
0.1691776619013273 0.1907089482846752 0
0.1664643690503338 0.2165676068864825 0
0.208330572541209 0.2320829304342325 0
0.1785397970758695 0.1601593920112966 0
0.1664871604582276 0.1936372277087821 0
0.1824097592172801 0.1724898445831698 0
0.1811848584011777 0.2030912310971767 0
0.2054196612231679 0.2314335032708807 0
0.1688027149743738 0.1923895637106889 0
0.2209356273751876 0.1687351382534709 0
0.18733854661781 0.1709430621749596 0
0.206590084971172 0.1805308986170344 0
0.1746904104176828 0.2025244466289088 0
0.200568142360505 0.2303511246654896 0
0.1863682428438042 0.1707265864551664 0
0.1806325829074051 0.2329605476939467 0
0.1607312106790714 0.2011744019769975 0
0.1770946291470308 0.1871824320374382 0
0.1774353889291939 0.219897385387461 0
0.1684277680277101 0.1940701791442884 0
0.2397557734874716 0.2258549309168851 0
0.2406695262057664 0.2260827377668019 0
0.1560342288333045 0.1948337013695353 0
0.1567186567964619 0.1826368157334899 0
0.2012407677207527 0.2296190548104804 0
0.1814394554448875 0.1722733688625813 0
0.1597836983058251 0.1780275470313683 0
0.1932148463216075 0.1925431347129824 0
0.1743927320054899 0.201575901053271 0
0.1829595331424544 0.2202476941382207 0
0.1767969507352477 0.1862338864592803 0
0.1712614108136675 0.1973487673093512 0
0.1610288890946474 0.2021229475474071 0
0.1689686477385392 0.1756660520840955 0
0.2291502603653974 0.1661572225737585 0
0.1804691516721404 0.1720568931411389 0
0.1782422614341889 0.1592102064932039 0
0.1594867286123554 0.1770796526250899 0
0.1682960223778583 0.1763981219422685 0
0.1959256376259599 0.2443116422335414 0
0.2104485086220929 0.2043271806792495 0
0.1702911070436882 0.1971322915883538 0
0.180171473258588 0.1711083475633297 0
0.2097758832632808 0.2050592505338203 0
0.1564232654234699 0.1816903238493738 0
0.2062924065590964 0.1795823530418259 0
0.1691890576247934 0.1792437586708478 0
0.1585275812597148 0.1768734274165171 0
0.1575346848805244 0.1768346912622079 0
0.1699934286296251 0.1961837460116679 0
0.1876476207581531 0.1604264181306083 0
0.2034790536771666 0.2310005518290273 0
0.2103712400861547 0.2069563416866969 0
0.1784398798663792 0.1857182923257124 0
0.1798737948455986 0.1701598019856767 0
0.1913963150415378 0.1523859147155144 0
0.1921870668973391 0.1517319644271173 0
0.1682187538451372 0.1790272829525607 0
0.2041516790379609 0.2302684819744169 0
0.205994728147077 0.1786338074666607 0
0.169452548894029 0.2145878730451637 0
0.1823755720451702 0.2068854133961887 0
0.1781422014547911 0.1847697467479494 0
0.1892905498925552 0.1599108239976015 0
0.2070625903563579 0.2309179091375363 0
0.2063899649959063 0.2316499789920355 0
0.1788148268138737 0.1840376768927359 0
0.2056970497347735 0.177685261891626 0
0.2093008763149112 0.2322994061558086 0
0.1965982629852943 0.2435795723796627 0
0.2125778403978986 0.165106241313472 0
0.1978662451679994 0.2447445936759229 0
0.1882429775837421 0.1623235092878077 0
0.1625723455474459 0.2271667092713657 0
0.2087283109562268 0.2074719358194931 0
0.2024884600096675 0.1760872891540374 0
0.225853019031317 0.1786535454432361 0
0.2100735616743879 0.2060077961103566 0
0.2109349112682553 0.1656218354498835 0
0.1718567676392874 0.1992458584610295 0
0.2047267459635529 0.177468786170119 0
0.1676778741424983 0.1974314100025023 0
0.1863771369928346 0.2368885630139909 0
0.2018158346502853 0.1768193590089086 0
0.2037564421924575 0.1772523104493336 0
0.2266029129235276 0.1752923145815478 0
0.1673801957274695 0.1964828644254139 0
0.2080239999555137 0.1649724082979951 0
0.2138775082201499 0.2095028600018297 0
0.1870497623514111 0.2361564931544741 0
0.2034587637802336 0.1763037648747366 0
0.1779534772192669 0.2244236375369637 0
0.1879452991707552 0.1613749637091615 0
0.1867520839380268 0.2352079475858948 0
0.2462804197458702 0.2034986550227232 0
0.1715590892265342 0.1982973128850752 0
0.1664098919485008 0.1962663887101513 0
0.2122345790889099 0.2100184541365695 0
0.1785171484016073 0.1830891313158632 0
0.1922014612122115 0.1605602511614696 0
0.1739633079532392 0.1829552982878138 0
0.2014408877051377 0.1784999744373462 0
0.164589634309196 0.2249706840227582 0
0.2269778598664925 0.1736116991452105 0
0.2105916499592213 0.2105340482688602 0
0.1782194699892157 0.1821405857393026 0
0.2108893283702074 0.2114825938480253 0
0.2013864106434545 0.1581987562148807 0
0.2048470958727872 0.2066060329362617 0
0.2041744705125288 0.2073381027920921 0
0.1995002801601162 0.1780670229978358 0
0.1579634407176625 0.2067318423975495 0
0.2102167030119818 0.2122146637022966 0
0.1765879365789056 0.1711909902580343 0
0.1775582403524159 0.1714074659786879 0
0.2166135925641265 0.1607138221632063 0
0.24069385833009 0.1943144163990496 0
0.2004705839319202 0.1782834987178939 0
0.177249166217401 0.1819241100186806 0
0.2025315413834599 0.2078536969238517 0
0.1888928114819959 0.1845218186697008 0
0.1857386988421424 0.2032250641262742 0
0.1991253332139374 0.1797476384278545 0
0.1723976473544372 0.1808417314121904 0
0.1948146941175987 0.1602611327498977 0
0.2105143814235807 0.2131632092797363 0
0.17258387007812 0.2188150067830412 0
0.1905357406121655 0.1840062245376163 0
0.1864113242007883 0.2024929942723031 0
0.1730702727129141 0.180109661557027 0
0.1762788624437276 0.1817076342975833 0
0.1902380622019235 0.1830576789585924 0
0.1996206300669037 0.2072042697631394 0
0.2098417560652912 0.2138952791337242 0
0.1869180167576271 0.2184844360172211 0
0.1954873194782172 0.1595290628935427 0
0.2101394344761818 0.2148438247106935 0
0.2075717844715887 0.1692821847436423 0
0.2094668091163069 0.2155758945660782 0
0.1870839495593944 0.2017609244180549 0
0.1998980185959651 0.1534560283217119 0
0.1828049960745573 0.2255060161434791 0
0.1919240727077661 0.2143084925940807 0
0.1968325702000141 0.1580649231757101 0
0.2251803936723467 0.1793856152990596 0
0.1971302486090951 0.1590134687610161 0
0.1729271313647344 0.1739027939627897 0
0.2059288553458731 0.1697977788655654 0
0.170766113937912 0.1698921359282725 0
0.2062265337542205 0.1707463244507003 0
0.2055539083978496 0.1714783942999256 0
0.1918809913314117 0.1825420848256337 0
0.1714387392969999 0.1691600660729818 0
0.1877565749180335 0.2010288545635309 0
0.1726294529496188 0.1729542483835646 0
0.1824300491197078 0.2271866315645174 0
0.1702683155906308 0.2200626707708199 0
0.1925536166907385 0.1818100149706768 0
0.171659149177801 0.172737772663014 0
0.1884292002772703 0.2002967847079919 0
0.182727727532005 0.2281351771393609 0
0.1988365489391201 0.2449610693972838 0
0.1922559382810583 0.1808614693924253 0
0.2222808781013907 0.1672709985187948 0
0.1729930041805919 0.1827388225665761 0
0.2017816474815884 0.2112149277863077 0
0.1713614707636993 0.1717892270847678 0
0.1710637923509173 0.1708406815063958 0
0.1726953257668737 0.1817902769902374 0
0.203092713134307 0.2441462110788713 0
0.1938988674101 0.1803458752596482 0
0.1695754002846151 0.1660979536175225 0
0.1686050965132262 0.1658814778967322 0
0.1945714927694135 0.1796138054034855 0
0.1683019775231223 0.1649338035691672 0
0.2000297641823664 0.1711280855483368 0
0.1698730786987513 0.1670464991939853 0
0.1995091742986428 0.2442289995429195 0
0.1856386388462992 0.228784604307932 0
0.1976369411559075 0.175004910550762 0
0.2021679901365622 0.1980691227809873 0
0.1708433824710278 0.1672629749162242 0
0.1942738143601143 0.178665259825413 0
0.1897744509955577 0.1988326449986679 0
0.1900721294050978 0.1997811905735642 0
0.1974165312801369 0.1714272039630663 0
0.1969643157976308 0.1757369804050092 0
0.1983754393187221 0.1831088692901461 0
0.2038109192659849 0.1975535286474193 0
0.1959167434887546 0.1781496656915314 0
0.1993457430929876 0.1833253450091631 0
0.1957736021511124 0.1719427980952597 0
0.1956190650793719 0.1772011201135847 0
0.1972619942073757 0.1766855259820421 0
0.1980004923750278 0.1847894847190268 0
0.1650101641178804 0.1774293102086304 0
0.1711410608845891 0.1682115204944304 0
0.1660577364231835 0.1750166249210865 0
0.2070967775247458 0.196522340379436 0
0.2054538483955843 0.1970379345129964 0
0.1783284241694583 0.2227430221139821 0
0.1914287758514786 0.1868518612588727 0
0.1738404565250198 0.2314452176537324 0
0.1950895810577014 0.184140057559305 0
0.1904470763532159 0.1981005751454203 0
0.1944169556990258 0.1848721274146158 0
0.2153114231693586 0.1939443697100545 0
0.1912514473443122 0.2150405624526946 0
0.2136684940405054 0.1944599638439729 0
0.1923218110881562 0.1896974979845834 0
0.2120255649116305 0.1949755579779761 0
0.2169543522984732 0.1934287755753847 0
0.2103826357826029 0.195491152112134 0
0.1940420087553225 0.1865527428425691 0
0.2185972814260189 0.1929131814448678 0
0.2391054063123191 0.2151312286744844 0
0.1727725943015896 0.1791611159795818 0
0.1746676189550139 0.2254548257983924 0
0.1709409409493825 0.2193306009173888 0
0.1889244971067647 0.2277534160206752 0
0.1911197017111575 0.1973685052900236 0
0.2370875302325651 0.2173274382429991 0
0.2427889990330421 0.1894890474057229 0
0.1773581203907556 0.222526546387042 0
0.1876565149224816 0.2265883947429918 0
0.220240210555928 0.1923975873062841 0
0.2218831396845264 0.1918819931720317 0
0.1751857072475642 0.2299810779475812 0
0.2235260688123827 0.1913663990394064 0
0.1873588365098057 0.2256398491717027 0
0.1908220233002344 0.1964199597130935 0
0.2251689979401697 0.1908508049066929 0
0.2033903907500483 0.2450936996065404 0
0.1908992918347531 0.1937907987091041 0
0.2350696541524032 0.2195236478124277 0
0.1870611580971754 0.2246913035968864 0
0.1890904299115142 0.2110299044356424 0
0.2004794796114044 0.2444454489164023 0
0.2268119270685219 0.1903352107727137 0
0.2087397066536071 0.1960067462461923 0
0.1619333200113206 0.1935033946874619 0
0.228454856196767 0.1898196166388471 0
0.2051789614490285 0.1731590097327425 0
0.1724749158884981 0.1782125704030466 0
0.1905243448885871 0.1954714141372147 0
0.2300977853252519 0.1893040225041678 0
0.176828636375585 0.2294654838137146 0
0.1899289880661144 0.1935743229865954 0
0.1609630162392962 0.1932869189666756 0
0.2317407144534423 0.1887884283699646 0
0.171504612117216 0.1779960946814713 0
0.2289615488110017 0.2058110583619739 0
0.1970301886019599 0.1845730090000817 0
0.191196970245804 0.1947393442847161 0
0.2333836435818836 0.1882728342343681 0
0.1712069337024875 0.1770475491048616 0
0.2299318525858797 0.2060275340831233 0
0.1599927124649246 0.1930704432447535 0
0.1990911460403667 0.2141432072101024 0
0.1984185206859421 0.2148752770622525 0
0.165682789476056 0.1766972403542836 0
0.2350265727107867 0.1877572400927443 0
0.170236629929007 0.1768310733839545 0
0.2366695018372581 0.1872416456946638 0
0.1780966185503905 0.230630505108102 0
0.2007340751609585 0.2136276130829543 0
0.1960598848296497 0.184356533279978 0
0.1896313096523692 0.1926257774102406 0
0.1790669223188956 0.2308469808284628 0
0.1761560110136379 0.2301975536665253 0
0.1900062565983212 0.1909451619821288 0
0.1797395476845712 0.2301149109745826 0
0.2263052345101409 0.1743437690057628 0
0.1903039350099264 0.1918937075569173 0
0.1892449669902114 0.2057715824213101 0
0.2048812830405778 0.1722104641523016 0
0.188274663199216 0.2055551067106504 0
0.2330517780721008 0.2217198573834783 0
0.1890359528304371 0.1907286862605356 0
0.1876020378487835 0.206287176562772 0
0.158349783332882 0.1935860373793089 0
0.1896199139235756 0.2040909670000871 0
0.1675461284915742 0.1797593528090353 0
0.1887382744157066 0.1897801406827206 0
0.1905902177129696 0.2043074427133571 0
0.1909651646396865 0.2026268272911678 0
0.1916377899988493 0.2018947574370982 0
0.1926080937833005 0.2021112331503991 0
0.1929830407226113 0.2004306177300642 0
0.2014497950377966 0.2446616163887077 0
0.1975368811605661 0.2005644507550274 0
0.1930717049816241 0.1863362671239878 0
0.1973392627442052 0.1740563649749498 0
0.1877679706464639 0.1895636649625476 0
0.1859363172570569 0.229733149878782 0
0.1921014012082896 0.1861197914055425 0
0.2480661889676711 0.2029045431729205 0
0.1963689589749157 0.1738398892532142 0
0.231388286664956 0.1675388131847322 0
0.196071280562204 0.1728913436742709 0
0.1789237809883714 0.2246401132594048 0
0.2269208812933618 0.2309376470930329 0
0.2263255244689467 0.2290405559530707 0
0.2267004714155859 0.2273599405155825 0
0.2021224119200747 0.2439296552962616 0
0.2239327014437224 0.2329173809505929 0
0.1874702922323601 0.1886151193861282 0
0.2075034101096279 0.2380733223087227 0
0.2086624381216872 0.1986359072403768 0
0.2103053672508466 0.198120313106378 0
0.2119482963799567 0.1976047189765502 0
0.1864999884627218 0.1883986436655317 0
0.2145615293077621 0.1973056005514357 0
0.2129186001630249 0.197821194688551 0
0.2168770837638695 0.1960579365764718 0
0.1798940847577807 0.2248565889799686 0
0.2070195089924651 0.1991515013744178 0
0.2053765798608224 0.1996670955082456 0
0.2037336507299214 0.2001826896418987 0
0.2020907216004547 0.2006982837758392 0
0.200281859687204 0.2179373895171687 0
0.2178473875496571 0.1962744122871461 0
0.1862023100477089 0.1874500980895861 0
0.2004477924728267 0.2012138779107222 0
0.2194903166927308 0.1957588181487408 0
0.1808643885279505 0.2250730647002953 0
0.208771392292656 0.239238343604053 0
0.2211332458165629 0.1952432240141668 0
0.1818346922998107 0.2252895404209128 0
0.2227761749475892 0.1947276298790764 0
0.1665758247180728 0.1795428770882303 0
0.2083964453271782 0.2409189590209145 0
0.2089145943293908 0.2454449373393267 0
0.2244191040828031 0.1942120357450348 0
0.1662781463033776 0.1785943315105202 0
0.2260620332154997 0.1936964416112646 0
0.2283775876635029 0.1924487776393364 0
0.2092066956146979 0.2463837537578128 0
0.1770604419820833 0.2215780008155507 0
0.2293478914529712 0.1926652533476272 0
0.1653078425313502 0.1783778557875106 0
0.2043607338593155 0.2453107036588875 0
0.2309908205989015 0.1921496592079435 0
0.20503334672852 0.2445790411623334 0
0.2342766788564228 0.1911184709393254 0
0.1813052082687467 0.2322284778424509 0
0.2326337497271941 0.1916340650737853 0
0.1836980313041993 0.2283516528637281 0
0.1822755120402236 0.2324449535616799 0
0.2359196079847765 0.190602876804801 0
0.1725724743456254 0.2302801963611181 0
0.1829481374040399 0.2317128837108311 0
0.2375625370963794 0.1900872826664454 0
0.206003657688215 0.2447955206540961 0
0.1842161195823507 0.2328779050048339 0
0.2392054662204016 0.1895716885377208 0
0.2333722479100419 0.1997380237953765 0
0.1653851110644314 0.1757486947748445 0
0.1846683350758733 0.2285681285859202 0
0.1854841017603779 0.2340429262989148 0
0.2069739439918245 0.2450121328640949 0
0.1987161990980173 0.2158238226386419 0
0.1745130818870228 0.2307131478025579 0
0.2343425516807374 0.1999544995145674 0
0.1996865028647331 0.2160402983607194 0
0.2075059116814565 0.1604461561100178 0
0.1999841812773006 0.2169888439391058 0
0.1565523171346746 0.1993599535290351 0
0.1549094730661525 0.1998755209704976 0
0.165760058011223 0.1740680793420342 0
0.2079442487131255 0.2452286345988005 0
0.1539395969031125 0.1996589110549979 0
0.1838867555643691 0.1886977620807498 0
0.1529797180913882 0.1994416142395731 0
0.2002334098965745 0.1517682155038056 0
0.2353128554586549 0.2001709752372178 0
0.165462379599793 0.1731195337641514 0
0.1869066210270302 0.2299496255982128 0
0.210714501409149 0.1620441288388797 0
0.215786430126978 0.1667042140553818 0
0.1651647011863782 0.1721709881867887 0
0.1875792463848417 0.2292175557445581 0
0.1835890771477045 0.1877492165039284 0
0.1641943974146467 0.1719545124646942 0
0.1638967190001633 0.1710059668874532 0
0.2022680501444391 0.1725095825620366 0
0.1826187733803498 0.1875327407859753 0
0.1629237505120901 0.1707906908269227 0
0.1625176622828231 0.1698440611442285 0
0.1816484696068211 0.1873162650645002 0
0.1986389305586488 0.2184529836491308 0
0.2120597521240928 0.160579989146786 0
0.2072741060643968 0.1683336391664376 0
0.237110321652814 0.1943970590938179 0
0.2387532507794585 0.1938814649580403 0
0.2069764276532416 0.167385093591881 0
0.1766424136781629 0.1914922084751889 0
0.2060061238830764 0.1671686178658137 0
0.2163159141536214 0.1597652765880321 0
0.2057084454718968 0.1662200722928317 0
0.1749994845482126 0.1920078026087169 0
0.2113846252011974 0.2389392251897518 0
0.1740291807772481 0.1917913268905637 0
0.1730588770056039 0.191574851169276 0
0.1923648924337843 0.221463905759279 0
0.1864544055251256 0.2342594020184409 0
0.2159409672018635 0.161445892023633 0
0.1720885732343464 0.1913583754483585 0
0.171118269462854 0.1911418997257142 0
0.1708205910439081 0.1901933541483542 0
0.1908765003841815 0.2167211778862405 0
0.1926625708471444 0.2224124513284708 0
0.19686425580743 0.2012965206010132 0
0.1674574642456959 0.1938537034265648 0
0.2397235545479643 0.1940979406752458 0
0.1936328746196712 0.2226289270569966 0
0.2116823036077815 0.2398877707607245 0
0.1932579276705797 0.2243095424738751 0
0.1942282314414226 0.2245260182030066 0
0.194525909852605 0.2254745637732096 0
0.1990797502994547 0.2256083968115403 0
0.1993774287110132 0.2265569423781851 0
0.2242303798546451 0.2338659265207213 0
0.2054107670615836 0.1652715267103916 0
0.2266232028827073 0.2299891015211189 0
0.2039312691598529 0.2266907754161363 0
0.1880973346514856 0.2337438078840896 0
0.1890676384235122 0.2339602836037917 0
0.1871270308914853 0.233527332160087 0
0.2042289475717113 0.2276393209829345 0
0.1900379421923844 0.2341767593256122 0
0.1910082459646199 0.2343932350453127 0
0.1919785497336363 0.2346097107671889 0
0.2269981498292852 0.2283084860862902 0
0.1958939520360228 0.2010800448833999 0
0.2068421804745451 0.22734020258007 0
0.1949236482721876 0.2008635691691906 0
0.2078010885157188 0.2390218678771376 0
0.1929488535061027 0.2348261864869729 0
0.1939533444998557 0.2006470934489853 0
0.2071398588883447 0.2282887481475533 0
0.1882518717457854 0.2284854858854483 0
0.2160841085356091 0.1676527596427694 0
0.1939191572753387 0.2350426622088921 0
0.2342222017413292 0.170817252746034 0
0.1948894610480931 0.2352591379287425 0
0.1988048633516328 0.2017294720437768 0
0.1985071849362776 0.200780926475865 0
0.1997751671205041 0.2019459477614489 0
0.1958597648175811 0.2354756136507516 0
0.2308590749520163 0.1744776020222178 0
0.2305613965362757 0.1735290564384693 0
0.1597609069005804 0.2009579262626003 0
0.1968300685907496 0.2356920893706476 0
0.1991684145710876 0.2115140462010218 0
0.1877337834510146 0.2239592337353384 0
0.1978003723605955 0.2359085650927927 0
0.1518675933024615 0.199186571562434 0
0.1884064088078882 0.2232271638808088 0
0.2333494564821907 0.2226684029519899 0
0.189376712582651 0.2234436395988385 0
0.198770676134225 0.2361250408127336 0
0.2426889430013409 0.2150485859751358 0
0.1647669628196288 0.1967819828523248 0
0.242986621413338 0.2159971315429153 0
0.1900493379386539 0.2227115697450269 0
0.1997409799044688 0.2363415165349643 0
0.1637966590277569 0.1965655071221581 0
0.2353673325711039 0.2204721933788259 0
0.1617787829653927 0.1987617166931756 0
0.1907219632958887 0.2219794998914774 0
0.2276504852235034 0.1728796292839236 0
0.2007112836785437 0.2365579922549276 0
0.1913945886580334 0.2212474300389228 0
0.2016815874492816 0.2367744679772213 0
0.2373852086514283 0.2182759838086731 0
0.224605326799414 0.2321853110951234 0
0.2026518912237496 0.2369909436971205 0
0.2255756305721252 0.2324017868096093 0
0.2262482559339968 0.2316697169517427 0
0.2235577544978989 0.2345979963788949 0
0.2228851291414347 0.2353300662327851 0
0.2219148253698278 0.2351135905157041 0
0.2036221949952436 0.237207419419503 0
0.2193015924619221 0.2354127089292819 0
0.2212422000106195 0.2358456603679123 0
0.2045924987698329 0.2374238951395341 0
0.2202718962352667 0.2356291846499065 0
0.2186289670980704 0.2361447787857286 0
0.2065331063206947 0.2378568465822679 0
0.2179563417385085 0.2368768486390881 0
0.205562802543607 0.2376403708607276 0
0.2169860379618591 0.2366603729262879 0
0.2163134126023238 0.2373924427794663 0
0.2156407872456605 0.2381245126334894 0
0.2149681618860529 0.238856582488366 0
0.2139978581116415 0.2386401067693293 0
0.2273730967770262 0.2266278706595106 0
0.1997637713882576 0.2134111373596698 0
0.2283434005468933 0.2268443463740296 0
0.2130275543394597 0.2384236310488409 0
0.2063468836404226 0.1998835712255962 0
0.2110096782427937 0.2406198406217337 0
0.2293137043204213 0.2270608220950194 0
0.2093667491139662 0.2411354347513079 0
0.2103370528824665 0.2413519104744867 0
0.2120572505650011 0.2382071553324427 0
0.2079898127698559 0.1993679770918258 0
0.2096327418996701 0.1988523829576658 0
0.1954962136220072 0.2256910394956944 0
0.2320042057547786 0.2241325426698517 0
0.2326768311173919 0.2234004728127726 0
0.1961688389795735 0.2249589696484372 0
0.2367467706081739 0.184612483960145 0
0.2112756710315017 0.1983367888238969 0
0.1581179777647783 0.201473520395767 0
0.2313315803943202 0.2248646125264431 0
0.2337244034371602 0.2209877875252164 0
0.2306589550339697 0.2255966823829683 0
0.2346947072099972 0.2212042632353673 0
0.2299863296758203 0.2263287522394567 0
0.1971391427524506 0.2251754453666761 0
0.198109446527871 0.2253919210886945 0
0.2357422795178886 0.2187915779552532 0
0.2367125832911007 0.2190080536652296 0
0.2377601555916842 0.2165953683858782 0
0.2003477324805595 0.2267734181002023 0
0.2387304593662717 0.2168118440976614 0
0.2010203578383509 0.2260413482528053 0
0.2394030847278586 0.2160797742403703 0
0.2019906616118497 0.2262578239709895 0
0.2162044584147153 0.19679000641759 0
0.2029609653878425 0.2264742996931508 0
0.2397780316762832 0.2143991588180624 0
0.2051992513414705 0.2278557967073841 0
0.240748335450233 0.2146156345298503 0
0.2058718767036775 0.2271237268601347 0
0.2200628820568598 0.2205862884891856 0
0.1543070675128281 0.209442255226946 0
0.2173723806226053 0.2235145679120575 0
0.2193902566996502 0.2213183583452096 0
0.2187176313371217 0.222050428201327 0
0.2081101626596435 0.2285052238688585 0
0.2180450059850728 0.2227824980568009 0
0.2166997552698094 0.2242466377603418 0
0.208782788023306 0.2277731540204985 0
0.2207355074215109 0.2198542186342263 0
0.2157294514962431 0.224030162047886 0
0.2150568261377173 0.2247622318962686 0
0.2104257171456599 0.2272575598851833 0
0.2097530917938993 0.2279896297341129 0
0.2140865223572211 0.2245457561841062 0
0.2110983425147572 0.2265254900321234 0
0.2134138969958344 0.2252778260395606 0
0.2127412716367416 0.2260098958946306 0
0.2120686462862705 0.226741965742988 0
0.2417186392255054 0.2148321102507301 0
0.2217058112049525 0.2200706943500418 0
0.2226761149807504 0.220287170069322 0
0.2014180962509287 0.2014303536272316 0
0.2474346698990484 0.1958458503356776 0
0.2030610253786911 0.2009147594933613 0
0.245545377202295 0.195396794974728 0
0.243957446501847 0.2162135726511178 0
0.2047039545092333 0.2003991653593982 0
0.2449617236461725 0.2164523677151839 0
0.223646418754647 0.2205036457900721 0
0.2439024480796227 0.1959123891095346 0
0.2246167225263062 0.2207201215090182 0
0.2252893478816777 0.2199880516582989 0
0.2259619732435045 0.2192559818065575 0
0.2269322770186078 0.2194724575205022 0
0.2279025807930863 0.2196889332395757 0
0.2432298227213214 0.1966444589635224 0
0.2288728845651979 0.2199054089588271 0
0.2295455099170991 0.219173339109768 0
0.2305158136995645 0.2193898148209 0
0.243450232629439 0.2002221655277626 0
0.2135912255182166 0.197089124838622 0
0.2308907606432553 0.2177091993874392 0
0.2424799288331801 0.2000056898244598 0
0.2418073034768649 0.2007377596642064 0
0.2312657075671789 0.2160285839658035 0
0.231938332934038 0.215296514110036 0
0.2329086367289294 0.2155129898213838 0
0.2152341546378512 0.196573530696951 0
0.2335812621038641 0.2147809199665279 0
0.239866695922178 0.2003048082403563 0
0.1994660929763067 0.2124625917844133 0
0.2448727518541249 0.1961288648190037 0
0.2394917489914665 0.2019854236501497 0
0.2385214452140527 0.2017689479452402 0
0.2378488198536142 0.2025010178014796 0
0.2185200129042413 0.195542342437184 0
0.2374738729048532 0.2041816332215012 0
0.2365035691224024 0.2039651575196899 0
0.2361286221755908 0.2056457729462322 0
0.2360513536458534 0.2082749339472931 0
0.2344084245128529 0.2087905280886149 0
0.2340334775627806 0.2104711435266504 0
0.22016294203168 0.1950267482971259 0
0.2277049623163777 0.1931808474770902 0
0.2218058711650249 0.1945111541655598 0
0.235896816607747 0.213533255947901 0
0.2355218696349259 0.2152138714093847 0
0.2361944950145861 0.2144818015257359 0
0.2234488002956634 0.1939955600309655 0
0.225091729425954 0.1934799658971227 0
0.2267346585386828 0.1929643717564026 0
0.2353787282880033 0.2090070038001812 0
0.2300205168064551 0.1919331834983014 0
0.2345515658700035 0.2149973956877674 0
0.2316634459337752 0.1914175893567632 0
0.2333063750682725 0.1909019952262082 0
0.2349493041965264 0.1903864010914763 0
0.2365922333209783 0.1898708069515594 0
0.2382351624299926 0.1893552128101718 0
0.2408483950800596 0.1890560945428501 0
0.2398780915094865 0.1888396187191266 0
0.2408369996979942 0.2005212839492836 0
0.2465046588844473 0.1956167297064564 0
0.2418186972937534 0.1892725711897145 0
0.2415982753356667 0.1856948675539982 0
0.2370444489166877 0.1855610295215881 0
0.2373421272351782 0.1865095751740318 0
0.2381692899250578 0.1805191838689964 0
0.2430837604107028 0.1790659828194763 0
0.2404075760600922 0.1819006811286181 0
0.2365263606144647 0.1810347778647728 0
0.2401098974461514 0.180952135425223 0
0.2374966646709831 0.1812512535255191 0
0.2358537357121032 0.1817668474178015 0
0.2391395937091503 0.1807356596203368 0
0.2326451460288315 0.1801688748796003 0
0.2348834319561857 0.1815503716136171 0
0.2319725205611074 0.1809009445338006 0
0.2339131283340875 0.1813338959047852 0
0.2336154497081235 0.1803853506593793 0
0.2444315673303967 0.1889735102218035 0
0.2434616103089621 0.1887569815479945 0
0.1728406612850567 0.2400818122816333 0
0.1732780361301639 0.2410027296481425 0
0.15414912372176 0.2147373058228522 0
0.2231376064753385 0.2425345514742787 0
0.1520994834616221 0.2054719539295692 0
0.1587587637196123 0.2236442209717636 0
0.2467324489801668 0.1877195886826052 0
0.2203908603713823 0.1553721719503453 0
0.1776632095810164 0.1573707364700677 0
0.1528860120948627 0.2139625601729848 0
0.2262999632922969 0.240504419570321 0
0.2280458493659012 0.2403715326929937 0
0.1940240756866907 0.1521255316397615 0
0.1614644972668106 0.1697036775802562 0
0.2129979666511898 0.1527459438087942 0
0.1777397496991918 0.2438075639347286 0
0.2149995720439892 0.1532062934791503 0
0.2452377508241556 0.1830184812942159 0
0.1679786808613717 0.1639924284383276 0
0.2053690797043344 0.1512105033463797 0
0.242434454551976 0.2229266896129785 0
0.2428408423549682 0.2239439745619746 0
0.190578010717613 0.2474646263147679 0
0.20945472304272 0.24741928294669 0
0.2490088948809006 0.203437989382512 0
0.2490195415624559 0.1976594869175373 0
0.2483332497453019 0.1907715910263567 0
0.1986162859469436 0.1508798515749773 0
0.2221504159438966 0.1561006516998457 0
0.153471242988009 0.2158059542046226 0
0.1508987421188462 0.2024206948281523 0
0.1509295422103418 0.2014548145395799 0
0.194715805713036 0.151293489158448 0
0.1508464333429022 0.1995113114794436 0
0.1797199918036766 0.2447551053056819 0
0.2439071719433072 0.2221522409987888 0
0.1832433000529526 0.1537965378757351 0
0.2471105410529767 0.1860438984108194 0
0.2279407315064389 0.1597212151676914 0
0.248727781111989 0.2063142327411299 0
0.1761412994438463 0.1569886855147132 0
0.1601353811313721 0.2288349746080161 0
0.2385845054263511 0.2304940178705958 0
0.2220535064986809 0.2438180118950442 0
0.2247607466708002 0.2425178982006984 0
0.1515443876137016 0.1917316531449885 0
0.1712472134572331 0.2398621531999272 0
0.1541323158124865 0.1823232503352868 0
0.1644551487583031 0.1659865326028698 0
0.1552303946401952 0.2203107503531789 0
0.2149662599028737 0.2468882735864705 0
0.1823232502107047 0.2458676841440585 0
0.243886711958974 0.1778579936494806 0
0.2004886883094902 0.2491535666577468 0
0.1613211417956171 0.2303986651850538 0
0.2203598693556583 0.2445742764791184 0
0.2488623495498936 0.2053649536825933 0
0.1786408019250585 0.1556223027559426 0
0.2024424764724456 0.2490952771660958 0
0.1754630903050868 0.2424153955149935 0
0.1625629087883668 0.2318205348743289 0
0.2296478183153359 0.1607215962007526 0
0.1697475510933826 0.2385147495048779 0
0.2489734648158822 0.1955704292380578 0
0.2238316906642626 0.1570258862144502 0
0.2318870891312807 0.1625897677292857 0
0.1823232505122555 0.1541323157452741 0
0.1720393581164609 0.1595607189919132 0
0.1550571306309349 0.1805051599895081 0
0.2130254932223222 0.24724062259282 0
0.1659166003402549 0.2354752339378718 0
0.2451541061864321 0.2195103136207758 0
0.2318293839528239 0.2372359503874742 0
0.188922116700294 0.2478966694561118 0
0.15274844605325 0.1870128361209089 0
0.1937736619016047 0.2488126643321366 0
0.1897243182557101 0.1520014073761731 0
0.1841507634387449 0.2465675913239992 0
0.1680599267994262 0.2374398663338159 0
0.1595989450148348 0.171975834431887 0
0.2374685291976136 0.1680716649175051 0
0.2386669571746865 0.1696003867389639 0
0.2263936214082812 0.2414873547237718 0
0.1547642420670828 0.2166250820041318 0
0.1526043002031527 0.2129662786006182 0
0.2340292149102387 0.1645990535801858 0
0.2464399864593696 0.1867753945534703 0
0.2400427190722214 0.2267930522409151 0
0.1668840069383371 0.2351790183105593 0
0.1554671600049958 0.1814917501325283 0
0.2419810908380685 0.2245941538171022 0
0.2398216359532261 0.1712623643297407 0
0.1601649307109562 0.1711789696370654 0
0.2004888169594963 0.1508335359597645 0
0.245536494466483 0.1839424134166186 0
0.1581148772336534 0.1760223779835477 0
0.1512844979609549 0.1936207491546982 0
0.2303313005368738 0.2386945388078675 0
0.242466825967491 0.1770564207583703 0
0.2072035181042513 0.2485269720991155 0
0.1975667508224602 0.2490830362774054 0
0.1520881516216491 0.1889370317134885 0
0.1512793163362983 0.2063379181790957 0
0.1532705720532963 0.2119360966877852 0
0.2415374725291632 0.1736285936245896 0
0.1985435582885336 0.2491554092489543 0
0.2016813691483543 0.2481895572596025 0
0.162829552463832 0.230812023934113 0
0.1541020442380397 0.2176884158071259 0
0.2303950791393166 0.1613255401679648 0
0.1590319926880751 0.2272269073551806 0
0.2476722193827524 0.1879236902292444 0
0.2466119518765318 0.2157562886819915 0
0.1751635979257735 0.2414072987805465 0
0.2238842625852123 0.1579816630148698 0
0.244620248012351 0.1810975440774522 0
0.2458871432533389 0.1823023701903919 0
0.1737168640508174 0.1591323181500725 0
0.1965230871418001 0.1509449685479312 0
0.1712136482548053 0.1601531449545417 0
0.1543583251373374 0.1839583950460652 0
0.2159036023061106 0.1533186590684794 0
0.2474404239135305 0.2130492298615765 0
0.2425546469228729 0.1752515542105705 0
0.1673316342165551 0.2368120331633214 0
0.219477838661762 0.2451596485199547 0
0.1930767745405026 0.1519884232044747 0
0.1814276934295316 0.2455430757123925 0
0.220581174940537 0.1563427964969309 0
0.2359933183034238 0.1676281364454661 0
0.1518382005023676 0.1982316496441893 0
0.1680317506473045 0.1624458271634152 0
0.2481873531216752 0.2039892762996219 0
0.1509664296245011 0.1965331037930796 0
0.1519599236994063 0.2111409077218945 0
0.1800259068245882 0.1561343234956627 0
0.1599297121417646 0.1728723869994002 0
0.1577295944348857 0.2233905978341985 0
0.2047826740586388 0.1519664282687871 0
0.1544669809248692 0.2185069417423964 0
0.2403988633057808 0.2278981173647797 0
0.1840882624155066 0.1542863092276054 0
0.2491366095651469 0.2015217642161917 0
0.2456096666242314 0.2130601863328495 0
0.1859848871132611 0.2471584205474707 0
0.2479150764615021 0.1888655239695593 0
0.2480839687434191 0.1951931585765523 0
0.203828576765112 0.1517814844102328 0
0.2032642287649056 0.2476455726601561 0
0.1516821266308908 0.2008605059777538 0
0.2083001629554206 0.1516197453698357 0
0.165657768781037 0.2339374200325307 0
0.1770277982567615 0.1581230254221854 0
0.1631977858868457 0.1671973849926255 0
0.2449291871489514 0.1820861271371882 0
0.2462400083211924 0.2122794176982015 0
0.2354409282388484 0.1658041719334737 0
0.155607606903663 0.1787878192425734 0
0.1510175910323554 0.2042502659750822 0
0.2447882207764141 0.2204130547101342 0
0.2112860066306497 0.1520488953574363 0
0.1887064442752105 0.2469933660108233 0
0.2415778503117402 0.2262640513518124 0
0.2469177765519784 0.2115644454824294 0
0.1763472883247327 0.1588194747209331 0
0.1741560640035006 0.2411451196152519 0
0.1528447756153694 0.2098931427668593 0
0.1850549306384341 0.1530796090982632 0
0.2482023762713597 0.1926190199651931 0
0.2295601340502366 0.2393047229273105 0
0.1896529353586747 0.2472165827689946 0
0.2164662027021202 0.1547071071324683 0
0.1877396468510783 0.2467611738828032 0
0.1616823995593796 0.2296066937814563 0
0.2430378740734132 0.2221300632671496 0
0.1730114235228823 0.1598588039086448 0
0.2493029514122128 0.1985537406944278 0
0.2167305685667367 0.2462649893341231 0
0.1557642731207878 0.2195016692481927 0
0.2472437750455171 0.1895419287608578 0
0.1695620955315466 0.2374767210373078 0
0.2430546932302575 0.1760886408763858 0
0.190773519662852 0.2483831244722631 0
0.237120033058997 0.1688988831545082 0
0.1991888276274104 0.1516736552341797 0
0.1695019384328863 0.1626546634395847 0
0.1870278328199934 0.247464626335023 0
0.1523400176787046 0.1912095347000999 0
0.1769106621777663 0.2436194268326556 0
0.15303619991945 0.1851820803507727 0
0.1991161834285474 0.248416732530212 0
0.2034633487323364 0.1509149083598783 0
0.2112205323223374 0.2479170197800049 0
0.1519245686657421 0.1956024378045997 0
0.1592780593281456 0.1736054470116821 0
0.2451992409916289 0.1804291842119927 0
0.2255150855972146 0.2411685045831339 0
0.1569829448883106 0.1760759321553666 0
0.2239361577703675 0.2430921193868654 0
0.1565598803998281 0.2231498500496002 0
0.2482241900571263 0.2101764799132604 0
0.217784331564529 0.2458885815290484 0
0.2023845301806267 0.1508350781075412 0
0.1857829699356981 0.2463032529294858 0
0.205365798698593 0.2490711230404322 0
0.1805596248445681 0.2442622474023666 0
0.1869440491653469 0.1524416091086023 0
0.2082849968816642 0.2485423658806775 0
0.2387400040803928 0.1711126184870788 0
0.2460140115389882 0.2177261633766614 0
0.2214802512953151 0.1566049674817298 0
0.1918149786372589 0.2485115974828636 0
0.1822007219843585 0.1549895663821467 0
0.1517634487250159 0.1897804146069166 0
0.2486138204479605 0.2082953430991683 0
0.1549562857811629 0.1821475532099867 0
0.2281616784060146 0.1607366077308247 0
0.1637680271659735 0.2334514861466377 0
0.151520799206244 0.2092338166528699 0
0.2474992185883779 0.1905071015379179 0
0.1561338561590968 0.2204244857967103 0
0.2151472985698841 0.2459770117466767 0
0.1667029215727613 0.1637306040025411 0
0.2482949008437165 0.1961538172576615 0
0.2479456962120644 0.2065954771290486 0
0.2317815080229236 0.1634176472516203 0
0.2400996744372844 0.1731316848147043 0
0.2360821216920231 0.2334927785917416 0
0.1778191724209746 0.1558919987709772 0
0.2361516782267843 0.2319677410792638 0
0.1600173244350421 0.2273180023214704 0
0.2355828681691531 0.2342340663381248 0
0.192572891714418 0.2478052974997575 0
0.2177395996969223 0.1539441945716101 0
0.1848191586479563 0.2460469162630497 0
0.1707241566431169 0.2384677350438738 0
0.1574274163784991 0.2249007903898416 0
0.2248189255463082 0.158292648301186 0
0.220967085053032 0.2436537247458279 0
0.2375690471527296 0.2320357291906469 0
0.213606501013444 0.2463809939892607 0
0.1531870015700751 0.187912499390873 0
0.1578395399743085 0.174539536423751 0
0.151511193712811 0.200007810318537 0
0.1928053995511241 0.151213739104884 0
0.2448084087590043 0.1795629035495981 0
0.1888124594831951 0.1519292189369938 0
0.2265881218112171 0.158540252055182 0
0.2341309256002631 0.2341952035890389 0
0.2413162821524029 0.2253212990190005 0
0.2121720691484454 0.2468237954215294 0
0.195716232829295 0.1517598965764162 0
0.2100679802351496 0.2482070230531841 0
0.1694954542370734 0.1611862553274356 0
0.2416701702376564 0.1751601256339425 0
0.1904420098607887 0.1524668412984553 0
0.2025773536979354 0.2482151513901916 0
0.1585019801801161 0.1733834246615061 0
0.2303444416814605 0.1621355292131104 0
0.237540968077234 0.2305270624447938 0
0.1935850278839679 0.2479544329202817 0
0.2286819907239238 0.2390236250204667 0
0.151718926659033 0.2035482542334968 0
0.1520351652819842 0.1931844805730756 0
0.1559399769032319 0.1798720052060366 0
0.1523207227769683 0.2080157420326265 0
0.2470598096141952 0.2149809059009079 0
0.2342409602753565 0.2356569624902706 0
0.1633292549727156 0.2316180130957858 0
0.2335122360016257 0.1637461715456847 0
0.2477412721210879 0.1913332510355761 0
0.1535418280161683 0.1864683355322218 0
0.1999765060393089 0.2485325702592335 0
0.179707278020032 0.2439564853795962 0
0.2187512395874225 0.2447280084607203 0
0.1564258594978118 0.2213208179218139 0
0.1720410519840304 0.2396282763709077 0
0.1734717723694625 0.1583419170823763 0
0.1982751027236098 0.1515990953453195 0
0.2382529053901357 0.2297222481967575 0
0.1838733010576438 0.2457673187933607 0
0.150658537860429 0.197545275685254 0
0.2446520859453606 0.2188774370192187 0
0.2482968829351802 0.2048194698209447 0
0.2483998832012583 0.2020697463018544 0
0.153421476484985 0.1839109343341878 0
0.2439666335273643 0.1793982333821861 0
0.1674151761244437 0.2360184559083507 0
0.2019344432412518 0.1514930932682415 0
0.2034361731245162 0.249296073738927 0
0.1570833346990735 0.1775631599074655 0
0.2384230909910667 0.1703390402988606 0
0.2435542508516178 0.2214564188759972 0
0.173629105398675 0.2417049592900768 0
0.2484019968151245 0.1997101372275969 0
0.233540174493477 0.2362220614137885 0
0.2340982698300706 0.1656463215704404 0
0.227002401272832 0.1598047648789276 0
0.2183468283745887 0.1552278042870606 0
0.1804025056873106 0.1546557269057928 0
0.1660189850051536 0.234697807770482 0
0.1768250874924391 0.1573872196506925 0
0.2222898020307592 0.1568546977109128 0
0.1688458827980115 0.2372608354100983 0
0.2248350779824717 0.2417504438969334 0
0.2484604746759592 0.197057764100008 0
0.1764988889638575 0.2423224870636834 0
0.2363874617293707 0.1667422373777709 0
0.165886456964554 0.1651542293830779 0
0.1945198052269825 0.2481849196340092 0
0.2469856244106759 0.2124621467776893 0
0.2289025947515782 0.1609552637660135 0
0.1639005535161532 0.1675974475835326 0
0.172513863488804 0.2409237337996432 0
0.2086606614131458 0.2478415524692323 0
0.1914518057180992 0.1514470590922615 0
0.1652149949080314 0.1662041253171066 0
0.1558660772823552 0.2219729461081687 0
0.23877667304879 0.229019274738845 0
0.1847755812707724 0.15382235299765 0
0.1620826825744743 0.2304006539795657 0
0.1645722316614349 0.1668739649520811 0
0.2224108434544557 0.2429947587064883 0
0.2427311565627111 0.2248723186207922 0
0.2254168673249962 0.1577439618941416 0
0.1510999696700863 0.2073462231184232 0
0.1829990132378513 0.2455303636352361 0
0.1603479972030912 0.2281034968098074 0
0.2489021003232507 0.192638414563451 0
0.2321071205408796 0.2363358530995506 0
0.1623248622757309 0.1682255904314632 0
0.1577447571984618 0.2257171665902263 0
0.2112285219512391 0.1527618416732004 0
0.1522656185690371 0.1903733469169336 0
0.2412928188704834 0.1743590567619544 0
0.1792374962743325 0.156089731471167 0
0.1515281896960361 0.2028193878801362 0
0.2099659052619101 0.1517255975996684 0
0.2406218494448592 0.1718253850383805 0
0.2063096342376575 0.2480491139716354 0
0.2367055767759099 0.1680916055266158 0
0.2280730400845603 0.2395834707329536 0
0.2436342157514245 0.1785155606432338 0
0.2143321073737267 0.2464694912150564 0
$EndNodes
$Elements
6 18803 1 18803
0 1 15 1
1 1 
0 2 15 1
2 2 
0 3 15 1
3 3 
1 1 1 158
4 2 4 
5 4 5 
6 5 6 
7 6 7 
8 7 8 
9 8 9 
10 9 10 
11 10 11 
12 11 12 
13 12 13 
14 13 14 
15 14 15 
16 15 16 
17 16 17 
18 17 18 
19 18 19 
20 19 20 
21 20 21 
22 21 22 
23 22 23 
24 23 24 
25 24 25 
26 25 26 
27 26 27 
28 27 28 
29 28 29 
30 29 30 
31 30 31 
32 31 32 
33 32 33 
34 33 34 
35 34 35 
36 35 36 
37 36 37 
38 37 38 
39 38 39 
40 39 40 
41 40 41 
42 41 42 
43 42 43 
44 43 44 
45 44 45 
46 45 46 
47 46 47 
48 47 48 
49 48 49 
50 49 50 
51 50 51 
52 51 52 
53 52 53 
54 53 54 
55 54 55 
56 55 56 
57 56 57 
58 57 58 
59 58 59 
60 59 60 
61 60 61 
62 61 62 
63 62 63 
64 63 64 
65 64 65 
66 65 66 
67 66 67 
68 67 68 
69 68 69 
70 69 70 
71 70 71 
72 71 72 
73 72 73 
74 73 74 
75 74 75 
76 75 76 
77 76 77 
78 77 78 
79 78 79 
80 79 80 
81 80 81 
82 81 82 
83 82 83 
84 83 84 
85 84 85 
86 85 86 
87 86 87 
88 87 88 
89 88 89 
90 89 90 
91 90 91 
92 91 92 
93 92 93 
94 93 94 
95 94 95 
96 95 96 
97 96 97 
98 97 98 
99 98 99 
100 99 100 
101 100 101 
102 101 102 
103 102 103 
104 103 104 
105 104 105 
106 105 106 
107 106 107 
108 107 108 
109 108 109 
110 109 110 
111 110 111 
112 111 112 
113 112 113 
114 113 114 
115 114 115 
116 115 116 
117 116 117 
118 117 118 
119 118 119 
120 119 120 
121 120 121 
122 121 122 
123 122 123 
124 123 124 
125 124 125 
126 125 126 
127 126 127 
128 127 128 
129 128 129 
130 129 130 
131 130 131 
132 131 132 
133 132 133 
134 133 134 
135 134 135 
136 135 136 
137 136 137 
138 137 138 
139 138 139 
140 139 140 
141 140 141 
142 141 142 
143 142 143 
144 143 144 
145 144 145 
146 145 146 
147 146 147 
148 147 148 
149 148 149 
150 149 150 
151 150 151 
152 151 152 
153 152 153 
154 153 154 
155 154 155 
156 155 156 
157 156 157 
158 157 158 
159 158 159 
160 159 160 
161 160 3 
1 2 1 158
162 3 161 
163 161 162 
164 162 163 
165 163 164 
166 164 165 
167 165 166 
168 166 167 
169 167 168 
170 168 169 
171 169 170 
172 170 171 
173 171 172 
174 172 173 
175 173 174 
176 174 175 
177 175 176 
178 176 177 
179 177 178 
180 178 179 
181 179 180 
182 180 181 
183 181 182 
184 182 183 
185 183 184 
186 184 185 
187 185 186 
188 186 187 
189 187 188 
190 188 189 
191 189 190 
192 190 191 
193 191 192 
194 192 193 
195 193 194 
196 194 195 
197 195 196 
198 196 197 
199 197 198 
200 198 199 
201 199 200 
202 200 201 
203 201 202 
204 202 203 
205 203 204 
206 204 205 
207 205 206 
208 206 207 
209 207 208 
210 208 209 
211 209 210 
212 210 211 
213 211 212 
214 212 213 
215 213 214 
216 214 215 
217 215 216 
218 216 217 
219 217 218 
220 218 219 
221 219 220 
222 220 221 
223 221 222 
224 222 223 
225 223 224 
226 224 225 
227 225 226 
228 226 227 
229 227 228 
230 228 229 
231 229 230 
232 230 231 
233 231 232 
234 232 233 
235 233 234 
236 234 235 
237 235 236 
238 236 237 
239 237 238 
240 238 239 
241 239 240 
242 240 241 
243 241 242 
244 242 243 
245 243 244 
246 244 245 
247 245 246 
248 246 247 
249 247 248 
250 248 249 
251 249 250 
252 250 251 
253 251 252 
254 252 253 
255 253 254 
256 254 255 
257 255 256 
258 256 257 
259 257 258 
260 258 259 
261 259 260 
262 260 261 
263 261 262 
264 262 263 
265 263 264 
266 264 265 
267 265 266 
268 266 267 
269 267 268 
270 268 269 
271 269 270 
272 270 271 
273 271 272 
274 272 273 
275 273 274 
276 274 275 
277 275 276 
278 276 277 
279 277 278 
280 278 279 
281 279 280 
282 280 281 
283 281 282 
284 282 283 
285 283 284 
286 284 285 
287 285 286 
288 286 287 
289 287 288 
290 288 289 
291 289 290 
292 290 291 
293 291 292 
294 292 293 
295 293 294 
296 294 295 
297 295 296 
298 296 297 
299 297 298 
300 298 299 
301 299 300 
302 300 301 
303 301 302 
304 302 303 
305 303 304 
306 304 305 
307 305 306 
308 306 307 
309 307 308 
310 308 309 
311 309 310 
312 310 311 
313 311 312 
314 312 313 
315 313 314 
316 314 315 
317 315 316 
318 316 317 
319 317 2 
2 1 2 18484
320 43 5558 9367 
321 4357 4358 6155 
322 8 9 8228 
323 422 7446 9152 
324 43 44 5558 
325 7636 342 9389 
326 5542 394 5544 
327 55 407 5570 
328 9077 5459 9281 
329 432 5520 9160 
330 5460 403 9301 
331 5434 9192 9252 
332 7446 8793 9152 
333 6152 431 6155 
334 342 7636 8807 
335 431 6152 6154 
336 5478 9143 9162 
337 9143 417 9162 
338 6339 355 9396 
339 155 337 6310 
340 192 396 5541 
341 191 192 5541 
342 9095 5014 9125 
343 5552 436 8984 
344 7637 7636 9389 
345 6053 384 6295 
346 172 429 5557 
347 5528 406 9106 
348 6674 5517 9131 
349 5474 400 9112 
350 403 5460 9154 
351 9192 324 9252 
352 5544 394 9073 
353 386 8876 9092 
354 5539 9110 9186 
355 5520 432 9300 
356 102 103 6963 
357 5538 5539 9186 
358 5468 9071 9091 
359 436 7541 8984 
360 5468 9091 9310 
361 6340 6339 9396 
362 9063 5455 9161 
363 5432 9103 9257 
364 434 9077 9281 
365 54 55 5570 
366 5549 343 5550 
367 5469 9196 9258 
368 8715 385 9083 
369 390 5566 9180 
370 333 5548 7840 
371 5566 390 9230 
372 355 6339 6341 
373 403 9154 9256 
374 397 5553 9218 
375 9154 8467 9256 
376 5478 5475 9068 
377 9062 5432 9257 
378 6078 5532 9084 
379 332 5475 9061 
380 5478 9068 9143 
381 437 6148 6149 
382 171 172 5557 
383 5475 332 9068 
384 9061 6392 9088 
385 400 5474 9165 
386 7809 9102 9297 
387 7943 9127 9323 
388 332 9061 9088 
389 5562 335 5564 
390 341 7683 9067 
391 5515 9146 9199 
392 6078 9084 9235 
393 9102 387 9297 
394 27 327 5560 
395 279 280 5929 
396 9114 5464 9297 
397 8228 9 9155 
398 417 5525 9162 
399 7683 341 9287 
400 4358 6152 6155 
401 5006 4357 6155 
402 9127 7943 9148 
403 5465 5464 9114 
404 423 5466 9105 
405 5553 5452 9218 
406 321 6674 9131 
407 5525 417 9193 
408 420 89 6286 
409 9177 6149 9310 
410 5564 335 9075 
411 6295 384 9074 
412 386 5479 9189 
413 5479 386 9340 
414 8876 386 9189 
415 9196 348 9258 
416 408 5519 9236 
417 6341 4978 9209 
418 349 9177 9310 
419 5463 5575 9135 
420 6174 415 6175 
421 337 6309 6310 
422 354 279 5929 
423 362 43 9367 
424 154 155 6310 
425 434 5522 9077 
426 208 209 9070 
427 9251 228 9311 
428 5550 343 9325 
429 324 8 8228 
430 5466 423 9294 
431 5522 434 9190 
432 7115 9251 9311 
433 243 244 7465 
434 383 9142 9167 
435 89 90 6286 
436 320 5522 9190 
437 9142 6930 9167 
438 9125 5014 9271 
439 6392 383 9088 
440 26 27 5560 
441 383 6392 9142 
442 402 5847 7225 
443 5522 320 9244 
444 352 102 6963 
445 9221 8440 9308 
446 335 5562 9073 
447 5566 5564 9075 
448 342 8807 9072 
449 437 6149 9177 
450 5518 382 9227 
451 406 5528 9179 
452 416 9221 9308 
453 6133 440 9104 
454 336 9063 9161 
455 9118 5974 9365 
456 331 6294 9247 
457 6232 326 9123 
458 382 5518 9329 
459 328 185 9080 
460 6285 420 6286 
461 407 5569 5570 
462 6294 331 9365 
463 368 5556 7811 
464 5006 6155 9178 
465 374 7540 7541 
466 185 186 9080 
467 6254 9121 9239 
468 5566 9075 9180 
469 9126 5006 9178 
470 9135 5575 9305 
471 6175 368 7811 
472 5534 346 9111 
473 5562 5544 9073 
474 5540 7742 9286 
475 385 8715 9343 
476 5540 9286 9290 
477 425 6456 7463 
478 6963 103 9066 
479 442 5547 5548 
480 9146 356 9199 
481 357 5525 9193 
482 3 161 7748 
483 6071 9217 9321 
484 6346 389 6347 
485 5525 357 9225 
486 123 7521 9215 
487 5519 408 9280 
488 5473 350 9215 
489 9127 441 9323 
490 9091 349 9310 
491 333 7840 7841 
492 6455 7465 9368 
493 7114 445 9251 
494 5528 9106 9274 
495 6091 351 9163 
496 4135 4523 6341 
497 9216 5523 9323 
498 357 6807 9225 
499 7521 123 9366 
500 85 9250 9261 
501 353 3 7748 
502 350 5473 9355 
503 321 6241 6674 
504 5572 404 5574 
505 6807 357 9277 
506 19 5537 9248 
507 5014 9095 9200 
508 6456 425 7465 
509 6175 415 9273 
510 5847 402 9328 
511 5974 9118 9172 
512 9167 6930 9198 
513 9217 414 9321 
514 351 6091 9285 
515 5537 19 9344 
516 6930 6931 9198 
517 5536 339 9248 
518 9121 6254 9294 
519 221 9236 9260 
520 6347 389 6348 
521 5548 333 9265 
522 9211 4776 9223 
523 331 9118 9365 
524 316 317 9090 
525 5928 413 6156 
526 36 37 9072 
527 387 9114 9297 
528 5574 404 9072 
529 95 96 9073 
530 5455 5533 9161 
531 9270 6451 9291 
532 445 7114 9309 
533 374 7541 9268 
534 346 5534 9157 
535 441 9216 9323 
536 5557 429 9222 
537 5535 5460 9301 
538 31 5535 9301 
539 391 208 9070 
540 209 369 9070 
541 9131 5517 9388 
542 7514 9326 9354 
543 343 5549 5551 
544 7637 39 9212 
545 7513 7514 9354 
546 436 5552 9171 
547 339 5536 9330 
548 7465 322 9368 
549 372 7818 8236 
550 425 243 7465 
551 244 322 7465 
552 5578 398 9263 
553 5568 318 9140 
554 5535 31 9316 
555 369 7624 9070 
556 344 5577 5578 
557 444 9270 9291 
558 4978 6286 9209 
559 9098 5426 9115 
560 6232 9123 9173 
561 9176 7864 9234 
562 346 9157 9240 
563 4987 9089 9090 
564 5559 421 9288 
565 8793 381 9152 
566 7624 369 9069 
567 398 5578 9398 
568 5576 420 6285 
569 8807 5574 9072 
570 6455 6456 7465 
571 421 5559 9298 
572 8715 9083 9191 
573 9119 319 9166 
574 5547 442 5575 
575 9117 400 9165 
576 5986 9172 9224 
577 39 7637 9389 
578 9128 5472 9299 
579 9071 399 9091 
580 9250 5477 9261 
581 6241 321 9156 
582 5520 5521 9160 
583 384 6053 9332 
584 7731 373 9260 
585 253 9203 9245 
586 87 88 9078 
587 6339 4135 6341 
588 4523 4978 6341 
589 191 5541 9199 
590 5561 334 9124 
591 4997 9174 9213 
592 404 5572 9151 
593 381 8793 9243 
594 355 6341 9209 
595 9157 6304 9240 
596 5519 8362 9236 
597 6294 6295 9074 
598 6350 348 9196 
599 371 5538 9186 
600 6340 93 9219 
601 440 6133 9322 
602 5568 9140 9350 
603 9236 8362 9260 
604 5579 9117 9315 
605 9120 6173 9370 
606 8440 356 9146 
607 320 6154 9244 
608 5541 396 9377 
609 336 6071 9063 
610 5571 9211 9223 
611 9119 9166 9327 
612 6586 9097 9275 
613 9121 347 9239 
614 5538 371 9264 
615 5911 438 9100 
616 5572 5573 9151 
617 5541 5515 9199 
618 425 7463 9159 
619 7517 362 9367 
620 317 361 9090 
621 6962 9066 9187 
622 37 342 9072 
623 404 36 9072 
624 5459 5558 9281 
625 5434 5479 9192 
626 9195 7954 9253 
627 360 9127 9148 
628 9117 5579 9348 
629 394 95 9073 
630 96 335 9073 
631 344 5578 9263 
632 5560 327 9349 
633 393 5533 9324 
634 9079 328 9080 
635 9089 316 9090 
636 93 6340 9396 
637 294 5546 9258 
638 9117 9165 9315 
639 9092 8876 9302 
640 390 6384 9230 
641 6154 320 9312 
642 389 6346 9169 
643 370 7514 9307 
644 9070 7624 9400 
645 7624 5480 9400 
646 9089 4987 9395 
647 9133 7711 9300 
648 5426 9098 9283 
649 365 9176 9234 
650 5533 393 9384 
651 362 7517 9375 
652 7541 436 9268 
653 352 6384 9292 
654 5465 9114 9184 
655 5540 370 9307 
656 7514 370 9326 
657 329 9128 9299 
658 6384 352 9357 
659 5499 6241 9156 
660 370 5540 9290 
661 88 420 9078 
662 323 87 9078 
663 356 8440 9221 
664 6846 3850 9064 
665 6962 6963 9066 
666 9101 9318 9338 
667 442 5548 9265 
668 5546 294 9376 
669 9172 411 9224 
670 5546 5469 9258 
671 9101 340 9318 
672 6173 6305 9370 
673 348 6350 9295 
674 9207 5579 9315 
675 354 5929 9210 
676 6294 9074 9247 
677 7887 9158 9398 
678 7463 7464 9159 
679 6384 390 9292 
680 413 5928 9276 
681 421 7742 9288 
682 3850 6349 9064 
683 353 6078 9235 
684 6347 6348 6349 
685 5929 280 9276 
686 9137 6011 9362 
687 6349 3850 7470 
688 9174 378 9213 
689 5569 407 5571 
690 6350 6348 9295 
691 371 9093 9264 
692 6173 9120 9168 
693 6071 336 9217 
694 9203 6606 9245 
695 6148 437 9337 
696 8362 7731 9260 
697 7742 421 9286 
698 6309 337 9205 
699 6137 8228 9155 
700 9097 392 9275 
701 6347 6349 7470 
702 448 9096 9145 
703 9066 388 9187 
704 372 8236 9358 
705 9150 5016 9267 
706 446 447 9153 
707 5472 9128 9309 
708 6089 351 9285 
709 326 6232 9361 
710 7887 5527 9158 
711 9264 9093 9332 
712 6078 353 9353 
713 5470 6846 9064 
714 9086 381 9243 
715 6588 363 9356 
716 6089 5016 9150 
717 6286 90 9209 
718 423 9121 9294 
719 373 7731 9333 
720 5575 5463 7304 
721 5547 5575 7304 
722 9280 9109 9402 
723 9158 398 9398 
724 6931 359 9198 
725 358 9195 9253 
726 5577 344 5579 
727 6349 6348 6350 
728 6011 6010 9362 
729 5561 9124 9284 
730 9202 4121 9214 
731 5558 44 9281 
732 394 5542 9391 
733 7711 9133 9330 
734 9118 411 9172 
735 5499 9156 9228 
736 9295 6348 9390 
737 359 6931 9237 
738 5846 5847 9144 
739 6133 9104 9246 
740 7115 7114 9251 
741 9108 359 9237 
742 5556 368 9259 
743 9096 433 9145 
744 26 5560 9216 
745 5474 9112 9331 
746 368 6175 9273 
747 6011 9137 9183 
748 5582 452 5768 
749 5020 5582 5768 
750 241 9159 9164 
751 449 452 5582 
752 7748 161 9201 
753 4958 5580 5583 
754 2359 4958 5583 
755 2359 5583 5600 
756 5584 2359 5600 
757 456 453 5584 
758 4863 456 5584 
759 9057 3886 9058 
760 453 451 5584 
761 3098 2386 7007 
762 5585 3420 5587 
763 4863 5584 5600 
764 4178 3419 6923 
765 5239 5881 9054 
766 5239 5596 6592 
767 5022 3861 5590 
768 5596 5589 6592 
769 5589 3115 6592 
770 3115 5589 7007 
771 468 8682 9043 
772 4999 5594 5595 
773 3420 3098 7007 
774 2386 3115 7007 
775 3420 5585 6923 
776 5587 3420 7007 
777 5422 4164 5593 
778 465 468 5592 
779 5590 4178 6923 
780 3419 3420 6923 
781 5592 468 9043 
782 4999 5593 5594 
783 5422 5593 6050 
784 464 465 5592 
785 5022 5590 6923 
786 5590 3861 8932 
787 5596 5239 9054 
788 5422 6050 7012 
789 5591 464 5592 
790 5024 5590 8932 
791 6050 3047 7012 
792 5024 8932 9042 
793 464 5591 5598 
794 5092 5024 9042 
795 5092 9042 9043 
796 8682 5092 9043 
797 5593 4164 5594 
798 5599 4539 5962 
799 5599 5962 9041 
800 5962 2360 9041 
801 461 464 5598 
802 460 461 5598 
803 4539 5599 6859 
804 9048 5423 9051 
805 5598 5591 6859 
806 6859 4179 7542 
807 9052 1445 9056 
808 452 454 5768 
809 5599 5598 6859 
810 460 5598 5599 
811 9047 6528 9049 
812 4539 6859 7542 
813 5591 4179 6859 
814 8641 4536 9040 
815 5601 5028 5839 
816 5028 3753 5839 
817 5739 4922 9015 
818 5634 5635 6216 
819 4180 5634 6216 
820 5634 4180 5636 
821 4180 3413 5636 
822 4194 3746 9016 
823 4195 3752 9018 
824 3862 5605 6579 
825 5605 3862 7204 
826 5604 5605 7204 
827 2361 5604 7204 
828 5604 2361 5851 
829 2361 2045 5851 
830 5602 5840 5841 
831 6513 5618 8582 
832 5600 9057 9058 
833 6806 4200 8957 
834 6127 3864 8223 
835 8774 6573 9035 
836 1620 1562 6325 
837 8771 6495 9034 
838 3880 6580 8530 
839 1202 1201 9011 
840 8768 5043 9033 
841 8763 6056 9032 
842 1625 6511 6513 
843 6510 6511 7866 
844 6511 1625 7866 
845 1599 1643 7364 
846 5619 5620 7979 
847 6490 6492 8998 
848 1798 5619 7979 
849 8765 5410 9031 
850 5624 5623 8489 
851 3880 3018 6580 
852 8761 6471 9029 
853 5039 6158 7924 
854 1869 1766 8934 
855 1317 1319 8506 
856 3882 5032 5728 
857 1242 8882 8886 
858 5610 5622 7380 
859 5622 2838 7380 
860 5610 1571 5611 
861 5765 5025 6802 
862 5635 6876 8992 
863 1571 5610 7380 
864 2820 5820 7351 
865 2820 5607 5820 
866 5614 5611 7413 
867 1625 6513 8582 
868 5611 1571 7413 
869 4194 5765 6802 
870 5614 3303 5616 
871 3303 5614 7413 
872 3862 6579 6580 
873 5602 5841 7534 
874 1362 1364 6124 
875 1319 1322 5737 
876 1436 5625 5627 
877 5621 4118 5883 
878 4723 5621 5883 
879 8748 5859 9021 
880 8754 6192 9026 
881 5623 1358 8489 
882 7506 4574 7689 
883 8752 5055 9025 
884 1319 5737 8506 
885 1439 1472 5617 
886 1205 1154 6895 
887 3319 6537 7306 
888 6840 4189 7127 
889 3866 6122 6126 
890 5028 5601 7976 
891 3753 4697 5839 
892 2360 455 9041 
893 1308 1315 7200 
894 7168 5657 8680 
895 6117 7155 8673 
896 5602 5839 5840 
897 5089 5655 8664 
898 5084 7086 8660 
899 5656 6116 8668 
900 5029 7031 8657 
901 8746 6377 9019 
902 5654 5653 8650 
903 8743 6324 9012 
904 7036 7039 8647 
905 5682 5681 8829 
906 7034 7035 8645 
907 5386 6838 7837 
908 5103 5664 8644 
909 6838 3863 7837 
910 1494 9023 9024 
911 6123 1522 6125 
912 5603 3863 6833 
913 9003 4074 9005 
914 3863 5603 7837 
915 5995 7957 8888 
916 6126 6127 8223 
917 6833 3880 7361 
918 5603 6833 7361 
919 6687 5629 8655 
920 652 646 8309 
921 3018 3862 6580 
922 5632 4801 6359 
923 2424 5632 6359 
924 8731 6105 8997 
925 4722 7323 8863 
926 3319 6535 6537 
927 6292 6291 8427 
928 8535 6267 8833 
929 5127 5971 9020 
930 7361 3880 8530 
931 5051 6896 6897 
932 698 689 7118 
933 6690 2938 6693 
934 2045 1869 5851 
935 7271 2669 8797 
936 626 624 6695 
937 6690 6689 7851 
938 4870 5755 5756 
939 6657 6143 8633 
940 2938 6690 7851 
941 5616 3303 5617 
942 2033 5758 7868 
943 4870 4535 5755 
944 6689 1413 7851 
945 6687 1413 6689 
946 4797 6292 8427 
947 5046 5047 8890 
948 636 634 5670 
949 5127 8755 8758 
950 6216 5635 8992 
951 2971 5739 9015 
952 7155 476 8673 
953 5657 472 8680 
954 5653 496 8650 
955 7031 492 8657 
956 7086 488 8660 
957 5655 484 8664 
958 6116 480 8668 
959 7039 500 8647 
960 7035 504 8645 
961 6534 2499 6821 
962 5664 508 8644 
963 6143 512 8633 
964 3303 1439 5617 
965 5033 8869 8870 
966 8323 4411 8804 
967 8869 5050 8870 
968 5395 4684 8948 
969 3637 5606 7597 
970 3095 2237 5930 
971 5820 5306 7351 
972 4593 3882 5728 
973 1413 6687 8655 
974 5608 4593 5728 
975 5765 4194 9016 
976 923 5628 5671 
977 3132 2583 5987 
978 7523 2161 8717 
979 2938 626 6695 
980 5642 3132 5987 
981 6654 6656 8630 
982 6693 2938 6695 
983 1572 5613 5737 
984 5122 6653 8625 
985 1322 1572 5737 
986 1522 6123 6124 
987 1364 1522 6124 
988 5618 5617 8582 
989 1369 1367 7613 
990 5040 7199 8627 
991 5695 5694 8629 
992 6026 1369 7613 
993 1375 1369 6026 
994 5585 5022 6923 
995 5703 5702 8631 
996 2195 7454 8526 
997 1427 1377 8101 
998 5589 5587 7007 
999 5707 5706 8658 
1000 6284 4607 7434 
1001 1516 5658 7549 
1002 1503 1471 8272 
1003 6842 4858 8983 
1004 2233 2235 5828 
1005 4118 5621 7819 
1006 5797 4195 9018 
1007 4096 5630 5757 
1008 5026 6840 8497 
1009 6896 1155 6897 
1010 1438 1427 5941 
1011 5720 7052 8617 
1012 8755 490 8758 
1013 4990 4723 5883 
1014 5071 5072 8980 
1015 5941 1427 8101 
1016 5651 1335 5652 
1017 1758 5609 5903 
1018 5609 1758 5995 
1019 923 636 5670 
1020 5652 1335 6274 
1021 5983 5210 7610 
1022 7594 3593 8388 
1023 5682 1723 8626 
1024 887 7027 8809 
1025 5628 923 5670 
1026 1600 5665 7990 
1027 1520 1503 5855 
1028 4990 5883 5884 
1029 2090 7135 8453 
1030 5606 3637 7689 
1031 6719 6718 8978 
1032 5641 2893 6836 
1033 5643 6836 7370 
1034 1764 5663 5939 
1035 5643 3306 5644 
1036 6836 2893 7370 
1037 2625 1620 6325 
1038 3306 5643 7370 
1039 5646 5644 7345 
1040 5607 2820 6895 
1041 1562 1758 6325 
1042 5855 1503 8272 
1043 5065 6031 8950 
1044 5644 3306 7345 
1045 2893 5641 7454 
1046 3463 3835 5854 
1047 5646 2372 5648 
1048 4593 5608 7323 
1049 2372 5646 7345 
1050 5728 5032 7689 
1051 9013 5739 9014 
1052 5648 2372 7321 
1053 5708 1202 9011 
1054 1202 9013 9014 
1055 4188 3911 5757 
1056 5045 5719 8618 
1057 1643 1746 7364 
1058 5065 8733 8740 
1059 5613 1572 6840 
1060 7364 6510 7866 
1061 1599 7364 7866 
1062 1746 6514 7364 
1063 5148 6600 8607 
1064 3525 2635 6157 
1065 1436 5627 7200 
1066 3525 6157 7774 
1067 5620 6514 7979 
1068 1320 1318 6354 
1069 8423 1194 8832 
1070 6514 1746 7979 
1071 5758 5757 7868 
1072 5091 6003 6920 
1073 5039 6157 6158 
1074 4805 8258 8304 
1075 5052 6950 8599 
1076 6535 3319 8584 
1077 4805 5619 8258 
1078 4322 7594 8388 
1079 6308 5061 8812 
1080 795 794 5749 
1081 2090 5689 7179 
1082 5393 4695 8894 
1083 5003 6806 8957 
1084 5051 6897 8522 
1085 1764 5939 6969 
1086 5689 5441 7179 
1087 7454 5641 8526 
1088 1621 1619 6048 
1089 6234 3310 8842 
1090 6083 5177 8825 
1091 8304 5046 8344 
1092 5619 1798 8258 
1093 6759 8750 8923 
1094 5675 1621 6048 
1095 6122 6123 6126 
1096 6097 5647 8784 
1097 6808 8729 8732 
1098 646 5754 8309 
1099 5689 2090 8453 
1100 4805 8304 8344 
1101 6808 4860 8933 
1102 5681 5679 6993 
1103 5651 4436 6355 
1104 5679 2819 6993 
1105 6272 6271 8887 
1106 6656 516 8630 
1107 5066 5067 8927 
1108 5209 6020 8926 
1109 3637 7506 7689 
1110 5631 2819 5679 
1111 7469 2625 8871 
1112 4574 5728 7689 
1113 6653 520 8625 
1114 6534 6535 8584 
1115 6094 5264 7160 
1116 2820 1205 6895 
1117 1154 1155 6895 
1118 5649 3095 5829 
1119 6721 6722 8867 
1120 7199 524 8627 
1121 5177 5078 5829 
1122 6124 5624 8489 
1123 5623 5026 8497 
1124 5026 4189 6840 
1125 4535 5630 5755 
1126 8061 6359 8515 
1127 5633 1215 7459 
1128 1215 5633 7060 
1129 5694 528 8629 
1130 5613 6840 7127 
1131 5630 4096 5755 
1132 5685 5686 8769 
1133 5667 2862 6003 
1134 1436 1317 8506 
1135 5702 532 8631 
1136 7060 5633 7661 
1137 2722 7060 7661 
1138 6003 2862 6920 
1139 5420 8641 9040 
1140 1315 1436 7200 
1141 5734 5733 7480 
1142 5733 556 7480 
1143 6732 5736 7618 
1144 3310 1308 7200 
1145 1723 5682 8829 
1146 3311 5734 7480 
1147 5734 3311 5736 
1148 5637 2722 7661 
1149 4342 6099 6195 
1150 2722 5637 7027 
1151 4187 5244 5671 
1152 5736 3311 7618 
1153 3866 6126 8223 
1154 7244 7245 8773 
1155 5401 4771 8920 
1156 5706 536 8658 
1157 5851 1869 8934 
1158 8733 518 8740 
1159 2387 3551 6236 
1160 6236 3551 7025 
1161 810 5747 5748 
1162 1362 6124 8489 
1163 6101 6102 8554 
1164 2865 3650 5687 
1165 1358 5623 8497 
1166 7052 540 8617 
1167 7322 6100 8347 
1168 1330 6731 6732 
1169 1330 6732 7618 
1170 5674 6731 7675 
1171 3911 4096 5757 
1172 5042 8061 8515 
1173 6731 1330 7675 
1174 6485 5068 8786 
1175 2625 6325 8871 
1176 2904 5674 7675 
1177 5674 2904 7227 
1178 4439 8381 8810 
1179 5625 1436 8506 
1180 7227 2904 7688 
1181 6400 6396 8878 
1182 5719 544 8618 
1183 5760 3108 7570 
1184 5057 5760 7570 
1185 5829 3095 5930 
1186 6600 548 8607 
1187 4271 6263 6726 
1188 8729 530 8732 
1189 5673 3108 5760 
1190 6726 986 8207 
1191 6950 552 8599 
1192 6895 1155 6896 
1193 3903 3664 7626 
1194 5713 5059 8149 
1195 4271 6726 8207 
1196 3405 6095 7719 
1197 6299 1273 8794 
1198 3771 3033 5850 
1199 5698 3105 5700 
1200 4240 5698 5700 
1201 5648 7321 7677 
1202 4915 5218 8843 
1203 5628 4187 5671 
1204 7089 1165 8815 
1205 5676 5058 7093 
1206 7276 6413 8995 
1207 1391 5713 8149 
1208 689 680 7118 
1209 6993 698 7118 
1210 2422 6165 7386 
1211 5638 2423 8419 
1212 5714 1336 6819 
1213 1723 652 8309 
1214 2819 5631 6552 
1215 5836 6821 7193 
1216 5060 7227 7688 
1217 5797 7340 9017 
1218 4701 6490 8998 
1219 6097 5652 6274 
1220 2237 2239 5930 
1221 8534 5830 8817 
1222 2499 6534 8584 
1223 5690 922 5852 
1224 5714 5715 7947 
1225 1405 1346 9006 
1226 5060 5677 7227 
1227 2235 3095 5828 
1228 1336 5714 7947 
1229 3095 5649 5828 
1230 922 600 5852 
1231 1215 6552 7459 
1232 5220 5701 7858 
1233 3654 5683 5685 
1234 5078 5649 5829 
1235 2583 2998 5987 
1236 5617 1472 8582 
1237 5827 1047 7395 
1238 7815 5288 7898 
1239 5894 6190 8437 
1240 1065 1063 6820 
1241 5062 5827 7395 
1242 5397 7378 8745 
1243 604 608 8628 
1244 2714 2716 6531 
1245 5808 1555 5810 
1246 5683 3654 5776 
1247 8297 7232 8808 
1248 5692 1651 5896 
1249 1071 1069 6441 
1250 5456 4176 5845 
1251 8996 4900 8999 
1252 5810 1555 5815 
1253 1027 1030 6189 
1254 5632 2424 8423 
1255 5265 5688 6095 
1256 2987 8726 8908 
1257 5776 3900 5796 
1258 6292 4797 8438 
1259 4188 5757 5758 
1260 6291 2423 8427 
1261 8638 4222 8860 
1262 1651 612 5896 
1263 3864 6127 8861 
1264 3900 5286 5796 
1265 5845 4176 5849 
1266 3107 5724 5726 
1267 1764 1520 5855 
1268 4204 5662 5939 
1269 9009 5387 9010 
1270 5662 4204 5854 
1271 2150 2191 6789 
1272 5301 5784 8604 
1273 5663 1764 5855 
1274 5456 5845 5846 
1275 6102 4803 8554 
1276 4204 3463 5854 
1277 4410 7093 8594 
1278 3107 5726 7762 
1279 5640 3242 8638 
1280 3132 5642 6284 
1281 5726 5740 7762 
1282 5661 1473 6083 
1283 4882 3735 8648 
1284 3735 3242 8643 
1285 8720 3231 8898 
1286 4882 8648 8654 
1287 3735 8643 8648 
1288 1018 1020 6312 
1289 5740 1337 7762 
1290 810 795 5749 
1291 616 621 8620 
1292 1600 1438 5941 
1293 4609 6284 8171 
1294 1335 5651 6354 
1295 6359 4801 8515 
1296 7039 5654 8650 
1297 1516 1375 6026 
1298 5665 1600 5941 
1299 1337 5740 5742 
1300 5841 5840 5842 
1301 5837 6531 6532 
1302 4436 4437 6355 
1303 5658 1516 6026 
1304 5837 6532 6821 
1305 2423 5638 8427 
1306 7155 7168 8680 
1307 7031 5084 8660 
1308 805 797 6444 
1309 2669 6355 8797 
1310 1420 5983 7610 
1311 5653 5029 8657 
1312 1473 5661 7613 
1313 6532 6534 6821 
1314 7086 5089 8664 
1315 1367 1473 7613 
1316 5783 5710 7619 
1317 5759 4877 6722 
1318 1723 8309 8626 
1319 5655 5656 8668 
1320 3729 5759 6722 
1321 2030 5783 7619 
1322 7027 5637 8809 
1323 5671 5672 5754 
1324 5657 5092 8682 
1325 3132 6284 7434 
1326 7035 7036 8647 
1327 6116 6117 8673 
1328 5664 7034 8645 
1329 2898 5710 6790 
1330 5710 2898 7619 
1331 922 8166 8446 
1332 5177 5829 5830 
1333 4783 5777 5780 
1334 3105 5698 5701 
1335 6761 4780 8852 
1336 4609 4607 6284 
1337 6143 5103 8644 
1338 1079 1077 6518 
1339 5777 4072 5780 
1340 1420 5668 5983 
1341 5668 1420 6069 
1342 6790 5717 7681 
1343 1079 6518 7857 
1344 2898 6790 7681 
1345 981 7074 8703 
1346 5666 1894 8707 
1347 5983 4609 8171 
1348 2726 6697 8693 
1349 1894 5666 8706 
1350 2862 5667 6789 
1351 1377 1516 8101 
1352 2726 8693 8695 
1353 8705 1894 8706 
1354 6921 6922 8263 
1355 5100 7074 8704 
1356 5100 8704 8705 
1357 6694 6695 8698 
1358 8700 981 8703 
1359 1081 1079 7857 
1360 1516 7549 8101 
1361 8695 6694 8698 
1362 2031 5717 6543 
1363 600 604 5852 
1364 810 5748 6444 
1365 5717 2031 7681 
1366 922 5690 8166 
1367 5939 5662 6969 
1368 4234 5081 8551 
1369 5629 5670 8655 
1370 2494 2496 6735 
1371 6095 5688 7719 
1372 5609 5995 8888 
1373 5639 5638 8419 
1374 7556 6159 8699 
1375 3565 5767 7065 
1376 5722 2434 5723 
1377 1619 1765 6048 
1378 7377 5088 8856 
1379 6543 5732 7750 
1380 5828 5650 8382 
1381 5878 1405 9006 
1382 5650 8381 8382 
1383 1471 1600 8272 
1384 2031 6543 7750 
1385 5816 5242 8115 
1386 5210 5983 8171 
1387 5669 6069 6299 
1388 5830 5930 8817 
1389 5669 5668 6069 
1390 5711 3893 5721 
1391 2669 1320 6354 
1392 6922 2419 8263 
1393 5075 5074 8354 
1394 5758 2033 8535 
1395 3108 5673 6951 
1396 1318 1335 6354 
1397 5738 2149 6789 
1398 4115 5020 5768 
1399 5767 4528 7065 
1400 5850 7523 8717 
1401 1621 5675 6094 
1402 2926 5732 6406 
1403 1600 7990 8272 
1404 3552 5787 5788 
1405 2945 5750 5940 
1406 5732 2926 7750 
1407 3116 5761 5763 
1408 5079 6538 8330 
1409 4528 6880 7065 
1410 3650 3654 5687 
1411 2700 2945 5940 
1412 6473 1146 8363 
1413 478 8763 9032 
1414 2258 2261 6951 
1415 8882 6158 8886 
1416 646 638 5754 
1417 1651 5692 7645 
1418 5758 8535 8833 
1419 1146 6538 8352 
1420 470 8771 9034 
1421 6473 8363 8371 
1422 5037 5854 8345 
1423 5678 1892 8297 
1424 5058 5676 7094 
1425 466 8774 9035 
1426 5701 5698 7858 
1427 6406 5753 7861 
1428 8410 5639 8419 
1429 1146 8352 8363 
1430 5677 5060 7228 
1431 5749 8323 8804 
1432 5671 5244 5672 
1433 612 616 5896 
1434 3593 5037 8388 
1435 7093 5058 8594 
1436 2233 5828 8382 
1437 474 8768 9033 
1438 2926 6406 7861 
1439 6580 6579 6581 
1440 5037 8345 8388 
1441 5749 794 8323 
1442 4948 5718 8834 
1443 8317 5079 8330 
1444 6189 1034 8636 
1445 1085 1083 7120 
1446 6235 3881 6236 
1447 1029 5785 8407 
1448 5681 7118 8829 
1449 5652 6097 8784 
1450 3881 2387 6236 
1451 3242 5640 8643 
1452 1621 6094 7160 
1453 506 8748 9021 
1454 1555 5808 7228 
1455 8707 6804 8858 
1456 6552 5631 7459 
1457 5753 2032 7861 
1458 2032 5753 6288 
1459 3106 7963 8441 
1460 5854 3835 8345 
1461 4074 7534 9005 
1462 5784 3509 8604 
1463 7378 5397 8750 
1464 7135 7594 8453 
1465 486 8761 9029 
1466 482 8765 9031 
1467 3485 3483 8676 
1468 1338 5771 5773 
1469 6538 5079 8352 
1470 5786 4374 5793 
1471 3921 5786 5793 
1472 3865 3864 8861 
1473 5688 5265 6094 
1474 7323 5608 8863 
1475 1892 8317 8330 
1476 2252 2255 7094 
1477 5265 5264 6094 
1478 1892 5678 8317 
1479 4667 5752 5853 
1480 704 702 6552 
1481 4870 5756 9036 
1482 6920 2195 8526 
1483 8619 1164 8642 
1484 5752 2432 5853 
1485 6517 6516 8624 
1486 496 5653 8657 
1487 4342 5796 6099 
1488 492 7031 8660 
1489 6354 5651 6355 
1490 5747 810 5749 
1491 488 7086 8664 
1492 2838 5622 8798 
1493 6288 5770 7883 
1494 3666 6264 7626 
1495 6099 1034 6195 
1496 484 5655 8668 
1497 500 7039 8650 
1498 2032 6288 7883 
1499 504 7035 8647 
1500 1089 1087 7263 
1501 3908 6308 8812 
1502 6634 6642 8739 
1503 508 5664 8645 
1504 498 8754 9026 
1505 8181 6264 8193 
1506 480 6116 8673 
1507 476 7155 8680 
1508 5686 7500 8769 
1509 512 6143 8644 
1510 472 5657 8682 
1511 6187 8067 8521 
1512 1014 1016 6571 
1513 4236 4667 5853 
1514 6682 2503 8538 
1515 502 8752 9025 
1516 1022 1025 6224 
1517 5390 4876 8831 
1518 6141 1515 8681 
1519 6819 1336 6820 
1520 7594 4322 8453 
1521 5262 8181 8193 
1522 3323 5789 5791 
1523 5837 5835 6530 
1524 4363 6072 8518 
1525 6263 4271 7626 
1526 6190 1412 8437 
1527 7963 6095 8441 
1528 5835 3128 6530 
1529 5852 604 8628 
1530 1034 6099 8636 
1531 6491 9003 9005 
1532 6125 1522 7349 
1533 6656 6657 8633 
1534 5770 2937 7883 
1535 2937 5770 6290 
1536 6653 6654 8630 
1537 5729 3128 5835 
1538 3128 5729 5932 
1539 8166 5816 8446 
1540 4176 3771 5850 
1541 8189 4371 8675 
1542 6100 5701 8347 
1543 8344 5046 8890 
1544 6123 6125 6126 
1545 580 584 7228 
1546 7199 5122 8625 
1547 4240 5700 6165 
1548 5699 3106 7556 
1549 4670 4005 5894 
1550 5754 5672 8309 
1551 7125 1762 7230 
1552 8693 6694 8695 
1553 5778 7125 7230 
1554 4329 4328 8492 
1555 5694 5040 8627 
1556 5358 4826 8018 
1557 7245 4850 8773 
1558 5670 634 8655 
1559 6697 2726 8700 
1560 3664 3666 7626 
1561 4225 3941 5890 
1562 3320 5778 7230 
1563 7074 981 8704 
1564 6697 8700 8703 
1565 5100 8705 8706 
1566 5718 4573 8834 
1567 7939 5358 8018 
1568 3893 5711 6072 
1569 6695 624 8698 
1570 1093 1091 7206 
1571 5702 5695 8629 
1572 5769 4225 5890 
1573 4271 3903 7626 
1574 4224 5892 5894 
1575 1336 1065 6820 
1576 5059 6820 8149 
1577 5778 3320 5779 
1578 3533 6602 8528 
1579 5706 5703 8631 
1580 7025 3551 8347 
1581 6165 5700 7386 
1582 5779 3320 7159 
1583 3106 5699 7963 
1584 5850 3033 7523 
1585 3947 5096 5942 
1586 3944 6785 8232 
1587 5712 4241 6165 
1588 6821 2499 7193 
1589 3551 7322 8347 
1590 1339 5801 5804 
1591 6290 5818 7932 
1592 4757 8566 8568 
1593 6264 3666 8193 
1594 7052 5707 8658 
1595 1797 3520 5871 
1596 3654 5685 5687 
1597 5942 5096 6987 
1598 5750 2945 7574 
1599 2422 5712 6165 
1600 2698 2700 5940 
1601 2937 6290 7932 
1602 4225 5769 5891 
1603 1099 1095 8052 
1604 5616 5617 5618 
1605 514 8743 9012 
1606 3941 5169 5890 
1607 5709 4202 8556 
1608 4241 5712 7815 
1609 8798 5622 8861 
1610 3652 3900 5776 
1611 5896 616 8620 
1612 2865 5687 8327 
1613 6127 8798 8861 
1614 5836 5837 6821 
1615 510 8746 9019 
1616 4364 6884 8198 
1617 5091 6920 8526 
1618 3654 3652 5776 
1619 4241 7815 7898 
1620 5715 6441 7947 
1621 2716 3895 6531 
1622 2458 2506 6019 
1623 2129 6145 8482 
1624 6530 2714 6531 
1625 986 4364 8207 
1626 5074 7271 8797 
1627 2048 6485 8786 
1628 2506 5814 6019 
1629 2434 5722 6224 
1630 3107 1071 6441 
1631 5051 5049 6896 
1632 1030 1034 6189 
1633 6425 6427 8578 
1634 5083 5876 8332 
1635 5724 3107 6441 
1636 2434 1027 6189 
1637 5234 6784 8289 
1638 5785 1029 6224 
1639 2161 7179 8717 
1640 8841 7026 8899 
1641 5719 5720 8617 
1642 638 923 5754 
1643 5355 6884 8189 
1644 2694 2698 8557 
1645 4329 5910 6351 
1646 5334 6001 8516 
1647 6479 6474 8541 
1648 2191 2862 6789 
1649 5818 2034 7932 
1650 6600 5045 8618 
1651 5289 5288 7815 
1652 5910 5911 6351 
1653 1193 6041 8168 
1654 5956 2503 6734 
1655 3578 5952 6278 
1656 5081 5956 6734 
1657 4364 8198 8207 
1658 2984 8836 8837 
1659 6553 1815 7215 
1660 5813 6553 7215 
1661 8410 1176 8828 
1662 5206 5428 8559 
1663 5063 5683 5776 
1664 6950 5148 8607 
1665 2034 5818 6353 
1666 2149 2150 6789 
1667 7084 5779 7159 
1668 5838 3008 8042 
1669 6441 1069 7947 
1670 526 8731 8997 
1671 5205 5838 8042 
1672 1020 1029 6312 
1673 6922 8126 8182 
1674 5731 5289 7815 
1675 5733 5052 8599 
1676 5097 6608 8507 
1677 3552 5788 6571 
1678 5063 5776 5796 
1679 3552 1018 6312 
1680 3157 5813 7215 
1681 1337 5742 6518 
1682 5289 5731 8126 
1683 6820 1063 8149 
1684 5341 6562 8539 
1685 923 5671 5754 
1686 5632 8423 8832 
1687 1384 5821 5824 
1688 5757 5630 7868 
1689 2397 6072 6197 
1690 5813 3157 5954 
1691 2845 805 6444 
1692 4922 6802 9015 
1693 5965 1099 8052 
1694 6102 8562 8564 
1695 797 810 6444 
1696 2432 5752 6145 
1697 5810 5816 8115 
1698 3455 6084 6886 
1699 5954 3157 7274 
1700 1077 1337 6518 
1701 3455 3451 6084 
1702 5701 5220 8347 
1703 3304 7202 7323 
1704 8709 564 8866 
1705 5808 5677 7228 
1706 5848 5163 8035 
1707 8126 5731 8182 
1708 4005 4224 5894 
1709 6609 6014 8493 
1710 6679 5967 7402 
1711 5282 6477 6479 
1712 2403 5848 8035 
1713 6785 6784 8232 
1714 6884 5355 8198 
1715 3310 7200 8842 
1716 4516 1446 5881 
1717 6478 6477 8037 
1718 5729 5080 5932 
1719 3881 6235 8818 
1720 5934 2023 7998 
1721 2034 6353 7907 
1722 4224 5890 5892 
1723 6075 5164 8513 
1724 6312 1029 8407 
1725 1103 1099 5965 
1726 2496 2509 6735 
1727 6353 5860 7907 
1728 1555 588 5815 
1729 6734 2494 6735 
1730 3175 6478 8037 
1731 588 592 5815 
1732 6796 3122 8019 
1733 6095 3405 8441 
1734 3877 5944 5948 
1735 6280 8610 8718 
1736 5968 5967 6679 
1737 5876 3917 8332 
1738 6649 6648 8301 
1739 2638 5968 6679 
1740 3116 1081 7857 
1741 5798 3920 7737 
1742 5944 4770 5948 
1743 7084 4332 8420 
1744 5661 6083 8825 
1745 3116 5763 7120 
1746 5056 5857 5859 
1747 516 6656 8633 
1748 5862 5950 8553 
1749 5894 5892 6190 
1750 3920 5798 5870 
1751 4411 5760 8804 
1752 5793 4374 8159 
1753 6777 1895 8637 
1754 5669 6299 8794 
1755 7574 2945 8127 
1756 5687 5685 8769 
1757 2261 3108 6951 
1758 5615 5616 8428 
1759 4516 5881 5888 
1760 6844 4362 8532 
1761 4202 5709 8566 
1762 8281 5767 8295 
1763 520 6653 8630 
1764 6784 6782 8289 
1765 2257 2258 6951 
1766 2638 6526 7885 
1767 5857 5056 7647 
1768 5968 2638 7885 
1769 5916 5918 8262 
1770 5093 5857 7647 
1771 194 195 340 
1772 8566 5709 8568 
1773 1694 1699 6138 
1774 2398 6101 8554 
1775 4803 6102 8564 
1776 524 7199 8625 
1777 1156 1206 6781 
1778 2624 3469 5895 
1779 1083 3116 7120 
1780 6477 5282 8037 
1781 1160 1143 6746 
1782 6041 6040 8168 
1783 1688 1694 7763 
1784 6188 5159 8120 
1785 2130 2133 6145 
1786 6583 6582 8502 
1787 2947 5843 5960 
1788 4504 5954 7274 
1789 5761 3116 7857 
1790 5860 2907 7907 
1791 1694 6138 7763 
1792 5843 4269 5960 
1793 5795 4538 5942 
1794 5767 3565 8295 
1795 4538 5795 6008 
1796 3746 3748 9016 
1797 2197 6188 8120 
1798 5096 6014 6987 
1799 1338 1085 7120 
1800 528 5694 8627 
1801 314 315 414 
1802 5893 8642 8757 
1803 5681 6993 7118 
1804 5777 4783 6141 
1805 2419 6922 8182 
1806 1338 5773 7263 
1807 5903 8435 8871 
1808 5910 4329 8492 
1809 8381 5650 8810 
1810 96 97 335 
1811 5759 3729 8281 
1812 8764 1152 8767 
1813 5781 2263 8285 
1814 966 5834 6213 
1815 679 688 5951 
1816 5796 5286 6099 
1817 4538 3947 5942 
1818 633 635 8287 
1819 3040 4115 5768 
1820 5781 6921 8263 
1821 1052 2973 8770 
1822 5864 1696 5865 
1823 5299 6517 8624 
1824 8240 6223 8280 
1825 532 5702 8629 
1826 4076 5782 8560 
1827 2255 5058 7094 
1828 4908 5877 7641 
1829 1896 5918 5920 
1830 769 785 6096 
1831 702 2819 6552 
1832 5759 8281 8295 
1833 3681 6581 6940 
1834 5771 1338 7120 
1835 5872 1724 5874 
1836 4670 5894 8437 
1837 4173 5972 5973 
1838 6581 6579 6940 
1839 2251 2252 7094 
1840 3733 3980 5885 
1841 5954 4504 5955 
1842 1215 704 6552 
1843 536 5706 8631 
1844 5242 5816 8166 
1845 5839 4697 5840 
1846 3893 2398 8543 
1847 2907 5860 6429 
1848 2818 5957 5958 
1849 629 631 5923 
1850 5081 6735 8551 
1851 4173 5973 5986 
1852 4642 6796 8019 
1853 1087 1338 7263 
1854 2503 5956 8538 
1855 8465 2960 8476 
1856 5952 5951 6278 
1857 5972 4698 5976 
1858 214 215 345 
1859 2460 2458 6019 
1860 1684 1686 7131 
1861 5932 5080 8127 
1862 5723 2434 6189 
1863 5441 5439 5849 
1864 4338 4908 7641 
1865 5667 5738 6789 
1866 5821 1384 5965 
1867 4076 5367 8574 
1868 3323 5791 7206 
1869 5787 3552 6312 
1870 8820 7922 8925 
1871 657 681 5998 
1872 5439 5845 5849 
1873 4173 4698 5972 
1874 2149 5738 8562 
1875 4487 6210 8340 
1876 3323 1089 7263 
1877 6108 2189 8026 
1878 1025 2434 6224 
1879 3493 3491 5925 
1880 1016 3552 6571 
1881 1029 1022 6224 
1882 1896 5920 5922 
1883 1217 8240 8280 
1884 639 5912 5914 
1885 1024 1014 6571 
1886 5201 6108 8026 
1887 645 651 8358 
1888 8501 4721 8508 
1889 8574 5367 8579 
1890 5984 4402 6745 
1891 2731 5887 7172 
1892 681 5861 5998 
1893 157 158 419 
1894 5789 3323 7263 
1895 5887 2731 7142 
1896 6502 6501 8191 
1897 5898 4648 6343 
1898 849 5898 6343 
1899 3173 6649 8301 
1900 4099 5397 8745 
1901 3520 3920 5871 
1902 8266 7295 8549 
1903 2907 6429 7903 
1904 6642 5384 8739 
1905 4642 6795 6796 
1906 2125 6472 8469 
1907 4016 4406 6277 
1908 5895 5934 7998 
1909 5811 2839 8312 
1910 5918 1896 8262 
1911 35 36 404 
1912 7133 7172 7940 
1913 5843 2947 7342 
1914 4636 5897 6202 
1915 6744 5826 6745 
1916 6844 8004 8012 
1917 4269 4267 5960 
1918 6223 2850 8280 
1919 635 637 5938 
1920 7939 676 8741 
1921 7172 5887 7940 
1922 5060 580 7228 
1923 5699 7556 8699 
1924 4267 3984 5961 
1925 5817 6680 7671 
1926 809 819 5879 
1927 6795 4642 6797 
1928 5814 2506 6160 
1929 5800 5799 8046 
1930 6642 887 8809 
1931 637 1383 5938 
1932 3905 6142 6657 
1933 584 1555 7228 
1934 5960 4267 5961 
1935 8543 2398 8554 
1936 5817 1556 7009 
1937 8684 2977 8917 
1938 3752 5028 9018 
1939 6897 1155 8504 
1940 150 151 364 
1941 1091 3323 7206 
1942 544 5719 8617 
1943 5226 6040 6244 
1944 5826 5984 6745 
1945 5800 8046 8064 
1946 2263 5781 8263 
1947 2702 2706 8127 
1948 631 639 5923 
1949 6429 5937 7903 
1950 8562 5738 8564 
1951 2850 6223 8316 
1952 2181 5799 8012 
1953 6602 5337 8528 
1954 5678 8297 8808 
1955 1383 5856 5938 
1956 6680 2905 7671 
1957 8634 5395 8948 
1958 5777 6141 8681 
1959 8608 6481 8611 
1960 5801 1339 7206 
1961 6472 5347 8469 
1962 1384 5824 6746 
1963 966 6213 7108 
1964 6142 6143 6657 
1965 5080 7574 8127 
1966 8004 2181 8012 
1967 639 5914 5923 
1968 3558 5831 7423 
1969 1339 1093 7206 
1970 5831 3558 5967 
1971 690 2622 8206 
1972 4200 6838 8957 
1973 3905 3455 7872 
1974 79 80 437 
1975 552 6950 8607 
1976 548 6600 8618 
1977 734 8608 8611 
1978 2698 5940 8557 
1979 1894 582 8707 
1980 5882 1722 5886 
1981 8742 6721 8867 
1982 5893 8619 8642 
1983 7074 4839 8703 
1984 5799 2181 8046 
1985 4816 5369 8776 
1986 4491 5882 5886 
1987 5786 3921 8220 
1988 540 7052 8658 
1989 6161 2608 8387 
1990 1556 5817 7671 
1991 4195 5797 9017 
1992 5831 6160 7423 
1993 5819 4823 8665 
1994 5666 4845 8706 
1995 556 5733 8599 
1996 5856 1383 7829 
1997 4391 5901 6118 
1998 2839 5811 8300 
1999 5812 1164 8619 
2000 5967 3558 7402 
2001 3946 4636 6202 
2002 4547 5906 7117 
2003 4391 6118 6939 
2004 8383 7089 8815 
2005 6142 3905 7872 
2006 7930 5833 7969 
2007 3709 8369 8373 
2008 4242 3924 5888 
2009 1384 1103 5965 
2010 65 66 409 
2011 5906 4972 7117 
2012 6040 5226 8168 
2013 7915 4761 7959 
2014 5819 2914 8683 
2015 8067 5871 8521 
2016 5329 5946 6551 
2017 6852 5819 8665 
2018 6697 6696 8693 
2019 2822 7096 8099 
2020 7339 8823 8892 
2021 5926 3806 6240 
2022 6712 6715 7933 
2023 5946 2622 6551 
2024 5927 5926 6240 
2025 7534 5841 9005 
2026 4340 5899 6816 
2027 4759 6565 8366 
2028 5049 5607 6896 
2029 716 714 6641 
2030 635 5938 8287 
2031 6190 5893 8757 
2032 2423 1183 8419 
2033 5908 5117 6713 
2034 5955 4504 6971 
2035 5832 2269 8329 
2036 2397 3893 6072 
2037 4261 5908 6713 
2038 3180 6502 8191 
2039 6106 6015 8581 
2040 5863 5107 7128 
2041 3640 7930 7969 
2042 1339 5804 8052 
2043 1797 5871 8067 
2044 81 82 381 
2045 4761 4690 7959 
2046 1044 1047 8690 
2047 4923 8854 8955 
2048 5842 5840 9022 
2049 1095 1339 8052 
2050 8366 6565 8369 
2051 5827 8687 8690 
2052 7125 4759 8361 
2053 4491 5886 5936 
2054 5779 7084 8420 
2055 5826 6744 6746 
2056 1047 5827 8690 
2057 651 657 5998 
2058 6246 7009 7634 
2059 6001 2470 8516 
2060 8683 2914 8687 
2061 8316 6041 8396 
2062 4492 7097 7210 
2063 5890 5169 5892 
2064 3455 6886 7872 
2065 5874 1724 5879 
2066 5820 5050 8869 
2067 3491 4306 5925 
2068 5616 5618 8428 
2069 5606 5033 8870 
2070 3417 2678 5953 
2071 7009 1556 7634 
2072 3806 5926 7740 
2073 131 132 351 
2074 5318 6730 8409 
2075 7097 7098 7210 
2076 121 122 350 
2077 3451 3929 6084 
2078 5833 1477 7896 
2079 3499 3806 7740 
2080 7395 1152 8764 
2081 5904 1752 6002 
2082 5844 3929 6180 
2083 958 965 6992 
2084 184 185 328 
2085 6037 3502 6038 
2086 5834 966 6992 
2087 5891 5769 7277 
2088 7098 4490 7210 
2089 6246 2894 7289 
2090 8361 4759 8366 
2091 2818 5958 6781 
2092 5780 4072 8465 
2093 4717 6210 6212 
2094 2812 5909 6992 
2095 5780 8465 8476 
2096 3929 5844 6084 
2097 5032 5606 7689 
2098 309 310 393 
2099 6180 5869 7438 
2100 5875 4306 6002 
2101 4306 5875 5925 
2102 4489 7129 8338 
2103 5119 7071 8229 
2104 6160 2506 7423 
2105 6608 2466 8507 
2106 5977 5976 8264 
2107 1722 5882 7290 
2108 3242 3240 8638 
2109 6041 1193 8396 
2110 3393 3072 6135 
2111 5881 4242 5888 
2112 2894 6246 7634 
2113 8285 2263 8300 
2114 2622 5946 8206 
2115 6784 5234 8232 
2116 2269 5832 8324 
2117 5861 681 5950 
2118 2850 8316 8396 
2119 7202 4593 7323 
2120 1477 5833 7930 
2121 6203 5152 8225 
2122 307 308 357 
2123 5794 5793 8159 
2124 6134 6136 6137 
2125 8755 5127 9020 
2126 5830 5829 5930 
2127 618 625 5922 
2128 6072 4363 6197 
2129 6480 6481 8601 
2130 3469 4225 5895 
2131 6132 3393 6135 
2132 5873 7289 7665 
2133 1163 6782 6783 
2134 40 41 410 
2135 8329 2269 8331 
2136 5094 6139 6183 
2137 108 109 426 
2138 7289 2894 7665 
2139 5811 8285 8300 
2140 6213 6212 7108 
2141 4717 6212 6213 
2142 7984 3485 8676 
2143 5844 6180 7438 
2144 6710 4490 7098 
2145 1544 1546 5970 
2146 6040 6038 6244 
2147 24 25 441 
2148 3917 5876 8202 
2149 278 279 354 
2150 2057 1949 6024 
2151 6014 5096 8493 
2152 7896 1477 8183 
2153 5937 2035 7903 
2154 4722 3304 7323 
2155 1724 809 5879 
2156 5783 8501 8508 
2157 5392 8841 8899 
2158 729 7071 7072 
2159 5869 1710 7438 
2160 6714 7896 8183 
2161 1542 1544 8055 
2162 1710 5869 6138 
2163 2678 2682 5953 
2164 8936 1470 8938 
2165 145 146 330 
2166 6553 5142 8328 
2167 4228 6003 6004 
2168 5907 4318 5999 
2169 5900 2682 5999 
2170 8504 2842 8691 
2171 147 148 433 
2172 5810 5815 5816 
2173 8137 5794 8159 
2174 6096 5873 7666 
2175 5842 9022 9024 
2176 5783 2030 8501 
2177 5848 2403 7684 
2178 6484 3599 8274 
2179 6108 5205 8042 
2180 2682 5900 5953 
2181 1699 1710 6138 
2182 6466 6465 8606 
2183 1724 5872 6096 
2184 118 119 402 
2185 8942 1511 8943 
2186 5957 5889 5958 
2187 6210 4717 8340 
2188 5853 4363 8518 
2189 211 212 424 
2190 8369 6565 8373 
2191 1766 2625 8934 
2192 5949 2147 7496 
2193 6277 6161 8387 
2194 5951 688 6278 
2195 5101 6795 6797 
2196 5152 3502 6037 
2197 1143 1384 6746 
2198 162 163 385 
2199 5885 3980 6139 
2200 6715 921 7933 
2201 2035 5937 6787 
2202 1676 1680 8086 
2203 2133 2432 6145 
2204 6634 6641 6642 
2205 6003 5091 6004 
2206 6002 1752 7357 
2207 5621 4722 8863 
2208 6098 5949 7496 
2209 5676 5301 8604 
2210 5282 6479 8541 
2211 5177 5830 8825 
2212 5673 4410 8594 
2213 8328 5142 8331 
2214 6632 2681 6634 
2215 3377 4076 8560 
2216 6713 5117 6714 
2217 2620 6177 6183 
2218 608 1651 8628 
2219 6744 1160 6746 
2220 5647 5648 8784 
2221 246 247 444 
2222 5921 6484 8274 
2223 4806 6163 8550 
2224 2830 8452 8457 
2225 2706 5932 8127 
2226 5873 7665 7666 
2227 10 11 440 
2228 3953 6664 6665 
2229 625 1896 5922 
2230 681 679 5951 
2231 785 1724 6096 
2232 1489 8278 8480 
2233 1206 2818 6781 
2234 651 5998 8358 
2235 1544 5970 8055 
2236 1163 1156 6781 
2237 2977 2978 8677 
2238 5722 5785 6224 
2239 2129 2130 6145 
2240 1506 1024 8545 
2241 5936 2822 8099 
2242 711 2989 7236 
2243 138 139 418 
2244 5163 6188 8035 
2245 60 61 443 
2246 5107 5863 7129 
2247 3890 4757 8569 
2248 295 296 428 
2249 204 205 321 
2250 2186 6167 8070 
2251 5977 2057 6024 
2252 1696 5864 7131 
2253 2273 6669 8346 
2254 4318 5907 6007 
2255 3953 3952 6664 
2256 709 711 7236 
2257 8677 2978 8678 
2258 3008 5838 8095 
2259 3953 6665 6666 
2260 6472 2129 8482 
2261 8750 5397 8923 
2262 6380 5567 6382 
2263 4528 4234 8551 
2264 462 459 5945 
2265 2989 7235 7236 
2266 259 260 371 
2267 6710 6708 8084 
2268 5885 5093 7647 
2269 5428 8043 8559 
2270 2681 6632 6635 
2271 2489 2499 8584 
2272 2431 6563 8343 
2273 1696 1688 7763 
2274 1679 1678 8079 
2275 5888 5889 5957 
2276 7071 729 8229 
2277 1949 1951 6024 
2278 8605 2729 8612 
2279 5355 8189 8675 
2280 5897 4636 6266 
2281 5150 6505 8002 
2282 1752 5904 5970 
2283 6888 6075 8513 
2284 6796 5083 8332 
2285 6072 5711 8518 
2286 2822 5936 7162 
2287 2624 5895 7998 
2288 6118 2463 6939 
2289 4533 5982 6280 
2290 305 306 417 
2291 3105 5701 6100 
2292 7383 5514 8357 
2293 5094 5885 6139 
2294 6427 7985 8578 
2295 1680 5966 8086 
2296 8312 2839 8324 
2297 6562 4577 8539 
2298 4549 4038 8284 
2299 5982 2029 6280 
2300 2708 3128 5932 
2301 4539 3044 5962 
2302 6038 3502 6244 
2303 1624 5979 5981 
2304 4406 6161 6277 
2305 1686 1696 7131 
2306 6009 3822 6255 
2307 6526 6343 7885 
2308 1951 1953 8271 
2309 3944 3942 8563 
2310 2706 2708 5932 
2311 5865 1696 7763 
2312 5952 3578 8368 
2313 128 129 401 
2314 5142 8329 8331 
2315 285 286 438 
2316 1762 7125 8361 
2317 1119 1121 6971 
2318 5127 5125 5971 
2319 2989 6958 7235 
2320 2731 1684 7131 
2321 5898 849 7704 
2322 1546 1752 5970 
2323 5265 6095 7963 
2324 3186 6555 8096 
2325 6010 6009 6255 
2326 6269 3499 7740 
2327 5098 3498 8162 
2328 3733 5885 7647 
2329 6417 6995 8310 
2330 5901 4391 6202 
2331 3189 6650 8237 
2332 6743 8560 8747 
2333 5957 2818 7337 
2334 5832 8312 8324 
2335 4204 5939 7283 
2336 3058 3822 8041 
2337 5275 6555 6557 
2338 6183 6177 8139 
2339 4509 6439 7315 
2340 703 705 7219 
2341 5939 5663 7283 
2342 5862 7468 8090 
2343 4740 3702 6668 
2344 7915 7326 8473 
2345 769 6096 7666 
2346 5140 7123 8222 
2347 3072 3403 6135 
2348 6894 8614 8759 
2349 1381 733 8529 
2350 722 720 7919 
2351 621 659 8620 
2352 1164 5812 8510 
2353 4689 6085 8294 
2354 4636 4016 6277 
2355 3646 4324 8090 
2356 6207 4709 8792 
2357 5782 4076 8574 
2358 6134 6135 6136 
2359 6188 2197 8035 
2360 133 134 395 
2361 5924 6446 7759 
2362 6126 6125 6127 
2363 4775 6583 8502 
2364 4374 6416 8159 
2365 5567 6380 6385 
2366 5849 4176 5850 
2367 4340 4338 7641 
2368 5888 3924 5889 
2369 2057 5977 8264 
2370 1678 7233 8079 
2371 8640 5393 8894 
2372 6267 5360 8833 
2373 5152 6037 8225 
2374 1563 7084 7159 
2375 3952 4320 6664 
2376 187 188 416 
2377 5131 6035 6067 
2378 1163 6781 6782 
2379 6712 6713 6715 
2380 5936 5886 7162 
2381 5925 5098 8174 
2382 5879 819 8151 
2383 5880 5879 8151 
2384 6644 4340 6816 
2385 2731 7131 7142 
2386 7591 2655 8153 
2387 2463 6118 6119 
2388 1624 5981 5989 
2389 6439 6438 7315 
2390 8137 4376 8405 
2391 4483 4485 7129 
2392 5274 7567 7573 
2393 4391 3946 6202 
2394 6205 5153 8212 
2395 29 30 403 
2396 3979 6891 7420 
2397 5964 2427 6670 
2398 2463 6119 6196 
2399 5875 6002 7357 
2400 1563 7083 7084 
2401 6145 5752 8482 
2402 5976 4698 8264 
2403 5999 4318 7332 
2404 6130 3393 6132 
2405 55 56 407 
2406 1815 6553 8328 
2407 721 2996 6945 
2408 5133 7083 8032 
2409 7179 5441 8717 
2410 4320 6662 6664 
2411 2620 6176 6177 
2412 4490 6710 8084 
2413 5943 735 7123 
2414 6625 829 6627 
2415 5159 6167 8120 
2416 3509 5784 8610 
2417 4864 8597 8777 
2418 5899 4340 7641 
2419 3577 7133 7940 
2420 6446 2911 7759 
2421 4035 4803 8564 
2422 714 887 6641 
2423 5098 8162 8174 
2424 729 7072 7219 
2425 5101 6797 8090 
2426 3920 5870 5871 
2427 4709 4708 8790 
2428 6343 4648 7885 
2429 7591 5880 8151 
2430 6581 3681 8394 
2431 5837 6530 6531 
2432 169 170 368 
2433 6555 5275 8096 
2434 3822 6009 8041 
2435 6313 4515 7257 
2436 5908 4261 7388 
2437 2843 5969 8152 
2438 2681 716 6641 
2439 8266 4549 8284 
2440 5923 5916 8262 
2441 6505 7000 8002 
2442 6035 3151 6067 
2443 4225 5891 5895 
2444 5933 906 7999 
2445 287 288 380 
2446 6611 6610 8471 
2447 6648 6650 8301 
2448 7644 5898 7704 
2449 6662 4320 6670 
2450 5153 4547 7117 
2451 5044 6055 6056 
2452 2004 2000 7348 
2453 2023 5934 8448 
2454 2431 7644 7704 
2455 6121 3349 6196 
2456 237 238 400 
2457 2996 6944 6945 
2458 271 272 423 
2459 5924 1512 6179 
2460 164 165 325 
2461 6559 2182 7567 
2462 4 5 386 
2463 2531 2528 6176 
2464 1680 7977 8059 
2465 5131 5137 6035 
2466 1155 989 8504 
2467 5935 2655 7004 
2468 3151 6025 6067 
2469 1512 5924 7759 
2470 3577 5905 7977 
2471 5969 5225 8152 
2472 232 233 398 
2473 7192 3339 7335 
2474 966 958 6992 
2475 6840 1572 8497 
2476 7708 3555 8163 
2477 829 6625 6637 
2478 965 2812 6992 
2479 2189 6108 8042 
2480 7192 6179 7765 
2481 6880 4528 8551 
2482 6301 2023 8448 
2483 3508 4094 6061 
2484 104 105 388 
2485 5971 5125 6061 
2486 5880 7591 8153 
2487 5963 3154 7078 
2488 5997 4515 6313 
2489 4773 6257 8449 
2490 3898 4711 6032 
2491 2035 6787 7348 
2492 6035 5137 7273 
2493 4376 906 8069 
2494 4774 5709 8556 
2495 7083 1563 8032 
2496 6130 5996 7676 
2497 5909 5834 6992 
2498 6007 5223 6025 
2499 6024 1951 8271 
2500 5931 8767 8770 
2501 4991 4171 5986 
2502 4740 6668 6669 
2503 5905 3577 7940 
2504 7468 5101 8090 
2505 4709 8790 8792 
2506 4404 3978 8255 
2507 3154 5963 7077 
2508 5009 6153 6374 
2509 6810 6809 8027 
2510 4036 4228 8180 
2511 6012 4337 6644 
2512 6055 5044 7132 
2513 8653 6272 8887 
2514 720 6635 7919 
2515 5360 6308 8813 
2516 7999 2425 8320 
2517 5900 5999 7332 
2518 639 633 8287 
2519 6032 4711 6033 
2520 2973 5931 8770 
2521 5908 7388 7791 
2522 6082 2121 6445 
2523 6179 1512 7765 
2524 3877 3690 8468 
2525 2427 5964 6671 
2526 2973 7244 8773 
2527 5944 3877 8468 
2528 4228 6004 8180 
2529 5949 5201 8026 
2530 5713 1391 8800 
2531 8004 6844 8532 
2532 6958 2989 7369 
2533 8202 5876 8448 
2534 6438 3245 7315 
2535 5130 6082 6445 
2536 281 282 413 
2537 2407 5985 6780 
2538 1531 1529 6000 
2539 7 8 324 
2540 7977 5905 8059 
2541 4171 4173 5986 
2542 1535 1533 6036 
2543 5137 5985 7273 
2544 6501 6505 8191 
2545 2427 6661 6670 
2546 4328 5798 8492 
2547 3068 5988 6385 
2548 8221 3189 8237 
2549 6065 4446 6090 
2550 6153 6151 6374 
2551 2945 2702 8127 
2552 4655 6065 6090 
2553 52 53 365 
2554 1538 1540 5989 
2555 6672 6667 7949 
2556 5794 8137 8405 
2557 3508 6061 7449 
2558 3122 6796 8332 
2559 7245 7246 8778 
2560 3950 6007 6025 
2561 7388 6891 7791 
2562 6025 5223 6067 
2563 5094 6183 8139 
2564 174 175 343 
2565 4367 5972 5976 
2566 182 183 397 
2567 720 718 6635 
2568 6208 2811 6211 
2569 5329 6551 8219 
2570 37 38 342 
2571 6119 6121 6196 
2572 4136 5007 6018 
2573 297 298 359 
2574 2897 6672 7949 
2575 3393 6130 7676 
2576 825 994 6671 
2577 5141 5235 6049 
2578 124 125 412 
2579 5054 3890 8694 
2580 2120 6012 6644 
2581 6167 5155 8070 
2582 3493 5925 8174 
2583 2286 7326 7401 
2584 6015 672 8581 
2585 741 727 8406 
2586 7096 7097 8099 
2587 5985 2407 7273 
2588 6669 6668 8346 
2589 4516 5957 7337 
2590 6715 6714 8425 
2591 4589 7335 7820 
2592 7004 1389 7685 
2593 4721 4029 8512 
2594 7123 735 8222 
2595 3950 4318 6007 
2596 4491 5936 7217 
2597 6797 3646 8090 
2598 4708 6485 8787 
2599 1452 1350 7021 
2600 6404 1130 8392 
2601 3499 6269 6376 
2602 224 225 329 
2603 5934 8202 8448 
2604 6673 6663 6736 
2605 4459 4458 8132 
2606 731 726 7727 
2607 6934 6496 8179 
2608 177 178 436 
2609 266 267 411 
2610 5081 6734 6735 
2611 5209 5208 6020 
2612 3245 6438 6515 
2613 4369 4367 5976 
2614 5991 2421 5993 
2615 1533 2421 6036 
2616 735 5943 7369 
2617 3339 7192 7765 
2618 152 153 382 
2619 7097 4492 8099 
2620 678 921 8425 
2621 8500 4778 8505 
2622 5959 1389 6934 
2623 719 721 6945 
2624 6270 3227 6402 
2625 6054 3517 6780 
2626 6730 4595 8409 
2627 7468 5862 8553 
2628 718 2681 6635 
2629 4516 5888 5957 
2630 3647 6043 6044 
2631 6044 7933 8209 
2632 1536 1538 7874 
2633 5389 6810 8027 
2634 5935 7004 7685 
2635 3498 6187 8521 
2636 742 1408 7616 
2637 4642 3645 6797 
2638 5065 4345 6031 
2639 111 112 363 
2640 727 690 8206 
2641 2421 5991 6036 
2642 3599 6484 8278 
2643 77 78 349 
2644 5275 6557 7567 
2645 6314 2829 7212 
2646 5985 6054 6780 
2647 6053 6295 6335 
2648 5165 6059 7986 
2649 3043 3047 8011 
2650 5891 7277 8202 
2651 6151 3392 6374 
2652 49 50 431 
2653 1758 1502 5995 
2654 2182 6559 8138 
2655 6313 2829 6314 
2656 2428 5975 8248 
2657 62 63 372 
2658 4681 6037 6038 
2659 2029 5982 7900 
2660 6016 4137 6017 
2661 3645 3646 6797 
2662 5961 3984 8375 
2663 8721 4915 8843 
2664 2655 5935 8153 
2665 4538 6008 7390 
2666 629 5923 8262 
2667 1538 5989 7874 
2668 1502 1443 5995 
2669 5907 5999 7057 
2670 6008 3136 7390 
2671 3702 3953 6668 
2672 6150 3392 6151 
2673 1540 1624 5989 
2674 179 180 374 
2675 4504 1119 6971 
2676 6489 6490 9001 
2677 5988 5565 6385 
2678 6481 2826 8601 
2679 9002 4074 9003 
2680 906 5933 8069 
2681 6410 6409 7890 
2682 5999 2682 7057 
2683 6785 3944 8563 
2684 6891 3979 7791 
2685 8527 3945 8528 
2686 6022 5132 6937 
2687 6085 3195 8294 
2688 234 235 344 
2689 3217 6055 7132 
2690 4346 6034 7483 
2691 8165 1193 8168 
2692 4332 5843 8420 
2693 2734 703 7219 
2694 6650 6503 8237 
2695 6167 2186 8120 
2696 2996 6724 6944 
2697 4094 5971 6061 
2698 6401 6271 6402 
2699 5565 5567 6385 
2700 794 6834 8323 
2701 7108 6212 7917 
2702 1216 1135 8334 
2703 6489 9001 9002 
2704 1389 5959 7685 
2705 1410 1414 6045 
2706 713 715 7369 
2707 7500 5686 8621 
2708 2620 2531 6176 
2709 5061 5987 8812 
2710 1121 1124 6971 
2711 6470 6460 7716 
2712 1351 1922 6146 
2713 4681 6038 6039 
2714 2829 6313 7257 
2715 5988 3068 6386 
2716 6740 3508 7449 
2717 6602 6682 8538 
2718 167 168 415 
2719 5153 7117 8212 
2720 6634 2681 6641 
2721 5056 5859 8748 
2722 5907 4265 6007 
2723 8354 5074 8797 
2724 6013 6724 7620 
2725 6470 4554 6994 
2726 6551 6550 8219 
2727 726 6637 7727 
2728 2738 4402 8413 
2729 7326 6943 7401 
2730 6612 2946 7238 
2731 6002 4306 7040 
2732 4979 5453 5477 
2733 6618 1385 6620 
2734 705 729 7219 
2735 5111 6268 6269 
2736 6076 5532 6078 
2737 5912 639 8287 
2738 4459 6217 6460 
2739 6150 5179 7945 
2740 6160 4562 7029 
2741 5795 3945 8527 
2742 75 76 399 
2743 6943 4428 7325 
2744 91 92 355 
2745 1624 1542 8055 
2746 6502 8221 8237 
2747 6538 970 8330 
2748 4265 5223 6007 
2749 4473 6705 7904 
2750 994 2427 6671 
2751 7567 2182 7573 
2752 6884 2420 8189 
2753 5107 4487 8340 
2754 3984 3147 8375 
2755 1922 6027 6146 
2756 6650 3189 8301 
2757 1758 5903 6325 
2758 5806 5821 5965 
2759 5834 4309 6213 
2760 6059 4548 7986 
2761 8737 5071 8980 
2762 3898 6032 7961 
2763 4309 4717 6213 
2764 6941 6943 7325 
2765 5953 5615 8428 
2766 5996 2841 7676 
2767 1316 1309 6274 
2768 6502 3180 8221 
2769 2841 5996 6171 
2770 6271 6270 6402 
2771 4337 4340 6644 
2772 6020 5208 6021 
2773 3047 6050 8011 
2774 8736 6842 8983 
2775 2003 8588 8723 
2776 222 223 408 
2777 4402 5984 8413 
2778 921 6715 8425 
2779 6636 3124 7592 
2780 726 724 6637 
2781 6661 6662 6670 
2782 6052 6053 6335 
2783 6632 6629 6635 
2784 5419 6410 7890 
2785 5151 5149 7909 
2786 4554 3144 6994 
2787 6251 4310 8122 
2788 6724 2996 7620 
2789 4872 8824 8847 
2790 4485 5107 7129 
2791 4705 5811 8312 
2792 5904 6002 7040 
2793 1383 645 8358 
2794 3151 3152 6025 
2795 1697 1692 8298 
2796 1702 1701 6988 
2797 4732 5832 8329 
2798 5307 6404 8392 
2799 6087 6062 7614 
2800 2000 2035 7348 
2801 4550 7551 7628 
2802 3145 7640 7768 
2803 4489 4483 7129 
2804 6005 2530 6198 
2805 6610 4792 8471 
2806 1678 1676 8086 
2807 4475 6707 8057 
2808 6875 6022 6937 
2809 2267 6087 7614 
2810 261 262 384 
2811 6438 6436 6515 
2812 6212 6211 7917 
2813 6264 6263 7626 
2814 5892 5169 5893 
2815 7376 6631 7592 
2816 7781 5151 7909 
2817 1829 6113 6792 
2818 5882 4489 8338 
2819 4554 6470 7716 
2820 6049 5235 6988 
2821 5824 5826 6746 
2822 4514 6058 7126 
2823 459 458 5945 
2824 3945 3533 8528 
2825 1371 1185 7078 
2826 4495 4494 6046 
2827 6460 6217 7716 
2828 6042 4495 6046 
2829 4527 6030 7076 
2830 7644 2431 8343 
2831 6995 2906 8310 
2832 8231 2273 8346 
2833 4385 4387 6405 
2834 1892 942 8297 
2835 2421 1531 6000 
2836 5059 6819 6820 
2837 4797 3874 8438 
2838 4623 5781 8285 
2839 6505 5150 8191 
2840 6017 4137 6018 
2841 4137 4136 6018 
2842 4761 7915 8473 
2843 4335 6032 6033 
2844 1275 1351 6146 
2845 3154 1371 7078 
2846 3610 3898 7961 
2847 4739 7407 8305 
2848 192 193 396 
2849 6714 8183 8425 
2850 4137 6016 6051 
2851 4589 6546 7335 
2852 7236 5119 8229 
2853 4515 5997 7021 
2854 724 829 6637 
2855 7640 6636 7768 
2856 17 18 339 
2857 3124 7376 7592 
2858 1706 6057 7901 
2859 5943 6958 7369 
2860 749 740 6638 
2861 6030 4527 7077 
2862 3052 7383 8357 
2863 6012 2120 6201 
2864 8733 5065 8950 
2865 6436 3246 6515 
2866 141 142 378 
2867 6023 3217 6144 
2868 4549 8266 8549 
2869 6250 6251 8122 
2870 6708 6707 8084 
2871 6827 3516 7300 
2872 3721 6106 6845 
2873 6013 747 6873 
2874 6297 4346 7483 
2875 6052 4351 6364 
2876 3044 3041 5962 
2877 4708 8787 8790 
2878 6891 6773 7420 
2879 747 6013 7620 
2880 1692 1679 8079 
2881 2528 2530 6176 
2882 3217 6023 6055 
2883 5950 681 5951 
2884 2530 6005 6147 
2885 6477 6476 6479 
2886 4501 6221 7001 
2887 4230 6086 6732 
2888 3124 6636 7640 
2889 3803 6229 7746 
2890 6086 5736 6732 
2891 3152 3950 6025 
2892 5274 5275 7567 
2893 3039 3410 6051 
2894 2147 5949 8026 
2895 4428 6943 7326 
2896 6081 6098 7496 
2897 2623 6029 7775 
2898 6825 3516 6827 
2899 829 722 7919 
2900 6171 4448 7568 
2901 1687 1685 6709 
2902 1498 2428 8248 
2903 5227 6052 6364 
2904 6182 7008 7372 
2905 3252 4900 6228 
2906 2234 2232 6386 
2907 3183 6329 6330 
2908 7420 6772 7519 
2909 7077 4527 7732 
2910 6058 6443 7126 
2911 6057 1706 6988 
2912 3517 6054 7814 
2913 6079 2007 7550 
2914 5152 6203 7014 
2915 3456 6366 7051 
2916 6031 4345 6405 
2917 6598 3349 8224 
2918 2213 2211 6205 
2919 3183 6330 6331 
2920 5149 5150 8002 
2921 3154 7077 7732 
2922 4655 6090 6091 
2923 4487 4486 6209 
2924 618 5922 8186 
2925 6022 2004 7348 
2926 6645 5236 8093 
2927 3392 6150 7945 
2928 3975 6968 7144 
2929 6559 6560 8138 
2930 6125 7349 8798 
2931 6209 6208 6211 
2932 1385 6618 6638 
2933 5191 6081 7170 
2934 5874 5879 5880 
2935 6910 6767 7509 
2936 4446 6065 8015 
2937 7129 5863 8338 
2938 6624 7221 8020 
2939 6043 3647 6045 
2940 6027 1922 6316 
2941 4422 6935 7045 
2942 6608 5334 8516 
2943 4237 5787 8407 
2944 6783 6782 6784 
2945 6627 829 7919 
2946 4174 5532 6076 
2947 8429 5955 8433 
2948 6201 2418 7687 
2949 6400 8936 8938 
2950 3979 7420 7519 
2951 6185 6268 7792 
2952 5969 8165 8168 
2953 6006 6198 6199 
2954 3591 6772 6910 
2955 3647 1410 6045 
2956 4772 6020 6021 
2957 6046 4494 6194 
2958 5273 8523 8525 
2959 172 173 429 
2960 6660 6631 7363 
2961 4862 6104 6105 
2962 6825 6824 7784 
2963 8791 5362 8801 
2964 6217 4459 8132 
2965 6710 7098 7156 
2966 6645 3186 8096 
2967 6073 4344 6980 
2968 1350 4515 7021 
2969 4495 6042 6208 
2970 6139 5167 6183 
2971 7335 3339 7820 
2972 6366 5707 7051 
2973 6889 7746 7747 
2974 6220 6561 6860 
2975 6268 5172 6269 
2976 6185 2015 6268 
2977 143 144 439 
2978 6106 3721 7287 
2979 7781 5224 8303 
2980 4335 6033 8047 
2981 6000 7708 8163 
2982 825 6671 7771 
2983 6380 6379 6385 
2984 3804 6387 6961 
2985 12 13 377 
2986 2015 6185 6186 
2987 5068 6048 8786 
2988 2282 6404 8415 
2989 6912 6079 7550 
2990 3975 6967 6968 
2991 1785 2026 8102 
2992 6062 2970 7614 
2993 6443 6596 7126 
2994 6767 4366 7111 
2995 292 293 348 
2996 2826 8592 8601 
2997 5979 1624 8055 
2998 5198 5949 6098 
2999 6081 2143 7170 
3000 4236 5853 8518 
3001 3803 3078 6916 
3002 7909 5149 8002 
3003 2851 6182 7372 
3004 6505 6504 7000 
3005 8025 4475 8057 
3006 5814 6160 7029 
3007 6660 3131 7221 
3008 3590 6673 6736 
3009 1628 1648 6186 
3010 72 73 376 
3011 5195 5198 6098 
3012 5788 8397 8545 
3013 1889 6706 6708 
3014 6402 3227 7107 
3015 4201 6117 7154 
3016 6782 5958 8289 
3017 6113 6357 6792 
3018 4444 4446 8015 
3019 5007 5580 5581 
3020 6019 5097 8507 
3021 6665 6663 6673 
3022 6068 6873 7659 
3023 45 46 434 
3024 5640 8638 8860 
3025 6015 5343 8589 
3026 7472 5329 8219 
3027 6000 1529 7708 
3028 749 6638 7205 
3029 1628 6186 6779 
3030 5720 7051 7052 
3031 6088 5016 6089 
3032 740 1385 6638 
3033 5966 1680 8059 
3034 1193 1189 8396 
3035 3578 6363 8368 
3036 5993 2421 6000 
3037 3227 2886 7107 
3038 6713 6714 6715 
3039 6772 3591 7519 
3040 3851 5231 6070 
3041 5347 6472 8482 
3042 2401 6816 7836 
3043 4862 4386 6104 
3044 6329 3183 7571 
3045 6049 1709 8066 
3046 4324 5862 8090 
3047 6666 6665 6667 
3048 4772 6021 6935 
3049 7949 6667 8087 
3050 6868 6867 7437 
3051 1335 1316 6274 
3052 8033 2186 8070 
3053 8738 6719 8978 
3054 5167 6140 6218 
3055 3516 6825 7784 
3056 2765 8269 8443 
3057 819 833 8151 
3058 6773 4403 6890 
3059 5982 7870 7900 
3060 6379 3068 6385 
3061 3369 3722 6424 
3062 3953 6666 6668 
3063 6625 6622 6637 
3064 5959 6934 8179 
3065 2946 1452 7021 
3066 6774 7324 8048 
3067 6259 6262 6265 
3068 2357 6060 7106 
3069 3246 6434 6440 
3070 6705 6703 7904 
3071 6268 5111 7792 
3072 7363 6631 7376 
3073 6709 6710 7156 
3074 106 107 326 
3075 6163 1455 8550 
3076 6221 2860 7001 
3077 755 749 7205 
3078 2121 6082 8118 
3079 3403 3404 8253 
3080 6182 6181 7008 
3081 728 742 7616 
3082 6203 1781 7014 
3083 6504 2683 7000 
3084 6546 4589 7152 
3085 7336 2199 7432 
3086 4223 7276 8995 
3087 7233 1678 8086 
3088 2086 2121 8118 
3089 4986 4497 4987 
3090 3647 6044 7616 
3091 6117 6115 7154 
3092 6610 6609 8493 
3093 2970 6062 6849 
3094 6006 6005 6198 
3095 3591 6910 7509 
3096 5831 4562 6160 
3097 2946 6612 7327 
3098 4346 3058 8041 
3099 6181 4388 7008 
3100 6093 1216 8334 
3101 4501 6092 6221 
3102 6036 5133 8032 
3103 2841 6171 7568 
3104 2026 6129 8102 
3105 6101 2145 6102 
3106 6468 6467 6476 
3107 6074 5164 6075 
3108 4550 6869 7551 
3109 3599 8186 8274 
3110 6269 5172 6376 
3111 6763 3517 7814 
3112 6878 6329 7571 
3113 5167 6139 6140 
3114 2142 2145 6101 
3115 7560 8376 8488 
3116 6045 1414 7895 
3117 6229 3803 6916 
3118 6856 6967 7143 
3119 6967 3975 7143 
3120 6434 3246 6436 
3121 2626 2814 6376 
3122 6873 747 7659 
3123 5202 5205 6108 
3124 4445 5016 6088 
3125 5111 6269 7740 
3126 3721 6344 7287 
3127 6588 6570 6589 
3128 3083 6080 7016 
3129 4487 6209 6210 
3130 8066 1709 8075 
3131 5963 5139 7077 
3132 6070 5231 6071 
3133 2699 3150 7067 
3134 6765 4366 6767 
3135 2989 713 7369 
3136 5471 4130 6296 
3137 5072 6717 6719 
3138 5995 1443 7957 
3139 4631 5447 8049 
3140 251 252 427 
3141 3554 4148 8113 
3142 42 43 362 
3143 3545 7771 8054 
3144 6387 6388 6961 
3145 3039 6051 7196 
3146 3349 6121 8224 
3147 5292 4026 6243 
3148 2759 8341 8477 
3149 4392 6868 7437 
3150 3410 4137 6051 
3151 6135 3403 6136 
3152 2433 2213 6205 
3153 6115 3464 7154 
3154 854 853 6548 
3155 6423 6424 6425 
3156 6117 4201 7155 
3157 4174 5531 5532 
3158 5184 6869 7717 
3159 2007 6079 8140 
3160 5444 6961 6962 
3161 3088 3866 8223 
3162 4369 5976 5977 
3163 2864 7551 7552 
3164 8589 5343 8592 
3165 6809 3229 8027 
3166 2633 2990 6740 
3167 6114 3464 6115 
3168 67 68 333 
3169 1671 2182 8138 
3170 5435 3848 6206 
3171 2136 2139 6197 
3172 2932 2930 6357 
3173 6080 3083 6681 
3174 1408 3647 7616 
3175 6685 4388 7435 
3176 5302 7544 8239 
3177 1162 1221 6107 
3178 6066 3307 6200 
3179 4320 4321 6670 
3180 6557 6559 7567 
3181 2775 8003 8290 
3182 3307 6066 6097 
3183 3209 6466 8606 
3184 6707 4475 8084 
3185 6467 871 6476 
3186 5447 7336 7432 
3187 1163 6783 8109 
3188 2015 5172 6268 
3189 7976 4019 8187 
3190 4387 6031 6405 
3191 2215 2433 8121 
3192 5132 6022 7348 
3193 7933 921 8209 
3194 7242 6457 7776 
3195 5171 6058 7458 
3196 5969 2843 8165 
3197 5933 7999 8320 
3198 6443 782 6596 
3199 4321 5964 6670 
3200 5250 6316 7876 
3201 3371 3369 6424 
3202 7076 6030 7507 
3203 2581 8029 8031 
3204 1309 3307 6274 
3205 3182 7557 7806 
3206 8322 2151 8447 
3207 7242 3657 7243 
3208 4388 6181 7435 
3209 3068 2234 6386 
3210 715 735 7369 
3211 5162 5164 6074 
3212 2946 7021 7238 
3213 6869 4550 7717 
3214 4403 6773 6891 
3215 1385 731 7727 
3216 6012 6201 7687 
3217 1701 6049 6988 
3218 7429 4404 8255 
3219 2401 2064 6128 
3220 8029 6064 8031 
3221 7870 2623 7900 
3222 1630 1525 7327 
3223 2282 8415 8429 
3224 3131 6660 7363 
3225 6705 8025 8057 
3226 2921 6645 8093 
3227 1685 1889 6709 
3228 6550 8218 8219 
3229 7895 5221 7964 
3230 6219 6220 6860 
3231 7240 1706 7901 
3232 254 255 338 
3233 5139 6030 7077 
3234 1420 1325 6069 
3235 5155 3842 6111 
3236 1714 1705 7240 
3237 6597 6870 8094 
3238 2455 2457 6196 
3239 2053 1893 6858 
3240 3150 6639 7067 
3241 2468 6611 6727 
3242 6257 1611 8449 
3243 4351 6052 6335 
3244 4678 5817 7009 
3245 57 58 341 
3246 1889 6708 6709 
3247 3155 6856 7143 
3248 6083 1473 6233 
3249 1706 1702 6988 
3250 1565 1859 6250 
3251 189 190 356 
3252 209 210 369 
3253 5131 6067 7371 
3254 1648 2015 6186 
3255 906 882 7999 
3256 4364 6883 6884 
3257 2139 2397 6197 
3258 2537 6218 7695 
3259 6706 1889 6711 
3260 2753 8390 8483 
3261 5920 5921 8274 
3262 1897 1899 6331 
3263 6250 1859 6251 
3264 3565 3471 8295 
3265 3284 3282 6567 
3266 5435 6206 6207 
3267 4865 6191 6192 
3268 6847 6367 6925 
3269 6211 2811 7917 
3270 3817 6604 6605 
3271 6061 5126 7449 
3272 6560 8136 8138 
3273 1899 3183 6331 
3274 6386 3083 7016 
3275 2957 3485 6159 
3276 4305 6503 6650 
3277 113 114 392 
3278 6705 4473 8025 
3279 5202 5204 5205 
3280 4366 6765 7022 
3281 1929 6941 7325 
3282 5171 7458 7995 
3283 1325 1274 6069 
3284 6468 6476 6477 
3285 5205 5206 5838 
3286 6104 4386 6289 
3287 2244 2385 7068 
3288 2262 2260 6100 
3289 4416 4373 6193 
3290 6741 6073 6980 
3291 5201 5202 6108 
3292 5994 6949 7827 
3293 3797 4146 6454 
3294 6086 4230 7254 
3295 4344 6073 6405 
3296 7551 2864 7628 
3297 6069 1274 6299 
3298 6344 4417 7287 
3299 3357 6904 7796 
3300 6333 854 6548 
3301 7243 3657 7596 
3302 6816 5899 7836 
3303 4659 6447 8110 
3304 6112 8033 8070 
3305 4415 4417 6344 
3306 3931 3327 6336 
3307 6567 6566 6569 
3308 3004 6068 7659 
3309 6073 4385 6405 
3310 4115 4116 4985 
3311 6112 6113 8000 
3312 1683 1681 6711 
3313 312 313 336 
3314 2400 5191 7170 
3315 1592 1536 7874 
3316 2211 6168 6205 
3317 5989 5981 5990 
3318 6319 8605 8612 
3319 2406 3252 6228 
3320 4422 4772 6935 
3321 6454 4146 6455 
3322 1823 2269 8324 
3323 1824 2029 7900 
3324 4450 4448 6171 
3325 6424 3722 6425 
3326 4151 6983 6984 
3327 2430 6875 6937 
3328 7028 8167 8319 
3329 6867 4341 7437 
3330 5205 5204 5206 
3331 7038 3564 7756 
3332 3204 6219 6860 
3333 3284 6567 6568 
3334 2357 7106 7176 
3335 6110 2581 7992 
3336 1443 1348 7957 
3337 2433 6169 8121 
3338 6541 6525 6542 
3339 6284 5642 8171 
3340 2861 6109 7333 
3341 6067 5223 7371 
3342 2814 3499 6376 
3343 6068 3004 6658 
3344 6856 3155 6858 
3345 6667 6673 8087 
3346 6865 4341 6867 
3347 1841 6771 6773 
3348 3731 4758 6323 
3349 6060 2357 7293 
3350 7957 3525 8888 
3351 6620 1385 7727 
3352 6047 6046 6194 
3353 4633 7062 7962 
3354 6322 6323 6324 
3355 5175 6563 7066 
3356 4545 5153 6168 
3357 5110 5928 6156 
3358 6128 6644 6816 
3359 1681 1666 7010 
3360 2260 3105 6100 
3361 6184 5166 6185 
3362 4987 4497 6063 
3363 837 839 6831 
3364 2864 7552 7575 
3365 7906 6334 8190 
3366 6144 6360 7453 
3367 1841 6770 6771 
3368 6373 7982 8089 
3369 4486 4495 6209 
3370 3907 3416 6214 
3371 4922 6801 6802 
3372 6453 6454 6455 
3373 5198 5199 5201 
3374 5730 5836 7849 
3375 6047 6194 6793 
3376 3026 4545 6168 
3377 2232 3083 6386 
3378 853 2441 6548 
3379 3817 6603 6604 
3380 86 87 323 
3381 6545 3971 7013 
3382 1855 1828 6577 
3383 6029 2623 7870 
3384 5897 6266 7502 
3385 4023 6965 6966 
3386 1856 2418 6201 
3387 7221 3131 8020 
3388 6258 6259 6265 
3389 6245 4678 7009 
3390 1274 1218 6299 
3391 6711 1681 7010 
3392 5950 5952 8553 
3393 6352 3973 7526 
3394 4681 6039 6222 
3395 5201 5199 5202 
3396 6302 6352 7526 
3397 6122 3866 6283 
3398 5897 5123 6202 
3399 4806 6103 6336 
3400 6788 4859 6933 
3401 7847 4473 7904 
3402 5129 6011 6178 
3403 7017 1929 7426 
3404 6293 4355 6294 
3405 1893 1646 7024 
3406 1554 1575 6959 
3407 6858 1893 7024 
3408 6266 2604 7502 
3409 1587 1590 6187 
3410 2940 6525 6541 
3411 2990 3508 6740 
3412 4865 3480 6191 
3413 6635 6629 7919 
3414 2981 3623 6289 
3415 3209 8606 8609 
3416 1687 6709 7156 
3417 2336 2338 7293 
3418 7277 3917 8202 
3419 974 957 6883 
3420 2442 2440 6526 
3421 6092 4501 6959 
3422 6162 1381 8529 
3423 3781 3783 6603 
3424 6218 6140 7695 
3425 6058 4514 7458 
3426 6793 4488 6874 
3427 2850 1195 8280 
3428 6793 4493 7701 
3429 3777 3779 6982 
3430 2141 2142 6101 
3431 6253 6254 6255 
3432 6023 6144 7453 
3433 4376 8069 8405 
3434 5872 5873 6096 
3435 1141 1162 6107 
3436 2701 2699 7067 
3437 1416 1418 7152 
3438 2191 2190 2192 
3439 2457 2463 6196 
3440 7062 7061 7962 
3441 226 227 445 
3442 7038 5654 7039 
3443 2426 6428 7558 
3444 3657 7242 7776 
3445 2429 4342 6195 
3446 6442 1630 7327 
3447 6387 3804 7046 
3448 27 28 327 
3449 1773 7076 7507 
3450 6945 5140 8222 
3451 6767 7111 7509 
3452 1570 6413 7276 
3453 8278 6484 8480 
3454 5770 4286 6290 
3455 2581 2558 7992 
3456 6204 2815 7088 
3457 6357 2930 6792 
3458 977 986 7697 
3459 1841 6773 6890 
3460 6243 4026 7298 
3461 6144 2579 6360 
3462 5753 4290 6288 
3463 3506 3731 6323 
3464 5895 5891 5934 
3465 1882 2839 8300 
3466 6849 6647 7578 
3467 3155 2053 6858 
3468 3822 6253 6255 
3469 871 6467 7195 
3470 5818 4282 6353 
3471 3801 4177 6871 
3472 6949 4421 7827 
3473 6576 6832 7639 
3474 7254 6872 7850 
3475 5675 5688 6094 
3476 2734 7219 7220 
3477 7017 5229 7163 
3478 6338 5241 7450 
3479 7829 1383 8358 
3480 4445 5015 5016 
3481 1820 2623 7775 
3482 2150 2190 2191 
3483 6409 1527 7890 
3484 6336 3327 7104 
3485 6428 5154 7558 
3486 6717 5072 6788 
3487 4123 6523 6524 
3488 6157 2635 6158 
3489 3416 3414 6214 
3490 2149 2148 2150 
3491 3310 6234 7136 
3492 3907 6214 6215 
3493 5155 6111 8070 
3494 5123 5901 6202 
3495 6168 5153 6205 
3496 4547 4979 5906 
3497 6029 7501 7775 
3498 5195 5197 5198 
3499 3816 4951 6238 
3500 5158 5159 5160 
3501 6826 6703 6837 
3502 6707 6702 8057 
3503 6908 1714 7240 
3504 6238 6239 6240 
3505 5251 5254 6316 
3506 3521 5166 6184 
3507 2683 6504 7070 
3508 2146 2148 2149 
3509 269 270 379 
3510 928 4371 6227 
3511 6787 5132 7348 
3512 5235 6057 6988 
3513 6300 4812 7533 
3514 4153 4152 6172 
3515 5125 5126 6061 
3516 1558 1616 6275 
3517 4743 4400 6222 
3518 6416 2439 8159 
3519 2145 2144 2146 
3520 3227 6270 7442 
3521 6935 2614 7045 
3522 1039 6300 7533 
3523 5198 5197 5199 
3524 2970 6849 7578 
3525 1623 1628 6779 
3526 5988 6386 7016 
3527 3555 6949 8163 
3528 5426 5162 6074 
3529 7293 2861 7333 
3530 1213 916 6416 
3531 6323 4758 6324 
3532 839 842 6831 
3533 3373 3371 6422 
3534 3102 6338 7450 
3535 2437 6847 6925 
3536 6238 4951 6239 
3537 2886 2884 7107 
3538 6193 4373 6372 
3539 4123 6522 6523 
3540 5178 2550 6225 
3541 6904 4635 7796 
3542 1535 6036 8032 
3543 3590 7146 8087 
3544 6639 3150 6640 
3545 990 1163 8109 
3546 3384 2317 6237 
3547 2874 3246 6440 
3548 2064 1945 6128 
3549 3992 7082 7241 
3550 3822 3401 6253 
3551 5162 5163 5164 
3552 6659 6658 7668 
3553 6503 4305 6651 
3554 2352 3039 7196 
3555 6194 4488 6793 
3556 3464 6114 7068 
3557 5188 6843 6844 
3558 7217 5936 8099 
3559 6422 3371 6424 
3560 4869 6494 6495 
3561 1841 1838 6770 
3562 6545 7192 7335 
3563 3349 2455 6196 
3564 3830 3406 3831 
3565 6221 5165 7986 
3566 3976 5226 6244 
3567 6316 1922 7876 
3568 4286 4284 6290 
3569 4678 6245 7049 
3570 5193 5195 6098 
3571 5158 5156 5159 
3572 6857 1592 8074 
3573 856 854 6333 
3574 1557 1558 6275 
3575 6045 7895 7964 
3576 2142 2144 2145 
3577 4023 6964 6965 
3578 136 137 346 
3579 5451 7185 7518 
3580 4545 4546 4547 
3581 7324 5270 8048 
3582 3299 3488 6256 
3583 5004 6339 6340 
3584 2582 2579 6144 
3585 1525 2946 7327 
3586 302 303 332 
3587 3804 2353 7046 
3588 7968 2175 8205 
3589 2659 1855 6577 
3590 5172 1770 6276 
3591 3848 3831 6206 
3592 2193 2192 2194 
3593 4207 6689 6690 
3594 849 822 7704 
3595 1041 5819 6852 
3596 1273 1200 6258 
3597 4547 4546 4979 
3598 3585 3825 6365 
3599 4743 6222 6223 
3600 1273 6258 6265 
3601 5231 5230 7134 
3602 4207 6688 6689 
3603 1289 6326 7005 
3604 2490 2503 6682 
3605 2735 6723 7189 
3606 6234 4412 7136 
3607 6103 3931 6336 
3608 2135 2136 6197 
3609 4282 4280 6353 
3610 5206 5427 5428 
3611 1889 1683 6711 
3612 5162 5160 5163 
3613 1570 1423 6413 
3614 4903 6287 6905 
3615 4290 4288 6288 
3616 2638 2442 6526 
3617 5126 7121 7449 
3618 4151 6982 6983 
3619 1228 1226 6791 
3620 4488 6194 7124 
3621 5563 5562 5564 
3622 6208 6042 7198 
3623 3397 2932 6357 
3624 7003 6408 7553 
3625 1811 1630 6442 
3626 6658 3004 7668 
3627 5620 6508 6514 
3628 207 208 391 
3629 4773 6170 6311 
3630 6077 6076 6078 
3631 6827 7847 7904 
3632 4341 6865 7255 
3633 2098 2101 6976 
3634 3830 3831 3848 
3635 1895 8397 8637 
3636 3217 2582 6144 
3637 4364 974 6883 
3638 2888 3227 7442 
3639 2401 6128 6816 
3640 2026 6203 8225 
3641 6039 6038 6040 
3642 2012 2009 6875 
3643 2292 6361 6362 
3644 5146 7906 8190 
3645 6681 3079 7284 
3646 3448 6282 6828 
3647 6134 6132 6135 
3648 6345 4329 6351 
3649 6703 6826 7904 
3650 7771 6671 8054 
3651 2811 6208 7198 
3652 5202 5203 5204 
3653 1929 7325 7426 
3654 6276 2626 6376 
3655 6986 5539 7441 
3656 6199 2525 7783 
3657 6613 6640 7381 
3658 6747 4511 7208 
3659 1637 5360 6267 
3660 6206 4709 6207 
3661 5221 6306 7085 
3662 3852 3851 6070 
3663 5470 6256 6846 
3664 5815 592 8446 
3665 5227 6364 6365 
3666 4050 3513 6691 
3667 6242 2853 6367 
3668 6014 2478 6987 
3669 5620 6507 6508 
3670 20 21 406 
3671 2404 2405 2406 
3672 2191 2192 2193 
3673 3524 3523 3764 
3674 3327 2648 7104 
3675 7033 7981 8106 
3676 5563 5564 5565 
3677 2606 7187 7712 
3678 249 250 366 
3679 5236 6645 8096 
3680 6214 4180 6216 
3681 4374 1213 6416 
3682 5161 5160 5162 
3683 4115 3042 4116 
3684 3773 3775 6985 
3685 6064 3229 8031 
3686 4415 6344 7297 
3687 6870 2899 8094 
3688 5892 5893 6190 
3689 3582 3585 6365 
3690 890 4376 6307 
3691 4130 3764 6296 
3692 2600 2981 6918 
3693 6133 6132 6134 
3694 765 755 7205 
3695 6193 2028 7548 
3696 2150 2189 2190 
3697 2440 6342 6526 
3698 2112 2957 6159 
3699 5442 4130 5471 
3700 5007 4950 5580 
3701 5225 5963 8152 
3702 986 6726 7697 
3703 2198 2401 2402 
3704 5230 6841 7473 
3705 6161 5323 8459 
3706 3855 5010 6296 
3707 4739 6252 6947 
3708 6476 6475 6479 
3709 709 7236 8229 
3710 4257 4259 7142 
3711 857 1725 7211 
3712 3817 3781 6603 
3713 3480 3214 6191 
3714 2465 2468 7456 
3715 3456 3427 8013 
3716 2009 6022 6875 
3717 6568 6587 7119 
3718 3078 3100 3101 
3719 7065 6881 7286 
3720 4960 5996 6130 
3721 5157 5156 5158 
3722 3961 3200 6311 
3723 7106 6273 7176 
3724 6109 2861 7391 
3725 4981 5155 5156 
3726 1570 6492 7275 
3727 1884 1895 6777 
3728 4517 6226 7301 
3729 1705 1706 7240 
3730 6637 6622 7727 
3731 3482 2111 6684 
3732 6474 1381 8541 
3733 2981 6289 6918 
3734 7185 4132 7518 
3735 4174 3768 4878 
3736 3415 3414 3416 
3737 6545 7013 7192 
3738 3357 6901 6902 
3739 1194 6291 6292 
3740 2141 2140 2142 
3741 3243 2325 6415 
3742 3307 6097 6274 
3743 3767 3416 3768 
3744 6378 1394 7266 
3745 1035 2429 6195 
3746 4123 3785 6522 
3747 3623 6104 6289 
3748 3191 3627 7209 
3749 8610 5784 8718 
3750 1194 1188 6291 
3751 6765 6764 7022 
3752 3077 3028 3078 
3753 5191 5193 6081 
3754 6714 5117 7896 
3755 9023 5842 9024 
3756 6961 6388 6962 
3757 5164 5163 5848 
3758 6832 3622 7639 
3759 5654 7038 7756 
3760 6200 1349 7331 
3761 2146 2147 2148 
3762 5182 6378 7266 
3763 5635 6275 6876 
3764 1953 2007 8271 
3765 1887 2023 6301 
3766 5254 6027 6316 
3767 4050 6691 6692 
3768 980 1635 7043 
3769 2403 2402 2404 
3770 5227 5228 6052 
3771 2139 2140 2141 
3772 6225 2633 6740 
3773 5264 6758 7160 
3774 4446 6088 6090 
3775 1024 6571 8545 
3776 3833 4709 6206 
3777 1738 1714 6908 
3778 3111 4409 6834 
3779 3255 3829 6389 
3780 7407 1787 8305 
3781 6824 6831 7784 
3782 3403 3073 3404 
3783 4279 4278 4280 
3784 8140 4349 8155 
3785 3565 7065 7286 
3786 1242 1198 6358 
3787 7000 4443 8002 
3788 7501 2028 7775 
3789 5221 1634 6306 
3790 3085 2169 6940 
3791 6198 2523 6199 
3792 6080 6681 7284 
3793 6081 5193 6098 
3794 4981 3842 5155 
3795 4281 4280 4282 
3796 4589 1416 7152 
3797 3404 3406 3830 
3798 6279 1883 7047 
3799 6194 4494 7124 
3800 2579 2565 6360 
3801 6432 6431 6433 
3802 4446 4445 6088 
3803 2136 2138 2139 
3804 5072 4859 6788 
3805 3182 6747 7208 
3806 5868 5869 6180 
3807 2398 2141 6101 
3808 5176 6083 6233 
3809 4985 4116 4997 
3810 824 825 7771 
3811 6247 3867 7223 
3812 4582 3067 6273 
3813 1872 6297 7483 
3814 5732 4294 6406 
3815 4501 1554 6959 
3816 2385 3464 7068 
3817 6450 6449 6451 
3818 2518 2515 6302 
3819 905 3250 6659 
3820 6052 5228 6053 
3821 4207 3511 6688 
3822 3842 3809 6111 
3823 1222 1226 1227 
3824 4283 4282 4284 
3825 1510 1604 6363 
3826 6146 6028 8128 
3827 3357 6902 6904 
3828 3971 2962 7599 
3829 4174 4878 5531 
3830 765 6615 6863 
3831 3358 4370 6878 
3832 6605 6604 6606 
3833 4026 3126 7298 
3834 3785 3787 6522 
3835 6107 1221 8098 
3836 4400 4681 6222 
3837 1618 1565 6250 
3838 1238 1228 6791 
3839 1421 6412 6413 
3840 1838 1840 6770 
3841 3831 3832 3833 
3842 3767 3768 4174 
3843 6321 3541 6322 
3844 4277 4276 4278 
3845 4530 4814 6318 
3846 4285 4284 4286 
3847 6006 6199 7783 
3848 2111 1871 6684 
3849 3795 3797 6454 
3850 3449 3448 6828 
3851 6447 2936 8110 
3852 3101 3413 3414 
3853 2855 2853 6242 
3854 5247 6981 7147 
3855 3077 3078 3803 
3856 2143 6081 7496 
3857 6655 3905 6657 
3858 1770 1771 6276 
3859 688 696 6278 
3860 4960 4456 5996 
3861 3815 6303 6812 
3862 4287 4286 4288 
3863 3394 2238 6379 
3864 6691 6690 6693 
3865 3415 3416 3767 
3866 4089 4901 6572 
3867 8378 5307 8392 
3868 2550 2546 6225 
3869 6131 6130 6132 
3870 3078 3028 3100 
3871 8186 5922 8274 
3872 5836 7193 7849 
3873 1227 1226 1228 
3874 1221 1220 1222 
3875 929 928 6227 
3876 5178 6740 7449 
3877 2110 1884 6777 
3878 3522 3521 3523 
3879 2198 2064 2401 
3880 6745 4402 6839 
3881 6475 6474 6479 
3882 6111 4359 6112 
3883 1307 1305 6200 
3884 3722 3367 7499 
3885 3027 2406 3028 
3886 2126 2129 6472 
3887 1162 1220 1221 
3888 2062 2111 2112 
3889 2197 2064 2198 
3890 3252 3757 4900 
3891 2432 2135 4363 
3892 2317 2314 6237 
3893 4365 7814 7973 
3894 782 6443 7425 
3895 6640 3150 7381 
3896 6219 3204 6938 
3897 1238 6791 7797 
3898 6318 4814 6319 
3899 3404 3405 3406 
3900 766 765 6863 
3901 4349 4348 4350 
3902 6163 6164 8570 
3903 5436 4211 5561 
3904 6303 4961 6812 
3905 964 980 7043 
3906 2523 2521 6199 
3907 1916 1917 6367 
3908 1926 1738 6908 
3909 4353 4352 4354 
3910 3072 3073 3403 
3911 6568 6570 6587 
3912 6172 4152 6173 
3913 3024 2207 3025 
3914 7629 6540 7673 
3915 5448 5449 8756 
3916 5990 5981 7880 
3917 4110 7003 7553 
3918 2397 2141 2398 
3919 3040 3042 4115 
3920 1200 1150 6258 
3921 3767 4174 6076 
3922 2139 2138 2140 
3923 687 6474 6475 
3924 4275 4899 6778 
3925 1421 1402 6412 
3926 891 890 6307 
3927 4279 4280 4281 
3928 1781 1778 7014 
3929 2440 847 6342 
3930 4277 4278 4279 
3931 2262 6100 7322 
3932 3910 3475 6494 
3933 1590 1591 1596 
3934 3394 6379 6380 
3935 4338 4339 4908 
3936 2133 2134 2135 
3937 6242 6367 6847 
3938 2195 2194 2196 
3939 3414 4180 6214 
3940 5183 5280 7869 
3941 4275 4274 4276 
3942 5565 5564 5566 
3943 6547 6546 7152 
3944 6370 4511 6747 
3945 4354 4355 6293 
3946 6563 802 7066 
3947 2597 2600 6918 
3948 244 245 322 
3949 2406 2405 3252 
3950 3855 4165 5010 
3951 6063 3852 6070 
3952 2221 6493 7122 
3953 1945 2120 6128 
3954 4959 4456 4960 
3955 2594 2656 6741 
3956 6800 3714 7365 
3957 3298 3299 6256 
3958 3833 4707 4708 
3959 3970 6459 6460 
3960 7128 5107 8340 
3961 1666 1664 7010 
3962 2292 2050 6361 
3963 4869 3910 6494 
3964 4289 4288 4290 
3965 2815 2244 7068 
3966 5176 6233 6337 
3967 2404 2402 2405 
3968 3025 2207 3106 
3969 4275 4276 4277 
3970 6865 6829 7255 
3971 3072 3025 3073 
3972 6827 7300 7847 
3973 2468 2469 6611 
3974 2805 2781 6519 
3975 4922 4058 6801 
3976 6723 4433 7189 
3977 1646 1594 7024 
3978 4396 4397 6921 
3979 4055 4787 6938 
3980 6231 3836 6794 
3981 3993 7139 7738 
3982 6666 6667 6672 
3983 6051 7095 7196 
3984 2876 2874 6440 
3985 5172 6276 6376 
3986 1389 1110 6934 
3987 6253 5429 6254 
3988 3831 3833 6206 
3989 2537 2534 6218 
3990 1733 7739 8038 
3991 6508 6510 6514 
3992 4370 6329 6878 
3993 1740 1817 6372 
3994 5198 5201 5949 
3995 2559 6866 6867 
3996 2957 3483 3485 
3997 4339 4327 6911 
3998 1305 1349 6200 
3999 3282 3836 6567 
4000 2005 7561 7562 
4001 4619 5549 5550 
4002 2736 1247 6839 
4003 2122 2125 6445 
4004 2655 1106 7004 
4005 6985 6986 7441 
4006 3501 3976 6244 
4007 4367 4354 4368 
4008 6170 3961 6311 
4009 5174 6182 8081 
4010 3387 3816 6238 
4011 1414 1486 7895 
4012 3229 6064 8027 
4013 7051 5707 7052 
4014 7187 5207 7712 
4015 4281 4282 4283 
4016 3250 4106 6659 
4017 2114 2112 6159 
4018 2069 2176 7347 
4019 3101 3414 3415 
4020 4545 4547 5153 
4021 3511 3466 6688 
4022 2553 5178 7121 
4023 3286 3815 6812 
4024 1198 1196 6358 
4025 4228 5667 6003 
4026 1872 1873 6297 
4027 4363 2135 6197 
4028 2112 2111 2957 
4029 5280 7739 7869 
4030 4343 3767 6076 
4031 2135 2134 2136 
4032 1435 5076 6337 
4033 4713 4018 6417 
4034 6066 6200 7331 
4035 2206 2114 2207 
4036 6932 4132 7185 
4037 5264 4720 6758 
4038 3629 3631 6964 
4039 881 6981 7715 
4040 4087 4089 6572 
4041 3254 6409 6410 
4042 1236 1228 1237 
4043 3837 5018 6305 
4044 6430 6431 6432 
4045 5222 7147 7371 
4046 3846 6448 6449 
4047 4442 6389 6390 
4048 2641 4415 7297 
4049 3616 8169 8194 
4050 5222 5247 7147 
4051 4273 4275 6778 
4052 2325 2322 6415 
4053 2821 1141 6107 
4054 2357 2336 7293 
4055 6452 4127 6453 
4056 5447 7432 8049 
4057 674 871 7195 
4058 6497 6498 6651 
4059 6699 6698 6837 
4060 2488 2490 6682 
4061 1237 1239 1240 
4062 3343 4036 6428 
4063 5717 4298 6543 
4064 2559 6867 6868 
4065 6921 4397 6922 
4066 4908 4339 5387 
4067 2307 2304 6369 
4068 4294 4292 6406 
4069 5708 4339 6911 
4070 5232 6298 7041 
4071 6086 7254 7850 
4072 1162 1219 1220 
4073 2109 1811 6442 
4074 6393 3247 6430 
4075 4273 4274 4275 
4076 6112 8000 8033 
4077 5116 6418 6419 
4078 1826 1883 6279 
4079 5561 4211 6172 
4080 5224 6848 7141 
4081 4458 5174 8132 
4082 2530 2526 6198 
4083 6516 1214 8624 
4084 4283 4284 4285 
4085 6398 6394 6430 
4086 6578 3085 6940 
4087 2308 2307 6320 
4088 1664 1662 7451 
4089 3970 3340 6459 
4090 3809 3397 4359 
4091 2940 6541 7410 
4092 3779 3817 6982 
4093 4423 5027 6283 
4094 4394 2454 6598 
4095 2815 6204 6976 
4096 6971 1124 8433 
4097 3058 3401 3822 
4098 3849 4329 6345 
4099 2062 1871 2111 
4100 3454 3905 6655 
4101 2656 6073 6741 
4102 6282 3448 6924 
4103 4077 4849 6926 
4104 1425 1570 7275 
4105 3542 3541 6321 
4106 6773 6771 7420 
4107 1285 1288 6540 
4108 6830 837 6831 
4109 3825 5227 6365 
4110 2193 2194 2195 
4111 2005 1987 7561 
4112 783 782 7425 
4113 3101 3100 3413 
4114 4151 3777 6982 
4115 1361 1435 6337 
4116 4285 4286 4287 
4117 6853 1592 6857 
4118 5116 3936 6418 
4119 1222 1225 1226 
4120 6960 3804 6961 
4121 3693 3695 7537 
4122 6366 3456 8013 
4123 7095 3069 7196 
4124 5227 5017 5228 
4125 7144 6968 7881 
4126 5335 6541 6542 
4127 2554 2553 6317 
4128 1828 1827 6577 
4129 5178 6225 6740 
4130 6652 3879 6654 
4131 3276 4408 6794 
4132 4058 3379 6801 
4133 6593 6512 7294 
4134 1138 1141 2821 
4135 3768 3907 6166 
4136 2113 2112 2114 
4137 3846 3791 6448 
4138 2209 3026 6168 
4139 2142 2143 2144 
4140 4154 4992 6309 
4141 4350 4351 4352 
4142 4287 4288 4289 
4143 4241 4240 6165 
4144 2196 2208 2209 
4145 4347 3583 4348 
4146 4111 5129 6178 
4147 1423 1421 6413 
4148 4273 4272 4274 
4149 4350 4352 4353 
4150 5972 4368 5973 
4151 4757 2976 6683 
4152 1945 1858 2120 
4153 4036 4227 4228 
4154 1856 1855 2418 
4155 3836 6231 6566 
4156 2238 2236 6379 
4157 6334 6548 7918 
4158 1240 1239 1241 
4159 3307 1307 6200 
4160 1365 1363 6233 
4161 6468 6477 6478 
4162 2463 2459 6939 
4163 4338 4327 4339 
4164 4023 3629 6964 
4165 3445 3443 6924 
4166 1886 1887 6301 
4167 1631 1927 6811 
4168 4356 5179 6150 
4169 1612 1741 6539 
4170 6480 4813 6481 
4171 4165 5110 6156 
4172 6783 6784 6785 
4173 5010 4165 6156 
4174 4211 4153 6172 
4175 5259 7044 7871 
4176 3284 6568 7119 
4177 1742 6486 6491 
4178 6822 1654 6830 
4179 4461 6909 7237 
4180 6747 3182 7806 
4181 5620 4183 6507 
4182 6287 4084 6905 
4183 7081 7082 7654 
4184 4337 4327 4338 
4185 1785 1783 2026 
4186 2505 2511 6882 
4187 3809 4359 6111 
4188 3120 6315 7448 
4189 2653 6516 6517 
4190 6703 6699 6837 
4191 4835 4864 7330 
4192 3414 3413 4180 
4193 6298 5232 7280 
4194 2878 3247 6393 
4195 5223 5222 7371 
4196 2884 2882 7583 
4197 3970 6460 6470 
4198 4291 4290 4292 
4199 2913 3012 3058 
4200 4397 4395 7787 
4201 5791 5801 7206 
4202 6520 6450 6521 
4203 1456 3550 6496 
4204 7044 3857 7871 
4205 3380 4058 4059 
4206 6394 6393 6430 
4207 4444 4445 4446 
4208 3608 3610 7961 
4209 5481 5483 5499 
4210 3846 6450 6520 
4211 6060 7293 7333 
4212 1596 1597 1622 
4213 6389 3829 6390 
4214 7043 5184 7717 
4215 2404 2406 3027 
4216 3884 5045 6599 
4217 2169 3681 6940 
4218 5250 5251 6316 
4219 2831 6595 7278 
4220 2521 2525 6199 
4221 4358 6150 6151 
4222 4089 4272 4273 
4223 4646 5576 6285 
4224 5499 5483 6241 
4225 2781 2779 6519 
4226 3833 4708 4709 
4227 1750 6408 6527 
4228 8452 6141 8457 
4229 1575 2071 6959 
4230 5161 5162 5426 
4231 762 790 6582 
4232 5238 6592 7145 
4233 2468 6727 7456 
4234 3254 1400 6409 
4235 1830 1828 1855 
4236 859 856 6333 
4237 6147 4512 8050 
4238 5170 3940 6678 
4239 3849 4328 4329 
4240 1227 1228 1236 
4241 7134 5230 7473 
4242 6317 7121 7656 
4243 5018 3834 6584 
4244 6497 1488 6498 
4245 4059 4058 4919 
4246 2853 1916 6367 
4247 3161 6593 7294 
4248 2061 1871 2062 
4249 4347 4348 4349 
4250 6584 6585 6586 
4251 3783 4123 6603 
4252 4059 4919 6911 
4253 2210 2209 2211 
4254 4122 3050 6960 
4255 2298 2297 6375 
4256 4829 4720 5264 
4257 1830 1855 1856 
4258 4849 6756 6926 
4259 1469 1510 6363 
4260 3764 3523 3765 
4261 4087 4088 4089 
4262 1141 1161 1162 
4263 2941 2940 7410 
4264 4453 4450 4456 
4265 3844 4163 4164 
4266 6367 1917 6925 
4267 1214 667 6461 
4268 3026 4543 4545 
4269 8244 3658 8251 
4270 6654 3879 6655 
4271 6824 6822 6830 
4272 993 812 6591 
4273 3013 2069 7347 
4274 3764 3855 6296 
4275 6799 6800 7365 
4276 6531 3895 6532 
4277 2530 6147 6176 
4278 655 1489 6549 
4279 772 766 6863 
4280 1569 1849 6547 
4281 3380 3379 4058 
4282 6663 1772 6736 
4283 6592 3115 7145 
4284 2913 4346 6297 
4285 6039 6040 6041 
4286 2130 2132 2133 
4287 7121 5126 7656 
4288 6321 6322 6377 
4289 2789 7256 7642 
4290 7155 4201 7168 
4291 2737 4388 6685 
4292 6675 2158 6752 
4293 4276 5937 6429 
4294 5868 6180 6828 
4295 1878 3517 6763 
4296 3302 2725 6990 
4297 5481 5482 5483 
4298 5129 6010 6011 
4299 6152 6151 6153 
4300 4519 4813 6480 
4301 4089 4088 4272 
4302 1473 1365 6233 
4303 4288 5770 6288 
4304 1861 1872 6368 
4305 1586 1587 6187 
4306 3806 6238 6240 
4307 6486 6487 6491 
4308 7557 4553 7806 
4309 2125 2126 6472 
4310 2653 663 6516 
4311 5229 7017 7426 
4312 2114 6159 7556 
4313 5158 5161 6174 
4314 4298 4296 6543 
4315 4960 6131 6281 
4316 1888 1608 6729 
4317 4175 3771 4176 
4318 4757 8568 8569 
4319 6248 1618 6250 
4320 6568 6567 6569 
4321 1300 2683 7070 
4322 4289 4290 4291 
4323 3849 3495 4328 
4324 7053 5218 7054 
4325 916 907 6416 
4326 5634 3741 5635 
4327 855 857 7211 
4328 1769 1827 1828 
4329 2338 2861 7293 
4330 1188 1186 6291 
4331 1284 1285 6540 
4332 4326 4059 4327 
4333 1739 1740 6372 
4334 6549 6550 6551 
4335 3502 3501 6244 
4336 3816 4111 4951 
4337 998 1772 6661 
4338 2559 2547 6866 
4339 2526 2523 6198 
4340 1742 1490 6486 
4341 2016 2202 6408 
4342 6801 4194 6802 
4343 3190 3191 7209 
4344 3357 1478 6901 
4345 2660 3379 3380 
4346 8561 6247 8626 
4347 6034 4346 8041 
4348 2870 3245 6515 
4349 2101 2815 6976 
4350 957 946 6883 
4351 6970 6677 7358 
4352 3255 6389 6742 
4353 4375 3970 6470 
4354 1946 8195 8249 
4355 1527 6378 7810 
4356 3106 2207 7556 
4357 2080 2078 6457 
4358 1730 1755 1795 
4359 4284 5818 6290 
4360 3940 3205 6678 
4361 7013 3971 7599 
4362 3866 3087 6283 
4363 3775 4151 6985 
4364 2097 6407 7103 
4365 6843 5188 7020 
4366 4083 3168 6529 
4367 3500 2281 3501 
4368 6426 3722 7499 
4369 2814 3059 3387 
4370 3764 3765 3855 
4371 3387 3059 3816 
4372 1249 2737 6685 
4373 7269 6426 7499 
4374 1196 2424 6358 
4375 1150 2409 6258 
4376 5950 5951 5952 
4377 2290 2040 2430 
4378 2121 2122 6445 
4379 5148 6599 6600 
4380 5973 4368 5974 
4381 6210 6209 6211 
4382 6709 6708 6710 
4383 6922 4397 8126 
4384 3381 2430 3382 
4385 1616 1641 1730 
4386 1268 1270 1271 
4387 4353 4354 4367 
4388 2198 2402 2403 
4389 996 998 6661 
4390 3969 2969 7020 
4391 6861 6862 7516 
4392 3683 3673 7462 
4393 6420 4031 6421 
4394 5188 6844 8012 
4395 3500 3501 3502 
4396 1354 4664 7063 
4397 2196 2209 2210 
4398 1326 1488 6497 
4399 1859 8248 8355 
4400 2365 3422 6469 
4401 5481 4585 5482 
4402 2750 2808 6607 
4403 1769 1729 1827 
4404 3404 3073 3405 
4405 1201 1200 1218 
4406 2402 2401 7836 
4407 1433 1347 1434 
4408 2126 2128 2129 
4409 3524 3764 4130 
4410 1267 1241 1268 
4411 3394 6380 6381 
4412 4293 4292 4294 
4413 4017 4713 6327 
4414 3555 6948 6949 
4415 6047 6793 7701 
4416 5027 6122 6283 
4417 4511 6370 7201 
4418 5110 5927 5928 
4419 2319 3385 6414 
4420 3844 3843 4163 
4421 6139 3980 6140 
4422 6544 3971 6545 
4423 4646 4972 5576 
4424 6574 3434 7030 
4425 1237 1238 1239 
4426 2626 2813 2814 
4427 219 220 373 
4428 1483 1434 1484 
4429 1957 1959 6913 
4430 3422 4423 6469 
4431 1233 1218 1274 
4432 1218 1273 6299 
4433 2815 7068 7088 
4434 1587 1589 1590 
4435 3919 4743 7023 
4436 2654 7632 7877 
4437 3768 3416 3907 
4438 6273 3067 7176 
4439 1363 1361 6337 
4440 4183 3598 6507 
4441 8178 4603 8261 
4442 1271 1270 1272 
4443 5437 5436 7225 
4444 6928 6929 6930 
4445 1730 1641 1755 
4446 3042 3043 8011 
4447 1487 1415 7346 
4448 3741 1557 6275 
4449 2814 2813 3059 
4450 5715 5724 6441 
4451 6256 3488 6846 
4452 1725 6748 7211 
4453 5219 7629 7673 
4454 4657 4067 6597 
4455 3138 6788 6933 
4456 3522 3523 3524 
4457 867 3545 6575 
4458 1321 1274 1325 
4459 1346 1325 1347 
4460 1634 1757 6306 
4461 6259 6261 6262 
4462 3423 3728 7127 
4463 5226 5225 5969 
4464 3879 6652 7137 
4465 4508 3232 7054 
4466 6498 6503 6651 
4467 2472 6609 6610 
4468 4259 5887 7142 
4469 99 100 390 
4470 4662 6574 7030 
4471 1616 1585 1641 
4472 4634 1238 7797 
4473 1777 1775 2281 
4474 2028 7501 7548 
4475 1434 7610 7760 
4476 4951 4111 6178 
4477 3806 3387 6238 
4478 2063 1945 2064 
4479 973 974 977 
4480 4749 5142 6553 
4481 2478 2479 7475 
4482 2097 2098 6976 
4483 6528 6527 7003 
4484 4521 4530 6318 
4485 1648 1770 2015 
4486 1934 2912 2913 
4487 1168 1199 6814 
4488 4443 1437 7909 
4489 1183 1181 8419 
4490 946 937 2420 
4491 2648 2646 7104 
4492 2133 2135 2432 
4493 1449 1343 7301 
4494 3886 3302 6990 
4495 6398 6430 6432 
4496 4371 1213 4372 
4497 4638 4640 6356 
4498 2133 2132 2134 
4499 6258 2409 6259 
4500 812 799 6591 
4501 6647 2268 7578 
4502 2669 6354 6355 
4503 6549 1489 6550 
4504 6226 4517 7285 
4505 5483 5485 6241 
4506 3401 3853 6253 
4507 6667 6665 6673 
4508 1483 1484 1557 
4509 2077 2079 6564 
4510 851 6506 7173 
4511 4493 6793 6874 
4512 2015 1770 5172 
4513 1870 1794 1871 
4514 4838 6696 6697 
4515 6368 7483 7777 
4516 1793 1785 1794 
4517 7082 5237 7241 
4518 3024 3025 3072 
4519 3062 3828 4444 
4520 1557 1484 1558 
4521 2139 2141 2397 
4522 4261 3177 7388 
4523 3834 3462 6584 
4524 4708 4707 6485 
4525 6309 4992 6310 
4526 1433 1434 1483 
4527 1729 1618 6248 
4528 6768 6766 6769 
4529 1827 6248 6249 
4530 6245 3938 7049 
4531 1959 1962 6913 
4532 1513 1612 6539 
4533 6676 6675 6752 
4534 3726 4848 6977 
4535 1596 1591 1597 
4536 6587 6570 6588 
4537 4345 4344 6405 
4538 4367 4368 5972 
4539 4292 5753 6406 
4540 3077 3803 6887 
4541 4144 4126 5004 
4542 1912 7017 7163 
4543 4787 6219 6938 
4544 4087 3382 4088 
4545 1777 2281 3500 
4546 1797 1622 3519 
4547 3847 5009 6374 
4548 1608 1605 6729 
4549 2202 3010 3011 
4550 7803 2935 7926 
4551 6233 1363 6337 
4552 1418 1569 7152 
4553 1808 1860 2626 
4554 4878 3768 6166 
4555 4357 4356 4358 
4556 2177 6698 6699 
4557 2397 2398 3893 
4558 5444 4122 6960 
4559 1944 1858 1945 
4560 4358 4356 6150 
4561 6131 6132 6133 
4562 4295 4294 4296 
4563 1619 1562 1620 
4564 4291 4292 4293 
4565 6718 6720 6721 
4566 2249 2248 2250 
4567 3581 4347 6912 
4568 1526 1631 6811 
4569 1253 6685 7435 
4570 1346 1347 1433 
4571 7248 7249 7424 
4572 4288 4286 5770 
4573 4365 843 6762 
4574 4838 4051 6696 
4575 1795 1755 1851 
4576 838 828 6798 
4577 2432 4363 5853 
4578 4412 1292 7136 
4579 2768 2767 2769 
4580 1846 6764 6765 
4581 3200 3201 6311 
4582 1203 1198 1204 
4583 3308 3870 7223 
4584 2652 1586 3498 
4585 4585 4582 6273 
4586 753 762 6582 
4587 1197 1196 1198 
4588 5449 7114 7115 
4589 1795 1851 2046 
4590 7699 5005 7864 
4591 6241 5485 6674 
4592 2366 2365 6469 
4593 3083 2230 6681 
4594 2515 2513 6302 
4595 6575 3545 7324 
4596 2251 2250 2252 
4597 3249 2747 6646 
4598 1229 1204 1230 
4599 6718 3699 6720 
4600 5296 3693 7537 
4601 4136 4950 5007 
4602 5710 4302 6790 
4603 5156 5155 6167 
4604 3879 3454 6655 
4605 4086 3382 4087 
4606 2686 1835 6890 
4607 1765 1620 1766 
4608 2079 2082 6564 
4609 6595 4466 7278 
4610 6164 4383 6845 
4611 1240 1241 1267 
4612 3581 3583 4347 
4613 6929 3810 7184 
4614 3997 4868 6471 
4615 977 974 986 
4616 8459 5323 8462 
4617 4189 3423 7127 
4618 2485 2488 6601 
4619 4398 5721 7797 
4620 928 1213 4371 
4621 2452 3349 6598 
4622 2122 2124 2125 
4623 695 1381 6474 
4624 2957 3482 3483 
4625 7256 5186 7642 
4626 2243 2407 6780 
4627 1783 1781 6203 
4628 3027 3028 3077 
4629 2249 3509 7047 
4630 1284 1272 1285 
4631 2454 2450 6598 
4632 6152 6153 6154 
4633 4403 2686 6890 
4634 1195 1192 1196 
4635 2029 1826 6279 
4636 4423 6283 6469 
4637 928 916 1213 
4638 2001 1981 7164 
4639 6418 4031 6420 
4640 1590 1589 1591 
4641 5141 6049 8066 
4642 6613 6614 6640 
4643 2661 920 6774 
4644 3499 3387 3806 
4645 3466 3465 6686 
4646 3343 4035 4036 
4647 2633 2634 2990 
4648 3513 4207 6691 
4649 5698 4208 7858 
4650 4284 4282 5818 
4651 3410 3859 4136 
4652 1240 3315 7272 
4653 1237 1240 7272 
4654 907 894 2439 
4655 6180 3929 6828 
4656 2770 2769 2771 
4657 3976 5225 5226 
4658 2766 2791 6919 
4659 3839 4112 7466 
4660 6561 6556 6860 
4661 2545 2555 2633 
4662 1784 1783 1785 
4663 5195 5196 5197 
4664 3277 3276 6794 
4665 3853 5429 6253 
4666 2990 3214 3480 
4667 3929 3449 6828 
4668 6381 6382 6383 
4669 2255 2254 2256 
4670 3466 6686 6688 
4671 4864 6936 7330 
4672 2001 7164 7165 
4673 2435 3971 6544 
4674 2353 2240 7046 
4675 1561 1502 1562 
4676 2313 3739 4892 
4677 1817 6193 6372 
4678 3520 3519 3521 
4679 1558 1585 1616 
4680 2994 3216 3476 
4681 3846 6449 6450 
4682 4980 3842 4981 
4683 1144 1146 6473 
4684 2177 1660 6698 
4685 3039 3302 3410 
4686 2564 2666 2994 
4687 1150 987 2409 
4688 2107 2249 7047 
4689 2086 2089 2121 
4690 4094 4865 5407 
4691 3476 3997 4741 
4692 4671 2630 6775 
4693 3578 1469 6363 
4694 782 779 6596 
4695 1761 6898 6899 
4696 4960 6130 6131 
4697 3791 3793 6448 
4698 6913 6912 7550 
4699 1857 1856 1858 
4700 2192 2190 3008 
4701 2082 2084 2684 
4702 1247 1244 6839 
4703 3715 3085 6578 
4704 2913 3058 4346 
4705 5018 6584 6586 
4706 2547 2510 6866 
4707 978 977 987 
4708 5350 4616 8284 
4709 2046 2047 2351 
4710 5483 5482 5484 
4711 2029 6279 6280 
4712 2082 2684 6564 
4713 6977 4848 6978 
4714 3918 3919 7023 
4715 7050 3456 7051 
4716 5635 3741 6275 
4717 1622 1623 6779 
4718 2766 2765 2767 
4719 2257 2256 2258 
4720 4456 4450 6171 
4721 5206 5204 5427 
4722 1731 1878 6763 
4723 6358 2424 6359 
4724 1201 1218 1233 
4725 2129 2128 2130 
4726 683 687 6475 
4727 6060 5484 7106 
4728 2626 1860 2813 
4729 973 957 974 
4730 988 987 1150 
4731 2050 2185 6361 
4732 1501 1443 1502 
4733 3863 3030 6833 
4734 2193 2195 6920 
4735 4714 5061 6308 
4736 4154 3399 4325 
4737 3850 3492 7470 
4738 5806 5965 8052 
4739 6062 4854 6849 
4740 4292 4290 5753 
4741 4707 5068 6485 
4742 1596 1622 1797 
4743 2211 2209 6168 
4744 4344 3505 6980 
4745 3853 4157 5429 
4746 6881 6882 7116 
4747 7063 4664 7064 
4748 3498 1586 6187 
4749 1310 1230 1311 
4750 2502 2505 6882 
4751 3492 3493 3494 
4752 6712 4261 6713 
4753 4375 6470 6994 
4754 3884 6599 6851 
4755 2418 2659 2660 
4756 2633 2555 2634 
4757 1321 1325 1346 
4758 6109 7391 7482 
4759 1151 1150 1200 
4760 2196 2194 2208 
4761 3831 3406 3832 
4762 1462 4527 7076 
4763 1233 1274 1321 
4764 2019 2163 7409 
4765 1632 952 6803 
4766 1133 1135 1216 
4767 1858 1856 6201 
4768 3490 3491 3492 
4769 3838 3837 4152 
4770 5158 5160 5161 
4771 2136 2137 2138 
4772 3483 3484 3918 
4773 1761 1759 6898 
4774 6766 6767 6910 
4775 2990 2634 3214 
4776 2776 2775 2777 
4777 1478 1638 6901 
4778 4356 3995 5179 
4779 3448 3445 6924 
4780 1924 2119 6576 
4781 1288 1287 1289 
4782 1041 2914 5819 
4783 6112 4359 6113 
4784 3807 3399 4154 
4785 2014 7182 7404 
4786 2778 2777 2779 
4787 5455 5454 5533 
4788 2518 6302 7526 
4789 4671 6775 6776 
4790 1846 1845 6764 
4791 2107 2247 2248 
4792 5857 5858 5859 
4793 1565 1518 1859 
4794 2107 2248 2249 
4795 1637 4714 5360 
4796 2533 2620 5167 
4797 6652 4463 7137 
4798 4444 3828 4445 
4799 2235 2234 2236 
4800 6599 5045 6600 
4801 2158 6751 6752 
4802 2610 7845 7893 
4803 2290 2430 3381 
4804 4919 4922 5739 
4805 2766 2767 2768 
4806 3425 3456 7050 
4807 5219 5220 7858 
4808 1114 1456 6496 
4809 6187 1590 8067 
4810 2121 2089 2122 
4811 4230 3891 7254 
4812 2710 2720 6525 
4813 5167 2620 6183 
4814 4402 2736 6839 
4815 4347 6079 6912 
4816 3199 5211 5212 
4817 2949 2080 6457 
4818 1846 6766 6768 
4819 1254 1253 7140 
4820 3541 3506 6323 
4821 2772 2771 2773 
4822 3505 3497 6980 
4823 4154 4325 4992 
4824 1771 1808 6276 
4825 5864 4257 7142 
4826 6909 3977 7237 
4827 2774 2773 2775 
4828 2639 1739 6372 
4829 872 861 2425 
4830 3494 3495 3849 
4831 1442 1348 1443 
4832 2429 2832 2833 
4833 1604 1583 1605 
4834 2780 2779 2781 
4835 2660 2975 3379 
4836 1186 2423 6291 
4837 3501 3974 3976 
4838 3492 3491 3493 
4839 4297 4296 4298 
4840 1772 1000 6736 
4841 972 957 973 
4842 1585 1637 6267 
4843 1415 2151 7346 
4844 6051 6016 7095 
4845 3833 3832 4707 
4846 1311 2635 3525 
4847 6176 6147 6177 
4848 4495 6208 6209 
4849 1619 1620 1765 
4850 2712 2714 6530 
4851 659 661 8714 
4852 3476 3216 3997 
4853 2046 1851 2047 
4854 6619 6624 6639 
4855 1285 1286 1287 
4856 2016 2201 2202 
4857 2249 2250 2251 
4858 4982 4154 6309 
4859 3103 2375 6991 
4860 1883 2106 2107 
4861 1196 1192 2424 
4862 4293 4294 4295 
4863 2375 2377 6991 
4864 4741 3997 6471 
4865 890 882 906 
4866 1873 1934 6297 
4867 3494 3493 3495 
4868 2206 2207 3024 
4869 4383 3720 6845 
4870 1030 1032 1034 
4871 2303 3386 3740 
4872 1765 1766 1868 
4873 2651 6497 6651 
4874 4182 5877 5878 
4875 2209 2208 3026 
4876 3539 2651 6651 
4877 2237 2236 2238 
4878 4814 4532 4817 
4879 956 946 957 
4880 6981 5247 7715 
4881 2351 2047 2352 
4882 2994 2666 3216 
4883 4928 6013 6873 
4884 4545 4543 4546 
4885 4746 4007 5055 
4886 1203 1204 1229 
4887 907 2439 6416 
4888 3673 4513 7462 
4889 2293 2059 6759 
4890 1197 1198 1203 
4891 2545 2540 2555 
4892 3488 3489 3490 
4893 3354 3352 6594 
4894 2592 2589 6989 
4895 3732 4007 4746 
4896 3740 3386 4898 
4897 2948 3204 6554 
4898 1138 1140 1141 
4899 2768 2769 2770 
4900 3867 3308 7223 
4901 2553 2550 5178 
4902 5487 5517 6674 
4903 3976 5139 5225 
4904 3058 3012 3401 
4905 1218 1200 1273 
4906 828 821 6798 
4907 2764 2766 6919 
4908 6661 1772 6662 
4909 6448 4127 6452 
4910 2252 2253 2254 
4911 572 3532 6804 
4912 2212 2211 2213 
4913 6556 6554 6860 
4914 3825 5017 5227 
4915 1186 1183 2423 
4916 3757 3758 4182 
4917 2236 3068 6379 
4918 847 830 6342 
4919 1268 1269 1270 
4920 2233 2232 2234 
4921 1761 6899 6900 
4922 3474 3987 4736 
4923 6848 1280 7141 
4924 1035 1037 2429 
4925 3504 3505 3506 
4926 2472 2473 6609 
4927 7343 7259 7585 
4928 2230 2228 6681 
4929 2319 3384 3385 
4930 2215 2213 2433 
4931 1601 1750 6527 
4932 4631 5446 5447 
4933 4094 3480 4865 
4934 6425 3722 6426 
4935 2352 2725 3039 
4936 2202 2201 3010 
4937 4302 4300 6790 
4938 1635 7042 7043 
4939 5230 3292 6841 
4940 2203 2204 7319 
4941 1271 1272 1284 
4942 1561 1562 1619 
4943 1558 1560 1585 
4944 2533 2531 2620 
4945 1195 1196 1197 
4946 1594 1500 7392 
4947 2913 2912 3012 
4948 6615 765 7205 
4949 2158 2159 6751 
4950 2261 2260 2262 
4951 2255 2256 2257 
4952 843 841 6762 
4953 2092 2243 6780 
4954 1259 4457 6979 
4955 2313 2311 3739 
4956 4370 4017 6327 
4957 3941 3940 5168 
4958 5221 7085 7964 
4959 5214 5215 5216 
4960 7629 5219 7858 
4961 4342 2833 5063 
4962 3235 3234 3474 
4963 4372 4374 5786 
4964 5990 7880 7881 
4965 1287 1607 6326 
4966 4009 3197 6947 
4967 1382 1468 1469 
4968 2519 2520 2521 
4969 6391 3829 6927 
4970 4408 6231 6794 
4971 6881 7116 7286 
4972 1824 1826 2029 
4973 1820 1822 2623 
4974 2445 2447 6850 
4975 1315 1309 1316 
4976 3138 3139 6716 
4977 1934 2913 6297 
4978 3221 4077 6926 
4979 2744 2750 6607 
4980 968 3159 6817 
4981 6332 6333 6334 
4982 4988 3849 6345 
4983 4048 4026 5292 
4984 6612 5211 7327 
4985 6626 6631 6660 
4986 4854 4852 6849 
4987 4217 5643 5644 
4988 5857 3959 5858 
4989 6363 1604 7511 
4990 5213 5212 5214 
4991 1319 1318 1320 
4992 7122 6493 7476 
4993 3210 6737 6738 
4994 2590 2591 2593 
4995 6813 1170 6814 
4996 1317 1316 1318 
4997 4829 5264 5265 
4998 2683 6999 7000 
4999 2923 3186 6645 
5000 2944 2657 3199 
5001 3252 3253 3757 
5002 5924 4627 6446 
5003 2675 5907 7057 
5004 2326 2325 2327 
5005 6283 3087 6469 
5006 2580 2579 2582 
5007 2804 2803 6750 
5008 4280 5860 6353 
5009 6795 5083 6796 
5010 6383 6382 6384 
5011 1550 1551 1586 
5012 2324 2322 2325 
5013 3994 4261 6712 
5014 2564 2562 2666 
5015 6186 5166 6779 
5016 3793 4127 6448 
5017 4398 5711 5721 
5018 4175 4176 5456 
5019 4228 4227 5667 
5020 2912 1935 7248 
5021 2113 2114 2206 
5022 6391 6927 6928 
5023 1534 1592 6853 
5024 2252 2254 2255 
5025 1221 1222 7802 
5026 2782 2781 2783 
5027 6252 4009 6947 
5028 4742 4741 5410 
5029 6987 2478 7475 
5030 1826 1882 1883 
5031 4440 3064 6742 
5032 3847 4989 5009 
5033 2551 2550 2553 
5034 1868 1766 1869 
5035 2374 3329 6683 
5036 1293 1291 1304 
5037 1552 4501 7001 
5038 4132 6932 7184 
5039 4270 5334 6608 
5040 4930 4932 6724 
5041 4934 5140 6944 
5042 1442 1501 6758 
5043 677 655 6549 
5044 2219 2226 6493 
5045 3469 3205 3940 
5046 4959 4960 6281 
5047 1469 1509 1510 
5048 3490 3489 3491 
5049 4461 2378 6906 
5050 2563 2562 2564 
5051 4548 6059 8065 
5052 5160 5159 6188 
5053 4296 5732 6543 
5054 1290 1289 1291 
5055 6532 3895 6533 
5056 4859 3730 6933 
5057 2588 2589 2590 
5058 3936 3375 6418 
5059 3506 3505 3731 
5060 871 6475 6476 
5061 1126 1128 2282 
5062 2528 2526 2530 
5063 1886 1608 1887 
5064 4280 4278 5860 
5065 3614 2268 6647 
5066 2583 2582 2997 
5067 2764 2765 2766 
5068 672 8576 8581 
5069 1510 1582 1583 
5070 3039 2725 3302 
5071 3011 3010 3286 
5072 1343 4517 7301 
5073 3730 2985 6933 
5074 2656 4384 4385 
5075 2624 2266 3205 
5076 5154 8180 8216 
5077 6641 887 6642 
5078 6601 2488 6682 
5079 4385 4386 4387 
5080 2998 2997 3234 
5081 4295 4296 4297 
5082 3789 3846 6520 
5083 2319 2317 3384 
5084 4387 4862 5402 
5085 6731 4230 6732 
5086 1229 1230 1310 
5087 7931 6110 7992 
5088 5683 5684 5685 
5089 3030 3019 6833 
5090 2449 2450 2454 
5091 2764 2763 2765 
5092 3410 3302 3859 
5093 6332 859 6333 
5094 6381 6380 6382 
5095 890 906 4376 
5096 3382 2430 6937 
5097 7483 6034 7777 
5098 7107 2884 7583 
5099 1924 6576 7639 
5100 2303 2301 3386 
5101 4621 4396 6921 
5102 2059 2043 6759 
5103 4136 3859 4950 
5104 2065 3985 6914 
5105 4306 3489 7040 
5106 6459 3340 6979 
5107 5324 4502 5325 
5108 2519 2518 2520 
5109 3508 3480 4094 
5110 3556 1284 6540 
5111 3475 3474 6494 
5112 2517 2518 2519 
5113 2210 2211 2212 
5114 1151 1200 1201 
5115 5469 4162 5470 
5116 894 891 6307 
5117 6492 1570 7276 
5118 2125 2124 2126 
5119 1606 1605 1608 
5120 2521 2520 2525 
5121 2258 2259 2260 
5122 5168 5170 5812 
5123 2326 2327 2328 
5124 1308 1307 1309 
5125 2611 2614 7845 
5126 3070 3069 3399 
5127 2231 2230 2232 
5128 1322 1320 1323 
5129 2062 2112 2113 
5130 2320 2319 6414 
5131 5360 4714 6308 
5132 4163 4961 5534 
5133 4328 4330 5798 
5134 1918 7163 7443 
5135 3830 3848 5011 
5136 6692 6691 6693 
5137 4158 4170 6643 
5138 2589 2587 6989 
5139 1305 1304 1349 
5140 5216 5217 5293 
5141 4530 4532 4814 
5142 7855 4633 7962 
5143 6704 6706 6711 
5144 3550 1513 6539 
5145 3504 3497 3505 
5146 2788 2783 2789 
5147 1382 1469 3578 
5148 2438 753 6582 
5149 2447 2448 2449 
5150 3731 4345 4758 
5151 4299 4298 4300 
5152 5254 5255 5256 
5153 7010 1664 7451 
5154 3078 3101 6916 
5155 2976 2371 6683 
5156 1128 1130 6404 
5157 1212 1160 6744 
5158 2770 2771 2772 
5159 2779 3112 6519 
5160 6805 4200 6806 
5161 3612 4043 5250 
5162 1501 1502 1561 
5163 2368 2262 2369 
5164 996 997 998 
5165 1347 1325 1420 
5166 1824 1825 1826 
5167 5232 7041 7270 
5168 3237 3239 3240 
5169 1268 1271 7261 
5170 4855 4854 4856 
5171 5429 4157 5466 
5172 2929 2931 7058 
5173 1741 1739 2639 
5174 5076 5176 6337 
5175 5218 4508 7054 
5176 6943 6942 7401 
5177 5063 5064 5683 
5178 1790 2158 6675 
5179 4992 4325 5518 
5180 2685 2351 3069 
5181 3170 4083 6728 
5182 2591 2594 6741 
5183 2578 2565 2579 
5184 3872 4215 4217 
5185 4493 6595 7701 
5186 1285 1287 1288 
5187 6760 4780 6761 
5188 4386 4384 6289 
5189 3919 4400 4743 
5190 2351 2352 7196 
5191 1293 1304 1305 
5192 2982 2789 2983 
5193 4932 4934 6944 
5194 2074 3358 6878 
5195 3236 2983 3237 
5196 5044 3987 7132 
5197 5877 3758 7641 
5198 2013 2014 2183 
5199 4018 4500 6417 
5200 1887 1888 1890 
5201 2517 2515 2518 
5202 1725 1727 6748 
5203 3996 3995 4356 
5204 2411 2415 6872 
5205 3228 3229 6809 
5206 4500 4638 4728 
5207 2931 3081 7058 
5208 4358 6151 6152 
5209 4728 4638 6356 
5210 5817 4677 6680 
5211 4235 5814 7029 
5212 5191 5192 5193 
5213 3960 3200 3961 
5214 4031 3373 6422 
5215 2044 2045 2203 
5216 2565 2564 6360 
5217 1510 1583 1604 
5218 2590 2589 2591 
5219 5179 6847 7945 
5220 1310 1311 1348 
5221 5076 5077 5078 
5222 920 903 6774 
5223 2071 2265 7305 
5224 1190 1188 1194 
5225 4152 3837 6305 
5226 4926 4928 6873 
5227 775 1653 6403 
5228 3930 4678 7049 
5229 2762 2763 2764 
5230 3358 4017 4370 
5231 2997 2582 3217 
5232 4619 5550 5552 
5233 6407 2097 6976 
5234 3079 3536 7284 
5235 5484 5482 7106 
5236 2328 2327 2329 
5237 4032 2949 4502 
5238 4488 4477 6874 
5239 1271 3314 7261 
5240 3902 3126 4026 
5241 6302 4394 6352 
5242 2758 2759 2760 
5243 1011 1010 1012 
5244 4946 4945 4947 
5245 6282 5868 6828 
5246 3995 2855 6242 
5247 3601 1507 7382 
5248 2275 2289 2435 
5249 2561 2554 2562 
5250 2513 2454 4394 
5251 2593 6741 6980 
5252 967 968 6817 
5253 2737 2736 2738 
5254 710 2722 7027 
5255 3017 3029 6841 
5256 937 929 6227 
5257 2588 2587 2589 
5258 3703 4726 4727 
5259 1292 1291 1293 
5260 3254 6410 6411 
5261 2541 2540 2545 
5262 2261 2262 2368 
5263 2429 2833 4342 
5264 2204 2362 3014 
5265 1013 1012 1014 
5266 4453 4456 4959 
5267 4644 4646 6285 
5268 7610 5210 7760 
5269 4155 4200 6805 
5270 3520 3521 3522 
5271 4151 6984 6985 
5272 6191 4746 6192 
5273 3207 4055 6938 
5274 4627 3961 5318 
5275 4758 4345 5065 
5276 2258 2260 2261 
5277 2063 2064 2197 
5278 1985 2005 7028 
5279 3210 2928 6737 
5280 2435 2961 2962 
5281 4705 4703 5811 
5282 6317 2553 7121 
5283 2447 2446 2448 
5284 4305 3539 6651 
5285 7391 2347 7482 
5286 1569 6547 7152 
5287 4385 4384 4386 
5288 4944 4943 4945 
5289 2730 7073 7303 
5290 2312 2311 2313 
5291 2318 2317 2319 
5292 5365 4812 6300 
5293 5157 5158 6174 
5294 2445 2446 2447 
5295 1890 1891 2115 
5296 5251 5253 5254 
5297 5188 3969 7020 
5298 4017 4018 4713 
5299 1817 1818 2028 
5300 2380 4461 7237 
5301 4948 4947 5718 
5302 4502 2949 6457 
5303 6027 5256 6028 
5304 6128 2120 6644 
5305 687 695 6474 
5306 2774 2775 2776 
5307 3909 3475 3910 
5308 3113 1236 4395 
5309 7544 2933 8239 
5310 6259 6260 6261 
5311 2449 2448 2450 
5312 861 859 6332 
5313 2776 2777 2778 
5314 2236 2234 3068 
5315 4736 3987 5043 
5316 3199 2657 5211 
5317 2157 2277 6799 
5318 2115 2160 2266 
5319 2576 2587 2588 
5320 6494 4736 6495 
5321 2280 2109 2657 
5322 6527 6408 7003 
5323 6554 3204 6860 
5324 2160 2287 6743 
5325 1840 6768 6770 
5326 4936 4935 4937 
5327 2687 2662 2688 
5328 4144 5004 5542 
5329 1025 1027 2434 
5330 6901 6900 6902 
5331 3329 2388 3330 
5332 1650 1172 6813 
5333 4014 4671 6565 
5334 3488 3487 3489 
5335 2772 2773 2774 
5336 2760 2761 2762 
5337 1100 1082 7555 
5338 4527 1460 7732 
5339 3623 4027 4760 
5340 853 847 2440 
5341 3528 5175 7066 
5342 3489 3487 7040 
5343 3064 2355 6742 
5344 2201 2017 7352 
5345 2762 2761 2763 
5346 6843 4362 6844 
5347 3381 3382 4086 
5348 4799 7722 7736 
5349 2656 2596 4384 
5350 4813 4521 6318 
5351 3347 6482 7788 
5352 2997 3217 7132 
5353 4370 6327 6328 
5354 4221 5714 6819 
5355 1020 1022 1029 
5356 1243 6744 6745 
5357 3773 6985 7441 
5358 2787 2786 6815 
5359 3014 2362 3015 
5360 1170 1168 6814 
5361 2981 3211 3623 
5362 695 732 733 
5363 6883 2420 6884 
5364 3324 3930 7049 
5365 1868 1869 2044 
5366 994 995 996 
5367 1191 1190 1192 
5368 1117 4504 7274 
5369 657 679 681 
5370 2316 2314 2317 
5371 3787 6520 6522 
5372 3718 4194 6801 
5373 1189 1188 1190 
5374 776 3111 6834 
5375 952 939 6803 
5376 3878 3877 5948 
5377 753 761 762 
5378 2513 4394 6302 
5379 7121 5178 7449 
5380 5345 4430 8353 
5381 7041 7015 7270 
5382 2594 2596 2656 
5383 2962 2963 2964 
5384 4387 4386 4862 
5385 3925 4235 7029 
5386 2538 2537 2540 
5387 1583 1743 6373 
5388 3138 6716 6788 
5389 998 999 1000 
5390 2374 2387 2388 
5391 4942 4941 4943 
5392 1249 2736 2737 
5393 3987 3234 7132 
5394 3184 3185 4005 
5395 2370 2369 2371 
5396 1846 6765 6766 
5397 6499 1488 7070 
5398 2445 2444 2446 
5399 5250 4043 5251 
5400 1782 1781 1783 
5401 6136 3403 8253 
5402 3474 3234 3987 
5403 6446 5318 8409 
5404 5093 3959 5857 
5405 4934 4933 4935 
5406 8006 3013 8015 
5407 1187 1186 1188 
5408 3299 3487 3488 
5409 4297 4298 4299 
5410 1827 1729 6248 
5411 1498 1496 2428 
5412 1542 1543 1544 
5413 2443 2442 2444 
5414 1902 1900 6942 
5415 5645 5644 5646 
5416 2510 2507 6864 
5417 3176 4336 7085 
5418 2778 2779 2780 
5419 3835 3834 3837 
5420 2549 2546 2550 
5421 2378 2104 6906 
5422 2689 2688 2690 
5423 3331 3332 3946 
5424 696 738 1382 
5425 4296 4294 5732 
5426 6315 5915 7448 
5427 3932 5083 6795 
5428 4350 4348 4351 
5429 7024 1594 7392 
5430 5121 5966 8017 
5431 2347 6458 7482 
5432 3241 3240 3242 
5433 5647 5646 5648 
5434 3946 4016 4636 
5435 6434 6431 6440 
5436 1871 1794 6684 
5437 4773 4768 6257 
5438 2671 2674 6955 
5439 6397 6396 6400 
5440 4500 4728 6417 
5441 811 799 812 
5442 2450 2452 6598 
5443 4010 5303 6869 
5444 6395 6394 6396 
5445 2760 2759 2761 
5446 3222 4366 7022 
5447 5214 5212 5215 
5448 1288 1289 1290 
5449 1829 1828 1830 
5450 4396 4395 4397 
5451 706 1215 7060 
5452 954 942 1892 
5453 2435 2962 3971 
5454 3829 3256 6927 
5455 4938 4937 4939 
5456 4207 6690 6691 
5457 1612 1613 1739 
5458 3960 3961 4627 
5459 1598 1764 6969 
5460 6261 6263 6264 
5461 5174 8081 8132 
5462 3911 3910 4095 
5463 1544 1545 1546 
5464 2438 6582 6583 
5465 3631 3703 6964 
5466 2324 2325 2326 
5467 2371 2373 2374 
5468 4096 4095 4735 
5469 2723 1977 7033 
5470 4627 5318 6446 
5471 2441 2440 2442 
5472 1648 1649 1770 
5473 2239 2238 2240 
5474 830 822 849 
5475 2630 2274 6775 
5476 2024 2065 6914 
5477 4856 6062 6087 
5478 5480 4585 5481 
5479 1599 1598 1642 
5480 2492 2494 6734 
5481 791 794 795 
5482 4461 6906 6907 
5483 2756 2757 2758 
5484 4409 4410 4411 
5485 2275 2435 6544 
5486 3507 3506 3541 
5487 2641 4373 4415 
5488 4229 4230 6731 
5489 790 777 791 
5490 1513 1514 1612 
5491 1306 1305 1307 
5492 5605 6578 6579 
5493 5813 4749 6553 
5494 5193 5194 5195 
5495 2115 2266 2624 
5496 1604 1605 1606 
5497 3992 7241 7403 
5498 2917 2919 6590 
5499 4222 5059 5713 
5500 5112 6245 6246 
5501 4046 4739 6947 
5502 2214 2213 2215 
5503 733 743 744 
5504 3946 3332 4016 
5505 4373 2639 6372 
5506 2640 2639 2641 
5507 2691 2690 2692 
5508 4420 4519 6480 
5509 4415 4416 4417 
5510 4934 4935 4936 
5511 4699 4674 7589 
5512 4090 4858 6842 
5513 1313 1223 6948 
5514 1628 1629 1648 
5515 2693 2692 2694 
5516 6824 6830 6831 
5517 6496 3550 8179 
5518 1442 1443 1501 
5519 2436 1835 2686 
5520 6861 4657 6862 
5521 5112 3938 6245 
5522 4337 4338 4340 
5523 6464 6465 6466 
5524 1204 1198 1242 
5525 4502 6457 7242 
5526 4940 4939 4941 
5527 3555 1313 6948 
5528 6766 6765 6767 
5529 1586 1551 1587 
5530 2446 6679 7402 
5531 3528 2636 3978 
5532 2044 1869 2045 
5533 1906 1902 6942 
5534 1521 1520 1598 
5535 796 795 797 
5536 3331 2464 3332 
5537 4395 1236 7272 
5538 5068 5675 6048 
5539 1550 1586 2652 
5540 4424 3211 7101 
5541 3521 3519 5166 
5542 2040 2012 6875 
5543 792 3528 7066 
5544 5216 5215 5217 
5545 3463 3462 3834 
5546 1750 2016 6408 
5547 2155 2967 6861 
5548 4006 4005 4670 
5549 1456 1457 1513 
5550 7632 5189 7877 
5551 2415 2413 7161 
5552 6390 3829 6391 
5553 6055 5411 6056 
5554 2646 2645 3178 
5555 6514 6510 7364 
5556 695 733 1381 
5557 2687 2688 2689 
5558 2196 2210 7454 
5559 3503 3497 3504 
5560 1243 1212 6744 
5561 1546 1547 1548 
5562 3855 3949 4165 
5563 3994 3177 4261 
5564 1340 1323 1341 
5565 3266 3267 3298 
5566 2964 2965 3200 
5567 1927 3612 6811 
5568 3496 2593 3497 
5569 945 937 946 
5570 4411 5673 5760 
5571 2783 2781 2805 
5572 2452 2455 3349 
5573 6764 2663 7022 
5574 4978 4644 6285 
5575 2969 2396 7020 
5576 2282 1128 6404 
5577 1172 1170 6813 
5578 5176 5078 5177 
5579 1827 6249 6577 
5580 5444 6960 6961 
5581 3287 3286 6812 
5582 6720 3729 6722 
5583 3176 2686 3177 
5584 6461 2958 6462 
5585 1740 1816 1817 
5586 2216 2215 2217 
5587 4115 4985 5020 
5588 5083 4377 5876 
5589 799 6403 6591 
5590 3467 4220 4222 
5591 1309 1307 3307 
5592 744 752 753 
5593 3627 4023 7209 
5594 3443 3452 6924 
5595 4217 4215 5643 
5596 4408 5443 5467 
5597 3031 2353 3804 
5598 5097 4270 6608 
5599 798 775 799 
5600 6492 7276 8998 
5601 1191 1192 1195 
5602 5483 5484 5485 
5603 2240 2238 3394 
5604 4749 4734 5142 
5605 815 806 2431 
5606 1308 1309 1315 
5607 4235 3928 4270 
5608 1165 1144 6473 
5609 4623 4621 5781 
5610 3214 3215 3732 
5611 3606 3608 7869 
5612 4530 4531 4532 
5613 5482 4585 6273 
5614 3930 3327 3931 
5615 804 797 805 
5616 2532 2531 2533 
5617 2457 2459 2463 
5618 4507 4780 6760 
5619 4301 4300 4302 
5620 2600 2602 2981 
5621 5165 4670 6059 
5622 3128 2712 6530 
5623 4902 4087 6572 
5624 6504 6499 7070 
5625 3718 3746 4194 
5626 1311 1230 2635 
5627 2368 2369 2370 
5628 6462 6463 6464 
5629 1144 982 1146 
5630 1315 1316 1317 
5631 2780 2781 2782 
5632 4932 4931 4933 
5633 2758 2757 2759 
5634 4027 4860 6808 
5635 6534 6533 6535 
5636 6577 6249 7946 
5637 2644 2642 2645 
5638 3699 3218 6720 
5639 4417 4418 4419 
5640 5073 4412 6234 
5641 4781 4783 5780 
5642 2967 3667 6861 
5643 6342 849 6343 
5644 1817 1816 1818 
5645 4419 4420 4807 
5646 3298 3267 3299 
5647 3358 3359 4017 
5648 7837 4755 7944 
5649 4932 4933 4934 
5650 2964 3200 3960 
5651 5254 5253 5255 
5652 6425 6426 6427 
5653 4930 4931 4932 
5654 2436 2686 3176 
5655 2644 2645 2646 
5656 846 4365 6506 
5657 1641 1585 6267 
5658 2228 3079 6681 
5659 2218 2217 2219 
5660 7005 6326 7823 
5661 4382 3720 4383 
5662 5685 5684 5686 
5663 3876 3690 3877 
5664 8570 6164 8576 
5665 3235 3474 3475 
5666 6748 4658 6749 
5667 2668 3655 6885 
5668 762 776 777 
5669 3226 3225 3366 
5670 1318 1316 1335 
5671 4300 5717 6790 
5672 2443 2444 2445 
5673 778 2662 2687 
5674 3469 3940 3941 
5675 3528 3978 4404 
5676 3214 3732 6191 
5677 4040 4041 4768 
5678 762 761 776 
5679 1548 1549 1550 
5680 2556 2903 6829 
5681 4479 4488 7124 
5682 2302 2301 2303 
5683 3111 3894 4409 
5684 6104 4760 6105 
5685 1606 1608 1886 
5686 4760 4027 6808 
5687 871 683 6475 
5688 3391 3712 3847 
5689 3816 3968 4111 
5690 5256 5255 5257 
5691 2436 3176 7085 
5692 6532 6533 6534 
5693 7083 4332 7084 
5694 6680 5341 8539 
5695 568 1386 6893 
5696 1540 1541 1542 
5697 5662 2627 6969 
5698 1562 1502 1758 
5699 2627 1642 6969 
5700 4853 4852 4854 
5701 1598 1520 1764 
5702 4235 4270 5097 
5703 953 960 7061 
5704 6886 5082 7745 
5705 5240 6915 7452 
5706 3941 5168 5169 
5707 7139 5233 7738 
5708 2981 2602 3211 
5709 3759 3843 3844 
5710 2689 2690 2691 
5711 778 772 2662 
5712 1585 1560 1637 
5713 2888 2886 3227 
5714 6555 6554 6556 
5715 6775 2110 6777 
5716 2203 2045 2204 
5717 4326 4327 4337 
5718 4727 4726 5330 
5719 2021 1804 7183 
5720 4787 4786 4788 
5721 1887 1890 2023 
5722 2469 2472 6611 
5723 3176 3177 3994 
5724 2002 1973 7079 
5725 3224 3223 3225 
5726 792 2636 3528 
5727 5271 6226 8058 
5728 2754 2755 2756 
5729 824 812 825 
5730 1532 1534 6853 
5731 2691 2692 2693 
5732 2693 2694 2695 
5733 1289 1287 6326 
5734 1317 1318 1319 
5735 6266 4636 6277 
5736 4095 4869 6573 
5737 2622 677 6549 
5738 687 694 695 
5739 2665 3222 7022 
5740 5294 6313 6314 
5741 4000 4662 7030 
5742 3808 3397 3809 
5743 744 753 2438 
5744 792 788 2636 
5745 8494 796 8509 
5746 5078 5077 5649 
5747 3237 2983 3239 
5748 6387 6383 6388 
5749 850 846 851 
5750 4981 5156 5157 
5751 2624 3205 3469 
5752 4936 4937 4938 
5753 3815 5012 6303 
5754 696 1382 6278 
5755 6915 3559 7452 
5756 5380 5382 5613 
5757 4272 5132 6787 
5758 4732 4730 5832 
5759 3233 4422 7045 
5760 3434 6574 7138 
5761 3623 3211 4027 
5762 4677 3931 5341 
5763 4763 3715 6578 
5764 6430 3247 6431 
5765 3982 4362 6843 
5766 1285 1272 1286 
5767 4928 4929 4930 
5768 3230 6393 6394 
5769 825 993 994 
5770 3930 3931 4677 
5771 2429 1037 2832 
5772 4354 4352 4355 
5773 3324 3327 3930 
5774 917 916 928 
5775 1435 5075 5076 
5776 3375 4031 6418 
5777 3925 3928 4235 
5778 1184 1183 1186 
5779 6594 3352 7110 
5780 4519 4521 4813 
5781 3925 3117 3928 
5782 3266 3265 3267 
5783 2529 2528 2531 
5784 3581 3582 3583 
5785 6902 6900 6903 
5786 5293 5217 5294 
5787 1290 1291 1292 
5788 2355 2356 6742 
5789 1739 1613 1740 
5790 3224 3225 3226 
5791 6428 4036 8180 
5792 4416 6193 7548 
5793 2235 2236 2237 
5794 2370 2371 2976 
5795 6967 6857 6968 
5796 3226 3366 3367 
5797 5115 5116 5833 
5798 3837 3834 5018 
5799 3732 3733 4007 
5800 3324 2648 3327 
5801 3546 5184 7042 
5802 3293 3292 3851 
5803 3902 4026 4048 
5804 2464 2465 7456 
5805 6587 4124 7119 
5806 3536 4126 4144 
5807 3890 2976 4757 
5808 813 805 814 
5809 1792 2019 7409 
5810 2441 2442 2443 
5811 4805 4183 5619 
5812 6724 4932 6944 
5813 2940 2710 6525 
5814 845 843 846 
5815 2998 3234 3235 
5816 2220 2219 2221 
5817 1287 1286 1607 
5818 1182 1181 1183 
5819 1833 1835 2436 
5820 7693 3347 7788 
5821 2710 2704 2720 
5822 3205 3376 6678 
5823 3932 2631 4377 
5824 1249 1247 2736 
5825 2510 6864 6866 
5826 3841 3809 3842 
5827 5115 3936 5116 
5828 6799 4429 6800 
5829 6862 7421 7516 
5830 2461 2464 3331 
5831 5680 5681 5682 
5832 3667 4657 6861 
5833 3211 2602 7101 
5834 4930 4929 4931 
5835 3186 2948 6554 
5836 3035 3036 3391 
5837 3375 3373 4031 
5838 6557 6556 6558 
5839 2233 2234 2235 
5840 4651 3994 6712 
5841 3199 5212 5213 
5842 2204 2361 2362 
5843 4924 4925 4926 
5844 1367 1365 1473 
5845 2229 2228 2230 
5846 2265 3123 3184 
5847 3655 4381 6885 
5848 4853 4854 4855 
5849 6771 6769 6772 
5850 2737 2738 2739 
5851 5755 4735 5756 
5852 2231 2232 2233 
5853 4477 4472 6874 
5854 4124 3460 7119 
5855 2527 2526 2528 
5856 3222 3223 3224 
5857 5604 4763 5605 
5858 1400 1398 6409 
5859 4707 4710 5068 
5860 3136 6008 8112 
5861 836 828 837 
5862 4406 5323 6161 
5863 753 752 761 
5864 3222 3221 3223 
5865 1808 2626 6276 
5866 2593 2591 6741 
5867 1110 1112 6934 
5868 4677 5341 6680 
5869 2150 2148 2189 
5870 5928 5927 5929 
5871 1605 6373 6729 
5872 6619 6621 6624 
5873 2745 2744 6607 
5874 5781 4621 6921 
5875 2652 3498 5098 
5876 2371 2374 6683 
5877 2779 2777 3112 
5878 6823 6826 6837 
5879 2026 1783 6203 
5880 6342 6343 6526 
5881 973 977 978 
5882 1741 2639 2640 
5883 3700 5332 5333 
5884 6585 6587 6588 
5885 2747 2745 6646 
5886 2721 2484 3533 
5887 2782 2783 2788 
5888 5112 6246 7289 
5889 4062 3360 7006 
5890 6032 5183 7961 
5891 988 1150 1151 
5892 6698 2680 6837 
5893 1114 1116 1456 
5894 1252 1250 1253 
5895 6300 7803 7926 
5896 978 987 988 
5897 663 665 6516 
5898 830 849 6342 
5899 4806 4383 6163 
5900 4926 4927 4928 
5901 4216 5641 6836 
5902 6617 6619 6639 
5903 1319 1320 1322 
5904 1456 1513 3550 
5905 4086 4087 4902 
5906 5027 5623 5624 
5907 1510 1509 1582 
5908 1558 1484 1560 
5909 6964 4727 6965 
5910 6568 6569 6570 
5911 4312 4685 6597 
5912 5858 6321 6377 
5913 693 941 7175 
5914 827 821 828 
5915 3240 3239 3467 
5916 4907 4923 4924 
5917 1359 1360 1361 
5918 2683 1298 6999 
5919 2437 2183 3035 
5920 4342 5063 5796 
5921 2283 3546 7042 
5922 3369 3367 3722 
5923 2882 2880 3230 
5924 2524 2523 2526 
5925 2769 3119 6877 
5926 7008 2741 7372 
5927 6559 6558 6560 
5928 4823 5819 8683 
5929 2352 2724 2725 
5930 853 2440 2441 
5931 3029 3019 3030 
5932 2322 2320 6415 
5933 1362 1361 1363 
5934 2374 2388 3329 
5935 5213 5214 5338 
5936 4423 5026 5027 
5937 3014 3015 3292 
5938 2334 2357 7176 
5939 6626 6628 6631 
5940 574 572 6804 
5941 7018 5238 7145 
5942 4089 4273 4901 
5943 1865 2292 6894 
5944 3958 3542 3959 
5945 2739 2738 2740 
5946 7241 6955 7403 
5947 4299 4300 4301 
5948 1358 1341 1359 
5949 3168 3166 6529 
5950 7827 3159 7934 
5951 1112 1114 6496 
5952 5076 5075 5077 
5953 3462 4124 6584 
5954 3178 3720 4382 
5955 6662 1772 6663 
5956 3292 3015 6841 
5957 2982 2983 3236 
5958 2872 2870 6515 
5959 4084 3273 6905 
5960 1849 2156 2275 
5961 4944 4945 4946 
5962 4040 4768 4773 
5963 6754 7268 7269 
5964 6648 4305 6650 
5965 2814 3387 3499 
5966 6829 2903 7255 
5967 1766 1620 2625 
5968 3329 3330 4202 
5969 4787 4788 4789 
5970 2243 2365 2366 
5971 4067 4312 6597 
5972 2384 2411 6872 
5973 6623 6626 6660 
5974 4019 3575 5245 
5975 1797 3519 3520 
5976 1437 6848 7781 
5977 4303 4302 4304 
5978 820 814 821 
5979 3452 3934 7231 
5980 2014 7181 7182 
5981 3232 2345 7054 
5982 6941 1906 6942 
5983 3081 3301 4625 
5984 1469 1468 1509 
5985 3011 3286 3287 
5986 2092 2242 2243 
5987 2536 2534 2537 
5988 7312 4097 7638 
5989 1504 1503 1520 
5990 2427 996 6661 
5991 2221 2219 6493 
5992 2788 2789 2982 
5993 3517 2092 6780 
5994 4938 4939 4940 
5995 2752 2753 2754 
5996 2225 2227 2228 
5997 5073 6234 6235 
5998 6619 6620 6621 
5999 2340 2342 7391 
6000 6673 3590 8087 
6001 2878 2876 3247 
6002 4082 4081 4781 
6003 3388 2855 3995 
6004 3932 4377 5083 
6005 2219 2217 2226 
6006 4807 4420 6480 
6007 2700 2702 2945 
6008 6555 6556 6557 
6009 4111 5128 5129 
6010 5242 5241 6338 
6011 3966 3965 4246 
6012 1108 1110 1389 
6013 930 2671 6955 
6014 3797 3799 4146 
6015 3789 3791 3846 
6016 4222 4220 5059 
6017 7163 5229 7443 
6018 837 838 839 
6019 2750 2751 2752 
6020 2296 2294 2297 
6021 3810 3260 7184 
6022 5683 5064 5684 
6023 6628 6629 6630 
6024 2581 6110 8029 
6025 6395 6396 6397 
6026 6498 1488 6499 
6027 3015 3016 3017 
6028 1429 1481 6970 
6029 6630 6633 6636 
6030 2074 2076 3358 
6031 6623 6625 6626 
6032 4361 4427 6786 
6033 3264 3265 3266 
6034 2450 2451 2452 
6035 4010 4009 5302 
6036 6563 5175 8343 
6037 4055 4786 4787 
6038 5447 5446 5448 
6039 2252 2250 2253 
6040 6621 6622 6623 
6041 667 669 6461 
6042 1260 1259 6979 
6043 3050 3031 6960 
6044 3681 3680 5271 
6045 841 844 6762 
6046 4946 4947 4948 
6047 2546 2545 6225 
6048 3688 3686 4033 
6049 4382 4383 4806 
6050 4940 4941 4942 
6051 6626 6627 6628 
6052 3186 6554 6555 
6053 4942 4943 4944 
6054 2400 5190 5191 
6055 2721 3533 3945 
6056 4694 7976 8187 
6057 2915 2917 4425 
6058 4300 4298 5717 
6059 1622 1597 1623 
6060 3909 3910 3911 
6061 3997 3998 4868 
6062 5009 4989 5522 
6063 1306 1307 1308 
6064 5846 5440 5847 
6065 5318 6170 6730 
6066 3017 3018 3019 
6067 1878 2091 2092 
6068 6486 2637 6487 
6069 4808 4807 5343 
6070 2694 2697 2698 
6071 3742 3745 4695 
6072 2522 2521 2523 
6073 1492 1490 1742 
6074 1199 1166 7089 
6075 4957 5458 5459 
6076 7071 4948 7072 
6077 2783 2805 7256 
6078 5063 2833 5064 
6079 3540 3539 3965 
6080 4431 3109 6851 
6081 1612 1739 1741 
6082 2300 2298 2301 
6083 2306 2304 2307 
6084 3911 4095 4096 
6085 1009 1008 1010 
6086 7037 3564 7038 
6087 4684 4084 6287 
6088 7272 3315 7787 
6089 6630 6632 6633 
6090 6122 5624 6123 
6091 3377 4075 4076 
6092 3201 4039 4040 
6093 6617 6618 6619 
6094 1603 1601 6527 
6095 1523 1519 1601 
6096 2328 2329 2330 
6097 842 841 843 
6098 4210 4153 4211 
6099 2310 2308 2311 
6100 2618 3233 7045 
6101 2708 2712 3128 
6102 2332 2330 2333 
6103 2320 6414 6415 
6104 6408 2202 7553 
6105 839 840 841 
6106 6482 5919 7788 
6107 6623 6660 7221 
6108 7082 3992 7654 
6109 3538 2651 3539 
6110 4868 5125 5127 
6111 982 970 6538 
6112 2698 2699 2700 
6113 6498 6499 6500 
6114 3364 2954 4430 
6115 5129 6009 6010 
6116 797 795 810 
6117 3178 3179 3720 
6118 2583 2997 2998 
6119 2525 2575 2576 
6120 1032 1035 6195 
6121 1542 1541 1543 
6122 2580 2582 2583 
6123 791 777 794 
6124 2880 2878 6393 
6125 4165 5109 5110 
6126 746 3526 7232 
6127 1612 1514 1613 
6128 2921 2923 6645 
6129 2311 2308 6320 
6130 6231 5467 6232 
6131 2716 2718 3895 
6132 821 6725 6798 
6133 7113 7112 7485 
6134 2756 2755 2757 
6135 3318 4218 4398 
6136 2745 6607 6646 
6137 4816 3212 5369 
6138 2706 2707 2708 
6139 6557 6558 6559 
6140 2741 2740 2742 
6141 2700 2701 2702 
6142 4010 5302 5303 
6143 4928 4927 4929 
6144 5518 6016 6017 
6145 2708 2709 2712 
6146 6487 6488 6489 
6147 4381 5730 6885 
6148 1544 1543 1545 
6149 2863 1086 7581 
6150 6692 6693 6694 
6151 4155 3762 4200 
6152 4835 4837 4864 
6153 2177 6699 6700 
6154 1398 1396 1527 
6155 6854 6857 6967 
6156 1538 1539 1540 
6157 2702 2703 2706 
6158 2065 3147 3984 
6159 5271 3680 6226 
6160 2228 2227 3079 
6161 4425 2917 6590 
6162 1402 1400 3254 
6163 665 1214 6516 
6164 4461 6907 6909 
6165 4521 4529 4530 
6166 6811 5250 7876 
6167 4096 4735 5755 
6168 2280 2657 2944 
6169 4032 4502 5324 
6170 2426 3343 6428 
6171 3282 3280 3836 
6172 2712 2713 2714 
6173 1322 1323 1340 
6174 3230 6394 6395 
6175 1583 1582 1743 
6176 2743 2742 2744 
6177 1536 1537 1538 
6178 6944 5140 6945 
6179 1364 1363 1365 
6180 4781 4081 4783 
6181 2090 1791 7135 
6182 3619 5274 7504 
6183 6694 6693 6695 
6184 4246 6648 6649 
6185 4327 4059 6911 
6186 3276 4122 4408 
6187 774 760 775 
6188 4090 3730 4858 
6189 2923 2948 3186 
6190 2452 2453 2455 
6191 2439 894 6307 
6192 2714 2715 2716 
6193 4415 4373 4416 
6194 2819 700 6993 
6195 2407 2366 2408 
6196 1822 1823 1824 
6197 6654 6655 6656 
6198 799 775 6403 
6199 3557 6677 6970 
6200 669 671 2958 
6201 3015 3017 6841 
6202 6535 6536 6537 
6203 6013 4930 6724 
6204 2408 3087 3088 
6205 908 907 916 
6206 2640 2641 2642 
6207 2665 3221 3222 
6208 4435 4433 6723 
6209 4437 4435 4439 
6210 2314 2313 6237 
6211 4304 5710 5783 
6212 5168 3940 5170 
6213 2563 2564 2565 
6214 796 797 804 
6215 3474 4736 6494 
6216 3056 3212 4816 
6217 814 2845 6725 
6218 6941 6942 6943 
6219 1000 1001 1002 
6220 2327 2325 3243 
6221 7982 4833 8089 
6222 3817 6605 6982 
6223 1425 1423 1570 
6224 7081 7654 7855 
6225 3501 2281 3974 
6226 2258 2256 2259 
6227 2476 2478 6014 
6228 1870 1871 2061 
6229 6576 4425 6832 
6230 3851 5230 5231 
6231 2503 2492 6734 
6232 3360 2952 7006 
6233 3478 3129 6917 
6234 2425 861 6332 
6235 2024 2025 2065 
6236 7135 1748 7252 
6237 8600 7182 8615 
6238 2018 2090 7179 
6239 3202 4535 4536 
6240 1887 1608 1888 
6241 1256 1254 1257 
6242 1776 1775 1777 
6243 4851 4030 4852 
6244 3237 3240 3241 
6245 6334 6333 6548 
6246 6464 6463 6465 
6247 3978 4390 5171 
6248 1759 1788 6898 
6249 2718 2719 2977 
6250 3161 2679 6593 
6251 2576 2586 2587 
6252 1774 1773 1775 
6253 2564 2994 6360 
6254 6329 6328 6330 
6255 2716 2717 2718 
6256 903 6575 6774 
6257 3233 2985 3730 
6258 4162 3298 6256 
6259 6027 6028 6146 
6260 804 805 813 
6261 8128 6028 8169 
6262 2254 2253 2422 
6263 1402 3254 6412 
6264 4055 4764 4786 
6265 665 667 1214 
6266 1471 1438 1600 
6267 5334 5335 6001 
6268 939 2661 6803 
6269 5730 5835 5836 
6270 690 677 2622 
6271 1038 1041 6852 
6272 4253 5679 5680 
6273 2887 2886 2888 
6274 1250 1249 6685 
6275 6826 6825 6827 
6276 4940 4942 6958 
6277 960 7080 7081 
6278 6629 6627 7919 
6279 3546 4009 4010 
6280 3959 3542 6321 
6281 5246 6886 7745 
6282 1372 1344 2651 
6283 1843 1846 6768 
6284 2013 1921 2014 
6285 1654 836 6830 
6286 2578 2579 2580 
6287 2222 2221 2223 
6288 2591 2592 2594 
6289 3546 3197 4009 
6290 1513 1457 1514 
6291 4419 4418 4420 
6292 2744 2749 2750 
6293 1768 1729 1769 
6294 6540 1288 7673 
6295 2516 2515 2517 
6296 1727 3670 6748 
6297 2335 3005 6997 
6298 6390 6391 6392 
6299 6639 6624 7067 
6300 2455 2456 2457 
6301 2224 2223 2225 
6302 2901 900 7110 
6303 6954 930 6955 
6304 4016 4405 4406 
6305 4328 3495 4330 
6306 5450 4162 5469 
6307 2842 7061 7062 
6308 1490 1479 6486 
6309 3761 3030 3762 
6310 3807 4154 4982 
6311 3422 4189 4423 
6312 6997 3005 6998 
6313 1106 1108 7004 
6314 4713 6417 8310 
6315 4270 4401 5334 
6316 4005 3185 4224 
6317 3172 3170 6728 
6318 4106 4906 4907 
6319 3851 3292 5230 
6320 5461 5460 5535 
6321 3410 4136 4137 
6322 1546 1545 1547 
6323 1660 1658 6698 
6324 2810 2394 7201 
6325 3170 3168 4083 
6326 4463 3446 7137 
6327 5619 4183 5620 
6328 1605 1583 6373 
6329 3089 3088 3090 
6330 4441 4440 4442 
6331 4947 4945 5403 
6332 700 698 6993 
6333 4926 4925 4927 
6334 4988 6345 6346 
6335 4095 3910 4869 
6336 1396 1394 6378 
6337 2119 2915 6576 
6338 2210 2893 7454 
6339 4689 5362 6085 
6340 4219 3592 5241 
6341 968 1632 2024 
6342 669 2958 6461 
6343 2318 2319 2320 
6344 5454 4155 6805 
6345 1833 1834 1835 
6346 3166 3164 3744 
6347 1366 1365 1367 
6348 1104 1106 2655 
6349 895 894 907 
6350 3476 4741 4742 
6351 655 649 1489 
6352 2301 2298 6375 
6353 4417 4416 4418 
6354 1910 1929 7017 
6355 3051 3050 3276 
6356 869 851 870 
6357 3241 3242 3735 
6358 2641 2639 4373 
6359 2874 2872 3246 
6360 2482 2484 2721 
6361 3759 3287 3843 
6362 1667 1669 7133 
6363 3389 2891 7384 
6364 3019 3880 6833 
6365 6717 6718 6719 
6366 2260 2259 3105 
6367 1840 1843 6768 
6368 3533 6601 6602 
6369 5680 5682 6247 
6370 2457 2458 2459 
6371 3965 4305 6648 
6372 1166 1165 7089 
6373 5605 4763 6578 
6374 1034 1032 6195 
6375 2948 2956 3204 
6376 1479 1450 2637 
6377 4924 4923 4925 
6378 1326 1302 1488 
6379 6624 6621 7221 
6380 1761 6900 6901 
6381 2514 2513 2515 
6382 3315 1267 5288 
6383 4691 4022 4693 
6384 4331 4332 7083 
6385 3092 3465 3466 
6386 3380 4059 4326 
6387 2923 2924 2948 
6388 674 683 871 
6389 2739 2741 7008 
6390 5254 5256 6027 
6391 2420 937 6227 
6392 2107 2106 2247 
6393 1731 1876 1878 
6394 4046 4738 4739 
6395 2225 2223 2227 
6396 1011 1012 1013 
6397 2695 2694 8557 
6398 1382 738 1468 
6399 791 795 796 
6400 6226 3680 7301 
6401 3720 3721 6845 
6402 4003 2585 6975 
6403 4244 4014 4759 
6404 3750 3752 4195 
6405 5197 5468 6892 
6406 1932 2663 6764 
6407 2750 2752 2808 
6408 4123 6524 6603 
6409 5613 5382 5737 
6410 2821 6107 8254 
6411 4851 4852 4853 
6412 5159 5156 6167 
6413 956 957 972 
6414 2596 2597 6918 
6415 867 834 3545 
6416 661 663 2653 
6417 3670 4104 4658 
6418 1002 1003 1004 
6419 6389 4440 6742 
6420 4457 6459 6979 
6421 2377 2104 2378 
6422 3915 3598 4183 
6423 6688 6687 6689 
6424 683 686 687 
6425 1394 1373 7266 
6426 6717 3699 6718 
6427 2212 2213 2214 
6428 6700 6699 6701 
6429 3233 3730 4090 
6430 3246 2872 6515 
6431 2498 2502 6879 
6432 2237 2238 2239 
6433 4310 8068 8122 
6434 1009 1010 1011 
6435 3029 3030 3761 
6436 775 760 1653 
6437 3184 4005 4006 
6438 637 645 1383 
6439 4372 1213 4374 
6440 836 837 6830 
6441 1534 1535 1536 
6442 3199 5213 7298 
6443 1368 1367 1369 
6444 3563 3564 7037 
6445 3985 3984 4267 
6446 1374 1369 1375 
6447 3184 3123 3185 
6448 3575 3354 6594 
6449 4301 4302 4303 
6450 3964 5131 7371 
6451 2418 1855 2659 
6452 6614 6616 6617 
6453 1323 1320 2669 
6454 2739 2740 2741 
6455 2622 6549 6551 
6456 2094 2097 7103 
6457 946 2420 6883 
6458 3424 3425 7050 
6459 1638 1761 6901 
6460 5241 6991 7450 
6461 4217 5644 5645 
6462 6508 6509 6510 
6463 2459 2460 2461 
6464 4659 5415 6447 
6465 1808 1809 1860 
6466 2512 2454 2513 
6467 2229 2230 2231 
6468 4771 4090 6842 
6469 4759 4014 6565 
6470 827 828 836 
6471 2743 2744 2745 
6472 3109 3110 6851 
6473 3271 3270 3742 
6474 3731 4344 4345 
6475 3237 3241 7251 
6476 6823 6824 6825 
6477 4903 4695 5393 
6478 1002 1004 3590 
6479 4406 4407 5323 
6480 3612 5250 6811 
6481 2741 2742 2743 
6482 5027 5026 5623 
6483 4687 4689 8294 
6484 885 867 6575 
6485 2316 2317 2318 
6486 3366 6753 6754 
6487 3530 3702 4740 
6488 1930 2968 7181 
6489 1977 1979 7033 
6490 6805 6806 6807 
6491 3986 1532 6853 
6492 3142 3218 3699 
6493 1820 1821 1822 
6494 5181 6271 6272 
6495 1845 1932 6764 
6496 2374 2373 2387 
6497 5076 5078 5176 
6498 813 814 820 
6499 936 929 937 
6500 6686 5629 6687 
6501 6500 6501 6502 
6502 6754 7267 7268 
6503 1548 1547 1549 
6504 4312 4314 4685 
6505 4244 4759 7125 
6506 2248 2247 2419 
6507 2232 2230 3083 
6508 7398 3120 7448 
6509 3276 3050 4122 
6510 2551 2553 2554 
6511 2379 2378 2380 
6512 6463 2958 7195 
6513 4014 2630 4671 
6514 2102 2100 7018 
6515 1445 1432 1474 
6516 1398 1527 6409 
6517 3152 3864 3865 
6518 1788 6894 6898 
6519 4901 4273 6778 
6520 2435 2289 2961 
6521 2052 1893 2053 
6522 2490 2491 2492 
6523 3017 3019 3029 
6524 3218 3729 6720 
6525 6507 3596 6508 
6526 6419 6418 6420 
6527 3070 3399 3807 
6528 4080 3707 4081 
6529 3913 2630 4014 
6530 2169 1881 3680 
6531 2120 1858 6201 
6532 1344 1326 6497 
6533 5370 6977 6978 
6534 1485 1474 1519 
6535 3245 2868 7258 
6536 2065 2025 3147 
6537 4742 5410 5411 
6538 3667 4067 4657 
6539 3280 3277 6794 
6540 2754 2753 2755 
6541 5341 6103 6562 
6542 5110 5926 5927 
6543 1658 1656 2680 
6544 5545 5562 5563 
6545 4017 3359 4018 
6546 820 821 827 
6547 919 903 920 
6548 4161 3298 4162 
6549 2388 2387 3881 
6550 1004 1005 1006 
6551 3510 3466 3511 
6552 4439 4435 6723 
6553 1538 1537 1539 
6554 6462 2958 6463 
6555 4185 5610 5611 
6556 1890 1888 1891 
6557 1623 1627 1628 
6558 3028 2406 6228 
6559 2062 2113 7568 
6560 806 802 6563 
6561 3391 3847 6374 
6562 846 843 4365 
6563 998 1000 1772 
6564 3787 3789 6520 
6565 2903 3091 3092 
6566 4587 3398 7725 
6567 6613 4389 6614 
6568 6381 6383 6387 
6569 2461 2462 2464 
6570 2488 2489 2490 
6571 2966 3708 4429 
6572 1540 1539 1541 
6573 996 995 997 
6574 1536 1535 1537 
6575 914 930 6954 
6576 2966 4429 6799 
6577 2618 2985 3233 
6578 5485 5487 6674 
6579 6597 4685 6870 
6580 2561 2562 2563 
6581 2784 2747 3249 
6582 3205 2266 3376 
6583 5607 6895 6896 
6584 994 996 2427 
6585 3598 3595 6507 
6586 4186 5628 5629 
6587 1253 1250 6685 
6588 5288 1267 7261 
6589 2594 2595 2596 
6590 4050 6692 6696 
6591 2476 2477 2478 
6592 4219 5241 5242 
6593 2275 2156 2289 
6594 2490 2492 2503 
6595 2355 2053 2356 
6596 2313 4892 6237 
6597 3166 3744 6529 
6598 1917 1915 1918 
6599 3761 3762 4155 
6600 2665 3220 3221 
6601 4094 5407 5971 
6602 2072 6878 7571 
6603 2846 7343 7585 
6604 5462 4147 5463 
6605 2756 2758 2796 
6606 2277 2966 6799 
6607 4276 4274 5937 
6608 6123 5624 6124 
6609 7722 3691 7736 
6610 1180 1178 1181 
6611 6932 6929 7184 
6612 2482 2483 2484 
6613 3465 4186 6686 
6614 4268 4267 4269 
6615 4332 4269 5843 
6616 4441 4442 5475 
6617 5037 5662 5854 
6618 762 777 790 
6619 4085 4084 4684 
6620 4735 4095 6573 
6621 6871 4177 7463 
6622 2962 2961 2963 
6623 3966 4246 4247 
6624 825 812 993 
6625 798 799 811 
6626 4006 4670 5165 
6627 1300 1298 2683 
6628 3742 3270 3745 
6629 2283 3197 3546 
6630 2663 2664 2665 
6631 845 846 850 
6632 2024 1632 2025 
6633 998 997 999 
6634 1143 1103 1384 
6635 4226 3734 4875 
6636 4331 4269 4332 
6637 884 3964 7147 
6638 733 732 743 
6639 570 568 6893 
6640 1929 1908 6941 
6641 4060 5106 7105 
6642 3540 3965 3966 
6643 5440 5437 7225 
6644 1603 6527 6528 
6645 5225 5139 5963 
6646 1291 1289 7005 
6647 2662 772 6863 
6648 3461 3460 3462 
6649 4163 3843 4961 
6650 1609 648 7048 
6651 2990 3480 3508 
6652 6759 2043 6957 
6653 1642 1598 6969 
6654 2964 2963 2965 
6655 811 812 824 
6656 938 920 939 
6657 3951 4184 4185 
6658 6177 6147 8050 
6659 5180 7194 7442 
6660 2241 2240 2353 
6661 1456 1116 1457 
6662 6493 2226 7955 
6663 3230 2880 6393 
6664 4423 4189 5026 
6665 3976 3974 5139 
6666 6457 2078 7776 
6667 3793 3795 4127 
6668 1883 1882 2106 
6669 3670 4658 6748 
6670 1377 1375 1516 
6671 1235 1212 1243 
6672 4185 4184 5610 
6673 2046 2351 2685 
6674 4249 3478 6917 
6675 851 846 6506 
6676 744 743 752 
6677 1567 1645 3557 
6678 883 882 890 
6679 6882 2511 7116 
6680 877 878 879 
6681 2509 2498 6879 
6682 3996 4356 4357 
6683 1016 1018 3552 
6684 4971 4969 5372 
6685 3579 3581 6912 
6686 3264 3263 3265 
6687 2214 2215 2216 
6688 5434 3848 5435 
6689 1908 1906 6941 
6690 2921 2922 2923 
6691 6854 6853 6857 
6692 3745 3270 7194 
6693 4381 5729 5730 
6694 4678 4677 5817 
6695 789 788 792 
6696 2732 7103 7302 
6697 6823 6825 6826 
6698 2399 1886 2631 
6699 4768 4041 4769 
6700 3207 4053 4055 
6701 2545 2633 6225 
6702 879 884 6981 
6703 4907 4906 4923 
6704 967 952 968 
6705 4695 3745 4918 
6706 850 851 869 
6707 4336 3994 4651 
6708 2304 2303 6369 
6709 4904 4684 5395 
6710 4102 3824 7414 
6711 898 885 903 
6712 2243 2242 2365 
6713 3299 3486 3487 
6714 6068 4926 6873 
6715 1523 1601 1603 
6716 774 775 798 
6717 951 939 952 
6718 3939 3938 5112 
6719 4275 4277 4899 
6720 4519 4520 4521 
6721 6879 2502 6882 
6722 3711 4060 7105 
6723 2534 2533 6218 
6724 994 993 995 
6725 3088 3087 3866 
6726 2216 2217 2218 
6727 3269 3038 3270 
6728 816 815 822 
6729 6906 1926 6908 
6730 6999 4443 7000 
6731 1246 1244 1247 
6732 5814 5097 6019 
6733 2688 4389 6613 
6734 3293 3851 3852 
6735 4812 2972 7533 
6736 2685 3069 3070 
6737 2870 2868 3245 
6738 803 802 806 
6739 2115 1891 2160 
6740 5004 4126 6339 
6741 1658 2680 6698 
6742 2092 2091 2242 
6743 3164 2804 6750 
6744 2680 6822 6823 
6745 2330 2329 7026 
6746 5463 4147 7304 
6747 2631 1886 6301 
6748 5680 6247 7223 
6749 3564 6298 7756 
6750 2381 2380 2382 
6751 6770 6769 6771 
6752 1481 1567 6970 
6753 3035 2183 3036 
6754 1523 1603 7019 
6755 3494 3849 4988 
6756 6043 4651 6044 
6757 1826 1825 1882 
6758 2509 6879 6880 
6759 5176 5177 6083 
6760 3241 4460 7251 
6761 960 944 7080 
6762 2651 1344 6497 
6763 5629 5628 5670 
6764 3087 2366 6469 
6765 2408 2366 3087 
6766 6701 6703 6705 
6767 2680 6823 6837 
6768 3512 3511 3513 
6769 4051 4050 6696 
6770 1359 1341 1360 
6771 2371 2369 2373 
6772 4607 3099 7434 
6773 4387 5402 6031 
6774 873 872 882 
6775 6467 6463 7195 
6776 4858 4859 5071 
6777 3075 3827 5359 
6778 4432 5148 6950 
6779 1836 1838 1841 
6780 1878 2092 3517 
6781 2797 2794 3383 
6782 4628 4627 5924 
6783 5674 4229 6731 
6784 2444 2638 6679 
6785 4021 3346 4022 
6786 3590 1004 7146 
6787 3982 4361 4362 
6788 3247 2876 6440 
6789 3538 3539 3540 
6790 3110 3335 6851 
6791 1467 3357 7796 
6792 842 843 845 
6793 1601 1602 1750 
6794 2356 3255 6742 
6795 1757 1832 1833 
6796 1294 1282 1437 
6797 1361 1360 1435 
6798 2218 2219 2220 
6799 3021 2888 3022 
6800 2549 2550 2551 
6801 983 982 1144 
6802 1145 1144 1165 
6803 2377 2378 2379 
6804 2677 2678 2679 
6805 2332 2334 7176 
6806 4408 4122 5443 
6807 2677 2676 2678 
6808 3312 2384 6872 
6809 2415 7161 7373 
6810 1372 2651 3538 
6811 6762 844 6763 
6812 1527 1396 6378 
6813 1340 1341 1358 
6814 839 841 842 
6815 5287 3624 7559 
6816 1472 1471 1503 
6817 3032 3031 3050 
6818 807 806 815 
6819 4076 4075 5367 
6820 3490 3850 6846 
6821 2485 2487 2488 
6822 695 694 732 
6823 1013 1014 1024 
6824 1682 1681 1683 
6825 3286 3290 3815 
6826 1006 1007 1008 
6827 2752 2751 2753 
6828 1174 1172 1650 
6829 1744 1642 2627 
6830 813 820 7075 
6831 925 924 942 
6832 5645 5646 5647 
6833 1550 1549 1551 
6834 5213 6243 7298 
6835 1359 1361 1362 
6836 841 840 844 
6837 4303 4304 4725 
6838 837 828 838 
6839 6927 3810 6928 
6840 2274 2110 6775 
6841 2016 2017 2201 
6842 839 838 840 
6843 6664 6663 6665 
6844 2130 2131 2132 
6845 2383 2382 2384 
6846 6229 6230 7746 
6847 2492 2493 2494 
6848 3297 4120 7073 
6849 5105 5104 5799 
6850 578 574 6804 
6851 1248 1247 1249 
6852 3093 3867 7912 
6853 2647 2646 2648 
6854 3523 3521 6184 
6855 2562 2554 6317 
6856 2469 2471 2472 
6857 6322 3541 6323 
6858 6449 6448 6452 
6859 1018 1019 1020 
6860 4507 4508 4780 
6861 4060 5104 5105 
6862 1532 1533 1534 
6863 4362 4361 6786 
6864 1917 1919 6925 
6865 6483 6482 7894 
6866 1878 1876 2091 
6867 2341 3231 7053 
6868 3017 3016 3018 
6869 1006 1008 1009 
6870 2146 2144 2147 
6871 1684 1683 1685 
6872 2629 2274 2630 
6873 3592 3103 6991 
6874 1580 1634 5221 
6875 1836 1841 6890 
6876 2052 2053 2355 
6877 876 870 877 
6878 2696 2695 2704 
6879 2220 2221 2222 
6880 6361 4816 6362 
6881 4060 3969 5104 
6882 1750 1751 2016 
6883 2649 2648 3324 
6884 3513 3511 4207 
6885 903 885 6575 
6886 814 805 2845 
6887 2159 3210 6751 
6888 6880 6879 6881 
6889 2600 2601 2602 
6890 3200 2965 3201 
6891 3368 3367 3369 
6892 3019 3018 3880 
6893 631 633 639 
6894 4030 3614 6647 
6895 2243 2366 2407 
6896 879 878 884 
6897 5061 5642 5987 
6898 4229 3891 4230 
6899 1981 1983 7164 
6900 1376 1375 1377 
6901 1817 2028 6193 
6902 6396 6394 6398 
6903 1020 1021 1022 
6904 6924 3452 7231 
6905 2656 4385 6073 
6906 155 156 337 
6907 2556 2902 2903 
6908 3711 3969 4060 
6909 2479 2481 2482 
6910 3612 4042 4043 
6911 7739 5280 8038 
6912 5002 3819 7130 
6913 6856 6854 6967 
6914 1329 1328 1354 
6915 4304 4302 5710 
6916 862 861 872 
6917 1835 1836 6890 
6918 2679 2678 3417 
6919 3477 3375 3936 
6920 2473 2475 2476 
6921 2077 6564 7355 
6922 2618 2619 2985 
6923 3374 3373 3375 
6924 1930 2278 2396 
6925 3142 3143 3218 
6926 2465 2467 2468 
6927 8652 591 8672 
6928 1479 2637 6486 
6929 3827 4955 4957 
6930 2957 2111 3482 
6931 3372 3371 3373 
6932 6706 6702 6707 
6933 4106 4907 6659 
6934 3742 4903 6905 
6935 3014 3292 3293 
6936 6700 6701 6702 
6937 3118 3117 3925 
6938 4587 7699 7864 
6939 620 615 7112 
6940 3016 2362 7204 
6941 821 814 6725 
6942 1962 3579 6913 
6943 6917 7398 7448 
6944 3152 3090 3864 
6945 712 710 7027 
6946 4919 4058 4922 
6947 4563 4562 5831 
6948 2396 2278 3174 
6949 1135 1137 1138 
6950 5996 4456 6171 
6951 3937 3936 5115 
6952 2394 4511 7201 
6953 4924 4926 6068 
6954 3461 3462 3463 
6955 6762 6763 7814 
6956 1379 1355 1432 
6957 3623 4760 6104 
6958 5202 5199 5203 
6959 823 822 830 
6960 2725 3202 6990 
6961 4046 4737 4738 
6962 3370 3369 3371 
6963 4852 6647 6849 
6964 831 830 847 
6965 3951 3865 4184 
6966 2494 2495 2496 
6967 1379 1432 1445 
6968 4457 4458 4459 
6969 5680 5679 5681 
6970 2773 2771 2806 
6971 939 920 2661 
6972 3314 1284 3556 
6973 5179 6242 6847 
6974 4036 4035 4227 
6975 4856 4854 6062 
6976 1259 3348 4457 
6977 3732 4746 6191 
6978 1347 1420 7610 
6979 1818 1819 1820 
6980 1445 1474 1485 
6981 1016 1017 1018 
6982 2430 2040 6875 
6983 6754 7269 7499 
6984 3151 3090 3152 
6985 4872 4725 8512 
6986 2711 2710 2940 
6987 617 614 618 
6988 3281 3280 3282 
6989 2543 2556 6829 
6990 6498 6500 6503 
6991 2200 2059 2293 
6992 2705 2704 2710 
6993 880 879 881 
6994 4408 5467 6231 
6995 4240 4208 5698 
6996 4040 4039 4041 
6997 1530 1531 1532 
6998 3818 3064 4440 
6999 3595 3544 3596 
7000 1662 1660 2177 
7001 1232 1231 1328 
7002 3762 3863 6838 
7003 4507 3232 4508 
7004 3593 2627 5037 
7005 1843 1845 1846 
7006 1302 1300 7070 
7007 2176 3062 7347 
7008 4419 4807 4808 
7009 3950 3865 3951 
7010 5364 4812 5365 
7011 4946 4948 7071 
7012 1252 1253 1254 
7013 3728 5380 7127 
7014 7103 6407 7302 
7015 6303 5012 6304 
7016 4411 4410 5673 
7017 3208 1614 4616 
7018 5027 5624 6122 
7019 1534 1533 1535 
7020 6866 6865 6867 
7021 1485 1519 1523 
7022 2104 1926 6906 
7023 6864 6829 6865 
7024 2915 4425 6576 
7025 1866 1646 1893 
7026 4662 5121 6574 
7027 1112 6496 6934 
7028 4509 4507 6760 
7029 3315 5289 7787 
7030 3818 4440 4441 
7031 3583 3582 6365 
7032 2379 2380 2381 
7033 1800 1803 7015 
7034 3174 3982 6843 
7035 3338 2585 4003 
7036 3081 4625 7058 
7037 2750 2749 2751 
7038 4646 4679 4972 
7039 931 5237 7080 
7040 844 1731 6763 
7041 2632 2631 3932 
7042 1259 1257 3348 
7043 2100 2395 7018 
7044 2968 4447 7181 
7045 2679 3417 6593 
7046 1355 1354 7063 
7047 5245 3575 6594 
7048 3462 3460 4124 
7049 3621 7063 7064 
7050 6417 4728 6995 
7051 3352 2901 7110 
7052 1439 1438 1471 
7053 3965 3539 4305 
7054 1780 1778 1781 
7055 3490 3492 3850 
7056 860 859 861 
7057 1632 6803 7158 
7058 6487 2637 6488 
7059 1930 1920 2278 
7060 6219 4789 6220 
7061 4037 3676 7174 
7062 2332 2333 2334 
7063 5183 7869 7961 
7064 4246 3965 6648 
7065 877 870 878 
7066 3275 3273 4084 
7067 6803 2661 7970 
7068 4523 4644 4978 
7069 3711 2969 3969 
7070 968 952 1632 
7071 2384 2410 2411 
7072 1265 1263 3340 
7073 1058 1060 7247 
7074 2746 2745 2747 
7075 1932 2153 2663 
7076 7042 5184 7043 
7077 3255 3256 3829 
7078 5105 5799 5800 
7079 4027 4424 4860 
7080 4023 6966 7209 
7081 5318 3961 6170 
7082 2383 2384 3312 
7083 1793 1794 1870 
7084 3720 3179 3721 
7085 1222 1220 1225 
7086 1258 1257 1259 
7087 4693 6370 6371 
7088 3876 3877 3878 
7089 1771 1807 1808 
7090 264 265 331 
7091 6599 4431 6851 
7092 3463 3834 3835 
7093 6358 6359 8061 
7094 1534 1536 1592 
7095 1293 1305 1306 
7096 3056 3057 3212 
7097 6948 4421 6949 
7098 3862 3016 7204 
7099 4077 4809 4849 
7100 2541 2545 2546 
7101 3031 3804 6960 
7102 4515 899 7257 
7103 609 606 610 
7104 2391 3130 7099 
7105 2842 962 7061 
7106 4377 2631 6301 
7107 3898 3899 4711 
7108 7814 6054 7973 
7109 3887 3556 4208 
7110 605 602 606 
7111 4457 3348 4458 
7112 2381 2382 2383 
7113 3364 4430 5345 
7114 3092 3091 3465 
7115 613 610 614 
7116 1861 1863 1872 
7117 5101 3932 6795 
7118 5545 5544 5562 
7119 2169 3680 3681 
7120 6489 6488 6490 
7121 601 598 602 
7122 2484 2485 6601 
7123 4808 5343 6015 
7124 1006 1009 7146 
7125 5251 5252 5253 
7126 1265 3553 7141 
7127 2408 3088 3089 
7128 2919 2920 2921 
7129 1686 1685 1687 
7130 1532 1531 1533 
7131 1730 1795 1796 
7132 4414 3945 5795 
7133 1232 1328 1329 
7134 1014 1015 1016 
7135 577 574 578 
7136 2018 1791 2090 
7137 5773 5789 7263 
7138 2283 2285 3197 
7139 4780 4508 4915 
7140 7080 5237 7082 
7141 7034 4193 7035 
7142 1546 1548 1752 
7143 2570 2568 7177 
7144 2095 2021 7183 
7145 1784 1785 1793 
7146 3379 3718 6801 
7147 1851 1755 2033 
7148 6850 2447 7002 
7149 4658 4104 4659 
7150 1329 1354 1355 
7151 3218 3219 3729 
7152 2496 2498 2509 
7153 1133 1134 1135 
7154 4497 3852 6063 
7155 6500 6499 6501 
7156 2312 2313 2314 
7157 2908 1078 7743 
7158 2444 2442 2638 
7159 3595 3596 6507 
7160 1294 4443 6999 
7161 6445 2125 8469 
7162 1884 1506 1895 
7163 1775 1773 7507 
7164 2225 2229 7189 
7165 5521 4959 6281 
7166 2643 2642 2644 
7167 4772 4771 5401 
7168 6298 3562 7041 
7169 1669 1681 1682 
7170 5184 4010 6869 
7171 3553 3340 3970 
7172 3532 570 6893 
7173 3889 2976 3890 
7174 2762 2764 2999 
7175 3262 3263 3264 
7176 3159 2024 6914 
7177 2590 2593 3496 
7178 1262 1260 1263 
7179 1464 1462 7076 
7180 6579 6578 6940 
7181 1223 1157 6948 
7182 6210 6211 6212 
7183 1682 1683 1684 
7184 3504 3506 3507 
7185 3488 3490 6846 
7186 2986 3137 3138 
7187 1362 1363 1364 
7188 1189 1190 1191 
7189 4217 5645 7331 
7190 4082 4781 4782 
7191 1919 1918 1920 
7192 6868 4392 7931 
7193 875 2848 7362 
7194 6686 6687 6688 
7195 3553 5224 7141 
7196 2688 2662 4389 
7197 2303 3740 6369 
7198 6996 2337 6997 
7199 1669 1666 1681 
7200 3079 3535 3536 
7201 1973 1975 7079 
7202 2222 2223 2224 
7203 1187 1188 1189 
7204 1728 1618 1729 
7205 2411 2412 2413 
7206 2660 2659 2975 
7207 2999 2764 6919 
7208 1684 1685 1686 
7209 47 48 320 
7210 1146 982 6538 
7211 951 952 967 
7212 971 970 982 
7213 6706 6707 6708 
7214 1403 1402 1421 
7215 1206 1231 1232 
7216 4186 5629 6686 
7217 6716 6717 6788 
7218 2748 2747 2784 
7219 1757 1833 6306 
7220 3536 3537 4126 
7221 1282 1280 6848 
7222 708 706 7060 
7223 5328 4024 6956 
7224 4021 4022 4691 
7225 4388 2739 7008 
7226 1550 2652 7357 
7227 955 954 970 
7228 945 946 956 
7229 3279 3277 3280 
7230 3139 3141 3142 
7231 1168 1166 1199 
7232 4644 4645 4646 
7233 2986 3138 6933 
7234 4860 4861 5066 
7235 3515 2445 6850 
7236 3553 3970 4375 
7237 2615 2617 2618 
7238 2334 2333 2335 
7239 5325 7242 7243 
7240 898 903 919 
7241 3231 2339 6996 
7242 597 594 598 
7243 1022 1023 1025 
7244 1323 2669 7271 
7245 1917 1918 1919 
7246 2225 2228 2229 
7247 3815 4143 5012 
7248 2446 2444 6679 
7249 648 642 7048 
7250 773 772 778 
7251 4420 4518 4519 
7252 2885 2884 2886 
7253 7291 4598 7408 
7254 3708 4073 6818 
7255 6656 6655 6657 
7256 4169 3398 4587 
7257 914 913 930 
7258 1866 1893 2052 
7259 3497 2593 6980 
7260 5612 5611 5614 
7261 1265 3340 3553 
7262 2887 2888 3021 
7263 4429 3708 6818 
7264 2229 2735 7189 
7265 3429 3431 3432 
7266 1656 1654 6822 
7267 3986 6853 6854 
7268 6930 6929 6931 
7269 4506 3232 4507 
7270 1530 1529 1531 
7271 572 570 3532 
7272 4714 4715 5061 
7273 3043 3045 3047 
7274 671 674 7195 
7275 919 920 938 
7276 2496 2497 2498 
7277 848 847 853 
7278 6959 2071 7305 
7279 2597 2599 2600 
7280 3869 4193 7034 
7281 3379 2975 3718 
7282 1096 1074 7723 
7283 4791 4616 5350 
7284 7174 3642 7387 
7285 4638 4639 4640 
7286 2533 5167 6218 
7287 1500 1529 1530 
7288 3328 3325 3938 
7289 1401 1400 1402 
7290 2502 2504 2505 
7291 1919 1921 2013 
7292 6716 3699 6717 
7293 938 939 951 
7294 2603 2605 2606 
7295 1378 1377 1427 
7296 3022 2888 7442 
7297 5872 5113 5873 
7298 3557 6676 6677 
7299 3358 2076 3359 
7300 2511 2510 2547 
7301 3130 3643 7099 
7302 3432 3431 3433 
7303 1643 1642 1744 
7304 1645 1790 6675 
7305 3588 3563 7037 
7306 3436 3435 3437 
7307 2507 2543 6864 
7308 7081 7080 7082 
7309 1060 2816 7247 
7310 905 6659 7668 
7311 2552 2547 2558 
7312 2505 2507 2510 
7313 3433 3435 3436 
7314 4200 3762 6838 
7315 2674 2676 2677 
7316 4422 4090 4771 
7317 2690 2688 6613 
7318 3092 3466 3510 
7319 3472 3109 4431 
7320 3619 4334 5274 
7321 5482 6273 7106 
7322 3015 2362 3016 
7323 7099 7100 7447 
7324 4532 4531 4533 
7325 4262 5904 7040 
7326 3178 2645 3179 
7327 759 756 760 
7328 2985 2986 6933 
7329 1941 1946 7250 
7330 3635 3638 5279 
7331 3258 3260 3810 
7332 943 942 954 
7333 1979 2001 7033 
7334 6633 6632 6634 
7335 2694 2692 2697 
7336 1248 1249 1250 
7337 3762 3030 3863 
7338 2185 3056 6361 
7339 1567 3557 6970 
7340 2339 2337 6996 
7341 4928 4930 6013 
7342 1877 4774 6946 
7343 6423 6425 8578 
7344 902 889 6953 
7345 3742 4695 4903 
7346 6246 6245 7009 
7347 2254 2422 7386 
7348 6584 4124 6585 
7349 2744 2742 2749 
7350 6623 6622 6625 
7351 5052 4432 6950 
7352 6455 4146 6456 
7353 3367 3366 7499 
7354 2769 2767 3119 
7355 6630 6629 6632 
7356 3197 3198 6947 
7357 3399 3069 7095 
7358 7081 7855 7962 
7359 2122 2123 2124 
7360 6626 6625 6627 
7361 2611 2613 2614 
7362 1577 1507 3601 
7363 1157 984 4421 
7364 3676 3642 7174 
7365 1270 2426 7558 
7366 4409 3894 4410 
7367 3418 3098 3419 
7368 4432 4431 5148 
7369 2801 2798 7167 
7370 1360 1341 7271 
7371 2259 2256 7386 
7372 759 760 774 
7373 1927 2172 3612 
7374 6163 4383 6164 
7375 1349 3872 7331 
7376 2239 2240 2241 
7377 5179 3995 6242 
7378 1226 3318 6791 
7379 1865 2050 2292 
7380 2185 3054 3056 
7381 1364 1365 1366 
7382 986 974 4364 
7383 4192 4178 5024 
7384 581 578 582 
7385 2538 2540 2541 
7386 852 836 1654 
7387 2785 2784 2786 
7388 6315 7693 7788 
7389 4562 3926 7029 
7390 3710 2969 3711 
7391 1788 1865 6894 
7392 6653 6652 6654 
7393 3198 4045 4046 
7394 6535 6533 6536 
7395 2943 2941 3117 
7396 2902 2557 7353 
7397 4262 5118 5904 
7398 6628 6627 6629 
7399 593 590 594 
7400 2712 2709 2713 
7401 1530 1532 3986 
7402 3262 3261 3263 
7403 6781 5958 6782 
7404 1934 1935 2912 
7405 586 582 1894 
7406 3198 4046 6947 
7407 5615 5614 5616 
7408 4468 4466 6595 
7409 1655 1654 1656 
7410 2977 2719 2978 
7411 3440 3439 3441 
7412 5320 4976 5322 
7413 2714 2713 2715 
7414 2903 2902 3091 
7415 7048 7112 7113 
7416 6275 1616 6876 
7417 1499 1500 1594 
7418 2413 2414 2416 
7419 2498 2501 2502 
7420 589 586 590 
7421 2411 2413 2415 
7422 2917 2918 2919 
7423 6753 3713 6755 
7424 7219 7072 7220 
7425 3514 3513 4050 
7426 3888 3419 4178 
7427 2698 2697 2699 
7428 6621 6620 6622 
7429 2492 2491 2493 
7430 3703 3704 4726 
7431 750 741 756 
7432 4126 4135 6339 
7433 6631 6628 7592 
7434 6619 6618 6620 
7435 585 582 586 
7436 2065 3984 3985 
7437 1708 2822 7162 
7438 3471 3228 3734 
7439 1688 1687 1689 
7440 2700 2699 2701 
7441 4523 4643 4644 
7442 2607 2609 2610 
7443 2708 2707 2709 
7444 1447 1292 4412 
7445 2706 2703 2707 
7446 3915 4183 4805 
7447 1294 1437 4443 
7448 4403 6891 7388 
7449 2354 2353 3031 
7450 869 870 876 
7451 2702 2701 2703 
7452 1773 1464 7076 
7453 3938 3325 7049 
7454 3210 6738 6739 
7455 2674 2673 2676 
7456 4156 4155 5454 
7457 6721 6720 6722 
7458 3933 3926 4562 
7459 2310 2311 2312 
7460 2552 2558 2566 
7461 8687 2914 8690 
7462 4685 4314 6835 
7463 2588 7735 7783 
7464 1226 1225 3318 
7465 1910 1908 1929 
7466 5180 3745 7194 
7467 3507 3541 3542 
7468 2657 2109 6442 
7469 973 978 7490 
7470 6769 6766 6910 
7471 4190 5084 7031 
7472 4003 6975 7102 
7473 6614 6617 6640 
7474 3223 3221 6926 
7475 2795 2794 2797 
7476 2716 2715 2717 
7477 4723 4722 5621 
7478 3472 4431 4432 
7479 2505 2504 2507 
7480 5037 2627 5662 
7481 3283 3282 3284 
7482 3579 3580 3581 
7483 3783 3785 4123 
7484 4937 4935 5404 
7485 3510 3511 3512 
7486 3606 3607 3608 
7487 6399 6397 6401 
7488 3139 3142 6716 
7489 2490 2489 2491 
7490 2223 2221 7122 
7491 1428 1427 1438 
7492 6928 3810 6929 
7493 1686 1687 1688 
7494 5565 5566 5567 
7495 7090 7091 7092 
7496 2718 2717 2719 
7497 5866 5865 5867 
7498 3444 3443 3445 
7499 5847 5440 7225 
7500 1662 2177 7451 
7501 3610 3897 3898 
7502 2794 2787 6815 
7503 3396 2932 3397 
7504 968 2024 3159 
7505 5836 5835 5837 
7506 6617 6616 6618 
7507 3496 3497 3503 
7508 3744 3164 6750 
7509 3913 4014 4244 
7510 3225 3713 6753 
7511 6459 4459 6460 
7512 7099 4641 7100 
7513 3331 4391 6939 
7514 3450 3449 3451 
7515 3450 3451 3454 
7516 2248 2419 7455 
7517 2459 2461 6939 
7518 5868 5867 5869 
7519 1157 4421 6948 
7520 3454 3451 3455 
7521 2380 2378 4461 
7522 1740 1815 1816 
7523 3870 4253 7223 
7524 2496 2495 2497 
7525 2204 2045 2361 
7526 3483 3482 3484 
7527 4470 4468 4493 
7528 1921 1920 1930 
7529 1184 1186 1187 
7530 3958 3959 5093 
7531 3533 2484 6601 
7532 2928 3075 6737 
7533 1916 1915 1917 
7534 4343 6076 6077 
7535 5085 5089 7086 
7536 1883 2107 7047 
7537 3446 3445 3447 
7538 3571 3993 7091 
7539 3643 3645 4641 
7540 3467 3529 4220 
7541 3836 6566 6567 
7542 4693 4022 6370 
7543 5237 918 6954 
7544 5294 5997 6313 
7545 1830 1856 1857 
7546 1944 1945 2063 
7547 3779 3781 3817 
7548 2822 1700 7096 
7549 984 967 6817 
7550 2511 2547 2552 
7551 6558 6556 6561 
7552 1670 1667 7133 
7553 4852 4030 6647 
7554 2968 2396 2969 
7555 6315 3120 7693 
7556 1721 7149 7216 
7557 4314 4316 6835 
7558 3089 3090 3151 
7559 5912 4249 5913 
7560 1366 1367 1368 
7561 1025 1026 1027 
7562 4875 3734 4876 
7563 2352 2047 2724 
7564 2356 3156 3255 
7565 3918 3484 3919 
7566 1849 2275 6547 
7567 2502 2501 2504 
7568 3444 3445 3446 
7569 6701 6699 6703 
7570 3454 3455 3905 
7571 1657 1656 1658 
7572 2335 2333 3005 
7573 5470 4162 6256 
7574 3335 3336 3424 
7575 2452 2451 2453 
7576 2980 2979 3228 
7577 4536 4535 4870 
7578 4811 2972 4812 
7579 881 879 6981 
7580 2041 2040 2290 
7581 1368 1369 1374 
7582 3437 3439 3440 
7583 4258 5865 5866 
7584 2416 2417 3109 
7585 3386 2301 6375 
7586 3884 3424 4206 
7587 6772 6769 6910 
7588 1540 1542 1624 
7589 4080 4081 4082 
7590 2450 2448 2451 
7591 1450 1425 7275 
7592 2861 2340 7391 
7593 5913 4249 6917 
7594 2798 2797 7167 
7595 2671 2673 2674 
7596 3269 3270 3271 
7597 6972 2002 6973 
7598 718 716 2681 
7599 2494 2493 2495 
7600 3836 3280 6794 
7601 3274 3811 7503 
7602 5122 6652 6653 
7603 4361 4426 4427 
7604 3978 2636 4390 
7605 4524 7239 7290 
7606 2302 2303 2304 
7607 953 944 960 
7608 1701 1697 1709 
7609 2431 806 6563 
7610 2455 2453 2456 
7611 2614 2615 7045 
7612 2766 2768 2791 
7613 1263 1260 6979 
7614 1688 1689 1694 
7615 4270 3928 4401 
7616 3703 4727 6964 
7617 2253 2250 7455 
7618 4478 4477 4479 
7619 5090 5087 7088 
7620 1638 1759 1761 
7621 3097 2386 3098 
7622 3202 4536 6990 
7623 4231 4229 5674 
7624 724 722 829 
7625 3214 2634 3215 
7626 3739 2311 6320 
7627 3177 2686 4403 
7628 893 891 894 
7629 6630 6636 7592 
7630 1009 4556 7146 
7631 6564 2684 7971 
7632 3500 3502 5152 
7633 930 2670 2671 
7634 3643 4641 7099 
7635 4258 5864 5865 
7636 3985 4267 4268 
7637 887 712 7027 
7638 3335 3884 6851 
7639 2802 2801 2803 
7640 6370 4022 7201 
7641 787 783 788 
7642 2416 3109 3472 
7643 1971 2002 6972 
7644 1000 1002 6736 
7645 5238 5239 6592 
7646 2566 2558 2581 
7647 5747 5054 5748 
7648 2915 2916 2917 
7649 1912 1910 7017 
7650 4170 4171 4991 
7651 6823 6822 6824 
7652 1466 1464 1773 
7653 1824 1823 1825 
7654 4662 5120 5121 
7655 3364 5345 7055 
7656 4476 4472 4477 
7657 3441 3443 3444 
7658 2208 2194 7691 
7659 1694 1689 1695 
7660 2408 3089 7273 
7661 7048 642 7112 
7662 1027 1028 1030 
7663 3418 3419 3888 
7664 2472 6610 6611 
7665 5122 4463 6652 
7666 1382 3578 6278 
7667 3459 3285 3460 
7668 802 793 7066 
7669 2473 2476 6609 
7670 1753 2022 7109 
7671 1264 1263 1265 
7672 2629 2630 3913 
7673 1866 2052 7197 
7674 6437 6438 6439 
7675 2126 2127 2128 
7676 880 881 888 
7677 199 200 370 
7678 1256 1257 1258 
7679 2348 2345 3232 
7680 3260 3261 3262 
7681 2543 6829 6864 
7682 2356 2053 3155 
7683 2536 2537 2538 
7684 1162 1161 1219 
7685 2484 2483 2485 
7686 7458 4514 7508 
7687 3331 3946 4391 
7688 3097 3098 3418 
7689 3147 3148 3530 
7690 4413 4412 5073 
7691 4370 6328 6329 
7692 6975 6974 7102 
7693 5074 1360 7271 
7694 2558 2547 2559 
7695 2457 2456 2458 
7696 6510 6509 6511 
7697 1804 7090 7183 
7698 5133 4331 7083 
7699 5045 4206 5719 
7700 1635 1847 7042 
7701 5730 5729 5835 
7702 5334 4401 5335 
7703 1108 1389 7004 
7704 3201 4040 6311 
7705 3425 3427 3456 
7706 2384 2382 2410 
7707 822 815 7704 
7708 2356 3155 3156 
7709 877 879 880 
7710 5017 4138 5538 
7711 5866 5867 5868 
7712 2488 2487 2489 
7713 1352 1313 1353 
7714 3447 3449 3450 
7715 3562 3560 7041 
7716 6602 6601 6682 
7717 687 686 694 
7718 1717 1720 7087 
7719 5241 3592 6991 
7720 6662 6663 6664 
7721 5341 3931 6103 
7722 1437 1282 6848 
7723 5515 5514 5516 
7724 3179 2645 7297 
7725 1374 1375 1376 
7726 1726 866 7222 
7727 5171 4390 6058 
7728 2411 2410 2412 
7729 7239 7149 7290 
7730 1617 1565 1618 
7731 1847 2154 2283 
7732 3260 3259 3261 
7733 4850 4030 4851 
7734 605 606 609 
7735 4419 4808 7287 
7736 2948 2924 2956 
7737 601 602 605 
7738 2459 2458 2460 
7739 3160 2679 3161 
7740 1440 1353 1441 
7741 2086 2088 2089 
7742 6768 6769 6770 
7743 2052 2728 7197 
7744 1499 1441 1500 
7745 7251 4460 7638 
7746 6465 6467 6468 
7747 1474 3621 7056 
7748 2673 2675 7057 
7749 609 610 613 
7750 912 902 913 
7751 4268 4269 4331 
7752 1130 1132 1133 
7753 7173 6506 7566 
7754 3366 3225 6753 
7755 3092 3510 7255 
7756 7981 4652 8106 
7757 6270 5180 7442 
7758 2954 1487 7346 
7759 4279 4281 4886 
7760 5580 4950 5583 
7761 3626 3624 5287 
7762 6603 6524 6604 
7763 2603 2606 7101 
7764 613 614 617 
7765 2738 2736 4402 
7766 5554 5553 5555 
7767 3888 4178 4192 
7768 2244 2102 2245 
7769 2525 2520 2575 
7770 4493 4468 6595 
7771 597 598 601 
7772 3853 3854 4157 
7773 2093 2094 7103 
7774 2013 2183 2437 
7775 5943 4940 6958 
7776 3437 3438 3439 
7777 3702 3952 3953 
7778 6488 2637 7275 
7779 1685 1683 1889 
7780 1835 1834 1836 
7781 5055 4007 5056 
7782 4192 5024 5092 
7783 2852 2854 7415 
7784 2680 1656 6822 
7785 1637 3534 4714 
7786 2101 2102 2244 
7787 3441 3442 3443 
7788 4603 4600 7291 
7789 3567 3571 7091 
7790 3574 4242 5238 
7791 5163 5160 6188 
7792 2478 2477 2479 
7793 3433 3434 3435 
7794 1935 1937 7248 
7795 6508 3596 6509 
7796 3225 3223 3713 
7797 3271 3742 6905 
7798 2498 2497 2501 
7799 3460 3285 7119 
7800 6864 6865 6866 
7801 6381 6387 7046 
7802 3165 3164 3166 
7803 2341 2339 3231 
7804 2306 2307 2308 
7805 1422 1421 1423 
7806 2532 2533 2534 
7807 1573 1523 7019 
7808 4226 4875 4877 
7809 3603 3605 3606 
7810 3391 3036 3712 
7811 3075 3826 3827 
7812 2505 2510 2511 
7813 6259 2409 6260 
7814 2300 2301 2302 
7815 4055 4053 4764 
7816 8176 4145 8256 
7817 568 566 1386 
7818 2519 2521 2522 
7819 6520 6521 6522 
7820 2385 2245 2386 
7821 1440 1441 1499 
7822 4016 3332 4405 
7823 3258 3259 3260 
7824 1312 1223 1313 
7825 2849 8472 8481 
7826 1352 1353 1440 
7827 4442 4440 6389 
7828 1349 3518 3872 
7829 801 793 802 
7830 1699 1695 1700 
7831 1244 1243 6839 
7832 3418 4201 7154 
7833 3671 2570 7177 
7834 3051 3276 3277 
7835 3576 3575 4019 
7836 3726 3770 4848 
7837 2722 708 7060 
7838 3167 3166 3168 
7839 771 766 772 
7840 5174 6181 6182 
7841 4858 3730 4859 
7842 2482 2481 2483 
7843 1000 999 1001 
7844 1237 1228 1238 
7845 2413 2412 2414 
7846 3169 3168 3170 
7847 4472 4470 6874 
7848 1694 1695 1699 
7849 5212 5211 6612 
7850 3057 3726 6977 
7851 4421 984 6817 
7852 5858 3959 6321 
7853 2725 2724 3202 
7854 1312 1313 1352 
7855 7455 2419 8182 
7856 4479 4477 4488 
7857 2663 2665 7022 
7858 740 731 1385 
7859 2244 2245 2385 
7860 7015 1803 7270 
7861 2192 3008 7691 
7862 2337 2335 6997 
7863 3695 3700 7537 
7864 1659 1658 1660 
7865 1426 1425 1450 
7866 3228 2979 3229 
7867 781 779 782 
7868 2923 2922 2924 
7869 1700 1695 7096 
7870 2072 2074 6878 
7871 3530 3531 3702 
7872 3152 3865 3950 
7873 6360 2994 7453 
7874 1357 1355 1379 
7875 4458 5173 5174 
7876 6704 6711 7010 
7877 4875 4876 5390 
7878 1881 1449 7301 
7879 6522 6521 6523 
7880 4808 6106 7287 
7881 5053 5052 5733 
7882 1699 1700 1707 
7883 3872 3873 4215 
7884 1206 1205 1231 
7885 3734 3228 6809 
7886 4049 4048 4716 
7887 1424 1423 1425 
7888 6433 6431 6434 
7889 3934 4257 4258 
7890 3097 3418 7154 
7891 1676 1674 1680 
7892 3032 3050 3051 
7893 3401 3402 3853 
7894 2461 2460 2462 
7895 2385 2386 3097 
7896 3724 4827 7937 
7897 888 881 889 
7898 3424 3336 3425 
7899 764 755 765 
7900 2671 2672 2673 
7901 2793 2787 2794 
7902 1720 1753 7109 
7903 674 682 683 
7904 1352 2827 7151 
7905 3318 4398 6791 
7906 2101 2100 2102 
7907 4208 3556 7629 
7908 2472 2471 2473 
7909 1462 1460 4527 
7910 1504 1520 1521 
7911 6433 6434 6435 
7912 3255 3156 3256 
7913 642 620 7112 
7914 2885 2886 2887 
7915 5649 5650 5828 
7916 1614 910 7295 
7917 3884 4206 5045 
7918 3221 3220 4077 
7919 1312 1352 7151 
7920 2665 2664 3220 
7921 3110 3334 3335 
7922 2476 2475 2477 
7923 6880 6881 7065 
7924 714 712 887 
7925 2848 864 7539 
7926 1707 1700 1708 
7927 2464 2462 2465 
7928 3906 7916 7924 
7929 6704 6702 6706 
7930 1270 1269 2426 
7931 4470 4493 6874 
7932 1985 1987 2005 
7933 4233 4528 5767 
7934 5238 4242 5239 
7935 1521 1598 1599 
7936 1857 1858 1944 
7937 4406 4405 4407 
7938 2375 2104 2377 
7939 3335 3424 3884 
7940 1257 1254 7140 
7941 1967 1969 7171 
7942 2728 2355 3064 
7943 6544 6546 6547 
7944 3089 6035 7273 
7945 2323 2322 2324 
7946 1833 1832 1834 
7947 2468 2467 2469 
7948 2331 2330 2332 
7949 6344 3179 7297 
7950 2103 1926 2104 
7951 6116 6115 6117 
7952 3038 3022 7194 
7953 6539 1741 7262 
7954 4462 4432 5052 
7955 965 976 2812 
7956 3447 3448 3449 
7957 5485 5484 5486 
7958 3554 4147 4148 
7959 1648 1629 1649 
7960 593 594 597 
7961 5645 6066 7331 
7962 7244 1101 7245 
7963 1500 1441 1529 
7964 3171 3170 3172 
7965 2953 3481 7576 
7966 3908 3475 3909 
7967 589 590 593 
7968 5067 5208 5209 
7969 2157 6799 7365 
7970 5778 4244 7125 
7971 4205 3592 4219 
7972 1791 1748 7135 
7973 5543 5542 5544 
7974 6981 884 7147 
7975 1867 7197 7299 
7976 5089 5090 5655 
7977 2615 2618 7045 
7978 3429 3430 3431 
7979 1979 1981 2001 
7980 1661 1660 1662 
7981 1799 1800 7015 
7982 7091 3993 7092 
7983 4097 3236 7251 
7984 2529 2531 2532 
7985 5084 5085 7086 
7986 1246 1247 1248 
7987 1971 1973 2002 
7988 2663 2153 2664 
7989 3982 4360 4361 
7990 3204 2956 6938 
7991 4069 3671 4653 
7992 4190 4191 5084 
7993 3471 3734 4226 
7994 930 913 2670 
7995 1701 1709 6049 
7996 2098 2100 2101 
7997 5302 4009 6252 
7998 2737 2739 4388 
7999 2567 2566 2979 
8000 2591 2589 2592 
8001 3258 3257 3259 
8002 2343 2341 7053 
8003 1847 2283 7042 
8004 585 586 589 
8005 1279 1266 1280 
8006 1601 1519 1602 
8007 4584 4582 4585 
8008 3341 7458 7508 
8009 4114 5460 5461 
8010 1983 1985 7028 
8011 2396 3174 7020 
8012 7035 4193 7036 
8013 2395 3574 7018 
8014 1182 1183 1184 
8015 3510 4341 7255 
8016 4530 4529 4531 
8017 1206 1232 2818 
8018 4476 4477 4478 
8019 6754 6753 7267 
8020 693 685 941 
8021 1010 1008 2860 
8022 710 708 2722 
8023 706 704 1215 
8024 774 798 7150 
8025 5656 6115 6116 
8026 4600 4598 7291 
8027 2449 2454 2512 
8028 3543 3161 3544 
8029 1663 1662 1664 
8030 3400 3009 7265 
8031 3732 3215 3733 
8032 2576 2575 2586 
8033 3835 3837 3838 
8034 1707 1708 1711 
8035 5071 4859 5072 
8036 6855 6854 6856 
8037 1983 7028 7164 
8038 3238 3236 4097 
8039 1353 1313 3555 
8040 1672 1670 3577 
8041 1435 5074 5075 
8042 3174 3981 3982 
8043 1559 1557 3741 
8044 4248 4247 5416 
8045 4126 3537 4135 
8046 2883 2882 2884 
8047 5700 2259 7386 
8048 6435 6436 6437 
8049 4506 4507 4509 
8050 1128 1129 1130 
8051 5085 5087 5089 
8052 2020 2021 2093 
8053 643 622 3599 
8054 1665 1664 1666 
8055 4148 7952 8113 
8056 671 673 674 
8057 4483 4484 4485 
8058 5084 4191 5085 
8059 3560 7015 7041 
8060 317 2 361 
8061 3631 3634 3703 
8062 581 582 585 
8063 1243 6745 6839 
8064 5430 5431 5519 
8065 4231 5674 7227 
8066 2006 1967 7171 
8067 7087 1720 7109 
8068 1014 1012 1015 
8069 3476 4742 7453 
8070 5089 5087 5090 
8071 1667 1666 1669 
8072 6492 6488 7275 
8073 3335 3334 3336 
8074 3847 4790 4989 
8075 2416 2414 2417 
8076 1587 1588 1589 
8077 7078 1185 8028 
8078 4841 4839 7074 
8079 1975 1977 2723 
8080 3313 3312 3891 
8081 2094 2096 2097 
8082 3256 3257 3258 
8083 3388 3995 3996 
8084 1004 1006 7146 
8085 654 648 1609 
8086 1281 1280 1282 
8087 4185 5611 5612 
8088 5513 5512 5514 
8089 4978 6285 6286 
8090 4480 4479 4481 
8091 5873 5113 7289 
8092 912 913 914 
8093 6016 4325 7095 
8094 5655 5090 5656 
8095 1488 1302 7070 
8096 5031 4763 5604 
8097 5719 4206 5720 
8098 1268 1241 1269 
8099 1041 1042 2914 
8100 5024 4178 5590 
8101 1803 1804 2020 
8102 4460 3735 4882 
8103 3056 4816 6361 
8104 1491 1490 1492 
8105 6231 6232 6566 
8106 3816 3059 3968 
8107 2985 2619 2986 
8108 702 700 2819 
8109 3892 3891 4229 
8110 6582 790 8502 
8111 2668 6885 7367 
8112 2642 2641 7297 
8113 4830 4255 4857 
8114 2587 2586 3620 
8115 4135 4522 4523 
8116 4190 3421 4191 
8117 2097 2096 2098 
8118 3901 3126 3902 
8119 1399 1398 1400 
8120 4478 4492 7210 
8121 788 783 7425 
8122 3950 3951 4318 
8123 6622 6620 7727 
8124 4476 4478 7210 
8125 1752 1548 7357 
8126 3997 3216 3998 
8127 5518 4325 6016 
8128 2461 3331 6939 
8129 4772 5401 6020 
8130 1711 1708 1712 
8131 3138 3137 3139 
8132 3974 2281 7507 
8133 2587 3620 6989 
8134 3109 2417 3110 
8135 4485 4484 4486 
8136 3176 3994 4336 
8137 4325 3399 7095 
8138 2879 2878 2880 
8139 6261 6260 6263 
8140 779 778 6596 
8141 3275 4084 4085 
8142 577 578 581 
8143 5100 4841 7074 
8144 4098 4097 7312 
8145 4272 4088 5132 
8146 4393 4051 4838 
8147 3142 3141 3143 
8148 4934 4936 5140 
8149 7090 7092 7183 
8150 1991 2010 7560 
8151 1277 2847 7334 
8152 2113 2841 7568 
8153 1564 1518 1565 
8154 3468 3446 4463 
8155 1711 1712 1716 
8156 1873 1875 1934 
8157 4127 3795 6454 
8158 4837 4847 5371 
8159 3174 6843 7020 
8160 1467 1478 3357 
8161 2296 2297 2298 
8162 4464 4463 5122 
8163 3272 3274 7503 
8164 4235 5097 5814 
8165 3117 2941 7410 
8166 2418 2660 7687 
8167 4483 4481 4484 
8168 4179 3411 7542 
8169 3686 3683 7462 
8170 6113 1829 8000 
8171 2800 2798 2801 
8172 3394 6381 7046 
8173 4464 5122 7199 
8174 2652 5875 7357 
8175 7006 2952 7529 
8176 1695 1689 1736 
8177 1628 1627 1629 
8178 1937 1939 1940 
8179 1495 1494 1496 
8180 3731 3505 4344 
8181 2093 2021 2094 
8182 2607 2610 7187 
8183 2881 2880 2882 
8184 4478 4479 4480 
8185 5087 6204 7088 
8186 3125 2944 3126 
8187 4653 7177 7178 
8188 4738 4737 5339 
8189 2618 2617 2619 
8190 8017 5966 8059 
8191 1695 1736 7096 
8192 969 967 984 
8193 3491 3489 4306 
8194 5664 4203 7034 
8195 2365 2367 3422 
8196 1833 2436 6306 
8197 1716 1717 7087 
8198 2527 2528 2529 
8199 3544 3161 7294 
8200 1595 1594 1646 
8201 5369 3212 5370 
8202 4085 4684 4904 
8203 3258 3810 6927 
8204 2594 2592 2595 
8205 1803 1802 1804 
8206 1451 1450 1479 
8207 2020 1804 2021 
8208 3891 3312 7254 
8209 2524 2526 2527 
8210 1599 1642 1643 
8211 3868 3421 4190 
8212 5543 5544 5545 
8213 3299 3267 3486 
8214 4871 4725 4872 
8215 3882 3883 5032 
8216 2877 2876 2878 
8217 1397 1396 1398 
8218 5029 4190 7031 
8219 4224 5769 5890 
8220 2010 7812 7813 
8221 7036 7038 7039 
8222 1258 1259 1260 
8223 1141 1140 1161 
8224 1753 1754 1799 
8225 3560 1799 7015 
8226 877 880 7278 
8227 2743 2745 2746 
8228 2246 2093 2732 
8229 3281 3282 3283 
8230 4203 3869 7034 
8231 4181 3741 5634 
8232 4061 3360 4062 
8233 1782 1783 1784 
8234 3279 3280 3281 
8235 2142 2140 2143 
8236 4481 4479 7124 
8237 3898 3897 3899 
8238 4221 5187 5714 
8239 3383 2794 6815 
8240 3094 2732 3421 
8241 2567 2979 2980 
8242 1286 1272 7558 
8243 3075 5359 6737 
8244 2399 2631 2632 
8245 4000 4661 4662 
8246 3222 3224 4366 
8247 6881 6879 6882 
8248 5103 4203 5664 
8249 1480 1479 1490 
8250 3586 3584 7069 
8251 2746 2747 2748 
8252 4150 3389 7384 
8253 1800 1802 1803 
8254 1730 1796 6876 
8255 1925 1738 1926 
8256 3564 3562 6298 
8257 3930 4677 4678 
8258 3756 3006 4700 
8259 2517 6974 6975 
8260 3226 3367 3368 
8261 3512 3513 3514 
8262 918 914 6954 
8263 2022 1799 3560 
8264 4521 4520 4529 
8265 3528 4404 5175 
8266 4028 3614 4030 
8267 1799 1754 1800 
8268 3415 3767 4343 
8269 3392 3391 6374 
8270 2646 3178 7104 
8271 1227 1236 3113 
8272 1126 1127 1128 
8273 3422 3423 4189 
8274 7265 3009 7563 
8275 1376 1377 1378 
8276 5237 6954 7241 
8277 985 984 1157 
8278 1224 1223 1312 
8279 4482 4481 4483 
8280 3574 5238 7018 
8281 3561 3560 3562 
8282 1158 1157 1223 
8283 3163 2804 3164 
8284 3855 3765 3949 
8285 3777 3778 3779 
8286 1720 1721 1753 
8287 3577 1670 7133 
8288 7096 1736 7097 
8289 870 851 7173 
8290 4457 4459 6459 
8291 2678 2676 2682 
8292 1002 1001 1003 
8293 3266 3298 4161 
8294 844 1652 1731 
8295 4186 4187 5628 
8296 1962 2823 3579 
8297 3570 7128 7180 
8298 5656 6114 6115 
8299 3218 3143 3219 
8300 2693 2695 2696 
8301 2084 2085 2086 
8302 2321 2320 2322 
8303 3346 2810 7201 
8304 3677 4835 7330 
8305 1145 1165 1166 
8306 5148 4431 6599 
8307 1283 1282 1294 
8308 3126 2944 7298 
8309 3197 2285 3198 
8310 2749 2742 7313 
8311 1493 1492 1494 
8312 7290 5882 8338 
8313 4336 4651 6043 
8314 1439 1471 1472 
8315 4433 2224 7189 
8316 7181 4447 7182 
8317 1577 3601 5344 
8318 3210 6739 6751 
8319 1975 2723 7079 
8320 3547 3103 3592 
8321 2675 4265 5907 
8322 778 2687 6596 
8323 2614 2613 2615 
8324 2689 2691 4514 
8325 1647 1646 1866 
8326 990 1156 1163 
8327 1124 1125 1126 
8328 5914 5913 5915 
8329 561 559 562 
8330 3441 3439 3442 
8331 1716 1712 1717 
8332 2921 2920 2922 
8333 3563 3562 3564 
8334 6841 3029 7473 
8335 6872 2415 7850 
8336 4485 4486 4487 
8337 5612 5614 5615 
8338 1915 1912 7163 
8339 1731 1732 1876 
8340 2522 2523 2524 
8341 3406 3405 7719 
8342 1354 1356 4664 
8343 884 3153 3964 
8344 8028 2843 8152 
8345 5151 7781 8303 
8346 5917 5915 6315 
8347 2037 1854 4558 
8348 750 756 759 
8349 2289 2156 7365 
8350 4046 4045 4737 
8351 2596 2595 2597 
8352 4975 4150 4976 
8353 5869 5867 6138 
8354 3465 3600 4186 
8355 975 962 2842 
8356 3801 3839 4177 
8357 5387 4339 5708 
8358 1395 1394 1396 
8359 1919 1920 1921 
8360 5274 4334 5275 
8361 1854 1726 7222 
8362 2968 2969 3710 
8363 461 463 464 
8364 1753 1721 1754 
8365 1345 1344 1372 
8366 3451 3449 3929 
8367 3437 3435 3438 
8368 3254 6411 6412 
8369 2666 2562 6317 
8370 3065 3064 3818 
8371 5609 5035 5903 
8372 3447 3445 3448 
8373 7680 5246 7745 
8374 4258 4257 5864 
8375 3419 3098 3420 
8376 3443 3442 3452 
8377 3546 4010 5184 
8378 3142 3699 6716 
8379 5380 5613 7127 
8380 1769 1828 1829 
8381 1800 1801 1802 
8382 3869 3588 4193 
8383 3356 3354 3575 
8384 1645 1789 1790 
8385 2159 2928 3210 
8386 5380 5381 5382 
8387 5912 5913 5914 
8388 3233 4090 4422 
8389 1231 1205 2820 
8390 2732 2093 7103 
8391 4843 4841 5100 
8392 3557 1645 6675 
8393 1156 1205 1206 
8394 2447 2449 7002 
8395 4382 4806 6336 
8396 1616 1730 6876 
8397 1044 1046 1047 
8398 2614 6935 7845 
8399 4182 3758 5877 
8400 3594 3544 3595 
8401 2241 2353 2354 
8402 858 856 859 
8403 4460 5400 7638 
8404 6371 6370 6747 
8405 3056 3054 3057 
8406 557 555 558 
8407 5095 4749 5813 
8408 2721 3945 4414 
8409 5085 5086 5087 
8410 2255 2257 5058 
8411 1606 1886 2399 
8412 2950 2949 4032 
8413 2098 2099 2100 
8414 5032 5033 5606 
8415 2748 2784 2785 
8416 1770 1649 1771 
8417 2610 2609 2611 
8418 1744 2627 3593 
8419 3559 1716 7087 
8420 1930 2396 2968 
8421 3427 3428 3429 
8422 3288 3287 3759 
8423 1235 1243 1244 
8424 4884 4098 7312 
8425 2283 2154 2285 
8426 3926 3925 7029 
8427 901 889 902 
8428 1561 1619 1621 
8429 6368 1872 7483 
8430 5388 4845 5666 
8431 2265 3121 3123 
8432 3859 3302 3886 
8433 2632 3932 5101 
8434 618 624 625 
8435 4158 4160 4170 
8436 553 551 554 
8437 3340 1263 6979 
8438 3037 3022 3038 
8439 2102 7018 7145 
8440 2071 2264 2265 
8441 2644 2646 2647 
8442 1327 1326 1344 
8443 4106 4905 4906 
8444 2476 6014 6609 
8445 1455 8546 8550 
8446 2249 2251 3509 
8447 3066 3407 3554 
8448 915 914 918 
8449 5104 3969 5188 
8450 5822 5807 5823 
8451 1818 1820 7775 
8452 1969 1971 6972 
8453 1303 1302 1326 
8454 2730 3297 7073 
8455 6544 6545 6546 
8456 7128 4505 7180 
8457 1720 1719 1721 
8458 2163 3635 7409 
8459 4787 4789 6219 
8460 3844 4164 5422 
8461 911 902 912 
8462 4060 5105 5106 
8463 4129 3857 7044 
8464 1180 1181 1182 
8465 4938 4940 5943 
8466 4915 4508 5218 
8467 3459 3460 3461 
8468 1004 1003 1005 
8469 6282 6924 7231 
8470 625 626 627 
8471 3937 5115 5117 
8472 826 824 834 
8473 2240 3394 7046 
8474 3234 2997 7132 
8475 2261 2368 3108 
8476 3256 3156 3257 
8477 6114 5090 7088 
8478 2552 2567 7116 
8479 1301 1300 1302 
8480 5068 4710 5675 
8481 1472 1503 1504 
8482 7178 7177 7527 
8483 3477 3936 3937 
8484 3372 3373 3374 
8485 1474 1432 3621 
8486 888 889 901 
8487 5443 4122 5444 
8488 931 918 5237 
8489 7036 7037 7038 
8490 6084 5082 6886 
8491 4422 4771 4772 
8492 990 1154 1156 
8493 4283 4285 4883 
8494 3487 3486 4262 
8495 3574 3924 4242 
8496 2334 2335 2336 
8497 2354 3031 3032 
8498 3325 3324 7049 
8499 3425 3426 3427 
8500 2825 1716 3559 
8501 4421 6817 7827 
8502 917 928 929 
8503 3374 3375 3477 
8504 4027 3211 4424 
8505 4653 3671 7177 
8506 465 467 468 
8507 6092 5165 6221 
8508 1251 1250 1252 
8509 4480 4481 4482 
8510 3297 4119 4120 
8511 3923 3559 6915 
8512 4486 4494 4495 
8513 6776 6775 6777 
8514 1378 1427 1428 
8515 3370 3371 3372 
8516 3526 737 7175 
8517 3960 4627 4628 
8518 2772 2774 2991 
8519 4868 3998 5125 
8520 787 788 789 
8521 3262 3264 4132 
8522 3079 2227 3535 
8523 7090 1810 7091 
8524 3964 3967 5131 
8525 1280 1266 7141 
8526 3368 3369 3370 
8527 1717 1712 1718 
8528 2661 6774 8048 
8529 4436 4435 4437 
8530 485 487 488 
8531 2980 3228 3471 
8532 3779 3780 3781 
8533 3256 3258 6927 
8534 2690 6613 7381 
8535 5003 5002 5525 
8536 4563 5831 5967 
8537 2376 3104 7416 
8538 901 902 911 
8539 3557 6675 6676 
8540 2875 2874 2876 
8541 2370 2976 3889 
8542 2606 2605 2607 
8543 4482 4483 4489 
8544 3036 2183 7404 
8545 2449 2512 7002 
8546 1814 3182 7208 
8547 2785 2786 2787 
8548 880 2831 7278 
8549 2600 2599 2601 
8550 701 2734 7339 
8551 2696 2704 2705 
8552 3934 4258 7231 
8553 2711 2940 2941 
8554 1401 1402 1403 
8555 6617 6639 6640 
8556 2928 3074 3075 
8557 2119 2271 2915 
8558 1802 1810 7090 
8559 4193 3588 7037 
8560 1262 1263 1264 
8561 1708 1700 2822 
8562 4467 4466 4468 
8563 5720 7050 7051 
8564 2101 2244 2815 
8565 2862 2193 6920 
8566 3188 3679 3882 
8567 2020 2093 2246 
8568 2094 2095 2096 
8569 2705 2710 2711 
8570 4641 3645 4642 
8571 4835 4836 4837 
8572 4393 4838 4839 
8573 915 918 926 
8574 835 834 867 
8575 2552 2566 2567 
8576 6985 6984 6986 
8577 789 792 793 
8578 1329 1355 1357 
8579 3710 3711 4070 
8580 7216 7149 7239 
8581 936 937 945 
8582 993 6591 7317 
8583 2336 2335 2337 
8584 868 867 885 
8585 6501 6504 6505 
8586 886 885 898 
8587 4427 4426 4428 
8588 2556 2557 2902 
8589 1295 1294 6999 
8590 4846 5388 5389 
8591 1717 1718 1719 
8592 3761 4155 4156 
8593 4414 5795 5942 
8594 3035 3391 3392 
8595 2519 2522 6974 
8596 4469 4468 4470 
8597 2697 2692 7381 
8598 1753 1799 2022 
8599 5486 5484 6060 
8600 2602 2601 2603 
8601 6458 5492 7482 
8602 1717 1719 1720 
8603 7092 3993 7738 
8604 1721 1719 7149 
8605 3118 3925 3926 
8606 983 1144 1145 
8607 1710 1707 7292 
8608 3569 3570 7180 
8609 5121 5120 5966 
8610 2022 3560 3561 
8611 473 475 476 
8612 737 693 7175 
8613 3597 3595 3598 
8614 477 479 480 
8615 553 554 555 
8616 3571 3573 3993 
8617 481 483 484 
8618 4664 1356 5305 
8619 4860 4424 4861 
8620 1719 1718 1722 
8621 1689 1687 7156 
8622 6042 911 7198 
8623 4161 4162 5450 
8624 1719 1722 7149 
8625 2649 3324 3325 
8626 1292 1293 7136 
8627 6306 2436 7085 
8628 947 958 966 
8629 2543 2544 2556 
8630 1969 6972 7171 
8631 3113 4395 4396 
8632 669 670 671 
8633 4762 3715 4763 
8634 2334 2336 2357 
8635 1357 1379 1446 
8636 5904 5118 5970 
8637 2793 2794 2795 
8638 5916 5915 5917 
8639 4434 4433 4435 
8640 1428 1438 1439 
8641 3847 3712 4790 
8642 3774 7069 7186 
8643 2919 2918 2920 
8644 4428 7326 7915 
8645 6509 3596 7294 
8646 2934 3362 4626 
8647 3561 3562 3563 
8648 3775 3776 3777 
8649 1299 1298 1300 
8650 2516 2517 6975 
8651 2517 2519 6974 
8652 852 1654 1655 
8653 3094 3421 3868 
8654 1802 1801 1810 
8655 1064 1097 7191 
8656 557 558 559 
8657 3149 2749 7313 
8658 4216 4579 5641 
8659 3708 4071 4073 
8660 2514 2515 2516 
8661 3567 3569 3571 
8662 4742 6023 7453 
8663 5511 5510 5512 
8664 3868 4190 5029 
8665 3283 3284 3285 
8666 1868 2044 2048 
8667 2342 2347 7391 
8668 3450 3454 3879 
8669 3093 3308 3867 
8670 746 737 3526 
8671 4117 3771 4175 
8672 3939 5112 5113 
8673 3156 3155 7143 
8674 1407 1348 1442 
8675 4070 3711 7105 
8676 1800 1754 1801 
8677 1810 3567 7091 
8678 4471 4470 4472 
8679 6868 7931 7992 
8680 7248 1940 7249 
8681 1655 1656 1657 
8682 3504 3507 7484 
8683 5610 4184 5622 
8684 959 876 4466 
8685 3670 4103 4104 
8686 3433 3431 3434 
8687 5391 4896 5392 
8688 2246 2732 3094 
8689 3993 3573 7139 
8690 2348 3232 4506 
8691 2854 2934 7415 
8692 827 836 852 
8693 4140 3400 7265 
8694 489 491 492 
8695 2039 2012 2040 
8696 2818 1232 7337 
8697 1539 1563 7159 
8698 3487 4262 7040 
8699 1035 1036 1037 
8700 976 989 990 
8701 469 471 472 
8702 773 778 779 
8703 2573 2574 3093 
8704 2279 2109 2280 
8705 3781 3782 3783 
8706 1030 1031 1032 
8707 1569 1615 1849 
8708 7075 820 7166 
8709 3305 2224 4433 
8710 8903 3385 8907 
8711 2966 3213 3708 
8712 3444 3446 3468 
8713 2943 3117 3118 
8714 5663 4196 7283 
8715 3268 3038 3269 
8716 3442 3439 7288 
8717 1349 1304 3518 
8718 4659 5414 5415 
8719 3446 3447 7137 
8720 4291 4293 4879 
8721 4474 4472 4476 
8722 2395 3321 3574 
8723 4899 4277 7059 
8724 2385 3097 3464 
8725 5668 4609 5983 
8726 5914 5915 5916 
8727 777 776 6834 
8728 3069 2351 7196 
8729 2136 2134 2137 
8730 1236 1237 7272 
8731 3514 4050 4051 
8732 3608 3609 3610 
8733 667 668 669 
8734 1476 813 7075 
8735 1921 1930 7181 
8736 4359 3397 6357 
8737 2813 1860 6368 
8738 5099 4249 5912 
8739 1298 1295 6999 
8740 2067 2069 3013 
8741 4318 3951 7332 
8742 4572 4098 4884 
8743 4500 4637 4638 
8744 3933 4562 4563 
8745 4918 5180 5181 
8746 4458 3348 5173 
8747 3263 3261 3527 
8748 5053 5733 5734 
8749 2647 2648 2649 
8750 3573 3944 7139 
8751 1665 1666 1667 
8752 5021 4179 5591 
8753 1804 1802 7090 
8754 1750 1602 1751 
8755 4846 4845 5388 
8756 3377 3378 4075 
8757 2833 2832 6733 
8758 4253 5631 5679 
8759 5043 3987 5044 
8760 1663 1664 1665 
8761 4465 2253 7455 
8762 1822 1821 1823 
8763 5251 4043 5252 
8764 1485 1523 1573 
8765 1657 1658 1659 
8766 793 792 7066 
8767 2200 2293 2294 
8768 1006 1005 1007 
8769 781 782 783 
8770 2763 2761 2807 
8771 1711 1716 2825 
8772 3328 3938 3939 
8773 3627 3629 4023 
8774 3728 5379 5380 
8775 991 1104 7591 
8776 4519 4518 4520 
8777 1007 1552 7001 
8778 1849 1850 2156 
8779 3553 4375 5224 
8780 4462 5052 5053 
8781 4382 6336 7104 
8782 1705 1702 1706 
8783 5798 4330 5870 
8784 5066 4861 5067 
8785 683 682 686 
8786 1240 1267 3315 
8787 2795 2797 2798 
8788 3714 2289 7365 
8789 803 806 807 
8790 1661 1662 1663 
8791 4401 3928 7410 
8792 3579 6912 6913 
8793 2443 2445 3515 
8794 3285 3284 7119 
8795 5245 6594 7879 
8796 4206 3424 7050 
8797 1047 1048 7395 
8798 549 547 550 
8799 1699 1707 1710 
8800 2343 7053 7054 
8801 1499 1594 1595 
8802 2671 2670 2672 
8803 4485 4487 5107 
8804 2873 2872 2874 
8805 1686 1688 1696 
8806 1698 1697 1701 
8807 2512 2513 2514 
8808 5916 5917 5918 
8809 4022 3346 7201 
8810 2677 2679 3160 
8811 2507 2508 2543 
8812 3571 3572 3573 
8813 4907 4924 6658 
8814 1517 1498 1518 
8815 1231 2820 7351 
8816 3270 3038 7194 
8817 505 507 508 
8818 4308 4309 5834 
8819 3472 4432 4462 
8820 6030 3974 7507 
8821 908 916 917 
8822 3259 3975 7144 
8823 1038 1040 1041 
8824 3174 2278 3981 
8825 2847 7259 7260 
8826 2511 2552 7116 
8827 1539 1537 1563 
8828 4981 5157 7811 
8829 801 802 803 
8830 2287 2288 3377 
8831 4662 4661 5120 
8832 1543 1541 3320 
8833 2345 2343 7054 
8834 4018 4499 4500 
8835 3468 4463 4464 
8836 4748 4734 4749 
8837 2191 2193 2862 
8838 7140 1253 7435 
8839 3147 2025 3148 
8840 4308 3943 4309 
8841 6066 5647 6097 
8842 1567 1644 1645 
8843 5656 5090 6114 
8844 3757 3253 3758 
8845 1659 1660 1661 
8846 1790 2056 2158 
8847 7068 6114 7088 
8848 3821 3819 5002 
8849 606 602 2726 
8850 4486 4484 4494 
8851 7259 1148 7585 
8852 549 550 551 
8853 3430 4000 7030 
8854 768 758 924 
8855 3048 3316 5423 
8856 497 499 500 
8857 4844 4843 4845 
8858 6958 4942 7235 
8859 4185 5612 7332 
8860 2277 2959 2966 
8861 2168 1881 2169 
8862 6574 5121 7975 
8863 971 982 983 
8864 3361 3346 4021 
8865 3889 3890 5054 
8866 6700 6702 6704 
8867 4608 4607 4609 
8868 4156 5454 5455 
8869 1271 1284 3314 
8870 3110 3333 3334 
8871 3571 3569 3572 
8872 2386 2245 3115 
8873 501 503 504 
8874 4347 4349 6079 
8875 2956 3207 6938 
8876 4938 5943 7123 
8877 1208 1148 7259 
8878 5866 5868 6282 
8879 3201 4038 4039 
8880 6395 6397 6399 
8881 2413 2416 7161 
8882 493 495 496 
8883 1032 1033 1035 
8884 4876 6809 6810 
8885 2020 2246 7270 
8886 1352 1440 2827 
8887 5545 5563 7016 
8888 4851 4853 5931 
8889 4040 4773 6311 
8890 4466 876 7278 
8891 3252 2405 3253 
8892 1393 1373 1394 
8893 807 815 816 
8894 5085 4191 5086 
8895 912 914 915 
8896 3777 3776 3778 
8897 3350 4672 7190 
8898 3021 3022 3037 
8899 4689 5361 5362 
8900 6512 6509 7294 
8901 6289 4384 6918 
8902 3286 3010 3290 
8903 2160 2178 2287 
8904 1682 1684 2731 
8905 3418 3888 4201 
8906 4420 4418 4518 
8907 3536 3535 3537 
8908 2540 2537 7695 
8909 7036 4193 7037 
8910 4754 2859 4755 
8911 947 966 7108 
8912 3774 3586 7069 
8913 3572 3569 7180 
8914 3606 3605 3607 
8915 4510 7804 7825 
8916 2602 2603 7101 
8917 1505 1024 1506 
8918 3464 3097 7154 
8919 1937 1940 7248 
8920 5181 6270 6271 
8921 5495 5492 6458 
8922 2016 1751 2017 
8923 4612 8005 8062 
8924 4628 5924 6179 
8925 3573 3942 3944 
8926 4511 2392 7208 
8927 944 931 7080 
8928 3892 4229 4231 
8929 2383 3312 3313 
8930 3570 5863 7128 
8931 4299 4301 4873 
8932 1264 1265 1266 
8933 1769 1829 6792 
8934 4368 4354 6293 
8935 1239 1238 4634 
8936 2847 1208 7259 
8937 758 746 7232 
8938 1052 1054 2973 
8939 5538 4138 5539 
8940 2584 3337 7572 
8941 4390 2636 7425 
8942 5140 4936 7123 
8943 1267 1268 7261 
8944 1693 1692 1697 
8945 4133 5530 8071 
8946 5918 5917 5919 
8947 3860 3411 4179 
8948 1533 1531 2421 
8949 2362 2361 7204 
8950 2825 3559 3923 
8951 6596 2687 7126 
8952 1255 1254 1256 
8953 2224 2225 7189 
8954 4848 3770 7226 
8955 1224 1312 1314 
8956 2917 2916 2918 
8957 5174 5173 6181 
8958 1727 1853 3670 
8959 6215 6214 6216 
8960 5485 5486 5487 
8961 2640 2642 2643 
8962 3677 4834 4835 
8963 4510 3776 7186 
8964 2117 1814 7208 
8965 3011 3287 3288 
8966 7147 3964 7371 
8967 1418 1458 1569 
8968 3823 3676 4037 
8969 4133 4983 5530 
8970 5255 5253 5258 
8971 1403 1421 1422 
8972 2673 2672 2675 
8973 4828 4720 4829 
8974 4366 3224 7111 
8975 1552 1554 4501 
8976 4676 4994 4995 
8977 3942 3943 4308 
8978 1158 1223 1224 
8979 1154 989 1155 
8980 3226 3368 7111 
8981 4287 4289 4881 
8982 2577 2565 2578 
8983 924 758 7232 
8984 5040 4464 7199 
8985 5802 5792 5803 
8986 5087 5086 6204 
8987 2098 2096 2099 
8988 3245 7258 7315 
8989 625 627 1896 
8990 6621 6623 7221 
8991 2266 2160 6743 
8992 6585 4124 6587 
8993 3273 3271 6905 
8994 665 666 667 
8995 951 967 969 
8996 3775 3777 4151 
8997 4361 4360 4426 
8998 5914 5916 5923 
8999 1818 1816 1819 
9000 5257 5255 6952 
9001 2087 2080 2949 
9002 4056 5676 7093 
9003 2379 2381 3102 
9004 618 614 624 
9005 1885 1884 2110 
9006 7845 6021 7893 
9007 1114 1115 1116 
9008 2802 2803 2804 
9009 4491 4489 5882 
9010 2958 671 7195 
9011 4957 4955 5458 
9012 3843 3287 6812 
9013 4842 4841 4843 
9014 2479 2482 7475 
9015 3943 3572 7180 
9016 6855 6856 6858 
9017 3569 3568 3570 
9018 4844 4845 4846 
9019 3567 3568 3569 
9020 1266 1265 7141 
9021 3758 5899 7641 
9022 1712 1708 7162 
9023 3702 3531 3952 
9024 985 1157 1158 
9025 3100 3028 6228 
9026 2776 2778 2790 
9027 1314 1312 7151 
9028 4144 5542 5543 
9029 2871 2870 2872 
9030 3573 3572 3942 
9031 6748 6749 7211 
9032 3259 3257 3975 
9033 663 664 665 
9034 1060 1062 2816 
9035 1747 1745 1748 
9036 5239 4242 5881 
9037 925 942 943 
9038 2272 2110 2274 
9039 4674 4676 7589 
9040 940 947 7108 
9041 987 977 7697 
9042 3236 3237 7251 
9043 1576 1506 1884 
9044 2628 2274 2629 
9045 5509 5508 5510 
9046 2246 5232 7270 
9047 1822 1824 7900 
9048 7531 3265 7741 
9049 3421 2732 7302 
9050 838 6798 7282 
9051 202 203 435 
9052 2265 3184 7305 
9053 4309 3943 4505 
9054 7466 4112 7467 
9055 598 594 981 
9056 3160 3161 3543 
9057 4927 4925 5405 
9058 3184 4006 7305 
9059 4333 4331 5133 
9060 1156 1154 1205 
9061 5211 2657 6442 
9062 2800 2801 2802 
9063 1315 1317 1436 
9064 2082 2083 2084 
9065 2859 1867 7299 
9066 5325 4502 7242 
9067 816 822 823 
9068 1722 1718 5886 
9069 3759 3844 7011 
9070 6023 5411 6055 
9071 3279 3281 7188 
9072 1547 1545 1762 
9073 4733 4732 4734 
9074 1290 1292 1447 
9075 3752 3753 5028 
9076 3776 3774 7186 
9077 4764 4775 5351 
9078 1987 1989 7561 
9079 4069 4653 4656 
9080 3612 2172 4042 
9081 1341 1323 7271 
9082 1399 1400 1401 
9083 3942 3572 3943 
9084 884 878 3153 
9085 3150 2697 7381 
9086 3778 3776 4510 
9087 6888 6887 6889 
9088 2052 2355 2728 
9089 2094 2021 2095 
9090 901 911 927 
9091 1820 1819 1821 
9092 1577 5344 7169 
9093 1575 1763 2071 
9094 6753 6755 7267 
9095 2840 1070 7667 
9096 3453 3442 7288 
9097 2275 6544 6547 
9098 2382 2380 7237 
9099 2390 2117 2392 
9100 3450 3879 7137 
9101 1877 3912 4774 
9102 3815 3290 4143 
9103 4165 3949 5109 
9104 3783 3784 3785 
9105 4295 4297 4874 
9106 2100 2099 2395 
9107 3870 4250 4253 
9108 910 897 7295 
9109 3648 3598 3915 
9110 3530 3148 3531 
9111 1914 1915 1916 
9112 768 924 925 
9113 5294 5217 5997 
9114 978 2971 7490 
9115 4309 4505 4717 
9116 3208 4616 4791 
9117 6092 6959 7305 
9118 771 772 773 
9119 5875 5098 5925 
9120 6399 6401 6402 
9121 1879 1449 1881 
9122 969 984 985 
9123 935 4550 7628 
9124 2569 2571 2573 
9125 3444 3468 7318 
9126 4558 1854 7222 
9127 3773 3586 3774 
9128 4687 4688 4689 
9129 1440 1499 7157 
9130 3250 4105 4106 
9131 5119 4946 7071 
9132 1691 1679 1692 
9133 764 765 766 
9134 4243 3478 4249 
9135 1048 1050 1152 
9136 1810 3566 3567 
9137 3440 3441 7318 
9138 1918 1915 7163 
9139 990 989 1154 
9140 4192 5092 5657 
9141 4811 4812 5364 
9142 1543 3320 7230 
9143 2422 4465 5712 
9144 5073 6235 6236 
9145 3813 4125 4133 
9146 4245 4244 5778 
9147 4220 4221 6819 
9148 2827 1440 7157 
9149 5059 4220 6819 
9150 5215 5212 6612 
9151 5001 5553 5554 
9152 5926 5109 7740 
9153 5991 5133 6036 
9154 4517 1314 7151 
9155 4253 5680 7223 
9156 5720 4206 7050 
9157 5326 4024 5328 
9158 5612 5900 7332 
9159 3963 3869 4203 
9160 845 850 3516 
9161 3313 3891 3892 
9162 3312 6872 7254 
9163 913 902 6953 
9164 3500 5152 7014 
9165 7135 7252 7594 
9166 1064 1066 1097 
9167 2363 2070 3187 
9168 3827 3826 4955 
9169 4169 4587 4973 
9170 661 662 663 
9171 3224 3226 7111 
9172 2108 1811 2109 
9173 2291 3196 7153 
9174 3301 3824 4102 
9175 699 7339 7360 
9176 3773 3774 3775 
9177 3178 4382 7104 
9178 3425 3336 3426 
9179 7011 5422 7012 
9180 3177 4403 7388 
9181 2363 3187 3188 
9182 1095 1093 1339 
9183 1897 6331 7892 
9184 3982 3981 4360 
9185 1306 1308 3310 
9186 6184 6185 7792 
9187 4840 4839 4841 
9188 4936 4938 7123 
9189 5164 5848 8513 
9190 1740 1613 1815 
9191 6142 5103 6143 
9192 3587 3563 3588 
9193 3966 4247 4248 
9194 2138 2400 7170 
9195 2689 4514 7126 
9196 1920 1918 7443 
9197 2485 2486 2487 
9198 3986 6854 6855 
9199 804 813 1476 
9200 5677 4231 7227 
9201 875 864 2848 
9202 3589 3588 3869 
9203 823 830 831 
9204 911 912 7198 
9205 5102 4203 5103 
9206 3429 3428 3430 
9207 927 911 6042 
9208 7504 5274 7573 
9209 1279 1280 1281 
9210 3882 3679 3883 
9211 2962 2964 7599 
9212 6614 6615 6616 
9213 5069 7491 7645 
9214 5915 5913 7448 
9215 6907 6906 6908 
9216 6955 2674 7403 
9217 1497 1496 1498 
9218 895 907 908 
9219 5030 5029 5653 
9220 4308 5834 5909 
9221 4316 4317 4687 
9222 1810 1801 3566 
9223 3260 3262 7184 
9224 1744 3593 7252 
9225 2009 2004 6022 
9226 3165 3166 3167 
9227 5001 5000 5452 
9228 4131 4130 5442 
9229 3824 4619 7414 
9230 5918 5919 5920 
9231 4192 5657 7168 
9232 4303 4725 4871 
9233 3163 3164 3165 
9234 1429 6970 7358 
9235 3549 4064 5297 
9236 509 511 512 
9237 552 551 553 
9238 1527 7810 7890 
9239 3167 3168 3169 
9240 5921 5919 6482 
9241 2789 2783 7256 
9242 6954 6955 7241 
9243 962 953 7061 
9244 3447 3450 7137 
9245 2315 2314 2316 
9246 2883 2884 2885 
9247 2575 2520 7526 
9248 3519 1622 6779 
9249 5523 4168 5524 
9250 4314 4315 4316 
9251 955 970 971 
9252 3574 3321 3924 
9253 3146 4538 7390 
9254 4944 4946 5119 
9255 4212 4211 5436 
9256 1525 1452 2946 
9257 2724 2047 7536 
9258 3452 3453 3934 
9259 3888 4192 7168 
9260 1595 1646 1647 
9261 4441 5475 5478 
9262 935 949 4550 
9263 3350 4020 4672 
9264 3772 3586 3773 
9265 1430 1334 1515 
9266 3427 3426 3428 
9267 1018 1017 1019 
9268 943 954 955 
9269 1647 1866 1867 
9270 1965 1967 2006 
9271 6885 5730 7849 
9272 508 507 509 
9273 2333 2330 7026 
9274 2903 3092 7255 
9275 4555 3002 7478 
9276 919 938 2829 
9277 4842 4843 4844 
9278 4205 4219 5690 
9279 3062 4444 7347 
9280 6437 6436 6438 
9281 3750 3751 3752 
9282 3811 5000 5001 
9283 1499 1595 7157 
9284 1020 1019 1021 
9285 4264 4819 4822 
9286 4028 4030 4850 
9287 2968 3710 4447 
9288 3202 4534 4535 
9289 6431 3247 6440 
9290 5649 5077 5650 
9291 1851 2033 7536 
9292 3610 3896 3897 
9293 2070 2068 7374 
9294 4079 3707 4080 
9295 605 609 7279 
9296 3576 4019 5601 
9297 934 910 1614 
9298 742 741 750 
9299 2955 2954 3364 
9300 4726 3704 7412 
9301 2479 2480 2481 
9302 556 555 557 
9303 2407 2408 7273 
9304 6082 8073 8118 
9305 1101 1058 7247 
9306 2394 2392 4511 
9307 3779 3778 3780 
9308 2017 2067 7352 
9309 5866 6282 7231 
9310 3679 3187 4013 
9311 2122 2089 2123 
9312 3472 4462 7161 
9313 1110 1111 1112 
9314 4478 4480 4492 
9315 488 487 489 
9316 3838 4152 4153 
9317 4201 3888 7168 
9318 1112 1113 1114 
9319 1276 1333 1390 
9320 2757 2755 3127 
9321 1424 1425 1426 
9322 4258 5866 7231 
9323 2392 2117 7208 
9324 1273 6265 8794 
9325 2557 2569 7353 
9326 4731 4730 4732 
9327 3775 3774 3776 
9328 4006 6092 7305 
9329 2637 1450 7275 
9330 3467 3239 3529 
9331 1422 1423 1424 
9332 6482 3347 7894 
9333 2900 3350 7190 
9334 1343 1314 4517 
9335 2560 2554 2561 
9336 728 727 741 
9337 1432 1355 7063 
9338 4505 3943 7180 
9339 3899 4238 4239 
9340 3567 3566 3568 
9341 4482 4489 4491 
9342 3380 4326 7687 
9343 1780 1781 1782 
9344 3111 3114 3894 
9345 3345 2810 3346 
9346 3706 2830 3707 
9347 2606 2607 7187 
9348 3559 7087 7452 
9349 3169 3170 3171 
9350 2103 2104 2375 
9351 3570 4524 5863 
9352 484 483 485 
9353 6421 6422 6423 
9354 3538 3540 5182 
9355 2365 2242 2367 
9356 1907 1906 1908 
9357 3825 4138 5017 
9358 2014 1921 7181 
9359 4111 3968 5128 
9360 1002 3590 6736 
9361 4417 4419 7287 
9362 2381 2383 7148 
9363 7848 4252 7897 
9364 1778 1777 7014 
9365 7491 5691 7645 
9366 3887 4208 4240 
9367 1108 1109 1110 
9368 2383 3313 7148 
9369 6511 6512 6513 
9370 4631 5445 5446 
9371 2328 2330 2331 
9372 504 503 505 
9373 893 894 895 
9374 7133 1669 7172 
9375 1814 1735 3182 
9376 3291 3033 3771 
9377 2473 2474 2475 
9378 565 564 566 
9379 6465 6463 6467 
9380 1016 1015 1017 
9381 575 574 577 
9382 7097 1736 7098 
9383 2068 4613 7374 
9384 4141 5474 7467 
9385 3026 4542 4543 
9386 492 491 493 
9387 1009 1011 4556 
9388 4484 4481 7124 
9389 4312 4313 4314 
9390 1919 2013 6925 
9391 2687 2689 7126 
9392 5032 3883 5033 
9393 659 660 661 
9394 674 673 682 
9395 1329 1357 7337 
9396 4997 4998 4999 
9397 4279 4886 7059 
9398 4381 5080 5729 
9399 4474 4476 4490 
9400 947 953 958 
9401 1091 1089 3323 
9402 5086 4191 7302 
9403 5110 5109 5926 
9404 1056 1058 1101 
9405 5843 7342 8420 
9406 3469 3941 4225 
9407 5255 5258 6952 
9408 4220 3529 4221 
9409 3934 3935 4257 
9410 4537 751 7207 
9411 6541 4401 7410 
9412 7183 7092 7674 
9413 889 881 7715 
9414 2915 2271 2916 
9415 7310 3409 7405 
9416 3104 3549 7416 
9417 1682 2731 7172 
9418 4392 4051 4393 
9419 4467 4468 4469 
9420 1996 2907 7903 
9421 563 561 564 
9422 1860 1861 6368 
9423 5073 6236 7025 
9424 5305 1356 5306 
9425 3608 3607 3609 
9426 1582 1509 1584 
9427 500 499 501 
9428 876 877 7278 
9429 3547 3592 4205 
9430 2469 2470 2471 
9431 3756 4700 4701 
9432 1370 1416 4589 
9433 4077 4078 4809 
9434 2229 2231 2735 
9435 5487 5489 5517 
9436 1350 899 4515 
9437 2809 3344 3347 
9438 1357 4516 7337 
9439 3110 2417 3333 
9440 7101 2606 7712 
9441 1297 1295 1298 
9442 573 572 574 
9443 3724 4825 4827 
9444 2412 2410 3977 
9445 869 876 959 
9446 569 568 570 
9447 934 1614 3208 
9448 5900 5615 5953 
9449 4248 5416 5417 
9450 480 479 481 
9451 1925 1926 2103 
9452 691 690 727 
9453 883 890 891 
9454 4065 3036 7404 
9455 3570 3568 4524 
9456 2416 3472 7161 
9457 3171 3172 3173 
9458 1774 1775 1776 
9459 1909 1908 1910 
9460 6435 6434 6436 
9461 1803 2020 7270 
9462 4109 3759 7011 
9463 576 580 5060 
9464 1914 1912 1915 
9465 3057 3294 3726 
9466 7151 2827 7285 
9467 1117 1119 4504 
9468 3182 1735 7557 
9469 6185 5166 6186 
9470 3818 4441 7130 
9471 3909 3911 4188 
9472 1840 1842 1843 
9473 1409 751 4537 
9474 4469 4470 4471 
9475 5021 5591 5592 
9476 3139 3140 3141 
9477 1911 1910 1912 
9478 7308 3409 7310 
9479 5705 5703 5706 
9480 2900 7190 7660 
9481 3315 5288 5289 
9482 1500 1530 7392 
9483 3561 3563 3587 
9484 3785 3786 3787 
9485 2782 2788 2984 
9486 3196 3723 3724 
9487 4490 4476 7210 
9488 1843 1844 1845 
9489 567 566 568 
9490 1281 1282 1283 
9491 4480 4482 7217 
9492 3075 3074 3826 
9493 827 852 7166 
9494 1932 2152 2153 
9495 1845 1931 1932 
9496 926 931 940 
9497 4525 3923 5082 
9498 2465 2466 2467 
9499 560 559 561 
9500 1754 1721 7216 
9501 2956 3206 3207 
9502 1447 4412 4413 
9503 2185 3053 3054 
9504 496 495 497 
9505 3872 4217 7331 
9506 915 926 2811 
9507 4471 4472 4474 
9508 3844 5422 7011 
9509 1010 2860 7569 
9510 3272 3271 3273 
9511 926 918 931 
9512 1277 1208 2847 
9513 912 915 7198 
9514 2944 3199 7298 
9515 1867 1866 7197 
9516 794 777 6834 
9517 6501 6499 6504 
9518 2338 2337 2339 
9519 4876 3734 6809 
9520 2676 2673 7057 
9521 3278 3277 3279 
9522 3314 3556 3887 
9523 844 840 1652 
9524 1904 1902 1906 
9525 5129 5128 6009 
9526 940 944 947 
9527 1776 1777 1778 
9528 1056 1101 7244 
9529 3468 4526 7318 
9530 571 570 572 
9531 476 475 477 
9532 2986 3136 3137 
9533 4895 3738 4896 
9534 3596 3544 7294 
9535 4067 4311 4312 
9536 1131 1122 1507 
9537 512 511 513 
9538 5392 4896 7958 
9539 1466 1773 1774 
9540 1669 1682 7172 
9541 2246 3094 5232 
9542 1435 1360 5074 
9543 4809 4824 5366 
9544 5844 5082 6084 
9545 873 882 883 
9546 3760 4949 7356 
9547 3579 2823 3580 
9548 1947 1949 2057 
9549 4384 2596 6918 
9550 3465 3091 3600 
9551 619 617 622 
9552 4526 4464 5040 
9553 3241 3735 4460 
9554 4574 5608 5728 
9555 3543 3544 3594 
9556 1718 1712 7162 
9557 959 4466 4467 
9558 1836 1837 1838 
9559 548 547 549 
9560 2340 2339 2341 
9561 1022 1021 1023 
9562 3868 5029 5030 
9563 3860 4179 5021 
9564 7149 1722 7290 
9565 6917 3129 7398 
9566 2507 2504 2508 
9567 7069 3584 7582 
9568 2245 2102 7145 
9569 4800 3878 4801 
9570 3334 3333 3972 
9571 6755 6756 6757 
9572 3989 5144 5145 
9573 2728 3064 3065 
9574 3689 3688 3690 
9575 7109 2022 7314 
9576 5438 5441 5689 
9577 4021 4691 6956 
9578 5697 5695 5702 
9579 1519 1474 7056 
9580 5490 5488 6109 
9581 3791 3792 3793 
9582 2050 2184 2185 
9583 3356 3575 3576 
9584 4259 5134 5887 
9585 4482 4491 7217 
9586 6204 6407 6976 
9587 2869 2868 2870 
9588 831 847 848 
9589 3435 3434 7138 
9590 1048 1152 7395 
9591 3005 2333 7026 
9592 4924 6068 6658 
9593 3667 4066 4067 
9594 2348 4506 7258 
9595 6421 4031 6422 
9596 1777 3500 7014 
9597 3207 4052 4053 
9598 3507 3957 7484 
9599 3718 3719 3746 
9600 7186 7069 7734 
9601 1322 1340 1572 
9602 1334 1277 7334 
9603 2615 2616 2617 
9604 678 677 690 
9605 1838 1839 1840 
9606 2342 2341 2343 
9607 3188 3187 3679 
9608 3603 3606 7739 
9609 5041 5040 5694 
9610 2982 3236 3238 
9611 1514 1457 3157 
9612 6443 4390 7425 
9613 1587 1551 1588 
9614 2882 3230 7583 
9615 4025 5327 5329 
9616 2721 4414 7475 
9617 7324 3545 8054 
9618 3760 4108 4949 
9619 1707 1711 7292 
9620 5921 6482 6483 
9621 2991 2774 7224 
9622 2291 3194 3196 
9623 776 904 3111 
9624 1296 1406 3611 
9625 3060 3812 3813 
9626 1808 1807 1809 
9627 4840 4841 4842 
9628 3439 3438 7288 
9629 1568 1482 2830 
9630 3102 2381 7148 
9631 1426 1450 1451 
9632 4369 5977 5978 
9633 3687 3686 3688 
9634 3018 3016 3862 
9635 2067 3013 7352 
9636 545 546 547 
9637 2046 2685 7679 
9638 4808 6015 6106 
9639 3748 3749 3750 
9640 5920 5919 5921 
9641 1121 1123 1124 
9642 4918 3745 5180 
9643 1508 1507 1577 
9644 3431 3430 7030 
9645 4128 3857 4129 
9646 5030 5653 5654 
9647 701 703 2734 
9648 2645 2642 7297 
9649 860 861 862 
9650 3874 3690 3876 
9651 862 872 873 
9652 2091 1876 6946 
9653 3902 4048 4049 
9654 3334 3972 7214 
9655 5061 4715 5642 
9656 4844 4846 6064 
9657 656 655 677 
9658 4099 5396 5397 
9659 3251 4107 4541 
9660 3261 3259 7144 
9661 3198 3203 4045 
9662 5513 5514 5515 
9663 5423 3316 5424 
9664 2677 3160 7403 
9665 4755 2859 7299 
9666 7551 5303 7552 
9667 1736 1689 7156 
9668 4233 4234 4528 
9669 4413 5073 7025 
9670 2369 2262 7322 
9671 2389 2117 2390 
9672 3066 3554 7632 
9673 3536 4144 7284 
9674 3461 3463 4204 
9675 5036 4196 5663 
9676 1768 1769 6792 
9677 4506 4509 7315 
9678 3212 3057 6977 
9679 4277 4279 7059 
9680 3274 3273 3275 
9681 1847 1848 2154 
9682 1529 1441 7708 
9683 1757 1831 1832 
9684 596 600 922 
9685 2344 2343 2345 
9686 915 2811 7198 
9687 3587 3588 3589 
9688 1332 3244 4570 
9689 3589 3869 3963 
9690 472 471 473 
9691 808 784 7350 
9692 4239 5723 8306 
9693 3568 3566 7239 
9694 1087 1085 1338 
9695 464 463 465 
9696 3680 1881 7301 
9697 549 551 552 
9698 513 515 516 
9699 7314 5240 7452 
9700 3964 3153 3967 
9701 5447 5448 7336 
9702 927 6042 6046 
9703 2346 2345 2348 
9704 4907 6658 6659 
9705 1106 1107 1108 
9706 1283 1294 1295 
9707 4914 3743 5266 
9708 3963 4203 5102 
9709 3215 2634 7611 
9710 1698 1701 1702 
9711 7131 5864 7142 
9712 3257 3156 7143 
9713 6407 5086 7302 
9714 1677 1676 1678 
9715 1481 1566 1567 
9716 3322 5233 5234 
9717 4971 5372 5373 
9718 2167 3885 4574 
9719 3510 3512 4341 
9720 5131 3967 5137 
9721 4224 3185 5769 
9722 5486 6060 7333 
9723 3037 3038 3268 
9724 5031 5604 5851 
9725 4629 4630 4631 
9726 7329 3007 7474 
9727 2203 7843 7989 
9728 468 467 469 
9729 1397 1398 1399 
9730 2159 2927 2928 
9731 1415 1411 2151 
9732 2792 2787 2793 
9733 2548 2546 2549 
9734 2825 3923 4525 
9735 4640 4639 5130 
9736 4393 4839 4840 
9737 7109 7314 7452 
9738 3458 3285 3459 
9739 5102 5103 6142 
9740 3655 4378 4381 
9741 1872 1863 1873 
9742 627 628 629 
9743 4191 3421 7302 
9744 1941 1943 1946 
9745 848 853 854 
9746 820 827 7166 
9747 5215 6612 7238 
9748 6490 6488 6492 
9749 1354 1328 1356 
9750 7846 6909 7901 
9751 4239 5722 5723 
9752 4186 3600 4187 
9753 5643 4215 6836 
9754 4494 4484 7124 
9755 980 1149 1635 
9756 6774 6575 7324 
9757 5386 7837 7944 
9758 2611 2612 2613 
9759 545 543 546 
9760 1283 1296 7375 
9761 1898 1578 2286 
9762 2390 2392 2393 
9763 880 888 2831 
9764 1634 1756 1757 
9765 1953 1955 2007 
9766 1950 1948 7393 
9767 3422 2367 3423 
9768 3288 3759 4109 
9769 4602 4600 4603 
9770 3322 4540 5233 
9771 3781 3780 3782 
9772 2096 2095 7328 
9773 5742 5744 6518 
9774 2183 2014 7404 
9775 4056 5301 5676 
9776 7150 798 7625 
9777 5516 5514 7383 
9778 3708 3213 4071 
9779 2675 3991 4265 
9780 2433 6205 8212 
9781 6915 7680 7745 
9782 991 992 1104 
9783 4510 7186 7804 
9784 650 649 655 
9785 3322 2835 4540 
9786 4659 4104 5414 
9787 1239 4634 7793 
9788 644 643 649 
9789 1635 1636 1847 
9790 3986 6855 7392 
9791 997 995 2837 
9792 4719 1444 4720 
9793 608 612 1651 
9794 3566 1801 7216 
9795 1261 1260 1262 
9796 1693 1697 1698 
9797 5886 1718 7162 
9798 545 547 548 
9799 2222 2224 3305 
9800 3819 3818 7130 
9801 3481 4264 7576 
9802 4534 2724 7536 
9803 623 622 643 
9804 1370 4589 7820 
9805 3746 3747 3748 
9806 811 824 826 
9807 3821 5002 5003 
9808 2742 2740 7313 
9809 2395 2835 3321 
9810 1963 1965 7229 
9811 283 284 319 
9812 1731 1652 1732 
9813 901 927 7341 
9814 3956 4591 5283 
9815 958 962 965 
9816 5543 5545 6080 
9817 2022 3561 7314 
9818 671 670 673 
9819 3585 3586 3772 
9820 5487 5486 5488 
9821 6294 4355 6295 
9822 3089 3151 6035 
9823 4006 5165 6092 
9824 2130 2128 2131 
9825 2983 2789 7642 
9826 4673 4674 4699 
9827 3703 3634 3704 
9828 2751 2749 3149 
9829 1234 1212 1235 
9830 3721 3179 6344 
9831 4430 2954 7346 
9832 3452 3442 3453 
9833 1357 1446 4516 
9834 7295 897 7362 
9835 786 783 787 
9836 2877 2878 2879 
9837 4754 4755 5603 
9838 1515 1334 7334 
9839 5430 4140 5431 
9840 4514 2691 7508 
9841 1675 1674 1676 
9842 3561 3587 7314 
9843 3266 4161 7518 
9844 1468 738 2667 
9845 4837 4836 4847 
9846 1104 1105 1106 
9847 3065 3818 3819 
9848 1007 1454 1552 
9849 965 975 976 
9850 4605 3099 4607 
9851 1444 1442 6758 
9852 7245 1101 7246 
9853 3951 4185 7332 
9854 1245 1244 1246 
9855 1548 1550 7357 
9856 5135 4260 5136 
9857 1483 1557 1559 
9858 1364 1366 1522 
9859 858 859 860 
9860 516 515 517 
9861 5735 5734 5736 
9862 6982 6605 6983 
9863 584 588 1555 
9864 1451 1479 1480 
9865 1306 3310 7136 
9866 2290 3727 6957 
9867 1748 1745 7252 
9868 3441 3444 7318 
9869 3619 4001 4334 
9870 1480 1490 1491 
9871 553 555 556 
9872 4441 5478 7130 
9873 2336 2337 2338 
9874 7260 7259 7343 
9875 6080 5545 7016 
9876 5094 5093 5885 
9877 951 969 7212 
9878 1345 1372 1373 
9879 4460 4882 5400 
9880 4566 3007 7329 
9881 5921 6483 6484 
9882 3585 3584 3586 
9883 4175 5456 5473 
9884 7447 7100 7492 
9885 3957 3542 3958 
9886 6204 5086 6407 
9887 2290 3381 3727 
9888 886 898 899 
9889 1801 1754 7216 
9890 1580 1633 1634 
9891 1643 1744 1745 
9892 3067 2332 7176 
9893 1395 1396 1397 
9894 5466 4157 6643 
9895 5588 5596 5597 
9896 1135 1134 1137 
9897 2324 2326 2658 
9898 1120 1118 4564 
9899 868 885 886 
9900 4024 4021 6956 
9901 5115 5833 7896 
9902 888 901 7341 
9903 2881 2882 2883 
9904 834 824 7771 
9905 2284 2027 7368 
9906 4319 3503 4512 
9907 3219 3659 4233 
9908 2235 2237 3095 
9909 3700 3705 5332 
9910 2967 3473 3667 
9911 1711 2825 7292 
9912 2331 2332 3067 
9913 1353 3555 7708 
9914 3566 7216 7239 
9915 1691 1692 1693 
9916 2771 2769 6877 
9917 2693 2696 7508 
9918 3899 3897 4238 
9919 1637 1560 3534 
9920 2116 1814 2117 
9921 6914 3985 7528 
9922 5367 4075 6936 
9923 2879 2880 2881 
9924 3594 3595 3597 
9925 1589 1588 1733 
9926 3146 3947 4538 
9927 633 634 635 
9928 1327 1344 1345 
9929 2158 2056 2159 
9930 1756 1633 7621 
9931 835 867 868 
9932 2670 913 6953 
9933 2218 2220 2372 
9934 6907 6908 7240 
9935 6590 8093 8107 
9936 3021 3037 3409 
9937 3635 3636 3638 
9938 2338 2340 2861 
9939 3365 3364 7055 
9940 1796 1795 7679 
9941 1876 1732 1877 
9942 3262 4132 7184 
9943 3611 3737 5267 
9944 1581 1487 2954 
9945 976 975 989 
9946 5207 7187 7893 
9947 1623 1626 1627 
9948 629 630 631 
9949 3235 3475 3908 
9950 2525 2576 7783 
9951 1138 1137 1140 
9952 3348 1257 7140 
9953 5990 7881 8074 
9954 625 624 626 
9955 5034 4588 5665 
9956 3726 3769 3770 
9957 4524 3568 7239 
9958 509 510 511 
9959 3587 3589 5240 
9960 5213 5338 6243 
9961 2176 2070 2363 
9962 2497 2495 2500 
9963 3713 3223 6926 
9964 4268 4331 4333 
9965 5306 1356 7351 
9966 1673 1672 1674 
9967 4976 4150 7384 
9968 897 875 7362 
9969 3673 3365 4513 
9970 4799 4866 4867 
9971 7021 5997 7238 
9972 2156 1850 2157 
9973 1296 1297 1406 
9974 544 543 545 
9975 4525 5082 5844 
9976 1965 2006 7229 
9977 2829 938 7212 
9978 1328 1231 7351 
9979 5705 5706 5707 
9980 826 834 835 
9981 3430 3999 4000 
9982 3981 2278 7443 
9983 1393 1394 1395 
9984 4906 4905 5406 
9985 640 620 642 
9986 631 632 633 
9987 2556 2544 2557 
9988 2041 2290 6957 
9989 1849 1615 1850 
9990 5064 2833 6733 
9991 4492 4480 7217 
9992 3651 3649 5290 
9993 3761 4156 7473 
9994 1293 1306 7136 
9995 4232 4231 5677 
9996 1303 1326 1327 
9997 4000 4660 4661 
9998 2387 2373 3551 
9999 2214 2216 3306 
10000 5774 5772 5775 
10001 3770 4953 7226 
10002 3321 2835 3322 
10003 938 951 7212 
10004 1962 1961 1963 
10005 2607 2608 2609 
10006 705 707 729 
10007 4769 4041 5342 
10008 1025 1023 1026 
10009 3585 3772 3825 
10010 2395 2099 2835 
10011 3468 4464 4526 
10012 4389 2662 6863 
10013 2163 2165 3635 
10014 6159 3485 8699 
10015 1301 1302 1303 
10016 3337 3989 7572 
10017 621 641 659 
10018 4398 4218 5711 
10019 4086 4902 5088 
10020 3811 4166 5000 
10021 4198 3457 4588 
10022 759 774 2727 
10023 2875 2876 2877 
10024 4132 3264 7518 
10025 5612 5615 5900 
10026 1860 1809 1861 
10027 4106 4105 4905 
10028 2161 2018 7179 
10029 7067 6624 8020 
10030 2074 2075 2076 
10031 1013 1024 1505 
10032 2543 2508 2544 
10033 2126 2124 2127 
10034 6005 4512 6147 
10035 785 809 1724 
10036 1876 1877 6946 
10037 4762 4763 5031 
10038 2116 2117 2389 
10039 5136 4260 7662 
10040 3787 3788 3789 
10041 2168 2169 3085 
10042 2280 2944 3125 
10043 3115 2245 7145 
10044 3094 3868 7280 
10045 5412 3395 7579 
10046 3963 5102 5246 
10047 2966 2959 3213 
10048 6511 6509 6512 
10049 2928 2927 3074 
10050 2071 1763 2264 
10051 5763 5771 7120 
10052 1368 1374 2838 
10053 5714 5187 5715 
10054 4265 5222 5223 
10055 1332 4570 7757 
10056 541 542 543 
10057 7235 5119 7236 
10058 1299 1300 1301 
10059 699 701 7339 
10060 3188 3882 4593 
10061 2493 2491 3319 
10062 2569 2573 7353 
10063 647 642 648 
10064 3345 3346 3361 
10065 5232 3094 7280 
10066 2256 2254 7386 
10067 3581 3580 3582 
10068 1934 1875 1935 
10069 3913 4244 4245 
10070 540 539 541 
10071 3973 2575 7526 
10072 4139 3400 4140 
10073 4353 4367 4369 
10074 2195 2196 7454 
10075 4523 4522 4643 
10076 1899 1901 3183 
10077 2567 2980 7286 
10078 4739 4738 7407 
10079 3361 4021 4024 
10080 1376 1378 1571 
10081 1409 4537 7399 
10082 715 717 735 
10083 7194 3022 7442 
10084 2573 3093 7789 
10085 4909 4566 4921 
10086 4942 4944 7235 
10087 4714 3534 4715 
10088 3975 3257 7143 
10089 2603 2604 2605 
10090 3438 3435 7138 
10091 1747 1748 1749 
10092 4049 4716 5035 
10093 3685 3683 3686 
10094 1281 1283 7375 
10095 1745 1744 7252 
10096 2799 2798 2800 
10097 4729 4705 4730 
10098 940 931 944 
10099 4348 3583 6364 
10100 1967 1968 1969 
10101 4496 3852 4497 
10102 1008 1007 7001 
10103 7751 3780 7853 
10104 2776 2790 7224 
10105 3717 3193 5309 
10106 1581 2955 7606 
10107 2727 774 7150 
10108 513 514 515 
10109 1486 1579 1580 
10110 5041 5694 5695 
10111 5113 5112 7289 
10112 4032 5324 5331 
10113 1989 1991 7560 
10114 3643 3644 3645 
10115 4873 4301 7234 
10116 1084 1086 2863 
10117 3238 4097 4098 
10118 557 559 560 
10119 4921 4566 7329 
10120 3610 3609 3896 
10121 4584 4585 5480 
10122 2099 2096 7328 
10123 3336 3334 7214 
10124 4707 3832 4710 
10125 3783 3782 3784 
10126 5507 5506 5508 
10127 1749 1748 1791 
10128 3670 1853 4103 
10129 4513 3365 7055 
10130 1283 1295 1296 
10131 4243 4249 5099 
10132 5511 5512 5513 
10133 3160 3992 7403 
10134 5382 5381 5625 
10135 4434 4435 4436 
10136 1569 1458 1615 
10137 1232 1329 7337 
10138 2774 2776 7224 
10139 5697 5702 5703 
10140 1991 1993 2010 
10141 1468 2667 7281 
10142 1211 1160 1212 
10143 541 543 544 
10144 537 538 539 
10145 635 636 637 
10146 2597 2598 2599 
10147 611 607 2179 
10148 1514 3157 7215 
10149 3193 2284 7368 
10150 5001 5452 5553 
10151 4303 4871 7234 
10152 3868 5030 7280 
10153 947 944 953 
10154 4301 4303 7234 
10155 6758 1501 7160 
10156 4572 4884 4885 
10157 4013 3187 7374 
10158 878 870 7173 
10159 7061 960 7962 
10160 5520 4959 5521 
10161 4333 5133 5991 
10162 6771 6772 7420 
10163 4526 5040 5041 
10164 1888 6729 7427 
10165 3934 3453 3935 
10166 1671 1670 1672 
10167 1963 1964 1965 
10168 3825 3772 4138 
10169 505 506 507 
10170 6298 7280 7756 
10171 3808 3809 3841 
10172 4226 4877 5759 
10173 1790 2054 2056 
10174 1943 1942 7764 
10175 2305 2304 2306 
10176 3772 3773 7441 
10177 6140 7611 7695 
10178 3011 3288 7553 
10179 3108 2368 7570 
10180 4452 4455 4673 
10181 1965 1966 1967 
10182 3617 4199 5277 
10183 1001 999 1380 
10184 587 583 2180 
10185 3093 2574 3308 
10186 1390 1333 7358 
10187 3587 5240 7314 
10188 3695 3697 3700 
10189 3251 4541 7338 
10190 3514 4051 4392 
10191 5380 5379 5381 
10192 3597 3598 3648 
10193 2265 2264 3121 
10194 2390 2393 3120 
10195 3736 1406 3743 
10196 669 668 670 
10197 1491 1492 1493 
10198 800 793 801 
10199 6140 3980 7611 
10200 4262 4307 5118 
10201 1959 1961 1962 
10202 3527 3261 7144 
10203 4944 5119 7235 
10204 2692 2690 7381 
10205 2180 583 7385 
10206 2309 2308 2310 
10207 3123 3121 3917 
10208 1047 1046 1048 
10209 2393 2392 2394 
10210 2138 2137 2400 
10211 4592 3955 7580 
10212 3409 3037 7405 
10213 2825 4525 7292 
10214 3635 5279 7409 
10215 899 898 7257 
10216 2489 2487 2499 
10217 3130 3479 3643 
10218 1062 1064 7191 
10219 1133 1132 1134 
10220 927 6046 6047 
10221 1963 1961 1964 
10222 1576 1884 1885 
10223 1962 1963 2823 
10224 3305 4433 4434 
10225 5346 4668 5348 
10226 2272 2274 2628 
10227 2573 2571 2574 
10228 1015 1012 7569 
10229 3872 3518 3873 
10230 1297 1298 1299 
10231 2961 2289 3714 
10232 6614 4389 6615 
10233 4835 4834 4836 
10234 2682 2676 7057 
10235 1027 1026 1028 
10236 3269 3271 3272 
10237 1885 2110 2272 
10238 1578 1577 7169 
10239 3201 2965 4038 
10240 5329 5327 5946 
10241 1167 1166 1168 
10242 2719 2717 3145 
10243 501 502 503 
10244 541 539 542 
10245 2934 4626 7415 
10246 4157 4158 6643 
10247 2342 2344 2347 
10248 1677 1678 1679 
10249 2025 1632 7158 
10250 1072 1074 1096 
10251 2535 2534 2536 
10252 5278 5659 5660 
10253 7256 2805 7996 
10254 576 5060 7688 
10255 5235 3983 5260 
10256 2628 2629 2947 
10257 599 595 961 
10258 7674 7092 7738 
10259 7252 3593 7594 
10260 780 779 781 
10261 2980 3471 3565 
10262 2942 2941 2943 
10263 4257 3935 4259 
10264 2912 7248 7424 
10265 4840 4842 6110 
10266 3972 3983 5141 
10267 4253 4250 5631 
10268 3162 2804 3163 
10269 2715 2713 3124 
10270 3123 3917 7277 
10271 1505 1506 1576 
10272 3789 3790 3791 
10273 6869 5303 7551 
10274 533 534 535 
10275 5067 5207 5208 
10276 537 539 540 
10277 1971 1972 1973 
10278 3672 3682 4650 
10279 1428 1439 3303 
10280 5448 5446 5449 
10281 2299 2298 2300 
10282 1813 1814 2116 
10283 781 783 786 
10284 2785 2787 2792 
10285 4720 1444 6758 
10286 537 535 538 
10287 3927 3926 3933 
10288 3856 3076 3857 
10289 2485 2483 2486 
10290 5120 4661 7233 
10291 919 2829 7257 
10292 1541 1539 7159 
10293 7102 6974 7627 
10294 3527 7144 7881 
10295 3998 3216 7656 
10296 1348 1311 7957 
10297 536 535 537 
10298 1493 1494 1495 
10299 3125 3126 3901 
10300 2286 1578 7169 
10301 3426 3336 7214 
10302 3057 3054 3294 
10303 5053 5734 5735 
10304 1790 1789 2054 
10305 3928 3117 7410 
10306 1969 1970 1971 
10307 1278 1266 1279 
10308 3841 3842 4980 
10309 5398 4555 5399 
10310 2204 3014 7319 
10311 517 518 519 
10312 6915 5240 7680 
10313 7299 7197 7686 
10314 5833 5116 7969 
10315 6119 5902 6120 
10316 2160 1891 2178 
10317 2250 2248 7455 
10318 5607 5050 5820 
10319 593 597 1153 
10320 1408 1410 3647 
10321 3960 4628 7599 
10322 3344 3345 3962 
10323 4069 4656 7296 
10324 2675 2672 3991 
10325 2873 2874 2875 
10326 6855 7024 7392 
10327 696 697 738 
10328 6831 842 7784 
10329 2733 5897 7502 
10330 3412 3411 3860 
10331 3516 850 7300 
10332 3613 2268 3614 
10333 6057 7846 7901 
10334 3396 3397 3808 
10335 520 519 521 
10336 528 527 529 
10337 5095 5813 5954 
10338 517 519 520 
10339 2709 2707 7363 
10340 532 531 533 
10341 653 648 654 
10342 4672 4020 5304 
10343 2338 2339 2340 
10344 1645 1644 1789 
10345 3978 5171 8255 
10346 2185 2184 3053 
10347 2707 2703 3131 
10348 4542 2208 7691 
10349 2417 2414 7389 
10350 5181 5180 6270 
10351 2227 2223 7122 
10352 7098 1736 7156 
10353 529 530 531 
10354 5645 5647 6066 
10355 4660 3999 4663 
10356 2832 1037 6852 
10357 3952 3954 4320 
10358 1080 1082 1100 
10359 7735 6006 7783 
10360 3430 3428 3999 
10361 4299 4873 7218 
10362 2664 2153 7153 
10363 2809 2810 3344 
10364 3434 3431 7030 
10365 2410 2382 7237 
10366 1373 1372 7266 
10367 833 865 991 
10368 4157 3854 4158 
10369 2831 888 7341 
10370 1668 1667 1670 
10371 3139 3137 3140 
10372 4963 4142 7607 
10373 2370 3889 7570 
10374 1406 1297 7396 
10375 3377 2288 3378 
10376 2699 2697 3150 
10377 2479 2477 2480 
10378 4077 3220 4078 
10379 898 919 7257 
10380 6618 6616 6638 
10381 1911 1912 1914 
10382 2674 2677 7403 
10383 4018 3359 4499 
10384 6173 4152 6305 
10385 964 7043 7717 
10386 1813 1735 1814 
10387 3376 2266 6743 
10388 5154 1286 7558 
10389 3401 3012 3402 
10390 1909 1910 1911 
10391 3105 2259 5700 
10392 2640 2643 7262 
10393 3317 3049 3411 
10394 4414 6987 7475 
10395 525 526 527 
10396 524 523 525 
10397 1388 972 5025 
10398 3668 3693 5296 
10399 637 638 645 
10400 601 605 2836 
10401 4245 5778 5779 
10402 6755 3713 6756 
10403 1552 1454 1553 
10404 4895 4896 5391 
10405 4644 4643 4645 
10406 4004 3158 4744 
10407 3192 2284 3193 
10408 5994 7827 7934 
10409 4774 3912 5709 
10410 1847 1636 1848 
10411 667 666 668 
10412 675 654 676 
10413 3549 5297 7416 
10414 2746 2748 2851 
10415 581 585 1610 
10416 4215 3873 4216 
10417 3726 3294 3769 
10418 5297 4064 5298 
10419 2816 1062 7191 
10420 2393 2394 2809 
10421 497 498 499 
10422 4556 1011 7586 
10423 4764 4053 4775 
10424 5149 3678 5150 
10425 1356 1328 7351 
10426 5312 5310 5315 
10427 5913 6917 7448 
10428 5222 3991 5247 
10429 2278 1920 7443 
10430 1130 1129 1132 
10431 5041 5695 5696 
10432 2733 5123 5897 
10433 684 676 685 
10434 4793 4380 4794 
10435 3051 3277 3278 
10436 2132 2131 2654 
10437 3611 1406 3736 
10438 4265 3991 5222 
10439 4910 2834 4920 
10440 2039 2040 2041 
10441 6395 6399 7583 
10442 869 959 7300 
10443 2636 788 7425 
10444 6044 4651 7933 
10445 3638 3639 5046 
10446 4033 3686 7462 
10447 4007 3733 7647 
10448 1191 1195 2850 
10449 493 494 495 
10450 4239 4238 5722 
10451 6109 5488 7333 
10452 2473 2471 2474 
10453 5704 5703 5705 
10454 2741 2743 7372 
10455 583 579 7385 
10456 2823 1963 7229 
10457 1530 3986 7392 
10458 2835 2099 7328 
10459 6942 1900 7401 
10460 4324 5861 5862 
10461 5705 5707 6366 
10462 3621 1432 7063 
10463 651 652 657 
10464 489 490 491 
10465 1690 1704 3619 
10466 3457 3279 7188 
10467 521 522 523 
10468 2871 2872 2873 
10469 2986 2619 3136 
10470 645 646 651 
10471 1907 1908 1909 
10472 3198 2285 3203 
10473 525 527 528 
10474 533 531 534 
10475 3875 4798 4799 
10476 2795 2798 2799 
10477 3972 3333 3983 
10478 2202 3011 7553 
10479 850 869 7300 
10480 723 722 724 
10481 4210 4211 4212 
10482 4689 4688 5361 
10483 1813 2116 7447 
10484 711 713 2989 
10485 4886 4281 7213 
10486 7648 3669 7805 
10487 2852 1916 2853 
10488 613 617 619 
10489 4492 7217 8099 
10490 3763 3304 4722 
10491 1372 3538 7266 
10492 521 523 524 
10493 5370 3212 6977 
10494 3037 3268 7405 
10495 7924 6158 8882 
10496 5696 5695 5697 
10497 5697 5703 5704 
10498 529 531 532 
10499 725 724 726 
10500 2994 3476 7453 
10501 1062 1063 1064 
10502 2403 2404 7684 
10503 533 535 536 
10504 2210 2212 2893 
10505 3436 3437 7733 
10506 5909 8495 8563 
10507 1741 2640 7262 
10508 5358 7939 8741 
10509 4471 4474 4475 
10510 2867 2349 2868 
10511 721 720 722 
10512 1710 7292 7438 
10513 6855 6858 7024 
10514 3538 5182 7266 
10515 4091 3002 4555 
10516 3219 3143 3659 
10517 5910 5442 5911 
10518 4000 3999 4660 
10519 927 6047 7341 
10520 2340 2341 2342 
10521 2973 1054 7244 
10522 6260 2409 7697 
10523 5208 5207 7893 
10524 719 718 720 
10525 7116 2567 7286 
10526 1083 1081 3116 
10527 1879 1881 2168 
10528 4953 5572 5574 
10529 4080 4082 4779 
10530 789 793 800 
10531 1975 1976 1977 
10532 1173 1172 1174 
10533 509 507 510 
10534 2287 2178 2288 
10535 6798 6725 8024 
10536 3582 3584 3585 
10537 3326 3325 3328 
10538 2377 2379 7450 
10539 4449 4448 4450 
10540 2458 2456 2506 
10541 2469 2467 2470 
10542 958 953 962 
10543 4647 3948 4648 
10544 2151 1411 7399 
10545 2956 2924 3206 
10546 3664 3662 3666 
10547 5487 5488 5489 
10548 665 664 666 
10549 1989 7560 7561 
10550 4379 3656 4380 
10551 1169 1168 1170 
10552 5335 4401 6541 
10553 485 486 487 
10554 529 527 530 
10555 1171 1170 1172 
10556 4540 2835 7328 
10557 4297 4299 7218 
10558 1635 1149 1636 
10559 5173 3348 7140 
10560 1128 1127 1129 
10561 2809 2394 2810 
10562 1898 2286 7401 
10563 2792 2793 2817 
10564 2615 2613 2616 
10565 4156 7134 7473 
10566 5191 5190 5192 
10567 2588 2590 7735 
10568 4215 4216 6836 
10569 1504 1521 1625 
10570 2241 2354 3096 
10571 2116 2389 2391 
10572 770 766 771 
10573 1248 1250 1251 
10574 3196 3724 7842 
10575 4541 4107 5409 
10576 8093 5236 8107 
10577 513 511 514 
10578 4135 3537 4522 
10579 1012 1010 7569 
10580 4278 4276 6429 
10581 2453 2451 3558 
10582 481 482 483 
10583 4920 2834 7494 
10584 692 685 693 
10585 1623 1597 1626 
10586 5114 5113 5872 
10587 7916 5039 7924 
10588 1973 1974 1975 
10589 2072 2073 2074 
10590 6546 6545 7335 
10591 2465 2462 2466 
10592 5057 5054 5747 
10593 2318 2320 2321 
10594 3293 3852 4496 
10595 4025 5329 7472 
10596 3811 5001 7503 
10597 5270 7324 8054 
10598 4704 4703 4705 
10599 4661 4660 5185 
10600 1728 1729 1768 
10601 5253 5252 7032 
10602 525 523 526 
10603 4451 4450 4453 
10604 1147 979 1148 
10605 7222 7648 7805 
10606 4748 4749 5095 
10607 763 755 764 
10608 4238 3897 7422 
10609 6991 2377 7450 
10610 1508 1577 1578 
10611 3344 2810 3345 
10612 7062 4633 8088 
10613 730 726 731 
10614 5509 5510 5511 
10615 2448 2446 7402 
10616 3459 3461 7283 
10617 3988 3338 7525 
10618 1567 1566 1644 
10619 1836 1834 1837 
10620 3853 3402 3854 
10621 3160 3543 3992 
10622 1659 1661 1715 
10623 663 662 664 
10624 3784 3782 4569 
10625 2802 2804 3162 
10626 1060 1061 1062 
10627 6021 5208 7893 
10628 2207 2114 7556 
10629 4535 4534 5630 
10630 3904 4214 5319 
10631 3492 3494 7470 
10632 3366 6754 7499 
10633 1296 1295 1297 
10634 4068 3671 4069 
10635 3615 3614 4028 
10636 1734 1574 1735 
10637 4588 3457 7188 
10638 4742 5411 6023 
10639 4687 4317 4688 
10640 5047 5049 5051 
10641 3724 3723 4825 
10642 3283 3285 3458 
10643 5980 7531 7741 
10644 717 716 718 
10645 477 478 479 
10646 2666 6317 7656 
10647 739 731 740 
10648 4428 4426 7325 
10649 657 658 679 
10650 754 749 755 
10651 1124 1123 1125 
10652 4039 4038 4549 
10653 1304 1291 7005 
10654 4512 3503 7484 
10655 2153 2152 2291 
10656 3332 2464 7456 
10657 4233 3659 4234 
10658 748 740 749 
10659 3635 2165 3636 
10660 2188 2055 3725 
10661 1845 1844 1931 
10662 2155 6861 7516 
10663 1007 1005 1454 
10664 4809 4078 4824 
10665 4796 4054 5281 
10666 2696 3341 7508 
10667 2585 2516 6975 
10668 1252 1254 1255 
10669 773 779 780 
10670 936 945 7340 
10671 4564 1118 7713 
10672 4321 5270 5964 
10673 3603 3604 3605 
10674 2580 2583 3132 
10675 5276 7848 7897 
10676 1932 1931 2152 
10677 2439 6307 8137 
10678 1960 1958 2268 
10679 5235 5260 6057 
10680 4648 3948 7488 
10681 5691 5690 5852 
10682 6887 3803 7746 
10683 4879 4293 7253 
10684 6058 4390 6443 
10685 1602 1519 7056 
10686 2281 1775 7507 
10687 4104 4103 7316 
10688 5489 5488 5490 
10689 2154 1848 2171 
10690 3458 3459 4196 
10691 5488 5486 7333 
10692 3141 3140 3914 
10693 3196 3194 3723 
10694 1843 1842 1844 
10695 5211 6442 7327 
10696 688 689 696 
10697 2174 2037 2175 
10698 2201 7352 7690 
10699 3648 3915 3916 
10700 679 680 688 
10701 1068 1070 2840 
10702 2992 2175 3006 
10703 715 714 716 
10704 5722 4238 5785 
10705 1507 1122 7382 
10706 4407 4405 6727 
10707 3333 2417 7389 
10708 521 519 522 
10709 1545 1543 7230 
10710 3785 3784 3786 
10711 1788 1864 1865 
10712 4316 4315 4317 
10713 2980 3565 7286 
10714 1733 3602 3603 
10715 517 515 518 
10716 3752 3751 3753 
10717 2495 2493 7306 
10718 4293 4295 7253 
10719 560 561 563 
10720 1904 1906 1907 
10721 1865 2049 2050 
10722 1321 1346 1405 
10723 5735 5736 6086 
10724 5025 972 7490 
10725 1175 1174 1176 
10726 2342 2343 2344 
10727 4156 5455 7134 
10728 3754 3006 3756 
10729 3977 2410 7237 
10730 3317 3412 3760 
10731 5141 3983 5235 
10732 2925 2061 4448 
10733 2858 1867 2859 
10734 8359 4037 8455 
10735 3892 4231 4232 
10736 750 759 7207 
10737 2611 2609 2612 
10738 2391 2389 3129 
10739 4874 4297 7218 
10740 2036 1854 2037 
10741 818 808 4552 
10742 3980 3215 7611 
10743 2267 1950 7393 
10744 1126 1125 1127 
10745 863 832 864 
10746 2376 2375 3103 
10747 1272 1270 7558 
10748 3966 4248 7543 
10749 5588 5587 5589 
10750 3706 3707 4079 
10751 4552 808 7350 
10752 3611 3736 3737 
10753 4590 3955 4592 
10754 972 973 7490 
10755 1131 1507 1508 
10756 4295 4874 7253 
10757 2482 2721 7475 
10758 4400 4680 4681 
10759 7211 6749 7953 
10760 1003 1001 7411 
10761 5693 5692 5896 
10762 2799 3144 4554 
10763 4352 4351 6335 
10764 2858 3181 4580 
10765 5266 3743 7396 
10766 3712 3036 4065 
10767 1177 1176 1178 
10768 2481 2480 2668 
10769 1692 8079 8298 
10770 1647 1867 2858 
10771 7087 7109 7452 
10772 4966 4963 7607 
10773 4045 3203 4047 
10774 4314 4313 4315 
10775 2799 2800 3144 
10776 1848 1636 2181 
10777 4661 5185 7233 
10778 3813 3812 4125 
10779 4889 4890 4891 
10780 661 660 662 
10781 2391 7099 7447 
10782 4975 4976 5320 
10783 3743 1406 7396 
10784 505 503 506 
10785 4831 4830 5383 
10786 3081 3300 3301 
10787 2632 5101 7468 
10788 2902 7353 7546 
10789 705 704 706 
10790 3162 3678 4557 
10791 7187 2610 7893 
10792 4170 4160 4171 
10793 4113 4753 8010 
10794 3021 3409 7307 
10795 5150 3678 7487 
10796 5036 5663 5855 
10797 1690 1679 1691 
10798 1552 1553 1554 
10799 5586 5587 5588 
10800 1116 1117 7274 
10801 3272 3273 3274 
10802 3267 3265 7531 
10803 1840 1839 1842 
10804 1561 1621 7160 
10805 5137 5138 5985 
10806 2153 2291 7153 
10807 5586 5585 5587 
10808 2295 2294 2296 
10809 563 564 565 
10810 4467 4469 4473 
10811 1484 1434 7760 
10812 1120 4564 7382 
10813 5978 8140 8155 
10814 2390 3120 7398 
10815 4777 3743 4914 
10816 2572 2570 3671 
10817 5376 5375 5377 
10818 909 933 935 
10819 2652 5098 5875 
10820 5588 5589 5596 
10821 1977 1978 1979 
10822 4254 4252 4255 
10823 5229 3981 7443 
10824 3897 3896 7422 
10825 4646 4645 4679 
10826 3104 3103 3547 
10827 3317 3411 3412 
10828 4075 3378 7330 
10829 4448 2061 7568 
10830 4557 5149 5151 
10831 3187 2070 7374 
10832 2177 6700 7451 
10833 1058 1059 1060 
10834 1568 2830 3706 
10835 4256 4255 4830 
10836 1041 1040 1042 
10837 2475 2474 5272 
10838 3278 3279 3457 
10839 3351 2901 3352 
10840 4213 3903 4271 
10841 3461 4204 7283 
10842 703 702 704 
10843 5602 5601 5839 
10844 1956 1954 2970 
10845 5070 5069 5692 
10846 7258 4506 7315 
10847 4196 3459 7283 
10848 640 642 647 
10849 3503 3504 7484 
10850 6456 6871 7463 
10851 1665 1667 1668 
10852 6506 4365 7973 
10853 3289 3077 6887 
10854 3820 3819 3821 
10855 3029 3761 7473 
10856 2344 2345 2346 
10857 5964 5270 8054 
10858 4733 4734 4748 
10859 473 474 475 
10860 3621 7064 7923 
10861 3195 2896 4682 
10862 1296 3611 7375 
10863 3952 3531 3954 
10864 1968 1966 2030 
10865 5974 4368 6293 
10866 2068 2066 4613 
10867 965 962 975 
10868 1914 1916 2852 
10869 1767 7888 8021 
10870 1852 1726 1854 
10871 2617 2616 3146 
10872 3264 3266 7518 
10873 1675 1676 1677 
10874 2584 2516 2585 
10875 4133 4125 4983 
10876 7112 615 7485 
10877 3636 2165 3637 
10878 5867 5865 7763 
10879 647 648 653 
10880 659 641 660 
10881 2159 2056 2927 
10882 3694 3692 5308 
10883 4381 4378 5080 
10884 4161 5451 7518 
10885 1655 1657 2844 
10886 786 3248 3251 
10887 3700 5333 7537 
10888 1923 1738 1925 
10889 2869 2870 2871 
10890 713 712 714 
10891 3361 4024 4025 
10892 4310 6251 8217 
10893 709 708 710 
10894 2358 2166 3033 
10895 1056 1057 1058 
10896 5023 5022 5585 
10897 776 761 904 
10898 4025 4024 5326 
10899 4063 3548 5069 
10900 5023 5585 5586 
10901 4071 4072 4815 
10902 4360 3981 5229 
10903 4995 4994 4996 
10904 2955 3672 7606 
10905 5197 5196 5468 
10906 8145 3883 8148 
10907 4103 4913 7316 
10908 2108 2109 2279 
10909 1070 1072 7667 
10910 5539 4138 7441 
10911 1713 1705 1714 
10912 3148 2025 7158 
10913 1703 1702 1705 
10914 4988 6346 6347 
10915 1737 1714 1738 
10916 1759 1760 1788 
10917 1088 1090 1139 
10918 4092 4897 4917 
10919 707 706 708 
10920 7650 5385 7774 
10921 1617 1618 1728 
10922 2079 2081 2082 
10923 3153 878 7173 
10924 4108 5022 5023 
10925 711 710 712 
10926 3046 3044 4539 
10927 3760 3861 4108 
10928 3165 3167 3180 
10929 4259 3935 4260 
10930 7110 900 7672 
10931 2389 2390 7398 
10932 3615 4029 4721 
10933 1959 1960 1961 
10934 3062 3082 3828 
10935 721 723 2996 
10936 5992 5991 5993 
10937 1966 1964 7460 
10938 6458 2347 7938 
10939 2487 2486 7193 
10940 4638 4637 4639 
10941 5134 5135 5905 
10942 4166 3395 5412 
10943 6423 6422 6424 
10944 2422 2253 4465 
10945 4312 4311 4313 
10946 1957 6913 7550 
10947 2379 3102 7450 
10948 2887 3021 7307 
10949 3353 3352 3354 
10950 7013 6179 7192 
10951 5785 4238 7422 
10952 1734 1735 1813 
10953 2007 1955 7550 
10954 3202 2724 4534 
10955 3440 7601 7733 
10956 840 838 7282 
10957 3130 3129 3478 
10958 1673 1674 1675 
10959 1207 1148 1208 
10960 768 925 2849 
10961 786 787 3248 
10962 4108 3861 5022 
10963 1116 1115 1117 
10964 4025 5326 5327 
10965 2156 2157 7365 
10966 565 566 567 
10967 2691 2693 7508 
10968 3274 3275 3395 
10969 8003 5746 8290 
10970 3736 3743 4777 
10971 2163 2162 2164 
10972 3813 4133 8007 
10973 1486 1580 7895 
10974 5034 5665 5941 
10975 4291 4879 7203 
10976 2220 2222 7321 
10977 701 700 702 
10978 7161 4462 7373 
10979 3320 1541 7159 
10980 3378 3677 7330 
10981 2520 2518 7526 
10982 1553 1454 4553 
10983 4694 950 5797 
10984 800 801 2834 
10985 4259 4260 5134 
10986 5418 5417 5419 
10987 2955 3364 3365 
10988 4810 2972 4811 
10989 3263 3527 7741 
10990 1255 1256 3002 
10991 1054 1055 1056 
10992 7601 5696 7733 
10993 1838 1837 1839 
10994 501 499 502 
10995 7186 7734 7804 
10996 597 601 7359 
10997 4414 5942 6987 
10998 3162 3163 3678 
10999 3661 3663 5295 
11000 3770 4952 4953 
11001 3937 5117 5908 
11002 4251 3871 4252 
11003 5182 3540 7543 
11004 3760 3412 3861 
11005 1030 1028 1031 
11006 803 807 817 
11007 4498 4497 4986 
11008 5166 3519 6779 
11009 1965 1964 1966 
11010 6848 5224 7781 
11011 882 872 7999 
11012 3207 3206 4052 
11013 2792 2817 4567 
11014 3799 3801 6871 
11015 1054 1056 7244 
11016 556 557 7480 
11017 5049 5048 5050 
11018 4198 4588 5034 
11019 5067 4861 5207 
11020 5563 5988 7016 
11021 1613 1514 7215 
11022 2607 2605 2608 
11023 4857 4255 7848 
11024 980 1147 1149 
11025 5505 5504 5506 
11026 3704 4044 7412 
11027 4237 4765 5787 
11028 2563 2565 2577 
11029 2027 1756 7621 
11030 4702 4623 4703 
11031 5563 5565 5988 
11032 3370 3372 3591 
11033 2270 2118 4011 
11034 800 2834 4559 
11035 4283 4883 7213 
11036 2087 2949 2950 
11037 567 568 569 
11038 4500 4499 4637 
11039 3355 3354 3356 
11040 3074 2927 5268 
11041 4334 4001 5236 
11042 5134 4260 5135 
11043 3750 3749 3751 
11044 3962 3345 7472 
11045 4120 4119 5013 
11046 4883 4285 7264 
11047 1301 1303 1331 
11048 3972 5141 7744 
11049 4765 4008 4766 
11050 1064 1065 1066 
11051 3337 2585 3338 
11052 3896 4008 4237 
11053 4750 3618 4751 
11054 1258 1260 1261 
11055 7308 7310 7311 
11056 1581 2954 2955 
11057 3607 3605 3709 
11058 4567 2817 6217 
11059 1480 1491 1511 
11060 2947 2629 7342 
11061 2119 2270 2271 
11062 932 929 936 
11063 4462 5053 7373 
11064 935 948 949 
11065 2672 2670 7400 
11066 3374 3477 3979 
11067 4144 5543 7284 
11068 1392 1373 1393 
11069 3520 3522 3920 
11070 2194 2192 7691 
11071 3428 3426 7379 
11072 686 682 2826 
11073 1179 1178 1180 
11074 2173 4767 5349 
11075 469 470 471 
11076 2629 3913 7342 
11077 4326 6012 7687 
11078 3045 3046 3048 
11079 4754 5603 7361 
11080 557 560 7480 
11081 1197 1203 1217 
11082 3645 3644 3646 
11083 4067 4066 4311 
11084 653 654 675 
11085 2586 2575 3973 
11086 4829 5265 7963 
11087 1366 1368 7349 
11088 1084 2863 7555 
11089 1967 1966 1968 
11090 4565 4566 4610 
11091 5503 5502 5504 
11092 3181 2859 4754 
11093 3611 5267 7375 
11094 2711 2941 2942 
11095 1264 1266 1278 
11096 4232 5677 5808 
11097 4517 7151 7285 
11098 3643 3479 3644 
11099 3582 3580 3584 
11100 1082 1084 7555 
11101 949 963 964 
11102 2696 2705 3341 
11103 1952 1950 2267 
11104 4281 4283 7213 
11105 1564 1565 1617 
11106 1677 1679 1690 
11107 4187 5243 5244 
11108 675 676 684 
11109 4001 1704 4612 
11110 4232 5808 5809 
11111 3251 4100 4107 
11112 2086 2085 2088 
11113 1052 1053 1054 
11114 2868 2349 7258 
11115 770 3007 4565 
11116 3619 1704 4001 
11117 3408 3055 4745 
11118 4731 4732 4733 
11119 6169 8072 8121 
11120 577 581 7344 
11121 5139 3974 6030 
11122 5283 4591 5284 
11123 5856 5099 5938 
11124 1495 1496 1497 
11125 3316 3049 3317 
11126 3535 2227 7122 
11127 3919 4399 4400 
11128 1554 1553 1574 
11129 3613 3614 3615 
11130 3048 3049 3316 
11131 1159 1143 1160 
11132 5145 5144 5146 
11133 3902 4049 7650 
11134 4410 3894 7093 
11135 1077 1075 1337 
11136 4274 4272 6787 
11137 5001 5554 7503 
11138 5277 4199 5278 
11139 4262 3486 4307 
11140 3823 4037 4984 
11141 3169 3171 3189 
11142 2277 2939 2959 
11143 4525 5844 7438 
11144 995 993 7317 
11145 5490 6109 7482 
11146 5493 5492 5495 
11147 2019 2162 2163 
11148 1757 1756 1831 
11149 2597 2595 2598 
11150 1401 1403 1431 
11151 3118 3926 3927 
11152 964 979 980 
11153 2367 2242 7602 
11154 1960 2268 3613 
11155 5217 5215 7238 
11156 2312 2314 2315 
11157 1276 1208 1277 
11158 1671 1672 1673 
11159 6616 6615 7205 
11160 1901 1900 1902 
11161 7318 4526 7601 
11162 4234 3659 4560 
11163 2162 2161 7523 
11164 6595 2831 7701 
11165 5143 3988 5147 
11166 5137 3967 5138 
11167 2817 7394 7716 
11168 1671 1673 2182 
11169 1310 1348 1407 
11170 2321 2322 2323 
11171 1086 1088 7581 
11172 7292 4525 7438 
11173 3667 3473 4066 
11174 3479 3478 4243 
11175 569 570 571 
11176 5543 6080 7284 
11177 1703 1713 3622 
11178 3290 3010 7690 
11179 1147 1148 1207 
11180 2860 1008 7001 
11181 5992 5993 5994 
11182 1076 1078 2908 
11183 2349 2348 7258 
11184 4088 3382 6937 
11185 7246 1101 7247 
11186 4557 3678 5149 
11187 4961 3843 6812 
11188 497 495 498 
11189 1145 1166 1167 
11190 5826 5825 5984 
11191 4071 3213 4072 
11192 6295 4355 6335 
11193 2391 3129 3130 
11194 4138 3772 7441 
11195 560 563 3311 
11196 5069 3548 7491 
11197 736 693 737 
11198 2856 2855 3388 
11199 1566 1482 1568 
11200 6453 4127 6454 
11201 4529 4520 6029 
11202 4289 4291 7203 
11203 2425 6332 7906 
11204 5193 5192 5194 
11205 2050 2049 2184 
11206 4955 3826 4956 
11207 3091 2902 7546 
11208 985 1158 3658 
11209 2603 2601 2604 
11210 1481 1430 1482 
11211 6265 6262 8782 
11212 4563 5967 5968 
11213 2854 2853 2855 
11214 1207 1208 1276 
11215 892 891 893 
11216 3600 3091 7546 
11217 4333 5991 5992 
11218 573 574 575 
11219 5491 5490 5492 
11220 5047 3639 5048 
11221 3646 3644 4323 
11222 1501 1561 7160 
11223 1104 2655 7591 
11224 1522 1366 7349 
11225 3604 3602 5263 
11226 1927 1928 2172 
11227 3496 3503 4319 
11228 6113 4359 6357 
11229 4574 3885 5608 
11230 5660 5659 5661 
11231 2713 2709 7376 
11232 3540 3966 7543 
11233 1114 1113 1115 
11234 2557 2568 2569 
11235 4103 4912 4913 
11236 6181 5173 7435 
11237 1924 2118 2119 
11238 1762 1545 7230 
11239 6628 6630 7592 
11240 3876 3878 4800 
11241 4443 7909 8002 
11242 2670 6953 7400 
11243 4205 5690 5691 
11244 4822 4819 7493 
11245 684 685 692 
11246 4341 3512 7437 
11247 1634 1633 1756 
11248 1276 1277 1333 
11249 1746 1745 1747 
11250 2163 2164 2165 
11251 2558 2559 7992 
11252 571 572 573 
11253 1771 1806 1807 
11254 3185 3123 7277 
11255 2115 2624 7998 
11256 964 963 979 
11257 7672 2910 7879 
11258 1001 1380 7411 
11259 5507 5508 5509 
11260 4565 3007 4566 
11261 2368 2370 7570 
11262 4039 4549 7366 
11263 980 979 1147 
11264 2346 2348 2349 
11265 2920 2918 3175 
11266 5424 3316 7356 
11267 2889 3295 4654 
11268 4047 3203 4690 
11269 3065 3819 3820 
11270 6327 4713 8277 
11271 699 698 700 
11272 2061 2062 7568 
11273 7970 2661 8048 
11274 4610 4909 5408 
11275 2047 1851 7536 
11276 949 948 963 
11277 3507 3542 3957 
11278 1345 1373 1392 
11279 1333 1334 1429 
11280 7249 1940 7250 
11281 2817 2793 7394 
11282 1333 1277 1334 
11283 3250 4101 4105 
11284 1110 1109 1111 
11285 2836 605 7279 
11286 4321 3954 5269 
11287 5824 5822 5825 
11288 5496 5495 5497 
11289 4663 3999 7379 
11290 1297 1299 7396 
11291 764 766 770 
11292 752 743 2729 
11293 493 491 494 
11294 4266 2947 5960 
11295 3014 3293 7319 
11296 576 579 580 
11297 1885 2272 2273 
11298 3638 3636 3639 
11299 3426 7214 7379 
11300 8689 603 8692 
11301 4234 4560 5081 
11302 2805 6519 8133 
11303 2167 4574 7506 
11304 781 786 7338 
11305 2743 2746 7372 
11306 1698 1702 1703 
11307 2551 2554 2560 
11308 2793 2795 7394 
11309 1727 1852 1853 
11310 770 771 3007 
11311 627 626 628 
11312 3529 3239 7642 
11313 2346 2349 2866 
11314 4608 4609 5668 
11315 2030 1966 7460 
11316 1575 1574 1734 
11317 2023 1890 7998 
11318 5147 3988 7525 
11319 6378 5182 7810 
11320 1045 1043 2972 
11321 5049 5050 5607 
11322 2222 3305 7321 
11323 3597 3648 4633 
11324 1580 1579 1633 
11325 1037 1038 6852 
11326 5524 4168 7505 
11327 7222 866 7648 
11328 2809 3347 7693 
11329 2216 2218 7345 
11330 1691 1693 7417 
11331 892 900 2900 
11332 2157 2276 2277 
11333 3896 3609 4008 
11334 1051 1049 2974 
11335 5496 5498 5500 
11336 1112 1111 1113 
11337 1429 1334 1430 
11338 4264 4822 7576 
11339 621 620 640 
11340 4047 4690 4761 
11341 3958 5093 5094 
11342 1638 1639 1759 
11343 5721 3893 8543 
11344 5109 5111 7740 
11345 1517 1518 1564 
11346 4548 1015 7569 
11347 4610 4566 4909 
11348 991 865 992 
11349 2103 2375 2376 
11350 1969 1968 1970 
11351 7546 7353 7789 
11352 1245 1246 3001 
11353 7843 5357 7989 
11354 2036 2174 2857 
11355 489 487 490 
11356 857 866 1725 
11357 786 3251 7338 
11358 1068 2840 7397 
11359 7385 579 7479 
11360 1897 1578 1898 
11361 1940 1939 1941 
11362 4881 4289 7203 
11363 1097 1066 7397 
11364 692 693 736 
11365 1050 1051 1052 
11366 934 3208 4795 
11367 2557 2544 2568 
11368 580 583 584 
11369 3983 3333 7389 
11370 3554 3407 4147 
11371 5082 3923 7745 
11372 6931 6929 6932 
11373 7460 1964 7510 
11374 5501 5498 5502 
11375 5946 5327 5947 
11376 2084 2083 2085 
11377 5304 7968 8205 
11378 5712 5731 7815 
11379 2019 2161 2162 
11380 3043 3044 3045 
11381 2748 2785 7530 
11382 3294 3054 7522 
11383 1393 1395 1404 
11384 3027 3077 3289 
11385 2867 2868 2869 
11386 4107 4100 5394 
11387 2116 2391 7447 
11388 3353 3355 3701 
11389 4320 3954 4321 
11390 3060 3061 3812 
11391 3615 4028 4029 
11392 963 948 2846 
11393 2493 3319 7306 
11394 1508 1578 1897 
11395 4526 5041 7601 
11396 5302 6252 7544 
11397 1378 1428 7413 
11398 1481 1482 1566 
11399 3820 3821 5386 
11400 1792 1791 2018 
11401 3889 5057 7570 
11402 5260 3983 7389 
11403 7157 1595 7436 
11404 1368 2838 7349 
11405 3141 3914 7406 
11406 2649 3325 3326 
11407 725 730 747 
11408 4004 4744 4792 
11409 1342 1314 1343 
11410 2800 2802 7430 
11411 2105 8175 8199 
11412 2372 2220 7321 
11413 3345 3361 7472 
11414 905 2995 3250 
11415 2069 2068 2070 
11416 2628 2947 4266 
11417 3251 3248 4100 
11418 1725 1726 1727 
11419 6043 6045 7964 
11420 5809 5808 5810 
11421 1108 1107 1109 
11422 3913 4245 7342 
11423 4248 5417 5418 
11424 4905 4105 4916 
11425 3308 3309 3870 
11426 3003 4888 4889 
11427 739 748 3004 
11428 5195 5194 5196 
11429 5492 5490 7482 
11430 1595 1647 7436 
11431 3889 5054 5057 
11432 1737 1923 1924 
11433 1374 1376 7380 
11434 3787 3786 3788 
11435 3650 3652 3654 
11436 3985 4268 7528 
11437 1554 1574 1575 
11438 2091 6946 7602 
11439 3054 3053 7522 
11440 3350 3351 4020 
11441 5247 3991 7400 
11442 1571 1378 7413 
11443 4628 7013 7599 
11444 7400 6953 7715 
11445 7389 2414 7694 
11446 4187 3600 5243 
11447 1604 1606 7511 
11448 3603 3602 3604 
11449 4533 4531 5982 
11450 3576 5601 5602 
11451 1652 840 7282 
11452 465 466 467 
11453 7209 6966 8085 
11454 3641 5291 7769 
11455 485 483 486 
11456 3641 3675 5291 
11457 1882 1825 2839 
11458 2572 4068 5276 
11459 1429 1430 1481 
11460 1668 1670 1671 
11461 3991 2672 7400 
11462 5414 4104 7316 
11463 5787 6312 8407 
11464 3748 3747 3749 
11465 5821 5807 5822 
11466 616 615 620 
11467 3130 3478 3479 
11468 3048 3046 3049 
11469 2483 2481 7367 
11470 1877 3618 3912 
11471 1224 1314 1342 
11472 4825 4826 5358 
11473 3687 3688 3689 
11474 4676 4995 7589 
11475 2399 2632 4503 
11476 1643 1745 1746 
11477 4559 4910 4911 
11478 611 2179 7485 
11479 3685 3686 3687 
11480 1235 1244 1245 
11481 971 983 4595 
11482 3250 2995 4101 
11483 1478 1528 1638 
11484 3423 3698 3728 
11485 1397 1399 2988 
11486 1733 1588 3602 
11487 1575 1734 1763 
11488 1611 8436 8449 
11489 1278 1279 1387 
11490 481 479 482 
11491 2992 3754 3755 
11492 3717 5309 5310 
11493 2500 2495 7306 
11494 1351 1453 1922 
11495 5489 5490 5491 
11496 4745 3055 7720 
11497 2900 2901 3350 
11498 780 781 7338 
11499 6972 6973 7825 
11500 3968 3059 7777 
11501 1104 992 1105 
11502 5175 4404 8325 
11503 5062 4820 5827 
11504 584 587 588 
11505 2569 2570 2571 
11506 2481 2668 7367 
11507 3512 3514 7437 
11508 1972 1970 2898 
11509 2373 2369 7322 
11510 3927 3933 3948 
11511 3793 3794 3795 
11512 2285 2154 7565 
11513 2577 2578 3099 
11514 2964 3960 7599 
11515 4044 4167 4747 
11516 4243 5099 5856 
11517 1957 1958 1959 
11518 1106 1105 1107 
11519 1592 7874 8074 
11520 1061 1059 1391 
11521 5219 4413 5220 
11522 5985 5138 6054 
11523 4251 4254 5633 
11524 5278 4199 5658 
11525 4426 4360 7426 
11526 4105 4101 7419 
11527 3192 3193 3717 
11528 4445 3828 5015 
11529 3939 5113 5114 
11530 1066 1067 1068 
11531 5247 7400 7715 
11532 3230 6395 7583 
11533 5118 4307 5979 
11534 2619 2617 7390 
11535 2916 2271 3209 
11536 5712 4465 5731 
11537 5919 5917 7788 
11538 3274 3395 3811 
11539 3143 3141 7406 
11540 2942 2943 3135 
11541 3458 4196 4197 
11542 1899 1898 1900 
11543 4825 3723 4826 
11544 1376 1571 7380 
11545 2707 3131 7363 
11546 2883 2885 3296 
11547 6700 6704 7451 
11548 7110 7672 7879 
11549 1037 1036 1038 
11550 4085 4904 5368 
11551 5053 5735 7373 
11552 3999 3428 7379 
11553 2302 2304 2305 
11554 5243 7546 7789 
11555 2280 3125 7655 
11556 3045 3044 3046 
11557 5046 3639 5047 
11558 1903 1905 2072 
11559 3343 4034 4035 
11560 588 591 592 
11561 3704 3766 4044 
11562 2199 2059 2200 
11563 5298 5299 5300 
11564 5000 4166 7540 
11565 3870 3871 4250 
11566 4824 4078 5248 
11567 1509 1468 7281 
11568 4824 5248 5249 
11569 1690 3619 7504 
11570 2837 995 7317 
11571 3718 2975 3719 
11572 1900 1898 7401 
11573 6756 3713 6926 
11574 6953 889 7715 
11575 2412 3977 7694 
11576 3278 3457 3617 
11577 575 577 7479 
11578 1459 1419 1460 
11579 1971 1970 1972 
11580 4800 4801 5632 
11581 5340 4069 7296 
11582 1457 1116 7274 
11583 2634 2555 7611 
11584 2806 2771 6877 
11585 3129 2389 7398 
11586 3896 4237 7422 
11587 5805 8426 8484 
11588 1568 3706 4617 
11589 4285 4287 7264 
11590 2242 2091 7602 
11591 6065 8006 8015 
11592 1631 1812 1927 
11593 4647 4648 5898 
11594 4103 1853 4912 
11595 3754 3756 4223 
11596 3746 3719 3747 
11597 4418 4416 7548 
11598 4832 3660 4833 
11599 2717 2715 7640 
11600 2315 2316 2824 
11601 5126 3998 7656 
11602 6119 6120 6121 
11603 477 475 478 
11604 5081 4560 5956 
11605 3104 3548 3549 
11606 4128 4129 5464 
11607 1675 1677 7504 
11608 4559 2834 4910 
11609 3963 5246 7680 
11610 3556 6540 7629 
11611 978 988 2971 
11612 2541 2546 2548 
11613 7148 3313 7471 
11614 675 684 1556 
11615 3914 3140 5336 
11616 745 737 746 
11617 2036 2037 2174 
11618 4114 5461 7828 
11619 4068 4069 5340 
11620 1834 1832 7421 
11621 3956 5283 7545 
11622 2984 2788 7678 
11623 2613 2612 7538 
11624 935 933 948 
11625 1627 1626 1805 
11626 1074 1076 7723 
11627 3617 3457 4198 
11628 2456 2453 7423 
11629 3989 5145 7572 
11630 592 595 596 
11631 1055 1053 1324 
11632 3914 5336 5337 
11633 6704 7010 7451 
11634 3728 5378 5379 
11635 4197 4196 5036 
11636 6886 5246 7872 
11637 997 2837 7428 
11638 2174 2175 2992 
11639 5787 4765 5788 
11640 2013 2437 6925 
11641 1832 1831 7516 
11642 4379 4380 4793 
11643 4438 4436 5651 
11644 7188 3281 7461 
11645 2363 3188 7202 
11646 1380 999 7428 
11647 6399 7107 7583 
11648 5220 4413 7025 
11649 4161 5450 5451 
11650 1434 1347 7610 
11651 3317 3760 7356 
11652 3769 3294 4561 
11653 5806 5805 5807 
11654 619 622 623 
11655 7069 7582 7734 
11656 1424 1426 1470 
11657 573 575 576 
11658 1035 1033 1036 
11659 5979 4307 5980 
11660 3440 7318 7601 
11661 1333 1429 7358 
11662 1417 1371 3154 
11663 1399 1401 7439 
11664 1852 1854 2036 
11665 4237 4008 4765 
11666 1899 1900 1901 
11667 3306 2216 7345 
11668 855 854 856 
11669 4571 4098 4572 
11670 2858 2859 3181 
11671 863 864 874 
11672 2616 2613 7538 
11673 608 607 611 
11674 1657 1659 7440 
11675 1048 1049 1050 
11676 2599 2598 2733 
11677 5278 5658 5659 
11678 4041 4039 7366 
11679 2291 2896 3194 
11680 2838 1374 7380 
11681 2572 3671 4068 
11682 3086 3085 3715 
11683 1795 2046 7679 
11684 1959 1958 1960 
11685 4266 5960 5961 
11686 5047 5048 5049 
11687 1505 1576 2897 
11688 7635 1549 7830 
11689 1062 1061 1063 
11690 7825 6973 7853 
11691 1690 1691 1704 
11692 6399 6402 7107 
11693 1877 1732 3618 
11694 1032 1031 1033 
11695 2328 2331 7714 
11696 692 736 2894 
11697 4221 5186 5187 
11698 754 755 763 
11699 757 767 769 
11700 3351 3352 3353 
11701 5659 5658 6026 
11702 3900 5285 5286 
11703 4979 4546 5453 
11704 732 694 734 
11705 3549 4063 4064 
11706 1064 1063 1065 
11707 4256 4831 5637 
11708 2992 3006 3754 
11709 2306 2308 2309 
11710 1392 1393 7444 
11711 1749 1791 1792 
11712 2154 2171 7565 
11713 3316 3317 7356 
11714 3677 4832 4834 
11715 2974 1049 7702 
11716 3181 4754 4756 
11717 1428 3303 7413 
11718 833 832 863 
11719 5056 4007 7647 
11720 2218 2372 7345 
11721 2451 2448 7402 
11722 3894 3114 4056 
11723 2499 2487 7193 
11724 4799 4798 4866 
11725 604 607 608 
11726 2017 1751 2066 
11727 565 567 1330 
11728 4248 5418 7543 
11729 2802 3162 7430 
11730 723 724 725 
11731 3858 3084 5313 
11732 4729 4730 4731 
11733 4149 5547 7304 
11734 5862 5861 5950 
11735 604 603 607 
11736 2617 3146 7390 
11737 2851 2748 7530 
11738 789 800 7431 
11739 3826 3074 7481 
11740 4125 3812 4134 
11741 3727 7377 7378 
11742 3689 3690 3874 
11743 4177 3839 7466 
11744 2019 2018 2161 
11745 1261 1262 4568 
11746 1123 1122 1131 
11747 4815 4072 5777 
11748 3288 4109 4110 
11749 5258 5253 7032 
11750 2867 2869 3023 
11751 580 579 583 
11752 3617 4198 4199 
11753 2000 1998 2035 
11754 1467 1475 1478 
11755 3716 3715 4762 
11756 596 599 600 
11757 3378 3660 3677 
11758 4287 4881 7264 
11759 5979 5980 5981 
11760 5399 4555 7905 
11761 1122 1120 7382 
11762 874 864 875 
11763 759 2727 7207 
11764 660 641 4577 
11765 2858 4580 7436 
11766 8911 4892 8912 
11767 1067 1065 1336 
11768 612 611 615 
11769 2795 2799 7394 
11770 5070 5692 5693 
11771 4097 7251 7638 
11772 569 571 2904 
11773 3288 4110 7553 
11774 4148 4147 5462 
11775 4452 4673 7997 
11776 728 741 742 
11777 852 1655 7457 
11778 3220 2664 7584 
11779 5312 5315 5316 
11780 3308 2574 3309 
11781 1121 1120 1122 
11782 600 603 604 
11783 3646 4323 4324 
11784 757 746 758 
11785 874 896 2864 
11786 3121 2264 3122 
11787 4319 4512 6005 
11788 4605 4607 4608 
11789 787 789 7431 
11790 3146 2616 3158 
11791 1703 1705 1713 
11792 576 575 579 
11793 3104 3547 3548 
11794 725 726 730 
11795 2376 3103 3104 
11796 4321 5269 5270 
11797 742 750 751 
11798 2088 2730 7303 
11799 2173 5349 7320 
11800 4847 4836 5640 
11801 3353 3354 3355 
11802 3355 3356 4074 
11803 826 835 3616 
11804 1771 1649 1806 
11805 767 758 768 
11806 4063 5069 5070 
11807 5572 4952 5573 
11808 609 613 7652 
11809 883 891 892 
11810 816 823 2936 
11811 3733 3215 3980 
11812 2709 7363 7376 
11813 592 591 595 
11814 2426 3342 3343 
11815 4811 5364 5782 
11816 5374 5373 5375 
11817 1607 1286 5154 
11818 3927 3948 4576 
11819 5240 3589 7680 
11820 4143 4551 4655 
11821 3124 2713 7376 
11822 3514 4392 7437 
11823 730 731 739 
11824 736 737 745 
11825 3183 1901 7571 
11826 1017 1015 4548 
11827 1979 1980 1981 
11828 1747 1749 1798 
11829 2746 2851 7372 
11830 3811 3395 4166 
11831 754 763 905 
11832 2532 2534 2535 
11833 2982 3238 7678 
11834 874 875 896 
11835 3053 3055 3390 
11836 943 955 1611 
11837 3423 2367 3698 
11838 1596 1797 8067 
11839 2291 2152 2896 
11840 1461 1460 1462 
11841 1861 1862 1863 
11842 3900 3653 5285 
11843 2069 2070 2176 
11844 5625 5626 5627 
11845 905 763 2995 
11846 739 740 748 
11847 748 749 754 
11848 1973 1972 1974 
11849 4628 6179 7013 
11850 1119 1118 1120 
11851 1713 1714 1737 
11852 1842 1839 2899 
11853 7699 4587 7725 
11854 5743 5741 5746 
11855 1559 3741 4181 
11856 719 720 721 
11857 600 599 603 
11858 1737 1738 1923 
11859 721 722 723 
11860 616 620 621 
11861 3313 3892 7471 
11862 2650 7749 7871 
11863 4254 4255 4256 
11864 596 595 599 
11865 1976 1974 2031 
11866 5517 5489 7512 
11867 3146 3158 3947 
11868 2715 3124 7640 
11869 691 727 728 
11870 4181 5634 5636 
11871 1497 1498 1517 
11872 1073 1071 3107 
11873 670 668 672 
11874 3163 3165 7487 
11875 5493 5495 5496 
11876 1448 1343 1449 
11877 2247 2106 2263 
11878 3144 2800 7430 
11879 4379 4793 5750 
11880 1158 1224 7497 
11881 1964 1961 7510 
11882 2270 4011 4012 
11883 896 897 909 
11884 3947 4004 5096 
11885 4251 4252 4254 
11886 2569 2568 2570 
11887 4831 5383 5384 
11888 1931 1844 2105 
11889 560 3311 7480 
11890 2942 3135 4594 
11891 608 611 612 
11892 1524 1449 1879 
11893 3060 2188 3061 
11894 4796 5281 5282 
11895 1948 1943 7764 
11896 4114 4954 5460 
11897 842 845 7784 
11898 2119 2118 2270 
11899 6936 4075 7330 
11900 1060 1059 1061 
11901 473 471 474 
11902 4268 4333 7528 
11903 6638 6616 7205 
11904 3584 3580 7582 
11905 941 685 7939 
11906 3361 4025 7472 
11907 4424 7101 7712 
11908 5491 5492 5493 
11909 2668 2951 3655 
11910 3281 3283 7461 
11911 4256 4830 4831 
11912 1058 1057 1059 
11913 2785 2792 7530 
11914 7611 2555 7695 
11915 909 910 933 
11916 5298 4064 5299 
11917 5038 7650 7774 
11918 1117 1115 1118 
11919 2157 1850 2276 
11920 1693 1698 7477 
11921 647 653 2905 
11922 2813 6368 7777 
11923 621 640 641 
11924 771 773 7474 
11925 717 718 719 
11926 3326 3328 3955 
11927 3001 1246 7433 
11928 761 752 7354 
11929 3350 2901 3351 
11930 2664 7153 7584 
11931 588 587 591 
11932 860 862 3669 
11933 3856 3857 4128 
11934 1437 7781 7909 
11935 584 583 587 
11936 1210 8348 8367 
11937 2939 2276 4015 
11938 5272 2474 5273 
11939 7279 609 7652 
11940 4405 3332 7456 
11941 5361 4688 5678 
11942 751 750 7207 
11943 4622 4621 4623 
11944 5290 3649 7622 
11945 2668 2480 2951 
11946 3617 5277 7605 
11947 5997 5217 7238 
11948 745 746 757 
11949 3002 1256 7478 
11950 1727 1726 1852 
11951 6615 4389 6863 
11952 886 899 1275 
11953 801 803 7494 
11954 6338 3102 7854 
11955 956 972 1388 
11956 2475 5272 7630 
11957 1734 1813 7492 
11958 1813 7447 7492 
11959 2524 2527 2539 
11960 3216 2666 7656 
11961 3875 4799 7736 
11962 2950 4032 7387 
11963 5356 4986 5433 
11964 1246 1248 7433 
11965 892 893 900 
11966 6726 6260 7697 
11967 3191 1786 3624 
11968 1275 899 1350 
11969 2477 2475 7630 
11970 664 662 1455 
11971 4750 4751 4752 
11972 4590 4592 5935 
11973 1897 1898 1899 
11974 809 808 818 
11975 2592 6989 7728 
11976 819 818 832 
11977 4599 4601 4649 
11978 1269 1241 7793 
11979 1056 1055 1057 
11980 757 758 767 
11981 461 462 463 
11982 4042 2172 7320 
11983 999 997 7428 
11984 3655 3656 4378 
11985 2309 2310 2650 
11986 612 615 616 
11987 678 690 691 
11988 4092 3738 4895 
11989 1113 1111 2909 
11990 1127 1125 4002 
11991 2187 2188 3060 
11992 1463 1465 1467 
11993 1011 1013 7586 
11994 895 908 2910 
11995 3531 3148 7489 
11996 4324 4323 5108 
11997 5750 5751 5940 
11998 5631 4250 7459 
11999 857 856 858 
12000 623 643 644 
12001 2164 2167 7506 
12002 3301 3300 3824 
12003 2486 2483 7367 
12004 581 1610 7344 
12005 4576 4647 4712 
12006 1151 1201 1202 
12007 2212 2214 7370 
12008 7328 2095 7674 
12009 3071 3845 4629 
12010 1072 1096 7667 
12011 7980 6366 8013 
12012 1408 751 1409 
12013 1167 1168 1169 
12014 3032 3051 7605 
12015 4756 4754 7361 
12016 3788 3786 4652 
12017 5114 5872 5874 
12018 1054 1053 1055 
12019 1448 1524 2170 
12020 3625 3624 3626 
12021 3678 3163 7487 
12022 1647 2858 7436 
12023 5715 5716 5724 
12024 2001 7165 7981 
12025 1153 597 7359 
12026 460 459 461 
12027 798 811 7625 
12028 1891 1888 7427 
12029 3203 2285 7565 
12030 2560 2561 2621 
12031 3753 4696 4697 
12032 7166 852 7457 
12033 3053 2184 3055 
12034 3239 2983 7642 
12035 5769 3185 7277 
12036 785 784 808 
12037 2095 7183 7674 
12038 715 716 717 
12039 2900 900 2901 
12040 2571 2570 2572 
12041 2875 2877 3063 
12042 3007 771 7474 
12043 1924 1923 2118 
12044 1256 1258 7478 
12045 1815 1613 7215 
12046 2168 3085 3086 
12047 5491 5493 5494 
12048 2197 2198 8035 
12049 1044 1045 1046 
12050 3359 2076 7355 
12051 1551 1549 7635 
12052 8727 5209 8926 
12053 2955 3365 3672 
12054 3947 3158 4004 
12055 5385 5035 5609 
12056 1935 1936 1937 
12057 3894 4056 7093 
12058 7111 3368 7509 
12059 2296 2298 2299 
12060 7368 2027 7621 
12061 815 2431 7704 
12062 2514 2516 2584 
12063 4086 5088 7377 
12064 3700 3697 3705 
12065 3086 3716 4706 
12066 5554 5555 7935 
12067 1940 1941 7250 
12068 601 2836 7359 
12069 3136 2619 7390 
12070 1092 1094 2895 
12071 7859 5704 7911 
12072 1865 1864 2049 
12073 703 704 705 
12074 4317 4315 5079 
12075 1955 1956 1957 
12076 2326 2328 7714 
12077 3770 3769 4952 
12078 1418 1419 1458 
12079 4434 4436 4438 
12080 4682 2896 7643 
12081 1187 1189 1193 
12082 3162 4557 7430 
12083 4762 5031 7469 
12084 7280 5030 7756 
12085 3672 4650 7606 
12086 3411 3049 7542 
12087 3717 5310 5311 
12088 2054 2055 2187 
12089 3870 3309 3871 
12090 2879 2881 3052 
12091 3194 2896 3195 
12092 7394 4554 7716 
12093 5861 5108 5998 
12094 4221 3529 5186 
12095 2828 7794 7910 
12096 3659 3143 7406 
12097 1408 1409 1410 
12098 4250 3871 4251 
12099 701 702 703 
12100 1117 1118 1119 
12101 3549 3548 4063 
12102 1463 1462 1464 
12103 656 677 678 
12104 644 649 650 
12105 3537 3535 7476 
12106 5288 7261 7898 
12107 5625 5381 5626 
12108 896 875 897 
12109 3120 2393 7693 
12110 848 854 855 
12111 6561 6220 8430 
12112 3551 2373 7322 
12113 773 780 7474 
12114 3326 3955 3956 
12115 3111 904 3114 
12116 7938 2866 8044 
12117 1169 1170 1171 
12118 1831 1756 2027 
12119 2506 2456 7423 
12120 713 714 715 
12121 4594 3135 7429 
12122 1831 2027 2155 
12123 4972 4679 7117 
12124 1109 1107 1787 
12125 5183 3990 5280 
12126 1262 1264 7498 
12127 3381 4086 7377 
12128 3558 2451 7402 
12129 2866 2349 2867 
12130 1779 1778 1780 
12131 705 706 707 
12132 3432 3433 7911 
12133 2544 2508 7527 
12134 5342 4041 7366 
12135 1211 1212 1234 
12136 1182 1184 2843 
12137 1171 1172 1173 
12138 2113 2206 2841 
12139 4631 4630 5445 
12140 1957 1956 1958 
12141 2799 4554 7394 
12142 2165 2164 7506 
12143 6300 1039 7803 
12144 1725 866 1726 
12145 7325 4426 7426 
12146 738 697 7360 
12147 7177 2568 7527 
12148 650 655 656 
12149 1411 1409 7399 
12150 3933 4563 7488 
12151 1052 1051 1053 
12152 4209 4153 4210 
12153 5804 5802 5805 
12154 1584 1509 7281 
12155 4576 3948 4647 
12156 2067 2068 2069 
12157 2017 2066 2067 
12158 1447 4413 5219 
12159 1088 1139 7581 
12160 3655 2951 3656 
12161 803 817 7494 
12162 4378 3656 4379 
12163 4550 949 7717 
12164 3145 2717 7640 
12165 4066 3473 4785 
12166 785 808 809 
12167 4575 3901 5038 
12168 2660 3380 7687 
12169 2076 2075 2077 
12170 5750 4793 5751 
12171 5173 7140 7435 
12172 5243 3600 7546 
12173 1873 1874 1875 
12174 5496 5497 5498 
12175 3814 3398 4169 
12176 1615 1458 7418 
12177 1459 1461 4635 
12178 1021 1019 1412 
12179 3912 3618 4750 
12180 1788 1760 1864 
12181 1837 1834 7421 
12182 3580 2823 7582 
12183 1961 1960 7510 
12184 769 784 785 
12185 2959 2939 2960 
12186 2176 2364 3062 
12187 1465 1464 1466 
12188 2967 3192 3473 
12189 1454 1005 7486 
12190 3378 2288 3660 
12191 2788 2982 7678 
12192 1792 2018 2019 
12193 1937 1938 1939 
12194 1998 1996 7903 
12195 2155 2284 2967 
12196 1909 1911 1913 
12197 5041 5696 7601 
12198 2934 3020 3362 
12199 5125 3998 5126 
12200 4052 4054 4784 
12201 1410 1409 1411 
12202 5501 5502 5503 
12203 2936 8053 8110 
12204 2871 2873 3034 
12205 2548 2549 2828 
12206 1252 1255 7700 
12207 4263 4061 4823 
12208 3627 3628 3629 
12209 4744 3158 7538 
12210 3765 3523 6184 
12211 4052 3206 4054 
12212 2924 2922 7669 
12213 2834 801 7494 
12214 6946 4774 7882 
12215 4395 7272 7787 
12216 2089 2088 7303 
12217 1288 1290 7673 
12218 2993 1387 3738 
12219 1606 2399 7511 
12220 4324 5108 5861 
12221 1393 1404 7444 
12222 709 710 711 
12223 2823 7229 7582 
12224 469 467 470 
12225 4916 4105 7419 
12226 4620 4396 4621 
12227 1486 1487 1579 
12228 3996 4357 5005 
12229 707 708 709 
12230 3481 3360 4061 
12231 5458 4955 7517 
12232 2058 2043 2059 
12233 857 858 866 
12234 5500 5498 5501 
12235 2480 2477 7630 
12236 3024 3072 3393 
12237 2504 2501 7862 
12238 1045 2972 4810 
12239 2277 2276 2939 
12240 1938 1936 2952 
12241 1547 1762 7830 
12242 3363 3020 3398 
12243 2082 2081 2083 
12244 1241 1239 7793 
12245 3672 3365 3673 
12246 2733 2598 4611 
12247 5260 7389 7694 
12248 4602 4603 5432 
12249 3547 4205 7491 
12250 8005 6832 8062 
12251 5039 5038 6157 
12252 5376 5377 5526 
12253 909 897 910 
12254 833 863 865 
12255 4078 3220 7584 
12256 3486 3267 7531 
12257 2203 7319 7843 
12258 2555 2540 7695 
12259 3992 3543 7654 
12260 3010 2201 7690 
12261 5287 7559 7761 
12262 1414 1415 1486 
12263 4091 4555 5398 
12264 3356 3576 7534 
12265 3977 6909 7846 
12266 3238 4098 4571 
12267 855 856 857 
12268 917 929 932 
12269 1659 1715 7440 
12270 809 818 819 
12271 1142 1103 1143 
12272 1078 1080 7743 
12273 5505 5506 5507 
12274 711 712 713 
12275 1066 1065 1067 
12276 3728 3698 5378 
12277 2002 7079 7852 
12278 3157 1457 7274 
12279 1005 1003 7486 
12280 629 628 630 
12281 3727 3381 7377 
12282 3269 3272 7752 
12283 3543 3594 7654 
12284 699 700 701 
12285 2076 2077 7355 
12286 2067 2066 2068 
12287 2667 738 7360 
12288 3550 6539 8135 
12289 1975 1974 1976 
12290 4891 4890 4893 
12291 2268 1958 7578 
12292 2705 2711 7515 
12293 3956 4590 4591 
12294 5311 5310 5312 
12295 3967 3153 7566 
12296 5284 4591 5959 
12297 1278 1387 2993 
12298 4965 4963 4966 
12299 1003 7411 7486 
12300 1042 1043 1044 
12301 2931 3080 3081 
12302 1050 1049 1051 
12303 1105 992 2933 
12304 2953 2952 3360 
12305 3368 3370 7509 
12306 800 4559 7431 
12307 2967 2284 3192 
12308 2164 2162 2166 
12309 1579 1487 1581 
12310 4092 4895 4897 
12311 4438 5651 5652 
12312 2155 2027 2284 
12313 7350 784 7657 
12314 5978 5977 6024 
12315 1486 1415 1487 
12316 8226 5234 8289 
12317 2658 2326 7714 
12318 2685 4880 7679 
12319 1414 1411 1415 
12320 933 910 934 
12321 3698 2367 7602 
12322 5459 5458 5558 
12323 5136 7662 7838 
12324 819 832 833 
12325 5821 5822 5824 
12326 1171 1173 1512 
12327 1410 1411 1414 
12328 4360 5229 7426 
12329 769 767 784 
12330 1159 1160 1211 
12331 1956 2970 7578 
12332 3789 3788 3790 
12333 1066 1068 7397 
12334 3901 3902 7650 
12335 5123 4611 5124 
12336 1823 1821 2269 
12337 697 689 698 
12338 4569 3782 7751 
12339 1639 1528 1640 
12340 3791 3790 3792 
12341 3074 5268 7481 
12342 697 699 7360 
12343 2601 2599 7502 
12344 1704 1691 7417 
12345 1677 1690 7504 
12346 3165 3180 7487 
12347 2164 2166 2167 
12348 3372 3374 7519 
12349 4520 4518 7501 
12350 5901 5902 6118 
12351 7347 4444 8015 
12352 4996 5528 5529 
12353 4673 4455 4674 
12354 1779 1786 3190 
12355 3642 2950 7387 
12356 1068 1067 1069 
12357 4553 1454 7486 
12358 4581 3067 4582 
12359 4861 4424 7712 
12360 1903 1902 1904 
12361 1453 1452 1525 
12362 5123 5124 5901 
12363 4571 4572 4573 
12364 5319 4214 5354 
12365 763 764 7590 
12366 1955 1957 7550 
12367 1167 1169 2911 
12368 1028 1026 1164 
12369 3494 4988 7470 
12370 6118 5902 6119 
12371 5824 5825 5826 
12372 2414 2412 7694 
12373 2178 1891 7427 
12374 2409 987 7697 
12375 4139 4140 5430 
12376 1495 1497 1593 
12377 1387 1279 7706 
12378 3191 3625 3627 
12379 5901 5124 5902 
12380 770 4565 7590 
12381 2299 2300 3009 
12382 4697 4696 5975 
12383 615 611 7485 
12384 1763 1734 7492 
12385 2535 2536 2542 
12386 2860 6221 7986 
12387 3395 3275 7579 
12388 5665 4588 7899 
12389 2167 2358 3885 
12390 4767 4615 4770 
12391 5500 5501 5540 
12392 1351 1350 1452 
12393 3631 3633 3634 
12394 6727 4405 7456 
12395 2214 3306 7370 
12396 3082 2364 3304 
12397 7710 4454 7711 
12398 4143 3290 4551 
12399 5095 5954 5955 
12400 1655 2844 7457 
12401 2733 4611 5123 
12402 3685 3687 3691 
12403 4784 4796 6162 
12404 1953 1954 1955 
12405 949 964 7717 
12406 5806 5807 5821 
12407 1048 1046 1049 
12408 2865 1806 3649 
12409 4612 1704 7417 
12410 577 7344 7479 
12411 1119 1120 1121 
12412 2993 3738 4092 
12413 4518 4418 7548 
12414 1955 1954 1956 
12415 3099 2578 7434 
12416 2578 2580 7434 
12417 3677 3660 4832 
12418 2323 2324 7408 
12419 1759 1639 1760 
12420 7869 3608 7961 
12421 1173 1174 1175 
12422 4232 5809 7471 
12423 3272 7503 7752 
12424 4540 7328 7674 
12425 3248 787 7431 
12426 2890 2279 3133 
12427 2054 1789 2055 
12428 3672 3673 3682 
12429 2173 1928 4615 
12430 640 647 7495 
12431 932 950 4624 
12432 3046 4539 7542 
12433 697 698 699 
12434 3682 3683 3684 
12435 2042 2041 2043 
12436 5394 8963 8966 
12437 3053 3390 7522 
12438 3293 4496 7319 
12439 1528 1475 7658 
12440 1401 1431 7439 
12441 5186 3529 7642 
12442 4956 3826 7481 
12443 4365 6762 7814 
12444 5797 950 7340 
12445 619 623 3640 
12446 3956 3955 4590 
12447 1387 7706 7873 
12448 1680 1674 7977 
12449 4496 4497 4498 
12450 5514 5512 8357 
12451 1407 1442 1444 
12452 3051 3278 7605 
12453 6889 6887 7746 
12454 1102 1099 1103 
12455 2584 2585 3337 
12456 4704 4705 4729 
12457 3725 2055 7588 
12458 3892 4232 7471 
12459 3159 6914 7934 
12460 3674 5352 5353 
12461 3824 4618 4619 
12462 4561 3294 7522 
12463 2453 3558 7423 
12464 2996 723 7620 
12465 1040 1039 7533 
12466 631 630 632 
12467 3283 3458 7461 
12468 3753 3751 4696 
12469 1441 1353 7708 
12470 5724 5725 5726 
12471 1235 1245 7703 
12472 8302 6093 8334 
12473 2043 2041 6957 
12474 3652 3653 3900 
12475 2844 1657 7440 
12476 1132 1129 1136 
12477 3524 4130 4131 
12478 1148 979 7585 
12479 3363 3814 4692 
12480 4778 3906 5042 
12481 2073 1905 3657 
12482 4049 5385 7650 
12483 4568 1262 7498 
12484 3390 3408 4114 
12485 1672 3577 7977 
12486 4719 4720 4828 
12487 3589 3963 7680 
12488 3887 4240 4241 
12489 1466 1774 4632 
12490 1977 1976 1978 
12491 2074 2073 2075 
12492 3954 3531 7489 
12493 3637 2165 7506 
12494 5263 7635 7830 
12495 5801 5792 5802 
12496 2279 2280 7655 
12497 4866 4798 5638 
12498 3641 2950 3642 
12499 4522 3537 7476 
12500 4166 5412 5413 
12501 678 691 921 
12502 2172 1928 2173 
12503 4333 5992 7528 
12504 1960 3613 7510 
12505 3337 3988 3989 
12506 4896 3738 7873 
12507 4624 950 4694 
12508 3012 2912 7424 
12509 2792 4567 7530 
12510 1121 1122 1123 
12511 3548 3547 7491 
12512 4551 3290 7690 
12513 3337 3338 3988 
12514 1013 1505 7586 
12515 2854 2856 2934 
12516 633 632 634 
12517 5715 5187 5716 
12518 1735 1574 7557 
12519 5182 7543 7810 
12520 4997 4116 4998 
12521 1805 1626 3990 
12522 2647 2649 7545 
12523 950 936 7340 
12524 1526 1525 1630 
12525 764 770 7590 
12526 3989 5143 5144 
12527 1807 1806 2865 
12528 3629 3630 3631 
12529 5503 5504 5505 
12530 3206 2924 7669 
12531 3684 3683 3685 
12532 4784 4054 4796 
12533 2943 3118 7524 
12534 1098 1095 1099 
12535 2572 5276 7600 
12536 1038 1039 1040 
12537 3135 2943 7524 
12538 3948 3933 7488 
12539 3682 3673 3683 
12540 1068 1069 1070 
12541 4209 4210 4322 
12542 1137 1134 2906 
12543 3026 2208 4542 
12544 1416 1417 1418 
12545 2393 2809 7693 
12546 1751 1602 7598 
12547 948 933 7595 
12548 1279 1281 7706 
12549 4049 5035 5385 
12550 1245 3001 4596 
12551 3636 3637 7597 
12552 2077 2075 2078 
12553 2182 1673 7573 
12554 3148 7158 7489 
12555 2970 1954 7614 
12556 613 619 7652 
12557 7421 1832 7516 
12558 4319 6005 6006 
12559 2852 2853 2854 
12560 1395 1397 7554 
12561 3134 3133 3906 
12562 1812 1811 2108 
12563 3158 2616 7538 
12564 1952 2267 7614 
12565 1251 1252 7700 
12566 1631 1630 1811 
12567 4866 5638 5639 
12568 1574 1553 7557 
12569 6263 6260 6726 
12570 4889 4888 4890 
12571 1901 1902 1903 
12572 5505 5507 5559 
12573 1080 1100 7743 
12574 658 652 1723 
12575 7197 2728 7686 
12576 7379 7214 7744 
12577 1142 1159 2987 
12578 4250 4251 7459 
12579 3086 3715 3716 
12580 644 650 1477 
12581 4690 3203 7565 
12582 7747 6230 7748 
12583 742 751 1408 
12584 3437 3440 7733 
12585 2574 2571 7600 
12586 1459 1460 1461 
12587 2643 7921 8030 
12588 4596 3001 4894 
12589 4700 3006 7968 
12590 1521 1599 7866 
12591 4074 3356 7534 
12592 1301 1331 7721 
12593 5804 5805 5806 
12594 3630 3628 3632 
12595 2595 2592 7728 
12596 3763 4722 4723 
12597 1981 1982 1983 
12598 1281 7375 7706 
12599 932 936 950 
12600 5271 8058 8097 
12601 2773 2806 8003 
12602 3125 3901 4575 
12603 465 463 466 
12604 3716 4762 4802 
12605 4828 4829 5699 
12606 1831 2155 7516 
12607 4335 5183 6032 
12608 579 575 7479 
12609 983 1145 7535 
12610 3275 4085 7579 
12611 3518 1304 7005 
12612 3479 4243 7564 
12613 2190 2189 8042 
12614 3609 3607 7603 
12615 7417 1693 7477 
12616 6548 2441 7918 
12617 2599 2733 7502 
12618 5374 5375 5376 
12619 818 4552 7539 
12620 8024 6725 8105 
12621 5692 5069 7645 
12622 7307 3409 7308 
12623 2072 1905 2073 
12624 5157 6175 7811 
12625 2049 1864 2051 
12626 3265 3263 7741 
12627 1234 1235 7703 
12628 2643 2644 7921 
12629 2568 2544 7527 
12630 1863 1862 7500 
12631 1703 3622 7477 
12632 7881 6968 8074 
12633 3780 3778 7853 
12634 1927 1812 1928 
12635 5446 5445 7114 
12636 1732 1652 7593 
12637 3689 3874 3875 
12638 2200 2294 2295 
12639 3049 3046 7542 
12640 638 636 923 
12641 2173 4615 4767 
12642 1568 4617 7532 
12643 3188 4593 7202 
12644 2108 2279 2890 
12645 7178 7527 7862 
12646 4560 3659 7406 
12647 5799 5104 8012 
12648 3749 3747 4310 
12649 4503 2632 7468 
12650 2542 8009 8056 
12651 4563 5968 7488 
12652 3244 4093 4099 
12653 2685 3070 4880 
12654 1935 1875 1936 
12655 1638 1528 1639 
12656 1776 1778 1779 
12657 4499 3359 7355 
12658 1175 1176 1177 
12659 1044 1043 1045 
12660 628 626 2938 
12661 4216 4578 4579 
12662 3135 7524 7867 
12663 3534 1560 7760 
12664 635 634 636 
12665 1094 1093 1095 
12666 1332 3000 3244 
12667 3668 5296 7617 
12668 1566 1568 7532 
12669 940 7108 7917 
12670 5269 3954 7489 
12671 4953 4952 5572 
12672 3347 3344 7894 
12673 5791 5790 5792 
12674 4326 4337 6012 
12675 6636 6633 7768 
12676 1780 1782 7559 
12677 4149 3389 4150 
12678 4099 4887 5396 
12679 2929 1768 2930 
12680 4198 5034 7549 
12681 3125 4575 7655 
12682 3033 2166 7523 
12683 1925 2103 7726 
12684 5989 5990 7874 
12685 864 832 7539 
12686 1370 1371 1416 
12687 2187 2055 2188 
12688 3875 3874 4797 
12689 3436 7859 7911 
12690 7564 5856 7829 
12691 1211 1234 1332 
12692 3591 3372 7519 
12693 3875 4797 4798 
12694 1805 3990 4335 
12695 5425 5556 5557 
12696 1698 1703 7477 
12697 3153 7173 7566 
12698 3244 3000 4093 
12699 6138 5867 7763 
12700 4767 4770 5944 
12701 2437 3035 7945 
12702 1979 1978 1980 
12703 5138 3967 7566 
12704 1673 1675 7573 
12705 1879 2168 7577 
12706 4663 7379 7744 
12707 979 963 7585 
12708 1342 1343 1448 
12709 1953 1952 1954 
12710 3793 3792 3794 
12711 4751 3618 7593 
12712 1175 1177 3339 
12713 4032 5331 7387 
12714 1458 1419 1459 
12715 6326 1607 8123 
12716 3453 7288 7662 
12717 1076 2908 7723 
12718 4158 4159 4160 
12719 8068 6249 8122 
12720 1946 1943 1947 
12721 1332 1234 3000 
12722 2590 3496 7735 
12723 1644 1566 7532 
12724 7543 5418 7810 
12725 3650 3649 3651 
12726 3238 4571 7678 
12727 1467 1465 1475 
12728 5281 4054 7669 
12729 3652 3651 3653 
12730 2087 2950 3641 
12731 2038 2012 2039 
12732 4307 3486 7531 
12733 3784 4569 7604 
12734 4099 4093 4887 
12735 2305 2306 7696 
12736 5322 4976 8080 
12737 2893 2212 7370 
12738 4540 7674 7738 
12739 4169 4973 5569 
12740 4799 4867 7722 
12741 1351 1452 1453 
12742 6817 3159 7827 
12743 1177 1178 1179 
12744 811 826 7625 
12745 4260 3935 7662 
12746 2988 1399 7439 
12747 7584 7153 7842 
12748 1248 1251 7433 
12749 1553 4553 7557 
12750 3704 3634 3766 
12751 4011 2118 7649 
12752 1042 1040 1043 
12753 3675 3642 3676 
12754 2309 2650 2889 
12755 4251 5633 7459 
12756 1904 1907 7596 
12757 4598 2323 7408 
12758 2995 763 7590 
12759 4955 4956 7517 
12760 3824 3300 4618 
12761 2415 7373 7850 
12762 2172 2173 7320 
12763 3370 3591 7509 
12764 6973 7751 7853 
12765 1478 1475 1528 
12766 3341 2705 7515 
12767 5630 4534 7868 
12768 7214 3972 7744 
12769 7582 7229 7734 
12770 7285 2827 7822 
12771 4335 3990 5183 
12772 2079 2078 2080 
12773 7514 5494 7698 
12774 1179 1185 1370 
12775 5048 3639 7597 
12776 4205 5691 7491 
12777 2972 1043 7533 
12778 4425 6590 8062 
12779 5248 4078 7584 
12780 1524 1879 1880 
12781 3607 3709 7603 
12782 3328 3939 7580 
12783 1968 2030 7619 
12784 2028 1818 7775 
12785 3644 3479 7564 
12786 2331 3067 4581 
12787 3923 6915 7745 
12788 5726 5727 5740 
12789 4171 4172 4173 
12790 2846 948 7595 
12791 7513 5494 7514 
12792 1448 1449 1524 
12793 3059 2813 7777 
12794 2711 2942 7515 
12795 4323 3644 7564 
12796 3438 7138 7838 
12797 1853 1852 7609 
12798 768 2849 7657 
12799 2132 2654 7877 
12800 3576 5602 7534 
12801 4912 1853 7609 
12802 637 636 638 
12803 4681 4680 6037 
12804 5301 5363 5784 
12805 3858 5313 5314 
12806 4657 6597 8094 
12807 2176 2363 2364 
12808 4199 4198 7549 
12809 7424 7249 7778 
12810 6902 6903 8124 
12811 3191 3624 3625 
12812 725 747 7620 
12813 1453 1525 1526 
12814 2306 2309 7696 
12815 5246 5102 7872 
12816 1092 1091 1093 
12817 2854 2855 2856 
12818 3374 3979 7519 
12819 3955 3328 7580 
12820 5233 4540 7738 
12821 2144 2143 7496 
12822 1861 1809 1862 
12823 4649 4601 4718 
12824 6729 6373 8089 
12825 1923 1925 7649 
12826 2887 7307 7770 
12827 1397 2988 7554 
12828 832 818 7539 
12829 3535 7122 7476 
12830 2856 3388 7725 
12831 2919 2921 8093 
12832 696 689 697 
12833 2036 2857 7609 
12834 3060 3813 7920 
12835 1275 1350 1351 
12836 1264 1278 7498 
12837 5889 3924 8226 
12838 6907 7240 7901 
12839 1873 1863 1874 
12840 3989 3988 5143 
12841 4243 5856 7564 
12842 641 640 7495 
12843 1123 1131 7612 
12844 7406 3914 7824 
12845 2604 2601 7502 
12846 4056 4057 5301 
12847 6973 2002 7852 
12848 2650 2310 7749 
12849 5144 5143 5933 
12850 4323 7564 7829 
12851 5080 4378 7574 
12852 657 652 658 
12853 2877 2879 7633 
12854 688 680 689 
12855 5724 5716 5725 
12856 4988 6347 7470 
12857 2081 2080 2087 
12858 4575 5038 5039 
12859 1984 1982 2032 
12860 3922 5793 5794 
12861 1850 1615 7615 
12862 767 768 7657 
12863 2039 2041 2042 
12864 1675 7504 7573 
12865 3134 3906 4778 
12866 1388 5025 5765 
12867 4216 3873 4578 
12868 3919 3484 4399 
12869 3268 3269 7752 
12870 4629 3845 4630 
12871 4702 4703 4704 
12872 7396 1299 7721 
12873 651 646 652 
12874 3311 563 7618 
12875 2824 2316 7782 
12876 2571 2572 7600 
12877 2441 2443 7918 
12878 4731 4733 5307 
12879 6029 4520 7501 
12880 5207 4861 7712 
12881 6962 6388 6963 
12882 2610 2611 7845 
12883 1602 7056 7598 
12884 3304 2364 7202 
12885 632 630 1413 
12886 8051 6904 8124 
12887 3705 3921 3922 
12888 8169 6028 8194 
12889 4974 4150 4975 
12890 3278 3617 7605 
12891 1090 1089 1091 
12892 679 658 680 
12893 747 730 7659 
12894 4766 4008 7603 
12895 3658 1158 7497 
12896 1951 1952 1953 
12897 1564 1617 1767 
12898 4819 4820 4821 
12899 645 638 646 
12900 1875 1874 7529 
12901 3390 3055 3408 
12902 2934 2856 3020 
12903 1179 1180 1185 
12904 1937 1936 1938 
12905 1461 1462 1463 
12906 1404 1395 7554 
12907 8050 3957 8139 
12908 5801 5802 5804 
12909 4715 3534 5210 
12910 1958 1956 7578 
12911 3693 3694 3695 
12912 2358 3033 3291 
12913 2889 2650 3076 
12914 5658 4199 7549 
12915 3627 3625 3628 
12916 8375 4740 8479 
12917 3545 834 7771 
12918 933 934 7595 
12919 4149 4974 5547 
12920 2885 2887 7770 
12921 5030 5654 7756 
12922 3003 3002 4091 
12923 1980 1978 2926 
12924 2951 2480 7630 
12925 7157 7436 7822 
12926 3118 3927 7524 
12927 909 935 7628 
12928 1459 4635 7418 
12929 5263 3602 7635 
12930 7229 2006 7734 
12931 2535 2542 3668 
12932 3668 3692 3693 
12933 1463 1464 1465 
12934 3101 3415 6916 
12935 1299 1301 7721 
12936 5268 2927 7707 
12937 5132 4088 6937 
12938 4128 5464 5465 
12939 2811 926 7917 
12940 1526 1630 1631 
12941 2580 3132 7434 
12942 4698 4172 5317 
12943 4583 4582 4584 
12944 3622 1713 7639 
12945 6974 2522 7627 
12946 5439 5437 5440 
12947 3481 4263 4264 
12948 4498 5356 5357 
12949 3477 3937 7791 
12950 2315 2824 5259 
12951 6217 2817 7716 
12952 2310 2312 7749 
12953 2148 2147 8026 
12954 2890 3133 3134 
12955 7816 2127 8080 
12956 2865 3649 3650 
12957 4534 7536 7868 
12958 7338 4541 7785 
12959 3362 3020 3363 
12960 1640 1528 7658 
12961 7804 7171 7825 
12962 2930 1768 6792 
12963 1870 2061 2925 
12964 3935 3453 7662 
12965 3248 7431 7807 
12966 4020 3351 7623 
12967 3458 4197 7461 
12968 1560 1484 7760 
12969 5266 7396 7721 
12970 4667 4669 5752 
12971 858 860 7648 
12972 2088 2205 2730 
12973 1779 1780 1786 
12974 3639 3636 7597 
12975 2300 2302 7563 
12976 5344 3601 8444 
12977 1033 1031 2935 
12978 4583 4586 4665 
12979 4147 3407 7304 
12980 5860 4278 6429 
12981 963 2846 7585 
12982 1258 1261 7478 
12983 1996 1994 2907 
12984 1631 1811 1812 
12985 1418 1417 1419 
12986 1737 1924 7639 
12987 2399 4503 7511 
12988 4453 4959 5520 
12989 3650 3651 3652 
12990 4498 4986 5356 
12991 1789 1644 7588 
12992 2077 2078 2079 
12993 2649 3326 7545 
12994 1139 1090 7729 
12995 3937 5908 7791 
12996 5109 3949 5111 
12997 3979 3477 7791 
12998 1903 2072 7571 
12999 5874 5880 7960 
13000 739 3004 7659 
13001 3857 3076 7871 
13002 2420 6227 8189 
13003 3190 1786 3191 
13004 3402 3012 7424 
13005 896 909 7628 
13006 3828 3082 7587 
13007 1051 2974 7653 
13008 2728 3065 7686 
13009 4802 4762 7469 
13010 1255 3002 3003 
13011 4597 2323 4598 
13012 1038 1036 1039 
13013 5980 4307 7531 
13014 5917 6315 7788 
13015 2898 1970 7619 
13016 2056 2054 7707 
13017 3353 3701 7623 
13018 784 767 7657 
13019 2927 2056 7707 
13020 1458 1459 7418 
13021 3693 3692 3694 
13022 5457 4168 5523 
13023 6034 3968 7777 
13024 1125 1123 7612 
13025 4599 4598 4600 
13026 4044 3766 4167 
13027 2576 2588 7783 
13028 3695 3696 3697 
13029 4821 4820 5062 
13030 2376 7416 7726 
13031 4351 4348 6364 
13032 3705 3697 3921 
13033 563 565 7618 
13034 4613 2066 7598 
13035 4056 3114 4057 
13036 565 1330 7618 
13037 4392 4393 7931 
13038 1088 1087 1089 
13039 5667 4227 5738 
13040 7341 6047 7701 
13041 461 459 462 
13042 3363 3398 3814 
13043 4167 3766 4168 
13044 863 874 7575 
13045 2103 2376 7726 
13046 845 3516 7784 
13047 5789 5774 5790 
13048 2831 7341 7701 
13049 934 4795 7595 
13050 3229 2979 8031 
13051 5449 5446 7114 
13052 892 2900 7660 
13053 3065 3820 7686 
13054 2137 2134 7877 
13055 4264 4818 4819 
13056 1938 2952 2953 
13057 3634 3633 7505 
13058 1098 1102 1209 
13059 3668 2542 3692 
13060 4833 3660 7709 
13061 6364 3583 6365 
13062 4208 7629 7858 
13063 7393 1948 7764 
13064 1505 2897 7586 
13065 4008 3609 7603 
13066 458 5420 5945 
13067 1983 1984 1985 
13068 2621 2561 7790 
13069 7409 5279 7902 
13070 4002 1125 7612 
13071 3291 3771 4117 
13072 1145 1167 7535 
13073 2522 2524 7627 
13074 7497 1342 7831 
13075 3295 3076 3856 
13076 2316 2318 7782 
13077 866 858 7648 
13078 5981 5980 7880 
13079 5659 6026 7613 
13080 1852 2036 7609 
13081 2953 3360 3481 
13082 3641 3642 3675 
13083 3481 4061 4263 
13084 5773 5772 5774 
13085 5791 5792 5801 
13086 2199 2200 7432 
13087 5661 5659 7613 
13088 4750 4752 8569 
13089 1043 1040 7533 
13090 4652 3786 7604 
13091 2066 1751 7598 
13092 1416 1371 1417 
13093 1370 1185 1371 
13094 3618 1732 7593 
13095 7649 1925 7726 
13096 3786 3784 7604 
13097 1652 7282 7593 
13098 4595 983 7535 
13099 1224 1342 7497 
13100 3782 3780 7751 
13101 5489 5491 7512 
13102 4378 4379 7574 
13103 1588 1551 7635 
13104 1668 1671 8138 
13105 1070 1071 1072 
13106 3615 4721 7795 
13107 3407 4149 7304 
13108 752 2729 7354 
13109 573 576 7688 
13110 900 893 7672 
13111 4966 7607 7608 
13112 2992 3755 7651 
13113 4379 5750 7574 
13114 2006 7171 7804 
13115 4158 3854 4159 
13116 3805 3676 3823 
13117 2152 1931 7643 
13118 4380 3656 7884 
13119 2730 3084 3297 
13120 2561 2563 7790 
13121 1072 1071 1073 
13122 3838 4153 4209 
13123 3629 3628 3630 
13124 4996 4994 5528 
13125 2598 2595 7728 
13126 8071 5530 8114 
13127 5354 4214 5355 
13128 3309 2574 7600 
13129 4561 7522 7828 
13130 2873 2875 7664 
13131 5130 4639 6082 
13132 1142 1143 1159 
13133 3081 3080 3300 
13134 5301 4057 5363 
13135 3009 2300 7563 
13136 4510 7825 7853 
13137 3927 4576 7524 
13138 7299 7686 7944 
13139 3695 3694 3696 
13140 7862 2501 8014 
13141 2166 2162 7523 
13142 5038 3901 7650 
13143 5740 5741 5742 
13144 2548 2828 3661 
13145 1342 1448 7831 
13146 2857 2174 7651 
13147 1070 1069 1071 
13148 5726 5725 5727 
13149 4400 4399 4680 
13150 2904 571 7688 
13151 684 692 7634 
13152 3922 3921 5793 
13153 1290 1447 7673 
13154 7148 7471 7854 
13155 7706 5267 7873 
13156 6847 2437 7945 
13157 860 3669 7648 
13158 5496 5500 7698 
13159 893 895 7672 
13160 2889 3076 3295 
13161 1903 1904 1905 
13162 3624 1786 7559 
13163 6518 5744 7857 
13164 2549 2551 7794 
13165 2538 2541 7786 
13166 7431 4559 7807 
13167 1245 4596 7703 
13168 4604 3099 4605 
13169 3297 3858 4119 
13170 3427 3429 8013 
13171 4125 4134 7636 
13172 5845 5440 5846 
13173 1649 1629 7622 
13174 4641 4642 8019 
13175 647 2905 7495 
13176 4114 3408 4954 
13177 6702 6701 8057 
13178 2654 2891 3066 
13179 4131 5442 5910 
13180 4629 4631 8049 
13181 5937 4274 6787 
13182 1972 2898 7681 
13183 4692 3814 4776 
13184 4983 4125 7636 
13185 5261 2621 5262 
13186 3096 2354 7856 
13187 1324 1053 7653 
13188 4584 5480 7624 
13189 2010 1993 7812 
13190 723 725 7620 
13191 3004 748 7668 
13192 7522 3390 7828 
13193 2566 2581 8031 
13194 2828 2549 7794 
13195 5248 7584 7842 
13196 7460 7510 7795 
13197 4212 5436 5437 
13198 4819 4821 7493 
13199 1388 5765 5766 
13200 2321 2323 4597 
13201 2296 2299 7767 
13202 4577 641 7495 
13203 2058 2059 2199 
13204 6671 5964 8054 
13205 780 7338 7785 
13206 1911 1914 7798 
13207 4467 4473 7847 
13208 3351 3353 7623 
13209 5633 4254 7661 
13210 6935 6021 7845 
13211 3318 3470 4218 
13212 569 2904 7675 
13213 1275 6146 8128 
13214 1220 1219 7951 
13215 3665 3903 3904 
13216 5696 5697 7859 
13217 2128 2127 7816 
13218 2931 2930 2932 
13219 1951 1950 1952 
13220 2529 2532 7617 
13221 7749 5259 7871 
13222 3661 2828 3662 
13223 2140 2138 7170 
13224 3305 4434 7677 
13225 6725 2845 8105 
13226 273 274 347 
13227 2123 2089 7303 
13228 1102 1103 1142 
13229 2889 4654 7696 
13230 3904 4213 4214 
13231 2577 3099 4604 
13232 5128 3968 6034 
13233 3295 3856 4145 
13234 7694 3977 7846 
13235 7436 4580 7822 
13236 7300 959 7847 
13237 2852 7415 7798 
13238 2318 2321 7782 
13239 4676 4993 4994 
13240 3113 4396 4620 
13241 1633 1579 7766 
13242 5675 4710 5688 
13243 2324 2658 7408 
13244 2312 2315 7749 
13245 1970 1968 7619 
13246 3939 5114 7580 
13247 1556 684 7634 
13248 7501 4518 7548 
13249 2869 2871 7631 
13250 1874 1863 7500 
13251 5771 5764 5772 
13252 1733 3603 7739 
13253 1460 1419 7732 
13254 2054 2187 7707 
13255 5740 5727 5741 
13256 3663 3664 3665 
13257 1098 1099 1102 
13258 3003 4091 4888 
13259 3602 1588 7635 
13260 4256 5637 7661 
13261 2167 2166 2358 
13262 7002 2512 7821 
13263 2331 4581 7714 
13264 619 3640 7652 
13265 7888 7058 8021 
13266 4054 3206 7669 
13267 4819 4818 4820 
13268 6331 6330 8129 
13269 7946 6249 8068 
13270 7662 7288 7838 
13271 2942 4594 7515 
13272 1794 1785 8102 
13273 3665 3664 3903 
13274 7510 3613 7795 
13275 4597 4598 4599 
13276 653 675 7671 
13277 3066 3389 3407 
13278 4146 3799 6871 
13279 4622 4623 4702 
13280 3023 2869 7631 
13281 2031 1974 7681 
13282 1094 1095 1098 
13283 7188 7461 7899 
13284 1118 1115 7713 
13285 7307 7308 7309 
13286 3904 3903 4213 
13287 3496 4319 7735 
13288 4568 7498 7913 
13289 4655 4551 6065 
13290 4712 4647 7644 
13291 1992 1990 2034 
13292 2560 2621 5261 
13293 730 739 7659 
13294 895 2910 7672 
13295 1784 1793 1933 
13296 1330 567 7675 
13297 571 573 7688 
13298 1954 1952 7614 
13299 2288 2178 7709 
13300 865 863 7575 
13301 1129 1127 7670 
13302 833 991 8151 
13303 3631 3630 3633 
13304 1417 3154 7732 
13305 3032 7605 7856 
13306 826 3616 7625 
13307 3661 5295 7786 
13308 5425 4980 5556 
13309 873 883 7660 
13310 1941 1939 1942 
13311 1127 4002 7670 
13312 3914 5337 7824 
13313 4601 4600 4602 
13314 4015 2276 7615 
13315 7524 4576 7867 
13316 5438 5689 7875 
13317 3661 3662 3663 
13318 7590 4565 7832 
13319 908 917 7663 
13320 7734 2006 7804 
13321 3663 3662 3664 
13322 5789 5790 5791 
13323 2864 896 7628 
13324 1713 1737 7639 
13325 7373 5735 7850 
13326 4647 5898 7644 
13327 3133 2279 7655 
13328 2295 2296 7767 
13329 2896 2152 7643 
13330 1049 1046 7702 
13331 2042 2058 2892 
13332 4679 4645 6169 
13333 4785 3473 7646 
13334 7972 1805 8047 
13335 2899 8040 8094 
13336 1161 1140 1210 
13337 4085 5368 7579 
13338 4608 5668 5669 
13339 692 2894 7634 
13340 5491 5494 7512 
13341 3080 2932 3396 
13342 2118 1923 7649 
13343 1113 2909 7713 
13344 2174 2992 7651 
13345 675 1556 7671 
13346 7375 5267 7706 
13347 567 569 7675 
13348 5244 5243 7912 
13349 2042 2043 2058 
13350 2563 2577 7790 
13351 1728 1768 2929 
13352 4264 4263 4818 
13353 2654 2131 2891 
13354 883 892 7660 
13355 4971 5373 5374 
13356 745 757 7666 
13357 2827 7157 7822 
13358 3063 2877 7633 
13359 7471 5809 7854 
13360 5438 5439 5441 
13361 5771 5772 5773 
13362 2184 2049 7720 
13363 1597 1591 7705 
13364 1901 1903 7571 
13365 2079 2080 2081 
13366 4669 4668 5346 
13367 1936 1875 7529 
13368 736 745 7665 
13369 3082 3304 3763 
13370 945 956 7801 
13371 2347 2344 7938 
13372 5773 5774 5789 
13373 3192 3717 7646 
13374 6371 6747 7806 
13375 2168 3086 7577 
13376 904 761 7354 
13377 1092 1093 1094 
13378 3296 2885 7770 
13379 7329 7474 7785 
13380 1981 1980 1982 
13381 4755 7299 7944 
13382 4166 5413 7540 
13383 3473 3192 7646 
13384 2276 1850 7615 
13385 1090 1091 1092 
13386 4970 4969 4971 
13387 7794 5261 7910 
13388 4704 4729 6093 
13389 754 905 7668 
13390 2088 2085 2205 
13391 2894 736 7665 
13392 1086 1085 1087 
13393 6458 7938 8044 
13394 2048 2044 7989 
13395 1255 3003 7700 
13396 3432 7980 8013 
13397 757 769 7666 
13398 1806 1649 7622 
13399 5763 5762 5764 
13400 1914 2852 7798 
13401 1880 1879 7577 
13402 2995 7590 7832 
13403 7605 5277 7856 
13404 1931 2105 7643 
13405 2871 3034 7631 
13406 5493 5496 7698 
13407 4355 4352 6335 
13408 4794 4380 7993 
13409 4171 4160 4172 
13410 5573 4952 7724 
13411 2952 1936 7529 
13412 1092 2895 7729 
13413 1433 1483 7878 
13414 4560 7406 7824 
13415 3326 3956 7545 
13416 4599 4600 4601 
13417 5959 4591 7685 
13418 7621 1633 7766 
13419 7630 5272 7884 
13420 1229 1310 7865 
13421 4529 6029 7870 
13422 1644 7532 7588 
13423 3666 3662 7910 
13424 1134 1132 7718 
13425 1997 1999 2060 
13426 2551 2560 7794 
13427 7512 5494 7513 
13428 4167 4168 5457 
13429 7975 5121 8017 
13430 3597 4633 7855 
13431 3717 5311 7646 
13432 1088 1089 1090 
13433 4015 8051 8124 
13434 1053 1051 7653 
13435 3769 4561 7724 
13436 2654 3066 7632 
13437 4212 5437 5438 
13438 4975 5320 5321 
13439 2879 3052 7633 
13440 4619 5552 7414 
13441 1072 1073 1074 
13442 1579 1581 7766 
13443 7321 3305 7677 
13444 5204 5203 6148 
13445 1949 1950 1951 
13446 1084 1083 1085 
13447 3795 3796 3797 
13448 4117 4175 7520 
13449 1483 1559 7878 
13450 6519 3112 8213 
13451 3086 4706 7577 
13452 5980 7741 7880 
13453 7261 3314 7898 
13454 2302 2305 7563 
13455 3794 3792 4614 
13456 5013 4119 5014 
13457 6182 2851 8081 
13458 4254 4256 7661 
13459 5494 5493 7698 
13460 7503 5554 7752 
13461 3071 3009 3400 
13462 4252 3871 7897 
13463 1941 1942 1943 
13464 1337 1075 7762 
13465 1222 1227 7802 
13466 5742 5741 5743 
13467 1115 1113 7713 
13468 1829 1830 8000 
13469 7520 5473 7521 
13470 4092 4917 7913 
13471 3758 3253 5899 
13472 2512 2514 7821 
13473 4993 4675 5536 
13474 2875 3063 7664 
13475 1626 1597 7705 
13476 5761 5745 5762 
13477 2659 6577 7946 
13478 4980 4981 7811 
13479 4149 4150 4974 
13480 3778 4510 7853 
13481 4579 4578 4683 
13482 1167 2911 7535 
13483 1046 1045 7702 
13484 5242 6338 8115 
13485 2486 7367 7849 
13486 3675 3676 3805 
13487 4581 4582 4583 
13488 1786 1780 7559 
13489 1974 1972 7681 
13490 874 2864 7575 
13491 1278 2993 7498 
13492 3845 3400 4139 
13493 7660 7190 7891 
13494 2055 1789 7588 
13495 4579 4683 5091 
13496 1549 1547 7830 
13497 4565 4610 7832 
13498 2910 908 7663 
13499 4434 4438 7677 
13500 3055 2184 7720 
13501 7612 1131 7892 
13502 2400 5189 5190 
13503 1508 1897 7892 
13504 1581 7606 7766 
13505 7340 945 7801 
13506 748 754 7668 
13507 1074 1073 1075 
13508 4673 4699 8177 
13509 3482 6684 7927 
13510 2364 2363 7202 
13511 5742 5743 5744 
13512 4840 6110 7931 
13513 3289 6887 6888 
13514 4591 4590 7685 
13515 4141 4962 5474 
13516 5547 4974 5548 
13517 5763 5764 5771 
13518 4611 2598 7728 
13519 2200 2295 7432 
13520 3766 3634 7505 
13521 2309 2889 7696 
13522 2038 2039 7547 
13523 5697 5704 7859 
13524 2541 2548 7786 
13525 2299 3009 3071 
13526 5134 5905 7940 
13527 5268 7707 7920 
13528 3407 3389 4149 
13529 2524 2539 7627 
13530 7171 6972 7825 
13531 1615 7418 7615 
13532 4531 4529 7870 
13533 5513 5515 5541 
13534 1983 1982 1984 
13535 5210 3534 7760 
13536 5245 7879 8063 
13537 3034 2873 7664 
13538 4604 4605 4606 
13539 7739 3606 7869 
13540 2905 653 7671 
13541 4449 4450 4451 
13542 1136 1129 7670 
13543 4100 3248 7807 
13544 2005 7562 8167 
13545 1466 4632 7755 
13546 959 4467 7847 
13547 5761 5762 5763 
13548 3388 3996 7699 
13549 1076 1075 1077 
13550 3613 3615 7795 
13551 5278 5660 7967 
13552 2925 4448 4449 
13553 7654 3594 7855 
13554 7461 4197 7899 
13555 3657 1905 7596 
13556 5744 5743 5745 
13557 4590 5935 7685 
13558 8964 4916 8969 
13559 3436 7733 7859 
13560 4558 7222 7805 
13561 1537 1535 8032 
13562 3660 2288 7709 
13563 7953 6749 8053 
13564 4620 4621 4622 
13565 4173 4172 4698 
13566 2730 2205 3084 
13567 1913 7798 8008 
13568 6157 5038 7774 
13569 7307 7309 7770 
13570 3396 3808 4121 
13571 4619 4618 5549 
13572 7474 780 7785 
13573 2426 1269 3342 
13574 4160 4159 7692 
13575 5982 4531 7870 
13576 3823 4984 7682 
13577 3398 3020 7725 
13578 2532 2535 7617 
13579 2011 2009 2012 
13580 2354 3032 7856 
13581 2929 2930 2931 
13582 5445 4630 5472 
13583 7367 6885 7849 
13584 5744 5745 5761 
13585 7785 4541 7965 
13586 1913 1911 7798 
13587 3066 2891 3389 
13588 3096 7856 7967 
13589 1086 1087 1088 
13590 4952 3769 7724 
13591 7540 5413 7541 
13592 1905 1904 7596 
13593 4664 5305 8125 
13594 1976 2031 7750 
13595 4559 4911 7807 
13596 3003 4889 7700 
13597 1465 1466 7755 
13598 1949 1948 1950 
13599 4665 4586 5019 
13600 917 932 7663 
13601 2508 2504 7862 
13602 5220 7025 8347 
13603 4427 7915 7959 
13604 4667 4666 4668 
13605 3043 3041 3044 
13606 1988 1986 2937 
13607 3291 4117 4118 
13608 1944 2063 2186 
13609 5186 7256 7996 
13610 2178 7427 7709 
13611 5260 7694 7846 
13612 4983 7636 7637 
13613 7527 2508 7862 
13614 4139 5430 5476 
13615 5684 8646 8781 
13616 2346 2866 7938 
13617 6328 6327 8250 
13618 3649 1806 7622 
13619 2514 2584 7821 
13620 3020 2856 7725 
13621 7153 3196 7842 
13622 3297 3084 3858 
13623 2405 2402 7836 
13624 7733 5696 7859 
13625 956 1388 7801 
13626 1447 5219 7673 
13627 1073 3107 7762 
13628 5438 5437 5439 
13629 3314 3887 7898 
13630 8073 2684 8118 
13631 4336 6043 7964 
13632 1463 1467 7796 
13633 3000 1234 7703 
13634 88 89 420 
13635 7353 2573 7789 
13636 1082 1081 1083 
13637 1526 6811 7876 
13638 7288 3438 7838 
13639 4680 4399 6129 
13640 1132 1136 7718 
13641 2584 7572 7821 
13642 644 1477 7930 
13643 7658 1475 7755 
13644 4655 6091 8119 
13645 1074 1075 1076 
13646 2906 1134 7718 
13647 1045 4810 7702 
13648 5199 5197 6892 
13649 3102 7148 7854 
13650 7193 2486 7849 
13651 3062 2364 3082 
13652 3805 3823 4977 
13653 2723 7033 8106 
13654 3594 3597 7855 
13655 7536 2033 7868 
13656 2087 3641 7769 
13657 1947 1948 1949 
13658 5450 5469 5546 
13659 5569 4973 5570 
13660 6064 4846 8027 
13661 5603 4755 7837 
13662 8729 6808 8933 
13663 4452 4454 4455 
13664 932 4624 7663 
13665 4669 5346 5347 
13666 7476 6493 7955 
13667 6672 2897 8231 
13668 3669 862 7891 
13669 1947 1943 1948 
13670 2008 2004 2009 
13671 4013 8060 8125 
13672 1774 1776 7753 
13673 4319 6006 7735 
13674 1201 1233 9011 
13675 7751 6973 7852 
13676 7741 3527 7880 
13677 3920 3522 7737 
13678 2108 2890 7758 
13679 4583 4584 4586 
13680 2206 3024 7676 
13681 3342 1269 7793 
13682 8150 3684 8185 
13683 5501 5503 7742 
13684 7598 7056 7923 
13685 7352 3013 8006 
13686 7955 2226 8072 
13687 4142 4113 8010 
13688 6129 7927 8102 
13689 4674 4675 4676 
13690 5540 5501 7742 
13691 3674 1444 4719 
13692 5735 6086 7850 
13693 2084 2086 8118 
13694 2920 3175 7914 
13695 5956 4560 7824 
13696 7971 2684 8073 
13697 7566 6506 7973 
13698 593 1153 7985 
13699 4035 4034 4803 
13700 5175 8325 8343 
13701 4889 4891 7987 
13702 6057 5260 7846 
13703 2134 2132 7877 
13704 2011 2012 2038 
13705 1782 1784 7761 
13706 3687 3689 7736 
13707 4175 5473 7520 
13708 3343 3342 4034 
13709 1171 1512 7759 
13710 4101 2995 7832 
13711 1580 5221 7895 
13712 4724 4723 4990 
13713 2049 2051 7720 
13714 4255 4252 7848 
13715 4145 7730 7731 
13716 2623 1822 7900 
13717 4635 1461 7796 
13718 4118 5008 5883 
13719 7329 7785 7965 
13720 4658 4659 8110 
13721 5102 6142 7872 
13722 2315 5259 7749 
13723 1922 1453 7876 
13724 1779 3190 7753 
13725 4710 3832 7719 
13726 1985 1986 1987 
13727 2078 2075 7776 
13728 5189 2137 7877 
13729 7056 3621 7923 
13730 4844 6064 8029 
13731 7686 3820 7944 
13732 3388 7699 7725 
13733 2987 1159 7757 
13734 4118 4117 5008 
13735 3691 3687 7736 
13736 5636 3413 8996 
13737 4100 7807 7908 
13738 2931 2932 3080 
13739 7703 4596 7922 
13740 4674 4455 4675 
13741 1749 1792 7902 
13742 1448 2170 7831 
13743 5243 7789 7912 
13744 3841 4980 5425 
13745 7669 2922 7914 
13746 3390 4114 7828 
13747 5439 5440 5845 
13748 7078 8028 8152 
13749 2073 3657 7776 
13750 4693 6371 8158 
13751 3856 4128 7730 
13752 4999 4998 5593 
13753 1084 1085 1086 
13754 4451 4453 7839 
13755 1512 1173 7765 
13756 1080 1079 1081 
13757 1985 1984 1986 
13758 6672 8231 8346 
13759 2039 2042 7547 
13760 727 8206 8406 
13761 2951 7630 7884 
13762 1310 1407 7865 
13763 7852 7079 7994 
13764 7789 3093 7912 
13765 3906 3133 7916 
13766 3071 4629 7767 
13767 7665 745 7666 
13768 6914 7528 7934 
13769 3071 3400 3845 
13770 3082 3763 7587 
13771 7498 2993 7913 
13772 7600 5276 7897 
13773 2404 3027 7684 
13774 2497 2500 8014 
13775 4667 4668 4669 
13776 5008 4117 7520 
13777 3689 3875 7736 
13778 4615 1928 7758 
13779 2911 1169 7759 
13780 1625 1521 7866 
13781 1812 2108 7758 
13782 4632 1774 7753 
13783 1746 1747 7979 
13784 5015 3828 7587 
13785 7146 4556 8087 
13786 3625 3626 7773 
13787 1131 1508 7892 
13788 6110 4842 8029 
13789 1078 1077 1079 
13790 6826 6827 7904 
13791 1407 1444 3674 
13792 7569 2860 7986 
13793 5108 4323 7829 
13794 7682 4984 7683 
13795 1211 1332 7757 
13796 6332 6334 7906 
13797 6909 6907 7901 
13798 3122 7956 8019 
13799 7528 5992 7934 
13800 1419 1417 7732 
13801 8311 5216 8395 
13802 2321 4597 7782 
13803 4449 4451 4452 
13804 5011 3848 5434 
13805 3854 3402 7778 
13806 7927 6684 8102 
13807 4569 7751 7852 
13808 1792 7409 7902 
13809 6248 6250 8122 
13810 2895 1094 7779 
13811 5512 5510 8335 
13812 2701 7067 8020 
13813 1559 4181 5421 
13814 7429 3135 7867 
13815 3632 3628 7773 
13816 4973 4587 7864 
13817 6594 7110 7879 
13818 8167 4614 8319 
13819 7838 7138 7975 
13820 7707 2187 7920 
13821 1939 1938 7780 
13822 1763 7492 7956 
13823 2929 7058 7888 
13824 1082 1083 1084 
13825 2400 2137 5189 
13826 3522 3524 7737 
13827 3309 7600 7897 
13828 1169 1171 7759 
13829 4605 4608 7754 
13830 2703 2701 8020 
13831 2975 2659 7946 
13832 5117 5115 7896 
13833 1589 1733 8038 
13834 2171 1848 8004 
13835 4676 4675 4993 
13836 4613 7598 7923 
13837 5298 8078 8103 
13838 3990 1626 7705 
13839 2008 2011 2350 
13840 6791 4398 7797 
13841 1453 1526 7876 
13842 1475 1465 7755 
13843 3415 4343 6916 
13844 1159 1211 7757 
13845 4168 3766 7505 
13846 3763 4723 4724 
13847 4210 4212 7875 
13848 22 23 360 
13849 2577 4604 7790 
13850 2081 2087 7769 
13851 3344 3962 7894 
13852 2535 3668 7617 
13853 4747 4167 7826 
13854 1175 3339 7765 
13855 3795 3794 3796 
13856 3797 3798 3799 
13857 4656 4653 8092 
13858 4543 4542 4544 
13859 7309 7799 7800 
13860 7807 4911 7908 
13861 5187 5186 7996 
13862 1776 1779 7753 
13863 4635 6904 8051 
13864 1076 1077 1078 
13865 7842 3724 7937 
13866 4970 4971 7886 
13867 2909 8349 8370 
13868 4236 3470 4666 
13869 5091 4683 6004 
13870 4569 7852 7994 
13871 4455 4454 7710 
13872 3674 4719 5352 
13873 3000 7703 7922 
13874 3114 904 7925 
13875 862 873 7891 
13876 457 459 460 
13877 926 940 7917 
13878 4113 3840 4753 
13879 8532 6786 8533 
13880 1942 1939 7780 
13881 3873 3518 7823 
13882 6261 6264 8181 
13883 3122 2264 7956 
13884 5280 3990 7705 
13885 3832 3406 7719 
13886 1617 1728 7888 
13887 3433 3436 7911 
13888 3996 5005 7699 
13889 1928 1812 7758 
13890 2560 5261 7794 
13891 1627 1805 7972 
13892 2548 3661 7786 
13893 1388 5766 7801 
13894 4576 4712 7867 
13895 855 7211 7953 
13896 8072 2226 8121 
13897 7832 4610 7936 
13898 4857 7848 7988 
13899 4145 3856 7730 
13900 1173 1175 7765 
13901 4920 7494 7860 
13902 7559 1782 7761 
13903 4013 7374 8060 
13904 5138 7566 7973 
13905 873 7660 7891 
13906 4471 4475 8025 
13907 2083 2081 7769 
13908 2443 3515 7918 
13909 5365 6300 7926 
13910 2841 2206 7676 
13911 2922 2920 7914 
13912 4128 5465 7730 
13913 7494 817 7860 
13914 3738 1387 7873 
13915 1978 1976 7750 
13916 7951 1219 8146 
13917 2075 2073 7776 
13918 3885 2358 7819 
13919 8397 1895 8545 
13920 4322 4210 7875 
13921 4427 4428 7915 
13922 3318 1225 3470 
13923 8007 4133 8071 
13924 2926 1978 7750 
13925 3027 3289 7684 
13926 5317 4172 7692 
13927 2217 2215 8121 
13928 3949 3765 7792 
13929 2647 7545 7921 
13930 4610 5408 7936 
13931 4651 6712 7933 
13932 4212 5438 7875 
13933 3800 3798 4686 
13934 1987 1988 1989 
13935 4546 4543 7445 
13936 3484 3482 7927 
13937 4473 4469 8025 
13938 5276 4068 7988 
13939 8267 5151 8303 
13940 7545 5283 7921 
13941 7079 2723 7994 
13942 4172 4160 7692 
13943 5804 5806 8052 
13944 6786 4427 7959 
13945 4586 4584 7624 
13946 1090 1092 7729 
13947 1142 2987 7835 
13948 1075 1073 7762 
13949 976 990 8109 
13950 2299 3071 7767 
13951 5497 5495 8044 
13952 2131 2128 7816 
13953 4718 7808 7809 
13954 1080 1081 1082 
13955 1767 1617 7888 
13956 5281 7669 7914 
13957 4522 7476 7955 
13958 3656 2951 7884 
13959 1793 1870 7772 
13960 7758 2890 7983 
13961 2644 2647 7921 
13962 5418 5419 7890 
13963 3339 1177 7820 
13964 848 855 7953 
13965 2181 1636 8046 
13966 1179 1370 7820 
13967 1461 1463 7796 
13968 5194 5192 5200 
13969 1039 1036 7803 
13970 5704 5705 7980 
13971 1227 3113 7802 
13972 8602 1610 8603 
13973 3268 7752 7935 
13974 2143 2140 7170 
13975 3630 3632 7833 
13976 1078 1079 1080 
13977 3524 4131 7737 
13978 1036 1033 7803 
13979 5556 4980 7811 
13980 5705 6366 7980 
13981 7308 7311 7799 
13982 5887 5134 7940 
13983 7085 4336 7964 
13984 5292 6243 8350 
13985 4349 4350 8155 
13986 7914 3175 8037 
13987 3628 3625 7773 
13988 3024 3393 7676 
13989 7798 7415 8008 
13990 5883 5008 5884 
13991 2953 7576 7780 
13992 4236 4666 4667 
13993 4578 3873 7823 
13994 4977 3823 7682 
13995 1798 1749 7902 
13996 3871 3309 7897 
13997 4599 4649 8001 
13998 4803 4034 4804 
13999 1069 1067 7947 
14000 7752 5554 7935 
14001 5378 3698 7882 
14002 5011 8227 8253 
14003 5114 5874 7960 
14004 7711 4454 7839 
14005 4218 3470 4236 
14006 5116 6419 7969 
14007 8195 5317 8249 
14008 4691 4693 8188 
14009 4101 7832 7936 
14010 4452 4451 4454 
14011 2542 2536 8009 
14012 3674 5353 7865 
14013 4648 7488 7885 
14014 2008 2009 2011 
14015 8351 3922 8389 
14016 3076 2650 7871 
14017 2003 2000 2004 
14018 623 644 7930 
14019 5510 5508 8321 
14020 5308 3692 8056 
14021 1413 630 7851 
14022 3402 7424 7778 
14023 7856 5277 7967 
14024 5344 8444 8454 
14025 5394 4100 7908 
14026 1311 3525 7957 
14027 7602 6946 7882 
14028 1033 2935 7803 
14029 4393 4840 7931 
14030 4724 4990 5568 
14031 4555 7478 7905 
14032 2933 8204 8239 
14033 2042 2892 7547 
14034 5948 8500 8505 
14035 5118 5979 8055 
14036 5157 6174 6175 
14037 1987 1986 1988 
14038 1098 1209 7779 
14039 6330 6328 8214 
14040 817 8170 8233 
14041 4588 7188 7899 
14042 1989 1988 1990 
14043 6989 3620 8036 
14044 5005 4357 5006 
14045 7384 2891 7816 
14046 8108 3023 8172 
14047 5504 5502 8208 
14048 7840 5321 7841 
14049 1938 2953 7780 
14050 4971 5374 7886 
14051 7769 5291 7948 
14052 7488 5968 7885 
14053 4606 4605 7754 
14054 904 7354 7925 
14055 1261 4568 7905 
14056 6373 1743 7982 
14057 3296 7770 7974 
14058 4543 4544 7445 
14059 4159 3854 7778 
14060 3887 4241 7898 
14061 7405 3268 7935 
14062 1997 2060 7863 
14063 5744 5761 7857 
14064 7492 7100 7956 
14065 1787 8273 8305 
14066 2187 3060 7920 
14067 7935 5555 8034 
14068 3640 623 7930 
14069 4453 5520 7839 
14070 4498 5357 7843 
14071 628 2938 7851 
14072 5290 7622 7972 
14073 2539 2527 7991 
14074 960 7081 7962 
14075 4583 4665 7978 
14076 3035 3392 7945 
14077 7319 4496 7843 
14078 4618 3300 7834 
14079 8085 6966 8134 
14080 2035 1998 7903 
14081 5309 3193 8117 
14082 6371 7806 8111 
14083 8454 4047 8461 
14084 5618 6513 8286 
14085 4608 5669 7754 
14086 4019 5245 8187 
14087 719 6945 8222 
14088 4615 7758 7983 
14089 5014 4119 7817 
14090 2032 1982 7861 
14091 1147 1207 8064 
14092 1980 2926 7861 
14093 5688 4710 7719 
14094 7178 7862 8014 
14095 1559 5421 7878 
14096 4894 8091 8144 
14097 7921 5283 8030 
14098 4343 6229 6916 
14099 4119 3858 7817 
14100 8053 6749 8110 
14101 1209 1102 7835 
14102 4718 4601 7808 
14103 685 676 7939 
14104 4888 8911 8912 
14105 160 3 353 
14106 4965 4966 4967 
14107 7478 1261 7905 
14108 4380 7884 7993 
14109 8508 4721 8512 
14110 6968 6857 8074 
14111 1784 1933 7761 
14112 3763 4724 7587 
14113 7705 1591 8038 
14114 2821 8254 8302 
14115 1177 1179 7820 
14116 5267 3737 7958 
14117 5249 5248 7937 
14118 4496 4498 7843 
14119 3042 3041 3043 
14120 7787 5289 8126 
14121 4974 4975 7840 
14122 7622 1629 7972 
14123 1728 2929 7888 
14124 3698 7602 7882 
14125 1067 1336 7947 
14126 3518 7005 7823 
14127 2824 7782 8001 
14128 589 593 7985 
14129 5992 5994 7934 
14130 1185 1180 8028 
14131 630 628 7851 
14132 2559 6868 7992 
14133 1094 1098 7779 
14134 5120 7233 8086 
14135 7728 6989 8036 
14136 4611 7728 8036 
14137 3080 3396 7834 
14138 3962 7472 8219 
14139 1182 2843 8028 
14140 831 848 7953 
14141 3797 3796 3798 
14142 2344 2346 7938 
14143 7158 6803 7970 
14144 4334 5236 8096 
14145 4219 5242 8166 
14146 5506 5504 8259 
14147 4601 4602 7808 
14148 4512 7484 8050 
14149 7419 4101 7936 
14150 3719 2975 7946 
14151 5262 2621 8016 
14152 4975 5321 7840 
14153 4541 5409 7965 
14154 2003 2004 2008 
14155 2198 2403 8035 
14156 2993 4092 7913 
14157 5185 4660 8075 
14158 4475 4474 8084 
14159 7817 5314 7818 
14160 1989 1990 1991 
14161 7343 2846 7950 
14162 1102 1142 7835 
14163 2147 2144 7496 
14164 3820 5386 7944 
14165 2899 1839 8040 
14166 6120 5902 8100 
14167 8009 5295 8056 
14168 7309 7308 7799 
14169 5111 3949 7792 
14170 3253 2405 7836 
14171 3633 3630 7833 
14172 3858 5314 7817 
14173 7505 3633 7942 
14174 3396 4121 7834 
14175 7416 5297 8022 
14176 7797 5721 8245 
14177 7537 5333 8161 
14178 4675 4455 7710 
14179 2529 7617 7991 
14180 2264 1763 7956 
14181 3137 3136 8112 
14182 5909 2812 8495 
14183 4592 7580 7960 
14184 7632 3554 8113 
14185 1995 1994 1996 
14186 2044 2203 7989 
14187 4093 3000 7922 
14188 4643 4522 7955 
14189 7746 6230 7747 
14190 5042 3906 7924 
14191 3300 3080 7834 
14192 1407 3674 7865 
14193 4556 7586 7949 
14194 7828 5461 7954 
14195 5136 7838 7975 
14196 1830 1857 8000 
14197 5838 5206 8559 
14198 69 70 442 
14199 4968 4970 5577 
14200 5431 4140 8142 
14201 5665 7899 7990 
14202 6137 6136 8227 
14203 3432 7911 7980 
14204 196 197 421 
14205 1993 1992 1994 
14206 2891 2131 7816 
14207 4770 4615 7983 
14208 4167 5457 7826 
14209 7617 5296 7991 
14210 7810 5418 7890 
14211 2936 823 8053 
14212 3291 4118 7819 
14213 5376 5526 5527 
14214 5019 8178 8261 
14215 4499 7355 7971 
14216 4894 3001 8091 
14217 7880 3527 7881 
14218 7923 7064 8060 
14219 3808 3841 7889 
14220 7848 5276 7988 
14221 2205 2085 7948 
14222 2425 7906 8320 
14223 2085 2083 7948 
14224 7138 6574 7975 
14225 1629 1627 7972 
14226 872 2425 7999 
14227 3662 2828 7910 
14228 5290 7972 8047 
14229 8022 5297 8103 
14230 3622 6832 8005 
14231 4896 7873 7958 
14232 6371 8111 8158 
14233 1017 4548 8065 
14234 1999 1998 2000 
14235 1890 2115 7998 
14236 2282 8429 8433 
14237 3006 2175 7968 
14238 4057 3114 7925 
14239 2621 7790 8016 
14240 5524 7505 7942 
14241 1674 1672 7977 
14242 7920 3813 8007 
14243 2358 3291 7819 
14244 5577 4970 5578 
14245 7956 7100 8019 
14246 5280 7705 8038 
14247 1837 7421 8040 
14248 4399 3484 7927 
14249 8520 4784 8536 
14250 2083 7769 7948 
14251 15 16 432 
14252 4139 5476 7844 
14253 2775 2773 8003 
14254 1982 1980 7861 
14255 1870 2925 7772 
14256 7884 5272 7993 
14257 6314 8244 8251 
14258 1984 2032 7883 
14259 3008 2190 8042 
14260 3765 6184 7792 
14261 4968 4969 4970 
14262 8450 4513 8514 
14263 7384 7816 8080 
14264 4637 4499 7971 
14265 1991 1990 1992 
14266 5313 3084 8082 
14267 3341 7515 7995 
14268 2538 7786 8009 
14269 5277 5278 7967 
14270 4630 3845 7844 
14271 3113 4620 7802 
14272 1993 1994 1995 
14273 8730 5358 8741 
14274 5399 7905 8077 
14275 1412 1019 8065 
14276 5601 4019 7976 
14277 5548 4974 7840 
14278 5578 4970 7886 
14279 4921 7329 7965 
14280 3845 4139 7844 
14281 2527 2529 7991 
14282 4612 7417 8005 
14283 8372 3296 8404 
14284 458 4863 5420 
14285 2907 1994 7907 
14286 1933 1793 7772 
14287 4362 6786 8532 
14288 4633 3648 8088 
14289 4575 5039 7916 
14290 1251 7700 7987 
14291 8040 6862 8094 
14292 5524 7942 7943 
14293 7458 3341 7995 
14294 7770 7309 7974 
14295 5472 4630 7844 
14296 5248 7842 7937 
14297 5593 4998 6050 
14298 4968 4967 4969 
14299 6334 7918 8190 
14300 3799 3800 3801 
14301 7033 2001 7981 
14302 5203 5199 6892 
14303 7996 2805 8133 
14304 5508 5506 8288 
14305 7588 7532 7966 
14306 6054 5138 7973 
14307 5453 7445 7446 
14308 6456 4146 6871 
14309 8728 5066 8927 
14310 1991 1992 1993 
14311 4542 7691 8095 
14312 1997 1996 1998 
14313 5256 5257 8194 
14314 7139 3944 8232 
14315 1242 6358 8061 
14316 7595 4795 7950 
14317 4001 4612 8107 
14318 1848 2181 8004 
14319 7532 4617 7966 
14320 4719 4828 7984 
14321 4743 6223 8240 
14322 6149 5203 6892 
14323 4693 8158 8188 
14324 7355 6564 7971 
14325 2189 2148 8026 
14326 7262 2643 8030 
14327 6876 1796 8992 
14328 5427 5204 6148 
14329 3725 7588 7966 
14330 7580 5114 7960 
14331 3495 3493 8174 
14332 4143 4655 8119 
14333 4548 7569 7986 
14334 8078 4012 8103 
14335 4197 5036 7990 
14336 2205 7948 8082 
14337 7655 4575 7916 
14338 3957 3958 8139 
14339 8001 4649 8164 
14340 3799 3798 3800 
14341 1992 2034 7907 
14342 941 7939 8018 
14343 7616 6044 8209 
14344 2124 2123 8116 
14345 1747 1798 7979 
14346 5015 7587 7941 
14347 3653 8210 8308 
14348 2501 2497 8014 
14349 3883 3679 8148 
14350 3181 4756 8097 
14351 5281 7914 8037 
14352 2936 6447 8170 
14353 4068 5340 7988 
14354 7649 7726 8022 
14355 1180 1182 8028 
14356 6956 4691 8246 
14357 7515 4594 7995 
14358 4121 3808 7889 
14359 5348 4668 8146 
14360 2305 7696 8023 
14361 3429 3432 8013 
14362 5305 8145 8148 
14363 7766 7606 8039 
14364 1217 1203 8083 
14365 5933 5143 8069 
14366 7724 4561 7954 
14367 7911 5704 7980 
14368 2846 7595 7950 
14369 5899 3253 7836 
14370 617 618 8186 
14371 2536 2538 8009 
14372 7786 5295 8009 
14373 4700 7968 8211 
14374 1857 1944 8033 
14375 7782 4597 8001 
14376 4846 5389 8027 
14377 5272 5273 7993 
14378 7002 7821 8076 
14379 7607 4142 8010 
14380 7873 5267 7958 
14381 4561 7828 7954 
14382 4112 4141 7467 
14383 5104 5188 8012 
14384 7621 7766 8039 
14385 3666 7910 8193 
14386 7823 6326 8123 
14387 8036 3620 8100 
14388 7309 7800 7974 
14389 7586 2897 7949 
14390 4397 7787 8126 
14391 3696 8241 8279 
14392 7100 4641 8019 
14393 1999 2000 2003 
14394 6148 5203 6149 
14395 5536 4675 7710 
14396 4682 8230 8275 
14397 8250 6327 8277 
14398 7433 1251 7987 
14399 7421 6862 8040 
14400 4701 4700 8296 
14401 4454 4451 7839 
14402 3013 7347 8015 
14403 5978 6024 8271 
14404 5135 5136 8017 
14405 7549 5034 8101 
14406 7744 5141 8066 
14407 7489 7158 7970 
14408 4394 6598 8224 
14409 5336 3140 8112 
14410 4842 4844 8029 
14411 7481 5268 8007 
14412 5352 4719 7984 
14413 2979 2566 8031 
14414 1995 1996 1997 
14415 7190 4672 8104 
14416 6129 4399 7927 
14417 6965 8234 8265 
14418 8023 4654 8142 
14419 1665 1668 8136 
14420 1563 1537 8032 
14421 5699 4829 7963 
14422 4685 6835 8199 
14423 5128 6034 8041 
14424 4469 4471 8025 
14425 1221 7802 8098 
14426 2034 1990 7932 
14427 3633 7833 7942 
14428 5453 4546 7445 
14429 2890 3134 7983 
14430 4310 3747 8068 
14431 5189 7632 8113 
14432 3599 622 8186 
14433 7417 7477 8005 
14434 5716 5187 7996 
14435 7696 4654 8023 
14436 2937 1986 7883 
14437 1607 5154 8216 
14438 8116 2123 8238 
14439 6121 8201 8224 
14440 5798 7737 8492 
14441 1225 1220 7951 
14442 7463 4177 7464 
14443 3801 3802 3839 
14444 3133 7655 7916 
14445 8014 2500 8092 
14446 7790 4604 8016 
14447 7604 4569 7994 
14448 3131 2703 8020 
14449 5269 7489 7970 
14450 2867 3023 8108 
14451 3841 5425 7889 
14452 1993 1995 7812 
14453 6009 5128 8041 
14454 6669 2273 8403 
14455 8125 5305 8148 
14456 5374 5376 7887 
14457 8213 3112 8257 
14458 1997 1998 1999 
14459 8989 2857 8990 
14460 5269 7970 8048 
14461 7058 4625 8021 
14462 5268 7920 8007 
14463 2586 3973 8141 
14464 7477 3622 8005 
14465 6169 4645 8072 
14466 8697 5249 8702 
14467 7948 5291 8082 
14468 5922 5920 8274 
14469 7285 7822 8058 
14470 6082 4639 8073 
14471 1986 1984 7883 
14472 4343 6077 6229 
14473 300 301 383 
14474 7899 4197 7990 
14475 4597 4599 8001 
14476 831 7953 8053 
14477 7612 7892 8129 
14478 239 240 367 
14479 1636 1149 8046 
14480 5970 5118 8055 
14481 8143 3805 8197 
14482 7700 4889 7987 
14483 5963 7078 8152 
14484 7310 7405 8034 
14485 886 1275 8128 
14486 5196 5194 7928 
14487 6314 7212 8244 
14488 5495 6458 8044 
14489 1590 1596 8067 
14490 5192 5190 7952 
14491 1229 7865 8083 
14492 6701 6705 8057 
14493 1591 1589 8038 
14494 6949 5994 8163 
14495 8133 6519 8213 
14496 6129 2026 8225 
14497 2899 6870 8175 
14498 7821 7572 8076 
14499 1988 2937 7932 
14500 2851 7530 8081 
14501 7265 7563 8023 
14502 7415 4626 8008 
14503 4666 7951 8146 
14504 2658 7714 7978 
14505 8060 7064 8125 
14506 4353 4369 8155 
14507 1839 1837 8040 
14508 4592 7960 8153 
14509 1944 2186 8033 
14510 3839 3840 4112 
14511 7405 7935 8034 
14512 7032 5252 8353 
14513 823 831 8053 
14514 8175 6870 8199 
14515 5283 5284 8030 
14516 7484 3957 8050 
14517 7987 4891 8091 
14518 2295 7767 8049 
14519 5297 5298 8103 
14520 7793 4634 8045 
14521 6111 6112 8070 
14522 4727 5330 8234 
14523 5190 5189 8113 
14524 6593 3417 8286 
14525 4564 8386 8424 
14526 5135 8017 8059 
14527 4011 7649 8022 
14528 6956 8246 8282 
14529 7249 7250 8157 
14530 4011 8022 8103 
14531 7265 8023 8142 
14532 1063 1061 8149 
14533 3195 6085 8318 
14534 7243 7596 8156 
14535 7726 7416 8022 
14536 6832 4425 8062 
14537 6226 7285 8058 
14538 6834 4409 8323 
14539 6065 4551 8006 
14540 5510 8321 8335 
14541 8062 6590 8107 
14542 1994 1992 7907 
14543 5270 5269 8048 
14544 256 257 430 
14545 7282 6798 8024 
14546 7690 7352 8006 
14547 1518 1498 8248 
14548 4551 7690 8006 
14549 5124 4611 8036 
14550 3801 3800 3802 
14551 4449 4452 7997 
14552 6169 2433 8212 
14553 5282 5281 8037 
14554 5506 8259 8288 
14555 7563 2305 8023 
14556 6223 6222 8316 
14557 3682 3684 8150 
14558 5905 5135 8059 
14559 4581 4583 7978 
14560 7374 4613 8060 
14561 7418 4635 8051 
14562 2939 4015 8160 
14563 817 807 8170 
14564 8046 1149 8064 
14565 1805 4335 8047 
14566 8003 2806 8313 
14567 4604 4606 8016 
14568 1019 1017 8065 
14569 5993 6000 8163 
14570 7606 4650 8039 
14571 3839 3802 3840 
14572 4632 7753 8085 
14573 8177 4699 8242 
14574 7812 1995 7863 
14575 7960 5880 8153 
14576 6503 6500 8237 
14577 1149 1147 8064 
14578 4369 5978 8155 
14579 5502 5498 8172 
14580 7714 4581 7978 
14581 5315 5310 8185 
14582 4751 8024 8105 
14583 3483 3918 8676 
14584 4643 7955 8072 
14585 5143 5147 8069 
14586 5136 7975 8017 
14587 4724 5568 7941 
14588 8047 6033 8210 
14589 3090 3088 8223 
14590 3788 4652 8154 
14591 7822 4580 8058 
14592 4616 1614 8266 
14593 7854 5809 8115 
14594 4116 3042 8011 
14595 4544 4542 8095 
14596 1990 1988 7932 
14597 8000 1857 8033 
14598 7981 7165 8154 
14599 4553 7486 8111 
14600 1203 1229 8083 
14601 7593 7282 8024 
14602 7432 2295 8049 
14603 7978 4665 8147 
14604 4789 4788 8478 
14605 6590 2919 8093 
14606 1909 1913 8156 
14607 8696 6400 8878 
14608 816 2936 8170 
14609 1187 1193 8165 
14610 3616 835 8169 
14611 3669 7891 8104 
14612 4666 3470 7951 
14613 8123 1607 8216 
14614 6220 4789 8464 
14615 7753 3190 8085 
14616 4751 7593 8024 
14617 8131 3665 8200 
14618 2910 7663 8063 
14619 4578 7823 8123 
14620 6419 6420 8547 
14621 4112 3840 4113 
14622 2105 1844 8175 
14623 2843 1184 8165 
14624 2175 2037 8205 
14625 7596 1907 8156 
14626 7269 7268 8623 
14627 3550 8135 8179 
14628 5746 8257 8290 
14629 4637 7971 8073 
14630 1842 2899 8175 
14631 2439 8137 8159 
14632 5200 5192 7952 
14633 4965 4967 4968 
14634 4613 7923 8060 
14635 5497 8108 8172 
14636 7368 7621 8039 
14637 7691 3008 8095 
14638 3719 7946 8068 
14639 5194 5200 7928 
14640 4962 4142 4963 
14641 3747 3719 8068 
14642 4660 4663 8075 
14643 7928 5200 7929 
14644 7886 5374 7887 
14645 5303 5302 8239 
14646 4639 4637 8073 
14647 4645 4643 8072 
14648 6786 7959 8533 
14649 5966 5120 8086 
14650 3692 2542 8056 
14651 6252 4739 8305 
14652 3190 7209 8085 
14653 6850 7002 8076 
14654 5431 8176 8256 
14655 4698 5317 8264 
14656 1947 2057 8195 
14657 4112 4113 4141 
14658 8180 6004 8216 
14659 4141 4113 4142 
14660 7481 8007 8071 
14661 7233 5185 8079 
14662 8248 5975 8355 
14663 4956 7481 8071 
14664 8039 4650 8117 
14665 8201 6352 8224 
14666 5293 5294 8251 
14667 7905 4568 8077 
14668 8277 4713 8310 
14669 5328 6956 8282 
14670 4474 4490 8084 
14671 4663 8066 8075 
14672 3904 5319 8200 
14673 5275 4334 8096 
14674 2925 4449 7997 
14675 6420 6421 8558 
14676 7806 4553 8111 
14677 1709 1697 8298 
14678 7865 5353 8083 
14679 6862 4657 8094 
14680 8215 3691 8283 
14681 8540 6419 8547 
14682 3470 1225 7951 
14683 7291 7408 8147 
14684 3924 3321 8226 
14685 2063 2197 8120 
14686 8141 3973 8201 
14687 3663 3665 8131 
14688 7663 4624 8063 
14689 4141 4142 4962 
14690 1942 7780 8130 
14691 2186 2063 8120 
14692 6338 7854 8115 
14693 6059 4670 8437 
14694 5124 8036 8100 
14695 5309 8150 8185 
14696 4653 7178 8092 
14697 5304 4020 8211 
14698 3322 5234 8226 
14699 6177 8050 8139 
14700 8994 4223 8995 
14701 4663 7744 8066 
14702 5512 8335 8357 
14703 7433 7987 8091 
14704 6120 8100 8141 
14705 1995 1997 7863 
14706 6137 8227 8228 
14707 3675 3805 8143 
14708 3001 7433 8091 
14709 4744 8462 8496 
14710 3648 3916 8088 
14711 5298 5300 8078 
14712 6107 8098 8254 
14713 7615 7418 8051 
14714 7368 8039 8117 
14715 6307 4376 8137 
14716 4715 5210 8171 
14717 7767 4629 8049 
14718 4964 4963 4965 
14719 8129 6330 8214 
14720 7879 2910 8063 
14721 4580 3181 8097 
14722 1489 649 8278 
14723 7969 6419 8540 
14724 650 656 8183 
14725 6749 4658 8110 
14726 8104 4672 8184 
14727 5295 3663 8131 
14728 5185 8075 8298 
14729 4015 7615 8051 
14730 4316 4687 8275 
14731 7464 4177 7466 
14732 8762 2038 8772 
14733 4711 8293 8308 
14734 4612 8062 8107 
14735 3180 3167 8221 
14736 2658 7978 8147 
14737 7892 6331 8129 
14738 627 629 8262 
14739 4703 4623 8285 
14740 8339 6403 8360 
14741 8091 4891 8144 
14742 7891 7190 8104 
14743 7772 2925 7997 
14744 7530 4567 8081 
14745 5012 4143 8119 
14746 4804 4034 8045 
14747 4691 8188 8246 
14748 2539 7991 8161 
14749 7994 2723 8106 
14750 2812 976 8109 
14751 5034 5941 8101 
14752 5504 8208 8259 
14753 4962 4963 4964 
14754 3169 3189 8221 
14755 5150 7487 8191 
14756 3404 3830 8253 
14757 7587 4724 7941 
14758 1242 8061 8882 
14759 4148 5462 8315 
14760 5376 5527 7887 
14761 4998 4116 8011 
14762 3918 7023 8667 
14763 4159 7778 8157 
14764 7178 8014 8092 
14765 6850 8076 8173 
14766 7874 5990 8074 
14767 942 924 8297 
14768 5245 8063 8187 
14769 2684 2084 8118 
14770 2933 992 8204 
14771 4465 7455 8182 
14772 3295 4145 8176 
14773 5236 4001 8107 
14774 7212 969 8244 
14775 8565 1390 8573 
14776 8161 5333 8203 
14777 7572 5145 8076 
14778 5716 7996 8133 
14779 4956 8071 8114 
14780 3653 3651 8210 
14781 4976 7384 8080 
14782 717 719 8222 
14783 8058 4580 8097 
14784 4752 4751 8105 
14785 3140 3137 8112 
14786 4233 5767 8281 
14787 2824 8001 8164 
14788 643 3599 8278 
14789 5902 5124 8100 
14790 8076 5145 8173 
14791 8234 1640 8265 
14792 6404 5307 8415 
14793 6684 1794 8102 
14794 4012 4011 8103 
14795 8124 6903 8160 
14796 7913 4917 8077 
14797 5889 8226 8289 
14798 7802 4620 8098 
14799 3685 3691 8215 
14800 6904 6902 8124 
14801 1885 2273 8231 
14802 8230 6835 8275 
14803 6249 6248 8122 
14804 4833 7709 8089 
14805 3729 3219 8281 
14806 8403 4266 8479 
14807 7064 4664 8125 
14808 4652 7981 8154 
14809 5355 4214 8198 
14810 5322 8080 8116 
14811 4672 5304 8184 
14812 8214 6328 8250 
14813 728 7616 8209 
14814 2763 2807 8269 
14815 3342 7793 8045 
14816 7486 7411 8111 
14817 7303 7073 8238 
14818 2199 7336 8192 
14819 691 728 8209 
14820 7576 4822 8130 
14821 3084 2205 8082 
14822 8081 4567 8132 
14823 5994 5993 8163 
14824 2897 1576 8231 
14825 5130 8469 8511 
14826 5809 5810 8115 
14827 865 7575 8204 
14828 4568 7913 8077 
14829 8269 5775 8443 
14830 5224 4375 8303 
14831 4620 4622 8098 
14832 4696 3751 8217 
14833 868 886 8128 
14834 7262 8030 8135 
14835 2226 2217 8121 
14836 5171 7995 8255 
14837 985 3658 8244 
14838 7517 4956 8114 
14839 1663 1665 8136 
14840 7805 3669 8104 
14841 707 709 8229 
14842 4696 8217 8355 
14843 4652 7604 8106 
14844 7780 7576 8130 
14845 3681 5271 8394 
14846 5497 8044 8108 
14847 2777 2775 8290 
14848 3749 4310 8217 
14849 5457 5523 5560 
14850 8184 5304 8205 
14851 5309 8117 8150 
14852 7250 1946 8249 
14853 6087 2267 8291 
14854 32 33 358 
14855 3921 3697 8220 
14856 7778 7249 8157 
14857 7575 7552 8204 
14858 8140 5978 8271 
14859 4557 5151 8267 
14860 7604 7994 8106 
14861 3193 7368 8117 
14862 8971 5408 8974 
14863 7427 6729 8089 
14864 4034 3342 8045 
14865 4567 6217 8132 
14866 2058 2199 8192 
14867 7764 1942 8130 
14868 2866 2867 8108 
14869 1195 1197 8280 
14870 2007 8140 8271 
14871 7709 7427 8089 
14872 5338 5214 8311 
14873 3958 5094 8139 
14874 7075 8486 8499 
14875 5305 5306 8145 
14876 8170 6447 8233 
14877 7658 7755 8134 
14878 8435 4716 8451 
14879 6591 6403 8339 
14880 216 217 387 
14881 5308 8131 8200 
14882 5099 5912 8287 
14883 8156 1913 8268 
14884 5350 8284 8519 
14885 7968 5304 8211 
14886 8464 4789 8478 
14887 3620 2586 8141 
14888 5292 8400 8411 
14889 4730 4705 8312 
14890 1161 1210 8196 
14891 5508 8288 8321 
14892 2127 2124 8116 
14893 991 7591 8151 
14894 4632 8085 8134 
14895 3679 4013 8148 
14896 7073 4120 8307 
14897 5033 3883 8145 
14898 5338 8342 8350 
14899 6539 7262 8135 
14900 8400 4706 8411 
14901 8136 1668 8138 
14902 4556 7949 8087 
14903 7755 4632 8134 
14904 6050 4998 8011 
14905 3899 4239 8293 
14906 6994 3144 8267 
14907 5234 5233 8232 
14908 5746 5741 8257 
14909 7445 4544 8043 
14910 4679 6169 8212 
14911 6079 4349 8140 
14912 4439 6723 8381 
14913 5725 5716 8133 
14914 5291 3675 8143 
14915 5313 8143 8197 
14916 4603 7291 8261 
14917 8204 7552 8239 
14918 1639 1640 8252 
14919 8111 7411 8158 
14920 4002 7612 8129 
14921 3515 6850 8173 
14922 1216 8378 8392 
14923 5308 8056 8131 
14924 2247 2263 8263 
14925 3696 3694 8241 
14926 5154 6428 8180 
14927 4856 6087 8416 
14928 2806 6877 8380 
14929 5313 8082 8143 
14930 8030 5284 8135 
14931 8495 6785 8563 
14932 4350 4353 8155 
14933 4683 4578 8123 
14934 4855 4856 8434 
14935 7991 5296 8161 
14936 1061 1391 8149 
14937 1184 1187 8165 
14938 7446 7445 8043 
14939 970 954 8330 
14940 4430 7346 8322 
14941 7102 7627 8203 
14942 5434 5435 5479 
14943 1907 1909 8156 
14944 3471 4226 8295 
14945 8227 6136 8253 
14946 6421 6423 8572 
14947 7044 5259 8164 
14948 8342 1880 8350 
14949 5870 4330 8162 
14950 4650 3682 8150 
14951 5409 8967 8970 
14952 4734 4732 8329 
14953 4140 7265 8142 
14954 8100 3620 8141 
14955 4891 4893 8144 
14956 5822 5823 8421 
14957 6227 4371 8189 
14958 1787 1107 8273 
14959 5296 7537 8161 
14960 7805 8104 8184 
14961 7102 8203 8299 
14962 6272 8942 8943 
14963 8056 5295 8131 
14964 1715 8408 8417 
14965 7997 4673 8177 
14966 8063 4624 8187 
14967 5226 5969 8168 
14968 8623 7268 8639 
14969 4015 8124 8160 
14970 4680 6129 8225 
14971 1135 1138 8334 
14972 1105 2933 8273 
14973 8547 6420 8558 
14974 1651 7645 8628 
14975 4330 3495 8174 
14976 2933 7544 8273 
14977 3144 7430 8267 
14978 4668 4666 8146 
14979 3638 5046 8304 
14980 3515 8173 8190 
14981 8293 5285 8308 
14982 229 230 375 
14983 7411 1380 8158 
14984 7032 8322 8447 
14985 6513 6512 8286 
14986 7408 2658 8147 
14987 868 8128 8169 
14988 7362 2848 8537 
14989 5322 8116 8238 
14990 5935 4592 8153 
14991 5948 4770 8500 
14992 6877 3119 8401 
14993 2106 1882 8300 
14994 2960 2939 8160 
14995 7028 2005 8167 
14996 835 868 8169 
14997 5642 4715 8171 
14998 8572 6423 8578 
14999 8661 5748 8694 
15000 8164 4649 8260 
15001 5690 4219 8166 
15002 2821 8302 8334 
15003 7952 5190 8113 
15004 8712 4827 8725 
15005 3790 3788 8154 
15006 2010 7813 8376 
15007 807 816 8170 
15008 6262 6261 8181 
15009 4614 3792 8270 
15010 5259 2824 8164 
15011 7385 8639 8649 
15012 8380 6877 8401 
15013 3189 3171 8301 
15014 7164 7028 8319 
15015 6483 7894 8218 
15016 8210 6033 8308 
15017 4013 8125 8148 
15018 8478 4788 8486 
15019 1844 1842 8175 
15020 5636 8996 8999 
15021 5286 5285 8306 
15022 5825 8421 8487 
15023 4700 8211 8296 
15024 8082 5291 8143 
15025 4120 5013 8356 
15026 8044 2866 8108 
15027 8075 1709 8298 
15028 8313 2806 8380 
15029 6262 8775 8782 
15030 7692 4159 8157 
15031 3973 6352 8201 
15032 1816 1815 8328 
15033 5672 5244 8561 
15034 5145 5146 8173 
15035 5498 5497 8172 
15036 5348 8146 8196 
15037 7910 5261 8193 
15038 8558 6421 8572 
15039 4728 6356 8367 
15040 7525 3338 8326 
15041 8158 1380 8188 
15042 5731 4465 8182 
15043 4822 7493 8243 
15044 1216 6093 8378 
15045 7625 3616 8247 
15046 7658 8134 8265 
15047 289 290 389 
15048 8162 4330 8174 
15049 5958 5889 8289 
15050 4371 4372 8675 
15051 8426 3127 8484 
15052 6120 8141 8201 
15053 4002 8129 8214 
15054 7995 4594 8255 
15055 622 617 8186 
15056 1825 1823 8324 
15057 5284 5959 8179 
15058 8173 5146 8190 
15059 6994 8267 8303 
15060 3194 3195 8318 
15061 5325 7243 8268 
15062 7990 5036 8272 
15063 1477 650 8183 
15064 4505 7128 8340 
15065 5431 8142 8176 
15066 3040 3041 3042 
15067 4804 8045 8245 
15068 5743 5746 8313 
15069 5146 5144 8320 
15070 8577 6677 8585 
15071 5678 4688 8317 
15072 6121 6120 8201 
15073 8045 4634 8245 
15074 4826 3723 8318 
15075 5841 5842 9030 
15076 8273 7544 8305 
15077 4129 7044 8260 
15078 4671 6776 8373 
15079 8154 7165 8270 
15080 5432 4603 8178 
15081 4317 5079 8317 
15082 4682 7643 8230 
15083 4654 3295 8176 
15084 5502 8172 8208 
15085 2757 3127 8341 
15086 8130 4822 8243 
15087 6028 5256 8194 
15088 8241 5319 8279 
15089 4558 8184 8205 
15090 8080 2127 8116 
15091 7894 3962 8218 
15092 5725 8133 8213 
15093 4372 5786 8670 
15094 5310 5309 8185 
15095 8157 7250 8249 
15096 4856 8416 8434 
15097 5751 8552 8555 
15098 6966 6965 8265 
15099 8117 4650 8150 
15100 6447 5415 8233 
15101 1380 7428 8188 
15102 4624 4694 8187 
15103 3916 3915 8344 
15104 3121 3122 8332 
15105 5317 8195 8264 
15106 1807 2865 8327 
15107 8376 4686 8488 
15108 4614 8270 8319 
15109 5261 5262 8193 
15110 7487 3180 8191 
15111 6403 1653 8360 
15112 4213 4271 8207 
15113 5934 5891 8202 
15114 4683 8123 8216 
15115 8341 5803 8477 
15116 4524 7290 8338 
15117 6870 4685 8199 
15118 6229 6077 6230 
15119 2269 1821 8331 
15120 4704 6093 8302 
15121 3147 3530 8375 
15122 3658 7497 8276 
15123 4738 5339 8370 
15124 4214 4213 8198 
15125 2037 4558 8205 
15126 6039 6041 8316 
15127 7906 5146 8320 
15128 5314 5313 8197 
15129 1933 7772 8177 
15130 8348 6995 8367 
15131 4802 8435 8451 
15132 1862 1809 8327 
15133 7772 7997 8177 
15134 5946 5947 8206 
15135 6265 8782 8794 
15136 5639 8410 8828 
15137 3835 3838 8345 
15138 1219 1161 8196 
15139 2231 2233 8382 
15140 2892 2058 8192 
15141 2170 8311 8395 
15142 8430 6220 8464 
15143 4558 7805 8184 
15144 1130 1133 8392 
15145 8243 7493 8291 
15146 2170 1524 8342 
15147 8134 6966 8265 
15148 8257 3112 8290 
15149 7818 8235 8236 
15150 992 865 8204 
15151 2906 6995 8348 
15152 5290 8047 8210 
15153 7044 8164 8260 
15154 8286 3417 8428 
15155 8135 5284 8179 
15156 3918 8667 8676 
15157 5328 8282 8339 
15158 5324 5325 8337 
15159 7643 2105 8230 
15160 5315 8215 8283 
15161 3651 5290 8210 
15162 8203 5333 8299 
15163 756 741 8406 
15164 735 717 8222 
15165 5464 4129 8292 
15166 5746 8003 8313 
15167 3417 5953 8428 
15168 8726 5088 8908 
15169 2909 1111 8349 
15170 5314 8197 8235 
15171 921 691 8209 
15172 1787 7407 8349 
15173 6735 2509 8551 
15174 8356 5013 8384 
15175 8307 4120 8356 
15176 5955 6971 8433 
15177 5345 8353 8379 
15178 7764 8130 8243 
15179 8194 5257 8247 
15180 6251 1859 8355 
15181 6033 4711 8308 
15182 4129 8260 8292 
15183 3665 3904 8200 
15184 6170 4773 8449 
15185 1109 1787 8349 
15186 2539 8161 8203 
15187 116 117 334 
15188 3167 3169 8221 
15189 1946 1947 8195 
15190 8167 7562 8336 
15191 8198 4213 8207 
15192 3751 3749 8217 
15193 6352 4394 8224 
15194 3864 3090 8223 
15195 101 102 352 
15196 7918 3515 8190 
15197 5079 4315 8352 
15198 8199 6835 8230 
15199 5315 8185 8215 
15200 7627 2539 8203 
15201 5287 8242 8333 
15202 7350 8485 8517 
15203 6262 8181 8775 
15204 4145 7731 8256 
15205 1137 2906 8348 
15206 7399 4537 8431 
15207 729 707 8229 
15208 4914 8720 8898 
15209 2509 6880 8551 
15210 8197 4977 8235 
15211 7291 8147 8261 
15212 3805 4977 8197 
15213 8200 5319 8241 
15214 3023 7631 8208 
15215 7243 8156 8268 
15216 3697 3696 8220 
15217 3684 3685 8215 
15218 4020 7623 8211 
15219 8098 4622 8254 
15220 3025 3106 8441 
15221 3709 3605 8369 
15222 8146 1219 8196 
15223 7295 7362 8549 
15224 2424 1192 8423 
15225 5727 5725 8213 
15226 7023 8659 8667 
15227 5233 7139 8232 
15228 8590 4065 8595 
15229 4993 5536 5537 
15230 7117 4679 8212 
15231 3321 3322 8226 
15232 656 678 8425 
15233 1181 1178 8410 
15234 7670 4002 8214 
15235 8401 3119 8432 
15236 5108 7829 8358 
15237 7525 8351 8389 
15238 1190 1194 8423 
15239 1210 1140 8348 
15240 7362 8537 8549 
15241 1576 1885 8231 
15242 760 756 8398 
15243 4726 7412 8399 
15244 6965 4727 8234 
15245 3705 3922 8351 
15246 6500 6502 8237 
15247 8258 5279 8304 
15248 1933 8177 8242 
15249 3794 4614 8336 
15250 1798 7902 8258 
15251 7023 4743 8240 
15252 3405 3073 8441 
15253 2751 3149 8390 
15254 2608 2605 8387 
15255 6037 4680 8225 
15256 3790 8154 8270 
15257 4716 4048 8411 
15258 969 985 8244 
15259 94 95 394 
15260 3195 4682 8294 
15261 2883 3296 8372 
15262 8349 7407 8370 
15263 7326 2286 8473 
15264 7383 3052 8372 
15265 6004 4683 8216 
15266 4776 8359 8455 
15267 7552 5303 8239 
15268 3052 2881 8372 
15269 457 458 459 
15270 4066 4785 8371 
15271 5947 5327 8385 
15272 8735 5401 8920 
15273 5287 7761 8242 
15274 1859 1518 8248 
15275 8399 7412 8414 
15276 5519 5431 8256 
15277 8217 6251 8355 
15278 3694 5308 8241 
15279 8234 5330 8252 
15280 5324 8337 8364 
15281 5947 8385 8398 
15282 5316 8283 8314 
15283 7399 8431 8447 
15284 7830 1762 8361 
15285 7150 7625 8247 
15286 458 456 4863 
15287 2740 2738 8413 
15288 2051 1864 8377 
15289 1189 1191 8396 
15290 6558 6561 8417 
15291 3830 5011 8253 
15292 3601 7382 8424 
15293 4404 7429 8325 
15294 5200 7952 8315 
15295 276 277 405 
15296 8390 5823 8483 
15297 2419 2247 8263 
15298 4634 7797 8245 
15299 8238 7073 8307 
15300 8188 7428 8246 
15301 5294 6314 8251 
15302 8147 4665 8261 
15303 8613 4012 8671 
15304 4731 5307 8378 
15305 7902 5279 8258 
15306 8360 1653 8385 
15307 7428 2837 8246 
15308 2123 7303 8238 
15309 4537 7207 8393 
15310 8242 4699 8333 
15311 5774 5775 8412 
15312 4372 8670 8675 
15313 5316 5315 8283 
15314 6141 4783 8457 
15315 3041 2360 5962 
15316 5788 4765 8397 
15317 8142 4654 8176 
15318 1124 1126 8433 
15319 7429 7867 8325 
15320 8523 6001 8525 
15321 2273 2272 8403 
15322 7860 817 8233 
15323 5727 8213 8257 
15324 6093 4729 8378 
15325 2628 4266 8403 
15326 3363 4692 8391 
15327 3526 7175 8805 
15328 5775 8432 8443 
15329 1715 1661 8408 
15330 3616 8194 8247 
15331 8172 3023 8208 
15332 1640 8234 8252 
15333 5331 5324 8364 
15334 1896 627 8262 
15335 1515 6141 8452 
15336 5802 5803 8426 
15337 4594 7429 8255 
15338 6727 6611 8471 
15339 7692 8157 8249 
15340 7818 5314 8235 
15341 8246 2837 8282 
15342 1760 1639 8252 
15343 7761 1933 8242 
15344 7497 7831 8276 
15345 2765 2763 8269 
15346 8322 7032 8353 
15347 6363 7511 8368 
15348 8632 5070 8710 
15349 2466 6608 8516 
15350 8162 3498 8521 
15351 4622 4702 8254 
15352 1614 7295 8266 
15353 8208 7631 8259 
15354 2470 6001 8523 
15355 2608 6161 8459 
15356 1136 7670 8250 
15357 4564 7713 8386 
15358 2604 6266 8387 
15359 4792 6610 8493 
15360 7232 3526 8808 
15361 5741 5727 8257 
15362 7670 8214 8250 
15363 7393 7764 8243 
15364 4616 8266 8284 
15365 2460 6019 8507 
15366 4649 4718 8260 
15367 6512 6593 8286 
15368 7952 4148 8315 
15369 7631 3034 8259 
15370 8218 3962 8219 
15371 6550 1489 8480 
15372 6835 4316 8275 
15373 5903 5035 8435 
15374 5293 8251 8276 
15375 4377 6301 8448 
15376 649 643 8278 
15377 7342 4245 8420 
15378 7430 4557 8267 
15379 5036 5855 8272 
15380 5775 5772 8432 
15381 7422 4237 8407 
15382 7393 8243 8291 
15383 4665 5019 8261 
15384 1136 8250 8277 
15385 2767 2765 8443 
15386 7306 6537 8873 
15387 8299 5332 8326 
15388 1107 1105 8273 
15389 3792 3790 8270 
15390 6897 8504 8691 
15391 8398 756 8406 
15392 8195 2057 8264 
15393 4595 6730 8436 
15394 2911 6446 8409 
15395 5317 7692 8249 
15396 5257 6952 8365 
15397 1640 7658 8265 
15398 8666 4849 8686 
15399 8386 5339 8424 
15400 7646 5311 8383 
15401 3874 3876 8438 
15402 1197 1217 8280 
15403 8259 3034 8288 
15404 3219 4233 8281 
15405 8283 7722 8314 
15406 5811 4703 8285 
15407 4033 7462 8450 
15408 8275 4687 8294 
15409 8436 6730 8449 
15410 4783 4081 8457 
15411 2151 7399 8447 
15412 5638 4798 8427 
15413 4044 4747 8445 
15414 5307 4733 8415 
15415 7023 8240 8659 
15416 2837 7317 8282 
15417 7383 8372 8404 
15418 4003 8299 8326 
15419 5333 5332 8299 
15420 7174 7387 8422 
15421 8260 4718 8292 
15422 5319 5354 8279 
15423 8185 3684 8215 
15424 8460 5944 8468 
15425 3112 2777 8290 
15426 5961 8375 8479 
15427 5331 8364 8391 
15428 3691 7722 8283 
15429 5095 5955 8429 
15430 3707 2830 8457 
15431 7718 1136 8277 
15432 6319 734 8611 
15433 2105 8199 8230 
15434 8269 2807 8412 
15435 5938 5099 8287 
15436 971 4595 8436 
15437 5325 8268 8337 
15438 8211 7623 8296 
15439 4711 3899 8293 
15440 5308 8200 8241 
15441 1880 7577 8400 
15442 1430 1515 8452 
15443 3526 8805 8808 
15444 1611 955 8436 
15445 5216 5293 8395 
15446 4043 4042 8379 
15447 2830 1482 8452 
15448 6266 6277 8387 
15449 4226 5759 8295 
15450 1913 8008 8268 
15451 8247 5257 8365 
15452 4614 8167 8336 
15453 4745 7720 8414 
15454 4033 8460 8468 
15455 8270 7165 8319 
15456 5416 4247 8988 
15457 2051 8377 8399 
15458 3034 7664 8288 
15459 2267 7393 8291 
15460 3171 3173 8301 
15461 4045 4047 8454 
15462 2263 2106 8300 
15463 4003 7102 8299 
15464 4375 6994 8303 
15465 924 7232 8297 
15466 8254 4702 8302 
15467 4718 7809 8292 
15468 8979 4878 9039 
15469 7535 2911 8409 
15470 7150 8247 8365 
15471 5285 8293 8306 
15472 8251 3658 8276 
15473 5279 3638 8304 
15474 6222 6039 8316 
15475 83 84 422 
15476 5337 6602 8538 
15477 7623 3701 8296 
15478 8293 4239 8306 
15479 7174 8422 8455 
15480 2609 2608 8459 
15481 3690 3688 8468 
15482 4954 8456 8466 
15483 1611 6257 8472 
15484 1663 8136 8408 
15485 4702 4704 8302 
15486 4706 3716 8451 
15487 5320 5322 8307 
15488 4782 4781 8476 
15489 5214 5216 8311 
15490 8365 6952 8393 
15491 8472 6257 8481 
15492 5803 5792 8470 
15493 5832 4730 8312 
15494 5285 3653 8308 
15495 7544 6252 8305 
15496 5322 8238 8307 
15497 5416 8988 8989 
15498 7165 7164 8319 
15499 4768 4769 8481 
15500 4688 4317 8317 
15501 3626 5287 8333 
15502 5349 4767 8460 
15503 3723 3194 8318 
15504 2761 2759 8477 
15505 5252 4043 8379 
15506 4409 4411 8323 
15507 8136 6560 8408 
15508 4072 3213 8465 
15509 5328 8339 8360 
15510 2906 7718 8310 
15511 2959 2960 8465 
15512 7718 8277 8310 
15513 7346 2151 8322 
15514 5144 5933 8320 
15515 6668 6666 8346 
15516 5745 5743 8313 
15517 2849 925 8472 
15518 2839 1825 8324 
15519 4954 3408 8456 
15520 8445 4747 8456 
15521 5142 4734 8329 
15522 6517 5299 8632 
15523 5803 8470 8477 
15524 5338 8311 8342 
15525 3338 4003 8326 
15526 7664 3063 8321 
15527 954 1892 8330 
15528 8288 7664 8321 
15529 1819 1816 8328 
15530 8391 4692 8422 
15531 1809 1807 8327 
15532 4794 8531 8544 
15533 7722 4867 8314 
15534 242 243 425 
15535 4740 6669 8479 
15536 1821 1819 8331 
15537 8379 4042 8498 
15538 6666 6672 8346 
15539 943 1611 8472 
15540 1760 8252 8377 
15541 8079 5185 8298 
15542 4699 7589 8333 
15543 3917 3121 8332 
15544 8276 7831 8395 
15545 1138 2821 8334 
15546 1359 1362 8489 
15547 8321 3063 8335 
15548 7929 5200 8315 
15549 8311 2170 8342 
15550 4686 3798 8458 
15551 8252 5330 8377 
15552 2755 2753 8483 
15553 5344 8454 8461 
15554 4682 8275 8294 
15555 4744 7538 8462 
15556 8583 3714 8587 
15557 4745 8414 8445 
15558 3626 8333 8374 
15559 6669 8403 8479 
15560 8220 3696 8279 
15561 5863 4524 8338 
15562 8836 5718 8837 
15563 2759 2757 8341 
15564 4717 4505 8340 
15565 1819 8328 8331 
15566 4537 8393 8431 
15567 8268 8008 8337 
15568 8282 7317 8339 
15569 8325 4712 8343 
15570 4430 8322 8353 
15571 790 791 8494 
15572 3915 4805 8344 
15573 3063 7633 8335 
15574 7867 4712 8325 
15575 1340 1358 8497 
15576 734 6319 8612 
15577 7317 6591 8339 
15578 5775 8269 8412 
15579 4037 7174 8455 
15580 5666 8707 8858 
15581 8412 2807 8470 
15582 7075 7166 8486 
15583 5320 8307 8356 
15584 1140 1137 8348 
15585 3838 4209 8345 
15586 1524 1880 8342 
15587 4573 5718 8836 
15588 6583 4775 8520 
15589 6483 8218 8480 
15590 4712 7644 8343 
15591 8337 4626 8364 
15592 4898 3386 8835 
15593 4315 4313 8352 
15594 3796 3794 8336 
15595 5618 8286 8428 
15596 8341 3127 8426 
15597 1111 1109 8349 
15598 6243 5338 8350 
15599 5293 8276 8395 
15600 4437 4439 8354 
15601 5351 8494 8509 
15602 7525 8326 8351 
15603 4322 7875 8453 
15604 8218 6550 8480 
15605 8417 6561 8430 
15606 4764 5351 8503 
15607 6845 6106 8581 
15608 4725 4304 8508 
15609 5745 8313 8380 
15610 5326 5328 8360 
15611 8333 7589 8374 
15612 4669 5347 8482 
15613 4004 4792 8493 
15614 5332 3705 8351 
15615 5349 8450 8514 
15616 592 596 8446 
15617 8408 6560 8417 
15618 8367 6356 8402 
15619 4801 3878 8505 
15620 5975 4696 8355 
15621 6723 2735 8381 
15622 4313 4311 8363 
15623 8421 3149 8487 
15624 8462 5323 8496 
15625 8721 1331 8852 
15626 5382 5625 8506 
15627 5998 5108 8358 
15628 4984 4037 8359 
15629 8352 4313 8363 
15630 7633 3052 8357 
15631 8336 7562 8458 
15632 4626 3362 8364 
15633 3604 5263 8366 
15634 8335 7633 8357 
15635 989 975 8504 
15636 5321 5320 8356 
15637 8008 4626 8337 
15638 2727 7150 8365 
15639 796 804 8509 
15640 6565 4671 8373 
15641 6356 4640 8491 
15642 5263 7830 8361 
15643 2462 2460 8507 
15644 5292 8350 8400 
15645 6995 4728 8367 
15646 7561 7560 8488 
15647 5399 8903 8907 
15648 8373 6776 8575 
15649 3605 3604 8369 
15650 2030 7460 8501 
15651 7943 7942 8463 
15652 3134 4778 8500 
15653 3530 4740 8375 
15654 5807 5805 8484 
15655 5335 6542 8525 
15656 5823 8390 8421 
15657 2881 2883 8372 
15658 4311 4066 8371 
15659 8345 4209 8388 
15660 8363 4311 8371 
15661 6738 8600 8615 
15662 3604 8366 8369 
15663 7511 4503 8368 
15664 8439 7800 8440 
15665 4686 8458 8488 
15666 5263 8361 8366 
15667 5326 8360 8385 
15668 7773 3626 8374 
15669 4729 4731 8378 
15670 8370 5339 8386 
15671 2467 2466 8516 
15672 8196 1210 8402 
15673 7407 4738 8370 
15674 6087 8291 8416 
15675 1165 6473 8815 
15676 1864 1760 8377 
15677 5803 8341 8426 
15678 6103 4806 8550 
15679 5321 8356 8384 
15680 3867 6247 8561 
15681 7737 4131 8492 
15682 1028 1164 8510 
15683 2735 2231 8382 
15684 3800 4686 8490 
15685 8364 3362 8391 
15686 2605 2604 8387 
15687 5047 5051 8890 
15688 5327 5326 8385 
15689 2753 2751 8390 
15690 4785 7646 8383 
15691 4038 2965 8519 
15692 7350 7657 8485 
15693 4775 4053 8520 
15694 5762 5745 8380 
15695 7589 4995 8374 
15696 2935 1031 8510 
15697 7560 2010 8376 
15698 2727 8365 8393 
15699 4640 5130 8511 
15700 1133 1216 8392 
15701 2471 2470 8523 
15702 8381 2735 8382 
15703 6525 2720 8544 
15704 8385 1653 8398 
15705 4995 4996 8418 
15706 4209 4322 8388 
15707 5147 7525 8389 
15708 7795 4721 8501 
15709 3922 5794 8389 
15710 7713 2909 8386 
15711 7841 5321 8384 
15712 7055 5345 8498 
15713 1199 7089 8819 
15714 2826 6481 8608 
15715 5816 5815 8446 
15716 4052 4784 8520 
15717 733 744 8529 
15718 6814 1199 8821 
15719 5330 4726 8399 
15720 1191 2850 8396 
15721 5516 7383 8404 
15722 5147 8389 8405 
15723 1641 6267 8535 
15724 4765 4766 8397 
15725 1653 760 8398 
15726 1381 6162 8541 
15727 5762 8380 8401 
15728 7207 2727 8393 
15729 3362 3363 8391 
15730 5273 2474 8523 
15731 8350 1880 8400 
15732 1895 1506 8545 
15733 5825 5822 8421 
15734 2033 1755 8535 
15735 8389 5794 8405 
15736 2848 7539 8524 
15737 2051 8399 8414 
15738 6776 6777 8637 
15739 8552 2720 8555 
15740 8418 4996 8442 
15741 4778 5042 8515 
15742 8965 5415 8976 
15743 2272 2628 8403 
15744 1650 6813 8826 
15745 6102 2145 8562 
15746 6580 6581 8530 
15747 4218 4236 8518 
15748 8097 4756 8394 
15749 4447 8571 8615 
15750 6813 6814 8822 
15751 596 922 8446 
15752 4579 5091 8526 
15753 1661 1663 8408 
15754 5764 5762 8401 
15755 5345 8379 8498 
15756 4061 4062 8688 
15757 7684 3289 8513 
15758 4048 5292 8411 
15759 5519 8256 8362 
15760 7831 2170 8395 
15761 8592 5343 8601 
15762 7577 4706 8400 
15763 6581 8394 8530 
15764 5785 7422 8407 
15765 2146 2149 8562 
15766 5984 5825 8487 
15767 4429 6818 8542 
15768 1178 1176 8410 
15769 8291 7493 8416 
15770 6800 8542 8587 
15771 8486 4788 8499 
15772 8376 7813 8490 
15773 8491 4640 8511 
15774 8377 5330 8399 
15775 4595 7535 8409 
15776 4407 8471 8496 
15777 1181 8410 8419 
15778 6583 8520 8536 
15779 7313 2740 8413 
15780 8432 3119 8443 
15781 5871 5870 8521 
15782 5947 8398 8406 
15783 5790 5774 8412 
15784 6560 6558 8417 
15785 8546 6562 8550 
15786 7773 8374 8418 
15787 1199 8819 8821 
15788 8256 7731 8362 
15789 8390 3149 8421 
15790 4733 4748 8415 
15791 4757 6683 8566 
15792 1192 1190 8423 
15793 4770 7983 8500 
15794 8469 5347 8511 
15795 3296 7974 8404 
15796 8485 4769 8517 
15797 5350 8519 8583 
15798 4245 5779 8420 
15799 5348 8196 8402 
15800 672 6015 8589 
15801 1650 8826 8827 
15802 7720 2051 8414 
15803 4690 7565 8533 
15804 5848 7684 8513 
15805 8466 7826 8467 
15806 7382 4564 8424 
15807 4513 7055 8514 
15808 5764 8401 8432 
15809 4996 5529 8442 
15810 4577 6562 8546 
15811 4716 8411 8451 
15812 8669 4815 8674 
15813 2704 2695 8555 
15814 7387 5331 8422 
15815 1194 6292 8832 
15816 2905 6680 8539 
15817 7493 4821 8416 
15818 5648 7677 8784 
15819 8827 5639 8828 
15820 6162 4796 8541 
15821 8531 6542 8544 
15822 2287 3377 8560 
15823 7055 8498 8514 
15824 4798 4797 8427 
15825 8353 5252 8379 
15826 4748 5095 8429 
15827 5805 5802 8426 
15828 3632 8418 8442 
15829 3632 7773 8418 
15830 6952 5258 8431 
15831 3796 8336 8458 
15832 8069 5147 8405 
15833 8422 4692 8455 
15834 8374 4995 8418 
15835 5271 8097 8394 
15836 8878 6398 8930 
15837 8415 4748 8429 
15838 7959 4690 8533 
15839 1126 2282 8433 
15840 1515 7334 8681 
15841 7440 1715 8430 
15842 8183 656 8425 
15843 660 4577 8546 
15844 8416 4821 8434 
15845 1455 662 8546 
15846 1455 6163 8570 
15847 6751 6739 8567 
15848 8064 1207 8565 
15849 3073 3025 8441 
15850 955 971 8436 
15851 7006 8621 8781 
15852 4752 8661 8694 
15853 3876 4800 8438 
15854 8560 5782 8747 
15855 3601 8424 8444 
15856 5331 8391 8422 
15857 5772 5764 8432 
15858 7495 2905 8539 
15859 8576 6164 8581 
15860 5035 4716 8435 
15861 3329 4202 8566 
15862 8431 5258 8447 
15863 4821 5062 8434 
15864 8411 4706 8451 
15865 5130 6445 8469 
15866 3942 4308 8563 
15867 7824 5337 8538 
15868 3119 2767 8443 
15869 7652 3640 8540 
15870 5516 8404 8439 
15871 7358 6677 8577 
15872 8414 7412 8445 
15873 7967 5660 8534 
15874 8326 5332 8351 
15875 5339 4737 8444 
15876 1412 8065 8437 
15877 1276 1390 8565 
15878 5106 5105 8573 
15879 5876 4377 8448 
15880 8575 6776 8637 
15881 6730 6170 8449 
15882 8606 6478 8609 
15883 8393 6952 8431 
15884 3640 7969 8540 
15885 8404 7974 8439 
15886 5672 8561 8626 
15887 7412 4044 8445 
15888 5790 8412 8470 
15889 6466 3209 8613 
15890 8284 4038 8519 
15891 8206 5947 8406 
15892 6325 5903 8871 
15893 4857 8678 8780 
15894 5258 7032 8447 
15895 4227 4035 8564 
15896 7462 4513 8450 
15897 7833 3632 8442 
15898 2292 6362 8614 
15899 7974 7800 8439 
15900 8402 6356 8491 
15901 8444 4737 8454 
15902 4617 8616 8788 
15903 3912 4750 8568 
15904 4047 4761 8461 
15905 5800 8064 8565 
15906 6280 6279 8610 
15907 664 1455 8570 
15908 1482 1430 8452 
15909 4737 4045 8454 
15910 8831 6810 8853 
15911 4811 5782 8574 
15912 3716 4802 8451 
15913 8950 5402 9004 
15914 8456 4747 8466 
15915 4081 3707 8457 
15916 8471 4792 8496 
15917 4033 8450 8460 
15918 672 668 8576 
15919 3408 4745 8456 
15920 8442 5529 8463 
15921 7875 5689 8453 
15922 7440 8430 8464 
15923 7313 8413 8487 
15924 4745 8445 8456 
15925 4692 4776 8455 
15926 8461 4761 8473 
15927 8450 5349 8460 
15928 8065 6059 8437 
15929 7047 3509 8610 
15930 5244 7912 8561 
15931 6318 6319 8611 
15932 2612 2609 8459 
15933 4767 5944 8460 
15934 1472 1504 8582 
15935 8354 4439 8810 
15936 7882 4774 8556 
15937 4686 8376 8490 
15938 2491 2489 8584 
15939 8413 5984 8487 
15940 7929 8474 8475 
15941 5348 8402 8491 
15942 7169 5344 8461 
15943 8614 4779 8759 
15944 2961 3714 8583 
15945 6478 3175 8609 
15946 3798 3796 8458 
15947 8716 4533 8718 
15948 5372 8762 8772 
15949 6738 6737 8595 
15950 2909 8370 8386 
15951 7538 2612 8462 
15952 1715 8417 8430 
15953 8315 5462 8474 
15954 2612 8459 8462 
15955 7603 3709 8575 
15956 2974 7702 8579 
15957 3213 2959 8465 
15958 4807 6480 8601 
15959 3688 4033 8468 
15960 6481 4813 8611 
15961 4837 5371 8597 
15962 7404 7182 8600 
15963 5168 5812 8619 
15964 2844 7440 8464 
15965 4544 8095 8559 
15966 5323 4407 8496 
15967 5823 5807 8484 
15968 1214 6461 8622 
15969 7169 8461 8473 
15970 7833 8442 8463 
15971 4753 3840 8580 
15972 8470 2807 8477 
15973 5870 8162 8521 
15974 2974 8579 8766 
15975 925 943 8472 
15976 4781 5780 8476 
15977 8394 4756 8530 
15978 4407 6727 8471 
15979 5792 5790 8470 
15980 1476 7075 8499 
15981 553 556 8599 
15982 1476 8499 8503 
15983 2844 8464 8478 
15984 2807 2761 8477 
15985 8722 6761 8852 
15986 7942 7833 8463 
15987 549 552 8607 
15988 3712 4065 8590 
15989 2286 7169 8473 
15990 670 672 8589 
15991 1210 8367 8402 
15992 6465 6468 8606 
15993 4747 7826 8466 
15994 2826 682 8592 
15995 8597 1324 8777 
15996 8458 7562 8488 
15997 2812 8109 8495 
15998 6484 6483 8480 
15999 1610 585 8603 
16000 6008 5795 8527 
16001 4266 5961 8479 
16002 9020 5407 9027 
16003 7457 2844 8478 
16004 686 2826 8608 
16005 7657 2849 8485 
16006 3208 4791 8548 
16007 2008 2350 8588 
16008 6257 4768 8481 
16009 4782 8476 8701 
16010 3175 2918 8609 
16011 2916 3209 8609 
16012 545 548 8618 
16013 5800 8565 8573 
16014 541 544 8617 
16015 734 694 8608 
16016 2729 743 8612 
16017 3209 2271 8613 
16018 732 734 8612 
16019 6426 7269 8602 
16020 6990 4536 8641 
16021 2270 4012 8613 
16022 4617 3706 8616 
16023 8818 6235 8842 
16024 589 7985 8603 
16025 8588 7608 8723 
16026 5351 4775 8502 
16027 5752 4669 8482 
16028 3240 3467 8638 
16029 8481 4769 8485 
16030 7354 2729 8598 
16031 3127 2755 8483 
16032 525 528 8627 
16033 521 524 8625 
16034 513 516 8633 
16035 3149 7313 8487 
16036 517 520 8630 
16037 533 536 8631 
16038 529 532 8629 
16039 6427 8602 8603 
16040 8095 5838 8559 
16041 2935 8510 8719 
16042 8503 5351 8509 
16043 7985 6427 8603 
16044 8783 3145 8785 
16045 2257 6951 8594 
16046 7457 8478 8486 
16047 5299 4064 8632 
16048 4063 5070 8632 
16049 7166 7457 8486 
16050 1874 7500 8621 
16051 5058 2257 8594 
16052 5044 6056 8763 
16053 7006 7529 8621 
16054 1358 1359 8489 
16055 6722 4877 8867 
16056 7562 7561 8488 
16057 1511 1491 8640 
16058 6814 8821 8822 
16059 4966 7608 8651 
16060 505 508 8645 
16061 1497 1517 8634 
16062 4753 8580 8596 
16063 509 512 8644 
16064 7645 5691 8628 
16065 4447 3710 8571 
16066 501 504 8647 
16067 6783 6785 8495 
16068 497 500 8650 
16069 5346 5348 8491 
16070 2842 7062 8691 
16071 7260 7343 8662 
16072 791 796 8494 
16073 7385 7479 8639 
16074 5064 6733 8646 
16075 8368 4503 8553 
16076 5096 4004 8493 
16077 5106 8577 8585 
16078 5940 5751 8557 
16079 4131 5910 8492 
16080 961 595 8652 
16081 493 496 8657 
16082 5640 4836 8643 
16083 1572 1340 8497 
16084 7993 5273 8531 
16085 4794 7993 8531 
16086 4788 4786 8499 
16087 4792 4744 8496 
16088 1164 1026 8642 
16089 489 492 8660 
16090 7812 7863 8596 
16091 4769 5342 8517 
16092 2832 6852 8665 
16093 4042 7320 8498 
16094 537 540 8658 
16095 485 488 8664 
16096 8499 4786 8503 
16097 6757 8652 8672 
16098 1470 1426 8653 
16099 6755 6757 8663 
16100 5952 8368 8553 
16101 5751 4793 8552 
16102 8424 5339 8444 
16103 5088 8726 8856 
16104 8542 4791 8587 
16105 4782 8701 8749 
16106 3802 3800 8490 
16107 481 484 8668 
16108 6813 8822 8826 
16109 8767 1152 8770 
16110 8736 546 8920 
16111 790 8494 8502 
16112 4786 4764 8503 
16113 5737 5382 8506 
16114 634 632 8655 
16115 477 480 8673 
16116 4071 4815 8669 
16117 975 2842 8504 
16118 5346 8491 8511 
16119 3878 5948 8505 
16120 8517 5342 8524 
16121 7460 7795 8501 
16122 8490 7813 8580 
16123 7191 1097 8846 
16124 7334 2847 8674 
16125 4304 5783 8508 
16126 4793 4794 8552 
16127 2466 2462 8507 
16128 454 3040 5768 
16129 5931 2973 8773 
16130 2816 7191 8845 
16131 1097 7397 8849 
16132 804 1476 8509 
16133 7983 3134 8500 
16134 4725 8508 8512 
16135 8849 7397 8850 
16136 8245 5721 8543 
16137 591 587 8672 
16138 8109 6783 8495 
16139 8845 7191 8846 
16140 473 476 8680 
16141 8112 6008 8527 
16142 8498 7320 8514 
16143 5369 8616 8776 
16144 8529 2438 8536 
16145 4862 6105 8731 
16146 1031 1028 8510 
16147 469 472 8682 
16148 3890 8569 8694 
16149 6533 3895 8684 
16150 4080 4779 8679 
16151 3709 8373 8575 
16152 6235 6234 8842 
16153 3895 2718 8684 
16154 8846 1097 8849 
16155 5347 5346 8511 
16156 3289 6888 8513 
16157 7320 5349 8514 
16158 8709 5390 8831 
16159 4850 7245 8778 
16160 4809 5366 8686 
16161 4801 8505 8515 
16162 6099 5286 8636 
16163 7929 8315 8474 
16164 2470 2467 8516 
16165 5711 4218 8518 
16166 5812 5170 8719 
16167 5384 6642 8809 
16168 7397 2840 8850 
16169 4814 4817 8605 
16170 4552 7350 8517 
16171 4263 4823 8683 
16172 2179 607 8689 
16173 8719 5170 8734 
16174 8505 4778 8515 
16175 2965 2963 8519 
16176 3040 2360 3041 
16177 606 2726 8695 
16178 5827 4820 8687 
16179 8639 7268 8649 
16180 2840 7667 8851 
16181 5359 3827 8591 
16182 8571 6739 8615 
16183 5366 8689 8692 
16184 4053 4052 8520 
16185 6752 8567 8586 
16186 624 614 8698 
16187 5359 8590 8595 
16188 6696 6692 8693 
16189 4839 4838 8703 
16190 6756 4849 8666 
16191 2251 7094 8604 
16192 4552 8517 8524 
16193 603 599 8692 
16194 8749 6899 8753 
16195 4795 3208 8548 
16196 2726 602 8700 
16197 598 981 8700 
16198 5641 4579 8526 
16199 5336 8527 8528 
16200 2848 8524 8537 
16201 1405 5878 9009 
16202 3509 2251 8604 
16203 1431 1403 8696 
16204 2474 2471 8523 
16205 6322 6324 8743 
16206 1042 1044 8690 
16207 8851 7667 8857 
16208 586 1894 8705 
16209 5062 7395 8764 
16210 582 578 8707 
16211 6162 8529 8536 
16212 7113 7485 8702 
16213 6001 5335 8525 
16214 4845 4843 8706 
16215 981 594 8704 
16216 8850 2840 8851 
16217 8105 2845 8661 
16218 6733 8665 8688 
16219 2438 6583 8536 
16220 7539 4552 8524 
16221 2179 8697 8702 
16222 2845 6444 8661 
16223 5218 7053 8720 
16224 1386 566 8709 
16225 4833 7982 8654 
16226 457 456 458 
16227 4795 8548 8635 
16228 6466 8613 8671 
16229 8665 4823 8688 
16230 2171 8532 8533 
16231 5390 8709 8866 
16232 8835 6375 8921 
16233 961 8666 8686 
16234 8088 3916 8522 
16235 7863 2060 8656 
16236 4824 5249 8697 
16237 4532 4533 8716 
16238 744 2438 8529 
16239 5337 5336 8528 
16240 5336 8112 8527 
16241 8596 7863 8656 
16242 1217 8083 8659 
16243 7667 1096 8857 
16244 4756 7361 8530 
16245 8525 6542 8531 
16246 7984 4828 8699 
16247 1096 7723 8862 
16248 1055 1324 8713 
16249 7608 7607 8708 
16250 7565 2171 8533 
16251 2171 8004 8532 
16252 8622 6462 8685 
16253 1755 1641 8535 
16254 1405 9009 9010 
16255 5363 4057 8711 
16256 3714 6800 8587 
16257 7937 4827 8712 
16258 3710 4070 8571 
16259 4857 7988 8678 
16260 5350 8583 8587 
16261 6517 8632 8710 
16262 8857 1096 8862 
16263 5842 9023 9030 
16264 4784 6162 8536 
16265 1609 7048 8725 
16266 5170 6678 8734 
16267 5342 7366 8537 
16268 6085 5362 8791 
16269 8862 7723 8864 
16270 4760 6808 8732 
16271 3096 7967 8534 
16272 4865 6192 8754 
16273 3485 7984 8699 
16274 5723 6189 8636 
16275 7279 7652 8540 
16276 1331 1303 8722 
16277 4577 7495 8539 
16278 6800 4429 8542 
16279 4796 5282 8541 
16280 8544 2720 8552 
16281 5956 7824 8538 
16282 542 539 8727 
16283 538 535 8728 
16284 6633 6634 8739 
16285 6542 6525 8544 
16286 534 531 8729 
16287 4758 5065 8740 
16288 7279 8540 8547 
16289 8483 5823 8484 
16290 551 550 8737 
16291 7113 8712 8725 
16292 547 546 8736 
16293 6571 5788 8545 
16294 555 554 8738 
16295 8646 4062 8781 
16296 2849 8481 8485 
16297 546 543 8735 
16298 7336 5448 8751 
16299 3802 8490 8580 
16300 4825 5358 8730 
16301 522 519 8733 
16302 8567 4070 8586 
16303 8537 7366 8549 
16304 559 558 8742 
16305 8542 6818 8548 
16306 7721 1331 8721 
16307 676 654 8741 
16308 8734 6678 8744 
16309 6678 3376 8744 
16310 662 660 8546 
16311 6485 2048 8787 
16312 4957 5459 8593 
16313 2836 7279 8547 
16314 7757 4570 8726 
16315 5392 7958 8724 
16316 5286 8306 8636 
16317 5858 6377 8746 
16318 5106 8573 8577 
16319 8240 1217 8659 
16320 4872 8512 8824 
16321 7366 4549 8549 
16322 6562 6103 8550 
16323 7260 8662 8669 
16324 8519 2963 8583 
16325 2720 2704 8555 
16326 7723 2908 8864 
16327 6728 4083 8956 
16328 6818 4073 8635 
16329 3127 8483 8484 
16330 4803 4804 8554 
16331 4503 7468 8553 
16332 6677 6676 8585 
16333 4746 5055 8752 
16334 7912 3867 8561 
16335 5360 8813 8833 
16336 8744 3376 8747 
16337 3827 4957 8591 
16338 8555 2695 8557 
16339 8585 6676 8586 
16340 4202 3330 8811 
16341 1609 8730 8741 
16342 1999 2003 8723 
16343 6900 6899 8749 
16344 1862 8327 8769 
16345 3376 6743 8747 
16346 2908 7743 8868 
16347 2836 8547 8558 
16348 8494 5351 8502 
16349 3244 4099 8745 
16350 8548 6818 8635 
16351 5378 7882 8556 
16352 5626 8814 8816 
16353 4083 6529 8959 
16354 4868 5127 8758 
16355 3727 7378 8750 
16356 6743 2287 8560 
16357 7359 2836 8558 
16358 2145 2146 8562 
16359 5300 5299 8624 
16360 6676 6752 8586 
16361 4533 6280 8718 
16362 4869 6495 8771 
16363 8956 4083 8959 
16364 6759 6957 8750 
16365 8591 4957 8593 
16366 4308 5909 8563 
16367 8811 3330 8814 
16368 1476 8503 8509 
16369 8864 2908 8868 
16370 126 127 318 
16371 6898 6894 8759 
16372 8220 8279 8670 
16373 8567 6739 8571 
16374 1412 6190 8757 
16375 6683 3329 8566 
16376 6319 4814 8605 
16377 5738 4227 8564 
16378 8510 5812 8719 
16379 6048 1765 8786 
16380 4779 4082 8753 
16381 5372 4969 8760 
16382 8868 7743 8872 
16383 4741 6471 8761 
16384 5786 8220 8670 
16385 8656 2060 8708 
16386 494 491 8755 
16387 6738 8595 8600 
16388 4804 8245 8543 
16389 4804 8543 8554 
16390 6752 6751 8567 
16391 1207 1276 8565 
16392 5748 5054 8694 
16393 7359 8558 8572 
16394 5709 3912 8568 
16395 7768 8739 8785 
16396 6739 6738 8615 
16397 6444 5748 8661 
16398 8568 4750 8569 
16399 6529 3744 8960 
16400 5105 5800 8573 
16401 666 664 8570 
16402 8620 659 8714 
16403 1153 8572 8578 
16404 1153 7359 8572 
16405 6127 6125 8798 
16406 1021 1412 8757 
16407 6728 8956 8965 
16408 7334 8674 8681 
16409 8043 4544 8559 
16410 4810 4811 8574 
16411 4736 5043 8768 
16412 5411 5410 8765 
16413 8959 6529 8960 
16414 668 666 8576 
16415 666 8570 8576 
16416 1390 7358 8577 
16417 5273 8525 8531 
16418 4766 7603 8575 
16419 4791 8542 8548 
16420 7608 8708 8723 
16421 5931 4853 8767 
16422 4735 6573 8774 
16423 4810 8574 8579 
16424 6164 6845 8581 
16425 8569 4752 8694 
16426 7985 1153 8578 
16427 8621 5686 8781 
16428 4851 5931 8773 
16429 1050 1052 8770 
16430 3744 6750 8962 
16431 7743 1100 8872 
16432 7702 4810 8579 
16433 6308 3908 8813 
16434 4028 4850 8778 
16435 1100 7555 8875 
16436 2011 2038 8762 
16437 5383 4830 8780 
16438 8579 5367 8766 
16439 1504 1625 8582 
16440 5300 8622 8685 
16441 1765 1868 8786 
16442 2963 2961 8583 
16443 2719 3145 8783 
16444 3840 3802 8580 
16445 7105 5106 8585 
16446 8960 3744 8962 
16447 8635 4073 8662 
16448 3319 2491 8584 
16449 6750 2803 8958 
16450 5367 6936 8766 
16451 7105 8585 8586 
16452 8327 5687 8769 
16453 7677 4438 8784 
16454 6355 4437 8797 
16455 2960 8160 8701 
16456 2048 7989 8787 
16457 7175 941 8801 
16458 8802 7226 8803 
16459 8875 7555 8880 
16460 8872 1100 8875 
16461 8580 7813 8596 
16462 4791 5350 8587 
16463 4070 7105 8586 
16464 8616 5369 8788 
16465 8306 5723 8636 
16466 5751 8555 8557 
16467 6936 4864 8777 
16468 8678 2978 8780 
16469 4848 7226 8802 
16470 8524 5342 8537 
16471 7260 8669 8674 
16472 673 670 8589 
16473 4766 8575 8637 
16474 5930 2239 8817 
16475 6750 8958 8962 
16476 5760 5057 8804 
16477 6951 5673 8594 
16478 8018 8791 8801 
16479 1391 1059 8796 
16480 2003 2008 8588 
16481 4790 3712 8590 
16482 4989 4790 8593 
16483 8766 6936 8777 
16484 682 673 8592 
16485 6279 7047 8610 
16486 3061 2188 8799 
16487 7094 5676 8604 
16488 5987 2998 8812 
16489 673 8589 8592 
16490 4864 4837 8597 
16491 6737 5359 8595 
16492 4790 8591 8593 
16493 5893 5169 8619 
16494 4794 8544 8552 
16495 5343 4807 8601 
16496 552 553 8599 
16497 8614 6362 8679 
16498 6427 6426 8602 
16499 7813 7812 8596 
16500 6468 6478 8606 
16501 4065 7404 8600 
16502 585 589 8603 
16503 5262 8016 8775 
16504 4953 5574 8806 
16505 8597 5371 8713 
16506 5370 6978 8795 
16507 548 549 8607 
16508 694 686 8608 
16509 6271 6401 8887 
16510 4134 3812 8803 
16511 8806 5574 8807 
16512 743 732 8612 
16513 7555 2863 8880 
16514 2918 2916 8609 
16515 7925 7354 8598 
16516 4813 6318 8611 
16517 5363 8711 8716 
16518 6894 2292 8614 
16519 6464 6466 8671 
16520 2271 2270 8613 
16521 7608 8588 8651 
16522 4915 8721 8852 
16523 8795 6978 8799 
16524 7182 4447 8615 
16525 5169 5168 8619 
16526 5441 5849 8717 
16527 8371 4785 8815 
16528 6362 4816 8776 
16529 8598 2729 8605 
16530 2863 7581 8885 
16531 3706 4079 8616 
16532 540 541 8617 
16533 5369 5370 8788 
16534 544 545 8618 
16535 1391 8796 8800 
16536 4831 5384 8809 
16537 8602 7269 8623 
16538 1214 8622 8624 
16539 4779 8753 8759 
16540 6461 6462 8622 
16541 6462 6464 8685 
16542 5693 5896 8620 
16543 4134 8803 8806 
16544 8778 7246 8824 
16545 8885 7581 8891 
16546 8181 5262 8775 
16547 6247 5682 8626 
16548 661 2653 8714 
16549 8880 2863 8885 
16550 3061 8799 8802 
16551 4656 8873 9007 
16552 7344 1610 8623 
16553 4062 8646 8688 
16554 7529 1874 8621 
16555 2180 7385 8649 
16556 2653 6517 8710 
16557 520 521 8625 
16558 5691 5852 8628 
16559 516 517 8630 
16560 524 525 8627 
16561 528 529 8629 
16562 532 533 8631 
16563 512 513 8633 
16564 4064 4063 8632 
16565 4684 6287 8948 
16566 6464 8671 8685 
16567 4222 5713 8860 
16568 1593 1497 8634 
16569 8534 5660 8825 
16570 6757 6756 8666 
16571 2180 8649 8663 
16572 3467 4222 8638 
16573 7344 8623 8639 
16574 3383 6815 8972 
16575 3886 6990 8641 
16576 2653 8710 8714 
16577 8970 3383 8972 
16578 1491 1493 8640 
16579 7479 7344 8639 
16580 6815 2786 8973 
16581 4695 4918 8894 
16582 5686 5684 8781 
16583 7950 4795 8635 
16584 8588 2350 8651 
16585 8663 6757 8672 
16586 8383 5311 8819 
16587 8944 1593 8946 
16588 8952 1767 8954 
16589 4836 4834 8643 
16590 1026 1023 8642 
16591 8972 6815 8973 
16592 508 509 8644 
16593 504 505 8645 
16594 5684 5064 8646 
16595 7581 1139 8891 
16596 500 501 8647 
16597 7268 7267 8649 
16598 8643 4834 8648 
16599 496 497 8650 
16600 4834 4832 8648 
16601 4939 8839 8941 
16602 4779 8614 8679 
16603 8476 2960 8701 
16604 5077 5075 8810 
16605 1426 1451 8653 
16606 8788 5370 8795 
16607 595 591 8652 
16608 2388 3881 8816 
16609 2998 3235 8812 
16610 492 493 8657 
16611 4832 4833 8654 
16612 8648 4832 8654 
16613 4817 8598 8605 
16614 3908 3909 8813 
16615 8891 1139 8893 
16616 4753 8596 8656 
16617 632 1413 8655 
16618 488 489 8660 
16619 536 537 8658 
16620 4070 8567 8571 
16621 8590 5359 8591 
16622 4823 4061 8688 
16623 4967 4966 8651 
16624 8893 7729 8896 
16625 1139 7729 8893 
16626 8088 8522 8691 
16627 8649 7267 8663 
16628 8010 4753 8656 
16629 5626 5381 8814 
16630 484 485 8664 
16631 2239 2241 8817 
16632 6733 2832 8665 
16633 2808 8964 8969 
16634 8522 6897 8691 
16635 7267 6755 8663 
16636 961 8652 8666 
16637 8309 5672 8626 
16638 480 481 8668 
16639 6473 8371 8815 
16640 5363 8716 8718 
16641 8739 5384 8785 
16642 7343 7950 8662 
16643 4073 4071 8669 
16644 7597 5606 8870 
16645 5353 5352 8667 
16646 3249 6646 8968 
16647 8659 5353 8667 
16648 5372 8760 8762 
16649 476 477 8673 
16650 587 2180 8672 
16651 7950 8635 8662 
16652 1324 8597 8713 
16653 8083 5353 8659 
16654 4752 8105 8661 
16655 8573 1390 8577 
16656 2847 7260 8674 
16657 8896 2895 8902 
16658 4887 4093 8820 
16659 3249 8968 8971 
16660 8670 5354 8675 
16661 5400 4882 8874 
16662 8667 5352 8676 
16663 5354 5355 8675 
16664 5400 8874 8877 
16665 5340 7296 8677 
16666 4012 8078 8671 
16667 472 473 8680 
16668 4079 4080 8679 
16669 7925 8598 8711 
16670 5340 8677 8678 
16671 2718 2977 8684 
16672 7089 8383 8819 
16673 7729 2895 8896 
16674 5352 7984 8676 
16675 468 469 8682 
16676 8671 8078 8685 
16677 8686 5366 8692 
16678 8397 4766 8637 
16679 4815 5777 8681 
16680 6536 6533 8684 
16681 8598 4817 8711 
16682 7988 5340 8678 
16683 4818 4263 8683 
16684 4849 4809 8686 
16685 5306 5820 8869 
16686 5366 4824 8697 
16687 4898 8820 8925 
16688 8646 6733 8688 
16689 4818 8683 8687 
16690 607 603 8689 
16691 8713 5371 8796 
16692 4820 4818 8687 
16693 5075 8354 8810 
16694 8877 1584 8879 
16695 2914 1042 8690 
16696 599 961 8692 
16697 6692 6694 8693 
16698 8279 5354 8670 
16699 8823 4885 8892 
16700 5383 8780 8783 
16701 610 606 8695 
16702 8078 5300 8685 
16703 6810 5389 8853 
16704 614 610 8698 
16705 7819 5621 8863 
16706 4884 7312 8884 
16707 1403 1422 8696 
16708 610 8695 8698 
16709 4929 8844 8951 
16710 2179 8689 8697 
16711 5373 5372 8772 
16712 2895 7779 8902 
16713 8010 8656 8708 
16714 4828 5699 8699 
16715 602 598 8700 
16716 3249 8971 8974 
16717 8902 7779 8905 
16718 4885 4884 8889 
16719 6396 6398 8878 
16720 4838 6697 8703 
16721 4885 8889 8892 
16722 7072 4948 8834 
16723 8931 4943 8940 
16724 6804 3532 8858 
16725 8679 6362 8776 
16726 7062 8088 8691 
16727 8905 1209 8910 
16728 7485 2179 8702 
16729 8622 5300 8624 
16730 594 590 8704 
16731 1202 5708 9013 
16732 6398 6432 8930 
16733 8595 4065 8600 
16734 4884 8884 8889 
16735 590 586 8705 
16736 8704 590 8705 
16737 4843 5100 8706 
16738 578 6804 8707 
16739 6842 8736 8920 
16740 9000 4182 9038 
16741 5849 5850 8717 
16742 6432 6433 8929 
16743 8947 4933 8949 
16744 7779 1209 8905 
16745 566 564 8709 
16746 4826 8318 8791 
16747 8651 2350 8760 
16748 8662 4073 8669 
16749 1176 1174 8828 
16750 4437 8354 8797 
16751 5830 8534 8825 
16752 4866 5639 8827 
16753 5375 5373 8779 
16754 4876 6810 8831 
16755 5070 5693 8710 
16756 8160 6903 8701 
16757 8701 6903 8749 
16758 6075 6888 8715 
16759 2734 7220 8823 
16760 1057 1055 8713 
16761 8018 4826 8791 
16762 6888 6889 8715 
16763 8710 5693 8714 
16764 5249 7937 8712 
16765 6432 8929 8930 
16766 6433 6435 8935 
16767 7349 2838 8798 
16768 8824 7246 8847 
16769 8642 1023 8757 
16770 7113 8702 8712 
16771 4057 7925 8711 
16772 8929 6433 8935 
16773 7835 8908 8910 
16774 4817 4532 8716 
16775 5373 8772 8779 
16776 7118 680 8829 
16777 7607 8010 8708 
16778 4572 4885 8830 
16779 680 658 8829 
16780 8963 7167 8966 
16781 1209 7835 8910 
16782 4536 4870 9040 
16783 5784 5363 8718 
16784 8967 3383 8970 
16785 4967 8651 8760 
16786 5375 8779 8789 
16787 5218 8720 8843 
16788 5377 5375 8789 
16789 6435 6437 8937 
16790 5383 8783 8785 
16791 7926 8719 8734 
16792 4790 8590 8591 
16793 7053 3231 8720 
16794 3231 6996 8898 
16795 8674 4815 8681 
16796 8654 7982 8874 
16797 4855 8764 8767 
16798 4782 8749 8753 
16799 7926 2935 8719 
16800 1609 8725 8730 
16801 8935 6435 8937 
16802 1303 1327 8722 
16803 4780 4915 8852 
16804 5266 7721 8721 
16805 5072 6719 8980 
16806 3748 3750 9028 
16807 7048 7113 8725 
16808 1610 8602 8623 
16809 7835 2987 8908 
16810 6437 6439 8939 
16811 8895 4777 8897 
16812 8916 1392 8918 
16813 2060 1999 8723 
16814 8937 6437 8939 
16815 8434 5062 8764 
16816 539 538 8727 
16817 535 534 8728 
16818 2987 7757 8726 
16819 5067 5209 8927 
16820 531 530 8729 
16821 7958 3737 8724 
16822 4860 5066 8933 
16823 5402 4862 8731 
16824 4827 4825 8730 
16825 3145 7768 8785 
16826 6105 4760 8732 
16827 4947 5403 8837 
16828 519 518 8733 
16829 550 547 8736 
16830 543 542 8735 
16831 6020 5401 8926 
16832 554 551 8737 
16833 4771 6842 8920 
16834 4858 5071 8983 
16835 558 555 8738 
16836 6324 4758 8740 
16837 8816 3881 8818 
16838 4079 8679 8776 
16839 3096 8534 8817 
16840 6718 6721 8978 
16841 8708 2060 8723 
16842 6031 5402 8950 
16843 4571 4573 8836 
16844 5378 8556 8811 
16845 5526 5377 8756 
16846 654 1609 8741 
16847 562 559 8742 
16848 2984 7678 8836 
16849 5365 8734 8744 
16850 5365 7926 8734 
16851 7768 6633 8739 
16852 6377 6322 8743 
16853 8556 4202 8811 
16854 7378 7377 8856 
16855 7026 2329 8899 
16856 5364 5365 8744 
16857 4937 5404 8839 
16858 4570 3244 8745 
16859 5859 5858 8746 
16860 5364 8744 8747 
16861 5055 5056 8748 
16862 5782 5364 8747 
16863 5392 8724 8841 
16864 8751 5448 8756 
16865 6903 6900 8749 
16866 6998 3005 8841 
16867 6957 3727 8750 
16868 8904 6414 8906 
16869 8652 6757 8666 
16870 6192 4746 8752 
16871 5739 2971 9014 
16872 8742 558 8978 
16873 7247 2816 8847 
16874 4082 4782 8753 
16875 4914 5266 8843 
16876 5407 4865 8754 
16877 4927 5405 8844 
16878 6166 3907 9008 
16879 491 490 8755 
16880 8738 554 8980 
16881 1057 8713 8796 
16882 2180 8663 8672 
16883 4855 8434 8764 
16884 460 5599 9041 
16885 6838 5386 8957 
16886 6471 4868 8758 
16887 1023 1021 8757 
16888 2293 6759 8923 
16889 8711 4817 8716 
16890 6899 6898 8759 
16891 5971 5407 9020 
16892 3532 6893 8855 
16893 8737 550 8983 
16894 5747 5749 8804 
16895 8438 4800 8832 
16896 4906 5406 8854 
16897 4969 4967 8760 
16898 8192 7336 8751 
16899 5410 4741 8761 
16900 8854 2796 8955 
16901 4184 3865 8861 
16902 6292 8438 8832 
16903 2625 7469 8934 
16904 1650 8827 8828 
16905 7175 8801 8805 
16906 5043 5044 8763 
16907 2350 2011 8762 
16908 6056 5411 8765 
16909 4570 8745 8856 
16910 6495 4736 8768 
16911 4853 4855 8767 
16912 3885 7819 8863 
16913 4877 4875 8865 
16914 6573 4869 8771 
16915 7653 2974 8766 
16916 1152 1050 8770 
16917 564 561 8866 
16918 2038 7547 8772 
16919 8745 7378 8856 
16920 7500 1862 8769 
16921 9036 5756 9037 
16922 2782 2984 8838 
16923 4850 4851 8773 
16924 5756 4735 8774 
16925 5048 7597 8870 
16926 6802 5025 9015 
16927 4029 4028 8778 
16928 4830 4857 8780 
16929 7653 8766 8777 
16930 4062 7006 8781 
16931 1324 7653 8777 
16932 2978 2719 8783 
16933 5713 8800 8860 
16934 8772 7547 8779 
16935 4573 8830 8834 
16936 7547 2892 8779 
16937 4870 9036 9040 
16938 6536 8684 8917 
16939 1868 2048 8786 
16940 8775 4606 8782 
16941 4438 5652 8784 
16942 8016 4606 8775 
16943 8779 2892 8789 
16944 6536 8917 9007 
16945 8830 7220 8834 
16946 4606 7754 8782 
16947 5384 5383 8785 
16948 2500 7306 8873 
16949 2772 2991 8840 
16950 8634 1517 8952 
16951 5357 5356 8790 
16952 7989 5357 8787 
16953 5356 5433 8792 
16954 8753 6899 8759 
16955 7966 4617 8788 
16956 961 8686 8692 
16957 8790 5356 8792 
16958 1582 1584 8877 
16959 5051 8522 8890 
16960 7312 7638 8879 
16961 3301 4102 8881 
16962 8782 7754 8794 
16963 8043 5428 8793 
16964 8689 5366 8697 
16965 3385 3384 8907 
16966 8787 5357 8790 
16967 6158 2635 8886 
16968 2892 8192 8789 
16969 3725 8795 8799 
16970 1204 1242 8886 
16971 7754 5669 8794 
16972 7446 8043 8793 
16973 2635 1230 8886 
16974 5693 8620 8714 
16975 3740 4898 8919 
16976 3061 8802 8803 
16977 1059 1057 8796 
16978 3525 7774 8888 
16979 3725 7966 8795 
16980 2188 3725 8799 
16981 4656 8092 8873 
16982 5371 4847 8800 
16983 7966 8788 8795 
16984 4882 8654 8874 
16985 8814 3330 8816 
16986 6978 4848 8802 
16987 5057 5747 8804 
16988 6728 8965 8976 
16989 8145 5306 8869 
16990 8919 4898 8925 
16991 8192 8751 8789 
16992 3812 3061 8803 
16993 7360 7339 8892 
16994 8318 6085 8791 
16995 5362 5361 8805 
16996 8796 5371 8800 
16997 941 8018 8801 
16998 7774 5385 8888 
16999 8751 5377 8789 
17000 4134 8806 8807 
17001 6439 4509 8922 
17002 6369 3740 8915 
17003 7226 4953 8806 
17004 6415 6414 8904 
17005 6996 6997 8897 
17006 8799 6978 8802 
17007 5042 7924 8882 
17008 8805 5361 8808 
17009 2762 2999 8848 
17010 2307 6369 8914 
17011 3736 4777 8895 
17012 8803 7226 8806 
17013 7636 4134 8807 
17014 8061 5042 8882 
17015 5361 5678 8808 
17016 8760 2350 8762 
17017 5637 4831 8809 
17018 4892 3739 8912 
17019 8702 5249 8712 
17020 4897 4895 8901 
17021 3532 8855 8858 
17022 8914 6369 8915 
17023 4893 8913 8914 
17024 8820 4898 8835 
17025 4888 4091 8911 
17026 4893 4890 8913 
17027 1345 1392 8916 
17028 8915 3740 8919 
17029 2756 2796 8859 
17030 8735 542 8926 
17031 7922 4596 8925 
17032 8522 3916 8890 
17033 5401 8735 8926 
17034 6237 4892 8909 
17035 2790 2778 8928 
17036 8909 4892 8911 
17037 5627 8818 8842 
17038 8780 2978 8783 
17039 4945 4943 8931 
17040 4877 8865 8867 
17041 8727 538 8927 
17042 3861 3412 8932 
17043 8725 4827 8730 
17044 5209 8727 8927 
17045 8728 534 8933 
17046 7469 5031 8934 
17047 1424 1470 8936 
17048 4908 5387 9009 
17049 5066 8728 8933 
17050 5399 8077 8903 
17051 2977 8677 8917 
17052 6287 4903 8946 
17053 5650 5077 8810 
17054 5379 5378 8811 
17055 3235 3908 8812 
17056 1480 1511 8942 
17057 2791 2768 8945 
17058 3909 4188 8813 
17059 5379 8811 8814 
17060 5381 5379 8814 
17061 6215 6216 8992 
17062 4935 4933 8947 
17063 4625 8881 8975 
17064 5402 8731 9004 
17065 6105 8732 8997 
17066 1495 1593 8944 
17067 3330 2388 8816 
17068 2241 3096 8817 
17069 5627 5626 8818 
17070 8616 4079 8776 
17071 2796 2758 8953 
17072 6324 8740 9012 
17073 5377 8751 8756 
17074 4925 4923 8955 
17075 2808 2752 8961 
17076 3385 8903 8906 
17077 1564 1767 8952 
17078 6414 3385 8906 
17079 5311 5312 8819 
17080 5028 7976 9018 
17081 6377 8743 9019 
17082 8724 6998 8841 
17083 5386 3821 8957 
17084 5395 8634 8952 
17085 4107 5394 8966 
17086 4905 4916 8964 
17087 8819 5312 8821 
17088 8720 4914 8843 
17089 5416 8989 8990 
17090 5312 5316 8821 
17091 4093 7922 8820 
17092 3386 6375 8835 
17093 6721 8742 8978 
17094 4887 8835 8921 
17095 6375 2297 8921 
17096 5859 8746 9021 
17097 6207 8792 8876 
17098 6719 8738 8980 
17099 2327 3243 8900 
17100 4785 8383 8815 
17101 7936 5408 8971 
17102 6489 9002 9003 
17103 5055 8748 9025 
17104 6411 6410 8993 
17105 7965 5409 8970 
17106 6537 6536 9007 
17107 4897 8901 8904 
17108 1386 8831 8853 
17109 8900 3243 8901 
17110 8839 2991 8941 
17111 6228 4900 8996 
17112 5071 8737 8983 
17113 4880 3070 8981 
17114 2297 2294 8924 
17115 6192 8752 9026 
17116 8435 4802 8871 
17117 8921 2297 8924 
17118 4247 4246 8987 
17119 5407 8754 9027 
17120 1796 7679 8986 
17121 4188 5758 8833 
17122 6996 8897 8898 
17123 6471 8758 9029 
17124 7312 8879 8884 
17125 6413 6412 8995 
17126 7609 2857 8989 
17127 4885 8823 8830 
17128 3413 3100 8996 
17129 5412 8883 8982 
17130 8821 5316 8822 
17131 6397 6400 8938 
17132 454 2360 3040 
17133 3754 4223 8994 
17134 8233 5415 8965 
17135 7339 2734 8823 
17136 530 527 8997 
17137 5410 8761 9031 
17138 6491 6487 9003 
17139 7276 4223 8998 
17140 4223 3756 8998 
17141 5043 8763 9033 
17142 455 456 457 
17143 8844 2999 8951 
17144 5316 8314 8822 
17145 5421 4181 8999 
17146 5626 8816 8818 
17147 526 523 9004 
17148 3355 4074 9002 
17149 6056 8765 9032 
17150 6411 8994 8995 
17151 6495 8768 9034 
17152 1346 1433 9006 
17153 6573 8771 9035 
17154 8800 4847 8860 
17155 2816 8845 8847 
17156 5660 5661 8825 
17157 5708 6911 9013 
17158 8918 7444 8922 
17159 1392 7444 8918 
17160 5756 8774 9037 
17161 8826 4867 8827 
17162 4919 5739 9013 
17163 4867 4866 8827 
17164 5878 5877 9009 
17165 1233 1321 9010 
17166 8801 5362 8805 
17167 8724 3737 8895 
17168 6998 8724 8895 
17169 1174 1650 8828 
17170 8822 8314 8826 
17171 8873 6537 9007 
17172 518 515 9012 
17173 658 1723 8829 
17174 2971 988 9014 
17175 5025 7490 9015 
17176 1151 1202 9014 
17177 2780 2782 8838 
17178 8823 7220 8830 
17179 8640 1493 8944 
17180 8722 1327 8916 
17181 8314 4867 8826 
17182 8653 1451 8942 
17183 4573 4572 8830 
17184 7579 5368 8883 
17185 6761 8722 8916 
17186 5393 8640 8944 
17187 8986 4880 9008 
17188 6272 8653 8942 
17189 4701 8296 9001 
17190 514 511 9019 
17191 6490 4701 9001 
17192 8696 1422 8936 
17193 6215 8986 9008 
17194 7340 7801 9017 
17195 5181 6272 8943 
17196 510 507 9021 
17197 1386 8709 8831 
17198 6400 8696 8936 
17199 1494 1492 9023 
17200 4900 3757 9000 
17201 2770 2772 8840 
17202 6439 8922 8939 
17203 5840 4697 9022 
17204 5412 7579 8883 
17205 4800 5632 8832 
17206 7976 4694 9018 
17207 7220 7072 8834 
17208 8512 4029 8824 
17209 2760 2762 8848 
17210 1496 1494 9024 
17211 2754 2756 8859 
17212 4887 8820 8835 
17213 7678 4571 8836 
17214 5718 4947 8837 
17215 5389 5388 8855 
17216 8837 5403 8838 
17217 4697 5975 9022 
17218 4943 4941 8940 
17219 2790 8928 8931 
17220 4029 8778 8824 
17221 4941 4939 8941 
17222 8940 4941 8941 
17223 5400 8877 8879 
17224 4939 4937 8839 
17225 506 503 9025 
17226 8839 5404 8840 
17227 502 499 9026 
17228 2754 8859 8961 
17229 2780 8838 8928 
17230 2791 8945 8947 
17231 8949 4931 8951 
17232 4982 8979 9039 
17233 498 495 9027 
17234 4933 4931 8949 
17235 8881 5368 8975 
17236 7200 5627 8842 
17237 3005 7026 8841 
17238 4931 4929 8951 
17239 2984 8837 8838 
17240 2803 2801 8963 
17241 2760 8848 8953 
17242 4929 4927 8844 
17243 4871 4872 8845 
17244 7234 4871 8846 
17245 7246 7247 8847 
17246 4871 8845 8846 
17247 8813 4188 8833 
17248 8844 5405 8848 
17249 4873 7234 8849 
17250 7234 8846 8849 
17251 4873 8849 8850 
17252 7167 2797 8967 
17253 7218 4873 8850 
17254 2770 8840 8945 
17255 5393 8944 8946 
17256 8732 530 8997 
17257 2796 8953 8955 
17258 7218 8850 8851 
17259 6893 1386 8853 
17260 4874 7218 8851 
17261 1331 8722 8852 
17262 4874 8851 8857 
17263 490 487 9029 
17264 4923 4906 8854 
17265 2991 8839 8840 
17266 5395 8952 8954 
17267 5388 5666 8858 
17268 8731 526 9004 
17269 7253 4874 8857 
17270 8854 5406 8859 
17271 1431 8878 8930 
17272 4847 5640 8860 
17273 5622 4184 8861 
17274 486 483 9031 
17275 2808 8961 8964 
17276 8726 4570 8856 
17277 7253 8857 8862 
17278 4879 7253 8862 
17279 8838 5403 8928 
17280 8883 4102 8982 
17281 5608 3885 8863 
17282 2786 2784 8974 
17283 6998 8895 8897 
17284 482 479 9032 
17285 4879 8862 8864 
17286 6607 2808 8969 
17287 7203 4879 8864 
17288 6287 8946 8948 
17289 2790 8931 8940 
17290 8740 518 9012 
17291 4875 5390 8865 
17292 561 562 8866 
17293 6761 8916 8918 
17294 6646 6607 8969 
17295 7203 8864 8868 
17296 478 475 9033 
17297 4881 7203 8868 
17298 5050 5048 8870 
17299 2329 2327 8900 
17300 8840 5404 8945 
17301 4881 8868 8872 
17302 474 471 9034 
17303 8743 514 9019 
17304 2784 3249 8974 
17305 8859 5406 8961 
17306 5033 8145 8869 
17307 4802 7469 8871 
17308 7264 4881 8872 
17309 8848 5405 8953 
17310 470 467 9035 
17311 2791 8947 8949 
17312 2999 8844 8848 
17313 8746 510 9021 
17314 466 463 9037 
17315 4897 8904 8906 
17316 8092 2500 8873 
17317 7264 8872 8875 
17318 1767 8021 8954 
17319 8874 1743 8877 
17320 4883 7264 8875 
17321 8954 8021 8975 
17322 1743 1582 8877 
17323 2797 3383 8967 
17324 7982 1743 8874 
17325 4883 8875 8880 
17326 1431 8696 8878 
17327 2801 7167 8963 
17328 7638 5400 8879 
17329 8855 5388 8858 
17330 7213 4883 8880 
17331 2294 2293 8924 
17332 4625 3301 8881 
17333 8021 4625 8975 
17334 8881 4102 8883 
17335 5421 9000 9038 
17336 2796 8854 8859 
17337 7213 8880 8885 
17338 1584 7281 8884 
17339 1230 1204 8886 
17340 4886 7213 8885 
17341 4102 7414 8982 
17342 4918 5181 8943 
17343 4886 8885 8891 
17344 5385 5609 8888 
17345 1470 8653 8887 
17346 8884 7281 8889 
17347 7281 2667 8889 
17348 7414 5552 8984 
17349 6649 3173 8985 
17350 8889 2667 8892 
17351 3916 8344 8890 
17352 7059 4886 8891 
17353 8982 7414 8984 
17354 2667 7360 8892 
17355 3384 6237 8909 
17356 8748 506 9025 
17357 7059 8891 8893 
17358 8865 562 8867 
17359 4899 7059 8893 
17360 1511 8640 8894 
17361 4899 8893 8896 
17362 6778 4899 8896 
17363 6778 8896 8902 
17364 3737 3736 8895 
17365 8752 502 9026 
17366 6997 6998 8897 
17367 5391 5392 8899 
17368 6401 6397 8938 
17369 4777 4914 8898 
17370 5266 8721 8843 
17371 5387 5708 9011 
17372 5391 8900 8901 
17373 4895 5391 8901 
17374 3243 6415 8904 
17375 8903 4917 8906 
17376 4901 6778 8902 
17377 6572 8905 8910 
17378 6572 4901 8905 
17379 8754 498 9027 
17380 4917 4897 8906 
17381 4901 8902 8905 
17382 5398 5399 8907 
17383 3173 8977 8985 
17384 8077 4917 8903 
17385 8908 4902 8910 
17386 4902 6572 8910 
17387 5088 4902 8908 
17388 6320 2307 8914 
17389 3739 6320 8913 
17390 4091 5398 8911 
17391 5398 8909 8911 
17392 4890 4888 8912 
17393 8913 6320 8914 
17394 4893 8914 8915 
17395 1327 1345 8916 
17396 6760 6761 8918 
17397 6760 8918 8922 
17398 3172 6728 8976 
17399 5397 5396 8923 
17400 546 8735 8920 
17401 4509 6760 8922 
17402 5396 4887 8921 
17403 5396 8921 8924 
17404 4596 4894 8925 
17405 8144 4893 8915 
17406 3173 3172 8977 
17407 3172 8976 8977 
17408 4894 8919 8925 
17409 4894 8144 8919 
17410 542 8727 8926 
17411 522 8950 9004 
17412 8144 8915 8919 
17413 8758 490 9029 
17414 8761 486 9031 
17415 562 8742 8867 
17416 8765 482 9032 
17417 538 8728 8927 
17418 2778 2780 8928 
17419 8845 4872 8847 
17420 2988 7439 8929 
17421 7439 1431 8930 
17422 5403 4945 8931 
17423 3412 3860 8932 
17424 5031 5851 8934 
17425 8929 7439 8930 
17426 534 8729 8933 
17427 2988 8929 8935 
17428 1422 1424 8936 
17429 7554 2988 8935 
17430 1404 7554 8937 
17431 1404 8937 8939 
17432 7554 8935 8937 
17433 7224 2790 8940 
17434 7444 1404 8939 
17435 8879 1584 8884 
17436 8763 478 9033 
17437 7224 8940 8941 
17438 2991 7224 8941 
17439 8901 3243 8904 
17440 8768 474 9034 
17441 1451 1480 8942 
17442 2768 2770 8945 
17443 1493 1495 8944 
17444 8771 470 9035 
17445 4903 5393 8946 
17446 8897 4777 8898 
17447 5404 4935 8947 
17448 8774 466 9037 
17449 6919 2791 8949 
17450 6919 8949 8951 
17451 522 8733 8950 
17452 8981 6166 9008 
17453 2999 6919 8951 
17454 8792 5433 8876 
17455 1517 1564 8952 
17456 2758 2760 8953 
17457 4904 5395 8954 
17458 457 460 9041 
17459 5405 4925 8955 
17460 4920 8956 8959 
17461 5368 8881 8883 
17462 3821 5003 8957 
17463 4910 4920 8959 
17464 2752 2754 8961 
17465 4904 8954 8975 
17466 4911 4910 8960 
17467 5406 4905 8964 
17468 4910 8959 8960 
17469 5409 4107 8966 
17470 4920 7860 8956 
17471 5394 7908 8958 
17472 4916 7419 8968 
17473 4921 8970 8972 
17474 7908 4911 8962 
17475 4909 4921 8972 
17476 5408 4909 8973 
17477 4911 8960 8962 
17478 8968 7419 8971 
17479 8958 7908 8962 
17480 4909 8972 8973 
17481 8853 5389 8855 
17482 5415 5414 8976 
17483 5368 4904 8975 
17484 7419 7936 8971 
17485 4921 7965 8970 
17486 8956 7860 8965 
17487 5414 7316 8977 
17488 8976 5414 8977 
17489 8677 7296 8917 
17490 8986 6215 8992 
17491 8917 7296 9007 
17492 5531 4878 8979 
17493 4247 8987 8988 
17494 7860 8233 8965 
17495 6411 8993 8994 
17496 4878 6166 9039 
17497 3070 3807 8981 
17498 5417 5416 8990 
17499 5413 5412 8982 
17500 8977 7316 8985 
17501 562 8865 8866 
17502 8865 5390 8866 
17503 5413 8982 8984 
17504 5419 5417 8991 
17505 3907 6215 9008 
17506 8922 7444 8939 
17507 7541 5413 8984 
17508 5417 8990 8991 
17509 3757 4182 9000 
17510 7316 4913 8985 
17511 5877 4908 9009 
17512 7679 4880 8986 
17513 4246 6649 8987 
17514 4913 4912 8988 
17515 8988 4912 8989 
17516 4912 7609 8989 
17517 2857 7651 8990 
17518 6410 5419 8993 
17519 7651 3755 8991 
17520 8990 7651 8991 
17521 6893 8853 8855 
17522 1593 8634 8948 
17523 1796 8986 8992 
17524 9016 3748 9028 
17525 3755 3754 8994 
17526 6412 6411 8995 
17527 3100 6228 8996 
17528 527 526 8997 
17529 3756 4701 8998 
17530 4181 5636 8999 
17531 8985 4913 8987 
17532 6649 8985 8987 
17533 494 9020 9027 
17534 8928 5403 8931 
17535 5421 8999 9000 
17536 9001 3701 9002 
17537 3701 3355 9002 
17538 6487 6489 9003 
17539 523 522 9004 
17540 8991 3755 8993 
17541 5419 8991 8993 
17542 4182 5878 9038 
17543 1433 7878 9006 
17544 8296 3701 9001 
17545 7296 4656 9007 
17546 4880 8981 9008 
17547 1321 1405 9010 
17548 8945 5404 8947 
17549 1233 9010 9011 
17550 6911 4919 9013 
17551 9022 2428 9024 
17552 515 514 9012 
17553 988 1151 9014 
17554 8999 4900 9000 
17555 7490 2971 9015 
17556 558 8738 8978 
17557 554 8737 8980 
17558 5766 5765 9016 
17559 5975 2428 9022 
17560 3750 4195 9028 
17561 8899 2329 8900 
17562 4694 5797 9018 
17563 7801 5766 9017 
17564 550 8736 8983 
17565 511 510 9019 
17566 8958 2803 8963 
17567 494 8755 9020 
17568 8953 5405 8955 
17569 8966 7167 8967 
17570 507 506 9021 
17571 8946 1593 8948 
17572 8961 5406 8964 
17573 8973 2786 8974 
17574 1492 1742 9023 
17575 8894 4918 8943 
17576 2293 8923 8924 
17577 8968 6646 8969 
17578 8887 6401 8938 
17579 2428 1496 9024 
17580 8907 3384 8909 
17581 5391 8899 8900 
17582 9017 5766 9028 
17583 4195 9017 9028 
17584 1742 6491 9030 
17585 5398 8907 8909 
17586 4890 8912 8913 
17587 8912 3739 8913 
17588 8923 5396 8924 
17589 503 502 9025 
17590 1470 8887 8938 
17591 499 498 9026 
17592 8981 3807 9039 
17593 6166 8981 9039 
17594 495 494 9027 
17595 9006 7878 9038 
17596 1511 8894 8943 
17597 5878 9006 9038 
17598 9010 5387 9011 
17599 487 486 9029 
17600 483 482 9031 
17601 479 478 9032 
17602 462 5945 9036 
17603 5394 8958 8963 
17604 9023 1742 9030 
17605 5409 8966 8967 
17606 4916 8968 8969 
17607 5408 8973 8974 
17608 475 474 9033 
17609 471 470 9034 
17610 467 466 9035 
17611 462 9036 9037 
17612 8987 4913 8988 
17613 463 462 9037 
17614 7878 5421 9038 
17615 8993 3755 8994 
17616 9036 5945 9040 
17617 3807 4982 9039 
17618 6491 9005 9030 
17619 5766 9016 9028 
17620 5945 5420 9040 
17621 9005 5841 9030 
17622 5881 1446 9054 
17623 4109 9048 9051 
17624 454 455 2360 
17625 455 453 456 
17626 455 457 9041 
17627 8932 3860 9042 
17628 5594 4164 9045 
17629 9046 5423 9048 
17630 3860 5021 9042 
17631 6528 7003 9044 
17632 4949 9047 9049 
17633 5423 5424 9051 
17634 9042 5021 9043 
17635 4164 4163 9045 
17636 7012 3047 9046 
17637 454 453 455 
17638 5021 5592 9043 
17639 3047 3045 9046 
17640 3048 5423 9046 
17641 7019 1603 9047 
17642 7003 4110 9044 
17643 4109 7011 9048 
17644 5424 7356 9049 
17645 4949 4108 9050 
17646 7012 9046 9048 
17647 4163 5534 9045 
17648 6528 9044 9049 
17649 1446 1379 9052 
17650 5597 9052 9056 
17651 9044 5424 9049 
17652 3045 3048 9046 
17653 9044 4110 9051 
17654 5424 9044 9051 
17655 1603 6528 9047 
17656 5588 5597 9055 
17657 9047 4949 9050 
17658 7011 7012 9048 
17659 7019 9047 9050 
17660 1445 1485 9056 
17661 7356 4949 9049 
17662 4108 5023 9050 
17663 5597 5596 9054 
17664 4110 4109 9051 
17665 1573 7019 9053 
17666 1573 9053 9055 
17667 7019 9050 9053 
17668 9050 5023 9053 
17669 452 453 454 
17670 9055 5597 9056 
17671 1379 1445 9052 
17672 5023 5586 9053 
17673 1446 9052 9054 
17674 9053 5586 9055 
17675 5586 5588 9055 
17676 9052 5597 9054 
17677 1485 1573 9056 
17678 1573 9055 9056 
17679 2359 450 4958 
17680 452 451 453 
17681 451 2359 5584 
17682 3886 8641 9058 
17683 5600 5583 9057 
17684 3859 3886 9057 
17685 5583 4950 9057 
17686 4863 5600 9058 
17687 5420 4863 9058 
17688 449 451 452 
17689 451 450 2359 
17690 4950 3859 9057 
17691 8641 5420 9058 
17692 449 450 451 
17693 447 449 5582 
17694 449 448 450 
17695 104 388 9066 
17696 103 104 9066 
17697 6643 4170 9059 
17698 351 6089 9397 
17699 447 448 449 
17700 9108 9237 9279 
17701 5475 4442 9061 
17702 6390 6392 9061 
17703 7808 4602 9062 
17704 9059 4991 9060 
17705 6155 431 9178 
17706 439 446 9153 
17707 9132 9220 9229 
17708 4170 4991 9059 
17709 6071 5231 9063 
17710 7134 5455 9063 
17711 4442 6390 9061 
17712 432 9133 9300 
17713 4602 5432 9062 
17714 7941 5568 9350 
17715 9134 9319 9368 
17716 9086 9243 9337 
17717 5580 4958 9065 
17718 332 303 9068 
17719 303 304 9068 
17720 393 6807 9277 
17721 6349 6350 9064 
17722 447 330 448 
17723 5231 7134 9063 
17724 7683 4984 9067 
17725 5476 9280 9402 
17726 4586 7624 9069 
17727 5581 5580 9065 
17728 5196 7928 9071 
17729 6807 393 9324 
17730 5522 4989 9077 
17731 8593 5459 9077 
17732 7310 8034 9079 
17733 6521 6450 9081 
17734 420 5576 9078 
17735 438 5911 9232 
17736 4984 8359 9067 
17737 5449 7115 9082 
17738 5526 8756 9082 
17739 384 262 9074 
17740 262 263 9074 
17741 5019 4586 9069 
17742 5571 407 9099 
17743 448 330 9096 
17744 9065 4958 9145 
17745 335 97 9075 
17746 97 98 9075 
17747 5468 5196 9071 
17748 444 9291 9319 
17749 7311 9079 9080 
17750 6928 6930 9142 
17751 6392 6391 9142 
17752 433 9065 9145 
17753 450 448 9145 
17754 415 6174 9283 
17755 5515 5516 9146 
17756 8439 8440 9146 
17757 4951 6178 9147 
17758 8463 5529 9148 
17759 7799 7311 9149 
17760 5006 9126 9234 
17761 446 330 447 
17762 5020 4985 9076 
17763 5551 5549 9202 
17764 4989 8593 9077 
17765 447 5582 9153 
17766 431 6154 9312 
17767 343 5551 9181 
17768 366 9132 9229 
17769 7311 7310 9079 
17770 6450 6451 9081 
17771 5460 4954 9154 
17772 8466 8467 9154 
17773 8756 5449 9082 
17774 401 9150 9267 
17775 363 6588 9306 
17776 74 8475 9374 
17777 6303 6304 9157 
17778 5534 4961 9157 
17779 144 145 446 
17780 301 302 9088 
17781 439 144 446 
17782 2 4 9092 
17783 145 330 446 
17784 163 164 9083 
17785 105 106 9087 
17786 385 163 9083 
17787 152 382 9085 
17788 151 152 9085 
17789 164 325 9083 
17790 260 261 9093 
17791 215 216 9102 
17792 158 159 9084 
17793 238 239 9112 
17794 437 80 9086 
17795 106 326 9087 
17796 81 381 9086 
17797 388 105 9087 
17798 216 387 9102 
17799 76 77 9091 
17800 21 22 9106 
17801 261 384 9093 
17802 361 2 9092 
17803 65 409 9095 
17804 4 386 9092 
17805 117 118 9124 
17806 419 158 9084 
17807 364 151 9085 
17808 166 167 9098 
17809 397 183 9094 
17810 239 367 9112 
17811 112 113 9097 
17812 77 349 9091 
17813 257 258 9110 
17814 237 400 9117 
17815 399 76 9091 
17816 440 11 9104 
17817 56 57 9099 
17818 217 218 9114 
17819 383 301 9088 
17820 284 285 9113 
17821 302 332 9088 
17822 319 284 9113 
17823 315 316 9089 
17824 42 362 9107 
17825 184 328 9094 
17826 438 286 9100 
17827 270 271 9105 
17828 57 341 9099 
17829 379 270 9105 
17830 424 212 9103 
17831 282 283 9119 
17832 277 278 9129 
17833 287 380 9100 
17834 272 273 9121 
17835 345 215 9102 
17836 80 81 9086 
17837 334 117 9124 
17838 371 260 9093 
17839 330 146 9096 
17840 396 193 9101 
17841 41 42 9107 
17842 12 377 9104 
17843 113 392 9097 
17844 271 423 9105 
17845 283 319 9119 
17846 183 184 9094 
17847 273 347 9121 
17848 167 415 9098 
17849 265 266 9118 
17850 346 137 9111 
17851 138 418 9111 
17852 407 56 9099 
17853 325 165 9115 
17854 414 315 9089 
17855 223 224 9109 
17856 400 238 9112 
17857 428 296 9108 
17858 410 41 9107 
17859 194 340 9101 
17860 193 194 9101 
17861 114 115 9120 
17862 137 138 9111 
17863 11 12 9104 
17864 297 359 9108 
17865 64 65 9095 
17866 285 438 9113 
17867 423 272 9121 
17868 331 265 9118 
17869 16 17 9133 
17870 60 443 9116 
17871 212 213 9103 
17872 224 329 9109 
17873 408 223 9109 
17874 413 282 9119 
17875 22 360 9106 
17876 156 157 9122 
17877 147 433 9096 
17878 337 156 9122 
17879 405 277 9129 
17880 406 21 9106 
17881 52 365 9126 
17882 236 237 9117 
17883 363 112 9097 
17884 157 419 9122 
17885 255 256 9136 
17886 23 24 9127 
17887 266 411 9118 
17888 146 147 9096 
17889 118 402 9124 
17890 432 16 9133 
17891 24 441 9127 
17892 326 107 9123 
17893 392 114 9120 
17894 286 287 9100 
17895 165 166 9115 
17896 296 297 9108 
17897 360 23 9127 
17898 329 225 9128 
17899 107 108 9123 
17900 59 60 9116 
17901 108 426 9123 
17902 278 354 9129 
17903 63 64 9125 
17904 226 445 9128 
17905 246 444 9134 
17906 245 246 9134 
17907 372 63 9125 
17908 430 257 9110 
17909 17 339 9133 
17910 204 321 9131 
17911 203 204 9131 
17912 250 251 9132 
17913 435 203 9131 
17914 322 245 9134 
17915 225 226 9128 
17916 256 430 9136 
17917 51 52 9126 
17918 374 180 9130 
17919 274 275 9137 
17920 338 255 9136 
17921 366 250 9132 
17922 180 181 9130 
17923 72 376 9135 
17924 125 126 9139 
17925 71 72 9135 
17926 347 274 9137 
17927 251 427 9132 
17928 387 217 9114 
17929 127 128 9140 
17930 33 34 9138 
17931 412 125 9139 
17932 358 33 9138 
17933 128 401 9140 
17934 126 318 9139 
17935 318 127 9140 
17936 9064 6350 9196 
17937 211 424 9141 
17938 369 210 9141 
17939 405 9129 9147 
17940 5573 9138 9151 
17941 210 211 9141 
17942 4964 9207 9315 
17943 5525 5002 9162 
17944 7130 5478 9162 
17945 171 5557 9259 
17946 9081 6451 9241 
17947 5846 9144 9355 
17948 5467 5443 9269 
17949 304 305 9143 
17950 120 121 9144 
17951 5474 4962 9165 
17952 5471 6296 9166 
17953 5581 9065 9170 
17954 9076 439 9153 
17955 5020 9076 9153 
17956 9069 369 9141 
17957 6391 6928 9142 
17958 129 130 9150 
17959 305 417 9143 
17960 35 404 9151 
17961 323 9197 9206 
17962 381 82 9152 
17963 83 422 9152 
17964 9071 7928 9185 
17965 5986 5973 9172 
17966 9159 7464 9164 
17967 121 350 9144 
17968 6566 6232 9173 
17969 322 9134 9368 
17970 9126 365 9234 
17971 353 7748 9353 
17972 4997 4999 9174 
17973 9097 6586 9356 
17974 9068 304 9143 
17975 10 440 9155 
17976 340 5559 9318 
17977 334 5561 9317 
17978 4958 450 9145 
17979 4973 7864 9176 
17980 443 8236 9194 
17981 321 205 9156 
17982 7682 7683 9394 
17983 7446 422 9347 
17984 231 232 9158 
17985 5516 8439 9146 
17986 166 9098 9115 
17987 64 9095 9125 
17988 6239 4951 9147 
17989 7943 8463 9148 
17990 9241 6451 9270 
17991 323 9078 9197 
17992 7683 9116 9394 
17993 5528 4994 9179 
17994 4993 5537 9179 
17995 9134 444 9319 
17996 241 242 9159 
17997 14 15 9160 
17998 396 9101 9338 
17999 311 312 9161 
18000 401 129 9150 
18001 34 35 9151 
18002 399 9071 9185 
18003 7929 8475 9185 
18004 5559 340 9298 
18005 5551 9202 9214 
18006 7311 9080 9149 
18007 5443 5444 9187 
18008 82 83 9152 
18009 133 395 9163 
18010 351 132 9163 
18011 5884 5008 9188 
18012 7520 7521 9188 
18013 240 241 9164 
18014 6207 8876 9189 
18015 5479 5435 9189 
18016 9138 5573 9195 
18017 8475 74 9303 
18018 5582 5020 9153 
18019 300 383 9167 
18020 4954 8466 9154 
18021 116 334 9168 
18022 9 10 9155 
18023 380 288 9169 
18024 289 389 9169 
18025 6074 6075 9191 
18026 433 148 9170 
18027 396 9338 9377 
18028 9138 34 9151 
18029 176 177 9171 
18030 4977 7682 9194 
18031 8236 8235 9194 
18032 6156 413 9327 
18033 5537 5536 9248 
18034 143 439 9175 
18035 378 142 9175 
18036 205 206 9156 
18037 79 437 9177 
18038 349 78 9177 
18039 431 50 9178 
18040 9065 433 9170 
18041 5576 4972 9197 
18042 435 9131 9388 
18043 9080 186 9382 
18044 5573 7724 9195 
18045 5577 5579 9207 
18046 4961 6303 9157 
18047 5549 4618 9202 
18048 7834 4121 9202 
18049 232 398 9158 
18050 99 390 9180 
18051 429 173 9181 
18052 174 343 9181 
18053 4982 6309 9205 
18054 134 135 9182 
18055 4979 5477 9206 
18056 6281 9246 9392 
18057 276 405 9183 
18058 4968 5577 9207 
18059 4964 4965 9207 
18060 219 373 9184 
18061 4986 4987 9208 
18062 337 9122 9205 
18063 259 371 9186 
18064 242 425 9159 
18065 15 432 9160 
18066 54 5570 9336 
18067 6240 6239 9210 
18068 5929 5927 9210 
18069 312 336 9161 
18070 5569 5571 9223 
18071 434 46 9190 
18072 47 320 9190 
18073 5002 7130 9162 
18074 6521 9081 9229 
18075 439 9076 9175 
18076 9220 427 9231 
18077 8359 4776 9211 
18078 9120 115 9168 
18079 6 7 9192 
18080 9188 7521 9366 
18081 307 357 9193 
18082 417 306 9193 
18083 4985 4997 9213 
18084 9078 5576 9197 
18085 5911 9100 9386 
18086 8467 327 9256 
18087 4987 9090 9208 
18088 5581 9170 9204 
18089 132 133 9163 
18090 9144 350 9355 
18091 367 240 9164 
18092 5552 5550 9171 
18093 9132 427 9220 
18094 51 9126 9178 
18095 359 298 9198 
18096 190 191 9199 
18097 162 385 9201 
18098 5425 5557 9222 
18099 253 254 9203 
18100 150 364 9204 
18101 4169 5569 9223 
18102 4776 3814 9223 
18103 4991 5986 9224 
18104 9182 135 9240 
18105 4962 4964 9165 
18106 9123 426 9173 
18107 9075 98 9180 
18108 6296 5010 9166 
18109 6807 6806 9225 
18110 5003 5525 9225 
18111 299 300 9167 
18112 7521 5473 9215 
18113 5534 9111 9401 
18114 4992 5518 9227 
18115 115 116 9168 
18116 333 7841 9226 
18117 9137 275 9183 
18118 9114 218 9184 
18119 9081 366 9229 
18120 9083 325 9191 
18121 5567 5566 9230 
18122 6384 6382 9230 
18123 288 289 9169 
18124 90 91 9209 
18125 148 149 9170 
18126 6606 6604 9231 
18127 9110 258 9186 
18128 5911 5442 9232 
18129 7864 5005 9234 
18130 177 436 9171 
18131 6931 6932 9237 
18132 324 8228 9252 
18133 5973 5974 9172 
18134 6569 6566 9173 
18135 39 40 9212 
18136 6018 5007 9238 
18137 6010 6255 9239 
18138 7818 372 9271 
18139 5452 9130 9218 
18140 4999 5595 9174 
18141 142 143 9175 
18142 122 123 9215 
18143 25 26 9216 
18144 314 414 9217 
18145 336 313 9217 
18146 7799 9149 9308 
18147 8793 5428 9243 
18148 6606 9231 9245 
18149 6154 6153 9244 
18150 5009 5522 9244 
18151 352 6963 9357 
18152 182 397 9218 
18153 93 94 9219 
18154 327 8467 9349 
18155 5570 4973 9176 
18156 5529 5528 9274 
18157 416 188 9221 
18158 189 356 9221 
18159 78 79 9177 
18160 8228 8227 9252 
18161 5011 5434 9252 
18162 50 51 9178 
18163 7954 5461 9253 
18164 5469 5470 9196 
18165 9133 339 9330 
18166 9246 377 9392 
18167 409 66 9226 
18168 67 333 9226 
18169 6605 6606 9262 
18170 5017 5538 9264 
18171 6017 6018 9278 
18172 9082 7115 9311 
18173 5015 7941 9267 
18174 5013 5014 9200 
18175 207 391 9228 
18176 5014 7817 9271 
18177 9205 9122 9282 
18178 160 353 9235 
18179 4994 4993 9179 
18180 98 99 9180 
18181 221 222 9236 
18182 173 174 9181 
18183 8384 5013 9200 
18184 6348 389 9390 
18185 395 134 9182 
18186 136 346 9240 
18187 6305 5018 9275 
18188 6 9192 9340 
18189 249 366 9241 
18190 5430 5519 9280 
18191 378 9175 9213 
18192 275 276 9183 
18193 218 219 9184 
18194 8034 5555 9233 
18195 252 253 9245 
18196 7928 7929 9185 
18197 264 331 9247 
18198 18 19 9248 
18199 5553 397 9351 
18200 5161 5426 9283 
18201 258 259 9186 
18202 6091 6090 9285 
18203 6088 6089 9285 
18204 85 86 9250 
18205 227 228 9251 
18206 9060 268 9372 
18207 5444 6962 9187 
18208 9130 181 9218 
18209 5436 5561 9284 
18210 6589 110 9306 
18211 141 378 9254 
18212 5505 5559 9288 
18213 7742 5503 9288 
18214 5008 7520 9188 
18215 6345 6351 9289 
18216 29 403 9256 
18217 327 28 9256 
18218 214 345 9257 
18219 6451 6449 9291 
18220 375 9082 9311 
18221 318 5568 9242 
18222 293 294 9258 
18223 9128 445 9309 
18224 408 9109 9280 
18225 220 221 9260 
18226 84 85 9261 
18227 5429 5466 9294 
18228 345 9062 9257 
18229 234 344 9263 
18230 398 233 9263 
18231 5526 9082 9373 
18232 6589 6570 9296 
18233 8292 7809 9297 
18234 9149 416 9308 
18235 333 68 9265 
18236 69 442 9265 
18237 375 230 9266 
18238 5435 6207 9189 
18239 436 178 9268 
18240 179 374 9268 
18241 14 9160 9272 
18242 444 247 9270 
18243 7844 5476 9299 
18244 7839 5520 9300 
18245 46 47 9190 
18246 412 9188 9366 
18247 231 9158 9266 
18248 5500 5540 9307 
18249 7514 7698 9307 
18250 377 13 9272 
18251 6304 9182 9240 
18252 8440 7800 9308 
18253 376 8474 9314 
18254 7114 5445 9309 
18255 9228 391 9320 
18256 6149 6892 9310 
18257 9204 364 9238 
18258 366 9081 9241 
18259 6304 5012 9313 
18260 8474 5462 9314 
18261 7513 435 9388 
18262 415 168 9273 
18263 169 368 9273 
18264 9084 159 9235 
18265 6075 8715 9191 
18266 281 413 9276 
18267 5561 6172 9317 
18268 5559 5507 9318 
18269 7 324 9192 
18270 309 393 9277 
18271 357 308 9277 
18272 5480 5481 9320 
18273 9130 5452 9341 
18274 6070 6071 9321 
18275 306 307 9193 
18276 44 45 9281 
18277 6133 6134 9322 
18278 5523 5524 9323 
18279 7724 7954 9195 
18280 5533 5454 9324 
18281 6805 6807 9324 
18282 6643 9059 9335 
18283 5536 7710 9330 
18284 299 9167 9198 
18285 5575 442 9305 
18286 5518 6017 9329 
18287 7731 7730 9333 
18288 5450 5546 9334 
18289 9059 379 9335 
18290 110 6589 9383 
18291 8235 4977 9194 
18292 5452 5000 9341 
18293 4990 5884 9242 
18294 9179 5537 9344 
18295 421 197 9286 
18296 5578 7886 9398 
18297 9074 263 9247 
18298 8715 6889 9343 
18299 341 58 9287 
18300 5594 9045 9345 
18301 9170 149 9204 
18302 9082 375 9373 
18303 7808 9062 9381 
18304 176 9171 9325 
18305 5457 5560 9349 
18306 8467 7826 9349 
18307 5004 6340 9391 
18308 6232 5467 9361 
18309 6077 6078 9353 
18310 7748 6230 9353 
18311 428 9108 9279 
18312 9147 6178 9346 
18313 199 370 9290 
18314 7512 7513 9388 
18315 5473 5456 9355 
18316 6585 6588 9356 
18317 6383 6384 9357 
18318 6963 6388 9357 
18319 9062 345 9381 
18320 390 100 9292 
18321 101 352 9292 
18322 6293 6294 9365 
18323 5458 7517 9367 
18324 5513 5541 9377 
18325 4983 7637 9371 
18326 7747 7748 9201 
18327 292 348 9295 
18328 8236 443 9358 
18329 340 195 9298 
18330 196 421 9298 
18331 9103 213 9257 
18332 4972 5906 9197 
18333 6281 6131 9246 
18334 30 31 9301 
18335 418 139 9304 
18336 442 70 9305 
18337 110 111 9306 
18338 5470 9064 9196 
18339 9116 7683 9287 
18340 9158 5527 9266 
18341 228 229 9311 
18342 435 7513 9354 
18343 9090 361 9208 
18344 49 431 9312 
18345 320 48 9312 
18346 9160 5521 9272 
18347 298 299 9198 
18348 9156 206 9228 
18349 356 190 9199 
18350 161 162 9201 
18351 8384 9200 9378 
18352 9197 5906 9206 
18353 4618 7834 9202 
18354 254 338 9203 
18355 149 150 9204 
18356 9175 9076 9213 
18357 5467 9269 9361 
18358 343 175 9325 
18359 5560 5523 9216 
18360 370 200 9326 
18361 402 119 9328 
18362 5579 344 9348 
18363 368 170 9259 
18364 8979 4982 9205 
18365 365 53 9336 
18366 386 5 9340 
18367 19 20 9344 
18368 131 351 9397 
18369 5906 4979 9206 
18370 92 93 9396 
18371 344 235 9348 
18372 9345 9045 9401 
18373 4965 4968 9207 
18374 358 9138 9195 
18375 202 435 9354 
18376 389 290 9390 
18377 311 9161 9384 
18378 38 39 9389 
18379 443 61 9358 
18380 62 372 9358 
18381 9093 384 9332 
18382 382 153 9387 
18383 393 310 9384 
18384 109 110 9383 
18385 187 416 9382 
18386 123 124 9366 
18387 268 269 9372 
18388 73 74 9374 
18389 294 295 9376 
18390 5433 4986 9208 
18391 9192 5479 9340 
18392 59 9116 9287 
18393 428 9279 9334 
18394 9173 426 9296 
18395 363 9097 9356 
18396 91 355 9209 
18397 5927 6240 9210 
18398 405 9147 9346 
18399 4987 6063 9395 
18400 71 9135 9305 
18401 9095 409 9200 
18402 7464 7466 9249 
18403 6018 9238 9278 
18404 9147 9129 9359 
18405 9150 130 9397 
18406 9171 5550 9325 
18407 120 9144 9328 
18408 6351 5911 9386 
18409 378 9174 9254 
18410 40 410 9212 
18411 8178 5019 9255 
18412 9144 5847 9328 
18413 4121 7889 9214 
18414 9200 409 9378 
18415 5928 5929 9276 
18416 9161 5533 9384 
18417 7466 7467 9249 
18418 9206 5477 9250 
18419 6089 9150 9397 
18420 350 122 9215 
18421 441 25 9216 
18422 236 9117 9348 
18423 313 314 9217 
18424 9067 8359 9211 
18425 9079 8034 9233 
18426 8474 376 9374 
18427 9201 385 9343 
18428 6606 9203 9262 
18429 416 9149 9382 
18430 9214 7889 9222 
18431 181 182 9218 
18432 94 394 9219 
18433 8475 8474 9374 
18434 6524 6523 9220 
18435 6569 9173 9296 
18436 9182 6304 9313 
18437 413 9119 9327 
18438 380 9169 9289 
18439 9076 4985 9213 
18440 188 189 9221 
18441 5463 9135 9314 
18442 5568 4990 9242 
18443 7889 5425 9222 
18444 5019 9069 9255 
18445 406 9179 9344 
18446 9166 5010 9327 
18447 3814 4169 9223 
18448 5581 9204 9238 
18449 6131 6133 9246 
18450 9115 5426 9342 
18451 9060 4991 9224 
18452 9220 6523 9229 
18453 372 9125 9271 
18454 6524 9220 9231 
18455 328 9079 9233 
18456 6017 9278 9329 
18457 6806 5003 9225 
18458 7540 374 9341 
18459 66 67 9226 
18460 6310 4992 9227 
18461 9069 9141 9255 
18462 74 75 9303 
18463 6239 9147 9359 
18464 9176 365 9336 
18465 402 7225 9284 
18466 206 207 9228 
18467 6523 6521 9229 
18468 6382 5567 9230 
18469 437 9086 9337 
18470 6604 6524 9231 
18471 8979 9205 9282 
18472 5442 5471 9232 
18473 5005 5006 9234 
18474 159 160 9235 
18475 6340 9219 9391 
18476 222 408 9236 
18477 6932 7185 9237 
18478 6074 9191 9342 
18479 9164 7464 9249 
18480 7637 9212 9371 
18481 9105 5466 9335 
18482 9231 427 9245 
18483 9334 5546 9376 
18484 5499 9228 9320 
18485 5007 5581 9238 
18486 6255 6254 9239 
18487 9169 6346 9289 
18488 9254 5595 9304 
18489 135 136 9240 
18490 9107 9375 9380 
18491 248 249 9241 
18492 170 171 9259 
18493 9174 5595 9254 
18494 9113 438 9232 
18495 9371 410 9380 
18496 5428 5427 9243 
18497 6153 5009 9244 
18498 427 252 9245 
18499 5477 5453 9347 
18500 263 264 9247 
18501 339 18 9248 
18502 9098 415 9283 
18503 9094 328 9233 
18504 86 323 9250 
18505 445 227 9251 
18506 8227 5011 9252 
18507 9249 7467 9331 
18508 9149 9080 9382 
18509 5461 5535 9253 
18510 31 32 9316 
18511 140 141 9254 
18512 28 29 9256 
18513 8876 5433 9302 
18514 9059 9060 9372 
18515 9237 7185 9279 
18516 213 214 9257 
18517 154 6310 9387 
18518 6588 6589 9306 
18519 379 9059 9372 
18520 9227 382 9387 
18521 9139 318 9242 
18522 7747 9201 9343 
18523 348 293 9258 
18524 410 9107 9380 
18525 8178 9255 9363 
18526 5571 9099 9360 
18527 5557 5556 9259 
18528 373 220 9260 
18529 422 84 9261 
18530 6983 6605 9262 
18531 233 234 9263 
18532 268 9060 9352 
18533 9045 5534 9401 
18534 5443 9187 9269 
18535 9233 5555 9351 
18536 5228 5017 9264 
18537 9104 377 9246 
18538 68 69 9265 
18539 230 231 9266 
18540 5016 5015 9267 
18541 178 179 9268 
18542 9262 338 9293 
18543 5555 5553 9351 
18544 247 248 9270 
18545 418 9304 9345 
18546 7817 7818 9271 
18547 9155 440 9322 
18548 9214 9222 9369 
18549 248 9241 9270 
18550 13 14 9272 
18551 9148 5529 9274 
18552 9141 424 9255 
18553 32 358 9316 
18554 9122 419 9282 
18555 388 9087 9269 
18556 9289 6351 9386 
18557 5426 6074 9342 
18558 9102 7809 9381 
18559 411 267 9352 
18560 168 169 9273 
18561 75 399 9303 
18562 5018 6586 9275 
18563 280 281 9276 
18564 323 9206 9250 
18565 308 309 9277 
18566 6137 9155 9322 
18567 7185 5451 9279 
18568 9103 5432 9363 
18569 6983 9262 9293 
18570 5476 5430 9280 
18571 45 434 9281 
18572 5531 8979 9282 
18573 9243 5427 9337 
18574 6174 5161 9283 
18575 9110 5539 9385 
18576 7225 5436 9284 
18577 367 9164 9249 
18578 9242 5884 9399 
18579 6090 6088 9285 
18580 197 198 9286 
18581 6589 9296 9383 
18582 5884 9188 9399 
18583 58 59 9287 
18584 367 9249 9331 
18585 140 9254 9304 
18586 5503 5505 9288 
18587 9282 419 9364 
18588 9191 325 9342 
18589 6346 6345 9289 
18590 9106 360 9274 
18591 345 9102 9381 
18592 5228 9264 9332 
18593 360 9148 9274 
18594 364 9085 9278 
18595 9084 5532 9364 
18596 198 199 9290 
18597 6449 6452 9291 
18598 9107 362 9375 
18599 100 101 9292 
18600 6984 6983 9293 
18601 9238 364 9278 
18602 7467 5474 9331 
18603 6254 5429 9294 
18604 267 268 9352 
18605 291 292 9295 
18606 9208 361 9302 
18607 6570 6569 9296 
18608 374 9130 9341 
18609 5464 8292 9297 
18610 9255 424 9363 
18611 9184 373 9333 
18612 338 9136 9293 
18613 9185 8475 9303 
18614 9279 5451 9334 
18615 195 196 9298 
18616 9124 402 9284 
18617 5472 7844 9299 
18618 7711 7839 9300 
18619 403 30 9301 
18620 9286 198 9290 
18621 139 140 9304 
18622 70 71 9305 
18623 5453 7446 9347 
18624 111 363 9306 
18625 9291 6452 9319 
18626 7698 5500 9307 
18627 9212 410 9371 
18628 9210 6239 9359 
18629 7800 7799 9308 
18630 5445 5472 9309 
18631 379 9105 9335 
18632 9187 388 9269 
18633 6892 5468 9310 
18634 9203 338 9262 
18635 5531 9282 9364 
18636 229 375 9311 
18637 5480 9320 9400 
18638 48 49 9312 
18639 5012 8119 9313 
18640 9135 376 9314 
18641 5462 5463 9314 
18642 9267 7941 9350 
18643 5433 9208 9302 
18644 6986 6984 9339 
18645 9211 5571 9360 
18646 6172 6173 9317 
18647 5507 5509 9318 
18648 6452 6453 9319 
18649 5481 5499 9320 
18650 6063 6070 9321 
18651 9299 5476 9402 
18652 395 9313 9393 
18653 5432 8178 9363 
18654 6134 6137 9322 
18655 361 9092 9302 
18656 5524 7943 9323 
18657 5454 6805 9324 
18658 175 176 9325 
18659 200 201 9326 
18660 9318 5509 9338 
18661 5010 6156 9327 
18662 119 120 9328 
18663 7710 7711 9330 
18664 418 9345 9401 
18665 5471 9166 9379 
18666 9168 334 9317 
18667 6305 9275 9370 
18668 6178 6011 9346 
18669 399 9185 9303 
18670 6053 5228 9332 
18671 7730 5465 9333 
18672 5451 5450 9334 
18673 5466 6643 9335 
18674 53 54 9336 
18675 341 9067 9360 
18676 5427 6148 9337 
18677 5509 5511 9338 
18678 9113 9232 9379 
18679 5 6 9340 
18680 5570 9176 9336 
18681 9319 6453 9368 
18682 9313 8119 9393 
18683 5000 7540 9341 
18684 9094 9233 9351 
18685 9232 5471 9379 
18686 6010 9239 9362 
18687 6889 7747 9343 
18688 20 406 9344 
18689 5595 5594 9345 
18690 9293 9136 9339 
18691 375 9266 9373 
18692 6986 9339 9385 
18693 235 236 9348 
18694 9116 443 9394 
18695 291 9295 9390 
18696 5465 9184 9333 
18697 7826 5457 9349 
18698 9338 5511 9377 
18699 6230 6077 9353 
18700 9261 5477 9347 
18701 201 202 9354 
18702 9219 394 9391 
18703 9222 429 9369 
18704 5456 5846 9355 
18705 9085 382 9329 
18706 6586 6585 9356 
18707 9188 412 9399 
18708 6388 6383 9357 
18709 61 62 9358 
18710 5539 6986 9385 
18711 395 9182 9313 
18712 9326 201 9354 
18713 9139 9242 9399 
18714 9112 367 9331 
18715 5532 5531 9364 
18716 6984 9293 9339 
18717 5974 6293 9365 
18718 124 412 9366 
18719 5558 5458 9367 
18720 6453 6455 9368 
18721 9339 430 9385 
18722 5530 4983 9371 
18723 9136 430 9339 
18724 269 379 9372 
18725 5527 5526 9373 
18726 376 73 9374 
18727 7517 8114 9375 
18728 5530 9371 9380 
18729 9183 405 9346 
18730 295 428 9376 
18731 9375 8114 9380 
18732 9278 9085 9329 
18733 9194 7682 9394 
18734 5511 5513 9377 
18735 7841 8384 9378 
18736 325 9115 9342 
18737 8114 5530 9380 
18738 391 9070 9400 
18739 7809 7808 9381 
18740 186 187 9382 
18741 426 109 9383 
18742 310 311 9384 
18743 6173 9168 9317 
18744 9224 411 9352 
18745 419 9084 9364 
18746 153 154 9387 
18747 5517 7512 9388 
18748 342 38 9389 
18749 409 9226 9378 
18750 290 291 9390 
18751 5521 6281 9392 
18752 5542 5004 9391 
18753 8119 6091 9393 
18754 355 92 9396 
18755 130 131 9397 
18756 7886 7887 9398 
18757 9165 4964 9315 
18758 377 9272 9392 
18759 9140 401 9350 
18760 397 9094 9351 
18761 414 9089 9395 
18762 9269 9087 9361 
18763 347 9137 9362 
18764 9129 354 9359 
18765 9099 341 9360 
18766 429 9181 9369 
18767 9087 326 9361 
18768 424 9103 9363 
18769 9163 395 9393 
18770 392 9120 9370 
18771 358 9253 9316 
18772 9166 319 9379 
18773 319 9113 9379 
18774 430 9110 9385 
18775 9100 380 9386 
18776 9181 5551 9369 
18777 412 9139 9399 
18778 9109 329 9402 
18779 9111 418 9401 
18780 6011 9183 9346 
18781 443 9194 9394 
18782 354 9210 9359 
18783 6091 9163 9393 
18784 9304 5595 9345 
18785 428 9334 9376 
18786 9067 9211 9360 
18787 6310 9227 9387 
18788 5551 9214 9369 
18789 380 9289 9386 
18790 9253 5535 9316 
18791 9060 9224 9352 
18792 9296 426 9383 
18793 401 9267 9350 
18794 9226 7841 9378 
18795 9239 347 9362 
18796 9266 5527 9373 
18797 422 9261 9347 
18798 9275 392 9370 
18799 9321 414 9395 
18800 9272 5521 9392 
18801 9320 391 9400 
18802 329 9299 9402 
18803 6063 9321 9395 
$EndElements
