<VTKFile type="UnstructuredGrid" version="0.1" byte_order="LittleEndian">
  <UnstructuredGrid>
    <Piece NumberOfPoints="4635" NumberOfCells="8374">
      <Points>
        <DataArray type = "Float64" NumberOfComponents="3" format="ascii">
0 0 0.0 
0 0.41 0.0 
2.2 0.41 0.0 
2.2 0 0.0 
0.15 0.2 0.0 
0.25 0.2 0.0 
0.137405 0.41 0.0 
1.42 0 0.0 
0.489254 0.41 0.0 
0.23 0.41 0.0 
0.688895 0.41 0.0 
0.26 0.41 0.0 
0.44286 0.41 0.0 
0.478715 0.41 0.0 
0.159759 0.41 0.0 
0.24 0.41 0.0 
1.1346 0.41 0.0 
0.199997 0.41 0.0 
0.343968 0.41 0.0 
0.155828 0.224423 0.0 
0.320946 0.41 0.0 
0.150933 0.21126 0.0 
1.38913 0.41 0.0 
0.25 0.41 0.0 
0.151032 0.211899 0.0 
1.93978 0 0.0 
2.07 0.41 0.0 
0.790008 0.41 0.0 
0.300028 0.41 0.0 
0.867707 0.41 0.0 
0.391561 0.41 0.0 
0.959002 0.41 0.0 
0.23 0 0.0 
1.41 0 0.0 
0.38 0.41 0.0 
0.539996 0.41 0.0 
0.151319 0.212664 0.0 
1.33053 0.41 0.0 
0.673902 0.41 0.0 
0.499716 0.41 0.0 
0.151495 0.213469 0.0 
0.509891 0.41 0.0 
0.550004 0.41 0.0 
0.703688 0.41 0.0 
0.529988 0.41 0.0 
1.17995 0.41 0.0 
1.63028 0 0.0 
0.519963 0.41 0.0 
0.614503 0.41 0.0 
0.560014 0.41 0.0 
0.151818 0.214516 0.0 
0.657866 0.41 0.0 
1.39 0 0.0 
1.16974 0.41 0.0 
0.820309 0.41 0.0 
0.94807 0.41 0.0 
1.3523 0.41 0.0 
0.729066 0.41 0.0 
1.12141 0.41 0.0 
0.627382 0.41 0.0 
1.46678 0.41 0.0 
2.05998 0.41 0.0 
0.641566 0.41 0.0 
0.936613 0.41 0.0 
0.842346 0.41 0.0 
1.51999 0.41 0.0 
0.119354 0.187955 0.0 
0.717314 0.41 0.0 
2.13 0.41 0.0 
0.800018 0.41 0.0 
0.739834 0.41 0.0 
1.07159 0.41 0.0 
1.41463 0.41 0.0 
0.85448 0.41 0.0 
1.1045 0.41 0.0 
0.810065 0.41 0.0 
0.152116 0.21544 0.0 
0.924105 0.41 0.0 
0.830634 0.41 0.0 
1.59316 0 0.0 
1.02061 0.41 0.0 
1.66858 0.41 0.0 
0.236604 0.165356 0.0 
1.61526 0.41 0.0 
1.01022 0.41 0.0 
1.53003 0.41 0.0 
1.00001 0.41 0.0 
1.68195 0 0.0 
1.22126 0.41 0.0 
1.14751 0.41 0.0 
0.969897 0.41 0.0 
0.876834 0 0.0 
0.98999 0.41 0.0 
1.03135 0.41 0.0 
1.27263 0.41 0.0 
0.911179 0.00822532 0.0 
1.08754 0.41 0.0 
0.149704 0.199401 0.0 
1.19 0.41 0.0 
1.2001 0.41 0.0 
1.79172 0.41 0.0 
0.152539 0.216918 0.0 
1.21031 0.41 0.0 
1.15925 0.41 0.0 
0.2605 0.19676 0.0 
1.23271 0.41 0.0 
1.28594 0.41 0.0 
1.31991 0.41 0.0 
1.24511 0.41 0.0 
1.98384 0.41 0.0 
1.37684 0.41 0.0 
1.2587 0.41 0.0 
0.15053 0.211719 0.0 
1.87408 0.41 0.0 
2.18725 0 0.0 
1.36428 0.41 0.0 
1.34115 0.41 0.0 
1.40141 0.41 0.0 
1.45432 0.41 0.0 
1.30943 0.41 0.0 
2.00719 0.41 0.0 
1.83873 0.41 0.0 
1.42791 0.41 0.0 
2.2 0.398411 0.0 
1.47846 0.41 0.0 
1.44126 0.41 0.0 
1.81487 0.41 0.0 
2.2 0.334126 0.0 
1.58622 0.41 0.0 
1.94005 0.41 0.0 
1.50994 0.41 0.0 
1.48933 0.41 0.0 
1.57358 0.41 0.0 
1.97233 0.41 0.0 
1.78088 0.41 0.0 
2.16569 0 0.0 
1.65703 0.41 0.0 
1.55045 0.41 0.0 
1.49987 0.41 0.0 
1.54008 0.41 0.0 
0.152417 0.216217 0.0 
1.60046 0.41 0.0 
1.89389 0 0.0 
2.2 0.1312 0.0 
1.72 0.41 0.0 
0.970005 0 0.0 
1.64466 0.41 0.0 
2.1885 0.41 0.0 
1.75002 0.41 0.0 
1.80276 0.41 0.0 
0.253209 0.207024 0.0 
1.99557 0.41 0.0 
2.15698 0 0.0 
1.74 0.41 0.0 
1.86213 0.41 0.0 
1.67975 0.41 0.0 
1.03614 0.402015 0.0 
1.76006 0.41 0.0 
1.73 0.41 0.0 
0.173306 0.242549 0.0 
2.16 0.41 0.0 
1.85045 0.41 0.0 
1.77011 0.41 0.0 
1.82699 0.41 0.0 
1.90892 0.41 0.0 
1.88603 0.41 0.0 
1.89769 0.41 0.0 
0 0.00537189 0.0 
2.17823 0 0.0 
0.242139 0.227602 0.0 
0.980109 0 0.0 
2.16998 0.41 0.0 
1.96084 0.41 0.0 
1.80005 0 0.0 
1.91953 0.41 0.0 
2.03982 0.41 0.0 
1.95032 0.41 0.0 
2.11167 0 0.0 
1.92986 0.41 0.0 
2.09 0.41 0.0 
2.01865 0.41 0.0 
2.06385 0 0.0 
0.241047 0.229756 0.0 
2.07585 0 0.0 
2.02962 0.41 0.0 
1.24 0 0.0 
2.04996 0.41 0.0 
2.14656 0 0.0 
2.12 0.41 0.0 
2.11 0.41 0.0 
1.44 0 0.0 
2.1 0.41 0.0 
2.2 0.0329074 0.0 
0.163872 0.235606 0.0 
1.91835 0 0.0 
1.09056 0 0.0 
2.15 0.41 0.0 
2.05193 0 0.0 
2.14 0.41 0.0 
0.150155 0.192291 0.0 
1.98 0 0.0 
0.250746 0.202387 0.0 
2.02017 0 0.0 
2.09985 0 0.0 
1.77997 0 0.0 
2.2 0.364716 0.0 
2.2 0.385834 0.0 
0.15286 0.217564 0.0 
0.14002 0.209558 0.0 
2.2 0.277594 0.0 
0.153044 0.218117 0.0 
2.2 0.206918 0.0 
0.730002 0 0.0 
1.55042 0 0.0 
2.2 0.0214406 0.0 
2.01008 0 0.0 
0.177943 0.245702 0.0 
1.96999 0 0.0 
2.08793 0 0.0 
0.242763 0.226791 0.0 
0.152066 0.185784 0.0 
2.0409 0 0.0 
1.53705 0 0.0 
1.48373 0 0.0 
2.03029 0 0.0 
1.99 0 0.0 
1.13992 0 0.0 
1.66741 0 0.0 
1.25 0 0.0 
1.86781 0 0.0 
1.7374 0 0.0 
1.95998 0 0.0 
0.22 0 0.0 
1.94992 0 0.0 
2.00001 0 0.0 
1.83116 0 0.0 
1.92941 0 0.0 
0.156293 0.224278 0.0 
1.90678 0 0.0 
1.84252 0 0.0 
0.58 0 0.0 
1.38 0 0.0 
1.457 0.0066518 0.0 
1.85458 0 0.0 
1.81013 0 0.0 
1.82034 0 0.0 
0.250285 0.203263 0.0 
1.76983 0 0.0 
1.75963 0 0.0 
1.71114 0 0.0 
1.78999 0 0.0 
0.164304 0.235448 0.0 
1.57892 0 0.0 
1.72481 0 0.0 
1.74887 0 0.0 
1.17 0 0.0 
1.36 0 0.0 
1.65398 0 0.0 
1.64169 0 0.0 
0.15471 0.221827 0.0 
1.22 0 0.0 
1.28 0 0.0 
0.179958 0 0.0 
0.3 0 0.0 
0.400352 0.40362 0.0 
1.60736 0 0.0 
1.04187 0 0.0 
1.45 0 0.0 
1.56423 0 0.0 
0.938491 0 0.0 
1.37 0 0.0 
0.824427 0 0.0 
1.50054 0 0.0 
0.151405 0.186851 0.0 
1.52376 0 0.0 
1.51163 0 0.0 
0.149628 0.196656 0.0 
0.148582 0.41 0.0 
1.19 0 0.0 
0.153452 0.219036 0.0 
1.46 0 0.0 
1.43 0 0.0 
1.01379 0 0.0 
1.29 0 0.0 
0.67 0 0.0 
1.35 0 0.0 
0.153767 0.219745 0.0 
1.4 0 0.0 
0.809319 0 0.0 
2.2 0.079475 0.0 
1.32 0 0.0 
1.26 0 0.0 
0.539978 0 0.0 
1.31 0 0.0 
1.34 0 0.0 
1.2 0 0.0 
1.33 0 0.0 
1.27 0 0.0 
0.422697 0 0.0 
0.0127691 0 0.0 
0.842279 0 0.0 
1.9832 0.403722 0.0 
1.07496 0 0.0 
0.66 0 0.0 
1.16 0 0.0 
1.23 0 0.0 
1.14999 0 0.0 
1.18 0 0.0 
1.21 0 0.0 
1.00168 0 0.0 
1.02702 0 0.0 
0.529956 0 0.0 
1.12957 0 0.0 
0.447333 0 0.0 
0.497873 0 0.0 
0.154034 0.220352 0.0 
1.05829 0 0.0 
0.63 0 0.0 
1.10585 0 0.0 
0.794967 0 0.0 
0.949521 0 0.0 
0.990535 0 0.0 
0.959861 0 0.0 
0.33 0 0.0 
0.15424 0.220805 0.0 
0 0.237709 0.0 
0.154408 0.22136 0.0 
0.508943 0 0.0 
0.59 0 0.0 
0.162049 0.233209 0.0 
0.720001 0 0.0 
0.360003 0 0.0 
0.926831 0 0.0 
0.31 0 0.0 
0.154923 0.221629 0.0 
0.486672 0 0.0 
0.71 0 0.0 
1.31675 0.403529 0.0 
0.750034 0 0.0 
0.770386 0 0.0 
0.760149 0 0.0 
1.13431 0.00785611 0.0 
0.32 0 0.0 
0.781633 0 0.0 
0.68 0 0.0 
0.740005 0 0.0 
2.00163 0.402765 0.0 
0.7 0 0.0 
0.995663 0.40456 0.0 
2.16553 0.40026 0.0 
0.69 0 0.0 
0.879682 0.0091316 0.0 
0.64 0 0.0 
0.411003 0 0.0 
1.31661 0.00540682 0.0 
0.65 0 0.0 
0.169918 0 0.0 
0.370006 0 0.0 
0.437602 0.398965 0.0 
0.434498 0 0.0 
0.250322 0.198265 0.0 
0.506505 0.0081491 0.0 
0.549999 0 0.0 
0.474373 0 0.0 
0 0.205515 0.0 
0.29 0 0.0 
1.38732 0.0064937 0.0 
0.386707 0.00758923 0.0 
0.114385 0 0.0 
0.519919 0 0.0 
0.101298 0 0.0 
0.21 0 0.0 
1.48498 0.403267 0.0 
1.16609 0.00683159 0.0 
0.46081 0 0.0 
0.250379 0.201053 0.0 
0.159848 0 0.0 
0.138112 0 0.0 
0.236781 0.164899 0.0 
0.400214 0 0.0 
0.149628 0 0.0 
0.0310755 0 0.0 
0.18752 0.139398 0.0 
0.34 0 0.0 
0.35 0 0.0 
0.126553 0 0.0 
0.189998 0 0.0 
0.0756764 0 0.0 
0.156156 0.22498 0.0 
0.28 0 0.0 
0.26 0 0.0 
0.27 0 0.0 
0.24 0 0.0 
0.2 0 0.0 
0.25 0 0.0 
0.774968 0.00654632 0.0 
0 0.315107 0.0 
0 0.0706394 0.0 
1.57054 0.00418153 0.0 
0.451231 0.00983187 0.0 
1.76415 0.00677379 0.0 
0.0632878 0 0.0 
2.19211 0.0231084 0.0 
1.94311 0.403886 0.0 
0.0881769 0 0.0 
0 0.0188347 0.0 
0.250355 0.205362 0.0 
0.0516991 0 0.0 
0.00411574 0.0035389 0.0 
1.98948 0.00655499 0.0 
0.0408552 0 0.0 
0.215017 0.0076652 0.0 
1.5186 0.403638 0.0 
1.76887 0.404731 0.0 
0.270392 0.197327 0.0 
1.71999 0.403629 0.0 
0.248412 0.184396 0.0 
0.155309 0.223355 0.0 
1.91542 0.0062444 0.0 
1.43628 0.402565 0.0 
1.19673 0.00762851 0.0 
1.493 0.00516417 0.0 
0.814171 0.403651 0.0 
0.822182 0.00517949 0.0 
1.27819 0.00702108 0.0 
0.155362 0.222521 0.0 
0.272889 0.197445 0.0 
1.2752 0.403241 0.0 
0.155147 0.222762 0.0 
1.60239 0.00500367 0.0 
0.292261 0.00801113 0.0 
0.250007 0.191503 0.0 
0 0.384884 0.0 
1.80678 0.404071 0.0 
0.980512 0.0047478 0.0 
0.719972 0.0129354 0.0 
0 0.4 0.0 
0.15001 0.199006 0.0 
0.15004 0.198012 0.0 
0.150089 0.197019 0.0 
0.150158 0.196027 0.0 
0.150247 0.195037 0.0 
0.150355 0.194049 0.0 
0.150484 0.193063 0.0 
0.150631 0.19208 0.0 
0.150798 0.1911 0.0 
0.150985 0.190124 0.0 
0.151191 0.189151 0.0 
0.151417 0.188183 0.0 
0.151661 0.187219 0.0 
0.151925 0.186261 0.0 
0.152207 0.185307 0.0 
0.152509 0.18436 0.0 
0.152829 0.183419 0.0 
0.153168 0.182484 0.0 
0.153526 0.181557 0.0 
0.153902 0.180636 0.0 
0.154296 0.179724 0.0 
0.154708 0.178819 0.0 
0.155138 0.177923 0.0 
0.155586 0.177035 0.0 
0.156051 0.176157 0.0 
0.156534 0.175288 0.0 
0.157034 0.174428 0.0 
0.157551 0.173579 0.0 
0.158085 0.17274 0.0 
0.158635 0.171912 0.0 
0.159201 0.171095 0.0 
0.159784 0.17029 0.0 
0.160383 0.169496 0.0 
0.160997 0.168715 0.0 
0.161627 0.167945 0.0 
0.162272 0.167189 0.0 
0.162932 0.166445 0.0 
0.163606 0.165715 0.0 
0.164295 0.164998 0.0 
0.164998 0.164295 0.0 
0.165715 0.163606 0.0 
0.166445 0.162932 0.0 
0.167189 0.162272 0.0 
0.167945 0.161627 0.0 
0.168715 0.160997 0.0 
0.169496 0.160383 0.0 
0.17029 0.159784 0.0 
0.171095 0.159201 0.0 
0.171912 0.158635 0.0 
0.17274 0.158085 0.0 
0.173579 0.157551 0.0 
0.174428 0.157034 0.0 
0.175288 0.156534 0.0 
0.176157 0.156051 0.0 
0.177035 0.155586 0.0 
0.177923 0.155138 0.0 
0.178819 0.154708 0.0 
0.179724 0.154296 0.0 
0.180636 0.153902 0.0 
0.181557 0.153526 0.0 
0.182484 0.153168 0.0 
0.183419 0.152829 0.0 
0.18436 0.152509 0.0 
0.185307 0.152207 0.0 
0.186261 0.151925 0.0 
0.187219 0.151661 0.0 
0.188183 0.151417 0.0 
0.189151 0.151191 0.0 
0.190124 0.150985 0.0 
0.1911 0.150798 0.0 
0.19208 0.150631 0.0 
0.193063 0.150484 0.0 
0.194049 0.150355 0.0 
0.195037 0.150247 0.0 
0.196027 0.150158 0.0 
0.197019 0.150089 0.0 
0.198012 0.15004 0.0 
0.199006 0.15001 0.0 
0.2 0.15 0.0 
0.200994 0.15001 0.0 
0.201988 0.15004 0.0 
0.202981 0.150089 0.0 
0.203973 0.150158 0.0 
0.204963 0.150247 0.0 
0.205951 0.150355 0.0 
0.206937 0.150484 0.0 
0.20792 0.150631 0.0 
0.2089 0.150798 0.0 
0.209876 0.150985 0.0 
0.210849 0.151191 0.0 
0.211817 0.151417 0.0 
0.212781 0.151661 0.0 
0.213739 0.151925 0.0 
0.214693 0.152207 0.0 
0.21564 0.152509 0.0 
0.216581 0.152829 0.0 
0.217516 0.153168 0.0 
0.218443 0.153526 0.0 
0.219364 0.153902 0.0 
0.220276 0.154296 0.0 
0.221181 0.154708 0.0 
0.222077 0.155138 0.0 
0.222965 0.155586 0.0 
0.223843 0.156051 0.0 
0.224712 0.156534 0.0 
0.225572 0.157034 0.0 
0.226421 0.157551 0.0 
0.22726 0.158085 0.0 
0.228088 0.158635 0.0 
0.228905 0.159201 0.0 
0.22971 0.159784 0.0 
0.230504 0.160383 0.0 
0.231285 0.160997 0.0 
0.232055 0.161627 0.0 
0.232811 0.162272 0.0 
0.233555 0.162932 0.0 
0.234285 0.163606 0.0 
0.235002 0.164295 0.0 
0.235705 0.164998 0.0 
0.236394 0.165715 0.0 
0.237068 0.166445 0.0 
0.237728 0.167189 0.0 
0.238373 0.167945 0.0 
0.239003 0.168715 0.0 
0.239617 0.169496 0.0 
0.240216 0.17029 0.0 
0.240799 0.171095 0.0 
0.241365 0.171912 0.0 
0.241915 0.17274 0.0 
0.242449 0.173579 0.0 
0.242966 0.174428 0.0 
0.243466 0.175288 0.0 
0.243949 0.176157 0.0 
0.244414 0.177035 0.0 
0.244862 0.177923 0.0 
0.245292 0.178819 0.0 
0.245704 0.179724 0.0 
0.246098 0.180636 0.0 
0.246474 0.181557 0.0 
0.246832 0.182484 0.0 
0.247171 0.183419 0.0 
0.247491 0.18436 0.0 
0.247793 0.185307 0.0 
0.248075 0.186261 0.0 
0.248339 0.187219 0.0 
0.248583 0.188183 0.0 
0.248809 0.189151 0.0 
0.249015 0.190124 0.0 
0.249202 0.1911 0.0 
0.249369 0.19208 0.0 
0.249516 0.193063 0.0 
0.249645 0.194049 0.0 
0.249753 0.195037 0.0 
0.249842 0.196027 0.0 
0.249911 0.197019 0.0 
0.24996 0.198012 0.0 
0.24999 0.199006 0.0 
0.24999 0.200994 0.0 
0.24996 0.201988 0.0 
0.249911 0.202981 0.0 
0.249842 0.203973 0.0 
0.249753 0.204963 0.0 
0.249645 0.205951 0.0 
0.249516 0.206937 0.0 
0.249369 0.20792 0.0 
0.249202 0.2089 0.0 
0.249015 0.209876 0.0 
0.248809 0.210849 0.0 
0.248583 0.211817 0.0 
0.248339 0.212781 0.0 
0.248075 0.213739 0.0 
0.247793 0.214693 0.0 
0.247491 0.21564 0.0 
0.247171 0.216581 0.0 
0.246832 0.217516 0.0 
0.246474 0.218443 0.0 
0.246098 0.219364 0.0 
0.245704 0.220276 0.0 
0.245292 0.221181 0.0 
0.244862 0.222077 0.0 
0.244414 0.222965 0.0 
0.243949 0.223843 0.0 
0.243466 0.224712 0.0 
0.242966 0.225572 0.0 
0.242449 0.226421 0.0 
0.241915 0.22726 0.0 
0.241365 0.228088 0.0 
0.240799 0.228905 0.0 
0.240216 0.22971 0.0 
0.239617 0.230504 0.0 
0.239003 0.231285 0.0 
0.238373 0.232055 0.0 
0.237728 0.232811 0.0 
0.237068 0.233555 0.0 
0.236394 0.234285 0.0 
0.235705 0.235002 0.0 
0.235002 0.235705 0.0 
0.234285 0.236394 0.0 
0.233555 0.237068 0.0 
0.232811 0.237728 0.0 
0.232055 0.238373 0.0 
0.231285 0.239003 0.0 
0.230504 0.239617 0.0 
0.22971 0.240216 0.0 
0.228905 0.240799 0.0 
0.228088 0.241365 0.0 
0.22726 0.241915 0.0 
0.226421 0.242449 0.0 
0.225572 0.242966 0.0 
0.224712 0.243466 0.0 
0.223843 0.243949 0.0 
0.222965 0.244414 0.0 
0.222077 0.244862 0.0 
0.221181 0.245292 0.0 
0.220276 0.245704 0.0 
0.219364 0.246098 0.0 
0.218443 0.246474 0.0 
0.217516 0.246832 0.0 
0.216581 0.247171 0.0 
0.21564 0.247491 0.0 
0.214693 0.247793 0.0 
0.213739 0.248075 0.0 
0.212781 0.248339 0.0 
0.211817 0.248583 0.0 
0.210849 0.248809 0.0 
0.209876 0.249015 0.0 
0.2089 0.249202 0.0 
0.20792 0.249369 0.0 
0.206937 0.249516 0.0 
0.205951 0.249645 0.0 
0.204963 0.249753 0.0 
0.203973 0.249842 0.0 
0.202981 0.249911 0.0 
0.201988 0.24996 0.0 
0.200994 0.24999 0.0 
0.2 0.25 0.0 
0.199006 0.24999 0.0 
0.198012 0.24996 0.0 
0.197019 0.249911 0.0 
0.196027 0.249842 0.0 
0.195037 0.249753 0.0 
0.194049 0.249645 0.0 
0.193063 0.249516 0.0 
0.19208 0.249369 0.0 
0.1911 0.249202 0.0 
0.190124 0.249015 0.0 
0.189151 0.248809 0.0 
0.188183 0.248583 0.0 
0.187219 0.248339 0.0 
0.186261 0.248075 0.0 
0.185307 0.247793 0.0 
0.18436 0.247491 0.0 
0.183419 0.247171 0.0 
0.182484 0.246832 0.0 
0.181557 0.246474 0.0 
0.180636 0.246098 0.0 
0.179724 0.245704 0.0 
0.178819 0.245292 0.0 
0.177923 0.244862 0.0 
0.177035 0.244414 0.0 
0.176157 0.243949 0.0 
0.175288 0.243466 0.0 
0.174428 0.242966 0.0 
0.173579 0.242449 0.0 
0.17274 0.241915 0.0 
0.171912 0.241365 0.0 
0.171095 0.240799 0.0 
0.17029 0.240216 0.0 
0.169496 0.239617 0.0 
0.168715 0.239003 0.0 
0.167945 0.238373 0.0 
0.167189 0.237728 0.0 
0.166445 0.237068 0.0 
0.165715 0.236394 0.0 
0.164998 0.235705 0.0 
0.164295 0.235002 0.0 
0.163606 0.234285 0.0 
0.162932 0.233555 0.0 
0.162272 0.232811 0.0 
0.161627 0.232055 0.0 
0.160997 0.231285 0.0 
0.160383 0.230504 0.0 
0.159784 0.22971 0.0 
0.159201 0.228905 0.0 
0.158635 0.228088 0.0 
0.158085 0.22726 0.0 
0.157551 0.226421 0.0 
0.157034 0.225572 0.0 
0.156534 0.224712 0.0 
0.156051 0.223843 0.0 
0.155586 0.222965 0.0 
0.155138 0.222077 0.0 
0.154708 0.221181 0.0 
0.154296 0.220276 0.0 
0.153902 0.219364 0.0 
0.153526 0.218443 0.0 
0.153168 0.217516 0.0 
0.152829 0.216581 0.0 
0.152509 0.21564 0.0 
0.152207 0.214693 0.0 
0.151925 0.213739 0.0 
0.151661 0.212781 0.0 
0.151417 0.211817 0.0 
0.151191 0.210849 0.0 
0.150985 0.209876 0.0 
0.150798 0.2089 0.0 
0.150631 0.20792 0.0 
0.150484 0.206937 0.0 
0.150355 0.205951 0.0 
0.150247 0.204963 0.0 
0.150158 0.203973 0.0 
0.150089 0.202981 0.0 
0.15004 0.201988 0.0 
0.15001 0.200994 0.0 
1.84591 0.00635553 0.0 
1.35728 0.403324 0.0 
1.41197 0.00643875 0.0 
1.66442 0.403247 0.0 
1.22637 0.00537167 0.0 
1.57611 0.404141 0.0 
0.736071 0.404235 0.0 
1.25117 0.0156171 0.0 
1.10324 0.00663402 0.0 
0.942736 0.402464 0.0 
0.144971 0.00472054 0.0 
1.7851 0.404795 0.0 
0.602123 0.00674536 0.0 
0.240186 0.231541 0.0 
0.248366 0.216196 0.0 
1.86902 0.00794984 0.0 
1.9529 0.00611671 0.0 
0.505557 0.404198 0.0 
0.21534 0.400491 0.0 
0.0701973 0.0105696 0.0 
1.19552 0.405344 0.0 
0.347298 0.403987 0.0 
0.336635 0.00722214 0.0 
2.05704 0.403786 0.0 
1.69469 0.401075 0.0 
0.106577 0.40259 0.0 
0.366933 0.401786 0.0 
0.405396 0.242932 0.0 
1.62241 0.00647138 0.0 
2.19273 0.398573 0.0 
0.554407 0.00603437 0.0 
0.612092 0.404677 0.0 
2.2 0.377036 0.0 
0.295626 0.404198 0.0 
0.146306 0.4031 0.0 
0.414305 0.00754446 0.0 
2.16566 0.00755405 0.0 
0.255238 0.404639 0.0 
0.194588 0.250178 0.0 
0.254071 0.00650602 0.0 
0.185222 0.403069 0.0 
0.162762 0.235236 0.0 
0.184526 0.00616127 0.0 
1.23691 0.402338 0.0 
1.84347 0.403312 0.0 
0.018559 0.00628605 0.0 
0.587522 0.403164 0.0 
2.09355 0.404018 0.0 
1.25678 0.00803449 0.0 
0.034854 0.00722048 0.0 
0.644778 0.0067763 0.0 
0.206628 0.250415 0.0 
0.069336 0.402107 0.0 
2.19582 0.407765 0.0 
1.92017 0.405541 0.0 
0.774798 0.402809 0.0 
2.13804 0.403162 0.0 
0.95534 0.00571009 0.0 
0.179084 0.153776 0.0 
1.73122 0.00753034 0.0 
1.01815 0.00686139 0.0 
0.232035 0.239431 0.0 
0.354746 0.00714203 0.0 
2.01245 0.0084265 0.0 
0.575935 0.00704769 0.0 
0.149682 0.197749 0.0 
0.314493 0.00752713 0.0 
1.34345 0.00551667 0.0 
1.62804 0.399217 0.0 
0.160357 0.231697 0.0 
0.53959 0.403307 0.0 
0.0832772 0.00725795 0.0 
0.155819 0.223404 0.0 
1.82037 0.403493 0.0 
0.121168 0.0066155 0.0 
1.16614 0.403895 0.0 
2.11344 0.00724118 0.0 
0.0363525 0.403036 0.0 
0 0.157282 0.0 
1.29841 0.00663468 0.0 
0.24195 0.172207 0.0 
0.70198 0.00489592 0.0 
0.162182 0.00650957 0.0 
1.54746 0.00835104 0.0 
0.313303 0.402681 0.0 
1.82359 0.00677491 0.0 
0.236243 0.404 0.0 
1.06604 0.40145 0.0 
2.07057 0.402558 0.0 
0.712438 0.403908 0.0 
0.236147 0.0055924 0.0 
1.93372 0.00558028 0.0 
0.275902 0.403943 0.0 
1.33562 0.40354 0.0 
0.126408 0.401136 0.0 
0.163849 0.404708 0.0 
1.25113 0.403653 0.0 
0.0896687 0.39682 0.0 
0.278312 0.208945 0.0 
0.834996 0.40305 0.0 
0.148759 0.195943 0.0 
0.523405 0.005754 0.0 
2.03261 0.404513 0.0 
0.622663 0.406263 0.0 
2.1134 0.403603 0.0 
0.017535 0.401976 0.0 
1.50481 0.404795 0.0 
1.50458 0.00553161 0.0 
0.277333 0.203885 0.0 
1.41488 0.401878 0.0 
0.244214 0.225357 0.0 
1.78597 0.00646733 0.0 
0.246955 0.219466 0.0 
0.242905 0.228794 0.0 
1.86594 0.402673 0.0 
1.20947 0.40467 0.0 
0.250595 0.194361 0.0 
0.153203 0.180589 0.0 
0.79416 0.403163 0.0 
1.56067 0.40378 0.0 
1.29608 0.401573 0.0 
0.149117 0.200621 0.0 
0.751795 0.00630344 0.0 
0.75451 0.402703 0.0 
0.970702 0.404614 0.0 
0.933089 0.0051738 0.0 
1.01367 0.402809 0.0 
0.245561 0.222159 0.0 
0.25085 0.200446 0.0 
0.150613 0.185406 0.0 
0.215963 0.247717 0.0 
1.11771 0 0.0 
0.241375 0.17036 0.0 
1.69655 0 0.0 
0.156715 0.225939 0.0 
0.378535 0.316081 0.0 
0.664777 0.00634218 0.0 
0.18058 0.246759 0.0 
1.89515 0.0154675 0.0 
0.624976 0.00769531 0.0 
0.881905 0.41 0.0 
0.225583 0.243924 0.0 
0.165193 0.236549 0.0 
0.151889 0.216143 0.0 
0.233212 0.161895 0.0 
1.88085 0 0.0 
0.275578 0.206142 0.0 
1.60313 0.403908 0.0 
0.107053 0.198749 0.0 
0.174004 0.243523 0.0 
0.243583 0.17381 0.0 
0.204457 0.250383 0.0 
0.150045 0.189248 0.0 
0.216366 0.24796 0.0 
0.234299 0.237333 0.0 
0.228754 0.241596 0.0 
0.170268 0.24114 0.0 
0.210409 0.249541 0.0 
0.165798 0.237005 0.0 
0.117433 0.264367 0.0 
0.244587 0.224053 0.0 
0.152534 0.217845 0.0 
0.218295 0.247752 0.0 
0.157292 0.225996 0.0 
0.157417 0.226834 0.0 
0.154594 0.222438 0.0 
0.242345 0.228085 0.0 
0.235938 0.235883 0.0 
0.466262 0.107936 0.0 
0.238425 0.233657 0.0 
0.157111 0.226194 0.0 
0.159256 0.229511 0.0 
0.245255 0.177108 0.0 
0.151318 0.186242 0.0 
0.249072 0.187489 0.0 
0.157792 0.227394 0.0 
0.390145 0 0.0 
0.158435 0.228724 0.0 
0.149281 0.197501 0.0 
0.154391 0.178059 0.0 
0.158293 0.228055 0.0 
0.158802 0.228846 0.0 
0.461411 0.243293 0.0 
0.271881 0.195381 0.0 
0.250174 0.209159 0.0 
0.271724 0.205111 0.0 
0.174657 0.243436 0.0 
0.159969 0.230396 0.0 
0.239105 0.167714 0.0 
0.247604 0.182776 0.0 
0.27268 0.191604 0.0 
0.253212 0.171866 0.0 
0.242458 0.229499 0.0 
0.223568 0.2446 0.0 
0.148407 0.200331 0.0 
0.230863 0.240439 0.0 
0.167881 0.239113 0.0 
0.193924 0.149717 0.0 
0.228149 0.157575 0.0 
0.248912 0.189637 0.0 
0.273622 0.203148 0.0 
0.235022 0.163327 0.0 
0.182921 0.247909 0.0 
0.25086 0.196362 0.0 
0.133252 0.198007 0.0 
0.16069 0.230895 0.0 
0.160573 0.168014 0.0 
0.248669 0.214084 0.0 
0.480743 0.318939 0.0 
0.161137 0.231975 0.0 
0.215593 0.151751 0.0 
0.162474 0.233758 0.0 
0.161715 0.232617 0.0 
0.148792 0.201359 0.0 
0.258603 0.194154 0.0 
0.162602 0.233183 0.0 
0.203809 0.250137 0.0 
0.195974 0.250705 0.0 
0.242456 0.171972 0.0 
0.175662 0.244747 0.0 
0.159583 0.230228 0.0 
0.16306 0.234347 0.0 
0.151143 0.213393 0.0 
0.300001 0.186157 0.0 
0.176032 0.155207 0.0 
0.212681 0.24927 0.0 
0.155944 0.225673 0.0 
0.107627 0.184572 0.0 
0.137232 0.196829 0.0 
0.25881 0.196845 0.0 
0.165356 0.23605 0.0 
0.254606 0.199298 0.0 
0.922464 0.00536566 0.0 
0.17753 0.151033 0.0 
0.161578 0.167012 0.0 
0.163704 0.234883 0.0 
0.151924 0.183978 0.0 
0.2751 0.198981 0.0 
0.265696 0.198585 0.0 
0.1672 0.161566 0.0 
0.18432 0.151647 0.0 
0.21611 0.247331 0.0 
0.139358 0.203468 0.0 
0.240512 0.170699 0.0 
0.275521 0.195441 0.0 
0.141552 0.203566 0.0 
0.198865 0.149522 0.0 
0.275145 0.201437 0.0 
0.246828 0.181284 0.0 
0.164653 0.236041 0.0 
0.268349 0.188985 0.0 
0.187623 0.150835 0.0 
0.191432 0.249634 0.0 
0.253801 0.221393 0.0 
0.159075 0.169828 0.0 
0.212913 0.150733 0.0 
0.17755 0.245093 0.0 
0.241536 0.171286 0.0 
0.256593 0.189178 0.0 
0.230528 0.0525626 0.0 
0.238621 0.232245 0.0 
0.175548 0.243882 0.0 
0.256259 0.255447 0.0 
0.140073 0.207115 0.0 
0.2069 0.149222 0.0 
0.264677 0.166769 0.0 
0.14042 0.196854 0.0 
0.189448 0.150162 0.0 
0.14934 0.19274 0.0 
0.139287 0.199145 0.0 
0.109258 0.216654 0.0 
0.25591 0.217063 0.0 
0.134077 0.167656 0.0 
0.16753 0.23843 0.0 
0.136347 0.19895 0.0 
0.166624 0.23784 0.0 
0.16608 0.236731 0.0 
0.252157 0.226738 0.0 
0.166316 0.23745 0.0 
0.245149 0.163309 0.0 
0.258002 0.183572 0.0 
0.166817 0.237398 0.0 
0.257797 0.195629 0.0 
0.170214 0.240628 0.0 
0.169118 0.239816 0.0 
0.26049 0.204127 0.0 
0.16833 0.238688 0.0 
0.140756 0.200282 0.0 
0.256235 0.182078 0.0 
0.266346 0.215618 0.0 
0.157475 0.171765 0.0 
0.294357 0.193808 0.0 
0.155242 0.176407 0.0 
0.169763 0.240263 0.0 
0.13882 0.200633 0.0 
2.05875 0.331951 0.0 
0.254956 0.180142 0.0 
0.254906 0.200475 0.0 
0.171171 0.241319 0.0 
0.170693 0.240507 0.0 
0.145613 0.156846 0.0 
0.170726 0.240994 0.0 
0.171619 0.241615 0.0 
0.138198 0.175045 0.0 
0.24502 0.175468 0.0 
0.261874 0.203055 0.0 
0.257186 0.196888 0.0 
0.171504 0.241082 0.0 
0.254943 0.17744 0.0 
0.258453 0.187039 0.0 
0.172337 0.241872 0.0 
0.178725 0.245671 0.0 
0.257661 0.185327 0.0 
0.180199 0.246216 0.0 
0.188638 0.248963 0.0 
0.173817 0.242916 0.0 
0.224136 0.25152 0.0 
0.258782 0.216153 0.0 
0.258372 0.204252 0.0 
0.19478 0.249901 0.0 
0.25504 0.206419 0.0 
0.176188 0.244404 0.0 
0.183608 0.148563 0.0 
0.178252 0.245338 0.0 
0.259449 0.192355 0.0 
0.257255 0.191255 0.0 
0.249798 0.195532 0.0 
0.262952 0.201527 0.0 
0.258984 0.199658 0.0 
0.182615 0.247305 0.0 
0.17938 0.245995 0.0 
0.262192 0.196827 0.0 
0.179271 0.245498 0.0 
0.28697 0.202547 0.0 
0.261319 0.198036 0.0 
0.260407 0.201244 0.0 
0.259687 0.198247 0.0 
0.164942 0.163616 0.0 
0.245449 0.22166 0.0 
0.181005 0.246487 0.0 
0.14835 0.205313 0.0 
0.18018 0.245901 0.0 
0.261112 0.207174 0.0 
0.202257 0.149363 0.0 
0.260099 0.205519 0.0 
0.181473 0.246782 0.0 
0.259347 0.208457 0.0 
0.258964 0.21018 0.0 
0.181919 0.247071 0.0 
0.253053 0.216929 0.0 
0.183285 0.247497 0.0 
0.182021 0.246653 0.0 
0.187376 0.248984 0.0 
0.282454 0.15865 0.0 
0.149562 0.194618 0.0 
0.170993 0.158224 0.0 
0.182952 0.247001 0.0 
0.200526 0.250311 0.0 
0.18673 0.248563 0.0 
0.26347 0.188478 0.0 
0.184099 0.247699 0.0 
0.134894 0.0652556 0.0 
0.234396 0.244063 0.0 
0.185784 0.247934 0.0 
2.06702 0.222572 0.0 
0.253277 0.196605 0.0 
0.160267 0.1687 0.0 
0.143604 0.197365 0.0 
0.202241 0.2502 0.0 
0.190568 0.249467 0.0 
0.237308 0.24538 0.0 
0.192687 0.249841 0.0 
0.1746 0.156286 0.0 
0.237969 0.236441 0.0 
0.220997 0.154015 0.0 
0.217418 0.152518 0.0 
0.0872518 0.212288 0.0 
0.415231 0.173637 0.0 
0.233211 0.237861 0.0 
0.250808 0.201488 0.0 
0.137956 0.192063 0.0 
0.248341 0.173539 0.0 
0.198774 0.25046 0.0 
0.291632 0.249186 0.0 
0.698651 0.402458 0.0 
0.19429 0.257732 0.0 
0.197438 0.250206 0.0 
0.297031 0.18118 0.0 
0.195532 0.249798 0.0 
0.361609 0.189105 0.0 
0.195432 0.250055 0.0 
0.552033 0.198568 0.0 
0.19665 0.250098 0.0 
0.309355 0.170598 0.0 
0.18292 0.134409 0.0 
0.318968 0.172616 0.0 
0.198136 0.250404 0.0 
0.198509 0.249975 0.0 
0.212299 0.248461 0.0 
0.202882 0.250332 0.0 
0.147276 0.171457 0.0 
0.253615 0.194191 0.0 
0.199705 0.250424 0.0 
0.249905 0.219105 0.0 
0.257912 0.20104 0.0 
0.212017 0.248995 0.0 
0.143351 0.199126 0.0 
0.243792 0.1679 0.0 
0.201284 0.250284 0.0 
0.210943 0.249119 0.0 
0.254245 0.201107 0.0 
0.225314 0.243502 0.0 
0.205727 0.250047 0.0 
0.255079 0.197826 0.0 
0.144899 0.198234 0.0 
0.206727 0.24988 0.0 
0.215034 0.257189 0.0 
0.141428 0.198358 0.0 
0.210274 0.249261 0.0 
0.146363 0.197732 0.0 
0.209052 0.249487 0.0 
0.236628 0.159768 0.0 
0.207892 0.249634 0.0 
0.209724 0.24934 0.0 
1.44352 0.00700205 0.0 
0.211469 0.248974 0.0 
0.144134 0.200691 0.0 
0.136578 0.211005 0.0 
0.256073 0.195887 0.0 
0.146051 0.198949 0.0 
0.170087 0.124243 0.0 
0.255844 0.196891 0.0 
0.211333 0.248696 0.0 
1.38172 0.0138524 0.0 
0.212743 0.248724 0.0 
0.147472 0.175629 0.0 
0.226263 0.15644 0.0 
0.25398 0.204562 0.0 
0.261245 0.184653 0.0 
0.224571 0.243996 0.0 
0.226905 0.242683 0.0 
0.342059 0.222666 0.0 
0.28014 0.184822 0.0 
2.2 0.401312 0.0 
0.214008 0.248369 0.0 
0.213387 0.248422 0.0 
0.2679 0.197024 0.0 
0.214216 0.247934 0.0 
0.179293 0.276574 0.0 
0.219837 0.246284 0.0 
0.189913 0.150522 0.0 
0.145115 0.188923 0.0 
0.219312 0.246494 0.0 
0.279421 0.179246 0.0 
0.246392 0.172269 0.0 
0.126711 0.198647 0.0 
0.145446 0.200057 0.0 
0.215488 0.247855 0.0 
0.247971 0.176637 0.0 
0.254482 0.196356 0.0 
0.145535 0.201116 0.0 
0.24025 0.169469 0.0 
0.252997 0.205235 0.0 
0.216813 0.247354 0.0 
0.182201 0.122159 0.0 
2.15375 0.275062 0.0 
0.217979 0.246653 0.0 
0.217701 0.247087 0.0 
0.266566 0.180821 0.0 
0.221358 0.245596 0.0 
0.253761 0.197847 0.0 
0.418052 0.386702 0.0 
0.271446 0.376526 0.0 
0.0783951 0.203213 0.0 
0.226128 0.243161 0.0 
0.160436 0.326227 0.0 
1.41453 0.0154623 0.0 
0.266455 0.201927 0.0 
0.145642 0.205484 0.0 
0.17521 0.0803514 0.0 
0.144584 0.201933 0.0 
0.218782 0.2467 0.0 
0.218903 0.246286 0.0 
2.0976 0.375666 0.0 
0.145216 0.203701 0.0 
0.153547 0.177419 0.0 
0.265918 0.196977 0.0 
0.254384 0.203252 0.0 
0.220362 0.246048 0.0 
0.254598 0.20196 0.0 
0.21982 0.245901 0.0 
0.253596 0.200225 0.0 
0.247736 0.174641 0.0 
0.220844 0.24571 0.0 
0.253296 0.20204 0.0 
0.248993 0.22068 0.0 
0.125301 0.167084 0.0 
0.150476 0.222794 0.0 
0.266685 0.211158 0.0 
0.221629 0.245077 0.0 
0.222651 0.244953 0.0 
0.221805 0.245305 0.0 
0.246276 0.22636 0.0 
0.254689 0.194242 0.0 
0.252591 0.197499 0.0 
0.146312 0.202176 0.0 
0.25434 0.198672 0.0 
0.257181 0.199151 0.0 
0.147404 0.19974 0.0 
0.267873 0.200295 0.0 
0.258061 0.198126 0.0 
1.47593 0.396276 0.0 
0.230166 0.240322 0.0 
0.228635 0.241256 0.0 
0.228061 0.241744 0.0 
0.229275 0.241025 0.0 
0.235464 0.235811 0.0 
0.229307 0.240507 0.0 
0.231195 0.239526 0.0 
0.229665 0.240695 0.0 
0.117108 0.210021 0.0 
0.240204 0.230315 0.0 
0.230107 0.239917 0.0 
0.250994 0.183908 0.0 
0.231885 0.238975 0.0 
0.306741 0.190066 0.0 
0.232565 0.238334 0.0 
0.233758 0.237461 0.0 
0.26315 0.198356 0.0 
0.283198 0.165647 0.0 
0.235786 0.235433 0.0 
0.234836 0.159813 0.0 
1.97326 0.28592 0.0 
0.134129 0.238751 0.0 
0.264341 0.19222 0.0 
0.253214 0.19899 0.0 
0.244837 0.224718 0.0 
0.0854474 0.172568 0.0 
0.253176 0.19549 0.0 
0.143122 0.201483 0.0 
0.264029 0.196946 0.0 
0.235115 0.236223 0.0 
0.234139 0.23692 0.0 
0.14567 0.191989 0.0 
0.234644 0.23605 0.0 
0.234712 0.236585 0.0 
0.245661 0.175699 0.0 
0.26697 0.195248 0.0 
2.03125 0.371907 0.0 
0.282585 0.197478 0.0 
0.235354 0.235354 0.0 
0.255583 0.201046 0.0 
0.386431 0.404762 0.0 
0.133252 0.201203 0.0 
0.250461 0.170367 0.0 
0.328549 0.121499 0.0 
0.236749 0.234552 0.0 
0.14715 0.194037 0.0 
0.236066 0.235056 0.0 
0.23605 0.234644 0.0 
0.23641 0.234697 0.0 
0.236929 0.234065 0.0 
0.266432 0.193457 0.0 
0.237398 0.233183 0.0 
0.236731 0.23392 0.0 
1.40068 0.0102959 0.0 
0.148182 0.117387 0.0 
0.239105 0.231676 0.0 
0.237249 0.233778 0.0 
0.264761 0.195302 0.0 
0.237539 0.233463 0.0 
0.377672 0.0151901 0.0 
0.252638 0.19237 0.0 
0.249288 0.210702 0.0 
0.2463 0.219833 0.0 
0.282035 0.194324 0.0 
0.252775 0.200914 0.0 
0.238035 0.233245 0.0 
0.236646 0.16148 0.0 
0.242128 0.237359 0.0 
0.0946641 0.402832 0.0 
0.142234 0.190966 0.0 
0.238249 0.232766 0.0 
0.238051 0.232433 0.0 
0.23931 0.230895 0.0 
0.239964 0.230961 0.0 
0.241382 0.228422 0.0 
0.264707 0.20355 0.0 
0.173487 0.151648 0.0 
0.238688 0.23167 0.0 
0.247776 0.217944 0.0 
0.240345 0.233194 0.0 
0.410748 0.195608 0.0 
0.23947 0.231299 0.0 
0.245894 0.22074 0.0 
0.147392 0.198969 0.0 
0.122216 0.178502 0.0 
0.24396 0.231184 0.0 
0.229544 0.15909 0.0 
0.350876 0.323096 0.0 
0.256983 0.193646 0.0 
0.145112 0.196959 0.0 
1.9934 0.393442 0.0 
0.239917 0.230107 0.0 
0.266109 0.207493 0.0 
0.140655 0.205071 0.0 
0.240683 0.229693 0.0 
0.147411 0.196242 0.0 
0.230997 0.160405 0.0 
0.723712 0.0251286 0.0 
0.233666 0.239175 0.0 
0.242182 0.22684 0.0 
0.240507 0.229307 0.0 
0.366077 0.00737532 0.0 
0.150042 0.210119 0.0 
0.242949 0.17136 0.0 
0.146576 0.203215 0.0 
0.243216 0.225142 0.0 
0.320595 0.0163073 0.0 
0.243164 0.226038 0.0 
0.243467 0.225525 0.0 
0.244512 0.223437 0.0 
0.243717 0.225095 0.0 
0.148712 0.201792 0.0 
2.2 0.00523148 0.0 
0.242384 0.231378 0.0 
0.244002 0.224217 0.0 
1.3354 0.00530167 0.0 
0.239163 0.233552 0.0 
0.280873 0.200693 0.0 
0.17607 0.152731 0.0 
0.240178 0.166039 0.0 
1.74372 0.0355665 0.0 
0.244962 0.222601 0.0 
0.257371 0.202904 0.0 
0.143796 0.195202 0.0 
1.74367 0.0161867 0.0 
0.229818 0.15108 0.0 
0.451607 0.0196781 0.0 
0.54079 0.011241 0.0 
0.238555 0.167151 0.0 
0.246246 0.17496 0.0 
0.247172 0.217846 0.0 
0.253172 0.179356 0.0 
0.247843 0.215507 0.0 
0.251949 0.202065 0.0 
0.248202 0.214411 0.0 
0.150866 0.186043 0.0 
0.248022 0.214966 0.0 
0.228707 0.154696 0.0 
0.4469 0.0320761 0.0 
0.247357 0.216983 0.0 
0.148273 0.195298 0.0 
1.15724 0.0137197 0.0 
1.63999 0.402827 0.0 
0.166057 0.255982 0.0 
0.247711 0.21629 0.0 
0.127059 0.12117 0.0 
0.248355 0.213888 0.0 
0.230786 0.15829 0.0 
0.259221 0.202586 0.0 
0.251615 0.186665 0.0 
0.231219 0.156722 0.0 
0.167586 0.245702 0.0 
0.258133 0.205828 0.0 
0.160376 0.16905 0.0 
0.229467 0.157754 0.0 
0.128219 0.189826 0.0 
0.247331 0.21611 0.0 
0.250149 0.19481 0.0 
2.11051 0.248273 0.0 
1.24393 0.0238923 0.0 
0.383337 0.395728 0.0 
0.145689 0.248523 0.0 
0.147804 0.201391 0.0 
0.251264 0.20191 0.0 
0.278853 0.192674 0.0 
0.400549 0.0151292 0.0 
0.247642 0.215166 0.0 
0.164813 0.238119 0.0 
0.24492 0.15789 0.0 
0.147417 0.205805 0.0 
1.62996 0.41 0.0 
2.19113 0 0.0 
0.252815 0.193823 0.0 
0.24944 0.210186 0.0 
0.248448 0.213283 0.0 
0.117108 0.205214 0.0 
1.71833 0.00627048 0.0 
0.27335 0.208706 0.0 
0.127482 0.226513 0.0 
0.251641 0.172956 0.0 
0.265176 0.232887 0.0 
0.247934 0.214216 0.0 
0.29531 0.198967 0.0 
0.160275 0.233408 0.0 
0.133119 0.22711 0.0 
0.221446 0.149113 0.0 
0.304111 0.234451 0.0 
0.124675 0.204095 0.0 
0.164654 0.249528 0.0 
0.249065 0.211133 0.0 
0.255692 0.199045 0.0 
0.241736 0.16889 0.0 
0.250021 0.206043 0.0 
0.269123 0.206541 0.0 
0.252658 0.199626 0.0 
0.250223 0.197738 0.0 
2.11826 0.0147317 0.0 
0.248437 0.186257 0.0 
0.143415 0.266467 0.0 
0.249932 0.210624 0.0 
0.198217 0.148635 0.0 
0.248461 0.212299 0.0 
0.268099 0.185968 0.0 
0.249937 0.206681 0.0 
0.127935 0.247818 0.0 
0.290323 0.163798 0.0 
1.17203 0.0144478 0.0 
0.292892 0.187091 0.0 
0.250089 0.156253 0.0 
0.43399 0.259745 0.0 
0.245021 0.235045 0.0 
0.259123 0.206868 0.0 
0.142381 0.22729 0.0 
1.68187 0.394558 0.0 
0.366121 0.347334 0.0 
0.134042 0.0082874 0.0 
1.43125 0.0143911 0.0 
0.2523 0.206128 0.0 
0.257354 0.210799 0.0 
0.284665 0.208111 0.0 
0.277655 0.00618359 0.0 
0.191449 0.134732 0.0 
0.248912 0.210363 0.0 
0.24865 0.166558 0.0 
0.493386 0.00924761 0.0 
0.251923 0.204354 0.0 
0.594097 0.0100442 0.0 
0.249497 0.20962 0.0 
0.237048 0.234786 0.0 
0.252725 0.203447 0.0 
0.343814 0.190037 0.0 
0.24967 0.208974 0.0 
0.249649 0.208232 0.0 
0.0731372 0.178792 0.0 
0.111165 0.277512 0.0 
0.250711 0.188329 0.0 
0.257062 0.214042 0.0 
0.139418 0.190019 0.0 
0.21711 0.24828 0.0 
0.249724 0.207604 0.0 
0.101175 0.203124 0.0 
0.244256 0.139323 0.0 
0.236724 0.151467 0.0 
0.246847 0.178711 0.0 
0.262965 0.19551 0.0 
0.246817 0.220846 0.0 
0.234941 0.242087 0.0 
0.174342 0.00748025 0.0 
0.085809 0.188119 0.0 
1.21861 0.0284167 0.0 
0.249581 0.206444 0.0 
0.116768 0.111576 0.0 
0.250261 0.203895 0.0 
0.246927 0.221902 0.0 
0.25034 0.198817 0.0 
0.139715 0.394018 0.0 
0.249256 0.189026 0.0 
0.21566 0.249191 0.0 
0.233771 0.247133 0.0 
0.253864 0.207911 0.0 
0.295388 0.365729 0.0 
0.198327 0.286081 0.0 
0.248097 0.22811 0.0 
2.17201 0.393594 0.0 
0.250164 0.204551 0.0 
0.177614 0.154169 0.0 
1.39897 0.0206844 0.0 
0.215985 0.10219 0.0 
0.250447 0.196508 0.0 
0.0919717 0.202249 0.0 
0.317539 0.163991 0.0 
0.17859 0.336231 0.0 
0.129123 0.201512 0.0 
0.249877 0.203477 0.0 
0.249975 0.201491 0.0 
0.147293 0.257953 0.0 
0.345441 0.00586354 0.0 
0.14802 0.240914 0.0 
0.230963 0.245461 0.0 
0.245352 0.246292 0.0 
0.234302 0.163138 0.0 
0.249936 0.202484 0.0 
0.250393 0.201666 0.0 
0.250145 0.200636 0.0 
0.250296 0.1993 0.0 
0.263504 0.214102 0.0 
0.344383 0.177031 0.0 
0.25003 0.194291 0.0 
0.244107 0.00528236 0.0 
0.17011 0.299289 0.0 
0.162618 0.269388 0.0 
0.103288 0.224204 0.0 
1.59336 0.00720212 0.0 
0.135301 0.403637 0.0 
0.234793 0.294579 0.0 
0.141241 0.201766 0.0 
0.279039 0.195655 0.0 
0.146787 0.233043 0.0 
0.236435 0.237003 0.0 
0.249975 0.198509 0.0 
0.250347 0.211801 0.0 
0.250281 0.197241 0.0 
0.249936 0.197516 0.0 
0.10979 0.00780959 0.0 
1.67899 0.402502 0.0 
0.211904 0.121871 0.0 
0.265257 0.00538763 0.0 
0.132189 0.221658 0.0 
0.171898 0.257637 0.0 
0.240484 0.168865 0.0 
0.178038 0.153297 0.0 
0.166264 0.238366 0.0 
0.150005 0.199503 0.0 
0.173076 0.403012 0.0 
0.241023 0.245318 0.0 
0.102967 0.260672 0.0 
2.18281 0 0.0 
0.245772 0.403404 0.0 
0.249214 0.189602 0.0 
0.227541 0.401992 0.0 
0.0956638 0.00804746 0.0 
0.0456322 0.396314 0.0 
0.138807 0.197464 0.0 
0.0819854 0.402944 0.0 
0.265695 0.403322 0.0 
0.0431513 0.190943 0.0 
0.586761 0.00603019 0.0 
0.250086 0.196642 0.0 
1.69993 0.41 0.0 
0.24994 0.173597 0.0 
0.250168 0.195401 0.0 
0.117054 0.403617 0.0 
1.13931 0.402008 0.0 
0.149664 0.198673 0.0 
0.130666 0.198895 0.0 
0.303524 0.404211 0.0 
0.152957 0.179828 0.0 
0.286261 0.402697 0.0 
1.09311 0.0093957 0.0 
0.250131 0.195953 0.0 
0.450853 0.143117 0.0 
0.201331 0.143174 0.0 
0.0237964 0.0410918 0.0 
0.246548 0.177143 0.0 
0.177651 0.100007 0.0 
0.252102 0.196235 0.0 
0.249423 0.190397 0.0 
0.150004 0.186564 0.0 
0.205355 0.395406 0.0 
1.26624 0.0157029 0.0 
2.15415 0.396749 0.0 
0.155087 0.171283 0.0 
0.240261 0.146009 0.0 
2.17924 0.41 0.0 
0.281413 0.110778 0.0 
0.246173 0.180152 0.0 
0.858738 0.00757787 0.0 
0.903617 0.4041 0.0 
0.310794 0.212346 0.0 
0.239668 0.234533 0.0 
0.24989 0.19309 0.0 
0.249699 0.194543 0.0 
0.250066 0.193693 0.0 
0.256515 0.19797 0.0 
0.194792 0.00714454 0.0 
0.22684 0.242182 0.0 
0.467606 0.405063 0.0 
0.0788947 0.396124 0.0 
0.204854 0.00589027 0.0 
0.243163 0.228069 0.0 
0.416983 0.401055 0.0 
0.247948 0.184682 0.0 
0.150904 0.167348 0.0 
0.114301 0.189393 0.0 
0.249729 0.192291 0.0 
0.254735 0.199957 0.0 
0.254876 0.209849 0.0 
0.249583 0.191341 0.0 
0.197277 0.255092 0.0 
0.194287 0.396729 0.0 
0.117241 0.241593 0.0 
0.248237 0.185441 0.0 
1.12257 0.402806 0.0 
0.279217 0.145331 0.0 
1.64829 0.00662549 0.0 
1.35398 0.344148 0.0 
0.0536758 0.0179572 0.0 
1.35391 0.00702053 0.0 
0.238721 0.159213 0.0 
0.0266371 0.403868 0.0 
0.345983 0.162265 0.0 
0.242984 0.17353 0.0 
2.17539 0.0222368 0.0 
0.148526 0.198816 0.0 
0.326495 0.354749 0.0 
0.735675 0.013088 0.0 
0.247337 0.183045 0.0 
0.24474 0.227687 0.0 
0.067976 0.303338 0.0 
1.10652 0.397551 0.0 
0.249069 0.188333 0.0 
0.42716 0.344152 0.0 
0.132978 0.206809 0.0 
1.96424 0.326244 0.0 
0.142459 0.210817 0.0 
0.247108 0.182362 0.0 
0.204711 0.149734 0.0 
0.245723 0.178988 0.0 
0.15023 0.105166 0.0 
0.149848 0.198796 0.0 
0.251344 0.195137 0.0 
1.03179 0.0061124 0.0 
0.0721435 0.0236739 0.0 
0.240888 0.234122 0.0 
0.242385 0.173042 0.0 
0.242399 0.2344 0.0 
0.33407 0.291677 0.0 
0.243216 0.174858 0.0 
0.283755 0.200685 0.0 
0.459547 0.00578209 0.0 
0.168096 0.159902 0.0 
1.02468 0.403759 0.0 
1.94038 0.0111619 0.0 
0.102483 0.125373 0.0 
0.246653 0.182021 0.0 
0.406546 0.218767 0.0 
0.134028 0.106943 0.0 
2.2 0.103699 0.0 
0.23698 0.16581 0.0 
0.264288 0.209209 0.0 
0.243747 0.228849 0.0 
0.480433 0.00793893 0.0 
1.70997 0.41 0.0 
0.236779 0.240752 0.0 
0.246839 0.181707 0.0 
0.241147 0.232331 0.0 
2.18109 0.00808456 0.0 
0.246286 0.181097 0.0 
0.246524 0.180794 0.0 
0.501932 0.344575 0.0 
0.493945 0.403303 0.0 
0.244902 0.177324 0.0 
0.190751 0.106337 0.0 
0.246037 0.179494 0.0 
0.805731 0.00797904 0.0 
0.24318 0.230089 0.0 
0.516727 0.403068 0.0 
0.354644 0.198167 0.0 
0.243537 0.174595 0.0 
0.245436 0.178094 0.0 
0.213712 0.249622 0.0 
0.244543 0.17647 0.0 
2.08451 0.0423352 0.0 
0.0457104 0.220985 0.0 
1.48018 0.00629313 0.0 
0.241526 0.171717 0.0 
1.51688 0.00699053 0.0 
0.242708 0.174004 0.0 
0.198839 0.270678 0.0 
0.243158 0.174052 0.0 
0.244847 0.22936 0.0 
0.241766 0.172257 0.0 
1.54688 0.357683 0.0 
0.854485 0.0212932 0.0 
0.242094 0.17269 0.0 
0.24057 0.169949 0.0 
0.24088 0.17072 0.0 
1.4015 0.0852996 0.0 
1.6145 0.401263 0.0 
1.63502 0.00568706 0.0 
0.563468 0.0073102 0.0 
0.241082 0.171504 0.0 
0.458248 0.354488 0.0 
0.896455 0.0114034 0.0 
0.516003 0.00559473 0.0 
2.04361 0.0571196 0.0 
0.117349 0.173685 0.0 
0.241034 0.17104 0.0 
0.279602 0.198659 0.0 
1.36974 0.404368 0.0 
2.18954 0.00362871 0.0 
0.238166 0.167222 0.0 
0.240776 0.170391 0.0 
0.124751 0.182409 0.0 
0.179333 0.154099 0.0 
0.239095 0.168259 0.0 
2.13989 0.0360813 0.0 
2.11439 0.0273102 0.0 
1.58197 0.00600436 0.0 
0.240206 0.16987 0.0 
2.0513 0.00493653 0.0 
1.59148 0.357275 0.0 
0.239917 0.169893 0.0 
0.12643 0.17488 0.0 
0.239906 0.169473 0.0 
0.983928 0.40307 0.0 
0.239726 0.169171 0.0 
0.252541 0.198815 0.0 
2.04261 0.0342416 0.0 
1.59611 0.395329 0.0 
0 0.111127 0.0 
0.681359 0.402259 0.0 
0.252438 0.20148 0.0 
2.15536 0.00905612 0.0 
2.19443 0.41 0.0 
0.23931 0.169105 0.0 
0.238684 0.167784 0.0 
0.239386 0.16869 0.0 
0.994148 0.00634487 0.0 
1.63679 0.35008 0.0 
1.56773 0.00932068 0.0 
1.64859 0.0845646 0.0 
0.168253 0.289653 0.0 
0.00502824 0.41 0.0 
0.238688 0.16833 0.0 
1.05767 0.0155305 0.0 
1.53058 0.00597225 0.0 
0.240693 0.230413 0.0 
0.882674 0.3941 0.0 
1.98697 0.360337 0.0 
1.09262 0.402585 0.0 
1.89511 0.392448 0.0 
0.237622 0.166625 0.0 
0.788569 0.00567803 0.0 
1.89344 0.404838 0.0 
2.01068 0.381465 0.0 
0.218922 0.153386 0.0 
1.55972 0.00470848 0.0 
0.256227 0.168573 0.0 
0.237398 0.166817 0.0 
2.124 0.402437 0.0 
1.70655 0.402694 0.0 
1.05032 0.402196 0.0 
1.30698 0.00673132 0.0 
0.903058 0.396592 0.0 
1.07978 0.403147 0.0 
2.06786 0.0100491 0.0 
1.30677 0.351423 0.0 
1.04654 0.00736009 0.0 
1.08519 0.393109 0.0 
2.09796 0.00580983 0.0 
0.268903 0.198851 0.0 
0.612686 0.00805952 0.0 
1.8823 0.00927115 0.0 
1.42447 0.403884 0.0 
1.77504 0.00800785 0.0 
1.4672 0.00513075 0.0 
2.08345 0.0056922 0.0 
1.76305 0.0181201 0.0 
0 0.354149 0.0 
1.42756 0.396006 0.0 
1.71806 0.0143203 0.0 
1.88182 0.401946 0.0 
1.32583 0.404594 0.0 
1.07755 0.00786925 0.0 
0.884272 0.0204971 0.0 
0.237251 0.166217 0.0 
0.943911 0.00657485 0.0 
1.75372 0.405262 0.0 
1.79586 0.404853 0.0 
1.79748 0.00757045 0.0 
1.11455 0.00729808 0.0 
0.236731 0.16608 0.0 
1.90486 0.00673394 0.0 
1.26351 0.402402 0.0 
0.151271 0.184538 0.0 
0.154338 0.179153 0.0 
1.12462 0.00603638 0.0 
2.00253 0.00586809 0.0 
2.10294 0.402673 0.0 
1.98187 0.0165963 0.0 
1.34585 0.404515 0.0 
0.234795 0.163697 0.0 
0.600459 0.403921 0.0 
0.861216 0.4041 0.0 
2.17518 0.0134119 0.0 
0.804347 0.404474 0.0 
0.161949 0.167567 0.0 
1.707 0.342012 0.0 
1.14857 0.277961 0.0 
0.725188 0.402896 0.0 
0.598366 0.396881 0.0 
1.00398 0.404396 0.0 
0.236206 0.16493 0.0 
1.83211 0.404374 0.0 
2.12804 0.00783094 0.0 
0.255894 0.191032 0.0 
1.28361 0.399655 0.0 
0.668293 0.393722 0.0 
2.0475 0.272666 0.0 
0.765129 0.403795 0.0 
0.784392 0.404162 0.0 
0.65332 0.40289 0.0 
0.839569 0.00448474 0.0 
0.23605 0.165356 0.0 
1.44799 0.403605 0.0 
0.862594 0.396646 0.0 
1.81126 0.397477 0.0 
0.849497 0.402863 0.0 
0.822758 0.397657 0.0 
1.73923 0.405349 0.0 
0.203918 0.149782 0.0 
0.967037 0.00672318 0.0 
0.744365 0.404184 0.0 
0.76342 0.0054204 0.0 
0.235786 0.164507 0.0 
0.834473 0.0131003 0.0 
1.00626 0.00533304 0.0 
0.175364 0.156149 0.0 
2.18302 0.350667 0.0 
1.38202 0.402984 0.0 
0.250492 0.190921 0.0 
0.235319 0.164074 0.0 
0.235354 0.164646 0.0 
0.196015 0.14967 0.0 
0.228899 0.158837 0.0 
1.30634 0.404271 0.0 
0.874167 0.402776 0.0 
0.261499 0.175365 0.0 
0.675574 0.00514897 0.0 
0.230107 0.160083 0.0 
0.252615 0.228606 0.0 
0.690004 0.394037 0.0 
2.079 0.0233019 0.0 
0.226059 0.156941 0.0 
0.183904 0.252025 0.0 
1.90638 0.403384 0.0 
0.244434 0.169773 0.0 
0.241933 0.167355 0.0 
1.81081 0.00530619 0.0 
0.252491 0.209928 0.0 
0.654796 0.00542814 0.0 
0.146575 0.204405 0.0 
0.230587 0.159952 0.0 
1.66505 0.377169 0.0 
1.58929 0.40295 0.0 
2.12642 0.355668 0.0 
0.243069 0.168832 0.0 
2.02671 0.34965 0.0 
1.45714 0.382595 0.0 
0.149854 0.199699 0.0 
2.02412 0.00675234 0.0 
0.227582 0.157891 0.0 
0.282882 0.21634 0.0 
2.03369 0.318015 0.0 
1.27136 0.0247538 0.0 
0.282023 0.209227 0.0 
0.149541 0.207344 0.0 
2.1645 0.38197 0.0 
0.230895 0.16069 0.0 
2.15693 0.0497788 0.0 
0.14819 0.128112 0.0 
2.19477 0 0.0 
0.235728 0.163893 0.0 
0.187714 0.248818 0.0 
1.75715 0.10908 0.0 
0.130232 0.2328 0.0 
1.39945 0.360606 0.0 
2.14503 0.375193 0.0 
0.213461 0.151398 0.0 
1.88388 0.0694013 0.0 
0.229602 0.159454 0.0 
0.191538 0.147117 0.0 
0.157743 0.125995 0.0 
0.230126 0.159636 0.0 
0.229177 0.159162 0.0 
0.229307 0.159493 0.0 
0.227729 0.158199 0.0 
0.228343 0.158517 0.0 
2.00529 0.028163 0.0 
2.15838 0.347705 0.0 
0.222681 0.155138 0.0 
0.228496 0.158918 0.0 
0.203604 0.2506 0.0 
0.181851 0.1524 0.0 
2.1123 0.132633 0.0 
0.226666 0.157197 0.0 
2.06433 0.373621 0.0 
0.144522 0.206491 0.0 
0.248707 0.179751 0.0 
2.01294 0.0724973 0.0 
1.89381 0.288391 0.0 
1.28908 0.0620109 0.0 
0.22684 0.157818 0.0 
0.22702 0.157739 0.0 
1.83074 0.102254 0.0 
0.22384 0.155772 0.0 
0.0450252 0.00864774 0.0 
1.06304 0.00619615 0.0 
2.18515 0.00400539 0.0 
0.254811 0.195321 0.0 
0.221641 0.154632 0.0 
1.76839 0.0648475 0.0 
0.205323 0.149902 0.0 
1.53905 0.0855934 0.0 
0.144347 0.186747 0.0 
0.219956 0.15376 0.0 
1.81642 0.0336465 0.0 
1.88888 0.363393 0.0 
0.220757 0.154236 0.0 
1.8482 0.382792 0.0 
0.21795 0.153019 0.0 
0.179453 0.153001 0.0 
0.243396 0.226473 0.0 
0.652042 0.380713 0.0 
0.243439 0.170556 0.0 
0.244237 0.171633 0.0 
0.208579 0.150487 0.0 
1.99053 0.110029 0.0 
0.216185 0.152296 0.0 
1.63005 0.375007 0.0 
1.92385 0.100407 0.0 
0.245075 0.173265 0.0 
0.212797 0.151288 0.0 
1.29183 0.323579 0.0 
0.175099 0.244055 0.0 
1.93498 0.368891 0.0 
1.68125 0.291126 0.0 
1.99629 0.0458857 0.0 
1.78072 0.0364614 0.0 
0.217061 0.152657 0.0 
0.204468 0.150202 0.0 
1.62006 0.226729 0.0 
1.84117 0.023899 0.0 
1.89941 0.331379 0.0 
1.05009 0.284782 0.0 
0.177233 0.245463 0.0 
1.96046 0.0321272 0.0 
0.290355 0.196282 0.0 
1.4961 0.366127 0.0 
0.144407 0.190606 0.0 
0.231475 0.160521 0.0 
0.256247 0.208714 0.0 
0.172041 0.241896 0.0 
0.215241 0.152125 0.0 
0.253842 0.2059 0.0 
0.214743 0.151869 0.0 
2.07979 0.0866997 0.0 
0.214206 0.151596 0.0 
0.212272 0.151255 0.0 
0.249995 0.199503 0.0 
1.6953 0.383988 0.0 
1.82806 0.0611275 0.0 
0.214216 0.152066 0.0 
0.628491 0.323153 0.0 
0.247725 0.183701 0.0 
1.45642 0.36085 0.0 
0.188485 0.249221 0.0 
0.21326 0.151793 0.0 
0.210565 0.1508 0.0 
0.166886 0.279607 0.0 
0.200601 0.250814 0.0 
2.13391 0.0846965 0.0 
0.203374 0.149867 0.0 
0.210363 0.151088 0.0 
0.667622 0.403558 0.0 
0.209373 0.150598 0.0 
0.258477 0.249903 0.0 
0.186924 0.151331 0.0 
0.201949 0.149728 0.0 
0.207895 0.150231 0.0 
1.24611 0.377808 0.0 
0.25748 0.1542 0.0 
0.205926 0.150075 0.0 
2.17141 0.0780164 0.0 
0.251579 0.161754 0.0 
1.16955 0.368574 0.0 
1.56133 0.323656 0.0 
0.352822 0.185675 0.0 
0.197583 0.14981 0.0 
0.912937 0.0191525 0.0 
0.465183 0.209849 0.0 
1.28709 0.370428 0.0 
0.177946 0.149153 0.0 
0.250241 0.262365 0.0 
0.202683 0.149723 0.0 
0.202484 0.150064 0.0 
0.201141 0.149692 0.0 
0.607506 0.185802 0.0 
1.59257 0.107503 0.0 
0.201491 0.150025 0.0 
0.244058 0.224662 0.0 
0.250695 0.203576 0.0 
0.228321 0.249743 0.0 
1.32828 0.382846 0.0 
0.20005 0.149687 0.0 
1.18589 0.0438248 0.0 
0.261492 0.146415 0.0 
0.22729 0.157532 0.0 
1.19376 0.356003 0.0 
1.03281 0.365642 0.0 
0.200572 0.149656 0.0 
0.200497 0.150005 0.0 
0.198506 0.149776 0.0 
1.50315 0.131601 0.0 
1.35402 0.312688 0.0 
1.12586 0.135715 0.0 
0.371179 0.184823 0.0 
0.246503 0.180116 0.0 
1.16174 0.0257261 0.0 
1.14052 0.0184038 0.0 
0.199444 0.149756 0.0 
1.36738 0.0470051 0.0 
0.196758 0.149868 0.0 
1.29329 0.273672 0.0 
1.54604 0.258617 0.0 
1.08426 0.0160084 0.0 
0.95364 0.355359 0.0 
0.150055 0.184913 0.0 
0.23284 0.23863 0.0 
0.250074 0.192375 0.0 
0.1953 0.14995 0.0 
0.153146 0.219061 0.0 
0.245207 0.223145 0.0 
0.149675 0.199063 0.0 
0.252655 0.224094 0.0 
1.05247 0.323626 0.0 
0.983933 0.364431 0.0 
1.08765 0.0926832 0.0 
0.229706 0.158668 0.0 
1.17431 0.222139 0.0 
0.194454 0.150007 0.0 
1.19623 0.0695305 0.0 
0.976969 0.309111 0.0 
0.233741 0.237943 0.0 
0.169453 0.240567 0.0 
0.490539 0.139731 0.0 
1.4796 0.0819094 0.0 
0.321301 0.215286 0.0 
0.241959 0.170704 0.0 
1.96542 0.22352 0.0 
0.184646 0.152085 0.0 
1.15655 0.324291 0.0 
0.193488 0.150102 0.0 
0.985539 0.025927 0.0 
1.01239 0.106378 0.0 
0.249555 0.188484 0.0 
0.191439 0.150331 0.0 
0.222868 0.245246 0.0 
0.192435 0.150211 0.0 
0.142138 0.197473 0.0 
0.250595 0.199629 0.0 
0.446527 0.0724917 0.0 
0.162608 0.244502 0.0 
0.172988 0.157406 0.0 
1.52299 0.0536267 0.0 
0.834093 0.326886 0.0 
0.250618 0.197656 0.0 
0.309794 0.110598 0.0 
0.185389 0.151754 0.0 
0.816837 0.259204 0.0 
0.945059 0.380167 0.0 
0.189637 0.151088 0.0 
0.1893 0.150677 0.0 
0.834269 0.36249 0.0 
1.02945 0.0695223 0.0 
0.149311 0.204535 0.0 
1.19378 0.0189344 0.0 
1.39311 0.278248 0.0 
0.250562 0.206201 0.0 
0.188314 0.151057 0.0 
0.249658 0.228236 0.0 
0.948889 0.394282 0.0 
0.187649 0.151276 0.0 
0.160165 0.230972 0.0 
0.609868 0.118932 0.0 
0.250675 0.204595 0.0 
0.300532 0.222835 0.0 
0.186215 0.151428 0.0 
0.173941 0.156861 0.0 
0.245989 0.17787 0.0 
0.164605 0.236624 0.0 
0.182854 0.152673 0.0 
0.211159 0.249493 0.0 
0.254709 0.219062 0.0 
0.150946 0.212635 0.0 
0.254139 0.17428 0.0 
0.272829 0.167527 0.0 
0.219217 0.246874 0.0 
0.161439 0.232982 0.0 
0.18385 0.152307 0.0 
0.153959 0.17984 0.0 
0.0566799 0.00743201 0.0 
2.19096 0.0158602 0.0 
0.249977 0.208342 0.0 
1.11509 0.368959 0.0 
0.158776 0.229647 0.0 
0.237685 0.166065 0.0 
0.71621 0.232735 0.0 
0.261048 0.22204 0.0 
0.787435 0.38018 0.0 
0.154974 0.223826 0.0 
0.0805639 0.121982 0.0 
1.61341 0.0267809 0.0 
0.149213 0.196451 0.0 
1.06441 0.348205 0.0 
0.24315 0.172963 0.0 
0.180952 0.153407 0.0 
0.197097 0.149559 0.0 
0.242832 0.227327 0.0 
0.192579 0.250223 0.0 
0.248549 0.183032 0.0 
0.244194 0.1747 0.0 
0.270395 0.202221 0.0 
0.999042 0.340178 0.0 
0.171235 0.24188 0.0 
0.303744 0.180498 0.0 
0.252578 0.175723 0.0 
0.214647 0.151074 0.0 
0.181866 0.153028 0.0 
0.749328 0.377646 0.0 
0.634892 0.00603756 0.0 
0.19911 0.251027 0.0 
0.270663 0.190209 0.0 
0.185256 0.248659 0.0 
0.151381 0.214422 0.0 
0.437826 0.165956 0.0 
0.27884 0.29004 0.0 
0.0520344 0.41 0.0 
0.180088 0.15382 0.0 
0.178562 0.154412 0.0 
0.520414 0.0559376 0.0 
0.203115 0.149492 0.0 
1.85516 0.404324 0.0 
0.354849 0.370173 0.0 
0.635961 0.274876 0.0 
1.1256 0.0334028 0.0 
0.261506 0.209517 0.0 
0.176969 0.155195 0.0 
0.176152 0.155674 0.0 
0.893712 0.297066 0.0 
0.4997 0.368083 0.0 
0.914141 0.249966 0.0 
0.109367 0.177871 0.0 
0.131728 0.172109 0.0 
0.205651 0.149533 0.0 
0.1777 0.154754 0.0 
0.113266 0.2013 0.0 
0.515971 0.205125 0.0 
0.150546 0.187123 0.0 
0.172364 0.157416 0.0 
0.146151 0.179623 0.0 
0.247282 0.181936 0.0 
0.232506 0.161441 0.0 
0.193616 0.250156 0.0 
0.201395 0.149394 0.0 
0.00908344 0.0195476 0.0 
0.155679 0.225027 0.0 
0.172295 0.158007 0.0 
0.220398 0.246444 0.0 
0.22639 0.120784 0.0 
0.183722 0.248048 0.0 
0.426436 0.123225 0.0 
0.107278 0.191708 0.0 
0.449235 0.404819 0.0 
0.151758 0.21529 0.0 
0.229532 0.241405 0.0 
0.168484 0.239845 0.0 
0.205419 0.250484 0.0 
0.202802 0.250711 0.0 
0.149655 0.193468 0.0 
0.523389 0.0352945 0.0 
0.256213 0.173113 0.0 
1.53296 0.377711 0.0 
2.2 0.1664 0.0 
0.217041 0.152054 0.0 
0.16782 0.16087 0.0 
0.268037 0.219207 0.0 
0.174712 0.156599 0.0 
0.425045 0.394147 0.0 
0.149633 0.199658 0.0 
0.15979 0.16939 0.0 
0.2081 0.14976 0.0 
0.162401 0.165739 0.0 
0.0469116 0.37595 0.0 
0.323914 0.312103 0.0 
0.232124 0.107529 0.0 
0.51258 0.168305 0.0 
0.202948 0.148452 0.0 
0.163134 0.165395 0.0 
0.279896 0.206981 0.0 
0.170026 0.159032 0.0 
0.251821 0.219727 0.0 
0.171611 0.15829 0.0 
0.271607 0.211578 0.0 
0.241762 0.229399 0.0 
0.0293624 0.283324 0.0 
0.149466 0.199253 0.0 
0.473457 0.0514692 0.0 
0.380335 0.0802505 0.0 
0.489924 0.234997 0.0 
0.63992 0.0982779 0.0 
0.175277 0.155751 0.0 
0.209465 0.249837 0.0 
1.93022 0.396793 0.0 
0.155736 0.404809 0.0 
0.17091 0.158788 0.0 
0.224405 0.244542 0.0 
0.194976 0.149658 0.0 
0.165665 0.162935 0.0 
0.150025 0.198509 0.0 
0.218442 0.152869 0.0 
0.255313 0.20466 0.0 
0.164068 0.164197 0.0 
0.152631 0.181425 0.0 
0.188445 0.150698 0.0 
0.145883 0.195653 0.0 
0.106817 0.314497 0.0 
0.255783 0.222573 0.0 
0.280008 0.41 0.0 
0.143822 0.192673 0.0 
0.220636 0.256801 0.0 
0.170481 0.159317 0.0 
0.113317 0.195586 0.0 
0.171504 0.158918 0.0 
0.223284 0.155113 0.0 
0.25756 0.22623 0.0 
0.166117 0.162251 0.0 
0.393617 0.268993 0.0 
0.205578 0.258292 0.0 
0.256094 0.220521 0.0 
0.212 0.14639 0.0 
0.155417 0.175131 0.0 
2.12344 0 0.0 
0.434723 0.0210786 0.0 
0.255628 0.235538 0.0 
0.217983 0.113297 0.0 
0.242024 0.171299 0.0 
0.272846 0.178248 0.0 
1.54681 0.404217 0.0 
0.571999 0.402875 0.0 
0.271763 0.21784 0.0 
0.141328 0.18469 0.0 
0.169812 0.159645 0.0 
0.16833 0.160855 0.0 
0.192767 0.149791 0.0 
0.250259 0.199774 0.0 
0.0650038 0.279456 0.0 
0.261362 0.187574 0.0 
0.273391 0.193898 0.0 
0.169893 0.160083 0.0 
0.156587 0.225334 0.0 
0.56533 0.0406388 0.0 
0.169417 0.160037 0.0 
0.210361 0.150339 0.0 
0.269467 0.181887 0.0 
0.167075 0.162006 0.0 
0.393599 0.123321 0.0 
1.22577 0.328816 0.0 
0.248715 0.223184 0.0 
0.779689 0.347668 0.0 
0.240987 0.228632 0.0 
0.144483 0.221961 0.0 
0.255977 0.0890052 0.0 
0.46923 0.00545635 0.0 
0.322118 0.393778 0.0 
0.266452 0.190919 0.0 
2.18369 0.395052 0.0 
0.198939 0.132083 0.0 
0.169105 0.160379 0.0 
0.169105 0.16069 0.0 
1.0497 0.213492 0.0 
0.481832 0.404889 0.0 
1.17717 0.403572 0.0 
0.261338 0.195319 0.0 
0.327212 0.189543 0.0 
0.16217 0.166837 0.0 
0.267144 0.244993 0.0 
0.179403 0.394153 0.0 
0.295629 0.12448 0.0 
0.323633 0.139019 0.0 
0.167928 0.161236 0.0 
2.03612 0.00691454 0.0 
0.168714 0.160686 0.0 
0.312066 0.333299 0.0 
0.352238 0.238925 0.0 
0.167562 0.161583 0.0 
0.263067 0.193964 0.0 
1.25894 0.351458 0.0 
0.302086 0.20711 0.0 
1.65202 0.402046 0.0 
0.266274 0.263754 0.0 
0.143607 0.146311 0.0 
0.250138 0.186834 0.0 
0.167567 0.161949 0.0 
0.0984753 0.158287 0.0 
0.364637 0.0270251 0.0 
0.163189 0.16582 0.0 
0.149378 0.205351 0.0 
1.22709 0.289207 0.0 
0.387368 0.191826 0.0 
2.10423 0.31086 0.0 
0.546822 0.0874652 0.0 
0.147868 0.047447 0.0 
0.428672 0.376143 0.0 
0.0981717 0.17843 0.0 
0.200237 0.311382 0.0 
0.354184 0.220719 0.0 
0.258061 0.166105 0.0 
0.349991 0.144514 0.0 
0.308845 0.0279068 0.0 
0.250302 0.14813 0.0 
0.534147 0.280381 0.0 
0.257094 0.207226 0.0 
0.682483 0.0394868 0.0 
0.269794 0.215065 0.0 
0.266034 0.224299 0.0 
1.18691 0.405123 0.0 
2.11 0.392963 0.0 
0.166388 0.162542 0.0 
0.164745 0.164079 0.0 
0.13036 0.0313159 0.0 
0.242277 0.228782 0.0 
0.163686 0.165285 0.0 
0.154395 0.23346 0.0 
0.303828 0.00615262 0.0 
0.731568 0.347442 0.0 
0.164181 0.164597 0.0 
0.294125 0.190543 0.0 
0.162601 0.166239 0.0 
0.194977 0.144681 0.0 
0.257796 0.178598 0.0 
0.231875 0.161048 0.0 
0.196003 0.329126 0.0 
0.308178 0.273542 0.0 
0.228035 0.242124 0.0 
0.162602 0.166817 0.0 
0.168686 0.160319 0.0 
0.258245 0.244325 0.0 
0.137478 0.255223 0.0 
0.136651 0.1819 0.0 
0.254808 0.226419 0.0 
0.180368 0.153203 0.0 
0.396623 0.179304 0.0 
0.276712 0.217959 0.0 
0.161396 0.16766 0.0 
0.139973 0.2155 0.0 
0.153574 0.180617 0.0 
0.173639 0.244687 0.0 
0.561518 0.315216 0.0 
0.275657 0.191844 0.0 
0.23272 0.3464 0.0 
0.167081 0.238527 0.0 
0.534666 0.381752 0.0 
2.2 0.0608685 0.0 
0.158738 0.171141 0.0 
0.0559232 0.173583 0.0 
0.224958 0.380564 0.0 
0.429827 0.41 0.0 
0.1366 0.208245 0.0 
0.254438 0.211967 0.0 
0.206074 0.130555 0.0 
0.339567 0.10393 0.0 
0.288743 0.227512 0.0 
0.247727 0.171725 0.0 
0.219874 0.276173 0.0 
0.151281 0.231088 0.0 
0.271414 0.186398 0.0 
0.265816 0.236594 0.0 
0.269192 0.195166 0.0 
2.14251 0.00891336 0.0 
0.198849 0.26084 0.0 
0.160886 0.168295 0.0 
0.295289 0.0574158 0.0 
1.46069 0.402509 0.0 
0.159935 0.169705 0.0 
1.95106 0.396447 0.0 
0.15952 0.170132 0.0 
0.387259 0.379822 0.0 
0.295954 0.262949 0.0 
0.25134 0.199076 0.0 
0.159493 0.170693 0.0 
0.250423 0.192947 0.0 
0.13515 0.196032 0.0 
0.261413 0.199643 0.0 
0.153938 0.345672 0.0 
0.236072 0.322581 0.0 
1.91303 0.0143887 0.0 
0.159128 0.170569 0.0 
0.403136 0.0683551 0.0 
0.356689 0.0880726 0.0 
0.243635 0.254195 0.0 
0.278298 0.201706 0.0 
0.132892 0.146763 0.0 
0.287987 0.214062 0.0 
0.277223 0.197772 0.0 
0.145279 0.0899581 0.0 
0.264561 0.185543 0.0 
2.12113 0.0551971 0.0 
0.22752 0.00755555 0.0 
1.36817 0.395514 0.0 
0.263985 0.0268138 0.0 
0.205571 0.0259617 0.0 
0.254792 0.231255 0.0 
0.0193468 0.0162454 0.0 
0.183601 0.259246 0.0 
0.299429 0.196283 0.0 
0.262633 0.181878 0.0 
0.123524 0.190301 0.0 
0.277605 0.17104 0.0 
0.148746 0.197868 0.0 
0.15847 0.171646 0.0 
0.245527 0.16885 0.0 
0.800823 0.065705 0.0 
0.158918 0.171504 0.0 
1.67709 0.135273 0.0 
0.15762 0.173007 0.0 
0.033586 0.235818 0.0 
0.158178 0.172259 0.0 
0.252279 0.241478 0.0 
0.361221 0.0146073 0.0 
0.156315 0.175259 0.0 
0.470508 0.0286029 0.0 
2.18349 0.0192946 0.0 
0.136994 0.213739 0.0 
1.65147 0.0304942 0.0 
0.108375 0.205843 0.0 
0.110534 0.144085 0.0 
0.251095 0.17962 0.0 
0.262863 0.205313 0.0 
0.439922 0.00645964 0.0 
0.157292 0.174004 0.0 
1.37081 0.00638899 0.0 
0.250663 0.235425 0.0 
0.255737 0.186626 0.0 
0.156582 0.17476 0.0 
0.299906 0.192333 0.0 
0.206842 0.269732 0.0 
0.145566 0.184072 0.0 
0.149449 0.202212 0.0 
0.156293 0.175722 0.0 
0.447722 0.314782 0.0 
0.0972309 0.168199 0.0 
0.241376 0.228802 0.0 
0.136796 0.324311 0.0 
0.155699 0.176195 0.0 
0.323216 0.205413 0.0 
0.207812 0.142373 0.0 
0.123574 0.185269 0.0 
0.28146 0.203908 0.0 
0.155374 0.163887 0.0 
1.42197 0.00829803 0.0 
0.149097 0.200104 0.0 
0.702631 0.0685956 0.0 
0.178393 0.268316 0.0 
0.137742 0.231069 0.0 
0.238016 0.238792 0.0 
0.0496645 0.332241 0.0 
0.105124 0.245031 0.0 
0.186335 0.146728 0.0 
0.301713 0.0151114 0.0 
0.264494 0.200065 0.0 
0.190369 0.0919651 0.0 
0.258833 0.1819 0.0 
0.111618 0.0895818 0.0 
0.251178 0.200799 0.0 
0.903183 0.385698 0.0 
0 0.269041 0.0 
0.25186 0.198877 0.0 
0.305443 0.195533 0.0 
0.352375 0.302221 0.0 
0.155819 0.176596 0.0 
1.96554 0.403587 0.0 
0.232913 0.251366 0.0 
0.155449 0.176644 0.0 
0.207437 0.13765 0.0 
1.55209 0.0199734 0.0 
0.160133 0.163351 0.0 
0.155331 0.17712 0.0 
0.162488 0.237779 0.0 
0.657917 0.357289 0.0 
1.66579 0.00459159 0.0 
0.256209 0.175481 0.0 
0.33566 0.402993 0.0 
0.244935 0.225751 0.0 
0.140806 0.135913 0.0 
0.153443 0.00509527 0.0 
2.17627 0.401036 0.0 
0.00837713 0.39451 0.0 
0.163289 0.235913 0.0 
0.250364 0.200528 0.0 
0.169595 0.263658 0.0 
0.205907 0.254005 0.0 
0.253394 0.184768 0.0 
0.254833 0.188751 0.0 
0.19134 0.251576 0.0 
0.225858 0.146509 0.0 
0.149463 0.200762 0.0 
0.956074 0.402526 0.0 
0.189683 0.143633 0.0 
0.170813 0.147717 0.0 
0.283484 0.189584 0.0 
0.0560925 0.402331 0.0 
0.25911 0.18951 0.0 
0.155362 0.177479 0.0 
0.202018 0.25151 0.0 
0.437713 0.217715 0.0 
0.427013 0.0506377 0.0 
0.222075 0.154572 0.0 
0.155067 0.177644 0.0 
0.260309 0.178162 0.0 
0.086162 0.0656847 0.0 
0.138634 0.194874 0.0 
0.149785 0.204838 0.0 
0.154763 0.178008 0.0 
0.213904 0.39076 0.0 
0.203976 0.251616 0.0 
1.40457 0.00458915 0.0 
1.47022 0.0120598 0.0 
0.125036 0.237706 0.0 
0.255636 0.184162 0.0 
0.154923 0.178371 0.0 
0.689066 0.00569651 0.0 
0.272956 0.221601 0.0 
0.152759 0.154418 0.0 
0.130848 0.194956 0.0 
0.252922 0.182417 0.0 
1.41592 0.0305674 0.0 
0.553296 0.404656 0.0 
1.3997 0.403601 0.0 
1.67246 0.399156 0.0 
1.32638 0.00663344 0.0 
0.136202 0.200968 0.0 
0.142485 0.200483 0.0 
0.190391 0.127818 0.0 
0.153719 0.178815 0.0 
0.145021 0.210888 0.0 
0.203092 0.147148 0.0 
0.113278 0.22475 0.0 
0.15068 0.189967 0.0 
0.366762 0.256477 0.0 
0.742027 0.0430865 0.0 
0.149657 0.202741 0.0 
0.10449 0.0623003 0.0 
0.135028 0.192943 0.0 
0.286628 0.038947 0.0 
0.127142 0.212484 0.0 
0.154548 0.178457 0.0 
0.285268 0.185241 0.0 
0.141645 0.196093 0.0 
0.250422 0.214331 0.0 
0.153274 0.181281 0.0 
0.169976 0.242032 0.0 
0.305614 0.24566 0.0 
2.2 0.40421 0.0 
0.13224 0.212851 0.0 
0.246507 0.229276 0.0 
0.157956 0.228046 0.0 
0.252015 0.339801 0.0 
0.268278 0.203934 0.0 
0.257538 0.224831 0.0 
1.49571 0.404757 0.0 
0.247047 0.237535 0.0 
0.135281 0.189259 0.0 
2.16876 0.0318664 0.0 
0.361861 0.390082 0.0 
0.24641 0.227761 0.0 
0.528457 0.242775 0.0 
0.917432 0.403182 0.0 
0.287746 0.18099 0.0 
0.268688 0.19139 0.0 
0.131996 0.185526 0.0 
0.152935 0.182054 0.0 
0.369256 0.219768 0.0 
2.17758 0.367892 0.0 
0.249495 0.171626 0.0 
0.152556 0.18315 0.0 
0.148713 0.193779 0.0 
1.69265 0.0149517 0.0 
0.151788 0.185351 0.0 
0.251865 0.200819 0.0 
1.81038 0.0168571 0.0 
0.166357 0.160181 0.0 
0.0883566 0.326485 0.0 
0.168379 0.241323 0.0 
0.260678 0.193886 0.0 
0.910428 0 0.0 
0.120624 0.016684 0.0 
0.247364 0.220292 0.0 
0.156332 0.168891 0.0 
0.316276 0.257497 0.0 
0.377726 0.173126 0.0 
0.531349 0.00920546 0.0 
0.152228 0.184575 0.0 
1.79396 0.398425 0.0 
1.06754 0.379811 0.0 
1.72957 0.40553 0.0 
0.618789 0.0348191 0.0 
0.102256 0.39464 0.0 
0.283568 0.172722 0.0 
1.87864 0.381005 0.0 
0.152247 0.184132 0.0 
0.244415 0.0712757 0.0 
1.15601 0.00590031 0.0 
0.15206 0.185035 0.0 
1.2065 0.00573325 0.0 
0.129044 0.260728 0.0 
0.0965425 0.103545 0.0 
1.27024 0.39415 0.0 
1.87882 0.166807 0.0 
0.256383 0.13675 0.0 
0.308147 0.226995 0.0 
0.480519 0.276214 0.0 
1.61449 0.38912 0.0 
0.156784 0.225142 0.0 
0.534148 0.0243411 0.0 
0.302376 0.174298 0.0 
0.713754 0.00655562 0.0 
2.18119 0.303232 0.0 
0.341405 0.386345 0.0 
0.168055 0.153552 0.0 
0.257593 0.218719 0.0 
0.245543 0.230514 0.0 
0.152358 0.184834 0.0 
0.151722 0.185904 0.0 
0.179862 0.247412 0.0 
0.502976 0.0201695 0.0 
0.274196 0.161903 0.0 
0.24772 0.230228 0.0 
0.14979 0.19995 0.0 
0.314782 0.201845 0.0 
0.368565 0.234509 0.0 
0.13649 0.20291 0.0 
2.06006 0.393459 0.0 
0.31154 0.193282 0.0 
0.121401 0.223502 0.0 
0.284742 0.219913 0.0 
0.316504 0.0446999 0.0 
0.151318 0.187784 0.0 
0.149594 0.199983 0.0 
0.203243 0.402861 0.0 
2.15449 0.0204971 0.0 
0.766278 0.393683 0.0 
0.236543 0.235051 0.0 
0.243686 0.232901 0.0 
1.75324 0.00775004 0.0 
0.205972 0.263186 0.0 
1.58342 0.012353 0.0 
0.289667 0.209092 0.0 
0.26945 0.253731 0.0 
2.04473 0.40293 0.0 
0.308795 0.203259 0.0 
0.151793 0.18674 0.0 
0.026019 0.00818713 0.0 
0.261554 0.190411 0.0 
0.155025 0.174172 0.0 
0.340451 0.0539219 0.0 
0.137153 0.20542 0.0 
0.142987 0.213491 0.0 
0.248782 0.186648 0.0 
1.18124 0.00684082 0.0 
1.52435 0.392848 0.0 
0.247283 0.17998 0.0 
0.93128 0.403949 0.0 
0.249878 0.190601 0.0 
1.96346 0.00566402 0.0 
0.250897 0.207319 0.0 
0.150652 0.189286 0.0 
0.151002 0.188267 0.0 
0.193403 0.365602 0.0 
0.485736 0.0192271 0.0 
0.20625 0.251362 0.0 
0.859557 0 0.0 
0.139657 0.16306 0.0 
0.248751 0.213401 0.0 
0.391999 0.162379 0.0 
0.286519 0.190971 0.0 
0.383941 0.0441041 0.0 
0.141425 0.193227 0.0 
1.92435 0.00481312 0.0 
0.586089 0.0141895 0.0 
0.251419 0.190022 0.0 
0.278625 0.247249 0.0 
0.251282 0.205446 0.0 
0.256227 0.16028 0.0 
0.149562 0.191504 0.0 
1.83474 0.00556849 0.0 
1.02667 0.0163199 0.0 
0.262282 0.12188 0.0 
0.145429 0.194054 0.0 
1.28865 0.00540078 0.0 
1.85805 0.00549851 0.0 
0.403819 0.393786 0.0 
0.248842 0.217035 0.0 
0.321706 0.245603 0.0 
0.252729 0.2146 0.0 
0.40445 0.00572674 0.0 
0.271172 0.353827 0.0 
0.173171 0.242884 0.0 
0.149586 0.211153 0.0 
0.893849 0 0.0 
0.527324 0.404479 0.0 
0.263929 0.190457 0.0 
2.01091 0.395462 0.0 
0.244129 0.226531 0.0 
1.8531 0.396346 0.0 
0.118115 0.198959 0.0 
1.66293 0.393597 0.0 
0.151088 0.189637 0.0 
0.234862 0.238351 0.0 
0.22226 0.248891 0.0 
0.149184 0.198308 0.0 
0.176722 0.315386 0.0 
0.172494 0.242394 0.0 
0.148993 0.207207 0.0 
0.149992 0.194258 0.0 
0.271701 0.228416 0.0 
0.250971 0.210062 0.0 
2.01869 0.404047 0.0 
1.21704 0.00662317 0.0 
0.741244 0.00494329 0.0 
0.251561 0.20297 0.0 
0.256226 0.200069 0.0 
0.0870543 0.0176883 0.0 
0.252583 0.190869 0.0 
0.24946 0.248715 0.0 
0.149853 0.198324 0.0 
0.150217 0.1913 0.0 
0.206537 0.149905 0.0 
0.141607 0.180762 0.0 
1.97412 0.00723215 0.0 
0.227887 0.255274 0.0 
0.174805 0.154523 0.0 
0.25449 0.11255 0.0 
0.133922 0.20433 0.0 
1.69801 0.394308 0.0 
0.153308 0.247625 0.0 
0.23943 0.156129 0.0 
0.172067 0.245976 0.0 
0.254532 0.190808 0.0 
0.0989052 0.194934 0.0 
0.149931 0.194835 0.0 
0.2549 0.192565 0.0 
0.150503 0.190769 0.0 
0.247251 0.218661 0.0 
0.150108 0.193487 0.0 
0.150557 0.192572 0.0 
0.241755 0.159029 0.0 
0.150419 0.193556 0.0 
0.156775 0.0718294 0.0 
0.195318 0.250387 0.0 
1.53468 0.402576 0.0 
0.152947 0.227127 0.0 
0.188455 0.271465 0.0 
2.14791 0.404904 0.0 
0.63476 0.0155627 0.0 
0.141611 0.169548 0.0 
2.19661 0.00313955 0.0 
1.34535 0.396336 0.0 
0.0514777 0.150004 0.0 
0.212221 0.149755 0.0 
0.51793 0.109245 0.0 
0.248751 0.185712 0.0 
0.149621 0.0101982 0.0 
0.298425 0.394266 0.0 
1.19106 0.398044 0.0 
2.19749 0 0.0 
0.207234 0.150022 0.0 
0.170878 0.138515 0.0 
0.0342654 0.0737385 0.0 
0.149887 0.197119 0.0 
1.26604 0.00627659 0.0 
1.24401 0.00809954 0.0 
0.162451 0.164068 0.0 
0.111134 0.211463 0.0 
0.231437 0.143243 0.0 
0.334192 0.183564 0.0 
0.150301 0.194543 0.0 
0.35478 0.277849 0.0 
0.241895 0.230496 0.0 
0.416738 0.41 0.0 
1.29838 0.0145862 0.0 
2.2 0.00261574 0.0 
0.0624723 0.391267 0.0 
0.24637 0.170356 0.0 
0.200438 0.149337 0.0 
1.04491 0.39218 0.0 
0.227154 0.246079 0.0 
0.674011 0.0136094 0.0 
0.141669 0.235518 0.0 
0.263288 0.211438 0.0 
0.100575 0.341549 0.0 
0.323273 0.194328 0.0 
0.0295174 0.39372 0.0 
0.229961 0.0316865 0.0 
0.424367 0.206256 0.0 
1.47296 0.404145 0.0 
0.154271 0.224348 0.0 
1.15488 0.402327 0.0 
0.824446 0.404695 0.0 
0.267155 0.151971 0.0 
0.0964035 0.234834 0.0 
0.282832 0.235283 0.0 
0.392824 0.027935 0.0 
0.213929 0.252072 0.0 
0.178849 0.352696 0.0 
0.23694 0.163586 0.0 
0.213432 0.248877 0.0 
0.149908 0.195375 0.0 
0.293514 0.237817 0.0 
1.7429 0.00629642 0.0 
1.94339 0.00468843 0.0 
0.198951 0.0506508 0.0 
0.333766 0.19442 0.0 
0.783141 0.0277794 0.0 
0.150202 0.195532 0.0 
0.196503 0.384928 0.0 
0.551197 0.0159717 0.0 
0.0901995 0.248397 0.0 
0.157242 0.172967 0.0 
0.295926 0.172753 0.0 
1.4511 0.0157182 0.0 
2.1738 0.00580268 0.0 
2.18561 0.403617 0.0 
0.212978 0.141234 0.0 
0.137539 0.186542 0.0 
0.277687 0.393913 0.0 
0.135886 0.366395 0.0 
0.150064 0.197516 0.0 
0.252994 0.189003 0.0 
0.176591 0.153959 0.0 
0.439699 0.191464 0.0 
1.33927 0.0119423 0.0 
0.215335 0.248218 0.0 
0.151107 0.183289 0.0 
1.84777 0.363227 0.0 
0.149876 0.195962 0.0 
0 0.405 0.0 
0.370066 0.200474 0.0 
0.066315 0.355993 0.0 
0.261042 0.180903 0.0 
1.02168 0.393931 0.0 
0.298823 0.166915 0.0 
0.117213 0.182537 0.0 
0.324547 0.403871 0.0 
0.159684 0.252548 0.0 
0.376095 0.00603957 0.0 
0.332465 0.202964 0.0 
0.238199 0.234744 0.0 
0.343941 0.396273 0.0 
1.43174 0.00525124 0.0 
0.244623 0.166566 0.0 
0.0193002 0.190129 0.0 
2.0839 0.402101 0.0 
0.16662 0.160964 0.0 
0.299454 0.0930197 0.0 
0.653765 0.0124677 0.0 
0.172802 0.242315 0.0 
0.284405 0.242092 0.0 
2.18573 0.030486 0.0 
0.156114 0.226989 0.0 
0.178436 0.25211 0.0 
0.239848 0.168713 0.0 
0.149868 0.197746 0.0 
0.165876 0.157838 0.0 
0.255416 0.397554 0.0 
0.28827 0.0241798 0.0 
1.45203 0.395204 0.0 
0.25854 0.175105 0.0 
0.18644 0.248942 0.0 
1.95419 0.404787 0.0 
0.104247 0.0156447 0.0 
0.203573 0.114065 0.0 
0.185323 0.302065 0.0 
1.87193 0.0197311 0.0 
0.291036 0.201148 0.0 
0.223719 0.0179596 0.0 
0.150557 0.207428 0.0 
0.238226 0.165155 0.0 
0.123777 0.217527 0.0 
1.24778 0.0365119 0.0 
1.31085 0.396317 0.0 
0.417383 0.0246701 0.0 
0.146753 0.196935 0.0 
0.379242 0.209327 0.0 
0.17686 0.154669 0.0 
0.278698 0.225656 0.0 
0.148451 0.196937 0.0 
0.313793 0.17735 0.0 
0.170078 0.252279 0.0 
0.217241 0.247283 0.0 
0.0324699 0.0192774 0.0 
0.260176 0.218504 0.0 
0.129206 0.217242 0.0 
0.241387 0.231372 0.0 
1.2515 0.393536 0.0 
0.386626 0.226286 0.0 
0.149551 0.195787 0.0 
0.344253 0.12741 0.0 
0.223725 0.140681 0.0 
0.428654 0.00893313 0.0 
0.135796 0.217222 0.0 
2.13256 0.394896 0.0 
0.147871 0.197649 0.0 
1.89166 0.0293699 0.0 
0.22498 0.152303 0.0 
0.201974 0.100322 0.0 
0.161992 0.235396 0.0 
0.151192 0.187466 0.0 
0.251773 0.197194 0.0 
0.149859 0.199202 0.0 
0.232996 0.161172 0.0 
0.256423 0.203719 0.0 
0.22907 0.242679 0.0 
1.68233 0.00678461 0.0 
0.138136 0.123846 0.0 
0.285921 0.194626 0.0 
2.02238 0.0165353 0.0 
0.26954 0.209128 0.0 
0.249036 0.21282 0.0 
0.0251672 0.135016 0.0 
0.340012 0.0785931 0.0 
0.246556 0.220279 0.0 
2.18629 0.379495 0.0 
0.237427 0.234036 0.0 
0.281429 0.0157375 0.0 
0.439185 0.0134851 0.0 
1.78734 0.0167093 0.0 
0.281021 0.303812 0.0 
0.250157 0.19865 0.0 
1.12461 0.0148826 0.0 
0.154516 0.22628 0.0 
0.149149 0.209109 0.0 
1.95701 0.384047 0.0 
0.178699 0.152155 0.0 
0.156152 0.309628 0.0 
0.19606 0.250275 0.0 
0.164461 0.133549 0.0 
0.157233 0.227474 0.0 
1.31974 0.0136279 0.0 
0 0.392442 0.0 
0.00707769 0.403419 0.0 
0.240038 0.232276 0.0 
0.418596 0.0154771 0.0 
0.841916 0.393677 0.0 
0.179884 0.246569 0.0 
0.15103 0.186893 0.0 
0.229545 0.260825 0.0 
0.239246 0.235781 0.0 
2.10117 0.0150746 0.0 
0.255369 0.317888 0.0 
0.581574 0.395393 0.0 
0.0641669 0.0366322 0.0 
0.228641 0.158308 0.0 
0.0343134 0.306321 0.0 
0.200293 0.296521 0.0 
0 0.370329 0.0 
1.40807 0.396034 0.0 
1.86939 0.39343 0.0 
2.08765 0.0125056 0.0 
2.0007 0.0142891 0.0 
0.866267 0.38249 0.0 
0.0882213 0.0367785 0.0 
0.180993 0.150181 0.0 
0.182882 0.151411 0.0 
0.182099 0.288582 0.0 
0.286904 0.198798 0.0 
0.174678 0.1327 0.0 
1.00028 0.158351 0.0 
1.21795 0.393018 0.0 
0.269873 0.177946 0.0 
0.325749 0.007656 0.0 
0.158879 0.152637 0.0 
0.601439 0.0175841 0.0 
1.08451 0.0304103 0.0 
0.88487 0.34668 0.0 
0.130509 0.133509 0.0 
0.0519099 0.0589908 0.0 
0.413623 0.147761 0.0 
1.71868 0.397566 0.0 
1.39718 0.0046195 0.0 
0.249153 0.280299 0.0 
1.14635 0.00768423 0.0 
0.62 0 0.0 
0.250641 0.198582 0.0 
0.2915 0.205165 0.0 
0.175308 0.140622 0.0 
1.1282 0.392949 0.0 
0.100037 0.41 0.0 
0.120779 0.145783 0.0 
0.245008 0.366498 0.0 
0.251453 0.19794 0.0 
0.149649 0.197251 0.0 
0.150037 0.213575 0.0 
0.176717 0.146287 0.0 
0.585731 0.261531 0.0 
0.216133 0.150964 0.0 
0.255884 0.202408 0.0 
0.153583 0.179785 0.0 
1.50086 0.0155193 0.0 
0.196937 0.250561 0.0 
0.143879 0.175511 0.0 
0.0418371 0.110025 0.0 
0.237751 0.129467 0.0 
0.143171 0.202535 0.0 
0.149083 0.202806 0.0 
1.29049 0.389319 0.0 
1.8341 0.0129098 0.0 
0.376949 0.404459 0.0 
0.432034 0.405659 0.0 
0.558147 0.394041 0.0 
0.261826 0.192274 0.0 
1.83007 0.395012 0.0 
2.18222 0.0604503 0.0 
0.145843 0.214177 0.0 
0.230684 0.241374 0.0 
0.0806664 0.234939 0.0 
0.021788 0.256621 0.0 
0.251494 0.222344 0.0 
1.80507 0.386376 0.0 
0.314853 0.188219 0.0 
2.19242 0.00660194 0.0 
1.73872 0.398682 0.0 
0.218553 0.252315 0.0 
0.24805 0.226189 0.0 
0.211219 0.250349 0.0 
0.932046 0.394469 0.0 
0.243097 0.16558 0.0 
0.238776 0.232611 0.0 
0.782949 0.395446 0.0 
0.0946788 0.141172 0.0 
0.224363 0.267819 0.0 
0.701082 0.0154876 0.0 
2.1937 0.405256 0.0 
0.148169 0.212139 0.0 
0.249279 0.184929 0.0 
0.25673 0.205351 0.0 
0.908696 0.0333714 0.0 
1.19042 0.38353 0.0 
0.117534 0.0459817 0.0 
0.342586 0.20056 0.0 
0.149939 0.196519 0.0 
2.03048 0.147673 0.0 
0 0.0313608 0.0 
1.10602 0.383922 0.0 
0.219057 0.135925 0.0 
0.263587 0.217592 0.0 
0.0995253 0.213833 0.0 
1.27985 0.0408773 0.0 
1.52997 0.0149489 0.0 
0.148711 0.1921 0.0 
0.0875258 0.41 0.0 
0.275814 0.212495 0.0 
0.263325 0.179394 0.0 
0.193529 0.26553 0.0 
0.168467 0.144431 0.0 
0.234219 0.138186 0.0 
0 0.293499 0.0 
0.251065 0.191993 0.0 
0.35965 0.174 0.0 
0.238162 0.394859 0.0 
0 0.335372 0.0 
0.099462 0.187468 0.0 
1.64101 0.392637 0.0 
0.185341 0.14356 0.0 
0.264484 0.227472 0.0 
0.25018 0.200207 0.0 
0.930705 0.0134283 0.0 
0.280324 0.258248 0.0 
0.168163 0.051183 0.0 
0.150693 0.21056 0.0 
0.111462 0.364582 0.0 
0.221601 0.305065 0.0 
0.0835725 0.263815 0.0 
0.150005 0.200497 0.0 
0.967041 0.393816 0.0 
0.194011 0.251201 0.0 
1.77 0.395265 0.0 
1.90874 0.0244972 0.0 
0.130269 0.204403 0.0 
0.164109 0.162919 0.0 
0.16833 0.161312 0.0 
0.82174 0.0411951 0.0 
0.216986 0.333331 0.0 
1.57189 0.394327 0.0 
0.259621 0.195431 0.0 
0.208121 0.250633 0.0 
0.140353 0.219016 0.0 
1.10778 0.0161039 0.0 
0.162389 0.0966775 0.0 
0.019049 0.0913694 0.0 
0.233734 0.274945 0.0 
0.161066 0.166159 0.0 
0.171814 0.156766 0.0 
1.67345 0.40468 0.0 
0.241003 0.229291 0.0 
0.26028 0.212724 0.0 
0.11986 0.193394 0.0 
0.181582 0.141551 0.0 
0.297931 0.156098 0.0 
0.287032 0.205867 0.0 
0.250239 0.189708 0.0 
0.216291 0.129647 0.0 
0.090505 0.223173 0.0 
1.9327 0.40525 0.0 
0.125312 0.139412 0.0 
0.18459 0.150654 0.0 
0.209267 0.0870373 0.0 
0.8628 0.0144619 0.0 
0.2658 0.205546 0.0 
1.20885 0.014242 0.0 
0.146042 0.164644 0.0 
0.98 0.0146378 0.0 
0.148844 0.201025 0.0 
0.322385 0.229359 0.0 
0.243802 0.173015 0.0 
0.216661 0.147064 0.0 
0.306572 0.16198 0.0 
0.128047 0.20786 0.0 
0.250155 0.226305 0.0 
0.107813 0.0277609 0.0 
0.741365 0.394559 0.0 
0.85997 0.181671 0.0 
0.151557 0.218346 0.0 
0.244907 0.174472 0.0 
0.222232 0.246758 0.0 
0.243641 0.227224 0.0 
1.00021 0.395436 0.0 
0.154581 0.177017 0.0 
1.79618 0.282628 0.0 
0.530376 0.396101 0.0 
0.185289 0.26454 0.0 
0.405849 0.332147 0.0 
2.15754 0.404552 0.0 
2.0771 0.347583 0.0 
0.363956 0.124242 0.0 
1.23083 0.0141612 0.0 
0.200349 0.124056 0.0 
2.16774 0.405344 0.0 
0.191801 0.149061 0.0 
0.163829 0.160869 0.0 
0.268952 0.0613057 0.0 
0.14694 0.19094 0.0 
0.121921 0.201181 0.0 
0.0463243 0.257606 0.0 
0.1421 0.188308 0.0 
0.243485 0.172227 0.0 
0.310991 0.152745 0.0 
0.137931 0.22348 0.0 
0.0578608 0.20929 0.0 
0.250176 0.201027 0.0 
0.158176 0.234361 0.0 
0.148563 0.18581 0.0 
1.58258 0.0216378 0.0 
0.246128 0.221208 0.0 
0.152094 0.237224 0.0 
0.0660411 0.19456 0.0 
0.140955 0.242086 0.0 
0.280168 0.189753 0.0 
0.218212 0.151768 0.0 
0.166992 0.239687 0.0 
0.21611 0.152669 0.0 
0.117927 0.214571 0.0 
0.817673 0.385239 0.0 
1.71436 0.392552 0.0 
0.250176 0.20147 0.0 
0.107551 0.155913 0.0 
0.240135 0.167577 0.0 
2.13662 0.182778 0.0 
1.9599 0.0145736 0.0 
0.177317 0.24647 0.0 
0.146999 0.208118 0.0 
0.13401 0.178123 0.0 
0.114007 0.394483 0.0 
0.233991 0.16113 0.0 
0.18791 0.256112 0.0 
0.045787 0.404324 0.0 
0.19993 0.251673 0.0 
0.151392 0.176793 0.0 
0.298155 0.142094 0.0 
2.16479 0.12558 0.0 
1.56119 0.41 0.0 
0.240276 0.0141373 0.0 
0.249995 0.200497 0.0 
0.552383 0.142556 0.0 
0.250558 0.201239 0.0 
0.323519 0.180263 0.0 
0.249245 0.215017 0.0 
0.331212 0.238068 0.0 
0.251901 0.17743 0.0 
0.239909 0.242915 0.0 
0.127235 0.221702 0.0 
0.273892 0.154902 0.0 
0.160153 0.396236 0.0 
0.135336 0.247214 0.0 
0.686955 0.152741 0.0 
0.205283 0.148616 0.0 
0.569294 0.014755 0.0 
0.219769 0.247614 0.0 
0.151342 0.161131 0.0 
0.0863903 0.156117 0.0 
0.245674 0.223846 0.0 
0.151065 0.21615 0.0 
0.247013 0.233944 0.0 
0.235759 0.162422 0.0 
0.250594 0.200765 0.0 
0.227925 0.156647 0.0 
0.156327 0.148554 0.0 
0.151634 0.186404 0.0 
0.271954 0.174357 0.0 
0.213983 0.150308 0.0 
0.514322 0.306194 0.0 
0.264612 0.173587 0.0 
0.223467 0.261152 0.0 
0.251501 0.200163 0.0 
0.194566 0.40453 0.0 
0.010898 0.41 0.0 
0.274034 0.215103 0.0 
0.944144 0.0259426 0.0 
0.315294 0.236505 0.0 
0.197968 0.137673 0.0 
0.330658 0.170856 0.0 
1.6938 0.213192 0.0 
0.14348 0.208172 0.0 
0.161923 0.156317 0.0 
0.0705732 0.161888 0.0 
0.204059 0.0146184 0.0 
1.80309 0.343578 0.0 
0.248659 0.211494 0.0 
0.293733 0.221441 0.0 
0.173254 0.154282 0.0 
0.231151 0.0908253 0.0 
0.148003 0.200722 0.0 
0.154132 0.255139 0.0 
0.157315 0.239405 0.0 
0.242744 0.226327 0.0 
1.05055 0.0453685 0.0 
0.494493 0.0354608 0.0 
0.256868 0.0418518 0.0 
0.251348 0.193688 0.0 
0.396261 0.00595748 0.0 
0.294769 0.343594 0.0 
0.0152397 0.371593 0.0 
0.12285 0.196847 0.0 
0.188096 0.252474 0.0 
0.174358 0.25341 0.0 
2.2 0.392258 0.0 
0.117548 0.253459 0.0 
0.150303 0.148141 0.0 
0.262707 0.223991 0.0 
0.249291 0.213701 0.0 
0.685851 0.0235326 0.0 
0.242371 0.226933 0.0 
0.177996 0.256568 0.0 
0.239318 0.249179 0.0 
1.66087 0.0141353 0.0 
0.148204 0.20374 0.0 
0.259424 0.179914 0.0 
0.125602 0.154908 0.0 
0.622576 0.387922 0.0 
0.216912 0.142221 0.0 
0.255517 0.228531 0.0 
0.153274 0.174584 0.0 
0.227398 0.392408 0.0 
0.148152 0.207342 0.0 
0.258591 0.220851 0.0 
0.278032 0.130128 0.0 
0.185895 0.249483 0.0 
0.075838 0.218997 0.0 
2.03012 0.395592 0.0 
0.248707 0.212632 0.0 
1.54813 0.394768 0.0 
0.339856 0.250255 0.0 
0.292319 0.176211 0.0 
0.645356 0.0641378 0.0 
0.164501 0.139585 0.0 
0.617583 0.0163148 0.0 
0.0927273 0.388089 0.0 
0.249104 0.212013 0.0 
0.214542 0.248191 0.0 
0.428983 0.23664 0.0 
0.276048 0.230585 0.0 
0.132149 0.159478 0.0 
0.173231 0.38238 0.0 
0.151991 0.181327 0.0 
0.239169 0.231989 0.0 
0.153863 0.242395 0.0 
0.250662 0.202938 0.0 
0.248767 0.212073 0.0 
0.243178 0.30611 0.0 
0.327145 0.221191 0.0 
0.17009 0.155835 0.0 
0.224558 0.245283 0.0 
0.267835 0.172775 0.0 
1.22349 0.403941 0.0 
0.148366 0.206316 0.0 
0.290341 0.217485 0.0 
0.251062 0.202864 0.0 
0.247213 0.224515 0.0 
0.139143 0.281139 0.0 
0.395154 0.207891 0.0 
0.1835 0.015874 0.0 
0.239164 0.240553 0.0 
0.220881 0.152846 0.0 
0.155622 0.229166 0.0 
0.157203 0.140867 0.0 
0.594527 0.00475209 0.0 
0.270238 0.193106 0.0 
0.315678 0.219211 0.0 
0.196568 0.149189 0.0 
0.250306 0.202711 0.0 
0.250334 0.202207 0.0 
0.198498 0.146707 0.0 
0.149261 0.201303 0.0 
0.181858 0.248218 0.0 
0.78 0.41 0.0 
0.17827 0.154185 0.0 
0.149176 0.199329 0.0 
0.148734 0.225223 0.0 
0.11713 0.219398 0.0 
0.264812 0.220484 0.0 
0.158941 0.160514 0.0 
1.0059 0.0133506 0.0 
0.250712 0.201929 0.0 
0.206285 0.146406 0.0 
0.265945 0.188404 0.0 
0.149922 0.208064 0.0 
0.467045 0.381436 0.0 
0.250897 0.231139 0.0 
0.263249 0.207448 0.0 
0.190286 0.0643895 0.0 
0.180776 0.152355 0.0 
1.46498 0.0230227 0.0 
0.122742 0.213339 0.0 
0.169231 0.158589 0.0 
2.13499 0.0160957 0.0 
0.149776 0.201274 0.0 
0.149598 0.201056 0.0 
0.226603 0.244377 0.0 
1.37404 0.380208 0.0 
0.14148 0.194695 0.0 
0.759982 0.41 0.0 
1.38745 0.394302 0.0 
0.271877 0.236278 0.0 
0.12934 0.180222 0.0 
0.228853 0.283825 0.0 
0.214511 0.271325 0.0 
0.279077 0.0916153 0.0 
0.760248 0.014354 0.0 
0.149449 0.201437 0.0 
1.85313 0.0132388 0.0 
0.149846 0.201698 0.0 
0.250943 0.208506 0.0 
0.78568 0.0138489 0.0 
0.0651016 0.0882889 0.0 
2.09059 0.395521 0.0 
0.218248 0.248897 0.0 
0.223505 0.0680234 0.0 
0.150336 0.192582 0.0 
0.162162 0.240976 0.0 
2.05482 0.0215762 0.0 
2.17713 0.406199 0.0 
0.149961 0.191996 0.0 
0.14953 0.201732 0.0 
0.149358 0.216468 0.0 
0.149208 0.190141 0.0 
0.345897 0.0149052 0.0 
0.149491 0.188235 0.0 
0.196928 0.0782996 0.0 
0.341221 0.263695 0.0 
0.267759 0.0772518 0.0 
0.635229 0.404093 0.0 
0.149821 0.384113 0.0 
0.150464 0.191704 0.0 
1.36067 0.0150522 0.0 
0.247862 0.100492 0.0 
0.00773037 0.00948539 0.0 
0.155634 0.158321 0.0 
0.249824 0.224452 0.0 
0.149956 0.19287 0.0 
0.644068 0.395835 0.0 
0.207073 0.0384501 0.0 
0.302252 0.21235 0.0 
1.92838 0.0221247 0.0 
1.61217 0.00516119 0.0 
0.218105 0.283374 0.0 
0.728668 0.00535797 0.0 
0.114459 0.164773 0.0 
0.126633 0.193833 0.0 
0.2164 0.247539 0.0 
0.152823 0.220395 0.0 
0.157712 0.172414 0.0 
0.243236 0.242827 0.0 
0.215166 0.247642 0.0 
0.194978 0.148741 0.0 
0.179914 0.41 0.0 
0.234203 0.264882 0.0 
0.327689 0.275774 0.0 
0.236843 0.256396 0.0 
0.122251 0.208817 0.0 
0.557176 0.0632664 0.0 
0.956346 0.0151113 0.0 
0.241443 0.230085 0.0 
0.193428 0.140301 0.0 
0.150357 0.210963 0.0 
0.159177 0.168561 0.0 
0.189001 0.27965 0.0 
2.2 0.047264 0.0 
1.44733 0.0526029 0.0 
0.119633 0.23151 0.0 
0.218759 0.36746 0.0 
1.38562 0.196108 0.0 
0.20539 0.34872 0.0 
0.196642 0.275628 0.0 
0.238656 0.163398 0.0 
2.19577 0.0137299 0.0 
0.242038 0.227435 0.0 
0.714631 0.394703 0.0 
1.14778 0.394175 0.0 
0.13693 0.0193102 0.0 
0.16289 0.367322 0.0 
0.154434 0.175915 0.0 
0.247434 0.181338 0.0 
0.091282 0.296239 0.0 
0.314906 0.0705459 0.0 
1.16892 0.394286 0.0 
0.489263 0.0791247 0.0 
0.14254 0.206258 0.0 
0.272804 0.313374 0.0 
1.11634 0.0599442 0.0 
0.216244 0.290204 0.0 
0.0598333 0.231596 0.0 
0.164011 0.151493 0.0 
0.297441 0.319055 0.0 
0.151464 0.136897 0.0 
0.226555 0.155685 0.0 
0.265535 0.102537 0.0 
0.187886 0.250087 0.0 
0.00624994 0 0.0 
1.34399 0.0316448 0.0 
0.310817 0.127837 0.0 
0.17263 0.0320231 0.0 
0.148657 0.183046 0.0 
0.25465 0.214915 0.0 
0.234464 0.240582 0.0 
2.19038 0.389166 0.0 
1.58332 0.380366 0.0 
0.32172 0.376523 0.0 
0.490924 0.198414 0.0 
0.240764 0.28578 0.0 
0.157863 0.166396 0.0 
0.158569 0.246004 0.0 
0.119725 0.383394 0.0 
2.2 0.0155324 0.0 
1.41268 0.386348 0.0 
0.992469 0.382491 0.0 
0.298378 0.208877 0.0 
0.760483 0.30146 0.0 
0.372825 0.103122 0.0 
0.366754 0.0649891 0.0 
0.335884 0.334129 0.0 
0.146546 0.218872 0.0 
0.162111 0.159825 0.0 
0.247697 0.169478 0.0 
0.311708 0.290373 0.0 
0.180829 0.249792 0.0 
0.260379 0.170663 0.0 
0.170916 0.270706 0.0 
0.403427 0.361724 0.0 
0.157416 0.228888 0.0 
0.187833 0.149788 0.0 
0.106497 0.170112 0.0 
0.237451 0.164978 0.0 
0.428903 0.0941195 0.0 
0.589009 0.0296737 0.0 
0.27 0.41 0.0 
1.92512 0.0115373 0.0 
0.208423 0.149068 0.0 
0.0752828 0.41 0.0 
0.748862 0.103564 0.0 
1.53499 0.0313348 0.0 
0.610593 0.358433 0.0 
1.14684 0.382896 0.0 
0.15376 0.22228 0.0 
0.979973 0.0461515 0.0 
0.334454 0.229032 0.0 
0.687065 0.377065 0.0 
2.2 0.00881559 0.0 
0.372829 0.290988 0.0 
0.264372 0.182711 0.0 
0.013068 0.00699794 0.0 
0.158011 0.170157 0.0 
0.380075 0 0.0 
1.68751 0.404688 0.0 
0.231716 0.242537 0.0 
0.291395 0.0750561 0.0 
0.115837 0.129958 0.0 
2.19015 0.407236 0.0 
0.412611 0.308392 0.0 
0.332771 0.0148749 0.0 
2.18056 0.00418303 0.0 
0.0633366 0.41 0.0 
0.320804 0.0912786 0.0 
0.232228 0.159848 0.0 
2.17329 0 0.0 
0.384309 0.245609 0.0 
0.160748 0.114244 0.0 
0.827378 0.0258322 0.0 
0.589399 0.381077 0.0 
0.602159 0.0675665 0.0 
0.624225 0.398437 0.0 
0.341098 0.210343 0.0 
1.32766 0.073113 0.0 
0.242751 0.120033 0.0 
0.201196 0.148358 0.0 
2.1352 0 0.0 
0.298034 0.300108 0.0 
0.191177 0.117981 0.0 
1.31238 0.026086 0.0 
1.50838 0.0340083 0.0 
0.263716 0.159294 0.0 
0.217048 0.247001 0.0 
0.00850357 0.00389753 0.0 
1.94976 0.0571467 0.0 
0.173996 0.248636 0.0 
1.26672 0.0932339 0.0 
0.177762 0.261737 0.0 
0.251949 0.208113 0.0 
1.57055 0.0366101 0.0 
0.264739 0.0141143 0.0 
0.14985 0.20548 0.0 
1.24295 0.173916 0.0 
0.14359 0.21728 0.0 
2.16383 0.321094 0.0 
1.7469 0.383575 0.0 
0.260616 0.228683 0.0 
1.37366 0.127047 0.0 
0.0285308 0.212894 0.0 
0.129708 0.273191 0.0 
1.77774 0.227167 0.0 
0.150831 0.173249 0.0 
0.126083 0.0827801 0.0 
2.2 0.407106 0.0 
0.335182 0.0289213 0.0 
0.143337 0.204754 0.0 
0.380407 0.143049 0.0 
1.59432 0.0602189 0.0 
0.147612 0.187722 0.0 
0.196794 0.251398 0.0 
0.210783 0.255281 0.0 
1.47441 0.0354108 0.0 
1.4935 0.383882 0.0 
1.63838 0.305905 0.0 
0.214735 0.263344 0.0 
0.234479 0.155116 0.0 
1.42263 0.329957 0.0 
0.311673 0.207938 0.0 
0.898187 0.370131 0.0 
1.48533 0.314999 0.0 
1.8925 0.00635065 0.0 
2.16557 0.0173722 0.0 
0.355265 0.400437 0.0 
0.153388 0.170171 0.0 
0.243147 0.152683 0.0 
0.157068 0.17367 0.0 
0.330521 0.156256 0.0 
0.910378 0.41 0.0 
2.18389 0.407199 0.0 
1.8677 0.042543 0.0 
1.49953 0.395736 0.0 
0.162719 0.146647 0.0 
0.020229 0.336981 0.0 
0.275565 0.188624 0.0 
0.238995 0.166449 0.0 
0.152392 0.221818 0.0 
0.24427 0.173823 0.0 
0 0.01086 0.0 
0.170378 0.11024 0.0 
1.75742 0.341724 0.0 
0.271558 0.200099 0.0 
1.51636 0.341057 0.0 
0.277291 0.274159 0.0 
1.71126 0.0279448 0.0 
0.179665 0.128045 0.0 
0.179871 0.113696 0.0 
1.67235 0.0558216 0.0 
1.77907 0.160052 0.0 
0.240915 0.169639 0.0 
1.76338 0.362902 0.0 
0.244058 0.175498 0.0 
0.367413 0.158694 0.0 
0.183904 0.248878 0.0 
1.58799 0.170608 0.0 
0.218222 0.247063 0.0 
2.0469 0.0123521 0.0 
0.189991 0.41 0.0 
2.18263 0.0442399 0.0 
0.40148 0.0987142 0.0 
0.249954 0.385208 0.0 
1.91541 0.0411162 0.0 
0.150608 0.209193 0.0 
0.165787 0.01579 0.0 
0.147624 0.200404 0.0 
0.214683 0.319873 0.0 
0.233179 0.147794 0.0 
0.804818 0.0179722 0.0 
0.0728002 0.322884 0.0 
0.25804 0.296508 0.0 
0.896129 0.41 0.0 
0.403723 0.41 0.0 
0.154975 0.177271 0.0 
0.0883633 0.278517 0.0 
0.863327 0.0325318 0.0 
0.161242 0.260246 0.0 
0.940227 0.129215 0.0 
0.776303 0.159271 0.0 
0.26122 0.215874 0.0 
0.519786 0.0138825 0.0 
0.397107 0.293914 0.0 
0.865444 0.0726095 0.0 
0.862811 0.100008 0.0 
0.551324 0.361802 0.0 
0.943916 0.0742909 0.0 
0.292735 0.282447 0.0 
1.12588 0.345367 0.0 
0.173091 0.243556 0.0 
0.244074 0.266724 0.0 
0.132127 0.190658 0.0 
0.865403 0.0512808 0.0 
0.152864 0.277296 0.0 
0.249908 0.175469 0.0 
0.159183 0.2314 0.0 
0.156113 0.174943 0.0 
0.192838 0.253938 0.0 
0.310438 0.41 0.0 
0.140085 0.212262 0.0 
1.6058 0.0126347 0.0 
0.190324 0.260776 0.0 
0.290016 0.41 0.0 
0.241755 0.169874 0.0 
0.138826 0.154302 0.0 
0.685064 0.294396 0.0 
0.0709436 0.140221 0.0 
0.0821397 0.368976 0.0 
0.0712313 0.252151 0.0 
0.244757 0.175926 0.0 
1.97007 0.396252 0.0 
0.167238 0.242639 0.0 
0.455252 0.41 0.0 
0.43362 0.285058 0.0 
0.456957 0.398707 0.0 
2.07679 0.391335 0.0 
1.3 0 0.0 
0.232205 0.240206 0.0 
0.293143 0.225971 0.0 
0.165808 0.23766 0.0 
0.165027 0.237182 0.0 
0.237215 0.165426 0.0 
1.63252 0.0153326 0.0 
1.32713 0.396375 0.0 
0.108948 0.233268 0.0 
0.22744 0.131318 0.0 
0.116938 0.155409 0.0 
0.445459 0.389553 0.0 
0.112568 0.41 0.0 
2.08 0.41 0.0 
0.507405 0.394765 0.0 
0.0201337 0.41 0.0 
0.0311466 0.165326 0.0 
0.171398 0.243351 0.0 
0.236925 0.1643 0.0 
0.122565 0.294507 0.0 
0.158075 0.171966 0.0 
0.151908 0.184682 0.0 
0.231238 0.15989 0.0 
0.154592 0.291677 0.0 
1.23426 0.00581102 0.0 
0.749941 0.41 0.0 
0.470062 0.0135763 0.0 
0.152196 0.217014 0.0 
0.0407321 0.41 0.0 
0.769991 0.41 0.0 
0.250724 0.198119 0.0 
0.209998 0.41 0.0 
0.163235 0.235133 0.0 
0.803355 0.395682 0.0 
0.247789 0.219294 0.0 
0.470699 0.174161 0.0 
0.259011 0.273423 0.0 
0.132214 0.209973 0.0 
1.61883 0 0.0 
0.155389 0.264767 0.0 
0.206755 0.279518 0.0 
0.0302273 0.41 0.0 
0.54728 0.00666595 0.0 
0.467514 0.41 0.0 
0.150226 0.208855 0.0 
0.219385 0.153242 0.0 
0.359362 0.0437044 0.0 
0.219999 0.41 0.0 
0.150487 0.20853 0.0 
0.331944 0.41 0.0 
0.125411 0.41 0.0 
0.648081 0.0236777 0.0 
0.479631 0.39608 0.0 
0.150544 0.209804 0.0 
0.889555 0.402256 0.0 
0.239667 0.231756 0.0 
0.151088 0.210363 0.0 
0.277744 0.210966 0.0 
0.149725 0.204232 0.0 
0.150177 0.206829 0.0 
0.150168 0.207347 0.0 
0.150419 0.206444 0.0 
0.150033 0.206081 0.0 
0.149866 0.202325 0.0 
0.150301 0.205457 0.0 
0.164047 0.236215 0.0 
0.14964 0.20368 0.0 
0.150202 0.204468 0.0 
0.149906 0.202844 0.0 
0.149917 0.20343 0.0 
2.19336 0.394694 0.0 
0.150025 0.201491 0.0 
2.19298 0.402128 0.0 
0.149777 0.200858 0.0 
0.250415 0.191819 0.0 
0.240803 0.230956 0.0 
0.236297 0.164418 0.0 
1.77938 0.400795 0.0 
0.294677 0.231134 0.0 
0.245618 0.176605 0.0 
0.298782 0.226512 0.0 
0.242272 0.172469 0.0 
0.149171 0.200928 0.0 
0.251065 0.200255 0.0 
0.207545 0.250088 0.0 
0.149923 0.209115 0.0 
0.14949 0.206302 0.0 
0.150304 0.208018 0.0 
0.179721 0.153579 0.0 
0.214065 0.248859 0.0 
0.178556 0.153596 0.0 
0.149673 0.198211 0.0 
0.231398 0.239909 0.0 
0.243779 0.225862 0.0 
0.150171 0.190025 0.0 
0.149796 0.206968 0.0 
0.174022 0.15641 0.0 
0.241629 0.239117 0.0 
0.21447 0.2485 0.0 
0.0135099 0.406293 0.0 
0.323386 0.210351 0.0 
0.241571 0.240912 0.0 
0.249327 0.212353 0.0 
0.25098 0.19882 0.0 
0.251038 0.198309 0.0 
1.20046 0.40142 0.0 
0.250607 0.200382 0.0 
0.250633 0.199097 0.0 
0.202151 0.250546 0.0 
0.250828 0.200972 0.0 
0.250766 0.200051 0.0 
0.248253 0.215523 0.0 
0.149217 0.203928 0.0 
0.252821 0.167468 0.0 
0.330876 0.208632 0.0 
0.148859 0.200459 0.0 
0.247876 0.217022 0.0 
0.201555 0.25076 0.0 
0.33146 0.21557 0.0 
0.248047 0.183208 0.0 
0.197502 0.25084 0.0 
0.241955 0.171809 0.0 
0.249637 0.189571 0.0 
0.194581 0.250699 0.0 
0.246054 0.222183 0.0 
0.156992 0.226596 0.0 
0.1563 0.225662 0.0 
0.232054 0.160654 0.0 
0.15649 0.226446 0.0 
0.178562 0.24618 0.0 
0.149478 0.203101 0.0 
0.193556 0.150419 0.0 
0.150328 0.212401 0.0 
0.14923 0.203383 0.0 
0.250721 0.205407 0.0 
0.154894 0.223105 0.0 
0.181052 0.24709 0.0 
0.15052 0.188356 0.0 
0.247684 0.179551 0.0 
0.234784 0.237094 0.0 
0.238679 0.233013 0.0 
0.221957 0.24563 0.0 
0.241062 0.170038 0.0 
0.220999 0.24604 0.0 
0.228917 0.242155 0.0 
0.241325 0.170796 0.0 
0.162425 0.234499 0.0 
0.218767 0.24721 0.0 
0.246676 0.179587 0.0 
0.217593 0.247566 0.0 
0.24502 0.223968 0.0 
0.241802 0.228539 0.0 
0.230111 0.159197 0.0 
0.250002 0.20993 0.0 
0.230577 0.158878 0.0 
0.238214 0.234142 0.0 
0.236454 0.235865 0.0 
0.154427 0.222008 0.0 
0.23559 0.236267 0.0 
0.25065 0.195227 0.0 
0.236188 0.235491 0.0 
0.236133 0.236402 0.0 
0.241543 0.229095 0.0 
0.23003 0.240876 0.0 
0.253903 0.169098 0.0 
0.23785 0.23382 0.0 
0.300811 0.215835 0.0 
0.592522 0.41 0.0 
0.157958 0.228646 0.0 
0.246146 0.178808 0.0 
0.176515 0.245269 0.0 
0.182076 0.24752 0.0 
0.174537 0.244344 0.0 
0.188935 0.249706 0.0 
0.203823 0.149221 0.0 
0.250584 0.193681 0.0 
0.239698 0.16832 0.0 
0.216062 0.248418 0.0 
0.204828 0.149247 0.0 
0.169244 0.159406 0.0 
0.147481 0.215417 0.0 
0.15178 0.217135 0.0 
0.152113 0.218024 0.0 
0.154866 0.222258 0.0 
0.169051 0.159862 0.0 
0.239639 0.167699 0.0 
1.70318 0.00705453 0.0 
0.238963 0.16707 0.0 
0.208413 0.249935 0.0 
0.254894 0.170618 0.0 
0.247551 0.178348 0.0 
0.227912 0.157766 0.0 
0.247881 0.182147 0.0 
0.250549 0.195868 0.0 
0.250774 0.196986 0.0 
0.155252 0.224517 0.0 
0.251107 0.195794 0.0 
0.251427 0.196413 0.0 
0.218067 0.152394 0.0 
0.216886 0.247681 0.0 
0.235229 0.161461 0.0 
0.215776 0.248124 0.0 
0.242769 0.172482 0.0 
0.215064 0.151452 0.0 
0.248459 0.214676 0.0 
0.250236 0.207708 0.0 
0.250236 0.206875 0.0 
0.304621 0.185107 0.0 
0.297207 0.188289 0.0 
0.15406 0.177828 0.0 
0.292912 0.2119 0.0 
0.251803 0.169685 0.0 
0.170817 0.241543 0.0 
0.150628 0.21325 0.0 
0.174978 0.15529 0.0 
0.19808 0.149513 0.0 
0.155216 0.225543 0.0 
0.27847 0.215699 0.0 
0.290237 0.192565 0.0 
0.167354 0.161151 0.0 
0.199562 0.149409 0.0 
0.159555 0.230904 0.0 
0.211891 0.24948 0.0 
0.216218 0.151776 0.0 
0.251143 0.197197 0.0 
0.251124 0.197736 0.0 
0.22776 0.242548 0.0 
0.226971 0.243436 0.0 
0.19025 0.249884 0.0 
0.234438 0.162757 0.0 
0.166669 0.161963 0.0 
0.246767 0.162764 0.0 
0.15861 0.170622 0.0 
0.250305 0.221468 0.0 
0.177351 0.153034 0.0 
0.149703 0.194007 0.0 
0.212058 0.150875 0.0 
0.211105 0.150804 0.0 
0.211881 0.150385 0.0 
0.211189 0.150512 0.0 
0.170357 0.158456 0.0 
0.145817 0.198087 0.0 
0.198706 0.149194 0.0 
0.161953 0.166415 0.0 
0.213847 0.151049 0.0 
0.269984 0.187555 0.0 
0.160933 0.167428 0.0 
0.156674 0.173405 0.0 
0.28157 0.211212 0.0 
0.250203 0.0567334 0.0 
0.139059 0.202082 0.0 
0.155905 0.174291 0.0 
0.190301 0.149833 0.0 
0.249552 0.177254 0.0 
0.185494 0.151236 0.0 
0.188947 0.15043 0.0 
0.262223 0.166097 0.0 
0.183378 0.152083 0.0 
0.148333 0.199906 0.0 
0.155559 0.175739 0.0 
0.243059 0.162552 0.0 
0.232521 0.0410535 0.0 
0.29153 0.180558 0.0 
0.294872 0.196323 0.0 
0.243794 0.164336 0.0 
0.244788 0.160927 0.0 
0.246977 0.164892 0.0 
0.244891 0.164853 0.0 
0.19441 0.149257 0.0 
0.268621 0.163565 0.0 
0.264183 0.169956 0.0 
0.22443 0.155911 0.0 
0.26678 0.169421 0.0 
0.158097 0.171407 0.0 
0.156238 0.173061 0.0 
0.171445 0.157747 0.0 
0.186574 0.15086 0.0 
0.267282 0.217563 0.0 
0.25714 0.192464 0.0 
0.259329 0.190931 0.0 
0.154873 0.176084 0.0 
0.257046 0.180283 0.0 
0.148775 0.20005 0.0 
0.237772 0.164645 0.0 
0.202626 0.148993 0.0 
0.143535 0.19835 0.0 
0.233746 0.238526 0.0 
0.159832 0.168643 0.0 
0.244205 0.16884 0.0 
0.149576 0.195179 0.0 
0.149102 0.195098 0.0 
0.1492 0.194203 0.0 
0.225249 0.155557 0.0 
0.25197 0.197954 0.0 
0.227264 0.157072 0.0 
0.144849 0.199217 0.0 
0.18586 0.248388 0.0 
0.143325 0.196139 0.0 
0.237501 0.24268 0.0 
0.294841 0.184291 0.0 
0.209615 0.150275 0.0 
0.237286 0.236826 0.0 
0.238048 0.237408 0.0 
0.244672 0.167465 0.0 
2.06618 0.182794 0.0 
0.2385 0.235967 0.0 
0.298983 0.177994 0.0 
0.253613 0.197128 0.0 
0.26729 0.183526 0.0 
0.252539 0.19655 0.0 
0.237362 0.236091 0.0 
0.237936 0.235604 0.0 
0.147935 0.198457 0.0 
0.277173 0.181245 0.0 
0.146655 0.198557 0.0 
0.257581 0.200051 0.0 
0.146477 0.199922 0.0 
0.256921 0.201636 0.0 
0.145979 0.199543 0.0 
0.242869 0.167685 0.0 
0.144915 0.200944 0.0 
0.143924 0.199971 0.0 
0.141948 0.199388 0.0 
0.251092 0.201214 0.0 
0.256483 0.194771 0.0 
0.255406 0.198379 0.0 
0.253268 0.203073 0.0 
0.283142 0.185639 0.0 
0.282827 0.191987 0.0 
0.276913 0.183855 0.0 
0.979944 0.41 0.0 
0.146899 0.199509 0.0 
0.250529 0.16813 0.0 
0.277834 0.187052 0.0 
0.276079 0.179327 0.0 
0.281576 0.187374 0.0 
0.27923 0.182393 0.0 
0.275743 0.176477 0.0 
0.282367 0.182751 0.0 
0.144865 0.202618 0.0 
0.251798 0.201457 0.0 
0.254617 0.197179 0.0 
0.278558 0.174794 0.0 
0.282115 0.176716 0.0 
1.85505 0.341265 0.0 
0.283617 0.180076 0.0 
0.2512 0.203967 0.0 
0.146085 0.200336 0.0 
0.146407 0.20082 0.0 
0.268314 0.179221 0.0 
0.245427 0.170926 0.0 
0.245883 0.173177 0.0 
0.209983 0.253285 0.0 
0.146828 0.195056 0.0 
0.152678 0.177438 0.0 
0.239983 0.169059 0.0 
0.253495 0.200906 0.0 
0.267596 0.21349 0.0 
0.25333 0.198429 0.0 
0.25209 0.19846 0.0 
2.12117 0.37798 0.0 
0.27426 0.185441 0.0 
0.272795 0.18288 0.0 
0.219227 0.152759 0.0 
0.274173 0.181399 0.0 
0.309824 0.188254 0.0 
0.187518 0.249376 0.0 
0.266095 0.222444 0.0 
0.250867 0.21691 0.0 
0.252709 0.198172 0.0 
0.240051 0.23285 0.0 
0.17316 0.242182 0.0 
0.243881 0.236463 0.0 
0.146735 0.201359 0.0 
0.147328 0.202387 0.0 
0.148518 0.199631 0.0 
0.302236 0.190502 0.0 
0.25366 0.199509 0.0 
0.278533 0.167771 0.0 
0.250003 0.181529 0.0 
0.148091 0.202962 0.0 
0.252826 0.200342 0.0 
0.14837 0.199248 0.0 
1.46788 0.3892 0.0 
0.252158 0.195227 0.0 
0.176839 0.244783 0.0 
0.268552 0.233648 0.0 
0.172261 0.149794 0.0 
0.147931 0.193068 0.0 
0.149447 0.219252 0.0 
0.384789 0.0213045 0.0 
0.244463 0.224634 0.0 
0.18219 0.153099 0.0 
0.149392 0.199661 0.0 
0.238036 0.161498 0.0 
0.238813 0.234087 0.0 
0.236802 0.162569 0.0 
0.148068 0.198941 0.0 
0.151416 0.185709 0.0 
0.147969 0.19945 0.0 
0.239889 0.233905 0.0 
1.47187 0 0.0 
0.148802 0.199366 0.0 
0.752091 0.0278457 0.0 
0.150203 0.187875 0.0 
0.148358 0.201299 0.0 
0.239224 0.233072 0.0 
0.232793 0.157795 0.0 
0.24264 0.23237 0.0 
0.304156 0.220298 0.0 
0.241306 0.165804 0.0 
0.148855 0.199767 0.0 
0.148915 0.205034 0.0 
1.72058 0.0532583 0.0 
0.250683 0.16607 0.0 
0.148383 0.198262 0.0 
0.147262 0.200829 0.0 
0.241183 0.166731 0.0 
1.69436 0.0385297 0.0 
0.239104 0.165489 0.0 
0.239512 0.164998 0.0 
0.248769 0.168625 0.0 
0.23949 0.166169 0.0 
0.240594 0.237956 0.0 
0.294664 0.202716 0.0 
0.147479 0.20356 0.0 
0.297186 0.205793 0.0 
0.242147 0.235884 0.0 
0.195383 0.149307 0.0 
0.240689 0.236899 0.0 
0.229183 0.158665 0.0 
0.29905 0.202217 0.0 
0.229065 0.158158 0.0 
0.197731 0.149218 0.0 
0.243888 0.237867 0.0 
0.239823 0.238945 0.0 
0.237592 0.235197 0.0 
0.251686 0.188506 0.0 
0.241813 0.168147 0.0 
0.247868 0.161061 0.0 
0.285653 0.210941 0.0 
0.149506 0.208178 0.0 
0.163814 0.236886 0.0 
0.179383 0.246483 0.0 
0.14782 0.20459 0.0 
0.169566 0.248506 0.0 
0.298099 0.218913 0.0 
0.290584 0.183815 0.0 
0.240563 0.169374 0.0 
0.237116 0.235714 0.0 
0.161115 0.233581 0.0 
0.236681 0.23543 0.0 
0.199872 0.148963 0.0 
0.23708 0.235168 0.0 
0.241175 0.169292 0.0 
0.239653 0.162941 0.0 
0.250119 0.159422 0.0 
0.261747 0.230366 0.0 
0.288734 0.18614 0.0 
0.260823 0.233492 0.0 
0.264751 0.229904 0.0 
0.267742 0.2302 0.0 
0.252123 0.199298 0.0 
0.25371 0.18703 0.0 
0.251853 0.212362 0.0 
0.252068 0.200253 0.0 
0.148632 0.202568 0.0 
0.251904 0.1998 0.0 
0.149454 0.198743 0.0 
0.559999 0 0.0 
0.251655 0.206642 0.0 
0.149062 0.202024 0.0 
0.290148 0.189174 0.0 
0.239372 0.232512 0.0 
0.182567 0.15232 0.0 
0.184834 0.247642 0.0 
0.289931 0.170213 0.0 
0.250003 0.188764 0.0 
0.283136 0.206084 0.0 
0.241043 0.16098 0.0 
0.143601 0.203478 0.0 
0.243332 0.234963 0.0 
0.237631 0.234756 0.0 
0.237263 0.234396 0.0 
0.248782 0.214881 0.0 
0.209676 0.250544 0.0 
0.249431 0.211326 0.0 
0.149924 0.215231 0.0 
0.248249 0.181159 0.0 
0.307304 0.210894 0.0 
0.175853 0.154728 0.0 
0.237237 0.237685 0.0 
0.29722 0.382685 0.0 
2.17889 0.387591 0.0 
0.236674 0.236329 0.0 
1.37244 0.0251892 0.0 
0.235578 0.237664 0.0 
0.297272 0.212209 0.0 
0.249768 0.211915 0.0 
0.31406 0.214863 0.0 
0.0431069 0.0389926 0.0 
0.148916 0.198987 0.0 
0.240337 0.168302 0.0 
0.242192 0.233412 0.0 
0.251028 0.199825 0.0 
2.192 0.0384873 0.0 
0.242971 0.16966 0.0 
0.199837 0.250985 0.0 
0.307381 0.216018 0.0 
0.237604 0.164166 0.0 
0.238994 0.23452 0.0 
0.581531 0.41 0.0 
0.153593 0.224408 0.0 
0.181163 0.152883 0.0 
0.196984 0.253347 0.0 
0.167399 0.160592 0.0 
0.147971 0.200086 0.0 
0.179271 0.154502 0.0 
0.291461 0.214665 0.0 
0.240712 0.231696 0.0 
0.293785 0.217781 0.0 
0.350839 0.207884 0.0 
0.288152 0.174117 0.0 
2.02188 0.0413492 0.0 
1.75643 0.318475 0.0 
0.152565 0.182351 0.0 
0.24056 0.235843 0.0 
0.240119 0.234894 0.0 
0.241351 0.233262 0.0 
1.75339 0.401808 0.0 
1.42382 0.0669369 0.0 
0.254319 0.166409 0.0 
0.163026 0.162666 0.0 
0.210322 0.149411 0.0 
2.1876 0.00767895 0.0 
2.18412 0.012826 0.0 
0.15391 0.220907 0.0 
0.362205 0.209828 0.0 
0.258629 0.169128 0.0 
0.212465 0.249986 0.0 
0.199334 0.265018 0.0 
0.242651 0.173416 0.0 
0.151634 0.183667 0.0 
0.153493 0.219806 0.0 
1.10672 0.311182 0.0 
1.64492 0.364312 0.0 
1.56363 0.0141206 0.0 
1.93717 0.385757 0.0 
0.150869 0.188773 0.0 
0.609964 0.398932 0.0 
1.06272 0.393849 0.0 
0.261874 0.219885 0.0 
1.44292 0.388878 0.0 
0.151427 0.185069 0.0 
0.173327 0.157491 0.0 
1.89794 0.398718 0.0 
1.68622 0.363744 0.0 
1.7227 0.367383 0.0 
0.260951 0.176873 0.0 
0.598099 0.388487 0.0 
0.612183 0.391846 0.0 
0.251423 0.207716 0.0 
0.260827 0.173187 0.0 
0.182305 0.255302 0.0 
0.203997 0.148538 0.0 
0.191758 0.250026 0.0 
0.228124 0.158162 0.0 
0.977555 0.270544 0.0 
0.286627 0.216821 0.0 
1.71134 0.0845666 0.0 
2.19364 0.00349592 0.0 
0.236312 0.163789 0.0 
0.241068 0.167604 0.0 
0.619268 0.376768 0.0 
0.249196 0.163845 0.0 
0.250976 0.199334 0.0 
0.235634 0.16324 0.0 
0.290876 0.198714 0.0 
0.691404 0.32642 0.0 
1.9127 0.382764 0.0 
0.240771 0.162394 0.0 
1.32055 0.0457391 0.0 
1.434 0.375103 0.0 
1.25054 0.0571686 0.0 
0.2513 0.199569 0.0 
0.252293 0.164308 0.0 
0.168999 0.240819 0.0 
0.250356 0.229287 0.0 
0.826271 0.296116 0.0 
0.149115 0.19971 0.0 
1.17125 0.0946881 0.0 
0.155539 0.223895 0.0 
1.46957 0.268432 0.0 
0.190668 0.150386 0.0 
0.659419 0.21067 0.0 
0.162576 0.164954 0.0 
0.295723 0.215217 0.0 
0.249793 0.187664 0.0 
0.173276 0.156622 0.0 
0.250464 0.200063 0.0 
0.150856 0.18763 0.0 
0.184398 0.24826 0.0 
0.61 0 0.0 
0.869559 0.365725 0.0 
0.270301 0.170328 0.0 
0.160853 0.232735 0.0 
0.309408 0.183699 0.0 
0.242069 0.163989 0.0 
0.918849 0.330755 0.0 
0.921502 0.361373 0.0 
0.316107 0.210503 0.0 
0.0396719 0.35453 0.0 
0.262672 0.22626 0.0 
0.219467 0.247234 0.0 
2.1896 0.0109878 0.0 
0.193284 0.250558 0.0 
0.21977 0.246719 0.0 
0.250466 0.208383 0.0 
0.26571 0.283207 0.0 
0.154456 0.22315 0.0 
0.153953 0.221869 0.0 
0.220379 0.153436 0.0 
0.238038 0.16664 0.0 
0.249658 0.215724 0.0 
0.25151 0.214515 0.0 
0.170546 0.241827 0.0 
0.272904 0.188837 0.0 
0.164614 0.163314 0.0 
0.171843 0.242233 0.0 
0.171338 0.242624 0.0 
0.781008 0.0415523 0.0 
0.169836 0.41 0.0 
0.151171 0.214979 0.0 
0.747622 0.0675715 0.0 
0.193798 0.249873 0.0 
0.235382 0.236868 0.0 
0.23491 0.162462 0.0 
0.232694 0.239337 0.0 
0.198135 0.250998 0.0 
0.149198 0.178286 0.0 
0.22363 0.245127 0.0 
0.220321 0.246958 0.0 
0.258011 0.171367 0.0 
0.204495 0.250943 0.0 
0.121733 0.315472 0.0 
0.16343 0.164756 0.0 
0.2013 0.149 0.0 
1.36643 0.0106259 0.0 
0.208807 0.150175 0.0 
0.268447 0.220882 0.0 
0.208639 0.146066 0.0 
0.168084 0.160511 0.0 
0.202237 0.250999 0.0 
0.304529 0.200452 0.0 
0.203183 0.251092 0.0 
0.210309 0.249968 0.0 
0.277611 0.189991 0.0 
0.249303 0.186545 0.0 
0.152141 0.182774 0.0 
0.255175 0.224519 0.0 
0.191682 0.149892 0.0 
0.262046 0.236238 0.0 
0.320486 0.188177 0.0 
0.210888 0.15004 0.0 
0.209408 0.149858 0.0 
0.26043 0.167577 0.0 
0.166492 0.161574 0.0 
0.270658 0.18423 0.0 
0.271224 0.180468 0.0 
0.27823 0.221287 0.0 
2.1857 0.39981 0.0 
0.268118 0.23995 0.0 
0.200895 0.256429 0.0 
0.2532 0.237736 0.0 
0.210745 0.259987 0.0 
0.149934 0.190747 0.0 
0.303616 0.209379 0.0 
0.663094 0.0515567 0.0 
0.309989 0.221186 0.0 
0.256022 0.165282 0.0 
0.153562 0.23021 0.0 
0.286383 0.18317 0.0 
0.156357 0.233994 0.0 
0.303062 0.204223 0.0 
0.308189 0.207263 0.0 
0.151358 0.0305977 0.0 
0.25791 0.237627 0.0 
0.258043 0.176926 0.0 
0.300748 0.198768 0.0 
0.195529 0.147138 0.0 
0.274503 0.172421 0.0 
0.156744 0.174358 0.0 
0.260678 0.240449 0.0 
0.25297 0.245793 0.0 
0.289811 0.223271 0.0 
0.258202 0.231435 0.0 
0.255534 0.233404 0.0 
0.283645 0.226219 0.0 
0.557058 0.33516 0.0 
0.281163 0.218938 0.0 
0.275197 0.219625 0.0 
1.21978 0.0471367 0.0 
0.28717 0.231215 0.0 
0.561121 0.380254 0.0 
0.175848 0.245748 0.0 
0.251526 0.233083 0.0 
0.286372 0.223473 0.0 
0.284514 0.213573 0.0 
0.310097 0.198715 0.0 
0.251472 0.201015 0.0 
0.24515 0.0271793 0.0 
0.167738 0.239766 0.0 
0.251469 0.198505 0.0 
0.257361 0.229556 0.0 
0.181657 0.146463 0.0 
0.249288 0.182374 0.0 
0.194923 0.0211258 0.0 
0.249503 0.238603 0.0 
1.62367 0.0484003 0.0 
0.233716 0.162509 0.0 
0.247119 0.241766 0.0 
0.572721 0.103555 0.0 
0.149342 0.202567 0.0 
0.248894 0.234362 0.0 
1.08501 0.361366 0.0 
0.251655 0.199447 0.0 
0.124129 0.344446 0.0 
0.154564 0.167291 0.0 
0.236262 0.238327 0.0 
0.149326 0.200383 0.0 
0.239093 0.237806 0.0 
0.149365 0.200031 0.0 
0.269963 0.222628 0.0 
0.152786 0.224485 0.0 
0.23646 0.239434 0.0 
0.317345 0.206663 0.0 
0.413419 0.0359083 0.0 
0.322415 0.201417 0.0 
0.315467 0.197913 0.0 
0.238654 0.164631 0.0 
0.149746 0.200561 0.0 
0.273701 0.331204 0.0 
0.18984 0.250596 0.0 
0.149575 0.20035 0.0 
0.286509 0.187915 0.0 
0.202679 0.252577 0.0 
0.695074 0.010592 0.0 
0.258122 0.223076 0.0 
0.272189 0.224806 0.0 
0.28682 0.177324 0.0 
0.17313 0.15706 0.0 
0.260427 0.224515 0.0 
0.250984 0.206465 0.0 
0.276711 0.0496977 0.0 
0.244745 0.239851 0.0 
0.246488 0.235917 0.0 
0.608726 0.149132 0.0 
0.165487 0.161321 0.0 
0.275671 0.223097 0.0 
0.268475 0.226426 0.0 
0.2491 0.230786 0.0 
0.27486 0.22651 0.0 
1.03105 0.381242 0.0 
0.253068 0.23052 0.0 
0.28193 0.222464 0.0 
0.245471 0.23193 0.0 
0.247748 0.232041 0.0 
0.313207 0.204627 0.0 
0.245362 0.233558 0.0 
0.272185 0.232286 0.0 
0.294235 0.20888 0.0 
0.288824 0.219892 0.0 
1.03086 0.0299443 0.0 
0.23773 0.163668 0.0 
1.35226 0.385643 0.0 
0.149211 0.198888 0.0 
0.235105 0.239198 0.0 
0.275373 0.240938 0.0 
0.220821 0.247871 0.0 
0.259118 0.163514 0.0 
0.307416 0.177016 0.0 
0.318293 0.194272 0.0 
0.234678 0.237716 0.0 
0.214955 0.248284 0.0 
0.149492 0.198241 0.0 
0.209309 0.251775 0.0 
1.93498 0.350039 0.0 
0.327828 0.196539 0.0 
0.173528 0.155742 0.0 
0.201202 0.251099 0.0 
0.277294 0.234604 0.0 
1.34142 0.020597 0.0 
0.169849 0.241279 0.0 
0.280503 0.229469 0.0 
1.83603 0.315348 0.0 
0.167885 0.158112 0.0 
0.237774 0.234342 0.0 
0.241238 0.164884 0.0 
1.81288 0.367419 0.0 
0.31514 0.182567 0.0 
0.238644 0.235239 0.0 
0.259194 0.227144 0.0 
0.224957 0.155821 0.0 
0.2467 0.167414 0.0 
0.263897 0.176487 0.0 
0.240229 0.164043 0.0 
0.151034 0.179993 0.0 
0.138405 0.301023 0.0 
1.73946 0.392834 0.0 
0.1485 0.200763 0.0 
1.29768 0.41 0.0 
0.148915 0.20592 0.0 
0.221155 0.246928 0.0 
0.242725 0.166602 0.0 
0.926306 0.0538312 0.0 
0.270025 0.175875 0.0 
0.149806 0.200247 0.0 
0.251207 0.19284 0.0 
0.262499 0.171854 0.0 
0.266974 0.175903 0.0 
1.90308 0.0530455 0.0 
0.170621 0.157646 0.0 
0.160121 0.16736 0.0 
0.170693 0.159493 0.0 
1.05734 0.41 0.0 
0.238587 0.165743 0.0 
0.237793 0.165451 0.0 
1.98494 0.0303014 0.0 
0.240069 0.166805 0.0 
0.230694 0.239946 0.0 
0.57 0 0.0 
0.198261 0.25163 0.0 
0.318146 0.224426 0.0 
0.148667 0.204346 0.0 
0.239495 0.167018 0.0 
0.24092 0.229077 0.0 
1.68012 0.0215624 0.0 
0.248994 0.232541 0.0 
0.107981 0.29571 0.0 
0.633322 0.391878 0.0 
1.26094 0.136745 0.0 
1.68984 0.41 0.0 
0.223718 0.154265 0.0 
0.177571 0.248673 0.0 
0.149694 0.202085 0.0 
0.223697 0.154892 0.0 
0.153498 0.221052 0.0 
0.590954 0.370732 0.0 
0.148732 0.203391 0.0 
0.233977 0.162058 0.0 
0.238283 0.165969 0.0 
0.368035 0.41 0.0 
0.238374 0.16648 0.0 
0.146958 0.200287 0.0 
0.156379 0.174336 0.0 
0.169318 0.242995 0.0 
0.172378 0.242854 0.0 
0.147036 0.21089 0.0 
0.246617 0.218924 0.0 
0.214703 0.248934 0.0 
1.34178 0.367367 0.0 
0.152999 0.217048 0.0 
0.242661 0.172935 0.0 
0.189558 0.249286 0.0 
0.211622 0.1511 0.0 
0.225377 0.156482 0.0 
0.236092 0.157919 0.0 
0.267274 0.16567 0.0 
0.156005 0.175669 0.0 
1.85648 0.240412 0.0 
0.215026 0.247984 0.0 
0.241808 0.228147 0.0 
0.245309 0.165858 0.0 
0.210018 0.150677 0.0 
0.247482 0.180758 0.0 
0.193325 0.149485 0.0 
0.255069 0.163027 0.0 
0.165439 0.162285 0.0 
0.221835 0.153996 0.0 
0.289136 0.21133 0.0 
0.236289 0.163125 0.0 
0.244016 0.233638 0.0 
0.6 0 0.0 
0.148837 0.198522 0.0 
0.191835 0.250548 0.0 
0.258774 0.173503 0.0 
0.174272 0.15587 0.0 
0.249013 0.211555 0.0 
0.221309 0.246393 0.0 
0.241239 0.235044 0.0 
0.575373 0.387638 0.0 
0.152561 0.218922 0.0 
0.22253 0.245921 0.0 
0.152669 0.18389 0.0 
0.230768 0.159393 0.0 
0.161794 0.2339 0.0 
0.151304 0.188667 0.0 
0.239593 0.236691 0.0 
0.238719 0.236763 0.0 
0.214619 0.247976 0.0 
0.266012 0.177812 0.0 
0.242182 0.17316 0.0 
0.187463 0.248577 0.0 
0.163269 0.23392 0.0 
0.209388 0.150892 0.0 
0.227674 0.15836 0.0 
0.163541 0.164035 0.0 
0.249988 0.205374 0.0 
0.249581 0.193556 0.0 
0.185009 0.248021 0.0 
0.210363 0.248912 0.0 
0.287243 0.152478 0.0 
0.15409 0.179019 0.0 
0.157818 0.22684 0.0 
0.148169 0.20212 0.0 
0.150064 0.202484 0.0 
0.570655 0.41 0.0 
2.19412 0.0101602 0.0 
0.150123 0.196523 0.0 
0.147359 0.198111 0.0 
0.280166 0.213381 0.0 
0.0216218 0 0.0 
0.246961 0.180553 0.0 
0.262905 0.162699 0.0 
2.19615 0.00611166 0.0 
0.35607 0.41 0.0 
0.603512 0.41 0.0 
0.153171 0.219955 0.0 
0.215403 0.248529 0.0 
1.04397 0.41 0.0 
        </DataArray>
      </Points>
      <Cells>
        <DataArray type="Int32" Name="connectivity" format="ascii">
2752 112 3837 
2125 2551 760 
4501 3860 2901 
597 1515 1527 
1081 1062 1083 
856 2541 2846 
3816 4189 765 
4155 2142 4600 
2852 422 1862 
869 1854 3082 
285 1650 818 
3240 2603 4328 
1203 1232 1233 
1273 1263 640 
251 986 712 
216 1062 3834 
3927 4244 3078 
2469 464 3617 
1440 1456 936 
549 1994 2385 
3767 3764 3800 
841 3235 2452 
2973 1763 3055 
488 2132 2231 
4112 3556 1410 
3856 2375 3867 
4111 920 3845 
3322 2686 2703 
1364 357 2899 
758 1422 3189 
372 3622 2614 
2778 2444 3307 
1190 646 1162 
3348 1091 4516 
1152 1254 1289 
141 1898 898 
3207 1089 1345 
709 1029 909 
4553 3817 4538 
3087 3885 3067 
3436 3222 1990 
1407 3816 765 
2542 3770 4147 
1090 691 1096 
3985 3474 2285 
1612 2824 424 
1026 1029 1032 
3179 1632 2162 
1071 1995 1522 
2102 508 507 
3115 1511 2358 
916 3888 428 
1626 1258 1453 
2110 1564 3899 
182 2248 3455 
1090 1064 692 
3814 4028 1130 
3731 1389 399 
2459 2489 2522 
1091 4117 4516 
803 2555 2836 
1316 1529 1184 
1159 1108 671 
3035 2063 341 
4100 3860 920 
1698 2947 1376 
917 169 2162 
1474 2366 1415 
3897 3475 4193 
2589 2711 1667 
3727 1896 4599 
3996 2223 3940 
691 1090 692 
2247 2971 1440 
1632 917 2162 
2223 3996 1019 
1436 1490 3858 
416 1644 1634 
4516 3791 2767 
2413 1499 3496 
3866 918 3861 
2287 2996 2979 
3108 3328 2821 
1698 1342 4075 
790 3235 1551 
1269 1275 812 
1017 2565 2602 
2364 1471 3616 
607 1437 1409 
563 1740 1734 
975 4195 2938 
1485 1436 1324 
3409 1501 913 
1369 2363 2513 
1293 1278 635 
264 3662 30 
4051 2129 2045 
2640 2924 1566 
2775 1302 1048 
1311 1309 1310 
3211 4361 4038 
2424 3107 3690 
3325 2593 3422 
1828 2887 4247 
3088 416 2164 
2895 3152 3170 
1029 3708 909 
2713 420 2120 
1685 2864 767 
2572 1643 3462 
3924 990 4371 
873 1658 2773 
1426 3376 1130 
4305 2721 3842 
1263 1270 640 
3725 2471 3444 
2731 1332 2273 
1696 2509 3355 
3105 2247 1440 
1218 654 1217 
927 3293 367 
1258 1626 1261 
1301 1267 633 
3292 1673 867 
3235 790 3582 
1387 810 2863 
4107 4294 4116 
3689 3711 2156 
2257 2429 403 
642 1265 643 
2934 337 1879 
2633 4170 1327 
940 3897 3824 
1469 2713 2120 
1501 3409 1520 
3205 3495 2071 
1064 1092 692 
3931 2966 3932 
703 1049 1052 
1514 1689 1408 
2571 1717 3052 
1015 2781 2198 
2717 1874 431 
1175 1479 2903 
2929 411 2452 
1495 2147 1494 
2394 2613 2279 
3475 3897 2205 
2793 1532 1511 
4370 4484 3961 
1214 2943 3904 
3965 4285 4184 
3931 2388 3849 
4608 962 714 
375 1545 3218 
3911 2122 4457 
4080 3987 3963 
1292 3863 4340 
4036 4558 4021 
4022 1411 1385 
800 2944 2706 
2630 3996 3995 
1903 1575 4 
3874 1506 3853 
3833 2991 2913 
1718 1008 3826 
1558 2586 1290 
2340 1507 2327 
2979 2483 399 
2707 2556 2301 
2638 2340 2327 
1399 1429 608 
3902 954 3901 
1706 3874 3853 
1492 1396 4031 
642 641 1264 
2297 2390 2336 
1038 2586 1558 
2063 3035 1404 
3129 4589 4320 
646 1190 647 
2508 1475 2842 
2954 2477 2399 
2160 2172 496 
1519 1581 583 
2044 1377 911 
3259 1417 949 
1636 2276 2216 
2751 2910 159 
1962 536 1959 
3309 4130 4085 
4096 911 1287 
231 2718 767 
2731 2565 1131 
2782 1054 3054 
2784 2526 3451 
1108 672 671 
1397 1444 1409 
1034 1050 1052 
1741 2448 1559 
1620 1797 2621 
4149 4130 3309 
3344 4526 3387 
3713 1643 2511 
805 1889 2257 
1673 3292 1435 
795 1847 3065 
1089 615 1345 
4170 2633 3267 
1191 3931 3932 
1260 2166 1228 
851 2940 1403 
1192 3823 3564 
3276 2589 1667 
83 141 898 
246 1515 1536 
573 1706 1618 
1261 1057 980 
1606 1506 2133 
2344 3121 3634 
4460 4428 2486 
4536 3601 4343 
2243 2502 4183 
2280 4582 4371 
2433 2521 4430 
1926 1181 2990 
2507 3520 2544 
279 731 286 
602 1490 603 
1459 827 1848 
4553 4171 3058 
810 1387 1814 
3852 3646 1232 
3946 1352 1170 
1247 3335 1023 
4309 3346 3977 
987 1828 4247 
2721 2691 448 
4052 1207 4021 
2552 3456 2383 
3350 2774 4051 
1558 3057 996 
592 360 1562 
785 1518 3246 
1581 1519 3827 
5 2299 3119 
4088 2920 1902 
1254 1351 4029 
2712 4362 925 
3866 3863 918 
2422 934 414 
4143 1891 4024 
3067 3514 3585 
1192 2360 2338 
4014 1289 1116 
2092 883 3692 
1095 1474 1415 
1255 4014 1116 
2685 2787 1304 
3346 4520 4524 
1396 1245 4031 
3476 3659 1661 
2577 3025 3430 
3075 1863 2649 
1608 4014 2962 
4583 2561 1125 
1811 1808 2980 
3684 820 1446 
2503 3374 2530 
911 1377 1372 
1572 4159 4153 
4558 4052 4021 
636 1129 1277 
688 1111 689 
2420 4372 4066 
1380 2445 1741 
4130 4079 4085 
4363 2887 3337 
1594 776 3226 
2445 1380 2502 
3828 3129 4320 
2840 3178 3345 
3695 3278 2812 
1351 1254 2795 
388 3831 977 
295 308 2658 
1024 708 707 
813 1364 2473 
3011 865 2758 
575 999 1697 
3601 3825 4343 
1286 1257 4082 
2092 1968 1366 
4103 2632 2677 
1457 1286 4082 
2694 3613 2617 
2902 772 2536 
1179 1953 4029 
1717 2571 1809 
1285 2755 2319 
2784 3000 3266 
77 2716 63 
1404 2656 373 
475 474 2376 
4003 1696 3355 
934 2422 3360 
3864 3898 1593 
2849 2427 1262 
1288 2495 2358 
1165 1118 1352 
2996 1428 786 
1007 216 1989 
2940 1358 1403 
3249 1015 2198 
935 2770 3858 
3943 4368 2813 
618 1377 619 
1683 2635 3387 
1300 1380 1741 
1133 673 1153 
2832 2947 3780 
3344 4500 2917 
3692 3640 4159 
1991 3019 2969 
337 2934 3712 
2107 4455 2132 
4061 4086 1242 
2827 3100 2479 
1526 1613 1911 
3604 4088 1902 
2483 313 399 
1035 705 1044 
1780 182 3455 
4348 902 2221 
2628 2417 3516 
820 3684 3926 
3391 892 3932 
1469 2062 1404 
2315 3514 3371 
2332 3319 1617 
1296 1292 4340 
2496 3856 3867 
3227 4341 4554 
600 1513 1466 
1445 2928 4282 
2381 3923 4177 
3035 2656 1404 
2982 360 1517 
1816 337 3712 
2157 3995 2950 
2735 3121 2702 
634 1296 1293 
1041 2872 3952 
2539 380 376 
1444 607 1409 
2787 2685 2710 
2294 2368 3270 
264 1423 2745 
3622 2714 412 
995 1427 1559 
2632 4103 4258 
1065 684 683 
1141 1070 677 
4043 4050 4386 
1517 360 3037 
4076 700 159 
2885 1378 818 
1087 1261 980 
704 1034 1044 
2072 3991 4342 
3161 351 1818 
3878 4071 2010 
1160 1183 1176 
2860 1185 1196 
2248 2375 943 
2698 1387 2863 
4414 2633 4045 
1072 1978 1012 
4134 4435 4602 
969 2290 1366 
4313 3028 2109 
251 1000 193 
2883 3939 1573 
2501 1746 2624 
2542 2960 792 
1683 2390 4356 
1428 2749 786 
4209 4289 3267 
1342 1379 4075 
1632 3179 1660 
2648 3097 1802 
893 1000 981 
3991 2072 2087 
2290 1008 3850 
983 3120 95 
3268 3648 791 
1356 996 3597 
2408 2467 2464 
1615 3657 2828 
2433 3808 4417 
3403 766 2927 
3846 1220 1252 
4371 2907 3924 
1057 1261 1626 
4078 4053 4121 
1803 827 3002 
1418 2501 2624 
4351 3989 1094 
2229 2334 3924 
1972 2228 1983 
4337 3918 2178 
1265 642 1264 
315 730 324 
3989 4351 3567 
879 3814 3258 
982 1257 1453 
4561 4333 2766 
1340 1318 1011 
2471 466 465 
2678 3223 3834 
2579 2573 2546 
1461 1538 3744 
4023 1207 4000 
1118 1165 3990 
367 1322 2899 
4147 3770 2134 
2421 4366 1443 
3957 1201 1018 
1121 3307 1521 
553 552 1543 
911 4096 2044 
1417 3259 1413 
1962 537 536 
3268 2693 17 
569 3642 1714 
3628 3168 1975 
1152 4089 1435 
4079 1367 1256 
1553 3682 3744 
1346 4102 4104 
1316 366 3033 
944 1251 648 
4019 3946 1170 
219 169 3305 
530 1999 1997 
3356 4068 3212 
1816 3712 844 
301 1353 346 
1733 781 4174 
3148 1357 1363 
1118 2103 2602 
4564 4633 1520 
598 597 1527 
1468 1280 1104 
1660 1693 1632 
2488 2474 3685 
3323 3331 2972 
3859 3556 4599 
1026 1574 3708 
3436 3529 1685 
1358 4058 1403 
2887 4363 4247 
1302 2775 4022 
3025 3277 3430 
660 1156 1176 
2640 2374 3173 
2210 388 977 
1587 2879 843 
1609 1581 3827 
1605 397 3096 
1417 1413 1410 
3843 2715 1506 
3177 3628 1975 
3254 2537 1287 
3485 3277 3025 
1374 4619 4110 
4409 3223 4548 
2806 2507 3184 
2537 1660 2757 
3459 2806 3466 
1427 1326 1559 
890 2808 3329 
1750 1715 1886 
609 1429 1395 
1222 2232 2745 
2521 4167 4430 
2879 1587 2918 
766 3403 2744 
4113 1698 1376 
3511 3650 2310 
2960 3204 1446 
1564 1565 591 
1864 1669 1984 
3192 3973 4580 
4310 4155 1446 
669 1150 1119 
3415 1019 2738 
618 617 1372 
3522 2991 3873 
803 1630 1586 
1108 2014 1153 
1432 1229 1895 
4377 2545 2282 
4052 4053 1211 
2401 3877 4409 
429 265 3437 
1913 1749 2617 
1613 807 2955 
3340 246 3363 
1020 1038 1045 
1244 1239 651 
2103 1118 3990 
4036 1346 1259 
1445 1991 3968 
776 2651 3226 
833 2539 376 
3210 1284 2842 
3884 2296 3889 
3320 3490 3297 
1780 1272 182 
923 1704 1714 
880 1828 4258 
3226 1518 845 
1182 1179 1057 
3085 2670 435 
1519 1663 2099 
391 1569 390 
1183 660 1176 
2959 3160 1530 
2228 3212 3903 
4003 1113 1509 
1995 1071 2366 
1329 3905 1282 
1239 1241 651 
2212 1239 3848 
4079 1425 4619 
2737 1471 2025 
3752 1582 9 
3524 2495 2348 
921 885 724 
3442 992 655 
4291 2637 4416 
1289 1210 1116 
1891 4143 4277 
1502 1495 601 
4124 4127 4530 
1062 216 1074 
2380 475 2376 
1322 1428 4095 
1540 2789 1424 
3448 1576 791 
1235 1367 1895 
1828 880 2071 
4063 4074 1221 
1327 1245 1765 
1132 1592 3683 
1159 670 1119 
4540 3148 1363 
1170 4624 4019 
1209 3958 1942 
3293 1428 367 
1600 2272 843 
3663 2567 930 
2444 2037 3451 
3914 3181 930 
2075 279 286 
1970 2019 524 
1357 1272 1354 
4090 1989 3875 
1417 3859 2082 
1258 1079 4020 
1033 1057 1179 
4626 800 2706 
4053 4078 1211 
1274 2579 2546 
1649 2944 1950 
1615 2364 3616 
1098 1995 2366 
1643 2572 1467 
28 1598 3687 
1069 3089 2965 
1491 4158 2696 
1044 1034 2088 
1225 645 644 
3593 1151 1635 
384 813 1539 
1344 1318 627 
2678 3841 3367 
1321 1314 629 
3519 4243 4370 
1377 618 1372 
1108 1159 2014 
4146 2985 2767 
493 1747 4222 
1403 1308 4093 
2196 978 2358 
1227 1479 2580 
3434 2455 2847 
4137 3006 949 
4334 4333 4561 
1638 1242 4082 
1740 1718 1734 
1392 4056 1243 
951 897 936 
2714 2804 412 
986 3737 972 
1168 1020 1585 
3747 1390 292 
1301 632 1281 
1311 1307 2696 
3041 3104 1331 
934 426 414 
3213 1574 2405 
716 963 960 
2139 2225 2535 
3081 4178 3845 
4217 2984 4438 
3881 1572 2915 
3087 4562 2985 
2628 1592 2417 
822 1583 2776 
4305 2999 2961 
3921 2984 2850 
1704 570 1714 
2977 1321 3870 
3503 3458 2642 
2438 2858 3473 
702 1061 1996 
1020 1168 4027 
938 971 719 
4563 1325 613 
1158 3993 1900 
1623 4613 587 
3371 2419 1560 
1693 1708 943 
3630 1181 3559 
3146 4303 2203 
4046 4012 1210 
2670 4451 832 
3404 3768 4549 
2107 2211 2203 
3939 2987 1573 
1963 3065 3072 
326 729 259 
2789 3286 1424 
1053 1049 1058 
1248 2805 3371 
3301 1051 2345 
705 1035 706 
1423 777 2618 
4063 1257 1286 
2756 1353 1788 
1733 3250 2870 
4119 3818 4037 
3062 2411 2833 
3068 2219 3868 
2782 2204 2491 
2236 2382 3948 
1057 1033 980 
777 1423 3061 
1438 2200 2759 
3230 2558 4450 
2792 1849 2795 
1166 665 1173 
2630 3103 1019 
1611 2568 769 
2545 3602 2282 
3024 1369 817 
1416 470 469 
2802 3142 2449 
3841 2678 888 
2561 4583 2278 
2760 2583 754 
3263 2284 3169 
4033 3211 2554 
1082 1507 1291 
3709 909 3708 
1191 1225 644 
2161 2032 2066 
1155 1079 1086 
2392 1461 2659 
1248 3514 4094 
1081 4148 3834 
3398 1557 3483 
1377 2044 619 
1587 788 2918 
1312 1307 631 
2867 3406 3658 
3399 2490 3606 
2690 2598 2363 
2487 1060 1009 
1581 950 583 
731 730 286 
1613 3186 2807 
705 704 1044 
1241 1239 1200 
4406 2085 2049 
4306 1111 4614 
2122 406 3839 
334 728 259 
3205 3600 2491 
787 152 135 
4511 1599 3337 
3397 2393 2624 
3303 3807 4203 
2479 3100 1503 
3983 1351 2795 
1488 2736 4051 
915 921 723 
1069 1095 1415 
1440 897 849 
1492 1188 1213 
3452 3171 2599 
1701 574 1618 
1274 1412 3088 
751 3403 3060 
3365 1463 4394 
2770 3580 1893 
2711 3688 1667 
2521 4064 1760 
1548 1040 3099 
4058 1358 2269 
1066 700 699 
698 697 1012 
4061 1245 1327 
3686 3297 2548 
4564 1713 3794 
903 3418 3420 
3049 3263 3169 
2204 4344 3495 
1248 3627 4438 
2660 1514 1686 
1358 2936 2269 
3138 1033 965 
2960 2542 4147 
1739 1347 2896 
1289 1953 1210 
4192 3087 3046 
1056 1411 1086 
3203 375 3218 
1038 1558 1045 
835 1598 2817 
1995 1639 1522 
3812 2104 1547 
1381 3283 1339 
1347 1746 2896 
1532 2793 1503 
888 1090 1096 
1272 1780 1336 
4012 4046 1221 
3167 3538 3241 
1047 1059 3986 
3524 2196 2358 
1352 1386 2269 
1315 1312 631 
1261 1087 1079 
726 4296 823 
3582 1569 1483 
702 1053 1058 
1556 1518 785 
4615 1169 1174 
1323 2795 1435 
3439 2773 1658 
1172 1329 1282 
1411 1056 1036 
3164 3252 1635 
3630 1607 3637 
4144 3936 3970 
3111 2734 2777 
2797 1393 1341 
2498 2527 1043 
1033 4029 965 
2048 2054 2055 
1573 3795 1528 
2674 1022 1068 
2555 1584 2836 
2507 2806 1199 
1050 703 1052 
1514 2660 2517 
664 663 1173 
736 735 76 
2089 2814 3237 
2408 2441 467 
3458 3503 4527 
902 1936 967 
2827 3215 1021 
2616 3680 2624 
3069 3484 3321 
2337 3486 2238 
600 1502 601 
1001 3378 1465 
1672 437 2963 
2432 1134 2606 
1592 1132 2417 
3135 2867 3560 
3326 4227 4181 
915 4618 926 
1066 937 900 
1672 2779 2263 
2276 3150 2759 
893 710 909 
3087 2752 3046 
4237 4462 3133 
2398 471 2425 
713 986 972 
2477 3688 2399 
1906 4412 4273 
1245 1240 1238 
1461 3591 2659 
3143 3055 1763 
411 1631 371 
4396 2488 3685 
2978 3582 1483 
3228 1136 3690 
3286 3666 3744 
2375 864 943 
1384 878 2076 
1569 790 390 
2800 2790 1431 
1338 2612 3162 
3140 2399 3585 
1060 2487 1063 
1507 1320 1291 
4112 1410 1413 
313 2483 359 
984 1381 1339 
3203 1546 2543 
1488 1492 1213 
1317 1671 3559 
377 1478 385 
2325 13 1629 
1418 3441 2461 
1000 251 711 
1686 3083 2155 
3474 2708 2285 
2578 3441 1418 
3752 3736 769 
1312 2977 4188 
3829 878 3207 
1746 1347 3397 
578 2008 1634 
2936 4624 1170 
2832 1708 1376 
3450 3517 2387 
237 388 19 
1061 2910 2766 
3390 3402 3366 
1624 1550 1420 
888 1064 1090 
2258 846 14 
2362 1653 3618 
1564 591 1590 
36 739 738 
4323 2180 3660 
2487 2573 1063 
3493 2333 3232 
2531 2527 460 
1941 3480 3597 
1296 905 1293 
591 590 1590 
2312 3351 1516 
2877 3313 2284 
2571 242 1809 
3296 3441 1206 
1258 2775 1453 
2652 1280 4181 
3017 1937 3384 
3356 1448 2958 
2619 1660 1253 
1386 2731 2273 
1819 1825 1691 
3682 1461 3744 
3607 1400 1388 
1623 1637 2073 
3348 3317 1432 
1437 3323 2727 
1495 1502 3910 
2272 1600 3691 
1712 3874 1670 
3691 784 28 
4396 2484 463 
897 1440 936 
1748 1777 1769 
2204 3495 2491 
897 951 859 
1000 711 981 
3149 1481 1098 
897 2243 849 
1571 2544 1406 
1593 589 1420 
1792 1785 558 
2217 3703 1629 
3172 2078 1028 
1164 4046 1182 
2322 2323 2336 
1203 652 1200 
862 1823 2980 
665 664 1173 
2486 2615 4460 
246 3340 2045 
4581 4484 4384 
1319 1321 2977 
3854 3904 2943 
2657 3726 2646 
3064 1285 2340 
951 2166 3632 
2727 958 1409 
2857 4244 1713 
2592 2796 3799 
3865 1309 2696 
1026 708 2405 
1949 1934 2278 
3076 2857 1520 
4409 970 3875 
393 1631 1627 
1493 2829 1549 
1022 1100 3496 
1070 1141 789 
4221 945 3285 
2276 899 2216 
1468 4616 3152 
833 356 1510 
3671 3541 2281 
841 392 1551 
1479 2504 2903 
426 3632 414 
3205 1610 3420 
377 380 761 
1393 3821 1341 
4346 4517 3251 
1207 4025 1177 
1630 803 2836 
370 368 1566 
2551 2125 3128 
1682 374 2317 
410 800 381 
1525 3172 2124 
445 2796 446 
1320 1507 2340 
1181 3636 3020 
1576 3448 4336 
4156 4158 4154 
3404 3416 3389 
816 3796 4489 
1333 3081 3845 
3663 2531 2562 
3129 4219 3686 
2570 1316 3033 
1600 2879 2817 
1689 2968 1408 
3528 1587 843 
2710 1356 1014 
4013 3542 1219 
426 934 995 
3697 2300 3197 
2591 2688 3462 
1586 848 1331 
2493 2474 462 
3574 1214 655 
1164 1257 1221 
1380 1300 1681 
773 3024 323 
3018 1775 2013 
3438 3398 3483 
372 2849 1262 
993 1558 996 
3307 2526 1521 
1440 3762 3105 
1205 1132 1243 
941 2302 3360 
1348 1708 1723 
3283 3344 1339 
828 1584 3229 
2394 3314 1884 
1563 2603 3303 
727 417 428 
2229 2297 2334 
1673 4089 3901 
4241 315 324 
729 326 324 
2232 3716 358 
923 3784 2133 
1033 3138 980 
2731 1131 1500 
2873 2669 4011 
1022 1499 1068 
2989 1141 676 
2537 3351 1253 
3168 3199 1975 
407 2145 1950 
2284 4355 2500 
1400 3607 1413 
3093 2900 2866 
916 3862 259 
1462 2770 1563 
2031 1493 1549 
4056 1392 1975 
475 2380 476 
519 1864 1984 
1256 1231 1211 
2802 1112 2356 
1560 1540 2842 
4322 2719 3405 
1995 1098 1481 
2072 4342 812 
3748 3701 1629 
3239 2941 1146 
3286 1538 1424 
2373 2380 2266 
579 578 1634 
2366 1097 1098 
996 1356 993 
2829 1493 2866 
1998 150 1213 
298 2953 786 
2350 2382 2242 
1199 3018 2013 
1422 758 1908 
1333 1334 1011 
2050 2663 1646 
3042 3715 2480 
3821 2746 1341 
1367 1235 1256 
2413 1639 1481 
1503 3100 1532 
596 246 1536 
1300 1559 1326 
2589 4562 3067 
1578 3664 3126 
1385 1069 2965 
4130 4149 1895 
3923 1991 2969 
3047 3039 3151 
4126 1305 3516 
2528 2877 2500 
3791 1910 2767 
1423 2431 2745 
2197 1247 1023 
833 3654 2816 
1558 993 3955 
3039 3047 2553 
388 237 725 
1676 4233 4208 
2412 3742 1665 
1653 3112 1549 
2308 4013 1219 
406 4612 1527 
1968 1969 1366 
3129 3686 2548 
1602 1593 3898 
3029 3549 1408 
2586 1038 4027 
4141 4016 4154 
3588 3118 4162 
1095 1069 1036 
4368 4369 4238 
150 1071 1522 
4449 2729 2554 
1544 595 3364 
3935 990 2309 
2609 2675 1723 
2309 2347 479 
2829 3274 1549 
4517 4483 3251 
1606 3895 1506 
2539 833 2816 
3369 3795 809 
2899 3545 367 
793 386 1627 
1258 1261 1079 
1255 4012 1221 
1526 2540 349 
1478 825 385 
3276 1941 3224 
3209 2409 1496 
1003 3933 1120 
790 394 390 
1209 3895 1606 
739 21 740 
1490 602 1494 
4186 4077 4132 
1128 2179 2884 
3149 1499 1481 
1161 1242 1048 
1583 822 404 
1456 2971 1355 
2485 366 1184 
1582 3752 769 
2687 2522 1276 
3139 2724 802 
1179 1182 1210 
3497 3706 1361 
1689 1514 2517 
447 2761 2720 
431 1874 3779 
1147 674 1148 
3199 969 1366 
1188 1492 4031 
795 3065 2758 
3104 1586 1331 
4018 4034 4069 
3547 3497 1509 
2669 2169 4011 
570 1704 571 
893 3709 2134 
2585 1025 1045 
1316 2570 753 
1314 1321 630 
2495 3524 2358 
4231 4134 4602 
1598 835 3687 
1499 2413 1481 
3626 3892 4557 
1862 2997 850 
3598 2310 3031 
397 3143 1763 
2879 1600 843 
2984 3921 2913 
3441 2578 1206 
396 3624 3114 
4086 4061 1327 
1351 965 4029 
2245 1246 1154 
4169 2770 1893 
2416 3707 3783 
2107 2132 4259 
3745 1524 3466 
76 140 894 
3624 1812 3114 
2512 1925 3523 
615 1089 616 
1229 1432 3224 
3594 2517 2596 
387 770 401 
2746 1154 3739 
4099 3467 1329 
670 1159 671 
1240 1245 1161 
3486 2981 3569 
3243 1577 1121 
2405 947 4416 
481 2297 2336 
1556 3755 845 
1592 2628 1442 
2130 3785 3282 
710 893 981 
2239 3566 2213 
3964 3685 4573 
2640 1478 3472 
1333 1328 629 
1555 429 3689 
1092 1064 693 
2152 4452 3318 
3132 3171 1450 
2608 3742 1178 
2686 1788 1299 
1118 4002 1352 
50 40 737 
3740 2034 2884 
3410 2655 3284 
1547 593 1517 
1169 1160 908 
2655 3410 1010 
1447 1570 3201 
1442 1305 942 
4047 4048 1204 
3664 1578 1497 
1633 3062 2833 
1653 2362 3643 
4122 4533 1382 
2780 3415 2738 
2169 4311 3912 
1249 1548 2843 
2322 2306 482 
1541 1521 2046 
1702 959 3264 
1396 1492 2774 
1675 770 2776 
4101 4478 2859 
672 1108 1153 
2786 3489 1617 
1692 1249 2843 
3521 1477 3185 
1992 1725 2226 
2823 2881 2916 
3230 2014 4494 
3517 3450 1679 
1350 886 1477 
3697 3484 3069 
2946 1570 3244 
2180 3676 3569 
2197 1054 3225 
2532 3412 3204 
2792 2882 2547 
656 992 881 
2181 2555 3554 
1546 3236 3119 
2654 452 2646 
1668 1687 1697 
2489 2381 3913 
1474 1097 2366 
1182 1626 1164 
2304 2667 724 
2860 1713 976 
2157 276 929 
1785 1819 2150 
570 569 1714 
1978 937 1012 
3377 3249 2590 
3403 751 2744 
2693 1611 769 
1854 3368 806 
2450 4013 1465 
2172 4097 496 
2565 2597 1131 
2591 3713 1554 
3416 3402 3389 
770 2145 401 
3287 3412 2106 
1609 585 584 
2139 1442 942 
3216 2997 1862 
2680 3245 1104 
2240 3501 3740 
2459 1445 3968 
2298 2102 4365 
1100 1022 2137 
1593 1602 1077 
1214 3442 655 
1940 1901 3187 
471 470 2425 
1215 1181 3637 
3049 1448 3212 
3002 1886 3012 
1869 3560 3658 
3501 2253 2034 
2328 4367 3239 
978 1636 2216 
2442 3650 2252 
2713 1469 373 
1820 3120 876 
4572 3974 2140 
4104 4221 1259 
3614 772 2902 
2974 2443 2415 
2747 2643 2606 
504 2123 2268 
3199 3168 2159 
4618 722 926 
4189 958 3303 
953 3644 3367 
1267 1292 633 
2822 3030 3407 
3888 425 428 
3513 2337 2238 
1373 3798 1371 
1445 2459 4393 
2230 3373 3982 
13 3748 1629 
431 2073 1637 
2462 4083 2652 
2979 1389 2287 
410 407 1950 
3452 1438 1450 
2883 1528 2938 
374 1682 313 
42 821 2581 
3514 2315 3585 
2579 1274 4084 
999 1701 4627 
3385 2874 2571 
1313 1320 2340 
2411 3062 12 
36 2138 24 
2579 2481 1394 
1332 2731 1500 
4391 4378 2288 
3731 1694 2723 
4449 4032 2601 
654 1218 2943 
1548 1249 4062 
626 1272 1336 
3627 3176 3443 
1047 2579 1394 
1251 649 648 
842 2864 1685 
1208 656 881 
3071 2078 3431 
3900 2154 4296 
1343 2353 2396 
2240 2089 3237 
787 2875 1838 
3196 1438 2759 
3409 913 3251 
885 921 3830 
1142 2620 2201 
2878 2616 2624 
1553 3666 2544 
874 3730 1866 
2573 2579 1039 
3242 1059 1394 
1584 2555 3229 
1174 1171 662 
1542 2778 3307 
1113 1521 1541 
169 3469 3305 
797 1844 1836 
474 2350 2376 
4543 3724 2270 
1677 566 4606 
1318 3338 1011 
658 1195 1196 
1300 1326 2969 
4117 1091 4538 
2164 3897 4193 
4468 3314 2456 
2365 2402 3264 
3063 2293 2581 
2126 502 2021 
2718 2783 3222 
3598 2728 3643 
1031 2573 1039 
1028 4292 2124 
1334 628 1011 
1869 1856 1619 
3884 2244 2296 
2878 3198 1500 
3447 4133 3973 
2575 4451 2841 
370 1583 404 
2692 2233 2682 
2218 50 76 
1234 1940 3187 
1456 2612 936 
2577 3252 1051 
3121 2344 2702 
1709 47 41 
1459 1750 3002 
1135 1885 3470 
3504 3287 2106 
2506 2254 3327 
3803 1195 3332 
4254 782 1836 
1350 2523 886 
1614 2708 3315 
951 998 859 
4283 3510 2379 
637 636 1277 
1668 1659 576 
2072 1275 1277 
2857 1713 1520 
2668 1390 2870 
2600 4617 930 
3351 3077 1253 
2504 1227 753 
1490 1436 603 
3115 978 2216 
998 951 3632 
2470 3484 3197 
2944 800 1950 
3470 3174 1843 
3120 2033 95 
3497 1696 1509 
3602 2857 1167 
736 50 737 
3832 2206 2385 
1350 3513 2238 
1844 797 3004 
4030 1626 1453 
4332 1088 2266 
2246 2277 2259 
4566 733 207 
3385 2571 3052 
1017 1168 1585 
1325 2975 1345 
1967 3539 1851 
3738 3082 2153 
781 1733 2870 
2142 4310 960 
1201 2116 1018 
1008 1740 3850 
1171 3893 1173 
3014 1781 1859 
945 3987 3820 
3654 833 1510 
1876 1875 1868 
2062 2120 2049 
1966 1370 1371 
3672 3673 2466 
2483 2979 2953 
1749 2694 2617 
2651 1331 848 
1861 2997 1859 
2211 2246 2203 
3539 1885 1851 
2402 2365 3048 
2103 1017 2602 
1837 1859 1880 
1163 1166 802 
1451 3504 2106 
991 3959 2112 
2167 2053 2080 
1789 3750 1959 
1706 573 1670 
2053 2648 4467 
395 343 1786 
351 3161 1619 
84 1845 877 
1781 1880 1859 
1390 2645 292 
4255 838 1795 
1422 2933 1512 
343 395 339 
2125 3079 2114 
3615 3593 1635 
3290 2224 2184 
2208 2040 2838 
3009 1812 3295 
796 3543 299 
522 2820 2023 
319 1707 1786 
1797 1781 2519 
880 1398 1610 
3030 2564 3407 
2645 311 292 
1837 1861 1859 
1729 1740 994 
2772 755 3189 
2382 2350 473 
3048 4299 2188 
1704 1712 571 
4055 1205 1969 
1402 3821 1393 
1801 2740 1674 
1208 3906 2886 
2019 4353 4005 
3563 854 782 
1733 4174 4535 
1877 2074 2261 
1801 1951 1778 
2219 1266 3868 
2074 1877 2066 
1837 29 73 
2084 2074 510 
1776 3804 3269 
4255 2648 1802 
382 1145 1484 
1669 2198 1956 
1748 1770 560 
3677 2095 2052 
82 1846 378 
3027 3141 2189 
2118 2081 2098 
1746 2501 2896 
434 321 1771 
1143 675 1137 
1729 1745 3850 
635 634 1293 
3537 3090 3271 
684 1065 1917 
2042 1957 3599 
2074 511 510 
1025 955 2436 
1662 1783 1802 
1662 3097 3040 
2116 1201 2115 
1856 1869 423 
2734 1874 3154 
2070 2167 2080 
1129 636 635 
366 1316 1184 
2067 1977 2352 
4403 3534 3674 
1662 1645 74 
1747 493 2183 
2894 3180 3508 
103 826 53 
1800 2341 1977 
3412 3287 3204 
1101 1107 689 
3217 4513 3032 
2648 4429 2148 
2171 2001 3949 
2038 2185 2016 
2941 1144 1146 
1402 611 610 
2181 3733 3229 
2595 2492 4549 
1429 1399 1395 
3006 1931 4271 
715 966 329 
520 1669 1956 
4615 1174 662 
505 1201 4298 
1157 1168 3990 
861 4096 1287 
4199 4015 4006 
847 2948 1827 
1648 2058 3608 
1266 906 1264 
2024 2341 2035 
3645 2042 2468 
1122 2163 4270 
1900 4211 1454 
4089 1152 1289 
1185 659 1196 
4304 2299 2104 
2175 1133 1153 
4233 1676 4105 
3571 2992 4496 
3395 3392 3507 
1163 667 666 
2795 1323 2792 
531 1972 3214 
1212 1757 1759 
268 252 398 
860 3010 1813 
1286 1457 1760 
1578 910 1497 
1958 3600 1202 
1773 1790 398 
1824 318 882 
1922 2011 1976 
3536 3627 3443 
4505 4215 1622 
1901 1907 1046 
1156 660 1149 
242 280 1809 
1813 419 1807 
1762 1898 3137 
1744 1391 1769 
2228 1126 1983 
1546 3119 2543 
3365 1604 2590 
199 3415 3426 
58 1645 16 
1722 1711 567 
1439 810 1814 
2343 1405 3116 
3575 3543 3429 
543 1947 1946 
1898 756 3137 
1770 3881 2915 
1947 543 1939 
1881 4509 4263 
1928 1924 1929 
3276 3480 1941 
1790 268 398 
273 449 2961 
2001 1999 2006 
3432 3411 2798 
2698 254 248 
3673 3668 3532 
1731 1762 2666 
3328 3108 3623 
1982 1955 1383 
561 1768 1759 
1842 2083 2352 
1439 1814 3891 
4060 1770 2915 
1846 555 1868 
2010 1103 1917 
550 549 2385 
1294 3195 1308 
4235 3461 2090 
1963 2888 2653 
1815 3011 1784 
4284 2257 1784 
533 1964 534 
1788 1782 1299 
889 1826 2440 
1774 4274 2468 
1152 1435 2795 
1806 889 2927 
1405 146 1433 
1999 961 1997 
4321 1203 1200 
4260 1889 1787 
1234 3187 1899 
1158 1900 4024 
1144 2895 3170 
585 1609 1640 
2653 4284 1784 
1353 2756 346 
153 1863 148 
1924 1349 1927 
895 4424 551 
1073 2512 3523 
1229 1235 1895 
573 572 1670 
3978 3725 3444 
1421 2354 1852 
301 3699 1353 
3238 375 3258 
1960 1982 2980 
154 865 113 
758 1612 1908 
2000 1943 1738 
2686 3322 1788 
3654 3472 2816 
1799 1886 3413 
181 183 1799 
1931 1935 545 
215 814 1831 
733 210 207 
2955 1793 2371 
3013 1833 409 
3843 1942 4193 
140 101 894 
181 1753 197 
1234 3408 3704 
787 3613 1766 
1579 3553 168 
1915 4275 1434 
2912 1655 2476 
2354 3187 1046 
2572 1284 1467 
2476 2146 402 
774 839 61 
969 3786 3826 
179 2906 798 
807 198 68 
779 3743 46 
191 1832 189 
173 1823 250 
281 190 2903 
444 3411 3426 
1834 116 844 
87 2534 227 
117 22 2582 
1693 864 1632 
3147 1567 155 
830 2743 3705 
1793 807 68 
1378 294 818 
293 1796 3705 
2286 827 177 
185 228 2825 
2976 206 3498 
1834 56 116 
1873 22 110 
429 1555 79 
2570 33 753 
352 801 2174 
2725 91 1619 
293 290 354 
283 2743 261 
731 279 732 
3191 2540 3414 
4239 4319 4240 
1684 80 877 
126 149 433 
858 272 275 
1719 274 1779 
1801 266 316 
811 310 1674 
111 847 1827 
69 869 1839 
824 1847 163 
153 158 2649 
2656 3035 306 
280 4106 1809 
1867 340 339 
289 3066 2407 
273 3261 2705 
2780 2796 3426 
1742 115 752 
3612 1806 896 
134 762 100 
3011 1963 2653 
1847 795 121 
118 1858 2427 
1441 1447 1919 
1810 183 218 
860 72 2582 
2293 797 4216 
55 63 760 
874 1853 3394 
244 245 1892 
1854 869 27 
782 854 48 
3288 219 3305 
72 860 1807 
757 57 1843 
75 69 1839 
2676 2657 2646 
3395 1873 2453 
875 1758 4035 
2575 1882 344 
64 78 850 
337 119 1879 
303 1894 355 
332 983 2639 
80 1684 93 
80 84 877 
3782 762 413 
3066 1913 3649 
3546 775 1591 
4634 156 1795 
1898 1762 898 
3086 804 3550 
2818 3091 3022 
72 117 2582 
91 351 1619 
138 857 130 
2293 4621 2581 
221 1753 2335 
1595 89 16 
186 774 61 
2783 2718 217 
425 3888 728 
1736 2753 95 
22 1873 2582 
176 2923 172 
67 840 1843 
236 842 2732 
101 140 734 
3079 1797 2519 
417 727 823 
55 2551 31 
1885 1135 1764 
2551 55 760 
1405 2343 146 
1135 10 1764 
1855 62 3424 
204 862 1808 
836 245 235 
840 67 43 
3619 1620 2621 
871 4515 106 
2713 307 278 
421 858 3052 
1751 1555 2700 
422 75 1839 
40 738 737 
347 2575 350 
2852 78 54 
310 266 1674 
284 1882 887 
136 2343 754 
1894 801 355 
795 161 121 
3347 88 866 
166 1889 164 
162 157 413 
205 1872 127 
245 836 1892 
427 1850 106 
2410 2568 2869 
1464 3323 606 
827 1803 177 
206 3299 3498 
3786 831 3826 
2565 979 2436 
1225 892 1162 
1928 546 1878 
1886 1761 3413 
3647 1753 1799 
3095 2000 1938 
1752 562 1755 
4361 3625 4038 
3322 2756 1788 
3187 1901 1046 
2051 3896 1905 
2000 3095 1971 
2694 2423 1766 
3408 2906 3704 
928 2610 931 
4260 1815 1784 
4198 2976 3498 
1889 805 164 
1940 2686 1299 
2986 2429 4252 
552 4424 1543 
279 210 732 
807 1613 2807 
3987 4080 4116 
1275 1269 638 
1921 4065 1899 
1715 1750 2451 
3613 787 1838 
1421 1115 3221 
3195 4093 1308 
717 716 960 
3600 3205 3420 
1283 1666 1944 
4032 4043 2601 
1921 1613 2955 
1835 1543 952 
1921 1933 2627 
208 3276 1667 
1522 1639 1893 
624 2314 2496 
3726 2654 2646 
1750 1886 3002 
1933 1921 1899 
2985 3317 2767 
659 658 1196 
1335 1344 627 
4198 1526 1911 
2463 4120 2956 
3350 201 1426 
2000 2015 1938 
1940 1234 3704 
1911 1921 2627 
2015 2000 2451 
3233 2015 2027 
4211 1900 1890 
3682 1553 2013 
1432 3317 3224 
1860 3065 824 
4039 4018 4069 
4503 3072 3641 
1946 1947 544 
2923 2429 2525 
3423 3400 2316 
2354 1933 1899 
4563 612 1393 
4109 4305 3842 
4008 1158 4518 
3797 946 4534 
1115 1421 1852 
1971 2662 1974 
4353 1970 2023 
210 733 732 
872 3166 3820 
4284 1979 4252 
1144 1533 1146 
3187 2354 1899 
1744 559 558 
3499 1725 1754 
3975 3519 4370 
1782 1901 1299 
543 1887 1939 
1419 1407 610 
2169 3912 1138 
3487 2538 1914 
3222 1833 1990 
1930 1931 545 
1893 3580 1522 
1666 1987 1944 
2686 774 2703 
3967 4004 4152 
645 1225 1162 
546 1928 1929 
2419 4385 2377 
3153 1482 4183 
3727 1994 1359 
1901 1940 1299 
979 1025 2436 
1943 2000 1971 
971 938 3926 
1926 1317 3559 
2093 1283 1944 
3013 1831 814 
3008 1524 3483 
1757 561 1759 
1335 626 1336 
2093 1115 1852 
209 2671 1216 
3576 1943 1971 
3013 814 2970 
1974 3576 1971 
4622 4629 3540 
3493 1306 2333 
564 1718 1724 
2910 2751 2766 
2068 1985 3605 
2721 4305 2961 
1935 1931 1878 
2429 2257 4252 
1923 3576 1974 
1872 1933 3586 
3206 4251 2700 
3611 2030 3633 
3576 3652 1990 
4149 3309 4538 
2756 3322 2771 
468 2428 469 
538 537 1954 
1934 1949 539 
4592 3331 3341 
3065 1963 2758 
2333 2362 3618 
1753 3647 2335 
2970 1761 1932 
3222 3436 1685 
3386 3215 1271 
1833 4532 1990 
2051 1947 1939 
1835 553 1543 
3403 1986 3060 
1545 375 3238 
3436 3652 3131 
1391 1744 4327 
3604 3622 1262 
2000 1715 2451 
1930 4610 544 
1948 1923 1974 
3199 1969 1975 
4118 1383 1955 
1254 1953 1289 
3131 3652 2957 
1907 1283 1852 
1761 1886 1715 
3072 3130 3587 
2004 3217 2788 
3182 4574 1944 
1918 1948 3639 
1948 2662 3639 
1811 400 1808 
2739 751 3060 
4267 4523 3265 
3157 2257 403 
2634 836 3060 
1949 2278 3976 
3075 415 3032 
2662 3592 3639 
3993 1158 2465 
1964 1789 534 
962 4600 329 
1811 1982 1383 
1960 2634 1986 
3635 1387 1383 
1963 3011 2758 
842 3529 2732 
2662 1948 1974 
718 938 719 
1387 1811 1383 
3119 4304 2543 
971 2149 922 
562 1752 1728 
1639 1995 1481 
2647 1860 433 
4499 1987 4049 
931 722 721 
1923 3621 4525 
1992 2009 3633 
360 592 1458 
1567 2583 1476 
553 1835 554 
559 1744 1769 
4250 1772 4261 
1725 1992 3633 
1901 1782 1666 
274 1719 275 
2468 3275 3645 
2350 2242 2376 
1941 1229 3224 
939 1748 1769 
1982 1960 2005 
1948 1918 1955 
2662 3095 2093 
1953 1179 1210 
1126 1964 1983 
1998 1188 1071 
1973 1897 3116 
1987 1961 4049 
3479 2814 919 
101 4566 207 
2910 4076 159 
1359 1912 548 
1973 3116 2666 
1841 1980 4229 
1923 1948 2005 
415 3075 2649 
1761 1715 1738 
1962 1125 1954 
4353 2019 1970 
1616 171 3414 
3592 3275 3639 
1992 3604 1902 
3275 3592 1980 
3202 1224 3321 
3652 3436 1990 
1970 523 2023 
4063 1286 1760 
1897 2004 2760 
3621 1923 2005 
1283 1907 1666 
2686 1940 3704 
3275 2468 3639 
1980 1841 3605 
1267 1301 1281 
2986 1979 1782 
1725 2030 1754 
3627 1248 4094 
211 1421 3221 
3014 2117 4308 
2354 1907 1852 
1968 2092 3692 
1920 1648 3608 
537 1962 1954 
1725 3499 2226 
3581 3206 2156 
2714 3604 2226 
547 1924 1927 
2760 2004 1476 
565 564 1724 
4361 1427 2403 
555 1846 1857 
4491 1979 1961 
3433 1855 3424 
3100 1127 1532 
1934 538 1954 
1887 543 542 
1156 2136 1176 
2030 2068 3605 
3097 1662 1802 
1555 3689 2700 
2671 3586 1216 
3280 4503 3641 
2990 1181 3020 
1368 1370 620 
2143 2094 499 
1814 2631 3891 
1907 1901 1666 
1495 602 601 
1993 1332 3198 
1122 2207 2163 
3646 653 1232 
906 1265 1264 
4274 1918 2468 
3182 1980 3592 
3712 2811 844 
4234 1863 3075 
4287 2009 1902 
1887 4570 1187 
3622 372 1262 
2048 3925 2838 
1958 3198 2295 
519 518 2016 
1920 4287 3507 
1918 4274 1955 
679 1122 680 
2068 2057 3645 
2984 3357 2805 
3461 4235 2065 
1798 838 1802 
1353 3699 2986 
2502 1380 1681 
2121 3611 3608 
656 1208 3446 
4040 4038 1193 
1957 2042 2057 
1985 2068 3645 
1656 4120 4588 
1610 3205 2071 
515 2048 2055 
1875 1876 554 
3130 4234 3075 
517 2043 2022 
1782 4491 1666 
4423 2478 3638 
2867 3135 4335 
2228 1972 3928 
1227 1529 1316 
2631 3635 4541 
2009 1992 1902 
3206 3581 2529 
1987 4491 1961 
1985 1980 3605 
1696 4003 1509 
1772 2030 3605 
3357 4387 2377 
2254 3248 2128 
3039 1145 3151 
2444 1013 2037 
1013 2020 2702 
1972 532 3214 
4275 1743 1434 
3580 4266 4175 
2143 3962 991 
1841 1772 3605 
675 1143 676 
2026 520 1956 
4609 2019 525 
604 1485 1324 
3097 3535 3040 
528 2002 1976 
531 530 1997 
2827 1438 1271 
2688 1441 3462 
4045 2633 1765 
522 2026 2781 
4545 2059 4295 
1913 2015 2451 
3101 2933 1908 
2567 3663 2562 
1948 1955 2005 
4007 4196 4006 
4578 2017 525 
1188 1998 1213 
596 3363 246 
4200 1529 2580 
2839 2894 4467 
529 2001 2006 
3209 1511 1224 
2424 1136 4377 
3603 3572 2108 
2205 1668 1697 
3578 3565 3589 
3385 3603 2580 
2326 2818 2370 
1471 2364 2025 
1730 3565 2065 
3403 2927 1986 
4042 2291 3262 
2047 2811 3712 
1858 2920 2427 
3681 3090 4519 
2948 794 3022 
2100 2102 507 
3192 1925 3447 
3461 2065 2580 
1858 419 2920 
2341 1800 2035 
2629 453 4598 
3621 2927 2957 
3047 4092 2553 
1752 1212 1728 
2682 4521 2692 
561 1757 1755 
4272 2193 2195 
2057 3464 3589 
1648 1800 1977 
3165 3375 2097 
1972 531 1997 
4461 3248 2041 
2038 518 2039 
2048 515 2064 
3347 3022 794 
1957 2057 2090 
3328 2990 2821 
3474 4059 3315 
1960 3621 2005 
512 2032 513 
2811 2453 752 
3492 4200 2065 
2032 2161 3920 
3611 2009 3608 
1967 3433 4544 
3698 3642 2165 
4565 2047 2035 
2811 2047 4479 
2091 3823 3343 
1245 1396 1765 
948 2084 2096 
1883 1896 548 
2042 1774 2468 
3464 4545 3589 
3518 2678 3367 
1796 2992 2834 
2661 427 1827 
3163 3189 1512 
1745 1728 3847 
2024 3091 2029 
2992 2584 2885 
514 2064 515 
4281 1916 952 
2085 4406 4288 
2058 1648 1977 
3163 1512 2120 
1601 2069 1817 
2095 2311 2052 
2851 3471 3478 
2067 3464 2121 
2030 1772 1754 
674 1147 1137 
3289 3537 4477 
2311 2341 2052 
4286 3492 2065 
2740 1778 4477 
955 2578 2436 
2588 1599 1236 
1720 566 4246 
1906 2689 4404 
1648 1920 4565 
533 532 1983 
3642 3698 1714 
2674 2945 3318 
3163 2772 3189 
1224 1511 1532 
3361 2091 3343 
2680 4083 2140 
1280 2680 1104 
4120 1656 4017 
3759 891 1880 
1654 4567 2159 
3620 2876 3550 
2009 3611 3633 
2313 3510 2109 
2029 3677 2052 
2059 2324 3021 
1283 2093 1852 
2067 2083 3584 
2933 3101 4288 
4412 2447 4273 
1140 3112 2060 
2876 3086 3550 
2081 2059 2098 
3374 3277 3515 
3535 3091 3478 
3101 1908 3571 
1778 1951 1817 
1877 2161 2066 
2083 2059 3584 
64 1861 73 
3508 3180 3128 
2062 2063 1404 
4176 3402 3416 
1645 1662 3040 
2068 2030 4297 
1003 681 680 
1726 3161 1818 
302 1951 316 
2053 2167 2158 
1812 3624 3295 
1718 831 1724 
1469 1404 373 
931 2610 926 
2085 3482 2049 
518 2038 2016 
1778 2740 1801 
3429 167 408 
3175 2324 2195 
2063 2062 2189 
1398 2202 1610 
1599 4059 1236 
2644 2353 2060 
2933 4406 1512 
2840 1067 2763 
2098 2059 3021 
1140 2031 3112 
2639 983 95 
2117 3216 2153 
3464 2057 4297 
2933 1422 1908 
2275 484 4528 
2934 871 3059 
4408 4595 3063 
3508 2053 4467 
4272 1988 2086 
2579 1047 1039 
1758 3180 348 
2098 3667 3675 
1746 3397 2624 
2189 2062 2049 
3482 2085 4295 
2054 2040 516 
1575 1903 2963 
2029 3535 2148 
2031 1140 1710 
1856 271 300 
4423 3581 2156 
1123 1871 2231 
512 511 2066 
506 2100 507 
2682 1903 4 
2167 4313 2086 
2185 1864 2016 
2114 3079 2519 
2083 2067 2352 
2108 3461 3603 
4200 3427 1184 
2681 2675 2609 
2867 3658 3560 
3454 2097 3271 
3059 2024 2035 
4225 4223 4301 
4092 2673 2553 
1977 2067 2058 
2233 2250 97 
2341 2024 2052 
1764 2018 1851 
3165 3454 1865 
4457 2736 4175 
4545 3578 3589 
2095 1842 2352 
831 1727 1724 
2743 2834 424 
2118 3675 3537 
1842 2324 2083 
3391 2840 3345 
2307 3942 2012 
2062 1469 2120 
2108 3581 3599 
1362 621 3305 
1015 3530 2235 
2047 2934 3059 
3254 3351 2537 
1720 1654 1722 
1739 1247 1756 
2094 500 499 
3180 2894 877 
509 2084 510 
3180 1758 3128 
1818 3090 3665 
959 1702 1735 
4313 2193 2086 
1375 4629 2835 
3508 2114 2080 
2020 2330 2702 
3112 2031 1549 
3088 4362 2815 
2121 2058 2067 
3667 3021 3175 
3876 953 3367 
1498 2734 3154 
3962 2135 4179 
2494 959 1735 
2057 1730 2090 
3575 3429 408 
3456 382 1484 
2844 3124 3696 
2040 2043 516 
1718 564 1734 
2324 3175 3021 
478 2372 479 
4429 3677 2148 
3632 426 988 
3668 3673 3175 
3677 2029 2148 
2243 1909 849 
2079 1988 4249 
762 3782 2647 
4313 2070 4314 
1706 2061 1618 
1739 2196 3524 
2120 1512 2049 
720 719 922 
3047 2036 1339 
3407 3055 2822 
3240 4328 765 
3482 3027 2189 
2193 4293 2113 
38 2018 1764 
2830 2768 442 
3681 3672 2466 
1988 2079 2086 
3090 3681 3665 
500 2094 2112 
1885 1764 1851 
2681 1525 2124 
3312 3563 4265 
1644 1460 580 
59 854 3424 
1401 2560 4441 
513 2032 2056 
2151 2113 3510 
2695 2173 2153 
2125 2114 3128 
2600 458 1829 
3673 3532 2466 
4299 3048 2041 
1969 3199 1366 
2116 504 2268 
3355 2509 4140 
2018 1855 1851 
3091 2024 3022 
2097 2740 4477 
2313 2173 2379 
2193 2113 2195 
4288 3101 1945 
3304 1360 2367 
3482 2081 2118 
2675 1348 1723 
3406 2867 3401 
2173 3174 3470 
1988 1842 4249 
1855 3433 1851 
2932 2688 3372 
2131 2112 3959 
1871 2192 490 
2199 2938 1528 
1977 2311 2352 
2095 3677 4249 
4108 2867 4335 
3018 1524 3008 
3535 3097 2148 
1213 150 1480 
1711 1722 901 
1278 1129 635 
317 890 3036 
890 317 2174 
3521 2187 1477 
1533 3274 1146 
395 3406 3401 
2225 2139 942 
2306 2303 482 
2294 2230 3982 
1205 4056 1969 
2636 3476 2270 
2400 455 2604 
799 2824 1612 
2594 4108 4335 
1882 2575 2841 
3593 3615 3315 
3510 4293 2109 
1360 435 1658 
2556 2707 3984 
452 2654 4598 
171 3191 3414 
1105 2768 2794 
2173 2313 2153 
2330 2020 2391 
1630 3330 848 
1441 1570 1447 
3028 2117 2109 
2431 1423 2618 
2164 4420 3088 
2123 1002 2268 
2313 2117 2153 
1028 2394 1884 
3236 5 3119 
4429 2053 2158 
3642 569 568 
1750 1749 2451 
3549 1514 1408 
3503 2503 2530 
2239 2289 1530 
2117 2313 2109 
1051 3301 2577 
3957 1018 3523 
2233 2692 4098 
2113 2151 3175 
2867 4108 3401 
934 2302 995 
1660 3179 2757 
382 3117 3151 
3688 208 1667 
3351 3254 1516 
1067 2840 2046 
1658 873 3401 
1351 3983 1075 
652 1203 1233 
1360 2594 2367 
455 2625 2604 
2172 1937 4179 
2926 3018 3008 
3672 4519 3675 
675 674 1137 
3533 3581 2108 
2311 1977 2341 
464 2469 465 
3174 2173 2695 
3026 1805 3329 
3750 4326 1959 
2279 2613 4456 
3168 901 2159 
3694 2007 2188 
426 995 988 
502 2126 503 
2167 2079 2158 
1147 3825 3053 
2808 2909 3756 
2195 2113 3175 
3517 2238 3569 
2409 3278 1496 
4113 1376 1348 
4437 2369 4072 
3374 3515 2530 
2625 455 454 
2726 2809 1023 
450 3261 2677 
1405 819 3116 
978 2196 2896 
2337 1657 3294 
3190 1568 2414 
3141 2983 2189 
4378 2486 2288 
2663 2364 1504 
4568 1065 683 
4338 2594 4335 
1493 3093 2866 
2914 3306 3298 
2681 2609 1525 
1041 3979 1614 
4026 1207 1177 
3196 3296 1206 
4239 1743 3074 
3793 2395 2182 
4599 1896 1927 
669 668 967 
2790 3616 1431 
592 1565 1458 
2506 4382 2367 
2457 796 2706 
2245 3071 3938 
995 2302 2403 
720 932 721 
2533 1967 4278 
2275 483 2296 
1603 2215 919 
3765 3379 3800 
2841 3304 3756 
1853 874 2695 
3409 3076 1520 
3668 2151 3248 
2650 3756 2367 
3289 3027 3482 
4176 2492 4427 
1070 678 677 
2743 830 2834 
1370 1966 219 
1924 1928 1349 
782 4631 1836 
3479 2184 2355 
2041 1142 3237 
3563 3312 4544 
867 1550 1625 
4161 4144 1431 
166 165 1787 
2714 3622 3604 
1493 2031 1710 
4408 4552 3561 
775 1476 2788 
492 2199 2183 
1468 2895 4181 
1607 3142 1230 
3152 4616 3232 
1576 2331 791 
1489 3359 763 
3666 3286 2898 
2079 2167 2086 
1603 2179 3031 
2600 2567 2574 
2406 3183 3719 
453 2629 454 
2793 899 1503 
2324 2059 2083 
1703 3719 768 
3659 2510 1661 
2643 2432 2606 
3191 3186 349 
2871 3697 3069 
1785 1744 558 
2192 491 490 
3248 4299 2041 
2114 2070 2080 
582 1663 583 
2353 2891 2060 
1523 2750 3294 
2240 1142 2201 
276 3045 929 
2637 4560 3700 
2360 2626 2684 
2740 2097 3375 
1296 634 1295 
965 1351 1075 
2948 2024 2661 
2679 3290 2723 
104 1087 980 
3917 907 1052 
2944 2457 2706 
1702 2194 1735 
2166 951 936 
3237 4461 2041 
3208 1540 1560 
697 1072 1012 
3613 2694 1766 
3208 3287 3339 
1603 2089 3740 
493 492 2183 
484 2275 2259 
3724 3591 3352 
2871 1578 3126 
2959 1705 2515 
2638 3138 965 
2194 2406 3719 
2393 3397 3225 
1524 3745 3483 
2325 3757 1703 
4283 2533 2007 
1430 2532 4147 
4426 3237 2814 
2200 2276 2759 
2727 3323 2972 
3671 3702 3551 
2409 3209 1588 
3402 4176 3366 
2881 438 2916 
3647 2970 2335 
3380 2194 3719 
4338 2466 3532 
2488 463 462 
2114 3610 4314 
363 1694 2317 
3380 3757 3716 
1644 579 1634 
3155 2528 2414 
2193 4313 2109 
1869 3161 1726 
486 2211 4259 
138 131 2614 
1712 572 571 
34 1303 30 
933 2253 2665 
1171 663 662 
2293 3063 3004 
2809 1054 1023 
1550 588 1625 
2697 1678 4208 
2211 2107 4259 
3048 1142 2041 
2924 1583 1566 
4483 3409 3251 
1087 2437 1079 
2654 2629 4598 
1209 1392 1243 
4164 4391 2288 
2594 2506 2367 
1818 3665 1726 
1442 2139 2170 
3740 2179 1603 
1642 3268 791 
1571 3306 3579 
3274 2829 3239 
2034 2559 2884 
1411 1155 1086 
2808 2650 3329 
430 2378 2513 
2645 1390 2668 
987 4363 2629 
1392 1606 1297 
3369 2199 1528 
1220 650 1252 
1869 1707 423 
2009 1920 3608 
2660 1686 2155 
2008 578 577 
2237 3696 2836 
846 1576 4336 
2701 3915 4584 
1841 3631 3641 
1981 1943 3576 
3565 1730 3589 
2343 2760 754 
2287 1401 2935 
1550 867 1420 
2250 2077 97 
1132 1205 2417 
576 1659 577 
483 2303 2296 
2366 3089 1415 
2132 1123 2231 
1758 875 3128 
2733 815 1589 
4260 2257 1889 
3306 2458 3579 
2253 2620 2665 
2537 861 1287 
819 1405 1433 
1547 2299 2003 
729 334 259 
2118 3289 3482 
3142 3630 3559 
2173 3539 2379 
2301 2450 1110 
4526 3945 3387 
2058 2121 3608 
985 2329 1840 
2105 3479 919 
3497 3547 3706 
3632 1804 414 
579 1644 580 
114 1743 1952 
3136 3465 2386 
1150 669 967 
615 614 1345 
2533 3534 2007 
1242 1638 1048 
3296 3196 2759 
1614 3615 2642 
1737 3670 361 
2750 3043 2611 
3253 2495 1288 
1463 4138 3362 
3395 3010 2582 
2254 2506 3532 
3123 1365 3758 
2184 3479 2251 
2238 3517 1679 
621 3288 3305 
3495 3205 2491 
4182 4302 1498 
2944 1649 3005 
3676 3517 3569 
2392 2659 1467 
3317 3348 2767 
1088 477 2373 
1909 2243 1482 
2079 3677 2158 
3703 358 3716 
1663 1519 583 
4552 4408 3674 
2179 3740 2884 
102 99 866 
3482 2189 2049 
4121 4053 4558 
2199 492 2191 
2589 3276 3224 
2256 1169 908 
3829 1508 1516 
773 383 1539 
3937 2408 3978 
3543 3575 299 
2122 3911 1466 
775 3546 1476 
3313 2952 3169 
2566 2119 3763 
2370 771 98 
3624 396 3007 
2927 3621 1986 
2620 2253 2201 
864 1693 943 
628 1340 1011 
1406 1451 2942 
3013 2970 1932 
2844 2636 2270 
39 1703 768 
1112 3594 2596 
508 2102 2096 
1740 1008 1718 
717 820 956 
4358 4413 2704 
2881 2823 439 
3043 2404 2611 
1630 848 1586 
2620 1142 3048 
2846 2541 3295 
4296 417 823 
3689 3206 2700 
2415 1306 2111 
2368 2294 3982 
2004 4262 3587 
4025 1231 1177 
3176 3627 3417 
1278 905 2087 
3171 3452 1450 
4418 3588 4400 
2880 3124 4431 
617 1384 1372 
2514 1260 1228 
2911 2855 2862 
3141 1601 759 
1825 556 1691 
2668 2224 2679 
2837 4055 1890 
2844 3696 2892 
2472 2391 4398 
2294 4437 4354 
932 720 922 
1000 893 2134 
4389 4381 2342 
3562 3453 2305 
1955 1982 2005 
3617 2872 2469 
2353 3353 2937 
2623 2176 3360 
3680 1418 2624 
1416 1117 2425 
1508 3207 2975 
4167 2521 1760 
3650 2442 3526 
3333 933 1472 
1113 1121 1521 
2650 3562 3527 
2471 2469 3444 
993 2685 3955 
3071 2245 1004 
1384 617 616 
1671 3142 3559 
1488 2774 1492 
1097 1474 1093 
770 822 2776 
1231 1256 4044 
1867 395 3401 
3419 2349 3596 
1511 3115 2793 
685 1109 686 
2891 2353 2937 
1626 1182 1057 
691 1102 1096 
2577 3301 3260 
3472 1478 2816 
625 1357 1354 
3275 1985 3645 
276 2889 3094 
2362 3598 3643 
1128 2728 3031 
1222 2357 3716 
1049 1053 2168 
914 921 724 
2224 3290 2679 
1235 1229 3597 
3675 2118 2098 
4617 2600 1829 
1751 1773 398 
3544 1614 2642 
3714 2952 3098 
1567 3546 155 
2733 1489 3026 
738 40 36 
2919 2363 2598 
2481 2579 4084 
2217 3062 358 
4226 1710 4242 
2559 3333 1688 
3213 1430 1574 
4623 2823 3094 
2402 2188 2007 
2660 2564 2517 
3136 3656 2439 
770 1675 1649 
1505 3607 1388 
3486 2337 3294 
1292 1296 1295 
3696 2237 2892 
3898 3864 3901 
2721 448 4601 
1305 2628 3516 
442 2768 2798 
2503 4432 1635 
2559 2848 2884 
386 793 262 
1325 614 613 
1994 3727 3832 
2728 1128 2396 
1401 2475 2251 
3738 3216 1862 
3785 3707 3282 
2597 2578 3680 
2232 1633 2745 
4604 3332 1198 
3076 2274 1167 
3874 1706 1670 
4631 782 48 
4631 3872 1836 
4296 726 19 
2431 2187 3521 
2227 211 3221 
2880 2438 3473 
4455 4303 2132 
1540 3208 3339 
3091 3535 2029 
2328 4492 2845 
351 1736 1818 
1270 1266 1268 
491 2192 2191 
3596 2709 2690 
937 698 1012 
1936 1150 967 
3702 1472 2665 
2187 1657 1477 
1826 418 2440 
1103 4071 2922 
968 3601 3828 
4425 1542 3445 
3607 4112 1413 
4257 4287 1902 
3217 2004 3587 
944 4345 2101 
3512 2442 2252 
3402 3390 3389 
2374 2640 3472 
2728 3598 3031 
963 715 329 
679 678 4339 
2629 2625 454 
1089 1384 616 
1227 1316 753 
3346 3975 3977 
2560 2442 2730 
3411 443 2798 
1770 4060 1759 
858 1719 3052 
3252 2503 1635 
959 2494 2665 
2149 932 922 
1408 2968 3029 
4379 1167 3606 
2613 4452 4456 
1707 1869 3658 
3539 1967 2533 
854 3563 3424 
2659 3300 1467 
3012 1803 3002 
925 4302 2099 
1472 933 2665 
3183 2406 3063 
3354 3279 4421 
4537 2664 4383 
1343 3353 2353 
2368 1040 4062 
1556 6 3755 
4223 4225 3349 
4316 2237 3295 
4469 2689 4411 
1736 2033 1818 
978 3115 2358 
3689 429 3437 
779 3689 3437 
1774 4423 3638 
782 4254 3563 
1794 1695 1591 
2712 1460 2815 
2253 933 2034 
498 2143 499 
1778 3027 4477 
4352 2485 1184 
3247 2392 1467 
1059 3242 2170 
2438 2497 1226 
1687 575 1697 
1538 2392 1424 
814 1904 2970 
2032 512 2066 
2046 2840 1541 
903 2720 3799 
871 2934 1879 
3454 3165 2097 
2302 941 2403 
1320 1313 1298 
2145 1649 1950 
1060 2556 1009 
1322 2349 2473 
3289 2118 3537 
4189 3816 3909 
1582 3316 3113 
708 1026 1032 
3906 904 3882 
2187 2618 2672 
2179 1128 3031 
4585 4101 2859 
1643 3713 3462 
3660 1557 3502 
3846 4597 4593 
2441 1005 2430 
944 1190 2260 
4381 3509 2342 
1141 1139 676 
3582 2978 2454 
1320 1237 1291 
2310 2215 3031 
2699 2424 2282 
2665 2365 3264 
2198 2026 1956 
1804 1197 414 
2973 3055 2812 
3195 1202 3600 
1232 1203 2141 
478 477 2262 
3592 2662 4574 
4059 1599 4511 
3756 3304 2367 
3954 3291 3194 
1513 1455 1466 
2382 2389 2329 
3549 1686 1514 
1873 1742 2453 
1192 3538 3343 
2428 1416 469 
1594 3226 845 
1247 1739 3440 
1171 1174 2256 
2996 2953 2979 
3499 1762 3137 
855 1832 2371 
2948 847 794 
2246 2211 485 
2999 273 2961 
2044 1373 619 
2684 2593 2338 
2741 3319 2663 
1428 3293 2749 
3461 2108 2090 
1140 2891 1710 
3902 3929 3899 
756 870 3137 
2573 1031 1063 
4340 4487 3844 
3204 2960 2532 
3615 4432 2642 
2856 2349 4095 
1701 2061 4627 
205 2976 2627 
2485 270 241 
3374 2503 3430 
506 505 4298 
1576 846 3246 
1110 2707 2301 
2360 2684 2338 
1904 224 2335 
2889 2861 2868 
2890 436 2994 
778 2281 3558 
864 2375 1632 
2363 2919 2513 
4492 2900 4442 
3922 3105 4625 
3586 2354 1216 
3698 1055 3784 
1129 2072 1277 
2160 495 2182 
2593 2831 3422 
3510 2313 2379 
2302 934 3360 
2981 3486 3481 
3138 104 980 
3824 2008 940 
1712 1704 923 
4243 3519 4347 
4134 4231 4132 
1602 590 1077 
3941 1006 1976 
2971 2247 1249 
919 2215 3526 
1637 586 1640 
2797 863 4563 
3331 3323 3341 
614 1325 1345 
1378 2584 296 
2318 2902 2536 
2561 1934 1954 
1713 4244 976 
899 2200 2479 
488 487 4259 
3715 1247 3440 
2681 4292 4465 
1244 651 650 
1708 2832 943 
495 2160 496 
2475 3290 2251 
3193 2530 3515 
2937 2626 4242 
4513 3130 3075 
3088 1412 2346 
2088 1035 1044 
1131 2616 1500 
3613 1655 2617 
1370 1368 1371 
1479 1227 2504 
526 2017 2012 
2199 3369 2183 
1515 2129 1527 
3659 2636 2892 
2996 2287 2935 
797 3872 4216 
112 21 24 
4612 1455 599 
2523 3541 886 
820 717 960 
574 573 1618 
2142 963 329 
2897 2318 2536 
3874 1712 2133 
2774 3350 1426 
1669 1864 3879 
3631 3280 3641 
1659 1668 940 
4237 2826 2530 
593 2982 1517 
66 3150 1636 
3419 3552 773 
1257 4030 1453 
210 279 2075 
1548 3669 3149 
4516 2351 3791 
947 1024 707 
923 1714 3698 
1663 582 581 
1368 1373 1371 
1053 702 1996 
4344 3593 3231 
1638 982 1453 
1548 3149 2843 
3827 1519 2099 
4595 4408 3561 
1580 837 3113 
4582 2280 2262 
2129 406 1527 
1097 2190 1098 
1202 3195 1993 
816 929 3045 
1076 2556 3984 
3773 748 3774 
3710 82 378 
556 82 1691 
1285 1313 2340 
1302 1161 1048 
958 1397 1409 
1284 3210 3247 
3627 3536 2850 
4072 3373 4354 
1564 2110 1458 
3538 1192 2338 
659 1185 1149 
1004 2245 2137 
2478 4123 3638 
1701 999 1700 
2061 1701 1618 
2400 868 3051 
1767 147 3550 
1224 1127 3321 
3646 1218 1217 
3594 1112 2449 
1407 1419 1395 
778 3333 1472 
1896 1883 1927 
2539 2816 761 
2687 4486 4443 
739 36 24 
3255 4192 3046 
2814 2089 919 
2036 984 1339 
1507 1082 2327 
1015 3249 3377 
3400 2908 1617 
210 912 207 
1341 2746 3739 
590 1602 1590 
1515 246 2045 
1550 1624 588 
935 1490 1494 
342 3024 817 
3124 2880 3505 
730 729 324 
4241 326 3862 
3258 375 2543 
1075 2638 965 
931 932 928 
1762 3499 2666 
715 963 716 
2187 2672 3500 
4220 2907 2635 
1087 104 1085 
4059 3474 1236 
1107 1101 1080 
2951 1306 2415 
3363 3364 201 
333 342 817 
1545 3238 1130 
3333 2559 933 
3642 1711 2165 
900 3877 3678 
472 1840 2329 
2105 2560 2251 
2429 3699 2525 
2138 36 40 
3152 3200 3170 
1875 1916 1868 
2761 2592 2720 
4567 1654 4246 
1654 901 1722 
1185 1156 1149 
3344 2673 1339 
3014 3610 2519 
1265 2388 643 
1571 2942 3298 
2502 1084 4183 
2267 3337 1599 
3685 3964 2285 
1777 559 1769 
3112 1653 3643 
2209 3429 2457 
1336 764 3760 
1138 3326 4011 
1188 2265 1071 
2253 3501 2201 
602 1495 1494 
3352 3728 4512 
2564 2660 3407 
735 140 76 
2891 1140 2060 
3400 3548 2908 
1822 2647 433 
2471 3725 2464 
3851 3737 792 
468 2434 2430 
2840 3547 1541 
1559 1300 1741 
1007 695 1074 
2612 1338 1228 
1860 2647 3072 
1112 3092 2356 
18 3754 2536 
2502 2243 859 
1534 2438 1226 
2442 2105 3526 
1349 1878 4135 
2568 1611 2869 
1069 1411 1036 
1578 2871 2511 
2321 2528 3273 
3325 3241 2338 
4168 1412 2546 
3100 2827 1021 
2532 1430 3700 
2283 1004 2137 
4576 1337 623 
3324 3499 3137 
2008 416 1634 
1835 1875 554 
50 736 76 
2765 1534 1226 
1715 2000 1738 
3566 2741 2663 
973 40 2178 
2655 3423 2316 
1804 1260 989 
1531 1564 1590 
2211 486 485 
4368 4238 2813 
1357 3148 182 
4271 1930 1905 
2206 550 2385 
3155 1568 2213 
2265 1188 1238 
3278 3695 3253 
3435 4202 3509 
4589 2163 4320 
4583 4547 4550 
2349 2856 2730 
2918 788 1580 
1114 4001 4614 
3621 1960 1986 
1007 4090 696 
3934 4424 4554 
641 1266 1264 
1133 1147 1148 
3353 2949 2937 
2786 2741 3566 
3541 2523 2831 
1302 1240 1161 
3361 4204 2091 
907 1034 1052 
3731 2475 1389 
1035 2220 706 
665 1166 666 
3055 3143 2822 
4424 552 551 
1474 1095 1093 
1250 649 1252 
3024 773 3552 
586 1637 587 
1037 947 707 
437 1672 2263 
3764 3765 3800 
3186 1613 349 
3381 4292 1884 
2455 3434 3494 
2664 4114 4383 
766 1806 2927 
1059 2384 3986 
3293 927 379 
2593 2684 3558 
3324 2714 2226 
1455 1513 599 
2190 1097 1093 
2789 3504 2898 
970 1072 3875 
1266 641 1268 
2593 2281 2831 
918 1267 1281 
1313 1285 2319 
2025 3573 2737 
3477 3555 2908 
698 937 699 
3332 1195 1198 
2768 2830 2794 
797 2293 3004 
2654 3726 987 
2789 1540 3339 
682 681 1120 
1321 1319 630 
3603 3385 3052 
3750 2264 4068 
695 1007 696 
2949 3353 1688 
1797 3079 2621 
3242 3958 3683 
1664 3521 3185 
1189 1060 1063 
2911 2862 1134 
2530 3193 4237 
1101 953 1080 
3415 199 3432 
2303 2306 2296 
3477 2709 2974 
946 1263 4534 
1 2890 2994 
637 1275 638 
925 1663 581 
3321 3156 3069 
1887 1187 1939 
4597 4345 3345 
2478 3308 4541 
0 3491 408 
2840 3391 2966 
1100 2245 4073 
1246 2641 3739 
2672 2318 3500 
1554 2854 3156 
3357 2984 2913 
1102 1099 1096 
667 1163 2221 
2445 998 988 
2008 1659 940 
1719 3102 3052 
3092 2374 2356 
682 4568 683 
2353 2644 2396 
1239 1244 3848 
1761 2970 3413 
711 251 712 
3450 2643 3422 
2024 2948 3022 
4060 1572 4153 
1312 1319 2977 
2438 1534 2858 
2626 2949 2684 
1141 2989 2803 
2728 2644 3643 
3513 1350 1477 
799 758 2825 
3825 3601 3053 
1756 2197 3225 
140 735 734 
3785 1449 3783 
3144 3084 3449 
3813 1150 2222 
2852 1862 850 
1545 595 3218 
4426 2814 2355 
678 1070 4339 
3583 3767 3791 
3043 2750 1223 
3669 2945 1068 
2820 522 2781 
2281 2593 3558 
2192 975 2191 
2434 2441 2430 
1191 1628 643 
4108 1658 3401 
668 667 967 
3753 3653 3749 
44 821 35 
21 112 3457 
647 944 648 
2643 3450 2387 
2225 3894 4347 
4407 4498 4402 
511 2074 2066 
2117 3028 4308 
3465 1534 2386 
1284 3247 1467 
3499 3324 2226 
3398 3438 2418 
2331 3336 2869 
1511 1288 2358 
1850 427 2661 
3121 2735 1134 
2431 2357 1222 
1168 1017 2103 
2275 2244 2259 
3679 3144 3449 
2349 3751 3596 
3150 3296 2759 
964 3166 3366 
2558 3230 4494 
663 1171 1173 
2559 2034 933 
2072 1129 2087 
2063 2983 341 
2380 2373 476 
2905 364 829 
3287 3208 2377 
2244 2275 2296 
1660 2619 1723 
4472 2683 4440 
504 2116 2115 
3153 1084 3038 
992 3442 881 
2122 1455 406 
2952 2549 3169 
2623 1001 2176 
2940 2463 2956 
2983 1830 341 
3798 1966 1371 
1103 2010 4071 
2309 990 2339 
2389 2382 473 
2092 2290 3850 
1863 153 2649 
1663 925 2099 
820 2127 956 
3548 3194 2426 
3103 2630 4093 
2351 3583 3791 
3742 2412 1178 
892 1190 1162 
3833 977 3831 
2304 388 725 
2709 3512 2974 
212 3439 330 
3601 3129 3828 
2073 2435 1623 
2568 2410 3316 
1611 1642 2869 
1793 2955 807 
3780 1780 3455 
3188 2951 2415 
3854 1501 3904 
2033 1736 95 
2136 1160 1176 
3463 2722 3465 
3131 889 2440 
2192 1871 2255 
2602 2565 3393 
3086 2607 3595 
3817 3771 3763 
2455 2929 2847 
3043 3651 2410 
3646 3854 1218 
4186 4473 1473 
1127 3100 3156 
2373 477 476 
2787 3132 1304 
1160 1169 661 
4192 3255 3176 
1745 1729 994 
979 2565 1585 
3132 2787 1665 
1799 1810 3012 
1584 828 2846 
1106 2246 2259 
886 3551 3185 
470 1416 2425 
1407 1402 610 
868 2400 2604 
2347 2309 2339 
2365 2665 2620 
821 42 35 
540 1949 541 
1502 3911 3910 
631 1311 1310 
1584 2237 2836 
1772 4250 1754 
1949 540 539 
3739 2797 1341 
957 2398 2425 
1237 1320 1298 
3288 1370 219 
3520 1199 2013 
3900 4296 19 
774 186 2703 
2237 1584 2846 
104 3138 2327 
3442 904 881 
741 3653 742 
3548 3477 2908 
1871 489 2231 
1260 2514 989 
82 3710 1691 
417 3840 428 
1452 4592 3281 
586 585 1640 
3975 4523 3519 
2334 480 2339 
3003 2439 3342 
1059 2139 2535 
1747 2183 809 
4328 2603 4073 
4469 4404 2689 
2127 938 718 
3754 2897 2536 
1002 2123 2126 
3111 1323 4522 
710 1027 909 
2643 3325 3422 
2290 969 3826 
3836 508 2096 
2001 2171 3908 
3125 3656 2359 
234 1831 409 
3793 1965 2395 
2147 1495 3910 
2105 919 3526 
4376 2421 3396 
4458 3194 3291 
2131 501 2112 
2477 2608 1178 
1318 1344 3760 
139 2292 137 
4151 2130 3282 
2147 935 1494 
2591 1554 1021 
2039 517 2022 
2586 4026 1177 
3981 2131 3959 
2709 3477 2690 
1006 1922 1976 
1523 1657 3500 
2679 1487 361 
2928 1084 3019 
3751 2349 2730 
3620 147 1616 
3112 2644 2060 
2277 484 2259 
3161 1869 1619 
801 1894 2909 
911 1372 2076 
1369 3552 3596 
2497 2988 1226 
3856 4576 917 
2056 997 2064 
1557 3660 3342 
3533 3102 2529 
1775 3018 1552 
2583 2760 1476 
827 1459 3002 
719 971 922 
3527 3562 2305 
3106 2893 2563 
1598 784 2817 
2564 2596 2517 
2077 2963 97 
932 2149 928 
912 101 207 
3846 1251 2101 
457 2144 1829 
2437 1086 1079 
276 2823 3045 
3543 796 2457 
4248 2075 286 
2510 3007 1661 
1398 2999 2202 
2598 2690 2426 
2820 1015 2235 
4349 3724 4512 
1712 923 2133 
1595 3471 2851 
3092 3015 3173 
3349 4476 4273 
3693 2446 2345 
2909 2808 801 
2404 3136 2439 
3186 196 2807 
1459 1848 3388 
4321 2212 4346 
3945 2244 3387 
3291 3966 2847 
1640 2717 431 
1491 1307 4188 
3138 2638 2327 
3751 3512 2709 
2437 1087 1085 
2683 4472 2704 
418 1826 238 
3477 3548 2426 
3656 2386 2359 
2772 308 260 
4072 2369 3302 
2722 2858 3465 
4226 2360 3564 
4317 3588 4506 
3879 2241 4269 
3770 1000 2134 
905 1278 1293 
817 1369 2513 
1671 1689 2449 
2475 1401 1389 
1337 2314 623 
1379 1342 4105 
1031 1189 1063 
2166 2612 1228 
955 1025 1304 
1964 533 1983 
4612 598 1527 
2876 3620 3414 
646 645 1162 
2482 1095 1036 
206 2976 783 
3886 3887 3176 
3742 3171 1665 
1462 1436 3858 
1093 2482 3382 
2893 3106 2460 
1740 1729 3850 
2900 3564 3819 
3120 3454 3271 
3026 1489 763 
3118 2369 4464 
2910 1061 701 
1006 3943 2813 
1323 3111 2777 
2498 461 2524 
3714 3155 2213 
2765 2988 1552 
1056 2482 1036 
1789 1964 2264 
3392 3395 2453 
2636 2844 2892 
435 3439 1658 
1574 1026 2405 
1384 2076 1372 
2541 436 2993 
1789 535 534 
1078 1056 1086 
1336 1780 3780 
3453 2184 2305 
2769 4453 4466 
3511 3188 2415 
1577 1542 3307 
2585 2685 1304 
3494 3122 4390 
910 3591 1497 
1683 3884 3889 
104 1082 1085 
1462 4191 1324 
538 1934 539 
1922 2001 529 
3580 150 1522 
4476 2689 4273 
1197 2422 414 
3177 1392 1297 
4395 2462 4047 
2784 2274 1067 
1476 2004 2788 
835 2318 2897 
3124 2844 4431 
360 3735 3037 
598 4612 599 
1101 1111 2214 
2138 112 24 
1224 3202 3209 
2544 1571 3579 
2515 1607 1230 
2194 1702 3674 
989 1279 1291 
3312 4264 4278 
1082 1279 1085 
903 3842 2720 
3406 1707 3658 
3546 1567 1476 
3912 4070 1276 
431 1637 1640 
1489 2733 1589 
986 713 712 
2474 2488 462 
3626 4127 4533 
694 1062 1074 
1568 3155 2414 
3647 1799 3413 
1272 1357 182 
4562 2589 3224 
1060 1189 2301 
3106 3542 2460 
2075 4596 912 
1061 2766 1996 
1373 2044 861 
3197 2300 2249 
1461 3682 3352 
1919 2572 3462 
572 1712 1670 
1827 2948 2661 
1322 1364 2899 
3256 4473 4471 
1692 2190 3382 
3308 2534 2967 
3548 3400 3423 
2894 2839 156 
2429 2923 403 
2139 1059 2170 
905 1296 3844 
2392 3247 1424 
1307 1311 631 
3812 3808 4280 
3538 3167 3343 
3247 3210 1424 
14 846 4336 
3184 2458 3690 
3055 3407 2155 
4312 4510 4160 
1399 1397 3909 
1128 1343 2396 
2129 1515 2045 
853 175 184 
2384 1059 4392 
418 3529 2440 
1499 3149 1068 
2453 2811 4479 
1275 637 1277 
1129 1278 2087 
830 1796 2834 
1637 1623 587 
1965 2987 3384 
1049 3917 1052 
3816 1407 1395 
963 2142 960 
1631 3279 1627 
2753 2639 95 
1531 954 3899 
2435 3880 1625 
3330 3124 3505 
1237 989 1291 
2810 4275 2819 
1056 1078 1338 
2180 2981 3660 
2374 3092 3173 
1189 1031 2516 
1034 907 2088 
2784 1067 2046 
1676 4232 1622 
338 340 873 
2501 1418 2461 
2220 1035 2088 
2384 3310 3986 
2011 528 1976 
3862 326 259 
2823 276 3094 
1279 1082 1291 
3456 2552 382 
2831 2523 1679 
1916 3781 1868 
2824 297 424 
185 3729 305 
3450 2831 1679 
3999 3259 949 
3140 2954 2399 
3594 1689 2517 
4388 4131 4136 
4407 2862 2855 
326 4241 324 
1364 1322 2473 
1055 3698 2165 
3728 2988 4512 
821 3183 3063 
3340 3363 201 
2751 900 3678 
40 973 2138 
129 3157 403 
2946 2608 2954 
2490 2699 3606 
1534 2765 2386 
2889 440 3094 
3863 1292 1267 
1076 1849 1009 
2020 1013 2778 
2874 3385 2580 
1833 3222 2783 
892 3391 3345 
2219 906 1266 
3694 4283 2007 
375 3203 2543 
4475 4131 3509 
869 69 27 
1022 2674 2137 
1275 2072 812 
2398 985 1840 
4168 2487 2547 
1896 3727 1359 
4055 1968 1890 
1307 1491 2696 
1122 679 4339 
595 1545 3364 
1215 3570 2587 
2545 2569 2724 
2357 3521 1735 
3263 1006 2813 
2893 1189 2516 
2357 2431 3521 
3796 1596 4489 
1535 1450 1206 
1833 2783 409 
834 1790 1773 
1412 1274 2546 
3092 1112 2596 
2395 1965 3384 
3306 1571 3298 
2755 1285 3064 
3857 1349 2082 
868 1599 3051 
4459 3802 4139 
3484 2470 1716 
3553 2875 168 
1711 901 2165 
2078 2271 4364 
2951 2362 2333 
1389 2979 399 
4064 2521 4417 
1800 4565 2035 
3310 2893 2516 
2570 287 33 
1602 3898 1531 
3219 3715 3440 
1157 4026 4027 
901 1654 2159 
3314 2394 2279 
2692 4521 4448 
900 937 1978 
2999 4305 2202 
198 807 2807 
800 4626 381 
1418 3680 2578 
1518 1556 845 
3260 3301 3358 
2164 416 3824 
3105 3762 4625 
3235 2929 2452 
2531 2557 2562 
2538 2446 3029 
1270 1263 3868 
3195 1294 1993 
2641 1246 1516 
52 287 3033 
1785 1792 557 
2578 955 1597 
3316 1582 769 
2439 3003 2611 
2281 778 1472 
3398 3144 3502 
2446 3693 3335 
2876 4375 3777 
2223 2798 3940 
3981 3159 3523 
1143 2989 676 
1612 2834 1908 
3864 1673 3901 
3590 2470 325 
1705 2959 2925 
2274 3076 1067 
986 251 193 
3411 3432 199 
40 50 2178 
1639 2413 1893 
4379 2699 2282 
3548 3423 3194 
2512 1073 4419 
1909 3953 849 
1655 3613 1838 
2895 2873 4181 
3694 2151 3510 
3615 1614 3315 
840 1135 3470 
3144 3398 2418 
2556 1060 2301 
2218 76 894 
2717 3827 3154 
4415 3291 2847 
3810 771 2818 
2332 3493 3232 
3681 3135 3665 
2184 2224 2305 
1150 1936 2222 
899 2479 1503 
1994 549 1359 
4379 3602 1167 
1113 3547 1509 
2283 2271 1004 
2469 2471 465 
3370 2250 4098 
550 2206 551 
1386 4002 3393 
2540 2876 3414 
2312 3071 3431 
4628 4484 2737 
3336 2722 2869 
2983 2063 2189 
3630 3142 1607 
1615 3109 1504 
1064 1081 693 
313 1682 399 
906 2388 1265 
667 902 967 
2834 1612 424 
1070 789 4339 
4202 4475 3509 
3279 3354 1627 
3132 1535 1304 
3109 3056 1504 
1771 1870 3375 
2906 179 3718 
3125 3008 3483 
50 2218 2178 
3376 3364 1545 
1745 562 1728 
3003 3660 3481 
3789 1166 1173 
216 1007 1074 
3274 1533 3618 
2547 2487 1009 
3469 1362 3305 
684 4607 685 
826 103 2851 
254 2698 2863 
4315 3805 2091 
3022 3347 866 
998 2445 859 
4571 1172 1282 
937 1066 699 
3934 952 1543 
2180 4323 3634 
3357 4385 2805 
2247 3105 3270 
4495 3396 4474 
2432 3121 1134 
3877 900 1978 
3335 1247 3311 
4463 4405 4374 
1028 2078 4364 
708 1024 2405 
3468 3506 214 
1727 831 3786 
3555 3477 2974 
1177 1231 1290 
151 301 346 
1508 2641 1516 
688 4180 4614 
4382 2650 2367 
1147 1133 4343 
1397 1399 608 
3010 860 2582 
995 2448 988 
3684 2149 3926 
1742 752 2453 
3538 2338 3241 
2912 3649 2617 
3679 3741 3034 
1073 3159 3016 
4424 895 4554 
2829 2328 3239 
3182 4499 4229 
4004 974 3913 
3722 2401 2791 
2161 1877 3362 
2220 947 706 
2448 995 1559 
1082 104 2327 
2769 3334 4474 
2409 3721 2812 
1084 2928 3038 
1664 2494 1735 
2960 4155 4600 
3378 1001 2319 
2523 1350 2238 
2834 3571 1908 
2549 1448 3169 
632 1309 1281 
3810 2818 3022 
1195 2860 1196 
1072 697 696 
422 3738 1862 
2332 1617 2111 
2431 1222 2745 
2258 785 3246 
987 3726 4258 
1190 944 647 
681 1003 1120 
3121 2432 3634 
1511 3209 1496 
2823 4623 439 
2382 2236 2242 
169 917 4576 
2030 3611 4297 
2912 2476 402 
2565 2731 3393 
2492 4176 3416 
3494 3654 3354 
2968 1689 1317 
2187 2431 2618 
3577 2914 3298 
3651 3043 1223 
2952 3109 2828 
1005 2234 2430 
3493 2332 2111 
2528 1604 3273 
3549 3029 3158 
4493 3283 2785 
4540 624 2496 
3259 1187 3488 
2204 2782 3054 
3164 1151 2809 
1669 3883 2198 
2243 897 859 
1721 2490 3745 
4413 2683 2704 
2565 1017 1585 
2736 1488 1480 
2014 4212 1153 
3419 813 2473 
2608 2946 2599 
2873 2895 2669 
3421 2515 1230 
1095 2482 1093 
2997 1861 850 
3310 2516 3986 
3893 1171 2256 
1111 1101 689 
1163 802 2221 
649 1251 1252 
1190 892 2260 
2094 991 2112 
1220 1244 650 
3948 2382 2329 
2437 1078 1086 
722 931 926 
3502 3144 3034 
3215 3372 1021 
3447 1463 3362 
2729 3923 2969 
3541 3671 886 
2404 3043 3463 
2330 2735 2702 
4213 3361 4383 
1430 3213 3700 
4537 3361 3343 
2657 2676 451 
2036 3047 4419 
1201 3957 4298 
1447 2508 1919 
3840 916 428 
1633 264 2745 
1831 3013 409 
3479 2105 2251 
3852 1232 2141 
2078 3071 1004 
4568 682 1120 
3785 2130 2664 
3514 1248 3371 
477 1088 2262 
1269 639 638 
1099 1080 3876 
4016 4505 4010 
990 3924 2339 
3703 3757 1629 
1174 1169 2256 
2280 2372 2262 
1020 1025 1585 
3841 888 1096 
889 1806 3612 
2329 985 3948 
2428 2234 1416 
4381 4389 4194 
1143 1137 3053 
1810 1803 3012 
4119 4290 3818 
870 3324 3137 
2304 885 3831 
3083 3219 2348 
3578 4545 4295 
4348 2221 2724 
1328 1321 629 
1705 3570 3637 
2445 2502 859 
3418 3600 3420 
4351 2208 2838 
3738 869 3082 
2877 2284 2500 
3018 2926 1552 
2895 1468 3152 
4350 2236 4300 
4191 1462 4203 
4617 2144 3051 
4350 2380 2242 
2809 1151 3054 
1659 2008 577 
3451 3679 3449 
156 2839 1795 
880 1610 2071 
3429 2209 3629 
2265 3089 1071 
1137 1147 3053 
1290 2586 1177 
3084 3000 3449 
1067 3076 2763 
2489 2459 1042 
3664 2300 3126 
902 667 2221 
784 1600 2817 
612 611 1393 
273 2999 924 
1251 944 2101 
3484 3202 3321 
3055 3695 2812 
3423 2655 3194 
3125 1557 3342 
2239 3428 2786 
3541 2831 2281 
3458 3544 2642 
4453 2769 4464 
4611 4350 4300 
3997 4507 4550 
3572 3603 3052 
1239 2212 1200 
2246 3980 2203 
3581 3533 2529 
1563 2770 4169 
2750 1523 1223 
3336 3425 3473 
3104 3531 1586 
3000 3084 3266 
2528 2321 2414 
4256 3373 2152 
3565 3578 1945 
3097 2648 2148 
3396 4495 4482 
3314 4468 1884 
2932 2946 3244 
3198 1202 1993 
2391 2020 4398 
3376 1545 1130 
192 3460 4210 
808 3454 1820 
932 931 721 
1572 4060 2915 
899 2793 2216 
2474 4573 3685 
1768 1770 1759 
4388 4389 2342 
1524 3459 3466 
1537 3203 3218 
3721 2409 1588 
3306 2914 4268 
1815 865 3011 
3313 2877 3098 
3166 964 4110 
3399 3084 2418 
3950 2420 4331 
2926 3008 2359 
1824 3141 759 
3801 1123 2132 
208 2412 1014 
2289 2239 2213 
1423 1303 3061 
81 3147 155 
1972 961 3928 
1897 1973 4250 
3475 4579 4193 
3804 1776 2994 
4629 2810 2835 
1699 4239 4240 
1805 890 3329 
2564 3015 2596 
2560 2105 2442 
3090 3537 4519 
1554 3100 1021 
2448 2445 988 
3942 526 2012 
1427 995 2403 
2726 3335 3693 
3552 3419 3596 
2265 1238 2965 
2878 2393 2295 
2215 1603 3031 
3522 2149 3684 
1412 2882 4142 
1845 3180 877 
2363 1369 3596 
2445 2448 1741 
2992 2885 4496 
2687 4070 3073 
3973 4133 2261 
2219 3068 3849 
2402 3048 2188 
2074 2084 2261 
158 144 2649 
1943 1981 1738 
3519 4267 4347 
1727 565 1724 
1142 2240 3237 
3145 3503 2530 
781 362 4174 
3252 2577 3430 
3035 226 306 
862 2980 1808 
1636 978 2896 
2192 2255 975 
2206 895 551 
2540 1526 2320 
1448 1388 2958 
3381 4410 4542 
1646 3319 3232 
514 513 2056 
2550 3390 3366 
1926 3487 1914 
1279 2437 1085 
2388 3931 643 
1958 2295 2491 
1888 3320 3297 
2992 3571 2834 
1024 947 2405 
2584 2992 354 
2045 3350 4051 
2992 1796 354 
3083 3253 3695 
3512 2443 2974 
847 108 794 
4228 1761 1738 
3392 1920 3507 
4439 2509 1696 
2588 3914 930 
3722 4560 2605 
3927 2136 1156 
1088 2373 2266 
2438 2880 4431 
4145 1909 1482 
1338 2482 1056 
498 497 2135 
3591 1461 3352 
445 444 3426 
2515 3421 3160 
3284 2655 2316 
3511 2310 3188 
2284 3313 3169 
2419 3371 2805 
2690 2363 3596 
2244 3945 2259 
3486 4446 3481 
1864 519 2016 
3042 3549 3158 
4578 2307 2012 
3960 2116 2268 
2981 3481 3660 
3290 2475 2723 
437 1575 2963 
3386 2932 3215 
1505 3657 1615 
1982 1811 2980 
2625 2267 2604 
1579 114 1952 
4570 1887 542 
1936 4348 4359 
4425 4459 4422 
2538 3487 2345 
3459 1524 3018 
1288 1511 1496 
2651 776 1331 
941 3625 2403 
4375 2540 2320 
1160 2136 908 
3283 1381 2785 
430 2978 1483 
523 1970 524 
3958 1209 1243 
3603 3461 2580 
2494 1664 3185 
2166 1260 3632 
1436 1462 1324 
4013 2308 4372 
3201 1570 2954 
3468 4622 3540 
2844 4349 4431 
4067 2308 4373 
2032 3920 2056 
1136 3228 3686 
1934 2561 2278 
4487 3991 2087 
3751 2709 3596 
1123 2255 1871 
1542 1577 3445 
1794 775 2788 
3784 923 3698 
2458 3228 3690 
3091 2818 3478 
1117 957 2425 
1115 4009 3221 
1713 2860 3794 
2398 957 3951 
4462 3193 2635 
3129 3601 4219 
4570 541 3976 
3210 1540 1424 
611 1402 1393 
2271 2283 3318 
4129 2928 1445 
3300 1643 1467 
3428 3284 2316 
1609 2717 1640 
2727 3303 958 
2126 2123 503 
2267 868 2604 
4490 2857 4057 
2094 2143 991 
2643 2747 3325 
2698 400 1811 
961 1999 3908 
3695 3055 2155 
2200 1438 2479 
3025 2577 3260 
4165 3118 4464 
3252 3164 1051 
2038 2022 1094 
2395 2160 2182 
2108 1957 2090 
1463 4157 3947 
1747 3793 2182 
3542 1189 2460 
2100 506 4298 
2489 4081 2522 
3164 2726 1051 
536 535 1959 
962 3851 4600 
801 2808 2174 
3219 3524 2348 
2917 3193 3515 
3215 2827 1271 
3189 1422 1512 
1002 2126 2021 
2298 948 2096 
3827 2717 1609 
3929 3902 2962 
3635 2631 1814 
820 4310 1446 
2446 3335 3311 
1922 1006 3949 
247 400 248 
3383 3421 1230 
3851 962 972 
2227 3233 143 
3330 1630 2836 
3300 1578 2511 
2002 528 527 
998 3632 988 
440 2889 2868 
3149 3669 1068 
3122 3383 1230 
3673 3672 3675 
461 2498 4573 
2157 851 3995 
1641 4219 4450 
3428 3489 2786 
3155 3714 3098 
3985 3181 1236 
4285 3965 4312 
1426 4028 4414 
3715 3042 3311 
2492 2595 4427 
1535 1597 1304 
1937 2172 4218 
3107 1721 2806 
415 1794 3032 
1319 1312 630 
2856 1428 2935 
1776 1 2994 
1306 2951 2333 
4234 3130 413 
3728 3682 2013 
2804 2714 3324 
2285 3956 3685 
2747 3272 3241 
1125 2561 1954 
966 962 329 
1881 4267 3265 
4521 4 3127 
1061 702 701 
1660 2537 1253 
1197 1804 989 
1181 1926 3559 
1246 2312 1516 
863 2797 3739 
2938 2199 2191 
2712 925 581 
4412 3953 4145 
208 3688 1178 
3562 4426 2355 
2748 4329 4169 
1644 416 2815 
4596 3443 3176 
3303 2727 2972 
2301 1189 2450 
1981 3576 1990 
1189 3542 2450 
2953 2996 786 
2135 2172 4179 
3284 3160 3410 
3160 3421 3410 
1025 2585 1304 
1197 1237 1298 
825 2640 1566 
466 2471 2464 
1553 3520 2013 
2330 4376 4482 
3081 1333 1011 
2392 1538 1461 
1421 211 1216 
984 2036 3016 
4547 2958 3488 
1112 2802 2449 
3459 3018 1199 
3726 2632 4258 
2432 2643 2387 
3326 3967 4454 
3320 4071 3490 
836 2634 1892 
2534 87 2967 
1347 1739 1756 
924 4103 2677 
1078 2437 2514 
1534 3465 2858 
2458 3184 3579 
2375 2248 3867 
85 65 412 
3084 3144 2418 
3107 2424 4245 
3008 3125 2359 
1793 855 2371 
1136 1641 4377 
1853 2695 806 
3876 3841 1099 
2958 1400 3488 
1773 1751 2700 
2675 2681 4470 
3476 2636 3659 
4617 2588 930 
1237 1197 989 
4033 1326 1427 
3340 3350 2045 
2690 3477 2426 
2644 3112 3643 
2592 3799 2720 
2395 3384 4218 
1126 2264 1964 
2560 1401 2251 
3057 1231 4044 
2971 1456 1440 
3007 2300 1661 
4613 1623 1625 
459 2567 2562 
3105 3922 3270 
4607 1109 685 
3919 2255 4591 
2024 2029 2052 
3068 3547 2966 
4069 4373 2291 
1749 1913 2451 
2424 2699 4245 
4392 2921 4263 
3263 3049 2171 
869 3738 1839 
3570 1705 2925 
3750 1789 2264 
4447 3297 3490 
2902 2618 3614 
3290 2184 2251 
2806 3459 1199 
1675 3005 1649 
4163 1470 4177 
3278 1288 1496 
1136 2424 3690 
3585 2711 3067 
874 3174 2695 
2914 3518 1888 
4561 2751 3678 
1557 3125 3483 
3729 2825 3189 
3602 4379 2282 
3184 2507 3579 
2331 1642 791 
3242 1394 2481 
4377 1641 4450 
66 2501 2461 
2660 2155 3407 
3135 3681 2466 
3742 2608 2599 
3178 2840 2763 
2603 1563 4169 
1025 979 1585 
3640 1728 4153 
1309 1311 2696 
2311 2095 2352 
1570 1441 3244 
1181 3630 3637 
3958 3242 2481 
1888 3518 3644 
3456 1604 2383 
3544 1041 1614 
3673 3667 3175 
2300 3697 3126 
1343 1128 2884 
2437 1279 2514 
4355 2284 4238 
2059 2081 4295 
2936 1352 2269 
3484 3697 3197 
3967 2622 4454 
4335 3135 2466 
1438 3196 1450 
1486 3971 4279 
3816 1399 3909 
2209 1605 3096 
1125 1962 1959 
1668 2205 940 
2283 2674 3318 
3330 2651 848 
2447 4145 4584 
3183 1709 3719 
4612 406 1455 
3895 3843 1506 
1313 2422 1298 
63 2716 760 
3357 3522 3684 
2400 2144 456 
3636 1145 3020 
1387 2698 1811 
2628 1305 1442 
3377 1604 2500 
828 1652 2846 
2026 2198 2781 
1484 2321 3273 
2077 1672 2963 
999 2205 1697 
1694 1487 2723 
3171 3742 2599 
3272 1449 2664 
2357 3380 3716 
3666 1406 2544 
2331 1576 3246 
3503 4432 2503 
2516 1031 1039 
3190 3570 2925 
1145 3636 2587 
3600 1958 2491 
3359 1489 1589 
1607 2515 1705 
3495 2887 2071 
3245 2853 1646 
2609 2619 1525 
4267 4590 4347 
1794 415 1695 
2490 3399 3745 
3894 2225 942 
2154 3900 2850 
2236 3145 4300 
4562 3087 3067 
2036 4419 3016 
3238 3814 1130 
2914 3577 4548 
421 1717 223 
2478 4423 2156 
2549 3657 1388 
2176 941 3360 
3514 3067 3885 
2284 3263 2813 
3150 2276 1636 
3657 1505 1388 
2768 3940 2798 
2670 3439 435 
2443 3511 2415 
3070 2470 3197 
2556 1076 1009 
3918 973 2178 
2169 2669 4485 
3731 1682 2317 
3059 1850 2661 
1414 2791 4150 
3741 4323 3034 
2920 419 1813 
695 694 1074 
3807 3303 2972 
3319 2741 1617 
1451 1414 4150 
1414 4560 2791 
2230 2294 4354 
900 2751 1066 
3344 3283 3146 
2465 2837 1890 
2688 2932 3244 
3198 1332 1500 
1653 3274 3618 
3651 2879 2918 
1202 3198 1958 
2573 2487 2546 
3469 622 1362 
1059 1047 1394 
3937 3544 1005 
2691 2721 2961 
3566 2239 2786 
3419 773 1539 
1414 3700 4560 
1570 2946 2954 
3415 3432 1019 
3441 3150 2461 
3950 1001 1465 
3346 4309 3262 
3223 1989 216 
1730 2057 3589 
1568 3190 2925 
4126 1486 4037 
2734 2882 2777 
3383 3122 2865 
3880 2435 4522 
1602 1531 1590 
2583 3147 754 
3202 3484 1716 
3070 2520 325 
3864 1593 1420 
3818 1791 3869 
2390 2297 4356 
3965 3970 1030 
3660 3003 3342 
1437 2727 1409 
819 1731 2666 
4367 2328 2845 
2889 276 2950 
2364 2050 2025 
3276 208 1014 
3167 3272 2664 
795 2758 2186 
2907 4220 3924 
2177 3320 3644 
3334 2939 4498 
1846 82 1857 
3697 2871 3126 
1054 2197 1023 
3504 2789 3339 
3745 3399 2418 
3102 834 2529 
910 1578 3300 
1832 3408 2371 
1121 1113 4003 
3172 1028 2124 
3478 826 2851 
3616 2790 1505 
4389 4388 2704 
3604 1992 2226 
3079 2125 760 
1332 1993 2273 
3039 3108 2821 
1381 2883 2785 
1303 264 30 
372 131 124 
1528 2883 1573 
26 839 3718 
1693 1660 1723 
494 1747 2182 
3277 2917 3515 
4226 3093 1710 
2949 2626 2937 
3198 2878 2295 
1781 3014 2519 
2947 2832 1376 
2619 2609 1723 
2446 3158 3029 
4238 2284 2813 
3103 3195 3600 
3813 4357 3822 
1709 768 3719 
3072 3587 3641 
2145 770 1649 
3050 2965 1238 
3083 1686 2480 
3849 3068 2966 
3418 3103 3600 
3386 3452 2599 
1390 3747 2870 
3209 3202 1588 
2790 4571 3607 
1947 1930 544 
2635 4500 3387 
3617 4559 3952 
3142 2802 1230 
3827 4182 3154 
1356 3480 1014 
1294 2273 1993 
921 915 3830 
3000 2784 3451 
2735 2911 1134 
1708 1348 1376 
3547 1113 1541 
3165 434 1771 
3332 4604 4575 
3117 382 2552 
2673 3344 2917 
2793 3115 2216 
2936 1358 2956 
2722 3336 3473 
276 2157 2950 
2123 504 503 
2990 3020 2821 
1100 2748 3496 
3253 3083 2348 
3406 395 1786 
4001 1109 2922 
3700 1414 2106 
2826 3145 2530 
2989 968 2803 
1657 1523 3294 
2760 2343 3116 
1025 1020 1045 
825 1478 2640 
2803 789 1141 
3527 2733 3026 
3573 3974 4628 
364 2905 3590 
2306 2322 2390 
156 1684 2894 
816 2823 2916 
2965 3050 1385 
2422 1197 1298 
3054 1151 1186 
1015 2820 2781 
3699 301 2525 
2534 257 227 
2380 4350 2266 
2740 811 1674 
3547 2840 2966 
2946 2932 2599 
2971 1249 1355 
3625 941 4331 
4401 4164 2288 
2775 1638 1453 
3358 3328 3623 
2758 865 2186 
580 1460 581 
2685 2585 3955 
2321 1484 2587 
3057 1558 1290 
2457 2944 1605 
1678 1676 4208 
1750 1459 3388 
3093 1493 1710 
3736 2693 769 
904 3906 881 
2097 3537 3271 
2879 4197 2817 
1154 2746 4073 
3521 1664 1735 
1109 1103 2922 
2674 2283 2137 
3317 2985 3224 
1568 2289 2213 
2306 3889 2296 
3680 2616 2597 
1127 1224 1532 
1381 984 2987 
834 3102 1779 
908 4360 2256 
4452 2271 3318 
3250 3527 2870 
3512 3751 2730 
3032 4513 3075 
3732 3886 894 
1479 2874 2580 
2650 2808 3756 
2608 2477 2954 
2150 1819 1691 
3144 3679 3034 
4436 4294 4098 
2550 3366 3787 
2432 3676 3634 
1689 1671 1317 
1822 762 2647 
3256 4471 4542 
2644 2728 2396 
1054 2393 3225 
2853 2050 1646 
3577 4409 4548 
1215 3636 1181 
3207 1345 2975 
2428 468 2430 
2801 442 2798 
2999 1398 924 
2772 3163 2658 
471 2398 1840 
901 3168 3628 
2514 1279 989 
4562 3224 2985 
2677 3261 924 
1055 3177 1297 
2907 4462 2635 
1475 2508 3201 
3529 3436 2440 
3077 3351 3431 
1501 3882 904 
730 315 286 
2441 3937 1005 
1080 1099 690 
2968 1317 1914 
2710 2412 1665 
3364 3376 201 
757 3174 1866 
779 1732 3711 
47 1709 2754 
3684 3204 3357 
2615 4459 4139 
3217 3032 2788 
2742 1294 1308 
3454 3120 1820 
3200 2333 3618 
2033 3090 1818 
3183 821 2754 
2026 522 521 
2597 2565 2436 
2616 1131 2597 
1888 3228 4268 
2454 3235 3582 
1134 2862 2606 
3711 3689 779 
2872 3617 3952 
464 2484 3617 
2685 993 2710 
2368 2247 3270 
1054 2782 2393 
3994 1105 2794 
3338 1318 3760 
3376 1426 201 
3442 1214 3904 
1807 860 1813 
1448 3049 3169 
3676 2432 2387 
3877 970 4409 
3536 4324 2850 
1145 3039 3020 
3981 1002 2021 
1154 1246 3739 
1830 2983 1824 
2765 2359 2386 
2722 3463 2869 
3962 3017 991 
1218 3854 2943 
885 2304 724 
1679 2523 2238 
1597 955 1304 
4189 3240 765 
1343 2848 1688 
1349 4135 2082 
3640 3692 3847 
910 3300 2659 
2857 3076 1167 
219 1966 2162 
1065 4568 2010 
1930 1947 1905 
4341 3905 3257 
957 4527 3951 
3016 3017 3384 
1064 888 2998 
3896 3006 4271 
2906 3408 798 
2513 2378 817 
2742 4058 2269 
3411 199 3426 
3432 2223 1019 
3651 3316 2410 
1423 264 1303 
2578 1597 1206 
2442 3512 2730 
3408 1832 798 
2129 2736 3839 
3444 1041 3978 
2466 4338 4335 
4048 4050 1204 
1657 3513 1477 
4616 3245 1646 
3287 4387 3204 
4446 3486 3294 
3076 3409 2763 
3245 2680 3573 
2057 2042 3645 
1823 2634 2980 
2776 2924 3173 
3308 3711 1647 
2040 2054 2838 
353 2749 379 
3365 4394 2383 
1185 2860 976 
2708 3474 3315 
3433 1967 1851 
3353 1343 1688 
297 2824 291 
3571 3492 4286 
1414 1451 2106 
2729 4033 2554 
2764 4480 4588 
1750 2694 1749 
2495 3253 2348 
840 3470 1843 
853 3322 2703 
2755 3378 2319 
836 2739 3060 
3410 2865 1010 
3221 4009 1938 
1066 2751 159 
3891 2631 2967 
2616 2878 1500 
3925 2048 2064 
3606 2274 3266 
2882 2792 2777 
1460 1644 2815 
871 1850 3059 
993 1356 2710 
1743 114 1434 
2494 3185 3551 
184 2771 853 
4157 4351 2838 
3713 2591 3462 
3979 1041 3952 
4595 4264 3004 
1592 1442 2170 
1384 1089 878 
4330 3917 2168 
3649 2912 4210 
3333 778 1688 
169 219 2162 
2423 2694 3388 
2401 4409 2791 
2708 3956 2285 
3911 2719 3910 
4330 4334 2605 
2499 3805 4440 
2872 1041 3444 
2707 2755 3064 
3670 2679 361 
3832 3556 2964 
2241 2590 4269 
2073 431 3779 
1411 1069 1385 
1109 4001 686 
3724 4543 1497 
2598 3291 2454 
778 2949 1688 
2711 3585 2399 
295 420 278 
338 2773 345 
3714 3056 3109 
2808 890 2174 
2862 1449 2606 
4242 2891 2937 
4527 3145 3951 
4009 1115 2093 
2695 3082 806 
3664 3476 1661 
3194 4458 2426 
2845 4492 4442 
1796 293 354 
1611 2693 1642 
2987 1965 1573 
2779 1672 1596 
851 1403 3995 
2412 2710 1014 
1498 1412 4142 
1988 4272 2324 
2315 3140 3585 
3853 2061 1706 
3474 3985 1236 
2578 2597 2436 
2528 3155 3098 
1454 4211 3692 
2197 1756 1247 
2364 1615 1504 
2531 3663 2527 
805 174 164 
1284 2508 2842 
2724 2221 802 
2888 1963 4503 
3320 1888 3644 
2796 2780 4380 
1885 3539 3470 
1460 2712 581 
2610 2991 926 
789 2803 3828 
441 2861 2794 
1203 4321 2141 
130 857 412 
3778 750 3389 
3023 4054 4524 
3181 3663 930 
1686 3549 2480 
2612 2166 936 
2340 2638 3064 
210 2075 912 
2475 3731 2723 
2651 3330 3505 
2144 2400 3051 
1386 2742 2269 
3969 3972 3080 
3699 2429 2986 
1365 2752 2985 
2779 3796 2916 
3561 4552 4278 
2143 498 2135 
4291 2220 2088 
1084 2502 1681 
1610 4109 3420 
3350 3340 201 
225 234 409 
2349 3419 2473 
3572 3533 2108 
1145 382 3151 
112 2752 3457 
3696 3330 2836 
1001 2623 2319 
1387 3635 1814 
2289 2925 1530 
604 1452 3281 
3623 3025 3260 
1652 856 2846 
1438 2827 2479 
2170 3242 3683 
1523 4197 1223 
2315 1475 3201 
2372 478 2262 
2207 1122 4339 
1187 3997 3488 
1592 2170 3683 
112 2138 3837 
2932 3386 2599 
1475 3371 1560 
2638 1075 3064 
821 3063 2581 
772 18 2536 
3520 2507 1199 
2318 835 2817 
2527 3663 1043 
2837 3516 2417 
1009 2792 2547 
1488 1213 1480 
1247 3715 3311 
1078 2514 1228 
2688 2591 3372 
4524 4509 3265 
3552 1369 3024 
1533 1144 3170 
4497 4291 2088 
2831 3450 3422 
2945 3669 3099 
3202 3590 1588 
2668 3527 2305 
2944 4205 1605 
2987 3016 3384 
2254 3562 3327 
2741 2786 1617 
3988 4214 4444 
700 1066 159 
2388 906 3849 
2344 1013 2702 
1897 2760 3116 
2401 3722 3678 
1708 1693 1723 
1849 2792 1009 
3261 273 924 
4083 2462 2140 
1151 3164 1635 
964 1374 4110 
3427 4352 1184 
3354 3654 1510 
2390 2322 2336 
3784 1055 1297 
2853 3573 2025 
3412 2532 3700 
3549 3042 2480 
4100 1379 4105 
2650 3026 3329 
458 2600 2574 
1913 3066 2027 
2030 1725 3633 
1655 2912 2617 
3107 3184 3690 
2494 3702 2665 
1774 2042 3599 
4367 4504 3239 
4197 1523 3500 
4178 3081 3338 
2885 3427 4496 
2726 3164 2809 
3666 1553 3744 
2947 4224 3780 
1642 2331 2869 
2218 4337 2178 
2670 3085 4451 
2825 758 3189 
1638 2775 1048 
3435 4213 3871 
3547 3068 3706 
1400 3259 3488 
595 1537 3218 
1208 4575 3446 
1882 2841 887 
2945 4256 3318 
3465 2404 3463 
4441 2856 2935 
622 3469 623 
1151 3593 1186 
2673 3485 2553 
2184 3453 2355 
1604 3365 2383 
2151 3694 2188 
3997 4547 3488 
2421 4091 3396 
492 491 2191 
1430 3709 3708 
3230 4219 4536 
3533 3572 3052 
2323 481 2336 
3656 3125 2439 
2171 3049 3908 
4439 4481 4433 
3527 2668 2870 
3520 1553 2544 
1123 3801 4591 
870 2292 3324 
2894 1684 877 
3892 3626 4539 
793 3354 1510 
3307 2444 3451 
3208 2419 2377 
2362 2951 3188 
1896 1359 548 
2508 1447 3201 
3566 3056 2213 
2623 1313 2319 
2328 2829 2866 
2482 1355 3382 
438 2779 2916 
4394 1925 2383 
2588 4617 3051 
3014 2997 3216 
3425 2880 3473 
3978 2408 2464 
2419 3208 1560 
1338 1078 1228 
2909 1894 887 
2848 2559 1688 
2823 816 3045 
811 2740 3375 
3156 2854 3069 
2333 3200 3232 
1370 3288 620 
889 3131 2957 
2446 3042 3158 
3279 1631 411 
2043 2040 2022 
3006 4137 4135 
2634 1960 2980 
1947 2051 1905 
2694 1750 3388 
3010 3507 1813 
2344 3741 2037 
2089 1603 919 
3676 2180 3634 
1109 4607 1917 
861 2537 2757 
2310 3598 3188 
999 575 1700 
4286 3101 3571 
3527 3250 2733 
3539 2173 3470 
3693 1051 2726 
2568 3316 769 
1438 3452 1271 
589 1593 1077 
2854 3713 2511 
4554 895 2964 
2300 3007 2249 
3351 2312 3431 
2089 2240 3740 
3016 2987 984 
2004 1897 4261 
928 2149 3873 
3100 1554 3156 
3480 1356 3597 
2634 3060 1986 
1838 2476 1655 
3591 3724 1497 
3434 2865 3494 
3280 3631 4229 
1721 3745 3466 
3536 916 4324 
3140 2315 3201 
3235 841 1551 
3852 4318 913 
3336 2331 3246 
2721 4253 3842 
2002 3941 1976 
3471 1595 3040 
1834 2811 752 
3077 2619 1253 
3421 3383 3410 
2590 2241 3567 
3472 3654 4390 
3227 3556 1282 
4109 903 3420 
2814 3479 2355 
3193 2917 2635 
3084 3399 3606 
889 2957 2927 
2584 1378 2885 
3525 3710 378 
3325 2747 3241 
3570 3190 2587 
3005 1675 3015 
959 2665 3264 
1294 2742 2273 
2237 4316 2892 
3713 2854 1554 
3278 3253 1288 
2295 2782 2491 
3517 3676 2387 
878 3829 2076 
3721 2973 2812 
3019 1991 4282 
3555 2415 2111 
771 2370 2818 
2908 3555 2111 
2526 3307 3451 
2404 2439 2611 
449 2691 2961 
3425 1518 3505 
4319 4622 2146 
1694 3731 2317 
2731 1386 3393 
3682 3728 3352 
3019 1084 1681 
1175 242 2874 
3310 2384 2563 
888 2678 2998 
3003 4446 2611 
3323 1437 606 
3667 2098 3021 
2267 2625 4230 
4494 2014 3822 
1580 3113 2918 
2054 2048 2838 
1146 3274 3239 
2976 1911 2627 
4033 2729 2969 
2271 2078 1004 
2942 3577 3298 
2047 3059 2035 
133 301 109 
3095 2662 1971 
3288 621 620 
1428 1322 367 
2880 3425 3505 
1599 2588 3051 
2854 2871 3069 
336 2670 832 
1872 3586 127 
2057 2068 4297 
1214 3574 2943 
2209 2457 1605 
3083 3695 2155 
1254 1152 2795 
495 494 2182 
3184 3107 2806 
1412 4168 2882 
3017 3159 991 
3272 2747 2606 
3562 2254 2128 
2478 3711 3308 
2050 2364 2663 
1757 1752 1755 
4190 3139 2256 
3113 3651 2918 
1448 3356 3212 
2997 3014 1859 
2280 3935 2372 
2274 3606 1167 
2469 2872 3444 
4315 4204 1621 
1449 3272 2606 
3667 3673 3675 
1317 1926 1914 
3321 1127 3156 
2190 1692 2843 
3607 1505 2790 
2228 3049 3212 
3542 3106 1219 
1533 3200 3618 
1518 3425 3246 
2967 884 3891 
1613 1921 1911 
3798 861 2757 
2028 4161 2737 
4205 3030 1605 
3108 3485 3623 
2260 892 3345 
3200 1533 3170 
3544 3458 1005 
2748 2413 3496 
2470 3590 1716 
2929 4415 2847 
2684 2949 3558 
3567 3365 2590 
1477 886 3185 
3504 1451 2898 
2983 3141 1824 
2467 466 2464 
502 501 2021 
3427 2885 1650 
4131 4475 3038 
3079 2716 2621 
2444 2778 1013 
1788 2986 1782 
2647 3130 3072 
2522 2687 4413 
3032 1794 2788 
3146 3980 4526 
3418 903 3799 
4329 2748 4073 
2223 3432 2798 
3796 816 2916 
4504 4311 4485 
2689 4476 4411 
1604 2528 2500 
1529 1227 2580 
2439 3125 3342 
3141 3027 2069 
764 2995 3760 
2920 4257 1902 
1158 4024 4518 
1243 1132 3683 
1583 2924 2776 
3476 3664 1497 
4251 834 1773 
1463 3365 3567 
430 365 263 
2856 4441 2730 
1886 1799 3012 
3747 781 2870 
1945 3578 4288 
3280 4499 4049 
4115 4125 4502 
1873 3395 2582 
1484 1145 2587 
3489 3400 1617 
3735 360 2110 
612 4563 613 
3438 3745 2418 
2650 3527 3026 
2981 2180 3569 
3286 2789 2898 
2749 3293 379 
3524 3219 3440 
1903 2682 2233 
1266 1270 3868 
1770 1748 3881 
1680 1711 568 
2861 2889 2950 
3219 3083 2480 
3249 3883 4269 
501 2131 2021 
2929 3235 4415 
489 488 2231 
4008 4508 2465 
1062 694 1083 
2365 2620 3048 
4506 3314 2279 
2234 1117 1416 
4123 3635 1383 
2209 405 3629 
2855 2911 4482 
2816 1478 761 
3790 1365 2985 
3148 2496 3867 
2820 2235 2023 
436 2541 2994 
3177 1055 2165 
3071 2312 3938 
3453 3562 2355 
3610 2114 2519 
2699 2490 4245 
2796 445 3426 
2247 2368 4062 
1189 2893 2460 
1784 3011 2653 
1650 2885 818 
3737 2542 792 
287 2570 3033 
3082 1854 806 
1847 824 3065 
2446 2538 2345 
3741 3679 2037 
2919 2978 2513 
1604 3377 2590 
2991 915 926 
3216 3738 2153 
1456 1355 3162 
3102 3533 3052 
2920 1262 2427 
1235 4185 4044 
3375 3165 1771 
1374 964 3366 
1833 3013 1932 
1557 3398 3502 
2839 4255 1795 
4201 1561 4433 
420 3163 2120 
2510 3659 2892 
1682 3731 399 
2905 3721 1588 
3788 3267 2518 
2848 1343 2884 
3204 3684 1446 
2711 2589 3067 
2645 3670 852 
4133 1877 2261 
2945 2674 1068 
4022 3050 1302 
3529 418 2732 
3715 3219 2480 
2619 3077 1525 
2024 3059 2661 
4420 1274 3088 
3627 4217 4438 
312 226 341 
3023 4520 2291 
3266 3084 3606 
2034 3740 3501 
2940 2157 929 
2928 4129 3038 
257 2534 1647 
3427 4200 4496 
2991 3522 2913 
2612 1456 3162 
2443 3512 2252 
2806 1721 3466 
3465 3136 2404 
3102 1719 1779 
907 4497 2088 
4133 3447 3362 
3082 2695 2153 
2968 2538 3029 
2289 1568 2925 
1358 2940 2956 
2791 3577 4150 
242 2571 2874 
3259 1400 1413 
2724 3139 4490 
3992 3458 4527 
767 3222 1685 
2563 4392 4263 
435 1360 3085 
1325 863 2975 
4403 1702 3264 
2832 3455 943 
2919 2598 2454 
3614 777 4630 
3120 983 876 
3753 743 742 
1933 2354 3586 
2264 1126 3903 
875 2551 3128 
762 1822 100 
3285 4514 4110 
3656 3136 2386 
3671 3551 886 
3590 3202 1716 
1739 3524 3440 
3560 1869 1726 
2902 2318 2672 
2424 4377 2282 
3160 2959 2515 
2970 1904 2335 
1451 1406 2898 
3485 3108 2553 
3757 3380 3719 
1601 3141 2069 
3624 4316 3295 
3277 3374 3430 
3535 3471 3040 
3277 3485 2673 
3657 2549 2828 
780 3775 123 
2989 1143 3053 
3650 3511 2252 
3216 2117 3014 
2755 2707 1110 
1518 3226 3505 
4421 2455 3494 
2858 2722 3473 
2102 2298 2096 
1428 2996 2935 
4395 4309 2140 
3380 2357 1735 
1452 604 1324 
434 3165 1865 
3920 4138 3947 
2522 4358 4393 
2402 4403 3264 
3272 3167 3241 
3273 3456 1484 
3719 1703 3757 
3179 1966 2757 
3301 3487 3358 
2393 2878 2624 
3652 3621 2957 
3278 2409 2812 
2552 1925 2512 
565 1727 4606 
1936 4359 2222 
3180 1845 348 
4386 4163 2601 
3757 3703 3716 
3778 3390 2550 
2360 1192 3564 
1939 1187 3999 
1957 2108 3599 
3077 3172 1525 
2895 1144 2669 
4567 3907 2159 
4002 2602 3393 
176 129 403 
2196 1739 2896 
3378 2450 1465 
3622 857 2614 
1406 3666 2898 
2194 3380 1735 
2988 2765 1226 
1194 2607 3777 
1205 4055 2417 
2871 2854 2511 
2792 1323 2777 
1775 3728 2013 
1542 2472 4398 
2921 4392 2535 
4262 1841 3641 
2952 3714 3109 
3319 1646 2663 
2555 2181 3229 
3771 3817 3838 
3250 1733 815 
1675 2776 3015 
3650 2215 2310 
2255 3919 975 
1620 3759 1797 
3570 1215 3637 
2564 3030 3005 
4065 2955 2371 
2959 1530 2925 
1144 2941 4485 
1396 2774 1426 
2520 3070 2249 
1826 889 3612 
1605 3030 2822 
3124 3330 3696 
2893 3310 2563 
3644 3518 3367 
3233 1690 143 
3149 2190 2843 
1805 3026 763 
790 1569 3582 
489 1871 490 
3598 2362 3188 
2742 1386 2273 
1931 3006 1878 
1313 2623 3360 
1355 2482 3162 
2678 4148 2998 
3489 3428 2316 
3190 2321 2587 
1538 3286 3744 
3663 3181 1043 
2988 3728 1552 
3110 3007 396 
3529 842 1685 
4624 2936 2956 
3050 1240 1302 
2715 4579 4627 
2151 3668 3175 
2292 2804 3324 
1711 1680 567 
3464 2067 3584 
4501 4187 4188 
3172 3077 3431 
2955 4065 1921 
2499 2683 4442 
3015 3092 2596 
2557 2531 460 
1441 1919 3462 
1973 3499 1754 
416 3088 2815 
857 138 2614 
1717 421 3052 
4195 2883 2938 
2309 2372 3935 
2215 3650 3526 
1689 3594 2449 
1870 811 3375 
2191 975 2938 
2776 3173 3015 
873 1867 3401 
3000 3451 3449 
1240 3050 1238 
2224 2668 2305 
3835 3058 4427 
3408 1234 2371 
1284 2572 1919 
4532 1981 1990 
3665 3560 1726 
1848 2423 3388 
3347 105 88 
305 755 260 
2521 2433 4417 
4305 4109 2202 
2244 3884 3387 
1732 258 1647 
224 221 2335 
3837 3918 3046 
2545 4490 4057 
2064 514 2056 
3539 2533 2379 
1937 3017 4179 
1373 1368 619 
2818 2326 3478 
4352 3427 1650 
1920 3392 4565 
3248 2254 3532 
3174 757 1843 
3670 1737 852 
2190 3149 1098 
3471 3535 3478 
220 2632 451 
3862 916 4325 
1707 3406 1786 
1300 3019 1681 
2693 3268 1642 
837 1582 3113 
1761 4228 1932 
781 3747 362 
3565 4286 2065 
1933 1872 2627 
2526 2784 2046 
4326 1125 1959 
1617 2908 2111 
2583 1567 3147 
3649 1913 2617 
3775 780 2320 
301 151 109 
2015 1913 2027 
2324 1842 1988 
3711 2478 2156 
1054 2809 3054 
2934 2047 3712 
220 450 2677 
3870 1328 920 
1891 4518 4024 
2648 2839 4467 
3228 3297 3686 
2274 2784 3266 
3151 3117 4419 
2906 839 3704 
2633 4414 3267 
2978 430 2513 
2053 3508 2080 
1121 1577 3307 
2225 2921 2535 
3491 3575 408 
2909 2841 3756 
4369 4353 2235 
2237 2846 3295 
1075 2707 3064 
3507 3010 3395 
1003 1122 4270 
2157 2940 851 
3019 1300 2969 
2541 856 2994 
3723 3781 4276 
3108 3039 2553 
3415 2780 3426 
3768 3404 749 
1596 2077 4173 
2954 3140 3201 
2160 2395 4218 
2463 2940 929 
846 2258 3246 
3142 1671 2449 
2350 474 473 
1019 3103 2738 
3702 2494 3551 
2802 3122 1230 
3285 1425 4121 
455 2400 456 
3304 2841 3085 
3757 2325 1629 
3056 3566 2663 
3049 2228 3928 
2014 1159 3822 
2290 2092 1366 
3400 3489 2316 
3379 3749 3790 
815 2733 3250 
4486 2687 3073 
2144 457 456 
1328 1333 3845 
1111 688 4614 
3017 3016 3159 
1504 3056 2663 
2232 1222 3716 
2949 778 3558 
4264 3561 4278 
2877 2528 3098 
4360 2136 3078 
3335 2726 1023 
2887 1828 2071 
1672 2077 1596 
1526 4198 2320 
1269 3797 4534 
2811 1834 844 
2752 3087 2985 
1692 1355 1249 
3487 2990 3358 
3745 3438 3483 
813 3419 1539 
2527 2498 2524 
4357 2222 4359 
3575 3491 299 
1360 3304 3085 
2764 2463 929 
1596 4173 4489 
4490 2545 2724 
878 1089 3207 
2701 3153 3038 
2618 2902 2672 
2207 789 3828 
1709 3183 2754 
2152 3373 3302 
3933 4568 1120 
2300 3664 1661 
1654 1720 4246 
2613 2394 4364 
2276 2200 899 
2450 3378 1110 
3735 3809 3037 
3231 3593 3315 
1051 3693 2345 
2748 1100 4073 
2762 4481 1361 
1402 1407 3821 
2926 2765 1552 
3688 2711 2399 
2932 3372 3215 
2990 3487 1926 
3065 1860 3072 
3728 1775 1552 
2321 3190 2414 
4008 2904 4508 
1412 1498 2346 
449 273 2705 
2691 449 448 
2482 1338 3162 
863 2641 2975 
458 457 1829 
947 2220 4416 
4593 2212 3848 
4582 4332 3133 
1877 4133 3362 
1155 2775 4020 
3732 101 912 
3145 2236 3948 
3397 1756 3225 
3199 2159 3907 
3135 3560 3665 
2190 1093 3382 
2970 3647 3413 
3284 2239 1530 
4611 4332 2266 
3679 3451 2037 
3636 1215 2587 
3855 911 2076 
4077 4460 4139 
3292 3880 4522 
2299 1547 2104 
1309 3865 1281 
3323 1464 3341 
3378 2755 1110 
3576 1923 4525 
3255 4337 894 
1744 1785 4327 
3811 879 3258 
2591 1021 3372 
4212 2014 3230 
2093 4574 2662 
2865 3410 3383 
1966 3179 2162 
3122 2356 4390 
3226 2651 3505 
3369 809 2183 
3412 3700 2106 
1186 2204 3054 
1728 3640 3847 
3711 1732 1647 
2050 2853 2025 
4365 2100 4298 
3788 4209 3267 
2512 3117 2552 
2435 2073 3779 
2978 2919 2454 
1521 2526 2046 
2326 826 3478 
2075 4248 4632 
3139 3893 2256 
3171 3132 1665 
2765 2926 2359 
4182 3827 2099 
3553 1579 1952 
3741 2344 3634 
1001 3950 2176 
946 3797 3706 
4028 1426 1130 
4607 684 1917 
2503 3252 3430 
3738 422 1839 
3702 3671 2281 
3601 968 3053 
2924 2640 3173 
3628 3177 2165 
3089 2366 1071 
2147 4322 935 
2679 3670 2668 
839 2686 3704 
3206 3689 2156 
3530 1015 3377 
3163 420 2658 
1229 1941 3597 
3523 3960 2268 
4345 944 2260 
3361 4537 4383 
3759 1781 1797 
1006 3263 3949 
2610 928 3873 
289 1690 2027 
2719 4266 3405 
2842 1475 1560 
4192 3176 3417 
819 2666 3116 
3292 1323 1435 
2990 3328 3358 
3425 3336 3246 
3122 3494 2865 
3579 2507 2544 
892 1225 3932 
3501 2240 2201 
3652 3576 4525 
2914 1888 4268 
2206 3832 2964 
3233 2227 3221 
2641 1508 2975 
3090 2033 3271 
1448 2549 1388 
2508 1284 1919 
3523 1002 3981 
1411 4022 1155 
2865 3434 1010 
3485 3025 3623 
901 3628 2165 
4302 4362 2346 
2127 820 3926 
4557 1391 4327 
1231 3057 1290 
1607 1705 3637 
868 2267 1599 
1450 3196 1206 
2440 3436 3131 
3174 874 1866 
2756 2771 346 
2549 2952 2828 
443 3411 2799 
804 3086 3595 
3274 1653 1549 
2853 3245 3573 
1505 1615 3616 
3089 2265 2965 
1499 1022 3496 
1791 4384 2361 
3020 3039 2821 
3463 2410 2869 
2205 999 3475 
4306 3644 2214 
3334 2769 4466 
4555 3626 4557 
3316 3651 3113 
2144 4617 1829 
2393 2782 2295 
968 2989 3053 
2942 1571 1406 
3287 3504 3339 
1756 3397 1347 
2716 3079 760 
3068 946 3706 
3363 596 1544 
3806 3243 3355 
4099 1172 1651 
1002 3523 2268 
2422 1313 3360 
3034 3660 3502 
196 3186 160 
3998 3044 2962 
2718 3222 767 
1441 2688 3244 
3284 3428 2239 
3580 2770 3405 
4251 1773 2700 
4276 4585 2859 
1849 1076 2795 
3103 3418 2738 
2900 3093 3564 
777 3614 2618 
3160 3284 1530 
3703 2217 358 
1535 3132 1450 
2308 4054 4373 
3192 2298 4365 
3702 2281 1472 
2917 3277 2673 
3688 2477 1178 
3654 3494 4390 
1475 2315 3371 
1641 1136 3686 
3795 1965 809 
1925 3192 3523 
1540 3210 2842 
4418 3314 4506 
2790 2800 1651 
857 3622 412 
3042 2446 3311 
2770 935 3405 
3015 2564 3005 
3878 4447 3490 
4616 1468 1104 
3973 3192 3447 
2787 2710 1665 
1643 3300 2511 
3089 1069 1415 
258 257 1647 
3669 1548 3099 
3117 2512 4419 
3534 4403 2007 
2114 3508 3128 
4185 996 3057 
804 1767 3550 
3562 2650 3327 
3322 853 2771 
2931 3525 3988 
2501 66 2896 
2641 863 3739 
4166 2769 4474 
1487 2679 2723 
3062 1633 358 
2033 3120 3271 
2397 2294 3270 
1400 2958 1388 
3338 3081 1011 
523 522 2023 
3670 2645 2668 
1711 3642 568 
3890 4207 3881 
1597 1535 1206 
1187 3259 3999 
3265 3346 4524 
2841 2909 887 
3109 1615 2828 
3930 3929 2962 
411 2929 3279 
169 4576 623 
3200 3152 3232 
2410 3463 3043 
3441 3296 3150 
3056 3714 2213 
2952 3313 3098 
4380 3418 3799 
3966 3434 2847 
3591 910 2659 
2887 4511 3337 
4256 2945 3099 
2929 2455 3279 
4344 2204 1186 
2047 4565 4479 
1804 3632 1260 
4436 2692 4448 
4446 3003 3481 
1471 1431 3616 
2593 3325 2338 
2888 1961 2653 
3354 793 1627 
1355 1692 3382 
4581 2028 2737 
2879 3651 1223 
2779 438 2263 
3933 1003 4270 
3516 2837 2465 
4514 945 3820 
1172 4099 1329 
3982 3373 3099 
3381 4468 4410 
1918 3639 2468 
1353 2986 1788 
2415 3555 2974 
2603 3240 3303 
3122 2802 2356 
1925 2552 2383 
2538 2968 1914 
755 3729 3189 
948 3973 2261 
3480 3276 1014 
1306 3493 2111 
2412 208 1178 
2406 2194 3674 
3668 3248 3532 
3487 3301 2345 
2238 3486 3569 
1392 3177 1975 
3452 3386 1271 
2078 3172 3431 
1577 3243 3445 
4410 4401 2486 
3513 1657 2337 
3655 4221 3285 
4124 2931 4444 
3511 2443 2252 
3588 4317 3118 
3724 4349 2270 
813 384 331 
4275 1915 2819 
3228 1888 3297 
917 1632 2375 
3359 4587 763 
66 1636 2896 
776 3041 1331 
3150 66 2461 
356 833 376 
392 841 32 
1546 3203 594 
1478 377 761 
2973 3721 829 
394 790 1551 
3590 2905 1588 
2470 3070 325 
389 365 1483 
800 410 1950 
837 15 9 
1583 370 1566 
1569 391 1483 
23 15 1580 
788 23 1580 
784 1598 28 
3531 803 1586 
357 3545 2899 
2077 2250 4173 
360 2982 1562 
232 32 2452 
264 1633 2833 
333 2378 263 
3143 397 2822 
15 837 1580 
3469 169 623 
2258 277 785 
411 232 2452 
23 788 11 
6 1556 785 
2567 2600 930 
2510 3624 3007 
1259 1346 4104 
777 4556 4630 
3916 3818 3869 
822 770 387 
1305 3916 942 
327 1737 361 
3730 874 3394 
2110 360 1458 
1703 39 8 
369 1737 327 
1487 1694 335 
3379 3765 3792 
62 1855 51 
71 1798 96 
271 1856 423 
3110 2520 2249 
4241 4248 315 
314 327 361 
1737 369 852 
156 4634 93 
3027 1778 2069 
1861 64 850 
266 1801 1674 
240 328 1589 
3759 1620 3661 
808 322 1865 
1830 1824 882 
321 434 170 
1951 1801 316 
2716 77 2621 
309 1870 1771 
1601 195 759 
3804 856 3720 
1595 1645 3040 
834 222 213 
83 1731 1433 
858 421 272 
1555 1751 79 
230 810 253 
810 1439 253 
142 1826 3612 
1806 766 896 
1753 181 1799 
224 1904 202 
3557 2875 135 
1810 1799 183 
884 2967 87 
1832 855 189 
265 429 79 
294 1378 296 
247 204 1808 
1790 834 213 
2584 290 296 
855 1793 188 
1719 858 275 
1938 3233 3221 
775 1794 1591 
419 122 1807 
1731 83 898 
3454 808 1865 
3586 2671 127 
4307 1805 763 
3358 3623 3260 
3725 3978 2464 
1349 1928 1878 
190 1175 2903 
2370 45 2326 
96 1783 74 
322 145 1865 
270 2485 256 
1013 2344 2037 
3186 3191 160 
242 1175 267 
4529 4634 1795 
269 1820 876 
2286 3568 1848 
1822 149 100 
1778 1817 2069 
4587 4307 763 
1951 302 1817 
126 824 163 
37 1816 844 
94 111 1827 
1830 312 341 
134 162 413 
2796 4380 3799 
2864 233 767 
243 229 2744 
1903 2233 97 
2575 347 832 
103 89 2851 
766 229 896 
3568 2423 1848 
1850 871 106 
2146 214 402 
1858 118 125 
1853 3734 3394 
3730 70 1866 
75 422 54 
86 1845 84 
92 1758 348 
1845 86 348 
4621 49 2581 
1894 303 887 
891 29 1880 
3319 2332 3232 
351 91 2753 
870 756 132 
2849 372 124 
1762 1731 898 
115 1742 110 
1763 2973 829 
187 2423 3568 
870 3234 137 
322 808 320 
1816 37 107 
288 271 423 
2804 2292 139 
94 427 106 
3872 797 1836 
1783 1662 74 
1832 191 798 
200 225 409 
1401 2287 1389 
2325 1703 8 
304 2656 306 
838 1798 71 
1604 3456 3273 
10 38 1764 
418 194 2732 
10 1135 43 
3066 289 2027 
3563 3433 3424 
862 204 250 
751 243 2744 
195 1601 1817 
1781 3759 1880 
1796 830 3705 
52 366 241 
2631 3308 2967 
1657 2187 3500 
2671 209 127 
811 1870 282 
1882 284 344 
174 805 178 
1861 1837 73 
328 3359 1589 
865 154 2186 
3775 2320 3498 
1826 142 238 
157 1821 413 
1823 173 1892 
303 284 887 
3331 3807 2972 
1872 205 2627 
1783 1798 1802 
756 1898 128 
2657 2632 3726 
891 3759 3661 
214 192 402 
2483 2953 359 
277 6 785 
3546 4546 155 
2378 430 263 
2595 3768 3773 
432 2541 2993 
480 2334 3134 
1612 758 799 
750 3778 3127 
172 2923 2525 
308 2772 2658 
875 90 31 
2655 3954 3194 
3802 3355 4140 
2234 2428 2430 
233 231 767 
1874 2734 3111 
755 2772 260 
3687 835 20 
3648 3268 17 
1838 1699 4240 
3733 828 3229 
7 281 2903 
1650 285 256 
3157 129 178 
3429 3543 2457 
1903 97 2963 
4239 1699 1952 
2607 3086 3777 
228 799 2825 
3439 2670 330 
175 853 2703 
896 142 3612 
229 766 2744 
1709 41 768 
1985 3275 1980 
2743 283 3705 
145 434 1865 
3157 805 2257 
4592 605 3281 
4575 657 3446 
3191 171 160 
89 1595 2851 
2874 1479 1175 
1699 3553 1952 
3574 654 2943 
2849 60 2427 
383 384 1539 
772 3614 4630 
1731 819 1433 
828 3733 3746 
4197 2318 2817 
4587 3359 328 
108 105 794 
1732 779 46 
2713 255 307 
2773 3439 345 
693 1081 1083 
1436 1485 603 
3062 2217 12 
2551 875 31 
7 2504 753 
357 1364 331 
1029 709 1032 
3994 2861 2950 
258 1732 46 
1357 625 1363 
835 2897 20 
825 368 385 
1631 393 371 
2953 298 359 
2693 3736 17 
2272 3528 843 
386 393 1627 
232 411 371 
368 825 1566 
277 2258 14 
2557 459 2562 
3024 342 323 
2145 407 401 
392 394 1551 
822 387 404 
788 1587 11 
3007 3110 2249 
3662 264 2833 
3368 3734 806 
2217 3701 12 
57 67 1843 
44 47 2754 
314 1487 335 
1707 319 288 
311 2645 852 
343 319 1786 
815 240 1589 
369 311 852 
78 2852 850 
321 309 1771 
1645 58 74 
302 195 1817 
252 1751 398 
4106 1717 1809 
3236 1546 594 
167 3429 3629 
194 418 238 
120 2771 180 
1803 203 177 
814 215 202 
2875 3557 168 
2976 205 783 
222 834 1779 
191 179 798 
884 249 3891 
188 1793 68 
2423 187 1766 
189 855 188 
173 244 1892 
3411 444 2799 
122 72 1807 
4546 3546 1591 
2743 424 261 
294 285 818 
799 228 291 
1898 141 128 
2804 85 412 
133 172 2525 
1439 249 253 
421 223 272 
2725 1856 300 
2485 1650 256 
290 2584 354 
3620 1616 3414 
203 1803 218 
1717 4106 223 
762 134 413 
3506 3468 3540 
1815 165 113 
337 1816 107 
163 1847 121 
280 242 267 
230 254 2863 
3261 450 2705 
2718 231 217 
149 1822 433 
60 118 2427 
1803 1810 218 
1867 873 340 
62 59 3424 
3368 1854 27 
452 2676 2646 
1820 269 320 
395 1867 339 
1758 92 4035 
838 4529 1795 
122 419 125 
350 2575 344 
85 2804 139 
847 111 108 
13 2325 8 
1753 221 197 
1645 1595 16 
839 26 61 
200 2783 217 
4515 871 1879 
824 126 433 
757 70 57 
90 875 4035 
86 92 348 
239 2739 235 
119 4515 1879 
420 295 2658 
366 2485 241 
347 336 832 
310 811 282 
81 136 754 
801 352 355 
1823 862 250 
88 102 866 
4253 447 2720 
165 1815 1787 
2326 45 53 
1863 1821 148 
751 2739 239 
186 175 2703 
1464 605 3341 
1798 1783 96 
187 152 1766 
154 161 2186 
2354 1421 1216 
3234 870 132 
4076 2910 701 
29 1837 1880 
2018 38 51 
1924 547 1929 
865 1815 113 
2343 136 146 
741 3761 3758 
1904 814 202 
383 773 323 
1502 600 1466 
747 3772 3763 
45 2370 98 
41 39 768 
2299 5 2003 
2127 718 956 
417 4296 2154 
1825 1819 557 
1272 626 1354 
1049 703 1058 
440 4623 3094 
633 1292 1295 
4253 2721 4601 
356 262 1510 
1195 658 1198 
640 1270 1268 
443 2801 2798 
2334 2297 3134 
520 2026 521 
1232 653 1233 
2389 472 2329 
3701 2217 1629 
2930 3765 744 
921 914 723 
2017 4578 2012 
532 1972 1983 
3583 746 3769 
950 1581 584 
82 556 1857 
1027 709 909 
1444 1397 608 
726 237 19 
588 4613 1625 
1565 1564 1458 
574 1701 1700 
653 3646 1217 
1419 609 1395 
425 727 428 
1883 547 1927 
1515 597 1536 
589 1624 1420 
3364 3363 1544 
555 1876 1868 
2592 2761 446 
1720 1722 567 
1777 1748 560 
1344 1335 1336 
549 1912 1359 
34 4556 3061 
673 672 1153 
2629 2654 987 
4001 1114 686 
673 1133 1148 
1050 1034 704 
650 1250 1252 
947 1037 706 
1751 252 79 
2830 441 2794 
690 1107 1080 
1273 639 4534 
4626 796 299 
1099 1102 690 
1907 2354 1046 
670 669 1119 
353 298 786 
2441 2434 467 
1628 1191 644 
1669 520 1984 
483 2275 4528 
1201 505 2115 
49 42 2581 
1183 1160 661 
562 1745 994 
2277 2246 485 
4146 1910 3379 
480 2347 2339 
4568 3878 2010 
821 44 2754 
2208 2022 2040 
526 4569 527 
1747 494 4222 
509 3836 2096 
1999 530 2006 
1831 234 215 
2292 870 137 
2022 2038 2039 
2011 1922 529 
1767 804 2 
4566 101 734 
2019 4609 524 
194 236 2732 
3203 1537 594 
460 2527 2524 
2541 432 3295 
152 787 1766 
2771 184 180 
983 332 876 
3041 776 3717 
1819 1785 557 
214 2146 3468 
366 52 3033 
120 151 346 
4180 687 4614 
652 1241 1200 
192 2912 402 
2474 2493 4573 
1770 1768 560 
3269 3804 3720 
2810 3 2835 
1889 166 1787 
815 1733 4535 
2656 304 373 
1740 563 994 
1194 780 123 
4569 2002 527 
1312 1315 630 
962 966 714 
2632 220 2677 
1334 1333 629 
827 2286 1848 
1309 632 1310 
4556 777 3061 
233 2864 25 
4610 1930 545 
2864 842 25 
1652 828 3746 
243 751 239 
2488 4396 463 
2824 799 291 
2667 2304 725 
2749 353 786 
3729 185 2825 
808 1820 320 
2773 338 873 
65 130 412 
3066 3649 2407 
422 2852 54 
1687 1668 576 
605 4592 3341 
1139 1141 677 
796 4626 2706 
2323 2322 482 
147 3620 3550 
839 774 2686 
2467 2408 467 
405 2209 3096 
1437 607 606 
2054 516 2055 
301 133 2525 
1757 1212 1752 
2861 441 2868 
167 0 408 
4618 915 723 
3545 927 367 
226 3035 341 
1081 1064 2998 
18 772 4630 
33 7 753 
1727 1677 4606 
2923 176 403 
2 804 3595 
546 1935 1878 
3439 212 345 
2771 120 346 
1318 1340 627 
750 3776 3389 
1364 813 331 
3 2810 2819 
890 1805 3036 
2555 803 3554 
3070 3197 2249 
380 2539 761 
3721 2905 829 
364 3590 325 
1582 837 9 
391 389 1483 
776 1594 3717 
2378 333 817 
32 841 2452 
262 793 1510 
3648 3448 791 
1587 3528 11 
1594 3755 3717 
1600 784 3691 
2567 459 2574 
1303 34 3061 
1694 363 335 
1487 314 361 
2982 593 1562 
1855 2018 51 
374 363 2317 
397 1605 2822 
856 1652 3720 
332 269 876 
77 3619 2621 
195 318 759 
3720 1652 3746 
268 1790 213 
810 230 2863 
2875 787 135 
3743 779 3437 
400 2698 248 
2015 3233 1938 
2534 3308 1647 
265 3743 3437 
297 261 424 
116 37 844 
434 145 170 
317 352 2174 
1175 190 267 
1856 2725 1619 
274 222 1779 
1805 4307 3036 
318 1824 759 
161 795 2186 
56 1834 752 
144 415 2649 
312 1830 882 
1860 824 433 
842 236 25 
3734 1853 806 
70 757 1866 
3649 3460 2407 
1684 156 93 
1620 3619 3661 
2753 1736 351 
115 56 752 
756 128 132 
60 2849 124 
1742 1873 110 
854 59 48 
419 1858 125 
427 94 1827 
119 337 107 
1707 288 423 
131 372 2614 
99 771 866 
839 2906 3718 
2783 200 409 
304 255 373 
4529 838 71 
1135 840 43 
2634 1823 1892 
2739 836 235 
3729 755 305 
2504 7 2903 
211 209 1216 
2670 336 330 
1870 309 282 
240 815 4535 
771 99 98 
1821 157 148 
3460 3649 4210 
3755 1594 845 
3147 81 754 
826 2326 53 
365 430 1483 
593 1547 2003 
4620 3768 749 
432 3009 3295 
2297 481 3134 
249 1439 3891 
2540 3191 349 
4621 2293 4216 
2314 1337 2496 
2897 3754 20 
803 3531 3554 
400 247 1808 
805 3157 178 
362 3747 292 
415 144 1695 
2632 2657 451 
420 2713 278 
196 198 2807 
105 3347 794 
255 2713 373 
21 739 24 
21 3123 740 
1365 3123 3457 
3123 3761 740 
3761 3123 3758 
3758 3653 741 
3653 3758 3749 
3653 3753 742 
743 3753 3792 
3765 2930 3792 
2930 743 3792 
3765 3764 744 
744 3764 3766 
3764 3767 3766 
3767 745 3766 
745 3767 3769 
3767 3583 3769 
746 3583 2566 
2119 2566 2351 
2566 3772 746 
3772 2566 3763 
748 747 3774 
3835 2595 3774 
747 3771 3774 
3771 747 3763 
3774 2595 3773 
3768 4620 3773 
4620 748 3773 
3768 2595 4549 
3776 3404 3389 
3404 3776 749 
3390 3778 3389 
3778 4445 3127 
3111 2435 3779 
1874 3111 3779 
3710 2150 1691 
2150 3710 4531 
3781 1846 1868 
1846 3781 378 
3723 4276 2859 
3781 3723 378 
3525 3723 3988 
3723 3525 378 
3525 2931 4531 
1606 3784 1297 
3784 1606 2133 
1449 3785 2664 
1449 2862 3783 
2862 4407 3783 
3707 3785 3783 
4399 2416 4411 
3786 969 3907 
780 1194 3777 
3086 2876 3777 
4375 780 3777 
780 4375 2320 
3775 3299 123 
3299 3775 3498 
3760 1344 1336 
2995 4178 3760 
764 1336 3780 
4224 764 3780 
1613 1526 349 
3793 1747 809 
1965 3793 809 
3795 3369 1528 
1965 3795 1573 
3796 2779 1596 
929 816 4489 
1166 1163 666 
728 3888 259 
1166 3789 802 
3789 3139 802 
3130 3782 413 
3782 3130 2647 
3762 3953 4625 
3762 1440 849 
3885 3087 3417 
3379 1910 3800 
3417 3514 3885 
3749 3379 3792 
3753 3749 3792 
4146 3379 3790 
856 3804 2994 
3803 4564 3794 
2860 1195 3794 
1195 3803 3794 
4488 4633 3803 
4633 4564 3803 
3798 1373 861 
1966 3798 2757 
3243 3806 3445 
3802 3806 3355 
4459 3806 3802 
3810 3022 866 
771 3810 866 
3475 999 4627 
4579 3475 4627 
2061 3853 4627 
3812 1547 1517 
4289 4209 4280 
3812 1517 3037 
3930 3735 2110 
3808 3812 3037 
3809 3808 3037 
3809 3044 4417 
3930 3044 3809 
3811 3258 2543 
3811 4304 3815 
3814 3238 3258 
879 3811 3815 
4209 3788 3815 
879 3788 2518 
3814 879 2518 
3788 879 3815 
4434 2550 872 
872 2505 4434 
945 4514 3285 
872 2550 3787 
3166 872 3787 
3805 2499 3819 
3823 3819 3564 
3823 3805 3819 
3823 1192 3343 
3709 893 909 
3709 1430 4147 
1029 1026 3708 
1574 1430 3708 
3821 1407 765 
2746 3821 765 
1399 3816 1395 
4320 2207 3828 
2803 968 3828 
831 1718 3826 
1008 2290 3826 
3813 1159 1119 
4357 2558 4494 
1150 3813 1119 
4357 3813 2222 
1581 1609 584 
1874 2717 3154 
915 2991 3830 
3833 885 3830 
2991 3833 3830 
977 3833 2913 
885 3833 3831 
388 2304 3831 
3123 21 3457 
2752 1365 3457 
3046 2752 3837 
2138 3918 3837 
1225 1191 3932 
4310 2142 4155 
1062 1081 3834 
3223 216 3834 
1133 2175 4343 
3797 1269 812 
3706 3797 812 
1508 3829 3207 
3254 3829 1516 
3829 3254 2076 
101 3732 894 
3886 3255 894 
905 4487 2087 
3991 4487 2762 
4487 905 3844 
4109 1610 2202 
2796 2592 446 
1099 3841 1096 
1690 3233 2027 
906 2219 3849 
2966 3931 3849 
1244 1220 3848 
3846 4593 3848 
1251 3846 1252 
4597 3846 2101 
1745 883 3850 
883 2092 3850 
883 1745 3847 
3692 883 3847 
3646 3852 913 
4318 3251 913 
1501 3854 913 
3854 3646 913 
3855 3254 1287 
3254 3855 2076 
3857 4599 1927 
1349 3857 1927 
3859 3857 2082 
3859 1417 1410 
3556 3859 1410 
2736 4457 3839 
406 2129 3839 
3807 4191 4203 
3888 916 259 
916 3536 4325 
417 2154 3840 
2154 4324 3840 
1267 918 3863 
3863 3866 4340 
3865 918 1281 
4156 3865 2696 
918 3865 3861 
4158 4141 4154 
3861 4199 3866 
3771 3835 3774 
3835 3771 3838 
2119 3817 3763 
2119 4117 4538 
3058 3835 3838 
4553 3058 3838 
1321 1328 3870 
3860 4501 3870 
1328 3845 920 
4111 1379 920 
3860 3870 920 
1379 4100 920 
2149 3522 3873 
2991 2610 3873 
1337 3856 2496 
2375 3856 917 
1506 3874 2133 
3853 2715 4627 
2715 3853 1506 
1490 935 3858 
2770 1462 3858 
3877 2401 3678 
970 3877 1978 
867 3864 1420 
1673 3864 867 
3880 867 1625 
3880 3292 867 
3737 3851 972 
2960 3851 792 
3737 986 193 
2542 3737 193 
2566 3583 2351 
4117 2119 2351 
3791 3767 3800 
1910 3791 3800 
3879 3883 1669 
3883 3249 2198 
1864 2185 3879 
3989 2241 3879 
1103 1109 1917 
1065 2010 1917 
4071 3878 3490 
1748 939 3881 
939 3890 3881 
1391 3892 939 
4207 3890 3220 
3890 3892 4539 
3890 939 3892 
1391 939 1769 
3148 3867 182 
2248 182 3867 
3455 2832 3780 
3455 2248 943 
3896 3999 949 
3006 3896 949 
3897 940 2205 
3897 2164 3824 
416 2008 3824 
1000 3770 193 
3770 2542 193 
1564 1531 3899 
954 3902 3899 
954 3898 3901 
3898 954 1531 
4089 3902 3901 
3902 4089 1608 
3902 1608 2962 
3887 3886 912 
3255 3886 3176 
4596 2075 4632 
3886 3732 912 
3887 4596 3176 
3906 1208 881 
3882 4633 3906 
904 3442 3904 
1501 904 3904 
3906 4633 2886 
3882 1501 1520 
953 3876 1080 
3841 3876 3367 
953 1101 2214 
3644 953 2214 
969 3199 3907 
4567 3786 3907 
1397 958 3909 
958 4189 3909 
3911 1502 1466 
4322 2147 3910 
1455 2122 1466 
4457 2719 3911 
1791 3894 3869 
3916 3894 942 
4290 4384 4236 
3894 3916 3869 
3818 3916 4037 
4497 907 4330 
3917 1049 2168 
3918 4337 3046 
973 3918 2138 
4081 974 1276 
974 4081 3913 
2381 1470 3913 
974 4004 1138 
974 3912 1276 
1365 3790 3758 
3790 3749 3758 
1994 3832 2385 
3727 3556 3832 
3556 3227 2964 
895 2206 2964 
1072 970 1978 
1072 4090 3875 
1989 3223 3875 
1173 3893 3789 
3893 3139 3789 
2149 971 3926 
938 2127 3926 
3927 1156 976 
2136 3927 3078 
1156 1185 976 
3181 3914 1236 
3914 2588 1236 
388 2210 19 
3900 3921 2850 
3921 3900 2210 
3921 977 2913 
961 1972 1997 
961 3049 3928 
1999 2001 3908 
3049 961 3908 
4097 497 496 
2966 3391 3932 
3931 1191 643 
497 4097 2135 
3924 2334 2339 
4220 2229 3924 
2372 2309 479 
3935 2280 4371 
1257 982 4082 
3884 1683 3387 
2306 2390 3889 
2390 1683 3889 
4589 4447 3933 
1875 1835 952 
4341 4281 952 
4424 3934 1543 
4281 4341 3257 
1263 946 3868 
946 3068 3868 
1006 3941 3943 
4569 526 3942 
3942 2307 3944 
4368 3943 3944 
3941 3942 3944 
3943 3941 3944 
2255 1123 4591 
2883 4195 2785 
997 3925 2064 
3925 4157 2838 
3920 997 2056 
997 3920 3947 
4138 3920 2161 
3925 997 3947 
2420 3950 1465 
2176 3950 4331 
3992 2234 1005 
3458 3992 1005 
2441 2408 3937 
3922 2397 3270 
4412 1906 4625 
1906 3922 4625 
3953 4412 4625 
3953 3762 849 
2585 1045 3955 
1045 1558 3955 
3956 2708 3979 
3956 3979 3952 
4559 3956 3952 
2001 1922 3949 
3263 2171 3949 
1125 4326 4583 
3212 4068 3903 
2116 3960 1018 
3960 3523 1018 
3192 3957 3523 
3957 3192 4365 
985 3145 3948 
985 2398 3951 
3145 985 3951 
501 500 2112 
991 3159 3959 
3962 2143 2135 
2245 1100 2137 
3954 2655 1010 
3291 3954 1010 
3434 3966 1010 
3966 3291 1010 
3969 3965 1030 
2800 3970 4184 
3969 3080 4312 
3080 3972 4577 
3936 3971 1030 
3970 3936 1030 
3971 3936 4279 
3972 3971 4577 
4144 2028 4279 
3970 2800 1431 
3971 3972 1030 
3972 3969 1030 
2084 509 2096 
2084 948 2261 
3973 948 4580 
1016 3975 3961 
1016 3961 4628 
4523 3975 3265 
3975 3346 3265 
3975 1016 3977 
4572 4309 3977 
3974 2680 2140 
2680 3974 3573 
3544 3937 3978 
1041 3544 3978 
3979 2708 1614 
2381 2489 1042 
3923 2729 4177 
1042 2459 3968 
1991 1042 3968 
3923 2381 1042 
1991 3923 1042 
3964 2498 1043 
3985 3964 1043 
3964 3985 2285 
3181 3985 1043 
2516 1039 3986 
1047 3986 1039 
1040 3982 3099 
1040 2368 3982 
2707 1075 3984 
1075 1076 3984 
3983 1076 1075 
1076 3983 2795 
2131 3981 2021 
3159 3981 3959 
3987 2505 3820 
3987 945 3963 
945 4221 3963 
4104 4080 3963 
2185 2038 1094 
2185 3989 3879 
2022 2208 1094 
2208 4351 1094 
3989 2185 1094 
2241 3989 3567 
2768 1105 3940 
1105 3996 3940 
2861 3994 2794 
1105 3994 3995 
3994 2950 3995 
1403 2630 3995 
3996 1105 3995 
3996 2630 1019 
4570 4507 1187 
4507 3997 1187 
2246 1106 3980 
3980 3146 2203 
3945 1106 2259 
3945 4526 1106 
687 1114 4614 
2177 4001 2922 
1168 2103 3990 
4000 1157 3990 
4002 1118 2602 
4002 1386 1352 
2307 4578 4005 
4353 4369 4005 
4003 3243 1121 
3243 4003 3355 
4303 3801 2132 
4303 4493 4591 
1117 2234 3992 
957 1117 3992 
1126 2228 3903 
4326 3750 4068 
3912 974 1138 
4004 1470 4152 
2622 3967 4152 
2169 1138 4011 
3326 2873 4011 
4004 3967 1138 
3967 3326 1138 
4012 1255 1116 
4012 1116 1210 
4014 1608 1289 
4014 1255 2962 
3095 4009 2093 
4009 3095 1938 
4016 1124 4015 
4015 4199 4154 
4016 4141 2901 
4505 3001 4010 
4015 1124 4006 
2509 4196 4007 
1124 4016 4010 
4435 2509 4007 
4603 1124 4010 
4006 1124 4007 
2775 1258 4020 
1079 1155 4020 
2775 1155 4022 
3050 4022 1385 
1158 4008 2465 
3080 2904 4518 
1890 3993 2465 
3993 1890 1900 
4122 4115 4518 
1900 4143 4024 
1165 4000 3990 
1207 4026 4000 
4026 2586 4027 
4026 1157 4000 
1168 1157 4027 
1038 1020 4027 
4000 1165 1180 
1352 3946 1165 
1165 3946 1180 
1231 4025 1211 
4025 1207 1211 
4028 3814 2518 
2518 4414 4028 
1953 1254 4029 
1033 1179 4029 
3946 4019 1180 
4036 1180 4019 
1180 4023 4000 
4053 4052 4558 
4036 4023 1180 
4558 4036 1259 
4023 4036 4021 
1346 4036 4019 
3805 3823 2091 
3631 1841 4229 
4038 4034 1193 
4034 4041 1193 
4038 3625 4066 
4040 3211 4038 
2888 3280 4049 
4043 4032 1193 
4041 4043 1193 
4032 4040 1193 
3248 4461 2128 
3211 4040 2554 
3999 2051 1939 
3999 3896 2051 
1961 2888 4049 
4050 2622 4386 
4043 4041 1204 
4018 4041 4034 
4041 4018 1204 
2291 4039 4069 
4395 4042 3262 
4039 4042 1204 
4042 4047 1204 
4047 2462 2652 
2291 4042 4039 
4018 4039 1204 
4050 4043 1204 
2622 4050 4454 
4454 4048 2652 
4048 4047 2652 
1207 4023 4021 
1207 4052 1211 
1626 4030 1164 
1257 1164 4030 
1182 4046 1210 
4046 1164 1221 
1211 4078 1256 
1392 1209 1606 
3895 1209 1942 
3958 2481 1942 
3683 3958 1243 
4055 2837 2417 
1968 4055 1969 
4056 1205 1243 
4056 1975 1969 
4060 1212 1759 
1212 4060 4153 
4061 1242 1161 
1245 4061 1161 
4054 2308 1219 
3106 4605 1219 
4013 4372 1465 
3542 4013 2450 
1257 4063 1221 
4074 1255 1221 
4185 3057 4044 
1235 4044 1256 
4065 1234 1899 
1234 4065 2371 
3231 4059 4511 
4059 3231 3315 
1245 1238 4031 
1238 1188 4031 
4034 4067 4069 
4034 4038 4066 
4331 2420 4066 
4067 4373 4069 
4067 4034 4066 
1040 1548 4062 
1249 2247 4062 
4624 1346 4019 
1346 4624 4017 
2767 3348 4516 
1091 3348 1432 
4074 4063 1760 
4064 4074 1760 
1255 4074 3998 
3044 3998 4417 
4074 4064 3998 
2962 1255 3998 
4078 1425 1256 
4130 1367 4079 
1425 4079 1256 
1246 2245 3938 
2312 1246 3938 
2245 1154 4073 
2746 4328 4073 
4081 2489 3913 
2522 4081 1276 
4090 1072 696 
4070 2687 1276 
1989 4090 1007 
4070 3912 4311 
1942 2481 4084 
4084 4420 4193 
4083 2680 1280 
2652 4083 1280 
3602 2545 4057 
4221 3655 1259 
982 1638 4082 
1242 1457 4082 
1608 4089 1289 
4089 1673 1435 
2920 4088 1262 
4088 3604 1262 
4058 2742 1308 
4058 1308 1403 
2931 3988 4444 
3723 4214 3988 
2630 1403 4093 
3195 3103 4093 
3627 4094 3417 
3514 3417 4094 
2349 1322 4095 
1428 2856 4095 
911 3855 1287 
4096 861 2044 
1765 2633 1327 
4086 4170 1457 
1242 4086 1457 
4099 4285 4160 
1329 4101 3257 
3905 3227 1282 
3905 1329 3257 
4101 1329 3467 
3211 4033 1427 
1326 4033 2969 
3916 1305 4037 
3139 4190 4490 
2673 4092 1339 
4092 3047 1339 
4087 4080 4104 
4071 3320 2922 
4102 4017 1656 
4102 1346 4017 
4102 4087 4104 
4108 2594 1360 
1658 4108 1360 
3991 2762 1361 
4342 3991 1361 
1342 4233 4105 
4215 4105 1622 
4111 4178 4075 
4224 2947 1698 
3556 4112 1282 
4571 4112 3607 
4087 4102 1656 
4107 4087 1656 
2505 3987 4116 
4080 4107 4116 
4294 4107 3370 
4087 4107 4080 
4107 4206 3370 
2675 4470 1348 
4233 4113 4208 
1379 4111 4075 
4178 4111 3845 
4118 4123 1383 
4100 4215 2901 
4123 2478 4541 
3860 4100 2901 
2987 3939 1381 
3939 2883 1381 
4115 4122 1382 
4125 4510 4502 
1891 4122 4518 
4122 1891 4277 
4125 4115 1382 
4125 4124 4444 
4124 4125 1382 
4127 3626 4530 
4127 4124 1382 
3516 4508 4126 
4533 4127 1382 
1305 4126 4037 
4123 4118 3638 
4274 1774 3638 
4045 1396 1426 
1396 4045 1765 
1398 880 4258 
1398 4103 924 
4079 4619 4085 
1367 4130 1895 
3509 4131 2342 
4131 4388 2342 
4129 4131 3038 
1445 4136 4129 
4136 1445 4393 
1878 3006 4135 
4137 2082 4135 
4137 1417 2082 
1417 4137 949 
1425 4078 4121 
3655 3285 4121 
1425 3285 4110 
4619 1425 4110 
3802 1330 4139 
4460 4077 1473 
3802 4128 1330 
4435 4128 4140 
1330 4077 4139 
1678 4186 4132 
4077 1330 4132 
3001 4231 4602 
4128 3802 4140 
4128 4435 4134 
4134 1330 4128 
1330 4134 4132 
4516 4117 2351 
3817 2119 4538 
1091 4149 4538 
1432 4149 1091 
4148 1081 2998 
3223 2678 4548 
4619 1374 4171 
2134 3709 4147 
2532 2960 4147 
4510 3467 4160 
4149 1432 1895 
3577 2942 4150 
2942 1451 4150 
4144 3970 1431 
1471 4161 1431 
4155 2960 1446 
4199 3861 4154 
4016 4015 4154 
4141 4187 2901 
4156 3861 3865 
3861 4156 4154 
4158 4156 2696 
4158 1491 4187 
4143 1900 1454 
4207 4143 1454 
4159 1572 1454 
3692 4159 1454 
1572 4207 1454 
903 4109 3842 
3588 4162 4400 
4165 4164 4162 
4164 4165 1443 
4366 4164 1443 
3118 4165 4162 
2769 4166 4464 
4165 4166 1443 
4166 4091 1443 
4091 4474 3396 
4091 2421 1443 
2487 4168 2546 
2882 4168 2547 
2734 1498 4142 
2882 2734 4142 
4170 4086 1327 
4172 4170 3267 
4172 4167 1457 
4167 1760 1457 
4172 3267 4430 
4170 4172 1457 
4138 1463 3947 
4138 2161 3362 
4157 3925 3947 
4157 1463 3567 
4553 3309 4085 
4171 4176 3058 
1374 4176 4171 
4176 1374 3366 
1470 4004 3913 
4163 4386 4152 
1470 2381 4177 
2729 4449 4177 
4163 4449 2601 
1470 4163 4152 
2028 4144 4161 
4161 1471 2737 
2873 3326 4181 
1280 1468 4181 
4175 2736 1480 
3580 4175 1480 
1084 3153 4183 
2243 4183 1482 
2701 4145 1482 
3240 4189 3303 
3153 2701 1482 
1909 4145 3953 
2774 1488 4051 
2736 2129 4051 
4187 4141 4158 
2977 4501 4188 
4187 1491 4188 
1307 1312 4188 
4077 4186 1473 
1678 2697 4586 
4460 2615 4139 
4473 3256 1473 
4185 1235 3597 
4473 4186 4586 
4191 1452 1324 
3331 4592 4191 
3971 1486 4508 
4190 4360 3078 
1486 4126 4508 
4577 3971 4508 
4119 1486 4279 
4290 4119 4279 
3970 3965 4184 
1486 4119 4037 
1498 4302 2346 
4182 1498 3154 
2318 4197 3500 
4197 2879 1223 
4198 3498 2320 
2976 4198 1911 
1529 4200 1184 
2065 4200 2580 
1561 4199 4006 
1561 3866 4199 
4196 1561 4006 
2762 4201 4433 
3866 1561 4340 
4201 4487 4340 
2912 192 4210 
1561 4196 4433 
1462 1563 4203 
4203 1563 3303 
2413 4169 1893 
2413 2748 4169 
4207 3220 4277 
4207 1572 3881 
4159 3640 4153 
1728 1212 4153 
3843 3895 1942 
2715 3843 4193 
4480 2250 3370 
4480 2764 4173 
3030 4205 3005 
4205 2944 3005 
3919 4195 975 
4195 3919 2785 
1621 4213 4194 
4194 3609 1621 
4204 4213 1621 
3361 4213 4204 
4213 3435 4194 
4217 3627 2850 
2984 4217 2850 
3609 4315 1621 
4215 4100 4105 
4232 4505 1622 
4105 1676 1622 
4505 4232 3001 
4219 1641 3686 
4206 4107 1656 
4206 4480 3370 
4120 4017 2956 
4120 2463 4588 
3915 4202 4301 
4146 3790 2985 
2701 4475 3915 
4223 3915 4301 
1910 4146 2767 
4202 3435 3871 
4301 4202 3871 
3871 4151 4301 
4223 2447 4584 
2447 4223 3349 
4114 4151 3871 
4225 4151 3282 
4151 4225 4301 
3349 4225 3282 
789 2207 4339 
3213 2405 4416 
4579 2715 4193 
1942 4084 4193 
1683 4220 2635 
4220 1683 4356 
2826 4237 3133 
4231 4232 4594 
2132 488 4259 
4232 1676 4594 
487 486 4259 
4113 2697 4208 
4113 4233 1698 
4233 1342 1698 
4221 4104 3963 
2857 3602 4057 
4231 3001 4232 
4231 4594 4132 
2995 4224 1698 
4075 2995 1698 
1743 4239 1952 
4319 4239 3074 
1699 1838 2875 
2476 1838 4240 
2875 3553 1699 
2146 2476 4240 
3093 4226 3564 
2360 4226 4242 
2891 4242 1710 
2626 2360 4242 
4244 3927 976 
4244 2857 3078 
2490 1721 4245 
1721 3107 4245 
566 1677 4246 
4567 1677 3786 
4235 1730 2065 
1730 4235 2090 
315 4248 286 
4248 4241 4632 
4551 4241 4325 
4241 4551 4632 
1981 4228 1738 
4228 1981 1932 
4250 1973 1754 
1772 1841 4261 
834 4251 2529 
4251 3206 2529 
1791 3818 4236 
4384 1791 4236 
3894 1791 4347 
1791 4243 4347 
4266 2719 4175 
4370 4243 2361 
2648 4255 2839 
838 4255 1802 
4257 2920 1813 
3507 4257 1813 
4103 1398 4258 
1828 987 4258 
4363 987 4247 
2629 4363 4230 
1815 4260 1787 
2257 4260 1784 
1897 4250 4261 
1841 4262 4261 
4499 3280 4229 
1980 3182 4229 
4262 2004 4261 
3587 4262 3641 
1844 4254 1836 
4254 1844 4265 
3563 4254 4265 
4264 3312 4265 
1844 4264 4265 
4264 1844 3004 
1881 2921 4590 
2652 4227 4454 
4227 2652 4181 
4509 3106 4263 
3106 2563 4263 
2921 1881 4263 
1821 1863 4234 
1821 4234 413 
4211 1968 3692 
1968 4211 1890 
1905 3896 4271 
1931 1930 4271 
4404 2397 3922 
2625 2629 4230 
2689 1906 4273 
2447 3349 4273 
1743 4275 3074 
4275 4629 3074 
4118 4274 3638 
4274 4118 1955 
4143 4207 4277 
4533 4122 4277 
2458 3306 4268 
3228 2458 4268 
1967 3312 4278 
3534 2533 4278 
3499 1973 2666 
1916 1875 952 
4281 4585 4276 
1916 4281 4276 
3781 1916 4276 
1979 2986 4252 
1979 4284 1961 
2257 4284 4252 
1961 4284 2653 
1842 2095 4249 
3677 2079 4249 
2193 4272 2086 
2324 4272 2195 
2928 3019 4282 
1991 1445 4282 
4287 4257 3507 
1920 2009 4287 
2533 4283 2379 
4283 3694 3510 
4099 1651 4184 
3936 4144 4279 
2028 4290 4279 
3818 4290 4236 
4097 2172 2135 
3017 3962 4179 
2172 2160 4218 
1937 4218 3384 
3101 4286 1945 
4286 3565 1945 
4406 2933 4288 
3578 2085 4288 
2081 3482 4295 
2085 3578 4295 
2121 3464 4297 
3611 2121 4297 
3373 4072 3302 
2435 3111 4522 
4299 2151 2188 
4299 3248 2151 
2637 4291 2605 
2220 4291 4416 
4212 2175 1153 
2175 4212 3230 
4302 4182 2099 
4302 925 4362 
2104 4209 3815 
1274 4420 4084 
4304 2104 3815 
4304 3811 2543 
4328 2746 765 
2299 4304 3119 
4209 2104 4280 
2104 3812 4280 
977 3921 2210 
3900 19 2210 
2113 4293 3510 
4293 2193 2109 
3028 3610 4308 
3610 3014 4308 
3929 2110 3899 
3044 3930 2962 
3929 3930 2110 
3809 3735 3930 
4292 1028 1884 
4292 2681 2124 
2070 4313 2167 
3028 4313 4314 
3610 3028 4314 
2070 2114 4314 
4204 4315 2091 
3805 4315 4440 
4309 4572 2140 
4309 4395 3262 
4600 2142 329 
4310 820 960 
3842 4253 2720 
4319 2146 4240 
4622 4319 3074 
4318 3852 2141 
4318 4321 4346 
4321 4318 2141 
2212 4321 1200 
2719 4322 3910 
935 4322 3405 
3965 3969 4312 
4312 3080 4502 
2800 4184 1651 
4285 4099 4184 
3536 4551 4325 
4324 916 3840 
4324 2154 2850 
1122 1003 680 
4589 3933 4270 
2163 2207 4320 
4589 3129 2548 
2603 4329 4073 
4329 2603 4169 
1785 2150 4327 
2150 4557 4327 
4333 1053 1996 
2766 4333 1996 
907 3917 4330 
4334 3722 2605 
1053 4333 2168 
3722 4334 4561 
4333 4334 2168 
4334 4330 2168 
4070 4311 3073 
4311 4504 3073 
3373 4256 3099 
4256 2152 3318 
4452 2152 4456 
2506 4338 3532 
4337 2218 894 
4337 3255 3046 
941 2176 4331 
4066 3625 4331 
3320 2177 2922 
1650 2485 4352 
1111 4306 2214 
4306 2177 3644 
3934 4341 952 
3227 3905 4341 
3706 4342 1361 
4342 3706 812 
3825 1147 4343 
4536 2175 3230 
4511 2887 3495 
3593 4344 1186 
2130 4151 4114 
4114 2664 2130 
4323 3741 3634 
3034 4323 3660 
3251 4318 4346 
4593 4517 4346 
4345 2260 3345 
3178 4597 3345 
1296 4340 3844 
1561 4201 4340 
4266 3580 3405 
2225 4347 4590 
4351 4157 3567 
2569 4348 2724 
4348 2569 4359 
2242 2380 2376 
4350 4611 2266 
3530 4369 2235 
4353 2023 2235 
3373 2230 4354 
2294 4405 2576 
4391 4164 4366 
4391 4366 4397 
4316 2510 2892 
2510 4316 3624 
1159 3813 3822 
2569 2558 4359 
2558 4357 4359 
902 4348 1936 
1088 4332 2262 
4611 2826 3133 
4360 4190 2256 
2136 4360 908 
4349 2844 2270 
2497 4349 4512 
2271 4452 4364 
2394 1028 4364 
2267 4363 3337 
4363 2267 4230 
2102 2100 4365 
4298 3957 4365 
2236 4350 2242 
3145 2826 4300 
4455 2107 2203 
4303 3146 4493 
2297 2229 4356 
2229 4220 4356 
1172 4571 1651 
4405 2294 2397 
990 3935 4371 
4582 4462 4371 
4369 2307 4005 
4369 3530 4238 
4368 2307 4369 
2307 4368 3944 
4372 4067 4066 
4372 2420 1465 
4067 4372 2308 
4054 3023 4373 
4375 2876 2540 
4355 3377 2500 
4355 3530 3377 
3883 3879 4269 
2590 3249 4269 
4376 2330 4397 
2330 2391 4397 
2699 4379 3606 
2735 2330 4482 
4373 3023 2291 
2291 4520 3262 
4362 2712 2815 
4362 3088 2346 
4382 2506 3327 
2650 4382 3327 
4384 4290 4581 
4243 1791 2361 
4484 4370 2361 
4486 4367 2845 
4504 4367 3073 
4385 2419 2805 
4385 3357 2377 
4387 3357 3204 
4387 3287 2377 
4389 3609 4194 
3609 4389 2704 
3435 4381 4194 
4381 3435 3509 
4388 4358 2704 
4392 1059 2535 
2384 4392 2563 
2374 3472 4390 
2374 4390 2356 
4131 4129 4136 
4136 4358 4388 
2459 2522 4393 
4358 4136 4393 
1925 4394 3447 
4394 1463 3447 
2421 4376 4397 
4366 2421 4397 
2391 2472 4397 
2472 4391 4397 
2020 2778 4398 
2778 1542 4398 
4378 4391 2472 
2486 4378 4422 
4164 4400 4162 
4164 4401 4400 
4401 2456 4400 
2486 4401 2288 
4403 2402 2007 
1702 4403 3674 
1427 4361 3211 
3625 4361 2403 
4437 2294 2576 
2939 4463 4374 
3922 1906 4404 
2397 4404 4374 
4469 2939 4374 
4405 2397 4374 
2406 4408 3063 
4408 2406 3674 
3223 4409 3875 
3577 2791 4409 
3707 4399 3282 
4476 4399 4411 
3707 2416 4399 
4411 2416 4402 
2939 4469 4402 
2416 4407 4402 
4498 2939 4402 
4407 2416 3783 
4213 4114 3871 
4114 4213 4383 
4219 3230 4450 
2545 4377 4450 
4415 3235 2454 
3291 4415 2454 
3808 2433 4280 
4420 2164 4193 
2433 4289 4280 
4289 4430 3267 
3808 3809 4417 
3998 4064 4417 
4145 2447 4412 
3354 4421 3494 
2455 4421 3279 
2456 4401 4410 
4428 4410 2486 
2456 4418 4400 
4418 2456 3314 
4378 2472 4422 
2472 4425 4422 
2472 1542 4425 
4459 2615 4422 
3581 4423 3599 
4423 1774 3599 
2615 2486 4422 
4460 3256 4428 
4426 3562 2128 
3237 4426 2128 
4428 3256 4542 
3677 4429 2158 
2484 4396 3617 
4559 3617 4396 
4349 2497 4431 
2497 2438 4431 
3058 4176 4427 
2595 3835 4427 
4432 3503 2642 
4432 3615 1635 
4294 2505 4116 
2692 4436 4098 
2505 872 3820 
4434 4436 4448 
4436 4434 2505 
2505 4294 4436 
4196 2509 4433 
4481 4439 3497 
4603 3001 4602 
2509 4435 4140 
2509 4439 4433 
1696 3497 4439 
4315 3609 4440 
2683 2499 4440 
2900 2499 4442 
2499 2900 3819 
4303 4455 2203 
4442 4486 2845 
4414 4045 1426 
4414 2518 3267 
4289 2433 4430 
4167 4172 4430 
4042 4395 4047 
2462 4395 2140 
4413 2687 4443 
4358 2522 4413 
3297 4447 2548 
2550 4434 4448 
4445 2550 4448 
4445 4521 3127 
4445 3778 2550 
2558 2569 4450 
2569 2545 4450 
4451 2575 832 
2841 4451 3085 
1401 4441 2935 
4441 2560 2730 
4449 4163 4177 
4449 4040 4032 
4386 2622 4152 
4043 4386 2601 
1073 3016 4419 
4419 3047 3151 
2594 4338 2506 
4317 4456 3302 
4452 2613 4364 
4456 2152 3302 
4458 2598 2426 
3291 2598 4458 
4040 4449 2554 
4461 3237 2128 
4429 2648 2053 
996 4185 3597 
4459 4425 3445 
3806 4459 3445 
4462 2907 4371 
3193 4462 4237 
4405 4463 2576 
4453 4463 4466 
4437 4072 4354 
4437 4453 4464 
4453 4437 2576 
4463 4453 2576 
2369 4437 4464 
4166 4165 4464 
2369 4317 3302 
2369 3118 4317 
4050 4048 4454 
4227 3326 4454 
4560 2637 2605 
4406 2049 1512 
3822 4357 4494 
2697 4113 1348 
4470 2697 1348 
4471 4473 4470 
4292 3381 4465 
3381 4471 4465 
4471 2681 4465 
2681 4471 4470 
2683 4413 4443 
4442 2683 4443 
3609 4472 4440 
4472 3609 2704 
4470 4473 4586 
3256 4460 1473 
4469 4411 4402 
4404 4469 4374 
4399 4476 3282 
4476 3349 3282 
4475 4202 3915 
4475 2701 3038 
4380 2780 2738 
3418 4380 2738 
2719 4457 4175 
4457 2122 3839 
4376 3396 4482 
2911 2735 4482 
3027 3289 4477 
3537 2097 4477 
3573 4628 2737 
4384 4484 2361 
4311 2169 4485 
2669 1144 4485 
2750 4446 3294 
4446 2750 2611 
4481 2762 4433 
4481 3497 1361 
4201 2762 4487 
3409 4483 2763 
4483 3178 2763 
4486 4442 4443 
4367 4486 3073 
4206 1656 4588 
2250 4480 4173 
2764 929 4489 
2764 4489 4173 
4463 2939 4466 
2939 3334 4466 
4091 4166 4474 
3334 4495 4474 
3283 4493 3146 
3801 4303 4591 
2984 2805 4438 
2805 1248 4438 
4495 2855 4482 
2855 4495 4498 
4407 2855 4498 
4495 3334 4498 
2900 4492 2866 
4499 3182 1944 
1987 4499 1944 
4492 2328 2866 
4633 4488 2886 
4488 3332 4575 
3492 3571 4496 
4200 3492 4496 
4565 3392 4479 
3392 2453 4479 
3522 3357 2913 
3621 3652 4525 
4215 4505 2901 
4505 4016 2901 
4187 4501 2901 
4501 2977 3870 
2917 4500 2635 
4500 3344 3387 
2904 4577 4508 
4508 3516 2465 
2941 4504 4485 
4504 2941 3239 
3467 4478 4101 
4214 4478 4444 
4478 4214 2859 
4214 3723 2859 
3724 3352 4512 
2988 2497 4512 
4490 4190 3078 
2857 4490 3078 
3530 4355 4238 
2995 764 4224 
4178 2995 4075 
4178 3338 3760 
3130 4513 3587 
4513 3217 3587 
4510 4312 4502 
3080 4115 4502 
4115 3080 4518 
2904 4008 4518 
3537 3675 4519 
3672 3681 4519 
2250 2233 4098 
4098 4294 3370 
4521 4445 4448 
4521 2682 4 
1623 2435 1625 
1323 3292 4522 
4509 1881 3265 
4605 3106 4509 
2894 3508 4467 
4456 4317 4506 
4054 4605 4524 
4520 3023 4524 
2637 3213 4416 
4520 3346 3262 
957 3992 4527 
3503 3145 4527 
3980 1106 4526 
4526 3344 3146 
3159 1073 3523 
4478 3467 4444 
3467 4125 4444 
4531 2931 4530 
3710 3525 4531 
4555 4531 4530 
2931 4124 4530 
1981 4532 1932 
4532 1833 1932 
4593 4597 3178 
4483 4517 3178 
4514 3166 4110 
3166 4514 3820 
3366 3166 3787 
1800 1648 4565 
3167 4537 3343 
2664 4537 3167 
3220 4533 4277 
3626 4533 4539 
4533 3220 4539 
3220 3890 4539 
3601 4536 4219 
2175 4536 4343 
4523 4267 3519 
3975 4370 3961 
4471 3381 4542 
4410 4428 4542 
3308 2631 4541 
3635 4123 4541 
3433 3563 4544 
3312 1967 4544 
3817 4553 3838 
3467 4099 4160 
4344 4511 3495 
4511 4344 3231 
4547 3997 4550 
4547 3356 2958 
4468 3381 1884 
4468 2456 4410 
3416 3404 4549 
2492 3416 4549 
4125 3467 4510 
4160 4285 4312 
3476 4543 2270 
4543 3476 1497 
4551 3536 3443 
4241 3862 4325 
3518 2914 4548 
2678 3518 4548 
4552 3534 4278 
3534 4552 3674 
4545 3464 3584 
2059 4545 3584 
4503 1963 3072 
3280 2888 4503 
3626 4555 4530 
4555 2150 4531 
2150 4555 4557 
3892 1391 4557 
3655 4121 4558 
3655 4558 1259 
3213 2637 3700 
4560 3722 2791 
3722 4561 3678 
2751 4561 2766 
3956 4559 3685 
4559 4396 3685 
1325 4563 863 
2797 4563 1393 
624 4540 1363 
3148 4540 2496 
1263 1273 4534 
639 1269 4534 
4491 1987 1666 
1979 4491 1782 
1677 4567 4246 
1677 1727 3786 
4633 3882 1520 
1713 4564 1520 
3227 4554 2964 
4341 3934 4554 
4447 3878 3933 
3878 4568 3933 
3941 2002 4569 
3941 4569 3942 
4068 2264 3903 
3356 4326 4068 
4572 1016 4628 
1016 4572 3977 
4507 4570 3976 
2278 4507 3976 
4575 1208 2886 
2886 4488 4575 
541 1949 3976 
541 4570 542 
4574 2093 1944 
4574 3182 3592 
4578 2019 4005 
2019 4578 525 
3356 4547 4583 
4507 2278 4550 
2298 3192 4580 
948 2298 4580 
4462 4582 3133 
4332 4582 2262 
3588 4418 4506 
2279 4456 4506 
4145 2701 4584 
3915 4223 4584 
2498 3964 4573 
2493 461 4573 
2278 4583 4550 
4291 4497 2605 
4497 4330 2605 
4186 1678 4586 
2697 4470 4586 
4484 4581 2737 
4290 2028 4581 
2463 2764 4588 
4480 4206 4588 
3919 4493 2785 
4493 3919 4591 
4191 3807 3331 
4592 1452 4191 
4267 1881 4590 
2921 2225 4590 
2904 3080 4577 
3087 4192 3417 
4101 4585 3257 
4585 4281 3257 
3063 4595 3004 
4264 4595 3561 
3309 4553 4538 
4171 4553 4085 
1220 3846 3848 
2212 4593 4346 
3857 3859 4599 
3556 3727 4599 
3851 2960 4600 
4596 3887 912 
535 1789 1959 
4326 3356 4583 
3001 4603 4010 
4435 4603 4602 
1124 4603 4007 
4603 4435 4007 
4605 4509 4524 
4605 4054 1219 
447 4253 4601 
1676 1678 4594 
1678 4132 4594 
4571 2790 1651 
4112 4571 1282 
3245 4616 1104 
4616 1646 3232 
4604 657 4575 
657 4604 1198 
1169 4615 661 
4608 713 972 
962 4608 972 
150 1998 1071 
150 3580 1480 
4001 2177 4614 
2177 4306 4614 
1337 4576 3856 
4619 4171 4085 
4447 4589 2548 
2163 4589 4270 
1633 2232 358 
4148 2678 3834 
1352 2936 1170 
4624 2956 4017 
4629 1375 3540 
4622 3468 2146 
3974 4572 4628 
4484 4628 3961 
4629 4622 3074 
2810 4629 4275 
4517 4593 3178 
4345 4597 2101 
2826 4611 4300 
4332 4611 3133 
3443 4596 4632 
4551 3443 4632 
3332 4488 3803 
        </DataArray>
        <DataArray type="Int32" Name="offsets" format="ascii">
3
6
9
12
15
18
21
24
27
30
33
36
39
42
45
48
51
54
57
60
63
66
69
72
75
78
81
84
87
90
93
96
99
102
105
108
111
114
117
120
123
126
129
132
135
138
141
144
147
150
153
156
159
162
165
168
171
174
177
180
183
186
189
192
195
198
201
204
207
210
213
216
219
222
225
228
231
234
237
240
243
246
249
252
255
258
261
264
267
270
273
276
279
282
285
288
291
294
297
300
303
306
309
312
315
318
321
324
327
330
333
336
339
342
345
348
351
354
357
360
363
366
369
372
375
378
381
384
387
390
393
396
399
402
405
408
411
414
417
420
423
426
429
432
435
438
441
444
447
450
453
456
459
462
465
468
471
474
477
480
483
486
489
492
495
498
501
504
507
510
513
516
519
522
525
528
531
534
537
540
543
546
549
552
555
558
561
564
567
570
573
576
579
582
585
588
591
594
597
600
603
606
609
612
615
618
621
624
627
630
633
636
639
642
645
648
651
654
657
660
663
666
669
672
675
678
681
684
687
690
693
696
699
702
705
708
711
714
717
720
723
726
729
732
735
738
741
744
747
750
753
756
759
762
765
768
771
774
777
780
783
786
789
792
795
798
801
804
807
810
813
816
819
822
825
828
831
834
837
840
843
846
849
852
855
858
861
864
867
870
873
876
879
882
885
888
891
894
897
900
903
906
909
912
915
918
921
924
927
930
933
936
939
942
945
948
951
954
957
960
963
966
969
972
975
978
981
984
987
990
993
996
999
1002
1005
1008
1011
1014
1017
1020
1023
1026
1029
1032
1035
1038
1041
1044
1047
1050
1053
1056
1059
1062
1065
1068
1071
1074
1077
1080
1083
1086
1089
1092
1095
1098
1101
1104
1107
1110
1113
1116
1119
1122
1125
1128
1131
1134
1137
1140
1143
1146
1149
1152
1155
1158
1161
1164
1167
1170
1173
1176
1179
1182
1185
1188
1191
1194
1197
1200
1203
1206
1209
1212
1215
1218
1221
1224
1227
1230
1233
1236
1239
1242
1245
1248
1251
1254
1257
1260
1263
1266
1269
1272
1275
1278
1281
1284
1287
1290
1293
1296
1299
1302
1305
1308
1311
1314
1317
1320
1323
1326
1329
1332
1335
1338
1341
1344
1347
1350
1353
1356
1359
1362
1365
1368
1371
1374
1377
1380
1383
1386
1389
1392
1395
1398
1401
1404
1407
1410
1413
1416
1419
1422
1425
1428
1431
1434
1437
1440
1443
1446
1449
1452
1455
1458
1461
1464
1467
1470
1473
1476
1479
1482
1485
1488
1491
1494
1497
1500
1503
1506
1509
1512
1515
1518
1521
1524
1527
1530
1533
1536
1539
1542
1545
1548
1551
1554
1557
1560
1563
1566
1569
1572
1575
1578
1581
1584
1587
1590
1593
1596
1599
1602
1605
1608
1611
1614
1617
1620
1623
1626
1629
1632
1635
1638
1641
1644
1647
1650
1653
1656
1659
1662
1665
1668
1671
1674
1677
1680
1683
1686
1689
1692
1695
1698
1701
1704
1707
1710
1713
1716
1719
1722
1725
1728
1731
1734
1737
1740
1743
1746
1749
1752
1755
1758
1761
1764
1767
1770
1773
1776
1779
1782
1785
1788
1791
1794
1797
1800
1803
1806
1809
1812
1815
1818
1821
1824
1827
1830
1833
1836
1839
1842
1845
1848
1851
1854
1857
1860
1863
1866
1869
1872
1875
1878
1881
1884
1887
1890
1893
1896
1899
1902
1905
1908
1911
1914
1917
1920
1923
1926
1929
1932
1935
1938
1941
1944
1947
1950
1953
1956
1959
1962
1965
1968
1971
1974
1977
1980
1983
1986
1989
1992
1995
1998
2001
2004
2007
2010
2013
2016
2019
2022
2025
2028
2031
2034
2037
2040
2043
2046
2049
2052
2055
2058
2061
2064
2067
2070
2073
2076
2079
2082
2085
2088
2091
2094
2097
2100
2103
2106
2109
2112
2115
2118
2121
2124
2127
2130
2133
2136
2139
2142
2145
2148
2151
2154
2157
2160
2163
2166
2169
2172
2175
2178
2181
2184
2187
2190
2193
2196
2199
2202
2205
2208
2211
2214
2217
2220
2223
2226
2229
2232
2235
2238
2241
2244
2247
2250
2253
2256
2259
2262
2265
2268
2271
2274
2277
2280
2283
2286
2289
2292
2295
2298
2301
2304
2307
2310
2313
2316
2319
2322
2325
2328
2331
2334
2337
2340
2343
2346
2349
2352
2355
2358
2361
2364
2367
2370
2373
2376
2379
2382
2385
2388
2391
2394
2397
2400
2403
2406
2409
2412
2415
2418
2421
2424
2427
2430
2433
2436
2439
2442
2445
2448
2451
2454
2457
2460
2463
2466
2469
2472
2475
2478
2481
2484
2487
2490
2493
2496
2499
2502
2505
2508
2511
2514
2517
2520
2523
2526
2529
2532
2535
2538
2541
2544
2547
2550
2553
2556
2559
2562
2565
2568
2571
2574
2577
2580
2583
2586
2589
2592
2595
2598
2601
2604
2607
2610
2613
2616
2619
2622
2625
2628
2631
2634
2637
2640
2643
2646
2649
2652
2655
2658
2661
2664
2667
2670
2673
2676
2679
2682
2685
2688
2691
2694
2697
2700
2703
2706
2709
2712
2715
2718
2721
2724
2727
2730
2733
2736
2739
2742
2745
2748
2751
2754
2757
2760
2763
2766
2769
2772
2775
2778
2781
2784
2787
2790
2793
2796
2799
2802
2805
2808
2811
2814
2817
2820
2823
2826
2829
2832
2835
2838
2841
2844
2847
2850
2853
2856
2859
2862
2865
2868
2871
2874
2877
2880
2883
2886
2889
2892
2895
2898
2901
2904
2907
2910
2913
2916
2919
2922
2925
2928
2931
2934
2937
2940
2943
2946
2949
2952
2955
2958
2961
2964
2967
2970
2973
2976
2979
2982
2985
2988
2991
2994
2997
3000
3003
3006
3009
3012
3015
3018
3021
3024
3027
3030
3033
3036
3039
3042
3045
3048
3051
3054
3057
3060
3063
3066
3069
3072
3075
3078
3081
3084
3087
3090
3093
3096
3099
3102
3105
3108
3111
3114
3117
3120
3123
3126
3129
3132
3135
3138
3141
3144
3147
3150
3153
3156
3159
3162
3165
3168
3171
3174
3177
3180
3183
3186
3189
3192
3195
3198
3201
3204
3207
3210
3213
3216
3219
3222
3225
3228
3231
3234
3237
3240
3243
3246
3249
3252
3255
3258
3261
3264
3267
3270
3273
3276
3279
3282
3285
3288
3291
3294
3297
3300
3303
3306
3309
3312
3315
3318
3321
3324
3327
3330
3333
3336
3339
3342
3345
3348
3351
3354
3357
3360
3363
3366
3369
3372
3375
3378
3381
3384
3387
3390
3393
3396
3399
3402
3405
3408
3411
3414
3417
3420
3423
3426
3429
3432
3435
3438
3441
3444
3447
3450
3453
3456
3459
3462
3465
3468
3471
3474
3477
3480
3483
3486
3489
3492
3495
3498
3501
3504
3507
3510
3513
3516
3519
3522
3525
3528
3531
3534
3537
3540
3543
3546
3549
3552
3555
3558
3561
3564
3567
3570
3573
3576
3579
3582
3585
3588
3591
3594
3597
3600
3603
3606
3609
3612
3615
3618
3621
3624
3627
3630
3633
3636
3639
3642
3645
3648
3651
3654
3657
3660
3663
3666
3669
3672
3675
3678
3681
3684
3687
3690
3693
3696
3699
3702
3705
3708
3711
3714
3717
3720
3723
3726
3729
3732
3735
3738
3741
3744
3747
3750
3753
3756
3759
3762
3765
3768
3771
3774
3777
3780
3783
3786
3789
3792
3795
3798
3801
3804
3807
3810
3813
3816
3819
3822
3825
3828
3831
3834
3837
3840
3843
3846
3849
3852
3855
3858
3861
3864
3867
3870
3873
3876
3879
3882
3885
3888
3891
3894
3897
3900
3903
3906
3909
3912
3915
3918
3921
3924
3927
3930
3933
3936
3939
3942
3945
3948
3951
3954
3957
3960
3963
3966
3969
3972
3975
3978
3981
3984
3987
3990
3993
3996
3999
4002
4005
4008
4011
4014
4017
4020
4023
4026
4029
4032
4035
4038
4041
4044
4047
4050
4053
4056
4059
4062
4065
4068
4071
4074
4077
4080
4083
4086
4089
4092
4095
4098
4101
4104
4107
4110
4113
4116
4119
4122
4125
4128
4131
4134
4137
4140
4143
4146
4149
4152
4155
4158
4161
4164
4167
4170
4173
4176
4179
4182
4185
4188
4191
4194
4197
4200
4203
4206
4209
4212
4215
4218
4221
4224
4227
4230
4233
4236
4239
4242
4245
4248
4251
4254
4257
4260
4263
4266
4269
4272
4275
4278
4281
4284
4287
4290
4293
4296
4299
4302
4305
4308
4311
4314
4317
4320
4323
4326
4329
4332
4335
4338
4341
4344
4347
4350
4353
4356
4359
4362
4365
4368
4371
4374
4377
4380
4383
4386
4389
4392
4395
4398
4401
4404
4407
4410
4413
4416
4419
4422
4425
4428
4431
4434
4437
4440
4443
4446
4449
4452
4455
4458
4461
4464
4467
4470
4473
4476
4479
4482
4485
4488
4491
4494
4497
4500
4503
4506
4509
4512
4515
4518
4521
4524
4527
4530
4533
4536
4539
4542
4545
4548
4551
4554
4557
4560
4563
4566
4569
4572
4575
4578
4581
4584
4587
4590
4593
4596
4599
4602
4605
4608
4611
4614
4617
4620
4623
4626
4629
4632
4635
4638
4641
4644
4647
4650
4653
4656
4659
4662
4665
4668
4671
4674
4677
4680
4683
4686
4689
4692
4695
4698
4701
4704
4707
4710
4713
4716
4719
4722
4725
4728
4731
4734
4737
4740
4743
4746
4749
4752
4755
4758
4761
4764
4767
4770
4773
4776
4779
4782
4785
4788
4791
4794
4797
4800
4803
4806
4809
4812
4815
4818
4821
4824
4827
4830
4833
4836
4839
4842
4845
4848
4851
4854
4857
4860
4863
4866
4869
4872
4875
4878
4881
4884
4887
4890
4893
4896
4899
4902
4905
4908
4911
4914
4917
4920
4923
4926
4929
4932
4935
4938
4941
4944
4947
4950
4953
4956
4959
4962
4965
4968
4971
4974
4977
4980
4983
4986
4989
4992
4995
4998
5001
5004
5007
5010
5013
5016
5019
5022
5025
5028
5031
5034
5037
5040
5043
5046
5049
5052
5055
5058
5061
5064
5067
5070
5073
5076
5079
5082
5085
5088
5091
5094
5097
5100
5103
5106
5109
5112
5115
5118
5121
5124
5127
5130
5133
5136
5139
5142
5145
5148
5151
5154
5157
5160
5163
5166
5169
5172
5175
5178
5181
5184
5187
5190
5193
5196
5199
5202
5205
5208
5211
5214
5217
5220
5223
5226
5229
5232
5235
5238
5241
5244
5247
5250
5253
5256
5259
5262
5265
5268
5271
5274
5277
5280
5283
5286
5289
5292
5295
5298
5301
5304
5307
5310
5313
5316
5319
5322
5325
5328
5331
5334
5337
5340
5343
5346
5349
5352
5355
5358
5361
5364
5367
5370
5373
5376
5379
5382
5385
5388
5391
5394
5397
5400
5403
5406
5409
5412
5415
5418
5421
5424
5427
5430
5433
5436
5439
5442
5445
5448
5451
5454
5457
5460
5463
5466
5469
5472
5475
5478
5481
5484
5487
5490
5493
5496
5499
5502
5505
5508
5511
5514
5517
5520
5523
5526
5529
5532
5535
5538
5541
5544
5547
5550
5553
5556
5559
5562
5565
5568
5571
5574
5577
5580
5583
5586
5589
5592
5595
5598
5601
5604
5607
5610
5613
5616
5619
5622
5625
5628
5631
5634
5637
5640
5643
5646
5649
5652
5655
5658
5661
5664
5667
5670
5673
5676
5679
5682
5685
5688
5691
5694
5697
5700
5703
5706
5709
5712
5715
5718
5721
5724
5727
5730
5733
5736
5739
5742
5745
5748
5751
5754
5757
5760
5763
5766
5769
5772
5775
5778
5781
5784
5787
5790
5793
5796
5799
5802
5805
5808
5811
5814
5817
5820
5823
5826
5829
5832
5835
5838
5841
5844
5847
5850
5853
5856
5859
5862
5865
5868
5871
5874
5877
5880
5883
5886
5889
5892
5895
5898
5901
5904
5907
5910
5913
5916
5919
5922
5925
5928
5931
5934
5937
5940
5943
5946
5949
5952
5955
5958
5961
5964
5967
5970
5973
5976
5979
5982
5985
5988
5991
5994
5997
6000
6003
6006
6009
6012
6015
6018
6021
6024
6027
6030
6033
6036
6039
6042
6045
6048
6051
6054
6057
6060
6063
6066
6069
6072
6075
6078
6081
6084
6087
6090
6093
6096
6099
6102
6105
6108
6111
6114
6117
6120
6123
6126
6129
6132
6135
6138
6141
6144
6147
6150
6153
6156
6159
6162
6165
6168
6171
6174
6177
6180
6183
6186
6189
6192
6195
6198
6201
6204
6207
6210
6213
6216
6219
6222
6225
6228
6231
6234
6237
6240
6243
6246
6249
6252
6255
6258
6261
6264
6267
6270
6273
6276
6279
6282
6285
6288
6291
6294
6297
6300
6303
6306
6309
6312
6315
6318
6321
6324
6327
6330
6333
6336
6339
6342
6345
6348
6351
6354
6357
6360
6363
6366
6369
6372
6375
6378
6381
6384
6387
6390
6393
6396
6399
6402
6405
6408
6411
6414
6417
6420
6423
6426
6429
6432
6435
6438
6441
6444
6447
6450
6453
6456
6459
6462
6465
6468
6471
6474
6477
6480
6483
6486
6489
6492
6495
6498
6501
6504
6507
6510
6513
6516
6519
6522
6525
6528
6531
6534
6537
6540
6543
6546
6549
6552
6555
6558
6561
6564
6567
6570
6573
6576
6579
6582
6585
6588
6591
6594
6597
6600
6603
6606
6609
6612
6615
6618
6621
6624
6627
6630
6633
6636
6639
6642
6645
6648
6651
6654
6657
6660
6663
6666
6669
6672
6675
6678
6681
6684
6687
6690
6693
6696
6699
6702
6705
6708
6711
6714
6717
6720
6723
6726
6729
6732
6735
6738
6741
6744
6747
6750
6753
6756
6759
6762
6765
6768
6771
6774
6777
6780
6783
6786
6789
6792
6795
6798
6801
6804
6807
6810
6813
6816
6819
6822
6825
6828
6831
6834
6837
6840
6843
6846
6849
6852
6855
6858
6861
6864
6867
6870
6873
6876
6879
6882
6885
6888
6891
6894
6897
6900
6903
6906
6909
6912
6915
6918
6921
6924
6927
6930
6933
6936
6939
6942
6945
6948
6951
6954
6957
6960
6963
6966
6969
6972
6975
6978
6981
6984
6987
6990
6993
6996
6999
7002
7005
7008
7011
7014
7017
7020
7023
7026
7029
7032
7035
7038
7041
7044
7047
7050
7053
7056
7059
7062
7065
7068
7071
7074
7077
7080
7083
7086
7089
7092
7095
7098
7101
7104
7107
7110
7113
7116
7119
7122
7125
7128
7131
7134
7137
7140
7143
7146
7149
7152
7155
7158
7161
7164
7167
7170
7173
7176
7179
7182
7185
7188
7191
7194
7197
7200
7203
7206
7209
7212
7215
7218
7221
7224
7227
7230
7233
7236
7239
7242
7245
7248
7251
7254
7257
7260
7263
7266
7269
7272
7275
7278
7281
7284
7287
7290
7293
7296
7299
7302
7305
7308
7311
7314
7317
7320
7323
7326
7329
7332
7335
7338
7341
7344
7347
7350
7353
7356
7359
7362
7365
7368
7371
7374
7377
7380
7383
7386
7389
7392
7395
7398
7401
7404
7407
7410
7413
7416
7419
7422
7425
7428
7431
7434
7437
7440
7443
7446
7449
7452
7455
7458
7461
7464
7467
7470
7473
7476
7479
7482
7485
7488
7491
7494
7497
7500
7503
7506
7509
7512
7515
7518
7521
7524
7527
7530
7533
7536
7539
7542
7545
7548
7551
7554
7557
7560
7563
7566
7569
7572
7575
7578
7581
7584
7587
7590
7593
7596
7599
7602
7605
7608
7611
7614
7617
7620
7623
7626
7629
7632
7635
7638
7641
7644
7647
7650
7653
7656
7659
7662
7665
7668
7671
7674
7677
7680
7683
7686
7689
7692
7695
7698
7701
7704
7707
7710
7713
7716
7719
7722
7725
7728
7731
7734
7737
7740
7743
7746
7749
7752
7755
7758
7761
7764
7767
7770
7773
7776
7779
7782
7785
7788
7791
7794
7797
7800
7803
7806
7809
7812
7815
7818
7821
7824
7827
7830
7833
7836
7839
7842
7845
7848
7851
7854
7857
7860
7863
7866
7869
7872
7875
7878
7881
7884
7887
7890
7893
7896
7899
7902
7905
7908
7911
7914
7917
7920
7923
7926
7929
7932
7935
7938
7941
7944
7947
7950
7953
7956
7959
7962
7965
7968
7971
7974
7977
7980
7983
7986
7989
7992
7995
7998
8001
8004
8007
8010
8013
8016
8019
8022
8025
8028
8031
8034
8037
8040
8043
8046
8049
8052
8055
8058
8061
8064
8067
8070
8073
8076
8079
8082
8085
8088
8091
8094
8097
8100
8103
8106
8109
8112
8115
8118
8121
8124
8127
8130
8133
8136
8139
8142
8145
8148
8151
8154
8157
8160
8163
8166
8169
8172
8175
8178
8181
8184
8187
8190
8193
8196
8199
8202
8205
8208
8211
8214
8217
8220
8223
8226
8229
8232
8235
8238
8241
8244
8247
8250
8253
8256
8259
8262
8265
8268
8271
8274
8277
8280
8283
8286
8289
8292
8295
8298
8301
8304
8307
8310
8313
8316
8319
8322
8325
8328
8331
8334
8337
8340
8343
8346
8349
8352
8355
8358
8361
8364
8367
8370
8373
8376
8379
8382
8385
8388
8391
8394
8397
8400
8403
8406
8409
8412
8415
8418
8421
8424
8427
8430
8433
8436
8439
8442
8445
8448
8451
8454
8457
8460
8463
8466
8469
8472
8475
8478
8481
8484
8487
8490
8493
8496
8499
8502
8505
8508
8511
8514
8517
8520
8523
8526
8529
8532
8535
8538
8541
8544
8547
8550
8553
8556
8559
8562
8565
8568
8571
8574
8577
8580
8583
8586
8589
8592
8595
8598
8601
8604
8607
8610
8613
8616
8619
8622
8625
8628
8631
8634
8637
8640
8643
8646
8649
8652
8655
8658
8661
8664
8667
8670
8673
8676
8679
8682
8685
8688
8691
8694
8697
8700
8703
8706
8709
8712
8715
8718
8721
8724
8727
8730
8733
8736
8739
8742
8745
8748
8751
8754
8757
8760
8763
8766
8769
8772
8775
8778
8781
8784
8787
8790
8793
8796
8799
8802
8805
8808
8811
8814
8817
8820
8823
8826
8829
8832
8835
8838
8841
8844
8847
8850
8853
8856
8859
8862
8865
8868
8871
8874
8877
8880
8883
8886
8889
8892
8895
8898
8901
8904
8907
8910
8913
8916
8919
8922
8925
8928
8931
8934
8937
8940
8943
8946
8949
8952
8955
8958
8961
8964
8967
8970
8973
8976
8979
8982
8985
8988
8991
8994
8997
9000
9003
9006
9009
9012
9015
9018
9021
9024
9027
9030
9033
9036
9039
9042
9045
9048
9051
9054
9057
9060
9063
9066
9069
9072
9075
9078
9081
9084
9087
9090
9093
9096
9099
9102
9105
9108
9111
9114
9117
9120
9123
9126
9129
9132
9135
9138
9141
9144
9147
9150
9153
9156
9159
9162
9165
9168
9171
9174
9177
9180
9183
9186
9189
9192
9195
9198
9201
9204
9207
9210
9213
9216
9219
9222
9225
9228
9231
9234
9237
9240
9243
9246
9249
9252
9255
9258
9261
9264
9267
9270
9273
9276
9279
9282
9285
9288
9291
9294
9297
9300
9303
9306
9309
9312
9315
9318
9321
9324
9327
9330
9333
9336
9339
9342
9345
9348
9351
9354
9357
9360
9363
9366
9369
9372
9375
9378
9381
9384
9387
9390
9393
9396
9399
9402
9405
9408
9411
9414
9417
9420
9423
9426
9429
9432
9435
9438
9441
9444
9447
9450
9453
9456
9459
9462
9465
9468
9471
9474
9477
9480
9483
9486
9489
9492
9495
9498
9501
9504
9507
9510
9513
9516
9519
9522
9525
9528
9531
9534
9537
9540
9543
9546
9549
9552
9555
9558
9561
9564
9567
9570
9573
9576
9579
9582
9585
9588
9591
9594
9597
9600
9603
9606
9609
9612
9615
9618
9621
9624
9627
9630
9633
9636
9639
9642
9645
9648
9651
9654
9657
9660
9663
9666
9669
9672
9675
9678
9681
9684
9687
9690
9693
9696
9699
9702
9705
9708
9711
9714
9717
9720
9723
9726
9729
9732
9735
9738
9741
9744
9747
9750
9753
9756
9759
9762
9765
9768
9771
9774
9777
9780
9783
9786
9789
9792
9795
9798
9801
9804
9807
9810
9813
9816
9819
9822
9825
9828
9831
9834
9837
9840
9843
9846
9849
9852
9855
9858
9861
9864
9867
9870
9873
9876
9879
9882
9885
9888
9891
9894
9897
9900
9903
9906
9909
9912
9915
9918
9921
9924
9927
9930
9933
9936
9939
9942
9945
9948
9951
9954
9957
9960
9963
9966
9969
9972
9975
9978
9981
9984
9987
9990
9993
9996
9999
10002
10005
10008
10011
10014
10017
10020
10023
10026
10029
10032
10035
10038
10041
10044
10047
10050
10053
10056
10059
10062
10065
10068
10071
10074
10077
10080
10083
10086
10089
10092
10095
10098
10101
10104
10107
10110
10113
10116
10119
10122
10125
10128
10131
10134
10137
10140
10143
10146
10149
10152
10155
10158
10161
10164
10167
10170
10173
10176
10179
10182
10185
10188
10191
10194
10197
10200
10203
10206
10209
10212
10215
10218
10221
10224
10227
10230
10233
10236
10239
10242
10245
10248
10251
10254
10257
10260
10263
10266
10269
10272
10275
10278
10281
10284
10287
10290
10293
10296
10299
10302
10305
10308
10311
10314
10317
10320
10323
10326
10329
10332
10335
10338
10341
10344
10347
10350
10353
10356
10359
10362
10365
10368
10371
10374
10377
10380
10383
10386
10389
10392
10395
10398
10401
10404
10407
10410
10413
10416
10419
10422
10425
10428
10431
10434
10437
10440
10443
10446
10449
10452
10455
10458
10461
10464
10467
10470
10473
10476
10479
10482
10485
10488
10491
10494
10497
10500
10503
10506
10509
10512
10515
10518
10521
10524
10527
10530
10533
10536
10539
10542
10545
10548
10551
10554
10557
10560
10563
10566
10569
10572
10575
10578
10581
10584
10587
10590
10593
10596
10599
10602
10605
10608
10611
10614
10617
10620
10623
10626
10629
10632
10635
10638
10641
10644
10647
10650
10653
10656
10659
10662
10665
10668
10671
10674
10677
10680
10683
10686
10689
10692
10695
10698
10701
10704
10707
10710
10713
10716
10719
10722
10725
10728
10731
10734
10737
10740
10743
10746
10749
10752
10755
10758
10761
10764
10767
10770
10773
10776
10779
10782
10785
10788
10791
10794
10797
10800
10803
10806
10809
10812
10815
10818
10821
10824
10827
10830
10833
10836
10839
10842
10845
10848
10851
10854
10857
10860
10863
10866
10869
10872
10875
10878
10881
10884
10887
10890
10893
10896
10899
10902
10905
10908
10911
10914
10917
10920
10923
10926
10929
10932
10935
10938
10941
10944
10947
10950
10953
10956
10959
10962
10965
10968
10971
10974
10977
10980
10983
10986
10989
10992
10995
10998
11001
11004
11007
11010
11013
11016
11019
11022
11025
11028
11031
11034
11037
11040
11043
11046
11049
11052
11055
11058
11061
11064
11067
11070
11073
11076
11079
11082
11085
11088
11091
11094
11097
11100
11103
11106
11109
11112
11115
11118
11121
11124
11127
11130
11133
11136
11139
11142
11145
11148
11151
11154
11157
11160
11163
11166
11169
11172
11175
11178
11181
11184
11187
11190
11193
11196
11199
11202
11205
11208
11211
11214
11217
11220
11223
11226
11229
11232
11235
11238
11241
11244
11247
11250
11253
11256
11259
11262
11265
11268
11271
11274
11277
11280
11283
11286
11289
11292
11295
11298
11301
11304
11307
11310
11313
11316
11319
11322
11325
11328
11331
11334
11337
11340
11343
11346
11349
11352
11355
11358
11361
11364
11367
11370
11373
11376
11379
11382
11385
11388
11391
11394
11397
11400
11403
11406
11409
11412
11415
11418
11421
11424
11427
11430
11433
11436
11439
11442
11445
11448
11451
11454
11457
11460
11463
11466
11469
11472
11475
11478
11481
11484
11487
11490
11493
11496
11499
11502
11505
11508
11511
11514
11517
11520
11523
11526
11529
11532
11535
11538
11541
11544
11547
11550
11553
11556
11559
11562
11565
11568
11571
11574
11577
11580
11583
11586
11589
11592
11595
11598
11601
11604
11607
11610
11613
11616
11619
11622
11625
11628
11631
11634
11637
11640
11643
11646
11649
11652
11655
11658
11661
11664
11667
11670
11673
11676
11679
11682
11685
11688
11691
11694
11697
11700
11703
11706
11709
11712
11715
11718
11721
11724
11727
11730
11733
11736
11739
11742
11745
11748
11751
11754
11757
11760
11763
11766
11769
11772
11775
11778
11781
11784
11787
11790
11793
11796
11799
11802
11805
11808
11811
11814
11817
11820
11823
11826
11829
11832
11835
11838
11841
11844
11847
11850
11853
11856
11859
11862
11865
11868
11871
11874
11877
11880
11883
11886
11889
11892
11895
11898
11901
11904
11907
11910
11913
11916
11919
11922
11925
11928
11931
11934
11937
11940
11943
11946
11949
11952
11955
11958
11961
11964
11967
11970
11973
11976
11979
11982
11985
11988
11991
11994
11997
12000
12003
12006
12009
12012
12015
12018
12021
12024
12027
12030
12033
12036
12039
12042
12045
12048
12051
12054
12057
12060
12063
12066
12069
12072
12075
12078
12081
12084
12087
12090
12093
12096
12099
12102
12105
12108
12111
12114
12117
12120
12123
12126
12129
12132
12135
12138
12141
12144
12147
12150
12153
12156
12159
12162
12165
12168
12171
12174
12177
12180
12183
12186
12189
12192
12195
12198
12201
12204
12207
12210
12213
12216
12219
12222
12225
12228
12231
12234
12237
12240
12243
12246
12249
12252
12255
12258
12261
12264
12267
12270
12273
12276
12279
12282
12285
12288
12291
12294
12297
12300
12303
12306
12309
12312
12315
12318
12321
12324
12327
12330
12333
12336
12339
12342
12345
12348
12351
12354
12357
12360
12363
12366
12369
12372
12375
12378
12381
12384
12387
12390
12393
12396
12399
12402
12405
12408
12411
12414
12417
12420
12423
12426
12429
12432
12435
12438
12441
12444
12447
12450
12453
12456
12459
12462
12465
12468
12471
12474
12477
12480
12483
12486
12489
12492
12495
12498
12501
12504
12507
12510
12513
12516
12519
12522
12525
12528
12531
12534
12537
12540
12543
12546
12549
12552
12555
12558
12561
12564
12567
12570
12573
12576
12579
12582
12585
12588
12591
12594
12597
12600
12603
12606
12609
12612
12615
12618
12621
12624
12627
12630
12633
12636
12639
12642
12645
12648
12651
12654
12657
12660
12663
12666
12669
12672
12675
12678
12681
12684
12687
12690
12693
12696
12699
12702
12705
12708
12711
12714
12717
12720
12723
12726
12729
12732
12735
12738
12741
12744
12747
12750
12753
12756
12759
12762
12765
12768
12771
12774
12777
12780
12783
12786
12789
12792
12795
12798
12801
12804
12807
12810
12813
12816
12819
12822
12825
12828
12831
12834
12837
12840
12843
12846
12849
12852
12855
12858
12861
12864
12867
12870
12873
12876
12879
12882
12885
12888
12891
12894
12897
12900
12903
12906
12909
12912
12915
12918
12921
12924
12927
12930
12933
12936
12939
12942
12945
12948
12951
12954
12957
12960
12963
12966
12969
12972
12975
12978
12981
12984
12987
12990
12993
12996
12999
13002
13005
13008
13011
13014
13017
13020
13023
13026
13029
13032
13035
13038
13041
13044
13047
13050
13053
13056
13059
13062
13065
13068
13071
13074
13077
13080
13083
13086
13089
13092
13095
13098
13101
13104
13107
13110
13113
13116
13119
13122
13125
13128
13131
13134
13137
13140
13143
13146
13149
13152
13155
13158
13161
13164
13167
13170
13173
13176
13179
13182
13185
13188
13191
13194
13197
13200
13203
13206
13209
13212
13215
13218
13221
13224
13227
13230
13233
13236
13239
13242
13245
13248
13251
13254
13257
13260
13263
13266
13269
13272
13275
13278
13281
13284
13287
13290
13293
13296
13299
13302
13305
13308
13311
13314
13317
13320
13323
13326
13329
13332
13335
13338
13341
13344
13347
13350
13353
13356
13359
13362
13365
13368
13371
13374
13377
13380
13383
13386
13389
13392
13395
13398
13401
13404
13407
13410
13413
13416
13419
13422
13425
13428
13431
13434
13437
13440
13443
13446
13449
13452
13455
13458
13461
13464
13467
13470
13473
13476
13479
13482
13485
13488
13491
13494
13497
13500
13503
13506
13509
13512
13515
13518
13521
13524
13527
13530
13533
13536
13539
13542
13545
13548
13551
13554
13557
13560
13563
13566
13569
13572
13575
13578
13581
13584
13587
13590
13593
13596
13599
13602
13605
13608
13611
13614
13617
13620
13623
13626
13629
13632
13635
13638
13641
13644
13647
13650
13653
13656
13659
13662
13665
13668
13671
13674
13677
13680
13683
13686
13689
13692
13695
13698
13701
13704
13707
13710
13713
13716
13719
13722
13725
13728
13731
13734
13737
13740
13743
13746
13749
13752
13755
13758
13761
13764
13767
13770
13773
13776
13779
13782
13785
13788
13791
13794
13797
13800
13803
13806
13809
13812
13815
13818
13821
13824
13827
13830
13833
13836
13839
13842
13845
13848
13851
13854
13857
13860
13863
13866
13869
13872
13875
13878
13881
13884
13887
13890
13893
13896
13899
13902
13905
13908
13911
13914
13917
13920
13923
13926
13929
13932
13935
13938
13941
13944
13947
13950
13953
13956
13959
13962
13965
13968
13971
13974
13977
13980
13983
13986
13989
13992
13995
13998
14001
14004
14007
14010
14013
14016
14019
14022
14025
14028
14031
14034
14037
14040
14043
14046
14049
14052
14055
14058
14061
14064
14067
14070
14073
14076
14079
14082
14085
14088
14091
14094
14097
14100
14103
14106
14109
14112
14115
14118
14121
14124
14127
14130
14133
14136
14139
14142
14145
14148
14151
14154
14157
14160
14163
14166
14169
14172
14175
14178
14181
14184
14187
14190
14193
14196
14199
14202
14205
14208
14211
14214
14217
14220
14223
14226
14229
14232
14235
14238
14241
14244
14247
14250
14253
14256
14259
14262
14265
14268
14271
14274
14277
14280
14283
14286
14289
14292
14295
14298
14301
14304
14307
14310
14313
14316
14319
14322
14325
14328
14331
14334
14337
14340
14343
14346
14349
14352
14355
14358
14361
14364
14367
14370
14373
14376
14379
14382
14385
14388
14391
14394
14397
14400
14403
14406
14409
14412
14415
14418
14421
14424
14427
14430
14433
14436
14439
14442
14445
14448
14451
14454
14457
14460
14463
14466
14469
14472
14475
14478
14481
14484
14487
14490
14493
14496
14499
14502
14505
14508
14511
14514
14517
14520
14523
14526
14529
14532
14535
14538
14541
14544
14547
14550
14553
14556
14559
14562
14565
14568
14571
14574
14577
14580
14583
14586
14589
14592
14595
14598
14601
14604
14607
14610
14613
14616
14619
14622
14625
14628
14631
14634
14637
14640
14643
14646
14649
14652
14655
14658
14661
14664
14667
14670
14673
14676
14679
14682
14685
14688
14691
14694
14697
14700
14703
14706
14709
14712
14715
14718
14721
14724
14727
14730
14733
14736
14739
14742
14745
14748
14751
14754
14757
14760
14763
14766
14769
14772
14775
14778
14781
14784
14787
14790
14793
14796
14799
14802
14805
14808
14811
14814
14817
14820
14823
14826
14829
14832
14835
14838
14841
14844
14847
14850
14853
14856
14859
14862
14865
14868
14871
14874
14877
14880
14883
14886
14889
14892
14895
14898
14901
14904
14907
14910
14913
14916
14919
14922
14925
14928
14931
14934
14937
14940
14943
14946
14949
14952
14955
14958
14961
14964
14967
14970
14973
14976
14979
14982
14985
14988
14991
14994
14997
15000
15003
15006
15009
15012
15015
15018
15021
15024
15027
15030
15033
15036
15039
15042
15045
15048
15051
15054
15057
15060
15063
15066
15069
15072
15075
15078
15081
15084
15087
15090
15093
15096
15099
15102
15105
15108
15111
15114
15117
15120
15123
15126
15129
15132
15135
15138
15141
15144
15147
15150
15153
15156
15159
15162
15165
15168
15171
15174
15177
15180
15183
15186
15189
15192
15195
15198
15201
15204
15207
15210
15213
15216
15219
15222
15225
15228
15231
15234
15237
15240
15243
15246
15249
15252
15255
15258
15261
15264
15267
15270
15273
15276
15279
15282
15285
15288
15291
15294
15297
15300
15303
15306
15309
15312
15315
15318
15321
15324
15327
15330
15333
15336
15339
15342
15345
15348
15351
15354
15357
15360
15363
15366
15369
15372
15375
15378
15381
15384
15387
15390
15393
15396
15399
15402
15405
15408
15411
15414
15417
15420
15423
15426
15429
15432
15435
15438
15441
15444
15447
15450
15453
15456
15459
15462
15465
15468
15471
15474
15477
15480
15483
15486
15489
15492
15495
15498
15501
15504
15507
15510
15513
15516
15519
15522
15525
15528
15531
15534
15537
15540
15543
15546
15549
15552
15555
15558
15561
15564
15567
15570
15573
15576
15579
15582
15585
15588
15591
15594
15597
15600
15603
15606
15609
15612
15615
15618
15621
15624
15627
15630
15633
15636
15639
15642
15645
15648
15651
15654
15657
15660
15663
15666
15669
15672
15675
15678
15681
15684
15687
15690
15693
15696
15699
15702
15705
15708
15711
15714
15717
15720
15723
15726
15729
15732
15735
15738
15741
15744
15747
15750
15753
15756
15759
15762
15765
15768
15771
15774
15777
15780
15783
15786
15789
15792
15795
15798
15801
15804
15807
15810
15813
15816
15819
15822
15825
15828
15831
15834
15837
15840
15843
15846
15849
15852
15855
15858
15861
15864
15867
15870
15873
15876
15879
15882
15885
15888
15891
15894
15897
15900
15903
15906
15909
15912
15915
15918
15921
15924
15927
15930
15933
15936
15939
15942
15945
15948
15951
15954
15957
15960
15963
15966
15969
15972
15975
15978
15981
15984
15987
15990
15993
15996
15999
16002
16005
16008
16011
16014
16017
16020
16023
16026
16029
16032
16035
16038
16041
16044
16047
16050
16053
16056
16059
16062
16065
16068
16071
16074
16077
16080
16083
16086
16089
16092
16095
16098
16101
16104
16107
16110
16113
16116
16119
16122
16125
16128
16131
16134
16137
16140
16143
16146
16149
16152
16155
16158
16161
16164
16167
16170
16173
16176
16179
16182
16185
16188
16191
16194
16197
16200
16203
16206
16209
16212
16215
16218
16221
16224
16227
16230
16233
16236
16239
16242
16245
16248
16251
16254
16257
16260
16263
16266
16269
16272
16275
16278
16281
16284
16287
16290
16293
16296
16299
16302
16305
16308
16311
16314
16317
16320
16323
16326
16329
16332
16335
16338
16341
16344
16347
16350
16353
16356
16359
16362
16365
16368
16371
16374
16377
16380
16383
16386
16389
16392
16395
16398
16401
16404
16407
16410
16413
16416
16419
16422
16425
16428
16431
16434
16437
16440
16443
16446
16449
16452
16455
16458
16461
16464
16467
16470
16473
16476
16479
16482
16485
16488
16491
16494
16497
16500
16503
16506
16509
16512
16515
16518
16521
16524
16527
16530
16533
16536
16539
16542
16545
16548
16551
16554
16557
16560
16563
16566
16569
16572
16575
16578
16581
16584
16587
16590
16593
16596
16599
16602
16605
16608
16611
16614
16617
16620
16623
16626
16629
16632
16635
16638
16641
16644
16647
16650
16653
16656
16659
16662
16665
16668
16671
16674
16677
16680
16683
16686
16689
16692
16695
16698
16701
16704
16707
16710
16713
16716
16719
16722
16725
16728
16731
16734
16737
16740
16743
16746
16749
16752
16755
16758
16761
16764
16767
16770
16773
16776
16779
16782
16785
16788
16791
16794
16797
16800
16803
16806
16809
16812
16815
16818
16821
16824
16827
16830
16833
16836
16839
16842
16845
16848
16851
16854
16857
16860
16863
16866
16869
16872
16875
16878
16881
16884
16887
16890
16893
16896
16899
16902
16905
16908
16911
16914
16917
16920
16923
16926
16929
16932
16935
16938
16941
16944
16947
16950
16953
16956
16959
16962
16965
16968
16971
16974
16977
16980
16983
16986
16989
16992
16995
16998
17001
17004
17007
17010
17013
17016
17019
17022
17025
17028
17031
17034
17037
17040
17043
17046
17049
17052
17055
17058
17061
17064
17067
17070
17073
17076
17079
17082
17085
17088
17091
17094
17097
17100
17103
17106
17109
17112
17115
17118
17121
17124
17127
17130
17133
17136
17139
17142
17145
17148
17151
17154
17157
17160
17163
17166
17169
17172
17175
17178
17181
17184
17187
17190
17193
17196
17199
17202
17205
17208
17211
17214
17217
17220
17223
17226
17229
17232
17235
17238
17241
17244
17247
17250
17253
17256
17259
17262
17265
17268
17271
17274
17277
17280
17283
17286
17289
17292
17295
17298
17301
17304
17307
17310
17313
17316
17319
17322
17325
17328
17331
17334
17337
17340
17343
17346
17349
17352
17355
17358
17361
17364
17367
17370
17373
17376
17379
17382
17385
17388
17391
17394
17397
17400
17403
17406
17409
17412
17415
17418
17421
17424
17427
17430
17433
17436
17439
17442
17445
17448
17451
17454
17457
17460
17463
17466
17469
17472
17475
17478
17481
17484
17487
17490
17493
17496
17499
17502
17505
17508
17511
17514
17517
17520
17523
17526
17529
17532
17535
17538
17541
17544
17547
17550
17553
17556
17559
17562
17565
17568
17571
17574
17577
17580
17583
17586
17589
17592
17595
17598
17601
17604
17607
17610
17613
17616
17619
17622
17625
17628
17631
17634
17637
17640
17643
17646
17649
17652
17655
17658
17661
17664
17667
17670
17673
17676
17679
17682
17685
17688
17691
17694
17697
17700
17703
17706
17709
17712
17715
17718
17721
17724
17727
17730
17733
17736
17739
17742
17745
17748
17751
17754
17757
17760
17763
17766
17769
17772
17775
17778
17781
17784
17787
17790
17793
17796
17799
17802
17805
17808
17811
17814
17817
17820
17823
17826
17829
17832
17835
17838
17841
17844
17847
17850
17853
17856
17859
17862
17865
17868
17871
17874
17877
17880
17883
17886
17889
17892
17895
17898
17901
17904
17907
17910
17913
17916
17919
17922
17925
17928
17931
17934
17937
17940
17943
17946
17949
17952
17955
17958
17961
17964
17967
17970
17973
17976
17979
17982
17985
17988
17991
17994
17997
18000
18003
18006
18009
18012
18015
18018
18021
18024
18027
18030
18033
18036
18039
18042
18045
18048
18051
18054
18057
18060
18063
18066
18069
18072
18075
18078
18081
18084
18087
18090
18093
18096
18099
18102
18105
18108
18111
18114
18117
18120
18123
18126
18129
18132
18135
18138
18141
18144
18147
18150
18153
18156
18159
18162
18165
18168
18171
18174
18177
18180
18183
18186
18189
18192
18195
18198
18201
18204
18207
18210
18213
18216
18219
18222
18225
18228
18231
18234
18237
18240
18243
18246
18249
18252
18255
18258
18261
18264
18267
18270
18273
18276
18279
18282
18285
18288
18291
18294
18297
18300
18303
18306
18309
18312
18315
18318
18321
18324
18327
18330
18333
18336
18339
18342
18345
18348
18351
18354
18357
18360
18363
18366
18369
18372
18375
18378
18381
18384
18387
18390
18393
18396
18399
18402
18405
18408
18411
18414
18417
18420
18423
18426
18429
18432
18435
18438
18441
18444
18447
18450
18453
18456
18459
18462
18465
18468
18471
18474
18477
18480
18483
18486
18489
18492
18495
18498
18501
18504
18507
18510
18513
18516
18519
18522
18525
18528
18531
18534
18537
18540
18543
18546
18549
18552
18555
18558
18561
18564
18567
18570
18573
18576
18579
18582
18585
18588
18591
18594
18597
18600
18603
18606
18609
18612
18615
18618
18621
18624
18627
18630
18633
18636
18639
18642
18645
18648
18651
18654
18657
18660
18663
18666
18669
18672
18675
18678
18681
18684
18687
18690
18693
18696
18699
18702
18705
18708
18711
18714
18717
18720
18723
18726
18729
18732
18735
18738
18741
18744
18747
18750
18753
18756
18759
18762
18765
18768
18771
18774
18777
18780
18783
18786
18789
18792
18795
18798
18801
18804
18807
18810
18813
18816
18819
18822
18825
18828
18831
18834
18837
18840
18843
18846
18849
18852
18855
18858
18861
18864
18867
18870
18873
18876
18879
18882
18885
18888
18891
18894
18897
18900
18903
18906
18909
18912
18915
18918
18921
18924
18927
18930
18933
18936
18939
18942
18945
18948
18951
18954
18957
18960
18963
18966
18969
18972
18975
18978
18981
18984
18987
18990
18993
18996
18999
19002
19005
19008
19011
19014
19017
19020
19023
19026
19029
19032
19035
19038
19041
19044
19047
19050
19053
19056
19059
19062
19065
19068
19071
19074
19077
19080
19083
19086
19089
19092
19095
19098
19101
19104
19107
19110
19113
19116
19119
19122
19125
19128
19131
19134
19137
19140
19143
19146
19149
19152
19155
19158
19161
19164
19167
19170
19173
19176
19179
19182
19185
19188
19191
19194
19197
19200
19203
19206
19209
19212
19215
19218
19221
19224
19227
19230
19233
19236
19239
19242
19245
19248
19251
19254
19257
19260
19263
19266
19269
19272
19275
19278
19281
19284
19287
19290
19293
19296
19299
19302
19305
19308
19311
19314
19317
19320
19323
19326
19329
19332
19335
19338
19341
19344
19347
19350
19353
19356
19359
19362
19365
19368
19371
19374
19377
19380
19383
19386
19389
19392
19395
19398
19401
19404
19407
19410
19413
19416
19419
19422
19425
19428
19431
19434
19437
19440
19443
19446
19449
19452
19455
19458
19461
19464
19467
19470
19473
19476
19479
19482
19485
19488
19491
19494
19497
19500
19503
19506
19509
19512
19515
19518
19521
19524
19527
19530
19533
19536
19539
19542
19545
19548
19551
19554
19557
19560
19563
19566
19569
19572
19575
19578
19581
19584
19587
19590
19593
19596
19599
19602
19605
19608
19611
19614
19617
19620
19623
19626
19629
19632
19635
19638
19641
19644
19647
19650
19653
19656
19659
19662
19665
19668
19671
19674
19677
19680
19683
19686
19689
19692
19695
19698
19701
19704
19707
19710
19713
19716
19719
19722
19725
19728
19731
19734
19737
19740
19743
19746
19749
19752
19755
19758
19761
19764
19767
19770
19773
19776
19779
19782
19785
19788
19791
19794
19797
19800
19803
19806
19809
19812
19815
19818
19821
19824
19827
19830
19833
19836
19839
19842
19845
19848
19851
19854
19857
19860
19863
19866
19869
19872
19875
19878
19881
19884
19887
19890
19893
19896
19899
19902
19905
19908
19911
19914
19917
19920
19923
19926
19929
19932
19935
19938
19941
19944
19947
19950
19953
19956
19959
19962
19965
19968
19971
19974
19977
19980
19983
19986
19989
19992
19995
19998
20001
20004
20007
20010
20013
20016
20019
20022
20025
20028
20031
20034
20037
20040
20043
20046
20049
20052
20055
20058
20061
20064
20067
20070
20073
20076
20079
20082
20085
20088
20091
20094
20097
20100
20103
20106
20109
20112
20115
20118
20121
20124
20127
20130
20133
20136
20139
20142
20145
20148
20151
20154
20157
20160
20163
20166
20169
20172
20175
20178
20181
20184
20187
20190
20193
20196
20199
20202
20205
20208
20211
20214
20217
20220
20223
20226
20229
20232
20235
20238
20241
20244
20247
20250
20253
20256
20259
20262
20265
20268
20271
20274
20277
20280
20283
20286
20289
20292
20295
20298
20301
20304
20307
20310
20313
20316
20319
20322
20325
20328
20331
20334
20337
20340
20343
20346
20349
20352
20355
20358
20361
20364
20367
20370
20373
20376
20379
20382
20385
20388
20391
20394
20397
20400
20403
20406
20409
20412
20415
20418
20421
20424
20427
20430
20433
20436
20439
20442
20445
20448
20451
20454
20457
20460
20463
20466
20469
20472
20475
20478
20481
20484
20487
20490
20493
20496
20499
20502
20505
20508
20511
20514
20517
20520
20523
20526
20529
20532
20535
20538
20541
20544
20547
20550
20553
20556
20559
20562
20565
20568
20571
20574
20577
20580
20583
20586
20589
20592
20595
20598
20601
20604
20607
20610
20613
20616
20619
20622
20625
20628
20631
20634
20637
20640
20643
20646
20649
20652
20655
20658
20661
20664
20667
20670
20673
20676
20679
20682
20685
20688
20691
20694
20697
20700
20703
20706
20709
20712
20715
20718
20721
20724
20727
20730
20733
20736
20739
20742
20745
20748
20751
20754
20757
20760
20763
20766
20769
20772
20775
20778
20781
20784
20787
20790
20793
20796
20799
20802
20805
20808
20811
20814
20817
20820
20823
20826
20829
20832
20835
20838
20841
20844
20847
20850
20853
20856
20859
20862
20865
20868
20871
20874
20877
20880
20883
20886
20889
20892
20895
20898
20901
20904
20907
20910
20913
20916
20919
20922
20925
20928
20931
20934
20937
20940
20943
20946
20949
20952
20955
20958
20961
20964
20967
20970
20973
20976
20979
20982
20985
20988
20991
20994
20997
21000
21003
21006
21009
21012
21015
21018
21021
21024
21027
21030
21033
21036
21039
21042
21045
21048
21051
21054
21057
21060
21063
21066
21069
21072
21075
21078
21081
21084
21087
21090
21093
21096
21099
21102
21105
21108
21111
21114
21117
21120
21123
21126
21129
21132
21135
21138
21141
21144
21147
21150
21153
21156
21159
21162
21165
21168
21171
21174
21177
21180
21183
21186
21189
21192
21195
21198
21201
21204
21207
21210
21213
21216
21219
21222
21225
21228
21231
21234
21237
21240
21243
21246
21249
21252
21255
21258
21261
21264
21267
21270
21273
21276
21279
21282
21285
21288
21291
21294
21297
21300
21303
21306
21309
21312
21315
21318
21321
21324
21327
21330
21333
21336
21339
21342
21345
21348
21351
21354
21357
21360
21363
21366
21369
21372
21375
21378
21381
21384
21387
21390
21393
21396
21399
21402
21405
21408
21411
21414
21417
21420
21423
21426
21429
21432
21435
21438
21441
21444
21447
21450
21453
21456
21459
21462
21465
21468
21471
21474
21477
21480
21483
21486
21489
21492
21495
21498
21501
21504
21507
21510
21513
21516
21519
21522
21525
21528
21531
21534
21537
21540
21543
21546
21549
21552
21555
21558
21561
21564
21567
21570
21573
21576
21579
21582
21585
21588
21591
21594
21597
21600
21603
21606
21609
21612
21615
21618
21621
21624
21627
21630
21633
21636
21639
21642
21645
21648
21651
21654
21657
21660
21663
21666
21669
21672
21675
21678
21681
21684
21687
21690
21693
21696
21699
21702
21705
21708
21711
21714
21717
21720
21723
21726
21729
21732
21735
21738
21741
21744
21747
21750
21753
21756
21759
21762
21765
21768
21771
21774
21777
21780
21783
21786
21789
21792
21795
21798
21801
21804
21807
21810
21813
21816
21819
21822
21825
21828
21831
21834
21837
21840
21843
21846
21849
21852
21855
21858
21861
21864
21867
21870
21873
21876
21879
21882
21885
21888
21891
21894
21897
21900
21903
21906
21909
21912
21915
21918
21921
21924
21927
21930
21933
21936
21939
21942
21945
21948
21951
21954
21957
21960
21963
21966
21969
21972
21975
21978
21981
21984
21987
21990
21993
21996
21999
22002
22005
22008
22011
22014
22017
22020
22023
22026
22029
22032
22035
22038
22041
22044
22047
22050
22053
22056
22059
22062
22065
22068
22071
22074
22077
22080
22083
22086
22089
22092
22095
22098
22101
22104
22107
22110
22113
22116
22119
22122
22125
22128
22131
22134
22137
22140
22143
22146
22149
22152
22155
22158
22161
22164
22167
22170
22173
22176
22179
22182
22185
22188
22191
22194
22197
22200
22203
22206
22209
22212
22215
22218
22221
22224
22227
22230
22233
22236
22239
22242
22245
22248
22251
22254
22257
22260
22263
22266
22269
22272
22275
22278
22281
22284
22287
22290
22293
22296
22299
22302
22305
22308
22311
22314
22317
22320
22323
22326
22329
22332
22335
22338
22341
22344
22347
22350
22353
22356
22359
22362
22365
22368
22371
22374
22377
22380
22383
22386
22389
22392
22395
22398
22401
22404
22407
22410
22413
22416
22419
22422
22425
22428
22431
22434
22437
22440
22443
22446
22449
22452
22455
22458
22461
22464
22467
22470
22473
22476
22479
22482
22485
22488
22491
22494
22497
22500
22503
22506
22509
22512
22515
22518
22521
22524
22527
22530
22533
22536
22539
22542
22545
22548
22551
22554
22557
22560
22563
22566
22569
22572
22575
22578
22581
22584
22587
22590
22593
22596
22599
22602
22605
22608
22611
22614
22617
22620
22623
22626
22629
22632
22635
22638
22641
22644
22647
22650
22653
22656
22659
22662
22665
22668
22671
22674
22677
22680
22683
22686
22689
22692
22695
22698
22701
22704
22707
22710
22713
22716
22719
22722
22725
22728
22731
22734
22737
22740
22743
22746
22749
22752
22755
22758
22761
22764
22767
22770
22773
22776
22779
22782
22785
22788
22791
22794
22797
22800
22803
22806
22809
22812
22815
22818
22821
22824
22827
22830
22833
22836
22839
22842
22845
22848
22851
22854
22857
22860
22863
22866
22869
22872
22875
22878
22881
22884
22887
22890
22893
22896
22899
22902
22905
22908
22911
22914
22917
22920
22923
22926
22929
22932
22935
22938
22941
22944
22947
22950
22953
22956
22959
22962
22965
22968
22971
22974
22977
22980
22983
22986
22989
22992
22995
22998
23001
23004
23007
23010
23013
23016
23019
23022
23025
23028
23031
23034
23037
23040
23043
23046
23049
23052
23055
23058
23061
23064
23067
23070
23073
23076
23079
23082
23085
23088
23091
23094
23097
23100
23103
23106
23109
23112
23115
23118
23121
23124
23127
23130
23133
23136
23139
23142
23145
23148
23151
23154
23157
23160
23163
23166
23169
23172
23175
23178
23181
23184
23187
23190
23193
23196
23199
23202
23205
23208
23211
23214
23217
23220
23223
23226
23229
23232
23235
23238
23241
23244
23247
23250
23253
23256
23259
23262
23265
23268
23271
23274
23277
23280
23283
23286
23289
23292
23295
23298
23301
23304
23307
23310
23313
23316
23319
23322
23325
23328
23331
23334
23337
23340
23343
23346
23349
23352
23355
23358
23361
23364
23367
23370
23373
23376
23379
23382
23385
23388
23391
23394
23397
23400
23403
23406
23409
23412
23415
23418
23421
23424
23427
23430
23433
23436
23439
23442
23445
23448
23451
23454
23457
23460
23463
23466
23469
23472
23475
23478
23481
23484
23487
23490
23493
23496
23499
23502
23505
23508
23511
23514
23517
23520
23523
23526
23529
23532
23535
23538
23541
23544
23547
23550
23553
23556
23559
23562
23565
23568
23571
23574
23577
23580
23583
23586
23589
23592
23595
23598
23601
23604
23607
23610
23613
23616
23619
23622
23625
23628
23631
23634
23637
23640
23643
23646
23649
23652
23655
23658
23661
23664
23667
23670
23673
23676
23679
23682
23685
23688
23691
23694
23697
23700
23703
23706
23709
23712
23715
23718
23721
23724
23727
23730
23733
23736
23739
23742
23745
23748
23751
23754
23757
23760
23763
23766
23769
23772
23775
23778
23781
23784
23787
23790
23793
23796
23799
23802
23805
23808
23811
23814
23817
23820
23823
23826
23829
23832
23835
23838
23841
23844
23847
23850
23853
23856
23859
23862
23865
23868
23871
23874
23877
23880
23883
23886
23889
23892
23895
23898
23901
23904
23907
23910
23913
23916
23919
23922
23925
23928
23931
23934
23937
23940
23943
23946
23949
23952
23955
23958
23961
23964
23967
23970
23973
23976
23979
23982
23985
23988
23991
23994
23997
24000
24003
24006
24009
24012
24015
24018
24021
24024
24027
24030
24033
24036
24039
24042
24045
24048
24051
24054
24057
24060
24063
24066
24069
24072
24075
24078
24081
24084
24087
24090
24093
24096
24099
24102
24105
24108
24111
24114
24117
24120
24123
24126
24129
24132
24135
24138
24141
24144
24147
24150
24153
24156
24159
24162
24165
24168
24171
24174
24177
24180
24183
24186
24189
24192
24195
24198
24201
24204
24207
24210
24213
24216
24219
24222
24225
24228
24231
24234
24237
24240
24243
24246
24249
24252
24255
24258
24261
24264
24267
24270
24273
24276
24279
24282
24285
24288
24291
24294
24297
24300
24303
24306
24309
24312
24315
24318
24321
24324
24327
24330
24333
24336
24339
24342
24345
24348
24351
24354
24357
24360
24363
24366
24369
24372
24375
24378
24381
24384
24387
24390
24393
24396
24399
24402
24405
24408
24411
24414
24417
24420
24423
24426
24429
24432
24435
24438
24441
24444
24447
24450
24453
24456
24459
24462
24465
24468
24471
24474
24477
24480
24483
24486
24489
24492
24495
24498
24501
24504
24507
24510
24513
24516
24519
24522
24525
24528
24531
24534
24537
24540
24543
24546
24549
24552
24555
24558
24561
24564
24567
24570
24573
24576
24579
24582
24585
24588
24591
24594
24597
24600
24603
24606
24609
24612
24615
24618
24621
24624
24627
24630
24633
24636
24639
24642
24645
24648
24651
24654
24657
24660
24663
24666
24669
24672
24675
24678
24681
24684
24687
24690
24693
24696
24699
24702
24705
24708
24711
24714
24717
24720
24723
24726
24729
24732
24735
24738
24741
24744
24747
24750
24753
24756
24759
24762
24765
24768
24771
24774
24777
24780
24783
24786
24789
24792
24795
24798
24801
24804
24807
24810
24813
24816
24819
24822
24825
24828
24831
24834
24837
24840
24843
24846
24849
24852
24855
24858
24861
24864
24867
24870
24873
24876
24879
24882
24885
24888
24891
24894
24897
24900
24903
24906
24909
24912
24915
24918
24921
24924
24927
24930
24933
24936
24939
24942
24945
24948
24951
24954
24957
24960
24963
24966
24969
24972
24975
24978
24981
24984
24987
24990
24993
24996
24999
25002
25005
25008
25011
25014
25017
25020
25023
25026
25029
25032
25035
25038
25041
25044
25047
25050
25053
25056
25059
25062
25065
25068
25071
25074
25077
25080
25083
25086
25089
25092
25095
25098
25101
25104
25107
25110
25113
25116
25119
25122
        </DataArray>
        <DataArray type="UInt8" Name="types" format="ascii">
5
5
5
5
5
5
5
5
5
5
5
5
5
5
5
5
5
5
5
5
5
5
5
5
5
5
5
5
5
5
5
5
5
5
5
5
5
5
5
5
5
5
5
5
5
5
5
5
5
5
5
5
5
5
5
5
5
5
5
5
5
5
5
5
5
5
5
5
5
5
5
5
5
5
5
5
5
5
5
5
5
5
5
5
5
5
5
5
5
5
5
5
5
5
5
5
5
5
5
5
5
5
5
5
5
5
5
5
5
5
5
5
5
5
5
5
5
5
5
5
5
5
5
5
5
5
5
5
5
5
5
5
5
5
5
5
5
5
5
5
5
5
5
5
5
5
5
5
5
5
5
5
5
5
5
5
5
5
5
5
5
5
5
5
5
5
5
5
5
5
5
5
5
5
5
5
5
5
5
5
5
5
5
5
5
5
5
5
5
5
5
5
5
5
5
5
5
5
5
5
5
5
5
5
5
5
5
5
5
5
5
5
5
5
5
5
5
5
5
5
5
5
5
5
5
5
5
5
5
5
5
5
5
5
5
5
5
5
5
5
5
5
5
5
5
5
5
5
5
5
5
5
5
5
5
5
5
5
5
5
5
5
5
5
5
5
5
5
5
5
5
5
5
5
5
5
5
5
5
5
5
5
5
5
5
5
5
5
5
5
5
5
5
5
5
5
5
5
5
5
5
5
5
5
5
5
5
5
5
5
5
5
5
5
5
5
5
5
5
5
5
5
5
5
5
5
5
5
5
5
5
5
5
5
5
5
5
5
5
5
5
5
5
5
5
5
5
5
5
5
5
5
5
5
5
5
5
5
5
5
5
5
5
5
5
5
5
5
5
5
5
5
5
5
5
5
5
5
5
5
5
5
5
5
5
5
5
5
5
5
5
5
5
5
5
5
5
5
5
5
5
5
5
5
5
5
5
5
5
5
5
5
5
5
5
5
5
5
5
5
5
5
5
5
5
5
5
5
5
5
5
5
5
5
5
5
5
5
5
5
5
5
5
5
5
5
5
5
5
5
5
5
5
5
5
5
5
5
5
5
5
5
5
5
5
5
5
5
5
5
5
5
5
5
5
5
5
5
5
5
5
5
5
5
5
5
5
5
5
5
5
5
5
5
5
5
5
5
5
5
5
5
5
5
5
5
5
5
5
5
5
5
5
5
5
5
5
5
5
5
5
5
5
5
5
5
5
5
5
5
5
5
5
5
5
5
5
5
5
5
5
5
5
5
5
5
5
5
5
5
5
5
5
5
5
5
5
5
5
5
5
5
5
5
5
5
5
5
5
5
5
5
5
5
5
5
5
5
5
5
5
5
5
5
5
5
5
5
5
5
5
5
5
5
5
5
5
5
5
5
5
5
5
5
5
5
5
5
5
5
5
5
5
5
5
5
5
5
5
5
5
5
5
5
5
5
5
5
5
5
5
5
5
5
5
5
5
5
5
5
5
5
5
5
5
5
5
5
5
5
5
5
5
5
5
5
5
5
5
5
5
5
5
5
5
5
5
5
5
5
5
5
5
5
5
5
5
5
5
5
5
5
5
5
5
5
5
5
5
5
5
5
5
5
5
5
5
5
5
5
5
5
5
5
5
5
5
5
5
5
5
5
5
5
5
5
5
5
5
5
5
5
5
5
5
5
5
5
5
5
5
5
5
5
5
5
5
5
5
5
5
5
5
5
5
5
5
5
5
5
5
5
5
5
5
5
5
5
5
5
5
5
5
5
5
5
5
5
5
5
5
5
5
5
5
5
5
5
5
5
5
5
5
5
5
5
5
5
5
5
5
5
5
5
5
5
5
5
5
5
5
5
5
5
5
5
5
5
5
5
5
5
5
5
5
5
5
5
5
5
5
5
5
5
5
5
5
5
5
5
5
5
5
5
5
5
5
5
5
5
5
5
5
5
5
5
5
5
5
5
5
5
5
5
5
5
5
5
5
5
5
5
5
5
5
5
5
5
5
5
5
5
5
5
5
5
5
5
5
5
5
5
5
5
5
5
5
5
5
5
5
5
5
5
5
5
5
5
5
5
5
5
5
5
5
5
5
5
5
5
5
5
5
5
5
5
5
5
5
5
5
5
5
5
5
5
5
5
5
5
5
5
5
5
5
5
5
5
5
5
5
5
5
5
5
5
5
5
5
5
5
5
5
5
5
5
5
5
5
5
5
5
5
5
5
5
5
5
5
5
5
5
5
5
5
5
5
5
5
5
5
5
5
5
5
5
5
5
5
5
5
5
5
5
5
5
5
5
5
5
5
5
5
5
5
5
5
5
5
5
5
5
5
5
5
5
5
5
5
5
5
5
5
5
5
5
5
5
5
5
5
5
5
5
5
5
5
5
5
5
5
5
5
5
5
5
5
5
5
5
5
5
5
5
5
5
5
5
5
5
5
5
5
5
5
5
5
5
5
5
5
5
5
5
5
5
5
5
5
5
5
5
5
5
5
5
5
5
5
5
5
5
5
5
5
5
5
5
5
5
5
5
5
5
5
5
5
5
5
5
5
5
5
5
5
5
5
5
5
5
5
5
5
5
5
5
5
5
5
5
5
5
5
5
5
5
5
5
5
5
5
5
5
5
5
5
5
5
5
5
5
5
5
5
5
5
5
5
5
5
5
5
5
5
5
5
5
5
5
5
5
5
5
5
5
5
5
5
5
5
5
5
5
5
5
5
5
5
5
5
5
5
5
5
5
5
5
5
5
5
5
5
5
5
5
5
5
5
5
5
5
5
5
5
5
5
5
5
5
5
5
5
5
5
5
5
5
5
5
5
5
5
5
5
5
5
5
5
5
5
5
5
5
5
5
5
5
5
5
5
5
5
5
5
5
5
5
5
5
5
5
5
5
5
5
5
5
5
5
5
5
5
5
5
5
5
5
5
5
5
5
5
5
5
5
5
5
5
5
5
5
5
5
5
5
5
5
5
5
5
5
5
5
5
5
5
5
5
5
5
5
5
5
5
5
5
5
5
5
5
5
5
5
5
5
5
5
5
5
5
5
5
5
5
5
5
5
5
5
5
5
5
5
5
5
5
5
5
5
5
5
5
5
5
5
5
5
5
5
5
5
5
5
5
5
5
5
5
5
5
5
5
5
5
5
5
5
5
5
5
5
5
5
5
5
5
5
5
5
5
5
5
5
5
5
5
5
5
5
5
5
5
5
5
5
5
5
5
5
5
5
5
5
5
5
5
5
5
5
5
5
5
5
5
5
5
5
5
5
5
5
5
5
5
5
5
5
5
5
5
5
5
5
5
5
5
5
5
5
5
5
5
5
5
5
5
5
5
5
5
5
5
5
5
5
5
5
5
5
5
5
5
5
5
5
5
5
5
5
5
5
5
5
5
5
5
5
5
5
5
5
5
5
5
5
5
5
5
5
5
5
5
5
5
5
5
5
5
5
5
5
5
5
5
5
5
5
5
5
5
5
5
5
5
5
5
5
5
5
5
5
5
5
5
5
5
5
5
5
5
5
5
5
5
5
5
5
5
5
5
5
5
5
5
5
5
5
5
5
5
5
5
5
5
5
5
5
5
5
5
5
5
5
5
5
5
5
5
5
5
5
5
5
5
5
5
5
5
5
5
5
5
5
5
5
5
5
5
5
5
5
5
5
5
5
5
5
5
5
5
5
5
5
5
5
5
5
5
5
5
5
5
5
5
5
5
5
5
5
5
5
5
5
5
5
5
5
5
5
5
5
5
5
5
5
5
5
5
5
5
5
5
5
5
5
5
5
5
5
5
5
5
5
5
5
5
5
5
5
5
5
5
5
5
5
5
5
5
5
5
5
5
5
5
5
5
5
5
5
5
5
5
5
5
5
5
5
5
5
5
5
5
5
5
5
5
5
5
5
5
5
5
5
5
5
5
5
5
5
5
5
5
5
5
5
5
5
5
5
5
5
5
5
5
5
5
5
5
5
5
5
5
5
5
5
5
5
5
5
5
5
5
5
5
5
5
5
5
5
5
5
5
5
5
5
5
5
5
5
5
5
5
5
5
5
5
5
5
5
5
5
5
5
5
5
5
5
5
5
5
5
5
5
5
5
5
5
5
5
5
5
5
5
5
5
5
5
5
5
5
5
5
5
5
5
5
5
5
5
5
5
5
5
5
5
5
5
5
5
5
5
5
5
5
5
5
5
5
5
5
5
5
5
5
5
5
5
5
5
5
5
5
5
5
5
5
5
5
5
5
5
5
5
5
5
5
5
5
5
5
5
5
5
5
5
5
5
5
5
5
5
5
5
5
5
5
5
5
5
5
5
5
5
5
5
5
5
5
5
5
5
5
5
5
5
5
5
5
5
5
5
5
5
5
5
5
5
5
5
5
5
5
5
5
5
5
5
5
5
5
5
5
5
5
5
5
5
5
5
5
5
5
5
5
5
5
5
5
5
5
5
5
5
5
5
5
5
5
5
5
5
5
5
5
5
5
5
5
5
5
5
5
5
5
5
5
5
5
5
5
5
5
5
5
5
5
5
5
5
5
5
5
5
5
5
5
5
5
5
5
5
5
5
5
5
5
5
5
5
5
5
5
5
5
5
5
5
5
5
5
5
5
5
5
5
5
5
5
5
5
5
5
5
5
5
5
5
5
5
5
5
5
5
5
5
5
5
5
5
5
5
5
5
5
5
5
5
5
5
5
5
5
5
5
5
5
5
5
5
5
5
5
5
5
5
5
5
5
5
5
5
5
5
5
5
5
5
5
5
5
5
5
5
5
5
5
5
5
5
5
5
5
5
5
5
5
5
5
5
5
5
5
5
5
5
5
5
5
5
5
5
5
5
5
5
5
5
5
5
5
5
5
5
5
5
5
5
5
5
5
5
5
5
5
5
5
5
5
5
5
5
5
5
5
5
5
5
5
5
5
5
5
5
5
5
5
5
5
5
5
5
5
5
5
5
5
5
5
5
5
5
5
5
5
5
5
5
5
5
5
5
5
5
5
5
5
5
5
5
5
5
5
5
5
5
5
5
5
5
5
5
5
5
5
5
5
5
5
5
5
5
5
5
5
5
5
5
5
5
5
5
5
5
5
5
5
5
5
5
5
5
5
5
5
5
5
5
5
5
5
5
5
5
5
5
5
5
5
5
5
5
5
5
5
5
5
5
5
5
5
5
5
5
5
5
5
5
5
5
5
5
5
5
5
5
5
5
5
5
5
5
5
5
5
5
5
5
5
5
5
5
5
5
5
5
5
5
5
5
5
5
5
5
5
5
5
5
5
5
5
5
5
5
5
5
5
5
5
5
5
5
5
5
5
5
5
5
5
5
5
5
5
5
5
5
5
5
5
5
5
5
5
5
5
5
5
5
5
5
5
5
5
5
5
5
5
5
5
5
5
5
5
5
5
5
5
5
5
5
5
5
5
5
5
5
5
5
5
5
5
5
5
5
5
5
5
5
5
5
5
5
5
5
5
5
5
5
5
5
5
5
5
5
5
5
5
5
5
5
5
5
5
5
5
5
5
5
5
5
5
5
5
5
5
5
5
5
5
5
5
5
5
5
5
5
5
5
5
5
5
5
5
5
5
5
5
5
5
5
5
5
5
5
5
5
5
5
5
5
5
5
5
5
5
5
5
5
5
5
5
5
5
5
5
5
5
5
5
5
5
5
5
5
5
5
5
5
5
5
5
5
5
5
5
5
5
5
5
5
5
5
5
5
5
5
5
5
5
5
5
5
5
5
5
5
5
5
5
5
5
5
5
5
5
5
5
5
5
5
5
5
5
5
5
5
5
5
5
5
5
5
5
5
5
5
5
5
5
5
5
5
5
5
5
5
5
5
5
5
5
5
5
5
5
5
5
5
5
5
5
5
5
5
5
5
5
5
5
5
5
5
5
5
5
5
5
5
5
5
5
5
5
5
5
5
5
5
5
5
5
5
5
5
5
5
5
5
5
5
5
5
5
5
5
5
5
5
5
5
5
5
5
5
5
5
5
5
5
5
5
5
5
5
5
5
5
5
5
5
5
5
5
5
5
5
5
5
5
5
5
5
5
5
5
5
5
5
5
5
5
5
5
5
5
5
5
5
5
5
5
5
5
5
5
5
5
5
5
5
5
5
5
5
5
5
5
5
5
5
5
5
5
5
5
5
5
5
5
5
5
5
5
5
5
5
5
5
5
5
5
5
5
5
5
5
5
5
5
5
5
5
5
5
5
5
5
5
5
5
5
5
5
5
5
5
5
5
5
5
5
5
5
5
5
5
5
5
5
5
5
5
5
5
5
5
5
5
5
5
5
5
5
5
5
5
5
5
5
5
5
5
5
5
5
5
5
5
5
5
5
5
5
5
5
5
5
5
5
5
5
5
5
5
5
5
5
5
5
5
5
5
5
5
5
5
5
5
5
5
5
5
5
5
5
5
5
5
5
5
5
5
5
5
5
5
5
5
5
5
5
5
5
5
5
5
5
5
5
5
5
5
5
5
5
5
5
5
5
5
5
5
5
5
5
5
5
5
5
5
5
5
5
5
5
5
5
5
5
5
5
5
5
5
5
5
5
5
5
5
5
5
5
5
5
5
5
5
5
5
5
5
5
5
5
5
5
5
5
5
5
5
5
5
5
5
5
5
5
5
5
5
5
5
5
5
5
5
5
5
5
5
5
5
5
5
5
5
5
5
5
5
5
5
5
5
5
5
5
5
5
5
5
5
5
5
5
5
5
5
5
5
5
5
5
5
5
5
5
5
5
5
5
5
5
5
5
5
5
5
5
5
5
5
5
5
5
5
5
5
5
5
5
5
5
5
5
5
5
5
5
5
5
5
5
5
5
5
5
5
5
5
5
5
5
5
5
5
5
5
5
5
5
5
5
5
5
5
5
5
5
5
5
5
5
5
5
5
5
5
5
5
5
5
5
5
5
5
5
5
5
5
5
5
5
5
5
5
5
5
5
5
5
5
5
5
5
5
5
5
5
5
5
5
5
5
5
5
5
5
5
5
5
5
5
5
5
5
5
5
5
5
5
5
5
5
5
5
5
5
5
5
5
5
5
5
5
5
5
5
5
5
5
5
5
5
5
5
5
5
5
5
5
5
5
5
5
5
5
5
5
5
5
5
5
5
5
5
5
5
5
5
5
5
5
5
5
5
5
5
5
5
5
5
5
5
5
5
5
5
5
5
5
5
5
5
5
5
5
5
5
5
5
5
5
5
5
5
5
5
5
5
5
5
5
5
5
5
5
5
5
5
5
5
5
5
5
5
5
5
5
5
5
5
5
5
5
5
5
5
5
5
5
5
5
5
5
5
5
5
5
5
5
5
5
5
5
5
5
5
5
5
5
5
5
5
5
5
5
5
5
5
5
5
5
5
5
5
5
5
5
5
5
5
5
5
5
5
5
5
5
5
5
5
5
5
5
5
5
5
5
5
5
5
5
5
5
5
5
5
5
5
5
5
5
5
5
5
5
5
5
5
5
5
5
5
5
5
5
5
5
5
5
5
5
5
5
5
5
5
5
5
5
5
5
5
5
5
5
5
5
5
5
5
5
5
5
5
5
5
5
5
5
5
5
5
5
5
5
5
5
5
5
5
5
5
5
5
5
5
5
5
5
5
5
5
5
5
5
5
5
5
5
5
5
5
5
5
5
5
5
5
5
5
5
5
5
5
5
5
5
5
5
5
5
5
5
5
5
5
5
5
5
5
5
5
5
5
5
5
5
5
5
5
5
5
5
5
5
5
5
5
5
5
5
5
5
5
5
5
5
5
5
5
5
5
5
5
5
5
5
5
5
5
5
5
5
5
5
5
5
5
5
5
5
5
5
5
5
5
5
5
5
5
5
5
5
5
5
5
5
5
5
5
5
5
5
5
5
5
5
5
5
5
5
5
5
5
5
5
5
5
5
5
5
5
5
5
5
5
5
5
5
5
5
5
5
5
5
5
5
5
5
5
5
5
5
5
5
5
5
5
5
5
5
5
5
5
5
5
5
5
5
5
5
5
5
5
5
5
5
5
5
5
5
5
5
5
5
5
5
5
5
5
5
5
5
5
5
5
5
5
5
5
5
5
5
5
5
5
5
5
5
5
5
5
5
5
5
5
5
5
5
5
5
5
5
5
5
5
5
5
5
5
5
5
5
5
5
5
5
5
5
5
5
5
5
5
5
5
5
5
5
5
5
5
5
5
5
5
5
5
5
5
5
5
5
5
5
5
5
5
5
5
5
5
5
5
5
5
5
5
5
5
5
5
5
5
5
5
5
5
5
5
5
5
5
5
5
5
5
5
5
5
5
5
5
5
5
5
5
5
5
5
5
5
5
5
5
5
5
5
5
5
5
5
5
5
5
5
5
5
5
5
5
5
5
5
5
5
5
5
5
5
5
5
5
5
5
5
5
5
5
5
5
5
5
5
5
5
5
5
5
5
5
5
5
5
5
5
5
5
5
5
5
5
5
5
5
5
5
5
5
5
5
5
5
5
5
5
5
5
5
5
5
5
5
5
5
5
5
5
5
5
5
5
5
5
5
5
5
5
5
5
5
5
5
5
5
5
5
5
5
5
5
5
5
5
5
5
5
5
5
5
5
5
5
5
5
5
5
5
5
5
5
5
5
5
5
5
5
5
5
5
5
5
5
5
5
5
5
5
5
5
5
5
5
5
5
5
5
5
5
5
5
5
5
5
5
5
5
5
5
5
5
5
5
5
5
5
5
5
5
5
5
5
5
5
5
5
5
5
5
5
5
5
5
5
5
5
5
5
5
5
5
5
5
5
5
5
5
5
5
5
5
5
5
5
5
5
5
5
5
5
5
5
5
5
5
5
5
5
5
5
5
5
5
5
5
5
5
5
5
5
5
5
5
5
5
5
5
5
5
5
5
5
5
5
5
5
5
5
5
5
5
5
5
5
5
5
5
5
5
5
5
5
5
5
5
5
5
5
5
5
5
5
5
5
5
5
5
5
5
5
5
5
5
5
5
5
5
5
5
5
5
5
5
5
5
5
5
5
5
5
5
5
5
5
5
5
5
5
5
5
5
5
5
5
5
5
5
5
5
5
5
5
5
5
5
5
5
5
5
5
5
5
5
5
5
5
5
5
5
5
5
5
5
5
5
5
5
5
5
5
5
5
5
5
5
5
5
5
5
5
5
5
5
5
5
5
5
5
5
5
5
5
5
5
5
5
5
5
5
5
5
5
5
5
5
5
5
5
5
5
5
5
5
5
5
5
5
5
5
5
5
5
5
5
5
5
5
5
5
5
5
5
5
5
5
5
5
5
5
5
5
5
5
5
5
5
5
5
5
5
5
5
5
5
5
5
5
5
5
5
5
5
5
5
5
5
5
5
5
5
5
5
5
5
5
5
5
5
5
5
5
5
5
5
5
5
5
5
5
5
5
5
5
5
5
5
5
5
5
5
5
5
5
5
5
5
5
5
5
5
5
5
5
5
5
5
5
5
5
5
5
5
5
5
5
5
5
5
5
5
5
5
5
5
5
5
5
5
5
5
5
5
5
5
5
5
5
5
5
5
5
5
5
5
5
5
5
5
5
5
5
5
5
5
5
5
5
5
5
5
5
5
5
5
5
5
5
5
5
5
5
5
5
5
5
5
5
5
5
5
5
5
5
5
5
5
5
5
5
5
5
5
5
5
5
5
5
5
5
5
5
5
5
5
5
5
5
5
5
5
5
5
5
5
5
5
5
5
5
5
5
5
5
5
5
5
5
5
5
5
5
5
5
5
5
5
5
5
5
5
5
5
5
5
5
5
5
5
5
5
5
5
5
5
5
5
5
5
5
5
5
5
5
5
5
5
5
5
5
5
5
5
5
5
5
5
5
5
5
5
5
5
5
5
5
5
5
5
5
5
5
5
5
5
5
5
5
5
5
5
5
5
5
5
5
5
5
5
5
5
5
5
5
5
5
5
5
5
5
5
5
5
5
5
5
5
5
5
5
5
5
5
5
5
5
5
5
5
5
5
5
5
5
5
5
5
5
5
5
5
5
5
5
5
5
5
5
5
5
5
5
5
5
5
5
5
5
5
5
5
5
5
5
5
5
5
5
5
5
5
5
5
5
5
5
5
5
5
5
5
5
5
5
5
5
5
5
5
5
5
5
5
5
5
5
5
5
5
5
5
5
5
5
5
5
5
5
5
5
5
5
5
5
5
5
5
5
5
5
5
5
5
5
5
5
5
5
5
5
5
5
5
5
5
5
5
5
5
5
5
5
5
5
5
5
5
5
5
5
5
5
5
5
5
5
5
5
5
5
5
5
5
5
5
5
5
5
5
5
5
5
5
5
5
5
5
5
5
5
5
5
5
5
5
5
5
5
5
5
5
5
5
5
5
5
5
5
5
5
5
5
5
5
5
5
5
5
5
5
5
5
5
5
5
5
5
5
5
5
5
5
5
5
5
5
5
5
5
5
5
5
5
5
5
5
5
5
5
5
5
5
5
5
5
5
5
5
5
5
5
5
5
5
5
5
5
5
5
5
5
5
5
5
5
5
5
5
5
5
5
5
5
5
5
5
5
5
5
5
5
5
5
5
5
5
5
5
5
5
5
5
5
5
5
5
5
5
5
5
5
5
5
5
5
5
5
5
5
5
5
5
5
5
5
5
5
5
5
5
5
5
5
5
5
5
5
5
5
5
5
5
5
5
5
5
5
5
5
5
5
5
5
5
5
5
5
5
5
5
5
5
5
5
5
5
5
5
5
5
5
5
5
5
5
5
5
5
5
5
5
5
5
5
5
5
5
5
5
5
5
5
5
5
5
5
5
5
5
5
5
5
5
5
5
5
5
5
5
5
5
5
5
5
5
5
5
5
5
5
5
5
5
5
5
5
5
5
5
5
5
5
5
5
5
5
5
5
5
5
5
5
5
5
5
5
5
5
5
5
5
5
5
5
5
5
5
5
5
5
5
5
5
5
5
5
5
5
5
5
5
5
5
5
5
5
5
5
5
5
5
5
5
5
5
5
5
5
5
5
5
5
5
5
5
5
5
5
5
5
5
5
5
5
5
5
5
5
5
5
5
5
5
5
5
5
5
5
5
5
5
5
5
5
5
5
5
5
5
5
5
5
5
5
5
5
5
5
5
5
5
5
5
5
5
5
5
5
5
5
5
5
5
5
5
5
5
5
5
5
5
5
5
5
5
5
5
5
5
5
5
5
5
5
5
5
5
5
5
5
5
5
5
5
5
5
5
5
5
5
5
5
5
5
5
5
5
5
5
5
5
5
5
5
5
5
5
5
5
5
5
5
5
5
5
5
5
5
5
5
5
5
5
5
5
5
5
5
5
5
5
5
5
5
5
5
5
5
5
5
5
5
5
5
5
5
5
5
5
5
5
5
5
5
5
5
5
5
5
5
5
5
5
5
5
5
5
5
5
5
5
5
5
5
5
5
5
5
5
5
5
5
5
5
5
5
5
5
5
5
5
5
5
5
5
5
5
5
5
5
5
5
5
5
5
5
5
5
5
5
5
5
5
5
5
5
5
5
5
5
5
5
5
5
5
5
5
5
5
5
5
5
5
5
5
5
5
5
5
5
5
5
5
5
5
5
5
5
5
5
5
5
5
5
5
5
5
5
5
5
5
5
5
5
5
5
5
5
5
5
5
5
5
5
5
5
5
5
5
5
5
5
5
5
5
5
5
5
5
5
5
5
5
5
5
5
5
5
5
5
5
5
5
5
5
5
5
5
5
5
5
5
5
5
5
5
5
5
5
5
5
5
5
5
5
5
5
5
5
5
5
5
5
5
5
5
5
5
5
5
5
5
5
5
5
5
5
5
5
5
5
5
5
5
5
5
5
5
5
5
5
5
5
5
5
5
5
5
5
5
5
5
5
5
5
5
5
5
5
5
5
5
5
5
5
5
5
5
5
5
5
5
5
5
5
5
5
5
5
5
5
5
5
5
5
5
5
5
5
5
5
5
5
5
5
5
5
5
5
5
5
5
5
5
5
5
5
5
5
5
5
5
5
5
5
5
5
5
5
5
5
5
5
5
5
5
5
5
5
5
5
5
5
5
5
5
5
5
5
5
5
5
5
5
5
5
5
5
5
5
5
5
5
5
5
5
5
5
5
5
5
5
5
5
5
5
5
5
5
5
5
5
5
5
5
5
5
5
5
5
5
5
5
5
5
5
5
5
5
5
5
5
5
5
5
5
5
5
5
5
5
5
5
5
5
5
5
5
5
5
5
5
5
5
5
5
5
5
5
5
5
5
5
5
5
5
5
5
5
5
5
5
5
5
5
5
5
5
5
5
5
5
5
5
5
5
5
5
5
5
5
5
5
5
5
5
5
5
5
5
5
5
5
5
5
5
5
5
5
5
5
5
5
5
5
5
5
5
5
5
5
5
5
5
5
5
5
5
5
5
5
5
5
5
5
5
5
5
5
5
5
5
5
5
5
5
5
5
5
5
5
5
5
5
5
5
5
5
5
5
5
5
5
5
5
5
5
5
5
5
5
5
5
5
5
5
5
5
5
5
5
5
5
5
5
5
5
5
5
5
5
5
5
5
5
5
5
5
5
5
5
5
5
5
5
5
5
5
5
5
5
5
5
5
5
5
5
5
5
5
5
5
5
5
5
5
5
5
5
5
5
5
5
5
5
5
5
5
5
5
5
5
5
5
5
5
5
5
5
5
5
5
5
5
5
5
5
5
5
5
5
5
5
5
5
5
5
5
5
5
5
5
5
5
5
5
5
5
5
5
5
5
5
5
5
5
5
5
5
5
5
5
5
5
5
5
5
5
5
5
5
5
5
5
5
5
5
5
5
5
5
5
5
5
5
5
5
5
5
5
5
5
5
5
5
5
5
5
5
5
5
5
5
5
5
5
5
5
5
5
5
5
5
5
5
5
5
5
5
5
5
5
5
5
5
5
5
5
5
5
5
5
5
5
5
5
5
5
5
5
5
5
5
5
5
5
5
5
5
5
5
5
5
5
5
5
5
5
5
5
5
5
5
5
5
5
5
5
5
5
5
5
5
5
5
5
5
5
5
5
5
5
5
5
5
5
5
5
5
5
5
5
5
5
5
5
5
5
5
5
5
5
5
5
5
5
5
5
5
5
5
5
5
5
5
5
5
5
5
5
5
5
5
5
5
5
5
5
5
5
5
5
5
5
5
5
5
5
5
5
5
5
5
5
5
5
5
5
5
5
5
5
5
5
5
5
5
5
5
5
5
5
5
5
5
5
5
5
5
5
5
5
5
5
5
5
5
5
5
5
5
5
5
5
5
5
5
5
5
5
5
5
5
5
5
5
5
5
5
5
5
5
5
5
5
5
5
5
5
5
5
5
5
5
5
5
5
5
5
5
5
5
5
5
5
5
5
5
5
5
5
5
5
5
5
5
5
5
5
5
5
5
5
5
5
5
5
5
5
5
5
5
5
5
5
5
5
5
5
5
5
5
5
5
5
5
5
5
5
5
5
5
5
5
5
5
5
5
5
5
5
5
5
5
5
5
5
5
5
5
5
5
5
5
5
5
5
5
5
5
5
5
5
5
5
5
5
5
5
5
5
5
5
5
5
5
5
5
5
5
5
5
5
5
5
5
5
5
5
5
5
5
5
5
5
5
5
5
5
5
5
5
5
5
5
5
5
5
5
5
5
5
5
5
5
5
5
5
5
5
5
5
5
5
5
5
5
5
5
5
5
5
5
5
5
5
5
5
5
5
5
5
5
5
5
5
5
5
5
5
5
5
5
5
5
5
5
5
5
5
5
5
5
5
5
5
5
5
5
5
5
5
5
5
5
5
5
5
5
5
5
5
5
5
5
5
5
5
5
5
5
5
5
5
5
5
5
5
5
5
5
5
5
5
5
5
5
5
5
5
5
5
5
5
5
5
5
5
5
5
5
5
5
5
5
5
5
5
5
5
5
5
5
5
5
5
5
5
5
5
5
5
5
5
5
5
5
5
5
5
5
5
5
5
5
5
5
5
5
5
5
5
5
5
5
5
5
5
5
5
5
5
5
5
5
5
5
5
5
5
5
5
5
5
5
5
5
5
5
5
5
5
5
5
5
5
5
5
5
5
5
5
5
5
5
5
5
5
5
5
5
5
5
5
5
5
5
5
5
5
5
5
5
5
5
5
5
5
5
5
5
5
5
5
5
5
5
5
5
5
5
5
5
5
5
5
5
5
5
5
5
5
5
5
5
5
5
5
5
5
5
5
5
5
5
5
5
5
5
5
5
5
5
5
5
5
5
5
5
5
5
5
5
5
5
5
5
5
5
5
5
5
5
5
5
5
5
5
5
5
5
5
5
5
5
5
5
5
5
5
5
5
5
5
5
5
5
5
5
5
5
5
5
5
5
5
5
5
5
5
5
5
5
5
5
5
5
5
5
5
5
5
5
5
5
5
5
5
5
5
5
5
5
5
5
5
5
5
5
5
5
5
5
5
5
5
5
5
5
5
5
5
5
5
5
5
5
5
5
5
5
5
5
5
5
5
5
5
5
5
5
5
5
5
5
5
5
5
5
5
5
5
5
5
5
5
5
5
5
5
5
5
5
5
5
5
5
5
5
5
5
5
5
5
5
5
5
5
5
5
5
5
5
5
5
5
5
5
5
5
5
5
5
5
5
5
5
5
5
5
5
5
5
5
5
5
5
5
5
5
5
5
5
5
5
5
5
5
5
5
5
5
5
5
5
5
5
5
5
5
5
5
5
5
5
5
5
5
5
5
5
5
5
5
5
5
5
5
5
5
5
5
5
5
5
5
5
5
5
5
5
5
5
5
5
5
5
5
5
5
5
5
5
5
5
5
5
5
5
5
5
5
5
5
5
5
5
5
5
5
5
5
5
5
5
5
5
5
5
5
5
5
5
5
5
5
5
5
5
5
5
5
5
5
5
5
5
5
5
5
5
5
5
5
5
5
5
5
5
5
5
5
5
5
5
5
5
5
5
5
5
5
5
5
5
5
5
5
5
5
5
5
5
5
5
5
5
5
5
5
5
5
5
5
5
5
5
5
5
5
5
5
5
5
5
5
5
5
5
5
5
5
5
5
5
5
5
5
5
5
5
5
5
5
5
5
5
5
5
5
5
5
5
5
5
5
5
5
5
5
5
5
5
5
5
5
5
5
5
5
5
5
5
5
5
5
5
5
5
5
5
5
5
5
5
5
5
5
5
5
5
5
5
5
5
5
5
5
5
5
5
5
5
5
5
5
5
5
5
5
5
5
5
5
5
5
5
5
5
5
5
5
5
5
5
5
5
5
5
5
5
5
5
5
5
5
5
5
5
5
5
5
5
5
5
5
5
5
5
5
5
5
5
5
5
5
5
5
5
5
5
5
5
5
5
5
5
5
5
5
5
5
5
5
5
5
5
5
5
5
5
5
5
5
5
5
5
5
5
5
5
5
5
5
5
5
5
5
5
5
5
5
5
5
5
5
5
5
5
5
5
5
5
5
5
5
5
5
5
5
5
5
5
5
5
5
5
5
5
5
5
5
5
5
5
5
5
5
5
5
5
5
5
5
5
5
5
5
5
5
5
5
5
5
5
5
5
5
5
5
5
5
5
5
5
5
5
5
5
5
5
5
5
5
5
5
5
5
5
5
5
5
5
5
5
5
5
5
5
5
5
5
5
5
5
5
5
5
5
5
5
5
5
5
5
5
5
5
5
5
5
5
5
5
5
5
5
5
5
5
5
5
5
5
5
5
5
5
5
5
5
5
5
5
5
5
5
5
5
5
5
5
5
5
5
5
5
5
5
5
5
5
5
5
5
5
5
5
5
5
5
5
5
5
5
5
5
5
5
5
5
5
5
5
5
5
5
5
5
5
5
5
5
5
5
5
5
5
5
5
5
5
5
5
5
5
5
5
5
5
5
5
5
5
5
5
5
5
5
5
5
5
5
5
5
5
5
5
5
5
5
5
5
5
5
5
5
5
5
5
5
5
5
5
5
5
5
5
5
5
5
5
5
5
5
5
5
5
5
5
5
5
5
5
5
5
5
5
5
5
5
5
5
5
5
5
5
5
5
5
5
5
5
5
5
5
5
5
5
5
5
5
5
5
5
5
5
5
5
5
5
5
5
5
5
5
5
5
5
5
5
5
5
5
5
5
5
5
5
5
5
5
5
5
5
5
5
5
5
5
5
5
5
5
5
5
5
5
5
5
5
5
5
5
5
5
5
5
5
5
5
5
5
5
5
5
5
5
5
5
5
5
5
5
5
5
5
5
5
5
5
5
5
5
5
5
5
5
5
5
5
5
5
5
5
5
5
5
5
5
5
5
5
5
5
5
5
5
5
5
5
5
5
5
5
5
5
5
5
5
5
5
5
5
5
5
5
5
5
5
5
5
5
5
5
5
5
5
5
5
5
5
5
5
5
5
5
5
5
5
5
5
5
5
5
5
5
5
5
5
5
5
5
5
5
5
5
5
5
5
5
5
5
5
5
5
5
5
5
5
5
5
5
5
5
5
5
5
5
5
5
5
5
5
5
5
5
5
5
5
5
5
5
5
5
5
5
5
5
5
5
5
5
5
5
5
5
5
5
5
5
5
5
5
5
5
5
5
5
5
5
5
5
5
5
5
5
5
5
5
5
5
5
5
5
5
5
5
5
5
5
5
5
5
5
5
5
5
5
5
5
5
5
5
5
5
5
5
5
5
5
5
5
5
5
5
5
5
5
5
5
5
5
5
5
5
5
5
5
5
5
5
5
5
5
5
5
5
5
5
5
5
5
5
5
5
5
5
5
5
5
5
5
5
5
5
5
5
5
5
5
5
5
5
5
5
5
5
5
5
5
5
5
5
5
5
5
5
5
5
5
5
5
5
5
5
5
5
5
5
5
5
5
5
5
5
5
5
5
5
5
5
5
5
5
5
5
5
5
5
5
5
5
5
5
5
5
5
5
5
5
5
5
5
5
5
5
5
5
5
5
5
5
5
5
5
5
5
5
5
5
5
5
5
5
5
5
5
5
5
5
5
5
5
5
5
5
5
5
5
5
5
5
5
5
5
5
5
5
5
5
5
5
5
5
5
5
5
5
5
5
5
5
5
5
5
5
5
5
5
5
5
5
5
5
5
5
5
5
5
5
5
5
5
5
5
5
5
5
5
5
5
5
5
5
5
5
5
5
5
5
5
5
5
5
5
5
5
5
5
5
5
5
5
5
5
5
5
5
5
5
5
5
5
5
5
5
5
5
5
5
5
5
5
5
5
5
5
5
5
5
5
5
5
5
5
5
5
5
5
5
5
5
5
5
5
5
5
5
5
5
5
5
5
5
5
5
5
5
5
5
5
5
5
5
5
5
5
5
5
5
5
5
5
5
5
5
5
5
5
5
5
5
5
5
5
5
5
5
5
5
5
5
5
5
5
5
5
5
5
5
5
5
5
5
5
5
5
5
5
5
5
5
5
5
5
5
5
5
5
5
5
5
5
5
5
5
5
5
5
5
5
5
5
5
5
5
5
5
5
5
5
5
5
5
5
5
5
5
5
5
5
5
5
5
5
5
5
5
5
5
5
5
5
5
5
5
5
5
5
5
5
5
5
5
5
5
5
5
5
5
5
5
5
5
5
5
5
5
5
5
5
5
5
5
5
5
5
5
5
5
5
5
5
5
5
5
5
5
5
5
5
5
5
5
5
5
5
5
5
5
5
5
5
5
5
5
5
5
5
5
5
5
5
5
5
5
5
5
5
5
5
5
5
5
5
5
5
5
5
5
5
5
5
5
5
5
5
5
5
5
5
5
5
5
5
5
5
5
5
5
5
5
5
5
5
5
5
5
5
5
5
5
5
5
5
5
5
5
5
5
5
5
5
5
5
5
5
5
5
5
5
5
5
5
5
5
5
5
5
5
5
5
5
5
5
5
5
5
5
5
5
5
5
5
5
5
5
5
5
5
5
5
5
5
5
5
5
5
5
5
5
5
5
5
5
5
5
5
5
5
5
5
5
5
5
5
5
5
5
5
5
5
5
5
5
5
5
5
5
5
5
5
5
5
5
5
5
5
5
5
5
5
5
5
5
5
5
5
5
5
5
5
5
5
5
5
5
5
5
5
5
5
5
5
5
5
5
5
5
5
5
5
5
5
5
5
5
5
5
5
5
5
5
5
5
5
5
5
5
5
5
5
5
5
5
5
5
5
5
5
5
5
5
5
5
5
5
5
5
5
5
5
5
5
5
5
5
5
5
5
5
5
5
5
5
5
5
5
5
5
5
5
5
5
5
5
5
5
5
5
5
5
5
5
5
5
5
5
5
5
5
5
5
5
5
5
5
5
5
5
5
5
5
5
5
5
5
5
5
5
5
5
5
5
5
5
5
5
5
5
5
5
5
5
5
5
5
5
5
5
5
5
5
5
5
5
5
5
5
5
5
5
5
5
5
5
5
5
5
5
5
5
5
5
5
5
5
5
5
5
5
5
5
5
5
5
5
5
5
5
5
5
5
5
5
5
5
5
5
5
5
5
5
5
5
5
5
5
5
5
5
5
5
5
5
5
5
5
5
5
5
5
5
5
5
5
5
5
5
5
5
5
5
5
5
5
5
5
5
5
5
5
5
5
5
5
5
5
5
5
5
5
5
5
5
5
5
5
5
5
5
5
5
5
5
5
5
5
5
5
5
5
5
5
5
5
5
5
5
5
5
5
5
5
5
5
5
5
5
5
5
5
5
5
5
5
5
5
5
5
5
5
5
5
5
5
5
5
5
5
5
5
5
5
5
5
5
5
5
5
5
5
5
5
5
5
5
5
5
5
5
5
5
5
5
5
5
5
5
5
5
5
5
5
5
5
5
5
5
5
5
5
5
5
5
5
5
5
5
5
5
5
5
5
5
5
5
5
5
5
5
5
5
5
5
5
5
5
5
5
5
5
5
5
5
5
5
5
5
5
5
5
5
5
5
5
5
5
5
5
5
5
5
5
5
5
5
5
5
5
5
        </DataArray>
      </Cells>
<PointData>
  <DataArray type = "Float64" Name="Erreur" format="ascii">
0.663575
0.675277
0.692407
0.632126
0.723449
0.707638
0.599914
0.635091
0.5787
0.589094
0.616383
0.621494
0.545766
0.51712
0.517196
0.623283
0.513365
0.60889
0.618463
0.662017
0.631473
0.587396
0.587961
0.623536
0.569724
0.575362
0.592332
0.581051
0.524143
0.621966
0.560138
0.556779
0.603458
0.632821
0.602502
0.62758
0.548073
0.621044
0.641491
0.644821
0.580268
0.632736
0.460496
0.625615
0.637503
0.568742
0.608389
0.623816
0.692421
0.503381
0.586905
0.662078
0.653408
0.615927
0.558605
0.595751
0.648455
0.6117
0.450917
0.627042
0.609732
0.551526
0.525652
0.621744
0.582388
0.493191
0.201165
0.634822
0.573574
0.625028
0.592098
0.634066
0.578979
0.621403
0.550417
0.626947
0.568796
0.608443
0.537657
0.598032
0.63951
0.563344
0.728733
0.65007
0.601174
0.581043
0.557346
0.578851
0.613646
0.55982
0.500434
0.620495
0.564515
0.629869
0.662077
0.607508
0.591028
0.754036
0.580956
0.581906
0.57342
0.631335
0.503374
0.606436
0.232866
0.658569
0.647752
0.624038
0.656131
0.522519
0.664414
0.649507
0.52901
0.613098
0.615896
0.683381
0.614797
0.471949
0.641045
0.592747
0.637592
0.53875
0.592396
0.434968
0.594898
0.632868
0.620647
0.172033
0.657429
0.564945
0.620926
0.598944
0.579053
0.604609
0.537275
0.603962
0.595962
0.610778
0.605028
0.624016
0.602276
0.65559
0.606844
0.119188
0.623205
0.542983
0.644038
0.602809
0.466886
0.547777
0.191014
0.62126
0.591802
0.556897
0.604552
0.573313
0.601499
0.607714
0.580319
0.53408
0.600013
0.59941
0.522213
0.549317
0.621723
0.637353
0.642628
0.583274
0.639737
0.596161
0.506542
0.593871
0.616167
0.576046
0.59935
0.592474
0.622748
0.599158
0.529399
0.565926
0.535279
0.566017
0.639522
0.622682
0.581345
0.653898
0.591232
0.579981
0.590663
0.605938
0.627435
0.601395
0.281236
0.607598
0.580669
0.625182
0.606034
0.432969
0.585517
0.651643
0.630073
0.590488
0.648239
0.483671
0.647685
0.255047
0.275159
0.605696
0.248075
0.0972394
0.620837
0.0742023
0.539079
0.574869
0.262899
0.662757
0.575503
0.642928
0.609829
0.596483
0.515096
0.517622
0.633776
0.585121
0.598314
0.491376
0.624084
0.622299
0.625102
0.63768
0.636799
0.629966
0.602385
0.594375
0.620972
0.599381
0.583332
0.660288
0.598161
0.601119
0.557647
0.661221
0.567719
0.629676
0.579648
0.623691
0.612913
0.644158
0.644896
0.635332
0.634897
0.611472
0.620411
0.637869
0.640773
0.631586
0.588851
0.632062
0.612557
0.606883
0.568638
0.640192
0.606619
0.635639
0.587696
0.581614
0.638877
0.607896
0.575323
0.535282
0.520045
0.584992
0.613692
0.514241
0.637398
0.626954
0.540497
0.56919
0.622363
0.576417
0.587563
0.540084
0.621208
0.618266
0.615524
0.568913
0.566529
0.627052
0.636266
0.151936
0.633488
0.601561
0.599666
0.619869
0.540988
0.620764
0.591439
0.640133
0.607904
0.605804
0.494462
0.660633
0.647006
0.63732
0.633627
0.611487
0.639543
0.523276
0.581447
0.623563
0.640239
0.610558
0.629766
0.561113
0.630271
0.554274
0.642159
0.617282
0.623215
0.612839
0.601776
0.641843
0.624709
0.572
0.625097
0.135649
0.59935
0.590491
0.564531
0.655811
0.637716
0.576065
0.590145
0.590569
0.631555
0.643589
0.633526
0.620759
0.645586
0.627411
0.643043
0.598925
0.558543
0.610587
0.608194
0.647178
0.577374
0.632678
0.558818
0.544966
0.49253
0.580719
0.631248
0.589349
0.560467
0.643045
0.55715
0.587953
0.505635
0.599792
0.591482
0.644684
0.610337
0.627565
0.17039
0.661954
0.62726
0.603104
0.635047
0.554329
0.606544
0.633947
0.594214
0.622287
0.601568
0.668005
0.510425
0.627683
0.766318
0.593007
0.52928
0.65283
0.162609
0.605078
0.599983
0.673097
0.663307
0.658664
0.608785
0.511613
0.567441
0.568699
0.624131
0.660697
0.612677
0.613084
0.139889
0.115836
0.593459
0.523091
0.511805
0.6402
0.29043
0.598618
0.632964
0.189365
0.522247
0.624971
0.646776
0.636419
0.640895
0.589952
0.627036
0.593653
0.17325
0.587565
0.598152
0.611056
0.592227
0.601857
0.594958
0.613411
0.555664
0.596945
0.648354
0.635464
0.189918
0.573801
0.597274
0.55177
0.635291
0.586873
0.197017
0.572311
0.593249
0.339989
0.48361
0.736712
0.629794
0.642138
0.638731
0.650361
0.650962
0.658527
0.57561
0.621048
0.64518
0.656529
0.554117
0.67171
0.682718
0.599937
0.655143
0.585754
0.558848
0.601048
0.585448
0.609705
0.666901
0.703723
0.690785
0.668444
0.524022
0.595679
0.574701
0.626505
0.635175
0.643791
0.623934
0.555751
0.579451
0.627145
0.640097
0.6598
0.571378
0.647718
0.602446
0.484384
0.555486
0.633736
0.595978
0.615414
0.667738
0.654405
0.65167
0.61235
0.589537
0.514
0.625518
0.561568
0.587347
0.593332
0.544022
0.607607
0.635109
0.514487
0.632335
0.603873
0.479785
0.571128
0.49975
0.584898
0.574805
0.540166
0.593343
0.540233
0.370951
0.469223
0.601618
0.506763
0.554484
0.520192
0.498606
0.58151
0.53095
0.642399
0.660629
0.62589
0.607006
0.614706
0.621327
0.598931
0.562023
0.582371
0.527324
0.665304
0.660608
0.526696
0.617063
0.647244
0.640649
0.636813
0.582571
0.549855
0.613858
0.513392
0.578953
0.600694
0.53015
0.616231
0.622462
0.508888
0.655105
0.722427
0.585223
0.656802
0.695706
0.660306
0.68784
0.638413
0.557205
0.498916
0.572258
0.585853
0.629687
0.728348
0.690843
0.722924
0.673756
0.592365
0.64879
0.689449
0.657762
0.662509
0.581638
0.669312
0.659792
0.615281
0.562614
0.573628
0.576043
0.595904
0.620308
0.599427
0.60819
0.647895
0.641867
0.568055
0.533542
0.600267
0.589323
0.526661
0.583828
0.636915
0.614121
0.585104
0.599804
0.614754
0.641982
0.637294
0.669371
0.609693
0.686584
0.740723
0.75144
0.638718
0.627507
0.604126
0.562191
0.570961
0.622889
0.613297
0.603508
0.624103
0.591101
0.619819
0.63986
0.619986
0.643855
0.652498
0.645604
0.616603
0.588109
0.545253
0.557373
0.59904
0.604747
0.589019
0.623868
0.667591
0.613618
0.511519
0.595729
0.574026
0.633463
0.589588
0.655507
0.611038
0.630857
0.654732
0.552449
0.791185
0.712653
0.73717
0.669938
0.636313
0.615924
0.511845
0.427555
0.598552
0.664445
0.571162
0.560418
0.562426
0.490458
0.551834
0.565793
0.494327
0.582271
0.666515
0.590111
0.670831
0.660425
0.637261
0.579292
0.610958
0.630166
0.654363
0.599715
0.647232
0.661087
0.644901
0.634519
0.464283
0.39599
0.572493
0.653461
0.563449
0.528362
0.619291
0.651152
0.614474
0.608233
0.600388
0.581274
0.56805
0.619812
0.630812
0.569626
0.607391
0.528017
0.411859
0.605882
0.587144
0.479736
0.616241
0.643348
0.531086
0.64102
0.632293
0.645817
0.634239
0.639078
0.644893
0.631137
0.551481
0.591593
0.626586
0.456056
0.546843
0.57059
0.607063
0.614678
0.682632
0.637174
0.599389
0.518822
0.507227
0.606087
0.632706
0.651425
0.640002
0.574206
0.506658
0.661618
0.637137
0.45229
0.521795
0.552954
0.626857
0.575073
0.547848
0.615358
0.611344
0.638852
0.618706
0.70187
0.637754
0.633174
0.629937
0.488292
0.52022
0.603315
0.571578
0.622176
0.542078
0.577135
0.573644
0.549311
0.605677
0.632881
0.638441
0.550125
0.6423
0.661868
0.616266
0.660576
0.654111
0.586244
0.646243
0.738071
0.594445
0.624536
0.615316
0.579526
0.494081
0.606679
0.603667
0.371788
0.536737
0.55962
0.557644
0.574351
0.598217
0.551579
0.554349
0.62566
0.57647
0.537353
0.603986
0.585711
0.575213
0.567803
0.572434
0.583247
0.535683
0.599956
0.613032
0.231018
0.595201
0.531029
0.567703
0.673456
0.230555
0.565155
0.613541
0.591852
0.568835
0.543269
0.6291
0.557265
0.592679
0.518247
0.540493
0.607067
0.571539
0.535846
0.609029
0.546148
0.58744
0.506502
0.630893
0.55732
0.579399
0.664928
0.607155
0.557695
0.605434
0.536456
0.597625
0.596054
0.598205
0.550394
0.56307
0.582828
0.603307
0.617257
0.5859
0.558087
0.488376
0.514916
0.617131
0.542383
0.669812
0.580907
0.582321
0.560654
0.583774
0.619245
0.0958361
0.555224
0.560489
0.62629
0.518124
0.602905
0.618445
0.577017
0.515094
0.594946
0.56367
0.594543
0.615524
0.579645
0.525342
0.575032
0.516345
0.565678
0.573002
0.325859
0.351836
0.580184
0.347124
0.577699
0.553894
0.646133
0.559695
0.608052
0.599032
0.55188
0.196264
0.571445
0.529711
0.578673
0.553533
0.168621
0.594442
0.534956
0.532163
0.576526
0.543072
0.554321
0.588816
0.613499
0.573356
0.56732
0.546431
0.528525
0.580898
0.573151
0.693313
0.292218
0.616423
0.631655
0.511197
0.597026
0.604852
0.19119
0.625501
0.550385
0.428017
0.59386
0.57773
0.583571
0.611076
0.607665
0.554353
0.614611
0.23557
0.528543
0.206521
0.490545
0.520349
0.573628
0.542569
0.612716
0.638719
0.585254
0.584928
0.63278
0.595406
0.167845
0.57489
0.642055
0.407851
0.625098
0.616699
0.553724
0.492329
0.791213
0.190274
0.612077
0.613847
0.606127
0.571334
0.552832
0.561887
0.615983
0.624975
0.577088
0.382048
0.615072
0.574107
0.577602
0.237226
0.18368
0.537232
0.18051
0.558105
0.582318
0.644141
0.601475
0.238898
0.381646
0.178465
0.573525
0.523636
0.573728
0.512462
0.596582
0.43315
0.625518
0.178905
0.571446
0.545344
0.617509
0.275127
0.537375
0.594178
0.574695
0.198128
0.557976
0.524386
0.672317
0.571687
0.474999
0.229174
0.649377
0.556855
0.448006
0.442997
0.593336
0.605276
0.604712
0.59088
0.529979
0.579895
0.563293
0.583258
0.199582
0.200714
0.267791
0.645713
0.365794
0.583713
0.135655
0.549613
0.610101
0.562186
0.178426
0.183124
0.568325
0.603624
0.620562
0.311091
0.541167
0.218199
0.266451
0.646594
0.174772
0.625833
0.61282
0.24451
0.576627
0.575449
0.126997
0.551007
0.572374
0.572902
0.507849
0.14889
0.166303
0.61701
0.560356
0.174923
0.25726
0.451817
0.608279
0.283346
0.576262
0.43076
0.274483
0.209369
0.101174
0.186
0.554315
0.291792
0.608226
0.642065
0.193444
0.61546
0.59375
0.150664
0.619396
0.272515
0.614318
0.584241
0.20291
0.513025
0.287787
0.140706
0.335599
0.419026
0.513951
0.580859
0.618616
0.300021
0.151283
0.128351
0.335999
0.645225
0.659903
0.211996
0.632111
0.608585
0.231743
0.419257
0.200011
0.294828
0.648655
0.213026
0.147715
0.584776
0.606587
0.138448
0.60297
0.580985
0.529515
0.175372
0.138966
0.242341
0.626958
0.196025
0.633864
0.157513
0.587551
0.170945
0.154241
0.653332
0.196535
0.297306
0.610134
0.612221
0.210587
0.638015
0.293954
0.193513
0.257043
0.246842
0.59689
0.586325
0.605538
0.401651
0.641986
0.155151
0.58567
0.182001
0.603721
0.141692
0.12169
0.60256
0.108674
0.606075
0.640028
0.581574
0.255336
0.623453
0.565275
0.639055
0.609248
0.613387
0.164728
0.609855
0.159378
0.219638
0.587217
0.0750906
0.321131
0.577983
0.338956
0.634976
0.589653
0.199406
0.614414
0.643087
0.658801
0.568501
0.557291
0.19327
0.23553
0.614674
0.635076
0.260442
0.184427
0.591507
0.184692
0.612484
0.148773
0.581247
0.495918
0.625312
0.300683
0.625714
0.189653
0.567353
0.23355
0.162545
0.236009
0.581532
0.590831
0.65416
0.611951
0.20594
0.249899
0.613616
0.100342
0.326106
0.617945
0.382767
0.525836
0.59275
0.615117
0.377606
0.57442
0.620195
0.367447
0.406974
0.591624
0.182987
0.299174
0.634928
0.37633
0.527873
0.32104
0.43456
0.629125
0.602565
0.611456
0.373802
0.238896
0.277228
0.449776
0.202339
0.302855
0.652994
0.42814
0.617483
0.20005
0.608525
0.209087
0.240247
0.579817
0.538784
0.289352
0.652054
0.529051
0.593364
0.594983
0.178617
0.627039
0.18754
0.644652
0.554499
0.184917
0.646432
0.762033
0.162328
0.262192
0.456709
0.647299
0.089695
0.302629
0.385357
0.572343
0.187261
0.606924
0.173219
0.101573
0.608276
0.57726
0.611794
0.610476
0.411767
0.242132
0.229709
0.171026
0.559065
0.159346
0.371132
0.16389
0.275311
0.150337
0.359779
0.634469
0.648843
0.205072
0.312457
0.212131
0.186506
0.296193
0.650022
0.314974
0.665628
0.403704
0.113354
0.645064
0.33414
0.0821438
0.189803
0.157025
0.185356
0.628313
0.61632
0.641624
0.106717
0.250973
0.420362
0.380982
0.399738
0.331074
0.455939
0.155634
0.299439
0.438514
0.646068
0.573895
0.564524
0.588596
0.763757
0.617804
0.559889
0.627614
0.170865
0.632324
0.631499
0.130326
0.534344
0.680114
0.578131
0.628735
0.211707
0.304515
0.751514
0.328761
0.125104
0.190244
0.165322
0.453046
0.394205
0.175342
0.275751
0.303393
0.201048
0.741006
0.65006
0.202765
0.703554
0.70311
0.291253
0.180843
0.170328
0.230539
0.724911
0.331526
0.528924
0.253203
0.461209
0.187346
0.767217
0.220829
0.726628
0.751919
0.762876
0.720423
0.179384
0.603591
0.671817
0.509694
0.174473
0.582585
0.631158
0.190077
0.677529
0.435098
0.217539
0.593342
0.568068
0.3325
0.446125
0.641619
0.407795
0.59237
0.60373
0.205263
0.638351
0.642794
0.633272
0.622478
0.575965
0.158162
0.153715
0.620947
0.546264
0.391322
0.241778
0.606929
0.575009
0.476066
0.198475
0.370348
0.554943
0.194064
0.238526
0.332072
0.340378
0.622548
0.138104
0.279303
0.613963
0.257813
0.626709
0.161701
0.443555
0.553624
0.611525
0.579407
0.557221
0.179563
0.33088
0.640605
0.33703
0.61215
0.611324
0.593835
0.6275
0.435488
0.6513
0.345489
0.596128
0.555142
0.542434
0.181718
0.155114
0.662729
0.155284
0.582722
0.252976
0.296378
0.432959
0.188372
0.194076
0.555796
0.639604
0.097186
0.604528
0.110309
0.626816
0.32762
0.618022
0.414972
0.615835
0.180959
0.13063
0.589756
0.337524
0.446343
0.537078
0.173752
0.632789
0.190179
0.606453
0.275197
0.24576
0.121159
0.207372
0.158716
0.195641
0.568401
0.236424
0.256189
0.649051
0.597865
0.0837181
0.192255
0.483629
0.191142
0.453808
0.503633
0.309308
0.42933
0.648177
0.403052
0.352937
0.211414
0.662124
0.569182
0.243224
0.607142
0.611257
0.220084
0.590426
0.287835
0.188384
0.339902
0.629219
0.631921
0.567512
0.411412
0.19001
0.156565
0.217308
0.249947
0.178479
0.586752
0.355308
0.37639
0.558577
0.168158
0.499373
0.679067
0.328807
0.588258
0.175285
0.545208
0.457671
0.629839
0.457896
0.593946
0.176895
0.300774
0.416145
0.619471
0.289321
0.185918
0.58224
0.167819
0.204851
0.41767
0.179361
0.632793
0.459527
0.229615
0.117295
0.446173
0.618641
0.159291
0.607602
0.567905
0.612721
0.337103
0.463874
0.605826
0.746413
0.270015
0.324726
0.593885
0.598403
0.188638
0.186608
0.218045
0.109938
0.237032
0.360486
0.574655
0.204249
0.153484
0.206328
0.421004
0.200961
0.358278
0.265258
0.569478
0.213196
0.14841
0.596925
0.182398
0.599783
0.279091
0.74217
0.355142
0.606948
0.357502
0.189059
0.193922
0.173927
0.166672
0.226614
0.394047
0.584772
0.498088
0.206174
0.180533
0.59832
0.206477
0.209793
0.147865
0.22414
0.615816
0.695079
0.179611
0.530679
0.203644
0.158299
0.32772
0.575184
0.633112
0.646591
0.746865
0.758325
0.191085
0.310049
0.602668
0.542585
0.161955
0.183337
0.186937
0.556443
0.548769
0.168221
0.320555
0.204605
0.179705
0.694263
0.713654
0.345397
0.644656
0.648138
0.565943
0.554719
0.168239
0.547042
0.208705
0.19834
0.483155
0.390923
0.560497
0.730081
0.590839
0.193777
0.187958
0.634012
0.551774
0.606476
0.548926
0.548874
0.435704
0.273062
0.585915
0.583618
0.168068
0.592262
0.583788
0.630331
0.235572
0.631051
0.542719
0.560818
0.697396
0.24417
0.586356
0.295396
0.560348
0.519393
0.619313
0.201523
0.12053
0.118988
0.303139
0.163485
0.345674
0.592837
0.19475
0.316566
0.406472
0.433072
0.106288
0.181414
0.583914
0.19735
0.586452
0.601663
0.540349
0.669042
0.526942
0.602452
0.639638
0.606811
0.327145
0.601444
0.526442
0.595402
0.312088
0.577544
0.175469
0.604708
0.585983
0.177586
0.201365
0.604121
0.32517
0.16365
0.586393
0.110525
0.390078
0.215088
0.600758
0.544149
0.153814
0.575754
0.156557
0.413108
0.582484
0.296351
0.568207
0.243514
0.60305
0.173357
0.478812
0.166149
0.403838
0.589684
0.112909
0.151278
0.559046
0.584671
0.146706
0.252393
0.165271
0.212404
0.615033
0.606421
0.594163
0.160808
0.712428
0.465196
0.54094
0.222665
0.518818
0.621899
0.569249
0.175572
0.588948
0.192969
0.546144
0.436927
0.546109
0.449942
0.173872
0.644881
0.260344
0.185795
0.128551
0.744764
0.141704
0.131026
0.588094
0.611698
0.343696
0.608182
0.424003
0.617714
0.628043
0.612387
0.189846
0.580488
0.579813
0.179392
0.578842
0.592308
0.187827
0.542978
0.344771
0.577159
0.589052
0.40803
0.569981
0.183844
0.163727
0.582759
0.561887
0.582134
0.637537
0.1809
0.597186
0.186948
0.595173
0.166132
0.314555
0.627377
0.615726
0.634163
0.155534
0.538826
0.523896
0.585957
0.622074
0.147759
0.537503
0.569804
0.169629
0.201946
0.589116
0.169539
0.552783
0.627413
0.644566
0.625292
0.215516
0.616075
0.64626
0.153105
0.165546
0.600594
0.616834
0.492715
0.154705
0.673605
0.174505
0.635499
0.570254
0.654666
0.439525
0.170907
0.443134
0.124583
0.593737
0.256825
0.585574
0.644478
0.669119
0.617282
0.637735
0.63933
0.189474
0.521931
0.144714
0.153616
0.669396
0.620577
0.381752
0.552713
0.636557
0.364724
0.183361
0.551915
0.368096
0.731026
0.546935
0.569018
0.139037
0.63239
0.561708
0.536137
0.69834
0.571882
0.591259
0.568995
0.558622
0.401217
0.560135
0.548125
0.166713
0.554873
0.42379
0.666214
0.165439
0.587299
0.548446
0.570633
0.591726
0.531347
0.581178
0.395225
0.13455
0.443618
0.445781
0.571444
0.56721
0.59942
0.313571
0.75229
0.542345
0.66251
0.553654
0.578761
0.605062
0.706883
0.579455
0.620988
0.411778
0.60534
0.564856
0.582657
0.599358
0.346735
0.542069
0.59163
0.623064
0.56931
0.429638
0.508958
0.633621
0.142573
0.0967657
0.635469
0.486254
0.560672
0.745908
0.539067
0.551898
0.173581
0.541746
0.492703
0.10116
0.499769
0.507328
0.52443
0.573949
0.709595
0.558252
0.468168
0.48083
0.5788
0.442567
0.61207
0.577585
0.504608
0.537179
0.551944
0.721776
0.530736
0.566573
0.566182
0.206089
0.551348
0.396508
0.654653
0.679018
0.554225
0.652943
0.577335
0.572928
0.505998
0.611162
0.674073
0.343731
0.411902
0.247047
0.663349
0.128798
0.609828
0.317308
0.557325
0.566369
0.119793
0.595709
0.265669
0.643792
0.188436
0.599827
0.162947
0.388901
0.157845
0.164098
0.740658
0.536748
0.640079
0.703067
0.14875
0.219482
0.426808
0.528745
0.168831
0.663126
0.202249
0.168429
0.52297
0.695069
0.567283
0.132194
0.18905
0.154845
0.157059
0.621816
0.166045
0.614723
0.153215
0.164447
0.632838
0.638017
0.678006
0.633104
0.64136
0.213999
0.167025
0.61018
0.676254
0.599382
0.515865
0.100287
0.628385
0.15067
0.232181
0.105587
0.16204
0.119761
0.16057
0.653825
0.676478
0.151635
0.601767
0.576925
0.55328
0.629423
0.246197
0.602822
0.15692
0.624039
0.148424
0.195178
0.611467
0.134675
0.147562
0.577318
0.138909
0.596083
0.411308
0.594175
0.204738
0.187831
0.109278
0.583415
0.135346
0.589184
0.149353
0.129422
0.113259
0.614054
0.158258
0.594069
0.155335
0.124725
0.167299
0.164518
0.568045
0.618016
0.0896302
0.148842
0.167402
0.109675
0.583315
0.121549
0.376309
0.162673
0.204415
0.58516
0.167318
0.564656
0.598621
0.192703
0.607284
0.161836
0.608807
0.618513
0.643436
0.114623
0.156445
0.643946
0.142225
0.55695
0.196893
0.584271
0.632154
0.657355
0.175803
0.60067
0.169957
0.574681
0.662956
0.585138
0.640207
0.244145
0.595249
0.606233
0.541567
0.186387
0.214486
0.603107
0.184344
0.491228
0.152717
0.16376
0.318755
0.629664
0.298498
0.268959
0.159619
0.153425
0.137557
0.597192
0.616448
0.622233
0.137557
0.122904
0.64326
0.568815
0.597434
0.165675
0.181253
0.629237
0.164129
0.145822
0.588774
0.174521
0.174969
0.635219
0.651514
0.611604
0.113476
0.155014
0.104382
0.268818
0.565249
0.222538
0.335529
0.640796
0.148342
0.592348
0.0893777
0.101379
0.363881
0.15245
0.140049
0.594986
0.60651
0.545979
0.59529
0.559529
0.727103
0.144433
0.164775
0.154677
0.145357
0.406553
0.065205
0.580275
0.150477
0.152735
0.616109
0.611522
0.190468
0.158979
0.460739
0.313516
0.0802582
0.606818
0.13971
0.603968
0.176388
0.134076
0.585515
0.50042
0.600214
0.551557
0.285063
0.796034
0.17757
0.144479
0.632365
0.154535
0.139095
0.666469
0.181602
0.608257
0.0807115
0.145078
0.566788
0.584803
0.146377
0.16161
0.635453
0.32178
0.139984
0.536334
0.564115
0.282222
0.3825
0.56505
0.52816
0.151557
0.579192
0.491478
0.61244
0.651762
0.536375
0.568615
0.61415
0.560576
0.108329
0.549849
0.307731
0.466936
0.63385
0.617481
0.605092
0.61077
0.548739
0.421981
0.585055
0.130473
0.601014
0.788819
0.0822721
0.387098
0.130516
0.574949
0.182312
0.117884
0.349115
0.145591
0.501329
0.642065
0.670181
0.394363
0.637512
0.444674
0.509587
0.156668
0.164902
0.60554
0.439397
0.170186
0.500924
0.609657
0.139734
0.597534
0.577487
0.243388
0.570262
0.599178
0.223568
0.18811
0.61537
0.643161
0.566485
0.162092
0.551307
0.560595
0.162353
0.124453
0.135936
0.134653
0.565441
0.585851
0.11895
0.160124
0.0752035
0.198537
0.185645
0.599494
0.525856
0.216786
0.193352
0.437342
0.582264
0.194217
0.567959
0.562992
0.585604
0.582401
0.281054
0.630034
0.594347
0.628629
0.131233
0.553793
0.187608
0.191919
0.641148
0.590976
0.585918
0.551848
0.58405
0.605252
0.645504
0.163714
0.432391
0.160973
0.0982745
0.546609
0.605207
0.610908
0.617063
0.394796
0.775383
0.56446
0.499252
0.54466
0.13727
0.192341
0.167795
0.222842
0.383485
0.579781
0.320461
0.530682
0.10747
0.595217
0.247539
0.412185
0.136466
0.726826
0.160781
0.182698
0.215188
0.173834
0.57371
0.620656
0.472392
0.568745
0.605415
0.572928
0.548076
0.54314
0.683253
0.636161
0.223686
0.590028
0.526794
0.588063
0.261879
0.153749
0.224184
0.595872
0.2286
0.193763
0.611889
0.206808
0.63201
0.582994
0.407797
0.552124
0.170299
0.155604
0.159186
0.143618
0.295916
0.545127
0.189359
0.568445
0.189351
0.345123
0.716992
0.559295
0.663228
0.640515
0.228481
0.63071
0.609173
0.600321
0.74332
0.155725
0.166835
0.201848
0.661071
0.568838
0.130628
0.650055
0.652507
0.67614
0.601819
0.190975
0.154874
0.0857998
0.142956
0.55008
0.187922
0.192179
0.557778
0.380918
0.198798
0.458764
0.170387
0.622577
0.641576
0.0566794
0.524748
0.569722
0.216639
0.37418
0.608294
0.301844
0.342381
0.192864
0.161221
0.599164
0.629222
0.596415
0.175524
0.220108
0.580628
0.190012
0.155697
0.796285
0.571529
0.136859
0.204396
0.385421
0.614857
0.174963
0.144188
0.603755
0.584004
0.11918
0.265404
0.130633
0.169655
0.150754
0.126285
0.204407
0.16927
0.334632
0.569269
0.188123
0.162414
0.186191
0.161576
0.183133
0.153763
0.385784
0.590891
0.579915
0.414644
0.556746
0.597662
0.166027
0.32207
0.606181
0.167139
0.548476
0.166537
0.618873
0.577298
0.611382
0.139446
0.344386
0.593922
0.145764
0.161485
0.56863
0.649949
0.569084
0.346956
0.149095
0.257182
0.314081
0.591269
0.23156
0.748976
0.597134
0.214639
0.592886
0.261353
0.151271
0.260135
0.162305
0.593489
0.208873
0.168986
0.622562
0.181982
0.146232
0.677598
0.2643
0.146906
0.178329
0.191338
0.57746
0.280366
0.150817
0.16078
0.514208
0.512986
0.189367
0.595301
0.170096
0.58996
0.191178
0.588188
0.579046
0.450475
0.5992
0.137561
0.149091
0.590345
0.633862
0.556261
0.262207
0.247334
0.163359
0.172063
0.351227
0.605096
0.162115
0.182975
0.202924
0.185784
0.16413
0.63388
0.17957
0.160526
0.225289
0.181062
0.589037
0.40036
0.194728
0.16426
0.504596
0.425402
0.18001
0.665139
0.380206
0.204038
0.529346
0.233076
0.615524
0.441282
0.156263
0.639483
0.086083
0.565112
0.135921
0.60943
0.463414
0.372709
0.591169
0.145399
0.353187
0.216215
0.118291
0.211818
0.161353
0.0860491
0.161979
0.526705
0.58519
0.632906
0.552057
0.151295
0.622138
0.668057
0.143638
0.199359
0.613827
0.596233
0.18043
0.183152
0.616009
0.141733
0.633012
0.582032
0.158701
0.240243
0.264852
0.157669
0.605862
0.670862
0.156388
0.18335
0.206341
0.549975
0.142544
0.194645
0.141143
0.423411
0.19472
0.151182
0.225855
0.168993
0.563744
0.154937
0.122866
0.487077
0.747975
0.173588
0.679615
0.624525
0.173182
0.642711
0.152427
0.169015
0.157508
0.637183
0.167052
0.143873
0.608034
0.345604
0.585225
0.197501
0.186949
0.499588
0.582426
0.377738
0.481869
0.724704
0.187127
0.20882
0.124957
0.155991
0.347171
0.159427
0.753772
0.59771
0.147086
0.170328
0.502697
0.618317
0.140369
0.697254
0.425138
0.259606
0.163803
0.605314
0.639658
0.400816
0.134736
0.26683
0.645571
0.662687
0.224069
0.433119
0.555427
0.456978
0.201485
0.132075
0.685312
0.642231
0.754517
0.157066
0.281221
0.104366
0.140325
0.580413
0.618619
0.464806
0.572189
0.163522
0.330152
0.162162
0.413081
0.17975
0.105075
0.191825
0.618093
0.197359
0.158252
0.650394
0.154376
0.259887
0.183212
0.236646
0.645498
0.668273
0.241411
0.218327
0.59184
0.444804
0.172737
0.623488
0.221984
0.236387
0.599198
0.155042
0.163763
0.359815
0.583967
0.561278
0.226031
0.18002
0.251583
0.142829
0.17481
0.537847
0.63638
0.196658
0.264257
0.552182
0.309537
0.225026
0.335025
0.579133
0.379514
0.383201
0.584957
0.473784
0.444234
0.217374
0.141267
0.343838
0.204386
0.617125
0.39479
0.284167
0.160715
0.150651
0.262001
0.661888
0.6032
0.498831
0.156883
0.588712
0.161423
0.351544
0.499188
0.138459
0.616859
0.162439
0.566858
0.572885
0.54011
0.164275
0.179186
0.415897
0.0943007
0.118729
0.340812
0.193694
0.29544
0.628779
0.274964
0.341951
0.610198
0.118027
0.155306
0.155298
0.143909
0.340155
0.62754
0.620477
0.446023
0.354814
0.359564
0.404315
0.763527
0.713788
0.274637
0.296403
0.458056
0.694864
0.200719
0.720573
0.170312
0.558478
0.804536
0.57768
0.309416
0.403753
0.740876
0.572577
0.559073
0.162416
0.369034
0.518732
0.175774
0.601168
0.792236
0.677214
0.543616
0.16383
0.0981247
0.196159
0.288053
0.208878
0.575564
0.650983
0.371588
0.447903
0.500915
0.557539
0.546727
0.441792
0.626917
0.559857
0.151418
0.338564
0.299537
0.59769
0.186829
0.588762
0.224033
0.496575
0.158626
0.248135
0.527789
0.361754
0.123956
0.216976
0.430169
0.404948
0.476146
0.547434
0.393599
0.140436
0.250521
0.633909
0.590053
0.414173
0.359567
0.170434
0.122733
0.572779
0.179589
0.510329
0.387766
0.624862
0.552745
0.170295
0.364298
0.330687
0.455539
0.221657
0.327655
0.650854
0.610635
0.152947
0.402224
0.163549
0.587306
0.452037
0.640146
0.724168
0.319059
0.611441
0.520559
0.603614
0.444309
0.304801
0.386469
0.172616
0.305593
0.66199
0.583044
0.552459
0.237195
0.584392
0.180649
0.363571
0.159715
0.272335
0.300902
0.168401
0.263962
0.127794
0.182803
0.197437
0.637704
0.232927
0.573343
0.60607
0.656467
0.617068
0.324679
0.654745
0.151124
0.616169
0.594893
0.160788
0.163732
0.567432
0.460478
0.188071
0.635602
0.449529
0.169754
0.427023
0.169254
0.59805
0.496902
0.435943
0.522932
0.576176
0.504783
0.180262
0.116568
0.620083
0.580265
0.602495
0.369962
0.209993
0.146524
0.299611
0.650662
0.168649
0.3401
0.613667
0.410077
0.644775
0.289182
0.337135
0.608108
0.387591
0.124754
0.478198
0.205451
0.146528
0.140329
0.52231
0.409544
0.182769
0.227783
0.533586
0.319858
0.574845
0.529939
0.232536
0.199484
0.370918
0.131546
0.181859
0.151943
0.675744
0.544208
0.603832
0.250293
0.55322
0.549993
0.146046
0.344869
0.132479
0.644546
0.136004
0.453837
0.190168
0.52819
0.346053
0.308054
0.565454
0.624272
0.157208
0.263366
0.420498
0.162095
0.635966
0.152417
0.404993
0.251651
0.475582
0.664431
0.367578
0.145483
0.600676
0.579444
0.279316
0.139145
0.335718
0.434154
0.266857
0.235767
0.583444
0.181674
0.549089
0.436041
0.74704
0.414097
0.625429
0.588324
0.170197
0.576449
0.46259
0.208987
0.454627
0.56223
0.191333
0.238761
0.401033
0.165268
0.609816
0.625467
0.151864
0.483592
0.236011
0.444765
0.491095
0.569458
0.601135
0.36253
0.192718
0.169979
0.349935
0.416706
0.358975
0.652084
0.769272
0.213876
0.119182
0.477817
0.167683
0.298614
0.279186
0.513321
0.663637
0.211565
0.309311
0.180589
0.566673
0.368158
0.206366
0.202399
0.427515
0.400066
0.28706
0.536621
0.165039
0.144882
0.572639
0.222044
0.375214
0.325586
0.177509
0.145127
0.167599
0.345818
0.551718
0.430818
0.745401
0.555827
0.277074
0.413788
0.575793
0.183379
0.332479
0.36928
0.185846
0.51552
0.141111
0.195742
0.558026
0.276349
0.71284
0.405258
0.421204
0.421826
0.186024
0.666837
0.43314
0.232464
0.434535
0.128865
0.219218
0.167827
0.584791
0.163519
0.592889
0.44256
0.33778
0.579143
0.504688
0.372148
0.319927
0.548126
0.479285
0.152392
0.6582
0.35304
0.171954
0.369359
0.120795
0.607259
0.135887
0.17842
0.123056
0.349824
0.343294
0.415387
0.483645
0.171339
0.145231
0.143427
0.39915
0.156218
0.279152
0.182939
0.0792426
0.409579
0.755547
0.587652
0.171344
0.311943
0.126362
0.142086
0.184283
0.127371
0.220492
0.472708
0.56546
0.158726
0.586379
0.587454
0.737762
0.465557
0.172726
0.416673
0.586285
0.159956
0.185918
0.584555
0.571632
0.44974
0.173845
0.164051
0.383538
0.288459
0.533348
0.399085
0.562538
0.198676
0.113167
0.159477
0.292561
0.47012
0.288649
0.45617
0.545966
0.623972
0.407643
0.17664
0.464733
0.178297
0.191533
0.383499
0.191883
0.143327
0.0911001
0.203216
0.548687
0.633037
0.542352
0.168834
0.107354
0.402934
0.387274
0.647646
0.617058
0.42587
0.176465
0.145672
0.409661
0.656285
0.221305
0.342425
0.227477
0.127442
0.122562
0.154166
0.345109
0.613383
0.0872956
0.104977
0.240391
0.163648
0.310087
0.227848
0.13627
0.33699
0.211187
0.555346
0.471293
0.53839
0.165267
0.184475
0.159748
0.133401
0.391734
0.300882
0.395724
0.145143
0.19792
0.383273
0.158102
0.5552
0.730189
0.470844
0.150864
0.147028
0.610954
0.143216
0.166327
0.163632
0.712166
0.443642
0.400133
0.46082
0.171595
0.269887
0.43906
0.485374
0.115221
0.162194
0.449258
0.238036
0.438335
0.176365
0.375488
0.158726
0.109508
0.146183
0.404694
0.413659
0.557854
0.497471
0.101072
0.207726
0.166425
0.196688
0.343889
0.408081
0.169375
0.196607
0.552903
0.164173
0.35334
0.155317
0.474891
0.144223
0.421871
0.22163
0.38333
0.509966
0.21639
0.276357
0.152327
0.18155
0.264949
0.183759
0.147482
0.42062
0.0659929
0.269154
0.280971
0.430693
0.179069
0.442091
0.356634
0.0956505
0.459937
0.183544
0.157191
0.557757
0.151169
0.17885
0.460298
0.178787
0.598025
0.390458
0.130507
0.180839
0.164002
0.246506
0.16688
0.221568
0.164817
0.164518
0.213997
0.166884
0.711044
0.157175
0.151317
0.0892371
0.585605
0.169424
0.193345
0.201274
0.444875
0.507122
0.43382
0.609692
0.207501
0.117542
0.320402
0.658282
0.163966
0.621694
0.0779554
0.37587
0.471281
0.23621
0.182571
0.386065
0.513182
0.162568
0.591399
0.337958
0.139894
0.164975
0.126902
0.543547
0.428936
0.729539
0.180465
0.659707
0.299992
0.397752
0.172206
0.131651
0.249035
0.195834
0.198861
0.441392
0.186297
0.121497
0.308905
0.340274
0.413102
0.194818
0.169837
0.296228
0.502788
0.591479
0.557142
0.679608
0.296808
0.155389
0.606172
0.708466
0.343538
0.181806
0.631048
0.156383
0.603638
0.554819
0.66123
0.542063
0.172023
0.195122
0.152433
0.268372
0.07052
0.232618
0.158392
0.180423
0.432411
0.161749
0.544505
0.604292
0.13659
0.118494
0.472184
0.177576
0.156305
0.592018
0.147975
0.162219
0.168198
0.392391
0.591556
0.182418
0.146417
0.228846
0.162417
0.167032
0.270776
0.172793
0.16681
0.528675
0.338874
0.225162
0.581644
0.171848
0.224971
0.404236
0.349191
0.27354
0.175818
0.327214
0.152853
0.39753
0.121507
0.327745
0.210564
0.250375
0.158566
0.343789
0.173398
0.421805
0.582759
0.407504
0.167801
0.426886
0.168605
0.182582
0.352935
0.103325
0.564164
0.539
0.236881
0.555021
0.199046
0.140967
0.354023
0.562706
0.162349
0.598552
0.58531
0.186861
0.264349
0.163568
0.438799
0.648989
0.544612
0.367728
0.661525
0.533885
0.0890964
0.159632
0.275941
0.41589
0.409316
0.412415
0.124921
0.156782
0.542637
0.207087
0.460038
0.591188
0.611763
0.617483
0.110247
0.56935
0.36654
0.587269
0.524273
0.698689
0.197506
0.199345
0.475731
0.141716
0.425322
0.624359
0.13448
0.18073
0.585206
0.134982
0.49573
0.127069
0.157187
0.352993
0.0926186
0.198122
0.372915
0.354592
0.703149
0.739029
0.351996
0.135687
0.259353
0.627803
0.340268
0.486322
0.214985
0.180786
0.141217
0.205928
0.397489
0.618441
0.456465
0.663882
0.331506
0.398738
0.148299
0.439536
0.147145
0.159948
0.645425
0.133621
0.279137
0.593896
0.607532
0.639299
0.147334
0.392062
0.400096
0.352214
0.145103
0.172794
0.170435
0.577155
0.131588
0.638027
0.362805
0.168488
0.587384
0.141113
0.0925252
0.65723
0.536317
0.149439
0.650711
0.0958258
0.550178
0.189548
0.638794
0.186445
0.225084
0.552828
0.460605
0.542444
0.316523
0.563251
0.422124
0.593979
0.117252
0.182718
0.167282
0.233138
0.152072
0.412085
0.491274
0.147868
0.554918
0.453825
0.172188
0.197941
0.154671
0.201493
0.135604
0.0712084
0.149073
0.181933
0.575125
0.458143
0.595935
0.414348
0.347365
0.250268
0.154126
0.206963
0.547977
0.162115
0.186224
0.351368
0.168582
0.225492
0.169095
0.142312
0.185475
0.170067
0.158006
0.15342
0.175275
0.378524
0.184956
0.450703
0.526279
0.126302
0.165535
0.154418
0.157264
0.0884852
0.281374
0.309946
0.131999
0.154006
0.229807
0.15591
0.197695
0.170248
0.12928
0.394188
0.112391
0.142346
0.687933
0.120419
0.186141
0.177348
0.185312
0.147271
0.139041
0.473415
0.191086
0.1395
0.594477
0.186181
0.167203
0.450392
0.420317
0.189283
0.7663
0.167888
0.128612
0.60266
0.445741
0.407971
0.581886
0.155563
0.106485
0.126672
0.14845
0.378239
0.141686
0.165974
0.132389
0.573824
0.163102
0.393351
0.579309
0.333372
0.626498
0.569117
0.183347
0.18141
0.168864
0.624028
0.155137
0.362342
0.633521
0.598283
0.201088
0.445373
0.622699
0.213692
0.162858
0.146565
0.137373
0.175897
0.640705
0.389691
0.135318
0.167159
0.360108
0.544303
0.173208
0.170096
0.129077
0.137837
0.397366
0.490565
0.602423
0.133541
0.17083
0.124093
0.186562
0.174868
0.122791
0.431219
0.60517
0.058376
0.195076
0.15507
0.115923
0.571906
0.113507
0.157723
0.170498
0.068437
0.165003
0.161696
0.660073
0.174284
0.274212
0.178042
0.125575
0.171305
0.279502
0.152872
0.138873
0.142311
0.152061
0.161501
0.233332
0.171258
0.778713
0.128737
0.159994
0.565811
0.329645
0.555436
0.14459
0.243614
0.546302
0.182976
0.553702
0.604478
0.157168
0.491054
0.184504
0.137977
0.497726
0.714604
0.123469
0.318314
0.457896
0.161105
0.148386
0.129205
0.14652
0.139277
0.115404
0.173527
0.188522
0.148083
0.0885046
0.573492
0.145326
0.564073
0.23929
0.419824
0.0670908
0.576253
0.460206
0.625593
0.188734
0.170907
0.188663
0.118852
0.597713
0.32929
0.461628
0.155905
0.175376
0.22205
0.151993
0.167835
0.537701
0.514841
0.562348
0.158056
0.102136
0.161941
0.0945825
0.094419
0.171332
0.48092
0.158698
0.130339
0.115296
0.127026
0.137512
0.160704
0.154114
0.327742
0.128326
0.248161
0.121618
0.190185
0.138901
0.420527
0.599681
0.148673
0.594378
0.218075
0.438871
0.167253
0.569616
0.366477
0.178959
0.114289
0.18141
0.133737
0.171105
0.562742
0.378305
0.142438
0.585416
0.159294
0.422196
0.345092
0.582147
0.44605
0.526427
0.563323
0.531285
0.780347
0.360256
0.420573
0.207344
0.164559
0.170044
0.228804
0.599416
0.591706
0.372673
0.637275
0.163067
0.294218
0.726431
0.163689
0.576683
0.544571
0.559691
0.143812
0.530546
0.600749
0.43049
0.626856
0.635817
0.635227
0.712199
0.607583
0.603765
0.409157
0.340132
0.219947
0.142894
0.240638
0.611179
0.185768
0.148769
0.628631
0.538662
0.458291
0.61313
0.652084
0.173942
0.610012
0.618855
0.595762
0.584241
0.132093
0.396594
0.616763
0.556995
0.567008
0.635661
0.475318
0.64492
0.600366
0.621262
0.639067
0.581946
0.647927
0.638421
0.545699
0.650262
0.657344
0.62179
0.654084
0.415073
0.692157
0.606847
0.774493
0.521531
0.546757
0.739267
0.553094
0.385299
0.447796
0.428194
0.557188
0.591094
0.678051
0.503569
0.561476
0.524087
0.616844
0.622921
0.552139
0.507523
0.65692
0.566575
0.595623
0.547892
0.53666
0.631244
0.488574
0.573842
0.641686
0.525702
0.35712
0.470325
0.670368
0.670205
0.55525
0.716798
0.777413
0.604684
0.661512
0.742864
0.598655
0.641828
0.526653
0.434617
0.579103
0.520357
0.54501
0.36122
0.548501
0.526882
0.517197
0.552266
0.529117
0.476462
0.609903
0.583127
0.569777
0.556615
0.566863
0.639805
0.55419
0.506858
0.618046
0.491268
0.571604
0.550829
0.553534
0.327898
0.688557
0.615104
0.610464
0.580927
0.62416
0.510344
0.510296
0.596943
0.565171
0.526614
0.559487
0.481122
0.584042
0.535143
0.563086
0.434163
0.684021
0.779425
0.568925
0.768702
0.572845
0.768539
0.749191
0.591055
0.618089
0.511989
0.668158
0.642605
0.579994
0.5494
0.566306
0.607822
0.55987
0.473307
0.567323
0.518095
0.538264
0.626956
0.541691
0.532273
0.553164
0.165397
0.542373
0.483456
0.594148
0.596825
0.632399
0.575427
0.682204
0.532296
0.488273
0.250124
0.539595
0.524553
0.614648
0.654222
0.578567
0.542331
0.485546
0.580549
0.586605
0.481288
0.645455
0.493668
0.540316
0.5875
0.541427
0.548264
0.524247
0.606636
0.47802
0.608056
0.476498
0.59948
0.540505
0.503657
0.656916
0.434051
0.735168
0.490771
0.562308
0.631017
0.534566
0.549744
0.521782
0.551822
0.633298
0.559997
0.504443
0.586915
0.566201
0.572111
0.584579
0.569172
0.0875236
0.297124
0.645794
0.628056
0.647387
0.557287
0.625695
0.509922
0.400754
0.58324
0.558971
0.561407
0.40011
0.5605
0.442817
0.560854
0.16018
0.309392
0.321727
0.516885
0.0865318
0.60432
0.585128
0.597076
0.596633
0.535343
0.555039
0.510198
0.173558
0.563836
0.541443
0.610425
0.472119
0.579195
0.605759
0.51473
0.47802
0.622144
0.639987
0.625496
0.543522
0.202018
0.534671
0.589613
0.502589
0.196536
0.142841
0.4008
0.250061
0.596551
0.742325
0.517645
0.36494
0.545192
0.539981
0.425635
0.58831
0.50654
0.55124
0.562763
0.504804
0.484728
0.428283
0.641519
0.301265
0.260741
0.557433
0.633809
0.669324
0.624169
0.537637
0.0719785
0.665908
0.427966
0.36617
0.524674
0.341481
0.717425
0.708084
0.442034
0.713935
0.432865
0.328344
0.469994
0.307562
0.460189
0.537962
0.380472
0.386271
0.316131
0.570281
0.260994
0.360936
0.290613
0.648491
0.422995
0.663983
0.537924
0.457595
0.525594
0.568929
0.725732
0.570905
0.699878
0.74506
0.707936
0.345137
0.411144
0.347344
0.644941
0.654591
0.151161
0.707281
0.487685
0.466732
0.449624
0.737569
0.222405
0.109445
0.132929
0.243719
0.170589
0.601739
0.420441
0.268079
0.447277
0.466805
0.171451
0.589955
0.676605
0.588764
0.681983
0.595759
0.536878
0.556427
0.116755
0.45756
0.459659
0.588827
0.58062
0.43452
0.377108
0.556206
0.656984
0.409108
0.421725
0.124428
0.349402
0.468368
0.547959
0.274086
0.367555
0.607171
0.587944
0.164178
0.24253
0.147497
0.241884
0.480923
0.606531
0.755102
0.405225
0.62274
0.546204
0.516357
0.58209
0.507656
0.447026
0.608499
0.612701
0.142703
0.414215
0.458926
0.556868
0.229962
0.444716
0.568216
0.656048
0.622855
0.533888
0.155332
0.561827
0.384305
0.466537
0.606136
0.138418
0.716641
0.64391
0.505639
0.696006
0.59177
0.566961
0.351701
0.664923
0.580874
0.540619
0.617897
0.564263
0.719578
0.468721
0.591093
0.577477
0.525349
0.76422
0.127321
0.469166
0.492465
0.531281
0.514221
0.423351
0.556601
0.324974
0.172377
0.586523
0.619854
0.550535
0.767751
0.551255
0.766897
0.52948
0.759668
0.493927
0.529412
0.415786
0.604257
0.646785
0.620247
0.615399
0.68072
0.500097
0.157247
0.146064
0.510994
0.373066
0.584629
0.619804
0.604437
0.326559
0.515944
0.565396
0.563414
0.574366
0.586053
0.362078
0.44001
0.358577
0.383736
0.291413
0.576332
0.748189
0.732766
0.499933
0.449062
0.583673
0.331063
0.359983
0.714512
0.4843
0.643297
0.244803
0.349883
0.736749
0.161342
0.65514
0.656714
0.446214
0.554715
0.108992
0.57276
0.548685
0.526151
0.724218
0.223339
0.276904
0.583117
0.618068
0.703726
0.600993
0.581498
0.197186
0.577384
0.138207
0.495561
0.492941
0.621358
0.661624
0.470391
0.656236
0.361119
0.433689
0.184328
0.119072
0.554502
0.619581
0.592537
0.452983
0.634581
0.17076
0.549665
0.25238
0.417497
0.640853
0.516206
0.597689
0.326619
0.577194
0.405482
0.176666
0.627872
0.494638
0.603855
0.148102
0.165822
0.439053
0.232775
0.610927
0.585246
0.424636
0.329544
0.318621
0.509679
0.579386
0.532292
0.143127
0.130036
0.457882
0.314399
0.41896
0.30036
0.580322
0.163325
0.366763
0.626954
0.631465
0.102113
0.684322
0.144092
0.579761
0.697968
0.582151
0.157695
0.538839
0.710291
0.64493
0.402532
0.152141
0.200664
0.474132
0.160248
0.140692
0.15351
0.659091
0.542267
0.511965
0.358541
0.119403
0.682687
0.139588
0.64172
0.122297
0.516709
0.116495
0.479229
0.667888
0.499065
0.590135
0.760729
0.501735
0.582298
0.564115
0.132649
0.568931
0.544121
0.465464
0.585051
0.15704
0.11701
0.655473
0.135825
0.533412
0.543225
0.54776
0.544872
0.629135
0.467881
0.151307
0.492512
0.492524
0.561447
0.704526
0.287575
0.128557
0.537707
0.394487
0.549629
0.586274
0.460292
0.141379
0.575121
0.562201
0.151088
0.578966
0.729627
0.566556
0.515111
0.518769
0.187807
0.552308
0.528239
0.55428
0.532833
0.156845
0.561818
0.4999
0.517966
0.605713
0.633819
0.136999
0.560991
0.544176
0.786614
0.536103
0.577076
0.394506
0.51897
0.538828
0.271077
0.563663
0.537471
0.459654
0.554479
0.557833
0.590324
0.519743
0.608717
0.708705
0.74374
0.558221
0.413784
0.145965
0.53543
0.174634
0.518053
0.745944
0.160845
0.485123
0.565369
0.144608
0.65377
0.160097
0.795225
0.795416
0.156089
0.506075
0.414317
0.72445
0.188412
0.618752
0.581696
0.427889
0.346351
0.632836
0.568871
0.549148
0.634278
0.149132
0.73584
0.751843
0.138771
0.474061
0.163479
0.421987
0.521715
0.66574
0.646204
0.750945
0.503594
0.223027
0.495604
0.560575
0.530247
0.156629
0.229755
0.243308
0.525483
0.136393
0.574238
0.418333
0.159185
0.560187
0.569824
0.137799
0.577717
0.155744
0.160556
0.60473
0.72614
0.601259
0.746505
0.683548
0.129111
0.437067
0.681422
0.145844
0.588441
0.700576
0.692314
0.771377
0.156166
0.427068
0.810092
0.598253
0.273971
0.540886
0.319575
0.737188
0.557332
0.648533
0.474311
0.455471
0.182692
0.463524
0.580268
0.148331
0.332773
0.745083
0.645505
0.460004
0.723343
0.269137
0.473565
0.716758
0.514396
0.508737
0.746846
0.582255
0.610233
0.619916
0.672883
0.128585
0.64519
0.225638
0.576355
0.477297
0.353286
0.316953
0.517185
0.344347
0.608265
0.638967
0.616051
0.561818
0.244651
0.166667
0.475792
0.4398
0.501298
0.451838
0.334428
0.546043
0.547793
0.132715
0.279445
0.728008
0.63827
0.154291
0.407623
0.703369
0.527462
0.650372
0.546234
0.591763
0.611324
0.143165
0.162749
0.409977
0.488394
0.614124
0.473575
0.47167
0.595534
0.145083
0.736408
0.757736
0.392062
0.61484
0.718915
0.139405
0.401737
0.42926
0.653037
0.649227
0.745747
0.780265
0.157048
0.647
0.609262
0.578211
0.379986
0.338234
0.511848
0.671748
0.55962
0.224285
0.543347
0.155915
0.469041
0.0967128
0.497186
0.459919
0.238424
0.627473
0.537835
0.516273
0.123294
0.414617
0.562013
0.759807
0.631552
0.714743
0.46625
0.518519
0.266906
0.504785
0.199331
0.578159
0.499935
0.160076
0.596877
0.589077
0.605133
0.599791
0.662913
0.262506
0.529551
0.650871
0.0761227
0.653415
0.549176
0.580204
0.657246
0.496556
0.553422
0.490211
0.50417
0.545999
0.576154
0.634086
0.575214
0.569605
0.444209
0.525539
0.539728
0.558773
0.571989
0.558794
0.582266
0.199083
0.552328
0.536204
0.620448
0.549086
0.625502
0.605323
0.632265
0.633619
0.601312
0.683852
0.664552
0.59219
0.584138
0.596314
0.621012
0.504013
0.543487
0.628368
0.627049
0.63971
0.197684
0.553205
0.613351
0.407473
0.616244
0.541753
0.555663
0.640434
0.391876
0.660164
0.631563
0.569574
0.504089
0.645298
0.650462
0.638614
0.555401
0.5686
0.641249
  </DataArray>
  <DataArray type = "Float64" Name="Vitesse" NumberOfComponents="3" format="ascii">
0 0 0.0 
0 0 0.0 
0 0 0.0 
0 0 0.0 
0 0 0.0 
0 0 0.0 
0 0 0.0 
0 0 0.0 
0 0 0.0 
0 0 0.0 
0 0 0.0 
0 0 0.0 
0 0 0.0 
0 0 0.0 
0 0 0.0 
0 0 0.0 
0 0 0.0 
0 0 0.0 
0 0 0.0 
0.00748309 0.0126226 0.0 
0 0 0.0 
0.00160931 0.00524429 0.0 
0 0 0.0 
0 0 0.0 
0.0019229 0.00618806 0.0 
0 0 0.0 
0 0 0.0 
0 0 0.0 
0 0 0.0 
0 0 0.0 
0 0 0.0 
0 0 0.0 
0 0 0.0 
0 0 0.0 
0 0 0.0 
0 0 0.0 
0.00158747 0.00499718 0.0 
0 0 0.0 
0 0 0.0 
0 0 0.0 
0.00193971 0.00595217 0.0 
0 0 0.0 
0 0 0.0 
0 0 0.0 
0 0 0.0 
0 0 0.0 
0 0 0.0 
0 0 0.0 
0 0 0.0 
0 0 0.0 
0.00209839 0.00593989 0.0 
0 0 0.0 
0 0 0.0 
0 0 0.0 
0 0 0.0 
0 0 0.0 
0 0 0.0 
0 0 0.0 
0 0 0.0 
0 0 0.0 
0 0 0.0 
0 0 0.0 
0 0 0.0 
0 0 0.0 
0 0 0.0 
0 0 0.0 
0.164905 -0.0474104 0.0 
0 0 0.0 
0 0 0.0 
0 0 0.0 
0 0 0.0 
0 0 0.0 
0 0 0.0 
0 0 0.0 
0 0 0.0 
0 0 0.0 
0.00241179 0.00607652 0.0 
0 0 0.0 
0 0 0.0 
0 0 0.0 
0 0 0.0 
0 0 0.0 
7.17876e-05 -1.66388e-05 0.0 
0 0 0.0 
0 0 0.0 
0 0 0.0 
0 0 0.0 
0 0 0.0 
0 0 0.0 
0 0 0.0 
0 0 0.0 
0 0 0.0 
0 0 0.0 
0 0 0.0 
0 0 0.0 
0.0385644 0.000113327 0.0 
0 0 0.0 
0.000135029 -0.000316213 0.0 
0 0 0.0 
0 0 0.0 
0 0 0.0 
0.00346962 0.00843645 0.0 
0 0 0.0 
0 0 0.0 
-0.00592332 -0.00170105 0.0 
0 0 0.0 
0 0 0.0 
0 0 0.0 
0 0 0.0 
0 0 0.0 
0 0 0.0 
0 0 0.0 
0.00398747 0.0129031 0.0 
0 0 0.0 
0 0 0.0 
0 0 0.0 
0 0 0.0 
0 0 0.0 
0 0 0.0 
0 0 0.0 
0 0 0.0 
0 0 0.0 
0 0 0.0 
0.0559165 0.0248179 0.0 
0 0 0.0 
0 0 0.0 
0 0 0.0 
0.216724 0.00614538 0.0 
0 0 0.0 
0 0 0.0 
0 0 0.0 
0 0 0.0 
0 0 0.0 
0 0 0.0 
0 0 0.0 
0 0 0.0 
0 0 0.0 
0 0 0.0 
0 0 0.0 
0 0 0.0 
0.00226241 0.00561189 0.0 
0 0 0.0 
0 0 0.0 
0.238157 -0.000878373 0.0 
0 0 0.0 
0 0 0.0 
0 0 0.0 
0 0 0.0 
0 0 0.0 
0 0 0.0 
-0.00156054 0.00376251 0.0 
0 0 0.0 
0 0 0.0 
0 0 0.0 
0 0 0.0 
0 0 0.0 
0.0379045 -1.84258e-05 0.0 
0 0 0.0 
0 0 0.0 
0.00750443 0.00478592 0.0 
0 0 0.0 
0 0 0.0 
0 0 0.0 
0 0 0.0 
0 0 0.0 
0 0 0.0 
0 0 0.0 
0.0153853 0 0.0 
0 0 0.0 
-0.000405834 0.000667811 0.0 
0 0 0.0 
0 0 0.0 
0 0 0.0 
0 0 0.0 
0 0 0.0 
0 0 0.0 
0 0 0.0 
0 0 0.0 
0 0 0.0 
0 0 0.0 
0 0 0.0 
0 0 0.0 
-0.000638122 0.000976836 0.0 
0 0 0.0 
0 0 0.0 
0 0 0.0 
0 0 0.0 
0 0 0.0 
0 0 0.0 
0 0 0.0 
0 0 0.0 
0 0 0.0 
0.138277 -0.0186422 0.0 
0.0194968 0.0194906 0.0 
0 0 0.0 
0 0 0.0 
0 0 0.0 
0 0 0.0 
0 0 0.0 
0.00109565 -0.00479286 0.0 
0 0 0.0 
-0.000112357 0.000427719 0.0 
0 0 0.0 
0 0 0.0 
0 0 0.0 
0.173178 0.0127266 0.0 
0.109073 0.0224709 0.0 
0.00284302 0.0068297 0.0 
0.0576931 0.0590131 0.0 
0.237201 0.00121143 0.0 
0.00308154 0.00740269 0.0 
0.237866 -9.47095e-05 0.0 
0 0 0.0 
0 0 0.0 
0.0975102 -0.0252191 0.0 
0 0 0.0 
0.023853 0.0117731 0.0 
0 0 0.0 
0 0 0.0 
-0.000515824 0.00088278 0.0 
0 0 0.0 
0 0 0.0 
0 0 0.0 
0 0 0.0 
0 0 0.0 
0 0 0.0 
0 0 0.0 
0 0 0.0 
0 0 0.0 
0 0 0.0 
0 0 0.0 
0 0 0.0 
0 0 0.0 
0 0 0.0 
0 0 0.0 
0 0 0.0 
0 0 0.0 
0 0 0.0 
0 0 0.0 
0 0 0.0 
0 0 0.0 
0 0 0.0 
0.0315975 1.79603e-05 0.0 
0 0 0.0 
0 0 0.0 
0 0 0.0 
-6.6797e-05 0.000293893 0.0 
0 0 0.0 
0 0 0.0 
0 0 0.0 
0 0 0.0 
0.00832968 0.00832808 0.0 
0 0 0.0 
0 0 0.0 
0 0 0.0 
0 0 0.0 
0 0 0.0 
0 0 0.0 
0 0 0.0 
0.00350963 0.00688979 0.0 
0 0 0.0 
0 0 0.0 
0 0 0.0 
0 0 0.0 
0.0339763 -0.000556396 0.0 
0 0 0.0 
0 0 0.0 
0 0 0.0 
0 0 0.0 
0 0 0.0 
0 0 0.0 
0 0 0.0 
0 0 0.0 
0.00189219 -0.00619221 0.0 
0 0 0.0 
0 0 0.0 
0.00052041 -0.00247388 0.0 
0 0 0.0 
0 0 0.0 
0.00312458 0.00681674 0.0 
0 0 0.0 
0 0 0.0 
0 0 0.0 
0 0 0.0 
0 0 0.0 
0 0 0.0 
0.00309149 0.00667406 0.0 
0 0 0.0 
0 0 0.0 
0.220151 -0.00503974 0.0 
0 0 0.0 
0 0 0.0 
0 0 0.0 
0 0 0.0 
0 0 0.0 
0 0 0.0 
0 0 0.0 
0 0 0.0 
0 0 0.0 
0 0 0.0 
0 0 0.0 
0.029775 0.000119985 0.0 
0 0 0.0 
0 0 0.0 
0 0 0.0 
0 0 0.0 
0 0 0.0 
0 0 0.0 
0 0 0.0 
0 0 0.0 
0 0 0.0 
0 0 0.0 
0 0 0.0 
0 0 0.0 
0 0 0.0 
0.00308127 0.00662917 0.0 
0 0 0.0 
0 0 0.0 
0 0 0.0 
0 0 0.0 
0 0 0.0 
0 0 0.0 
0 0 0.0 
0 0 0.0 
0.00308127 0.00662917 0.0 
0.292291 0 0.0 
0.00439215 0.0086389 0.0 
0 0 0.0 
0 0 0.0 
0.0106281 0.0119508 0.0 
0 0 0.0 
0 0 0.0 
0 0 0.0 
0 0 0.0 
0 0 0.0 
0 0 0.0 
0 0 0.0 
0.0307657 -5.14134e-05 0.0 
0 0 0.0 
0 0 0.0 
0 0 0.0 
0.0372556 -6.09062e-05 0.0 
0 0 0.0 
0 0 0.0 
0 0 0.0 
0 0 0.0 
0.0342388 2.15998e-05 0.0 
0 0 0.0 
0.0258541 4.90496e-05 0.0 
0.0453122 -0.000438141 0.0 
0 0 0.0 
0.0425419 3.03843e-05 0.0 
0 0 0.0 
0 0 0.0 
0.0254019 -5.81882e-05 0.0 
3.50086e-12 -1.57265e-14 0.0 
0 0 0.0 
0 0 0.0 
0.0535278 -0.000761479 0.0 
0 0 0.0 
-2.88762e-05 -9.98201e-05 0.0 
0.0376708 4.73535e-05 0.0 
0 0 0.0 
0 0 0.0 
0.299324 0 0.0 
0 0 0.0 
0.0306648 9.71894e-05 0.0 
0.0410748 0.000867752 0.0 
0 0 0.0 
0 0 0.0 
0 0 0.0 
0 0 0.0 
0.031924 -8.52799e-05 0.0 
0.0321095 1.99798e-05 0.0 
0 0 0.0 
-3.42493e-05 0.000113982 0.0 
0 0 0.0 
0 0 0.0 
0.000168624 -2.13236e-05 0.0 
0 0 0.0 
0 0 0.0 
0 0 0.0 
0.245609 -0.0758128 0.0 
0 0 0.0 
0 0 0.0 
0 0 0.0 
0 0 0.0 
0 0 0.0 
0.00734925 0.0123154 0.0 
0 0 0.0 
0 0 0.0 
0 0 0.0 
0 0 0.0 
0 0 0.0 
0 0 0.0 
0.0308926 4.67434e-05 0.0 
0.209892 0 0.0 
0.170184 0 0.0 
0.0196928 -1.48638e-06 0.0 
0.0459124 0.000447528 0.0 
0.0321952 2.45903e-05 0.0 
0 0 0.0 
0.103708 -0.0083393 0.0 
0.0288164 -6.69488e-06 0.0 
0 0 0.0 
0.0525379 0 0.0 
-0.000149678 0.000706489 0.0 
0 0 0.0 
0.0101166 -4.29161e-05 0.0 
0.0309481 -8.73732e-06 0.0 
0 0 0.0 
0.0694396 -0.000474592 0.0 
0.030414 0.000170649 0.0 
0.0248122 -6.12765e-05 0.0 
-0.0120227 -4.69831e-05 0.0 
0.0298916 4.12022e-05 0.0 
-0.000626739 -0.00180618 0.0 
0.00618782 0.010991 0.0 
0.0294357 0.000109836 0.0 
0.0352887 7.03735e-05 0.0 
0.0359035 8.10028e-05 0.0 
0.0245411 3.76804e-05 0.0 
0.0297997 -3.06568e-05 0.0 
0.0242602 -3.51827e-05 0.0 
0.0328372 2.14945e-05 0.0 
0 0 0.0 
-0.0130045 0.000396095 0.0 
0.0322108 -4.04775e-05 0.0 
0.00402071 0.00765446 0.0 
0.0236188 2.94181e-06 0.0 
0.0640286 0.00178391 0.0 
-0.00024869 -0.00105121 0.0 
0.0689644 0 0.0 
0.0279778 2.43227e-05 0.0 
0.0225861 2.60592e-05 0.0 
0.0590536 3.44619e-05 0.0 
0.0285544 0 0.0 
0 0 0.0 
0 0 0.0 
0 0 0.0 
0 0 0.0 
0 0 0.0 
0 0 0.0 
0 0 0.0 
0 0 0.0 
0 0 0.0 
0 0 0.0 
0 0 0.0 
0 0 0.0 
0 0 0.0 
0 0 0.0 
0 0 0.0 
0 0 0.0 
0 0 0.0 
0 0 0.0 
0 0 0.0 
0 0 0.0 
0 0 0.0 
0 0 0.0 
0 0 0.0 
0 0 0.0 
0 0 0.0 
0 0 0.0 
0 0 0.0 
0 0 0.0 
0 0 0.0 
0 0 0.0 
0 0 0.0 
0 0 0.0 
0 0 0.0 
0 0 0.0 
0 0 0.0 
0 0 0.0 
0 0 0.0 
0 0 0.0 
0 0 0.0 
0 0 0.0 
0 0 0.0 
0 0 0.0 
0 0 0.0 
0 0 0.0 
0 0 0.0 
0 0 0.0 
0 0 0.0 
0 0 0.0 
0 0 0.0 
0 0 0.0 
0 0 0.0 
0 0 0.0 
0 0 0.0 
0 0 0.0 
0 0 0.0 
0 0 0.0 
0 0 0.0 
0 0 0.0 
0 0 0.0 
0 0 0.0 
0 0 0.0 
0 0 0.0 
0 0 0.0 
0 0 0.0 
0 0 0.0 
0 0 0.0 
0 0 0.0 
0 0 0.0 
0 0 0.0 
0 0 0.0 
0 0 0.0 
0 0 0.0 
0 0 0.0 
0 0 0.0 
0 0 0.0 
0 0 0.0 
0 0 0.0 
0 0 0.0 
0 0 0.0 
0 0 0.0 
0 0 0.0 
0 0 0.0 
0 0 0.0 
0 0 0.0 
0 0 0.0 
0 0 0.0 
0 0 0.0 
0 0 0.0 
0 0 0.0 
0 0 0.0 
0 0 0.0 
0 0 0.0 
0 0 0.0 
0 0 0.0 
0 0 0.0 
0 0 0.0 
0 0 0.0 
0 0 0.0 
0 0 0.0 
0 0 0.0 
0 0 0.0 
0 0 0.0 
0 0 0.0 
0 0 0.0 
0 0 0.0 
0 0 0.0 
0 0 0.0 
0 0 0.0 
0 0 0.0 
0 0 0.0 
0 0 0.0 
0 0 0.0 
0 0 0.0 
0 0 0.0 
0 0 0.0 
0 0 0.0 
0 0 0.0 
0 0 0.0 
0 0 0.0 
0 0 0.0 
0 0 0.0 
0 0 0.0 
0 0 0.0 
0 0 0.0 
0 0 0.0 
0 0 0.0 
0 0 0.0 
0 0 0.0 
0 0 0.0 
0 0 0.0 
0 0 0.0 
0 0 0.0 
0 0 0.0 
0 0 0.0 
0 0 0.0 
0 0 0.0 
0 0 0.0 
0 0 0.0 
0 0 0.0 
0 0 0.0 
0 0 0.0 
0 0 0.0 
0 0 0.0 
0 0 0.0 
0 0 0.0 
0 0 0.0 
0 0 0.0 
0 0 0.0 
0 0 0.0 
0 0 0.0 
0 0 0.0 
0 0 0.0 
0 0 0.0 
0 0 0.0 
0 0 0.0 
0 0 0.0 
0 0 0.0 
0 0 0.0 
0 0 0.0 
0 0 0.0 
0 0 0.0 
0 0 0.0 
0 0 0.0 
0 0 0.0 
0 0 0.0 
0 0 0.0 
0 0 0.0 
0 0 0.0 
0 0 0.0 
0 0 0.0 
0 0 0.0 
0 0 0.0 
0 0 0.0 
0 0 0.0 
0 0 0.0 
0 0 0.0 
0 0 0.0 
0 0 0.0 
0 0 0.0 
0 0 0.0 
0 0 0.0 
0 0 0.0 
0 0 0.0 
0 0 0.0 
0 0 0.0 
0 0 0.0 
0 0 0.0 
0 0 0.0 
0 0 0.0 
0 0 0.0 
0 0 0.0 
0 0 0.0 
0 0 0.0 
0 0 0.0 
0 0 0.0 
0 0 0.0 
0 0 0.0 
0 0 0.0 
0 0 0.0 
0 0 0.0 
0 0 0.0 
0 0 0.0 
0 0 0.0 
0 0 0.0 
0 0 0.0 
0 0 0.0 
0 0 0.0 
0 0 0.0 
0 0 0.0 
0 0 0.0 
0 0 0.0 
0 0 0.0 
0 0 0.0 
0 0 0.0 
0 0 0.0 
0 0 0.0 
0 0 0.0 
0 0 0.0 
0 0 0.0 
0 0 0.0 
0 0 0.0 
0 0 0.0 
0 0 0.0 
0 0 0.0 
0 0 0.0 
0 0 0.0 
0 0 0.0 
0 0 0.0 
0 0 0.0 
0 0 0.0 
0 0 0.0 
0 0 0.0 
0 0 0.0 
0 0 0.0 
0 0 0.0 
0 0 0.0 
0 0 0.0 
0 0 0.0 
0 0 0.0 
0 0 0.0 
0 0 0.0 
0 0 0.0 
0 0 0.0 
0 0 0.0 
0 0 0.0 
0 0 0.0 
0 0 0.0 
0 0 0.0 
0 0 0.0 
0 0 0.0 
0 0 0.0 
0 0 0.0 
0 0 0.0 
0 0 0.0 
0 0 0.0 
0 0 0.0 
0 0 0.0 
0 0 0.0 
0 0 0.0 
0 0 0.0 
0 0 0.0 
0 0 0.0 
0 0 0.0 
0 0 0.0 
0 0 0.0 
0 0 0.0 
0 0 0.0 
0 0 0.0 
0 0 0.0 
0 0 0.0 
0 0 0.0 
0 0 0.0 
0 0 0.0 
0 0 0.0 
0 0 0.0 
0 0 0.0 
0 0 0.0 
0 0 0.0 
0 0 0.0 
0 0 0.0 
0 0 0.0 
0 0 0.0 
0 0 0.0 
0 0 0.0 
0 0 0.0 
0 0 0.0 
0 0 0.0 
0 0 0.0 
0 0 0.0 
0 0 0.0 
0 0 0.0 
0 0 0.0 
0 0 0.0 
0 0 0.0 
0 0 0.0 
0 0 0.0 
0 0 0.0 
0 0 0.0 
0 0 0.0 
0 0 0.0 
0 0 0.0 
0 0 0.0 
0 0 0.0 
0 0 0.0 
0 0 0.0 
0 0 0.0 
0 0 0.0 
0 0 0.0 
0 0 0.0 
0 0 0.0 
0 0 0.0 
0 0 0.0 
0 0 0.0 
0 0 0.0 
0.0300774 -6.33941e-05 0.0 
0.0314469 3.14861e-05 0.0 
0.0304104 6.05094e-07 0.0 
0.0317786 -0.000163688 0.0 
0.0254854 5.03165e-06 0.0 
0.0278217 -0.000150052 0.0 
0.0272973 -0.000105929 0.0 
0.0706233 0.000134915 0.0 
0.0313927 9.8002e-05 0.0 
0.0355899 -6.56196e-05 0.0 
0.030787 -0.00131939 0.0 
0.0244806 2.2618e-05 0.0 
0.0311429 -8.904e-05 0.0 
-0.00069726 0.00113453 0.0 
-0.000813779 0.00228674 0.0 
0.0378085 -4.70884e-05 0.0 
0.0287453 -3.82273e-05 0.0 
0.0270553 0.000159154 0.0 
0.0798853 0.000786221 0.0 
0.0374189 -0.00178439 0.0 
0.0216913 3.3167e-05 0.0 
0.0384375 -0.00100176 0.0 
0.0481 0.00131356 0.0 
0.0297165 0.000169484 0.0 
0.0417692 4.03951e-05 0.0 
0.0334841 0.00141893 0.0 
0.0489008 -0.00101671 0.0 
0.186968 -0.0433204 0.0 
0.030659 -8.90218e-06 0.0 
0.0534239 0.00622665 0.0 
0.0276701 -8.66759e-06 0.0 
0.0247592 -3.10747e-05 0.0 
0.138026 0.0190259 0.0 
0.0459099 -0.000958677 0.0 
0.0428187 0.00158934 0.0 
0.037641 0.000550956 0.0 
0.0356667 0.000425441 0.0 
0.0459357 -0.000536243 0.0 
0.0119508 0.00162176 0.0 
0.0575341 0.000697692 0.0 
0.0536285 0.00117504 0.0 
0.032609 0.0332512 0.0 
0.0510481 -0.00118927 0.0 
0.0363275 2.46879e-05 0.0 
0.031697 -2.69885e-05 0.0 
0.0182018 -0.000224082 0.0 
0.031832 -2.23246e-05 0.0 
0.0288339 -1.62998e-05 0.0 
0.0377845 3.88513e-05 0.0 
0.0218122 -0.000442158 0.0 
0.031662 -7.41767e-05 0.0 
0.0140129 -0.00136996 0.0 
0.0277539 0.00106502 0.0 
0.0100613 0.00159093 0.0 
0.0211609 -3.3662e-05 0.0 
0.0340015 3.61308e-05 0.0 
0.0320968 5.51578e-05 0.0 
0.0271844 -8.88753e-05 0.0 
0.0232169 -0.0106671 0.0 
0.0357079 6.6015e-05 0.0 
0.032365 -8.31342e-05 0.0 
0.00119604 -0.000714043 0.0 
0.0438783 0.00102217 0.0 
0.0400579 6.30202e-06 0.0 
0.032316 -3.7867e-06 0.0 
0.000270191 -0.00129371 0.0 
0.0554439 0.0014833 0.0 
0.026128 -4.86622e-05 0.0 
0.0499426 -4.61155e-05 0.0 
0.0174684 0.0214064 0.0 
0.0313567 -4.64265e-05 0.0 
0.0285536 -0.0014853 0.0 
0 0 0.0 
0.0308269 4.91418e-05 0.0 
0.0355372 -0.0017006 0.0 
0.0287317 -0.000136003 0.0 
0.0346909 -0.000255648 0.0 
0.0210411 0.000373392 0.0 
0.283676 0 0.0 
0.030992 -5.25437e-05 0.0 
-0.000308335 -0.00049794 0.0 
0.0230761 8.73063e-05 0.0 
0.0470137 -0.00192562 0.0 
0.0390956 -1.02601e-05 0.0 
0.0540567 -0.00103314 0.0 
0.0317792 -5.05998e-05 0.0 
0.05241 1.28863e-05 0.0 
0.040209 0.000131135 0.0 
0.035791 5.03553e-05 0.0 
0.0288716 -4.29135e-05 0.0 
0.0512177 0.000245292 0.0 
0.0262118 1.14447e-05 0.0 
0.0499664 -0.000643599 0.0 
0.0307411 -1.5912e-05 0.0 
0.0461526 0.00238564 0.0 
0.0368808 0.0011435 0.0 
0.0301762 1.3331e-05 0.0 
0.0512509 0.00308655 0.0 
-0.0117271 0.00214569 0.0 
0.0327209 0.000100341 0.0 
0.00232137 -0.00800142 0.0 
0.0266506 0.000106852 0.0 
0.0260298 -0.000126873 0.0 
0.0173563 2.38e-05 0.0 
0.0301626 -0.000303148 0.0 
0.0230473 0.000254598 0.0 
0.0247863 6.91549e-05 0.0 
0.026147 8.23524e-06 0.0 
-0.0139891 0.00202492 0.0 
0.0380062 -3.51191e-05 0.0 
-0.0010605 0.00197003 0.0 
0.0307309 -2.56819e-05 0.0 
-0.00083702 0.00199152 0.0 
-0.00140242 0.00249729 0.0 
0.0345478 5.02139e-05 0.0 
0.0249251 8.07274e-05 0.0 
-0.000214636 -0.000880716 0.0 
0.00690464 -0.0154926 0.0 
0.0322052 -5.91626e-05 0.0 
0.0298785 -7.67326e-05 0.0 
0.039739 -0.000151684 0.0 
0.00073085 0.000712652 0.0 
0.0297714 -1.45629e-05 0.0 
0.0343835 -6.58675e-06 0.0 
0.0254026 1.99748e-05 0.0 
0.0243887 4.36408e-05 0.0 
0.0342807 7.86547e-06 0.0 
-0.000733036 0.00154499 0.0 
-9.57287e-05 0.000148676 0.0 
0.010136 -0.0268865 0.0 
0.00302854 -0.000890329 0.0 
0 0 0.0 
-0.000655796 -0.00107526 0.0 
0 0 0.0 
0.00811048 0.0126604 0.0 
0.299434 -0.0450762 0.0 
0.0298007 -0.000107583 0.0 
0.0203442 0.00872542 0.0 
0.0693837 0.000315725 0.0 
0.0356917 -0.000109379 0.0 
0 0 0.0 
0.00349461 -0.00165375 0.0 
0.0131811 0.012516 0.0 
0.00608233 0.014966 0.0 
0.000644202 0.000396827 0.0 
0 0 0.0 
-0.0130399 0.0027058 0.0 
0.0286133 -1.47242e-05 0.0 
0.198461 -0.00378446 0.0 
0.0225482 0.0135888 0.0 
-0.000806384 -0.00146715 0.0 
0.0105794 -0.000529408 0.0 
0.00453984 -0.0155424 0.0 
0.00643616 -0.00189621 0.0 
0.000451312 -0.000244747 0.0 
0.00154323 -0.000841128 0.0 
0.0236358 0.0171525 0.0 
0.00868522 -0.00149661 0.0 
0.011135 0.0102469 0.0 
0.26679 0.114052 0.0 
-0.000754608 0.00145841 0.0 
0.00661593 0.0158582 0.0 
0.00970762 -0.00291227 0.0 
0 0 0.0 
0.00613104 0.00926972 0.0 
0.00860784 0.016482 0.0 
-0.000817888 0.00137353 0.0 
0.000158966 5.17983e-05 0.0 
0.255052 0.0232227 0.0 
-0.000342902 0.000669565 0.0 
0.00453119 0.00701788 0.0 
0.00654702 0.00881326 0.0 
-0.000717237 -0.00148942 0.0 
0.00361764 -0.0108375 0.0 
-0.000363904 -0.00121703 0.0 
0.00596895 0.0088895 0.0 
0 0 0.0 
0.0105076 0.0148003 0.0 
0.000742157 -0.00287257 0.0 
0.0077862 -0.0155195 0.0 
0.00518894 0.00742177 0.0 
0.00587388 0.0082735 0.0 
0.215158 -0.0284467 0.0 
-0.0122482 -0.000542488 0.0 
-0.000417783 0.00162799 0.0 
-0.0123489 0.00326234 0.0 
0.009414 0.00548118 0.0 
0.00588593 0.00755372 0.0 
-0.000270967 -0.000469766 0.0 
-0.000512118 -0.00137663 0.0 
-0.0110628 -0.00136226 0.0 
0.000428213 -0.00713964 0.0 
-0.00134944 0.00235029 0.0 
0.0023029 -0.00102616 0.0 
0.00202295 0.000548687 0.0 
0.00168389 -0.000931636 0.0 
0.0181604 0.0150138 0.0 
0.0164516 -0.00226601 0.0 
0.00301391 0.00164861 0.0 
0 0 0.0 
-0.0133279 0.00232581 0.0 
0.000448632 0.000221296 0.0 
0.0268127 0.0101691 0.0 
-0.000161822 -0.000591769 0.0 
0.0873105 -0.0127893 0.0 
0 0 0.0 
0.0178729 -0.0215148 0.0 
-0.000464082 0.00148097 0.0 
0.250393 -0.0160741 0.0 
0.0079339 0.00937592 0.0 
0.00732288 0.00199855 0.0 
0.0119696 0.0131902 0.0 
0.00712723 0.00841784 0.0 
0.00134901 0.00218801 0.0 
-0.0046629 -0.00364243 0.0 
0 0 0.0 
0.00535632 -0.000208628 0.0 
0.0208551 0.00206313 0.0 
-0.000766871 -0.00128348 0.0 
0.0298956 0.0167766 0.0 
0.0103959 0.0134554 0.0 
0.0114571 0.0120827 0.0 
0.00374364 0.0114877 0.0 
0.00537068 0.0121517 0.0 
0.0255676 -0.0138613 0.0 
0.0107522 -0.00222053 0.0 
0.016423 0.0264656 0.0 
0.204243 -0.0420649 0.0 
0.0632866 -0.0209724 0.0 
-0.00468703 -0.00173707 0.0 
0 0 0.0 
-0.00170187 -7.15253e-05 0.0 
0.0253758 3.10851e-05 0.0 
0.108166 -0.0530759 0.0 
0.0156234 -0.0176569 0.0 
0.0090858 0.00944467 0.0 
0.00517945 -0.0141046 0.0 
-0.0138219 0.00108899 0.0 
-0.00955681 6.97644e-05 0.0 
0.0154763 -0.0129226 0.0 
0.0254691 -0.00872473 0.0 
0 0 0.0 
0.0501077 0.0212748 0.0 
0 0 0.0 
-0.0132097 0.000343049 0.0 
0.0363832 0.021145 0.0 
0.0108536 -0.000555017 0.0 
-0.0138983 0.00174432 0.0 
-0.000388222 -0.000954644 0.0 
0.0133377 0.0128826 0.0 
-0.00885022 -0.0038791 0.0 
0.0204164 -0.00549793 0.0 
0.0101267 0.00196518 0.0 
-0.00388053 0.0102405 0.0 
0.0180096 -0.0236608 0.0 
0.0114694 0.0023286 0.0 
0.0119571 0.00600217 0.0 
-0.00042886 -0.00068828 0.0 
-0.00391493 -0.00649025 0.0 
0.298015 -0.0108578 0.0 
-0.000175986 0.000270905 0.0 
0.00762528 0.00441577 0.0 
0.117794 -0.0236521 0.0 
0.0514017 0.0440454 0.0 
0.0206413 0.00199698 0.0 
0.0209882 0.00284269 0.0 
0.042899 -0.0203554 0.0 
0.0265832 -0.00638333 0.0 
0.00309953 -0.01156 0.0 
0.0488222 -0.00615016 0.0 
0.202784 0.0470994 0.0 
-0.00448924 0.0101311 0.0 
0.17711 -0.148077 0.0 
0.00920857 0.00779007 0.0 
0.0677399 -0.00743809 0.0 
0.0131582 0.0117286 0.0 
0 0 0.0 
-0.00214045 0.00916033 0.0 
0.0106666 0.00956139 0.0 
0.00839978 0.00010249 0.0 
-0.00449478 -0.0087267 0.0 
0 0 0.0 
-0.00401767 -0.00262082 0.0 
0.0117043 0.00856044 0.0 
0.0117859 0.00921513 0.0 
-0.00605819 0.00378714 0.0 
0 0 0.0 
0.0394571 0.00110068 0.0 
-0.00396953 -0.00901703 0.0 
-0.00676748 0.00784547 0.0 
0.0197126 -0.0288435 0.0 
-0.00825555 0.0049956 0.0 
0.00871563 -0.0156641 0.0 
0.0108055 0.00816874 0.0 
0.0518249 0.00333168 0.0 
0.2179 0.000279804 0.0 
-0.00357345 -0.00908734 0.0 
-0.00189729 0.000669523 0.0 
0.0120468 0.00829769 0.0 
0 0 0.0 
0.216497 -0.19212 0.0 
0.0116517 0.00841028 0.0 
0.0116865 0.00804144 0.0 
0.130989 -0.138768 0.0 
-0.00117217 -0.0023476 0.0 
-0.00702093 0.00302376 0.0 
-0.00351231 -0.00172632 0.0 
0 0 0.0 
-0.00276911 -0.00896196 0.0 
-0.00492431 -0.0076109 0.0 
0.00599176 0.00400134 0.0 
0.0123474 0.00583403 0.0 
-0.00457169 -0.00826234 0.0 
0.00911989 0.00395212 0.0 
0.00767875 0.00208065 0.0 
0.00886252 0.00550243 0.0 
0.0538454 -0.0118639 0.0 
-0.00530999 0.0101905 0.0 
-0.0045341 0.00374087 0.0 
0.00445903 0.000621056 0.0 
-0.00252211 0.00442522 0.0 
0.0123751 0.00667753 0.0 
0.108662 -0.0392818 0.0 
0.00915892 0.00450426 0.0 
-0.00531045 -0.00478347 0.0 
-0.00404654 -0.00543449 0.0 
0 0 0.0 
-0.00776579 0.00193449 0.0 
-0.0047878 0.000366738 0.0 
0.0125679 0.0048395 0.0 
0.0130565 0.00601809 0.0 
-0.00713577 -0.00149456 0.0 
0 0 0.0 
-0.0134437 0.0010537 0.0 
-0.0065225 -0.000697869 0.0 
-0.00589239 0.00164852 0.0 
-0.0053132 -0.000655658 0.0 
0.0142833 -0.0134889 0.0 
-0.000382086 0.000810497 0.0 
0.00711068 0.00303114 0.0 
0.00452358 0.0127844 0.0 
0 0 0.0 
-0.00659223 0.00586124 0.0 
0.0136417 0.000228839 0.0 
-0.00584628 0.00475518 0.0 
0.0101567 0.00415436 0.0 
-0.00554064 0.00668153 0.0 
-0.00542513 0.00765688 0.0 
0.0135408 0.00546623 0.0 
-0.003503 0.0087128 0.0 
0.0110529 0.00413895 0.0 
0 0 0.0 
0.0170777 0.00484278 0.0 
0.0739899 0.0266654 0.0 
0.0012111 -0.00561301 0.0 
0.0262793 -0.018398 0.0 
0 0 0.0 
0.00667966 0.000110001 0.0 
0.0102086 0.00303237 0.0 
-0.00708749 -0.00592848 0.0 
0.00869566 0.00303146 0.0 
0.22907 -0.0550011 0.0 
0.0183189 -0.00622256 0.0 
0 0 0.0 
0.238539 9.19759e-05 0.0 
-0.00108786 -0.00142069 0.0 
0.0130537 -0.0163529 0.0 
0.0232076 -0.0151905 0.0 
0.00496372 -0.00011728 0.0 
0.00979692 0.00191549 0.0 
0.0281971 -0.007953 0.0 
0.00993512 0.00171281 0.0 
0.017732 -0.0102994 0.0 
0.0012082 0.000184991 0.0 
0.00398475 0.00137222 0.0 
0.00537193 0.00166153 0.0 
0.244149 0.019774 0.0 
0.16559 0.026558 0.0 
0.000322106 -0.000184713 0.0 
-0.00010473 0.000312346 0.0 
0.0660279 -0.050714 0.0 
-0.00220951 -0.00637016 0.0 
0.0107383 0.000555875 0.0 
0.119732 -0.0393203 0.0 
0.0353696 2.45687e-05 0.0 
0.170372 0.0345139 0.0 
0.00639673 0.000500989 0.0 
0.0124434 0.0148368 0.0 
0 0 0.0 
0.079691 0.0162286 0.0 
0.0065285 0.000718845 0.0 
0.226642 -0.00104983 0.0 
0.0050857 0.000442905 0.0 
0.0564207 0.0322541 0.0 
0.312526 -0.114927 0.0 
0.060673 0.0342496 0.0 
0.0100007 0.00056764 0.0 
0 0 0.0 
0 0 0.0 
0.0081386 -0.000218228 0.0 
0.112881 -0.148809 0.0 
-0.00152203 -0.00275313 0.0 
0.00932355 0.00033345 0.0 
-0.00262364 0.00659442 0.0 
-0.00400439 0.00133712 0.0 
0.00570543 -0.00116756 0.0 
0.0238157 -0.00555352 0.0 
-0.000217129 -0.00285915 0.0 
0.00618024 -5.52664e-06 0.0 
0.00439073 -0.00079166 0.0 
-0.00150742 0.000964916 0.0 
0.00139985 -0.000666619 0.0 
0.0064269 -0.000574078 0.0 
-0.0020329 -0.00100302 0.0 
0.0158643 -0.00937701 0.0 
0.00551484 -0.000551878 0.0 
0.113854 -0.00813526 0.0 
0.0354893 -0.0107148 0.0 
0.00448359 -0.000772597 0.0 
0.00929686 -0.00975942 0.0 
0.00457451 -0.000641847 0.0 
0.00841904 0.00326436 0.0 
0.0040481 -0.000523904 0.0 
0.00426209 -0.00062522 0.0 
0.0332461 -2.03009e-05 0.0 
0.00401353 -0.000742163 0.0 
0.0194467 0.00308588 0.0 
0.0825292 0.0670504 0.0 
-0.00281271 -0.00234888 0.0 
0.0101854 -0.00504399 0.0 
0.353074 -0.154882 0.0 
-0.00258794 -0.00166499 0.0 
0 0 0.0 
0.0635445 8.19008e-05 0.0 
0.00449387 -0.000957569 0.0 
0.0820646 -0.121024 0.0 
0.00369533 0.00175608 0.0 
-0.00163433 0.0028797 0.0 
-0.00548553 -0.00785742 0.0 
0.0018689 -0.00084307 0.0 
0.00167109 -0.000832659 0.0 
0.0730409 -0.0307187 0.0 
-0.00451651 0.00277514 0.0 
0.0421979 0.0212536 0.0 
0.00393344 -0.000971374 0.0 
0.00281061 -0.000616285 0.0 
-0.0107578 -0.000580812 0.0 
0 0 0.0 
0.367061 0.137502 0.0 
0.00256013 -0.00093612 0.0 
0.0139392 -0.00325768 0.0 
0.030993 -0.0573912 0.0 
0.00268551 -0.000916311 0.0 
0.00396364 0.00447125 0.0 
-0.00191782 -0.00499245 0.0 
0.123634 -0.00743884 0.0 
0.0126612 -0.00019744 0.0 
0.00304141 -0.000842162 0.0 
-0.00234242 -0.00557943 0.0 
-0.00175539 -0.00184009 0.0 
0.0124754 0.00462603 0.0 
-0.000341273 -0.000518205 0.0 
-0.00118539 0.00272191 0.0 
0.00224595 -0.00069722 0.0 
0.364914 -0.125406 0.0 
0.23774 0.000531167 0.0 
0 0 0.0 
0.00262852 -0.00083111 0.0 
-0.00310775 -0.00517256 0.0 
0.00225178 -0.000898536 0.0 
-0.0012509 -0.000868687 0.0 
0.11316 -0.00346797 0.0 
0.223921 -0.00615401 0.0 
0.255565 0.00372791 0.0 
0.00172951 -0.000852521 0.0 
0.289336 0.0748268 0.0 
0.0709164 -0.000133823 0.0 
-0.0101024 0.00219664 0.0 
0.0160483 0.0250171 0.0 
0.313729 -0.0759408 0.0 
0.017558 0.00940885 0.0 
0.00262048 -0.00088972 0.0 
0 0 0.0 
0.139598 -0.000766354 0.0 
0.0158438 0.0171269 0.0 
0.0209275 -0.0394154 0.0 
-0.00961131 -0.000912223 0.0 
-0.00170914 0.00227828 0.0 
0.00248882 -0.000913799 0.0 
-0.00176463 0.00153177 0.0 
0 0 0.0 
-0.00111903 0.000397097 0.0 
-0.00235644 -0.00585109 0.0 
0.00155324 -0.000619794 0.0 
-0.00101594 0.00126762 0.0 
-0.0025913 0.00621707 0.0 
0.19555 -0.121568 0.0 
0.0506501 0.0858438 0.0 
-0.00882426 0.00675241 0.0 
0 0 0.0 
0.00195547 -0.000831893 0.0 
0.00180866 -0.000721719 0.0 
-0.00244847 0.00530166 0.0 
-0.00210073 -0.00313746 0.0 
-0.000697578 -0.000859641 0.0 
0.00960879 0.00848311 0.0 
-0.00154689 -0.000456223 0.0 
-0.00344719 -9.74616e-05 0.0 
0.00478831 -0.00109905 0.0 
-0.0109394 0.00125203 0.0 
-0.0041038 -0.000820745 0.0 
0.0633226 -0.00018564 0.0 
0.000690657 -0.000396772 0.0 
0.000602095 -0.000328168 0.0 
0.000907504 -0.000493266 0.0 
0.000944732 -0.000525631 0.0 
8.52382e-05 2.23671e-05 0.0 
0 0 0.0 
0.00053486 -0.000330874 0.0 
0.000818608 -0.000458211 0.0 
0.171285 0.0366571 0.0 
-0.000298524 0.000446929 0.0 
0 0 0.0 
-0.00218811 -0.00575839 0.0 
0.000537366 -0.000332247 0.0 
0.00582822 0.0108487 0.0 
0.000358813 -0.000211189 0.0 
0.000341325 -0.000192502 0.0 
-0.00784563 -0.000315585 0.0 
0.0451878 0.0190232 0.0 
6.81468e-05 2.86857e-05 0.0 
0.00605957 0.00266582 0.0 
0.23631 -7.55457e-05 0.0 
0.205789 0.157549 0.0 
-0.00814782 -0.00399283 0.0 
-0.000926067 -0.00023819 0.0 
-0.00127246 0.00245717 0.0 
0.249193 -0.0393617 0.0 
-0.00112818 -0.00193974 0.0 
0.0254045 0.00788897 0.0 
-0.00840018 -0.00119427 0.0 
0.000199622 -7.97615e-05 0.0 
0.000183058 -9.9047e-05 0.0 
0.0199995 -0.0380709 0.0 
0 0 0.0 
0.000197848 -8.2145e-05 0.0 
-0.00152699 -0.00316631 0.0 
-0.0100319 -0.00173245 0.0 
0.148065 -0.000165149 0.0 
-0.0141329 0.00175792 0.0 
0 0 0.0 
-0.00234805 0.00111249 0.0 
0.0293175 -0.000557593 0.0 
0.0870883 0.00651455 0.0 
0.000614524 -0.00614239 0.0 
0.271862 0.0672875 0.0 
-6.44239e-05 0.000163251 0.0 
0.00940245 -0.0219103 0.0 
-1.36095e-05 7.99407e-05 0.0 
0 0 0.0 
-1.83455e-05 8.37305e-05 0.0 
-8.68836e-05 0.000131325 0.0 
-0.00943886 -0.00280644 0.0 
0 0 0.0 
0 0 0.0 
0.0478697 0.000224169 0.0 
0.309671 -0.139756 0.0 
-0.000212861 0.000322809 0.0 
-0.000101679 0.000153689 0.0 
-0.00875425 -0.00213696 0.0 
-0.000104538 0.00015801 0.0 
0.0837094 0.00284152 0.0 
-0.0012454 -0.00322083 0.0 
-0.000208274 0.000809096 0.0 
-0.000386412 0.000895175 0.0 
-0.0128086 0.00197359 0.0 
-0.000727925 0.000611235 0.0 
-0.00020642 0.000333998 0.0 
0.00396338 0.00160331 0.0 
0.00541245 0.000447542 0.0 
0.0298368 0.00134889 0.0 
0.0420683 -0.0548693 0.0 
-0.00019192 0.000297716 0.0 
0 0 0.0 
0 0 0.0 
-0.000428807 0.00063934 0.0 
-0.000208096 0.000321598 0.0 
-0.00896082 0.00328902 0.0 
0.135603 -0.078588 0.0 
0 0 0.0 
-0.000943615 0.00244727 0.0 
-0.000563736 0.00161566 0.0 
0.137841 0.00474605 0.0 
-0.000281644 0.000419351 0.0 
-0.000393804 0.000868081 0.0 
0.00490571 -0.00345098 0.0 
0.172401 -0.0849017 0.0 
-0.00124904 0.00387153 0.0 
0.0011441 0.000665305 0.0 
0.312511 -0.043573 0.0 
-0.0036196 -0.00392306 0.0 
0.0155014 -0.0152561 0.0 
0.0755048 0.000196016 0.0 
0 0 0.0 
-0.00945683 0.00540628 0.0 
0.0440351 0.0309792 0.0 
-0.000338778 0.000519233 0.0 
0.00608577 -0.0125747 0.0 
0.000492058 0.000306213 0.0 
0.107949 7.69853e-05 0.0 
0.00221282 -0.00105521 0.0 
0 0 0.0 
0 0 0.0 
0.0432206 0.00114498 0.0 
0.00379452 0.0127658 0.0 
-0.00116162 -0.0021226 0.0 
0.00923095 0.0123001 0.0 
0 0 0.0 
0.112437 0.00491844 0.0 
-0.000449971 0.000784764 0.0 
-0.00045422 0.000821892 0.0 
-0.000349217 0.00068023 0.0 
-0.000456578 0.000830659 0.0 
0.00153248 0.00313034 0.0 
0.026086 -0.0158969 0.0 
-0.0012617 0.0027928 0.0 
-0.000259621 0.000490999 0.0 
0.0250977 -6.14854e-05 0.0 
-0.000444998 0.0010227 0.0 
-0.0146033 0.00153901 0.0 
0.0863915 -0.0463595 0.0 
0.000302098 -0.000972997 0.0 
0.144405 0.000336861 0.0 
-0.000363051 0.000736835 0.0 
-0.00371339 0.00263061 0.0 
0.0242775 -0.0270178 0.0 
0.0742652 0.000124732 0.0 
0.0408066 0.0120311 0.0 
0.0897541 0.00139911 0.0 
0.0510368 0.000163999 0.0 
-0.000161837 -0.000350101 0.0 
-0.00197271 -0.00428109 0.0 
-0.000408503 0.00104467 0.0 
-0.00331018 -0.00869391 0.0 
-0.00022921 0.000683754 0.0 
-0.000426783 0.000855564 0.0 
-0.000221074 0.000698744 0.0 
0.00686795 -0.019353 0.0 
-0.000228388 0.00069594 0.0 
0.0162008 0.00645834 0.0 
0.140159 0.00344693 0.0 
-0.000273585 0.000746329 0.0 
0.00419724 -0.0120713 0.0 
0.0625984 0.000151248 0.0 
0.0337489 -4.59796e-05 0.0 
0.277477 0.171406 0.0 
-0.000342308 0.000976102 0.0 
0.275688 -0.117539 0.0 
-0.000216785 0.00069461 0.0 
0.00494165 0.00248913 0.0 
-0.00504961 0.00258329 0.0 
-0.00187527 -0.00506066 0.0 
0.0105216 0.00481202 0.0 
0.149611 0.107001 0.0 
-0.0045028 0.00482136 0.0 
0.00627487 -0.00787317 0.0 
0.00446297 0.00238421 0.0 
0.124929 -0.0533836 0.0 
0 0 0.0 
-8.45092e-05 -0.000392321 0.0 
0.238484 0.000158557 0.0 
0.10337 0.00044414 0.0 
0.0791306 -0.00201143 0.0 
0.243492 0.191635 0.0 
0.00364612 0.00367203 0.0 
-0.000214773 0.000554596 0.0 
-0.0122275 0.00100382 0.0 
0.0777472 0.00181304 0.0 
0 0 0.0 
0.0505645 0.0463431 0.0 
0.025541 0.00630875 0.0 
0.00829413 0.0193549 0.0 
0 0 0.0 
0 0 0.0 
-0.00113019 -0.00262232 0.0 
-0.000225586 0.000878814 0.0 
-0.000153251 0.000519777 0.0 
0.167933 0.0194294 0.0 
0.0296392 3.85734e-05 0.0 
-0.0114732 0.00375447 0.0 
0.173441 0.113276 0.0 
-0.00119869 -0.00753969 0.0 
0.0190279 7.42548e-05 0.0 
0 0 0.0 
-0.00993519 0.00230347 0.0 
0.0431415 0.0504398 0.0 
0.159502 0.131272 0.0 
0.0452969 0.0108765 0.0 
0.0656919 -0.031463 0.0 
0.135031 0.0189714 0.0 
0.223648 0.158804 0.0 
-0.000170747 0.000619481 0.0 
-0.00240177 -0.000219387 0.0 
-0.000869854 -0.00183514 0.0 
-0.000100521 0.000474529 0.0 
-0.0110443 0.00435566 0.0 
-0.000663104 3.59844e-05 0.0 
-3.4545e-05 -0.000115509 0.0 
0.068864 -0.000583232 0.0 
-0.00021999 -0.000701332 0.0 
0.294296 0.165408 0.0 
-0.00051075 0.00189191 0.0 
0.0308468 -0.00209688 0.0 
0 0 0.0 
-0.00705126 -0.00444508 0.0 
-0.000103483 0.000489181 0.0 
0.239019 0.142296 0.0 
0.0607887 0.0271604 0.0 
0.065741 9.13782e-05 0.0 
-0.00197053 0.00846243 0.0 
0.0402515 0.00947128 0.0 
0.227494 -0.0402997 0.0 
0.0033264 0.00277639 0.0 
-0.00527497 0.00562794 0.0 
0.128905 0.151976 0.0 
0.0704888 4.01532e-05 0.0 
0.272973 -0.0277314 0.0 
0.0491607 -0.00217677 0.0 
0.066309 -0.000164102 0.0 
-0.000953611 0.00270958 0.0 
-0.00458775 0.00782335 0.0 
-0.0116658 0.000208272 0.0 
0.0521212 0.00099853 0.0 
0.283377 -0.0758097 0.0 
0 0 0.0 
0.00454373 -0.00324962 0.0 
0.0424417 -0.000166536 0.0 
-0.000588983 0.00169187 0.0 
0.0457242 -5.8722e-05 0.0 
-0.000182231 0.000722959 0.0 
-0.000118889 0.000302428 0.0 
-0.000826153 0.00173609 0.0 
0.0527521 0.0153548 0.0 
-0.00019372 0.000788223 0.0 
-0.000119329 0.000513382 0.0 
0.261813 -0.0234969 0.0 
0.270286 0.0969944 0.0 
-0.00105165 -0.00324567 0.0 
-0.00475075 0.00934757 0.0 
0.0619523 -0.0631554 0.0 
0.011322 -0.0032192 0.0 
-9.46719e-05 0.000432737 0.0 
0.214364 0.00762194 0.0 
0.15316 0.0260468 0.0 
0.0481433 0.013608 0.0 
-0.00128828 -0.00295694 0.0 
-0.00761784 -0.00229522 0.0 
-0.00125693 0.00285734 0.0 
0.0111288 -0.00405442 0.0 
0.0581872 -0.00175108 0.0 
0.245199 -0.0188986 0.0 
0.12072 -0.000233581 0.0 
0 0 0.0 
0.264676 -0.0942673 0.0 
-7.31897e-05 0.000332496 0.0 
-0.00175959 0.003883 0.0 
-3.88513e-05 -6.69665e-05 0.0 
0.086714 0.00637258 0.0 
-0.000221501 -0.000821542 0.0 
0.0167742 -0.00418647 0.0 
0.0333451 -0.00988115 0.0 
-0.00206448 0.00471777 0.0 
0.259036 -0.0144518 0.0 
0.385875 0.0862992 0.0 
-0.00227222 0.00701499 0.0 
0.074888 -0.00105874 0.0 
-7.26916e-05 0.000355189 0.0 
0.0317402 -0.0159949 0.0 
0.0924403 0.000457611 0.0 
0.38359 -0.045259 0.0 
-8.85873e-05 -0.000345882 0.0 
0.233793 0.00414772 0.0 
0.0910188 0.0435687 0.0 
0.292856 0.058413 0.0 
0.111173 0.0077151 0.0 
0 0 0.0 
0 0 0.0 
0.280537 0.18559 0.0 
0.0375728 0.000817729 0.0 
0.200563 0.190598 0.0 
0.019706 -0.00707317 0.0 
0.0447423 -0.00965801 0.0 
0.000290468 0.000173208 0.0 
0 0 0.0 
-4.96825e-05 0.0001526 0.0 
-1.1823e-05 1.92997e-05 0.0 
-2.72465e-05 -7.10608e-06 0.0 
-0.00697073 0.00871039 0.0 
0.0783567 0.0332395 0.0 
-7.35778e-05 -0.000341272 0.0 
0.04837 0.00027137 0.0 
0.347284 0.11344 0.0 
0.335284 0.175372 0.0 
0.223532 0.0555393 0.0 
0.0336967 6.505e-05 0.0 
0.0363045 0.00171458 0.0 
0.371612 0.0127964 0.0 
0.0367684 0.0102579 0.0 
-0.0136169 0.00119516 0.0 
0.148802 0.169519 0.0 
0.00111132 -0.000163114 0.0 
0 0 0.0 
-0.000954157 0.00313801 0.0 
-4.48862e-05 -0.000150087 0.0 
0 0 0.0 
0.0375385 -0.00209042 0.0 
0.0351703 5.99529e-05 0.0 
0.338141 -0.03693 0.0 
0.0468771 0.000817366 0.0 
0.14115 0.110669 0.0 
0.280642 0.150921 0.0 
-0.000570743 -0.000968587 0.0 
0.049244 -0.0243194 0.0 
0.0311087 0.0274757 0.0 
0 0 0.0 
0.0508756 0.00147766 0.0 
0.0329501 -0.00828248 0.0 
0.260953 0.0880842 0.0 
0 0 0.0 
0.0570553 -0.000249607 0.0 
-0.000130854 -0.000520873 0.0 
0.0687526 0.000368585 0.0 
0.0345903 -0.0018248 0.0 
0.0420136 0.00146224 0.0 
0.0525999 -0.0169082 0.0 
0.0269582 0.0011931 0.0 
0.0557898 -0.000700069 0.0 
0.286805 -0.00517164 0.0 
0.0277426 5.12179e-05 0.0 
-2.70075e-05 -0.000134696 0.0 
0 0 0.0 
-0.00204303 -0.00723676 0.0 
-6.42756e-05 -0.000300818 0.0 
0.0315567 0.00140273 0.0 
0.0375805 -0.000133483 0.0 
0.000186301 -0.000778585 0.0 
0.102108 -0.00712958 0.0 
0.0445101 -0.000968157 0.0 
0.0127522 -0.0273064 0.0 
0.0590528 -0.000939666 0.0 
0.0439942 0.000170014 0.0 
-4.5298e-05 -0.000219446 0.0 
0.227596 0.0303351 0.0 
0.128746 -0.0104429 0.0 
0.109198 -0.00469867 0.0 
-0.00162855 -0.00358376 0.0 
0.350738 -0.103845 0.0 
-0.000578654 -0.00121407 0.0 
-0.000138733 -0.000563814 0.0 
0.0105396 -0.0290841 0.0 
0.111921 0.00262236 0.0 
0.0712076 0.000229755 0.0 
0.0617342 -0.00012989 0.0 
0.0552513 -0.0785278 0.0 
0.0935511 0.0200902 0.0 
0 0 0.0 
0.323454 0.0468276 0.0 
-0.000240797 -0.000573559 0.0 
0.0353288 -2.68791e-05 0.0 
0.027687 2.0263e-05 0.0 
0.0124898 -0.0108475 0.0 
1.78263e-05 0.001207 0.0 
-9.78021e-05 -0.000433605 0.0 
0 0 0.0 
-0.000115648 -0.000521977 0.0 
-0.00299159 -0.000954462 0.0 
0.0609056 -0.00125221 0.0 
0 0 0.0 
0.0233265 -0.000146375 0.0 
0.0500392 0.00291332 0.0 
0.0528481 -0.000699147 0.0 
-0.0013482 0.00240601 0.0 
0.0455707 -0.000712068 0.0 
-0.000242441 -0.000706847 0.0 
0.124871 -0.15191 0.0 
0.180627 -0.0367107 0.0 
-0.000100994 -0.000427938 0.0 
-0.00177074 0.000329627 0.0 
-0.00302552 0.00640189 0.0 
-0.000116097 -0.000490621 0.0 
0.110342 0.0141514 0.0 
0.100322 0.00306419 0.0 
0.229764 0.109109 0.0 
-0.000258441 -0.000790895 0.0 
0.0338363 -2.59024e-05 0.0 
0.140971 0.0399683 0.0 
0.0312802 -8.61494e-06 0.0 
0.205105 -0.000316924 0.0 
0.0560935 -0.0031252 0.0 
0.0332547 -8.62437e-05 0.0 
0.0122992 0.00413805 0.0 
0.0180063 0.000346414 0.0 
0.126806 0.0498405 0.0 
-0.000468401 -0.000826844 0.0 
0.0984409 0.00105523 0.0 
0.00182368 -0.0025937 0.0 
0.278969 -0.0241943 0.0 
0.0603492 -0.000330036 0.0 
-0.000232054 -0.000623786 0.0 
-0.00202231 0.0040802 0.0 
0.23783 0.0408791 0.0 
0.0577144 -0.000318848 0.0 
-0.000216984 -0.000781416 0.0 
0.244072 -0.0175536 0.0 
0.0941658 0.0394824 0.0 
0.223074 5.07061e-05 0.0 
0.0465601 0.0630591 0.0 
-0.000255858 -0.000671513 0.0 
0.00888507 0.000587262 0.0 
-0.000312684 -0.00069932 0.0 
0.307636 -0.118896 0.0 
8.79762e-05 -0.000366989 0.0 
-0.000368065 -0.00121103 0.0 
0.0288638 -6.97086e-05 0.0 
0.0791571 -0.00666856 0.0 
3.56716e-05 0.00178673 0.0 
-0.000230695 -0.000381479 0.0 
0.000897852 0.00228685 0.0 
0.300293 -0.0606977 0.0 
0 0 0.0 
-0.0143688 0.00152467 0.0 
0.0269056 0.00015632 0.0 
0.0362494 -0.0290463 0.0 
0.0298252 -3.62823e-05 0.0 
0.0512391 8.64664e-06 0.0 
0.257472 -0.0839589 0.0 
0 0 0.0 
0.145909 -0.0228413 0.0 
0.282554 -0.109155 0.0 
0.231021 -0.00216514 0.0 
-1.35227e-05 -9.06519e-05 0.0 
-0.00830555 0.00663151 0.0 
-0.00174921 0.00343129 0.0 
0.0364924 4.41972e-06 0.0 
0 0 0.0 
0.00881389 -0.00282309 0.0 
-0.00024857 -0.000637778 0.0 
-0.000891157 0.00203923 0.0 
0.0368462 0.000411086 0.0 
0 0 0.0 
-0.000301391 -0.000737495 0.0 
0.223062 -0.0056954 0.0 
0.031152 2.62122e-05 0.0 
-0.000305521 -0.000634447 0.0 
0.376186 -0.0952041 0.0 
-0.000383244 -0.000869765 0.0 
0.0374482 -0.00011629 0.0 
-0.00157671 0.00322237 0.0 
0.0323914 0.00016982 0.0 
0.0639075 0.00314023 0.0 
-0.000407976 -0.000747975 0.0 
-0.000437973 -0.000948968 0.0 
0.0173956 -0.00344837 0.0 
-0.000379998 -0.000755529 0.0 
0.163355 6.78356e-05 0.0 
0.286014 0.0123233 0.0 
0.0298861 -2.08151e-05 0.0 
-0.000219232 -0.000348254 0.0 
0.0331255 3.88593e-05 0.0 
0 0 0.0 
0.314845 0.0635295 0.0 
-0.000352555 -0.000626531 0.0 
-0.00192972 0.00456903 0.0 
-0.000136098 -0.000219717 0.0 
0.181633 -0.00099219 0.0 
0.0936204 -1.62059e-05 0.0 
-0.000175151 -0.000287511 0.0 
-0.000334584 -0.000530626 0.0 
-0.000228878 -0.00035233 0.0 
0.222984 0.000293248 0.0 
0.0408676 2.06658e-05 0.0 
0.026966 -7.41554e-06 0.0 
0.0333989 -6.72841e-05 0.0 
0 0 0.0 
0.212099 -0.00909747 0.0 
0.0528054 7.19627e-05 0.0 
0.025974 9.36569e-05 0.0 
0.192973 0.00043823 0.0 
0.195746 -0.0859789 0.0 
-0.000189705 -0.000302476 0.0 
-0.0143701 0.00140017 0.0 
0.0267408 0.000162736 0.0 
0.0162944 -0.00184696 0.0 
-6.68095e-05 -0.000157188 0.0 
-0.000316018 -0.000486472 0.0 
0.154914 -0.0777479 0.0 
0.0107492 -0.00494046 0.0 
-0.000142004 -0.000243106 0.0 
0.142863 0.00112519 0.0 
0.117546 -0.00110295 0.0 
0.0282429 3.93606e-05 0.0 
-0.000172629 -0.000251577 0.0 
0.0232612 7.85227e-05 0.0 
0.182407 -6.84441e-05 0.0 
0 0 0.0 
0.169629 -0.10709 0.0 
-0.000165932 -0.000244703 0.0 
0.0327592 3.46828e-05 0.0 
-0.000160603 -0.000252609 0.0 
-0.000631232 -0.000290694 0.0 
0.140218 0.000697831 0.0 
0.0666768 1.42184e-05 0.0 
0.236427 0 0.0 
0.0359765 0.000102137 0.0 
-0.000594754 0.000774124 0.0 
0.0430438 0.000520468 0.0 
0 0 0.0 
0 0 0.0 
-0.000123076 -0.000219335 0.0 
-0.000169275 -0.000270529 0.0 
0.0300018 2.38328e-05 0.0 
0.201186 0.000162022 0.0 
0.0429698 -8.07505e-06 0.0 
0.225144 -0.000107646 0.0 
0.353132 0.132103 0.0 
0 0 0.0 
0 0 0.0 
0.071034 8.52464e-06 0.0 
0.0281614 7.17367e-05 0.0 
-0.000681878 0.00102284 0.0 
0.0717623 -4.57208e-05 0.0 
0.18096 0.000597971 0.0 
0.0352442 1.12577e-05 0.0 
0.078995 -4.61246e-05 0.0 
-2.24017e-05 -8.39019e-05 0.0 
0.0266943 -2.03989e-05 0.0 
0.0243892 -3.87608e-05 0.0 
0.121621 -0.000411113 0.0 
0.00243998 0.000866041 0.0 
0.0221387 -3.28932e-05 0.0 
0.00806444 -0.00391102 0.0 
0 0 0.0 
0.0352623 -6.34339e-06 0.0 
0.0342461 6.63242e-05 0.0 
0.0368724 3.49057e-05 0.0 
0.031422 -5.10509e-05 0.0 
0.0610797 3.43334e-05 0.0 
0.0324343 0.000140755 0.0 
0.0468286 0.000236254 0.0 
0.196225 0.000149652 0.0 
0.0347259 -5.44861e-05 0.0 
0.07702 0.00027488 0.0 
0.0275362 -0.000135067 0.0 
-0.0114546 0.000520247 0.0 
0.0372484 -8.11293e-05 0.0 
0.043604 7.66368e-05 0.0 
0.0289333 7.00278e-05 0.0 
0.0378878 -2.98942e-05 0.0 
0.0243925 -1.45182e-05 0.0 
0.0267294 -9.83371e-06 0.0 
0.0819133 -5.66385e-05 0.0 
0.140318 0 0.0 
0.0640628 0.00017313 0.0 
0.0654851 7.91455e-05 0.0 
0.0378526 2.66038e-06 0.0 
0.0258277 -7.33437e-07 0.0 
0.0371111 3.1935e-05 0.0 
0.0906905 1.72977e-05 0.0 
-2.19944e-05 -8.23764e-05 0.0 
0.0310309 -5.02112e-05 0.0 
0.0224376 -3.1093e-05 0.0 
0.0242384 5.33458e-05 0.0 
0.0358139 3.22357e-05 0.0 
0.0345881 6.20339e-05 0.0 
0 0 0.0 
0.0318373 6.26843e-05 0.0 
0.0361512 1.54129e-05 0.0 
0.00812901 -0.0220903 0.0 
0.0023683 -0.00491462 0.0 
0.0287093 -2.06759e-06 0.0 
0.0278708 3.76623e-05 0.0 
0.035043 -0.00017268 0.0 
0.0750218 -1.00252e-05 0.0 
0.0259729 -7.9221e-05 0.0 
0.00017453 8.32564e-05 0.0 
0.0282622 -8.5456e-06 0.0 
0.0278551 5.91211e-06 0.0 
0.0616222 0.00092633 0.0 
0.0260504 -6.29347e-05 0.0 
0 0 0.0 
0.208209 5.60614e-05 0.0 
0.237595 -4.40449e-05 0.0 
0.0336915 -4.66503e-05 0.0 
0.0593646 -5.5329e-05 0.0 
0.0267004 -1.20923e-05 0.0 
8.2868e-05 -7.91764e-06 0.0 
0.0266849 -1.76207e-05 0.0 
0.0376985 -2.57607e-05 0.0 
-0.00328411 -0.00532719 0.0 
0.0486963 -6.69032e-05 0.0 
0.0729788 0.00018166 0.0 
0.238119 -1.01317e-05 0.0 
0.0293972 5.67478e-05 0.0 
0.0275421 -3.18924e-05 0.0 
0.0329373 0.000105026 0.0 
0.0210092 3.56689e-05 0.0 
0 0 0.0 
0.0304497 3.84532e-06 0.0 
0.0611968 1.98874e-05 0.0 
0.0573096 0.000170757 0.0 
0.033627 0.000100567 0.0 
0.0566848 2.90545e-05 0.0 
0.021847 1.54933e-05 0.0 
0.00696693 0.000336532 0.0 
0.0318595 -4.86884e-06 0.0 
0.0275181 -5.62576e-05 0.0 
0.025535 6.74196e-05 0.0 
0.000157615 6.11293e-05 0.0 
0.0593441 6.50495e-05 0.0 
0.025155 4.82779e-06 0.0 
0.00946766 -0.00539229 0.0 
0.19919 0.00276347 0.0 
0.0331985 6.23371e-05 0.0 
-0.000506681 -0.00186646 0.0 
0.000166377 6.97172e-05 0.0 
0 0 0.0 
0.0116621 -0.00132313 0.0 
0.000821587 0.000483387 0.0 
0.0271284 -5.13454e-06 0.0 
0.0338541 2.56988e-05 0.0 
0.00126726 -0.00645471 0.0 
0.0242661 -4.9301e-05 0.0 
0 0 0.0 
-0.000383178 0.00846394 0.0 
0.0719073 0.000189577 0.0 
0.102067 1.2603e-05 0.0 
0.00136976 0.000670598 0.0 
0.119807 0.0429506 0.0 
0.0312597 4.71588e-07 0.0 
-0.00119334 -0.00354681 0.0 
-0.000205629 -0.00192218 0.0 
0.0250441 9.64452e-05 0.0 
-0.00170764 0.00470869 0.0 
0.0255205 -0.000114643 0.0 
0.0102058 0.0172654 0.0 
0.00081869 0.000484034 0.0 
0.133009 -2.25579e-05 0.0 
0.0332064 2.32499e-05 0.0 
0.190372 0.000224885 0.0 
-0.000855025 -0.00264653 0.0 
0.198765 -0.000418031 0.0 
0.118015 -0.000168719 0.0 
6.5285e-05 -0.000145131 0.0 
0.032223 -0.000192319 0.0 
0.00109717 0.000625345 0.0 
-0.00292691 -0.00176705 0.0 
0.22791 -7.52972e-05 0.0 
0.106668 0.000115534 0.0 
-0.0112124 0.000852517 0.0 
0.00264565 0.00965143 0.0 
0.120158 -0.000489167 0.0 
0 0 0.0 
0.179126 9.94026e-05 0.0 
0.30491 -0.160703 0.0 
0 0 0.0 
0.000332935 0.000136339 0.0 
0.00981749 0.00269764 0.0 
0.234926 6.99465e-05 0.0 
0.188562 0.136209 0.0 
0.176234 -0.000371034 0.0 
0.14071 0.00041009 0.0 
0.00520521 0.00110212 0.0 
0.212514 2.25443e-05 0.0 
0.000491088 0.000286396 0.0 
0.0875494 -0.0191234 0.0 
0.326095 -0.164382 0.0 
0.000779746 0.000459374 0.0 
0.000467788 0.000273037 0.0 
0 0 0.0 
0.000528447 0.000301194 0.0 
0.000689425 0.000404716 0.0 
0.121008 -0.000259931 0.0 
0.202677 0.000421703 0.0 
0.00172121 0.000690201 0.0 
0 0 0.0 
0.0138154 -0.000544089 0.0 
0.0290492 -0.0116037 0.0 
0.237086 -7.00848e-05 0.0 
0.00165445 0.000846415 0.0 
0.14554 -0.000391418 0.0 
0.0235125 0.0334277 0.0 
-0.00207841 -0.00507946 0.0 
0.214569 -3.28354e-05 0.0 
0.237021 0.000189818 0.0 
0.20213 -0.000290392 0.0 
0 0 0.0 
0.000531577 0.000302978 0.0 
0.233431 0.000100087 0.0 
0.00135554 0.000567416 0.0 
0.0269168 -0.000777336 0.0 
0.0292945 1.05386e-05 0.0 
0.0181804 0.000173054 0.0 
-0.00207414 -0.00250552 0.0 
0.0016974 0.000678284 0.0 
0.204431 4.02782e-05 0.0 
0.00670324 0.000555622 0.0 
0.224708 0.000350601 0.0 
0.0432434 -0.0734365 0.0 
0.00284301 0.00100132 0.0 
0.137538 0.000394506 0.0 
0.172028 0.00059523 0.0 
0.00184409 0.000624374 0.0 
0.116767 -0.000330874 0.0 
0.00260429 0.000811229 0.0 
0.0399124 -0.0178765 0.0 
-0.000903175 0.00158507 0.0 
0.122789 0.00030252 0.0 
-0.00131747 -0.00279833 0.0 
-0.00155875 -0.00326876 0.0 
0.00387433 0.000522109 0.0 
0.236016 -0.000184233 0.0 
0.00372081 0.00109441 0.0 
0.14127 -0.0001607 0.0 
0.2326 0.000156055 0.0 
-0.00175042 -0.00361145 0.0 
0.0044879 0.000941454 0.0 
0.225155 1.26749e-05 0.0 
0.0195774 0.0113534 0.0 
0.157565 -0.000392 0.0 
0.23759 0.000244169 0.0 
0.168974 -0.000481464 0.0 
0.148897 -6.10208e-05 0.0 
0.00302316 0.000935059 0.0 
0 0 0.0 
0.238931 0.000185738 0.0 
0.103875 -0.000502857 0.0 
0.221142 -4.45723e-05 0.0 
0.237349 -7.93729e-05 0.0 
0.0269362 0.0135418 0.0 
0.132051 -0.000364613 0.0 
-0.0117384 0.00308604 0.0 
0.165809 -6.25326e-05 0.0 
0.0300575 -0.050821 0.0 
0.000824086 0.000516382 0.0 
-0.00363983 0.00628646 0.0 
0.0118705 0.00794222 0.0 
0.00253514 0.000697524 0.0 
-0.00173694 0.00354998 0.0 
0.0037131 0.000917592 0.0 
0.225219 -0.000527487 0.0 
0.00495617 0.00118583 0.0 
0.00346132 0.000717887 0.0 
0 0 0.0 
0.111403 -0.000125692 0.0 
0.1994 0.000233634 0.0 
0 0 0.0 
0.229159 -0.00148112 0.0 
-0.000336839 -0.000932038 0.0 
0.177749 0.00191302 0.0 
0.0158201 0.00417071 0.0 
0 0 0.0 
0.00452658 0.000813327 0.0 
0.352955 0.153734 0.0 
0.0173015 0.000260122 0.0 
0.224668 0.000231694 0.0 
0.0047059 0.000177747 0.0 
0 0 0.0 
0.0299827 3.64851e-05 0.0 
0.004384 0.000590793 0.0 
0.0836369 -0.0180357 0.0 
0.01179 -0.00343349 0.0 
0.00625383 4.71053e-05 0.0 
0.00624544 0.000763798 0.0 
0.133401 5.1419e-05 0.0 
0.0617161 0.0152579 0.0 
0.00480328 0.000425313 0.0 
0.223756 -0.00131629 0.0 
0.0201096 0.00247641 0.0 
0.160105 -0.000801455 0.0 
0.224805 0.000213995 0.0 
0.0713804 0.0214201 0.0 
0.00578938 -0.000440948 0.0 
0.085672 0.000257923 0.0 
0.190571 -0.00858889 0.0 
0.153284 -0.000102695 0.0 
0.144276 -0.0684959 0.0 
0.165671 -0.0260179 0.0 
0.00687956 0.000145427 0.0 
0 0 0.0 
0.00662615 -4.87885e-05 0.0 
0.234244 -4.00503e-05 0.0 
0.233884 -0.000288737 0.0 
0 0 0.0 
-0.000559722 0.00105263 0.0 
-0.000140866 0.000622726 0.0 
0.0442567 -0.0113745 0.0 
0.116772 -0.000433704 0.0 
0.00667839 -0.000124648 0.0 
0.168509 8.55031e-06 0.0 
0.114795 0.0274883 0.0 
0.00168753 0.000912396 0.0 
0.188855 0.000893018 0.0 
0.166266 0.000136806 0.0 
0.00739782 -0.000123054 0.0 
0 0 0.0 
0.00548228 -0.000278242 0.0 
0.238467 -0.00013302 0.0 
0.230643 0.000315072 0.0 
0.236405 0.000115832 0.0 
0.0989067 0.0216069 0.0 
-0.000534698 -0.00127361 0.0 
0.109323 0.00016086 0.0 
0.0830461 -4.9537e-05 0.0 
0.00551089 -0.000279694 0.0 
0.174287 -3.64487e-05 0.0 
0.00555329 -0.000425018 0.0 
0.238063 1.00969e-05 0.0 
0.238948 -9.90687e-05 0.0 
0.0723831 0.000155355 0.0 
0.188372 0.000527287 0.0 
0.0151482 -0.0377904 0.0 
0.00080494 -0.000472228 0.0 
-0.000202973 -0.000860047 0.0 
0.0067824 -0.000831794 0.0 
0.0061944 0.0136139 0.0 
-0.000884603 0.00178138 0.0 
0.000167573 -0.000542415 0.0 
-0.00331672 0.00981991 0.0 
0.22642 -0.000347275 0.0 
0.171021 0.000286539 0.0 
0.229319 0.000224866 0.0 
0.00235545 0.00131389 0.0 
0.238651 -2.92837e-05 0.0 
0.00772065 -0.00106856 0.0 
0.211939 -0.000314717 0.0 
0.23146 -8.36153e-05 0.0 
0.000663921 -0.000378745 0.0 
0.02388 0.0180666 0.0 
0.234087 0.0190959 0.0 
0.222261 -0.000277888 0.0 
0.030369 -0.0170377 0.0 
-0.000864452 -0.00145961 0.0 
0.238757 -5.97799e-05 0.0 
0.00960032 -0.00311027 0.0 
0.225748 -0.000227279 0.0 
0.00824121 -0.00114453 0.0 
0.110739 2.96194e-05 0.0 
0.23317 -0.00026163 0.0 
-0.000433967 -0.00156283 0.0 
0.0109758 -0.00222607 0.0 
0.00402934 -0.00171416 0.0 
0.00942749 -0.00178957 0.0 
0.0317334 -0.0158181 0.0 
-5.31861e-05 -5.3153e-06 0.0 
0.243085 0.0170449 0.0 
0.174102 0.1425 0.0 
0.0136995 -0.00878958 0.0 
0.188508 -0.000750531 0.0 
0.222457 8.44232e-07 0.0 
-8.14927e-05 -0.000273134 0.0 
0.308786 0.0600583 0.0 
0.0124863 -0.00404525 0.0 
0.238172 -7.67333e-05 0.0 
0.126321 -0.000238759 0.0 
0 0 0.0 
0.0132916 -0.00319166 0.0 
0.172646 -7.73723e-06 0.0 
0.210282 0.000300152 0.0 
0.00139966 0.00568209 0.0 
0.085896 0.000199655 0.0 
0.237853 0.000477288 0.0 
-0.000254118 0.00112745 0.0 
0.00918752 -0.00238383 0.0 
-0.00184365 0.0078211 0.0 
0.0715452 -0.000158166 0.0 
0.00778034 -0.00209769 0.0 
0.0103911 0.0130496 0.0 
0.23718 0.00214042 0.0 
-0.000178066 0.000833703 0.0 
0.0238526 -0.0172711 0.0 
0.0147425 -0.00442949 0.0 
0.0125517 -0.00781921 0.0 
-0.000998001 -0.00216825 0.0 
0.0257581 0.0245574 0.0 
0.0105132 -0.00386516 0.0 
0.0099451 -0.00177849 0.0 
-0.00417045 0.0102472 0.0 
0.00348504 0.0109391 0.0 
-0.00123068 -0.00821106 0.0 
0.0280745 0.00827272 0.0 
0.00514958 -0.0017511 0.0 
0.0179315 0.020993 0.0 
0.0110165 -0.00393357 0.0 
0.00291368 -0.00633156 0.0 
0.0244601 -0.000963978 0.0 
0.0727959 -0.00542618 0.0 
-0.000243498 0.00104759 0.0 
0.156589 -7.84173e-05 0.0 
0.0162575 0.021998 0.0 
-5.21207e-05 -0.000213565 0.0 
0.238491 -0.000698691 0.0 
-0.00265992 0.00970068 0.0 
0.124974 -0.000380472 0.0 
0.0136574 0.0242487 0.0 
0.251609 -0.0569675 0.0 
0.114855 -0.000465288 0.0 
0.00118436 -0.00476962 0.0 
0.196202 -0.000964454 0.0 
-0.00083621 -0.00148203 0.0 
0.0106637 -0.00459949 0.0 
0.0122012 -0.000974398 0.0 
-0.000839086 0.00144782 0.0 
0.0202977 0.00348586 0.0 
-0.00107315 -0.00290625 0.0 
-0.000890492 -0.00168359 0.0 
-0.012189 0.00222 0.0 
0.210516 -0.000467949 0.0 
0.0253472 0.0174588 0.0 
0.0211609 0.0189578 0.0 
-0.00251886 -0.00846139 0.0 
0.012033 0.00274242 0.0 
0.0109403 -0.004378 0.0 
0.133594 -0.000120476 0.0 
0.0282045 -7.12531e-05 0.0 
0.022946 0.00107358 0.0 
-0.00995096 -0.00251672 0.0 
0.0252777 0.00809959 0.0 
0.00464065 0.0131362 0.0 
0.192952 0.0265207 0.0 
0.327896 -0.0408922 0.0 
0 0 0.0 
0.00920432 -0.00398946 0.0 
0.0120046 -0.00582716 0.0 
0.196653 0.00267821 0.0 
0.0116951 0.000355911 0.0 
0.0268754 -4.6178e-05 0.0 
0.212802 -0.0156069 0.0 
0.239279 -0.00266413 0.0 
0.137529 -0.000233252 0.0 
-0.00682896 0.00722375 0.0 
0.0120735 -0.0063218 0.0 
0.0106922 -0.00576904 0.0 
0.234561 -0.000126486 0.0 
0.167303 -0.00191017 0.0 
0.238362 -0.000128433 0.0 
0.207133 -0.0606916 0.0 
0.164405 -0.130297 0.0 
0.0137298 0.00109617 0.0 
0.0139729 -0.00709746 0.0 
0.179969 0.00430428 0.0 
0.215568 -0.00387821 0.0 
0.00606421 -0.018424 0.0 
0.0234558 -0.0154391 0.0 
0.0659756 -0.106083 0.0 
-0.00053244 -0.00137308 0.0 
0.000580834 0.000366673 0.0 
0.0146216 0.00214819 0.0 
0.0128192 -8.09667e-05 0.0 
0.0543374 -0.000498476 0.0 
0.0142164 0.0238877 0.0 
0.00954801 -0.00631878 0.0 
0.00518923 -0.00189956 0.0 
0.319425 -0.00694882 0.0 
0.0225657 0.0080346 0.0 
0.251464 0.0404465 0.0 
0.19997 -0.0233377 0.0 
0.0249916 -0.00017736 0.0 
0.0046453 0.0117824 0.0 
0.00215698 -0.00117398 0.0 
0.0242177 0.0191399 0.0 
0.0133397 -0.00115729 0.0 
0.0154818 -0.00041702 0.0 
0.0016658 -0.00711331 0.0 
0.142319 0.00107035 0.0 
0.00097175 -0.00735783 0.0 
0.134546 -0.000465699 0.0 
0.238022 -0.000514057 0.0 
0.00848435 0.002518 0.0 
0.0198036 -0.016204 0.0 
-0.00379802 0.00679761 0.0 
0.00739683 -0.00429634 0.0 
0.0779112 -0.00183691 0.0 
0.000176431 -0.000213643 0.0 
0.0118624 -0.0151346 0.0 
0.0140689 0.00168965 0.0 
0.0217176 -0.0233373 0.0 
0.097406 0.0066383 0.0 
0.331768 -0.0481601 0.0 
0.368826 -0.0118311 0.0 
0.221907 0.0078256 0.0 
0.0314175 0.000316321 0.0 
0.0145509 -0.0152417 0.0 
-0.0129195 0.00171413 0.0 
0.023019 -0.017199 0.0 
-0.00349686 0.00879842 0.0 
0.0140221 -0.00964341 0.0 
-0.00977924 0.00497827 0.0 
-0.000955764 0.00153699 0.0 
0.254732 0.0174513 0.0 
0.000334412 -0.000656673 0.0 
0.196155 0.00536928 0.0 
0.286734 0.0396257 0.0 
0.217204 -0.0172969 0.0 
0.234176 0.000526233 0.0 
0.0218327 -0.01245 0.0 
0.0107141 -0.00156256 0.0 
0.061161 -0.000194266 0.0 
0.0343575 0.00126191 0.0 
0.0136813 -0.00971017 0.0 
0.00388218 -0.00171395 0.0 
0.0146435 -0.00181745 0.0 
0.014379 -0.0133446 0.0 
0 0 0.0 
0.00530807 0.00169385 0.0 
-0.00245267 0.00341754 0.0 
0.0190949 -0.0191376 0.0 
0.00854772 -0.0196687 0.0 
0.018375 -0.00476767 0.0 
0.0130866 -0.0197687 0.0 
0.245295 0.0647776 0.0 
-0.00345914 0.010609 0.0 
0 0 0.0 
0.0285505 -0.041187 0.0 
0.107477 -0.0119944 0.0 
0.00812622 -0.00605068 0.0 
0.179835 -0.0152131 0.0 
0 0 0.0 
0.00333368 0.00137005 0.0 
-0.000228373 0.00930596 0.0 
0.0204074 -0.0180823 0.0 
0.23886 -0.0550509 0.0 
0.142309 0.00733324 0.0 
-0.0041411 0.0107217 0.0 
0.0678781 0.0067016 0.0 
0.0162305 -0.0274222 0.0 
0 0 0.0 
0.0978215 0.00172618 0.0 
0.0150343 0.0019839 0.0 
0.368815 -0.0345008 0.0 
-0.000722205 -0.00121024 0.0 
0.00272245 0.000205035 0.0 
0.0280669 -7.61541e-05 0.0 
0.033316 2.83827e-05 0.0 
-0.00454157 0.00463428 0.0 
0.0692585 -0.0929797 0.0 
0.0122047 -0.00924403 0.0 
0.0105996 -0.00862341 0.0 
0.0189518 -0.00344181 0.0 
-2.34443e-05 -6.11444e-06 0.0 
0.258754 0.0433064 0.0 
-0.00610194 -0.0069017 0.0 
-0.0122366 -0.000592714 0.0 
0 0 0.0 
0.00440462 0.0073079 0.0 
0.155748 -0.000250546 0.0 
0.00985354 -0.0074956 0.0 
0.0102407 0.00184004 0.0 
-0.00362969 -0.00348751 0.0 
0.00800985 -0.0067994 0.0 
0.255485 0.0542004 0.0 
0.22134 -7.58205e-05 0.0 
-0.00299455 0.00699197 0.0 
0.202423 -0.00036041 0.0 
0 0 0.0 
0.0855405 0.120827 0.0 
0.368232 0.01003 0.0 
0.0251847 0.000113777 0.0 
0.110235 -0.00467471 0.0 
-0.0088789 -0.00397408 0.0 
0.0689303 0.001051 0.0 
0.288947 -0.0544193 0.0 
0.00740496 -0.00587744 0.0 
0 0 0.0 
0.238454 6.04914e-05 0.0 
0.0237988 -0.000192796 0.0 
0.0299428 -8.66276e-05 0.0 
-0.00651717 -0.00264343 0.0 
0.0309756 0.0150793 0.0 
0.0076264 -0.00842258 0.0 
0.0683168 -0.0162945 0.0 
0.108371 0.00486301 0.0 
0.261973 0.0586366 0.0 
0.204449 0.0644844 0.0 
0.00935281 -0.00764001 0.0 
0.0329552 -9.76159e-05 0.0 
0.00740496 -0.00587744 0.0 
0.327377 -0.0320076 0.0 
0.134382 -0.0497869 0.0 
0.00822548 -0.00686817 0.0 
-0.00759325 -0.00326803 0.0 
0.192424 -0.0001082 0.0 
-0.00272047 -0.00390178 0.0 
0.0374136 -0.0001207 0.0 
0.18474 -0.0360943 0.0 
0.259072 -0.183733 0.0 
-0.00105613 -0.00322917 0.0 
0 0 0.0 
0.243483 -0.0708399 0.0 
0.149665 0.0086859 0.0 
0.00606965 -0.00635778 0.0 
0.00164469 0.00665313 0.0 
0.236255 3.79064e-05 0.0 
0.11168 0.0112181 0.0 
0.231501 0.000158319 0.0 
0.234196 0.00463924 0.0 
0.205243 -0.0364521 0.0 
0.154173 -0.0052401 0.0 
0.228385 -0.044103 0.0 
0.367259 0.0695166 0.0 
0.0836448 -0.0292818 0.0 
0.0153199 -0.000520943 0.0 
0.194401 0.0632709 0.0 
0.185779 0.0108489 0.0 
0.0895011 0.020499 0.0 
0.243344 -0.0128162 0.0 
-0.00396354 0.00559743 0.0 
0.152606 0.000223081 0.0 
-0.00730012 0.00606182 0.0 
0.00178608 0.00627243 0.0 
0.0226694 7.49839e-05 0.0 
0.0772946 -0.000962154 0.0 
0.00928495 -0.00813789 0.0 
0.00887068 -0.00866018 0.0 
0.143101 -0.0187185 0.0 
-0.00105567 0.00176013 0.0 
0.00620892 -0.00650367 0.0 
0.1107 0.132484 0.0 
0.0474857 0.00119838 0.0 
0.20461 2.48039e-05 0.0 
0.00954743 -0.0095688 0.0 
-0.00503558 0.00678952 0.0 
0.00957641 -0.0104769 0.0 
0.122924 -0.0211764 0.0 
-0.00277694 -0.0088567 0.0 
0.000501086 0.000323828 0.0 
0.327191 0.056166 0.0 
0.250814 -0.0606441 0.0 
0.00181501 -0.000986532 0.0 
0 0 0.0 
0.0165946 -0.013172 0.0 
0.0529937 -0.0104185 0.0 
0.26219 0.167002 0.0 
0.105979 -0.106308 0.0 
-0.00132481 0.00962938 0.0 
0.0233475 -0.010169 0.0 
0.138526 0.0253896 0.0 
-0.00328428 0.00164547 0.0 
0.00863189 -0.0100091 0.0 
0.0785523 0.0928217 0.0 
0.00322623 -0.00727395 0.0 
0.0580872 0.0351429 0.0 
0.236608 -0.00473356 0.0 
-0.0116761 -0.000170271 0.0 
0.313531 0.016109 0.0 
0.0199408 0.017001 0.0 
0.119688 -0.000246378 0.0 
0.199835 -0.00890827 0.0 
0.0072559 -0.0100228 0.0 
0.27544 -0.0189098 0.0 
0.201014 0.0049549 0.0 
0 0 0.0 
0.0753758 0.0507774 0.0 
-0.00319636 0.00733969 0.0 
0.284934 -0.0347124 0.0 
0.305282 0.0599187 0.0 
0.02615 -0.0137355 0.0 
-0.0015728 -0.00579626 0.0 
0.312675 0.0177466 0.0 
0.109117 0.139143 0.0 
-0.00763917 -0.00261455 0.0 
0.0313759 -0.00459672 0.0 
-0.0111326 -0.00126723 0.0 
0.0427225 0.00034939 0.0 
0.203391 0.0325961 0.0 
0.00819306 -0.00976678 0.0 
0.305553 0.0243503 0.0 
0.035463 -0.000141302 0.0 
0.00510446 -0.00652472 0.0 
0.0615997 -0.000158397 0.0 
0.00655421 -0.00869594 0.0 
0.155525 -0.00701414 0.0 
0.198159 -0.0531194 0.0 
-0.000205143 -0.000116539 0.0 
0 0 0.0 
-0.00026573 -0.00109923 0.0 
0.0770894 -0.0254817 0.0 
-0.00661628 0.000496722 0.0 
0.243564 0.0516359 0.0 
0.364601 0.0205462 0.0 
0.0655401 0.000262732 0.0 
0.00772371 -0.0103819 0.0 
0.257144 0.0261908 0.0 
0.304846 0.049524 0.0 
0.0944007 -0.0187807 0.0 
-0.0144416 0.00167045 0.0 
0.249439 -0.154885 0.0 
-0.00396567 -0.00344639 0.0 
-0.0140454 0.00106212 0.0 
0.28306 -0.0916158 0.0 
-0.00642732 -0.00630987 0.0 
0.190857 -0.00047554 0.0 
0.0686955 -3.29996e-05 0.0 
0.0665108 0.000287606 0.0 
0.19888 0.00490178 0.0 
0.18564 -0.00735594 0.0 
0.00489452 0.00654306 0.0 
0.0461188 -0.000786263 0.0 
0.246536 0.0899756 0.0 
-0.00618114 0.00430481 0.0 
-0.00438324 -0.00749733 0.0 
0.145435 -0.0440837 0.0 
0.0218843 0.0087485 0.0 
0.00144479 -0.0039137 0.0 
0.00579831 -0.00818195 0.0 
-0.000352183 -0.00389892 0.0 
0.206589 3.93888e-05 0.0 
0 0 0.0 
0.23723 -0.00014089 0.0 
0.00467118 -0.00708294 0.0 
0.286577 0.0138896 0.0 
0.00367082 -0.00541156 0.0 
0.0308695 -0.00463602 0.0 
0.0854921 0.00344256 0.0 
0.00329379 -0.00558222 0.0 
0.124866 0.00150034 0.0 
0.0869998 -0.000310284 0.0 
0.0886763 0.0824269 0.0 
0.125985 0.000266222 0.0 
0.196764 0.0165798 0.0 
0.249457 -0.100425 0.0 
-0.00296068 -0.00753487 0.0 
-0.00772289 0.00455913 0.0 
0.0306991 0.000256172 0.0 
0 0 0.0 
0.0303357 4.101e-06 0.0 
0.00911791 0.00304851 0.0 
-0.00378789 -0.00750071 0.0 
0.00359264 -0.0060887 0.0 
-0.00303145 0.00731675 0.0 
0.286374 0.0353673 0.0 
0.0467877 -0.0841426 0.0 
0.000497065 0.00188607 0.0 
0 0 0.0 
0.26619 -0.0261647 0.0 
0.236918 -0.0588389 0.0 
-0.000424901 0.000656656 0.0 
0.262549 0.0731059 0.0 
0.00432022 -0.00770002 0.0 
0.019946 -0.00513213 0.0 
0.128647 -0.00115291 0.0 
0.153561 -0.0645919 0.0 
-0.0142272 0.00147896 0.0 
0.129955 -0.141717 0.0 
0.0390864 -0.000134877 0.0 
0.00074141 8.03863e-05 0.0 
0.208103 -0.000704007 0.0 
0.340297 0.140025 0.0 
0.164632 0.155404 0.0 
0.00512153 -0.00118821 0.0 
0.189642 0.0217354 0.0 
0.246502 0.0858427 0.0 
0.12811 -0.0404883 0.0 
0.112061 0.00431149 0.0 
-0.00881346 0.000960812 0.0 
0.356566 -0.0797985 0.0 
-0.0042625 -0.00883692 0.0 
0.241901 -0.069936 0.0 
-0.000169458 0.000276636 0.0 
0.104785 5.99669e-05 0.0 
0.269939 0 0.0 
-0.000361604 -0.000213143 0.0 
-0.000351905 0.00555716 0.0 
0.307071 -0.0555585 0.0 
0 0 0.0 
0.0301075 0.00012208 0.0 
0.0617045 -0.0143162 0.0 
0.00446313 -0.00795956 0.0 
0.197358 -0.0118675 0.0 
0.0879758 -1.7385e-06 0.0 
0.0909029 -0.0931179 0.0 
0.00260723 -0.00491288 0.0 
0.0796717 0.0765974 0.0 
0.184727 0.00041985 0.0 
0.021518 -3.81014e-05 0.0 
-0.00137962 -0.00844675 0.0 
0.0468961 -0.00138854 0.0 
-0.00173422 0.00336119 0.0 
0.281341 -0.16228 0.0 
0.0350405 -0.00137924 0.0 
0.0414276 -0.000631495 0.0 
0.0433791 0.000371064 0.0 
0.0354075 0.0352142 0.0 
-2.99039e-05 6.66002e-05 0.0 
0.323358 0.16837 0.0 
0.0732849 -0.000414079 0.0 
-0.00306325 -0.00732007 0.0 
-0.00306191 -0.00622013 0.0 
0.0590427 0.0125923 0.0 
0.0757861 0.0152384 0.0 
0.000351758 0.000584873 0.0 
0.0352772 -6.92816e-05 0.0 
0.167344 -0.0444395 0.0 
0.216688 -0.128385 0.0 
-0.00915672 0.00319496 0.0 
0.0252174 0.000744105 0.0 
-0.00520763 -0.00641375 0.0 
0 0 0.0 
0.0310591 9.90403e-05 0.0 
0.174538 -0.0166136 0.0 
0.207851 0.0117131 0.0 
0.00322307 0.00129138 0.0 
0.00255925 -0.00487634 0.0 
-0.00216925 -0.00804316 0.0 
0.186217 -0.0344101 0.0 
0.05652 -0.0334018 0.0 
0.000717989 0.00292701 0.0 
0.00379778 -0.00758413 0.0 
0.143909 0.00311536 0.0 
0.0328383 -0.000861065 0.0 
0.0217542 0.000120199 0.0 
0.0558956 -2.22914e-05 0.0 
0.212723 0.126499 0.0 
-0.0039135 -0.00841035 0.0 
0 0 0.0 
0.0270238 5.05614e-05 0.0 
0.000721514 0.00275885 0.0 
0.222363 -0.192075 0.0 
0.10367 -0.0293803 0.0 
-0.00320963 -0.0079443 0.0 
0.130849 -0.000507748 0.0 
0.0251067 8.89103e-08 0.0 
0.0303502 -0.000110012 0.0 
0.0503189 -0.000127828 0.0 
0.0312172 -4.69529e-05 0.0 
0.0687047 0.00535132 0.0 
0.0287599 0.00224086 0.0 
0.340531 -0.0965759 0.0 
0.0107447 -0.0217186 0.0 
0.0312688 0.0550492 0.0 
0.0552041 -0.000140339 0.0 
0.204324 0.0733506 0.0 
0.00123341 -0.00462233 0.0 
0.202863 -0.0610461 0.0 
0.164565 -0.00035844 0.0 
0.000330316 0.0016491 0.0 
0.193008 -0.0410104 0.0 
0.0821178 -0.0441443 0.0 
0.249699 0.0137944 0.0 
0.134827 0.0609782 0.0 
0.00379251 -0.0075792 0.0 
-0.00322646 0.00563807 0.0 
0.0359627 -0.0245869 0.0 
-0.00159014 0.00456611 0.0 
0.00338238 -0.00774133 0.0 
0.0492925 0.0354635 0.0 
0.116853 -0.0446575 0.0 
0.0284704 0.0175625 0.0 
0.11145 0.0715225 0.0 
-0.00194617 0.00581477 0.0 
0.0105676 0.0151149 0.0 
0.332932 0.00344863 0.0 
-0.0110248 0.00323732 0.0 
-0.00159571 0.00995951 0.0 
0.024898 8.93337e-05 0.0 
0.0107365 0.000781255 0.0 
0.088809 -0.0658226 0.0 
0.132647 0.000666056 0.0 
0.11585 -0.00476217 0.0 
-0.00240734 0.00573543 0.0 
0.230224 -0.0123497 0.0 
0.0321701 -3.63109e-05 0.0 
0.00550126 0.00944304 0.0 
-0.00987418 -0.00299582 0.0 
0.116517 -0.0804755 0.0 
0.00352989 -0.00824237 0.0 
0.101843 -0.027051 0.0 
0.164065 0.000197685 0.0 
-0.000947235 -0.00648828 0.0 
0.00290008 -0.00752316 0.0 
0.00399937 -0.0134227 0.0 
0.0676586 -5.80779e-05 0.0 
0.00262285 -0.00764049 0.0 
-0.000369492 0.000415768 0.0 
0.0763627 0.00046752 0.0 
0.0581352 -0.0482158 0.0 
0.216631 0.044582 0.0 
0.0582497 0.0449466 0.0 
-0.00606753 -0.00368382 0.0 
0 0 0.0 
0.0819344 -0.0066967 0.0 
-0.00147799 0.00345117 0.0 
0.0666337 -0.086178 0.0 
0.182866 -0.0596563 0.0 
0.128464 0.0358223 0.0 
0.0424458 1.13071e-05 0.0 
0.00147028 -0.00414126 0.0 
0.0533052 0.000102589 0.0 
0.127453 0.000494013 0.0 
0.0210384 3.79231e-05 0.0 
0.141209 -0.000943425 0.0 
0.0636364 0.00425431 0.0 
0.0225514 0.012354 0.0 
0.122361 -2.59748e-05 0.0 
0.00249297 -0.00680364 0.0 
0.346009 -0.00510734 0.0 
0.027955 3.5651e-05 0.0 
0.00161184 -0.0045413 0.0 
0.0270709 -8.15865e-05 0.0 
0.266891 0.141441 0.0 
0.245042 -0.0663787 0.0 
0.0726567 -6.59303e-05 0.0 
0.238797 -9.62563e-06 0.0 
0.180132 0.0333118 0.0 
0.0438039 -0.0255922 0.0 
0.246619 -0.0253322 0.0 
0.0918334 -4.65304e-05 0.0 
0 0 0.0 
0.104794 1.77329e-05 0.0 
0.0363992 0.0245732 0.0 
0.0307476 4.20187e-05 0.0 
0.233726 0.0016652 0.0 
0.14341 -0.00760193 0.0 
0.155696 -0.108547 0.0 
-0.00466712 0.0106261 0.0 
-0.00144649 0.00501713 0.0 
0 0 0.0 
0.00194766 -0.00571895 0.0 
0.0472351 0.0206449 0.0 
0.0890495 -3.39717e-05 0.0 
0.0490854 0.0157902 0.0 
-0.00104606 0.00625867 0.0 
9.74719e-05 -3.78545e-05 0.0 
0.00780249 -0.000427503 0.0 
0.13679 -0.0443615 0.0 
0.067988 0.0176533 0.0 
0.0764934 0.000515442 0.0 
0.00791289 0.00833734 0.0 
0.18196 0.0879159 0.0 
0.00374067 -0.00467636 0.0 
0.254367 0.0218105 0.0 
0.00099324 -0.00324088 0.0 
0.000189473 -3.50389e-05 0.0 
0.0590688 0.000803984 0.0 
0.0931476 0.00134607 0.0 
0.0746555 8.29517e-05 0.0 
-4.42414e-05 0.000184749 0.0 
-0.000321613 0.00348668 0.0 
0.0368283 2.1509e-05 0.0 
0.212612 0.020102 0.0 
0.0564523 7.53861e-05 0.0 
-0.00903473 -0.0017381 0.0 
0.120935 -0.0289004 0.0 
0.0336313 3.23723e-05 0.0 
0.00167666 -0.00140128 0.0 
0 0 0.0 
0.0239802 -0.000383573 0.0 
-0.00651058 -0.00561489 0.0 
0.0292358 -0.0472109 0.0 
0.270456 0.0277621 0.0 
0.066698 0.0336479 0.0 
0.0527427 0.0771679 0.0 
-0.000347501 -0.00114151 0.0 
0.03233 7.4113e-05 0.0 
0.0785873 0.000312128 0.0 
-0.00116691 -0.00279362 0.0 
0.0287084 -9.71256e-05 0.0 
-0.00029354 -0.00117521 0.0 
0.0266212 -1.62727e-05 0.0 
-0.000489411 0.00186958 0.0 
0.00191799 -0.00715582 0.0 
0.00169287 -0.00597823 0.0 
0.234815 0.0233128 0.0 
0.0860498 -4.30175e-05 0.0 
0.0290177 -0.00234719 0.0 
0 0 0.0 
0.188175 -0.171673 0.0 
-0.000368114 0.00123348 0.0 
0.167686 0.042425 0.0 
-0.00955699 0.00399922 0.0 
0.209992 0.0155956 0.0 
0.0417296 -0.0423598 0.0 
0.022642 2.8349e-05 0.0 
0.0636216 4.3165e-05 0.0 
-0.00106064 -0.00328806 0.0 
0.0946588 -0.0274181 0.0 
-0.000428095 0.00161898 0.0 
0.0320626 0.0060233 0.0 
0.00349771 -0.0127869 0.0 
0.026163 -0.000142129 0.0 
0.0743143 -0.000271001 0.0 
0.281377 0.0367247 0.0 
0.0174029 -0.0287946 0.0 
0.0252066 6.64992e-05 0.0 
0.02614 3.89155e-06 0.0 
0.0839663 -0.00229947 0.0 
-0.00139602 0.00379449 0.0 
0.131931 -0.0519909 0.0 
-0.00288694 0.00739573 0.0 
0.0294446 0.000452075 0.0 
0.30161 -0.00897009 0.0 
0.0190066 0.0120245 0.0 
0.0077802 0.0224285 0.0 
0 0 0.0 
0.0258465 1.19302e-05 0.0 
-0.00768475 -0.00496771 0.0 
0.0666543 -0.000118326 0.0 
-0.0014547 0.00270256 0.0 
0.0627859 -0.000189189 0.0 
0.162037 -0.00443614 0.0 
0.0742985 -0.000403952 0.0 
0 0 0.0 
0.00179047 -0.000849622 0.0 
0.0276298 -0.0080193 0.0 
0.00072691 -0.00226025 0.0 
0.332192 0.0859595 0.0 
0.0172012 0.0112018 0.0 
0.00431423 0.0140004 0.0 
0.000583949 -0.00267735 0.0 
0.0136759 -0.000383895 0.0 
-0.000927715 0.00314779 0.0 
0.0283965 -0.000100614 0.0 
0.031287 -6.68054e-05 0.0 
0.0234574 -6.08859e-05 0.0 
-0.000347203 0.000989278 0.0 
-0.00276864 0.000499208 0.0 
0.067033 -0.00509363 0.0 
-0.00147293 -0.00392529 0.0 
0.0635902 -0.0133617 0.0 
9.45864e-05 -0.000398587 0.0 
0.00160725 -0.00630498 0.0 
0.00880538 0.000940273 0.0 
0.0863386 -0.113885 0.0 
0.033941 -5.71924e-05 0.0 
0.0924862 -0.0157451 0.0 
0.0596987 -0.0338381 0.0 
0.332676 0.0248354 0.0 
0.0851658 0.0253904 0.0 
0.0712265 4.7036e-06 0.0 
0.237488 0.195202 0.0 
0.0255288 0.00801141 0.0 
0.107613 0.0680477 0.0 
-0.00253073 -0.00505461 0.0 
0.220094 -0.0116327 0.0 
0.000558402 -0.00259109 0.0 
-0.0024605 -0.00417739 0.0 
0.00121566 -0.00459037 0.0 
-0.000778818 0.00194131 0.0 
0.00066584 -0.00287775 0.0 
0 0 0.0 
0.0172215 0.00470849 0.0 
0 0 0.0 
0.269599 -0.0676549 0.0 
0.0149024 0.00166275 0.0 
0.0357505 3.73847e-05 0.0 
0.0622245 0.092403 0.0 
0.344466 0.105697 0.0 
0.0241821 -1.80468e-05 0.0 
0.0701579 -0.000251293 0.0 
0.148006 -0.160502 0.0 
0.0141145 -0.00198016 0.0 
0.0629715 -0.000135647 0.0 
0.269195 -0.0271167 0.0 
0.0215873 0.00409066 0.0 
0.241492 0.0115516 0.0 
-0.000528487 -0.00162728 0.0 
0.065315 -0.00357132 0.0 
0.118225 -0.00374631 0.0 
0.0542084 0.000172366 0.0 
0 0 0.0 
0.00816479 0.000955201 0.0 
0.305614 -0.159076 0.0 
0.179375 -0.0142317 0.0 
0.000166769 -0.000850735 0.0 
0.0295793 8.51967e-05 0.0 
0.0381022 8.98402e-05 0.0 
0.0483782 -0.048927 0.0 
0.192473 0.0351548 0.0 
0.11108 0.0195762 0.0 
0.0499941 0.024072 0.0 
0 0 0.0 
0.262436 -0.0642804 0.0 
-0.00122764 0.00217533 0.0 
0 0 0.0 
0.0663692 -0.000174802 0.0 
0.0130937 -0.00812959 0.0 
0.0606939 0.00323643 0.0 
-0.00108616 -0.0047382 0.0 
0.0140924 -0.000213362 0.0 
0.080774 1.39005e-05 0.0 
0.0171317 -0.00635606 0.0 
0.0621385 -6.78044e-05 0.0 
0.179428 0.174463 0.0 
-0.0075029 0.00784519 0.0 
0.200712 0.0404524 0.0 
0.0209818 0.00869319 0.0 
0.0469914 0.00132242 0.0 
0.22369 -0.00340162 0.0 
0.156523 -0.00781302 0.0 
0.0277414 -6.85695e-05 0.0 
0.0259044 0.0443115 0.0 
0.0360376 -0.000144867 0.0 
0.0248804 1.76199e-05 0.0 
0.0885095 0.0234473 0.0 
0.244189 0.061376 0.0 
0.0454795 -0.0165577 0.0 
0.140602 0.00663869 0.0 
0.0472484 -0.00680925 0.0 
0.255448 0.0399124 0.0 
0.00112182 0.00034651 0.0 
0.00809729 -0.00172889 0.0 
0.000413817 -0.00203702 0.0 
0.067585 -0.028154 0.0 
0.0300242 5.81442e-05 0.0 
0.021997 6.13287e-06 0.0 
0.269851 -0.0285315 0.0 
0.0342765 0.00908795 0.0 
0.117755 -0.000200655 0.0 
0 0 0.0 
0.165549 0.00859723 0.0 
0.0711897 -9.3284e-05 0.0 
0.258288 0.0643675 0.0 
0.0107054 -0.0164934 0.0 
0.0342745 0.021912 0.0 
0.0720602 6.23988e-05 0.0 
0.0269326 0.000439276 0.0 
0.0287642 0.000228187 0.0 
0.137473 0.00495808 0.0 
0.0839168 -0.0830775 0.0 
0.124525 -0.00240973 0.0 
0.178095 0.0284762 0.0 
0 0 0.0 
-0.00206335 -0.00509944 0.0 
0.0506625 -0.0267351 0.0 
0.169891 0.00684572 0.0 
0.0551952 -0.000145814 0.0 
0.00608281 -0.00168432 0.0 
0.0131799 -0.0332263 0.0 
0.172462 -0.000543051 0.0 
0.000364364 -0.00181551 0.0 
0.0142772 0 0.0 
0.0839587 0.000107484 0.0 
0.150392 0.0188423 0.0 
-0.00389963 -0.00816554 0.0 
0.0738911 -7.08837e-05 0.0 
0.0577693 0.03021 0.0 
0.179878 -0.0621202 0.0 
0.0433119 -0.00129033 0.0 
0.264342 0.189044 0.0 
0.0339995 0.000841835 0.0 
0.0308413 -0.00271837 0.0 
-0.000149541 0.000666757 0.0 
0.0866508 -0.00341408 0.0 
0.0250255 -7.49421e-05 0.0 
0.00153027 -0.00258512 0.0 
0.295669 -0.00216448 0.0 
0.0380929 -0.000142135 0.0 
0.0384809 -0.0320526 0.0 
0.341601 0.0460257 0.0 
0.0572432 -0.000316294 0.0 
0.00979287 0.00632385 0.0 
0.0763347 -0.0256068 0.0 
0.129952 -0.00250422 0.0 
0.0262342 0.0397177 0.0 
0.165308 0.0763323 0.0 
-0.000360986 -0.000578767 0.0 
0.000134148 -0.000641328 0.0 
0.10748 -0.0863979 0.0 
0.100368 -0.0012557 0.0 
0.17582 0.00740145 0.0 
0.0681175 6.92968e-06 0.0 
5.98371e-05 -0.0076315 0.0 
0.0232026 0.00698574 0.0 
0.0244593 -5.19179e-05 0.0 
0.0678767 -0.0056824 0.0 
0.376405 -0.0682066 0.0 
0.36582 0.0970982 0.0 
0.0895097 -2.03269e-05 0.0 
-0.0121842 0.00115553 0.0 
0.146602 -0.00137445 0.0 
0 0 0.0 
0.000391114 -0.000224832 0.0 
0.159995 0.0745399 0.0 
0.145413 0.000422321 0.0 
0.0629299 -0.00010444 0.0 
0.11788 0.00374893 0.0 
0.00805989 -0.0119261 0.0 
0.102063 -0.0124746 0.0 
0.0282149 -0.0148333 0.0 
0.0131088 -0.00443127 0.0 
0.00268038 -0.00697279 0.0 
0.0401777 0.0267472 0.0 
0.228628 0.138095 0.0 
0.00295281 -0.000916728 0.0 
0.0557281 -0.00188387 0.0 
-0.0049623 0.0103588 0.0 
0.137722 0.0858379 0.0 
-0.00109555 0.00203627 0.0 
0.0755453 1.92632e-05 0.0 
0.136217 -0.0339841 0.0 
0.000823456 -0.00394282 0.0 
0.251155 0.0669277 0.0 
0.136998 0.0149108 0.0 
0.0431617 0.000466296 0.0 
0.10764 0.0988403 0.0 
0.0685822 0.000301575 0.0 
0.00402525 -0.00695871 0.0 
0.121906 0.000508849 0.0 
0.0248659 0.00803434 0.0 
0.378078 -0.0698238 0.0 
0.0478404 0.049969 0.0 
0.00201534 -0.00657594 0.0 
-0.00039283 -0.00073661 0.0 
6.61164e-05 -0.000156234 0.0 
0.00131594 0.000786675 0.0 
-0.00309987 0.00307158 0.0 
0.00501265 -0.00253133 0.0 
0.0317335 -6.18022e-05 0.0 
0.289545 -0.139068 0.0 
-0.0122722 0.00279638 0.0 
0.0764362 -0.00047417 0.0 
-0.0104804 0.00521017 0.0 
-0.000425702 0.00143994 0.0 
0.262874 -0.0135904 0.0 
0.312524 0.0441864 0.0 
-0.000812819 0.00186982 0.0 
0.130634 0.00334648 0.0 
-0.000210485 0.000318149 0.0 
0.123381 0.00386615 0.0 
0.0636376 0.000725201 0.0 
0.0763423 -1.44551e-05 0.0 
0.351733 -0.0329449 0.0 
-1.44466e-05 -4.99396e-05 0.0 
0.068334 1.66949e-05 0.0 
0.0392524 0.0609201 0.0 
0.00579974 0.0191019 0.0 
0.11152 -7.7269e-05 0.0 
0.0702376 -0.0326567 0.0 
0.310199 0.0978746 0.0 
0.0104939 0.00101529 0.0 
0.325251 -0.173988 0.0 
0.0153585 0.0228545 0.0 
0.0623786 -0.000172013 0.0 
0.0487997 0 0.0 
0.0187589 0.000129316 0.0 
-0.000738812 0.00130304 0.0 
0.0754563 0.00175748 0.0 
0.0743454 0.000307759 0.0 
0.0233997 0.0102276 0.0 
0.00386494 -0.0119418 0.0 
0.150444 -0.0165408 0.0 
0.000932181 0.000743018 0.0 
0.0694386 -0.00063025 0.0 
0.366511 -0.00209872 0.0 
0.0661141 -5.89877e-05 0.0 
0.110657 -0.0113066 0.0 
0.00169313 0.000985737 0.0 
0.227042 0.0190626 0.0 
0.387208 0.0802935 0.0 
0.104665 0 0.0 
0.0639992 -0.00016478 0.0 
0.0751813 9.45968e-05 0.0 
0.0576216 -4.35337e-06 0.0 
0.0655221 -0.000141769 0.0 
0.116661 -5.54623e-05 0.0 
0.123936 -0.0166935 0.0 
0.0945003 -0.0390317 0.0 
0.045634 -0.0167409 0.0 
0.376035 0.119875 0.0 
-0.0136138 0.00195558 0.0 
0.335096 -0.150636 0.0 
0.238135 -0.000101482 0.0 
0.0767534 0.000277215 0.0 
0.0016839 -0.00200321 0.0 
0.0534578 0.00164723 0.0 
0.221499 -0.178031 0.0 
0.0783238 -0.000299946 0.0 
0.126921 0.000496377 0.0 
0.203719 -0.00029466 0.0 
0.271256 -0.138184 0.0 
0.155937 -0.017257 0.0 
0.210611 0.0437063 0.0 
0.0567159 9.62819e-05 0.0 
0.022001 4.74928e-05 0.0 
0.299838 -0.0203643 0.0 
0.0363382 2.89025e-05 0.0 
0 0 0.0 
-7.35484e-05 -0.000134239 0.0 
-0.0107269 -0.000568268 0.0 
0.279687 -0.134668 0.0 
0.0765465 -0.000142819 0.0 
0 0 0.0 
0.24721 -0.122511 0.0 
0.262947 0.00222513 0.0 
-0.000258927 -0.000437344 0.0 
0.00037243 -0.00177922 0.0 
0.0108287 0.0288009 0.0 
0.202262 -0.0989288 0.0 
0.239063 -0.00623174 0.0 
0.016854 0.00431508 0.0 
-0.00262586 0.00207332 0.0 
0.00705949 -0.0150189 0.0 
0.070885 -3.31566e-06 0.0 
0.0155049 0.00128826 0.0 
0.103183 -0.13596 0.0 
0.235984 -0.0246309 0.0 
0.241506 0.0194375 0.0 
0.0257802 0.0138812 0.0 
0.00113016 0.00385974 0.0 
0.0924402 -0.000177456 0.0 
0.0590382 -0.000343035 0.0 
0.031958 -0.000465585 0.0 
0.0213375 -0.000318116 0.0 
0.0729671 -1.07612e-06 0.0 
-0.00674893 -0.00451504 0.0 
0.0689433 6.31757e-05 0.0 
0.198614 -0.00213447 0.0 
0.038388 0.069957 0.0 
0.00356467 -0.001769 0.0 
0.260418 0.0430261 0.0 
0.278115 0.0116276 0.0 
-0.00358165 0.00919166 0.0 
0.103286 0.000504062 0.0 
0.0170321 0.0146854 0.0 
0.0296064 -0.0038051 0.0 
0.0517423 3.24714e-05 0.0 
0.0550277 -0.0102436 0.0 
-0.00283391 0.00701688 0.0 
0.0214315 -0.00351845 0.0 
0.071323 -0.00019559 0.0 
0.00204637 -0.00163385 0.0 
-0.000356699 0.000552104 0.0 
0.0665341 -7.6283e-05 0.0 
0.254548 -0.0743709 0.0 
0.227754 -0.00496778 0.0 
0.0704581 0.000312593 0.0 
0.0213603 0.00337757 0.0 
0.0172614 0.041911 0.0 
-0.00103054 -0.00295071 0.0 
-0.00347939 0.0042517 0.0 
0.137209 0.000245185 0.0 
0.113171 0.000486552 0.0 
0.170139 -0.0306398 0.0 
0.0445865 -1.42563e-05 0.0 
0.000172728 -0.000917603 0.0 
0.238215 -9.54733e-06 0.0 
0.0847669 0 0.0 
0.111948 -0.000468647 0.0 
0.196507 0.00615303 0.0 
-0.00553644 0.00922952 0.0 
0.223041 0.03072 0.0 
0.158489 -0.000183856 0.0 
0.0685608 0.000170287 0.0 
0.00588518 -0.018845 0.0 
0 0 0.0 
-0.00921398 0.00307115 0.0 
-0.00256227 -0.00691902 0.0 
0.282008 0.0688499 0.0 
0.266389 -0.158645 0.0 
0.16152 0.0210988 0.0 
0.24305 0 0.0 
-0.000583657 -0.00210603 0.0 
0.106833 0.036172 0.0 
0.122268 0.000168897 0.0 
0.176022 0 0.0 
0.220823 -0.0276067 0.0 
0.0784786 -7.97313e-05 0.0 
0.193551 -0.0661218 0.0 
0.00614394 0.00524522 0.0 
-1.41567e-05 2.31093e-05 0.0 
0.0617658 -7.02832e-06 0.0 
0.16004 -0.0407686 0.0 
0.239233 -0.0395631 0.0 
0.00170983 0.00589325 0.0 
0.160678 0.0259175 0.0 
0.384266 0.0410422 0.0 
0.264809 0.0614173 0.0 
0 0 0.0 
0.0738584 0.000163186 0.0 
0.0386304 0.00588195 0.0 
0.0673675 -0.000159152 0.0 
0.105884 0.000220694 0.0 
0.106562 0.0238038 0.0 
0.0418156 -0.0400249 0.0 
0 0 0.0 
0.158435 -8.30813e-05 0.0 
0.334695 0.0348565 0.0 
0.0717165 -0.000522003 0.0 
-0.00531643 -0.00271593 0.0 
0.0198292 -0.0023975 0.0 
0.0924891 0.111684 0.0 
0.0737272 0.000193044 0.0 
0.320182 -0.105531 0.0 
0.207798 -0.00975633 0.0 
0.279443 -0.00751454 0.0 
0.0371947 -0.0415177 0.0 
0.0475446 -0.0316194 0.0 
0.0250993 -3.53109e-05 0.0 
-0.000391516 0.000578902 0.0 
-0.00609448 0.00889903 0.0 
0.157227 -0.0273904 0.0 
0.24216 -0.0964421 0.0 
0.103298 0.0416124 0.0 
-0.0122125 0.000126673 0.0 
-0.000565757 -0.00203893 0.0 
0.270555 -0.0112115 0.0 
0.24422 0.0391784 0.0 
0.0225136 -6.04165e-05 0.0 
0.258783 -0.1315 0.0 
0.0498385 -0.0166706 0.0 
0.363345 -0.0505996 0.0 
0.0650778 -4.45704e-05 0.0 
-0.0095305 0.00441304 0.0 
0.0654647 -0.000295962 0.0 
0.165938 -0.177196 0.0 
0.0671242 0.000194407 0.0 
0.00122496 0.00155423 0.0 
0.0688156 -0.0345427 0.0 
-0.00122865 -0.0022699 0.0 
0.0613202 0.00959274 0.0 
0.0868012 0.040326 0.0 
0.122387 0.0401337 0.0 
-0.0028088 0.00850741 0.0 
0.112581 -0.0135985 0.0 
0.0707196 -3.75692e-05 0.0 
0.238535 -0.000172867 0.0 
0.0169821 0.037188 0.0 
-0.00143655 -0.00284641 0.0 
0.0116964 -0.00426937 0.0 
-0.00138149 0.00249174 0.0 
0.0672242 4.9058e-05 0.0 
0.0122444 -0.022889 0.0 
0.236915 0.000239681 0.0 
0.0632741 -8.39576e-05 0.0 
0.300359 0.10309 0.0 
0.273174 -0.0290763 0.0 
0.0257981 -0.000102682 0.0 
0.20099 0.00028053 0.0 
0.258829 0.0638125 0.0 
0.065189 0.000194447 0.0 
0.345919 -0.0675958 0.0 
0.0218573 -0.000212492 0.0 
0.0408553 -0.00820531 0.0 
0.081727 -0.0739617 0.0 
0.324818 0.0128899 0.0 
0.0157748 -0.0367854 0.0 
0.146532 0.00478868 0.0 
0.274336 0.0262783 0.0 
0.0509457 -0.0714221 0.0 
-0.00123988 -0.00230605 0.0 
0.133516 0.0524101 0.0 
0.12554 0.130377 0.0 
0.277472 0.00804755 0.0 
-1.63649e-05 5.44624e-05 0.0 
0.0841608 0.0971995 0.0 
0.0212192 -0.0503083 0.0 
0.0950892 8.33534e-05 0.0 
-0.000829812 0.00183309 0.0 
0.160095 0.171716 0.0 
0.27031 -0.00519971 0.0 
0.214925 0.179937 0.0 
-0.00984665 0.0017638 0.0 
0.0141335 0.00409686 0.0 
0.046287 0.0387663 0.0 
0 0 0.0 
0.174834 0.0534308 0.0 
0.107449 7.46088e-05 0.0 
0.0783061 0.000191285 0.0 
-1.75007e-05 5.82424e-05 0.0 
0.238258 -0.0896566 0.0 
-0.000393865 -0.00101526 0.0 
0.238222 -9.73432e-05 0.0 
0.0663397 -0.00012353 0.0 
0.0526298 0.026278 0.0 
0.0139807 0.0315845 0.0 
0.133399 -0.11671 0.0 
0.0698976 0.00532619 0.0 
0.00222699 0.00120175 0.0 
0.175088 0.0510082 0.0 
0.0178495 0.000431456 0.0 
0.0357223 0.00154035 0.0 
0.0458276 -0.0792628 0.0 
0.176379 0.0552538 0.0 
0.237068 -0.000324558 0.0 
0 0 0.0 
0.121088 0.000275777 0.0 
0 0 0.0 
0.235974 0.00714925 0.0 
-6.17273e-05 0.000193971 0.0 
0.0440411 0.0262482 0.0 
-0.00107229 0.00315474 0.0 
0.109934 -0.0469209 0.0 
-0.0030164 -0.00833866 0.0 
0.0201916 -0.00521067 0.0 
0.158803 0.0975489 0.0 
0.0812904 0.0244646 0.0 
0.0867053 0.00454389 0.0 
0.236934 0.165715 0.0 
0.238026 0.000196662 0.0 
0.0291762 0.00179468 0.0 
0.0657561 -7.05725e-05 0.0 
0.0121554 -0.0038645 0.0 
0.176568 -0.180312 0.0 
0.25313 -0.0557857 0.0 
-0.0015692 0.00318123 0.0 
0.0122845 0.028955 0.0 
0.00292818 0.00400753 0.0 
0.00184421 0.000791233 0.0 
-6.16781e-05 0.000131615 0.0 
0.00590614 0.00287868 0.0 
0.255029 -0.191194 0.0 
0.00142756 -0.00440826 0.0 
0.0093057 0.00154532 0.0 
0.0191789 0.00378367 0.0 
0.248588 -0.0129361 0.0 
0.00567411 -0.0033758 0.0 
0.157015 -0.01177 0.0 
-0.000244752 0.000165387 0.0 
0.0445772 0.000920816 0.0 
0 0 0.0 
-0.00703749 0.00376671 0.0 
0.111423 -0.000127107 0.0 
0.0865536 -0.0398231 0.0 
0.226031 -0.0389865 0.0 
0.0804707 0.0393565 0.0 
0.238818 0.000102562 0.0 
0.0331104 0.045822 0.0 
0.167859 -0.140759 0.0 
0.264114 -0.0360181 0.0 
0.119035 -0.00273532 0.0 
0.208391 2.1367e-05 0.0 
0 0 0.0 
0.0139003 -0.0118385 0.0 
0.0857338 -0.0515745 0.0 
0.373163 -0.0210797 0.0 
0.00306592 0.00167891 0.0 
0.279789 0.196534 0.0 
0.152021 0.151277 0.0 
-0.00022936 0.000389605 0.0 
0.168025 0.000181797 0.0 
0.146212 0.000526725 0.0 
0.266372 0.00537861 0.0 
-0.000515611 -0.00170968 0.0 
0.0313976 0.000450303 0.0 
0.31812 -0.0218539 0.0 
0.103377 0.00270177 0.0 
0.142974 -0.0149391 0.0 
0.0990418 0.027681 0.0 
0.218049 0.11424 0.0 
0.0835594 0.0246062 0.0 
0.252628 0.11649 0.0 
0.25751 -0.194712 0.0 
-0.000364023 0.00839735 0.0 
-0.000760487 0.00244009 0.0 
0.10135 0.000297814 0.0 
-0.000232781 0.000395416 0.0 
0.237697 0.108092 0.0 
0.0534282 -0.0127739 0.0 
0.0644223 3.11918e-06 0.0 
0.00362934 0.00931493 0.0 
-0.00342172 -0.00862333 0.0 
0.228548 -0.134689 0.0 
0.0959509 -9.97297e-05 0.0 
0.121897 0.0102017 0.0 
0.00122041 0.00852395 0.0 
0.0448391 -0.072455 0.0 
0.136987 0.00153246 0.0 
0.00773017 0.0205546 0.0 
-0.00394297 0.0106339 0.0 
0.232989 0.0485546 0.0 
0.0422676 0.0131439 0.0 
0.261437 0.0237137 0.0 
0.0665228 -0.000241011 0.0 
-0.000198244 0.000682891 0.0 
0.0712968 -0.000225889 0.0 
0.164915 -0.0584546 0.0 
0.0208733 0.0162182 0.0 
0.204028 -0.000352548 0.0 
0.304406 -0.179751 0.0 
0.0734321 -0.000265186 0.0 
0.0814085 0.00683439 0.0 
-0.000319932 0.00113397 0.0 
0.00360143 -0.000953808 0.0 
0.191435 -0.0318846 0.0 
0.0236361 -0.00637548 0.0 
0.212277 -0.152711 0.0 
0.160246 0.0132803 0.0 
0.0144234 -0.0324472 0.0 
-0.000372257 0.000564817 0.0 
0.197599 0.183747 0.0 
-0.000115101 0.000484411 0.0 
-0.000145011 0.000504656 0.0 
0.37753 0.00824014 0.0 
0.0506152 -0.0260051 0.0 
0.0922498 -0.0633438 0.0 
0.00771993 -0.0032284 0.0 
0.00977278 -0.000545668 0.0 
0.0285107 7.72113e-05 0.0 
0.00554291 0.015443 0.0 
0.00315004 -0.00674461 0.0 
-0.000212182 0.000695342 0.0 
-0.00260675 0.00573399 0.0 
0.299988 0.134792 0.0 
0.12193 -0.00989719 0.0 
0.11783 -0.0049017 0.0 
0.0108699 -0.00264157 0.0 
0.0116961 0.00377068 0.0 
0.0542719 0.075025 0.0 
0.294049 -0.189764 0.0 
0.0219398 -2.06409e-05 0.0 
-0.0110485 -0.00184186 0.0 
0.0316914 -0.0199661 0.0 
0.0218802 -0.0022084 0.0 
-5.22153e-05 0.000208262 0.0 
-5.25939e-05 0.000209418 0.0 
0.0705716 -0.00669279 0.0 
0.000560684 0.00136179 0.0 
0.0465231 0.0189191 0.0 
0 0 0.0 
0.0224674 -0.0109588 0.0 
0.000631472 -0.000893927 0.0 
0.0819637 0.122415 0.0 
0.18543 0.0670445 0.0 
-0.00331362 0.00843317 0.0 
0.139489 -0.134912 0.0 
0.0613288 5.30795e-06 0.0 
-9.60582e-05 0.000342431 0.0 
0.0668392 0.00145921 0.0 
-0.00789318 -0.00502014 0.0 
0.00198614 0.00809671 0.0 
0.126708 -0.00198461 0.0 
0.00157417 0.00677092 0.0 
-0.00791033 0.00586898 0.0 
0.296362 -0.0468234 0.0 
0.0420717 -0.0180969 0.0 
0.101189 -1.60699e-05 0.0 
0.154695 0.0568388 0.0 
0.0466972 -0.035102 0.0 
0.0744457 0.000496664 0.0 
0.000122027 0.000487609 0.0 
0.000230712 0.000614337 0.0 
0.00733393 -0.00325885 0.0 
0.125451 0.000471754 0.0 
0.0389983 -0.0332787 0.0 
0 0 0.0 
0.0718131 -2.77085e-05 0.0 
0.0371156 -0.00870972 0.0 
0.14362 -0.0969193 0.0 
0.345271 0.0122112 0.0 
0.282201 0.0197991 0.0 
0.355568 0.0330335 0.0 
0.0652584 0.000170824 0.0 
0.000398816 0.00115419 0.0 
0.0611077 -4.8727e-05 0.0 
9.63875e-05 0.000398128 0.0 
-0.000665217 0.00239388 0.0 
0.0633665 -2.06712e-05 0.0 
0.211863 -0.034142 0.0 
0.0677446 5.52337e-06 0.0 
0.0197383 -0.00507871 0.0 
0.334348 -0.0245537 0.0 
0.000540497 -0.00236437 0.0 
0.131447 0.117983 0.0 
0.0942903 0.000658182 0.0 
0.0175723 -0.000323193 0.0 
0.00187494 -0.0076295 0.0 
0.00036181 0.00131441 0.0 
0.0252939 0.05443 0.0 
0.00655771 -0.0214912 0.0 
0.0934145 0.00311194 0.0 
0.00888696 -0.0269366 0.0 
0.336042 -0.0580619 0.0 
0.218276 -0.0654871 0.0 
0.351768 0.0162771 0.0 
0.026785 -2.98102e-05 0.0 
0.133325 0.0129473 0.0 
0.000574377 -0.00251257 0.0 
0.0689048 -2.457e-05 0.0 
0.366759 0.00662434 0.0 
0.0269196 -0.000138384 0.0 
0.182708 -0.170967 0.0 
-0.00324995 0.0082924 0.0 
0.00126893 -0.00551928 0.0 
0.0639651 0.00015375 0.0 
0.238258 -0.0152416 0.0 
0.00366326 -0.00840464 0.0 
0.097102 1.11653e-05 0.0 
0.024481 2.2032e-05 0.0 
0.357282 0.0330327 0.0 
0.0252762 -4.43228e-05 0.0 
0.217911 -0.0951633 0.0 
0.12693 -0.03178 0.0 
0.00270047 -0.00083168 0.0 
0.0154325 0.0320386 0.0 
0.00933004 -0.0139295 0.0 
0.024426 -0.00517704 0.0 
0 0 0.0 
0.0363218 -0.00476576 0.0 
0 0 0.0 
0.1892 -0.0172379 0.0 
0.260574 -0.066151 0.0 
0.108359 -0.0185778 0.0 
0.150311 0.0378698 0.0 
0.204905 0.00189289 0.0 
0.0695618 -0.000185572 0.0 
-0.000962968 0.00156794 0.0 
0.205974 -0.0453102 0.0 
0.00369068 0.0122221 0.0 
0.0327532 -0.0407989 0.0 
0.374198 0.10986 0.0 
0.175652 -0.0126448 0.0 
0.183657 0.000644426 0.0 
0.205182 0.102245 0.0 
0.246935 0.0133638 0.0 
0.238678 2.8907e-06 0.0 
0.291264 0.0335098 0.0 
0.356476 0.0829421 0.0 
0.00259246 0.000493365 0.0 
0.0639983 -0.0151124 0.0 
-0.000215443 0.000354711 0.0 
0.0699681 -9.54558e-05 0.0 
0.071778 -0.000219798 0.0 
0.103925 -0.00881724 0.0 
0.201686 0.028271 0.0 
0.0219332 -0.0382719 0.0 
-0.000830346 -0.00208731 0.0 
0.253492 0.0637286 0.0 
0.318943 0.0368317 0.0 
0.0713469 -0.000432131 0.0 
0.23656 0.010491 0.0 
0.0345326 0.0361051 0.0 
0.36064 -0.0205653 0.0 
0.197341 -4.7048e-05 0.0 
0.381932 0.0458293 0.0 
0.275841 0.0246681 0.0 
0.211795 -0.15412 0.0 
0.345192 -0.0344201 0.0 
0.297551 -0.182397 0.0 
0.00749946 0.0033327 0.0 
0.349253 0.028441 0.0 
0.0425111 0.0119715 0.0 
0 0 0.0 
0.13162 -0.00031805 0.0 
0.248448 0.063761 0.0 
0.185475 -0.0183762 0.0 
0.0316053 -0.0660674 0.0 
-0.00384187 0.00889086 0.0 
0.00586438 -0.0024194 0.0 
0.0940079 0.00667901 0.0 
0.124076 2.40327e-05 0.0 
0.202076 -0.0122537 0.0 
0.205076 0.000337375 0.0 
0.338491 -0.00461747 0.0 
0.0766706 -0.0897258 0.0 
0.213325 0.177162 0.0 
0.113694 0.0124405 0.0 
0.0723408 -0.0252473 0.0 
0.103375 -0.000354995 0.0 
0.117646 2.63242e-05 0.0 
-0.0037167 -0.00440069 0.0 
0.233938 -0.000330024 0.0 
0.289293 0.0542807 0.0 
0.276785 0.032279 0.0 
0.312897 -0.0365736 0.0 
0.0557332 0.094146 0.0 
0.118444 -0.107844 0.0 
1.31667e-05 -0.00501591 0.0 
0.31235 -0.0590769 0.0 
0.0967712 0.0406346 0.0 
0.00821481 -0.00370888 0.0 
0.349248 0.16175 0.0 
0.215718 -0.0137969 0.0 
0.0278821 0.0388353 0.0 
0.0466502 -0.0126297 0.0 
0.221557 -0.0699437 0.0 
0.000297305 -0.000102406 0.0 
0.266892 0.0317153 0.0 
0.124281 0.000222842 0.0 
0 0 0.0 
0.0529811 3.48417e-05 0.0 
0.0254702 0.0027842 0.0 
0 0 0.0 
0.233924 -0.000448756 0.0 
0.129809 -5.63151e-05 0.0 
0.183233 -0.000231869 0.0 
0.11526 -0.000474938 0.0 
0.0168497 0.0319557 0.0 
0.171353 0.000196389 0.0 
0.0827776 -0.0371764 0.0 
0.136536 0.00034749 0.0 
0.0424571 -0.0214264 0.0 
0.284021 -0.057497 0.0 
-0.00481532 -0.00664545 0.0 
0.0201095 -0.000162066 0.0 
0.0303908 -0.040729 0.0 
0 0 0.0 
0.0252369 5.59421e-05 0.0 
0.00820539 -0.00361194 0.0 
0.339185 0.0311178 0.0 
0.262118 -0.106978 0.0 
0.0124477 0.00113359 0.0 
0.2792 -0.0386281 0.0 
0.0981178 0.00424585 0.0 
0.0190616 0.000207468 0.0 
0 0 0.0 
0.327023 0.0513352 0.0 
0.00273107 0.0015595 0.0 
0 0 0.0 
0.181062 -0.050288 0.0 
0.334387 -0.139192 0.0 
0.110131 4.87827e-05 0.0 
0.121057 -0.00014643 0.0 
0.211559 -0.000109867 0.0 
0.0526091 -6.63149e-05 0.0 
0.0491846 -0.0137503 0.0 
0.214394 0.000325364 0.0 
0.306654 0.0172882 0.0 
0.0335722 -0.000668204 0.0 
0 0 0.0 
0.335333 -0.0462577 0.0 
0.376072 -0.101051 0.0 
0.112927 -0.000534807 0.0 
0.138832 0.000204301 0.0 
0.0458463 0.0112059 0.0 
0 0 0.0 
0.0111418 -4.72652e-05 0.0 
0.19344 2.54966e-05 0.0 
0.140513 0.078348 0.0 
0.230392 0.000316356 0.0 
0.298948 0.132147 0.0 
-0.00106945 0.00335109 0.0 
0.145338 -2.59695e-05 0.0 
0.11683 0.00276913 0.0 
0.000852752 0.00356983 0.0 
0.238239 -2.39681e-05 0.0 
0.0659361 0.0984405 0.0 
0.227572 0.000953489 0.0 
0.112782 6.90027e-06 0.0 
0.00558987 0.00657295 0.0 
0.236791 -8.48625e-05 0.0 
0.293414 0.00433976 0.0 
0.283242 0.130474 0.0 
0.238468 6.68912e-05 0.0 
0.0770355 -0.113727 0.0 
0.248751 -0.071299 0.0 
0.0142468 0.00895651 0.0 
0.175382 0.0112752 0.0 
0.0271957 0.0262946 0.0 
0.210312 0.0561725 0.0 
0.200038 -0.000185103 0.0 
0.0200103 -0.0484123 0.0 
0.0347475 0.00324737 0.0 
0.0903116 -0.00415044 0.0 
0.143351 0.000521332 0.0 
0.115416 0.000376469 0.0 
0.234909 -0.000160249 0.0 
0.194498 0.00167829 0.0 
0.0230645 0.00821426 0.0 
0.224659 -0.00157782 0.0 
0.00816646 -0.00654128 0.0 
0.155193 -0.000198675 0.0 
0.23181 -0.000284226 0.0 
0.0298547 0.000114914 0.0 
0.0796954 0.00104573 0.0 
0.0588541 -0.00162733 0.0 
0.0826084 -0.11236 0.0 
0.0492827 0.012924 0.0 
0.00641993 -0.0101703 0.0 
0.135497 0.0545404 0.0 
0 0 0.0 
0.0126213 0.000100125 0.0 
0.162469 0.000446057 0.0 
0.0662068 0.000259618 0.0 
0.260022 -0.177456 0.0 
0.174489 0.00716292 0.0 
-0.00942981 -0.0003781 0.0 
-7.5907e-05 -0.000595401 0.0 
0.0277947 0.0523588 0.0 
-0.00125872 -0.00239428 0.0 
0.0308351 0 0.0 
0.3497 -0.127687 0.0 
0.207974 0.000149164 0.0 
-0.0127311 0.00126456 0.0 
0.206572 0.00129538 0.0 
0.254546 -0.0449868 0.0 
0.118693 0.000148456 0.0 
0.350762 -0.135176 0.0 
0.369393 -0.12337 0.0 
0.19067 -0.000174217 0.0 
0.238844 0.000287231 0.0 
-0.000645017 -0.0010298 0.0 
0.171138 7.22528e-05 0.0 
-0.000417572 -0.0007942 0.0 
0.15873 0.0512996 0.0 
0.0439176 0.015444 0.0 
0.238724 5.78258e-07 0.0 
0.00390414 -0.00125469 0.0 
0.0568427 0.000139412 0.0 
0 0 0.0 
0.169261 -0.00198999 0.0 
0.27696 0.042697 0.0 
0.18098 -0.00169316 0.0 
0.158148 -0.000195839 0.0 
0.000765451 0.00302105 0.0 
0.106686 -0.00635344 0.0 
0.00412958 0.000900636 0.0 
0.360898 0.0452075 0.0 
0.0709429 0.0169996 0.0 
0.0809998 -0.000195849 0.0 
0.213008 0.037113 0.0 
0.355958 -0.016861 0.0 
0 0 0.0 
0 0 0.0 
0.00600571 -0.0113527 0.0 
0.262362 0.0672551 0.0 
0.133466 -8.67346e-05 0.0 
0.305405 0.186782 0.0 
0.236996 -5.25562e-05 0.0 
0.238606 -0.000329814 0.0 
-0.00588616 0.0097663 0.0 
0.0632916 0.000371074 0.0 
0.277921 -0.0496737 0.0 
0.215125 -0.000563296 0.0 
0.231957 -4.32463e-05 0.0 
0.17685 -0.00164635 0.0 
0.215663 1.2267e-05 0.0 
0.291758 -0.0531757 0.0 
0.204179 0.000235945 0.0 
0.0379181 0.0237934 0.0 
0.202878 -0.023014 0.0 
0.102902 -0.0543824 0.0 
0.181853 -0.000572394 0.0 
0.324806 0.157626 0.0 
-0.0026272 -0.00736235 0.0 
0.0323409 0.0409153 0.0 
0.00869776 -0.0145366 0.0 
0.104768 0.0213259 0.0 
0 0 0.0 
0.0656316 0.0749246 0.0 
0.0581806 -4.7023e-05 0.0 
0.236141 0.0645812 0.0 
0 0 0.0 
-0.000928963 -0.00163727 0.0 
0.227533 -0.175198 0.0 
0.236645 -0.000904969 0.0 
0.259138 -0.0460198 0.0 
0.129492 0.0162863 0.0 
0.268459 0.0445097 0.0 
-0.000828131 -0.00162989 0.0 
0.062843 0.000298298 0.0 
0.100979 0.0782173 0.0 
0 0 0.0 
0.260554 -0.0401427 0.0 
0.0532945 -0.000520539 0.0 
0.0849371 -0.00038907 0.0 
0 0 0.0 
0.00257667 -0.00144746 0.0 
0.0257205 -0.0155297 0.0 
0.024688 0.0224173 0.0 
0.0289475 0.0269212 0.0 
7.57877e-05 -0.000108654 0.0 
0.0704878 2.67488e-05 0.0 
0.0632205 -5.57539e-06 0.0 
0.225896 0.0803935 0.0 
0.234822 0.0103922 0.0 
0.232205 -0.111052 0.0 
0.0958909 -0.00179117 0.0 
0 0 0.0 
0 0 0.0 
0.0697211 0.000537719 0.0 
0 0 0.0 
0.282918 -0.0114603 0.0 
0.0588273 0.0390824 0.0 
0.000601288 0.000131572 0.0 
0.277008 0.0979596 0.0 
0.00842373 -0.0124332 0.0 
0.00344915 -0.00970526 0.0 
0.00160476 0.000948525 0.0 
0.326636 0.129184 0.0 
0.0275864 9.39863e-05 0.0 
0 0 0.0 
0.0620342 0.000379121 0.0 
0.00651147 0.0157866 0.0 
0 0 0.0 
0 0 0.0 
-8.87123e-05 -0.000220987 0.0 
0 0 0.0 
0.0225419 0.0229659 0.0 
0.065392 -0.000207822 0.0 
-0.00143483 0.00348628 0.0 
0.203891 0.0150801 0.0 
0.251402 -0.0326853 0.0 
0.104621 0.0564573 0.0 
0 0 0.0 
0.31393 0.184966 0.0 
0.355806 0.0566774 0.0 
0 0 0.0 
0.0305229 -1.55798e-05 0.0 
0 0 0.0 
0.00171954 0.00683084 0.0 
0.00486043 0.00172515 0.0 
0.223864 0.0190861 0.0 
0 0 0.0 
0.000774748 0.00305774 0.0 
0 0 0.0 
0 0 0.0 
0.103681 -0.000627789 0.0 
0.0641473 -0.000611503 0.0 
0.00155535 0.00560562 0.0 
0.0362428 -1.75716e-06 0.0 
-0.000528529 0.000826384 0.0 
0 0 0.0 
-0.0103718 0.00232705 0.0 
0.000705483 0.00285695 0.0 
0.000687287 0.00272134 0.0 
0.000967948 0.00403632 0.0 
0 0 0.0 
0.000714137 0.00289894 0.0 
0.000149812 0.000744746 0.0 
0 0 0.0 
0.0277947 0.0271686 0.0 
0.000619515 0.00243962 0.0 
0 0 0.0 
0.000136882 0.000726296 0.0 
0.000158469 0.00084084 0.0 
0.0710647 0.00993397 0.0 
0 0 0.0 
0.0362063 0.00463803 0.0 
0.00012512 0.000239757 0.0 
-0.000366616 -0.00142309 0.0 
-0.000841646 0.00137886 0.0 
0.000247968 5.56522e-05 0.0 
0.0428725 -2.99566e-05 0.0 
0.044172 -0.0219058 0.0 
-0.00117903 -0.0024658 0.0 
0.0326827 -0.0198652 0.0 
-0.000419237 -0.000693352 0.0 
0.000670311 0.00101504 0.0 
-0.000143667 0.000127535 0.0 
0.0103738 -0.00128976 0.0 
0.00302904 0.0107964 0.0 
0.00209192 0.00779172 0.0 
0.000930821 0.00382597 0.0 
0.0208714 -0.009365 0.0 
0.00955052 -0.00218435 0.0 
0.0346686 -0.016764 0.0 
0.000228255 -0.00103615 0.0 
0.0013015 -0.000768322 0.0 
-0.000936084 0.00168162 0.0 
0.00299733 -0.0110411 0.0 
0.00168583 0.0067404 0.0 
0.0233404 -0.014051 0.0 
0.00954132 -0.00122209 0.0 
0.00666626 -0.0016862 0.0 
0.0106394 9.39513e-05 0.0 
0.0255227 -0.011352 0.0 
0.0148742 -0.00297692 0.0 
-0.000508969 0.00173349 0.0 
-0.000128392 -0.000137708 0.0 
-0.000156074 -0.000264969 0.0 
0.0397352 0.000104447 0.0 
-6.10345e-05 0.000101035 0.0 
-6.3862e-05 -6.51218e-05 0.0 
0.0118689 -0.000198715 0.0 
-9.97191e-05 0.000227305 0.0 
-7.98948e-05 7.87359e-05 0.0 
-0.000543784 0.00159983 0.0 
0.00130062 0.00511286 0.0 
0.00718242 -0.00368147 0.0 
0.0338285 -0.0102212 0.0 
0.00114376 0.000556878 0.0 
-0.000705141 0.00191593 0.0 
0.0160203 1.10462e-05 0.0 
0.0444953 -0.0195429 0.0 
-0.000699242 -0.00190884 0.0 
0.0209371 0.00160057 0.0 
-0.000491687 -0.000802461 0.0 
-0.000316136 -0.00120984 0.0 
0.024706 0.00350073 0.0 
-0.00117426 0.00250982 0.0 
0.0101923 0.0156506 0.0 
0.0114153 0.0184515 0.0 
0.00117632 0.00074918 0.0 
0.0160344 0.0246232 0.0 
0.0290898 0.0138599 0.0 
0.000653512 0.00278324 0.0 
0 0 0.0 
0.00637722 0.0188854 0.0 
0.00109027 0.00418849 0.0 
-0.000253718 0.00107267 0.0 
0.00955474 0.0175276 0.0 
0.0243072 0.0101708 0.0 
0.003707 -0.012837 0.0 
-0.00157232 -0.00374994 0.0 
0.000491214 -0.00023444 0.0 
-0.000376175 0.000630534 0.0 
0.00396999 -0.00161866 0.0 
-0.000598097 -0.000954732 0.0 
0.00411733 -0.00157092 0.0 
0.00330829 -0.0017132 0.0 
-0.00048761 -0.000781248 0.0 
0.0255547 0.0271083 0.0 
0.00654556 -0.00211601 0.0 
-0.000872335 -0.00203254 0.0 
0.00628909 -0.00194271 0.0 
-0.00108365 0.00214009 0.0 
-0.000626678 0.0010017 0.0 
0.00166311 0.000956597 0.0 
-0.000445011 0.00169853 0.0 
0.00314025 0.00165814 0.0 
-0.000246667 0.000613499 0.0 
0.000258697 0.000123575 0.0 
0.00790091 0.0153461 0.0 
0.000263614 -4.54749e-05 0.0 
-0.000178196 -0.000708991 0.0 
6.82663e-05 0.000104805 0.0 
0.000576502 -4.83422e-05 0.0 
-0.000696499 0.00108523 0.0 
0.0015821 -0.000890696 0.0 
0.00493309 -0.00499929 0.0 
-0.00026613 0.000439452 0.0 
0.008506 -0.0109611 0.0 
0 0 0.0 
0.0170608 0.0239716 0.0 
-0.00076221 -0.00169579 0.0 
0.0317142 0.0166452 0.0 
0.0249476 0.00991946 0.0 
0.0357992 0.0209637 0.0 
0.0259074 0.006811 0.0 
0.0173464 0.000677412 0.0 
-0.000256492 -0.00103082 0.0 
-0.000349031 -0.000610142 0.0 
0.0100984 -0.00272636 0.0 
0.0176636 0.00115576 0.0 
0.0278529 -0.021152 0.0 
0.033612 0.0666464 0.0 
0.0101726 0.0238666 0.0 
0.0109498 0.0249107 0.0 
0.00430749 0.00825173 0.0 
0.0207595 -0.0160754 0.0 
-0.000359633 -0.000752813 0.0 
0.0331232 4.13761e-05 0.0 
-0.000168682 -0.000495754 0.0 
0.00983777 -0.00132342 0.0 
0.00327522 -0.00600555 0.0 
-0.00182615 -0.00428039 0.0 
0.00203448 0.00113102 0.0 
-0.000897208 -0.00233475 0.0 
-0.000117936 -0.000501188 0.0 
-0.000124826 -0.000439695 0.0 
0.0155375 0.0266329 0.0 
-0.000264134 -0.000891165 0.0 
-0.000336677 -0.000839866 0.0 
0.00832132 0.00249677 0.0 
0.00532159 -0.00163633 0.0 
0.00279416 0.00128169 0.0 
0.00637086 -0.0018139 0.0 
-0.000772022 -0.00132641 0.0 
0.00897246 0.00225998 0.0 
-0.000464068 0.00143866 0.0 
-0.000281354 0.00119549 0.0 
-0.000204255 0.00094969 0.0 
0.0119475 0.0149176 0.0 
-9.71571e-05 0.00930041 0.0 
0.0129196 -0.0249363 0.0 
-0.00376672 -0.00472117 0.0 
0.00240446 -0.00574085 0.0 
0.0241583 0.0169699 0.0 
0.00631342 0.0183825 0.0 
0.038181 -0.0219133 0.0 
0.0119842 -0.000760355 0.0 
0.0244574 0.0394316 0.0 
-0.00581548 0.0013096 0.0 
-0.00927474 0.00446586 0.0 
0.0217844 -0.0180254 0.0 
0.0128797 -0.000411882 0.0 
0.019829 0.0252126 0.0 
0.0116588 -0.00218166 0.0 
0.00890735 0.00249415 0.0 
-0.000207852 -0.000536652 0.0 
-0.000185959 -0.000392895 0.0 
0.00265682 -0.00138302 0.0 
0.00434773 -0.00207345 0.0 
0.022762 0.00491283 0.0 
0.000595035 0.000354823 0.0 
0.0164299 -0.0142333 0.0 
0.0111036 0.000478322 0.0 
0.0156491 -0.0212939 0.0 
-0.0032897 0.00805916 0.0 
0.0638322 -0.0327565 0.0 
0.00127895 -0.00564404 0.0 
0.00745248 0.00154988 0.0 
0.0058558 0.00113868 0.0 
0.0129976 0.0025364 0.0 
0.00990808 0.00189765 0.0 
0.0312606 -0.022747 0.0 
0.0115701 -0.00887902 0.0 
0.0181777 -0.00109912 0.0 
0.0185459 -0.0205422 0.0 
0.0102074 0.00221862 0.0 
-0.00826594 -0.00326982 0.0 
0.0204158 -0.0237346 0.0 
0.0146312 -0.0230161 0.0 
-0.00968929 0.000736896 0.0 
0.313406 0.00101291 0.0 
0.0510599 0.0125272 0.0 
0.0170912 -0.0278317 0.0 
0.0299508 -0.00663203 0.0 
-0.002731 -0.00691012 0.0 
0.0263607 -0.00835429 0.0 
0.0224877 -0.00559625 0.0 
0.0200888 0.00190963 0.0 
0.0221064 -0.00797293 0.0 
0.00216373 -0.000480448 0.0 
0.00967506 -0.0168333 0.0 
0.00814196 0.000946822 0.0 
0.258652 -0.00531301 0.0 
0.00929146 0.012142 0.0 
-0.0090447 0.00368893 0.0 
0.00509376 -0.000657023 0.0 
0.0145918 0.00256586 0.0 
0.00673857 -0.00149854 0.0 
0.00513939 -0.00117394 0.0 
0.0258583 -0.00345189 0.0 
0.0363281 0.00953478 0.0 
0.0133224 -0.000427559 0.0 
0.00200554 0.000925476 0.0 
0.016544 0.00179024 0.0 
0.0144009 -0.020529 0.0 
0.0239576 -0.036862 0.0 
0.0302385 -0.020549 0.0 
0.0277833 -0.00810172 0.0 
-0.00547767 0.00743856 0.0 
-0.00385235 -0.0046741 0.0 
-0.00528296 -0.00563933 0.0 
0.0154297 -0.0270955 0.0 
-0.00369793 -0.00920691 0.0 
0.00126111 -4.81532e-05 0.0 
0.000601934 -3.90787e-05 0.0 
0.0210029 0.000329774 0.0 
0.0231137 -0.00980752 0.0 
0.00138675 -0.000697685 0.0 
0.0210727 -0.0263121 0.0 
-0.000717271 -0.00326751 0.0 
0.000985023 -0.00469883 0.0 
0.00193972 -0.00761232 0.0 
0.00238211 -0.00897289 0.0 
0.00562411 0.00242751 0.0 
-0.000432993 -0.000546066 0.0 
0.0031801 0.00160079 0.0 
0.0158263 -0.00443968 0.0 
0.0125062 0.0038948 0.0 
0.0260824 -0.0223488 0.0 
0.0162477 -0.00482353 0.0 
0.00478063 0.0114511 0.0 
0.00950437 0.00151081 0.0 
0.00137763 -5.03569e-05 0.0 
0.0027643 -0.000348227 0.0 
0.000613242 -0.00298258 0.0 
0.238371 -1.39106e-05 0.0 
0.000811198 0.000511188 0.0 
0.0224218 0.0190308 0.0 
-0.00122123 -0.00122806 0.0 
-0.00525407 -0.00493845 0.0 
-0.00074734 -0.00121285 0.0 
0.000636163 0.00020979 0.0 
0.00042333 0.000421412 0.0 
0.00331129 -0.00420204 0.0 
-5.90873e-05 0.00215673 0.0 
0.0077215 -0.00593725 0.0 
-0.00374872 0.000586091 0.0 
0.00823761 -0.000756402 0.0 
-0.00332261 0.00165234 0.0 
0.0103682 -0.00231608 0.0 
-0.000264097 -0.00241223 0.0 
0.0155439 0.00404996 0.0 
0.0205375 -0.000808854 0.0 
0.0320792 -0.00440721 0.0 
-0.000159692 0.000340988 0.0 
-0.00318486 -0.00313175 0.0 
-0.00223012 -0.000654219 0.0 
-0.00108825 0.00176219 0.0 
-0.0045927 0.00423422 0.0 
-0.0111699 0.00254367 0.0 
-0.00422043 0.000977465 0.0 
0 0 0.0 
0.00660047 -0.00221042 0.0 
0.00364415 -0.00455889 0.0 
-0.00749034 0.00105326 0.0 
0.00229148 0.00204323 0.0 
-0.00717562 0.00281615 0.0 
-0.00103204 0.00311983 0.0 
0.00730602 0.00318633 0.0 
-0.00042174 0.00489285 0.0 
0.0166455 0.0124813 0.0 
-0.000359122 0.000613897 0.0 
-0.00178829 -0.00135275 0.0 
0.0136393 0.00684301 0.0 
0.0114991 0.00822286 0.0 
0.210331 -0.000421645 0.0 
0.0047759 0.00700316 0.0 
-0.00030753 0.00107203 0.0 
0.00995785 0.000880613 0.0 
0.00865488 0.00297156 0.0 
-0.000724714 -0.00358904 0.0 
-0.00151533 -0.00425783 0.0 
-0.00197064 -0.00444167 0.0 
0.0616065 -0.0046796 0.0 
0.00959881 -0.0190474 0.0 
0.0291286 -0.0536079 0.0 
-0.000332112 -0.000514376 0.0 
-0.00109085 0.000730225 0.0 
-0.00800979 0.00692669 0.0 
-0.00100324 -0.000538866 0.0 
-0.000457742 -0.000396461 0.0 
0.133375 -7.58907e-05 0.0 
-0.00641671 -0.000832638 0.0 
-0.00407049 -0.0014883 0.0 
0.00845413 0.00269526 0.0 
-0.00168957 -6.07773e-05 0.0 
0.0119072 0.0133814 0.0 
0.0264604 0.00748797 0.0 
-0.000662242 0.00714662 0.0 
-0.00250964 0.0066117 0.0 
-0.000716605 -0.00056105 0.0 
-0.000623115 0.00140007 0.0 
0 0 0.0 
0.00522888 0.00141162 0.0 
0.00738924 0.00478342 0.0 
0.00570969 0.00733489 0.0 
0.00171568 -0.000898142 0.0 
0.00113415 0.00928021 0.0 
-0.00115231 9.04082e-06 0.0 
0.0334791 0.0128655 0.0 
-0.0022604 -0.00577032 0.0 
0.00352958 0.00734586 0.0 
-0.000743414 0.000371591 0.0 
0.00211628 -0.00191411 0.0 
0.0928632 -0.000309837 0.0 
-0.000701364 -0.00159259 0.0 
0.0134317 0.00705197 0.0 
0.0252794 -0.00334362 0.0 
0.178704 -0.105296 0.0 
0.00771639 -0.0214695 0.0 
0.0376883 0.0717387 0.0 
0.112155 0.00457329 0.0 
-0.000907774 0.0017376 0.0 
0.00528922 -0.0021166 0.0 
0.000376109 -0.000436918 0.0 
0.00534917 0.00175391 0.0 
-0.000305865 0.000894023 0.0 
0.00249776 0.000954565 0.0 
0.00294716 -0.00300215 0.0 
0.00419807 -0.0123652 0.0 
0.00307699 -0.00175659 0.0 
-0.000310923 0.0013818 0.0 
0 0 0.0 
0.00121346 -0.00116107 0.0 
0.116924 -0.000320884 0.0 
0.00633942 -0.0194963 0.0 
0.00230961 0.00270707 0.0 
-0.000486702 0.000959111 0.0 
0.00905263 0.00411155 0.0 
-0.000795315 0.00294398 0.0 
0.0212377 -0.0166291 0.0 
0.00101913 -0.00121495 0.0 
0.00112084 -0.000569869 0.0 
0.00272591 0.00897204 0.0 
0.184595 9.27998e-05 0.0 
0.0076203 -0.00259152 0.0 
0.00212824 -0.00394681 0.0 
0.00541938 0.00234475 0.0 
7.06992e-05 -0.00149549 0.0 
0.150757 -0.000530164 0.0 
0.000412299 -0.000536023 0.0 
0.00104551 -0.000424822 0.0 
0.00184058 -0.00466507 0.0 
0.000130859 -0.00074914 0.0 
0.00534319 -0.000230834 0.0 
-0.0101031 0.000183238 0.0 
0.00596616 0.0110236 0.0 
-0.00698918 -0.00203548 0.0 
0.0028644 0.00140144 0.0 
0.0219269 -0.00267139 0.0 
0.00368481 0.000389512 0.0 
0.00161562 0.000936457 0.0 
-0.00738494 0.000267066 0.0 
0.00275337 0.00152539 0.0 
0.0187656 -0.00130622 0.0 
0.00825425 0.000213971 0.0 
0.00723182 -0.00116819 0.0 
3.74861e-05 0.000448304 0.0 
-0.00150125 -0.00424343 0.0 
-0.00057822 -0.00188578 0.0 
0.0177722 0.0025971 0.0 
-0.00843014 -0.00117989 0.0 
0.00357864 0.0126658 0.0 
0.044544 0.0427532 0.0 
0.0272695 0.0122824 0.0 
0.00558217 0.0135346 0.0 
0.176703 0.114758 0.0 
0.0125662 -0.0124749 0.0 
0.00238537 0.00931679 0.0 
-0.000518045 -0.000830817 0.0 
0.000282611 0.000256631 0.0 
0.0322778 0.0371366 0.0 
8.77151e-05 0.000207108 0.0 
0.0222785 -0.000789313 0.0 
2.67247e-05 0.000297074 0.0 
-0.000719781 -0.00131816 0.0 
0.00427434 0.000810977 0.0 
0.0273759 0.0051542 0.0 
0.0100146 0.00455735 0.0 
-0.00279891 0.00691707 0.0 
0.0153904 0.00212861 0.0 
0.0114138 0.00308252 0.0 
0.0143074 0.000847056 0.0 
-0.000450755 -6.93445e-05 0.0 
-0.00282118 -0.00651925 0.0 
-0.00190235 0.00539151 0.0 
-0.000429243 0.00023388 0.0 
0.00195628 0.00497928 0.0 
-0.000375046 8.52115e-05 0.0 
0.000373827 -0.00112507 0.0 
0 0 0.0 
-0.000731789 0.00239184 0.0 
0.00103797 0.00269608 0.0 
-0.00591205 0.00629099 0.0 
-0.000550106 0.000929214 0.0 
0.0237317 -0.00900038 0.0 
0 0 0.0 
0.0370129 0.0202004 0.0 
-0.000611596 -0.00209269 0.0 
-0.0129138 0.00082706 0.0 
0.0100683 0.00252665 0.0 
0.0243055 0.0186171 0.0 
0.00220654 0.00229251 0.0 
-0.000134588 0.000481421 0.0 
-0.000166498 0.000314907 0.0 
-0.000728146 0.00218151 0.0 
0.0213684 -0.00279104 0.0 
-0.000379171 0.00139312 0.0 
0.0171798 0.0396441 0.0 
-0.00143152 -0.00359535 0.0 
0.00696672 -0.00862307 0.0 
0.0406592 -0.0222436 0.0 
0.00267516 -0.000514999 0.0 
0.180347 -0.00777372 0.0 
0.0989336 0.000289478 0.0 
0.000653837 3.948e-05 0.0 
0.109087 5.38448e-05 0.0 
0.00141169 -0.000507077 0.0 
-0.000557338 -0.00649746 0.0 
-0.000666814 0.00225073 0.0 
0.0206121 -0.0144784 0.0 
0.108572 -0.0077723 0.0 
0.00109864 -0.00179631 0.0 
-0.000513854 -0.00100399 0.0 
-0.000211073 0.0025707 0.0 
-0.00013766 5.49863e-05 0.0 
0.154337 -0.00831505 0.0 
-0.00112541 -0.00257725 0.0 
0.0213368 0.000691802 0.0 
0.0151531 -0.0135193 0.0 
0.000933075 0.000117508 0.0 
-0.000131857 0.000964036 0.0 
0 0 0.0 
0.0334261 0.0569304 0.0 
0.0232273 -0.00972994 0.0 
0.0764467 0.00872758 0.0 
0.0330905 -0.0271191 0.0 
0.00309333 2.95772e-05 0.0 
0 0 0.0 
-0.00112598 -0.00544997 0.0 
-0.000930848 0.00162919 0.0 
0.00620264 -0.00890613 0.0 
0.0617691 -0.0107471 0.0 
0.0225134 0.0148989 0.0 
0.156894 0.000112788 0.0 
0.226835 0.000563356 0.0 
0.00549528 -0.013473 0.0 
0.00183292 0.00102357 0.0 
0.000399319 0.00132422 0.0 
-0.000442899 0.00212421 0.0 
0.038229 -5.3196e-05 0.0 
0.206141 0.00032133 0.0 
0.0106844 -0.00226502 0.0 
0.0631504 -0.0603319 0.0 
0.0235288 0.00343743 0.0 
0.0346729 -0.001734 0.0 
0.0583361 -0.000409233 0.0 
0.00736186 0.0151309 0.0 
0.0805842 -0.0133743 0.0 
0.00951054 -0.00319216 0.0 
0.0194135 -0.00348341 0.0 
0.254593 0.0445106 0.0 
-0.000243668 -0.000425267 0.0 
0.00818882 -0.0213449 0.0 
0.00611093 0.0132393 0.0 
0.232664 0.000148463 0.0 
0.16641 -6.37184e-05 0.0 
0.0643779 -2.21829e-05 0.0 
0.104682 -0.000488078 0.0 
0.00174557 -0.0061867 0.0 
0.0504177 -6.93048e-05 0.0 
0.0729125 0.000208835 0.0 
-0.00416252 0.00974837 0.0 
0.0928469 0.000300935 0.0 
0.00571875 -0.0160483 0.0 
0.00580433 -0.00368249 0.0 
0.0521617 -2.29919e-05 0.0 
0.17014 0.000253752 0.0 
0.161854 0.000216756 0.0 
-0.000628864 -0.00730129 0.0 
0.0931497 -0.000134357 0.0 
0.0806007 -9.59709e-05 0.0 
-0.000775878 0.00262745 0.0 
0.00351709 -0.00558047 0.0 
0.194395 0.0759302 0.0 
0.0300228 0.000966745 0.0 
0.0189832 0.00346316 0.0 
0.00125297 0.000725607 0.0 
0.237328 -4.2464e-05 0.0 
-0.000437705 -0.00410454 0.0 
0.22337 0.000288243 0.0 
0.0156774 -0.00201491 0.0 
0.000655985 0.000217505 0.0 
-0.000384015 -0.00150235 0.0 
0.135057 -8.98625e-05 0.0 
0.0117457 -0.000377769 0.0 
-0.000124938 -5.18651e-05 0.0 
0.000872581 0.000386389 0.0 
-0.01207 0.00217255 0.0 
0.22379 -0.000221029 0.0 
0.11467 -4.50137e-05 0.0 
0.00612779 0.00111667 0.0 
0.171408 -0.000625112 0.0 
0.14086 0.000293737 0.0 
0.193882 5.26445e-05 0.0 
-0.000195677 9.71681e-06 0.0 
0.0135577 -0.000530116 0.0 
0.0373169 0.0286987 0.0 
-0.000676896 0.00760218 0.0 
0.235136 -3.64499e-05 0.0 
0.000714006 -0.000487567 0.0 
0.229988 0.000103568 0.0 
0.00698041 0.0123248 0.0 
0.237382 -0.000320741 0.0 
0.0131828 -0.00267499 0.0 
0.237407 -0.00133674 0.0 
0.0315221 -0.0328602 0.0 
0.00263544 -0.00805653 0.0 
-0.000714825 -0.00232854 0.0 
0.0291615 -0.0183852 0.0 
-3.80281e-05 3.78724e-05 0.0 
0.00341082 -0.0112321 0.0 
0.0220727 0.00752969 0.0 
0 0 0.0 
0.166355 -6.38123e-05 0.0 
0.0179253 0.00352253 0.0 
0.0240991 0.028514 0.0 
0.0198234 0.0178889 0.0 
0.00417391 -0.000239012 0.0 
0.220878 0.000115837 0.0 
0.175513 0.000153655 0.0 
0.0164161 -0.0101882 0.0 
0.143724 0.0104959 0.0 
0.00299411 0.00708021 0.0 
0.00848089 -0.00278131 0.0 
0.0503726 -0.00362202 0.0 
0.0257491 0.00407992 0.0 
0.00547385 -0.00193183 0.0 
-0.000448999 0.00174007 0.0 
0.305698 -0.0334617 0.0 
0.0149111 0.0273616 0.0 
0.0123788 0.0238761 0.0 
0.00624312 0.00210503 0.0 
-9.1413e-05 -0.000243349 0.0 
-0.00151962 0.00425111 0.0 
-0.00223706 0.00610477 0.0 
0.035342 0.0250824 0.0 
-0.00938867 -0.00164112 0.0 
0.025834 -0.0245554 0.0 
0.0242531 0.0162625 0.0 
0.0420499 0.0282546 0.0 
0.158793 2.17901e-05 0.0 
0 0 0.0 
0.00778397 0.020015 0.0 
0.208394 -0.00043897 0.0 
0.00671841 0.000987063 0.0 
0.000578224 -0.000196007 0.0 
0.00117419 0.000592356 0.0 
0.00168814 -0.000926794 0.0 
0.0236239 0.00154034 0.0 
0.0533356 -0.091953 0.0 
0.00503963 -0.00215557 0.0 
0.00871192 -0.00295413 0.0 
0.00432005 -0.00562721 0.0 
0.0208848 -0.000886618 0.0 
0.258361 0.075313 0.0 
0.0203937 -0.0209207 0.0 
0.0207265 -0.000301868 0.0 
0.0493378 -4.62595e-06 0.0 
0.00919556 0.00122256 0.0 
-0.00173961 0.00611468 0.0 
0.0713011 0.00418886 0.0 
0.0230254 -0.0186041 0.0 
0.0210208 -0.000150527 0.0 
-0.00272884 0.00135742 0.0 
0.0227356 -0.000582541 0.0 
0.0143659 -0.00229392 0.0 
-0.0102701 0.000669203 0.0 
-0.00065913 -0.00207655 0.0 
0.00725184 -0.0184279 0.0 
-0.002607 0.0102319 0.0 
0.0212634 -0.00417022 0.0 
0.0257143 -0.00172393 0.0 
0.0240334 0.0157386 0.0 
0.0153817 0.00271196 0.0 
0.0154912 0.00206922 0.0 
0.0148648 -0.000621942 0.0 
0.0279349 -0.0237772 0.0 
-0.00571287 -0.00296173 0.0 
-0.00131896 -0.00184362 0.0 
0.00267812 -0.000937514 0.0 
0.0468386 0.00128512 0.0 
0.047322 -0.0104437 0.0 
0.124354 0.0112937 0.0 
0.0192487 -0.000147932 0.0 
0.158086 0.00206432 0.0 
0.00307518 -0.0113617 0.0 
0.00137886 -0.00632452 0.0 
0.179055 2.81412e-05 0.0 
0.0299643 -0.0200345 0.0 
0.0150116 -0.000371468 0.0 
0.0840303 0.112287 0.0 
0.000973648 0.00743671 0.0 
0.0976987 0.114356 0.0 
-0.00320573 -0.00173772 0.0 
0.00383714 -0.00529345 0.0 
0.160141 -0.019175 0.0 
0.0255175 -0.00147778 0.0 
-0.00170838 -0.00844172 0.0 
-0.00585986 0.00258527 0.0 
0.0700736 -0.0100778 0.0 
0.0161899 0.00521625 0.0 
0.00485635 -0.00794734 0.0 
0.0387424 -0.00636758 0.0 
0.0532165 -0.0105699 0.0 
0.01528 -0.0107162 0.0 
0.00865641 0.00517388 0.0 
0.0098516 0.00427855 0.0 
0.0182868 -0.00867221 0.0 
0.223845 -0.00340701 0.0 
0.00034267 -0.00182625 0.0 
-0.00145329 0.00204318 0.0 
0.174311 0.00035482 0.0 
0.0365501 -0.0161077 0.0 
0.123779 -0.00041418 0.0 
0.0541612 0.0294318 0.0 
0.00558541 0.00507691 0.0 
0.0134315 -0.00859399 0.0 
-0.00614595 -0.00141609 0.0 
0.00296493 0.00278704 0.0 
-0.000248861 0.000389521 0.0 
0.201322 0.00169517 0.0 
0.0353149 0.0289868 0.0 
-0.000251382 -0.000284731 0.0 
0.00410105 0.00718998 0.0 
0.166203 -0.0669917 0.0 
-0.00169608 -0.00442798 0.0 
0.154697 -0.00681016 0.0 
0.0175646 -0.000604616 0.0 
0.176129 0.000144954 0.0 
0.000427984 0.000258463 0.0 
0.0248517 -0.0041171 0.0 
0.2359 0.00353548 0.0 
0.0007084 0.00262553 0.0 
0.00543577 0.00384387 0.0 
0.173714 -0.00106187 0.0 
-0.000291005 -3.77797e-05 0.0 
0.214872 0.0470365 0.0 
0.100248 -0.121969 0.0 
0.00282517 -0.000841029 0.0 
0.0004669 0.000279321 0.0 
0.00405796 -0.000403301 0.0 
0.000402003 -1.36372e-05 0.0 
0.00110596 0.00450186 0.0 
0.0425959 0.0707556 0.0 
0.00506428 -0.00160863 0.0 
0.0136483 -0.00593556 0.0 
0.163649 0.00817927 0.0 
0.0180882 -0.000125145 0.0 
0.00920223 0.00387787 0.0 
0.00106436 -0.000104268 0.0 
0.000137559 0.00021911 0.0 
0.34513 -0.0140086 0.0 
0.0440616 0.0102905 0.0 
0.000215726 0.000200199 0.0 
-0.00606277 0.00510802 0.0 
0.0514217 0.000904795 0.0 
0.0488887 0.000169274 0.0 
-0.00272442 0.0103419 0.0 
0.00672241 0.00141672 0.0 
0.0135006 0.0113975 0.0 
0.0203654 -0.0130674 0.0 
-0.000710027 0.009237 0.0 
-0.000431599 0.00168133 0.0 
0.288858 0.0139527 0.0 
0.0154116 -0.00176351 0.0 
0.0065682 0.00224657 0.0 
0.236374 0.00209994 0.0 
0.0498314 -0.0435122 0.0 
0.004708 -1.528e-05 0.0 
0.00743272 0.00321466 0.0 
0.000187963 0.0064317 0.0 
0.0113964 -0.00157789 0.0 
0.121907 8.8481e-05 0.0 
0.00234107 0.00719324 0.0 
0.00727053 -0.00429139 0.0 
-0.000472824 0.00463297 0.0 
0.000982568 0.00531586 0.0 
0.00770458 -0.00323206 0.0 
0.00149466 0.00367848 0.0 
0.0253734 -0.00472381 0.0 
-0.00665683 -0.00314956 0.0 
0.00670525 -0.00743671 0.0 
0.125976 -0.000250123 0.0 
0.00150245 0.000297831 0.0 
0.10624 -0.000131737 0.0 
0.000629986 -0.00142074 0.0 
0.00359926 -0.00144689 0.0 
0.0608533 -0.0171428 0.0 
0.0166403 -0.00519352 0.0 
0.0246743 0.00322852 0.0 
0.0336645 0.0240943 0.0 
0.0149474 0.00812476 0.0 
0.00104864 -0.000507694 0.0 
0.00572842 -0.00153691 0.0 
0.000389874 -0.0014165 0.0 
0.0387234 -0.00381285 0.0 
0.197452 5.00363e-05 0.0 
0.0251085 0.00605044 0.0 
0.0480621 -0.0293581 0.0 
0.0228755 0.000247452 0.0 
0.0370669 -0.0113815 0.0 
0.0907167 -0.000255778 0.0 
0.0338749 0.0248021 0.0 
0.0256129 -0.00931271 0.0 
0.229621 0.000139821 0.0 
0.0744592 -0.0580715 0.0 
-0.000189988 0.000477047 0.0 
0.00190471 -0.00087684 0.0 
0.163242 0.000590881 0.0 
0.0292543 0.0210838 0.0 
0.000307458 0.000699833 0.0 
0.001561 0.00849238 0.0 
0.00366427 0.00167179 0.0 
0.0019105 -0.00350365 0.0 
0.00133596 -0.00529184 0.0 
0.00268069 -9.03406e-05 0.0 
0.0283982 -0.0579391 0.0 
0.292653 0.103643 0.0 
0.0769906 3.5074e-05 0.0 
0.00186613 0.00134564 0.0 
0 0 0.0 
0.00340159 0.0109692 0.0 
0.0104356 -0.00365066 0.0 
0.00082612 -0.00192011 0.0 
0.18655 -4.46314e-05 0.0 
0.00553444 -0.000769263 0.0 
9.17873e-05 -1.08398e-05 0.0 
-0.000549634 -0.00190786 0.0 
0.00746462 -0.0033629 0.0 
0.00343316 -0.00303205 0.0 
0.185891 -9.57094e-05 0.0 
0.0462724 -0.0326275 0.0 
0.0349739 -0.0411583 0.0 
0 0 0.0 
0 0 0.0 
0.000177649 -0.000403036 0.0 
0.000192536 -0.000182493 0.0 
0.126713 -0.000455487 0.0 
-5.89288e-05 -0.000964904 0.0 
0.000681032 -0.000398283 0.0 
0 0 0.0 
0.0370218 0.00257422 0.0 
0.0488239 -0.0271296 0.0 
0.00285073 0.00839493 0.0 
-0.000248672 -0.00078234 0.0 
-0.000201849 0.00029822 0.0 
0.094099 -0.000260882 0.0 
0.00227258 0.00540418 0.0 
0.264795 0.0809971 0.0 
0.0803066 1.9715e-05 0.0 
0.237944 0.000293424 0.0 
0 0 0.0 
0.00918457 0.00348744 0.0 
0.102805 0.0496322 0.0 
0.000287375 0.0010752 0.0 
0.00549251 0.002204 0.0 
0.0122843 0.0249157 0.0 
0.153323 -0.000442623 0.0 
0.00208497 0.00618025 0.0 
0.00102595 0.000591888 0.0 
4.57732e-05 -0.000351756 0.0 
0 0 0.0 
-7.67886e-05 -0.000373392 0.0 
0.00637834 0.000796988 0.0 
0.0102583 -0.0166864 0.0 
0.0800057 0.0576709 0.0 
0.0311611 0.0202554 0.0 
0.0200727 0.0438682 0.0 
-0.000316445 0.000758467 0.0 
0.0118559 -0.00286113 0.0 
0.162178 -0.000264644 0.0 
0 0 0.0 
-0.000494112 -0.000847242 0.0 
0.0106786 0.00264118 0.0 
0.0033857 0.000702203 0.0 
0.00177128 0.000842594 0.0 
0.0138142 0.00515686 0.0 
0.0273513 0.00596147 0.0 
0.00436481 -0.00748614 0.0 
0.238574 0.000181103 0.0 
0.00287067 -0.000794885 0.0 
-0.000402542 0.000669815 0.0 
0.00351889 -0.00206746 0.0 
0.00468165 0.000819029 0.0 
-0.00105283 -0.00257895 0.0 
0.0243777 -0.00395204 0.0 
0.0211267 0.00205275 0.0 
0.0312188 -0.0285432 0.0 
0.00645309 0.00229741 0.0 
-0.0067284 -0.00261085 0.0 
0.00125526 0.000477647 0.0 
0.000861318 0.00320073 0.0 
0 0 0.0 
0.00127181 -0.00261754 0.0 
0.0316108 0.0058842 0.0 
0.00195919 -0.00673823 0.0 
0.0334909 -0.0196835 0.0 
-0.000196177 0.00070993 0.0 
0.00713288 -0.00263931 0.0 
0.001108 0.00160152 0.0 
0.0970402 -9.66642e-06 0.0 
0.0110561 0.0242808 0.0 
0.0072541 -0.00280556 0.0 
0 0 0.0 
0.00208791 0.0011771 0.0 
0.0264662 0.0293336 0.0 
0 0 0.0 
0.00262243 0.000298547 0.0 
0.00214859 0.000108323 0.0 
0.00164545 -0.000435827 0.0 
0.000243529 -0.00463361 0.0 
0 0 0.0 
0.00488501 0.0013423 0.0 
0 0 0.0 
0 0 0.0 
0 0 0.0 
0.0311203 -0.0312522 0.0 
-6.60169e-05 0.000310491 0.0 
0 0 0.0 
0.0093819 0.00300398 0.0 
0 0 0.0 
0.110298 0.037601 0.0 
0.00577058 -0.0118709 0.0 
0 0 0.0 
0.00300232 0.00499293 0.0 
0 0 0.0 
0 0 0.0 
0.0469578 -0.00985202 0.0 
0 0 0.0 
0.00547808 -0.00635537 0.0 
-0.00784817 0.000922264 0.0 
0 0 0.0 
-0.000746342 -0.00180616 0.0 
0.0325383 0.00645447 0.0 
0.0287205 -0.00996335 0.0 
0 0 0.0 
0 0 0.0 
0.00979587 0.0209233 0.0 
0.00940881 -0.00245839 0.0 
0 0 0.0 
  </DataArray>
  <DataArray type = "Float64" Name="Pression" format="ascii">
0.0732213
0.0712714
0.00232329
0.0014499
0.140786
0.0262542
0.0662543
0.0183858
0.0390415
0.0524392
0.0357721
0.0478161
0.0391777
0.0390582
0.0636108
0.0508294
0.025131
0.0575521
0.0406554
0.100314
0.0419395
0.130149
0.0191153
0.0492368
0.129288
0.00586131
0.0028937
0.0333466
0.0435189
0.0315968
0.0396523
0.0293856
0.0516374
0.0185619
0.0398524
0.0385237
0.128086
0.0204492
0.0360626
0.0390509
0.126194
0.0390096
0.0383743
0.03547
0.0387083
0.0240283
0.0133353
0.0388821
0.0372059
0.0382135
0.124467
0.0363813
0.019048
0.0242362
0.0326737
0.0296348
0.0199456
0.0347852
0.0254691
0.0370148
0.0171819
0.00320674
0.0367256
0.0299156
0.0322038
0.0161999
0.115262
0.0351309
0.00125019
0.0330929
0.0344854
0.0268088
0.0184874
0.0319101
0.025923
0.0328687
0.123524
0.030224
0.0324649
0.0142099
0.0279197
0.0123929
0.013547
0.0136551
0.0281748
0.0159464
0.0284378
0.0121071
0.0231225
0.0248011
0.0291233
0.0314062
0.0286773
0.027649
0.0219876
0.0305415
0.0264135
0.140335
0.0238274
0.0235976
0.00949756
0.11959
0.023385
0.0244994
0.0253067
0.0228557
0.0216292
0.0207315
0.0225954
0.00491079
0.0194431
0.0223046
0.12916
0.00750388
0.00114337
0.0197061
0.0201763
0.0187956
0.0174947
0.0209955
0.00433154
0.0083755
0.0181896
0
0.0169316
0.0178375
0.00897021
0
0.0142574
0.00584859
0.0163854
0.0167389
0.0145492
0.00512995
0.00970863
0.000602048
0.0126495
0.0152592
0.0165709
0.015616
0.121466
0.0139736
0.00704482
0
0.0111759
0.0291359
0.0129332
0.00131616
0.010405
0.00923214
0.0252088
0.00464207
0.000736747
0.0106127
0.00777436
0.0121176
0.027539
0.0102057
0.0109151
0.0308495
0.000717768
0.00807597
0.00996029
0.00870142
0.0066441
0.00722945
0.00693461
0.0732218
0.000628842
0.0176709
0.0288489
0.000620888
0.00535518
0.00930555
0.0063788
0.00357856
0.00558936
0.00195318
0.00610354
0.00224286
0.0040417
0.00289759
0.0164593
0.00259047
0.00377872
0.0226438
0.00342404
0.000977297
0.00141982
0.00164886
0.0179461
0.00195504
0
0.0618029
0.00638915
0.0262978
0.000897166
0.0032108
0.00109338
0.134799
0.00493268
0.0260632
0.00401911
0.00217688
0.00980612
0
0
0.117929
0.126975
0
0.116435
0
0.0348552
0.0152437
0
0.0042358
0.0205711
0.00515556
0.00237633
0.0180899
0.125978
0.00350682
0.0155723
0.0167927
0.00379478
0.00472678
0.0250548
0.0124247
0.0224067
0.00768486
0.0107921
0.00538469
0.053508
0.00562045
0.0044864
0.008527
0.00610165
0.100416
0.00672313
0.00824388
0.037835
0.0193448
0.0175493
0.00796582
0.00901613
0.00875483
0.026035
0.0100026
0.0102047
0.0114444
0.00957329
0.0613357
0.0145198
0.0111361
0.0104811
0.0241987
0.019863
0.0127331
0.0130443
0.107246
0.0231758
0.0216436
0.0612122
0.0422045
0.0395524
0.0139057
0.0274555
0.0177113
0.0148664
0.0299159
0.0196147
0.0326299
0.0163917
0.128277
0.0158538
0.0161148
0.13889
0.0650287
0.0238037
0.114105
0.0174545
0.0181606
0.0280796
0.0214153
0.0362515
0.0201233
0.112297
0.018783
0.0329541
0
0.0208464
0.022153
0.0384423
0.0210417
0.0203918
0.0236062
0.0206285
0.0218841
0.03897
0.07315
0.0322052
0.00492306
0.0266964
0.0365026
0.0244921
0.0229099
0.024774
0.0239915
0.0234045
0.028358
0.0277771
0.0385693
0.0253255
0.0389748
0.0389397
0.110734
0.0270871
0.0370891
0.0259405
0.0332568
0.0296674
0.0286071
0.029398
0.0402694
0.109762
0.0855674
0.108517
0.0387963
0.037683
0.0696692
0.0350174
0.0394475
0.0302039
0.0414505
0.107634
0.0390193
0.0352337
0.0208247
0.0343799
0.0338158
0.0340957
0.0251883
0.0408059
0.0335427
0.0359885
0.0346267
0.00448452
0.0354844
0.0285595
0.000644561
0.0357328
0.031335
0.0368971
0.038958
0.0209227
0.0367108
0.0628794
0.0392202
0.0392339
0.0389712
0.0261942
0.038844
0.0382782
0.0390137
0.087726
0.0432214
0.0191228
0.0391007
0.0697858
0.0386609
0.0706087
0.05547
0.0168022
0.0242959
0.0389824
0.0261857
0.0644863
0.0675388
0.0135668
0.0389733
0.0660253
0.0729529
0.0125496
0.0399135
0.0396627
0.0687807
0.059392
0.0718482
0.0987493
0.0441906
0.0467059
0.0453736
0.049825
0.0574819
0.048209
0.0337073
0.0748687
0.074558
0.0147114
0.0390017
0.0100926
0.0722693
-0.000460628
0.00578389
0.0713162
0.0731923
0.0257707
0.0725638
0.0732001
0.00474518
0.0727939
0.0543372
0.0162216
0.0100039
0.0257862
0.0111764
0.0232675
0.103287
0.00648399
0.0179701
0.0236826
0.0165672
0.0327867
0.0326824
0.0216859
0.105319
0.0260384
0.0219337
0.104848
0.0140138
0.0431099
0.0252246
0.071183
0.0091465
0.0288359
0.0350359
0.0712605
0.140248
0.139841
0.139303
0.138833
0.138071
0.136936
0.135741
0.134765
0.133999
0.132607
0.130959
0.12987
0.128857
0.127449
0.123694
0.121627
0.11924
0.117319
0.115595
0.113596
0.111288
0.108693
0.106101
0.103649
0.101152
0.0989339
0.0966501
0.0937081
0.0901916
0.0872513
0.0843751
0.0812508
0.0781922
0.0751782
0.0729982
0.070521
0.0669378
0.0638977
0.0614267
0.0592112
0.0568652
0.0544211
0.0523491
0.0501088
0.0452459
0.0428743
0.040183
0.0382062
0.0363925
0.0345234
0.0329692
0.0314743
0.0294745
0.0270948
0.0247851
0.0221839
0.0201848
0.0185433
0.017046
0.015918
0.0146198
0.0133221
0.0120733
0.0105229
0.00930584
0.00797968
0.00642121
0.0054082
0.00503329
0.00429195
0.00367994
0.0027704
0.00224309
0.00118925
0.000525904
0.000501781
0.000374061
3.2065e-05
-0.000123657
-0.000755628
-0.00102666
-0.00121106
-0.00115557
-0.00110703
-0.00127473
-0.00131992
-0.00109286
-0.000518773
6.03213e-05
0.000196889
6.22094e-05
0.000101538
0.000524239
0.000977211
0.0015425
0.00201491
0.00217743
0.00285596
0.00331836
0.00356295
0.00422179
0.00475686
0.00512935
0.00545972
0.00583098
0.00634087
0.00684448
0.00752111
0.00796498
0.0083659
0.00896729
0.00961243
0.0101455
0.0106147
0.0109537
0.0114247
0.0118522
0.0124615
0.013109
0.013497
0.0140869
0.0145274
0.0149692
0.0153888
0.0157897
0.016189
0.0168907
0.0173108
0.0177622
0.0182506
0.0186839
0.0191413
0.0195865
0.0200238
0.0204679
0.0209366
0.0213597
0.021714
0.0220936
0.0224695
0.0228402
0.0231912
0.0234936
0.0237927
0.0241118
0.0243922
0.0246521
0.02492
0.0251679
0.0253972
0.0255544
0.0257079
0.0258662
0.0259999
0.0261276
0.026214
0.0262493
0.0262054
0.0261661
0.0260987
0.0259903
0.0258772
0.0257271
0.0255335
0.025328
0.0251377
0.0249096
0.0247118
0.0243583
0.0240844
0.0237912
0.0234758
0.023181
0.0228673
0.0224464
0.0220406
0.0216242
0.0212227
0.0208245
0.0203717
0.0199408
0.0194933
0.0190406
0.0185851
0.018144
0.0177202
0.017245
0.016617
0.0161857
0.0157482
0.0152358
0.0147358
0.014259
0.0137892
0.0131152
0.0125052
0.012155
0.0116838
0.0111443
0.0106694
0.0102059
0.0097273
0.00932734
0.00861907
0.00800653
0.00741424
0.00699458
0.00646802
0.00613707
0.00543491
0.00481261
0.0045212
0.00419805
0.0036863
0.00332066
0.00270945
0.00201794
0.00156961
0.000955893
0.000590276
2.40821e-05
-0.000388714
-0.000581988
-0.000711043
-0.00123076
-0.0013389
-0.00147907
-0.00143754
-0.00146056
-0.00178981
-0.00200394
-0.00243064
-0.00230737
-0.00231366
-0.00249522
-0.00233663
-0.00191492
-0.00130135
-0.000817627
-0.000313521
-0.000143999
0.000493503
0.00182358
0.0031122
0.0036623
0.00418351
0.00460124
0.0047975
0.0060279
0.00754306
0.00870283
0.00981332
0.0109962
0.0125701
0.0142209
0.0161664
0.0180714
0.0195278
0.021221
0.022757
0.0238837
0.025594
0.0279439
0.0302758
0.0330918
0.0358132
0.0382383
0.0405494
0.0431052
0.0454964
0.0481968
0.0507194
0.0535228
0.0564182
0.0594614
0.0622088
0.0645578
0.0673392
0.0702111
0.0733127
0.0763853
0.0799649
0.0825457
0.0847481
0.087689
0.0903863
0.0930332
0.0960506
0.0992861
0.101546
0.104194
0.106444
0.108824
0.110768
0.113125
0.115484
0.118014
0.120457
0.123221
0.124687
0.125879
0.127928
0.129698
0.130942
0.132239
0.133365
0.134268
0.136118
0.137437
0.13821
0.139073
0.139562
0.139976
0.140355
0.00816666
0.0198588
0.0185319
0.0125043
0.0230272
0.0144769
0.0345994
0.022388
0.0259917
0.0297594
0.0665743
0.00963326
0.0374876
0.0156506
0.0230982
0.00765667
0.00554614
0.0390421
0.0548008
0.0719245
0.023684
0.0406059
0.0401311
0.00329229
0.0117406
0.0684217
0.0401652
0.0436267
0.0135156
0.000427386
0.0381873
0.0372493
0
0.0440014
0.0651236
0.0390089
0.000606993
0.0484626
0.000143875
0.0476517
0.0599254
0.06392
0.0603368
0.0227689
0.00825913
0.0730947
0.0377308
0.00215117
0.0222699
0.0728571
0.0367906
-0.00123909
0.0701447
0.00178842
0.00636577
0.0337396
0.0011375
0.0295131
0.0192982
0.0109723
0.0279783
0.0101065
0.0396448
0.00417429
0.0379072
0.139611
0.0412462
0.0202838
0.0133363
0.0765445
0.0385374
0.0714595
0.10287
0.00884979
0.0691575
0.0243319
0.0019104
0.070934
0.0851281
0.021244
0.0175895
0.0354418
0.0639158
0.0153329
0.042649
0.00867957
0.0514474
0.0269306
0.0028723
0.0352661
0.0505647
0.00599875
0.0459815
0.0203185
0.0669456
0.0629146
0.0224783
0.0692757
0.0265271
0.0323677
0.137581
0.0386388
0.00371647
0.037095
0.00155333
0.071164
0.0164634
0.0163019
0.0265476
0.0184972
0.0190205
0.00969035
0.0217239
0.0174906
0.0076737
0.0234015
0.0256878
0.113653
0.0332489
0.014957
0.0212765
0.139712
0.0343343
0.0341715
0.0290948
0.0300321
0.0281023
0.0204735
0.0261351
0.124354
0.000871247
0.0256345
0.0167852
0.0117732
0.0952938
0.0408573
0.0363769
0.0158842
0.006996
0.0371932
0.0312649
0.00612659
0.0571077
0.12159
0.0111259
0.00736177
0.0262355
0.0139208
0.110605
0.0282706
0.0186375
-0.00197797
0.130486
0.00123042
0.0115184
0.00782872
0.0392974
-0.000905206
0.0550197
0.081236
0.019574
0.117252
0.00251953
0.0945419
0.0919601
0.105851
0.0175592
0.0124767
0.0411285
0.0143468
0.0941515
0.0833981
0.0202431
0.126703
0.0242168
0.0902519
0.0389932
0.085968
0.139272
0.106853
0.0882503
0.0852785
0.0429312
0.0258934
0.0250285
0.0258418
0.0269699
0.0809094
0.0151798
0.0226546
0.0258236
0.0206896
0.0171079
0.00480178
0.138779
0.00943635
0.0469762
0.00263963
0.00808445
0.024786
0.0261006
0.0121983
0.0118038
0.0259071
0.126851
0.0781751
0.0740257
0.0237175
0.0403831
0.0744093
0.0017644
0.0676356
0.0717389
0.138935
0.0251663
0.0687752
-0.00228065
0.000311122
0.0177167
0.0241205
0.0818149
0.065257
0.126113
0.0304088
0.0268522
3.73983e-05
0.0968149
0.107968
0.128823
0.0253254
0.0579398
0.0256222
0.0302958
0.0218945
0.0713054
0.0633176
0.120816
0.0262823
0.0254896
0.0512188
0.0119118
0.000773084
0.130227
0.0165188
0.0263388
0.131615
0.000292166
0.026291
0.0220452
0.059345
0.0251701
0.00747591
0.00357238
0.0221867
0.0806807
0.000465629
0.0217785
0.0171506
0.024553
0.0481519
0.0147764
0.0248002
0.0191217
0.128849
-0.000421266
0.022476
0.131083
0.00605848
0.134652
0.130676
0.108536
0.0233632
0.100418
0.0490046
0.12888
0.0516343
0.0549705
0.0206285
0.0530334
0.0167442
0.0236886
0.0521211
0.0252764
0.0401359
0.0435274
0.0252632
0.0468466
0.131614
0.0232694
0.0245555
0.0880101
0.0293633
0.102354
0.0416325
0.13044
0.00301218
0.022712
0.0255909
0.0373286
0.0393939
0.0803178
0.038636
0.0360165
0.10874
0.0196276
0.0253184
0.0253708
0.0370258
0.0222294
0.0242928
0.0340622
0.0195459
0.0239796
0.0170198
0.00484675
0.0292838
0.00666046
0.0237484
0.0252635
4.2195e-06
0.0251886
0.02367
0.0130882
0.0203368
0.025001
0.0248549
0.0259331
0.025386
0.0253883
0.0123247
0.0185292
0.0253296
0.0187996
0.0280557
0.0253512
0.0253618
0.0253641
0.0583341
0.0206539
0.0152126
0.135882
0.0171189
0.0250534
-0.00056053
0.0251714
0.0142879
0.0248912
0.0246793
0.0134742
0.0231569
0.0112158
0.0133955
0.0058753
0.0254094
0.13706
0.0374758
0.0117832
-0.00221816
0.0068516
0.0247706
0.010055
0.0663755
0.0114273
0.00812295
0.00291135
0.0256445
0.075906
0.13346
-0.00208071
0.00404791
0.0126311
0.00253011
0.0308585
0.0134936
0.00410113
0.00239423
0.100547
0.0441502
0.0108411
0.0261074
0.127212
0.0199257
-0.00149475
0.0270874
0.0355854
0.00493073
-0.00088611
0.0295322
-0.00022876
0.0418956
-9.56454e-05
0.0398517
-0.000496898
0.0318352
0.0202195
0.0341555
-0.00113245
-0.00160814
-0.000646516
-0.00197602
0.097658
0.025371
-0.00205295
0.0223055
0.02541
-0.000397978
0.133659
0.0171241
-0.00230975
-0.000996902
0.0256467
0.0059273
-0.00162805
0.025544
0.134677
-0.00139858
0.00447082
0.131964
-0.0011014
0.135784
-0.00136144
0.0129356
-0.00131369
-0.00125383
0.0178586
-0.000774344
0.134229
0.124436
0.025348
0.135871
0.0408282
0.0254378
-0.0009709
0.0192828
-0.000337225
0.105155
0.0067427
0.0254659
0.024124
0.00532769
0.00681735
0.0386471
0.0264705
5.08289e-89
-1.07452e-05
-0.000391402
0.025591
-0.000182316
0.0313249
0.00310405
0.00545248
0.127485
0.00272135
0.026021
0.0190591
0.12275
0.13536
0.000562606
0.0207243
0.0255209
0.135478
0.0159782
0.0254806
0.0012394
0.0305271
0.000940668
0.00179378
0.00175715
0.0242407
0.00380966
0.0256644
0.0394835
0.0461753
0.0982011
0.00644193
0.0586441
0.0185028
0.0255167
0.133475
0.054492
0.134404
0.0023223
0.00236369
0.00207828
0.134145
0.105421
0.0254713
0.0255406
0.00344181
0.0255735
0.00301506
0.0257365
0.0200643
0.0035861
0.0257231
0.0216638
0.101761
0.105512
0.025022
0.00394217
0.00452544
0.00405507
0.0192789
0.025285
0.0257892
0.135964
0.0256378
0.0254392
0.137376
0.0256112
0.025393
0.0169621
0.00895619
0.0077847
0.00741732
0.008218
0.0123119
0.0083128
0.00965777
0.00851658
0.114643
0.0160102
0.00897321
0.023301
0.0100523
0.0320379
0.0104665
0.0111891
0.0253918
0.025761
0.0124785
0.0118871
0.00512601
0.0941971
0.0251321
0.0257679
0.0193921
0.0965035
0.0255641
0.133311
0.0253875
0.0121422
0.0115036
0.131395
0.0119194
0.0118817
0.0198748
0.0254783
0.00378645
0.0273232
0.0123301
0.0255133
0.0397636
0.126974
0.0196322
0.0362887
0.013221
0.134103
0.0126742
0.0128102
0.0129758
0.0134875
0.0253584
0.0140241
0.0134522
0.0187644
0.061644
0.0151403
0.0137781
0.0253577
0.0139805
0.0393176
0.0251858
0.0247046
0.0214646
0.027194
0.025827
0.0142823
0.0129619
0.0154759
0.069217
0.128098
0.0144788
0.0144974
0.015492
0.0157333
0.0170836
0.0253935
0.0287617
0.0149858
0.0224106
0.0153409
0.0444065
0.0154267
0.0211117
0.137183
0.11103
0.0172946
0.00871696
0.0403271
0.0251543
0.134435
0.00468796
0.0159669
0.0252425
0.13024
0.0163516
0.136326
0.00989153
0.0349582
0.0109089
0.0179321
0.0164013
0.0394043
0.131117
0.0176592
0.135834
0.0188129
0.0410019
0.0184744
0.0187546
0.0197904
0.0189783
0.138627
-8.22325e-91
0.0167463
0.0193597
0.0205139
0.0146637
0.0270478
0.0245091
0.0153688
0.0106413
0.020199
0.0253816
0.132575
0.0106048
0.00926476
0.0390598
0.0383805
0.0148671
0.0197974
0.0223623
0.0223259
0.0232396
0.0258896
0.023594
0.12588
0.0234045
0.00834484
0.0391927
0.022748
0.136506
0.0245851
0.0130264
0.0383465
0.0230045
0.0731432
0.0237617
0.00954757
0.0253396
0.0239476
0.00983217
0.0394853
0.0251624
0.0768425
0.0087863
0.120709
0.0230241
0.0257984
0.00193257
0.0225615
0.0399432
0.074963
0.137585
0.026007
0.0267148
0.0390919
0.0233284
0.0546667
0.0162574
0.13412
0.0132812
0.00140224
0.0253939
0.0248109
0.0239346
0.116009
0.0112907
0.0258588
0.107884
0.0205151
0.0224686
0.0236335
0.0296263
0.0714691
0.107097
0.0053243
0.0301931
0.12099
0.0427734
0.0246151
0.0255284
0.0164875
0.0256766
0.025551
0.0258576
0.0261559
0.00180424
0.0237973
0.0668586
0.0246752
0.000900594
0.0242214
0.0248718
0.0255529
0.0885885
0.0273883
0.0241733
0.0289095
0.0179166
0.0430777
0.0168762
0.0250623
0.104221
0.0121553
0.0406586
0.0677596
0.0181404
0.0254244
0.02455
0.0275262
0.04452
0.0128831
0.0248107
0.0185911
0.0389926
0.0257195
0.0376198
0.0249585
0.0133062
0.0257137
0.0392491
0.0250938
0.0252404
0.0947592
0.0774409
0.024374
0.0240328
0.125966
0.00208353
0.0253711
0.107461
0.0163914
0.01303
0.0212838
0.0252941
0.021208
0.0117404
0.0620517
0.10007
0.0231294
0.0256303
0.0738787
0.025962
0.0208447
0.0262013
0.0657095
0.0246007
0.00133806
0.0110264
0.0250205
0.0433573
0.0265484
0.0193493
0.000510606
0.0258872
0.02257
0.0187811
0.0314973
0.0259898
0.103463
0.0335808
0.0555685
0.124238
0.0260445
0.0261857
0.0665934
0.0398526
0.0792685
0.00941036
0.0161544
0.0118235
0.0261324
0.026142
0.0262133
0.0262231
0.0244614
0.0391372
0.0257209
0.0490521
0.0497476
0.0461425
0.103232
0.0142067
0.0663342
0.0270404
0.131843
0.0267711
0.0898088
0.0125962
0.0262316
0.0243871
0.0261024
0.0261708
0.0700031
0.0121655
0.0174881
0.0460314
0.112979
0.0289756
0.0159575
0.0213434
0.0514501
0.140517
0.0615382
0.0142464
0.0852819
0.000839871
0.0498889
0.0247637
0.0527709
0.070803
0.0707438
0.130173
0.0696903
0.0471552
0.0902623
0.0377363
0.0260624
0.0116576
0.0203193
0.025887
0.0678032
0.025001
0.139999
0.125182
0.0432979
0.111845
0.0449238
0.0262352
0.0259669
0.0427188
0.00309389
0.0732056
0.0205781
0.0473049
0.0257563
0.0249938
0.126218
0.0564547
0.0219628
0.000828021
0.0898
0.0145629
0.000740249
0.0306413
0.0215653
0.031832
0.030747
0.0328024
0.0146787
0.0255308
0.0257871
0.0256129
0.0254528
0.0583439
0.0067313
0.0390974
0.0697349
0.056504
0.0177926
0.0393952
0.0233201
0.0869275
0.113032
0.0254192
0.0256159
0.0246845
0.0252076
0.00245657
0.0583533
0.0954815
0.0235425
0.025431
0.0245109
0.0128818
0.0198881
0.0724191
0.0200096
0.013976
0.0710949
0.0389802
0.0183662
3.40537e-05
0.138785
0.0412411
0.0347023
0.0227235
0.0184514
0.0750104
0.0258648
0.0244162
0.0401598
0.125181
0.00532038
0.126576
0.0224584
-0.000821777
0.0211109
0.0605189
0.140109
0.025724
0.0276776
0.0717333
0.0153353
0.0180055
0.0159559
0.0375274
0.0189126
0.0275142
0.0389917
0.0453485
0.0278182
0.00584402
0.0804505
0.0222815
0.0443524
0.0676711
0
0.013798
0.0250066
0.0177993
0.0390378
0.0114163
0.0126012
0.0221962
0.0158474
0.000569605
0.0219038
0.0218289
0.0392338
0.039046
0.0202464
0.0371029
0.0213535
0.0330333
0.0172472
0.0389131
0.0411056
0.0189088
0.0206673
0.000398497
0.0198514
0.00250234
0.089699
0.0168795
0.0172902
0.0160028
0.0184672
0.0126885
0.0185992
0.0179791
0.0175512
0.015347
0.0319306
0.0177916
0.016258
0.016738
0.0188289
0.0136755
0.0132273
0.038077
0.0171007
0.0396418
0.0309261
0.03871
0.00344105
0.106109
0.0169294
0.0268949
0.0195973
0.001061
0.0147242
0.0165185
0.114558
0.0190608
0.0153082
0.000974726
0.00188415
0.0144425
0.0160647
0.00323383
0.0141687
0.0159893
0.108851
0.015866
0.0288016
0.0157346
0.0258561
0.00347414
0.0140734
0.0786116
0.03591
0.0258731
0.000802305
0.00181842
0.0155892
0.0150453
0.0155016
0.02853
0.0130754
0.0147753
0.0128691
0.047426
0.071258
0.015179
0.0271126
0.0157194
0.0161555
0.0312564
0.00478229
0.0262826
0.0070045
0.0143219
0.0333902
0.00704025
0.00424454
0.00322562
0.0149899
0.0206971
0.0143072
0.00135005
0.011482
0.0272291
0.0210881
0.030769
0.0266196
0.00279211
0.0210848
0.0273481
0.0265021
0.00220319
0.0256783
0.0373362
0.00733108
0.0182602
0.00990447
0.0172461
0.00244597
0.0101138
0.0718383
0.0182048
0.0112955
0.0073329
0.0205741
0.0266337
0.0312249
0.0140673
0.0297965
0.0103325
0.0094101
0.0093726
0.0257106
0.0137919
0.00676887
0.0222
0.121921
0.109865
0.0254598
0.00443406
0.00187925
0.00490826
0.0200692
0.0121649
0.0374496
0.0317503
0.000397838
0.0329871
0.0717596
0.0114627
0.024863
0.0348899
0.0374902
0.0283237
0.0133172
0.00854826
0.0015205
0.0248379
0.0216803
0.0361641
0.00338024
0.0339752
0.0334943
0.0364733
0.0322696
0.013303
0.0176645
0.0317044
0.00905987
0.0320413
0.0326388
0.0106281
-0.000969312
0.0292107
0.0343666
0.0340039
0.0130454
0.0323973
0.0282593
0.0288748
2.13592e-05
0.0192912
0.025059
0.0126209
0.0127853
0.000787922
0.00833112
0.0210745
0.0314369
0.0228247
0.0361032
0.00928986
0.0203665
0.0357629
0.00254761
0.00661486
0.0102307
0.00670563
0.0177518
0.0162134
0.00900083
0.0247297
0.0366121
0.134777
0.00963488
0.0124478
0.0142029
0.0013691
0.0170555
0.00379087
0.0174051
0.140559
0.00392594
0.00767992
0.0267308
0.00365055
0.0218428
0.0270199
0.134476
0.00047326
0.00987896
0.000521789
0.0626663
0.00164533
0.0128605
0.00534976
0.01033
0.101645
0.0187952
0.000912926
0.000490459
0.00723855
0.00882683
0.00490418
0.053426
0.00926843
0.00851599
0.0086666
0.00777238
0.00806122
0.00438232
0.000435399
0.00512249
0.00816544
-0.00204072
0.0153877
0.00186499
0.00700956
0.00303557
0.132322
0.0218882
0.00420519
0.00701373
0.0215089
0.0071828
0.00727909
0.00851532
0.00548013
0.0726329
0.0269816
0.000864057
0.025386
0.00458592
0.010045
-0.000970566
0.0154719
0.12394
0.00363716
0.00887138
0.00713367
0.00391638
0.00811798
0.0025364
0.0189046
0.018387
0.0365131
0.0176088
0.0181847
-0.000574336
0.00471162
0.0020859
0.0132899
0.00629399
0.0189493
0.000243638
0.0214403
0.0253803
0.00601527
0.0121276
0.00461856
0.00982756
0.00222986
-0.0011313
0.0135608
0.00830478
0.0069056
0.0272298
0.0221735
0.00539445
0.0286724
0.0165866
0.129345
0.0101855
0.0248518
0.0346838
0.00137381
0.0253145
0.00116904
0.00255967
0.000973343
0.000174816
0.026277
0.0116656
0.00861047
0.000750725
0.0370931
0.0229979
0.0176139
0.0050119
0.000312889
0.000293053
0.0451054
-0.00190329
0.00129435
-0.00107995
0.000128605
0.0361769
-8.79277e-05
0.0197622
0.00841839
-0.000825468
-0.000852567
0.0226016
0.0198661
-0.00112824
0.000274398
0.0188099
0.024278
0.0149682
0.0405825
0.000503436
0.0305046
0.0432304
0.0216126
0.0212027
0.0178991
-0.000873445
-0.00111886
-0.000662514
0.0380009
0.0142562
-0.000891142
0.0192034
0.0259642
0.00840765
0.0205921
2.23649e-05
0.023973
0.0206718
0.00746129
0.0238354
0.0275896
-0.000267258
-0.000439643
0.000312693
0.0163401
0.0199837
0.0253894
0.0429406
0.0215994
0.0244747
0.0250107
7.8763e-05
0.0196822
0.000573916
0.0213723
0.0153677
0.0264574
0.029574
0.123143
0.010561
0.0254206
0.00113864
0.114174
0.0200543
0.14017
0.0214175
0.0271179
0.0288123
0.0262989
0.00876464
0.0242524
0.00192362
0.0237591
0.0290415
0.0110929
0.0418854
0.0412852
0.0169728
0.0349075
0.0171558
0.00532843
0.0115496
0.0246693
0.00272208
0.028744
0.0281553
0.0244402
0.00426705
0.00473023
0.0035335
0.132385
0.0261912
0.0401664
0.0493135
0.0337215
0.0158783
0.0323558
0.0260999
0.0344155
0.0104052
0.0327966
0.0297095
0.00522074
0.00573334
0.0322979
0.0277668
0.13775
0.023744
0.0189786
0.0255912
0.0063126
0.0196851
0.0296135
0.00734152
0.0790396
0.0377788
0.0258304
0.0300038
0.00937918
0.0320588
0.0207062
0.0580469
0.0140394
-0.000657065
0.0228213
0.128014
0.0215275
0.0239299
0.00269727
0.0713538
0.0126666
0.11173
0.0723897
2.47609e-05
0.0251911
0.0256496
0.0835047
0.0141879
0.0352016
0.0230794
0.033447
0.102189
0.0806134
0.013801
0.138418
0.0265998
0.0182001
0.0165574
0.000655799
0.0179263
0.00289203
0.0228371
0.0191415
0.0257956
0.0284406
0.0363819
0.0310389
0.0214067
0.00149838
0.0154467
0.0343024
0.0369837
-0.00142361
0.0254995
0.00874559
0.124052
0.0437612
0.0296659
0.0706836
0.0178124
0.0203912
0.0388502
-0.000804205
0.00796459
0.0408082
0.0370872
0.0254553
0.0248347
0.0246751
0.026875
0.0309711
0.0391082
0.0304619
0.105774
0.105992
-0.000813487
0.0226268
0.11422
0.0411875
0.127621
0.0345693
0.112213
0.0223348
0.0108033
0.00133034
-0.000648387
0.073161
0.0989827
0.035139
0.00355263
0.01825
0.0105536
0.0424149
0.10993
0.0391618
0.123695
0.00835876
0.0446755
-0.00148358
-0.00168046
0.135742
0.0386636
0.0217262
0.0158757
0
0.00263218
0.0480591
0.0244303
0.0307239
0.0393594
0.140356
0.0789222
-0.000407124
0.0661874
0.0707337
0.0383078
0.0265858
0.0410119
9.33778e-05
0.063964
0.0268315
0.0396105
0.0223356
0.0365337
0.0254665
0.0168835
0.0789774
0.140074
0.0393658
0.0403362
0.0419831
0.036968
0.0286219
-0.00113493
0.00609817
0.0640548
0.0381026
0.00525889
0.00152561
0.0556036
0.140045
0.00293292
0.0253455
0.0601883
0.115315
0.00620399
0.13447
0.0702261
0.0222821
0.0454816
0.130852
0.00628325
0.0392739
0.113925
0.0372994
0.00535243
0.0219266
0.0538316
0.0423074
0.00309453
0.0226813
0.00251679
0.0993435
0.00165496
0.0391022
0.0199831
0.0235825
0.0173343
0.0249545
0.0153777
0.0380454
0.0250563
0.120685
0.041047
0.0463491
0.00347743
0.0262278
0.0798737
0.0245106
0.0259627
0.0415286
0.0971671
0.0380885
0.0425214
0.000435999
0.0247252
0.0520923
0.042078
0.0229753
0.0208262
0.0336389
0.0168067
0.110555
0.0349966
0.0390019
0.0420483
0.0251563
0.000258599
0.0114153
0.0436897
0.0440601
0.0272155
0.0390606
0.0240732
0.025247
0.0362921
0.0696799
0.0218723
0.0605645
0.0304198
0.034516
0.0489304
0.00362972
0.0448755
0.0399912
0.039732
0.05066
0.0252124
0.0222329
0.0309503
0.0127534
0.02207
0.0732201
0.0239655
0.0512289
0.0939058
0.0397022
0.064918
0.137053
0.0229756
0.0440614
0.00192299
0.0389233
0.0647394
0.0394639
0.102454
0.0420216
0.0406448
0.0208326
0.0390085
0.0417401
0.0177972
0.0398371
0.0250413
0.035885
0.0250069
0.0234258
0.0239023
0.00161654
0.0538962
0.0592133
0.0675732
0.0172492
0.0629155
0.0813164
0.0420008
0.034815
0.0608075
0.0292551
0.0670677
0.00426784
0.0227366
0.0104996
0.0495807
0.0319468
0.00742041
0.0687294
0.0445003
0.0199188
0.07736
0.11709
0.0213501
0.0172493
0.0440296
0.0256352
0.0726745
0.120657
0.113638
0.0274356
0.0387808
0.0262348
0.0471594
0.0497899
0.038679
0
0.0851185
0.0905119
0.0526848
0.0392316
0.126481
0.0243543
0.011246
0.0384984
0.0271545
0.0192205
0.0151925
0.0900655
0.0253565
0.0222488
0.0256477
0.00109796
0.00495754
0.0743464
0.0410533
0.0173149
0.0795102
0.00556232
0.0811341
0.0398593
0.0284162
0.0260651
0.082813
0.0254658
0.12736
0.0253717
0.0618848
0.0402169
0.00654587
0.0828453
0.0400874
0.0399163
0.0153561
0.0266944
0.0821329
0.0278157
0.0265443
0.0631527
0.024571
0.00154749
0.0520845
0.0196367
0.0459856
0.055578
0.0202679
0.0730537
0.0138357
0.0304889
0.0239277
0.118536
0.0251723
0.138544
0.0867799
0.0179781
0.0330859
0.0858132
0.0122068
0.0917613
0.086716
0.0887786
0.0185732
0.0396016
0.0990684
0.0391273
-1.18118e-05
0.121807
0.0127892
0.11096
0.0871513
0.0221387
0.0252364
0.0389937
0.0951791
0.0195985
0.018809
0.024122
0.0977704
0.0305826
0.0107639
0.119976
0.139503
0.100043
0.0409981
0.0980433
0.016901
0.0643888
0.101517
0.0355518
0.00346759
0.11594
0.0271358
0.0739455
0.0183462
0.139727
0.0354786
0.0261482
0.101134
0.0133451
0.0723331
0.0928673
0.0100259
0.0423011
0.025445
0.0452381
0.0234638
0.0710911
0.0260803
0.0307532
0.0810186
0.0259732
0.0318619
0.0396395
0.102401
0.00526106
0.0110242
0.102799
0.00584631
0.0152023
0.0662643
0.103998
0.0601505
0.036392
0.0124585
0.0220829
0.0411374
0.0190956
0.0710267
0.0653046
0.00055267
0.0712425
0.0616277
0.0262071
0.0353358
0.000623429
0.0236267
0.0244584
0.00438051
0.00796288
0.140111
0.029457
0.00799786
0.0315783
0.0272599
0.0705302
0.0246521
0.104875
-0.00126419
0.043994
0.0396398
0.00492843
0.105438
0.0230842
0.0717975
0.129027
0.137899
0.106522
0.0549269
-0.00128136
0.0186762
0.0171747
0.0978296
0.0236485
0.107397
0.0357604
0.0249379
0.0666057
0.124699
0.0230906
0.0185274
0.03832
0.018848
0.0123345
0.0207019
0.128712
0.133024
0.0194865
0.109259
0.127893
0.00113745
0.106204
0.132145
0.0410397
0.0345518
0.13953
0.0702125
0.12614
0.0432333
0.119266
0.107817
0.027363
0.131618
0.0236702
0.115063
0.0387915
0.0302654
1.03438e-88
0.121145
0.0186301
0.0887472
0.0433718
0.0255867
0.0221751
0.0166445
0.0173397
0.123768
0.000103632
0.0404151
0.0189237
0.0405091
0.0304015
0.0276374
0.0253702
0.119472
0.116483
0.042399
-0.000145657
0.0197256
0.118521
0.135104
0.0118574
0.124017
0.0259671
0.00901052
0.0502899
0.070839
0.0426841
0.025151
0.0305627
0.0689095
0.0215025
0.0825093
0.0328156
0.0430343
0.038599
0.122141
0.00945654
0.0268937
0.0109252
0.0372416
0.068537
0.0261712
0.00742451
0.121153
0.0415093
0.0246106
0.12315
0.023472
0.0795093
0.0753456
0.0220733
0.00736588
0.0199625
0.0315514
0.0415318
0.0136513
0.0976684
0.0384643
0.030468
0.0351391
0.000283817
0.041093
0.0384429
0.0231722
0.0178483
0.12266
0.126074
0.0174682
0.0389327
0.0237589
0.0187124
0.140584
0.0338413
0.0418093
0.128625
0.00326021
0.0330639
0.10936
0.026793
0.0410109
0.129339
0.14042
0.0569392
0.000857081
0.0339609
0.0129197
0.0169431
0.0103538
0.00591683
0.0144128
0.028384
0.0221671
0.00350435
0.0325353
0.128153
0.0729997
0.0248597
0.0974973
0.0402006
0.12816
0.12351
0.0239269
0.0239701
0.0161079
0.021693
0.0300363
0.0250312
0.0052977
0.0253287
0.130879
0.12976
0.0566369
0.0390623
-0.00106715
0.0318143
0.0923892
0.0239078
0.0434147
0.027827
0.0396097
0.129712
0.00621651
0.0377181
0.0247691
0.0242276
0.0256424
0.0198798
0.133533
0.0084425
0.0277921
0.0242474
0.132855
0.0214425
0.00789328
0.0395707
0.0229409
0.0338921
0.0237198
0.0389947
0.0441873
0.0308467
0.129564
0.030979
0.0387616
0.0249963
0.00423671
0.0186216
0.00803765
0.117203
0.0125273
0.131783
0.0119795
0.00508254
0.139464
0.0515701
0.0331291
0.134262
0.136929
0.0237623
0.0247582
0.00403725
0.0232378
0.0345904
0.0259039
0.0254977
0.0711253
0.0248792
0.0174257
0.139912
0.133768
-0.00110303
0.114916
0.00505294
0.00916318
0.0289291
0.0258732
0.126685
0.011646
0.0642174
0.0142125
0.0297506
0.024806
0.106078
0.137594
0.0250755
0.133394
0.0220577
0.136038
0.135253
0.0152052
0.136339
0.0611231
9.01009e-05
0.0158279
0.0964999
0.0193691
0.000944381
0.0369627
0.0989704
0.00123339
0.0201006
0.0860745
0.000706992
0.0400878
0.02363
0.0657294
0.043879
0.0237972
0.00155484
-0.00112745
0.0332313
0.0746117
0.139299
0.0219833
0.0225605
0.0622913
0.111071
0.0114037
0.0376014
0.137503
0.0392973
0.0166352
0.0393567
0.021225
0.000691388
0.0702554
0.0186879
1.36725e-05
0.0273595
0.00748084
0.0361479
0.0920631
0.0247165
0.0689042
0.0356031
0.0710204
0.0508529
0.044506
0.017043
0.101199
0.0246348
0.0326021
0.0221069
0.0965864
0.0255509
0.0393068
0.00166283
0.0577926
0.0135198
-0.000201593
0.13822
0.0277052
0.0106349
0.00577994
0.0543948
0.037651
0.0335501
0.138452
0.0574738
0.038243
0.0901765
0.0920877
0.0289721
0.0176873
0.000542189
0.000849324
0.00506112
0.121848
0.0458826
0.0653071
0.139572
0.0245054
0.0247265
0.0441668
0.020417
0.000534935
0.117948
0.00807064
0.138644
0.071266
0.04275
0.0704788
0.023525
0.0278897
0.0293542
0.111503
0.0417578
0.0506125
0.0391964
0.03737
0.0140549
0.0408553
0.0181141
0.0172932
0.0882972
0.00242477
0.0512536
0.0359282
0.0366276
0.0324293
0.0255807
-0.000440786
0.0925535
0.0188778
0.0156558
0.139653
0.0467371
0.0483853
0.0435947
0.0175694
0.0223192
0.007313
0.00548244
0.07021
0.0255257
0.0433098
0.00760236
0.0287921
0.0524915
0.135193
0.0142884
0.114437
0.0224246
0.0209917
0.0391267
0.135872
0.0433553
0.0245738
0.0254272
0.137973
0.0330996
0.0323181
0.00150251
0.0728277
0.0234811
0.11661
0.0162152
0.0224661
0.0434879
0.138348
0.0383297
0.00875418
0.0390129
0.118261
0.00124399
0.137349
0.00701492
0.00652263
0.036283
0.0657615
0.128889
0.0258721
0.140293
0.0110604
0.0253577
0.00809109
0.0120922
0.06895
0.0277428
0.00392277
0.0254178
0.0240941
0.0822437
0.0395884
0.0213375
-0.000438467
0.0137544
0.0442489
0.0390379
0.00966434
0.0336335
0.0262222
0.0254918
0.096727
0.131604
0.00550262
0.0200999
0.0581959
-0.000165767
0.044083
0.0903055
0.0208518
0.0712188
0.0712557
0.0153772
0.0390561
0.032241
0.0175518
0.127854
0.0108723
0.0144535
0.00213721
0.0370824
0.0378621
0.0721259
0.0081818
0.0755847
0.0337214
0.0713447
0.0186329
0.00761378
0.00238367
0.00448722
0.0316393
0.0709669
0.0165684
0.0141429
0.0375041
0.0280392
0.0314004
0.028414
0.0232029
0.0244623
0.0405896
0.054999
0.03752
0.0264242
0.0311568
0.0762539
0.0731537
0.0433884
0.011197
0.0188585
0.0219393
0.0248856
0.0372579
0.0261577
0.0288026
0.025893
0.0252886
0.0689883
0.0865326
0.0485401
0.0259938
0.139294
0.124895
0.0226557
0.0386129
0.00289426
0.0254648
0.111751
0.0163788
-0.000408021
0.106977
0.0784313
0.0166562
0.133062
0.138812
0.0214122
0.00846211
0.0399599
0.0392356
0.0382536
0.0250487
0.00857183
-0.000137484
0.123315
0.00915719
0.0933942
0.0832439
0.0216266
0.00921046
0.0336384
0.00103632
0.0106624
0.00435281
0.0198202
0.000152797
0.0299886
0.0162321
0.0147314
0.0335409
0.0864796
0.0114293
0.0354614
0.00142177
0.127117
0.0234641
0.0252313
0.0306361
0.0238266
0.068638
0.0392706
0.138993
0.00377808
0.0732281
0.0258752
0.00890671
0.0240283
0.105221
0.0217176
0.0157401
0.133708
0.069554
0.025887
0.0236595
0.0108487
0.0356992
0.0134056
0.0771671
0.0252559
0.0413606
0.0509527
0.0730384
0.105129
0.0129942
0.0118799
0.022877
0.0262325
0.0300796
0.0248659
0.0608887
0.131005
0.0677012
0.0340012
0.0842968
0.140622
0.0291829
0.00121218
0.00996765
0.00663056
0.124398
0.0579939
0.0476863
0.0326108
0.0463943
0.0146225
0.0252421
-0.000644852
0.116462
0.0258742
0.0556997
0.0762859
0.0166512
0.0700578
0.0349264
0.0123026
0.0165859
0.0244026
0.117471
0.0168145
0.0288734
0.0279834
0.0247407
0.0120683
0.099297
0.00603034
0.0812262
0.0111218
0.0413283
0.0317366
0.0253643
0.0234127
0.088327
0.0288811
0.139154
0.0345307
0.0184089
0.00395847
0.0309503
0.121992
0.0202112
0.0697166
0.0343853
0.0317677
0.116167
0.0192893
0.00469789
0.0182483
0.0284467
0.104173
0.0093575
0.0387148
0.0161744
0.0406148
0.00076245
0.00260629
0.0404156
0.0229285
0.0179556
0.000642398
0.00438033
0.054996
0.0419432
0.130793
0.11967
0.0839054
0.125101
0.0181072
0.0318251
0.110544
0.0926663
0.0261958
0.0732694
0.124275
0.0144263
0.0210054
0.0781953
0.0946587
0.0855507
0.0267677
0.00324771
0.0481934
0.00177871
0.113365
0.0327504
0.0113007
0.0261777
0.0936452
0.0155537
0.00133878
0.00537537
0.0215388
0.132083
0.112735
0.0677942
0.0116216
0.00806421
0.0707858
-0.00120621
0.105415
0.0291326
0.000659921
0.0149354
0.0494404
0.0262298
0.0394824
0.0261539
0.0353396
0.0234062
0.0360148
0.0216981
0.0139401
0.112157
0.0235226
0.0632093
0.085327
0.0359577
-0.000270772
0.0380376
0.00338254
0.0773531
0.0914007
0.0199209
0.121712
0.0178892
0.0125876
0.0261644
0.00813922
0.0571016
0.127462
0.024486
0.00118181
0.0398568
0.0230615
0.00854374
0.0260356
0.0584023
0.0712381
0.0254821
0.0297649
0.0327425
0.00719346
0.0365382
0.0118175
0.130005
0.0522892
0.0907442
0.0563557
0.00923907
0.0245176
0.0285252
0.0312019
0.0356371
0.138082
0.0589653
0.0663183
0.0182519
0.0272091
0.0390346
0.0458181
0.0255006
0.039033
0.0415439
0.0712969
0.119947
0.00638015
0.0243036
0
0.0872602
0.0662028
0.0229972
0.0238058
0.0358286
0.017942
0.0194318
0.0135631
0.0125848
0.137065
0.0232135
0.0914166
0.0370763
0.00576291
0.0210385
0.0994556
0.0526088
0.1338
0.0229375
0.0258516
0.00801803
0.0958371
0.00372983
0.0241456
0.0153064
0.0373651
0.0283499
0.0366808
0.0426542
0.0372888
0.0690033
0.0243401
9.35405e-05
0.0438789
0.0244295
0.0931101
0.0610024
0.115292
0.0150582
0.0683396
0.0260265
0.0243033
0.0327071
0.0358839
0.0367404
0.00549445
0.0235058
0.0230683
0.134724
0.0281039
0.0259809
0.0200856
0.0663915
0.0443631
0.0603459
0.0137301
0.00444785
0.0881617
0.0538852
0.0376161
0.0256818
0.0335264
0.000921584
0.0260827
0.0261165
0.00173731
0.13967
0.0132367
0.0336104
0.0206853
0.139815
0.102824
0.110629
0.0238001
0.0630524
0.0282595
0.0260952
0.00141697
0.0249266
0.133718
0.0392493
0.0193198
0.0251031
0.053803
0.0165656
0.0173619
0.116346
0.0403564
0.00128528
0.140164
0.140141
0.00665264
0.0194728
0.130476
0.0340687
0.0191432
0.0233217
0.114202
0.0205964
0.0118753
0.0349808
0.0340959
0.139816
0.0080087
0.14002
0.0251046
0.0334755
0.0750811
0.00223857
0.00315636
0.0456773
0.135175
0.0547036
0.00314658
0.000663191
0.134334
0.139779
0.120775
0.131643
0.0400113
0.128519
0.0483183
0.0374941
0.0384894
0.0368591
0.0640892
0.134402
0.0198749
0.0305243
0.0731792
0.0659088
0.0206943
0.135292
0.0366624
0.0543591
0.0308358
0.00615079
0.0137731
0.0198655
0.0348778
0.0996111
0.121565
0.00100375
0.110731
0.0897962
0.0156527
7.15731e-05
0.00222719
0.0607196
0.0133651
0.03561
0.0129386
0.118327
0.0384289
0.0294795
0.0165316
0.00753085
0.130174
0.076495
0.0260087
0
0.0175531
0.102847
0.0525378
0.0191684
0.0523519
0.0182739
0.0144119
6.04116e-05
0.0176969
0.0352164
0.0247843
0.0670808
0.0617424
0.101661
0.0221459
0.07507
0.0395583
0.0242401
0.0397359
0.131032
0.0356419
0.0256334
0.0250552
0.0903309
0.0459215
0.0377519
0.060746
0.00702058
0.0307687
0.0055579
0.0731927
0.0202449
0.0328204
0.0613655
0.11784
0.0237303
0.0114437
-0.000359041
0.0144158
0.0420271
0.0421036
0.0229217
0.0736339
0.0554696
0.0672198
0
0.0185089
0.028623
0.0300616
0.0341332
0.0406726
0.0400358
0.0404149
0.116091
0.0562568
0.0188088
0.034622
0.0142532
0.0220798
0.0361835
0.0398713
0.0863877
0.00732218
0.101283
0.0138972
0.0411271
0.0376874
0.0465837
0.0061846
0.000341607
0.0699995
0.0344201
0.0155662
0.037343
0.0248139
0.106924
0.0289238
0.0369556
0.0358668
-2.96196e-91
0.0408392
0.0242575
0.0731419
0.0830332
0.0390805
0.0119248
0.00988555
0.0386897
0.0798821
0.00128979
0.0413734
0.040361
0.000606573
0.0703925
0.0378038
0.0106365
0.000583144
0.042781
0.0529744
0.0325635
0.0376569
0.037619
0.0370652
0.0388507
0.0204882
0.0209739
0.000141573
0.00130354
0.034485
0.0280152
0.0210194
0.0162464
0.0217771
0.0010402
0.0731776
0.00564181
0.0245333
0.0220856
0.0224327
0.0251047
0.0147458
0.046236
0.13738
0.0225929
0.118763
0.00053809
0.010507
0.0221387
0.0195
0.0887561
0.0736853
0.00980775
0.0983317
0.0682026
0.00112129
0.0404096
0.132507
0.0419781
0.0142978
0.126953
0.000327153
0.00220332
0.0170651
0.0167234
0.0130751
0.00687094
0.0117174
0.0182681
0.0331666
0.0308622
0.0167851
0.00708247
0.000614537
0.0404639
0.0891443
0.0154301
0.0945912
0.0359896
0.030574
0.000888841
0.00766118
0.0165817
0.0458451
0.0725614
0.0260424
0.0149364
0.107833
0.0188671
0.0732151
0.0473301
0.0102788
0.0259241
0.015895
0.0260198
0.0114432
0.0286718
0.0387323
0.012365
0.00981832
0.0163309
0.0101736
0.019379
0.0416996
0.0104128
0.0143414
0.00203529
0.00336654
0.0592404
-0.000138547
0.0412236
0.0490169
0.00646819
0.132923
0.0631425
0.1376
0.042265
0.0115286
0.0330373
0.0723372
0.0291275
0.0309279
0.0394754
0.104561
0.0796887
0.0317144
0.0469011
0.0298669
0.0337542
0.0240251
0.0386826
0.0416781
0.0316567
0.0316318
0.0384467
0.0297889
0.0303473
0.0253555
0.030011
0.0167057
0.123317
0.0317081
0.0572784
0.0207712
0.0798697
0.0985748
0.00381793
0.0427281
0.124281
0.0139309
0.00920244
0.0444544
0.0167814
0.0841832
0.0358492
0.0852468
0.0693921
0.0868365
0.0197107
0.00519566
0.042789
0.0391321
0.0422618
0.0391502
0.00264473
0.0212266
0.010322
0.0282051
0.0536769
0.0561613
0.0138555
0.0132932
0.0205451
0.10009
0.0130684
0.0932508
0.0392502
0.0681362
0.00254875
0.0390145
0.0711695
0.0868989
0.0349502
0.0135839
0.0702516
0.0881139
0.122433
0.0100113
0.0567572
0.0227865
0.0342592
0.0390302
0.119349
0.070898
0.0338612
0.0261174
0.055845
0.0634751
0.0330104
0.0219456
0.0427938
0.0218226
0.123233
0.0136056
0.0547832
0.0179384
0.0710665
0.0383281
0.0390895
0.133125
0.00358629
0.0398242
0.0540924
0.133585
0.0412182
0.0672882
0.0367622
0.0390963
0.132028
0.0310893
0.0153575
0.13159
0.0263219
0.138427
0.13608
0.135055
0.136777
0.136976
0.139775
0.137824
0.0598685
0.138922
0.138642
0.139577
0.13929
8.14455e-05
0.140165
0.000987029
0.140301
0.0252668
0.0160586
0.0132533
0.00975411
0.0282868
0.0201647
0.029445
0.01778
0.139687
0.0261035
-0.00115041
0.132483
0.136149
0.133988
0.0182696
0.000294618
0.0203102
0.139806
0.00974744
0.018728
0.131981
0.135492
0.0316895
0.0150901
0.000346703
0.0712081
0.0354763
0.0148713
0.0242434
0.0261176
0.0260829
0.0235828
0.026178
0.0261743
-0.00187275
0.0261232
0.0261563
0.0232613
0.138334
0.0197953
0.0369859
0.139421
0.0228214
-0.00197748
0.0369327
0.0228575
-0.000539731
0.0174688
0.0247356
0.000586022
0.0205711
0.093098
0.0965024
0.0105737
0.0939882
0.019688
0.139197
0.00250674
0.127445
0.138791
0.025721
0.10406
0.014992
0.129598
0.0216504
0.0118426
0.0145942
0.00418422
0.0165361
0.00373431
0.00795928
0.0169178
0.0661999
0.00251163
0.0214841
0.00191744
0.0197186
0.0171887
0.00916897
0.0248554
0.00949541
0.0141799
0.0127332
0.106947
0.0123104
0.0258149
0.0126573
0.0125169
0.016877
0.00875527
0.0202154
0.0140412
0.0303935
0.0376167
0.086725
0.0211501
0.022962
0.0131569
0.0260947
0.00505582
-0.000578006
0.0255682
0.0155196
0.00124498
-0.000577287
0.0418494
0.121968
0.119147
0.116877
0.106145
0.0430579
0.0153811
0.0116256
0.0150216
-0.00118184
0.020864
0.021299
0.00791332
0.022479
0.025903
0.0259989
0.100414
0.0258195
0.0258487
0.00286012
0.00147101
0.0122546
0.000853612
0.0179492
0.00161836
0.0235251
0.0253061
0.0254879
0.0314115
0.0298786
0.106361
0.028819
0.0198183
0.0376582
0.125907
0.0291837
0.000463776
0.0978908
0.0259895
0.0285511
0.0499051
0.000230385
0.0804254
-0.000157412
0.00238171
0.0259676
0.026029
0.00729975
0.00689654
0.00442429
0.0118627
0.0525991
0.0172902
0.0837155
0.0216457
0.0223983
0.136416
0.000282229
0.000290279
0.00044164
0.00037829
0.0386065
0.135407
0.000494024
0.0688504
0.000881246
0.0252558
0.0725749
0.0941406
0.0268713
0.0443558
0.13035
0.0972696
0.00541749
0.0212097
0.0102451
0.0060996
0.0219008
0.0132741
0.138619
0.10065
0.0159284
0.0492744
0.02837
0.0295023
0.0163566
0.0164266
0.0177618
0.0169583
0.00245736
0.0229202
0.0226679
0.0057729
0.0230422
0.0865306
0.0936975
0.0363327
0.00893162
0.0244682
0.0250264
0.0248363
0.101805
0.0229334
0.139336
0.0140227
-0.000290641
0.133637
0.0110467
0.0761592
0.0174723
0.137772
0.137146
0.136136
0.00629429
0.025911
0.00751012
0.134812
0.00800939
0.132711
0.012861
0.0291954
9.99113e-05
0.0130731
0.0134498
0.0174782
0.00292873
0.013936
0.0298505
0.0256436
0.024585
0.0257262
0.013182
0.0136555
0.137675
0.0258369
0.136312
0.0254247
0.136338
0.0254399
0.135859
0.0166829
0.13492
0.134104
0.13251
0.0260749
0.0252527
0.025534
0.0256731
0.0270204
0.0272462
0.0259745
0.0288875
0.136811
0.0192697
0.0262736
0.0255095
0.0268386
0.0261977
0.0253094
0.0267185
0.134386
0.0259443
0.0255546
0.0255801
0.0262459
0.00801191
0.0268204
0.0258544
0.135963
0.136277
0.0243247
0.0184518
0.0191499
0.00102996
0.134718
0.105998
0.0157818
0.0257389
0.0249018
0.0257365
0.0259158
0.00152056
0.025698
0.0252978
0.00360268
0.0253814
0.0326096
0.00582049
0.0236723
0.0230594
0.0258067
0.0152638
0.0316838
0.0162445
0.136493
0.136909
0.138929
0.0310537
0.0257276
0.0250844
0.0225499
0.137453
0.0258307
0.138657
0.0171266
0.0256458
0.0228334
0.0229516
0.0295784
0.133953
0.114181
0.0393106
0.0193184
0.0150133
0.140129
0.0137128
0.0144273
0.0132529
0.138111
0.125125
0.137968
0.0149312
0.0171161
0.139315
0.0343181
0.128565
0.138363
0.0148123
0.0106965
0.0165792
0.0310195
0.0156909
0.139399
0.136825
0.0111817
0.0191145
0.138187
0.137116
0.0158396
0.0118332
0.0147737
0.0149952
0.0189508
0.0151027
0.0147196
0.0294865
0.136451
0.0299197
0.0155693
0.00146304
0.0149366
0.00847567
0.0303847
0.00845746
0.000698983
0.0161194
0.01423
0.0135133
0.0244161
0.0163455
0.0175674
0.0275482
0.13317
0.05867
0.0183916
0.135821
0.0339307
0.0295972
0.028313
0.0161063
0.0130915
0.0700114
0.0129143
0.000365721
0.0131999
0.016353
0.0147517
0.0182088
0.0221592
0.0280637
0.0214925
0.0226649
0.0230386
0.025935
0.0241038
0.0241908
0.0259434
0.138225
0.0259753
0.139892
0.0381267
0.0254001
0.139029
0.0284391
0.01502
0.0144425
0.00925808
0.0275834
0.0244988
0.0273405
0.0150573
0.133093
0.0162204
0.0136856
0.0135523
0.0234503
-0.000445558
0.0245319
0.122618
0.0221986
0.0320517
0.0269016
0.0129891
0.0437705
2.74926e-05
0.0127949
0.0195301
0.0122605
0.0296731
0.0243652
0.0333778
0.072792
0.139374
0.0157775
0.0161077
0.0261175
-0.000161756
0.0172363
-0.00173738
0.0319046
0.0139191
0.0143966
0.0378584
0.100877
0.0162217
0.00157959
0.0485849
0.138047
0.0193641
0.0284237
0.0158169
0.0286645
0.0404597
0.0273492
0.00393675
0.0103059
0.116918
0.0149534
0.0149177
0.0157341
0.0103365
0.0182649
0.0200683
0.0591417
0.0005243
0.000787444
0.000325505
0.109629
0.0418661
0.0214081
0.000275647
0.00780931
0.0182393
0.119656
0.11228
0.025867
0.0128867
0.0148778
0.00589888
0.130323
0.0372909
0.0269895
0.0235041
0.0178433
0.123359
0.0332984
0.00692058
0.0119412
0.0111177
0.0229758
0.0374959
0.0372589
0.0252182
0.0224268
0.0131089
-4.6395e-05
0.00341583
0.00794465
0.0289294
0.0274412
0.011456
0.0013307
0.0131965
0.0159196
0.0371397
0.0183953
0.0261288
0.0126776
0.0287695
0.035716
0.00655275
0.0150579
0.0208031
0.0180384
0.0223552
0.0260735
0.0193545
0.0423239
0.0196305
0.0325672
0.139733
0.0243219
0.101715
0.0171949
0.00482256
0.0366887
0.0638101
0.0291756
0.0242041
0.0328178
0.0262101
0.128882
0.00971001
0.0373908
0.0314692
0.0236974
0.072808
0.0323692
0.0157155
0.0303292
0.0303942
0.0340121
0.0713651
0.0227358
0.00299851
0.000455193
0.00199934
0.00311015
0.0251553
0.025825
0.104256
0.107619
0.0039485
0.0145081
0.0232856
0.0236973
0.0378574
0.0257006
0.0581285
0.0346884
0.0355732
0.0336127
0.0621583
0.123224
0.0343957
0.000948402
0.0121881
0.0121151
0.0104979
-0.000765626
0.109155
0.00500715
0.00362728
0.0216306
-0.00158657
0.0675156
0.0622078
-0.000338335
0.0197195
-0.000250329
0.0242462
0.00192133
0.0465931
-0.00146352
0.031627
-0.00147327
-0.000635784
0.0264078
0.0238862
0.117506
0.0217973
0.00425582
0.0215138
0.0348385
0.000526176
0.00028774
0.0216521
0.0522948
0.0250792
0.0248562
0.0256759
0.000577231
0.0223973
0.0020384
0.019163
0.00438395
0.13292
0.0312369
0.0363132
0.0322293
0.0203163
0.088827
0.0274793
0.0772415
0.0312248
0.032375
0.0648813
0.0203644
0.022515
0.0307729
0.00251127
0.0247858
0.0967971
0.0207854
0.0184847
0.0275913
0.0211758
0.020201
0.0262903
0.038614
0.0262556
0.0253661
0.0231483
0.0266505
0.0382063
0.0234385
0.0192722
0.0268998
0.0272213
0.0328587
0.026021
0.048575
0.0464169
0.0260215
0.0212021
0.0156679
0.0227035
0.0580161
0.0180794
0.0134759
0.0114485
0.0170747
0.0385374
0.13923
0.0184075
0.0263496
0.0260118
0.0663534
0.0814611
0.0125956
0.139982
0.0140141
0.140091
0.0242535
0.100972
0.0125217
0.0343449
0.0393026
0.0354439
0.0339524
0.0145204
0.140421
0.0401191
0.00479479
0.140341
0.027695
-0.000592955
0.0356109
0.022537
0.0243541
0.0271965
0.0332938
0.0226223
0.0254918
0.0428899
0.0164114
0.0174031
0.0379645
0.0534083
0.0251507
0.0235331
0.0189276
0.0245544
0.0276386
0.0199901
0.0262147
0.0176788
0.0183877
0.0335023
0.0173853
0.0235997
0.0291766
0.0276149
0.0277216
0.0139635
0.02002
0.139737
0.0119514
0.023781
0.00410362
0.0208745
0.0316744
0.0345139
0.0118078
0.000397851
0.13972
0.000173819
0.00610102
0.0365217
0.0319166
-0.0016845
0.024467
0.0203444
0.0400557
0.025502
0.00844129
0.042679
0.0138941
0.0155264
0.00894705
0.0335312
0.0142209
0.0220725
0.00606435
0.0181752
0.0233472
0.0150984
0.111782
0.0644803
0.0106632
0.138765
0.0212673
0.135891
0.00410773
0.0163399
0.0302152
0.0242977
0.140533
0.0253782
0.0225559
0.0237385
0.00676532
0.0374699
0.0732764
0.0391946
0.0271027
0.0145979
0.0141308
0.00485489
0.0154248
0.00937683
0.0379883
-0.000397816
0.0338342
0.137132
0.015217
0.0166166
0.0121392
0.0186281
0.0728495
0.0368766
0.0221826
0.0118801
0.00577091
0.0209824
0.13971
0.00561812
0.109289
0.0376717
0.138079
0.0115646
0.0144893
0.0400762
0.0146475
0.136843
0.0970654
0.0392185
0.0328521
0.12862
0.0218785
0.000725925
0.0202029
0.119235
0.0180464
0.00461983
0.000179826
0.00625047
0.0126242
0.0228159
0.100183
0.00792638
0.000268141
0.0173717
0.0174548
0.000197283
0.0219657
0.00318693
0.0198827
0.0549542
0.00488082
0.0281573
0.0130384
0.0168729
0.0375315
0.139049
0.00366464
0.0221469
0.0309942
0.0244801
0.00403467
0.0153134
0.0379453
0.114395
0.00467868
0.120434
0.00969854
0.0685327
0.130415
0.0144616
0.0140062
5.3649e-05
0.0238457
0.0180064
0.00569326
0.0659485
-0.000229226
0.00774305
0.0606436
0.0257965
0.0256312
0.00903555
-0.00128483
0.0264097
0.109717
0.0917098
0.137853
0.139769
0.038063
0.000477917
0.139068
0.136942
0.026489
0.073075
0.0218145
0.021806
0.000500813
0.0403368
0.0373926
0.111805
0.000777264
0.0273563
  </DataArray>
  <DataArray type = "Float64" Name="UneFonction" format="ascii">
0
0
0
0
0
0
0
0
0
0
0
0
0
0
0
0
0
0
0
0.0146744
0
0.00548566
0
0
0.00648001
0
0
0
0
0
0
0
0
0
0
0
0.00524327
0
0
0
0.00626026
0
0
0
0
0
0
0
0
0
0.00629965
0
0
0
0
0
0
0
0
0
0
0
0
0
0
0
0.171585
0
0
0
0
0
0
0
0
0
0.00653765
0
0
0
0
0
7.95248e-05
0
0
0
0
0
0
0
0
0
0
0
0
0.0385645
0
0.000344501
0
0
0
0.00912219
0
0
0.00616274
0
0
0
0
0
0
0
0.0135055
0
0
0
0
0
0
0
0
0
0
0.0611885
0
0
0
0.216833
0
0
0
0
0
0
0
0
0
0
0
0
0.00605077
0
0
0.238159
0
0
0
0
0
0
0.00407927
0
0
0
0
0
0.0379045
0
0
0.00890077
0
0
0
0
0
0
0
0.0153853
0
0.000781466
0
0
0
0
0
0
0
0
0
0
0
0
0.0011668
0
0
0
0
0
0
0
0
0
0.139581
0.0275684
0
0
0
0
0
0.0049165
0
0.000442551
0
0
0
0.173648
0.111363
0.00739781
0.082633
0.237204
0.00801846
0.237866
0
0
0.100817
0
0.0266003
0
0
0.00102245
0
0
0
0
0
0
0
0
0
0
0
0
0
0
0
0
0
0
0
0
0
0
0.0315975
0
0
0
0.000301388
0
0
0
0
0.0117788
0
0
0
0
0
0
0
0.00773219
0
0
0
0
0.0339808
0
0
0
0
0
0
0
0
0.00647486
0
0
0.00252897
0
0
0.00749873
0
0
0
0
0
0
0.00735532
0
0
0.220221
0
0
0
0
0
0
0
0
0
0
0
0.0297753
0
0
0
0
0
0
0
0
0
0
0
0
0
0.00731027
0
0
0
0
0
0
0
0
0.00731027
0.292291
0.00969144
0
0
0.0159939
0
0
0
0
0
0
0
0.0307657
0
0
0
0.0372557
0
0
0
0
0.0342388
0
0.0258542
0.0453146
0
0.042542
0
0
0.0254019
3.5009e-12
0
0
0.0535334
0
0.000103913
0.0376709
0
0
0.299324
0
0.030665
0.0410839
0
0
0
0
0.0319242
0.0321095
0
0.000119016
0
0
0.000170994
0
0
0
0.257092
0
0
0
0
0
0.0143416
0
0
0
0
0
0
0.0308926
0.209892
0.170184
0.0196928
0.0459146
0.0321952
0
0.104063
0.0288164
0
0.0525379
0.000722173
0
0.0101167
0.0309481
0
0.0694413
0.0304145
0.0248123
0.0120254
0.0298917
0.0019119
0.0126132
0.0294359
0.0352888
0.0359036
0.0245411
0.0297997
0.0242602
0.0328373
0
0.0130113
0.0322108
0.00864621
0.0236188
0.0640535
0.00108023
0.0689644
0.0279778
0.0225861
0.0590536
0.0285544
0
0
0
0
0
0
0
0
0
0
0
0
0
0
0
0
0
0
0
0
0
0
0
0
0
0
0
0
0
0
0
0
0
0
0
0
0
0
0
0
0
0
0
0
0
0
0
0
0
0
0
0
0
0
0
0
0
0
0
0
0
0
0
0
0
0
0
0
0
0
0
0
0
0
0
0
0
0
0
0
0
0
0
0
0
0
0
0
0
0
0
0
0
0
0
0
0
0
0
0
0
0
0
0
0
0
0
0
0
0
0
0
0
0
0
0
0
0
0
0
0
0
0
0
0
0
0
0
0
0
0
0
0
0
0
0
0
0
0
0
0
0
0
0
0
0
0
0
0
0
0
0
0
0
0
0
0
0
0
0
0
0
0
0
0
0
0
0
0
0
0
0
0
0
0
0
0
0
0
0
0
0
0
0
0
0
0
0
0
0
0
0
0
0
0
0
0
0
0
0
0
0
0
0
0
0
0
0
0
0
0
0
0
0
0
0
0
0
0
0
0
0
0
0
0
0
0
0
0
0
0
0
0
0
0
0
0
0
0
0
0
0
0
0
0
0
0
0
0
0
0
0
0
0
0
0
0
0
0
0
0
0
0
0
0
0
0
0
0
0
0
0
0
0
0
0
0
0
0
0
0
0
0
0
0
0
0
0
0
0
0
0
0
0
0
0
0
0
0
0
0
0
0
0
0
0
0
0
0
0
0
0
0
0
0.0300775
0.0314469
0.0304104
0.031779
0.0254855
0.0278221
0.0272975
0.0706235
0.0313928
0.03559
0.0308152
0.0244806
0.031143
0.00133256
0.00242731
0.0378085
0.0287453
0.0270558
0.0798893
0.0374619
0.0216913
0.0384505
0.0481179
0.029717
0.0417692
0.0335141
0.0489115
0.191961
0.030659
0.0538661
0.0276701
0.0247592
0.139332
0.0459199
0.0428482
0.0376451
0.0356693
0.0459388
0.0120609
0.0575383
0.0536413
0.0465772
0.0510619
0.0363275
0.031697
0.0182032
0.031832
0.0288339
0.0377846
0.0218167
0.0316621
0.0140808
0.0277745
0.0101864
0.021161
0.0340016
0.0320969
0.0271846
0.0255502
0.035708
0.0323651
0.0013932
0.0438902
0.0400579
0.032316
0.00132163
0.0554637
0.026128
0.0499426
0.0276309
0.0313567
0.0285922
0
0.0308269
0.0355782
0.028732
0.0346918
0.0210444
0.283676
0.030992
0.000585675
0.0230763
0.0470532
0.0390956
0.0540666
0.0317793
0.05241
0.0402092
0.0357911
0.0288716
0.0512183
0.0262118
0.0499705
0.0307411
0.0462142
0.0368985
0.0301762
0.0513442
0.0119483
0.0327211
0.00833533
0.0266509
0.0260301
0.0173563
0.0301641
0.0230491
0.0247864
0.026147
0.0141352
0.0380062
0.00223754
0.0307309
0.00216029
0.00286424
0.0345479
0.0249252
0.000907144
0.0169622
0.0322052
0.0298786
0.0397393
0.00103358
0.0297714
0.0343835
0.0254027
0.0243887
0.0342807
0.0017101
0.000176829
0.028736
0.00315675
0
0.00125988
0
0.0150362
0.302808
0.0298009
0.0221365
0.0693845
0.0356919
0
0.00386629
0.018177
0.0161553
0.000756634
0
0.0133185
0.0286133
0.198549
0.0263282
0.00167425
0.0105926
0.0161975
0.00670981
0.000513409
0.00175757
0.0292044
0.00881322
0.0151323
0.290196
0.0016421
0.0171832
0.0101351
0
0.0111138
0.0185946
0.00159866
0.000172376
0.25611
0.000754805
0.00835358
0.0109789
0.00165312
0.0114253
0.00127027
0.0107082
0
0.018151
0.00296689
0.0173634
0.00905582
0.0101466
0.217031
0.0122611
0.00168084
0.0127813
0.0108935
0.00957616
0.000542398
0.0014688
0.0111516
0.00717069
0.00271024
0.00252118
0.00216043
0.00192504
0.023563
0.016607
0.00343548
0
0.0135325
0.000500504
0.0286793
0.00061352
0.0882426
0
0.0279715
0.00155201
0.250933
0.0122823
0.00759092
0.0178127
0.0110298
0.00259473
0.00592072
0
0.00536039
0.020957
0.00149513
0.0342858
0.0170042
0.0166511
0.0120823
0.013461
0.0290841
0.0109793
0.0311542
0.208607
0.0666711
0.00500283
0
0.00174011
0.0253758
0.12053
0.0235768
0.0131064
0.0150256
0.0138667
0.00955906
0.0201621
0.0269268
0
0.0544944
0
0.0132197
0.0421145
0.0108679
0.01401
0.00103058
0.0185444
0.00968411
0.0211438
0.0103158
0.0109514
0.029739
0.0117039
0.013379
0.000810986
0.00758232
0.298254
0.000323053
0.00881158
0.120155
0.0678484
0.0207376
0.0211895
0.0474888
0.0273389
0.0119683
0.0492159
0.208182
0.011082
0.230857
0.0120616
0.0681471
0.0176267
0
0.00940926
0.014325
0.0085225
0.009817
0
0.00480643
0.0145015
0.014961
0.00714663
0
0.0396907
0.00985294
0.0103806
0.0349362
0.00968241
0.0179262
0.0135457
0.0520973
0.2179
0.00976487
0.00203316
0.014628
0
0.28945
0.0143699
0.014186
0.190827
0.00262406
0.00765207
0.0039192
0
0.0093834
0.00906895
0.007205
0.0136571
0.00944406
0.0099394
0.00795596
0.0104317
0.0551527
0.0114938
0.00588764
0.00450207
0.00509565
0.0140619
0.11558
0.0102066
0.00715523
0.00677724
0
0.00800424
0.00480756
0.0134678
0.014377
0.00729146
0
0.0134892
0.00656384
0.00612472
0.0053535
0.0196459
0.000896044
0.00772978
0.013566
0
0.00882726
0.0136443
0.00754135
0.0109738
0.00867995
0.00938929
0.0146025
0.0093909
0.0118033
0
0.017752
0.0786612
0.00574219
0.0320816
0
0.00668057
0.0106494
0.00926207
0.00920892
0.235662
0.0193531
0
0.238539
0.00179335
0.0209243
0.027737
0.00496511
0.00998243
0.0292985
0.0100817
0.0205061
0.00126609
0.00421495
0.00562302
0.244996
0.167809
0.00037131
0.000329626
0.0832571
0.00674437
0.0107527
0.12604
0.0353697
0.173911
0.00641632
0.0194076
0
0.0814876
0.00656795
0.226667
0.00510495
0.0650359
0.33306
0.069679
0.0100172
0
0
0.00814168
0.186793
0.00315782
0.00932951
0.00709718
0.00422174
0.00582401
0.0244639
0.0028917
0.00618024
0.00446161
0.00179505
0.00155047
0.00645249
0.00227544
0.0184688
0.00554244
0.114145
0.0371232
0.00454967
0.0134954
0.00461932
0.00903195
0.00408186
0.00430804
0.0332461
0.00408158
0.0197578
0.106334
0.00367882
0.0114156
0.385558
0.00308482
0
0.0635447
0.00459478
0.14638
0.00409194
0.00331342
0.0095828
0.00205026
0.00186704
0.0792377
0.00586168
0.0473506
0.00405173
0.00287738
0.010774
0
0.392027
0.00272591
0.0143161
0.0653263
0.00283758
0.00622297
0.00534835
0.12386
0.0126627
0.00315585
0.00605136
0.00254415
0.0133523
0.000620777
0.00297517
0.00235168
0.385898
0.237741
0
0.00275681
0.00621506
0.00242443
0.00154228
0.113215
0.224006
0.255674
0.00192826
0.29895
0.0709171
0.0103411
0.029725
0.322837
0.0199591
0.0027674
0
0.1396
0.0234635
0.0446278
0.0096545
0.0028481
0.00265132
0.00234436
0
0.00120799
0.00630875
0.00167233
0.00162628
0.00673556
0.230258
0.0996917
0.0111226
0
0.00212507
0.00194734
0.00584035
0.0037758
0.00110873
0.0129043
0.00161876
0.00346232
0.00491767
0.0110138
0.00418681
0.0633229
0.000796521
0.000685721
0.0010329
0.00108113
9.23937e-05
0
0.00062893
0.000938123
0.175241
0.000537459
0
0.00616014
0.000631785
0.0123656
0.00041635
0.000391892
0.00785601
0.0490498
7.39382e-05
0.00662172
0.23631
0.259209
0.00908184
0.000981569
0.0027671
0.252289
0.00225565
0.0266125
0.00848615
0.000215516
0.000208136
0.0430815
0
0.000214302
0.00351539
0.0101804
0.148066
0.0142418
0
0.00259983
0.0293228
0.0873316
0.00626759
0.280065
0.00017572
0.0238493
8.41758e-05
0
8.57167e-05
0.000157464
0.00985271
0
0
0.0478703
0.339773
0.000386672
0.000184279
0.00901446
0.000189461
0.0837587
0.00345384
0.000835472
0.000975014
0.0129658
0.000952303
0.000392656
0.00427539
0.00552823
0.0298672
0.0691538
0.000354215
0
0
0.000769826
0.000383053
0.00955122
0.156731
0
0.00262293
0.00171541
0.137952
0.000505153
0.000953229
0.00619171
0.192238
0.0040989
0.0013235
0.315557
0.00534266
0.0217956
0.0755051
0
0.0108998
0.0540458
0.000619981
0.0139699
0.000579558
0.107949
0.00245154
0
0
0.0432357
0.0133189
0.00241982
0.0154455
0
0.112544
0.000904615
0.000939053
0.000764634
0.000947888
0.0035011
0.0305614
0.00306682
0.000555413
0.0250978
0.00111532
0.0146842
0.0980458
0.00101882
0.144405
0.000821421
0.0045628
0.0363229
0.0742653
0.042555
0.0897651
0.0510371
0.000386254
0.00471381
0.00112172
0.00930305
0.00072118
0.000956104
0.000732882
0.0205381
0.000732457
0.0174406
0.140202
0.000794894
0.0128086
0.0625986
0.0337489
0.326202
0.00103439
0.299734
0.000727675
0.00553384
0.00567206
0.00539724
0.0115716
0.184015
0.00659702
0.0100678
0.00505989
0.135857
0
0.00040132
0.238484
0.103371
0.0791561
0.309998
0.00517474
0.000595373
0.0122747
0.0777683
0
0.068589
0.0263089
0.0210572
0
0
0.0028555
0.000907307
0.000541898
0.169132
0.0296392
0.0120822
0.20725
0.00768116
0.0192817
0
0.0102671
0.0663729
0.206593
0.0465844
0.0728379
0.136357
0.274299
0.000642586
0.0024181
0.00203086
0.00048506
0.0118911
0.000688902
0.000120564
0.068867
0.000735057
0.337719
0.00195994
0.030918
0
0.00835361
0.000500007
0.278276
0.0666171
0.0657411
0.00881856
0.0413508
0.23106
0.00441302
0.00772385
0.199282
0.0704888
0.274388
0.0492088
0.0663092
0.00287403
0.0090693
0.0116736
0.0521308
0.293424
0
0.0056577
0.042442
0.00179301
0.0457243
0.000745572
0.000325388
0.00192264
0.0549951
0.000811709
0.000527068
0.262871
0.287163
0.00341214
0.0104858
0.0884706
0.0117708
0.000442972
0.214526
0.155372
0.0500368
0.00322549
0.00796047
0.0031216
0.0118461
0.0582136
0.245966
0.120721
0
0.280964
0.000340474
0.00426308
7.8302e-05
0.0869478
0.00085093
0.0172887
0.0347932
0.00515059
0.259448
0.395407
0.00737676
0.0748955
0.000362551
0.0355431
0.0924414
0.38642
0.000357213
0.23392
0.100937
0.29865
0.111465
0
0
0.336582
0.0375817
0.276778
0.0209451
0.0457928
0.00033819
0
0.000160485
2.26332e-05
2.81579e-05
0.0111614
0.0851154
0.000349113
0.0483708
0.36542
0.378397
0.230367
0.0336967
0.036345
0.371895
0.0381725
0.0136704
0.225563
0.00112323
0
0.00327986
0.000156655
0
0.0375975
0.0351703
0.340244
0.0468843
0.179491
0.318649
0.00112424
0.0549252
0.0415093
0
0.0508971
0.0339754
0.275447
0
0.0570558
0.000537058
0.0687538
0.034639
0.0420391
0.0552507
0.0269846
0.0557942
0.28686
0.0277426
0.000137399
0
0.00752539
0.000307608
0.0315879
0.0375807
0.000800571
0.102356
0.0445207
0.0301374
0.0590603
0.0439945
0.00022408
0.22963
0.129176
0.109322
0.00393644
0.365911
0.00134525
0.000580632
0.03094
0.111953
0.071208
0.0617343
0.0960285
0.0957027
0
0.326917
0.000622056
0.0353288
0.027687
0.0166006
0.00124104
0.000444506
0
0.000534635
0.00314393
0.0609185
0
0.023327
0.0501239
0.0528528
0.00275804
0.0455763
0.000747269
0.196715
0.184325
0.000439694
0.00180425
0.00708152
0.00050417
0.111256
0.100369
0.254419
0.000832059
0.0338363
0.146562
0.0312802
0.205106
0.0561805
0.0332548
0.0129895
0.0180097
0.136254
0.000950308
0.0984472
0.00318518
0.28002
0.0603501
0.000665551
0.00455402
0.24132
0.0577153
0.000810986
0.244716
0.102141
0.223075
0.0785045
0.000718626
0.0089045
0.000766042
0.329888
0.000377386
0.00126573
0.0288639
0.0794426
0.00179873
0.000445812
0.0027012
0.306429
0
0.0144499
0.0269061
0.0464511
0.0298252
0.0512391
0.270846
0
0.147686
0.303013
0.231033
0.000102557
0.0106432
0.0038518
0.0364926
0
0.0092572
0.000684505
0.00222981
0.0368486
0
0.000796703
0.223135
0.031152
0.000704178
0.388067
0.000950501
0.0374484
0.00358915
0.0323918
0.0646722
0.000852004
0.00104516
0.017734
0.000845709
0.163355
0.28628
0.0298861
0.000411514
0.0331256
0
0.32128
0.000718917
0.00496144
0.000258453
0.181636
0.0936204
0.000336664
0.000627307
0.000420144
0.222984
0.0408676
0.026966
0.0333989
0
0.212295
0.0528055
0.0259742
0.192973
0.213967
0.000357046
0.0144383
0.0267413
0.0164138
0.000170797
0.000580105
0.173417
0.0118302
0.000281554
0.14287
0.117555
0.0282429
0.000305114
0.0232614
0.182408
0
0.200722
0.000295691
0.0327592
0.000299379
0.000698099
0.14022
0.0666768
0.236427
0.0359766
0.000976217
0.0430469
0
0
0.000251706
0.000319124
0.0300018
0.201186
0.0429698
0.225144
0.377098
0
0
0.071034
0.0281615
0.0012293
0.0717623
0.180961
0.0352442
0.078995
8.6841e-05
0.0266943
0.0243892
0.121621
0.00258912
0.0221387
0.00919404
0
0.0352625
0.0342462
0.0368724
0.031422
0.0610797
0.0324346
0.0468292
0.196225
0.034726
0.0770204
0.0275365
0.0114664
0.0372485
0.0436041
0.0289334
0.0378879
0.0243925
0.0267295
0.0819133
0.140318
0.0640631
0.0654851
0.0378526
0.0258277
0.0371111
0.0906905
8.52621e-05
0.031031
0.0224377
0.0242384
0.0358139
0.0345882
0
0.0318374
0.0361512
0.0235386
0.00545548
0.0287093
0.0278708
0.0350435
0.0750218
0.025973
0.000193371
0.0282622
0.0278551
0.0616305
0.0260505
0
0.208209
0.237595
0.0336916
0.0593647
0.0267004
8.44407e-05
0.0266849
0.0376985
0.00626307
0.0486963
0.0729791
0.238119
0.0293973
0.0275421
0.0329375
0.0210093
0
0.0304497
0.0611968
0.0573099
0.0336272
0.0566848
0.021847
0.00697568
0.0318595
0.0275181
0.0255351
0.000169502
0.0593441
0.025155
0.0108956
0.199211
0.0331987
0.00193413
0.000180467
0
0.0117369
0.000953241
0.0271284
0.0338541
0.00673376
0.0242661
0
0.00849251
0.0719076
0.102067
0.0015251
0.127307
0.0312597
0.00374378
0.00198136
0.0250443
0.00500995
0.0255208
0.0200563
0.000951089
0.133009
0.0332064
0.190372
0.00280084
0.198766
0.118016
0.000159138
0.0322235
0.00126287
0.00562598
0.227911
0.106668
0.0112512
0.0100133
0.120159
0
0.179126
0.34472
0
0.000359859
0.0101814
0.234927
0.232613
0.176235
0.140711
0.0053207
0.212514
0.000568498
0.089644
0.36527
0.000905002
0.000541641
0
0.000608255
0.000799445
0.121009
0.202678
0.00185444
0
0.0138261
0.0312875
0.237086
0.00185859
0.145541
0.0408971
0.00548823
0.214569
0.237022
0.202131
0
0.000611858
0.233431
0.00146955
0.0269281
0.0292945
0.0181812
0.00326107
0.00182796
0.204432
0.00672629
0.224708
0.0852889
0.00301424
0.13754
0.172029
0.00194692
0.116768
0.00272771
0.0437332
0.00182439
0.122789
0.00309426
0.00362184
0.00390935
0.236016
0.00387842
0.14127
0.2326
0.00401379
0.00458558
0.225155
0.0226313
0.157565
0.23759
0.168975
0.148897
0.00316446
0
0.238931
0.103877
0.221142
0.237349
0.030149
0.132052
0.0121531
0.16581
0.0590443
0.000972527
0.00726539
0.0142825
0.00262935
0.00395667
0.00382516
0.22522
0.00509606
0.00353498
0
0.111403
0.1994
0
0.229166
0.000991037
0.17776
0.0163619
0
0.00459907
0.385162
0.0173037
0.224669
0.00470926
0
0.0299828
0.00442363
0.0855604
0.0122804
0.00625459
0.00629198
0.133401
0.0635742
0.00482226
0.223759
0.0203
0.160109
0.224805
0.0745772
0.00580617
0.0856724
0.1908
0.153284
0.159716
0.167709
0.0068811
0
0.00662637
0.234248
0.233885
0
0.00119221
0.000638467
0.0457145
0.116772
0.00667977
0.168509
0.118049
0.00191859
0.188857
0.166267
0.00739884
0
0.00548934
0.238467
0.230644
0.236405
0.10128
0.0013813
0.109324
0.0830461
0.00551799
0.174288
0.00556953
0.238063
0.238948
0.0723833
0.188373
0.0407163
0.000933241
0.000883674
0.00683322
0.0149576
0.00198897
0.000570445
0.0103665
0.22642
0.171022
0.229319
0.00269717
0.238651
0.00779427
0.211939
0.231461
0.000764375
0.0299443
0.234901
0.222262
0.0348518
0.00169639
0.238757
0.0100916
0.225748
0.00832031
0.110739
0.23317
0.00162197
0.0111993
0.0043788
0.00959584
0.0355274
5.89462e-05
0.243727
0.225007
0.0162774
0.188509
0.222458
0.000285033
0.314611
0.0131252
0.238172
0.126321
0
0.0136695
0.172646
0.210282
0.00585196
0.0858962
0.237853
0.00115601
0.00949174
0.00804781
0.0715454
0.00805817
0.0166814
0.237192
0.000852834
0.0294999
0.0153941
0.0147899
0.00238692
0.0355896
0.0112017
0.0101032
0.0110634
0.0114809
0.00831522
0.0292968
0.00543919
0.0276102
0.0116987
0.00696991
0.0244791
0.0730197
0.00107551
0.15659
0.0273541
0.000220383
0.238492
0.0101207
0.124974
0.0278303
0.258034
0.114856
0.00491446
0.196205
0.00170179
0.0116136
0.0122408
0.00167339
0.020595
0.00309805
0.00190469
0.0123919
0.210517
0.0307781
0.0285553
0.00882835
0.0123446
0.0117838
0.133594
0.0282045
0.0229733
0.0102775
0.0265453
0.0139318
0.194795
0.330444
0
0.0100317
0.0133447
0.196674
0.0117009
0.0268754
0.213377
0.239294
0.137529
0.00994869
0.0136285
0.0121493
0.234562
0.167314
0.238362
0.216081
0.209819
0.013774
0.0156722
0.180105
0.215609
0.0193986
0.0280817
0.125024
0.00147272
0.000686906
0.0147786
0.0128195
0.0543397
0.0277981
0.0114495
0.00552601
0.319572
0.0239549
0.254696
0.201349
0.0249922
0.0126656
0.00245612
0.0308692
0.0133904
0.0154877
0.0073061
0.142324
0.0075889
0.134547
0.238023
0.00885031
0.0255882
0.00785912
0.00855404
0.0779337
0.000305592
0.0192295
0.0141703
0.0318823
0.0976428
0.335273
0.36917
0.222106
0.0314241
0.0210722
0.013042
0.0287347
0.00946786
0.0170192
0.0109735
0.00180998
0.255337
0.00074172
0.196231
0.28946
0.217891
0.234177
0.0251331
0.0108282
0.0611613
0.0343807
0.0167783
0.00424399
0.0147559
0.0196172
0
0.00557241
0.00420804
0.0270344
0.0214464
0.0189835
0.0237263
0.253714
0.0111622
0
0.0501403
0.108151
0.0101314
0.180542
0
0.0036043
0.00942396
0.0272677
0.245161
0.142594
0.011494
0.0682478
0.031866
0
0.0978373
0.0153309
0.370478
0.00140937
0.00314388
0.028067
0.0333161
0.0067023
0.116002
0.0153105
0.0136646
0.0192649
2.42285e-05
0.262464
0.00922347
0.0122509
0
0.00853265
0.155748
0.0123805
0.0104047
0.00532231
0.0105073
0.261179
0.221341
0.00760636
0.202423
0
0.148093
0.368403
0.025185
0.110334
0.00973822
0.0689868
0.294155
0.00945398
0
0.238454
0.0237996
0.029943
0.0070336
0.0345613
0.0113624
0.0702573
0.108481
0.268588
0.214382
0.0120766
0.0329554
0.00945398
0.328945
0.143313
0.0107159
0.00828105
0.192425
0.00492025
0.0374138
0.188237
0.317712
0.00339772
0
0.253603
0.149919
0.00878988
0.00685509
0.236255
0.112242
0.231501
0.234245
0.208483
0.154266
0.232642
0.373827
0.0886221
0.0155496
0.204465
0.186097
0.0918258
0.243703
0.00685864
0.152607
0.00952131
0.0069723
0.0226695
0.0773006
0.0123465
0.0123984
0.144325
0.00205246
0.00899157
0.172735
0.0475008
0.20461
0.0135172
0.00903489
0.0141947
0.124788
0.00933208
0.000596617
0.332003
0.258114
0.00206579
0
0.021187
0.0540177
0.310942
0.150109
0.00979135
0.0254663
0.140851
0.0049434
0.0132181
0.121799
0.00795748
0.0678988
0.236656
0.0116773
0.313982
0.0262055
0.119689
0.200048
0.0123736
0.276105
0.201075
0
0.0908837
0.00800656
0.287041
0.311141
0.0295618
0.00601977
0.313309
0.1769
0.0080991
0.0319098
0.0112045
0.042724
0.206102
0.0127482
0.30653
0.0354633
0.00828417
0.0615999
0.0108899
0.155683
0.205192
0.000254493
0
0.0011312
0.0811918
0.0066349
0.249073
0.365251
0.0655406
0.0129398
0.258494
0.308843
0.0962507
0.0145378
0.29364
0.00581732
0.0140868
0.297595
0.00900694
0.190858
0.0686958
0.0665116
0.198946
0.185786
0.00825785
0.0461255
0.262455
0.00771403
0.00869618
0.152055
0.0236249
0.0041768
0.0100292
0.00396773
0.206589
0
0.23723
0.00848457
0.286961
0.00653911
0.0312509
0.0855619
0.00648153
0.124876
0.0870054
0.121132
0.125985
0.197564
0.269004
0.0080957
0.00897946
0.0307002
0
0.0303357
0.00961403
0.00840653
0.0070696
0.00813658
0.288594
0.0962882
0.00195137
0
0.267473
0.24413
0.000782137
0.272537
0.00882921
0.0208847
0.128659
0.166593
0.0143039
0.192347
0.0390866
0.000759764
0.208105
0.367997
0.226394
0.00526395
0.190975
0.26113
0.134375
0.112146
0.00886754
0.365418
0.00981884
0.251886
0.000324713
0.104785
0.269939
0.00042875
0.00591668
0.312071
0
0.0301078
0.0633617
0.00912547
0.197721
0.0879759
0.130141
0.00556214
0.110538
0.184728
0.0215181
0.00856109
0.0469166
0.00378221
0.324822
0.0350676
0.0414331
0.0433806
0.0499379
7.3616e-05
0.364579
0.0733237
0.00793574
0.00693521
0.0604113
0.0773414
0.000688967
0.0352773
0.173146
0.251873
0.00971337
0.0252284
0.00827121
0
0.0310636
0.175388
0.208203
0.00347218
0.00550713
0.00834131
0.18937
0.065652
0.00301379
0.00848189
0.143944
0.0328496
0.0217545
0.0558957
0.24752
0.00927761
0
0.0270238
0.00393141
0.293858
0.107753
0.00856817
0.13085
0.0251067
0.0303505
0.0503191
0.0312172
0.0689432
0.0289788
0.354106
0.0242316
0.0633991
0.0552043
0.217103
0.00478407
0.211851
0.164565
0.00168255
0.197398
0.0932312
0.250083
0.148024
0.00847511
0.00677577
0.0435642
0.00483517
0.00844806
0.0607245
0.125129
0.0334703
0.132425
0.00613385
0.0184427
0.332973
0.0114962
0.0101378
0.0248982
0.0108561
0.110543
0.132648
0.115961
0.00622176
0.23057
0.0321702
0.0110043
0.0103263
0.141607
0.00896643
0.105377
0.164065
0.00659646
0.0080628
0.0140075
0.0676587
0.00807825
0.000558046
0.0763641
0.0755398
0.221209
0.0735791
0.0071046
0
0.082209
0.00375437
0.108935
0.192351
0.133365
0.0424458
0.00439451
0.0533053
0.127454
0.0210384
0.141212
0.0637796
0.0257704
0.122361
0.00724608
0.346101
0.027955
0.00481887
0.027071
0.302117
0.253874
0.0726568
0.238797
0.183186
0.0507321
0.247947
0.0918334
0
0.104794
0.043987
0.0307476
0.233732
0.143617
0.189829
0.0116085
0.00523
0
0.00604151
0.0515497
0.0890495
0.0515627
0.00635926
0.000116054
0.00789365
0.143809
0.0702996
0.0764952
0.0118057
0.202092
0.00609181
0.255305
0.00338966
0.000199396
0.0590753
0.0931573
0.0746555
0.00019026
0.00350149
0.0368283
0.213738
0.0564523
0.0092146
0.12435
0.0336313
0.00308815
0
0.0239834
0.00860387
0.0555347
0.271886
0.0747976
0.0937189
0.00119323
0.0323301
0.078588
0.00302766
0.0287086
0.0012114
0.0266212
0.00193269
0.00740843
0.00621329
0.236002
0.0860499
0.0291125
0
0.254733
0.00128727
0.172973
0.0103965
0.210574
0.0594618
0.022642
0.0636217
0.00345539
0.0985659
0.00167462
0.0326352
0.0132605
0.0261634
0.0743147
0.283814
0.0336498
0.0252067
0.02614
0.0839991
0.00404315
0.141807
0.00793954
0.0294481
0.301744
0.0224918
0.0237396
0
0.0258465
0.00915579
0.0666544
0.00306929
0.0627862
0.162146
0.0742996
0
0.00198183
0.02877
0.00237458
0.343186
0.0205271
0.0146526
0.00274034
0.0140143
0.00328166
0.0283967
0.0312871
0.0234575
0.00104844
0.00281416
0.0672263
0.00419256
0.0649788
0.000409669
0.00650671
0.00885547
0.142913
0.0339411
0.09383
0.0686309
0.333601
0.0889555
0.0712265
0.307503
0.0267618
0.127323
0.00565282
0.220475
0.00265058
0.00485185
0.00474861
0.00209178
0.00295377
0
0.0178591
0
0.278106
0.0149955
0.0357506
0.111408
0.360436
0.0241821
0.0701584
0.218366
0.0142875
0.0629718
0.270601
0.0219715
0.241799
0.00171095
0.0654169
0.118284
0.0542087
0
0.00822048
0.344572
0.179952
0.000866968
0.0295794
0.0381023
0.0688258
0.195657
0.112817
0.0554876
0
0.27023
0.00250055
0
0.0663695
0.0154122
0.0607801
0.00488402
0.0140941
0.0807741
0.0182756
0.0621386
0.250272
0.0108625
0.204807
0.0228656
0.04701
0.223728
0.156718
0.0277415
0.0513343
0.0360379
0.0248804
0.0915679
0.251858
0.0484018
0.140762
0.0477436
0.258581
0.00117471
0.00828013
0.00207863
0.0732541
0.0300243
0.021997
0.271366
0.0355562
0.117755
0
0.165776
0.0711898
0.266202
0.0196633
0.0406918
0.0720602
0.0269362
0.0287651
0.137573
0.118084
0.124548
0.180357
0
0.00550209
0.0572878
0.170029
0.0551953
0.0063117
0.0357449
0.172463
0.00185174
0.0142772
0.0839588
0.151623
0.0090539
0.0738912
0.0652007
0.190407
0.0433312
0.325052
0.0340099
0.0311123
0.000689605
0.0867182
0.0250256
0.00305452
0.295677
0.0380932
0.0500825
0.344705
0.0572441
0.0116573
0.0805325
0.129984
0.0475996
0.182101
0.000682182
0.000655208
0.137905
0.100376
0.175985
0.0681176
0.00788232
0.0242319
0.0244594
0.0681142
0.382682
0.37867
0.0895097
0.0122568
0.146611
0
0.000456861
0.176507
0.145415
0.06293
0.117942
0.0143942
0.102955
0.031877
0.0138462
0.00747022
0.0483191
0.267163
0.00309184
0.05576
0.0114912
0.162304
0.00231489
0.0755453
0.140392
0.00402839
0.259919
0.13784
0.0431643
0.146182
0.0685828
0.00806765
0.121907
0.0261375
0.384617
0.069178
0.00687784
0.000840836
0.000169962
0.0015341
0.00436407
0.00561554
0.0317336
0.32128
0.0125968
0.0764377
0.0117041
0.00150156
0.263249
0.315653
0.00203888
0.130758
0.000381475
0.123443
0.0636418
0.0763423
0.353378
5.19872e-05
0.068334
0.072483
0.0199629
0.11152
0.0774694
0.325371
0.0105436
0.368935
0.0275388
0.0623788
0.0487997
0.0187594
0.00149797
0.0754775
0.0743461
0.0255378
0.0125523
0.151356
0.00123669
0.0694414
0.366578
0.0661141
0.111233
0.00195928
0.227916
0.395571
0.104665
0.0639996
0.0751814
0.0576216
0.0655223
0.116661
0.125098
0.102269
0.0486079
0.394817
0.0137565
0.367441
0.238135
0.0767539
0.0035868
0.0534832
0.284306
0.0783244
0.126922
0.20372
0.304472
0.156905
0.21511
0.056716
0.022001
0.30062
0.0363382
0
0.000153244
0.0108412
0.31058
0.0765466
0
0.275938
0.262962
0.000509716
0.00181838
0.0307905
0.225186
0.239144
0.0173976
0.00335432
0.0165965
0.070885
0.0155588
0.170775
0.237266
0.242341
0.0293802
0.00402244
0.0924404
0.0590392
0.0319614
0.0213399
0.0729671
0.00812861
0.0689433
0.198628
0.0798495
0.00397947
0.263958
0.278402
0.00986498
0.103287
0.022597
0.0298499
0.0517423
0.0559793
0.00756784
0.0217184
0.0713233
0.00264413
0.00065731
0.0665341
0.265256
0.22787
0.0704588
0.0216257
0.0453324
0.00312549
0.00549526
0.13721
0.113172
0.172927
0.0446121
0.000933718
0.238215
0.0847669
0.111949
0.196603
0.0107995
0.225146
0.15849
0.068561
0.0197426
0
0.00972908
0.00739199
0.290305
0.310051
0.16292
0.24305
0.00218541
0.112891
0.122269
0.176022
0.222589
0.0784786
0.204561
0.00824254
2.71008e-05
0.0617658
0.165167
0.242482
0.00613629
0.162762
0.386565
0.271855
0
0.0738585
0.0390756
0.0673677
0.105884
0.109233
0.0578979
0
0.158435
0.336535
0.0717184
0.00597562
0.0199736
0.145074
0.0737275
0.33719
0.208096
0.279585
0.0557419
0.0570989
0.0250993
0.000698881
0.010789
0.159612
0.260667
0.111379
0.0122307
0.00211597
0.270882
0.247352
0.0225137
0.290388
0.0525526
0.366901
0.0650778
0.0105065
0.0654654
0.242782
0.0671245
0.00198709
0.0770119
0.0025811
0.062066
0.0957301
0.128799
0.00895987
0.113406
0.0707196
0.238535
0.0408846
0.00318858
0.0124512
0.00284914
0.0672243
0.0259583
0.236915
0.0632742
0.31767
0.27474
0.0257984
0.20099
0.266581
0.0651893
0.352487
0.0218585
0.0416711
0.110253
0.32511
0.0400317
0.14661
0.275603
0.0877336
0.00261857
0.143459
0.181053
0.277635
5.68679e-05
0.128572
0.0546165
0.0950893
0.00201217
0.234828
0.27036
0.280323
0.0100523
0.0147153
0.0603764
0
0.182816
0.107449
0.0783064
6.08149e-05
0.254654
0.00110449
0.238222
0.0663398
0.0588254
0.0345404
0.177247
0.0701003
0.00253055
0.182417
0.0178547
0.0357555
0.0915939
0.184887
0.237068
0
0.121089
0
0.236105
0.000203568
0.0512698
0.00333201
0.11955
0.00886786
0.0208588
0.186371
0.084893
0.0868244
0.289135
0.238027
0.0292313
0.0657561
0.0127553
0.252392
0.259228
0.0035472
0.0314531
0.00501142
0.00200769
0.000146784
0.00657034
0.318813
0.00463399
0.0095214
0.0195486
0.248948
0.00688999
0.157486
0.000309022
0.0445867
0
0.00804694
0.111423
0.0952844
0.229369
0.0895906
0.238818
0.0566021
0.219156
0.266574
0.119068
0.208391
0
0.0182866
0.100074
0.373758
0.00356833
0.341994
0.214512
0.000452104
0.168025
0.146213
0.266439
0.00178574
0.0314009
0.318914
0.103412
0.144006
0.102864
0.246214
0.0871266
0.278351
0.322947
0.00842325
0.00255585
0.10135
0.000458847
0.261161
0.0549413
0.0644225
0.00999916
0.00929712
0.265428
0.095951
0.12235
0.00867166
0.0852285
0.136996
0.0219635
0.011348
0.238028
0.0442641
0.262565
0.0665232
0.000711086
0.0712972
0.175024
0.0266215
0.204028
0.353516
0.0734326
0.0816949
0.00117826
0.0037256
0.194158
0.0245136
0.261552
0.160805
0.0355118
0.000676457
0.269947
0.000497928
0.000525081
0.377756
0.0569049
0.111913
0.00836779
0.0100765
0.0285108
0.016425
0.00807303
0.000727913
0.00629893
0.328988
0.122331
0.117932
0.0112089
0.0122889
0.0926187
0.349965
0.0219398
0.011201
0.0374683
0.0219954
0.000214708
0.000215925
0.0709149
0.00147269
0.0502228
0
0.024998
0.0011065
0.147321
0.19718
0.00913921
0.194064
0.0613288
0.000355854
0.0668892
0.00937889
0.00833745
0.126724
0.00698058
0.00984979
0.300055
0.0457987
0.101189
0.164807
0.058419
0.0744473
0.000503335
0.00066104
0.00802538
0.125451
0.0512673
0
0.0718131
0.0381708
0.173286
0.345487
0.283051
0.357104
0.0652586
0.00122416
0.0611077
0.00040965
0.00248485
0.0633666
0.214641
0.0677446
0.0203812
0.335248
0.00242536
0.176656
0.0942928
0.0175753
0.00785725
0.00136409
0.0600201
0.0224694
0.0934663
0.0283647
0.3411
0.227906
0.352154
0.026785
0.133968
0.00257739
0.0689048
0.36697
0.0269201
0.250251
0.00890669
0.00566327
0.0639653
0.238745
0.00955145
0.097102
0.024481
0.358808
0.0252763
0.237837
0.130848
0.00282563
0.0355661
0.016766
0.0249764
0
0.0366331
0
0.190031
0.268866
0.109963
0.155008
0.204915
0.0695622
0.00184047
0.210898
0.0127682
0.0523194
0.390017
0.17613
0.183659
0.229388
0.247345
0.238678
0.293269
0.365998
0.00266132
0.0666127
0.000415019
0.0699682
0.0717784
0.104298
0.203664
0.0441113
0.00224647
0.261456
0.321088
0.0713482
0.236797
0.0499924
0.361273
0.197341
0.384821
0.276959
0.261957
0.346945
0.349006
0.00820663
0.350497
0.0441646
0
0.13162
0.256523
0.186405
0.0732379
0.00968565
0.00634415
0.0943445
0.124076
0.20245
0.205112
0.33857
0.118025
0.277344
0.114375
0.0768831
0.103376
0.117646
0.00686202
0.233939
0.294352
0.278673
0.315041
0.109439
0.160188
0.0050538
0.317888
0.104957
0.0106726
0.384886
0.216159
0.0478079
0.0483296
0.232372
0.000326343
0.268796
0.124282
0
0.0529811
0.0256219
0
0.233925
0.129809
0.183233
0.115261
0.0361259
0.171353
0.0907554
0.136536
0.0476078
0.289802
0.00825711
0.0201103
0.0508178
0
0.0252369
0.00896519
0.340637
0.283213
0.0125335
0.28189
0.0982102
0.0190628
0
0.331045
0.00314496
0
0.187923
0.362223
0.110131
0.121057
0.211559
0.0526091
0.0511285
0.214394
0.307141
0.0335788
0
0.338573
0.389488
0.112929
0.138832
0.0471959
0
0.0111419
0.19344
0.16096
0.230392
0.326881
0.00351783
0.145338
0.116863
0.00367027
0.238239
0.118514
0.227574
0.112782
0.0103529
0.236791
0.293458
0.311848
0.238468
0.137436
0.258783
0.0168283
0.175756
0.0378287
0.21771
0.200038
0.0523848
0.034899
0.0904435
0.143352
0.115417
0.234909
0.194592
0.0244836
0.224665
0.0106726
0.155193
0.23181
0.0298549
0.0797022
0.0588773
0.139505
0.0509492
0.0120276
0.146062
0
0.0126217
0.16247
0.0662073
0.314807
0.174654
0.00944082
0.000608688
0.059279
0.00270509
0.0308351
0.37236
0.207974
0.0127964
0.206576
0.258526
0.118693
0.375956
0.389485
0.19067
0.238845
0.0012153
0.171138
0.000897285
0.166827
0.046554
0.238724
0.00410085
0.056843
0
0.169273
0.28024
0.180994
0.158148
0.00311651
0.106876
0.00427715
0.363792
0.0729603
0.081
0.2163
0.356481
0
0
0.0128439
0.271011
0.133466
0.35807
0.236996
0.238607
0.0114071
0.0632927
0.282335
0.215126
0.231957
0.176858
0.215663
0.296612
0.20418
0.0447673
0.204179
0.116388
0.181854
0.361072
0.00781907
0.0521536
0.016941
0.106945
0
0.0996783
0.0581806
0.244938
0
0.00188245
0.287222
0.236647
0.263255
0.130526
0.272132
0.00182826
0.062844
0.127729
0
0.263628
0.0532971
0.084938
0
0.0029554
0.0301142
0.0333481
0.0395326
0.000191228
0.0704878
0.0632205
0.239786
0.235052
0.25747
0.0959091
0
0
0.0697232
0
0.283175
0.0706264
0.000626408
0.293945
0.0150183
0.0103
0.00186432
0.351254
0.0275865
0
0.0620354
0.0170771
0
0
0.000239406
0
0.0321835
0.0653924
0.00377
0.204497
0.253547
0.118911
0
0.364368
0.360336
0
0.0305229
0
0.00704401
0.00515751
0.224681
0
0.00315437
0
0
0.103683
0.0641502
0.00581815
0.0362428
0.000981459
0
0.0106652
0.00294278
0.0028068
0.00415076
0
0.00298567
0.000759997
0
0.0388695
0.00251746
0
0.000739082
0.000855642
0.0720573
0
0.0365173
0.000271005
0.00146982
0.00161637
0.000261938
0.0428726
0.0493831
0.00273322
0.038288
0.000810258
0.0012382
0.000202749
0.0104543
0.0112162
0.00807155
0.00393763
0.0228774
0.00979951
0.0385134
0.0010611
0.00151162
0.00192465
0.0114416
0.00694846
0.0272486
0.00965517
0.00687636
0.0106398
0.0280369
0.0151811
0.00180672
0.000192184
0.000308507
0.0397354
0.000118383
9.85324e-05
0.0118712
0.000250121
0.000127257
0.0016898
0.00527579
0.00876702
0.0356486
0.0013332
0.00204158
0.0160209
0.0486247
0.0020329
0.0210007
0.000941173
0.00125055
0.0249563
0.00277099
0.0186771
0.0217003
0.00139475
0.0293841
0.0322258
0.00286078
0
0.0199371
0.00432879
0.00110262
0.0199649
0.0263512
0.0133629
0.00406638
0.000544975
0.000735658
0.0042876
0.00112686
0.0044073
0.00372597
0.000921029
0.0372571
0.00688002
0.00221201
0.00658242
0.0023989
0.00118174
0.00191874
0.00175606
0.00355248
0.000668458
0.000328462
0.0172609
0.000284995
0.000731669
0.000161922
0.000590504
0.00128957
0.00181562
0.00723441
0.000514939
0.0145109
0
0.0294232
0.00185923
0.0358209
0.0268483
0.0414857
0.0267911
0.0173622
0.00106296
0.000704179
0.0104619
0.0177017
0.0349752
0.0746804
0.0259454
0.0272142
0.00930847
0.0262577
0.000836349
0.0331233
0.000536673
0.00992653
0.00712169
0.00465386
0.00232778
0.00250129
0.000515086
0.000457101
0.0308362
0.000929739
0.000907638
0.00868823
0.00556758
0.00307833
0.0066242
0.00153481
0.00925358
0.00151168
0.0012283
0.000971412
0.0193201
0.00978058
0.0280871
0.00818101
0.0064486
0.0295246
0.019438
0.0440243
0.0120092
0.0464078
0.00597384
0.0103482
0.0282752
0.0128881
0.0320762
0.0118637
0.00925103
0.000576631
0.000437286
0.00299569
0.00481797
0.023294
0.000692796
0.0217389
0.0111757
0.0264265
0.00870476
0.071756
0.00578727
0.00761194
0.00596601
0.0132433
0.0100889
0.0386663
0.0147446
0.0182117
0.0276759
0.0104471
0.00892361
0.0313105
0.0272738
0.00975135
0.313419
0.0531293
0.0326627
0.0306816
0.00743042
0.0276556
0.0231745
0.0204588
0.0235017
0.00228833
0.0194168
0.0082377
0.258719
0.0153605
0.00994112
0.00540932
0.0148841
0.00749271
0.00584712
0.0260878
0.0376687
0.0139104
0.00220919
0.016661
0.0250788
0.043966
0.0365624
0.0289428
0.00931886
0.00606939
0.00773022
0.0311811
0.00992252
0.00135665
0.000654002
0.0210078
0.0254827
0.00155328
0.0337106
0.00336544
0.00480105
0.00785982
0.0092909
0.00612845
0.000701259
0.00356071
0.0167462
0.0130993
0.0346185
0.016963
0.0135805
0.00962599
0.00140664
0.00282879
0.00318394
0.238371
0.00100598
0.0296019
0.00174251
0.00731406
0.00143156
0.000731395
0.000799249
0.0054123
0.00508172
0.00992626
0.00384257
0.00868305
0.00375747
0.0108349
0.00244073
0.0161541
0.0209458
0.032758
0.00037856
0.00447892
0.00235925
0.00208245
0.00647924
0.0114891
0.00498419
0
0.00698461
0.00607446
0.00778278
0.00316332
0.00774146
0.00594931
0.00824042
0.00654958
0.0209828
0.000715559
0.00226981
0.0155494
0.0142796
0.210332
0.00865819
0.00111619
0.0101225
0.00916257
0.00419631
0.00452557
0.00485941
0.0618126
0.0213948
0.0610137
0.000612446
0.00131799
0.0106195
0.00115346
0.000614397
0.133377
0.00652919
0.0045931
0.00887667
0.00227451
0.0182062
0.0275002
0.00731102
0.00707222
0.000937204
0.00153997
0
0.00561974
0.00906909
0.00938572
0.00203752
0.0100016
0.00118445
0.0358768
0.00619729
0.00816998
0.000854175
0.00286073
0.0928637
0.00174729
0.0151719
0.0258058
0.207432
0.022822
0.081068
0.11225
0.00196046
0.00569701
0.000618592
0.00563723
0.000950559
0.00267595
0.00421703
0.0130585
0.00363462
0.00142597
0
0.00169676
0.116925
0.0205084
0.00358197
0.00107789
0.00994329
0.00308394
0.0270592
0.00166714
0.0013377
0.00938536
0.184595
0.0083122
0.00452026
0.00604344
0.00156928
0.150758
0.000759173
0.00140599
0.00558438
0.000772825
0.00537083
0.0101358
0.0125973
0.00778152
0.0034005
0.0220897
0.00383288
0.0018675
0.00744827
0.0031483
0.0188114
0.00826275
0.00738059
0.000483434
0.00450144
0.00199265
0.0180036
0.00879426
0.0131673
0.0617525
0.0299099
0.0146428
0.210769
0.0184521
0.0105367
0.000979362
0.000446605
0.0492066
0.000249302
0.0222988
0.000328052
0.00150443
0.00437602
0.0279011
0.0127438
0.00767268
0.0155725
0.0123621
0.0145467
0.000494929
0.00710445
0.00571789
0.000514868
0.00535288
0.000392659
0.00119081
0
0.00250288
0.00289584
0.0094572
0.00108026
0.0253839
0
0.0422878
0.00218047
0.0129514
0.0103993
0.0308313
0.00345158
0.000506344
0.000357883
0.00229988
0.0215547
0.00144384
0.0432392
0.00387005
0.0122216
0.0463508
0.00272565
0.180518
0.098942
0.000729917
0.109087
0.00151463
0.0077986
0.00234756
0.0253197
0.108855
0.00210861
0.00112982
0.00260843
0.000159696
0.154671
0.00281474
0.0213489
0.0203384
0.000975673
0.000976726
0
0.0660202
0.0251851
0.0769534
0.0427846
0.00327349
0
0.00636485
0.00187642
0.0115015
0.0632354
0.027018
0.156894
0.226836
0.014553
0.00224856
0.00147152
0.00221998
0.038229
0.206142
0.0111295
0.0873712
0.0237967
0.0347968
0.0583612
0.0168295
0.082225
0.0111654
0.0197262
0.258491
0.000490133
0.0228635
0.0145816
0.232664
0.16641
0.0643779
0.104683
0.00642828
0.0504178
0.0729128
0.0106393
0.0928475
0.0170379
0.00687394
0.0521618
0.17014
0.161854
0.00749269
0.0931499
0.0806007
0.00274048
0.0068686
0.208735
0.0300453
0.0192977
0.00144794
0.237328
0.00526252
0.22337
0.0158064
0.000691856
0.00156259
0.135057
0.0122733
0.000147806
0.000954457
0.0122855
0.22379
0.11467
0.00626903
0.171409
0.140861
0.193882
0.000218372
0.0136618
0.0470773
0.007737
0.235136
0.000938974
0.229988
0.0141646
0.237382
0.0134515
0.237411
0.0455362
0.00901728
0.00243624
0.0344824
6.15366e-05
0.0117392
0.0233234
0
0.166355
0.0183388
0.0373344
0.0268069
0.00432635
0.220878
0.175513
0.0194779
0.144129
0.00837997
0.00892593
0.0505496
0.0260716
0.00580513
0.00179736
0.307596
0.0311639
0.0268949
0.00658889
0.000260498
0.00451495
0.00650228
0.0433403
0.00957447
0.0356452
0.029203
0.0506625
0.158794
0
0.0214855
0.208395
0.00679053
0.000614647
0.0013168
0.00192677
0.023678
0.106373
0.0054815
0.00920145
0.00735441
0.0209084
0.269201
0.0292175
0.0207292
0.0493378
0.0092766
0.0066517
0.071456
0.0296025
0.0210248
0.0042824
0.0227431
0.0145512
0.0103194
0.00217871
0.0198047
0.0105725
0.0216689
0.0260192
0.0288756
0.0156236
0.0156364
0.0158849
0.0366872
0.0064922
0.0029853
0.00548554
0.0469064
0.0485002
0.124929
0.0195561
0.1582
0.0117724
0.00814356
0.179055
0.0361352
0.0150644
0.140258
0.00878457
0.150435
0.00446364
0.00751309
0.161292
0.0259495
0.00866052
0.00674934
0.0708233
0.0170324
0.00931411
0.0392942
0.0542628
0.0188123
0.0117
0.0113057
0.0202961
0.223874
0.00550891
0.00419367
0.174311
0.0400173
0.123781
0.0616752
0.00844759
0.016165
0.00649421
0.00595342
0.00046578
0.20134
0.0456925
0.000388046
0.00881414
0.179228
0.00474182
0.154849
0.0178608
0.17613
0.000499976
0.0251985
0.235929
0.00272104
0.00706992
0.173718
0.000327938
0.219991
0.15795
0.00296846
0.000614528
0.00417027
0.00040434
0.00555509
0.0826192
0.00533702
0.0151631
0.163872
0.0190032
0.0103355
0.0011425
0.0002692
0.345455
0.045291
0.000342536
0.00826419
0.0514528
0.048889
0.0107197
0.00867856
0.0180875
0.0241981
0.00930002
0.00173613
0.289199
0.015605
0.00757462
0.236385
0.0661894
0.00608928
0.00988266
0.00653711
0.0115975
0.121908
0.00773835
0.00864814
0.0046792
0.00575843
0.00881652
0.0042853
0.0259081
0.00770248
0.0102378
0.125976
0.00154412
0.10624
0.00156503
0.00388818
0.0632423
0.0174353
0.0250066
0.0413995
0.017309
0.00116544
0.00593135
0.00147111
0.0389229
0.197453
0.0260426
0.0563444
0.0228772
0.0388279
0.0907171
0.0419863
0.0272561
0.229621
0.0944429
0.000520767
0.00224295
0.163244
0.0361039
0.000884542
0.00870325
0.00402906
0.00430758
0.00700259
0.00276635
0.0645255
0.310521
0.0769906
0.00237848
0
0.0114914
0.0110581
0.00238954
0.186551
0.00691136
9.24252e-05
0.00198558
0.00917771
0.00530619
0.185892
0.0566418
0.0540307
0
0
0.000512213
0.000314439
0.126714
0.00102904
0.000789006
0
0.0371129
0.0559091
0.00888541
0.000831123
0.000360118
0.0940994
0.00601965
0.276994
0.0803068
0.237944
0
0.00982744
0.114216
0.00111331
0.00591845
0.0277831
0.153324
0.00652761
0.00118477
0.000402134
0
0.000385399
0.00663382
0.0195885
0.0986577
0.0371667
0.0482862
0.000821833
0.0121982
0.162178
0
0.000980839
0.0110004
0.00345775
0.0019615
0.0147489
0.0280695
0.00866605
0.238574
0.00297869
0.000781468
0.00483602
0.00475318
0.00278565
0.0247056
0.0213914
0.0423052
0.00685384
0.0076372
0.00134608
0.00376342
0
0.00292467
0.0321546
0.00739616
0.0388508
0.000736536
0.00760593
0.00205218
0.0970402
0.0266852
0.0077801
0
0.00239776
0.0395139
0
0.00281548
0.00236089
0.00170219
0.00526145
0
0.00506607
0
0
0
0.044113
0.000317431
0
0.00985109
0
0.116579
0.0131993
0
0.00587547
0
0
0.0485915
0
0.00846931
0.00793475
0
0.00195431
0.0332488
0.0310871
0
0
0.0231031
0.00972546
0
  </DataArray>
  <DataArray type = "Float64" Name="BordNoeud" format="ascii">
1
1
1
1
1
1
1
1
1
1
1
1
1
1
1
1
1
1
1
0
1
0
1
1
0
1
1
1
1
1
1
1
1
1
1
1
0
1
1
1
0
1
1
1
1
1
1
1
1
1
0
1
1
1
1
1
1
1
1
1
1
1
1
1
1
1
0
1
1
1
1
1
1
1
1
1
0
1
1
1
1
1
0
1
1
1
1
1
1
1
1
1
1
1
1
0
1
0
1
1
1
0
1
1
0
1
1
1
1
1
1
1
0
1
1
1
1
1
1
1
1
1
1
1
1
1
1
1
1
1
1
1
1
1
1
1
1
1
1
1
0
1
1
1
1
1
1
1
1
1
0
1
1
1
1
1
0
1
1
0
1
1
1
1
1
1
1
1
1
0
1
1
1
1
1
1
1
1
1
1
1
1
0
1
1
1
1
1
1
1
1
1
1
0
1
1
1
1
1
0
1
0
1
1
1
1
1
0
0
1
0
1
1
1
1
1
0
1
1
0
1
1
1
1
1
1
1
1
1
1
1
1
1
1
1
1
1
1
1
1
1
1
0
1
1
1
0
1
1
1
1
0
1
1
1
1
1
1
1
0
1
1
1
1
0
1
1
1
1
1
1
1
1
0
1
1
0
1
1
0
1
1
1
1
1
1
0
1
1
1
1
1
1
1
1
1
1
1
1
1
1
0
1
1
1
1
1
1
1
1
1
1
1
1
1
0
1
1
1
1
1
1
1
1
0
1
0
1
1
0
1
1
1
1
1
1
1
0
1
1
1
0
1
1
1
1
0
1
0
0
1
0
1
1
0
1
1
1
0
1
0
0
1
1
1
1
0
0
1
1
1
1
0
0
1
0
1
1
0
1
1
1
0
1
1
1
1
1
0
1
1
1
1
1
1
0
1
1
0
0
0
1
0
0
1
1
0
1
0
0
1
0
0
0
0
0
0
0
0
0
0
0
0
0
0
1
0
0
0
0
0
0
1
0
0
0
1
1
1
1
1
1
1
1
1
1
1
1
1
1
1
1
1
1
1
1
1
1
1
1
1
1
1
1
1
1
1
1
1
1
1
1
1
1
1
1
1
1
1
1
1
1
1
1
1
1
1
1
1
1
1
1
1
1
1
1
1
1
1
1
1
1
1
1
1
1
1
1
1
1
1
1
1
1
1
1
1
1
1
1
1
1
1
1
1
1
1
1
1
1
1
1
1
1
1
1
1
1
1
1
1
1
1
1
1
1
1
1
1
1
1
1
1
1
1
1
1
1
1
1
1
1
1
1
1
1
1
1
1
1
1
1
1
1
1
1
1
1
1
1
1
1
1
1
1
1
1
1
1
1
1
1
1
1
1
1
1
1
1
1
1
1
1
1
1
1
1
1
1
1
1
1
1
1
1
1
1
1
1
1
1
1
1
1
1
1
1
1
1
1
1
1
1
1
1
1
1
1
1
1
1
1
1
1
1
1
1
1
1
1
1
1
1
1
1
1
1
1
1
1
1
1
1
1
1
1
1
1
1
1
1
1
1
1
1
1
1
1
1
1
1
1
1
1
1
1
1
1
1
1
1
1
1
1
1
1
1
1
1
1
1
1
1
1
1
1
1
1
1
1
1
1
1
1
1
1
1
1
1
1
1
1
1
1
1
1
1
1
1
1
1
1
1
1
1
1
1
1
1
1
1
1
1
1
1
1
1
1
1
1
1
0
0
0
0
0
0
0
0
0
0
0
0
0
0
0
0
0
0
0
0
0
0
0
0
0
0
0
0
0
0
0
0
1
0
0
0
0
0
0
0
0
0
0
0
0
0
0
0
0
0
0
0
0
0
0
0
0
0
0
0
0
0
0
0
0
0
0
0
0
0
0
0
1
0
0
0
0
0
1
0
0
0
0
0
0
0
0
0
0
0
0
0
0
0
0
0
0
0
0
0
0
0
0
0
0
0
0
0
0
0
0
0
0
0
0
0
0
0
0
0
0
0
0
0
0
0
0
0
0
0
0
1
0
1
0
0
0
0
0
0
1
0
0
0
0
1
0
0
0
0
0
0
0
0
0
0
0
0
0
0
0
0
0
1
0
0
0
0
0
0
0
0
0
0
0
0
1
0
0
0
0
0
0
0
0
0
0
0
0
0
0
0
0
0
0
0
0
0
0
1
0
0
0
0
0
1
0
0
0
0
0
0
0
0
0
1
0
0
0
0
0
0
0
0
0
0
0
0
0
0
1
0
0
0
0
0
0
0
0
0
0
1
0
1
0
0
0
0
0
0
0
0
0
0
0
0
0
0
0
0
0
0
0
0
0
0
0
0
0
0
0
0
0
0
0
0
1
0
0
0
0
1
0
0
0
0
1
0
0
0
0
0
0
0
0
0
0
0
0
1
0
0
0
0
0
0
0
1
0
0
0
0
0
0
0
0
0
0
0
0
0
0
0
0
0
0
1
0
0
0
0
0
1
0
0
0
0
0
0
0
0
1
0
0
0
0
0
0
0
0
0
1
0
0
0
0
1
0
0
0
0
0
0
1
0
0
0
0
0
0
0
0
0
0
0
0
0
0
0
0
0
0
0
0
0
0
0
0
1
0
0
0
0
0
0
0
0
1
1
0
0
0
0
0
0
0
0
0
0
0
0
0
0
0
0
0
0
0
0
0
0
0
0
0
0
0
0
0
0
0
0
0
1
0
0
0
0
0
0
0
0
0
0
1
0
0
0
1
0
0
0
0
0
0
0
0
0
0
0
0
0
0
0
0
0
0
1
0
0
0
0
0
0
0
0
0
0
0
0
0
0
0
1
0
0
0
0
0
0
0
1
0
0
0
0
0
0
0
0
1
0
0
0
0
0
0
0
0
0
0
0
0
0
0
0
0
0
1
0
0
0
0
1
0
0
0
0
0
0
0
0
0
0
0
0
0
0
0
0
0
0
0
0
0
1
0
0
0
0
0
1
0
0
0
0
0
0
0
0
1
0
0
0
1
1
0
0
0
0
0
0
0
0
0
0
0
0
0
0
0
0
0
0
1
1
0
0
0
0
1
0
0
0
0
0
0
0
0
0
0
0
0
0
1
0
0
0
0
0
0
0
1
1
0
0
0
0
1
0
0
0
0
0
0
1
0
0
0
0
0
0
0
0
0
0
0
0
0
0
0
0
0
0
0
0
0
0
0
0
0
0
0
0
0
0
0
0
0
0
0
0
0
0
0
0
0
0
0
1
0
0
0
0
0
0
0
0
0
1
0
0
0
1
1
0
0
0
0
0
0
0
0
0
1
0
0
0
0
0
0
0
0
0
0
0
0
0
0
0
0
0
0
0
1
0
0
0
0
0
0
0
0
0
0
0
0
0
0
0
0
0
0
0
0
1
0
0
0
0
0
0
0
0
0
0
0
0
0
0
0
0
0
0
0
0
0
0
0
0
0
0
0
1
0
0
0
0
0
0
0
0
0
0
0
0
0
0
0
0
0
0
0
0
0
0
1
1
0
0
0
0
0
0
1
0
0
0
0
0
0
0
0
0
0
0
0
0
0
0
0
0
1
0
0
1
0
0
0
0
0
0
0
0
0
1
0
0
0
1
0
0
0
0
0
0
0
0
0
0
0
1
0
0
0
0
0
0
0
0
0
0
0
0
0
0
0
0
0
0
0
0
0
0
0
0
1
0
0
0
0
0
0
0
1
0
0
0
1
0
0
0
0
0
0
0
0
0
0
0
0
0
0
0
0
0
0
0
0
0
0
0
0
0
0
0
0
0
0
0
0
0
0
0
0
0
0
0
0
0
0
0
0
0
0
0
0
0
0
0
1
0
0
0
0
0
0
1
0
0
1
0
0
0
0
1
0
0
0
0
1
0
0
0
0
0
0
0
0
0
0
0
0
0
0
0
0
0
0
0
1
0
0
0
0
0
0
0
0
0
0
0
0
0
1
0
0
0
0
0
0
0
0
0
0
0
0
0
0
0
0
0
0
0
0
1
0
0
0
0
0
0
0
1
0
0
0
1
1
0
0
0
0
0
0
0
1
1
0
0
0
0
0
0
0
0
0
0
0
0
0
0
1
0
0
0
0
0
0
0
0
0
0
0
0
0
0
0
0
0
0
0
1
0
0
0
0
0
0
0
0
0
0
0
0
1
0
0
0
0
0
0
0
0
0
0
0
0
0
0
1
0
0
0
0
0
0
0
0
0
0
0
0
0
0
0
0
1
0
0
0
0
0
0
0
0
0
0
0
0
0
0
0
0
0
0
1
0
0
0
0
0
0
1
0
0
0
0
0
0
0
0
0
0
0
0
0
0
0
0
0
0
0
0
0
0
0
0
0
0
0
0
1
0
0
1
0
0
0
0
0
0
0
0
0
0
0
0
0
1
0
0
0
0
0
1
0
0
0
0
0
0
0
0
0
0
1
0
0
0
0
0
0
0
0
0
0
0
0
0
0
0
0
0
0
0
0
0
0
0
0
0
0
0
0
0
0
0
0
0
0
0
0
0
1
0
0
0
0
0
0
0
0
0
0
0
0
0
0
0
0
0
0
1
0
0
1
0
0
0
0
1
0
0
0
0
0
1
0
0
0
0
0
0
0
0
0
0
0
0
0
0
0
0
0
0
0
0
0
1
0
0
0
1
0
0
0
0
0
0
0
0
0
0
0
1
0
0
0
0
0
0
0
0
0
0
0
0
0
0
0
0
0
0
0
0
0
0
0
0
0
0
0
0
0
0
0
0
0
0
0
0
0
0
0
0
0
0
0
0
0
0
0
0
0
0
0
0
0
0
0
0
0
0
0
1
0
0
0
0
0
0
0
0
0
0
0
0
0
0
0
0
0
0
0
0
0
0
0
0
0
0
0
0
0
0
0
0
0
0
0
0
0
0
0
0
0
0
0
0
0
0
0
0
0
0
0
0
0
0
0
0
0
0
0
0
0
0
0
0
0
1
0
0
0
0
0
0
0
0
0
0
0
0
0
0
0
0
0
0
0
0
0
0
0
0
0
0
0
0
0
0
0
0
0
0
0
0
0
0
0
0
0
0
0
0
0
1
0
0
0
0
0
0
0
0
0
0
0
0
0
0
0
0
0
0
0
0
0
0
0
0
0
0
0
0
0
0
0
0
0
0
0
1
0
0
0
0
0
0
0
0
1
0
0
0
0
1
0
0
0
0
0
0
0
0
1
0
0
0
0
0
0
0
0
0
0
0
0
0
0
0
0
1
0
0
0
0
0
0
0
0
0
0
1
0
0
0
0
0
0
0
0
1
0
0
0
0
0
0
0
0
0
0
0
0
0
0
0
0
0
0
0
0
0
0
0
1
0
0
0
0
0
0
0
0
0
0
0
0
0
0
0
0
0
0
0
0
0
0
0
0
0
0
0
0
0
0
0
0
0
0
0
0
0
0
0
0
0
1
0
0
0
0
0
0
0
0
0
0
0
0
0
0
0
0
0
1
0
0
0
1
0
0
0
0
0
0
0
0
0
0
0
0
0
0
0
0
0
0
0
0
0
0
1
0
0
0
0
0
0
0
0
0
0
0
0
0
0
0
0
0
0
0
0
0
0
0
0
0
0
0
0
0
0
0
0
1
0
0
0
0
0
0
0
0
0
0
0
0
0
0
0
0
1
0
0
0
0
0
0
0
0
1
0
0
0
0
0
0
0
0
0
0
0
0
0
0
0
0
0
0
0
0
0
0
0
0
0
0
1
0
0
0
1
0
0
0
0
0
0
0
0
0
0
0
0
0
0
0
0
0
0
0
0
0
0
0
0
0
0
0
0
0
0
0
0
1
0
0
0
0
0
0
0
0
0
0
0
0
0
0
0
0
1
0
0
0
0
0
0
0
0
0
0
0
0
0
0
0
0
0
0
0
0
0
0
0
0
0
0
0
0
0
0
0
0
1
0
0
0
0
0
0
0
0
0
0
0
0
0
0
0
0
0
0
0
0
0
0
0
0
0
0
0
0
0
0
0
1
0
0
0
0
0
0
0
0
0
0
0
0
0
0
0
0
0
0
0
0
0
0
0
0
0
0
0
1
0
0
0
0
0
0
0
0
1
0
0
0
0
0
0
0
0
0
0
0
0
0
0
0
0
0
0
0
0
0
0
0
0
0
0
0
0
1
0
0
0
0
0
0
0
0
0
0
0
0
0
0
0
0
0
0
0
1
0
0
0
0
0
0
0
0
0
0
0
0
0
0
0
0
0
0
0
0
0
0
0
0
0
0
0
1
0
0
0
0
0
0
0
1
0
0
0
0
0
0
0
0
0
0
0
0
0
0
0
0
0
0
0
0
0
0
0
0
0
0
0
0
0
0
0
0
0
0
0
0
0
1
0
1
0
0
0
0
0
0
0
0
0
0
0
0
0
0
0
0
0
1
0
0
0
0
0
0
0
0
0
0
1
0
0
1
0
1
0
0
0
0
0
0
0
0
0
0
0
0
0
0
0
0
0
0
0
0
0
0
0
0
0
0
0
0
0
0
0
0
1
0
0
0
0
0
0
0
0
0
0
0
0
1
0
0
0
0
0
0
0
0
1
0
0
0
0
0
0
0
0
0
0
0
0
0
0
0
0
0
0
0
0
0
0
0
0
0
0
0
0
0
0
0
0
0
0
0
0
0
0
0
1
0
0
0
0
0
0
0
0
0
0
0
0
0
0
0
0
0
0
0
0
0
0
0
0
0
0
0
0
0
0
0
0
0
0
0
0
0
0
0
0
0
0
0
0
0
0
0
0
0
0
0
0
0
0
0
0
0
0
0
0
0
0
1
0
0
0
0
0
0
0
0
0
0
0
0
0
0
0
1
0
0
0
0
0
0
0
0
0
0
0
0
0
0
0
0
0
0
0
0
0
0
0
0
0
0
1
0
0
0
0
1
0
0
0
0
0
0
0
0
0
0
0
0
0
0
0
0
0
0
0
0
0
0
0
0
0
0
0
0
0
0
0
0
0
0
0
0
0
0
0
0
0
0
0
0
0
0
0
0
0
0
0
0
0
0
1
0
0
0
0
0
0
0
1
0
0
0
0
0
1
0
0
0
1
0
0
0
0
0
0
0
0
0
0
0
0
1
0
0
0
0
0
0
1
0
0
0
0
0
0
0
0
0
0
0
0
0
0
0
0
0
0
0
0
0
0
0
0
0
0
0
0
0
0
0
0
0
0
0
0
0
0
0
0
0
0
0
0
0
0
0
0
0
0
0
0
0
0
0
0
0
0
0
0
0
0
0
0
0
0
0
0
0
0
0
0
0
0
0
0
0
0
0
1
0
0
0
0
0
0
0
0
0
0
0
0
0
0
0
0
0
0
0
1
0
1
0
0
0
0
0
0
0
0
0
0
0
0
0
0
0
0
0
0
0
0
0
0
0
0
0
0
0
0
0
0
0
0
1
0
0
0
0
0
0
0
0
0
0
0
1
0
0
0
0
0
0
0
0
0
0
0
0
0
0
0
0
0
1
0
0
0
0
0
0
0
0
0
0
0
0
0
0
0
0
0
0
0
0
0
0
0
0
0
0
0
0
0
0
0
0
0
0
0
0
0
0
0
0
0
0
0
0
0
0
0
0
0
0
0
0
0
0
0
0
0
0
0
0
0
0
0
0
0
0
0
0
1
0
0
0
0
0
0
0
0
0
0
0
0
0
0
0
0
0
0
0
0
0
0
0
0
0
1
0
0
0
0
0
0
0
0
0
0
0
0
0
0
0
0
0
0
0
0
0
0
0
0
0
0
0
0
0
0
0
0
0
0
0
0
0
0
0
0
0
0
0
0
0
0
0
0
0
0
0
1
0
1
0
0
0
0
0
0
0
0
0
0
0
1
0
0
0
0
0
0
0
0
0
0
0
0
0
0
0
0
0
0
0
0
0
0
0
0
0
0
0
0
0
0
1
0
0
0
0
0
0
0
0
0
0
0
0
0
0
1
0
0
0
0
0
0
0
0
0
0
0
0
0
0
0
0
0
0
0
0
0
1
0
0
1
0
0
0
0
0
0
0
0
1
0
0
0
0
1
0
0
0
0
0
0
0
0
1
0
0
1
0
0
0
0
0
0
0
0
0
0
1
0
0
0
0
0
1
0
0
0
0
0
0
0
0
0
0
0
0
0
0
0
0
0
0
0
0
1
0
0
0
0
0
0
0
0
0
0
0
0
0
0
0
0
0
0
0
0
0
0
0
1
0
0
0
0
0
0
0
0
0
1
0
0
0
0
0
0
0
0
0
0
0
0
0
0
0
0
0
0
1
0
0
0
0
0
0
0
0
0
0
0
0
1
1
0
0
0
0
0
0
0
0
0
0
0
0
0
0
0
0
0
0
0
0
0
0
0
0
1
0
0
0
1
0
0
0
0
0
0
0
0
0
1
0
0
0
1
0
0
0
0
0
0
0
0
0
0
0
1
1
0
1
0
0
0
0
0
0
0
0
0
1
0
0
1
1
0
1
0
0
0
0
0
0
1
0
0
1
0
1
0
0
0
1
0
1
1
0
0
0
0
0
1
0
0
0
0
1
0
0
1
0
0
1
0
0
0
1
0
0
0
0
0
0
0
0
0
0
0
0
0
0
0
0
0
0
0
0
0
0
0
0
0
0
0
0
0
0
0
0
0
0
0
0
0
0
0
0
0
0
0
0
0
0
0
0
0
0
0
0
0
0
0
0
0
0
0
1
0
0
0
0
0
0
0
0
0
0
0
0
0
0
0
0
0
0
0
0
0
0
0
0
0
0
0
0
0
0
0
0
0
0
0
1
0
0
0
0
0
0
0
0
0
0
0
0
0
0
0
0
0
0
0
0
0
0
0
0
0
0
0
0
0
0
0
0
0
0
0
0
0
0
0
0
0
0
0
0
0
0
0
0
0
0
0
0
0
0
0
0
0
0
0
0
0
0
0
0
0
0
0
0
0
0
0
0
0
0
0
0
0
0
0
0
0
0
0
0
0
0
0
0
0
0
0
0
0
0
0
0
0
0
0
0
0
0
0
0
0
0
0
0
0
0
0
0
0
0
0
0
0
0
0
0
0
0
0
0
0
0
0
0
0
0
0
0
0
0
0
0
0
0
0
0
0
0
0
0
0
0
0
0
0
0
0
0
0
0
0
0
0
0
0
0
0
0
1
0
0
0
0
0
0
0
0
0
0
0
0
0
0
0
0
0
0
0
0
0
0
0
0
0
0
0
0
0
0
0
0
0
0
0
0
0
0
0
0
1
0
0
0
0
0
0
0
0
0
0
0
0
0
0
0
0
0
0
0
0
0
0
0
0
0
0
0
0
0
1
0
0
0
0
0
0
0
0
0
0
0
0
0
0
0
0
0
0
0
0
0
0
0
0
0
0
0
0
0
0
0
0
0
0
0
0
0
0
0
0
0
0
0
0
0
0
0
0
0
0
0
0
0
0
0
0
0
0
0
0
0
0
0
0
0
0
0
1
0
0
0
0
0
1
0
0
0
0
0
0
0
0
0
0
0
0
0
0
0
0
0
0
0
0
0
0
0
0
0
0
0
0
0
0
0
0
0
0
0
1
0
0
0
0
0
1
0
0
0
0
0
0
0
0
0
0
0
0
0
0
0
0
0
0
0
0
0
0
0
0
0
0
0
0
0
0
0
0
0
0
0
0
0
0
0
0
0
0
0
0
0
0
0
0
0
0
0
0
0
0
0
0
0
0
0
0
0
0
0
0
0
0
0
0
0
0
0
0
0
0
0
0
0
0
0
0
0
0
0
0
1
0
0
0
0
0
0
0
0
0
0
0
0
0
0
0
0
0
0
0
0
0
0
0
0
0
0
0
0
1
0
0
0
0
0
0
0
0
0
0
0
0
0
0
0
0
0
0
0
0
0
0
0
0
0
0
0
0
0
0
0
0
0
0
0
0
0
0
0
0
0
0
0
0
0
0
0
0
0
0
0
0
0
0
0
0
0
0
0
0
0
0
0
0
0
0
0
0
0
0
0
0
0
0
0
0
0
0
0
0
0
0
0
0
0
0
0
0
0
0
0
0
0
0
0
0
0
0
0
0
0
0
0
0
0
0
0
0
0
0
0
0
0
0
0
0
0
0
0
0
0
0
0
0
0
0
0
0
0
0
0
0
0
0
0
0
0
0
0
0
0
0
0
0
0
0
0
0
0
0
0
0
0
0
0
0
0
0
0
0
0
0
0
0
0
0
0
0
0
0
0
0
0
0
0
0
0
0
1
0
0
0
0
0
0
0
0
0
0
0
0
1
1
0
0
0
0
0
1
0
0
0
0
0
0
0
0
0
0
1
0
0
0
0
0
0
0
0
0
1
0
0
0
0
0
0
0
0
0
1
0
0
0
0
0
0
0
0
0
0
0
0
0
0
0
0
0
0
0
0
1
0
0
0
0
0
0
0
0
0
0
1
0
0
1
0
0
0
0
1
0
1
1
1
0
0
1
0
1
0
0
1
0
1
1
0
1
0
0
1
0
0
0
1
1
0
0
1
  </DataArray>
  <DataArray type = "Float64" Name="normeUnVecteur" format="ascii">
1e-05
1e-05
1e-05
1e-05
1e-05
1e-05
1e-05
1e-05
1e-05
1e-05
1e-05
1e-05
1e-05
1e-05
1e-05
1e-05
1e-05
1e-05
1e-05
0.0146793
1e-05
0.00549159
1e-05
1e-05
0.00648494
1e-05
1e-05
1e-05
1e-05
1e-05
1e-05
1e-05
1e-05
1e-05
1e-05
1e-05
0.00524879
1e-05
1e-05
1e-05
0.00626544
1e-05
1e-05
1e-05
1e-05
1e-05
1e-05
1e-05
1e-05
1e-05
0.00630556
1e-05
1e-05
1e-05
1e-05
1e-05
1e-05
1e-05
1e-05
1e-05
1e-05
1e-05
1e-05
1e-05
1e-05
1e-05
0.171585
1e-05
1e-05
1e-05
1e-05
1e-05
1e-05
1e-05
1e-05
1e-05
0.00654326
1e-05
1e-05
1e-05
1e-05
1e-05
8.46672e-05
1e-05
1e-05
1e-05
1e-05
1e-05
1e-05
1e-05
1e-05
1e-05
1e-05
1e-05
1e-05
0.038565
1e-05
0.000344501
1e-05
1e-05
1e-05
0.00912652
1e-05
1e-05
0.00616274
1e-05
1e-05
1e-05
1e-05
1e-05
1e-05
1e-05
0.0135055
1e-05
1e-05
1e-05
1e-05
1e-05
1e-05
1e-05
1e-05
1e-05
1e-05
0.0611885
1e-05
1e-05
1e-05
0.216833
1e-05
1e-05
1e-05
1e-05
1e-05
1e-05
1e-05
1e-05
1e-05
1e-05
1e-05
1e-05
0.00605645
1e-05
1e-05
0.238159
1e-05
1e-05
1e-05
1e-05
1e-05
1e-05
0.00407927
1e-05
1e-05
1e-05
1e-05
1e-05
0.0379053
1e-05
1e-05
0.00890509
1e-05
1e-05
1e-05
1e-05
1e-05
1e-05
1e-05
0.0153892
1e-05
0.000782077
1e-05
1e-05
1e-05
1e-05
1e-05
1e-05
1e-05
1e-05
1e-05
1e-05
1e-05
1e-05
0.00116777
1e-05
1e-05
1e-05
1e-05
1e-05
1e-05
1e-05
1e-05
1e-05
0.139581
0.0275684
1e-05
1e-05
1e-05
1e-05
1e-05
0.0049173
1e-05
0.000442551
1e-05
1e-05
1e-05
0.173648
0.111363
0.00740363
0.082633
0.237204
0.00802393
0.237866
1e-05
1e-05
0.100817
1e-05
0.0266003
1e-05
1e-05
0.00102257
1e-05
1e-05
1e-05
1e-05
1e-05
1e-05
1e-05
1e-05
1e-05
1e-05
1e-05
1e-05
1e-05
1e-05
1e-05
1e-05
1e-05
1e-05
1e-05
1e-05
1e-05
1e-05
0.0315985
1e-05
1e-05
1e-05
0.000306751
1e-05
1e-05
1e-05
1e-05
0.0117841
1e-05
1e-05
1e-05
1e-05
1e-05
1e-05
1e-05
0.00773857
1e-05
1e-05
1e-05
1e-05
0.0339833
1e-05
1e-05
1e-05
1e-05
1e-05
1e-05
1e-05
1e-05
0.00647486
1e-05
1e-05
0.00252897
1e-05
1e-05
0.00750385
1e-05
1e-05
1e-05
1e-05
1e-05
1e-05
0.00736035
1e-05
1e-05
0.220221
1e-05
1e-05
1e-05
1e-05
1e-05
1e-05
1e-05
1e-05
1e-05
1e-05
1e-05
0.0297756
1e-05
1e-05
1e-05
1e-05
1e-05
1e-05
1e-05
1e-05
1e-05
1e-05
1e-05
1e-05
1e-05
0.00731527
1e-05
1e-05
1e-05
1e-05
1e-05
1e-05
1e-05
1e-05
0.00731527
0.292291
0.00969687
1e-05
1e-05
0.0159988
1e-05
1e-05
1e-05
1e-05
1e-05
1e-05
1e-05
0.0307669
1e-05
1e-05
1e-05
0.0372559
1e-05
1e-05
1e-05
1e-05
0.0342388
1e-05
0.0258563
0.0453146
1e-05
0.0425432
1e-05
1e-05
0.0254031
1e-05
1e-05
1e-05
0.0535334
1e-05
0.000104825
0.037671
1e-05
1e-05
0.299324
1e-05
0.0306686
0.0410858
1e-05
1e-05
1e-05
1e-05
0.0319255
0.0321113
1e-05
0.000119495
1e-05
1e-05
0.000170994
1e-05
1e-05
1e-05
0.257092
1e-05
1e-05
1e-05
1e-05
1e-05
0.0143458
1e-05
1e-05
1e-05
1e-05
1e-05
1e-05
0.0308926
0.209892
0.170184
0.0196954
0.0459146
0.0321954
1e-05
0.104063
0.0288184
1e-05
0.0525379
0.000723607
1e-05
0.0101222
0.0309485
1e-05
0.0694417
0.0304161
0.024814
0.0120254
0.0298933
0.0019119
0.0126186
0.0294365
0.0352893
0.0359042
0.0245438
0.0298011
0.0242624
0.0328396
1e-05
0.0130113
0.0322109
0.00865133
0.0236209
0.0640553
0.00108077
0.0689644
0.0279799
0.0225876
0.0590536
0.0285544
1e-05
1e-05
1e-05
1e-05
1e-05
1e-05
1e-05
1e-05
1e-05
1e-05
1e-05
1e-05
1e-05
1e-05
1e-05
1e-05
1e-05
1e-05
1e-05
1e-05
1e-05
1e-05
1e-05
1e-05
1e-05
1e-05
1e-05
1e-05
1e-05
1e-05
1e-05
1e-05
1e-05
1e-05
1e-05
1e-05
1e-05
1e-05
1e-05
1e-05
1e-05
1e-05
1e-05
1e-05
1e-05
1e-05
1e-05
1e-05
1e-05
1e-05
1e-05
1e-05
1e-05
1e-05
1e-05
1e-05
1e-05
1e-05
1e-05
1e-05
1e-05
1e-05
1e-05
1e-05
1e-05
1e-05
1e-05
1e-05
1e-05
1e-05
1e-05
1e-05
1e-05
1e-05
1e-05
1e-05
1e-05
1e-05
1e-05
1e-05
1e-05
1e-05
1e-05
1e-05
1e-05
1e-05
1e-05
1e-05
1e-05
1e-05
1e-05
1e-05
1e-05
1e-05
1e-05
1e-05
1e-05
1e-05
1e-05
1e-05
1e-05
1e-05
1e-05
1e-05
1e-05
1e-05
1e-05
1e-05
1e-05
1e-05
1e-05
1e-05
1e-05
1e-05
1e-05
1e-05
1e-05
1e-05
1e-05
1e-05
1e-05
1e-05
1e-05
1e-05
1e-05
1e-05
1e-05
1e-05
1e-05
1e-05
1e-05
1e-05
1e-05
1e-05
1e-05
1e-05
1e-05
1e-05
1e-05
1e-05
1e-05
1e-05
1e-05
1e-05
1e-05
1e-05
1e-05
1e-05
1e-05
1e-05
1e-05
1e-05
1e-05
1e-05
1e-05
1e-05
1e-05
1e-05
1e-05
1e-05
1e-05
1e-05
1e-05
1e-05
1e-05
1e-05
1e-05
1e-05
1e-05
1e-05
1e-05
1e-05
1e-05
1e-05
1e-05
1e-05
1e-05
1e-05
1e-05
1e-05
1e-05
1e-05
1e-05
1e-05
1e-05
1e-05
1e-05
1e-05
1e-05
1e-05
1e-05
1e-05
1e-05
1e-05
1e-05
1e-05
1e-05
1e-05
1e-05
1e-05
1e-05
1e-05
1e-05
1e-05
1e-05
1e-05
1e-05
1e-05
1e-05
1e-05
1e-05
1e-05
1e-05
1e-05
1e-05
1e-05
1e-05
1e-05
1e-05
1e-05
1e-05
1e-05
1e-05
1e-05
1e-05
1e-05
1e-05
1e-05
1e-05
1e-05
1e-05
1e-05
1e-05
1e-05
1e-05
1e-05
1e-05
1e-05
1e-05
1e-05
1e-05
1e-05
1e-05
1e-05
1e-05
1e-05
1e-05
1e-05
1e-05
1e-05
1e-05
1e-05
1e-05
1e-05
1e-05
1e-05
1e-05
1e-05
1e-05
1e-05
1e-05
1e-05
1e-05
1e-05
1e-05
1e-05
1e-05
1e-05
1e-05
1e-05
1e-05
1e-05
1e-05
1e-05
1e-05
1e-05
1e-05
1e-05
1e-05
1e-05
1e-05
1e-05
1e-05
1e-05
1e-05
1e-05
1e-05
1e-05
1e-05
1e-05
1e-05
1e-05
1e-05
1e-05
1e-05
1e-05
1e-05
1e-05
1e-05
1e-05
1e-05
1e-05
1e-05
1e-05
1e-05
1e-05
1e-05
1e-05
1e-05
1e-05
1e-05
1e-05
1e-05
1e-05
0.0300784
0.0314496
0.0304118
0.03178
0.025487
0.0278225
0.0273007
0.0706235
0.0313937
0.0355903
0.0308184
0.024484
0.0311439
0.00133256
0.00242731
0.0378085
0.0287464
0.0270563
0.0798893
0.0374619
0.0216944
0.0384511
0.0481183
0.0297183
0.04177
0.0335147
0.0489116
0.191961
0.0306609
0.0538661
0.0276707
0.0247614
0.139332
0.0459218
0.042849
0.0376458
0.0356694
0.0459406
0.0120623
0.0575407
0.053642
0.0465772
0.0510627
0.0363277
0.0316986
0.0182042
0.0318337
0.0288351
0.0377846
0.0218168
0.0316639
0.0140808
0.0277747
0.0101923
0.0211647
0.0340022
0.0320977
0.0271852
0.0255502
0.0357084
0.0323655
0.0013932
0.0438911
0.0400599
0.032317
0.00132166
0.0554639
0.0261305
0.0499426
0.0276325
0.0313576
0.0285922
1e-05
0.0308281
0.0355782
0.0287329
0.0346921
0.0210449
0.283676
0.0309929
0.000585793
0.023078
0.0470557
0.039096
0.0540674
0.0317804
0.0524107
0.04021
0.0357922
0.0288722
0.0512215
0.0262136
0.049972
0.0307419
0.0462151
0.0369003
0.0301764
0.0513442
0.0119483
0.0327219
0.00833533
0.0266523
0.0260314
0.0173578
0.0301652
0.0230491
0.0247873
0.0261482
0.0141352
0.0380079
0.00223754
0.0307316
0.00216029
0.00286424
0.0345484
0.0249291
0.000907144
0.0169622
0.0322068
0.0298806
0.0397407
0.00103358
0.0297721
0.0343852
0.0254056
0.0243911
0.0342819
0.00171205
0.000176829
0.028736
0.0031617
1e-05
0.00125988
1e-05
0.0150394
0.302808
0.0298032
0.0221365
0.0693845
0.0356934
1e-05
0.00386629
0.0181813
0.0161553
0.000759066
1e-05
0.0133185
0.0286144
0.198549
0.0263291
0.00167425
0.0105952
0.0161975
0.00670981
0.000513761
0.00175949
0.0292045
0.00881582
0.015137
0.290196
0.0016421
0.0171834
0.0101351
1e-05
0.0111192
0.0185946
0.00159866
0.000172793
0.25611
0.000754805
0.0083601
0.0109848
0.00165498
0.0114269
0.00127192
0.0107135
1e-05
0.0181531
0.00296689
0.0173645
0.00906136
0.0101522
0.217031
0.0122611
0.00168084
0.0127813
0.0108995
0.00958203
0.000542575
0.00147038
0.0111516
0.00717069
0.00271024
0.00252484
0.00216043
0.00192504
0.0235658
0.016607
0.00343548
1e-05
0.0135325
0.00050081
0.0286793
0.00061352
0.0882426
1e-05
0.0279715
0.00155201
0.250933
0.0122879
0.00759092
0.017817
0.0110359
0.00259473
0.00592072
1e-05
0.00536651
0.020957
0.00149513
0.0342858
0.0170071
0.0166549
0.012083
0.013461
0.0290841
0.0109793
0.0311542
0.208607
0.0666711
0.00500283
1e-05
0.00174011
0.0253768
0.12053
0.0235772
0.0131115
0.0150256
0.0138667
0.00955906
0.0201629
0.0269268
1e-05
0.0544944
1e-05
0.0132197
0.0421145
0.0108684
0.01401
0.00103461
0.0185483
0.00968411
0.0211452
0.0103204
0.0109514
0.029739
0.0117039
0.0133842
0.000810986
0.00758232
0.298254
0.000328542
0.00881818
0.120155
0.0678484
0.0207376
0.0211895
0.0474888
0.0273389
0.0119683
0.0492159
0.208182
0.011082
0.230857
0.0120675
0.0681471
0.0176316
1e-05
0.00940926
0.0143307
0.0085225
0.009817
1e-05
0.00480643
0.0145066
0.0149665
0.00714663
1e-05
0.0396907
0.00985294
0.0103806
0.0349362
0.00968241
0.0179262
0.0135518
0.0520973
0.2179
0.00976487
0.00203316
0.0146337
1e-05
0.28945
0.0143749
0.0141916
0.190827
0.00262406
0.00765207
0.0039192
1e-05
0.0093834
0.00906895
0.00721044
0.0136621
0.00944406
0.0099445
0.00796149
0.0104378
0.0551527
0.0114938
0.00588764
0.00450887
0.00509565
0.0140673
0.11558
0.0102124
0.00715523
0.00677724
1e-05
0.00800424
0.00480756
0.0134721
0.0143818
0.00729146
1e-05
0.0134892
0.00656384
0.00612472
0.0053535
0.0196483
0.000901868
0.00773587
0.013566
1e-05
0.00882726
0.0136457
0.00754135
0.0109792
0.00867995
0.00938929
0.0146068
0.0093909
0.0118079
1e-05
0.0177525
0.0786612
0.0057431
0.0320816
1e-05
0.0066868
0.0106544
0.00926207
0.00921375
0.235662
0.0193531
1e-05
0.238539
0.00179335
0.0209261
0.027737
0.00497201
0.00998718
0.0292985
0.0100867
0.0205068
0.00126609
0.00421643
0.00562512
0.244996
0.167809
0.000376809
0.000329626
0.0832571
0.00674437
0.0107576
0.12604
0.0353708
0.173911
0.00642232
0.0194076
1e-05
0.0814876
0.00657336
0.226667
0.0051104
0.0650359
0.33306
0.069679
0.0100222
1e-05
1e-05
0.00814644
0.186793
0.00315782
0.00933492
0.00709718
0.00422174
0.0058275
0.0244639
0.0028917
0.00618574
0.00446689
0.00179505
0.00155623
0.0064584
0.00227544
0.0184688
0.00554736
0.114145
0.0371232
0.00455585
0.0134954
0.00462556
0.00903195
0.00408786
0.00431451
0.0332466
0.00408675
0.0197578
0.106334
0.00367882
0.0114156
0.385558
0.00308482
1e-05
0.0635447
0.00459933
0.14638
0.00409194
0.00331342
0.0095828
0.00205443
0.00187209
0.0792377
0.00586168
0.0473506
0.00405692
0.00288321
0.010774
1e-05
0.392027
0.00273152
0.0143206
0.0653263
0.00284309
0.00622297
0.00534835
0.12386
0.0126627
0.00316085
0.00605136
0.00254415
0.0133523
0.000620777
0.00297517
0.0023579
0.385898
0.237741
1e-05
0.00276132
0.00621506
0.00242821
0.00154228
0.113215
0.224006
0.255674
0.00193311
0.29895
0.0709171
0.0103411
0.029725
0.322837
0.0199591
0.00277303
1e-05
0.1396
0.0234635
0.0446278
0.0096545
0.0028481
0.00265694
0.00234436
1e-05
0.00120799
0.00630875
0.00167804
0.00162628
0.00673556
0.230258
0.0996917
0.0111226
1e-05
0.00213076
0.00195234
0.00584035
0.0037758
0.00110873
0.0129043
0.00161876
0.00346232
0.00491767
0.0110138
0.00418681
0.0633229
0.000800901
0.000692567
0.0010386
0.00108601
9.75163e-05
1e-05
0.000633828
0.00094365
0.175241
0.000543104
1e-05
0.00616014
0.000636646
0.0123656
0.000422134
0.000396354
0.00785601
0.0490498
7.95166e-05
0.00662172
0.23631
0.259209
0.00908184
0.000981569
0.0027671
0.252289
0.00225565
0.0266125
0.00848615
0.000220481
0.000214169
0.0430815
1e-05
0.00021942
0.00351539
0.0101804
0.148066
0.0142418
1e-05
0.00259983
0.0293246
0.0873316
0.00626759
0.280065
0.000180378
0.0238493
8.95264e-05
1e-05
9.10012e-05
0.000163336
0.00985271
1e-05
1e-05
0.0478703
0.339773
0.000391379
0.000189449
0.00901446
0.000194494
0.0837587
0.00345384
0.000840442
0.000979804
0.0129658
0.000952303
0.000396181
0.00427539
0.00552823
0.0298673
0.0691538
0.000359218
1e-05
1e-05
0.000772608
0.000389687
0.00955122
0.156731
1e-05
0.00262293
0.00171541
0.137952
0.000510203
0.0009584
0.00619171
0.192238
0.0040989
0.0013235
0.315557
0.00534266
0.0217956
0.0755051
1e-05
0.0108998
0.0540458
0.000625113
0.0139699
0.000584779
0.107949
0.00245154
1e-05
1e-05
0.0432369
0.0133189
0.00241982
0.0154455
1e-05
0.112544
0.000909433
0.000944239
0.000770276
0.00095277
0.0035011
0.0305614
0.00306682
0.000561348
0.0251003
0.00111532
0.0146842
0.0980458
0.00101882
0.144405
0.000827334
0.0045628
0.0363229
0.0742653
0.042555
0.0897651
0.0510371
0.000386346
0.00471381
0.00112704
0.00930305
0.000726549
0.000956104
0.000738035
0.0205381
0.000737375
0.0174406
0.140202
0.000800473
0.0128086
0.0625986
0.0337493
0.326202
0.00103889
0.299734
0.000732661
0.00553384
0.00567206
0.00539724
0.0115716
0.184015
0.00659702
0.0100738
0.00505989
0.135857
1e-05
0.000405568
0.238484
0.103371
0.0791561
0.309998
0.00517474
0.000595373
0.0122747
0.0777683
1e-05
0.068589
0.0263089
0.0210572
1e-05
1e-05
0.0028555
0.000911781
0.000547559
0.169132
0.0296406
0.0120822
0.20725
0.00768116
0.0192817
1e-05
0.0102671
0.0663729
0.206593
0.0465844
0.0728379
0.136357
0.274299
0.000648242
0.0024181
0.00203086
0.00049015
0.0118911
0.000688902
0.00012713
0.068867
0.000740361
0.337719
0.00195994
0.030918
1e-05
0.00835361
0.000505259
0.278276
0.0666171
0.0657411
0.00881856
0.0413508
0.23106
0.00441302
0.00772385
0.199282
0.0704888
0.274388
0.0492095
0.0663092
0.00287403
0.0090693
0.0116736
0.0521322
0.293424
1e-05
0.0056577
0.042442
0.00179301
0.0457243
0.000750695
0.000325431
0.00192264
0.0549951
0.000816008
0.000532825
0.262871
0.287163
0.00341214
0.0104858
0.0884706
0.0117708
0.000448233
0.214526
0.155372
0.0500368
0.00322549
0.00796047
0.0031216
0.0118461
0.0582141
0.245966
0.120721
1e-05
0.280964
0.000345571
0.00426308
8.35761e-05
0.0869478
0.000854846
0.0172887
0.0347932
0.00515059
0.259448
0.395407
0.00737676
0.0748955
0.000368106
0.0355431
0.0924414
0.38642
0.000359784
0.23392
0.100937
0.29865
0.111465
1e-05
1e-05
0.336582
0.0375823
0.276778
0.0209451
0.0457928
0.000344066
1e-05
0.000164978
2.89453e-05
3.3651e-05
0.0111614
0.0851154
0.000354318
0.0483723
0.36542
0.378397
0.230367
0.0336976
0.0363455
0.371895
0.0381725
0.0136704
0.225563
0.00112323
1e-05
0.00327986
0.000162193
1e-05
0.0375975
0.035172
0.340244
0.0468861
0.179491
0.318649
0.00112424
0.0549252
0.0415093
1e-05
0.0508979
0.0339754
0.275447
1e-05
0.0570573
0.000541699
0.0687538
0.034639
0.0420391
0.0552507
0.0269849
0.0557962
0.28686
0.0277443
0.000142631
1e-05
0.00752539
0.000311529
0.0315883
0.0375815
0.000800571
0.102356
0.0445224
0.0301374
0.0590611
0.043995
0.000228188
0.22963
0.129176
0.109322
0.00393644
0.365911
0.00134525
0.000585272
0.03094
0.111953
0.071208
0.0617343
0.0960285
0.0957027
1e-05
0.326917
0.000628409
0.0353305
0.0276897
0.0166006
0.00124104
0.000449688
1e-05
0.000538762
0.00314393
0.0609208
1e-05
0.0233288
0.0501239
0.0528536
0.00275804
0.0455771
0.000753071
0.196715
0.184325
0.000444981
0.00180425
0.00708152
0.000509856
0.111256
0.100369
0.254419
0.000837191
0.0338383
0.146562
0.0312809
0.205106
0.0561805
0.0332561
0.0129895
0.0180101
0.136254
0.000953455
0.0984472
0.00318518
0.28002
0.0603501
0.000671739
0.00455402
0.24132
0.0577158
0.000816116
0.244716
0.102141
0.223075
0.0785045
0.000724026
0.00890832
0.000772316
0.329888
0.00038264
0.00126573
0.0288647
0.0794426
0.00179873
0.000448647
0.0027012
0.306429
1e-05
0.0144499
0.0269072
0.0464511
0.0298261
0.0512391
0.270846
1e-05
0.147686
0.303013
0.231033
0.000107252
0.0106432
0.0038518
0.0364926
1e-05
0.0092572
0.00068968
0.00222981
0.0368486
1e-05
0.000802207
0.223135
0.0311526
0.000710713
0.388067
0.000955654
0.0374488
0.00358915
0.0323933
0.0646722
0.000856488
0.00105027
0.017734
0.000851253
0.163355
0.28628
0.0298879
0.000415966
0.0331258
1e-05
0.32128
0.000723676
0.00496144
0.000264091
0.181636
0.0936204
0.000341131
0.000632042
0.000425529
0.222984
0.0408676
0.0269674
0.0333997
1e-05
0.212295
0.0528055
0.0259756
0.192973
0.213967
0.000362397
0.0144383
0.0267414
0.0164187
0.00017597
0.000583732
0.173417
0.0118355
0.000286578
0.14287
0.117555
0.0282435
0.000309297
0.0232647
0.182408
1e-05
0.200722
0.000300161
0.0327613
0.000304587
0.000698099
0.14022
0.0666768
0.236427
0.0359786
0.000976217
0.0430469
1e-05
1e-05
0.000256897
0.000324225
0.0300026
0.201186
0.0429698
0.225144
0.377098
1e-05
1e-05
0.071034
0.0281622
0.00122938
0.0717623
0.180961
0.0352444
0.078995
9.24474e-05
0.0266959
0.0243913
0.121621
0.00259446
0.0221419
0.00919404
1e-05
0.0352636
0.0342474
0.0368726
0.0314235
0.0610797
0.0324354
0.0468299
0.196225
0.0347271
0.0770204
0.0275368
0.0114664
0.0372489
0.0436041
0.0289347
0.0378888
0.0243948
0.0267302
0.0819133
0.140318
0.0640631
0.0654851
0.0378526
0.0258284
0.0371115
0.0906905
9.09485e-05
0.0310333
0.0224402
0.024241
0.035815
0.0345887
1e-05
0.0318374
0.0361513
0.0235386
0.00546063
0.0287097
0.0278719
0.0350441
0.0750218
0.0259749
0.000199396
0.0282638
0.0278569
0.0616305
0.0260516
1e-05
0.208209
0.237595
0.0336931
0.0593647
0.026702
8.95465e-05
0.0266869
0.0376992
0.00626307
0.0486963
0.0729791
0.238119
0.0293978
0.0275437
0.0329392
0.0210128
1e-05
0.0304507
0.0611968
0.0573099
0.0336287
0.0566848
0.0218496
0.00698041
0.0318603
0.0275201
0.0255356
0.000174699
0.0593441
0.025156
0.0109013
0.199211
0.0331987
0.00193413
0.000185806
1e-05
0.0117419
0.000958068
0.0271309
0.033856
0.00673376
0.0242681
1e-05
0.00849251
0.0719076
0.102067
0.00153058
0.127307
0.0312616
0.00374378
0.00198136
0.0250466
0.00500995
0.0255219
0.0200563
0.000955742
0.133009
0.0332073
0.190372
0.00280084
0.198766
0.118016
0.000164113
0.0322243
0.00126358
0.00562598
0.227911
0.106668
0.0112512
0.0100133
0.120159
1e-05
0.179126
0.34472
1e-05
0.000360246
0.0101855
0.234927
0.232613
0.176235
0.140711
0.00532507
0.212514
0.00057385
0.089644
0.36527
0.000909962
0.000547354
1e-05
0.00061378
0.000805109
0.121009
0.202678
0.00186028
1e-05
0.0138262
0.0312875
0.237086
0.00186113
0.145541
0.0408971
0.00548823
0.214569
0.237022
0.202131
1e-05
0.000617356
0.233431
0.00147561
0.0269287
0.0292949
0.0181864
0.00326107
0.00183387
0.204432
0.00673086
0.224708
0.0852889
0.00301871
0.13754
0.172029
0.00195303
0.116768
0.00273292
0.0437332
0.00182439
0.122789
0.00309426
0.00362184
0.00391493
0.236016
0.00388375
0.14127
0.2326
0.00401379
0.00459052
0.225155
0.0226327
0.157565
0.23759
0.168975
0.148897
0.00317001
1e-05
0.238931
0.103877
0.221142
0.237349
0.030149
0.132052
0.0121531
0.16581
0.0590443
0.00097471
0.00726539
0.0142837
0.0026355
0.00395667
0.00383052
0.22522
0.00510023
0.00354046
1e-05
0.111403
0.1994
1e-05
0.229166
0.000995349
0.17776
0.0163632
1e-05
0.00460465
0.385162
0.0173037
0.224669
0.00471551
1e-05
0.0299842
0.00442863
0.0855604
0.0122855
0.00626031
0.0062968
0.133401
0.0635742
0.00482804
0.223759
0.0203
0.160109
0.224805
0.0745772
0.00581109
0.0856724
0.1908
0.153284
0.159716
0.167709
0.00688689
1e-05
0.0066314
0.234248
0.233885
1e-05
0.00119382
0.000638739
0.0457145
0.116772
0.00668532
0.168509
0.118049
0.00191859
0.188857
0.166267
0.007404
1e-05
0.00549455
0.238467
0.230644
0.236405
0.10128
0.0013832
0.109324
0.0830461
0.00552318
0.174288
0.00557466
0.238063
0.238948
0.0723833
0.188373
0.0407163
0.000933557
0.000884201
0.00683792
0.0149579
0.00198897
0.000570445
0.0103665
0.22642
0.171022
0.229319
0.00269717
0.238651
0.00779923
0.211939
0.231461
0.000764625
0.0299456
0.234901
0.222262
0.0348518
0.00169639
0.238757
0.0100972
0.225748
0.00832495
0.110739
0.23317
0.00162223
0.0112041
0.00437994
0.00960142
0.0355274
5.94864e-05
0.243727
0.225007
0.0162804
0.188509
0.222458
0.000285703
0.314611
0.0131296
0.238172
0.126321
1e-05
0.0136745
0.172646
0.210282
0.00585259
0.0858962
0.237853
0.00115601
0.00949738
0.00804781
0.0715454
0.00806489
0.0166859
0.237192
0.000852834
0.0294999
0.0153979
0.0147934
0.00238692
0.0355896
0.0112059
0.0101032
0.0110634
0.0114812
0.00831522
0.0292968
0.0054406
0.0276105
0.0117028
0.00697439
0.0244801
0.0730197
0.00107685
0.15659
0.0273541
0.000220383
0.238492
0.0101207
0.124974
0.0278303
0.258034
0.114856
0.00491446
0.196205
0.00170179
0.0116178
0.0122408
0.00167339
0.020595
0.00309805
0.00190469
0.0123919
0.210517
0.030779
0.0285553
0.00882835
0.0123446
0.0117885
0.133594
0.0282063
0.0229733
0.0102775
0.0265453
0.0139328
0.194795
0.330444
1e-05
0.0100366
0.0133495
0.196674
0.0117026
0.0268767
0.213377
0.239294
0.137529
0.00994869
0.0136332
0.012155
0.234562
0.167314
0.238362
0.216081
0.209819
0.013774
0.0156779
0.180105
0.215609
0.0193986
0.0280817
0.125024
0.00147272
0.00069106
0.0147794
0.0128197
0.0543397
0.0277985
0.0114547
0.00552705
0.319572
0.0239549
0.254696
0.201349
0.0249945
0.0126671
0.00245612
0.0308699
0.0133918
0.0154877
0.0073061
0.142324
0.0075889
0.134547
0.238023
0.00885031
0.0255882
0.00785912
0.00856013
0.0779337
0.000305592
0.019231
0.0141703
0.0318823
0.0976428
0.335273
0.36917
0.222106
0.0314241
0.0210722
0.013042
0.0287347
0.00946786
0.017023
0.0109735
0.00180998
0.255337
0.00074172
0.196231
0.28946
0.217891
0.234177
0.0251332
0.0108294
0.0611613
0.0343828
0.0167822
0.00424399
0.0147559
0.0196199
1e-05
0.00557257
0.00420804
0.0270346
0.0214464
0.0189848
0.0237263
0.253714
0.0111622
1e-05
0.0501403
0.108151
0.010137
0.180542
1e-05
0.00360521
0.00942396
0.0272685
0.245161
0.142594
0.011494
0.0682478
0.031866
1e-05
0.0978373
0.0153309
0.370478
0.00140937
0.00314388
0.0280683
0.0333162
0.0067023
0.116002
0.0153142
0.013669
0.0192655
3.03505e-05
0.262464
0.00922347
0.0122509
1e-05
0.00853649
0.155748
0.0123855
0.0104047
0.00532231
0.010513
0.261179
0.221341
0.00760636
0.202423
1e-05
0.148093
0.368403
0.0251852
0.110334
0.00973822
0.0689868
0.294155
0.00945916
1e-05
0.238454
0.0238014
0.0299454
0.0070336
0.0345613
0.0113685
0.0702573
0.108481
0.268588
0.214382
0.0120819
0.0329563
0.00945916
0.328945
0.143313
0.010721
0.00828105
0.192425
0.00492025
0.0374139
0.188237
0.317712
0.00339772
1e-05
0.253603
0.149919
0.00879571
0.00685509
0.236255
0.112242
0.231501
0.234245
0.208483
0.154266
0.232642
0.373827
0.0886221
0.0155496
0.204465
0.186097
0.0918258
0.243703
0.00685864
0.152607
0.00952131
0.0069723
0.0226727
0.0773006
0.0123524
0.0124038
0.144325
0.00205246
0.00899731
0.172735
0.0475019
0.20461
0.0135223
0.00903489
0.0141997
0.124788
0.00933208
0.000602378
0.332003
0.258114
0.0020672
1e-05
0.021187
0.0540177
0.310942
0.150109
0.00979135
0.0254663
0.140851
0.0049434
0.0132231
0.121799
0.0079624
0.0678988
0.236656
0.0116773
0.313982
0.0262067
0.119689
0.200048
0.012378
0.276105
0.201075
1e-05
0.0908837
0.00800656
0.287041
0.311141
0.0295618
0.00601977
0.313309
0.1769
0.0080991
0.0319098
0.0112045
0.0427241
0.206102
0.0127537
0.30653
0.0354655
0.00829046
0.0615999
0.0108956
0.155683
0.205192
0.000254493
1e-05
0.0011312
0.0811918
0.0066349
0.249073
0.365251
0.0655406
0.012945
0.258494
0.308843
0.0962507
0.0145378
0.29364
0.00581732
0.0140868
0.297595
0.00900694
0.190858
0.0686972
0.0665116
0.198946
0.185786
0.00825785
0.0461255
0.262455
0.00771403
0.00869618
0.152055
0.0236249
0.0041768
0.0100339
0.00396773
0.206589
1e-05
0.23723
0.00848821
0.286961
0.00654443
0.0312509
0.0855619
0.00648694
0.124876
0.0870054
0.121132
0.125985
0.197564
0.269004
0.0080957
0.00897946
0.0307017
1e-05
0.0303369
0.00961403
0.00840653
0.0070746
0.00813658
0.288594
0.0962882
0.00195137
1e-05
0.267473
0.24413
0.000785263
0.272537
0.00883436
0.0208847
0.128659
0.166593
0.0143039
0.192347
0.0390874
0.000759764
0.208105
0.367997
0.226394
0.00526395
0.190975
0.26113
0.134375
0.112146
0.00886754
0.365418
0.00981884
0.251886
0.000324713
0.104785
0.269939
0.00042875
0.00591668
0.312071
1e-05
0.0301087
0.0633617
0.00913047
0.197721
0.0879759
0.130141
0.00556782
0.110538
0.184728
0.0215217
0.00856109
0.0469191
0.00378221
0.324822
0.0350706
0.0414331
0.0433806
0.0499379
7.4644e-05
0.364579
0.0733237
0.00793574
0.00693521
0.0604113
0.0773414
0.000688967
0.0352778
0.173146
0.251873
0.00971337
0.0252288
0.00827121
1e-05
0.0310636
0.175388
0.208203
0.0034744
0.00551261
0.00834131
0.18937
0.065652
0.00301904
0.00848769
0.143944
0.0328496
0.0217566
0.0558957
0.24752
0.00927761
1e-05
0.0270252
0.00393141
0.293858
0.107753
0.00856817
0.13085
0.0251081
0.0303507
0.0503191
0.031219
0.0689432
0.0289788
0.354106
0.0242316
0.0633991
0.0552043
0.217103
0.00478986
0.211851
0.164565
0.00168313
0.197398
0.0932312
0.250083
0.148024
0.00848095
0.00677577
0.0435642
0.00483517
0.00845323
0.0607245
0.125129
0.0334703
0.132425
0.00613385
0.0184436
0.332973
0.0114962
0.0101378
0.0248996
0.0108561
0.110543
0.132648
0.115961
0.00622176
0.23057
0.0321713
0.0110043
0.0103263
0.141607
0.00897209
0.105377
0.164065
0.00659646
0.00806796
0.0140075
0.0676587
0.008082
0.000558046
0.0763641
0.0755398
0.221209
0.0735791
0.0071046
1e-05
0.082209
0.00375437
0.108935
0.192351
0.133365
0.0424461
0.00440032
0.0533053
0.127454
0.0210413
0.141212
0.0637796
0.0257704
0.122361
0.00725067
0.346101
0.0279565
0.00482428
0.0270725
0.302117
0.253874
0.0726568
0.238797
0.183186
0.0507321
0.247947
0.0918334
1e-05
0.104794
0.043987
0.0307479
0.233732
0.143617
0.189829
0.0116085
0.00523
1e-05
0.00604709
0.0515497
0.0890495
0.0515627
0.00635926
0.000120766
0.00789365
0.143809
0.0702996
0.0764952
0.0118057
0.202092
0.00609181
0.255305
0.00339664
0.000199595
0.0590753
0.0931573
0.0746555
0.000190361
0.00350149
0.0368287
0.213738
0.0564523
0.0092146
0.12435
0.0336322
0.00308815
1e-05
0.0239834
0.00860387
0.0555347
0.271886
0.0747976
0.0937189
0.0011951
0.0323308
0.078588
0.00302766
0.0287092
0.0012114
0.0266217
0.00193269
0.00741244
0.00621829
0.236002
0.0860499
0.0291125
1e-05
0.254733
0.00128727
0.172973
0.0103965
0.210574
0.0594618
0.022644
0.0636217
0.00345539
0.0985659
0.00167462
0.0326352
0.0132605
0.0261647
0.0743147
0.283814
0.0336498
0.0252105
0.0261408
0.0839991
0.00404315
0.141807
0.00793954
0.0294491
0.301744
0.0224918
0.0237396
1e-05
0.0258478
0.00915579
0.0666544
0.00306929
0.0627862
0.162146
0.0742996
1e-05
0.00198183
0.02877
0.00237458
0.343186
0.02053
0.0146526
0.00274608
0.0140143
0.00328166
0.0283968
0.0312886
0.0234575
0.00104844
0.00281416
0.0672263
0.00419256
0.0649788
0.000414678
0.00651078
0.00885564
0.142913
0.0339415
0.09383
0.0686309
0.333601
0.0889555
0.0712265
0.307503
0.0267618
0.127323
0.00565282
0.220475
0.00265637
0.00485185
0.00475358
0.00209232
0.00295971
1e-05
0.0178591
1e-05
0.278106
0.0149955
0.0357513
0.111408
0.360436
0.0241831
0.0701584
0.218366
0.014293
0.0629718
0.270601
0.0219715
0.241799
0.00171095
0.0654169
0.118284
0.0542087
1e-05
0.00822071
0.344572
0.179952
0.000871701
0.0295802
0.0381036
0.0688258
0.195657
0.112817
0.0554876
1e-05
0.27023
0.00250055
1e-05
0.0663695
0.015417
0.0607801
0.00488402
0.0140947
0.0807741
0.0182756
0.0621386
0.250272
0.0108625
0.204807
0.0228656
0.04701
0.223728
0.156718
0.0277441
0.0513343
0.0360388
0.0248826
0.0915679
0.251858
0.0484018
0.140762
0.0477436
0.258581
0.00117471
0.00828013
0.00208366
0.0732541
0.0300251
0.0219995
0.271366
0.0355562
0.117755
1e-05
0.165776
0.0711898
0.266202
0.0196636
0.0406918
0.0720602
0.0269366
0.0287658
0.137573
0.118084
0.124548
0.180357
1e-05
0.00550209
0.0572878
0.170029
0.0551953
0.0063117
0.0357449
0.172463
0.00185647
0.0142822
0.0839588
0.151623
0.0090539
0.0738912
0.0652007
0.190407
0.0433322
0.325052
0.034012
0.0311123
0.000689605
0.0867182
0.0250267
0.00305452
0.295677
0.0380935
0.0500825
0.344705
0.0572441
0.0116613
0.0805325
0.129984
0.0475996
0.182101
0.000682182
0.000660239
0.137905
0.100376
0.175985
0.0681176
0.00788232
0.0242319
0.0244612
0.0681142
0.382682
0.37867
0.0895097
0.0122568
0.146611
1e-05
0.000456861
0.176507
0.145415
0.06293
0.117942
0.0143942
0.102955
0.031877
0.0138462
0.00747022
0.0483191
0.267163
0.00309691
0.05576
0.0114912
0.162304
0.00231489
0.0755453
0.140392
0.00402839
0.259919
0.13784
0.0431643
0.146182
0.0685828
0.00806765
0.121907
0.0261375
0.384617
0.069178
0.0068817
0.000840836
0.000174983
0.0015341
0.00436407
0.00561554
0.0317354
0.32128
0.0125968
0.0764377
0.0117041
0.00150156
0.263249
0.315653
0.00203888
0.130758
0.000381475
0.123443
0.0636418
0.0763423
0.353378
5.74407e-05
0.068334
0.072483
0.0199629
0.11152
0.0774694
0.325371
0.0105451
0.368935
0.0275388
0.0623788
0.0487997
0.0187594
0.00149797
0.0754775
0.0743461
0.0255378
0.0125523
0.151356
0.00123669
0.0694414
0.366578
0.0661141
0.111233
0.00195928
0.227916
0.395571
0.104665
0.0639996
0.0751814
0.0576216
0.0655223
0.116661
0.125098
0.102269
0.0486079
0.394817
0.0137565
0.367441
0.238135
0.0767539
0.0035868
0.0534835
0.284306
0.0783244
0.126922
0.20372
0.304472
0.156905
0.21511
0.056716
0.0220035
0.30062
0.0363392
1e-05
0.000154521
0.0108412
0.31058
0.0765466
1e-05
0.275938
0.262962
0.000509716
0.00181838
0.0307905
0.225186
0.239144
0.0173976
0.00335432
0.0165965
0.070885
0.0155588
0.170775
0.237266
0.242341
0.0293802
0.00402244
0.0924404
0.0590392
0.0319622
0.0213454
0.0729671
0.00812861
0.0689433
0.198628
0.0798495
0.00397947
0.263958
0.278402
0.00986498
0.103287
0.022597
0.0298505
0.0517423
0.0559793
0.00756784
0.0217184
0.0713233
0.00264413
0.000658065
0.0665341
0.265256
0.22787
0.0704588
0.0216271
0.0453324
0.00312549
0.00549526
0.13721
0.113172
0.172927
0.0446121
0.000938886
0.238215
0.0847669
0.111949
0.196603
0.0107995
0.225146
0.15849
0.068561
0.0197426
1e-05
0.00972908
0.00739199
0.290305
0.310051
0.16292
0.24305
0.00218541
0.112891
0.122269
0.176022
0.222589
0.0784786
0.204561
0.00824254
3.26849e-05
0.0617658
0.165167
0.242482
0.00614088
0.162762
0.386565
0.271855
1e-05
0.0738585
0.0390756
0.0673677
0.105884
0.109233
0.0578979
1e-05
0.158435
0.336535
0.0717184
0.00597562
0.0199736
0.145074
0.0737275
0.33719
0.208096
0.279585
0.0557419
0.0570989
0.0251009
0.000698894
0.010789
0.159612
0.260667
0.111379
0.0122307
0.00211597
0.270882
0.247352
0.0225163
0.290388
0.0525526
0.366901
0.0650778
0.0105065
0.0654654
0.242782
0.0671245
0.00198709
0.0770119
0.0025811
0.062066
0.0957301
0.128799
0.00895987
0.113406
0.0707196
0.238535
0.0408846
0.00318858
0.0124512
0.00284914
0.0672243
0.0259583
0.236915
0.0632742
0.31767
0.27474
0.0257994
0.20099
0.266581
0.0651893
0.352487
0.0218623
0.0416711
0.110253
0.32511
0.0400317
0.14661
0.275603
0.0877336
0.00261857
0.143459
0.181053
0.277635
6.23185e-05
0.128572
0.0546165
0.0950893
0.00201217
0.234828
0.27036
0.280323
0.0100523
0.0147153
0.0603764
1e-05
0.182816
0.107449
0.0783064
6.59497e-05
0.254654
0.00110449
0.238222
0.0663398
0.0588254
0.0345404
0.177247
0.0701003
0.00253055
0.182417
0.0178553
0.0357555
0.0915939
0.184887
0.237068
1e-05
0.121089
1e-05
0.236105
0.000203874
0.0512698
0.00333201
0.11955
0.00886786
0.0208588
0.186371
0.084893
0.0868244
0.289135
0.238027
0.0292313
0.0657561
0.0127553
0.252392
0.259228
0.0035472
0.0314531
0.00501142
0.00200769
0.000146784
0.00657034
0.318813
0.00463926
0.0095214
0.0195486
0.248948
0.00688999
0.157486
0.000309022
0.0445869
1e-05
0.00804694
0.111423
0.0952844
0.229369
0.0895906
0.238818
0.0566021
0.219156
0.266574
0.119068
0.208391
1e-05
0.0182866
0.100074
0.373758
0.00356833
0.341994
0.214512
0.00045702
0.168025
0.146213
0.266439
0.00178574
0.0314019
0.318914
0.103412
0.144006
0.102864
0.246214
0.0871266
0.278351
0.322947
0.00842325
0.00255585
0.10135
0.000463688
0.261161
0.0549413
0.0644225
0.00999916
0.00929712
0.265428
0.095951
0.12235
0.00867166
0.0852285
0.136996
0.0219635
0.011348
0.238028
0.0442641
0.262565
0.0665232
0.000714255
0.0712972
0.175024
0.0266215
0.204028
0.353516
0.0734326
0.0816949
0.00117848
0.0037256
0.194158
0.0245136
0.261552
0.160805
0.0355118
0.000677191
0.269947
0.000498598
0.000530012
0.377756
0.0569049
0.111913
0.00836779
0.0100765
0.0285118
0.016425
0.00807303
0.000727913
0.00629893
0.328988
0.122331
0.117932
0.0112089
0.0122889
0.0926187
0.349965
0.0219417
0.011201
0.0374683
0.0219954
0.000219776
0.00022095
0.0709149
0.00147269
0.0502228
1e-05
0.0249983
0.0011065
0.147321
0.19718
0.00913921
0.194064
0.0613288
0.00035612
0.0668892
0.00937889
0.00833745
0.126724
0.00698058
0.00984979
0.300055
0.0457987
0.101189
0.164807
0.058419
0.0744473
0.000506196
0.00066104
0.00802538
0.125451
0.0512673
1e-05
0.0718131
0.0381708
0.173286
0.345487
0.283051
0.357104
0.0652586
0.00122416
0.0611077
0.00041426
0.00248485
0.0633666
0.214641
0.0677446
0.0203812
0.335248
0.00243082
0.176656
0.0942928
0.0175805
0.00785725
0.00136409
0.0600201
0.0224694
0.0934663
0.0283647
0.3411
0.227906
0.352154
0.0267902
0.133968
0.00258256
0.0689048
0.36697
0.0269201
0.250251
0.00890669
0.005664
0.0639662
0.238745
0.00955145
0.097102
0.0244827
0.358808
0.0252763
0.237837
0.130848
0.00282732
0.0355661
0.016766
0.0249764
1e-05
0.0366331
1e-05
0.190031
0.268866
0.109963
0.155008
0.204915
0.0695622
0.00184047
0.210898
0.0127682
0.0523194
0.390017
0.17613
0.183659
0.229388
0.247345
0.238678
0.293269
0.365998
0.00266132
0.0666127
0.000420038
0.0699682
0.0717784
0.104298
0.203664
0.0441113
0.00224647
0.261456
0.321088
0.0713482
0.236797
0.0499924
0.361273
0.197341
0.384821
0.276959
0.261957
0.346945
0.349006
0.00820663
0.350497
0.0441646
1e-05
0.13162
0.256523
0.186405
0.0732379
0.00968565
0.00634415
0.0943445
0.124076
0.20245
0.205112
0.33857
0.118025
0.277344
0.114375
0.0768831
0.103376
0.117646
0.00686202
0.233939
0.294352
0.278673
0.315041
0.109439
0.160188
0.0050538
0.317888
0.104957
0.0106726
0.384886
0.216159
0.0478079
0.0483296
0.232372
0.000326343
0.268796
0.124282
1e-05
0.0529811
0.0256219
1e-05
0.233925
0.129809
0.183233
0.115261
0.0361259
0.171353
0.0907554
0.136536
0.0476078
0.289802
0.00825711
0.0201107
0.0508178
1e-05
0.0252393
0.00896519
0.340637
0.283213
0.0125389
0.28189
0.0982102
0.0190674
1e-05
0.331045
0.00314496
1e-05
0.187923
0.362223
0.110131
0.121057
0.211559
0.0526091
0.0511285
0.214394
0.307141
0.0335788
1e-05
0.338573
0.389488
0.112929
0.138832
0.0471959
1e-05
0.011147
0.19344
0.16096
0.230392
0.326881
0.00351783
0.145338
0.116863
0.00367488
0.238239
0.118514
0.227574
0.112782
0.0103529
0.236791
0.293458
0.311848
0.238468
0.137436
0.258783
0.0168331
0.175756
0.0378287
0.21771
0.200038
0.0523848
0.034899
0.0904435
0.143352
0.115417
0.234909
0.194592
0.0244836
0.224665
0.0106726
0.155193
0.23181
0.0298586
0.0797022
0.0588773
0.139505
0.0509492
0.0120307
0.146062
1e-05
0.0126276
0.16247
0.0662073
0.314807
0.174654
0.00944082
0.000608688
0.059279
0.00270509
0.0308351
0.37236
0.207974
0.0127964
0.206576
0.258526
0.118693
0.375956
0.389485
0.19067
0.238845
0.0012153
0.171138
0.000902082
0.166827
0.046554
0.238724
0.00410194
0.056843
1e-05
0.169273
0.28024
0.180994
0.158148
0.00312231
0.106876
0.00427715
0.363792
0.0729603
0.081
0.2163
0.356481
1e-05
1e-05
0.0128439
0.271011
0.133466
0.35807
0.236996
0.238607
0.0114071
0.0632927
0.282335
0.215126
0.231957
0.176858
0.215663
0.296612
0.20418
0.0447673
0.204179
0.116388
0.181854
0.361072
0.00781907
0.0521536
0.016941
0.106945
1e-05
0.0996783
0.0581806
0.244938
1e-05
0.00188245
0.287222
0.236647
0.263255
0.130526
0.272132
0.00182841
0.062844
0.127729
1e-05
0.263628
0.0532971
0.084938
1e-05
0.0029554
0.0301142
0.0333481
0.0395326
0.000191228
0.0704878
0.0632205
0.239786
0.235052
0.25747
0.0959091
1e-05
1e-05
0.0697232
1e-05
0.283175
0.0706264
0.000626408
0.293945
0.0150183
0.0103002
0.00186432
0.351254
0.0275868
1e-05
0.0620354
0.0170771
1e-05
1e-05
0.000239406
1e-05
0.0321835
0.0653924
0.00377
0.204497
0.253547
0.118911
1e-05
0.364368
0.360336
1e-05
0.0305235
1e-05
0.00704464
0.00515822
0.224681
1e-05
0.00316012
1e-05
1e-05
0.103683
0.0641502
0.00582209
0.0362439
0.000981459
1e-05
0.0106652
0.00294801
0.00281237
0.00415576
1e-05
0.0029911
0.000765749
1e-05
0.0388695
0.00252158
1e-05
0.000744893
0.000860792
0.0720573
1e-05
0.0365173
0.000275645
0.00146982
0.00161637
0.000261985
0.0428726
0.0493831
0.00273322
0.038288
0.000810258
0.0012382
0.000202749
0.0104543
0.0112162
0.00807155
0.00394274
0.0228774
0.00979951
0.0385134
0.00106112
0.00151162
0.00192465
0.0114416
0.00694846
0.0272486
0.00965517
0.00687636
0.0106449
0.0280369
0.0151811
0.00180672
0.000192184
0.000308507
0.0397354
0.000118383
9.9419e-05
0.0118734
0.000250121
0.000127257
0.0016898
0.00527588
0.00876702
0.0356486
0.0013332
0.00204158
0.0160209
0.0486247
0.0020329
0.0210007
0.000941173
0.00125055
0.0249563
0.00277099
0.0186793
0.0217003
0.00139475
0.0293841
0.0322258
0.00286078
1e-05
0.0199371
0.00432879
0.00110262
0.0199657
0.0263512
0.0133629
0.00406638
0.000544975
0.000735658
0.0042876
0.00112686
0.00440819
0.00372597
0.000921029
0.0372571
0.00688002
0.00221201
0.00658242
0.0023989
0.0011826
0.00191874
0.00175606
0.00355248
0.000668458
0.000328462
0.0172622
0.000285452
0.000731669
0.00016258
0.000590504
0.00128957
0.00181604
0.00723441
0.000514939
0.0145109
1e-05
0.0294232
0.00186024
0.0358209
0.0268483
0.0414857
0.0267911
0.0173622
0.00106296
0.000704179
0.0104619
0.0177017
0.0349752
0.0746804
0.0259454
0.0272142
0.00931341
0.0262577
0.000836349
0.0331249
0.000536673
0.00992758
0.00712169
0.00465386
0.00232778
0.00250129
0.000515086
0.000457332
0.0308362
0.000929739
0.000907638
0.00868823
0.00556758
0.00307833
0.00662451
0.00153481
0.00925358
0.00151168
0.0012283
0.000971616
0.0193201
0.00978058
0.0280871
0.00818101
0.0064486
0.0295253
0.019438
0.0440243
0.0120092
0.0464078
0.00597384
0.0103482
0.0282752
0.0128884
0.0320762
0.0118637
0.00925103
0.000576631
0.000437286
0.00299569
0.00481797
0.023294
0.000694346
0.0217411
0.0111757
0.0264265
0.00870476
0.071756
0.00578895
0.00761252
0.00596926
0.0132433
0.0100889
0.0386663
0.0147446
0.0182117
0.0276763
0.0104471
0.00892361
0.0313105
0.0272738
0.00975135
0.313419
0.0531293
0.0326627
0.0306816
0.00743042
0.0276556
0.0231751
0.0204588
0.0235017
0.00228833
0.0194168
0.0082377
0.258719
0.0153605
0.00994112
0.00540932
0.0148841
0.00749271
0.00584712
0.0260878
0.0376687
0.0139104
0.00221305
0.016661
0.0250788
0.043966
0.0365624
0.0289428
0.00931886
0.00606939
0.00773022
0.0311811
0.00992252
0.00135665
0.000654002
0.0210078
0.0254827
0.00155328
0.0337106
0.00336544
0.0048016
0.00785982
0.0092909
0.00612845
0.000701259
0.00356071
0.0167462
0.0131026
0.0346185
0.016963
0.0135805
0.00962599
0.00140664
0.00282879
0.00318394
0.238371
0.00100598
0.0296019
0.00174251
0.00731406
0.00143156
0.000731395
0.000799249
0.0054123
0.00508172
0.00992626
0.00384257
0.00868305
0.00375747
0.0108349
0.00244073
0.0161541
0.0209458
0.032758
0.00037856
0.00447892
0.00235925
0.00208245
0.00647924
0.0114891
0.00498419
1e-05
0.00698461
0.00607446
0.00778278
0.00316332
0.00774146
0.00594931
0.00824042
0.00654958
0.0209828
0.000715559
0.00226981
0.0155494
0.0142796
0.210332
0.00865819
0.00111619
0.0101225
0.00916257
0.00419631
0.00452557
0.00485941
0.0618126
0.0213948
0.0610137
0.000612446
0.00131799
0.0106195
0.00115346
0.000614397
0.133377
0.00652919
0.0045931
0.00887667
0.00227451
0.0182062
0.0275002
0.00731102
0.00707222
0.000937204
0.00153997
1e-05
0.00561974
0.00906909
0.00938572
0.00203752
0.0100016
0.00118445
0.0358768
0.00619729
0.00816998
0.000854175
0.00286073
0.0928637
0.00174729
0.0151768
0.0258058
0.207432
0.022822
0.081068
0.11225
0.00196046
0.00570443
0.000618592
0.00563723
0.000950559
0.00267595
0.00421703
0.0130589
0.00363462
0.00142597
1e-05
0.00169676
0.116925
0.0205084
0.00358197
0.00107789
0.00994329
0.00308394
0.0270592
0.00166714
0.0013377
0.00938536
0.184595
0.0083122
0.00452026
0.00604344
0.00156928
0.150758
0.000759173
0.00140599
0.00558438
0.000772825
0.00537083
0.0101358
0.0125973
0.00778152
0.0034005
0.0220897
0.00383288
0.0018675
0.00744827
0.0031483
0.0188114
0.00826275
0.00738059
0.000483434
0.00450144
0.00199265
0.0180036
0.00879426
0.0131673
0.0617525
0.0299099
0.0146428
0.210769
0.0184521
0.0105367
0.000979362
0.000446605
0.0492066
0.000249302
0.0222988
0.000328052
0.00150443
0.00437602
0.0279011
0.0127438
0.00767268
0.0155725
0.0123621
0.0145467
0.000494929
0.00710445
0.00571789
0.000514868
0.00535288
0.000392659
0.00119081
1e-05
0.00250288
0.00289584
0.0094572
0.00108026
0.0253839
1e-05
0.0422878
0.00218047
0.0129514
0.0103993
0.0308313
0.00345158
0.000506344
0.000358172
0.00229988
0.0215547
0.00144428
0.0432392
0.00387005
0.0122216
0.0463508
0.00272565
0.180518
0.098942
0.000729917
0.109087
0.00151463
0.0077986
0.00234756
0.0253197
0.108855
0.00210861
0.00112982
0.00260843
0.000159696
0.154671
0.00281474
0.0213489
0.0203384
0.000975673
0.000976726
1e-05
0.0660202
0.0251851
0.0769534
0.0427846
0.00327349
1e-05
0.00636485
0.00187642
0.0115015
0.0632354
0.027018
0.156894
0.226836
0.0145551
0.00224856
0.00147152
0.00221998
0.038229
0.206142
0.0111295
0.0873712
0.0237967
0.0347969
0.0583612
0.0168298
0.082225
0.0111654
0.0197262
0.258491
0.000496741
0.0228635
0.0145819
0.232664
0.16641
0.0643779
0.104683
0.0064331
0.0504178
0.0729128
0.0106393
0.0928475
0.0170379
0.00688096
0.0521618
0.17014
0.161854
0.00749269
0.0931499
0.0806007
0.00274048
0.0068686
0.208735
0.0300453
0.0192979
0.00144879
0.237328
0.00526252
0.22337
0.0158114
0.000691856
0.00156259
0.135057
0.0122733
0.000147806
0.000954457
0.0122855
0.22379
0.11467
0.00626903
0.171409
0.140861
0.193882
0.000218372
0.0136618
0.0470773
0.007737
0.235136
0.000938974
0.229988
0.0141695
0.237382
0.0134552
0.237411
0.0455362
0.00901728
0.00243624
0.0344824
6.15478e-05
0.0117392
0.0233234
1e-05
0.166355
0.0183388
0.0373344
0.0268069
0.00432635
0.220878
0.175513
0.0194779
0.144129
0.00837997
0.00892593
0.0505496
0.0260716
0.00580587
0.00179736
0.307596
0.0311639
0.0268949
0.00658889
0.000261379
0.00451495
0.00650228
0.0433403
0.00957447
0.0356452
0.029203
0.0506625
0.158794
1e-05
0.0214855
0.208395
0.00679633
0.000614647
0.0013168
0.00192677
0.023678
0.106373
0.0054815
0.00920145
0.00735441
0.0209084
0.269201
0.0292175
0.0207292
0.0493378
0.0092766
0.0066517
0.071456
0.0296025
0.0210248
0.0042824
0.0227431
0.0145512
0.0103194
0.00217871
0.0198047
0.0105725
0.0216689
0.0260192
0.0288756
0.0156236
0.0156364
0.0158849
0.0366872
0.0064922
0.0029853
0.00548554
0.0469064
0.0485002
0.124929
0.0195561
0.1582
0.0117724
0.00814356
0.179055
0.0361352
0.0150644
0.140258
0.00878457
0.150435
0.00446364
0.00751309
0.161292
0.0259495
0.00866052
0.00674934
0.0708233
0.0170324
0.00931755
0.0392942
0.0542628
0.0188123
0.0117
0.0113057
0.0202961
0.223874
0.00550891
0.00419367
0.174311
0.0400173
0.123781
0.0616752
0.00844759
0.016165
0.00649421
0.00595342
0.00046578
0.20134
0.0456925
0.000388046
0.00881414
0.179228
0.00474182
0.154849
0.0178608
0.17613
0.000504347
0.0251985
0.235929
0.00272104
0.00706992
0.173718
0.000327938
0.219991
0.15795
0.00296846
0.000614528
0.00417027
0.00040434
0.00555509
0.0826192
0.00533702
0.0151631
0.163872
0.0190032
0.0103355
0.0011425
0.000273237
0.345455
0.045291
0.000342551
0.00826419
0.0514528
0.048889
0.0107197
0.00867856
0.0180875
0.0241981
0.00930002
0.00173613
0.289199
0.015605
0.00757462
0.236385
0.0661894
0.00608928
0.00988266
0.00653711
0.0115975
0.121908
0.00773835
0.00864814
0.0046792
0.00575843
0.00881652
0.0042853
0.0259081
0.00770248
0.0102378
0.125976
0.00154412
0.10624
0.00156503
0.00388818
0.0632423
0.0174353
0.0250066
0.0413995
0.017309
0.00116544
0.00593135
0.00147111
0.0389229
0.197453
0.0260426
0.0563444
0.0228772
0.0388279
0.0907171
0.0419863
0.0272561
0.229621
0.0944429
0.000520767
0.00224295
0.163244
0.0361039
0.000884542
0.00870325
0.00402906
0.00430758
0.00700259
0.00276635
0.0645255
0.310521
0.0769906
0.00237848
1e-05
0.0114914
0.0110581
0.00238954
0.186551
0.00691136
9.77532e-05
0.00198558
0.00917771
0.00530619
0.185892
0.0566418
0.0540307
1e-05
1e-05
0.000512213
0.000314439
0.126714
0.00102904
0.000793079
1e-05
0.0371129
0.0559091
0.00888541
0.000831123
0.00036483
0.0940994
0.00601965
0.276994
0.0803068
0.237944
1e-05
0.00982744
0.114216
0.00111753
0.00591845
0.0277831
0.153324
0.00652761
0.00118477
0.000402134
1e-05
0.000385399
0.00663382
0.0195885
0.0986577
0.0371667
0.0482862
0.000827752
0.0121982
0.162178
1e-05
0.00098199
0.0110051
0.00346333
0.00196595
0.0147489
0.0280695
0.00867025
0.238574
0.00298397
0.000786303
0.00483602
0.00475853
0.00278565
0.0247056
0.0213914
0.0423052
0.00685384
0.0076372
0.00134608
0.00376342
1e-05
0.00292467
0.0321546
0.00739616
0.0388508
0.000741536
0.00760593
0.00205218
0.0970402
0.0266852
0.0077801
1e-05
0.00239776
0.0395139
1e-05
0.00281548
0.00236089
0.00170762
0.00526145
1e-05
0.00507316
1e-05
1e-05
1e-05
0.044113
0.00032368
1e-05
0.00985578
1e-05
0.116579
0.0131993
1e-05
0.00587547
1e-05
1e-05
0.0485915
1e-05
0.00846931
0.00793475
1e-05
0.00195431
0.0332488
0.0310871
1e-05
1e-05
0.0231031
0.00972546
1e-05
  </DataArray>
  <DataArray type = "Float64" Name="UnVecteur" NumberOfComponents="3" format="ascii">
0 0 0.0 
0 0 0.0 
0 0 0.0 
0 0 0.0 
0 0 0.0 
0 0 0.0 
0 0 0.0 
0 0 0.0 
0 0 0.0 
0 0 0.0 
0 0 0.0 
0 0 0.0 
0 0 0.0 
0 0 0.0 
0 0 0.0 
0 0 0.0 
0 0 0.0 
0 0 0.0 
0 0 0.0 
0.259543 0.437905 0.0 
0 0 0.0 
0.11942 0.389156 0.0 
0 0 0.0 
0 0 0.0 
0.150558 0.483957 0.0 
0 0 0.0 
0 0 0.0 
0 0 0.0 
0 0 0.0 
0 0 0.0 
0 0 0.0 
0 0 0.0 
0 0 0.0 
0 0 0.0 
0 0 0.0 
0 0 0.0 
0.135517 0.426593 0.0 
0 0 0.0 
0 0 0.0 
0 0 0.0 
0.149143 0.45766 0.0 
0 0 0.0 
0 0 0.0 
0 0 0.0 
0 0 0.0 
0 0 0.0 
0 0 0.0 
0 0 0.0 
0 0 0.0 
0 0 0.0 
0.136268 0.385733 0.0 
0 0 0.0 
0 0 0.0 
0 0 0.0 
0 0 0.0 
0 0 0.0 
0 0 0.0 
0 0 0.0 
0 0 0.0 
0 0 0.0 
0 0 0.0 
0 0 0.0 
0 0 0.0 
0 0 0.0 
0 0 0.0 
0 0 0.0 
0.961069 -0.276308 0.0 
0 0 0.0 
0 0 0.0 
0 0 0.0 
0 0 0.0 
0 0 0.0 
0 0 0.0 
0 0 0.0 
0 0 0.0 
0 0 0.0 
0.161837 0.407748 0.0 
0 0 0.0 
0 0 0.0 
0 0 0.0 
0 0 0.0 
0 0 0.0 
0.445625 -0.0969862 0.0 
0 0 0.0 
0 0 0.0 
0 0 0.0 
0 0 0.0 
0 0 0.0 
0 0 0.0 
0 0 0.0 
0 0 0.0 
0 0 0.0 
0 0 0.0 
0 0 0.0 
0 0 0.0 
0.958521 0.00287142 0.0 
0 0 0.0 
0.402163 -0.914618 0.0 
0 0 0.0 
0 0 0.0 
0 0 0.0 
0.215487 0.524908 0.0 
0 0 0.0 
0 0 0.0 
-0.961151 -0.276023 0.0 
0 0 0.0 
0 0 0.0 
0 0 0.0 
0 0 0.0 
0 0 0.0 
0 0 0.0 
0 0 0.0 
0.294786 0.955547 0.0 
0 0 0.0 
0 0 0.0 
0 0 0.0 
0 0 0.0 
0 0 0.0 
0 0 0.0 
0 0 0.0 
0 0 0.0 
0 0 0.0 
0 0 0.0 
0.913531 0.406427 0.0 
0 0 0.0 
0 0 0.0 
0 0 0.0 
0.999469 0.0292562 0.0 
0 0 0.0 
0 0 0.0 
0 0 0.0 
0 0 0.0 
0 0 0.0 
0 0 0.0 
0 0 0.0 
0 0 0.0 
0 0 0.0 
0 0 0.0 
0 0 0.0 
0 0 0.0 
0.161644 0.400955 0.0 
0 0 0.0 
0 0 0.0 
0.999993 -0.00368814 0.0 
0 0 0.0 
0 0 0.0 
0 0 0.0 
0 0 0.0 
0 0 0.0 
0 0 0.0 
-0.374487 0.925567 0.0 
0 0 0.0 
0 0 0.0 
0 0 0.0 
0 0 0.0 
0 0 0.0 
0.91726 -0.000440639 0.0 
0 0 0.0 
0 0 0.0 
0.478859 0.306046 0.0 
0 0 0.0 
0 0 0.0 
0 0 0.0 
0 0 0.0 
0 0 0.0 
0 0 0.0 
0 0 0.0 
0.610682 0 0.0 
0 0 0.0 
-0.487689 0.802272 0.0 
0 0 0.0 
0 0 0.0 
0 0 0.0 
0 0 0.0 
0 0 0.0 
0 0 0.0 
0 0 0.0 
0 0 0.0 
0 0 0.0 
0 0 0.0 
0 0 0.0 
0 0 0.0 
-0.493698 0.755678 0.0 
0 0 0.0 
0 0 0.0 
0 0 0.0 
0 0 0.0 
0 0 0.0 
0 0 0.0 
0 0 0.0 
0 0 0.0 
0 0 0.0 
0.990352 -0.136114 0.0 
0.706986 0.707217 0.0 
0 0 0.0 
0 0 0.0 
0 0 0.0 
0 0 0.0 
0 0 0.0 
0.205037 -0.896919 0.0 
0 0 0.0 
-0.251484 0.967286 0.0 
0 0 0.0 
0 0 0.0 
0 0 0.0 
0.997281 0.0734736 0.0 
0.979431 0.20178 0.0 
0.160713 0.386076 0.0 
0.696903 0.715603 0.0 
0.999987 0.00510753 0.0 
0.174196 0.418466 0.0 
0.999999 -0.000397616 0.0 
0 0 0.0 
0 0 0.0 
0.96626 -0.254538 0.0 
0 0 0.0 
0.896885 0.442255 0.0 
0 0 0.0 
0 0 0.0 
-0.49946 0.852179 0.0 
0 0 0.0 
0 0 0.0 
0 0 0.0 
0 0 0.0 
0 0 0.0 
0 0 0.0 
0 0 0.0 
0 0 0.0 
0 0 0.0 
0 0 0.0 
0 0 0.0 
0 0 0.0 
0 0 0.0 
0 0 0.0 
0 0 0.0 
0 0 0.0 
0 0 0.0 
0 0 0.0 
0 0 0.0 
0 0 0.0 
0 0 0.0 
0 0 0.0 
0.905418 0.000506081 0.0 
0 0 0.0 
0 0 0.0 
0 0 0.0 
-0.10276 0.452121 0.0 
0 0 0.0 
0 0 0.0 
0 0 0.0 
0 0 0.0 
0.330231 0.330168 0.0 
0 0 0.0 
0 0 0.0 
0 0 0.0 
0 0 0.0 
0 0 0.0 
0 0 0.0 
0 0 0.0 
0.164025 0.321999 0.0 
0 0 0.0 
0 0 0.0 
0 0 0.0 
0 0 0.0 
0.754346 -0.0123532 0.0 
0 0 0.0 
0 0 0.0 
0 0 0.0 
0 0 0.0 
0 0 0.0 
0 0 0.0 
0 0 0.0 
0 0 0.0 
0.292237 -0.956346 0.0 
0 0 0.0 
0 0 0.0 
0.195723 -0.980405 0.0 
0 0 0.0 
0 0 0.0 
0.203611 0.444207 0.0 
0 0 0.0 
0 0 0.0 
0 0 0.0 
0 0 0.0 
0 0 0.0 
0 0 0.0 
0.208998 0.45114 0.0 
0 0 0.0 
0 0 0.0 
0.999677 -0.0232133 0.0 
0 0 0.0 
0 0 0.0 
0 0 0.0 
0 0 0.0 
0 0 0.0 
0 0 0.0 
0 0 0.0 
0 0 0.0 
0 0 0.0 
0 0 0.0 
0 0 0.0 
0.963869 0.00388336 0.0 
0 0 0.0 
0 0 0.0 
0 0 0.0 
0 0 0.0 
0 0 0.0 
0 0 0.0 
0 0 0.0 
0 0 0.0 
0 0 0.0 
0 0 0.0 
0 0 0.0 
0 0 0.0 
0 0 0.0 
0.210749 0.453415 0.0 
0 0 0.0 
0 0 0.0 
0 0 0.0 
0 0 0.0 
0 0 0.0 
0 0 0.0 
0 0 0.0 
0 0 0.0 
0.210749 0.453415 0.0 
1 0 0.0 
0.207182 0.407858 0.0 
0 0 0.0 
0 0 0.0 
0.335115 0.377272 0.0 
0 0 0.0 
0 0 0.0 
0 0 0.0 
0 0 0.0 
0 0 0.0 
0 0 0.0 
0 0 0.0 
0.88454 -0.00147818 0.0 
0 0 0.0 
0 0 0.0 
0 0 0.0 
0.977761 -0.00159846 0.0 
0 0 0.0 
0 0 0.0 
0 0 0.0 
0 0 0.0 
1 0.000637946 0.0 
0 0 0.0 
0.790365 0.00149946 0.0 
0.999955 -0.00892335 0.0 
0 0 0.0 
0.872096 0.000599132 0.0 
0 0 0.0 
0 0 0.0 
0.885437 -0.00202962 0.0 
1.22793e-10 -5.51608e-13 0.0 
0 0 0.0 
0 0 0.0 
0.999895 -0.0140962 0.0 
0 0 0.0 
-0.252531 -0.872957 0.0 
0.9897 0.0012662 0.0 
0 0 0.0 
0 0 0.0 
1 0 0.0 
0 0 0.0 
0.639547 0.00202699 0.0 
0.814581 0.017209 0.0 
0 0 0.0 
0 0 0.0 
0 0 0.0 
0 0 0.0 
0.869877 -0.00232383 0.0 
0.817385 0.00050861 0.0 
0 0 0.0 
-0.273995 0.911857 0.0 
0 0 0.0 
0 0 0.0 
0.987772 -0.148436 0.0 
0 0 0.0 
0 0 0.0 
0 0 0.0 
0.955287 -0.29505 0.0 
0 0 0.0 
0 0 0.0 
0 0 0.0 
0 0 0.0 
0 0 0.0 
0.295572 0.494607 0.0 
0 0 0.0 
0 0 0.0 
0 0 0.0 
0 0 0.0 
0 0 0.0 
0 0 0.0 
0.999441 0.0015072 0.0 
1 0 0.0 
1 0 0.0 
0.736613 -5.55985e-05 0.0 
0.999951 0.00977296 0.0 
0.979331 0.000774027 0.0 
0 0 0.0 
0.996637 -0.0799905 0.0 
0.805378 -0.000187112 0.0 
0 0 0.0 
1 0 0.0 
-0.177512 0.837967 0.0 
0 0 0.0 
0.449502 -0.00190685 0.0 
0.962421 -0.000271712 0.0 
0 0 0.0 
0.959026 -0.00657512 0.0 
0.834006 0.00467369 0.0 
0.830029 -0.00204186 0.0 
-0.999783 -0.00426985 0.0 
0.838427 0.00119021 0.0 
-0.326444 -0.945194 0.0 
0.226533 0.402565 0.0 
0.93804 0.00350021 0.0 
0.949306 0.00189462 0.0 
0.942952 0.00200752 0.0 
0.726052 0.00110955 0.0 
0.864712 -0.000891088 0.0 
0.776217 -0.00113874 0.0 
0.763668 0.000506963 0.0 
0 0 0.0 
-0.999478 0.0303555 0.0 
0.99684 -0.00126147 0.0 
0.226597 0.431385 0.0 
0.792848 3.52437e-05 0.0 
0.825133 0.0229565 0.0 
-0.217774 -0.920581 0.0 
1 0 0.0 
0.794817 0.000683022 0.0 
0.850423 0.000981194 0.0 
1 0.000514712 0.0 
1 0 0.0 
0 0 0.0 
0 0 0.0 
0 0 0.0 
0 0 0.0 
0 0 0.0 
0 0 0.0 
0 0 0.0 
0 0 0.0 
0 0 0.0 
0 0 0.0 
0 0 0.0 
0 0 0.0 
0 0 0.0 
0 0 0.0 
0 0 0.0 
0 0 0.0 
0 0 0.0 
0 0 0.0 
0 0 0.0 
0 0 0.0 
0 0 0.0 
0 0 0.0 
0 0 0.0 
0 0 0.0 
0 0 0.0 
0 0 0.0 
0 0 0.0 
0 0 0.0 
0 0 0.0 
0 0 0.0 
0 0 0.0 
0 0 0.0 
0 0 0.0 
0 0 0.0 
0 0 0.0 
0 0 0.0 
0 0 0.0 
0 0 0.0 
0 0 0.0 
0 0 0.0 
0 0 0.0 
0 0 0.0 
0 0 0.0 
0 0 0.0 
0 0 0.0 
0 0 0.0 
0 0 0.0 
0 0 0.0 
0 0 0.0 
0 0 0.0 
0 0 0.0 
0 0 0.0 
0 0 0.0 
0 0 0.0 
0 0 0.0 
0 0 0.0 
0 0 0.0 
0 0 0.0 
0 0 0.0 
0 0 0.0 
0 0 0.0 
0 0 0.0 
0 0 0.0 
0 0 0.0 
0 0 0.0 
0 0 0.0 
0 0 0.0 
0 0 0.0 
0 0 0.0 
0 0 0.0 
0 0 0.0 
0 0 0.0 
0 0 0.0 
0 0 0.0 
0 0 0.0 
0 0 0.0 
0 0 0.0 
0 0 0.0 
0 0 0.0 
0 0 0.0 
0 0 0.0 
0 0 0.0 
0 0 0.0 
0 0 0.0 
0 0 0.0 
0 0 0.0 
0 0 0.0 
0 0 0.0 
0 0 0.0 
0 0 0.0 
0 0 0.0 
0 0 0.0 
0 0 0.0 
0 0 0.0 
0 0 0.0 
0 0 0.0 
0 0 0.0 
0 0 0.0 
0 0 0.0 
0 0 0.0 
0 0 0.0 
0 0 0.0 
0 0 0.0 
0 0 0.0 
0 0 0.0 
0 0 0.0 
0 0 0.0 
0 0 0.0 
0 0 0.0 
0 0 0.0 
0 0 0.0 
0 0 0.0 
0 0 0.0 
0 0 0.0 
0 0 0.0 
0 0 0.0 
0 0 0.0 
0 0 0.0 
0 0 0.0 
0 0 0.0 
0 0 0.0 
0 0 0.0 
0 0 0.0 
0 0 0.0 
0 0 0.0 
0 0 0.0 
0 0 0.0 
0 0 0.0 
0 0 0.0 
0 0 0.0 
0 0 0.0 
0 0 0.0 
0 0 0.0 
0 0 0.0 
0 0 0.0 
0 0 0.0 
0 0 0.0 
0 0 0.0 
0 0 0.0 
0 0 0.0 
0 0 0.0 
0 0 0.0 
0 0 0.0 
0 0 0.0 
0 0 0.0 
0 0 0.0 
0 0 0.0 
0 0 0.0 
0 0 0.0 
0 0 0.0 
0 0 0.0 
0 0 0.0 
0 0 0.0 
0 0 0.0 
0 0 0.0 
0 0 0.0 
0 0 0.0 
0 0 0.0 
0 0 0.0 
0 0 0.0 
0 0 0.0 
0 0 0.0 
0 0 0.0 
0 0 0.0 
0 0 0.0 
0 0 0.0 
0 0 0.0 
0 0 0.0 
0 0 0.0 
0 0 0.0 
0 0 0.0 
0 0 0.0 
0 0 0.0 
0 0 0.0 
0 0 0.0 
0 0 0.0 
0 0 0.0 
0 0 0.0 
0 0 0.0 
0 0 0.0 
0 0 0.0 
0 0 0.0 
0 0 0.0 
0 0 0.0 
0 0 0.0 
0 0 0.0 
0 0 0.0 
0 0 0.0 
0 0 0.0 
0 0 0.0 
0 0 0.0 
0 0 0.0 
0 0 0.0 
0 0 0.0 
0 0 0.0 
0 0 0.0 
0 0 0.0 
0 0 0.0 
0 0 0.0 
0 0 0.0 
0 0 0.0 
0 0 0.0 
0 0 0.0 
0 0 0.0 
0 0 0.0 
0 0 0.0 
0 0 0.0 
0 0 0.0 
0 0 0.0 
0 0 0.0 
0 0 0.0 
0 0 0.0 
0 0 0.0 
0 0 0.0 
0 0 0.0 
0 0 0.0 
0 0 0.0 
0 0 0.0 
0 0 0.0 
0 0 0.0 
0 0 0.0 
0 0 0.0 
0 0 0.0 
0 0 0.0 
0 0 0.0 
0 0 0.0 
0 0 0.0 
0 0 0.0 
0 0 0.0 
0 0 0.0 
0 0 0.0 
0 0 0.0 
0 0 0.0 
0 0 0.0 
0 0 0.0 
0 0 0.0 
0 0 0.0 
0 0 0.0 
0 0 0.0 
0 0 0.0 
0 0 0.0 
0 0 0.0 
0 0 0.0 
0 0 0.0 
0 0 0.0 
0 0 0.0 
0 0 0.0 
0 0 0.0 
0 0 0.0 
0 0 0.0 
0 0 0.0 
0 0 0.0 
0 0 0.0 
0 0 0.0 
0 0 0.0 
0 0 0.0 
0 0 0.0 
0 0 0.0 
0 0 0.0 
0 0 0.0 
0 0 0.0 
0 0 0.0 
0 0 0.0 
0 0 0.0 
0 0 0.0 
0 0 0.0 
0 0 0.0 
0 0 0.0 
0 0 0.0 
0 0 0.0 
0 0 0.0 
0 0 0.0 
0 0 0.0 
0 0 0.0 
0 0 0.0 
0 0 0.0 
0 0 0.0 
0 0 0.0 
0 0 0.0 
0 0 0.0 
0 0 0.0 
0 0 0.0 
0 0 0.0 
0 0 0.0 
0 0 0.0 
0 0 0.0 
0 0 0.0 
0 0 0.0 
0 0 0.0 
0 0 0.0 
0 0 0.0 
0 0 0.0 
0 0 0.0 
0 0 0.0 
0 0 0.0 
0 0 0.0 
0 0 0.0 
0 0 0.0 
0 0 0.0 
0 0 0.0 
0 0 0.0 
0 0 0.0 
0 0 0.0 
0 0 0.0 
0 0 0.0 
0 0 0.0 
0 0 0.0 
0 0 0.0 
0 0 0.0 
0 0 0.0 
0 0 0.0 
0 0 0.0 
0 0 0.0 
0 0 0.0 
0.910941 -0.00191689 0.0 
0.727514 0.000728422 0.0 
0.863031 0.000179402 0.0 
0.903314 -0.00466805 0.0 
0.846183 0.000170352 0.0 
0.958288 -0.00516837 0.0 
0.677818 -0.00263032 0.0 
0.999998 0.0018757 0.0 
0.917994 0.00283357 0.0 
0.968862 -0.00184777 0.0 
0.684431 -0.0293316 0.0 
0.656882 0.000606903 0.0 
0.918672 -0.00261529 0.0 
-0.531788 0.846088 0.0 
-0.333397 0.942761 0.0 
0.998804 -0.00123817 0.0 
0.896349 -0.0011916 0.0 
0.948183 0.00557773 0.0 
0.999951 0.0097974 0.0 
0.998873 -0.0473057 0.0 
0.690887 0.0010564 0.0 
0.937829 -0.0244418 0.0 
0.962789 0.0262391 0.0 
0.86709 0.00494774 0.0 
0.924639 0.000915901 0.0 
0.946804 0.0401294 0.0 
0.987536 -0.0204533 0.0 
0.974025 -0.225479 0.0 
0.806854 -0.000234279 0.0 
0.989934 0.123087 0.0 
0.932701 -0.000292069 0.0 
0.789036 -0.000871291 0.0 
0.990633 0.136551 0.0 
0.813708 -0.0169916 0.0 
0.923569 0.0342862 0.0 
0.921917 0.0135157 0.0 
0.988598 0.0118258 0.0 
0.820626 -0.00957981 0.0 
0.84835 0.115172 0.0 
0.758855 0.00920232 0.0 
0.93602 0.0205093 0.0 
0.697091 0.716836 0.0 
0.921013 -0.0214538 0.0 
0.983687 0.000666468 0.0 
0.846229 -0.000720738 0.0 
0.895097 -0.010951 0.0 
0.831232 -0.000567732 0.0 
0.877478 -0.000473216 0.0 
0.999999 0.00103124 0.0 
0.99266 -0.0200783 0.0 
0.814594 -0.00190841 0.0 
0.995067 -0.0987616 0.0 
0.978396 0.0376991 0.0 
0.401889 0.0635481 0.0 
0.62824 -0.00100462 0.0 
0.938022 0.000996762 0.0 
0.91661 0.00157824 0.0 
0.939339 -0.00307889 0.0 
0.908655 -0.417545 0.0 
0.95642 0.0017203 0.0 
0.960667 -0.00246704 0.0 
0.856216 -0.516393 0.0 
0.907861 0.0211467 0.0 
0.797991 0.000125542 0.0 
0.900525 -0.000105521 0.0 
0.204009 -0.976346 0.0 
0.979414 0.0262024 0.0 
0.751252 -0.00139942 0.0 
0.999999 -0.000973581 0.0 
0.527249 0.647081 0.0 
0.911643 -0.00129085 0.0 
0.997749 -0.0519057 0.0 
0 0 0.0 
0.877931 0.00134863 0.0 
0.998859 -0.0475857 0.0 
0.910895 -0.00431311 0.0 
0.976196 -0.00719428 0.0 
0.950016 0.0168696 0.0 
1 0 0.0 
0.909868 -0.00154737 0.0 
-0.520207 -0.84009 0.0 
0.823545 0.00313145 0.0 
0.74224 -0.0304011 0.0 
0.956603 -0.00028461 0.0 
0.923479 -0.0176512 0.0 
0.889635 -0.00141079 0.0 
0.928383 0.000256321 0.0 
0.919019 0.00309057 0.0 
0.889704 0.00140175 0.0 
0.938932 -0.00141611 0.0 
0.677208 0.00324329 0.0 
0.818558 0.000357401 0.0 
0.852297 -0.0109781 0.0 
0.912586 -0.000480321 0.0 
0.907675 0.046913 0.0 
0.823095 0.0255204 0.0 
0.979707 0.000432128 0.0 
0.998222 0.0594621 0.0 
-0.982187 0.174861 0.0 
0.924773 0.00283588 0.0 
0.276098 -0.960515 0.0 
0.855139 0.00342857 0.0 
0.871233 -0.00424328 0.0 
0.856947 0.00117509 0.0 
0.886115 -0.00891872 0.0 
0.99994 0.009957 0.0 
0.902691 0.00251645 0.0 
0.87507 0.000275612 0.0 
-0.989655 0.143298 0.0 
0.835392 -0.000831884 0.0 
-0.476095 0.879303 0.0 
0.928458 -0.000785893 0.0 
-0.387214 0.921979 0.0 
-0.490077 0.871642 0.0 
0.949065 0.00137959 0.0 
0.60856 0.00197101 0.0 
-0.223907 -0.974145 0.0 
0.406538 -0.9136 0.0 
0.847247 -0.00155644 0.0 
0.808834 -0.00209171 0.0 
0.86495 -0.0032927 0.0 
0.716695 0.665884 0.0 
0.933841 -0.000473915 0.0 
0.827456 -0.000158513 0.0 
0.704207 0.000560213 0.0 
0.762495 0.0013617 0.0 
0.874595 0.000197469 0.0 
-0.345058 0.726998 0.0 
-0.541362 0.84079 0.0 
0.350658 -0.936439 0.0 
0.483819 -0.143248 0.0 
0 0 0.0 
-0.527749 -0.849033 0.0 
0 0 0.0 
0.364693 0.571966 0.0 
0.988858 -0.148858 0.0 
0.762189 -0.00275157 0.0 
0.919357 0.393412 0.0 
0.999989 0.00449621 0.0 
0.853559 -0.00261576 0.0 
0 0 0.0 
0.903281 -0.429006 0.0 
0.407652 0.386876 0.0 
0.374637 0.927149 0.0 
0.644613 0.396493 0.0 
0 0 0.0 
-0.979051 0.203307 0.0 
0.891968 -0.000464426 0.0 
0.999571 -0.0193813 0.0 
0.777764 0.469795 0.0 
-0.484076 -0.874966 0.0 
0.740556 -0.0370585 0.0 
0.271497 -0.962165 0.0 
0.958893 -0.283681 0.0 
0.8483 -0.459663 0.0 
0.70987 -0.38691 0.0 
0.807558 0.585599 0.0 
0.728681 -0.125564 0.0 
0.39228 0.360993 0.0 
0.919496 0.392661 0.0 
-0.460085 0.887857 0.0 
0.375364 0.899442 0.0 
0.957827 -0.287346 0.0 
0 0 0.0 
0.258859 0.391375 0.0 
0.463185 0.886249 0.0 
-0.512272 0.858793 0.0 
0.883514 0.337076 0.0 
0.995866 0.0907119 0.0 
-0.471742 0.877915 0.0 
0.188464 0.291892 0.0 
0.245694 0.330741 0.0 
-0.352929 -0.732893 0.0 
0.266829 -0.799348 0.0 
-0.239171 -0.799877 0.0 
0.263356 0.391549 0.0 
0 0 0.0 
0.457579 0.644511 0.0 
0.250146 -0.968208 0.0 
0.396368 -0.788766 0.0 
0.255279 0.365127 0.0 
0.255791 0.360288 0.0 
0.991373 -0.131072 0.0 
-0.998945 -0.0444256 0.0 
-0.246422 0.969107 0.0 
-0.965952 0.255991 0.0 
0.342735 0.19942 0.0 
0.254039 0.326022 0.0 
-0.489457 -0.851408 0.0 
-0.293323 -0.788483 0.0 
-0.991961 -0.122599 0.0 
0.0600556 -0.995681 0.0 
-0.498551 0.866811 0.0 
0.57883 -0.257925 0.0 
0.946005 0.243329 0.0 
0.87064 -0.49153 0.0 
0.555886 0.45957 0.0 
0.990587 -0.136857 0.0 
0.877057 0.480333 0.0 
0 0 0.0 
-0.984819 0.172161 0.0 
0.871223 0.424485 0.0 
0.93466 0.355366 0.0 
-0.263141 -0.964718 0.0 
0.989436 -0.144934 0.0 
0 0 0.0 
0.638689 -0.769398 0.0 
-0.298699 0.954323 0.0 
0.997884 -0.0634328 0.0 
0.28447 0.336134 0.0 
0.964309 0.264719 0.0 
0.384095 0.422523 0.0 
0.257441 0.304058 0.0 
0.530071 0.836688 0.0 
-0.78863 -0.613772 0.0 
0 0 0.0 
0.387608 -0.0150973 0.0 
0.995155 0.0981964 0.0 
-0.512912 -0.858441 0.0 
0.872997 0.487465 0.0 
0.438487 0.567003 0.0 
0.421211 0.444212 0.0 
0.287847 0.883283 0.0 
0.370995 0.919625 0.0 
0.879393 -0.476058 0.0 
0.97899 -0.203847 0.0 
0.525024 0.850851 0.0 
0.979016 -0.201877 0.0 
0.949236 -0.314566 0.0 
-0.937334 -0.345659 0.0 
0 0 0.0 
-0.97678 -0.0541679 0.0 
0.903173 0.00103169 0.0 
0.896411 -0.442289 0.0 
0.635808 -0.718824 0.0 
0.341249 0.354441 0.0 
0.344238 -0.938872 0.0 
-0.996788 0.0783382 0.0 
-0.999774 0.00645888 0.0 
0.705196 -0.58883 0.0 
0.947002 -0.320734 0.0 
0 0 0.0 
0.918822 0.391779 0.0 
0 0 0.0 
-0.999253 0.0256912 0.0 
0.864168 0.501486 0.0 
0.945712 -0.0483617 0.0 
-0.99199 0.124767 0.0 
-0.224602 -0.552889 0.0 
0.438889 0.42505 0.0 
-0.91316 -0.402038 0.0 
0.832571 -0.224168 0.0 
0.529674 0.102833 0.0 
-0.354337 0.93509 0.0 
0.603157 -0.797502 0.0 
0.979331 0.202115 0.0 
0.432309 0.217008 0.0 
-0.530174 -0.847863 0.0 
-0.516548 -0.855845 0.0 
0.999181 -0.0367613 0.0 
-0.245732 0.378327 0.0 
0.294096 0.17031 0.0 
0.980319 -0.197026 0.0 
0.757079 0.650064 0.0 
0.995353 0.0962973 0.0 
0.991185 0.127399 0.0 
0.903667 -0.427882 0.0 
0.972359 -0.233489 0.0 
0.258978 -0.965883 0.0 
0.991871 -0.12556 0.0 
0.974071 0.226242 0.0 
-0.405024 0.914226 0.0 
0.767185 -0.641424 0.0 
0.31838 0.269336 0.0 
0.994026 -0.109148 0.0 
0.377664 0.336633 0.0 
0 0 0.0 
-0.226975 0.973677 0.0 
0.318269 0.285579 0.0 
0.955332 -0.0795951 0.0 
-0.457912 -0.888911 0.0 
0 0 0.0 
-0.837618 -0.542451 0.0 
0.389217 0.284229 0.0 
0.354579 0.277263 0.0 
-0.848094 0.529233 0.0 
0 0 0.0 
0.994108 0.0238358 0.0 
-0.402882 -0.91516 0.0 
-0.650916 0.756414 0.0 
0.564246 -0.825607 0.0 
-0.851993 0.517615 0.0 
0.485686 -0.874085 0.0 
0.316741 0.239451 0.0 
0.994761 0.0639643 0.0 
0.999999 0.00126905 0.0 
-0.365913 -0.93063 0.0 
-0.936276 0.318121 0.0 
0.353958 0.243802 0.0 
0 0 0.0 
0.747961 -0.663743 0.0 
0.405323 0.292566 0.0 
0.356448 0.245005 0.0 
0.686431 -0.727195 0.0 
-0.448702 -0.893631 0.0 
-0.918152 0.393869 0.0 
-0.897513 -0.437319 0.0 
0 0 0.0 
-0.294767 -0.955198 0.0 
-0.543351 -0.838974 0.0 
0.379191 0.253227 0.0 
0.454943 0.215375 0.0 
-0.483958 -0.874943 0.0 
0.450365 0.195166 0.0 
0.430953 0.117013 0.0 
0.336048 0.208641 0.0 
0.974722 -0.220991 0.0 
-0.461945 0.886628 0.0 
-0.770958 0.634431 0.0 
0.317235 0.0441847 0.0 
-0.493083 0.86944 0.0 
0.399804 0.21577 0.0 
0.94014 -0.339854 0.0 
0.370612 0.182263 0.0 
-0.742062 -0.668652 0.0 
-0.596395 -0.802368 0.0 
0 0 0.0 
-0.970165 0.241911 0.0 
-0.995685 0.0764637 0.0 
0.528164 0.203268 0.0 
0.471797 0.217086 0.0 
-0.978643 -0.205017 0.0 
0 0 0.0 
-0.996618 0.0778181 0.0 
-0.993781 -0.105758 0.0 
-0.962144 0.268718 0.0 
-0.992472 -0.122473 0.0 
0.549775 -0.519199 0.0 
-0.178079 0.377748 0.0 
0.359866 0.153404 0.0 
0.330961 0.943347 0.0 
0 0 0.0 
-0.745797 0.665109 0.0 
0.86746 0.0138167 0.0 
-0.774325 0.631668 0.0 
0.424079 0.173941 0.0 
-0.638326 0.769766 0.0 
-0.577651 0.815612 0.0 
0.528253 0.213249 0.0 
-0.37262 0.927952 0.0 
0.504319 0.187957 0.0 
0 0 0.0 
0.909704 0.257006 0.0 
0.940699 0.338488 0.0 
0.191802 -0.889079 0.0 
0.819392 -0.573168 0.0 
0 0 0.0 
0.376527 0.0062007 0.0 
0.478418 0.14211 0.0 
-0.765184 -0.640144 0.0 
0.488466 0.170288 0.0 
0.972447 -0.231733 0.0 
0.94403 -0.32904 0.0 
0 0 0.0 
1 0.000385543 0.0 
-0.602465 -0.796007 0.0 
0.513556 -0.64346 0.0 
0.8367 -0.547661 0.0 
0.309351 -0.00730916 0.0 
0.514455 0.100586 0.0 
0.962297 -0.271859 0.0 
0.489091 0.0843192 0.0 
0.809807 -0.470365 0.0 
0.948485 0.249547 0.0 
0.805162 0.277784 0.0 
0.754986 0.233516 0.0 
0.996566 0.0804582 0.0 
0.986875 0.157239 0.0 
0.390476 -0.22392 0.0 
-0.31331 0.949276 0.0 
0.793057 -0.609124 0.0 
-0.328199 -0.944303 0.0 
0.517179 0.0267561 0.0 
0.949493 -0.313532 0.0 
0.889565 0.00060962 0.0 
0.980368 0.194426 0.0 
0.399313 0.031274 0.0 
0.634437 0.768623 0.0 
0 0 0.0 
0.978154 0.1968 0.0 
0.456075 0.0502179 0.0 
0.999889 -0.00468401 0.0 
0.452812 0.0394346 0.0 
0.86425 0.502105 0.0 
0.938453 -0.344771 0.0 
0.87036 0.492268 0.0 
0.501336 0.0289002 0.0 
0 0 0.0 
0 0 0.0 
0.524214 -0.0142625 0.0 
0.604175 -0.796761 0.0 
-0.4715 -0.877729 0.0 
0.459208 0.0164232 0.0 
-0.369766 0.929125 0.0 
-0.948518 0.316723 0.0 
0.637664 -0.130257 0.0 
0.974703 -0.222251 0.0 
-0.0729988 -0.987862 0.0 
0.450127 -0.000402524 0.0 
0.463968 -0.0840956 0.0 
-0.841175 0.536651 0.0 
0.383621 -0.182683 0.0 
0.407972 -0.0364418 0.0 
-0.893229 -0.441354 0.0 
0.863625 -0.500312 0.0 
0.505404 -0.0506032 0.0 
0.997457 -0.0712714 0.0 
0.95693 -0.286125 0.0 
0.376169 -0.0648201 0.0 
0.689871 -0.722324 0.0 
0.372306 -0.052238 0.0 
0.929928 0.367102 0.0 
0.396525 -0.0513182 0.0 
0.349014 -0.0512528 0.0 
0.949954 -0.000585191 0.0 
0.474576 -0.0877562 0.0 
0.984145 0.159353 0.0 
0.776135 0.630567 0.0 
-0.766896 -0.635729 0.0 
0.899313 -0.42709 0.0 
0.915758 -0.401681 0.0 
-0.839772 -0.538369 0.0 
0 0 0.0 
0.999998 0.00149074 0.0 
0.532975 -0.113816 0.0 
0.553804 -0.831379 0.0 
0.900803 0.434029 0.0 
-0.48554 0.873142 0.0 
-0.572435 -0.81995 0.0 
0.531646 -0.239828 0.0 
0.443448 -0.220959 0.0 
0.921795 -0.387679 0.0 
-0.786208 0.468866 0.0 
0.88134 0.467257 0.0 
0.467647 -0.115221 0.0 
0.407338 -0.0893174 0.0 
-0.998484 -0.0541129 0.0 
0 0 0.0 
0.936373 0.350585 0.0 
0.411973 -0.150639 0.0 
0.53429 -0.124115 0.0 
0.467657 -0.882522 0.0 
0.424825 -0.144965 0.0 
0.642157 0.672779 0.0 
-0.358719 -0.933402 0.0 
0.998175 -0.0600391 0.0 
0.999878 -0.0155922 0.0 
0.481868 -0.133429 0.0 
-0.387615 -0.921791 0.0 
-0.690149 -0.723211 0.0 
0.934568 0.345296 0.0 
-0.557272 -0.829961 0.0 
-0.393428 0.917391 0.0 
0.361114 -0.112095 0.0 
0.945667 -0.324831 0.0 
0.999997 0.00223504 0.0 
0 0 0.0 
0.523605 -0.165917 0.0 
-0.470094 -0.83642 0.0 
0.578166 -0.230708 0.0 
-0.813015 -0.55981 0.0 
0.999542 -0.0297293 0.0 
0.999627 -0.027192 0.0 
0.999576 0.0141778 0.0 
0.462589 -0.227961 0.0 
0.968031 0.249572 0.0 
0.999991 -0.00139565 0.0 
-0.976951 0.212137 0.0 
0.539657 0.841793 0.0 
0.97188 -0.234768 0.0 
0.880696 0.469228 0.0 
0.414047 -0.140579 0.0 
0 0 0.0 
0.999985 -0.00529682 0.0 
0.67659 0.728738 0.0 
0.468566 -0.883393 0.0 
-0.995526 -0.0944868 0.0 
-0.600098 0.799927 0.0 
0.411275 -0.151348 0.0 
-0.750973 0.655827 0.0 
0 0 0.0 
-0.935032 0.305865 0.0 
-0.374222 -0.927177 0.0 
0.398809 -0.159138 0.0 
-0.626909 0.777287 0.0 
-0.384648 0.923053 0.0 
0.849267 -0.527963 0.0 
0.50617 0.862276 0.0 
-0.793261 0.60723 0.0 
0 0 0.0 
0.395923 -0.168433 0.0 
0.464393 -0.185309 0.0 
-0.420238 0.907301 0.0 
-0.556366 -0.830938 0.0 
-0.632794 -0.772949 0.0 
0.729955 0.676509 0.0 
-0.959261 -0.272602 0.0 
-0.99528 -0.030135 0.0 
0.972016 -0.229453 0.0 
-0.993217 0.11399 0.0 
-0.980221 -0.195367 0.0 
0.999996 -0.0028381 0.0 
0.487117 -0.280155 0.0 
0.276958 -0.150954 0.0 
0.377284 -0.20507 0.0 
0.446823 -0.248645 0.0 
0.449729 0.158174 0.0 
0 0 0.0 
0.433892 -0.268414 0.0 
0.390322 -0.218481 0.0 
0.977444 0.209031 0.0 
-0.241871 0.362112 0.0 
0 0 0.0 
-0.35506 -0.934837 0.0 
0.437119 -0.270229 0.0 
0.459304 0.885665 0.0 
0.363334 -0.21385 0.0 
0.483006 -0.270822 0.0 
-0.998725 -0.0399609 0.0 
0.919956 0.390347 0.0 
0.407533 0.171547 0.0 
0.912748 0.407102 0.0 
0.999999 -0.000320687 0.0 
0.793659 0.608154 0.0 
-0.896756 -0.440377 0.0 
-0.941739 -0.255712 0.0 
-0.460118 0.887855 0.0 
0.987717 -0.156107 0.0 
-0.497544 -0.861862 0.0 
0.954771 0.295425 0.0 
-0.989835 -0.141057 0.0 
0.466354 -0.181079 0.0 
0.348914 -0.188786 0.0 
0.456273 -0.887999 0.0 
0 0 0.0 
0.45093 -0.186603 0.0 
-0.434712 -0.900536 0.0 
-0.985414 -0.170174 0.0 
0.999997 -0.000598466 0.0 
-0.992352 0.123434 0.0 
0 0 0.0 
-0.902879 0.428652 0.0 
0.822888 -0.0156536 0.0 
0.997214 0.0745955 0.0 
0.0969068 -0.980396 0.0 
0.970709 0.240257 0.0 
-0.189486 0.49825 0.0 
0.395022 -0.918407 0.0 
-0.0731583 0.440502 0.0 
0 0 0.0 
-0.100925 0.46063 0.0 
-0.227757 0.344256 0.0 
-0.95768 -0.285963 0.0 
0 0 0.0 
0 0 0.0 
0.99999 0.00411706 0.0 
0.911427 -0.411261 0.0 
-0.291374 0.441875 0.0 
-0.266543 0.40288 0.0 
-0.970928 -0.237801 0.0 
-0.274037 0.414208 0.0 
0.99946 0.0322803 0.0 
-0.358023 -0.933403 0.0 
-0.125407 0.487176 0.0 
-0.206497 0.478378 0.0 
-0.987713 0.15341 0.0 
-0.760041 0.646233 0.0 
-0.339955 0.55094 0.0 
0.927021 0.375008 0.0 
0.97224 0.102573 0.0 
0.990063 0.0447523 0.0 
0.608629 -0.793168 0.0 
-0.270727 0.419965 0.0 
0 0 0.0 
0 0 0.0 
-0.402076 0.599373 0.0 
-0.182874 0.28262 0.0 
-0.937917 0.345081 0.0 
0.864704 -0.502255 0.0 
0 0 0.0 
-0.360036 0.93292 0.0 
-0.332796 0.940036 0.0 
0.999106 0.03574 0.0 
-0.275953 0.410878 0.0 
-0.199525 0.439823 0.0 
0.789792 -0.557706 0.0 
0.896489 -0.442215 0.0 
-0.294402 0.946929 0.0 
0.864084 0.50333 0.0 
0.990334 -0.138166 0.0 
-0.676069 -0.735738 0.0 
0.708579 -0.703236 0.0 
0.999997 0.00259607 0.0 
0 0 0.0 
-0.867596 0.49602 0.0 
0.815587 0.572072 0.0 
-0.26612 0.407548 0.0 
0.435633 -0.900124 0.0 
0.405697 0.25247 0.0 
0.999996 0.000543111 0.0 
0.902624 -0.430429 0.0 
0 0 0.0 
0 0 0.0 
0.877443 0.0232448 0.0 
0.282411 0.959237 0.0 
-0.481783 -0.876184 0.0 
0.59069 0.802251 0.0 
0 0 0.0 
0.999045 0.0437022 0.0 
-0.257768 0.449546 0.0 
-0.232875 0.421378 0.0 
-0.19906 0.387742 0.0 
-0.246149 0.448689 0.0 
0.453922 0.884141 0.0 
0.851701 -0.523569 0.0 
-0.4157 0.908473 0.0 
-0.190017 0.359362 0.0 
0.749284 -0.00183563 0.0 
-0.398986 0.916957 0.0 
-0.994493 0.104808 0.0 
0.880801 -0.473433 0.0 
0.296519 -0.955027 0.0 
0.999997 0.00237744 0.0 
-0.180613 0.366565 0.0 
-0.813469 0.576917 0.0 
0.668379 -0.743821 0.0 
0.999999 0.00167955 0.0 
0.958011 0.285999 0.0 
0.999879 0.015517 0.0 
0.999994 0.00315974 0.0 
-0.406815 -0.902273 0.0 
-0.418805 -0.908056 0.0 
-0.170378 0.43516 0.0 
-0.355891 -0.934494 0.0 
-0.146711 0.439252 0.0 
-0.446378 0.894845 0.0 
-0.146225 0.462169 0.0 
0.330278 -0.943745 0.0 
-0.158476 0.482906 0.0 
0.928911 0.370304 0.0 
0.999699 0.0243651 0.0 
-0.152153 0.415067 0.0 
0.305499 -0.950443 0.0 
0.999997 0.00217089 0.0 
0.962919 -0.00130282 0.0 
0.850449 0.52574 0.0 
-0.181917 0.518726 0.0 
0.919772 -0.392142 0.0 
-0.149069 0.478701 0.0 
0.891221 0.453285 0.0 
-0.890343 0.455278 0.0 
-0.346705 -0.937911 0.0 
0.908436 0.417771 0.0 
0.810883 0.584436 0.0 
-0.68255 0.730839 0.0 
0.247721 -0.310819 0.0 
0.882028 0.471197 0.0 
0.919564 -0.392939 0.0 
0 0 0.0 
-0.121072 -0.562248 0.0 
1 0.00066485 0.0 
0.99999 0.00430813 0.0 
0.999677 -0.0254109 0.0 
0.78504 0.618744 0.0 
0.704599 0.709606 0.0 
-0.356568 0.9328 0.0 
-0.996202 0.0814153 0.0 
0.999728 0.0233133 0.0 
0 0 0.0 
0.73721 0.675664 0.0 
0.970721 0.240184 0.0 
0.393885 0.91916 0.0 
0 0 0.0 
0 0 0.0 
-0.395795 -0.918339 0.0 
-0.137382 0.535309 0.0 
-0.122709 0.416189 0.0 
0.9929 0.114888 0.0 
0.865128 0.00109053 0.0 
-0.949402 0.311065 0.0 
0.836997 0.546341 0.0 
-0.150034 -0.982121 0.0 
0.990256 0.0553102 0.0 
0 0 0.0 
-0.962963 0.236781 0.0 
0.649987 0.759945 0.0 
0.772084 0.635389 0.0 
0.972362 0.233479 0.0 
0.901888 -0.431968 0.0 
0.990274 0.13913 0.0 
0.815275 0.579046 0.0 
-0.115457 0.418768 0.0 
-0.993135 -0.0959311 0.0 
-0.428318 -0.903628 0.0 
-0.101766 0.480294 0.0 
-0.928344 0.36738 0.0 
-0.965315 0.0984822 0.0 
-0.0983843 -0.328968 0.0 
0.999957 -0.00850055 0.0 
-0.140242 -0.448154 0.0 
0.871546 0.489559 0.0 
-0.256042 0.966552 0.0 
0.997698 -0.0678207 0.0 
0 0 0.0 
-0.840563 -0.536505 0.0 
-0.0982748 0.464559 0.0 
0.859124 0.511044 0.0 
0.90923 0.415312 0.0 
0.999999 0.0013023 0.0 
-0.23816 0.960044 0.0 
0.973415 0.229047 0.0 
0.984555 -0.174506 0.0 
0.761539 0.619233 0.0 
-0.682819 0.728721 0.0 
0.646847 0.76262 0.0 
0.999999 0.000864622 0.0 
0.994891 -0.10053 0.0 
0.932499 -0.0413218 0.0 
0.999996 -0.00257512 0.0 
-0.32621 0.9445 0.0 
-0.505854 0.862619 0.0 
-0.998967 0.0161582 0.0 
0.856486 0.0164029 0.0 
0.966263 -0.256489 0.0 
0 0 0.0 
0.789839 -0.595085 0.0 
0.999992 -0.00396733 0.0 
-0.320136 0.946626 0.0 
0.999999 -0.00124965 0.0 
-0.119186 0.472844 0.0 
-0.351144 0.929412 0.0 
-0.429698 0.902973 0.0 
0.959251 0.279104 0.0 
-0.135576 0.553713 0.0 
-0.0960686 0.413311 0.0 
0.995975 -0.0893857 0.0 
0.941229 0.337768 0.0 
-0.305912 -0.951963 0.0 
-0.45307 0.891451 0.0 
0.700183 -0.713922 0.0 
0.961875 -0.273491 0.0 
-0.101289 0.462982 0.0 
0.999243 0.0355967 0.0 
0.985403 0.169495 0.0 
0.960677 0.276717 0.0 
-0.401234 -0.915938 0.0 
-0.957216 -0.287315 0.0 
-0.402941 0.915215 0.0 
0.938661 -0.344135 0.0 
0.941915 -0.0283458 0.0 
0.996822 -0.0774111 0.0 
0.999995 -0.00190663 0.0 
0 0 0.0 
0.942032 -0.335502 0.0 
-0.105867 0.478639 0.0 
-0.412752 0.910844 0.0 
-0.248555 -0.386182 0.0 
0.997311 0.073292 0.0 
-0.156725 -0.587807 0.0 
0.970239 -0.242151 0.0 
0.956446 -0.290796 0.0 
-0.399638 0.916403 0.0 
0.998421 -0.0555141 0.0 
0.975892 0.218254 0.0 
-0.308308 0.950857 0.0 
0.9999 -0.0141362 0.0 
-0.0891237 0.43548 0.0 
0.893302 -0.449417 0.0 
0.999988 0.00495028 0.0 
0.992699 -0.116926 0.0 
-0.175677 -0.721343 0.0 
0.999452 0.0177307 0.0 
0.90006 0.434881 0.0 
0.980685 0.195226 0.0 
0.997379 0.0695188 0.0 
0 0 0.0 
0 0 0.0 
0.833156 0.55191 0.0 
0.938893 0.0204287 0.0 
0.723934 0.689425 0.0 
0.938726 -0.343741 0.0 
0.97832 -0.204015 0.0 
0.354266 0.211251 0.0 
0 0 0.0 
-0.170329 0.523677 0.0 
-0.192647 0.314475 0.0 
-0.436104 -0.113739 0.0 
-0.624634 0.780331 0.0 
0.920594 0.390522 0.0 
-0.101068 -0.468779 0.0 
0.851627 0.00477787 0.0 
0.950278 0.310714 0.0 
0.886054 0.463487 0.0 
0.970241 0.241468 0.0 
0.910876 0.00174093 0.0 
0.9437 0.044534 0.0 
0.999255 0.034048 0.0 
0.963217 0.268726 0.0 
-0.996091 0.0874201 0.0 
0.659691 0.751537 0.0 
0.9894 -0.145218 0.0 
0 0 0.0 
-0.290914 0.956749 0.0 
-0.127836 -0.427446 0.0 
0 0 0.0 
0.99848 -0.0548954 0.0 
0.834173 0.00123108 0.0 
0.993888 -0.108021 0.0 
0.820218 0.01435 0.0 
0.786932 0.615815 0.0 
0.880725 0.473629 0.0 
-0.507672 -0.861551 0.0 
0.897146 -0.441554 0.0 
0.748629 0.662881 0.0 
0 0 0.0 
0.914192 0.0265695 0.0 
0.969704 -0.244233 0.0 
0.947426 0.31966 0.0 
0 0 0.0 
0.854968 -0.00374033 0.0 
-0.130564 -0.519718 0.0 
0.999983 0.00530394 0.0 
0.998631 -0.0521306 0.0 
0.999395 0.0347828 0.0 
0.952023 -0.306027 0.0 
0.977591 0.0432278 0.0 
0.798126 -0.0100152 0.0 
0.999808 -0.0180685 0.0 
0.825995 0.00152128 0.0 
-0.092609 -0.467619 0.0 
0 0 0.0 
-0.269305 -0.962253 0.0 
-0.127013 -0.594435 0.0 
0.955659 0.0424802 0.0 
0.92263 -0.00328588 0.0 
0.232863 -0.972504 0.0 
0.997571 -0.0696545 0.0 
0.827661 -0.0180028 0.0 
0.423137 -0.906066 0.0 
0.920227 -0.01467 0.0 
0.957873 0.00367349 0.0 
-0.117642 -0.577298 0.0 
0.991169 0.131897 0.0 
0.996642 -0.0810429 0.0 
0.998986 -0.040459 0.0 
-0.413713 -0.910408 0.0 
0.958494 -0.283956 0.0 
-0.42669 -0.904184 0.0 
-0.128069 -0.520476 0.0 
0.338429 -0.940857 0.0 
0.999719 0.0230924 0.0 
0.999995 0.00322654 0.0 
0.999998 -0.00210401 0.0 
0.573241 -0.819225 0.0 
0.976604 0.213809 0.0 
0 0 0.0 
0.989337 0.14381 0.0 
-0.141188 -0.336298 0.0 
0.826709 -0.000544307 0.0 
0.731722 0.000535518 0.0 
0.745108 -0.663629 0.0 
0.0142804 0.96857 0.0 
-0.10599 -0.469996 0.0 
0 0 0.0 
-0.12701 -0.573405 0.0 
-0.95154 -0.303784 0.0 
0.773929 -0.0159119 0.0 
0 0 0.0 
0.821978 -0.00515793 0.0 
0.998311 0.0580909 0.0 
0.913575 -0.011982 0.0 
-0.489176 0.87217 0.0 
0.919003 -0.0143597 0.0 
-0.136204 -0.397108 0.0 
0.632146 -0.774328 0.0 
0.979927 -0.199221 0.0 
-0.108257 -0.458714 0.0 
-0.98138 0.181262 0.0 
-0.42746 0.903926 0.0 
-0.0993363 -0.41979 0.0 
0.991859 0.126787 0.0 
0.999534 0.0305293 0.0 
0.902983 0.429058 0.0 
-0.151192 -0.462787 0.0 
0.7987 -0.000611422 0.0 
0.961285 0.27498 0.0 
0.931382 -0.000183646 0.0 
0.999996 -0.00155593 0.0 
0.998452 -0.0556278 0.0 
0.873983 -0.00226386 0.0 
0.946691 0.319093 0.0 
0.952439 0.0183272 0.0 
0.930759 0.365527 0.0 
-0.337703 -0.59631 0.0 
0.999936 0.0108368 0.0 
0.568347 -0.816886 0.0 
0.996255 -0.0863219 0.0 
0.999985 -0.00546869 0.0 
-0.132913 -0.357282 0.0 
-0.444462 0.895758 0.0 
0.985544 0.169357 0.0 
0.953758 -0.00508463 0.0 
-0.130328 -0.469268 0.0 
0.997407 -0.071249 0.0 
0.922124 0.385935 0.0 
1 0.000239278 0.0 
0.587811 0.80728 0.0 
-0.164112 -0.429689 0.0 
0.616268 0.0407876 0.0 
-0.152066 -0.340098 0.0 
0.932832 -0.359636 0.0 
0.110645 -0.46155 0.0 
-0.290794 -0.956786 0.0 
0.927428 -0.00226082 0.0 
0.996521 -0.0827726 0.0 
0.00992402 0.993193 0.0 
-0.37096 -0.613069 0.0 
0.376118 0.83314 0.0 
0.979793 -0.198976 0.0 
0 0 0.0 
-0.994386 0.105534 0.0 
0.884769 0.00510898 0.0 
0.780377 -0.62531 0.0 
0.904698 -0.00110056 0.0 
1 0.000210416 0.0 
0.950649 -0.309909 0.0 
0 0 0.0 
0.987968 -0.154661 0.0 
0.932892 -0.359138 0.0 
0.999947 -0.00945748 0.0 
-0.0568656 -0.46043 0.0 
-0.78052 0.622876 0.0 
-0.454795 0.8905 0.0 
0.999996 -0.000641893 0.0 
0 0 0.0 
0.951535 -0.306906 0.0 
-0.17522 -0.449578 0.0 
-0.410152 0.909529 0.0 
0.999931 0.011314 0.0 
0 0 0.0 
-0.170084 -0.416191 0.0 
0.999674 -0.0255245 0.0 
0.937122 0.000777899 0.0 
-0.150337 -0.31219 0.0 
0.969378 -0.245346 0.0 
-0.195072 -0.44369 0.0 
0.952958 -0.00288639 0.0 
-0.441437 0.896827 0.0 
0.850647 0.00441988 0.0 
0.989776 0.03479 0.0 
-0.264124 -0.484239 0.0 
-0.205143 -0.444489 0.0 
0.980913 -0.194449 0.0 
-0.200185 -0.398018 0.0 
1 0.000415264 0.0 
0.999071 0.0430488 0.0 
0.827539 -0.000522941 0.0 
-0.295599 -0.469591 0.0 
0.972185 0.00114347 0.0 
0 0 0.0 
0.980298 0.196167 0.0 
-0.257052 -0.45672 0.0 
-0.390501 0.920242 0.0 
-0.229735 -0.370885 0.0 
0.999983 -0.00552387 0.0 
1 -0.000135702 0.0 
-0.287933 -0.472562 0.0 
-0.280957 -0.445313 0.0 
-0.251426 -0.38704 0.0 
0.999997 0.00140394 0.0 
1 0.000458606 0.0 
0.859005 -0.000236223 0.0 
0.920729 -0.00184768 0.0 
0 0 0.0 
0.999081 -0.0428531 0.0 
0.999999 0.00138636 0.0 
0.856689 0.00308904 0.0 
0.999997 0.00231354 0.0 
0.914948 -0.40161 0.0 
-0.246936 -0.39383 0.0 
-0.995282 0.0969436 0.0 
0.990723 0.00602923 0.0 
0.505746 -0.0585166 0.0 
-0.188785 -0.444169 0.0 
-0.34715 -0.534397 0.0 
0.8925 -0.44969 0.0 
0.425232 -0.195442 0.0 
-0.250811 -0.429755 0.0 
0.999952 0.0082799 0.0 
0.999928 -0.0095965 0.0 
0.943818 0.00131255 0.0 
-0.329339 -0.479507 0.0 
0.669378 0.00225961 0.0 
0.999991 -0.000426662 0.0 
0 0 0.0 
0.844943 -0.533753 0.0 
-0.310891 -0.457363 0.0 
0.793624 0.000838216 0.0 
-0.257662 -0.403958 0.0 
-0.901872 -0.419391 0.0 
0.999983 0.00475857 0.0 
1 0.000281898 0.0 
1 0 0.0 
0.799992 0.00227118 0.0 
-0.609243 0.792983 0.0 
0.997333 0.0120595 0.0 
0 0 0.0 
0 0 0.0 
-0.232134 -0.420483 0.0 
-0.259835 -0.41526 0.0 
0.920345 0.000731104 0.0 
1 0.000805337 0.0 
1 -0.000100582 0.0 
1 -0.000465117 0.0 
0.936461 0.350265 0.0 
0 0 0.0 
0 0 0.0 
1 0.000120008 0.0 
0.930133 0.00236985 0.0 
-0.550318 0.825425 0.0 
1 -0.000569834 0.0 
0.999995 0.00330443 0.0 
0.985887 0.000318015 0.0 
1 -0.000646448 0.0 
-0.113337 -0.424485 0.0 
0.837825 -0.000459531 0.0 
0.791918 -0.00127262 0.0 
0.999994 -0.00338027 0.0 
0.439625 0.156039 0.0 
0.686054 -0.0009864 0.0 
0.86368 -0.47208 0.0 
0 0 0.0 
0.891101 -0.000289293 0.0 
0.879552 0.00170253 0.0 
0.981558 0.000714495 0.0 
0.846826 -0.00138476 0.0 
1 0.000596302 0.0 
0.921508 0.00400728 0.0 
0.923817 0.00459695 0.0 
0.999999 0.00074594 0.0 
0.887253 -0.00136663 0.0 
0.999994 0.00356892 0.0 
0.971022 -0.00476127 0.0 
-0.99897 0.0453713 0.0 
0.961247 -0.00209365 0.0 
0.999998 0.00195356 0.0 
0.869995 0.00210566 0.0 
0.90438 -0.000713573 0.0 
0.76564 -0.000435529 0.0 
0.92861 -0.000478525 0.0 
1 -0.000705927 0.0 
1 0 0.0 
0.999996 0.0025066 0.0 
0.999999 0.00135135 0.0 
1 7.17092e-05 0.0 
0.934329 -2.65324e-05 0.0 
0.954356 0.000811329 0.0 
1 0.000226241 0.0 
-0.111276 -0.416768 0.0 
0.76442 -0.00122481 0.0 
0.745467 -0.00103303 0.0 
0.740433 0.00162961 0.0 
0.889808 0.000866954 0.0 
0.949364 0.00170829 0.0 
0 0 0.0 
0.999998 0.00187712 0.0 
0.999152 0.000416564 0.0 
0.345325 -0.938482 0.0 
0.210944 -0.437742 0.0 
0.966078 -7.30014e-05 0.0 
0.889059 0.0012014 0.0 
0.936451 -0.00457186 0.0 
1 -0.000183694 0.0 
0.816073 -0.00251738 0.0 
0.358797 0.171157 0.0 
0.839988 -0.000258572 0.0 
0.822817 0.000169463 0.0 
0.999862 0.0155509 0.0 
0.890033 -0.00215021 0.0 
0 0 0.0 
1 0.000303013 0.0 
1 -0.000185296 0.0 
0.849667 -0.00117518 0.0 
1 -0.000674819 0.0 
0.841243 -0.000380988 0.0 
0.482035 -0.0611681 0.0 
0.79978 -0.000509389 0.0 
0.928401 -0.000634409 0.0 
-0.523937 -0.850733 0.0 
0.999999 -0.00137794 0.0 
0.999997 0.00238636 0.0 
0.999999 -4.70083e-05 0.0 
0.944762 0.00182375 0.0 
0.846512 -0.00098022 0.0 
0.825165 0.00263116 0.0 
0.648247 0.00110058 0.0 
0 0 0.0 
0.897622 0.000106615 0.0 
1 0.000365919 0.0 
0.999996 0.00254601 0.0 
0.848301 0.00246669 0.0 
1 0.000401946 0.0 
0.74009 0.000530223 0.0 
0.526108 0.0249359 0.0 
0.920313 -0.000218616 0.0 
0.808192 -0.00165226 0.0 
0.948255 0.00250366 0.0 
0.447285 0.167464 0.0 
0.999999 0.00122406 0.0 
0.89935 0.000172605 0.0 
0.370107 -0.210794 0.0 
0.999892 0.013775 0.0 
0.999997 0.00172057 0.0 
-0.259553 -0.96563 0.0 
0.430325 0.178572 0.0 
0 0 0.0 
0.503051 -0.0571818 0.0 
0.445918 0.262277 0.0 
0.757732 -0.000143414 0.0 
0.806006 0.000611844 0.0 
0.187854 -0.95923 0.0 
0.803574 -0.00162426 0.0 
0 0 0.0 
-0.0423629 0.996415 0.0 
0.999996 0.00259899 0.0 
0.999998 0.000242945 0.0 
0.406659 0.19909 0.0 
0.940976 0.337603 0.0 
0.80776 4.79005e-07 0.0 
-0.319768 -0.946994 0.0 
-0.107284 -0.97354 0.0 
0.770028 0.00299713 0.0 
-0.338457 0.940737 0.0 
0.895136 -0.0040211 0.0 
0.50886 0.86085 0.0 
0.460136 0.272444 0.0 
0.999999 -0.000285211 0.0 
0.911107 0.000637924 0.0 
0.999999 0.00116425 0.0 
-0.305077 -0.945029 0.0 
0.999992 -0.00194107 0.0 
0.999993 -0.00149981 0.0 
0.206145 -0.458266 0.0 
0.926391 -0.00552906 0.0 
0.807228 0.460088 0.0 
-0.492697 -0.326748 0.0 
0.999996 -0.0003572 0.0 
0.999999 0.0011737 0.0 
-0.996802 0.0733456 0.0 
0.25479 0.966493 0.0 
0.999989 -0.00421592 0.0 
0 0 0.0 
0.999999 0.000439438 0.0 
0.884601 -0.466015 0.0 
0 0 0.0 
0.890143 0.362405 0.0 
0.564011 0.154978 0.0 
0.999999 0.000310705 0.0 
0.810629 0.585561 0.0 
0.999996 -0.00190141 0.0 
0.999993 0.00273456 0.0 
0.54993 0.116496 0.0 
1 9.73422e-05 0.0 
0.401529 0.234166 0.0 
0.977571 -0.209183 0.0 
0.892829 -0.449869 0.0 
0.434308 0.255816 0.0 
0.3703 0.216074 0.0 
0 0 0.0 
0.388797 0.221599 0.0 
0.37398 0.219314 0.0 
0.999997 -0.00214026 0.0 
0.999998 0.00208066 0.0 
0.385994 0.154783 0.0 
0 0 0.0 
0.998471 -0.039309 0.0 
0.928339 -0.37137 0.0 
1 -0.000294132 0.0 
0.663019 0.341773 0.0 
0.999996 -0.00273146 0.0 
0.573692 0.818342 0.0 
-0.378703 -0.925518 0.0 
0.999999 -0.000192753 0.0 
1 0.000800953 0.0 
0.999998 -0.00148163 0.0 
0 0 0.0 
0.3911 0.222911 0.0 
1 0.000428357 0.0 
0.364107 0.152442 0.0 
0.937955 -0.0270979 0.0 
0.956932 0.000344253 0.0 
0.476715 0.0045377 0.0 
-0.632391 -0.771711 0.0 
0.379726 0.151796 0.0 
0.999997 0.000223889 0.0 
0.541626 0.0449753 0.0 
0.999998 0.00159076 0.0 
0.50514 -0.862246 0.0 
0.521563 0.18357 0.0 
0.999992 0.00276726 0.0 
0.999994 0.00335882 0.0 
0.368435 0.124745 0.0 
0.999996 -0.00283337 0.0 
0.457717 0.142578 0.0 
0.912479 -0.4091 0.0 
-0.496109 0.868236 0.0 
0.999997 0.00246374 0.0 
-0.428783 -0.902877 0.0 
-0.43153 -0.901965 0.0 
0.437913 0.0590137 0.0 
1 -0.000780598 0.0 
0.448392 0.131887 0.0 
0.999998 -0.00103448 0.0 
1 0.000670361 0.0 
-0.437323 -0.899186 0.0 
0.495711 0.103933 0.0 
0.999999 9.31309e-05 0.0 
0.743913 0.431314 0.0 
0.999995 -0.00266805 0.0 
0.999999 0.00102769 0.0 
0.999996 -0.00277697 0.0 
1 -0.000409819 0.0 
0.424883 0.131416 0.0 
0 0 0.0 
1 0.000777447 0.0 
0.999987 -0.00479821 0.0 
1 -0.000206036 0.0 
1 -0.000334685 0.0 
0.893378 0.449277 0.0 
0.999992 -0.00291561 0.0 
-0.965009 0.255967 0.0 
0.999994 -0.000673921 0.0 
0.509067 -0.860727 0.0 
0.662602 0.414863 0.0 
-0.499615 0.866047 0.0 
0.726928 0.48589 0.0 
0.371044 0.10209 0.0 
-0.435008 0.898884 0.0 
0.450452 0.112036 0.0 
0.999996 -0.00240496 0.0 
0.566803 0.135621 0.0 
0.442874 0.0918531 0.0 
0 0 0.0 
0.999999 -0.00112826 0.0 
0.999999 0.00122287 0.0 
0 0 0.0 
0.999973 -0.00651201 0.0 
-0.193348 -0.534995 0.0 
0.999942 0.0107619 0.0 
0.847555 0.224443 0.0 
0 0 0.0 
0.43505 0.078169 0.0 
0.916397 0.399107 0.0 
0.998791 0.0146419 0.0 
0.999995 0.0010204 0.0 
0.374022 0.0141272 0.0 
0 0 0.0 
0.855257 0.00104073 0.0 
0.495521 0.066777 0.0 
0.977505 -0.210851 0.0 
0.472769 -0.137648 0.0 
0.428573 0.00259815 0.0 
0.514408 0.0627859 0.0 
1 0.00038177 0.0 
0.970772 0.240002 0.0 
0.420624 0.0377561 0.0 
0.999983 -0.00588263 0.0 
0.991472 0.107792 0.0 
0.999976 -0.0053622 0.0 
0.999999 0.000993722 0.0 
0.957251 0.286295 0.0 
0.506309 -0.0385637 0.0 
0.999995 0.00301513 0.0 
0.998802 -0.0448803 0.0 
0.999998 -0.000807002 0.0 
0.902933 -0.429632 0.0 
0.987681 -0.156242 0.0 
0.421413 0.00890824 0.0 
0 0 0.0 
0.496093 -0.00358739 0.0 
0.999984 -0.000191992 0.0 
0.999999 -0.00124821 0.0 
0 0 0.0 
-0.393782 0.74169 0.0 
-0.214815 0.948751 0.0 
0.966219 -0.25572 0.0 
0.999993 -0.00352259 0.0 
0.445709 -0.00859539 0.0 
1 5.07411e-05 0.0 
0.97211 0.234198 0.0 
0.878235 0.477967 0.0 
0.999988 0.00476728 0.0 
0.999998 0.00106956 0.0 
0.484178 -0.00805371 0.0 
0 0 0.0 
0.477662 -0.0242427 0.0 
1 -0.000557815 0.0 
0.999997 0.00140083 0.0 
1 0.000483391 0.0 
0.976649 0.212558 0.0 
-0.313512 -0.74676 0.0 
0.999996 0.00154872 0.0 
1 -0.0005965 0.0 
0.480155 -0.0243693 0.0 
1 -0.000199665 0.0 
0.485689 -0.0371719 0.0 
1 4.2453e-05 0.0 
1 -0.000414603 0.0 
0.999998 0.00207214 0.0 
0.999996 0.00275931 0.0 
0.37043 -0.928756 0.0 
0.835432 -0.489848 0.0 
-0.21757 -0.921898 0.0 
0.526314 -0.0645472 0.0 
0.399744 0.877746 0.0 
-0.445116 0.895447 0.0 
0.325997 -0.940227 0.0 
-0.320209 0.947184 0.0 
0.999998 -0.00154872 0.0 
0.999998 0.00168303 0.0 
0.999999 0.00099043 0.0 
0.872909 0.487824 0.0 
1 -0.000122789 0.0 
0.499749 -0.069119 0.0 
0.999998 -0.0015155 0.0 
0.999999 -0.000333804 0.0 
0.847342 -0.482131 0.0 
0.700406 0.529908 0.0 
0.996554 0.0810069 0.0 
0.999999 -0.00121536 0.0 
0.867243 -0.496448 0.0 
-0.509584 -0.860421 0.0 
1 -0.00024992 0.0 
0.412611 -0.133676 0.0 
0.999999 -0.00101034 0.0 
0.530236 -0.0736386 0.0 
0.999999 0.000476145 0.0 
0.999999 -0.00112857 0.0 
-0.260656 -0.938536 0.0 
0.512888 -0.104023 0.0 
0.815818 -0.347064 0.0 
0.434458 -0.0824709 0.0 
0.895843 -0.4406 0.0 
-0.852592 -0.0829481 0.0 
0.997427 0.0692282 0.0 
0.773415 0.633716 0.0 
0.589588 -0.378195 0.0 
0.999992 -0.0039814 0.0 
0.999998 1.99222e-05 0.0 
-0.265784 -0.894358 0.0 
0.981394 0.191363 0.0 
0.536646 -0.17386 0.0 
1 -0.00032169 0.0 
0.999998 -0.00197618 0.0 
0 0 0.0 
0.48618 -0.116744 0.0 
0.999999 0.000126814 0.0 
0.999998 0.00148913 0.0 
0.224238 0.909778 0.0 
0.999997 0.00232438 0.0 
0.999998 0.00200665 0.0 
-0.215865 0.976233 0.0 
0.422559 -0.109639 0.0 
-0.226516 0.972498 0.0 
0.999998 -0.00218892 0.0 
0.315942 -0.0851822 0.0 
0.343344 0.431352 0.0 
0.999948 0.0089988 0.0 
-0.205057 0.978525 0.0 
0.80063 -0.597185 0.0 
0.595824 -0.179172 0.0 
0.550239 -0.342513 0.0 
-0.418655 -0.908139 0.0 
0.723733 0.690057 0.0 
0.543796 -0.19968 0.0 
0.983966 -0.17823 0.0 
-0.37693 0.92624 0.0 
0.294149 0.923534 0.0 
-0.146951 -0.98766 0.0 
0.958716 0.280456 0.0 
0.813954 -0.276791 0.0 
0.632662 0.741515 0.0 
0.559483 -0.200376 0.0 
0.230933 -0.501529 0.0 
0.900798 -0.0353989 0.0 
0.996878 -0.0755164 0.0 
-0.196034 0.843385 0.0 
0.999994 -0.000528735 0.0 
0.594592 0.804004 0.0 
-0.249866 -0.967068 0.0 
0.999995 -0.00292977 0.0 
-0.255961 0.95986 0.0 
0.999994 -0.00310925 0.0 
0.490809 0.871267 0.0 
0.975146 -0.220552 0.0 
0.999992 -0.00405105 0.0 
0.240995 -0.970526 0.0 
0.999986 -0.00499782 0.0 
-0.493789 -0.869514 0.0 
0.534744 -0.23076 0.0 
0.996919 -0.078034 0.0 
-0.501428 0.865199 0.0 
0.985524 0.169514 0.0 
-0.346539 -0.938034 0.0 
-0.469624 -0.882811 0.0 
-0.983524 0.179696 0.0 
0.999996 -0.00209817 0.0 
0.744749 0.512973 0.0 
0.722837 0.684335 0.0 
-0.285314 -0.958434 0.0 
0.973875 0.22632 0.0 
0.493761 -0.197589 0.0 
0.999999 -0.000949723 0.0 
0.82448 -0.00208289 0.0 
0.998978 0.0436856 0.0 
-0.968031 -0.245507 0.0 
0.95233 0.304952 0.0 
0.301361 0.853059 0.0 
0.990559 0.135842 0.0 
0.992289 -0.123745 0.0 
0 0 0.0 
0.46469 -0.201412 0.0 
0.466845 -0.226575 0.0 
0.999898 0.0131783 0.0 
0.835483 0.0262997 0.0 
0.876392 -0.00150584 0.0 
0.997341 -0.072538 0.0 
0.999938 -0.0111333 0.0 
0.999999 -0.00169602 0.0 
-0.686709 0.725836 0.0 
0.471908 -0.247036 0.0 
0.375296 -0.202493 0.0 
1 -0.000542531 0.0 
0.999932 -0.0114709 0.0 
1 -0.000538888 0.0 
0.958598 -0.28081 0.0 
0.783483 -0.621066 0.0 
0.996635 0.0817277 0.0 
0.380787 -0.193493 0.0 
0.999237 0.0243528 0.0 
0.999811 -0.0179394 0.0 
0.309574 -0.95072 0.0 
0.83581 -0.548963 0.0 
0.52343 -0.851308 0.0 
-0.361775 -0.932254 0.0 
0.494587 0.311704 0.0 
0.903869 0.132796 0.0 
0.973398 -0.00614803 0.0 
0.999958 -0.00917333 0.0 
0.491299 0.825566 0.0 
0.402797 -0.266568 0.0 
0.84108 -0.308083 0.0 
0.999545 -0.020871 0.0 
0.942119 0.33508 0.0 
0.98731 0.158803 0.0 
0.993122 -0.116229 0.0 
0.771264 -0.00547351 0.0 
0.311164 0.789079 0.0 
0.875866 -0.482389 0.0 
0.732051 0.578611 0.0 
0.852474 -0.0737478 0.0 
0.998436 -0.0272974 0.0 
0.226843 -0.973901 0.0 
0.999965 0.00728147 0.0 
0.145418 -0.968595 0.0 
0.999994 -0.00345923 0.0 
0.999996 -0.00215842 0.0 
0.95831 0.285647 0.0 
0.773945 -0.633247 0.0 
-0.437742 0.880415 0.0 
0.337807 -0.19621 0.0 
0.999747 -0.0218666 0.0 
0.646437 -0.594586 0.0 
0.524826 -0.669731 0.0 
0.992633 0.121023 0.0 
0.680192 -0.732913 0.0 
0.997733 0.0657471 0.0 
0.989506 -0.143885 0.0 
0.999076 -0.0315242 0.0 
0.999127 0.0344003 0.0 
0.999771 0.0123753 0.0 
0.690527 -0.723307 0.0 
-0.990731 0.130015 0.0 
0.801534 -0.597946 0.0 
-0.369312 0.929305 0.0 
0.508969 -0.349115 0.0 
-0.891173 0.453665 0.0 
-0.529303 0.848383 0.0 
0.997639 0.0682799 0.0 
0.435425 -0.893752 0.0 
0.999614 0.0274274 0.0 
0.990586 0.136895 0.0 
0.996844 -0.0793831 0.0 
0.999997 0.00224717 0.0 
0.862329 -0.491832 0.0 
0.876642 -0.127974 0.0 
0.999995 -0.00317629 0.0 
0.784645 0.028819 0.0 
0.494206 -0.351879 0.0 
0.913363 -0.407043 0.0 
0.992493 -0.122282 0.0 
0.529654 -0.491553 0.0 
0 0 0.0 
0.937033 0.299163 0.0 
-0.582263 0.81251 0.0 
0.692367 -0.693917 0.0 
0.397684 -0.9175 0.0 
0.845119 -0.219278 0.0 
0.547635 -0.835458 0.0 
0.96688 0.255082 0.0 
-0.309584 0.950549 0.0 
0 0 0.0 
0.568345 -0.822271 0.0 
0.993603 -0.112028 0.0 
0.354751 -0.264143 0.0 
0.99607 -0.0847176 0.0 
0 0 0.0 
0.840134 0.34581 0.0 
-0.0135968 0.987243 0.0 
0.684825 -0.607444 0.0 
0.974134 -0.225313 0.0 
0.998358 0.0434624 0.0 
-0.360234 0.932829 0.0 
0.993486 0.107153 0.0 
0.508597 -0.860992 0.0 
0 0 0.0 
0.999849 0.0171094 0.0 
0.978605 0.167154 0.0 
0.995527 -0.0929935 0.0 
-0.513428 -0.858102 0.0 
0.889428 0.0165857 0.0 
0.870538 -0.00236564 0.0 
0.988437 0.000825591 0.0 
-0.622185 0.71839 0.0 
0.596034 -0.802407 0.0 
0.497459 -0.376667 0.0 
0.434469 -0.353113 0.0 
0.929172 -0.166362 0.0 
-0.375246 -0.0978669 0.0 
0.985949 0.164463 0.0 
-0.661813 -0.748077 0.0 
-0.998829 -0.048381 0.0 
0 0 0.0 
0.317641 0.527012 0.0 
0.999998 -0.00171981 0.0 
0.394318 -0.299959 0.0 
0.984239 0.176846 0.0 
-0.643702 -0.66447 0.0 
0.330748 -0.279821 0.0 
0.978207 0.207483 0.0 
0.999999 -0.000387589 0.0 
-0.393904 0.919136 0.0 
0.999998 -0.00178048 0.0 
0 0 0.0 
0.576698 0.816559 0.0 
0.999534 0.0272493 0.0 
0.976574 0.00443721 0.0 
0.999102 -0.0423686 0.0 
-0.911484 -0.408625 0.0 
0.999138 0.0149719 0.0 
0.982455 -0.184022 0.0 
0.377812 -0.299876 0.0 
0 0 0.0 
1 0.000253681 0.0 
0.820017 -0.00664302 0.0 
0.755187 -0.00210231 0.0 
-0.926599 -0.375733 0.0 
0.896507 0.435725 0.0 
0.257317 -0.284324 0.0 
0.973922 -0.224279 0.0 
0.998995 0.0448284 0.0 
0.974707 0.2215 0.0 
0.9536 0.300992 0.0 
0.367705 -0.300366 0.0 
0.911268 -0.00269924 0.0 
0.377812 -0.299876 0.0 
0.995218 -0.0974229 0.0 
0.937586 -0.347648 0.0 
0.374802 -0.312955 0.0 
-0.916329 -0.395935 0.0 
0.999999 -0.000499483 0.0 
-0.539426 -0.808987 0.0 
0.99202 -0.00315312 0.0 
0.981383 -0.191906 0.0 
0.815087 -0.578735 0.0 
-0.309452 -0.950867 0.0 
0 0 0.0 
0.960126 -0.279204 0.0 
0.998325 0.0577019 0.0 
0.288041 -0.301714 0.0 
0.237428 0.971266 0.0 
1 0.000163571 0.0 
0.994993 0.0999455 0.0 
0.999999 0.000681075 0.0 
0.999793 0.0197678 0.0 
0.984784 -0.17277 0.0 
0.999422 -0.0334296 0.0 
0.981612 -0.18998 0.0 
0.982363 0.186262 0.0 
0.943837 -0.330412 0.0 
0.972762 -0.0802489 0.0 
0.950599 0.31004 0.0 
0.998314 0.0578987 0.0 
0.974078 0.225911 0.0 
0.998533 -0.0525403 0.0 
-0.57789 0.816114 0.0 
0.999998 0.00158583 0.0 
-0.766228 0.636875 0.0 
0.23897 0.910512 0.0 
0.676939 0.00223912 0.0 
0.999923 -0.0124469 0.0 
0.30462 -0.266987 0.0 
0.330531 -0.322404 0.0 
0.991519 -0.129687 0.0 
-0.514437 0.857514 0.0 
0.29465 -0.308637 0.0 
0.638586 0.768829 0.0 
0.889368 0.0224442 0.0 
1 0.000121225 0.0 
0.346184 -0.346958 0.0 
-0.539565 0.76496 0.0 
0.336504 -0.36722 0.0 
0.985802 -0.165066 0.0 
-0.289539 -0.951192 0.0 
0.356102 0.230132 0.0 
0.985473 0.169327 0.0 
0.971272 -0.236958 0.0 
0.754569 -0.41014 0.0 
0 0 0.0 
0.783383 -0.621531 0.0 
0.981983 -0.188237 0.0 
0.843358 0.53687 0.0 
0.706011 -0.708201 0.0 
-0.127961 0.983798 0.0 
0.917145 -0.398536 0.0 
0.983563 0.179716 0.0 
-0.591736 0.41836 0.0 
0.332274 -0.384502 0.0 
0.642046 0.764759 0.0 
0.206156 -0.463858 0.0 
0.855905 0.5169 0.0 
0.999796 -0.0199186 0.0 
-0.999894 -0.0145813 0.0 
0.998583 0.0510764 0.0 
0.672376 0.572589 0.0 
0.999997 -0.00171705 0.0 
0.998899 -0.0453308 0.0 
0.323093 -0.446299 0.0 
0.997586 -0.0685538 0.0 
0.999696 0.024642 0.0 
0 0 0.0 
0.829365 0.558707 0.0 
-0.398468 0.917054 0.0 
0.992661 -0.120932 0.0 
0.981056 0.193119 0.0 
0.879247 -0.475514 0.0 
-0.257856 -0.963398 0.0 
0.998055 0.0551936 0.0 
0.614347 0.788591 0.0 
-0.940085 -0.329331 0.0 
0.985083 -0.101599 0.0 
-0.993584 -0.1131 0.0 
0.989212 0.00808505 0.0 
0.987516 0.15305 0.0 
0.287954 -0.343264 0.0 
0.996833 0.0792058 0.0 
0.777943 -0.00309222 0.0 
0.228594 -0.292197 0.0 
0.999997 -0.00244712 0.0 
0.257432 -0.340926 0.0 
0.998985 -0.0450541 0.0 
0.965314 -0.260324 0.0 
-0.801769 -0.463969 0.0 
0 0 0.0 
-0.227597 -0.973572 0.0 
0.949474 -0.313846 0.0 
-0.997194 0.074865 0.0 
0.978344 0.205317 0.0 
0.998201 0.0565243 0.0 
0.999992 0.00403779 0.0 
0.288135 -0.387299 0.0 
0.994821 0.10087 0.0 
0.98706 0.160353 0.0 
0.980779 -0.195123 0.0 
-0.993377 0.114904 0.0 
0.849405 -0.52757 0.0 
-0.652999 -0.60901 0.0 
-0.997083 0.0752087 0.0 
0.95147 -0.30684 0.0 
-0.713597 -0.700557 0.0 
0.999997 -0.00249159 0.0 
0.863267 -0.000349801 0.0 
0.999988 0.00448181 0.0 
0.999651 0.0251939 0.0 
0.999213 -0.0396003 0.0 
0.587552 0.796087 0.0 
0.999855 -0.0170462 0.0 
0.939302 0.34295 0.0 
-0.798018 0.560483 0.0 
-0.501646 -0.863243 0.0 
0.956659 -0.289371 0.0 
0.922761 0.375662 0.0 
0.342229 -0.938434 0.0 
0.30835 -0.438276 0.0 
-0.0806508 -0.980589 0.0 
1 0.000175556 0.0 
0 0 0.0 
0.999999 -0.000598329 0.0 
0.349996 -0.530702 0.0 
0.998651 0.0486205 0.0 
0.262561 -0.38707 0.0 
0.988222 -0.138021 0.0 
0.999203 0.0396892 0.0 
0.232955 -0.394804 0.0 
0.999921 0.0120033 0.0 
0.999948 -0.00277746 0.0 
0.731706 0.680924 0.0 
0.999997 0.00209422 0.0 
0.995979 0.083421 0.0 
0.927336 -0.373318 0.0 
-0.36578 -0.930698 0.0 
-0.860391 0.507229 0.0 
0.853446 0.0069359 0.0 
0 0 0.0 
0.881258 0.000119135 0.0 
0.948395 0.31709 0.0 
-0.44947 -0.892805 0.0 
0.254091 -0.430625 0.0 
-0.374847 0.897416 0.0 
0.992346 0.12231 0.0 
0.484273 -0.874657 0.0 
0.253207 0.966899 0.0 
0 0 0.0 
0.995204 -0.0978219 0.0 
0.970451 -0.241062 0.0 
-0.373402 0.577067 0.0 
0.963352 0.268242 0.0 
0.237551 -0.423319 0.0 
0.95258 -0.251274 0.0 
0.999923 -0.00858763 0.0 
0.921776 -0.387724 0.0 
-0.99464 0.103396 0.0 
0.67506 -0.737327 0.0 
0.92004 -0.00310562 0.0 
0.984367 0.0504739 0.0 
0.999994 -0.00341915 0.0 
0.924629 0.380729 0.0 
0.727193 0.686433 0.0 
0.975881 -0.214575 0.0 
0.993256 0.111332 0.0 
0.944029 0.32861 0.0 
0.953313 -0.301442 0.0 
0.999295 0.0371148 0.0 
-0.993941 0.108023 0.0 
0.975753 -0.218491 0.0 
-0.433914 -0.900092 0.0 
0.960783 -0.276117 0.0 
-0.521963 0.851761 0.0 
1 0.000568148 0.0 
1 0 0.0 
-0.837519 -0.515024 0.0 
-0.166867 0.949908 0.0 
0.983938 -0.178226 0.0 
0 0 0.0 
0.904406 0.0035809 0.0 
0.972808 -0.230546 0.0 
0.244543 -0.436118 0.0 
0.998166 -0.0597721 0.0 
0.999999 0.000115221 0.0 
0.697498 -0.716455 0.0 
0.20188 -0.381651 0.0 
0.718583 0.695138 0.0 
0.999996 0.00238664 0.0 
0.63528 -0.000994621 0.0 
-0.160778 -0.986675 0.0 
0.752047 -0.0222673 0.0 
-0.45852 0.888684 0.0 
0.866086 -0.499672 0.0 
0.698813 -0.0275062 0.0 
0.999854 -0.0164568 0.0 
0.999963 0.00855368 0.0 
0.708149 0.706032 0.0 
-0.400263 0.79567 0.0 
0.886875 0.461933 0.0 
0.998719 -0.0262568 0.0 
-0.38548 -0.922639 0.0 
-0.441324 -0.896987 0.0 
0.97967 0.198343 0.0 
0.977487 0.207551 0.0 
0.502585 0.857675 0.0 
0.944711 -0.00185237 0.0 
0.966643 -0.256069 0.0 
0.860284 -0.50977 0.0 
-0.94143 0.330509 0.0 
0.964817 0.0283864 0.0 
-0.629407 -0.775597 0.0 
0 0 0.0 
0.999844 0.000746728 0.0 
0.995158 -0.0945451 0.0 
0.998382 0.0551076 0.0 
0.722381 0.28946 0.0 
0.210251 -0.400608 0.0 
-0.261158 -0.963994 0.0 
0.983352 -0.181708 0.0 
0.860902 -0.50877 0.0 
0.113077 0.46091 0.0 
0.18823 -0.37571 0.0 
0.999756 0.0216597 0.0 
0.999656 -0.0262123 0.0 
0.794154 0.00438797 0.0 
0.999999 -0.000634735 0.0 
0.85932 0.511244 0.0 
-0.421613 -0.906617 0.0 
0 0 0.0 
0.867129 0.00161998 0.0 
-0.0275977 0.901465 0.0 
0.756535 -0.653834 0.0 
0.962109 -0.272663 0.0 
-0.374599 -0.927187 0.0 
0.999992 -0.00388038 0.0 
0.861436 5.13795e-06 0.0 
0.975025 -0.00354124 0.0 
0.999996 -0.00256732 0.0 
0.814881 -0.00122564 0.0 
0.99654 0.0775664 0.0 
0.992774 0.07503 0.0 
0.961831 -0.272183 0.0 
0.442792 -0.896609 0.0 
0.488742 0.870917 0.0 
0.999997 -0.00254217 0.0 
0.941122 0.337913 0.0 
0.108354 -0.406298 0.0 
0.957572 -0.288161 0.0 
0.999996 -0.00207883 0.0 
0.183952 0.922899 0.0 
0.978499 -0.204232 0.0 
0.880797 -0.473493 0.0 
0.998466 0.0551399 0.0 
0.91076 0.412113 0.0 
0.185971 -0.371657 0.0 
-0.500911 0.83149 0.0 
0.825512 -0.564384 0.0 
-0.327617 0.944786 0.0 
0.193422 -0.442284 0.0 
0.812046 0.583569 0.0 
0.933122 -0.358993 0.0 
0.848812 0.528093 0.0 
0.841603 0.540096 0.0 
-0.317483 0.947908 0.0 
0.51989 0.743602 0.0 
0.999873 0.00998285 0.0 
-0.958705 0.282616 0.0 
-0.15207 0.982527 0.0 
0.859558 0.00308408 0.0 
0.988393 0.0903492 0.0 
0.803392 -0.595451 0.0 
0.999987 0.00502121 0.0 
0.999231 -0.0372417 0.0 
-0.387588 0.921553 0.0 
0.998497 -0.053604 0.0 
0.892 -0.00102719 0.0 
0.493034 0.858311 0.0 
-0.955957 -0.290834 0.0 
0.82282 -0.568302 0.0 
0.170732 -0.398664 0.0 
0.966341 -0.25718 0.0 
0.999999 0.00120491 0.0 
-0.138161 -0.984292 0.0 
0.174014 -0.451498 0.0 
0.284015 -0.958677 0.0 
0.999999 -0.000982287 0.0 
0.203207 -0.59086 0.0 
-0.650297 0.757005 0.0 
0.999981 0.00612224 0.0 
0.768185 -0.639914 0.0 
0.979555 0.200114 0.0 
0.791586 0.610958 0.0 
-0.853516 -0.519413 0.0 
0 0 0.0 
0.99668 -0.0812538 0.0 
-0.393711 0.919223 0.0 
0.611034 -0.791587 0.0 
0.95069 -0.310143 0.0 
0.963251 0.268603 0.0 
0.969044 0.000230527 0.0 
0.14024 -0.395006 0.0 
0.999998 0.00192212 0.0 
0.999992 0.00393233 0.0 
0.712042 0.00128289 0.0 
0.999975 -0.00678239 0.0 
0.997798 0.0659699 0.0 
0.86984 0.489906 0.0 
1 -0.000189232 0.0 
0.185778 -0.508019 0.0 
0.999736 -0.0145801 0.0 
0.855429 0.00109093 0.0 
0.153495 -0.43244 0.0 
0.855684 -0.0025932 0.0 
0.883336 0.46829 0.0 
0.965213 -0.261464 0.0 
0.999999 -0.00088396 0.0 
1 -4.05358e-05 0.0 
0.983327 0.181847 0.0 
0.863436 -0.504458 0.0 
0.994635 -0.102237 0.0 
1 -0.000362419 0.0 
0 0 0.0 
1 0.000169216 0.0 
0.822137 0.567244 0.0 
0.967867 0.00134563 0.0 
0.999974 0.007121 0.0 
0.998645 -0.0513015 0.0 
0.820688 -0.571123 0.0 
-0.401974 0.915401 0.0 
-0.279083 0.958758 0.0 
0 0 0.0 
0.142478 -0.41836 0.0 
0.916303 0.400486 0.0 
1 -0.00035658 0.0 
0.951956 0.306234 0.0 
-0.158903 0.985321 0.0 
0.46897 -0.138566 0.0 
0.99409 -0.0578646 0.0 
0.950946 -0.309208 0.0 
0.966737 0.252314 0.0 
0.999977 0.00673823 0.0 
0.672922 0.702109 0.0 
0.900346 0.435118 0.0 
0.575652 -0.809473 0.0 
0.996358 0.0850573 0.0 
0.0886221 -0.289168 0.0 
0.946359 -0.151746 0.0 
0.999901 0.0131671 0.0 
0.999896 0.0144494 0.0 
0.999999 0.00111113 0.0 
-0.22173 0.963859 0.0 
-0.0918504 0.995773 0.0 
0.958772 0.000564912 0.0 
0.995159 0.0882761 0.0 
0.999999 0.00135 0.0 
-0.980002 -0.189037 0.0 
0.972458 -0.232738 0.0 
0.911992 0.000852137 0.0 
0.158162 -0.751748 0.0 
0 0 0.0 
0.999876 -0.0155777 0.0 
-0.756615 -0.652694 0.0 
0.525295 -0.850848 0.0 
0.994788 0.101669 0.0 
0.89219 0.44873 0.0 
0.556288 0.827913 0.0 
-0.236649 -0.777369 0.0 
0.929956 0.00213182 0.0 
0.999992 0.00397649 0.0 
-0.387246 -0.92192 0.0 
0.942096 -0.00323073 0.0 
-0.24013 -0.97069 0.0 
0.948641 -0.000579873 0.0 
-0.250849 0.967939 0.0 
0.155036 -0.578425 0.0 
0.13623 -0.481084 0.0 
0.995068 0.0980285 0.0 
0.999998 -0.000486807 0.0 
0.996745 -0.0806249 0.0 
0 0 0.0 
0.738607 -0.674052 0.0 
-0.285487 0.958358 0.0 
0.969378 0.245478 0.0 
-0.918329 0.387916 0.0 
0.997258 0.0737952 0.0 
0.701788 -0.712386 0.0 
0.80595 0.00100909 0.0 
0.999999 0.000640908 0.0 
-0.305041 -0.952221 0.0 
0.959483 -0.281333 0.0 
-0.255637 0.966773 0.0 
0.983711 0.178595 0.0 
0.258657 -0.965738 0.0 
0.874712 -0.00475182 0.0 
0.999993 -0.00364667 0.0 
0.991283 0.130347 0.0 
0.517112 -0.855744 0.0 
0.620639 0.00151289 0.0 
0.918514 0.000136742 0.0 
0.999651 -0.0255517 0.0 
-0.345282 0.938499 0.0 
0.930246 -0.366873 0.0 
-0.363195 0.931672 0.0 
0.897089 0.0137734 0.0 
0.999554 -0.0297746 0.0 
0.84466 0.535235 0.0 
0.32773 0.944771 0.0 
0 0 0.0 
0.865223 0.000418533 0.0 
-0.839332 -0.54258 0.0 
0.999998 -0.00178029 0.0 
-0.475566 0.879625 0.0 
0.999995 -0.00288449 0.0 
0.999357 -0.0271548 0.0 
0.999985 -0.0054368 0.0 
0 0 0.0 
0.903444 -0.428706 0.0 
0.960367 -0.278738 0.0 
0.306015 -0.951918 0.0 
0.967906 0.250699 0.0 
0.595745 0.38832 0.0 
0.290911 0.956458 0.0 
0.0905357 -0.415666 0.0 
0.940565 0.0109452 0.0 
-0.282697 0.959209 0.0 
0.985298 -0.00354157 0.0 
0.842778 -0.00175417 0.0 
0.999997 -0.00259104 0.0 
-0.331162 0.943574 0.0 
-0.983921 0.177283 0.0 
0.997125 -0.0757684 0.0 
-0.351335 -0.936245 0.0 
0.978629 -0.205632 0.0 
0.115661 -0.485525 0.0 
0.145973 -0.575656 0.0 
0.977999 0.104483 0.0 
0.604134 -0.796883 0.0 
0.950477 -0.0016016 0.0 
0.985347 -0.169654 0.0 
0.86833 -0.495786 0.0 
0.997225 0.0744464 0.0 
0.957556 0.284812 0.0 
1 7.0282e-05 0.0 
0.771737 0.635476 0.0 
0.953823 0.29971 0.0 
0.8452 0.53445 0.0 
-0.447442 -0.894302 0.0 
0.998271 -0.0526296 0.0 
0.0886416 -0.411314 0.0 
-0.505107 -0.862308 0.0 
0.128907 -0.486722 0.0 
-0.352472 0.877449 0.0 
0.0915117 -0.395512 0.0 
0 0 0.0 
0.965035 0.261284 0.0 
0 0 0.0 
0.97032 -0.239233 0.0 
0.993929 0.109869 0.0 
0.926186 0.000981389 0.0 
0.557963 0.829814 0.0 
0.955849 0.292764 0.0 
0.901999 -0.000673795 0.0 
0.999994 -0.00339761 0.0 
0.6777 -0.735095 0.0 
0.447259 -0.0631219 0.0 
0.999997 -0.00189571 0.0 
0.994775 -0.100453 0.0 
0.982516 0.186181 0.0 
0.998741 0.0474876 0.0 
-0.308877 -0.9511 0.0 
0.998629 -0.0510586 0.0 
0.999498 -0.0316721 0.0 
0.999995 0.00292571 0.0 
0 0 0.0 
0.969967 0.113477 0.0 
0.886966 -0.461615 0.0 
0.996792 -0.079026 0.0 
0.102263 -0.516561 0.0 
0.921371 0.00271722 0.0 
0.877372 0.00206971 0.0 
0.699673 -0.714183 0.0 
0.983726 0.179676 0.0 
0.983808 0.177448 0.0 
0.900997 0.433826 0.0 
0 0 0.0 
0.970972 -0.238654 0.0 
-0.495077 0.867834 0.0 
0 0 0.0 
0.999997 -0.00263377 0.0 
0.44445 -0.275949 0.0 
0.998581 0.0532483 0.0 
-0.221844 -0.970242 0.0 
0.943718 -0.0140994 0.0 
0.999999 -1.79001e-05 0.0 
0.93635 -0.350505 0.0 
0.999997 -0.00150856 0.0 
0.716867 0.697165 0.0 
-0.690923 0.722021 0.0 
0.980417 0.195603 0.0 
0.928052 0.355282 0.0 
0.999604 0.0281305 0.0 
0.999828 -0.0151901 0.0 
0.998757 -0.0498539 0.0 
0.743444 -0.00182763 0.0 
0.502845 0.864228 0.0 
0.911145 -0.00366302 0.0 
0.789825 0.000559339 0.0 
0.967059 0.254249 0.0 
0.969451 0.244012 0.0 
0.939282 -0.343069 0.0 
0.998895 0.0466172 0.0 
0.989386 -0.144318 0.0 
0.987939 0.154108 0.0 
0.957565 0.287566 0.0 
0.977332 -0.211609 0.0 
0.0988411 -0.486547 0.0 
0.921057 -0.388372 0.0 
0.917522 0.00176935 0.0 
0.745965 0.000207978 0.0 
0.994416 -0.105149 0.0 
0.964131 0.253711 0.0 
0.999998 -0.00160077 0.0 
0 0 0.0 
0.998644 0.0515674 0.0 
0.999999 -0.00131036 0.0 
0.970261 0.241841 0.0 
0.524156 -0.805659 0.0 
0.84189 0.539168 0.0 
1 0.000865926 0.0 
0.966069 0.0158416 0.0 
0.931334 0.0073883 0.0 
0.999159 0.0381235 0.0 
0.710651 -0.703544 0.0 
0.999813 -0.0193478 0.0 
0.987457 0.157888 0.0 
0 0 0.0 
-0.37396 -0.92723 0.0 
0.884348 -0.466687 0.0 
0.999189 0.040262 0.0 
0.999997 -0.00258425 0.0 
0.963736 -0.266857 0.0 
0.368722 -0.92954 0.0 
0.999995 -0.00315028 0.0 
0.1027 -0.516887 0.0 
0.5 0 0.0 
0.999999 0.0012802 0.0 
0.992501 0.118966 0.0 
-0.42881 -0.902663 0.0 
0.999999 -0.000873938 0.0 
0.885063 0.465004 0.0 
0.944603 -0.326484 0.0 
0.895191 -0.0266692 0.0 
0.812999 0.58189 0.0 
0.790619 0.0195759 0.0 
0.99117 -0.0863937 0.0 
-0.202398 0.96545 0.0 
0.999228 -0.0392421 0.0 
0.890982 -0.00266816 0.0 
0.510141 -0.838419 0.0 
0.999972 -0.00732133 0.0 
0.971049 -0.00364006 0.0 
0.767648 -0.640819 0.0 
0.990977 0.133645 0.0 
0.999985 -0.00539568 0.0 
0.503085 0.324054 0.0 
0.947352 -0.319541 0.0 
0.999771 -0.0189664 0.0 
0.551142 0.834411 0.0 
0.907501 0.419736 0.0 
-0.531006 -0.847257 0.0 
0.101738 -0.486385 0.0 
0.778959 -0.627 0.0 
0.999923 -0.0124157 0.0 
0.999036 0.0428008 0.0 
0.999997 -0.000408017 0.0 
0.0266053 -0.964774 0.0 
0.957867 0.287155 0.0 
0.813966 -0.00172774 0.0 
0.996514 -0.0834046 0.0 
0.983644 -0.178011 0.0 
0.965959 0.25682 0.0 
1 -0.000227092 0.0 
-0.99433 0.0887985 0.0 
0.999941 -0.00931146 0.0 
0 0 0.0 
0.864478 -0.492791 0.0 
0.906453 0.422306 0.0 
0.999989 0.00313714 0.0 
0.999998 -0.00154953 0.0 
0.999503 0.0307442 0.0 
0.559941 -0.828533 0.0 
0.991366 -0.119934 0.0 
0.885738 -0.46416 0.0 
0.943439 -0.330346 0.0 
0.358809 -0.933411 0.0 
0.826641 0.561186 0.0 
0.855246 0.51779 0.0 
0.470755 -0.146151 0.0 
0.999429 -0.0337854 0.0 
-0.431631 0.901531 0.0 
0.848577 0.528809 0.0 
-0.479455 0.876535 0.0 
1 0.000254989 0.0 
0.97026 -0.242065 0.0 
0.202524 -0.97916 0.0 
0.96628 0.257494 0.0 
0.993426 0.111607 0.0 
0.999943 0.0105588 0.0 
0.735437 0.677211 0.0 
0.99999 0.00439723 0.0 
0.459346 -0.884544 0.0 
0.999986 0.00454388 0.0 
0.95019 0.310891 0.0 
0.982987 -0.181618 0.0 
0.691554 0.722325 0.0 
0.17982 -0.58674 0.0 
-0.462061 -0.879027 0.0 
0.199745 -0.455679 0.0 
0.852735 0.521457 0.0 
-0.710211 0.703919 0.0 
0.892639 -0.450773 0.0 
0.824222 -0.00161812 0.0 
0.90137 -0.432533 0.0 
-0.97385 0.223109 0.0 
0.999981 -0.00620336 0.0 
-0.895451 0.445159 0.0 
-0.282464 0.959272 0.0 
0.998555 -0.0520945 0.0 
0.990088 0.139974 0.0 
-0.3983 0.91724 0.0 
0.999131 0.0243347 0.0 
-0.551767 0.833998 0.0 
0.999516 0.0306763 0.0 
0.999936 0.0112785 0.0 
1 -0.000189345 0.0 
0.995282 -0.0939076 0.0 
-0.12634 -0.436737 0.0 
1 0.000250163 0.0 
0.538491 0.842424 0.0 
0.290526 0.956867 0.0 
1 -0.000692871 0.0 
0.905058 -0.424895 0.0 
0.953249 0.301203 0.0 
0.849881 0.0810975 0.0 
0.881406 -0.471931 0.0 
0.555218 0.83162 0.0 
0.999996 -0.00270815 0.0 
1 0 0.0 
0.994831 0.0068569 0.0 
-0.493437 0.86973 0.0 
0.999732 0.0225112 0.0 
0.999991 0.00413955 0.0 
0.916558 0.399846 0.0 
0.302233 -0.953164 0.0 
0.993934 -0.109606 0.0 
0.720717 0.680219 0.0 
0.999959 -0.009076 0.0 
0.999819 -0.00574335 0.0 
1 -0.000885377 0.0 
0.99482 -0.101648 0.0 
0.863607 0.504094 0.0 
0.996239 0.0829518 0.0 
0.978842 0.203054 0.0 
1 0 0.0 
0.999994 -0.00266 0.0 
0.999999 0.00126307 0.0 
1 -7.55509e-05 0.0 
0.999997 -0.00194252 0.0 
1 -0.000440941 0.0 
0.991361 -0.129029 0.0 
0.923584 -0.382658 0.0 
0.93882 -0.344408 0.0 
0.952425 0.303633 0.0 
-0.989552 0.142533 0.0 
0.911999 -0.409899 0.0 
1 -0.000425948 0.0 
0.999993 0.00361173 0.0 
0.463994 -0.596987 0.0 
0.968101 0.029831 0.0 
0.778228 -0.627334 0.0 
0.999993 -0.00382954 0.0 
0.999992 0.00389225 0.0 
0.999997 -0.00142768 0.0 
0.891013 -0.453632 0.0 
0.993957 -0.108661 0.0 
0.979177 0.202708 0.0 
0.999999 0.00155073 0.0 
0.759644 0.00165324 0.0 
0.997259 -0.0699608 0.0 
0.901773 0.000717249 0.0 
0 0 0.0 
-0.421489 -0.760502 0.0 
-0.984802 -0.0741625 0.0 
0.90017 -0.434348 0.0 
0.999998 -0.00174636 0.0 
0 0 0.0 
0.895819 -0.444133 0.0 
0.999942 0.00843391 0.0 
-0.511655 -0.854722 0.0 
0.20161 -0.979229 0.0 
0.343949 0.938542 0.0 
0.898061 -0.439536 0.0 
0.99966 -0.0260585 0.0 
0.968753 0.248027 0.0 
-0.783339 0.617241 0.0 
0.422608 -0.906246 0.0 
1 -4.67752e-05 0.0 
0.996578 0.0823885 0.0 
0.602561 -0.797431 0.0 
0.994597 -0.103811 0.0 
0.996488 0.0814278 0.0 
0.879041 0.469076 0.0 
0.279329 0.960095 0.0 
0.999998 -0.00191968 0.0 
0.999984 -0.00562407 0.0 
0.917014 -0.0133597 0.0 
0.457925 -0.00655462 0.0 
1 -1.4748e-05 0.0 
-0.829458 -0.55667 0.0 
1 0.000916342 0.0 
0.999931 -0.0107496 0.0 
0.475061 0.878876 0.0 
0.895763 -0.444532 0.0 
0.986578 0.163037 0.0 
0.998969 0.041785 0.0 
-0.363161 0.93171 0.0 
0.999988 0.0048802 0.0 
0.736561 0.663326 0.0 
0.936532 -0.120366 0.0 
0.999999 0.000515483 0.0 
0.982526 -0.184996 0.0 
-0.374653 0.927119 0.0 
0.98679 -0.162003 0.0 
0.999996 -0.0027423 0.0 
0.768422 -0.635575 0.0 
-0.501694 0.776574 0.0 
0.999999 -0.00114653 0.0 
0.959616 -0.280426 0.0 
0.99949 -0.024069 0.0 
0.99999 0.00443653 0.0 
0.853215 0.134913 0.0 
0.378895 0.925294 0.0 
-0.329721 -0.944078 0.0 
-0.632659 0.774094 0.0 
0.999998 0.00178694 0.0 
0.999991 0.00429921 0.0 
0.98454 -0.173722 0.0 
0.999477 -0.000245231 0.0 
0.0893973 -0.474914 0.0 
1 -4.00786e-05 0.0 
1 0 0.0 
0.999991 -0.00413008 0.0 
0.99951 0.0312967 0.0 
-0.513657 0.853954 0.0 
0.990648 0.136444 0.0 
0.999998 -0.00108677 0.0 
0.999997 0.00248372 0.0 
0.298095 -0.954536 0.0 
0 0 0.0 
-0.946608 0.316409 0.0 
-0.342337 -0.937886 0.0 
0.971436 0.237113 0.0 
0.859179 -0.511675 0.0 
0.991006 0.132085 0.0 
1 0 0.0 
-0.26707 -0.963677 0.0 
0.947744 0.315519 0.0 
0.999999 0.00138136 0.0 
1 0 0.0 
0.992074 -0.12394 0.0 
0.999999 -0.00101596 0.0 
0.946308 -0.322806 0.0 
0.734538 0.660371 0.0 
-0.230674 0.37655 0.0 
1 -0.00011379 0.0 
0.968758 -0.2477 0.0 
0.9866 -0.163159 0.0 
0.150704 0.519493 0.0 
0.987277 0.158731 0.0 
0.994069 0.105981 0.0 
0.974088 0.225898 0.0 
0 0 0.0 
0.999998 0.00220944 0.0 
0.988606 0.150527 0.0 
0.999997 -0.00236244 0.0 
0.999997 0.00208118 0.0 
0.975695 0.216959 0.0 
0.722497 -0.691032 0.0 
0 0 0.0 
0.999999 -0.000548618 0.0 
0.994462 0.10415 0.0 
0.999974 -0.00727851 0.0 
-0.889974 -0.453891 0.0 
0.99277 -0.120034 0.0 
0.63638 0.7707 0.0 
0.999997 0.00261835 0.0 
0.949723 -0.312485 0.0 
0.998589 -0.0458445 0.0 
0.999449 -0.0281461 0.0 
0.667266 -0.74482 0.0 
0.832672 -0.553766 0.0 
0.845573 -0.001181 0.0 
-0.560554 0.826586 0.0 
-0.564843 0.824844 0.0 
0.985113 -0.17134 0.0 
0.929004 -0.369944 0.0 
0.927109 0.374415 0.0 
-0.998125 0.00559239 0.0 
-0.267375 -0.963593 0.0 
0.99883 -0.0402251 0.0 
0.987357 0.158259 0.0 
0.738397 -0.00197764 0.0 
0.891268 -0.452621 0.0 
0.948353 -0.317217 0.0 
0.990301 -0.137979 0.0 
1 -0.000782156 0.0 
-0.907164 0.419914 0.0 
0.99999 -0.0045209 0.0 
0.683421 -0.729921 0.0 
0.999996 0.00289622 0.0 
0.614329 0.781742 0.0 
0.892773 -0.450212 0.0 
-0.47602 -0.879435 0.0 
0.987984 0.154557 0.0 
0.905667 0.423256 0.0 
0.950214 0.311598 0.0 
-0.313407 0.949527 0.0 
0.992868 -0.118831 0.0 
1 -0.000531242 0.0 
1 -0.000724869 0.0 
0.414221 0.910131 0.0 
-0.45156 -0.892182 0.0 
0.939376 -0.342888 0.0 
-0.485238 0.874366 0.0 
1 0.000729766 0.0 
0.471696 -0.881761 0.0 
0.999999 0.00101684 0.0 
0.999999 -0.00126681 0.0 
0.945972 0.323103 0.0 
0.994336 -0.105491 0.0 
0.901085 -0.00331921 0.0 
0.999998 0.00148751 0.0 
0.970909 0.239415 0.0 
0.999996 0.00298281 0.0 
0.981335 -0.191961 0.0 
0.619607 -0.0059842 0.0 
0.980422 -0.196906 0.0 
0.740164 -0.672128 0.0 
0.999093 0.0399667 0.0 
0.393439 -0.919139 0.0 
0.999466 0.0326627 0.0 
0.995398 0.0954061 0.0 
0.580953 -0.813872 0.0 
-0.475595 -0.879545 0.0 
0.929955 0.367074 0.0 
0.693284 0.720187 0.0 
0.999407 0.0291926 0.0 
-0.13092 0.435701 0.0 
0.654581 0.755992 0.0 
0.386371 -0.92216 0.0 
1 0.00087658 0.0 
-0.412592 0.910911 0.0 
0.68093 0.732013 0.0 
0.999815 -0.0192326 0.0 
0.766609 0.642004 0.0 
-0.978973 0.178673 0.0 
0.960463 0.278408 0.0 
0.766641 0.642076 0.0 
0 0 0.0 
0.956337 0.292266 0.0 
1 0.000694363 0.0 
0.999997 0.00244278 0.0 
-0.140006 0.465941 0.0 
0.935589 -0.35215 0.0 
-0.346613 -0.921061 0.0 
1 -0.000408879 0.0 
0.999998 -0.00186208 0.0 
0.894678 0.446711 0.0 
0.404763 0.914422 0.0 
0.752616 -0.65846 0.0 
0.997109 0.0759795 0.0 
0.880041 0.474897 0.0 
0.959848 0.279571 0.0 
0.939042 0.0226529 0.0 
0.999072 0.0430801 0.0 
0.496237 -0.867806 0.0 
0.953392 0.300964 0.0 
0.999998 -0.00136319 0.0 
0 0 0.0 
0.999997 0.00227748 0.0 
0 0 0.0 
0.999446 0.0303022 0.0 
-0.289604 0.924982 0.0 
0.859008 0.511963 0.0 
-0.322176 0.946674 0.0 
0.918892 -0.394126 0.0 
-0.340382 -0.940237 0.0 
0.967914 -0.250226 0.0 
0.85208 0.523412 0.0 
0.957528 0.288263 0.0 
0.998633 0.0522142 0.0 
0.819458 0.573139 0.0 
0.999997 0.000825934 0.0 
0.998114 0.0613958 0.0 
0.999999 -0.00107325 0.0 
0.952198 -0.305322 0.0 
0.698803 -0.71513 0.0 
0.976478 -0.215179 0.0 
-0.442378 0.896829 0.0 
0.390566 0.920575 0.0 
0.575909 0.801164 0.0 
0.917067 0.397058 0.0 
-0.398998 0.906449 0.0 
0.898911 0.438132 0.0 
0.799713 -0.599995 0.0 
0.14361 -0.450535 0.0 
0.969118 0.166665 0.0 
0.98109 0.193553 0.0 
0.998554 -0.0519497 0.0 
0.824236 -0.48989 0.0 
0.996911 -0.0765367 0.0 
-0.830962 0.481032 0.0 
0.979375 0.0202206 0.0 
0 0 0.0 
-0.87009 0.474663 0.0 
0.999999 -0.00130151 0.0 
0.907905 -0.41902 0.0 
0.985449 -0.169973 0.0 
0.897145 0.441256 0.0 
1 0.000429062 0.0 
0.580929 0.81287 0.0 
0.764703 -0.643831 0.0 
0.990764 -0.135176 0.0 
0.999732 -0.0225909 0.0 
0.999999 0.000112957 0.0 
0 0 0.0 
0.752442 -0.657249 0.0 
0.857023 -0.514872 0.0 
0.998408 -0.0563993 0.0 
0.876586 0.448529 0.0 
0.817786 0.575108 0.0 
0.708252 0.705602 0.0 
-0.257881 0.438052 0.0 
0.999999 0.000999879 0.0 
0.999993 0.00353831 0.0 
0.999752 0.0197717 0.0 
-0.288738 -0.957408 0.0 
0.894163 0.0128306 0.0 
0.997531 -0.068258 0.0 
0.999659 0.0261262 0.0 
0.992803 -0.104366 0.0 
0.963455 0.266505 0.0 
0.885625 0.463947 0.0 
0.958769 0.283559 0.0 
0.907897 0.417802 0.0 
0.796968 -0.60347 0.0 
-0.0342371 0.996968 0.0 
-0.297548 0.954707 0.0 
0.999995 0.00278124 0.0 
-0.261727 0.444586 0.0 
0.910787 0.412403 0.0 
0.971951 -0.234795 0.0 
0.999998 8.67381e-05 0.0 
0.360181 0.932596 0.0 
-0.365642 -0.928324 0.0 
0.861095 -0.507349 0.0 
0.999999 -0.00105998 0.0 
0.996189 0.0849382 0.0 
0.141903 0.982512 0.0 
0.5236 -0.851723 0.0 
0.999932 0.011163 0.0 
0.350116 0.936487 0.0 
-0.347168 0.937183 0.0 
0.978174 0.206721 0.0 
0.954895 0.296943 0.0 
0.995684 0.0905933 0.0 
0.999993 -0.00362297 0.0 
-0.190295 0.65601 0.0 
0.999995 -0.00316828 0.0 
0.941282 -0.336849 0.0 
0.765939 0.629872 0.0 
0.999998 -0.00176698 0.0 
0.861082 -0.508466 0.0 
0.999993 -0.00361129 0.0 
0.996495 0.0836575 0.0 
-0.266603 0.940805 0.0 
0.966196 -0.255903 0.0 
0.986205 -0.162611 0.0 
0.965189 -0.252915 0.0 
0.811921 -0.583442 0.0 
0.99656 0.0821293 0.0 
0.40548 -0.913999 0.0 
-0.5099 0.773671 0.0 
0.730842 0.681893 0.0 
-0.217689 0.907223 0.0 
-0.140187 0.487049 0.0 
0.999404 0.0217537 0.0 
0.88947 -0.456993 0.0 
0.823365 -0.56732 0.0 
0.922577 -0.385813 0.0 
0.943413 -0.119003 0.0 
0.901419 0.00244118 0.0 
0.330761 0.942731 0.0 
0.215433 -0.915475 0.0 
-0.27516 0.960131 0.0 
-0.4145 0.910011 0.0 
0.912054 0.409251 0.0 
0.996722 -0.0809047 0.0 
0.999136 -0.0415636 0.0 
0.971434 -0.221548 0.0 
0.951762 0.306837 0.0 
0.583759 0.811667 0.0 
0.840225 -0.542238 0.0 
0.813627 -0.000765457 0.0 
-0.986388 -0.164437 0.0 
0.844459 -0.534411 0.0 
0.994911 -0.0989636 0.0 
-0.119959 0.478462 0.0 
-0.121249 0.482407 0.0 
0.995967 -0.0862504 0.0 
0.38072 0.92469 0.0 
0.926334 0.376703 0.0 
0 0 0.0 
0.872352 -0.425467 0.0 
0.545772 -0.828643 0.0 
0.55636 0.830941 0.0 
0.940407 0.340026 0.0 
-0.357543 0.922911 0.0 
0.718767 -0.695203 0.0 
1 8.65491e-05 0.0 
-0.268985 0.93495 0.0 
0.998939 0.0320048 0.0 
-0.841007 -0.536025 0.0 
0.236972 0.971471 0.0 
0.99988 -0.0154428 0.0 
0.229252 0.967781 0.0 
-0.803097 0.595848 0.0 
0.987606 -0.156623 0.0 
0.918621 -0.39514 0.0 
1 -0.000158811 0.0 
0.938646 0.344882 0.0 
0.79935 -0.600865 0.0 
0.999978 0.00667135 0.0 
0.17614 0.690422 0.0 
0.366649 0.921786 0.0 
0.913843 -0.406068 0.0 
0.999992 0.00381776 0.0 
0.760685 -0.649121 0.0 
0 0 0.0 
1 -0.000385842 0.0 
0.973867 -0.214112 0.0 
0.828479 -0.559816 0.0 
0.999375 0.0353449 0.0 
0.997214 0.0666555 0.0 
0.995695 0.0925445 0.0 
0.999997 0.00261764 0.0 
0.308768 0.948187 0.0 
1 -0.000759987 0.0 
0.125828 0.524074 0.0 
-0.266109 0.963866 0.0 
1 -0.000312716 0.0 
0.98718 -0.15834 0.0 
1 8.15323e-05 0.0 
0.968456 -0.249186 0.0 
0.997314 -0.0732402 0.0 
0.101147 -0.44246 0.0 
0.743993 0.667959 0.0 
0.999976 0.00660439 0.0 
0.480298 -0.00883372 0.0 
0.233531 -0.972255 0.0 
0.257331 0.965664 0.0 
0.421424 0.906864 0.0 
0.29185 -0.956464 0.0 
0.999446 0.0332948 0.0 
0.31331 -0.949651 0.0 
0.985167 -0.170235 0.0 
0.957551 -0.288011 0.0 
0.998907 0.0461872 0.0 
0.48473 -0.000377697 0.0 
0.995358 0.0949279 0.0 
0.107487 -0.470194 0.0 
0.999999 -0.000540181 0.0 
0.999422 0.0185759 0.0 
0.999988 -0.00445934 0.0 
0.729768 -0.683516 0.0 
-0.364963 0.931001 0.0 
0.207559 -0.903613 0.0 
0.902995 0.00218002 0.0 
0.99796 -0.0638403 0.0 
0.30567 -0.902523 0.0 
1 0.000114985 0.0 
0.8328 0.000744084 0.0 
0.995752 0.0920243 0.0 
0.999997 -0.00205508 0.0 
0.916312 -0.39992 0.0 
0.970057 -0.242877 0.0 
0.794455 -0.244673 0.0 
0.435106 0.900231 0.0 
0.554523 -0.832139 0.0 
0.978828 -0.203375 0.0 
0 0 0.0 
0.991502 -0.130094 0.0 
0 0 0.0 
0.995429 -0.093188 0.0 
0.96897 -0.246744 0.0 
0.984644 -0.173279 0.0 
0.969698 0.244308 0.0 
0.99995 0.0090219 0.0 
0.999995 -0.00261037 0.0 
-0.529012 0.848311 0.0 
0.976648 -0.214844 0.0 
0.287277 0.957785 0.0 
0.626023 -0.779805 0.0 
0.959438 0.281686 0.0 
0.997208 -0.0728466 0.0 
0.999992 0.00365141 0.0 
0.894459 0.445783 0.0 
0.998414 0.0530031 0.0 
1 1.21077e-05 0.0 
0.993201 0.113935 0.0 
0.973984 0.226619 0.0 
0.985514 0.126913 0.0 
0.957673 -0.234891 0.0 
-0.258614 0.425652 0.0 
0.999999 -0.00136428 0.0 
0.999995 -0.0031024 0.0 
0.99642 -0.0845389 0.0 
0.990351 0.138371 0.0 
0.497225 -0.867622 0.0 
-0.371063 -0.928575 0.0 
0.969785 0.242694 0.0 
0.993347 0.114465 0.0 
0.999982 -0.00605665 0.0 
0.999002 0.0442413 0.0 
0.68901 0.724027 0.0 
0.998244 -0.0570075 0.0 
1 -0.000228344 0.0 
0.992516 0.11889 0.0 
0.995956 0.0891279 0.0 
0.808332 -0.588579 0.0 
0.994945 -0.0992394 0.0 
0.852567 -0.522618 0.0 
0.913829 0.406098 0.0 
0.996421 0.081623 0.0 
0.962561 0.271067 0.0 
0 0 0.0 
0.999996 -0.00236282 0.0 
0.968356 0.249257 0.0 
0.994918 -0.0994175 0.0 
0.431543 -0.902093 0.0 
-0.396534 0.917993 0.0 
0.924522 -0.381051 0.0 
0.996743 0.0684493 0.0 
0.999999 0.000178883 0.0 
0.998171 -0.0602684 0.0 
0.999825 0.00162969 0.0 
0.999771 -0.0139612 0.0 
0.650358 -0.759557 0.0 
0.768974 0.639017 0.0 
0.994072 0.108552 0.0 
0.933256 -0.348886 0.0 
0.999994 -0.00343403 0.0 
0.999998 0.000287231 0.0 
-0.570221 -0.651492 0.0 
0.999999 -0.00141607 0.0 
0.982814 0.184412 0.0 
0.993266 0.115463 0.0 
0.993201 -0.116053 0.0 
0.506363 0.861877 0.0 
0.739441 -0.673193 0.0 
-0.000985151 -0.993341 0.0 
0.98258 -0.185842 0.0 
0.921907 0.3874 0.0 
0.649003 -0.601303 0.0 
0.907406 0.420255 0.0 
0.997961 -0.0638276 0.0 
0.583212 0.81232 0.0 
0.965251 -0.261324 0.0 
0.953474 -0.300972 0.0 
0.932592 -0.295256 0.0 
0.992942 0.117786 0.0 
0.999998 0.00179304 0.0 
0 0 0.0 
1 0.000677379 0.0 
0.994078 0.108665 0.0 
0 0 0.0 
0.999998 -0.00191966 0.0 
1 -0.000425061 0.0 
0.999999 -0.00123522 0.0 
0.999991 -0.00413802 0.0 
0.466415 0.884566 0.0 
0.999999 0.00110218 0.0 
0.911174 -0.41176 0.0 
0.999997 0.00254504 0.0 
0.884724 -0.463049 0.0 
0.98004 -0.198462 0.0 
-0.577557 -0.807866 0.0 
0.955514 -0.00792612 0.0 
0.598035 -0.80147 0.0 
0 0 0.0 
0.762938 0.00169119 0.0 
0.915251 -0.402885 0.0 
0.995734 0.091388 0.0 
0.92557 -0.377601 0.0 
0.455163 0.0449466 0.0 
0.990462 -0.137011 0.0 
0.999073 0.042964 0.0 
0.537398 0.00606713 0.0 
0 0 0.0 
0.987871 0.154928 0.0 
0.868394 0.495874 0.0 
0 0 0.0 
0.96369 -0.266845 0.0 
0.923245 -0.384048 0.0 
1 0.0004339 0.0 
0.999999 -0.00112273 0.0 
1 -0.000519321 0.0 
0.999999 -0.00115113 0.0 
0.961848 -0.26789 0.0 
0.999999 0.0015176 0.0 
0.998415 0.0562875 0.0 
0.999802 -0.0198996 0.0 
0 0 0.0 
0.990359 -0.137169 0.0 
0.965558 -0.259433 0.0 
0.999989 -0.0047358 0.0 
0.999997 0.00143933 0.0 
0.971404 0.237434 0.0 
0 0 0.0 
0.495054 -0.00210009 0.0 
1 0.000131807 0.0 
0.871404 0.489733 0.0 
0.999999 0.00137312 0.0 
0.91447 0.404436 0.0 
-0.302266 0.953112 0.0 
1 -0.000174039 0.0 
0.999719 0.0236955 0.0 
0.125039 0.523445 0.0 
1 -0.000100605 0.0 
0.555121 0.831401 0.0 
0.999991 0.00419651 0.0 
1 4.28918e-05 0.0 
0.443079 0.746087 0.0 
1 -0.000364411 0.0 
0.999849 0.0148523 0.0 
0.908269 0.418388 0.0 
1 0.000279958 0.0 
0.556537 -0.830225 0.0 
0.961281 -0.275367 0.0 
0.438007 0.275361 0.0 
0.997978 0.062737 0.0 
0.718916 0.695097 0.0 
0.965858 0.258537 0.0 
1 -0.000925337 0.0 
0.381987 -0.924168 0.0 
0.995661 0.0930507 0.0 
0.998066 -0.0523836 0.0 
0.999993 0.00363673 0.0 
0.999995 0.00326181 0.0 
1 -0.000682176 0.0 
0.999528 0.00601124 0.0 
0.94204 0.335501 0.0 
0.999975 -0.00702299 0.0 
0.727959 -0.604987 0.0 
0.999996 -0.00116754 0.0 
0.999998 -0.00121199 0.0 
0.625495 0.00230224 0.0 
0.999913 0.0131408 0.0 
0.999627 -0.0269902 0.0 
0.589086 -0.807616 0.0 
0.967292 0.253666 0.0 
0.368406 -0.586647 0.0 
0.927668 0.373405 0.0 
0 0 0.0 
0.408655 0.00324187 0.0 
0.999995 0.00266215 0.0 
0.999992 0.00392129 0.0 
0.825983 -0.56368 0.0 
0.999027 0.0415729 0.0 
-0.998816 -0.0409201 0.0 
-0.101254 -0.986803 0.0 
0.46888 0.883262 0.0 
-0.466114 -0.884687 0.0 
1 0 0.0 
0.939242 -0.342644 0.0 
0.999999 0.000734209 0.0 
-0.994915 0.0986066 0.0 
0.99998 0.00627072 0.0 
0.984345 -0.175406 0.0 
0.999999 0.00125076 0.0 
0.933037 -0.359409 0.0 
0.948414 -0.316748 0.0 
0.999998 -0.00100878 0.0 
0.999999 0.00120149 0.0 
-0.531699 -0.846835 0.0 
0.999999 0.000287356 0.0 
-0.242131 -0.460521 0.0 
0.951528 0.30724 0.0 
0.94337 0.331743 0.0 
1 2.36742e-06 0.0 
0.848202 -0.272185 0.0 
0.999995 0.0019901 0.0 
0 0 0.0 
0.999929 -0.0117805 0.0 
0.988296 0.152368 0.0 
0.999921 -0.00918844 0.0 
0.999999 -0.00122784 0.0 
0.103102 0.40692 0.0 
0.998231 -0.0594471 0.0 
0.964984 0.208071 0.0 
0.991983 0.124703 0.0 
0.971599 0.235796 0.0 
0.999997 -0.00241788 0.0 
0.985191 0.169119 0.0 
0.998514 -0.0479703 0.0 
0 0 0.0 
0 0 0.0 
0.466697 -0.884386 0.0 
0.968242 0.24755 0.0 
1 -0.000645771 0.0 
0.852748 0.521915 0.0 
1 -0.000223711 0.0 
0.999999 -0.00138208 0.0 
-0.516137 0.85608 0.0 
0.999983 0.00586283 0.0 
0.984342 -0.176066 0.0 
0.999996 -0.00262708 0.0 
1 -0.000186441 0.0 
0.999957 -0.00905766 0.0 
1 5.36433e-05 0.0 
0.983505 -0.179976 0.0 
0.999996 0.00118557 0.0 
0.84727 0.531054 0.0 
0.993627 -0.112715 0.0 
0.884125 -0.46725 0.0 
0.999995 -0.00307101 0.0 
0.899593 0.436479 0.0 
-0.336413 -0.941442 0.0 
0.620109 0.784516 0.0 
0.510895 -0.859603 0.0 
0.98067 0.193458 0.0 
0 0 0.0 
0.65681 0.753221 0.0 
0.999999 -0.000563799 0.0 
0.96499 0.260148 0.0 
0 0 0.0 
-0.493487 -0.869753 0.0 
0.792094 -0.61009 0.0 
0.999993 -0.00382413 0.0 
0.984378 -0.174702 0.0 
0.992271 0.123123 0.0 
0.986503 0.163568 0.0 
-0.446494 -0.87809 0.0 
0.999985 0.00485632 0.0 
0.790572 0.612369 0.0 
0 0 0.0 
0.988339 -0.15227 0.0 
0.999955 -0.00933858 0.0 
0.99999 -0.00458064 0.0 
0 0 0.0 
0.871852 -0.489769 0.0 
0.842797 -0.530843 0.0 
0.740038 0.672522 0.0 
0.731175 0.68213 0.0 
0.4224 -0.534921 0.0 
1 0.000379481 0.0 
1 -8.81896e-05 0.0 
0.942067 0.335296 0.0 
0.999022 0.0442122 0.0 
0.901823 -0.431423 0.0 
0.999822 -0.0180216 0.0 
0 0 0.0 
0 0 0.0 
0.99997 0.0077122 0.0 
0 0 0.0 
0.999082 -0.040653 0.0 
0.832937 0.553368 0.0 
0.968992 0.0501708 0.0 
0.942724 0.332309 0.0 
0.560598 -0.82808 0.0 
0.326657 -0.919395 0.0 
0.858105 0.513258 0.0 
0.929913 0.367779 0.0 
0.973142 0.00331645 0.0 
0 0 0.0 
0.999981 0.00611136 0.0 
0.380022 0.924956 0.0 
0 0 0.0 
0 0 0.0 
-0.400165 -0.910716 0.0 
0 0 0.0 
0.698585 0.71539 0.0 
0.999995 -0.00310957 0.0 
-0.380591 0.924743 0.0 
0.997058 0.0734286 0.0 
0.99141 -0.129948 0.0 
0.880067 0.474293 0.0 
0 0 0.0 
0.861573 0.507634 0.0 
0.987484 0.156957 0.0 
0 0 0.0 
0.942572 -0.000495277 0.0 
0 0 0.0 
0.228792 0.908315 0.0 
0.875731 0.31083 0.0 
0.996412 0.0843013 0.0 
0 0 0.0 
0.104355 0.411863 0.0 
0 0 0.0 
0 0 0.0 
0.999982 -0.0060549 0.0 
0.999955 -0.00953236 0.0 
0.159826 0.583718 0.0 
0.891172 -4.32068e-05 0.0 
-0.543427 0.838999 0.0 
0 0 0.0 
-0.973684 0.211755 0.0 
0.114571 0.463407 0.0 
0.108309 0.428596 0.0 
0.116599 0.486215 0.0 
0 0 0.0 
0.109586 0.444315 0.0 
0.083329 0.416402 0.0 
0 0 0.0 
0.715826 0.698193 0.0 
0.140352 0.570542 0.0 
0 0 0.0 
0.0775869 0.411677 0.0 
0.0898231 0.476603 0.0 
0.98746 0.13366 0.0 
0 0 0.0 
0.990159 0.136847 0.0 
0.249949 0.473195 0.0 
-0.243076 -0.969835 0.0 
-0.529312 0.847721 0.0 
0.953413 0.112527 0.0 
0.999998 -0.000455187 0.0 
0.887007 -0.458512 0.0 
-0.432484 -0.901623 0.0 
0.848509 -0.526363 0.0 
-0.51897 -0.854773 0.0 
0.565831 0.803734 0.0 
-0.674186 0.67257 0.0 
0.992264 -0.123683 0.0 
0.259814 0.965423 0.0 
0.249751 0.967975 0.0 
0.115668 0.474853 0.0 
0.912839 -0.408176 0.0 
0.973522 -0.227768 0.0 
0.90283 -0.429722 0.0 
0.218239 -0.974078 0.0 
0.858728 -0.512133 0.0 
-0.486829 0.873468 0.0 
0.259492 -0.965701 0.0 
0.242581 0.970093 0.0 
0.855 -0.518253 0.0 
0.99141 -0.0890505 0.0 
0.968875 -0.247439 0.0 
0.490813 0.00433415 0.0 
0.914529 -0.394417 0.0 
0.981225 -0.189531 0.0 
-0.28007 0.959944 0.0 
-0.673187 -0.69704 0.0 
-0.506257 -0.857318 0.0 
0.999997 0.00242379 0.0 
-0.512382 0.855643 0.0 
-0.703833 -0.457609 0.0 
0.777477 -0.0124182 0.0 
-0.420614 0.898302 0.0 
-0.717466 0.388466 0.0 
-0.320583 0.947169 0.0 
0.245069 0.960346 0.0 
0.758647 -0.519101 0.0 
0.953587 -0.270224 0.0 
0.840715 0.450481 0.0 
-0.345057 0.938576 0.0 
0.999973 -0.000941856 0.0 
0.916259 -0.399347 0.0 
-0.343588 -0.939111 0.0 
0.997142 0.0742182 0.0 
-0.525506 -0.85073 0.0 
-0.249191 -0.968399 0.0 
0.990991 0.132609 0.0 
-0.42471 0.905314 0.0 
0.426226 0.654431 0.0 
0.525316 0.850752 0.0 
0.842909 0.537954 0.0 
0.54447 0.838769 0.0 
0.903796 0.427787 0.0 
0.212013 0.976604 0.0 
0 0 0.0 
0.312857 0.949573 0.0 
0.247662 0.968505 0.0 
-0.222171 0.974728 0.0 
0.435917 0.805791 0.0 
0.922943 0.38478 0.0 
0.274703 -0.961475 0.0 
-0.38657 -0.922221 0.0 
0.90318 -0.425908 0.0 
-0.519817 0.852643 0.0 
0.926176 -0.376934 0.0 
-0.534762 -0.844812 0.0 
0.850329 -0.327718 0.0 
0.884604 -0.466084 0.0 
-0.531731 -0.846824 0.0 
0.684739 0.728693 0.0 
0.950536 -0.310254 0.0 
-0.395638 -0.918322 0.0 
0.955005 -0.296539 0.0 
-0.453423 0.891264 0.0 
-0.486696 0.773713 0.0 
0.865481 0.500828 0.0 
-0.250077 0.968155 0.0 
0.876761 0.479914 0.0 
-0.380436 0.912598 0.0 
0.786659 0.490612 0.0 
0.39588 0.7679 0.0 
0.881684 0.0106843 0.0 
-0.229095 -0.972738 0.0 
0.415556 0.593404 0.0 
0.950596 0.106019 0.0 
-0.541399 0.84073 0.0 
0.833794 -0.470484 0.0 
0.662966 -0.710806 0.0 
-0.523117 0.85016 0.0 
0.445145 -0.835726 0.0 
0 0 0.0 
0.578582 0.815611 0.0 
-0.368394 -0.819748 0.0 
0.883907 0.467469 0.0 
0.929558 0.368564 0.0 
0.862948 0.505285 0.0 
0.968293 0.249403 0.0 
0.998934 0.042947 0.0 
-0.230578 -0.972555 0.0 
-0.505995 -0.861073 0.0 
0.963202 -0.268176 0.0 
0.997764 0.0665372 0.0 
0.79601 -0.605249 0.0 
0.442981 0.895715 0.0 
0.389951 0.920793 0.0 
0.396793 0.917774 0.0 
0.234438 0.448713 0.0 
0.791268 -0.611378 0.0 
-0.443207 -0.892631 0.0 
0.839923 0.00104785 0.0 
-0.309386 -0.925565 0.0 
0.887242 -0.118914 0.0 
0.452698 -0.851399 0.0 
-0.393604 -0.91924 0.0 
0.872329 0.488859 0.0 
-0.356347 -0.934317 0.0 
-0.225035 -0.973944 0.0 
-0.269757 -0.938819 0.0 
0.502616 0.864422 0.0 
-0.278802 -0.960089 0.0 
-0.345434 -0.934698 0.0 
0.956592 0.291296 0.0 
0.955728 -0.294206 0.0 
0.902666 0.42726 0.0 
0.932048 -0.264848 0.0 
-0.50367 -0.863843 0.0 
0.969351 0.245215 0.0 
-0.306779 0.951764 0.0 
-0.225311 0.974192 0.0 
-0.206172 0.957646 0.0 
0.580299 0.796519 0.0 
-0.0664251 0.952058 0.0 
0.45554 -0.890122 0.0 
-0.401065 -0.621457 0.0 
0.37582 -0.889275 0.0 
0.763825 0.537592 0.0 
0.320168 0.947272 0.0 
0.868486 -0.495598 0.0 
0.997925 -0.0631206 0.0 
0.522742 0.852323 0.0 
-0.972442 0.225049 0.0 
-0.893363 0.438373 0.0 
0.770429 -0.637507 0.0 
0.968542 -0.0333309 0.0 
0.6173 0.786716 0.0 
0.981447 -0.190805 0.0 
0.961964 0.272866 0.0 
-0.343693 -0.936847 0.0 
-0.407203 -0.90628 0.0 
0.884973 -0.465325 0.0 
0.899443 -0.436633 0.0 
0.976483 0.214078 0.0 
0.725727 0.432755 0.0 
0.590364 -0.509827 0.0 
0.989331 0.0257239 0.0 
0.591222 -0.806482 0.0 
-0.377996 0.925803 0.0 
0.891239 -0.453287 0.0 
0.183571 -0.811872 0.0 
0.922443 0.191761 0.0 
0.662168 0.130048 0.0 
0.98068 0.195395 0.0 
0.981694 0.19003 0.0 
0.811314 -0.584372 0.0 
0.777118 -0.61228 0.0 
0.998378 -0.0561741 0.0 
0.641988 -0.711805 0.0 
0.976372 0.215544 0.0 
-0.926968 -0.36445 0.0 
0.650339 -0.759521 0.0 
0.537383 -0.843303 0.0 
-0.992083 0.0701444 0.0 
0.999958 0.00320043 0.0 
0.962048 0.232083 0.0 
0.522931 -0.852296 0.0 
0.975653 -0.218565 0.0 
-0.367895 -0.929838 0.0 
0.953788 -0.300176 0.0 
0.918153 -0.229504 0.0 
0.962184 0.0457136 0.0 
0.940763 -0.338883 0.0 
0.950806 -0.136174 0.0 
0.497735 -0.867262 0.0 
0.992546 0.0874685 0.0 
0.999754 -0.019827 0.0 
0.584152 0.80637 0.0 
-0.90544 0.382493 0.0 
0.878599 -0.311161 0.0 
0.98407 0.147219 0.0 
0.815841 -0.370908 0.0 
0.764133 -0.457291 0.0 
0.990998 -0.133827 0.0 
0.971272 0.222994 0.0 
0.924665 -0.204219 0.0 
0.557763 0.257629 0.0 
0.994629 0.0912002 0.0 
0.575214 -0.81788 0.0 
0.543213 -0.83951 0.0 
0.825756 -0.563901 0.0 
0.959486 -0.281581 0.0 
-0.582796 0.802284 0.0 
-0.633119 -0.771432 0.0 
-0.683264 -0.729671 0.0 
0.493155 -0.869929 0.0 
-0.37266 -0.927889 0.0 
0.949597 0.00163238 0.0 
0.901878 -0.22714 0.0 
0.999768 0.0178203 0.0 
0.914192 -0.366523 0.0 
0.884026 -0.465896 0.0 
0.624737 -0.780822 0.0 
-0.199627 -0.973665 0.0 
0.192723 -0.924875 0.0 
0.239648 -0.970298 0.0 
0.242178 -0.969523 0.0 
0.912038 0.409126 0.0 
-0.615191 -0.776061 0.0 
0.889282 0.457122 0.0 
0.945688 -0.252665 0.0 
0.640539 0.19996 0.0 
0.757751 -0.640357 0.0 
0.956576 -0.288307 0.0 
0.203418 0.876823 0.0 
0.98764 0.1552 0.0 
0.978383 0.0371998 0.0 
0.971994 0.0246556 0.0 
0.19363 -0.937095 0.0 
1 -5.87138e-05 0.0 
0.804495 0.49988 0.0 
0.728645 0.673978 0.0 
-0.703384 -0.701545 0.0 
-0.703011 -0.692799 0.0 
-0.509704 -0.854533 0.0 
0.764001 0.453911 0.0 
0.447551 0.594315 0.0 
0.595885 -0.787627 0.0 
-0.0742374 0.329494 0.0 
0.787482 -0.58362 0.0 
-0.977781 0.138529 0.0 
0.946681 -0.0673212 0.0 
-0.875208 0.457092 0.0 
0.953343 -0.235541 0.0 
-0.114666 -0.987783 0.0 
0.957807 0.265201 0.0 
0.980652 -0.0265766 0.0 
0.981333 -0.117113 0.0 
-0.421426 0.900164 0.0 
-0.714006 -0.696594 0.0 
-0.944534 -0.278431 0.0 
-0.516783 0.849563 0.0 
-0.710852 0.653303 0.0 
-0.969868 0.230543 0.0 
-0.882088 0.160215 0.0 
0 0 0.0 
0.951565 -0.295323 0.0 
0.60814 -0.743624 0.0 
-0.950568 0.186761 0.0 
0.866929 0.363494 0.0 
-0.919122 0.383135 0.0 
-0.261927 0.488271 0.0 
0.86931 0.413867 0.0 
-0.0825351 0.742474 0.0 
0.795188 0.592108 0.0 
-0.527265 0.84129 0.0 
-0.79102 -0.592537 0.0 
0.80553 0.54534 0.0 
0.751426 0.641328 0.0 
0.999998 -0.0020296 0.0 
0.561647 0.794844 0.0 
-0.259778 0.964669 0.0 
0.978149 0.124794 0.0 
0.948179 0.31423 0.0 
-0.0694317 -0.887152 0.0 
-0.337866 -0.939801 0.0 
-0.405778 -0.913925 0.0 
0.99632 -0.0808097 0.0 
0.445092 -0.892416 0.0 
0.475047 -0.879896 0.0 
-0.545557 -0.837757 0.0 
-0.820145 0.563637 0.0 
-0.75404 0.652483 0.0 
-0.885976 -0.440017 0.0 
-0.773409 -0.614596 0.0 
0.999987 -0.000311523 0.0 
-0.986506 -0.101716 0.0 
-0.760712 -0.27255 0.0 
0.948579 0.31544 0.0 
0.122372 0.0456742 0.0 
0.604104 0.773564 0.0 
0.962208 0.27219 0.0 
-0.0527472 0.981918 0.0 
-0.353872 0.93526 0.0 
-0.761936 -0.601072 0.0 
-0.411817 0.906196 0.0 
0 0 0.0 
0.906297 0.32718 0.0 
0.836321 0.491469 0.0 
0.592815 0.793097 0.0 
0.843222 -0.412576 0.0 
0.0480399 0.931423 0.0 
-0.972847 0.0307642 0.0 
0.934418 0.355537 0.0 
-0.364363 -0.931251 0.0 
0.43181 0.899141 0.0 
-0.883949 0.408075 0.0 
0.758386 -0.648948 0.0 
0.999994 -0.00331304 0.0 
-0.377503 -0.921255 0.0 
0.452865 0.237305 0.0 
0.985133 -0.0599158 0.0 
0.861778 -0.507132 0.0 
0.330629 -0.943292 0.0 
0.460476 0.887311 0.0 
0.999194 0.039764 0.0 
-0.464489 0.885567 0.0 
0.238714 -0.0955266 0.0 
0.751197 -0.484636 0.0 
0.944644 0.323559 0.0 
-0.309735 0.945012 0.0 
0.94291 0.329549 0.0 
0.71176 -0.69692 0.0 
0.307493 -0.905727 0.0 
0.882958 -0.428475 0.0 
-0.197669 0.972852 0.0 
0 0 0.0 
0.682967 -0.711942 0.0 
0.999995 -0.00279078 0.0 
0.298449 -0.954 0.0 
0.634473 0.765553 0.0 
-0.457885 0.886143 0.0 
0.910886 0.412509 0.0 
-0.271526 0.951448 0.0 
0.772366 -0.631958 0.0 
0.506389 -0.799988 0.0 
0.891737 -0.284166 0.0 
0.27568 0.960269 0.0 
0.999998 0.000440329 0.0 
0.882904 -0.396185 0.0 
0.468161 -0.876086 0.0 
0.887049 0.402945 0.0 
0.0921622 -0.957439 0.0 
0.999993 -0.0034682 0.0 
0.622612 -0.670184 0.0 
0.647075 -0.443119 0.0 
0.320284 -0.838984 0.0 
0.109936 -0.976043 0.0 
0.994472 -0.0477903 0.0 
-0.997137 0.0108431 0.0 
0.465203 0.879761 0.0 
-0.85208 -0.345053 0.0 
0.796643 0.518912 0.0 
0.992749 -0.120014 0.0 
0.883725 0.288447 0.0 
0.864322 0.50286 0.0 
-0.988384 0.0430411 0.0 
0.869756 0.493069 0.0 
0.997482 -0.0704879 0.0 
0.999248 0.0235697 0.0 
0.984654 -0.124162 0.0 
0.179631 0.913015 0.0 
-0.332956 -0.942878 0.0 
-0.289763 -0.946532 0.0 
0.989531 0.128135 0.0 
-0.940362 -0.211139 0.0 
0.260071 0.9651 0.0 
0.720804 0.692894 0.0 
0.911594 0.410923 0.0 
0.377765 0.925765 0.0 
0.83848 0.544228 0.0 
0.521448 -0.764828 0.0 
0.148368 0.899413 0.0 
-0.534668 -0.844627 0.0 
0.552011 0.744306 0.0 
0.658973 0.752074 0.0 
0.312474 0.80445 0.0 
0.999305 -0.0301185 0.0 
0.0501894 0.912378 0.0 
-0.491622 -0.868975 0.0 
0.984619 0.141047 0.0 
0.985142 0.161921 0.0 
0.683348 0.475901 0.0 
-0.39359 0.893854 0.0 
0.987937 0.145334 0.0 
0.882896 0.339573 0.0 
0.973186 0.0806441 0.0 
-0.900591 -0.185191 0.0 
-0.397163 -0.917604 0.0 
-0.331183 0.943476 0.0 
-0.828383 0.464026 0.0 
0.375568 0.926151 0.0 
-0.949849 0.23553 0.0 
0.308683 -0.945225 0.0 
0 0 0.0 
-0.283479 0.958336 0.0 
0.336155 0.938979 0.0 
-0.597105 0.689049 0.0 
-0.518082 0.854825 0.0 
0.934387 -0.35593 0.0 
0 0 0.0 
0.86223 0.50024 0.0 
-0.276932 -0.960783 0.0 
-0.997353 0.0597675 0.0 
0.969784 0.231216 0.0 
0.788269 0.603956 0.0 
0.629286 0.678568 0.0 
-0.278325 0.94228 0.0 
-0.449035 0.85599 0.0 
-0.313956 0.949409 0.0 
0.990021 -0.138749 0.0 
-0.251351 0.922222 0.0 
0.384521 0.922138 0.0 
-0.370381 -0.928829 0.0 
0.338339 -0.73423 0.0 
0.877697 -0.479031 0.0 
0.984201 -0.172736 0.0 
0.999111 -0.041635 0.0 
0.999916 -0.000527897 0.0 
0.79755 0.289792 0.0 
1 0.000592566 0.0 
0.942787 -0.300268 0.0 
-0.096431 -0.82613 0.0 
-0.280591 0.959758 0.0 
0.794932 -0.596545 0.0 
0.99745 -0.0708383 0.0 
0.513745 -0.856071 0.0 
-0.455069 -0.888493 0.0 
-0.0636154 0.985328 0.0 
-0.876453 0.185255 0.0 
0.997962 -0.051667 0.0 
-0.401494 -0.914813 0.0 
0.999477 0.0308528 0.0 
0.738118 -0.673248 0.0 
0.93702 0.0124282 0.0 
-0.150608 0.984598 0.0 
0 0 0.0 
0.506754 0.862047 0.0 
0.922716 -0.385235 0.0 
0.993803 0.109356 0.0 
0.773781 -0.633414 0.0 
0.941599 -0.0275869 0.0 
0 0 0.0 
-0.194824 -0.84972 0.0 
-0.496267 0.868107 0.0 
0.420777 -0.834244 0.0 
0.978894 -0.161143 0.0 
0.833137 0.551912 0.0 
0.999997 0.000392262 0.0 
0.999996 0.00248455 0.0 
0.294297 -0.725512 0.0 
0.754029 0.602003 0.0 
0.348366 0.863032 0.0 
-0.176146 0.960632 0.0 
0.999999 -0.00140052 0.0 
0.999999 0.00156793 0.0 
0.948809 -0.240511 0.0 
0.717432 -0.695999 0.0 
0.988297 0.147423 0.0 
0.990084 -0.0558671 0.0 
0.999612 -0.00404846 0.0 
0.422125 0.8751 0.0 
0.98358 -0.139694 0.0 
0.765812 -0.456272 0.0 
0.983851 -0.178226 0.0 
0.985087 0.1712 0.0 
-0.168568 -0.294303 0.0 
0.353814 -0.935245 0.0 
0.408127 0.884053 0.0 
1 0.000639903 0.0 
0.999999 -0.000671113 0.0 
1 -0.000342779 0.0 
0.99999 -0.00439308 0.0 
0.140511 -0.49801 0.0 
0.999999 -0.00142272 0.0 
0.999996 0.00286834 0.0 
-0.389234 0.917127 0.0 
0.999994 0.002812 0.0 
0.332901 -0.942897 0.0 
0.251551 -0.159594 0.0 
1 -0.000226638 0.0 
0.999999 0.00152914 0.0 
0.999999 0.00135797 0.0 
-0.0652323 -0.975083 0.0 
0.999999 -0.0013739 0.0 
0.999999 -0.00121219 0.0 
-0.276878 0.960592 0.0 
0.51015 -0.813298 0.0 
0.931893 0.362361 0.0 
0.999225 0.0338777 0.0 
0.961563 0.175775 0.0 
0.792056 0.457441 0.0 
1 -0.000178504 0.0 
-0.0645175 -0.796974 0.0 
0.999998 0.00123547 0.0 
0.495921 -0.0637372 0.0 
0.941363 0.33417 0.0 
-0.279399 -0.95157 0.0 
0.999999 -0.000752061 0.0 
0.914602 -0.191846 0.0 
-0.888922 -0.324558 0.0 
0.919612 0.392138 0.0 
-0.982228 0.178266 0.0 
0.999999 -0.000978121 0.0 
0.999997 -0.00043605 0.0 
0.979667 0.165066 0.0 
0.999993 -0.00368583 0.0 
0.999991 0.00233229 0.0 
0.999998 0.000342502 0.0 
-0.900971 -0.00894372 0.0 
0.992402 -0.0631533 0.0 
0.793996 0.607882 0.0 
-0.0814925 0.98224 0.0 
1 -0.000154284 0.0 
0.813932 -0.381467 0.0 
1 0.000443586 0.0 
0.252672 0.446229 0.0 
0.999998 -0.00136536 0.0 
0.616082 -0.125012 0.0 
0.999981 -0.00563413 0.0 
0.691012 -0.722794 0.0 
0.181163 -0.954653 0.0 
-0.287188 -0.957658 0.0 
0.845246 -0.534073 0.0 
-0.615953 0.618066 0.0 
0.290217 -0.956913 0.0 
0.947159 0.320508 0.0 
0 0 0.0 
1 -0.000381371 0.0 
0.981998 0.161596 0.0 
0.64484 0.764302 0.0 
0.728153 0.680427 0.0 
0.941276 -0.122065 0.0 
1 0.00052444 0.0 
0.999997 0.00109731 0.0 
0.823467 -0.549907 0.0 
0.997257 0.0720434 0.0 
0.381465 0.834923 0.0 
0.948697 -0.315992 0.0 
0.996288 -0.0697655 0.0 
0.987386 0.15796 0.0 
0.873069 -0.308227 0.0 
-0.244036 0.969586 0.0 
0.993682 -0.110068 0.0 
0.480079 0.877116 0.0 
0.458681 0.888575 0.0 
0.946512 0.322505 0.0 
-0.30366 -0.857495 0.0 
-0.333615 0.942614 0.0 
-0.3422 0.939542 0.0 
0.816561 0.57716 0.0 
-0.980429 -0.170824 0.0 
0.722943 -0.690767 0.0 
0.830985 0.556164 0.0 
0.828598 0.55977 0.0 
0.999995 9.81514e-06 0.0 
0 0 0.0 
0.353042 0.935148 0.0 
0.999998 -0.00210202 0.0 
0.415315 0.0610177 0.0 
0.935027 -0.343235 0.0 
0.885093 0.462259 0.0 
0.872361 -0.487877 0.0 
0.997995 0.0611977 0.0 
0.493306 -0.868859 0.0 
0.918407 -0.395521 0.0 
0.943863 -0.329671 0.0 
0.574103 -0.777992 0.0 
0.998578 -0.0487655 0.0 
0.960224 0.278026 0.0 
0.697877 -0.716141 0.0 
0.999912 -0.0115083 0.0 
1 -8.23871e-05 0.0 
0.991171 0.132538 0.0 
-0.199734 0.938621 0.0 
0.9978 0.0604237 0.0 
0.77752 -0.628831 0.0 
0.999777 -0.0133941 0.0 
-0.489573 0.147735 0.0 
0.99967 -0.0254544 0.0 
0.986391 -0.163617 0.0 
-0.994977 0.068882 0.0 
-0.300392 -0.953778 0.0 
0.365035 -0.930923 0.0 
-0.244349 0.968363 0.0 
0.981283 -0.192471 0.0 
0.987816 -0.00417338 0.0 
0.822808 0.5591 0.0 
0.984323 0.175331 0.0 
0.988948 0.144867 0.0 
0.859293 -0.198412 0.0 
0.759735 -0.650102 0.0 
-0.869461 -0.477834 0.0 
0.129465 -0.377457 0.0 
0.476833 -0.142156 0.0 
0.998842 0.0239588 0.0 
0.977449 -0.206649 0.0 
0.995736 0.0848367 0.0 
0.980237 0.0644666 0.0 
0.999156 0.00673475 0.0 
0.25731 -0.966232 0.0 
-0.167907 -0.817567 0.0 
0.999999 0.000202169 0.0 
0.81616 -0.572359 0.0 
0.996051 -0.0415302 0.0 
0.59829 0.801161 0.0 
-0.0220495 0.843077 0.0 
0.646733 0.762402 0.0 
-0.573305 -0.561621 0.0 
0.217974 -0.791699 0.0 
0.992906 -0.118463 0.0 
0.982249 0.0423149 0.0 
-0.190311 -0.976518 0.0 
-0.842825 0.396532 0.0 
0.99072 -0.134095 0.0 
0.955919 0.288991 0.0 
0.341767 -0.559335 0.0 
0.986102 -0.153499 0.0 
0.981423 -0.191018 0.0 
0.784569 -0.603137 0.0 
0.650882 0.534177 0.0 
0.832679 0.441479 0.0 
0.907897 -0.41205 0.0 
0.999872 -0.0151227 0.0 
0.0791456 -0.346211 0.0 
-0.285341 0.618445 0.0 
0.999997 0.0019391 0.0 
0.90538 -0.419045 0.0 
0.999991 -0.00272613 0.0 
0.878896 0.47586 0.0 
0.61528 0.642846 0.0 
0.739747 -0.63066 0.0 
-0.942867 -0.245415 0.0 
0.321115 0.559589 0.0 
-0.540545 0.833711 0.0 
0.999914 0.00781258 0.0 
0.775254 0.63147 0.0 
-0.680458 -0.706758 0.0 
0.444495 0.842533 0.0 
0.928288 -0.371237 0.0 
-0.356359 -0.934316 0.0 
0.999027 -0.0437989 0.0 
0.977628 0.0554611 0.0 
0.999992 0.000741374 0.0 
0.481856 0.290922 0.0 
0.985783 -0.166082 0.0 
0.999877 0.0149791 0.0 
0.251048 0.96716 0.0 
0.718063 0.614276 0.0 
0.999974 -0.00635053 0.0 
-0.896184 -0.0373042 0.0 
0.977008 0.212467 0.0 
0.630413 -0.775697 0.0 
0.937865 -0.324083 0.0 
0.761566 0.424711 0.0 
0.93481 0.011905 0.0 
0.993636 -0.054514 0.0 
0.0658634 0.924562 0.0 
0.512874 0.858089 0.0 
0.952571 -0.289308 0.0 
0.890899 -0.393092 0.0 
0.998779 0.0471247 0.0 
0.951965 0.00480497 0.0 
0.891119 0.347424 0.0 
0.892284 -0.249997 0.0 
0.330343 0.435925 0.0 
0.999063 -0.0404159 0.0 
0.972605 0.228272 0.0 
0.740485 0.367956 0.0 
-0.696751 0.661153 0.0 
0.999465 0.00595469 0.0 
0.999995 0.00299886 0.0 
-0.251656 0.965453 0.0 
0.41908 0.498457 0.0 
0.68453 0.690417 0.0 
0.842038 -0.539357 0.0 
-0.0720443 0.993536 0.0 
-0.243696 0.969603 0.0 
0.998804 0.048582 0.0 
0.990671 -0.0727041 0.0 
0.802505 0.422592 0.0 
0.999952 0.00890318 0.0 
0.749403 -0.661349 0.0 
0.582486 0.162192 0.0 
0.621176 0.499624 0.0 
0.0167082 0.984558 0.0 
0.972909 -0.181073 0.0 
0.999999 0.000334881 0.0 
0.297816 0.932551 0.0 
0.816887 -0.508717 0.0 
-0.0974996 0.990904 0.0 
0.193846 0.915116 0.0 
0.906481 -0.286309 0.0 
0.289311 0.874886 0.0 
0.985855 -0.138277 0.0 
-0.858442 -0.419876 0.0 
0.57151 -0.778486 0.0 
0.999997 -0.00217096 0.0 
0.973349 0.198929 0.0 
0.999999 -0.00116223 0.0 
0.413116 -0.903351 0.0 
0.919421 -0.387304 0.0 
0.964737 -0.261804 0.0 
0.952899 -0.302629 0.0 
0.99186 0.088691 0.0 
0.813012 0.582213 0.0 
0.864804 0.47032 0.0 
0.895774 -0.443008 0.0 
0.965633 -0.259741 0.0 
0.256826 -0.96511 0.0 
0.994247 -0.10473 0.0 
0.999998 9.70638e-05 0.0 
0.962511 0.243358 0.0 
0.853169 -0.520785 0.0 
0.999931 0.00915984 0.0 
0.955739 -0.289873 0.0 
0.999996 -0.0027852 0.0 
0.805738 0.59217 0.0 
0.939999 -0.340879 0.0 
1 0.000603196 0.0 
0.792277 -0.60991 0.0 
-0.411427 0.895792 0.0 
0.868069 -0.332404 0.0 
0.99999 0.00370083 0.0 
0.80232 0.594869 0.0 
0.251476 0.819445 0.0 
0.185928 0.975643 0.0 
0.906678 0.421368 0.0 
0.429438 -0.835658 0.0 
0.20022 -0.752614 0.0 
0.966466 -0.0337647 0.0 
0.439965 -0.897999 0.0 
0.942532 0.333541 0.0 
1 0.000470288 0.0 
0.787314 0.555243 0.0 
0 0 0.0 
0.285409 0.957542 0.0 
0.942542 -0.333568 0.0 
0.309503 -0.816327 0.0 
1 -0.000309063 0.0 
0.62382 -0.359057 0.0 
0.46398 -0.0547946 0.0 
-0.277904 -0.960543 0.0 
0.755292 -0.533002 0.0 
0.504488 -0.71779 0.0 
0.999998 -0.000432873 0.0 
0.817163 -0.575714 0.0 
0.646644 -0.762312 0.0 
0 0 0.0 
0 0 0.0 
0.389696 -0.755691 0.0 
0.461363 -0.626717 0.0 
0.999993 -0.00360414 0.0 
-0.0407339 -0.941171 0.0 
0.511453 -0.299452 0.0 
0 0 0.0 
0.99769 0.0669697 0.0 
0.866719 -0.49674 0.0 
0.300626 0.951274 0.0 
-0.239556 -0.956247 0.0 
-0.296792 0.437592 0.0 
0.999996 -0.00268692 0.0 
0.407669 0.883802 0.0 
0.956187 0.291661 0.0 
0.999998 0.000383866 0.0 
0.999999 0.00123329 0.0 
0 0 0.0 
0.933497 0.357832 0.0 
0.899704 0.435577 0.0 
0.148663 0.558046 0.0 
0.926544 0.37608 0.0 
0.445267 0.895271 0.0 
0.999996 -0.00280788 0.0 
0.31216 0.949041 0.0 
0.861021 0.508227 0.0 
0.0647479 -0.879934 0.0 
0 0 0.0 
-0.230068 -0.962942 0.0 
0.963421 0.0843086 0.0 
0.521416 -0.853233 0.0 
0.811091 0.584475 0.0 
0.838722 0.544527 0.0 
0.410836 0.910796 0.0 
-0.15713 0.376615 0.0 
0.97141 -0.236917 0.0 
0.999998 -0.00173629 0.0 
0 0 0.0 
-0.44889 -0.762517 0.0 
0.511581 0.126531 0.0 
0.433198 0.0898464 0.0 
0.50098 0.238365 0.0 
0.933959 0.35643 0.0 
0.97879 0.193596 0.0 
0.292742 -0.500994 0.0 
1 0.000759087 0.0 
0.454818 -0.125938 0.0 
-0.266094 0.442647 0.0 
0.586654 -0.678797 0.0 
0.458301 0.0798419 0.0 
-0.377825 -0.925856 0.0 
0.986025 -0.164418 0.0 
0.989126 0.0404282 0.0 
0.740802 -0.67154 0.0 
0.936056 0.350367 0.0 
-0.868418 -0.371862 0.0 
0.937279 0.341928 0.0 
0.189335 0.866882 0.0 
0 0 0.0 
0.417589 -0.901877 0.0 
0.983327 0.181634 0.0 
0.290719 -0.90547 0.0 
0.85986 -0.510238 0.0 
-0.133175 0.481938 0.0 
0.936355 -0.350809 0.0 
0.530542 0.784935 0.0 
1 -0.00018876 0.0 
0.407719 0.912836 0.0 
0.92822 -0.371202 0.0 
0 0 0.0 
0.865997 0.499619 0.0 
0.668792 0.74334 0.0 
0 0 0.0 
0.829988 0.376325 0.0 
0.825365 0.345172 0.0 
0.441874 -0.117038 0.0 
0.0904673 -0.904314 0.0 
0 0 0.0 
0.280642 0.0771144 0.0 
0 0 0.0 
0 0 0.0 
0 0 0.0 
0.705905 -0.708089 0.0 
-0.0780247 0.366966 0.0 
0 0 0.0 
0.505384 0.161819 0.0 
0 0 0.0 
0.94401 0.328878 0.0 
0.436037 -0.899916 0.0 
0 0 0.0 
0.508078 0.849591 0.0 
0 0 0.0 
0 0 0.0 
0.969991 -0.193507 0.0 
0 0 0.0 
0.603677 -0.779966 0.0 
-0.986894 0.121811 0.0 
0 0 0.0 
-0.381964 -0.924166 0.0 
0.983029 0.165963 0.0 
0.921772 -0.325522 0.0 
0 0 0.0 
0 0 0.0 
0.422393 0.906403 0.0 
0.965928 -0.258528 0.0 
0 0 0.0 
  </DataArray>
  <DataArray type = "Float64" Name="AppartientEntree1" format="ascii">
1
1
0
0
0
0
0
0
0
0
0
0
0
0
0
0
0
0
0
0
0
0
0
0
0
0
0
0
0
0
0
0
0
0
0
0
0
0
0
0
0
0
0
0
0
0
0
0
0
0
0
0
0
0
0
0
0
0
0
0
0
0
0
0
0
0
0
0
0
0
0
0
0
0
0
0
0
0
0
0
0
0
0
0
0
0
0
0
0
0
0
0
0
0
0
0
0
0
0
0
0
0
0
0
0
0
0
0
0
0
0
0
0
0
0
0
0
0
0
0
0
0
0
0
0
0
0
0
0
0
0
0
0
0
0
0
0
0
0
0
0
0
0
0
0
0
0
0
0
0
0
0
0
0
0
0
0
0
0
0
0
0
0
0
0
0
0
1
0
0
0
0
0
0
0
0
0
0
0
0
0
0
0
0
0
0
0
0
0
0
0
0
0
0
0
0
0
0
0
0
0
0
0
0
0
0
0
0
0
0
0
0
0
0
0
0
0
0
0
0
0
0
0
0
0
0
0
0
0
0
0
0
0
0
0
0
0
0
0
0
0
0
0
0
0
0
0
0
0
0
0
0
0
0
0
0
0
0
0
0
0
0
0
0
0
0
0
0
0
0
0
0
0
0
0
0
0
0
0
0
0
0
0
0
0
0
0
0
0
0
0
0
0
0
0
0
0
0
0
0
0
0
0
0
0
0
0
0
0
0
0
0
0
0
0
0
0
0
0
0
0
0
0
0
0
1
0
0
0
0
0
0
0
0
0
0
0
0
0
0
0
0
0
0
0
0
0
0
0
0
0
0
0
0
0
0
0
0
0
0
0
0
0
0
1
0
0
0
0
0
0
0
0
0
0
0
0
0
0
0
0
0
0
0
0
0
0
0
0
0
0
0
0
0
0
0
1
1
0
0
0
0
0
0
0
1
0
0
0
0
0
0
0
0
0
0
0
0
0
0
0
0
0
0
0
0
0
0
0
0
0
0
1
0
0
0
1
0
0
0
0
0
0
0
0
0
0
0
0
0
0
0
0
0
0
0
0
0
0
0
0
0
0
0
0
0
0
0
0
0
0
0
0
0
0
0
0
0
0
0
0
0
0
0
0
0
0
0
0
0
0
0
0
0
0
0
0
0
0
0
0
0
0
0
0
0
0
0
0
0
0
0
0
0
0
0
0
0
0
0
0
0
0
0
0
0
0
0
0
0
0
0
0
0
0
0
0
0
0
0
0
0
0
0
0
0
0
0
0
0
0
0
0
0
0
0
0
0
0
0
0
0
0
0
0
0
0
0
0
0
0
0
0
0
0
0
0
0
0
0
0
0
0
0
0
0
0
0
0
0
0
0
0
0
0
0
0
0
0
0
0
0
0
0
0
0
0
0
0
0
0
0
0
0
0
0
0
0
0
0
0
0
0
0
0
0
0
0
0
0
0
0
0
0
0
0
0
0
0
0
0
0
0
0
0
0
0
0
0
0
0
0
0
0
0
0
0
0
0
0
0
0
0
0
0
0
0
0
0
0
0
0
0
0
0
0
0
0
0
0
0
0
0
0
0
0
0
0
0
0
0
0
0
0
0
0
0
0
0
0
0
0
0
0
0
0
0
0
0
0
0
0
0
0
0
0
0
0
0
0
0
0
0
0
0
0
0
0
0
0
0
0
0
0
0
0
0
0
0
0
0
0
0
0
0
0
0
0
0
0
0
0
0
0
0
0
0
0
0
0
0
0
0
0
0
0
0
0
0
0
0
0
0
0
0
0
0
0
0
0
0
0
0
0
0
0
0
0
0
0
0
0
0
0
0
0
0
0
0
0
0
0
0
0
0
0
0
0
0
0
0
0
0
0
0
0
0
0
0
0
0
0
0
0
0
0
0
0
0
1
0
0
0
0
0
0
0
0
0
0
0
0
0
0
0
0
0
0
0
0
0
0
0
0
0
0
0
0
0
0
0
0
0
0
0
0
0
0
0
0
0
0
0
0
0
0
0
0
0
0
0
0
0
0
0
0
0
0
0
0
0
0
0
0
0
0
0
0
0
0
0
0
0
0
0
0
0
0
0
0
0
0
0
0
0
0
0
0
0
0
0
0
0
0
0
0
0
0
0
0
0
0
0
0
0
0
0
0
0
0
0
0
0
0
0
0
0
0
0
0
0
0
0
0
0
0
0
0
0
0
0
0
0
0
0
0
0
0
0
0
0
0
0
0
0
0
0
0
0
0
0
0
0
0
0
0
0
0
0
0
0
0
0
0
0
0
0
0
0
0
0
0
0
0
0
0
0
0
0
0
0
0
0
0
0
0
0
0
0
0
0
0
0
0
0
0
0
0
0
0
0
0
0
0
0
0
0
0
0
0
0
0
0
0
0
0
0
0
0
0
0
0
0
0
0
0
0
0
0
0
0
0
0
0
0
0
0
0
0
0
0
0
0
0
0
0
0
0
0
0
0
0
0
0
0
0
0
0
0
0
0
0
0
0
0
0
0
0
0
0
0
0
0
0
0
0
0
0
0
0
0
0
0
0
0
0
0
0
0
0
0
0
0
0
0
0
0
0
0
0
0
0
0
0
0
0
0
0
0
0
0
0
0
0
0
0
0
0
0
0
0
0
0
0
0
0
0
0
0
0
0
0
0
0
0
0
0
0
0
0
0
0
0
0
0
0
0
0
0
0
0
0
0
0
0
0
0
0
0
0
0
0
0
0
0
0
0
0
0
0
0
0
0
0
0
0
0
0
0
0
0
0
0
0
0
0
0
0
0
0
0
0
0
0
0
0
0
0
0
0
0
0
0
0
0
0
0
0
0
0
0
0
0
0
0
0
0
0
0
0
0
0
0
0
0
0
0
0
0
0
0
0
0
0
0
0
0
0
0
0
0
0
0
0
0
0
0
0
0
0
0
0
0
0
0
0
0
0
0
0
0
0
0
0
0
0
0
0
0
0
0
0
0
0
0
0
0
0
0
0
0
0
0
0
0
0
0
0
0
0
0
0
0
0
0
0
0
0
0
0
0
0
0
0
0
0
0
0
0
0
0
0
0
0
0
0
0
0
0
0
0
0
0
0
0
0
0
0
0
0
0
0
0
0
0
0
0
0
0
0
0
0
0
0
0
0
0
0
0
0
0
0
0
0
0
0
0
0
0
0
0
0
0
0
0
0
0
0
0
0
0
0
0
0
0
0
0
0
0
0
0
0
0
0
0
0
0
0
0
0
0
0
0
0
0
0
0
0
0
0
0
0
0
0
0
0
0
0
0
0
0
0
0
0
0
0
0
0
0
0
0
0
0
0
0
0
0
0
0
0
0
0
0
0
0
0
0
0
0
0
0
0
0
0
0
0
0
0
0
0
0
0
0
0
0
0
0
0
0
0
0
0
0
0
0
0
0
0
0
0
0
0
0
0
0
0
0
0
0
0
0
0
0
0
0
0
0
0
0
0
0
0
0
0
0
0
0
0
0
0
0
0
0
0
0
0
0
0
0
0
0
0
0
0
0
0
0
0
0
0
0
0
0
0
0
0
0
0
0
0
0
0
0
0
0
0
0
0
0
0
0
0
0
0
0
0
0
0
0
0
0
0
0
0
0
0
0
0
0
0
0
0
0
0
0
0
0
0
0
0
0
0
0
0
0
0
0
0
0
0
0
0
0
0
0
0
0
0
0
0
0
0
0
0
0
0
0
0
0
0
0
0
0
0
0
0
0
0
0
0
0
0
0
0
0
0
0
0
0
0
0
0
0
0
0
0
0
0
0
0
0
0
0
0
0
0
0
0
0
0
0
0
0
0
0
0
0
0
0
0
0
0
0
0
0
0
0
0
0
0
0
0
0
0
0
0
0
0
0
0
0
0
0
0
0
0
0
0
0
0
0
0
0
0
0
0
0
0
0
0
0
0
0
0
0
0
0
0
0
0
0
0
0
0
0
0
0
0
0
0
0
0
0
0
0
0
0
0
0
0
0
0
0
0
0
0
0
0
0
0
0
0
0
1
0
0
0
0
0
0
0
0
0
0
0
0
0
0
0
0
0
0
0
0
0
0
0
0
0
0
0
0
0
0
0
0
0
0
0
0
0
0
0
0
0
0
0
0
0
0
0
0
1
0
0
0
0
0
0
0
0
0
0
0
0
0
0
0
0
0
0
0
0
0
0
0
0
0
0
0
0
0
0
0
0
0
0
0
0
0
0
0
0
0
0
0
0
0
0
0
0
0
0
0
0
0
0
0
0
0
0
0
0
0
0
0
0
0
0
0
0
0
0
0
0
0
0
0
0
0
0
0
0
0
0
0
0
0
0
0
0
0
0
0
0
0
0
0
0
0
0
0
0
0
0
0
0
0
0
0
0
0
0
0
0
0
0
0
0
0
0
0
0
0
0
0
0
0
0
0
0
0
0
0
0
0
0
0
0
0
0
0
0
0
0
0
0
0
0
0
0
0
0
0
0
0
0
0
0
0
0
0
0
0
0
0
0
0
0
0
0
0
0
0
0
0
0
0
0
0
0
0
0
0
0
0
0
0
0
0
0
0
0
0
0
0
0
0
0
0
0
0
0
0
0
0
0
0
0
0
0
0
0
0
0
0
0
0
0
0
0
0
0
0
0
0
0
0
0
0
0
0
0
0
0
0
0
0
0
0
0
0
0
0
0
0
0
0
0
0
0
0
0
0
0
0
0
0
0
0
0
0
0
0
0
0
0
0
0
0
0
0
0
0
0
0
0
0
0
0
0
0
0
0
0
0
0
0
0
0
0
0
0
0
0
0
0
0
0
0
0
0
0
0
0
0
0
0
0
0
0
0
0
0
0
0
0
0
0
0
0
0
0
0
0
0
0
0
0
0
0
0
0
0
0
0
0
0
0
0
0
0
0
0
0
0
0
0
0
0
0
0
0
0
0
0
0
0
0
0
0
0
0
0
0
0
0
0
0
0
0
0
0
0
0
0
0
0
0
0
0
0
0
0
0
0
0
0
0
0
0
0
0
0
0
0
0
0
0
0
0
0
0
0
0
0
0
0
0
0
0
0
0
0
0
0
0
0
0
0
0
0
0
0
0
0
0
0
0
0
0
0
0
0
0
0
0
0
0
0
0
0
0
0
0
0
0
0
0
0
0
0
0
0
0
0
0
0
0
0
0
0
0
0
0
0
0
0
0
0
0
0
0
0
0
0
0
0
0
0
0
0
0
0
0
0
0
0
0
0
0
0
0
0
0
0
0
0
0
0
0
0
0
0
0
0
0
0
0
0
0
0
0
0
0
0
0
0
0
0
0
0
0
0
0
0
0
0
0
0
0
0
0
0
0
0
0
0
0
0
0
0
0
0
0
0
0
0
0
0
0
0
0
0
0
0
0
0
0
0
0
0
0
0
0
0
0
0
0
0
0
0
0
0
0
0
0
0
0
0
0
0
0
0
0
0
0
0
0
0
0
0
0
0
0
0
0
0
0
0
0
0
0
0
0
0
0
0
0
0
0
0
0
0
0
0
0
0
0
0
0
0
0
0
0
0
0
0
0
0
0
0
0
0
0
0
0
0
0
0
0
0
0
0
0
0
0
0
0
0
0
0
0
0
0
0
0
0
0
0
0
0
0
0
0
0
0
0
0
0
0
0
0
0
0
0
0
0
0
0
0
0
0
0
0
0
0
0
0
0
0
0
0
0
0
0
0
0
0
0
0
0
0
0
0
0
0
0
0
0
1
0
0
0
0
0
0
0
0
0
0
0
0
0
0
0
0
0
0
0
0
0
0
0
0
0
0
0
0
0
0
0
0
0
0
0
0
0
0
0
0
0
0
0
0
0
0
0
0
0
0
0
0
0
0
0
0
0
0
0
0
0
0
0
0
0
0
0
0
0
0
0
0
0
0
0
0
0
0
0
0
0
0
0
0
0
0
0
0
0
0
0
0
0
0
0
0
0
0
0
0
0
0
0
0
0
0
0
0
0
0
0
0
0
0
0
0
0
0
0
0
0
0
0
0
0
0
0
0
0
0
0
0
0
0
0
0
0
0
0
0
0
0
0
0
0
0
0
0
0
0
0
0
0
0
0
0
0
0
0
0
0
0
0
0
0
0
0
0
0
0
0
0
0
0
0
0
0
0
0
0
0
0
0
0
0
0
0
0
0
0
0
0
0
0
0
0
0
0
0
0
0
0
0
0
0
0
0
0
0
0
0
0
0
0
0
0
0
0
0
0
0
0
0
0
0
0
0
0
0
0
0
0
0
0
0
0
0
0
0
0
0
0
0
0
0
0
0
0
0
0
0
0
0
0
0
0
0
0
0
0
0
0
0
0
0
0
0
0
0
0
0
0
0
0
0
0
0
0
0
0
0
0
0
0
0
0
0
0
0
0
0
0
0
0
0
0
0
0
0
0
0
0
0
0
0
0
0
0
0
0
0
0
0
0
0
0
0
0
0
0
0
0
0
0
0
0
0
0
0
0
0
0
0
0
0
0
0
0
0
0
0
0
0
0
0
0
0
0
0
0
0
0
0
0
0
0
0
0
0
0
0
0
0
0
0
0
0
0
0
1
0
0
0
0
0
0
0
0
0
0
0
0
0
0
0
0
0
0
0
0
0
0
0
0
0
0
0
0
0
0
0
0
0
0
0
0
0
0
0
0
0
0
0
0
0
0
0
0
0
0
0
0
0
0
0
0
0
0
0
0
0
0
0
0
0
0
0
0
0
0
0
0
0
0
0
0
0
0
0
0
0
0
0
0
0
0
0
0
0
0
0
0
0
0
0
0
0
0
0
0
0
0
1
0
0
0
0
0
0
0
0
0
0
0
0
0
0
0
1
0
0
0
0
0
0
0
0
0
0
0
0
0
0
0
0
0
0
0
0
0
0
0
0
0
0
0
0
0
0
0
0
0
0
0
0
0
0
0
0
0
0
0
0
0
0
0
0
0
0
0
0
0
0
0
0
0
0
0
0
0
0
0
0
0
0
0
0
0
0
0
0
0
0
0
0
0
0
0
0
0
0
0
0
0
0
1
0
0
0
0
0
0
0
0
0
0
0
0
0
1
0
0
0
1
0
0
0
0
0
0
0
0
0
0
0
0
0
0
0
0
0
0
0
0
0
0
0
0
0
0
0
0
0
0
0
0
0
0
0
0
0
0
0
0
0
0
0
0
0
0
0
0
0
0
0
0
0
0
0
0
0
0
0
0
0
0
0
0
0
0
0
0
0
0
0
0
0
0
0
0
0
0
0
0
0
0
0
0
0
0
0
0
0
0
0
0
0
0
0
0
0
0
0
0
0
0
0
0
0
0
0
0
0
0
0
0
0
0
0
0
0
0
0
0
0
0
0
0
0
0
0
0
0
0
0
0
0
0
0
0
0
0
0
0
0
0
0
0
0
0
0
0
0
0
0
0
0
0
0
0
0
0
0
0
0
0
0
0
0
0
0
0
0
0
0
0
0
0
0
0
0
0
0
0
0
0
0
0
0
0
0
0
0
0
0
0
0
0
0
0
0
0
0
0
0
0
0
0
0
0
0
0
0
0
0
0
0
0
0
0
0
0
0
0
0
0
0
0
0
0
0
0
0
0
0
0
0
0
0
0
0
0
0
0
0
0
0
0
0
0
0
0
0
0
0
0
0
0
0
0
0
0
0
0
0
0
0
0
0
0
0
0
0
0
0
0
0
0
0
0
0
0
0
0
0
0
0
0
0
0
0
0
0
0
0
0
0
0
0
0
0
0
0
0
0
0
0
0
0
0
0
0
0
0
0
0
0
0
0
0
0
0
0
0
0
0
0
0
0
0
0
0
0
0
0
0
0
0
0
0
0
0
0
0
0
0
0
0
0
0
0
0
0
0
0
0
0
0
0
0
0
0
0
0
0
0
0
0
0
0
0
0
0
0
0
0
0
0
0
0
0
0
0
0
0
0
0
0
0
0
0
0
0
0
0
0
0
0
0
0
0
0
0
0
0
0
0
0
0
0
0
0
0
0
0
0
0
0
0
0
0
0
0
0
0
0
0
0
0
0
0
0
0
0
0
0
0
0
0
0
0
0
0
0
0
0
0
0
0
0
0
0
0
0
0
0
0
0
0
0
0
0
0
0
0
0
0
0
0
0
0
0
0
0
0
0
0
0
0
0
0
0
0
0
0
0
0
0
0
0
0
0
0
0
0
0
0
0
0
0
0
0
0
0
0
0
0
0
0
0
0
0
0
0
0
0
0
0
1
0
0
0
0
0
0
0
0
0
0
0
0
0
0
0
0
0
0
0
0
0
0
0
0
0
0
0
0
0
0
0
0
0
0
0
0
0
0
0
0
0
0
0
0
0
0
0
0
0
0
0
0
0
0
0
0
0
0
0
0
0
0
0
0
0
0
0
0
0
0
0
0
0
0
0
0
0
0
0
0
0
0
0
0
0
0
0
0
0
0
0
0
0
0
0
0
0
0
0
0
0
0
0
0
0
0
0
0
0
0
0
0
0
0
0
0
0
0
0
0
0
0
0
0
0
0
0
0
0
0
0
0
0
0
0
0
0
0
0
0
0
0
0
0
0
0
0
0
0
0
0
0
0
0
0
0
0
0
0
0
0
0
0
0
0
0
0
0
0
0
0
0
0
0
0
0
0
0
0
0
0
0
0
0
0
0
0
0
0
0
0
0
0
0
0
0
0
0
0
0
0
0
0
0
0
0
0
0
0
0
0
0
0
0
0
0
0
0
0
0
0
0
0
0
0
0
0
0
0
0
0
0
0
0
0
0
0
0
0
0
0
0
0
0
0
0
0
0
0
0
0
0
0
0
0
0
0
0
0
0
0
0
0
0
0
0
0
0
0
0
0
0
0
0
0
0
0
0
0
0
0
0
0
0
0
0
0
0
0
0
0
0
0
0
0
0
0
0
0
0
0
0
0
0
0
0
0
0
0
0
0
0
0
0
0
0
0
0
0
0
0
0
0
0
0
0
0
0
0
0
0
0
0
0
0
0
0
0
0
0
0
0
0
0
0
0
0
0
0
0
0
0
0
0
0
0
0
0
0
0
0
0
0
0
0
0
0
0
0
0
0
0
0
0
0
0
0
0
0
0
0
0
0
0
0
0
0
0
0
0
0
0
0
0
0
0
0
0
0
0
0
0
0
0
0
0
0
0
0
0
0
0
0
0
0
0
0
0
0
0
0
0
0
0
0
0
0
0
0
0
0
0
0
0
0
0
0
0
0
0
0
0
0
0
0
0
0
0
0
0
0
0
0
0
0
0
0
0
0
0
0
0
0
0
0
0
0
0
0
0
0
0
0
0
0
0
0
0
0
0
0
0
0
0
0
0
0
0
0
0
0
0
0
0
0
0
0
0
0
0
0
0
0
0
0
0
0
0
0
0
0
0
0
0
0
0
0
0
0
0
0
0
0
0
0
0
0
0
0
0
0
0
0
0
0
0
0
0
0
0
0
0
0
0
0
0
0
0
0
0
0
0
0
0
0
0
0
0
0
0
0
0
0
0
0
0
0
0
0
0
0
0
0
0
0
0
0
0
0
0
0
0
0
0
0
0
0
0
0
0
0
0
0
0
0
0
0
0
0
0
0
0
0
0
0
0
0
0
0
0
0
0
0
0
0
0
0
0
0
0
0
0
0
0
0
0
0
0
0
0
0
0
0
0
0
0
0
0
0
0
0
0
0
0
0
0
0
0
0
0
0
0
0
0
0
0
0
0
0
0
0
0
0
0
0
0
0
0
0
0
0
0
0
0
0
0
0
0
0
0
0
0
0
0
0
0
0
0
0
0
0
0
0
0
0
0
0
0
0
0
0
0
0
0
0
0
0
0
0
0
0
0
0
0
0
0
0
0
0
0
0
0
0
0
0
0
0
0
0
0
0
0
0
0
0
0
0
0
0
0
0
0
0
0
0
0
0
0
0
0
0
0
0
0
0
0
0
0
0
0
0
0
0
0
0
0
0
0
0
0
0
0
0
0
0
0
0
0
0
0
0
0
0
0
0
0
0
0
0
0
0
0
0
0
0
0
0
0
0
0
0
0
0
0
0
0
0
0
0
0
0
0
0
0
0
0
0
0
0
0
0
0
0
0
0
0
0
0
0
0
0
0
0
0
0
0
0
0
0
0
0
0
0
0
0
0
0
0
0
0
0
0
0
0
0
0
0
0
0
0
0
0
0
0
0
0
0
0
0
0
0
0
0
0
0
0
0
0
0
0
0
0
0
0
0
0
0
0
0
0
0
0
0
0
0
0
0
0
0
0
0
0
0
0
0
0
0
0
0
0
0
0
0
0
0
0
0
0
0
0
0
0
0
0
0
0
0
0
0
0
0
0
0
0
0
0
0
0
0
0
0
0
0
0
0
0
0
0
0
0
0
0
0
0
0
0
0
0
0
0
0
0
0
0
0
0
0
0
0
0
0
0
0
0
0
0
0
0
0
0
0
0
0
0
0
0
0
0
0
0
0
0
0
0
0
0
0
0
0
0
0
0
0
0
0
  </DataArray>
  <DataArray type = "Float64" Name="AppartientEntree2" format="ascii">
0
0
1
1
0
0
0
0
0
0
0
0
0
0
0
0
0
0
0
0
0
0
0
0
0
0
0
0
0
0
0
0
0
0
0
0
0
0
0
0
0
0
0
0
0
0
0
0
0
0
0
0
0
0
0
0
0
0
0
0
0
0
0
0
0
0
0
0
0
0
0
0
0
0
0
0
0
0
0
0
0
0
0
0
0
0
0
0
0
0
0
0
0
0
0
0
0
0
0
0
0
0
0
0
0
0
0
0
0
0
0
0
0
0
0
0
0
0
0
0
0
0
0
1
0
0
0
1
0
0
0
0
0
0
0
0
0
0
0
0
0
0
0
1
0
0
0
0
0
0
0
0
0
0
0
0
0
0
0
0
0
0
0
0
0
0
0
0
0
0
0
0
0
0
0
0
0
0
0
0
0
0
0
0
0
0
0
0
0
0
0
0
1
0
0
0
0
0
0
0
0
0
0
0
0
1
1
0
0
1
0
1
0
0
1
0
0
0
0
0
0
0
0
0
0
0
0
0
0
0
0
0
0
0
0
0
0
0
0
0
0
0
0
0
0
0
0
0
0
0
0
0
0
0
0
0
0
0
0
0
0
0
0
0
0
0
0
0
0
0
0
0
0
0
0
0
0
0
0
0
0
0
0
0
0
0
0
0
0
1
0
0
0
0
0
0
0
0
0
0
0
0
0
0
0
0
0
0
0
0
0
0
0
0
0
0
0
0
0
0
0
0
0
0
0
0
0
0
0
0
0
0
0
0
0
0
0
0
0
0
0
0
0
0
0
0
0
0
0
0
0
0
0
0
0
0
0
0
0
0
0
0
0
0
0
0
0
0
0
0
0
0
0
0
0
0
0
0
0
0
0
0
0
0
0
0
0
0
0
0
0
0
0
0
0
0
0
0
0
0
0
0
0
0
0
0
0
0
0
0
0
0
0
0
0
0
0
0
0
0
0
0
0
0
0
0
0
0
0
0
0
0
0
0
0
0
0
0
0
0
0
0
0
0
0
0
0
0
0
0
0
0
0
0
0
0
0
0
0
0
0
0
0
0
0
0
0
0
0
0
0
0
0
0
0
0
0
0
0
0
0
0
0
0
0
0
0
0
0
0
0
0
0
0
0
0
0
0
0
0
0
0
0
0
0
0
0
0
0
0
0
0
0
0
0
0
0
0
0
0
0
0
0
0
0
0
0
0
0
0
0
0
0
0
0
0
0
0
0
0
0
0
0
0
0
0
0
0
0
0
0
0
0
0
0
0
0
0
0
0
0
0
0
0
0
0
0
0
0
0
0
0
0
0
0
0
0
0
0
0
0
0
0
0
0
0
0
0
0
0
0
0
0
0
0
0
0
0
0
0
0
0
0
0
0
0
0
0
0
0
0
0
0
0
0
0
0
0
0
0
0
0
0
0
0
0
0
0
0
0
0
0
0
0
0
0
0
0
0
0
0
0
0
0
0
0
0
0
0
0
0
0
0
0
0
0
0
0
0
0
0
0
0
0
0
0
0
0
0
0
0
0
0
0
0
0
0
0
0
0
0
0
0
0
0
0
0
0
0
0
0
0
0
0
0
0
0
0
0
0
0
0
0
0
0
0
0
0
0
0
0
0
0
0
0
0
0
0
0
0
0
0
0
0
0
0
0
0
0
0
0
0
0
0
0
0
0
0
0
0
0
0
0
0
0
0
0
0
0
0
0
0
0
0
0
0
0
0
0
0
0
0
0
0
0
0
0
0
0
0
0
0
0
0
0
0
0
0
0
0
0
0
0
1
0
0
0
0
0
0
0
0
0
0
0
0
0
0
0
0
0
0
0
0
0
0
0
0
0
0
0
0
0
0
0
0
0
0
0
0
0
0
0
0
0
0
0
0
0
0
0
0
0
0
0
0
0
0
0
0
0
0
0
0
0
0
0
0
0
0
0
0
0
0
0
0
0
0
0
0
0
0
0
0
0
0
0
0
0
0
0
0
0
0
0
0
0
0
0
0
0
0
0
0
0
0
0
0
0
0
0
0
0
0
0
0
0
0
0
0
0
0
0
0
0
0
0
0
0
0
0
0
0
0
0
0
0
0
0
0
0
0
0
0
0
0
0
0
0
0
0
0
0
0
0
0
0
0
0
0
0
0
0
0
0
0
0
0
0
0
0
0
0
0
0
0
0
0
0
0
0
0
0
0
0
0
0
0
0
0
0
0
0
0
0
0
0
0
0
0
0
0
0
0
0
0
0
0
0
0
0
0
0
0
0
0
0
0
0
0
0
0
0
0
0
0
0
0
0
0
0
0
0
0
0
0
0
0
0
0
0
0
0
0
0
0
0
0
0
0
0
0
0
0
0
0
0
0
0
0
0
0
0
0
0
0
0
0
0
0
0
0
0
0
0
0
0
0
0
0
0
0
0
0
0
0
0
0
0
0
0
0
0
0
0
0
0
0
0
0
0
0
0
0
0
0
0
0
0
0
0
0
0
0
0
0
0
0
0
0
0
0
0
0
0
0
0
0
0
0
0
0
0
0
0
0
0
0
0
0
0
0
0
0
0
0
0
0
0
0
0
0
0
0
0
0
0
0
0
0
0
0
0
0
0
0
0
0
0
0
0
0
0
0
0
0
0
0
0
0
0
0
0
0
0
0
0
0
0
0
0
0
0
0
0
0
0
0
0
0
0
0
0
0
0
0
0
0
0
0
0
0
0
0
1
0
0
0
0
0
0
0
0
0
0
0
0
0
0
0
0
0
0
0
0
0
0
0
0
0
0
0
0
0
0
0
0
0
0
0
0
0
0
0
0
0
0
0
0
0
0
0
0
0
0
0
0
0
0
0
0
0
0
0
0
0
0
0
0
0
0
0
0
0
0
0
0
0
0
0
0
0
0
0
0
0
0
0
0
0
0
0
0
0
0
0
0
0
0
0
0
0
0
0
0
0
0
0
0
0
0
0
0
0
0
0
0
0
0
0
0
0
0
0
0
0
0
0
0
0
0
0
0
0
0
0
0
0
0
0
0
0
0
0
0
0
0
0
0
0
0
0
0
0
0
0
0
0
0
0
0
0
0
0
0
0
0
0
0
0
0
0
0
0
0
0
0
0
0
0
0
0
0
0
0
1
0
0
0
0
0
0
0
0
0
0
0
0
0
0
0
0
0
0
0
0
0
0
0
0
0
0
0
0
0
0
0
0
0
0
0
0
0
0
0
0
0
0
0
0
0
0
0
0
0
0
0
0
0
0
0
0
0
0
0
0
0
0
0
0
0
0
0
0
0
0
0
0
0
0
0
0
0
0
0
0
0
0
0
0
0
0
0
0
0
0
0
0
0
0
0
0
0
0
0
0
0
0
0
0
0
0
0
0
0
0
0
0
0
0
0
0
0
0
0
0
0
0
0
0
0
0
0
0
0
0
0
0
0
0
0
0
0
0
0
0
0
0
0
0
0
0
0
0
0
0
0
0
0
0
0
0
0
0
0
0
0
0
0
0
0
0
0
0
0
0
0
0
0
0
0
0
0
0
0
0
0
0
0
0
0
0
0
0
0
0
0
0
0
0
0
0
0
0
0
0
0
0
0
0
0
0
0
0
0
0
0
0
0
0
0
0
0
0
0
0
0
0
0
0
0
0
0
0
0
0
0
0
0
0
0
0
0
0
0
0
0
0
0
0
0
0
0
0
0
0
0
0
0
0
0
0
0
0
0
0
0
0
0
0
0
0
0
0
0
0
0
0
0
0
0
0
0
0
0
0
0
0
0
0
0
0
0
0
0
0
0
0
0
0
0
0
0
0
0
0
0
0
0
0
0
0
0
0
0
0
0
0
0
0
1
0
0
0
0
0
0
0
0
0
0
0
0
0
0
0
0
0
0
0
0
0
0
0
0
0
0
0
0
0
0
0
0
0
0
0
0
0
0
0
0
0
0
0
0
0
0
0
0
0
0
0
0
0
0
0
0
0
0
0
0
0
0
0
0
0
0
0
0
0
0
0
0
0
0
0
0
0
0
0
0
0
0
0
0
0
0
0
0
0
0
0
0
0
0
0
0
0
0
0
0
0
0
0
0
0
0
0
0
0
0
0
0
0
0
0
0
0
0
0
0
0
0
0
0
0
0
0
0
0
0
0
0
0
0
0
0
0
0
0
0
0
0
0
0
0
0
0
0
0
0
0
0
0
0
0
0
0
0
0
0
0
0
0
0
0
0
0
0
0
0
0
0
0
0
0
0
0
0
0
0
0
0
0
0
0
0
0
0
0
0
0
0
0
0
0
0
0
0
0
0
0
0
0
0
0
0
0
0
0
0
0
0
0
0
0
0
0
0
0
0
0
0
0
0
0
0
0
0
0
0
0
0
0
0
0
0
0
0
0
0
0
0
0
0
0
0
0
0
0
0
0
0
0
0
0
0
0
0
0
0
0
0
0
0
0
0
0
0
0
0
0
0
0
0
0
0
0
0
0
0
0
0
0
0
0
0
0
0
0
0
0
0
0
0
0
0
0
0
0
0
0
0
0
0
0
0
0
0
0
0
0
0
0
0
0
0
0
0
0
0
0
0
0
0
0
0
0
0
0
0
0
0
0
0
0
0
0
0
0
0
0
0
0
0
0
0
0
0
0
0
0
0
0
0
0
0
0
0
0
0
0
0
0
0
0
0
0
0
0
0
0
0
0
0
0
0
0
0
0
0
0
0
0
0
0
0
0
0
0
0
0
0
0
0
0
0
0
0
0
0
0
0
0
0
0
0
0
0
0
0
0
0
0
0
0
0
0
0
0
0
0
0
0
0
0
0
0
0
0
0
0
0
0
0
0
0
0
0
0
0
0
0
0
0
0
0
0
0
0
0
0
0
0
0
0
0
0
0
0
0
0
0
0
0
0
0
0
0
0
0
0
0
0
0
0
0
0
0
0
0
0
0
0
0
0
0
0
0
0
0
0
0
0
0
0
0
0
0
0
0
0
0
0
0
0
0
0
0
0
0
0
0
0
0
0
0
0
0
0
0
0
0
0
0
0
0
0
0
0
0
0
0
0
0
0
0
1
0
0
0
0
0
0
0
0
0
0
0
0
0
0
0
0
0
0
0
0
0
0
0
0
0
0
0
0
0
0
0
0
0
0
0
0
0
0
0
0
0
0
0
0
0
0
0
0
0
0
0
0
0
0
0
0
0
0
0
0
0
0
0
0
0
0
0
0
0
0
0
0
0
0
0
0
0
0
0
0
0
0
0
0
0
0
0
0
0
0
0
0
0
0
0
0
0
0
0
0
0
0
0
0
0
0
0
0
0
0
0
0
0
0
0
0
0
0
0
0
0
0
0
0
0
0
0
0
0
0
0
0
0
0
0
0
0
0
0
0
0
0
0
0
0
0
0
0
0
0
0
0
0
0
0
0
0
0
0
0
0
0
0
0
0
0
0
0
0
0
0
0
0
0
0
0
0
0
0
1
0
0
0
0
0
0
0
0
0
0
0
0
0
0
0
0
0
0
0
0
0
0
0
0
0
0
0
0
0
0
0
0
0
0
0
0
0
0
0
0
0
0
0
0
0
0
0
0
0
0
0
0
0
0
0
0
0
0
0
0
0
0
0
0
0
0
0
0
0
0
0
0
0
0
0
0
0
0
0
0
0
0
0
0
0
0
0
0
0
0
0
0
0
0
0
0
0
0
0
0
0
0
0
0
0
0
0
0
0
0
0
0
0
0
0
0
0
0
0
0
0
0
0
0
0
0
0
0
0
0
0
0
0
0
0
0
0
0
0
0
0
0
0
0
0
0
0
0
0
0
0
0
0
0
0
0
0
0
0
0
0
0
0
0
0
0
0
0
0
0
0
0
0
0
0
0
0
0
0
0
0
0
0
0
0
0
0
0
0
0
0
0
0
0
0
0
0
0
0
1
0
0
0
0
0
0
0
0
0
0
0
0
0
0
0
0
0
0
0
0
0
0
0
0
0
0
0
0
0
0
0
0
0
0
0
0
0
0
0
0
0
0
0
0
0
0
0
0
0
0
0
0
0
0
0
0
0
0
0
0
0
0
0
0
0
0
0
0
0
0
0
0
0
0
0
0
0
0
0
0
0
0
0
0
0
0
0
0
0
0
0
0
0
0
0
0
0
0
0
0
0
0
0
0
0
0
0
0
0
0
0
0
0
0
0
0
0
0
0
0
0
0
0
0
0
0
0
0
0
0
0
0
0
0
0
0
0
0
0
0
0
0
0
0
0
0
0
0
0
0
0
0
0
0
0
0
0
0
0
0
0
0
0
0
0
0
0
0
0
0
0
0
0
0
0
0
0
0
0
0
0
0
0
0
0
0
0
0
0
0
0
0
0
0
0
0
0
0
0
0
0
0
0
0
0
0
0
0
0
0
0
0
0
0
0
0
0
0
0
0
0
0
0
0
0
0
0
1
0
0
0
0
0
0
0
0
0
0
0
0
0
0
0
0
0
0
0
0
0
0
0
0
0
0
0
0
0
0
0
0
0
0
0
0
0
0
0
0
0
0
0
0
0
0
0
0
0
0
0
0
0
0
0
0
0
0
0
0
0
0
0
0
0
0
0
0
0
0
0
0
0
0
0
0
0
0
0
0
0
0
0
0
0
0
0
0
0
0
0
0
0
0
0
0
0
0
0
0
0
0
0
0
0
0
0
0
0
0
0
0
0
0
0
0
0
0
0
0
0
0
0
0
0
0
0
0
0
0
0
0
0
0
0
0
0
0
0
0
0
0
0
0
0
0
0
0
0
0
0
0
0
0
0
0
0
0
0
0
0
0
0
0
0
0
0
0
0
0
0
0
0
0
0
0
0
0
0
0
0
0
0
0
0
0
0
0
0
0
0
0
0
0
0
0
0
0
0
0
0
0
0
0
0
0
0
0
0
0
0
0
0
0
0
0
0
0
0
0
0
0
0
0
0
0
0
0
0
0
0
0
0
0
0
0
0
0
0
0
0
0
0
0
0
0
0
0
0
0
0
0
0
0
0
0
0
0
0
0
0
0
0
0
0
0
0
0
0
0
0
0
0
0
0
0
0
0
0
0
0
0
0
0
0
0
0
0
0
0
0
0
0
0
0
0
0
0
0
0
0
0
0
0
0
0
0
0
0
0
0
0
0
0
0
0
0
0
0
0
0
0
0
0
0
0
0
0
0
0
0
0
0
0
0
0
0
0
0
0
0
0
0
0
0
0
0
0
0
0
0
0
0
0
0
0
0
0
0
0
0
0
0
0
0
0
0
0
0
0
0
0
0
0
0
0
0
0
0
0
0
0
0
0
0
0
0
0
0
0
0
0
0
0
0
0
0
0
0
0
0
0
0
0
0
0
0
0
0
0
0
0
0
0
0
0
0
0
0
0
0
0
0
0
0
0
0
0
0
0
0
0
0
0
0
0
0
0
0
0
0
0
0
0
0
0
0
0
0
0
0
0
0
0
0
0
0
0
0
0
0
0
0
1
0
0
0
0
0
0
0
0
0
0
0
0
0
0
0
0
0
0
0
0
0
0
0
0
0
0
0
0
0
0
0
0
0
0
0
0
0
0
0
0
0
0
0
0
0
0
0
0
0
0
0
0
0
0
0
0
0
0
0
0
0
0
0
0
0
0
0
0
0
0
0
0
0
0
0
0
0
0
0
0
0
0
0
0
0
0
0
0
0
0
0
0
0
0
0
0
0
0
0
0
0
0
0
0
0
0
0
0
0
0
0
0
0
0
0
0
0
0
0
0
0
0
0
0
0
0
0
0
0
0
0
0
0
0
0
0
0
0
0
0
0
0
0
0
0
0
0
0
0
0
0
0
0
0
0
0
0
0
0
0
1
0
0
0
0
0
0
0
0
0
0
0
0
0
0
0
0
0
0
0
0
0
0
0
0
0
0
0
0
0
0
0
0
0
0
0
0
0
0
0
0
0
0
0
0
0
1
0
0
0
0
0
0
0
0
0
0
0
0
0
0
0
0
0
0
0
0
0
0
0
0
0
0
0
0
0
0
0
0
0
1
0
0
0
0
0
0
0
0
0
0
0
0
0
0
0
0
0
0
0
0
0
0
0
0
0
0
0
0
0
0
0
0
0
0
0
0
0
0
0
0
0
0
0
0
0
0
0
0
0
0
0
0
0
0
1
0
0
0
0
0
0
0
0
0
0
0
0
0
0
0
0
0
0
0
0
0
0
0
0
0
0
0
0
0
0
0
0
0
0
0
0
0
0
0
0
0
0
0
0
0
0
0
0
0
0
0
0
0
0
0
0
0
0
0
0
0
0
0
0
0
0
0
0
0
0
0
0
0
0
0
0
0
0
0
0
0
0
0
0
0
0
0
0
0
0
0
0
0
0
0
0
0
0
0
0
0
0
0
0
0
0
0
0
0
0
0
0
0
0
0
0
0
0
0
0
0
0
0
0
0
0
0
0
0
0
0
0
0
0
0
0
0
0
0
0
0
0
0
0
0
0
0
0
0
0
0
0
0
0
0
0
0
0
0
0
0
0
0
0
0
0
0
0
0
0
0
0
0
0
0
0
0
0
0
0
0
0
0
0
0
0
0
0
0
0
0
0
0
0
0
0
0
0
0
0
0
0
0
0
0
0
0
0
0
0
0
0
0
0
0
0
0
0
0
0
0
0
0
0
0
0
0
0
0
0
0
0
0
0
0
0
0
0
0
0
0
0
0
0
0
0
0
0
0
0
0
0
0
0
0
0
0
0
0
0
0
0
0
0
0
0
0
0
0
0
0
0
0
0
0
0
0
0
0
0
0
0
0
0
0
0
0
0
0
0
0
0
0
0
0
0
0
0
0
0
0
0
0
0
0
0
0
0
0
0
0
0
0
0
0
0
0
0
0
0
0
0
0
0
0
0
0
0
0
0
0
0
0
0
0
0
0
0
0
0
0
0
0
0
0
0
0
0
0
0
0
0
0
0
0
0
0
0
0
0
0
0
0
0
0
0
0
0
0
0
0
0
0
0
0
0
0
0
0
0
0
0
0
0
0
0
0
0
0
0
0
0
0
0
0
0
0
0
0
0
0
0
0
0
0
0
0
0
0
0
0
0
0
0
0
0
0
0
0
0
0
0
0
0
0
0
0
0
0
0
0
0
0
0
0
0
0
0
0
0
0
0
0
0
0
0
0
0
0
0
0
0
0
0
0
0
0
0
0
0
0
0
0
0
0
0
0
0
0
0
0
0
0
0
0
0
0
0
0
0
0
0
0
0
0
0
0
0
0
0
0
0
0
0
0
0
0
0
0
0
0
0
0
0
0
0
0
0
0
0
0
0
0
0
0
0
0
0
0
0
0
0
0
0
0
0
0
0
0
0
0
0
0
0
0
0
0
0
0
0
0
0
0
0
0
0
0
0
0
0
0
0
0
0
0
0
0
0
0
0
0
0
0
0
0
0
0
0
0
0
0
0
0
0
0
0
0
0
0
0
0
0
0
0
0
0
0
0
0
0
0
0
0
0
0
0
0
0
0
0
0
0
0
0
0
0
0
0
0
0
0
0
0
0
0
0
0
0
0
0
0
0
0
0
0
0
0
0
0
0
0
0
0
0
0
0
0
0
0
0
0
0
0
0
0
0
0
0
0
0
0
0
0
0
0
0
0
0
0
0
0
0
0
0
0
0
0
0
0
0
0
0
0
0
0
0
0
0
0
0
0
0
0
0
0
0
0
0
0
0
0
0
0
0
0
0
0
0
0
0
0
0
0
0
0
0
0
0
0
0
0
0
0
0
0
0
0
0
0
0
0
0
0
0
0
0
0
0
0
0
0
0
0
0
0
0
0
0
0
0
0
0
0
0
0
0
0
0
0
0
0
0
0
0
0
0
0
0
0
0
0
0
0
0
0
0
0
0
0
0
0
0
0
0
0
0
0
0
0
0
0
0
0
0
0
0
0
0
0
0
0
0
0
0
0
0
0
0
0
0
0
0
0
0
0
0
0
0
0
0
0
0
0
0
0
0
0
0
0
0
0
0
0
0
0
0
0
0
0
0
0
0
0
0
0
0
0
0
0
0
0
0
0
0
0
0
0
0
0
0
0
0
0
0
0
0
0
0
0
0
0
0
0
0
0
0
0
0
0
0
0
0
0
0
0
0
0
0
0
0
0
0
0
0
0
0
0
0
0
0
0
0
0
0
0
0
0
0
0
0
0
0
0
0
0
0
0
0
0
0
0
0
0
0
0
0
0
0
0
0
0
0
0
0
0
0
0
0
0
0
0
0
0
0
0
0
0
0
0
0
0
0
0
0
0
0
0
0
0
0
0
0
0
0
0
0
0
0
0
0
0
0
0
0
0
0
0
0
0
0
0
0
0
0
0
0
0
0
0
0
0
0
0
0
0
0
0
0
0
0
0
0
0
0
0
0
0
0
0
0
0
0
0
0
0
0
0
0
0
0
0
0
0
0
0
0
0
0
0
0
0
0
0
0
0
0
0
0
0
0
0
0
0
0
0
0
0
0
0
  </DataArray>
  <DataArray type = "Float64" Name="AppartientEntree3" format="ascii">
0
1
1
0
0
0
1
0
1
1
1
1
1
1
1
1
1
1
1
0
1
0
1
1
0
0
1
1
1
1
1
1
0
0
1
1
0
1
1
1
0
1
1
1
1
1
0
1
1
1
0
1
0
1
1
1
1
1
1
1
1
1
1
1
1
1
0
1
1
1
1
1
1
1
1
1
0
1
1
0
1
1
0
1
1
1
1
0
1
1
1
0
1
1
1
0
1
0
1
1
1
0
1
1
0
1
1
1
1
1
1
1
0
1
0
1
1
1
1
1
1
1
1
0
1
1
1
0
1
1
1
1
1
1
1
0
1
1
1
1
0
1
0
0
1
0
1
1
1
1
0
1
0
1
1
1
0
1
1
0
1
1
1
1
1
1
1
0
0
0
0
1
1
0
1
1
1
0
1
1
1
0
0
0
1
0
1
0
1
1
0
1
0
0
0
0
1
0
1
0
0
0
0
0
0
0
0
0
0
0
0
0
0
0
0
0
0
0
0
0
0
0
0
0
0
0
0
0
0
0
0
0
0
0
0
0
0
0
0
0
0
0
0
0
0
0
0
0
0
0
0
0
0
0
0
0
0
0
0
0
0
0
0
0
0
0
0
0
0
0
0
0
0
0
0
0
0
1
0
0
0
0
0
0
0
0
0
0
0
0
0
0
0
0
0
0
0
0
0
0
0
0
0
0
0
0
0
0
0
0
0
0
0
0
0
0
0
0
0
0
0
0
0
0
0
0
0
0
0
0
0
0
0
0
0
0
0
0
0
0
0
0
0
0
0
0
0
0
0
0
0
0
0
0
0
0
0
0
0
0
0
0
0
0
0
0
0
0
0
0
0
0
0
0
0
0
0
0
0
0
0
0
0
0
0
0
0
0
0
0
0
0
0
0
0
0
0
0
0
0
0
0
0
0
0
0
0
0
0
0
0
0
0
0
0
0
0
0
0
0
0
0
0
0
0
0
0
0
0
0
0
0
0
0
0
0
0
0
0
0
0
0
0
0
0
0
0
0
0
0
0
0
0
0
0
0
0
0
0
0
0
0
0
0
0
0
0
0
0
0
0
0
0
0
0
0
0
0
0
0
0
0
0
0
0
0
0
0
0
0
0
0
0
0
0
0
0
0
0
0
0
0
0
0
0
0
0
0
0
0
0
0
0
0
0
0
0
0
0
0
0
0
0
0
0
0
0
0
0
0
0
0
0
0
0
0
0
0
0
0
0
0
0
0
0
0
0
0
0
0
0
0
0
0
0
0
0
0
0
0
0
0
0
0
0
0
0
0
0
0
0
0
0
0
0
0
0
0
0
0
0
0
0
0
0
0
0
0
0
0
0
0
0
0
0
0
0
0
0
0
0
0
0
0
0
0
0
0
0
0
0
0
0
0
0
0
0
0
0
0
0
0
0
0
0
0
0
0
0
0
0
0
0
0
0
0
0
0
0
0
0
0
0
0
0
0
0
0
0
0
0
0
0
0
0
0
0
0
0
0
0
0
0
0
0
0
0
0
0
0
0
0
0
0
0
0
0
0
0
0
0
0
0
0
0
0
0
0
0
0
0
0
0
0
0
0
0
0
0
0
0
0
0
0
0
0
0
0
0
0
0
0
0
0
0
0
0
0
0
0
0
0
0
0
0
0
0
0
0
0
0
0
0
0
0
0
0
0
0
0
0
0
0
0
0
0
0
0
0
0
0
0
0
0
0
0
0
0
0
0
0
0
0
0
0
0
0
0
0
0
0
0
0
0
0
0
0
0
0
0
0
0
0
0
0
0
0
0
0
0
0
0
0
0
0
0
0
0
0
0
0
0
0
0
0
0
0
0
0
0
0
0
0
0
0
0
0
0
0
0
0
0
0
0
0
0
0
0
0
0
0
0
0
0
0
0
0
0
0
0
0
0
0
0
0
0
0
0
0
0
0
0
0
0
0
0
0
0
0
0
0
0
0
0
0
0
0
0
0
0
0
0
0
0
0
0
0
0
0
0
0
0
0
0
0
0
0
0
0
0
0
1
0
0
0
0
0
0
0
0
0
0
0
0
0
0
0
0
0
0
0
0
0
0
0
0
0
0
0
0
0
0
0
0
0
0
0
0
0
0
0
0
0
0
0
0
0
0
0
0
0
0
0
0
0
0
0
0
0
0
0
0
0
0
0
0
0
0
0
0
0
0
0
0
0
0
0
0
0
0
0
0
0
0
0
0
0
0
0
0
0
0
0
0
0
0
0
0
0
0
0
0
0
0
0
0
0
0
0
0
0
0
0
0
0
0
0
0
0
0
0
0
0
0
0
0
0
0
0
0
0
0
0
0
0
0
0
0
0
0
0
0
0
0
0
0
0
0
0
0
0
0
0
0
0
0
0
0
0
0
0
0
0
0
0
0
0
0
0
0
0
0
0
0
0
0
0
0
0
0
0
0
0
0
0
0
0
0
0
0
0
0
0
0
0
0
0
0
0
0
0
0
0
0
0
0
0
0
0
0
0
0
0
0
0
0
0
0
0
0
0
0
0
0
0
0
0
0
0
0
0
0
0
0
0
0
0
0
0
0
0
0
0
0
0
0
0
0
0
0
0
0
0
0
0
0
0
0
0
0
0
0
0
0
0
0
0
0
0
0
0
0
0
0
0
0
0
0
0
0
0
0
0
0
0
0
0
0
0
0
0
0
0
0
0
0
0
0
0
0
0
0
0
0
0
0
0
0
0
0
0
0
0
0
0
0
0
0
0
0
0
0
0
0
0
0
0
0
0
0
0
0
0
0
0
0
0
0
0
0
0
0
0
0
0
0
0
0
0
0
0
0
0
0
0
0
0
0
0
0
0
0
0
0
0
0
0
0
0
0
0
0
0
0
0
0
0
0
0
0
0
0
0
0
0
0
0
0
0
0
0
0
0
0
0
0
0
0
0
0
0
0
0
0
0
0
0
0
0
0
0
0
0
0
0
0
0
0
0
0
0
0
0
0
0
0
0
0
0
0
0
0
0
0
0
0
0
0
0
0
0
0
0
0
0
0
0
0
0
0
0
0
0
0
0
0
0
0
0
0
0
0
0
0
0
0
0
0
0
0
0
0
0
0
0
0
0
0
0
0
0
0
0
0
0
0
0
0
0
0
0
0
0
0
0
0
0
0
0
0
0
0
0
0
0
0
0
0
0
0
0
0
0
0
0
0
0
0
0
0
0
0
0
0
0
0
0
0
0
0
0
0
0
0
0
0
0
0
0
0
0
0
0
1
0
0
0
0
0
0
0
0
0
0
0
0
0
0
0
0
0
0
0
0
0
0
0
0
0
0
0
0
0
0
0
0
0
0
0
0
0
0
0
0
0
0
0
0
0
0
0
0
0
0
0
0
0
0
0
0
0
0
0
0
0
0
0
0
0
0
0
0
0
0
0
0
0
0
0
0
0
0
0
0
0
0
0
0
0
0
0
0
0
0
0
0
0
0
0
0
0
0
0
0
0
0
0
0
0
0
0
0
0
0
0
0
0
0
0
0
0
0
0
0
0
0
0
0
0
0
0
0
0
0
0
0
0
0
0
0
0
0
0
0
0
0
0
0
0
0
0
0
0
0
0
0
0
0
0
0
0
1
0
0
0
0
0
0
0
0
0
0
0
0
0
0
0
0
0
0
0
0
0
0
0
0
1
0
0
0
0
0
0
0
0
0
0
0
0
0
0
0
0
0
0
0
0
0
0
0
0
0
0
0
0
0
0
0
0
0
0
0
0
0
0
0
0
0
0
0
0
0
0
0
0
0
0
0
0
0
0
0
0
0
0
0
0
0
0
0
0
0
0
0
0
0
0
0
0
0
0
0
0
0
0
1
0
0
0
0
0
0
0
0
0
0
0
0
0
0
0
0
0
0
0
0
0
0
0
0
0
0
0
0
0
0
0
0
0
0
0
0
0
0
0
0
0
0
0
0
0
0
0
0
0
0
0
0
0
0
0
0
0
0
0
0
0
0
0
0
0
0
0
0
0
0
0
1
0
0
0
0
0
0
0
0
1
0
0
0
0
0
0
0
0
0
0
0
0
0
0
0
0
0
0
0
0
0
0
0
0
0
0
0
0
0
0
0
0
0
0
0
0
0
0
0
0
0
0
0
0
0
0
0
0
0
0
0
0
0
0
0
0
0
0
0
0
0
0
0
0
0
0
0
0
0
0
0
0
0
0
0
0
0
0
0
0
0
0
0
0
0
0
0
0
0
0
0
0
0
0
0
0
0
0
0
0
0
0
0
0
0
0
0
0
0
0
0
0
0
0
0
0
0
0
0
0
0
0
0
0
0
0
0
0
0
0
0
0
0
0
0
0
0
0
0
0
0
0
0
0
0
0
0
0
0
0
0
0
0
0
0
0
0
0
0
0
0
0
0
0
0
0
0
0
0
0
0
0
0
0
0
0
0
0
0
0
0
0
0
0
0
0
0
0
0
0
0
0
0
0
0
0
0
0
0
0
0
0
0
0
0
0
0
0
0
0
0
0
0
0
0
0
0
0
0
0
0
0
0
0
0
0
0
0
0
0
0
0
0
0
0
0
0
0
0
0
0
0
0
0
0
0
0
0
0
0
0
0
0
0
0
0
0
0
0
0
0
0
0
0
0
0
0
0
0
0
0
0
0
0
0
0
0
0
0
0
0
0
0
0
0
0
0
0
0
0
0
0
0
0
0
0
0
0
0
0
0
0
0
0
0
0
0
0
0
0
0
0
0
0
0
0
0
0
0
0
0
0
0
0
0
0
0
0
0
0
0
0
0
0
0
0
0
0
0
0
0
0
0
0
0
0
0
0
0
0
0
0
0
0
0
0
0
0
0
0
0
0
0
0
0
0
0
0
0
0
0
0
0
0
0
0
0
0
0
0
0
0
0
0
0
0
0
0
0
0
0
0
0
0
0
0
0
0
0
0
0
0
0
0
1
0
0
0
0
0
0
0
0
0
0
0
0
0
0
0
0
0
0
0
0
0
0
0
0
0
0
0
0
0
0
0
0
0
0
0
0
0
0
0
0
0
0
0
0
0
0
0
0
0
0
0
0
0
0
0
0
0
0
0
0
0
0
0
0
0
0
0
0
0
0
0
0
0
0
0
0
0
0
0
0
0
0
0
0
0
0
0
0
0
0
1
0
0
0
0
0
0
0
0
0
0
0
0
0
0
0
0
0
0
0
0
0
0
0
0
0
0
0
0
0
0
0
0
0
0
0
0
0
0
0
0
0
0
0
0
0
0
0
0
0
0
0
0
0
0
0
0
0
0
0
0
0
0
0
0
0
0
0
0
0
0
0
0
0
0
0
0
0
0
0
0
0
0
0
0
0
0
0
0
0
0
0
0
0
0
0
0
0
0
0
0
0
0
0
0
0
0
0
0
0
0
0
0
0
0
0
0
0
0
0
0
0
0
0
0
0
0
0
0
0
0
0
0
0
0
0
0
0
0
1
0
0
0
0
0
0
0
0
0
0
0
0
0
0
0
0
0
0
0
0
0
0
0
0
0
0
0
0
0
0
0
0
0
0
0
0
0
0
0
0
0
0
0
0
0
0
0
0
0
0
0
0
0
0
0
0
0
0
0
0
0
0
0
0
0
0
0
0
0
0
0
0
0
0
0
0
0
0
0
0
0
0
0
0
0
0
0
0
0
0
0
0
0
0
0
0
0
0
0
0
0
0
0
0
0
0
0
0
0
0
0
0
0
0
0
0
0
0
0
0
0
0
0
0
0
0
0
0
0
0
0
0
0
0
0
0
0
0
0
0
0
0
0
0
0
0
0
0
0
0
0
0
0
0
0
0
0
0
0
0
0
0
0
0
0
0
0
0
0
0
0
0
0
0
0
0
0
0
0
0
0
0
0
0
0
0
0
0
0
0
0
0
0
0
0
0
0
0
0
0
0
0
0
0
0
0
0
0
0
0
0
0
0
0
0
0
0
0
0
0
0
0
0
0
0
0
0
0
0
0
0
0
0
0
0
0
0
0
0
0
0
0
0
0
0
0
0
0
0
0
0
0
0
0
0
0
0
0
0
0
0
0
0
0
0
0
0
0
0
0
0
0
0
0
0
0
0
0
0
0
0
0
0
0
0
0
0
0
0
0
0
0
0
0
0
0
0
0
0
0
0
0
0
0
0
0
0
0
0
0
0
0
0
0
0
0
0
0
0
0
0
0
0
0
0
0
0
0
0
0
0
0
0
0
0
0
0
0
0
0
0
0
0
0
0
0
0
0
0
0
0
0
0
0
0
0
0
0
0
0
0
0
0
0
0
0
0
0
0
0
0
0
0
0
0
0
0
0
0
0
0
0
0
0
0
0
0
0
0
0
0
0
0
0
0
0
0
0
0
0
0
0
0
0
0
0
0
0
0
0
0
0
0
0
0
0
0
0
0
0
0
1
0
0
0
0
0
0
0
0
0
0
0
0
0
0
0
0
0
0
0
0
0
0
0
0
0
0
0
0
0
0
0
0
0
0
0
0
0
0
0
0
0
0
0
0
0
0
0
0
0
0
0
0
0
0
0
0
0
0
0
0
0
0
0
0
0
0
0
0
0
0
0
0
0
0
0
0
0
0
0
0
0
0
0
0
0
0
0
0
0
0
0
0
0
0
0
0
0
0
0
0
0
0
0
0
0
0
0
0
0
0
0
0
0
0
0
0
0
0
0
0
0
0
0
0
0
0
0
0
0
0
0
0
0
0
0
0
0
0
0
0
0
0
0
0
0
0
0
0
0
0
0
0
0
0
0
0
0
0
0
0
0
0
0
0
0
0
0
0
0
0
0
0
0
0
0
0
0
0
0
0
0
0
0
0
0
0
0
0
0
0
0
0
0
0
0
0
0
0
0
0
0
0
0
0
0
0
0
1
0
0
0
0
0
0
0
0
0
0
0
0
0
0
0
0
0
0
0
0
0
0
0
0
0
0
0
0
0
0
0
0
0
0
0
0
0
0
0
0
0
0
0
0
0
0
0
0
0
0
0
0
0
0
0
0
0
0
0
0
0
0
1
0
0
0
0
0
0
0
0
0
0
0
0
0
0
0
0
0
0
0
0
0
0
0
0
0
0
0
0
0
0
0
0
0
0
0
0
0
0
0
0
0
0
0
0
0
0
0
0
0
0
0
0
0
0
0
0
0
0
0
0
0
0
0
0
0
0
0
0
0
0
0
0
0
0
0
0
0
0
0
0
0
0
0
0
0
0
0
0
0
0
0
0
0
0
0
0
0
0
0
0
0
0
0
0
0
0
0
0
0
0
0
0
0
0
0
0
0
0
0
0
0
0
0
0
0
0
0
0
0
1
0
0
0
0
0
0
0
0
0
0
0
0
0
0
0
0
0
0
0
0
0
0
0
0
0
0
0
0
0
0
0
0
0
0
1
0
0
0
0
0
0
0
0
0
0
0
0
0
0
0
0
0
0
0
0
0
0
0
0
0
0
0
0
0
0
0
0
0
0
0
0
0
0
0
0
0
0
0
0
0
0
0
0
0
0
0
0
0
0
0
0
0
0
0
0
0
0
0
0
0
0
0
0
0
0
0
0
0
0
0
0
0
0
0
0
0
0
0
0
0
0
0
0
0
0
0
0
0
0
0
0
0
0
1
0
0
0
0
0
0
0
0
0
0
0
0
0
0
0
0
0
0
0
0
0
0
0
0
0
1
0
0
0
0
0
0
0
0
0
0
0
0
0
0
0
0
0
0
0
0
0
0
0
0
0
0
0
0
0
0
0
0
0
0
0
0
0
0
0
0
0
0
0
0
0
0
0
0
0
0
0
0
0
1
0
0
0
0
0
0
0
0
0
0
0
0
0
0
0
0
0
0
0
0
0
0
0
0
0
0
0
0
0
0
0
0
0
0
0
0
0
0
0
0
0
0
0
0
0
0
0
0
0
0
0
0
0
0
0
0
0
0
0
0
0
0
0
0
0
0
0
0
0
0
0
0
0
0
0
0
0
0
0
1
0
0
1
0
0
0
0
0
0
0
0
0
0
0
0
0
0
0
0
0
0
0
0
0
0
1
0
0
0
0
0
0
0
0
0
0
0
0
0
0
0
0
0
0
0
0
0
0
0
0
0
0
0
0
0
0
0
0
0
0
0
0
0
0
0
0
0
0
0
0
0
0
0
0
0
0
0
0
0
0
0
0
0
0
0
0
0
0
0
0
1
0
0
0
0
0
0
0
0
0
0
0
0
0
0
0
0
0
0
0
0
0
0
0
0
0
0
0
0
1
0
0
0
0
0
0
0
0
0
0
0
0
1
1
0
0
0
0
0
0
0
0
0
0
0
0
0
0
0
0
0
0
0
0
0
0
0
0
1
0
0
0
1
0
0
0
0
0
0
0
0
0
1
0
0
0
0
0
0
0
0
0
0
0
0
0
0
0
1
1
0
1
0
0
0
0
0
0
0
0
0
1
0
0
1
1
0
1
0
0
0
0
0
0
0
0
0
1
0
1
0
0
0
1
0
1
1
0
0
0
0
0
0
0
0
0
0
0
0
0
0
0
0
0
0
0
0
0
0
0
0
0
0
0
0
0
0
0
0
0
0
0
0
0
0
0
0
0
0
0
0
0
0
0
0
0
0
0
0
0
0
0
0
0
0
0
0
0
0
0
0
0
0
0
0
0
0
0
0
0
0
0
0
0
0
0
0
0
0
0
0
0
0
0
0
0
0
0
0
0
0
0
0
0
0
0
0
0
0
0
0
0
0
0
0
0
0
0
0
0
0
0
0
1
0
0
0
0
0
0
0
0
0
0
0
0
0
0
0
0
0
0
0
0
0
0
0
0
0
0
0
0
0
0
0
0
0
0
0
0
0
0
0
0
0
0
0
0
0
0
0
0
0
0
0
0
0
0
0
0
0
0
0
0
0
0
0
0
0
0
0
0
0
0
0
0
0
0
0
0
0
0
0
0
0
0
0
0
0
0
0
0
0
0
0
0
0
0
0
0
0
0
0
0
0
0
0
0
0
0
0
0
0
0
0
0
0
0
0
0
0
0
0
0
0
0
0
0
0
0
0
0
0
0
0
0
0
0
0
0
0
0
0
0
0
0
0
0
0
0
0
0
0
0
0
0
0
0
0
0
0
0
0
0
0
0
1
0
0
0
0
0
0
0
0
0
0
0
0
0
0
0
0
0
0
0
0
0
0
0
0
0
0
0
0
0
0
0
0
0
0
0
0
0
0
0
0
0
0
0
0
0
0
0
0
0
0
0
0
0
0
0
0
0
0
0
0
0
0
0
0
0
0
0
0
0
0
0
0
0
0
0
0
0
0
0
0
0
0
0
0
0
0
0
0
0
0
0
0
0
0
0
0
0
0
0
0
0
0
0
0
0
0
0
0
0
0
0
0
0
0
0
0
0
0
0
0
0
0
0
0
0
0
0
0
0
0
0
0
0
0
0
0
0
0
0
0
0
0
0
0
0
0
0
0
0
0
0
0
0
0
0
0
0
0
0
0
0
0
0
0
0
0
0
0
0
0
0
0
0
0
0
0
0
0
0
0
1
0
0
0
0
0
0
0
0
0
0
0
0
0
0
0
0
0
0
0
0
0
0
0
0
0
0
0
0
0
0
0
0
0
0
0
0
0
0
0
0
0
0
0
0
0
0
0
0
0
0
0
0
0
0
0
0
0
0
0
0
0
0
0
0
0
0
0
0
0
0
0
0
0
0
0
0
0
0
0
0
0
0
0
0
0
0
0
0
0
0
0
0
0
0
0
0
0
0
0
0
0
0
0
0
0
0
0
0
0
0
0
0
0
0
0
0
0
0
0
1
0
0
0
0
0
0
0
0
0
0
0
0
0
0
0
0
0
0
0
0
0
0
0
0
0
0
0
0
0
0
0
0
0
0
0
0
0
0
0
0
0
0
0
0
0
0
0
0
0
0
0
0
0
0
0
0
0
0
0
0
0
0
0
0
0
0
0
0
0
0
0
0
0
0
0
0
0
0
0
0
0
0
0
0
0
0
0
0
0
0
0
0
0
0
0
0
0
0
0
0
0
0
0
0
0
0
0
0
0
0
0
0
0
0
0
0
0
0
0
0
0
0
0
0
0
0
0
0
0
0
0
0
0
0
0
0
0
0
0
0
0
0
0
0
0
0
0
0
0
0
0
0
0
0
0
0
0
0
0
0
0
0
0
0
0
0
0
0
0
0
0
0
0
0
0
0
0
0
1
0
0
0
0
0
0
0
0
0
0
0
0
0
1
0
0
0
0
0
0
0
0
0
0
0
0
0
0
0
0
1
0
0
0
0
0
0
0
0
0
1
0
0
0
0
0
0
0
0
0
0
0
0
0
0
0
0
0
0
0
0
0
0
0
0
0
0
0
0
0
0
0
0
0
0
0
0
0
0
0
0
0
0
0
0
0
0
0
0
0
0
0
0
0
0
0
0
0
0
0
0
0
0
0
0
1
0
0
0
0
0
0
0
0
1
1
0
0
1
  </DataArray>
  <DataArray type = "Float64" Name="AppartientEntree4" format="ascii">
1
0
0
1
0
0
0
1
0
0
0
0
0
0
0
0
0
0
0
0
0
0
0
0
0
1
0
0
0
0
0
0
1
1
0
0
0
0
0
0
0
0
0
0
0
0
1
0
0
0
0
0
1
0
0
0
0
0
0
0
0
0
0
0
0
0
0
0
0
0
0
0
0
0
0
0
0
0
0
1
0
0
0
0
0
0
0
1
0
0
0
1
0
0
0
0
0
0
0
0
0
0
0
0
0
0
0
0
0
0
0
0
0
0
1
0
0
0
0
0
0
0
0
0
0
0
0
0
0
0
0
0
0
0
0
1
0
0
0
0
0
0
1
0
0
1
0
0
0
0
0
0
1
0
0
0
0
0
0
0
0
0
0
0
0
0
0
0
1
0
1
0
0
1
0
0
0
1
0
0
0
1
0
1
0
1
0
1
0
0
1
0
0
0
1
1
0
1
0
0
1
0
1
1
1
0
0
0
0
0
0
0
1
1
0
1
0
1
1
0
0
1
1
1
1
1
1
1
1
1
1
1
1
1
1
1
1
0
1
1
1
1
0
1
1
1
0
1
1
1
1
0
1
1
1
1
1
1
1
0
1
1
1
1
0
1
1
1
1
1
1
1
1
0
1
1
0
0
1
0
1
1
1
1
1
1
0
1
1
0
1
1
1
1
1
1
1
1
1
1
1
0
1
1
1
1
1
1
1
1
1
1
1
1
1
0
1
1
1
1
1
1
1
1
0
0
0
1
1
0
1
1
1
1
0
1
1
0
1
1
1
0
1
1
1
1
0
1
0
0
1
0
1
1
0
1
1
1
0
1
0
0
1
1
0
1
0
0
1
1
1
1
0
0
1
0
1
1
0
1
1
1
0
1
1
1
1
1
0
1
1
1
1
1
1
0
0
0
0
0
0
1
0
0
1
0
0
1
0
0
1
0
0
0
0
0
0
0
0
0
0
0
0
0
0
0
0
0
0
0
0
0
0
0
0
0
0
0
0
0
0
0
0
0
0
0
0
0
0
0
0
0
0
0
0
0
0
0
0
0
0
0
0
0
0
0
0
0
0
0
0
0
0
0
0
0
0
0
0
0
0
0
0
0
0
0
0
0
0
0
0
0
0
0
0
0
0
0
0
0
0
0
0
0
0
0
0
0
0
0
0
0
0
0
0
0
0
0
0
0
0
0
0
0
0
0
0
0
0
0
0
0
0
0
0
0
0
0
0
0
0
0
0
0
0
0
0
0
0
0
0
0
0
0
0
0
0
0
0
0
0
0
0
0
0
0
0
0
0
0
0
0
0
0
0
0
0
0
0
0
0
0
0
0
0
0
0
0
0
0
0
0
0
0
0
0
0
0
0
0
0
0
0
0
0
0
0
0
0
0
0
0
0
0
0
0
0
0
0
0
0
0
0
0
0
0
0
0
0
0
0
0
0
0
0
0
0
0
0
0
0
0
0
0
0
0
0
0
0
0
0
0
0
0
0
0
0
0
0
0
0
0
0
0
0
0
0
0
0
0
0
0
0
0
0
0
0
0
0
0
0
0
0
0
0
0
0
0
0
0
0
0
0
0
0
0
0
0
0
0
0
0
0
0
0
0
0
0
0
0
0
0
0
0
0
0
0
0
0
0
0
0
0
0
0
0
0
0
0
0
0
0
0
0
0
0
0
0
0
0
0
0
0
0
0
0
0
0
0
0
0
0
0
0
0
0
0
0
0
0
0
0
0
0
0
0
0
0
0
0
0
0
0
0
0
0
0
0
0
0
0
0
0
0
0
0
0
0
0
0
0
0
0
0
0
0
0
0
0
0
0
0
0
0
0
0
0
0
0
0
0
0
0
0
0
0
0
0
0
0
0
0
0
0
0
0
0
0
0
0
0
0
0
0
0
0
0
0
0
0
0
0
0
0
0
0
0
0
0
0
0
0
0
0
0
0
0
0
0
0
0
0
0
0
0
0
0
0
0
0
0
0
0
0
0
0
0
0
0
0
0
0
1
0
1
0
0
0
0
0
0
0
0
0
0
0
1
0
0
0
0
0
0
0
0
0
0
0
0
0
0
0
0
0
0
0
0
0
0
0
0
0
0
0
0
0
0
1
0
0
0
0
0
0
0
0
0
0
0
0
0
0
0
0
0
0
0
0
0
0
0
0
0
0
0
0
0
0
0
0
0
0
0
0
0
0
0
0
0
0
0
0
0
0
0
0
0
0
0
0
0
0
0
0
0
0
0
0
0
0
0
0
0
0
0
0
0
0
0
0
0
0
0
0
0
0
0
0
0
0
0
0
0
0
0
0
0
0
0
0
0
0
0
0
0
0
0
0
0
0
0
0
0
0
0
0
0
0
0
0
0
0
0
0
0
0
0
0
0
0
0
0
0
0
0
0
0
0
0
0
0
0
0
0
0
0
0
0
0
0
0
0
0
0
0
0
0
0
0
0
0
0
0
0
0
0
0
0
0
0
0
0
0
0
0
0
0
0
0
0
0
0
0
0
0
0
0
0
0
0
0
0
0
0
0
0
0
0
0
0
0
0
0
0
0
0
0
0
0
0
0
0
0
0
0
0
0
0
0
0
0
0
0
0
0
0
0
0
0
0
0
0
0
0
0
0
0
0
0
0
0
0
0
0
0
0
0
0
0
0
0
0
0
0
0
0
0
0
0
0
0
0
0
0
0
0
0
0
0
0
0
0
0
0
0
0
0
0
0
0
0
0
0
0
0
0
0
0
0
0
0
0
0
0
0
0
0
0
0
0
0
0
0
0
0
0
0
0
0
0
0
0
0
0
0
0
0
0
0
0
0
0
0
0
0
0
0
0
0
0
0
0
0
0
0
0
0
0
0
0
0
0
0
0
0
0
0
0
0
0
0
0
0
0
0
0
0
0
0
0
0
0
0
0
0
0
0
0
0
0
0
0
0
0
0
0
0
0
0
0
0
0
0
0
0
0
0
0
0
0
0
0
0
0
0
0
0
0
0
0
0
0
0
0
0
0
0
0
0
0
0
0
0
0
0
0
0
0
0
0
0
0
0
0
0
0
0
0
0
0
0
0
0
0
0
0
0
0
0
0
0
0
0
0
0
0
0
0
0
0
0
0
0
0
0
0
0
0
0
0
0
0
0
0
0
0
0
0
0
0
0
0
0
0
0
0
0
0
0
0
0
0
0
0
0
0
0
0
0
0
0
0
0
0
0
0
0
0
0
0
0
0
0
0
0
0
0
0
0
0
0
0
0
0
1
0
0
0
0
0
0
0
0
0
0
0
0
0
0
0
0
0
0
0
0
0
0
0
0
0
0
0
0
0
0
0
0
0
0
0
0
0
0
0
0
0
0
0
0
0
0
0
0
0
0
0
0
0
0
0
0
0
0
0
0
0
0
0
0
0
0
0
0
0
0
0
0
0
0
0
0
0
0
0
0
0
0
0
0
0
0
0
0
0
0
0
0
0
0
0
0
0
0
0
0
0
0
0
0
0
0
0
0
0
0
0
0
0
0
0
0
0
0
0
0
0
0
0
0
0
0
0
0
0
0
0
0
0
0
0
0
0
0
0
0
0
0
0
0
1
0
0
0
0
0
0
0
0
0
0
0
0
0
0
0
0
0
0
0
0
0
0
0
0
0
0
0
0
0
0
0
0
0
0
0
0
0
0
0
0
0
0
0
0
0
0
0
0
0
0
0
0
0
0
0
0
0
0
0
0
0
0
0
0
0
0
0
0
0
0
0
0
0
0
0
0
0
0
0
0
0
0
0
0
0
0
0
0
0
0
0
0
0
0
0
0
0
0
0
0
0
0
0
0
0
0
0
0
0
0
0
0
0
0
0
0
0
0
0
0
0
0
0
0
0
0
0
0
0
0
0
0
0
0
0
0
0
0
0
0
0
0
0
0
0
0
0
0
0
0
0
0
0
0
0
0
0
0
0
0
0
0
0
0
0
0
0
0
0
0
0
0
0
0
0
0
0
0
0
0
0
0
0
0
0
0
0
0
0
0
0
0
0
0
0
0
0
0
0
0
0
0
0
0
0
0
0
0
0
0
0
0
0
0
0
0
0
0
0
0
0
0
0
0
0
0
0
0
0
0
0
0
0
0
0
0
0
0
0
0
0
0
0
0
0
0
0
0
0
0
0
0
0
0
0
0
0
0
0
0
0
0
0
0
0
0
0
0
0
0
0
0
0
0
0
0
0
0
0
0
0
0
0
0
0
0
0
0
0
0
0
0
0
0
0
0
0
0
0
0
0
0
0
0
0
0
0
0
0
0
0
0
0
0
0
0
0
0
0
0
0
0
0
0
0
0
0
0
0
0
0
0
0
0
0
1
0
0
0
0
0
0
0
0
0
0
0
0
0
0
0
0
0
0
0
0
0
0
0
0
0
0
0
0
0
0
0
0
0
0
0
0
0
0
0
0
0
0
0
0
0
0
0
0
0
0
0
0
0
0
0
0
0
0
0
0
0
0
0
0
0
0
0
0
0
0
0
0
0
0
0
0
0
0
0
0
0
0
0
0
0
0
0
0
0
0
0
0
0
0
0
0
0
0
0
0
0
0
0
0
0
0
0
0
0
0
0
0
0
0
0
0
0
0
0
0
0
0
0
0
0
0
0
0
0
0
0
0
0
0
0
0
0
0
0
0
0
0
0
0
0
0
0
0
0
0
0
0
0
0
0
0
0
0
0
0
0
0
0
0
0
0
0
0
0
0
0
0
0
0
0
0
0
0
0
0
0
0
0
0
0
0
0
0
0
0
0
0
0
0
0
0
0
0
0
0
0
0
0
0
0
0
0
0
0
0
0
0
0
0
0
0
0
0
0
0
0
0
0
0
0
0
0
0
0
0
0
0
0
0
0
0
0
0
0
0
0
0
0
0
0
0
0
0
0
0
0
0
0
0
0
0
0
0
0
0
0
0
0
0
0
0
0
0
0
0
0
0
0
0
0
0
0
0
0
0
0
0
0
0
0
0
0
0
0
0
0
0
0
0
0
0
0
0
0
0
0
0
0
0
0
0
0
0
0
0
0
0
0
0
0
0
0
0
0
0
0
0
0
0
0
0
0
0
0
0
0
0
0
0
0
0
0
0
0
0
0
0
0
0
0
0
0
0
0
0
0
0
0
0
0
0
0
0
0
0
0
0
0
0
0
0
0
0
0
0
1
0
0
0
0
0
0
0
0
0
0
0
0
0
0
0
0
0
0
0
0
0
0
0
0
0
0
0
0
0
0
0
0
0
0
0
0
0
0
0
0
0
0
0
0
0
0
0
0
0
0
0
0
0
0
0
0
0
0
0
0
0
0
0
0
0
0
0
0
0
0
0
0
0
0
0
0
0
0
0
0
0
0
0
0
0
0
0
0
0
0
0
0
0
0
0
0
0
0
0
0
0
0
0
0
0
0
0
0
0
0
0
0
0
0
0
0
0
0
0
0
0
0
0
0
0
0
0
0
0
0
0
0
0
0
0
0
0
0
0
0
0
0
0
0
0
0
0
0
0
0
0
0
0
0
0
0
0
0
0
0
0
0
0
0
0
0
0
0
0
0
0
0
0
0
0
0
0
0
0
0
0
0
0
0
0
0
0
0
0
0
0
0
0
0
0
0
0
0
0
0
0
0
0
0
0
0
0
0
0
0
0
0
0
0
0
0
0
0
0
0
0
0
0
0
0
0
0
0
0
0
0
0
0
0
0
0
0
0
0
0
0
0
0
0
0
0
0
0
0
0
0
0
0
0
0
0
0
0
0
0
0
0
0
0
0
0
0
0
0
0
0
0
0
0
0
0
0
0
0
0
0
0
0
0
0
0
0
0
0
0
0
0
0
0
0
0
0
0
0
0
0
0
0
0
0
0
0
0
0
0
0
0
0
0
0
0
0
0
0
0
0
0
0
0
0
0
0
0
0
0
0
0
0
0
0
0
0
0
0
0
0
0
0
0
0
0
0
0
0
0
0
0
1
0
0
0
0
0
0
0
0
0
0
0
0
0
0
0
0
0
0
0
0
0
0
0
0
0
0
0
0
0
0
0
0
0
0
0
0
0
0
0
0
0
0
0
0
0
0
0
0
0
0
0
0
0
0
0
0
0
0
0
0
0
0
0
0
0
0
0
0
0
0
0
0
0
0
0
0
0
0
0
0
0
0
0
0
0
1
0
0
0
0
0
0
0
0
0
0
0
0
0
0
0
0
0
0
0
0
0
0
0
0
0
0
0
1
0
0
0
0
0
0
0
0
0
0
0
0
0
0
0
0
0
0
0
0
0
0
0
0
0
0
0
0
0
0
0
0
0
0
0
0
0
0
0
0
0
0
0
0
0
0
0
0
0
0
0
0
0
0
0
0
0
0
0
0
0
0
0
0
0
1
0
0
0
0
0
0
0
0
0
0
0
0
0
0
0
0
0
0
0
0
0
0
0
0
0
0
0
0
0
0
0
0
0
0
0
0
0
0
0
0
0
0
0
0
0
0
0
0
0
0
0
0
0
0
0
0
0
0
0
0
0
0
0
0
0
0
0
0
0
0
0
0
0
0
0
0
0
0
0
0
0
0
0
0
0
0
0
0
0
0
0
0
0
0
0
0
0
0
0
0
0
0
0
0
0
0
0
0
0
0
0
0
0
0
0
0
0
0
0
0
0
0
0
0
0
0
0
0
0
0
0
0
0
0
0
0
0
0
0
0
0
0
0
0
0
0
0
0
0
0
0
0
0
0
0
0
0
0
0
0
0
0
0
0
0
0
0
0
0
0
0
0
0
0
0
0
0
0
0
0
0
0
0
0
0
0
0
0
0
0
0
0
0
0
0
0
0
0
0
0
0
0
0
0
0
0
0
0
0
0
0
0
0
0
0
0
1
0
0
0
0
0
0
0
0
0
0
0
0
0
0
0
0
0
0
0
0
0
0
0
0
0
0
0
0
0
0
0
0
0
0
0
0
0
0
0
0
0
0
0
0
0
0
0
0
0
0
0
0
0
0
0
0
0
0
0
0
0
0
0
0
0
0
0
0
0
0
0
0
0
0
0
0
0
0
0
0
0
0
0
0
0
0
0
0
0
0
0
0
0
0
0
0
0
0
0
0
0
0
0
0
0
0
0
0
0
0
0
0
0
0
0
0
0
0
0
0
0
0
0
0
0
0
0
0
0
0
0
0
0
0
0
0
0
0
0
0
0
0
0
0
0
0
0
0
0
0
0
0
0
0
0
0
0
0
0
0
0
0
0
0
0
0
0
0
0
0
0
0
0
0
0
0
0
0
0
0
0
0
0
0
0
0
0
0
0
0
0
0
0
0
0
0
0
0
0
0
0
0
0
0
0
0
0
0
0
0
0
0
0
0
0
0
0
0
0
0
0
0
0
0
0
0
0
0
0
0
0
0
0
0
0
0
0
0
0
0
0
0
0
0
0
0
0
0
0
0
0
0
0
0
0
0
0
0
0
0
0
0
0
0
0
0
0
0
0
0
0
0
0
0
0
0
0
0
0
0
0
0
0
0
0
0
0
0
0
0
0
0
0
0
0
0
0
0
0
0
0
0
0
0
0
0
0
0
0
0
0
0
0
0
0
0
0
0
0
0
0
0
0
0
0
0
0
0
0
0
0
0
0
0
0
0
0
0
0
0
0
0
0
0
0
0
0
0
0
0
0
0
0
0
0
0
0
0
0
0
0
0
0
0
0
0
0
0
0
0
0
0
0
0
0
0
0
0
0
0
0
0
0
0
0
0
0
0
0
0
0
0
0
0
0
0
0
0
0
0
0
0
0
0
0
0
0
0
0
0
0
0
0
0
0
0
0
0
0
0
0
0
0
0
0
0
0
0
0
0
0
0
0
0
0
0
0
0
0
0
0
0
0
0
0
0
0
0
0
0
0
0
0
0
1
0
0
0
0
0
0
0
0
0
0
0
0
0
0
0
0
0
0
0
0
0
0
0
0
0
0
0
0
0
0
0
0
0
0
0
0
0
0
0
0
0
0
0
0
0
0
0
0
0
0
0
0
0
1
0
0
0
0
0
0
0
0
0
0
0
1
0
0
0
0
0
0
0
0
0
0
1
0
0
0
0
0
0
0
0
0
0
0
0
0
0
0
0
0
0
0
0
0
0
0
0
0
0
0
0
0
0
0
0
0
0
0
0
0
0
0
0
0
0
0
0
0
0
0
0
0
0
0
0
0
0
0
0
0
0
0
0
0
0
0
0
0
0
0
0
0
0
0
0
0
0
0
0
0
0
0
0
0
0
0
0
0
0
0
0
0
0
0
0
0
0
0
0
0
0
0
0
0
0
0
0
0
0
0
0
0
0
0
0
0
0
0
0
0
0
0
0
0
0
0
0
0
0
0
0
0
0
0
0
0
0
0
0
1
0
0
0
0
0
0
0
0
0
0
0
0
0
0
0
0
0
0
0
0
0
0
0
0
0
0
0
0
0
0
0
0
0
0
0
0
0
1
0
0
0
0
0
0
0
0
0
0
0
0
0
0
0
0
0
0
0
0
0
0
0
0
0
0
0
0
0
0
0
0
0
0
0
0
0
0
0
0
0
0
0
0
0
0
0
0
0
0
0
0
0
0
0
0
0
0
0
0
0
0
0
0
0
0
0
0
0
0
0
0
0
0
0
0
0
0
0
0
0
0
0
0
0
0
0
0
0
0
0
0
0
0
0
0
0
0
0
0
0
0
0
0
0
0
0
0
0
0
0
0
0
0
0
0
0
0
0
0
0
0
0
0
0
0
0
0
0
0
0
0
0
0
0
0
0
0
0
0
0
0
0
0
0
0
0
0
0
0
0
0
0
0
0
0
0
0
0
0
0
0
0
0
0
0
0
0
0
0
0
0
0
0
0
0
0
0
0
0
0
0
0
0
0
0
0
0
0
0
0
0
0
0
0
0
0
0
0
0
0
0
0
0
0
0
0
0
0
0
0
0
0
0
0
0
0
0
0
0
0
0
0
0
0
0
0
0
0
0
0
0
0
0
0
0
0
0
0
0
0
0
0
0
0
0
0
0
0
0
0
0
0
0
0
0
0
0
0
0
0
0
0
0
0
0
0
0
0
0
0
0
0
0
0
0
0
0
0
0
0
0
0
0
0
0
0
0
0
0
0
0
0
0
0
0
0
0
0
0
0
0
0
0
0
0
0
0
0
0
0
0
0
0
0
0
0
0
0
0
0
0
0
0
0
0
0
0
0
0
0
0
0
0
0
0
0
0
0
0
0
0
0
0
0
0
0
0
0
0
0
0
0
0
0
0
0
0
0
0
0
0
1
0
0
0
0
0
0
0
0
0
0
0
0
0
0
0
0
0
0
0
0
0
0
0
0
0
0
0
0
0
0
0
0
0
0
0
0
0
0
0
0
0
0
0
0
0
0
0
0
0
0
0
0
0
0
0
0
0
0
0
0
0
0
0
0
0
0
0
1
0
0
0
0
0
0
0
0
0
0
0
0
0
0
0
0
0
0
0
0
0
0
0
0
0
0
0
0
0
0
0
0
0
0
0
0
0
0
0
0
0
0
0
0
0
0
0
0
0
0
0
0
0
0
0
0
0
0
0
0
0
0
0
0
0
0
0
0
0
0
0
0
0
0
0
0
0
0
0
0
0
0
0
0
0
0
0
0
0
0
0
0
0
0
0
0
0
0
0
0
0
0
0
0
0
0
0
0
0
0
0
0
0
0
0
0
0
0
0
0
0
0
0
0
0
0
0
0
0
0
0
0
1
0
0
0
0
0
0
0
0
0
0
0
0
0
0
0
0
0
0
0
0
0
0
0
0
0
0
0
0
0
0
0
0
0
0
0
0
0
0
0
0
0
0
0
0
0
0
0
0
0
0
0
0
0
0
0
0
0
0
0
0
0
0
0
0
0
0
0
0
0
0
0
0
0
0
0
0
0
0
0
0
0
0
0
0
0
0
0
0
0
0
0
0
0
0
0
0
0
0
0
0
0
0
0
0
0
0
0
0
0
0
0
0
0
0
0
0
0
0
0
0
0
0
0
0
0
0
0
0
0
0
0
0
0
0
0
0
0
0
0
0
0
0
0
0
0
0
0
0
0
0
0
0
0
0
0
0
0
0
0
0
0
0
0
0
0
0
0
0
0
0
0
0
0
0
0
0
0
0
0
0
0
0
0
0
0
0
0
0
0
0
0
0
0
0
0
0
0
0
0
0
0
0
0
0
0
0
0
0
0
0
0
0
0
0
0
0
0
0
0
0
0
0
0
0
0
0
0
1
0
0
0
0
0
0
0
0
0
0
0
0
0
0
0
0
0
0
0
0
0
0
0
0
0
0
0
0
0
0
0
0
0
0
0
0
0
0
0
0
0
0
0
0
0
0
0
0
0
0
0
1
0
0
0
0
0
0
0
0
0
0
0
0
0
0
0
0
0
0
0
0
0
0
0
0
0
0
0
0
0
0
0
0
0
0
0
0
0
0
1
0
0
0
0
0
0
0
0
  </DataArray>
  <DataArray type = "Float64" Name="AppartientEntree5" format="ascii">
0
0
0
0
1
1
0
0
0
0
0
0
0
0
0
0
0
0
0
0
0
0
0
0
0
0
0
0
0
0
0
0
0
0
0
0
0
0
0
0
0
0
0
0
0
0
0
0
0
0
0
0
0
0
0
0
0
0
0
0
0
0
0
0
0
0
0
0
0
0
0
0
0
0
0
0
0
0
0
0
0
0
0
0
0
0
0
0
0
0
0
0
0
0
0
0
0
0
0
0
0
0
0
0
0
0
0
0
0
0
0
0
0
0
0
0
0
0
0
0
0
0
0
0
0
0
0
0
0
0
0
0
0
0
0
0
0
0
0
0
0
0
0
0
0
0
0
0
0
0
0
0
0
0
0
0
0
0
0
0
0
0
0
0
0
0
0
0
0
0
0
0
0
0
0
0
0
0
0
0
0
0
0
0
0
0
0
0
0
0
0
0
0
0
0
0
0
0
0
0
0
0
0
0
0
0
0
0
0
0
0
0
0
0
0
0
0
0
0
0
1
0
0
0
0
0
0
0
0
0
0
0
0
0
0
0
0
1
0
0
0
0
0
0
0
0
0
0
0
0
0
0
0
0
0
0
0
0
0
0
0
0
0
0
0
0
0
0
0
0
0
0
0
0
0
0
0
0
0
0
0
0
0
0
0
0
0
0
0
0
0
0
0
0
0
0
0
0
0
0
0
0
0
0
0
0
0
0
0
0
0
0
0
0
0
0
0
0
0
0
0
0
0
0
0
0
0
0
0
0
0
0
0
0
1
0
0
0
0
0
0
0
0
0
0
0
0
0
0
0
0
0
0
0
0
0
0
0
0
0
0
0
0
0
0
0
0
0
0
0
0
0
0
0
0
0
0
0
0
0
0
0
0
0
0
0
0
0
0
0
0
0
0
0
0
0
0
0
0
0
0
0
0
0
0
0
0
0
0
0
0
0
0
0
0
0
0
0
0
0
0
0
0
0
0
1
0
0
0
0
0
0
0
0
0
0
0
1
1
1
1
1
1
1
1
1
1
1
1
1
1
1
1
1
1
1
1
1
1
1
1
1
1
1
1
1
1
1
1
1
1
1
1
1
1
1
1
1
1
1
1
1
1
1
1
1
1
1
1
1
1
1
1
1
1
1
1
1
1
1
1
1
1
1
1
1
1
1
1
1
1
1
1
1
1
1
1
1
1
1
1
1
1
1
1
1
1
1
1
1
1
1
1
1
1
1
1
1
1
1
1
1
1
1
1
1
1
1
1
1
1
1
1
1
1
1
1
1
1
1
1
1
1
1
1
1
1
1
1
1
1
1
1
1
1
1
1
1
1
1
1
1
1
1
1
1
1
1
1
1
1
1
1
1
1
1
1
1
1
1
1
1
1
1
1
1
1
1
1
1
1
1
1
1
1
1
1
1
1
1
1
1
1
1
1
1
1
1
1
1
1
1
1
1
1
1
1
1
1
1
1
1
1
1
1
1
1
1
1
1
1
1
1
1
1
1
1
1
1
1
1
1
1
1
1
1
1
1
1
1
1
1
1
1
1
1
1
1
1
1
1
1
1
1
1
1
1
1
1
1
1
1
1
1
1
1
1
1
1
1
1
1
1
1
1
1
1
1
1
1
1
1
1
1
1
1
1
1
1
1
1
1
1
1
1
1
1
1
1
1
1
1
1
1
1
1
1
1
1
1
1
1
1
1
1
1
1
1
1
1
1
0
0
0
0
0
0
0
0
0
0
0
0
0
0
0
0
0
0
0
0
0
0
0
0
0
0
0
0
0
0
0
0
0
0
0
0
0
0
0
0
0
0
0
0
0
0
0
0
0
0
0
0
0
0
0
0
0
0
0
0
0
0
0
0
0
0
0
0
0
0
0
0
1
0
0
0
0
0
0
0
0
0
0
0
0
0
0
0
0
0
0
0
0
0
0
0
0
0
0
0
0
0
0
0
0
0
0
0
0
0
0
0
0
0
0
0
0
0
0
0
0
0
0
0
0
0
0
0
0
0
0
0
0
0
0
0
0
0
0
0
0
0
0
0
0
0
0
0
0
0
0
0
0
0
0
0
0
0
0
0
0
0
0
1
0
0
0
0
0
0
0
0
0
0
0
0
0
0
0
0
0
0
0
0
0
0
0
0
0
0
0
0
0
0
0
0
0
0
0
1
0
0
0
0
0
1
0
0
0
0
0
0
0
0
0
1
0
0
0
0
0
0
0
0
0
0
0
0
0
0
1
0
0
0
0
0
0
0
0
0
0
1
0
1
0
0
0
0
0
0
0
0
0
0
0
0
0
0
0
0
0
0
0
0
0
0
0
0
0
0
0
0
0
0
0
0
1
0
0
0
0
1
0
0
0
0
1
0
0
0
0
0
0
0
0
0
0
0
0
1
0
0
0
0
0
0
0
1
0
0
0
0
0
0
0
0
0
0
0
0
0
0
0
0
0
0
1
0
0
0
0
0
1
0
0
0
0
0
0
0
0
1
0
0
0
0
0
0
0
0
0
1
0
0
0
0
1
0
0
0
0
0
0
1
0
0
0
0
0
0
0
0
0
0
0
0
0
0
0
0
0
0
0
0
0
0
0
0
1
0
0
0
0
0
0
0
0
1
1
0
0
0
0
0
0
0
0
0
0
0
0
0
0
0
0
0
0
0
0
0
0
0
0
0
0
0
0
0
0
0
0
0
1
0
0
0
0
0
0
0
0
0
0
0
0
0
0
1
0
0
0
0
0
0
0
0
0
0
0
0
0
0
0
0
0
0
1
0
0
0
0
0
0
0
0
0
0
0
0
0
0
0
1
0
0
0
0
0
0
0
1
0
0
0
0
0
0
0
0
1
0
0
0
0
0
0
0
0
0
0
0
0
0
0
0
0
0
1
0
0
0
0
1
0
0
0
0
0
0
0
0
0
0
0
0
0
0
0
0
0
0
0
0
0
1
0
0
0
0
0
1
0
0
0
0
0
0
0
0
1
0
0
0
1
1
0
0
0
0
0
0
0
0
0
0
0
0
0
0
0
0
0
0
1
1
0
0
0
0
1
0
0
0
0
0
0
0
0
0
0
0
0
0
1
0
0
0
0
0
0
0
1
1
0
0
0
0
1
0
0
0
0
0
0
0
0
0
0
0
0
0
0
0
0
0
0
0
0
0
0
0
0
0
0
0
0
0
0
0
0
0
0
0
0
0
0
0
0
0
0
0
0
0
0
0
0
0
0
1
0
0
0
0
0
0
0
0
0
1
0
0
0
0
0
0
0
0
0
0
0
0
0
0
1
0
0
0
0
0
0
0
0
0
0
0
0
0
0
0
0
0
0
0
1
0
0
0
0
0
0
0
0
0
0
0
0
0
0
0
0
0
0
0
0
1
0
0
0
0
0
0
0
0
0
0
0
0
0
0
0
0
0
0
0
0
0
0
0
0
0
0
0
1
0
0
0
0
0
0
0
0
0
0
0
0
0
0
0
0
0
0
0
0
0
0
1
1
0
0
0
0
0
0
1
0
0
0
0
0
0
0
0
0
0
0
0
0
0
0
0
0
1
0
0
1
0
0
0
0
0
0
0
0
0
1
0
0
0
0
0
0
0
0
0
0
0
0
0
0
0
0
0
0
0
0
0
0
0
0
0
0
0
0
0
0
0
0
0
0
0
0
0
0
0
0
0
0
0
0
0
0
0
0
1
0
0
0
1
0
0
0
0
0
0
0
0
0
0
0
0
0
0
0
0
0
0
0
0
0
0
0
0
0
0
0
0
0
0
0
0
0
0
0
0
0
0
0
0
0
0
0
0
0
0
0
0
0
0
0
1
0
0
0
0
0
0
1
0
0
0
0
0
0
0
0
0
0
0
0
1
0
0
0
0
0
0
0
0
0
0
0
0
0
0
0
0
0
0
0
1
0
0
0
0
0
0
0
0
0
0
0
0
0
1
0
0
0
0
0
0
0
0
0
0
0
0
0
0
0
0
0
0
0
0
1
0
0
0
0
0
0
0
0
0
0
0
0
1
0
0
0
0
0
0
0
0
1
0
0
0
0
0
0
0
0
0
0
0
0
0
0
1
0
0
0
0
0
0
0
0
0
0
0
0
0
0
0
0
0
0
0
0
0
0
0
0
0
0
0
0
0
0
0
0
1
0
0
0
0
0
0
0
0
0
0
0
0
0
0
1
0
0
0
0
0
0
0
0
0
0
0
0
0
0
0
0
1
0
0
0
0
0
0
0
0
0
0
0
0
0
0
0
0
0
0
1
0
0
0
0
0
0
1
0
0
0
0
0
0
0
0
0
0
0
0
0
0
0
0
0
0
0
0
0
0
0
0
0
0
0
0
1
0
0
0
0
0
0
0
0
0
0
0
0
0
0
0
0
1
0
0
0
0
0
1
0
0
0
0
0
0
0
0
0
0
1
0
0
0
0
0
0
0
0
0
0
0
0
0
0
0
0
0
0
0
0
0
0
0
0
0
0
0
0
0
0
0
0
0
0
0
0
0
1
0
0
0
0
0
0
0
0
0
0
0
0
0
0
0
0
0
0
1
0
0
1
0
0
0
0
1
0
0
0
0
0
1
0
0
0
0
0
0
0
0
0
0
0
0
0
0
0
0
0
0
0
0
0
1
0
0
0
1
0
0
0
0
0
0
0
0
0
0
0
1
0
0
0
0
0
0
0
0
0
0
0
0
0
0
0
0
0
0
0
0
0
0
0
0
0
0
0
0
0
0
0
0
0
0
0
0
0
0
0
0
0
0
0
0
0
0
0
0
0
0
0
0
0
0
0
0
0
0
0
1
0
0
0
0
0
0
0
0
0
0
0
0
0
0
0
0
0
0
0
0
0
0
0
0
0
0
0
0
0
0
0
0
0
0
0
0
0
0
0
0
0
0
0
0
0
0
0
0
0
0
0
0
0
0
0
0
0
0
0
0
0
0
0
0
0
0
0
0
0
0
0
0
0
0
0
0
0
0
0
0
0
0
0
0
0
0
0
0
0
0
0
0
0
0
0
0
0
0
0
0
0
0
0
0
0
0
0
0
0
0
0
0
0
0
0
0
0
0
0
0
0
0
0
0
0
0
0
0
0
0
0
0
0
0
0
0
0
0
0
0
0
0
0
0
0
0
0
1
0
0
0
0
0
0
0
0
0
0
0
0
0
1
0
0
0
0
0
0
0
0
0
0
0
0
0
0
0
0
0
0
0
0
0
0
0
0
0
1
0
0
0
0
0
0
0
0
0
0
1
0
0
0
0
0
0
0
0
1
0
0
0
0
0
0
0
0
0
0
0
0
0
0
0
0
0
0
0
0
0
0
0
1
0
0
0
0
0
0
0
0
0
0
0
0
0
0
0
0
0
0
0
0
0
0
0
0
0
0
0
0
0
0
0
0
0
0
0
0
0
0
0
0
0
1
0
0
0
0
0
0
0
0
0
0
0
0
0
0
0
0
0
0
0
0
0
0
0
0
0
0
0
0
0
0
0
0
0
0
0
0
0
0
0
0
0
0
0
0
1
0
0
0
0
0
0
0
0
0
0
0
0
0
0
0
0
0
0
0
0
0
0
0
0
0
0
0
0
0
0
0
0
1
0
0
0
0
0
0
0
0
0
0
0
0
0
0
0
0
1
0
0
0
0
0
0
0
0
1
0
0
0
0
0
0
0
0
0
0
0
0
0
0
0
0
0
0
0
0
0
0
0
0
0
0
0
0
0
0
1
0
0
0
0
0
0
0
0
0
0
0
0
0
0
0
0
0
0
0
0
0
0
0
0
0
0
0
0
0
0
0
0
1
0
0
0
0
0
0
0
0
0
0
0
0
0
0
0
0
1
0
0
0
0
0
0
0
0
0
0
0
0
0
0
0
0
0
0
0
0
0
0
0
0
0
0
0
0
0
0
0
0
0
0
0
0
0
0
0
0
0
0
0
0
0
0
0
0
0
0
0
0
0
0
0
0
0
0
0
0
0
0
0
0
0
0
0
0
0
0
0
0
0
0
0
0
0
0
0
0
0
0
0
0
0
0
0
0
0
0
0
0
1
0
0
0
0
0
0
0
0
1
0
0
0
0
0
0
0
0
0
0
0
0
0
0
0
0
0
0
0
0
0
0
0
0
0
0
0
0
1
0
0
0
0
0
0
0
0
0
0
0
0
0
0
0
0
0
0
0
0
0
0
0
0
0
0
0
0
0
0
0
0
0
0
0
0
0
0
0
0
0
0
0
0
0
0
0
0
0
0
0
0
0
0
0
1
0
0
0
0
0
0
0
0
0
0
0
0
0
0
0
0
0
0
0
0
0
0
0
0
0
0
0
0
0
0
0
0
0
0
0
0
0
1
0
1
0
0
0
0
0
0
0
0
0
0
0
0
0
0
0
0
0
0
0
0
0
0
0
0
0
0
0
0
1
0
0
0
0
0
0
0
0
0
0
0
0
0
0
0
0
0
0
0
0
0
0
0
0
0
0
0
0
0
0
0
0
0
0
0
0
0
1
0
0
0
0
0
0
0
0
0
0
0
0
1
0
0
0
0
0
0
0
0
0
0
0
0
0
0
0
0
0
0
0
0
0
0
0
0
0
0
0
0
0
0
0
0
0
0
0
0
0
0
0
0
0
0
0
0
0
0
0
0
1
0
0
0
0
0
0
0
0
0
0
0
0
0
0
0
0
0
0
0
0
0
0
0
0
0
0
0
0
0
0
0
0
0
0
0
0
0
0
0
0
0
0
0
0
0
0
0
0
0
0
0
0
0
0
0
0
0
0
0
0
0
0
0
0
0
0
0
0
0
0
0
0
0
0
0
0
0
0
0
0
0
0
0
0
0
0
0
0
0
0
0
0
0
0
0
0
0
0
0
0
0
0
0
0
0
0
0
0
0
0
0
0
0
0
0
0
0
0
0
0
0
0
0
0
0
0
0
0
0
0
0
0
0
0
0
0
0
0
0
0
0
0
0
0
0
0
0
0
0
0
0
0
0
0
0
0
0
0
0
0
0
0
0
0
0
0
0
0
0
0
0
0
0
0
0
0
0
0
0
0
0
0
0
0
0
0
0
0
0
0
0
0
0
0
0
0
1
0
0
0
0
0
0
1
0
0
0
0
0
0
0
0
0
0
0
0
0
0
0
0
0
0
0
0
0
0
0
0
0
0
0
0
0
0
0
0
0
0
0
0
0
0
0
0
0
0
0
0
0
0
0
0
0
0
0
0
0
0
0
0
0
0
0
0
0
0
0
0
0
0
0
0
0
0
0
0
0
0
0
0
0
0
0
1
0
0
0
0
0
0
0
0
0
0
0
0
0
0
0
0
0
0
0
0
0
1
0
0
0
0
0
0
0
0
0
0
0
0
0
0
0
0
0
0
0
0
0
0
0
0
0
0
0
0
0
0
0
0
0
0
0
0
0
0
0
0
0
0
0
0
1
0
0
0
0
0
0
0
0
0
0
0
0
0
0
0
0
0
0
0
0
0
0
0
0
0
0
0
0
0
0
0
0
0
0
0
0
0
0
0
0
0
0
0
0
0
0
0
0
0
0
0
0
0
0
0
0
0
0
0
0
0
0
0
0
0
0
0
0
0
0
0
0
0
0
0
0
0
0
0
0
0
0
0
0
0
0
0
0
0
0
0
0
0
0
0
0
0
0
0
0
0
0
0
0
0
0
0
0
0
0
0
0
0
0
0
0
0
0
0
0
0
0
0
0
0
0
0
0
0
0
0
0
0
0
0
0
0
0
0
0
0
0
0
0
0
0
0
0
0
0
0
0
0
0
0
0
0
0
0
0
0
0
0
0
1
0
0
0
0
0
0
0
0
0
0
0
0
0
0
0
0
0
0
0
0
0
0
0
0
0
0
0
0
0
0
0
0
0
0
0
0
0
0
0
0
0
0
0
0
0
0
0
0
0
0
0
0
0
0
0
0
0
0
0
0
0
0
0
0
0
0
0
0
0
0
0
0
0
0
0
0
0
0
0
0
0
0
0
0
0
0
0
0
0
0
0
0
0
0
0
0
0
0
0
0
0
0
0
0
0
0
0
0
0
0
0
0
0
0
0
0
0
0
0
0
0
0
0
0
0
0
0
1
0
0
0
0
0
0
0
0
0
0
0
0
0
0
0
0
0
0
0
0
0
0
0
0
0
0
0
0
0
0
0
0
0
0
0
0
0
0
0
0
0
0
0
0
0
0
0
0
0
0
0
0
0
0
0
0
0
0
0
0
0
0
0
0
0
0
0
0
0
0
0
0
0
0
0
0
0
0
0
0
0
0
0
0
0
0
0
0
0
0
0
0
0
0
0
0
0
0
0
0
0
0
0
0
0
0
0
0
0
0
0
0
0
0
0
0
0
0
0
0
0
0
0
0
0
0
0
0
0
0
0
0
0
0
0
0
0
0
0
0
0
0
0
0
0
0
0
0
0
0
0
0
0
0
0
0
0
0
0
0
0
0
0
0
0
0
0
0
0
0
0
0
0
0
0
0
0
0
0
0
0
0
0
0
0
0
1
0
0
0
0
1
0
0
1
0
0
1
0
0
0
1
0
0
0
0
0
0
0
0
0
0
0
0
0
0
0
0
0
0
0
0
0
0
0
0
0
0
0
0
0
0
0
0
0
0
0
0
0
0
0
0
0
0
0
0
0
0
0
0
0
0
0
0
0
0
0
0
0
0
0
1
0
0
0
0
0
0
0
0
0
0
0
0
0
0
0
0
0
0
0
0
0
0
0
0
0
0
0
0
0
0
0
0
0
0
0
0
0
0
0
0
0
0
0
0
0
0
0
0
0
0
0
0
0
0
0
0
0
0
0
0
0
0
0
0
0
0
0
0
0
0
0
0
0
0
0
0
0
0
0
0
0
0
0
0
0
0
0
0
0
0
0
0
0
0
0
0
0
0
0
0
0
0
0
0
0
0
0
0
0
0
0
0
0
0
0
0
0
0
0
0
0
0
0
0
0
0
0
0
0
0
0
0
0
0
0
0
0
0
0
0
0
0
0
0
0
0
0
0
0
0
0
0
0
0
0
0
0
0
0
0
0
0
0
0
0
0
0
0
0
0
0
0
0
0
0
0
0
0
0
0
0
0
0
0
0
0
0
0
0
0
0
0
0
0
0
0
0
0
0
0
0
0
0
0
0
0
0
0
0
0
0
0
0
0
0
0
0
0
0
0
0
0
0
0
0
0
0
0
0
0
0
0
0
0
0
0
0
0
0
1
0
0
0
0
0
0
0
0
0
0
0
0
0
0
0
0
0
0
0
0
0
0
0
0
0
0
0
0
0
0
0
0
0
0
0
0
0
0
0
0
0
0
0
0
0
0
0
0
0
0
0
0
0
0
0
0
0
0
0
0
0
0
0
0
0
0
0
0
0
0
0
0
0
0
0
0
0
0
0
0
0
0
0
0
0
0
0
0
0
0
0
0
0
0
0
0
0
0
0
0
0
0
0
1
0
0
0
0
0
0
0
0
0
0
0
0
0
0
0
0
0
0
0
0
0
0
0
0
0
0
0
0
0
0
0
0
0
0
0
0
0
0
0
0
0
1
0
0
0
0
0
0
0
0
0
0
0
0
0
0
0
0
0
0
0
0
0
0
0
0
0
0
0
0
0
0
0
0
0
0
0
0
0
0
0
0
0
0
0
0
0
0
0
0
0
0
0
0
0
0
0
0
0
0
0
0
0
0
0
0
0
0
0
0
0
0
0
0
0
0
0
0
0
0
0
0
0
0
0
0
0
0
0
0
0
0
0
0
0
0
0
0
0
0
0
0
0
0
0
0
0
0
0
0
0
0
0
0
0
0
0
0
0
0
0
0
0
0
0
0
0
0
0
0
0
0
0
0
0
0
0
0
0
0
0
0
0
0
0
0
0
0
0
0
0
0
0
0
0
0
0
0
0
0
0
0
0
0
0
0
0
0
0
0
0
0
0
0
0
0
0
0
0
0
0
0
0
0
0
0
0
0
0
0
0
0
0
0
0
0
0
0
0
0
0
0
0
0
0
0
0
0
0
0
0
0
0
0
0
0
0
0
0
0
0
0
0
0
0
0
0
0
0
0
0
0
0
0
0
0
0
0
0
0
0
0
0
0
0
0
0
0
0
0
0
0
0
0
0
0
0
0
0
0
0
0
0
0
0
0
0
0
0
0
0
0
0
0
0
0
0
0
0
0
0
0
0
0
0
0
0
0
0
0
0
0
0
0
0
0
0
0
0
0
0
0
0
0
0
0
0
1
0
0
0
0
0
0
0
0
0
0
0
0
0
0
0
0
0
0
0
0
0
0
0
0
0
0
0
0
0
0
0
0
0
0
0
0
0
1
0
0
0
0
0
0
0
0
0
0
0
0
0
0
0
0
0
0
0
0
0
0
0
0
0
0
0
0
0
0
0
1
0
0
1
0
0
0
0
1
0
1
1
1
0
0
1
0
1
0
0
1
0
1
0
0
1
0
0
0
0
0
0
0
0
0
0
0
  </DataArray>
  <DataArray type = "Float64" Name="LevelSetEntree5" format="ascii">
-0.232845
-0.240001
-1.961
-1.95998
0
0
-0.169133
-1.18629
-0.307448
-0.162132
-0.48209
-0.168403
-0.271063
-0.298975
-0.163823
-0.163778
-0.907906
-0.16
-0.204612
-0.000476633
-0.19234
-0.000344941
-1.15753
-0.165871
-0.000393033
-1.70124
-1.83175
-0.576267
-0.182608
-0.649953
-0.234246
-0.73752
-0.15224
-1.17642
-0.226588
-0.349622
-0.000302419
-1.09987
-0.468347
-0.315965
-0.000342786
-0.324343
-0.35817
-0.495712
-0.341145
-0.952199
-1.39419
-0.332722
-0.414666
-0.366787
-0.000323392
-0.453729
-1.15669
-0.942222
-0.604893
-0.726988
-1.12128
-0.51922
-0.895035
-0.426188
-1.23407
-1.8218
-0.438959
-0.715962
-0.625802
-1.28659
-0.0315432
-0.508315
-1.89139
-0.585706
-0.529242
-0.846536
-1.18265
-0.637347
-0.878561
-0.595198
-0.000313841
-0.703942
-0.61468
-1.35745
-0.797052
-1.43352
-0.000400092
-1.38076
-0.786997
-1.29651
-0.777117
-1.44539
-0.992625
-0.920499
-0.748025
-0.655767
-0.767425
-0.807462
-1.043
-0.686582
-0.862052
-0.00030182
-0.962031
-0.971913
-1.55551
-0.00038832
-0.981907
-0.931971
-0.0105889
-1.00384
-1.05606
-1.08943
-1.016
-1.74616
-1.14543
-1.02933
-0.000840888
-1.6372
-1.94729
-1.13307
-1.11031
-1.16962
-1.22178
-1.07913
-1.76935
-1.60213
-1.19574
-1.95982
-1.24559
-1.2089
-1.57847
-1.95449
-1.35203
-1.70268
-1.27666
-1.25632
-1.33954
-1.73473
-1.54477
-1.92583
-1.42208
-1.31668
-1.26672
-1.30644
-0.000272918
-1.36612
-1.65566
-1.95118
-1.48444
-0.745555
-1.40984
-1.94956
-1.51418
-1.56646
-0.00367263
-1.75781
-1.91717
-1.50426
-1.62535
-1.44458
-0.810196
-1.52413
-1.49435
-0.000231072
-1.92122
-1.61376
-1.53409
-1.59048
-1.67177
-1.64906
-1.66063
-0.22907
-1.93831
-0.000375402
-0.75534
-1.93114
-1.72332
-1.5625
-1.6823
-1.80177
-1.71287
-1.87211
-1.69256
-1.85163
-1.78074
-1.82455
-0.000700363
-1.83648
-1.79164
-1.00906
-1.81185
-1.90681
-1.88145
-1.87151
-1.20603
-1.86157
-1.95697
-0.000725991
-1.67995
-0.862742
-1.91128
-1.8127
-1.90133
-0.000439814
-1.7412
-0.000804864
-1.78113
-1.86035
-1.54258
-1.95677
-1.95862
-0.000306217
-0.0107367
-1.9515
-0.000332119
-1.95001
-0.516482
-1.31515
-1.95796
-1.7711
-0.000748879
-1.73126
-1.84849
-0.00046364
0
-1.80173
-1.30193
-1.24922
-1.79119
-1.75114
-0.910965
-1.43098
-1.01888
-1.62976
-1.50036
-1.72131
-0.150998
-1.71132
-1.76109
-1.59338
-1.69094
2.77556e-17
-1.66845
-1.60465
-0.37942
-1.14683
-1.22179
-1.61662
-1.57251
-1.58263
-0.000393007
-1.53253
-1.52241
-1.47432
-1.55252
-0.000308425
-1.34335
-1.48787
-1.51173
-0.940404
-1.12712
-1.41767
-1.40549
-0.000277994
-0.989424
-1.04836
-0.151002
-0.173608
-0.235661
-1.3715
-0.815305
-1.2159
-1.32881
-0.715095
-1.13697
-0.605676
-1.26583
-0.000344498
-1.28879
-1.2768
-0.000484676
-0.166203
-0.96
-0.000292329
-1.22577
-1.19615
-0.78801
-1.0582
-0.460784
-1.11726
-0.000275039
-1.16655
-0.591303
-1.95363
-1.08772
-1.0287
-0.344444
-1.07787
-1.10741
-0.969804
-1.09756
-1.03853
-0.249323
-0.223963
-0.622698
-1.7448
-0.847527
-0.451599
-0.930612
-0.999239
-0.920817
-0.9502
-0.979612
-0.776255
-0.800859
-0.33584
-0.900844
-0.268079
-0.308788
-0.000270933
-0.831282
-0.424236
-0.877661
-0.577683
-0.725746
-0.765445
-0.735741
-0.188537
-0.000270203
-0.153526
-0.000348338
-0.31803
-0.388292
-0.0004302
-0.507139
-0.206127
-0.703849
-0.178255
0
-0.299545
-0.497814
-1.08514
-0.535269
-0.554434
-0.544784
-0.903866
-0.183238
-0.56506
-0.47
-0.525852
-1.763
-0.488517
-0.771539
-1.92571
-0.479247
-0.655973
-0.433324
-0.240728
-1.08344
-0.442443
-0.152252
-0.212494
-0.259906
-0.258205
-0.000354259
-0.311597
-0.353112
-0.289531
-0.150078
-0.169318
-1.15299
-0.218108
-0.167556
-0.327291
-0.173029
-0.150252
-1.25096
-0.935214
-0.278667
-0.000390843
-0.153991
-0.159357
-0.000844007
-0.232997
-0.156248
-0.211794
-0.0118753
-0.194132
-0.200002
-0.163061
-0.150252
-0.185492
-0.000461433
-0.165407
-0.158808
-0.161896
-0.153961
-0.15
-0.156157
-0.556641
-0.18076
-0.18819
-1.33446
-0.265091
-1.52604
-0.192261
-1.94995
-1.705
-0.17914
-0.219853
-0.00064211
-0.198984
-0.227433
-1.74991
-0.205592
-0.14292
-1.28423
-1.53218
-0.0204432
-1.48357
-0.000866587
-0.00042706
-1.67633
-1.20276
-0.965125
-1.2576
-0.597055
-0.601972
-1.04532
-0
-0.0229356
-1.04424
-0.000300339
-1.36588
-0.163009
-0.000725916
-0.222366
-1.56969
-0.754565
-0.502599
-0.232845
0
0
0
0
0
0
0
0
0
0
0
0
0
0
0
0
0
0
0
0
0
0
0
0
0
0
0
0
0
0
0
0
0
0
0
0
0
0
0
0
0
0
0
0
0
0
0
0
0
0
0
0
0
0
0
0
0
0
0
0
0
0
0
0
0
0
0
0
0
0
0
0
0
0
0
0
0
0
0
0
0
0
0
0
0
0
0
0
0
0
0
0
0
0
0
0
0
0
0
0
0
0
0
0
0
0
0
0
0
0
0
0
0
0
0
0
0
0
0
0
0
0
0
0
0
0
0
0
0
0
0
0
0
0
0
0
0
0
0
0
0
0
0
0
0
0
0
0
0
0
0
0
0
0
0
0
0
0
0
0
0
0
0
0
0
0
0
0
0
0
0
0
0
0
0
0
0
0
0
0
0
0
0
0
0
0
0
0
0
0
0
0
0
0
0
0
0
0
0
0
0
0
0
0
0
0
0
0
0
0
0
0
0
0
0
0
0
0
0
0
0
0
0
0
0
0
0
0
0
0
0
0
0
0
0
0
0
0
0
0
0
0
0
0
0
0
0
0
0
0
0
0
0
0
0
0
0
0
0
0
0
0
0
0
0
0
0
0
0
0
0
0
0
0
0
0
0
0
0
0
0
0
0
0
0
0
0
0
0
0
0
0
0
0
0
0
0
0
0
0
0
0
0
0
0
0
0
0
0
0
0
0
0
0
-1.60727
-1.12501
-1.17733
-1.42845
-0.99466
-1.34117
-0.523659
-1.01722
-0.873706
-0.719838
-0.152885
-1.54828
-0.396153
-0.00108811
-0.00100743
-1.63003
-1.71359
-0.317509
-0.151077
-0.179636
-0.966476
-0.201612
-0.186289
-1.81819
-1.45815
-0.173094
-0.211886
-0.159836
-1.38552
-1.95259
-0.354014
-0.410123
-1.95782
-0.17548
-0.160077
-0.238038
-1.92505
-0.161964
-0.000471809
-0.150908
-0.153607
-0.00126682
-0.144455
-1.00647
-1.606
-0.215417
-0.38755
-1.85451
-1.02407
-0.203846
-0.434938
-0.000851314
-0.190666
-1.9566
-1.68241
-0.559528
-1.89866
-0.729929
-0.000737808
-1.49327
-0.790638
-0.00080604
-0.197266
-1.77255
-0.372561
-0.000370612
-0.173952
-1.10988
-1.39187
-0.00075802
-0.345797
-0.175332
0
-1.5831
-0.158837
-0.937425
-1.87312
-0.210776
-0.154513
-1.0653
-0.000324078
-0.488564
-0.147153
-1.31103
-0.182203
-1.58504
-0.157195
-0.839163
-1.83151
-0.501518
-0.14774
-1.69459
-0.16761
-1.10371
-0.164178
-0.157876
-1.02068
-0.175636
-0.0288226
-0.616672
-0.00140169
-0.327257
-1.79399
-0.420307
-1.87421
-0.222191
-1.27078
-1.26899
-0.0274327
-1.18154
-0.000971025
-1.54774
-0.00083153
-0.00167332
-1.62822
-0.980014
-0.000910986
-0.000664394
-0.577936
-1.32584
-1.06446
-0.000888938
-0.534804
-0.5404
-0.747402
-0.708536
-0.788565
-0.000665252
-0.000854132
-0.00150047
-0.000317898
-0.889249
-0.000897465
-1.45986
-0.000463851
-0.162955
-0.453508
-0.000632743
-1.65516
-0.416462
-0.663508
-0.000833323
-0.000473413
-0.000749186
-0.000547844
-1.64271
-0.0258272
-1.36786
-0.0429576
-0.000696607
-0.000848193
-0.000582547
-0.00110129
-0.000678006
-0.000699273
-0.000569327
-0.000761776
-0.000625027
-0.000392377
-0.054694
-0.000661652
-0.00071051
-0.00113866
0
-0.000334466
-0.000648151
-0.000814554
-0.0007872
-0.231729
-0.0010829
-0.000257904
-0.000311188
-0.000717585
-0.00058988
-0.000644253
-0.000318619
-0.225963
-0.000526796
-0.000783122
-0.000614368
-0.000266266
-0.000294484
-0.214973
-0.0220311
-0.00100343
-0.021908
-0.000290908
-0.000265702
-0.000713098
-0.000626649
-0.0231643
-0.0101944
-0.00170203
-0.000446571
-0.00159585
-0.000871944
-0.00061308
-0.000649229
-0.000916899
0
-0.0236899
-0.000711428
-0.000864396
-0.000992158
-0.0167805
0
-0.000772192
-0.000667141
-0.254899
-0.00032815
-0.000708347
-0.000477256
-0.000297898
-0.00122789
-0.00889411
0
-0.000282745
-0.000864831
-0.000874958
-0.000938202
-0.000472464
-0.000443034
-0.000661577
-0.0509548
-0.000804213
-0.000878135
-0.00099278
-0.0436542
-0.0128502
-0.00889643
-0
-0.00461236
-0.698223
-0.00387898
-0.000643192
-0.00034335
-0.000676581
-0.0251089
-0.0157114
-0.000529808
-0.000833392
0
-0.0107419
0
-0.0256585
-0.00855652
-0.000491899
-0.0251588
-0.000431165
-0.000481369
-0.0192312
-0.000701132
-0.000370694
-0.00789772
-0.000845333
-0.000932554
-0.000374241
-0.000497146
-0.007621
-0.100566
-0.000312073
-0.000237676
-0.0289912
-0.0103478
-0.00124612
-0.0227152
-0.00966476
-0.000945329
-0.00117843
-0.0107211
-0.0422577
-0.00845614
-0.0234305
-0.000312204
-0.0136626
-0.000458544
0
-0.00861269
-0.000371549
-0.00817956
-0.0102845
0
-0.00796378
-0.000378004
-0.000390135
-0.0106326
-0
-0.00924603
-0.00902425
-0.0181621
-0.00104726
-0.0445616
-0.000598257
-0.000354972
-0.0111859
-1.81343
-0.00843591
-0.00491015
-0.000384694
-0
-0.0194295
-0.000375001
-0.000372627
-0.0166523
-0.00127048
-0.0119518
-0.00727213
0
-0.00939702
-0.00987288
-0.000186999
-0.000384024
-0.00950154
-0.000281751
-0.000266675
-0.000275112
-0.00689369
-0.010964
-0.008529
-0.000175597
-0.00541388
-0.000387508
-0.00398844
-0.000286636
-0.00994057
-0.0079215
-0
-0.0129721
-0.00898682
-0.000400243
-0.000406953
-0.012275
0
-0.0370098
-0.0113526
-0.0104204
-0.00971536
-0.000528282
-0.000348438
-0.000220522
-0.00192387
-0
-0.0115328
-0.000689488
-0.010354
-0.000317011
-0.00994769
-0.00983852
-0.000426513
-0.0056906
-0.000352062
0
-0.000586198
-0.0422437
-0.00072665
-0.000861599
-0
-0.000316112
-0.00034599
-0.0145076
-0.000280682
-0.0996508
-0.00590102
0
-1.81716
-0.00338695
-0.000583294
-0.0064597
-0.000251976
-0.000360337
-0.0087501
-0.000376501
-0.000560349
-0.00262929
-0.000554191
-0.00057787
-0.0634183
-0.16684
-0.000364805
-0.000831916
-0.0125524
-0.00511098
-0.0004767
-0.0539998
-0.488185
-0.00801411
-0.000273571
-0.0488414
0
-0.111978
-0.000265521
-0.302036
-0.000212327
-0.0632396
-0.0177794
-0.0720807
-0.000439687
0
-0
-0.000415236
-0.00995472
-0.00393166
-0.000426662
-0.00343906
-0.00792167
-0.000447769
-0.00665717
-0.00429838
-0.000302206
-0.000322928
-0.00425669
-0.000333437
-0.000375812
-0.00512147
-0.0051315
-0.000333409
-0.00913217
-0.00859738
-0.000322659
-0.00368615
-0.000308625
-0.00440936
-0.000257956
-0.000290909
-1.2084
-0.000301562
-0.00587294
-0.0143721
-0.00622585
-0.00395907
-0.0314489
-0.00593182
0
-1.14629
-0.000364442
-0.00790759
-0.00086655
-0.00417445
-0.0131404
-0.000395197
-0.00045697
-0.0938558
-0.0315665
-1.96011
-0.000358315
-0.0002407
-0.0179662
0
-0.0293264
-0.000358761
-0.000496797
-0.00599134
-0.000346712
-0.0320882
-0.00404921
-0.0233018
-0.00455408
-0.000300195
-0.00335896
-0.00460579
-0.00447704
-0.000521592
-0.00325524
-0.000251296
-0.0298522
-1.90519
0
-0.000305278
-0.019274
-0.000350178
-0.00380418
-0.237064
-0.140438
-0.0716491
-0.000455737
-0.0822829
-1.17848
-0.0164856
-0.00463401
-0.072191
-0.00545111
-0.000336805
0
-1.85571
-0.00491102
-0.00165244
-0.015989
-0.00448084
-0.000349767
-0.00463501
-0
-0.00359768
-0.00405658
-0.000241116
-0.00333574
-0.00317914
-0.0316299
-0.00452051
-0.017614
0
-0.00033928
-0.000282015
-0.00325746
-0.00499268
-0.00265319
-0.00373182
-0.00435757
-0.00718874
-0.00259881
-0.0178754
-0.00809356
-1.24094
-0.000359393
-0.000222124
-0.00030131
-0.000400273
-0.000401835
-0
-0.000355092
-0.000361506
-0.0334957
-0.000354788
-0
-0.00347537
-0.000357623
-0.0572039
-0.000301131
-0.000428108
-0.0131738
-0.040013
-0.000361751
-0.00318485
-1.72534
-0.0264258
-0.0148095
-0.00322401
-0.00120119
-0.0677919
-0.00336844
-0.00689902
-0.0141046
-0.000451432
-0.000286773
-0.00491962
3.92523e-17
-0.000433654
-0.0017271
-0.0171412
-1.78931
-0.0326255
3.92523e-17
-0.00559288
-0.226919
-0.0167592
-0.00852069
-0.100625
-0.000441668
-0.00318777
-0.000297349
0
-0.000297349
-0.000243317
-0.0167539
0
0
-1.16557
-0.0475197
-0.000326483
-0.000284515
-0.0149331
-0.000291614
-0.206365
-0.00319041
-0.000438072
-0.000371479
-0.0322339
-0.00278411
-0.000517191
-0.00316836
-0.00630927
-0.178554
-0.00846991
-0.00036693
0
3.92523e-17
-0.000555186
-0.000203713
-0.0148061
-0.00514564
-2.77556e-17
-0.00103519
-0.00224769
-0.160793
-0.000376308
-0.000364905
-0.00261784
-0.0307021
-0.00389747
-0.000465515
-0.144723
-0.00733862
-0.00497386
-1.7538
-0
-0.0165348
-0.00956317
-0.00036859
-0.00272546
-0.000287048
-0.502136
-0.00165589
-0
2.77556e-17
-0.204335
-0.000972632
-0.00162424
-0.00352056
-2.77556e-17
-0.169742
-0.000411581
-0.000409809
-0.000307478
-0.000409809
-0.00132089
-1.95946
-0.00273479
-0.00022824
-1.10198
-0.00157251
-0.0308785
-0.00298321
-0.0026104
-1.50245
-0.000324932
-0.00744684
-0.00641016
-1.50458
-0.00729359
-0.259552
-0.339576
-0.000653358
-0.00258999
-0.000436734
-0.00704089
-0.000295003
-0.00198978
-0.00031254
-0.00107884
-0.000301926
-0.00363597
-0.248593
-0.000311872
-0.00194303
-0.925199
-1.40421
-0.0154709
-0.000417785
-0.0574013
-0.000310716
-0.00184123
-0.00927915
-0.00331174
-0.00336559
-0.00603017
-0.00842456
-0.000280846
-0.00150944
-0.0224987
0
-0.000418141
-1.86112
-1.00868
-0.218183
-0.0228314
-0.00221627
-0.00130057
-0.0291951
-0.22276
2.77556e-17
-0.00187922
-0.011572
-0.00290456
-1.3953
-1.95115
-0.00317602
-0.000480467
-0.00023825
-0.0330563
-1.48064
-0.0238653
-0.0272152
-0.00829589
-0.0230055
-0
-0.0453184
-0.00190673
-0.0221689
-0.00522152
-0.0596628
-0.0254384
-0.0108478
-0.000313941
-0.00570161
-0.00205717
-0.00038528
-0.019433
-0.0026615
-0.000275697
-1.87719
-0.000349793
-0.037293
-0.0010526
-0.00139822
0
-0.0195311
-0.000384422
-0.0364888
-0.0473088
-0.939587
-0.0437849
-0.0165038
-0.191499
-0.00705467
-0.00952171
-0.0137562
-1.44459
-0.172046
-0.152743
-1.19517
-0.00265925
-0.00836392
-0.0350533
-0.158795
-0.015828
0
-0.00903767
-0.299945
-0.00210686
-0.38749
-0.00042545
-0.000820261
-0.00283949
-0.0941612
-0.000473959
-0.000328852
-0.078625
-0.0678976
-0.002039
-0.00876525
-0.0114001
-0.00122305
-0.000304578
-0.0488769
-0.0251039
-0.0108634
-0.00146001
-0.0131273
-0.00124876
-0.00470162
-0.144224
-0.0648082
-0.982963
-0
-0.0714345
-0.000412765
-0.00178656
-0.000355105
-0.153169
-0.000464155
-0.00162617
-0.00798452
-0.00444443
-0.14122
-0.0360973
-0.00571122
-1.93149
-0.000372436
-0.00100782
-1.1623
-0.0491078
-0.000569784
-0.0580517
-0.0729312
-0.0879039
-0.0208935
0
-2.77556e-17
-0.0283371
-0.192575
-0.0161529
-0.005004
-0.0148057
-0.000355123
0
-0.00042303
-0.000151747
-0.000303253
-0.0150512
-0.0961985
-0.000357067
-0.149651
-0.0536918
-0.0288173
-0.0496966
-1.35664
-0.16367
-0.050777
-0.00878753
-0.0291602
-0.0126377
-0.00193074
0
-0.00171359
-0.000358228
0
-0.162309
-1.44278
-0.0290331
-0.155263
-0.0211882
-0.0141237
-0.00107252
-0.00160985
-0.00109083
-0
-0.154792
-0.0111282
-0.0644404
-1.94287
-0.158491
-0.000303065
-0.153861
-0.168476
-0.199739
-0.0112463
-0.184766
-0.163673
-0.10711
-0.382677
-0.000200724
-1.46456
-0.00649224
-0.000380623
-0.169866
-0.910786
-0.000355346
-0.0193441
-0.178955
-0.00118754
-0.170289
-0.863229
-0.000295044
-0.207222
-0.00684326
-0.187275
-0.00185741
-0.0524597
-0.00223971
-0.000349889
-0.00177125
-0.145481
-1.03205
-1.91402
-0.00331158
-0.0173515
-1.94035
-0.0707841
-0.000260404
-0.636267
-0.682621
-0.0614821
-0.00259351
-0.000366949
0
-0.000463365
-0.00655246
-0.142927
-0
-0.287141
-0.180503
-0.144171
-0.00148702
-0.245814
-0.000337897
-0.00896548
-0.0363542
-0.000325251
-0.00473478
-0.00575347
-0.00033573
-0.00516146
-0.146815
-0.0426254
-0.000388174
-0.894598
-0.0462518
-1.41114
-1.11295
-0.18356
-1.11994
-0.00624111
-0.217616
-0.100782
-0.000482901
-1.93338
-0.00148889
-0.149872
-0.517348
-0.000283951
-0.00261522
-0.11766
-0.877792
-0.000439002
-0.21904
-0.0173677
-1.71876
-0.00855088
-0.00030156
-0.000488703
-0.000322232
-0.0571025
-0.000168547
-0.00157533
-0.804095
-0.167805
-0.00325568
-0.000234222
-0.00460052
-0.112418
-2.77556e-17
-0.0337599
-0.274169
-0.00124277
-0.799476
-1.70059
-0.0727961
0
-0.157399
-0.0640701
-1.95232
-0.0003657
-0.0149452
-0.00240477
-0.289897
-1.47451
-0.00489557
-0.000286202
-0.00233165
-1.94037
0
-0.000334076
-0.284763
-0.307404
-0.00030567
-0.0441188
-0.000397638
-0.585441
-0.0026315
-0.326236
-0.104657
-0.000409023
-0.000443187
-0.00148441
-0.000378847
-1.84109
-0.105711
-1.24475
-0.000243291
-1.28095
-0
-0.0206882
-0.000359297
-0.0036039
-0.000143157
-1.30608
-0.628447
-0.000178078
-0.000487866
-0.000285721
-1.15697
-1.37875
-1.39812
-0.361388
2.77556e-17
-0.25093
-0.671539
-0.321015
-1.79914
-0.0367415
-0.000224905
-0.0296143
-1.13746
-1.9492
-0.000311762
-0.000394503
-0.0272799
-0.000341437
-0.000359404
-1.89681
-1.87216
-1.34552
-0.00024452
-1.81155
-1.35034
0
-0.0277429
-0.00024452
-0.759804
-0.000286593
-0.00255553
-1.80005
-1.35971
-0.168857
-0.472126
-0.0024609
-1.91466
-1.95546
0
-0.000342561
-0.000316451
-0.767418
-1.39461
-1.33096
-1.40318
-0.045108
-0.236557
-0
-0.827281
-1.29465
-0.000804193
-0.659731
-1.74415
-0.865321
-1.656
-0.000294862
-0.569818
-1.65578
-1.76975
-0.000310788
-1.32367
-0.0144157
-0
-1.88462
-1.47012
-0.824028
-1.07372
-0.680028
-0.852932
-1.82749
-1.06708
-0.818185
-0.856011
-1.85787
-0.0189138
-0.405138
-1.64308
-1.19133
-1.53669
-1.23209
-1.84345
-1.52359
-0.202512
-1.19311
-1.47937
-1.6439
-1.09427
-0.848337
-0.657425
-0.000289104
-0.718647
-1.51722
-1.55896
-1.55903
-0.884634
0
-1.66578
-1.0326
-0.00112603
-0.000198779
-0.894744
-1.76295
-1.8637
-1.74128
-1.11396
-0.000287147
-0.399391
-0.642
-1.93398
-0.588002
-0
-1.46368
-0.901765
-0.51302
-0.394363
-0.77956
-0.000408156
-1.59486
-1.8876
-0.00660867
-1.05185
-0.456782
-1.79893
-0.550753
-0.569029
-0.446653
-0.618786
-0
-1.21449
-0.641161
-1.57332
-0.630442
-0.603375
-1.50287
-0.000371788
-0.741015
-0.531399
-0.546074
-0.000404948
-0.61143
-0.779428
-0.000299364
-1.93873
-1.14933
-0.00130165
-0.000380568
0
-0.000487389
-0.000295669
-1.07504
-0.654004
-0.0162509
-0.463945
-3.92523e-17
-0.00988859
-0.477024
-1.83729
-0.000332787
-0.00445841
-1.66845
-0.00374086
-0.00314391
-1.57253
-0.00342388
-0.444671
-0.00360686
-0.000393491
-1.42572
-1.35403
-1.8827
-0.00316667
-1.78283
-1.22034
-0.000148922
-1.78433
-0.000339656
-0.034478
-1.78748
-1.0356
-0.0325423
-0.000992203
-1.92291
-0
-1.91269
-0.0386153
-1.95477
-0.000798078
-0.000342703
-1.5098
-0.0270939
-1.16016
-1.90291
-0.000434536
-1.63894
-0.000203803
-0.00355559
-0.0352194
-0.000368469
-0.00019146
0
-0.000164133
-0.000242246
-1.76345
-1.91394
-0.000271944
-0
-0.000730178
-0.000944698
-1.86349
-0.000430126
-1.8224
-0.00585715
-0.00275002
-1.76742
-1.64611
-1.04778
-0
-0.000162983
-1.58367
-0.000245377
-0.196238
-0.834535
-1.94481
-0.00501276
-0.000267557
-1.5242
-0.000382299
-1.29393
-0.00721058
-0.000364762
-1.57496
-1.64676
-0.000253759
-1.60831
-0.000295834
-0.00129585
-0.000835658
-0.436825
-0.00247787
-0.00255302
-0.000253367
-1.74279
-0.000377069
-1.39072
-1.67673
-0.0024077
-0.000366066
-1.0488
-0.000606466
-1.69318
-1.43405
-1.75289
-1.53916
-0.000325207
0
-1.37031
-1.60059
-1.65449
-0.804307
-0.000847494
-1.71844
-0.0404319
-1.2567
-0.00638393
-0.000491429
-0.00692003
-0.000370842
-0.000245122
-0.00416715
-0.000338994
-1.8332
-0.000447669
-0.000268116
0
-1.45658
-1.58398
-2.77556e-17
-0.395838
-0.000433789
-1.21667
-0.000552573
0
-0.000323657
-0.0362208
-0.000820032
-1.88734
-0.000248429
2.77556e-17
-0.460008
-0.000285368
-0.0268784
-0.000396404
-0.000310707
-0.000392081
-1.01111
-0.0234967
-0.000275732
-1.92518
-0.0142123
-0.9341
-1.31693
-0.103493
-0.000250167
-0.685519
-0.215366
-1.05037
-0.00542643
-0.0300848
-0.000351033
-0
-0.000322317
-0.357754
-1.34564
0
-0.000492837
-0.000823776
-0.0072405
-1.093
-0.0003138
-0.94818
-0.0315637
-0.000482739
-0.955926
-0.799126
-0.000349265
0
-0.000248761
-1.25494
-1.10951
-0.878093
-0.121853
-0.000578235
-0.927403
-0.907889
-0.000249523
-1.12737
-0.000238461
-1.04577
-1.29731
-0.853202
-0.719487
-0.00217623
-0.000704269
-0.000653673
-0.000272383
-0.000584666
-0.000789271
-0.000334717
-0.00790802
-0.811385
-0.750994
-0.844112
-0.000902084
-0.92456
-0.000302312
-0.954737
-0.734593
-0.000777429
-0.00078446
-0.246726
-1.23504
-0.0722618
-0.00117638
-1.71558
-0.000317279
-0.914589
-0.000323886
-0.754595
-0.767766
-0.000878005
-0.000403421
-0.000699102
-0.000362867
-0.00791874
-0.000599067
-0.22755
-0.00812622
-0.000439497
-1.28107
-0.596663
-0.000673964
-0.0915906
-0.000411795
-0.569672
-0.716533
2.77556e-17
-0.000472664
-0.604754
-0.789651
-0.000893515
-0.960141
-1.14567
-0.00094203
-0.000320329
-0.00712384
-0.723681
-0.000267162
-0.000460435
-0.367808
-0.000885495
-0.0530935
-0.000491292
-0.00040105
-0.00103898
-0.000934596
-0.000339164
-0.000736638
-0.00793618
-0.0006576
-0.00993973
-0.0297413
-0.000662788
-0.000744218
-0.000355799
-0.000263317
-0.190048
-1.94946
-0.000671042
-0.880556
-0.000779302
-0.000713437
-0.467247
-0.0149067
-0.564447
-0.000944142
-0.0926598
-1.37399
-0.000913805
-0.82702
-0.000921744
-0.0003385
-0.000525284
-0.000809505
-0.000770155
-0.00142943
-0.000924422
-0.0204326
-0.761245
-0.000809418
-0.0555633
-0.00791418
-0.0010735
-0.000353081
-0.527339
-0.426186
-0.0010362
-0.0213383
-0.000845397
-0.00071519
-0.190251
-0.0696796
-0.206893
-0.00029198
-0.000378244
-0.301311
-0.000605005
-1.61773
-0.180081
-0.392347
-0.890476
-0.0122395
-0.000378828
-0.000335936
-0.65047
-0.293617
-0.665889
-0.0432953
-0.0237518
-0.000784346
-0.000443091
-0.0367454
-0.266013
-0.00110436
-0.000766447
-0.00757664
-0.000617587
-0.000434154
-0.000563421
-0.000627141
-0.212702
-0.000900738
-0.000311003
-0.000727746
-0.0334969
-0.000733209
-0.1891
-0.0430941
-0.272599
-0.000610042
-0.000858728
-0.000804209
-0.000776358
-0.000790042
-0.000769287
-0.312918
-0.0123148
-1.29475
-1.95028
-0.000886043
-0.000665281
-0.020697
-0.000233747
-0.247218
-0.000369958
-0.000537186
-0.000888988
-0.000869319
-0.183226
-0.117098
-0.0478931
-0.264183
-0.00163317
-0.000563804
-0.0302022
-0.000764264
-0.00545107
-0.000454405
-0.0225369
-0.00107347
-0.139895
-0.000541138
-0.261191
-0.166476
-0.242029
-0.401529
-0.000689679
-0.000730164
-1.69138
-0.159538
-0.000444871
-0.000791036
-0.000591921
-0.000526542
0
-0.000612871
-0.00551044
-0.000726967
-0.000882661
-0.000640657
-0.00429141
-0.0976255
-0.010179
-0.174726
-0.00665669
-0.010436
-0.000266635
-0.0367974
-0
-0.000567477
-0.0132575
-0.000726658
-0.155542
-0.0085601
-0.00973202
-0.00493678
-0.00105237
-1.88381
-0.245141
-0.0160128
-0.0385503
-0.00089092
-0.0260271
-1.31221
-0.373723
-0.0239487
-0.0106378
-0.000399468
-0.000354049
-0.000728503
-0.000260934
-0.106644
-0.0126072
-0.0236454
0
-0.000267361
-0.348576
-0.000323205
-0.000732228
-0.0217908
-0.000276298
-0.158231
-0.983823
-0.00395229
-0.548204
-0
-0.00970341
-0.0743138
-0.282165
-0.179048
-0.017071
-1.94325
-0.0179269
-0.000244954
-0
-0.799806
-0.298439
-0.948151
-0.0115172
-0.0776411
-0.000309231
-0.0308271
-0.145243
-0.071855
-0.0878538
-0.000313697
-1.79625
-0.000244954
-0.124148
-0.107137
-0.000281586
-0.0133562
-1.01972
-0.0523361
-1.41601
-0.0419636
-0.0278649
-0.00183901
-0
-0.0597622
-0.188801
-0.000235181
-0.000906501
-0.980963
-0.137546
-1.85746
-0.314623
-0.111217
-0.238647
-0.0540903
-0.0613825
-0.105571
-0.0172328
-0.109926
-0.153627
-0.022257
-0.293679
-0.00755198
-0.458483
-0.0214038
-0.020365
-0.958
-1.86972
-0.000329668
-0.000330987
-0.132495
-0.00114471
-0.0002398
-0.00656426
-0.169903
-0.501639
-0.000363483
-0.0445985
-0.000383915
-0.00554947
-0.0116323
-0.00033413
-0.0791904
-0.0808087
-0.000602621
-0
-0.000551083
-0.0231942
-0.0334202
-0.0158845
-0.0108456
-0.00074813
-0.14771
-0.0287887
-0.000360803
-0.011998
-0.000310731
-0.00188442
-0.329436
-0.0260977
-0.100012
-0.00067791
-0.330835
-1.95484
-0.000355144
-0.0964788
-0.132281
-0.261321
-0.0139361
-0.00573833
-0.0197123
-0.119437
-0.0429098
-0.0054746
-0.0287234
-0.00779519
-0.0227006
-0.0253078
-0.0193628
-1.90188
-0.0108511
-0.000352174
-0.121496
-1.22685
-0.000231779
-1.71205
-0.000306826
-0.209621
-0.0647606
-0.00134894
2.77556e-17
-0.000913888
-0.0149711
-0.0114162
-0.102783
-0.0777803
-1.67306
-0.000367886
-0.192064
-0.14256
-0.0195787
-0.0283164
-0.0356614
-0.0391037
-0.0272571
-0.0728977
-0.0161601
-1.87658
-0.144402
-1.13441
-0.134629
-0.12413
-0.0130798
-0.207685
-0.0114761
-0.049499
-0.0152028
-0.027091
-0.0328328
-0.0012988
-0.000287301
-0.00516497
-0.565649
-0
-1.4285
-0.000248303
-0.120227
-0.000189058
-0.0167369
-0.195688
-0.000205441
-0.270238
-1.94171
-0.0144882
-1.41134
-0.0418123
-0.0555022
-0.0050097
-0.013089
-0.258254
0
-1.13671
-0.0118221
-0.00732011
-0.000223778
-0.0502
-0.0200666
-0.00671824
-0.000600796
0
-0.223023
-0.0575772
-0.000415951
-0.0894578
-0.000293617
-0.0733357
-0.00815597
-0.0278352
-0.031556
-0.00740884
-1.18691
-0.000904242
-0.469524
-0.0216539
-0.0195816
-0.00431434
-0.150222
-0.0550223
-0.00499858
-0.161021
-0.0144939
-0.0584658
-0.0115545
-0.091434
-0.00118557
-0.677289
-0.161582
-0.00187303
-0.0555378
-0.133487
0
-1.72724
-0.011008
-0.000303786
-0.0127918
-1.31403
-0.00415521
-0.000189374
-0.00324136
-0.434179
-1.42876
-0.0113266
-0.194153
-0.00179161
-0.0372435
-0.150389
-1.93647
-0.223045
-0.00135696
-0.000368791
-0.0205488
-0.00432958
-0.00552409
-0.0059767
-0.00230039
-0.00941551
-0.000544069
-0.73273
-0.00730421
-0.00988035
-0.0341328
-0.198288
-0.0100349
0
-0.0015493
-0.188373
-0.221743
-0.000509341
-0.000189004
-0.0141432
-0.126069
-0.011581
-0.000448724
-0.00030073
-0.141268
-0.00176953
-1.17031
-1.23405
-0.0339153
-0.00784679
0
-0.47625
-0.0260895
-0.015648
-0.0193378
-0.00576789
-1.17767
-0.358294
-1.16685
-1.43587
-1.09286
-0.0138071
-0.00751918
-0.0228205
-0.00090167
-0.00604775
-0.00294288
-0.0401843
-0.000330905
-0.126069
-0.514283
-0.000419812
-0.117583
-0.015357
-0.132873
-0.0239219
-0.00030073
-0.0365379
-0.00848769
-0.00241933
-0.00033688
-0.00165559
-0.0650635
-1.9604
-0.01897
-0.00495569
-0.000542267
-0.0991637
-0.0183912
-0.0126702
-1.26179
-0.0101859
-0.0156059
-1.92593
-0.199663
-0.00408033
-0.281233
-0.695648
-0.0397836
-0.0192268
-0.0195297
-0.000372104
-0.120407
-1.93469
-0.00705209
-0.000348378
-0.00166392
-1.45408
-0.000389963
-0.00187332
-1.57077
-0.00213019
-0.118711
-0.00203469
-0.0109853
-0.688044
-0.149766
-0.0015297
-0.00361724
-0.079715
-0.129749
-0.332355
-0.000202907
-1.55626
-0.835975
-1.49332
-0.400188
-0.167807
-0.0379081
-1.63838
-0.000321659
-0.0861726
-0.925513
-0.000222573
-0.975079
-0.0433969
-0.0914471
-1.03771
-1.62915
-0.0347351
-0.0614669
-0.240689
-1.37708
-0
-0.327507
-0.0555546
-0.498967
-1.93388
-0.183924
-0.00637512
-0.0105604
-0.00482181
-2.77556e-17
-0.000295869
-0.00151306
-0.302326
-0.0334057
-0.0064906
-0.000210481
-0.0647975
-0.122062
-0.0135788
-1.8201
-0.0617418
-0.0320394
-0.0370528
-0.144144
-0.000193955
-0.000406591
-0.152888
-1.91272
-0.548487
-0.000637829
-0.00469215
-1.51509
-0.0134691
-1.34609
-0.0401267
-0.0378089
-1.80586
-0.0588465
0
-0.208963
-0.0122982
-0.00186542
-0.152648
-0.0130823
-0.00858996
-0.0005789
-0.950068
-1.28831
-0.00134762
-0.709189
-0.000757955
-1.72414
-0.00142188
-0.00049987
-0.000384307
-0.115733
-0.28812
-0.00174115
-0.639214
-0.0207536
-0.000562128
-0.145651
-0.0369901
-0.191119
-0.00896681
-1.68536
-0.378477
-0.00238014
-0.0417308
-0.00157278
-0.0188413
-0.00115052
-1.59626
-0.796828
-0.0499093
-0.00489597
-1.05591
-1.61942
-0.231239
-0.00172829
-0.0799689
-0.00471579
-0.232032
-0.119495
-0.000585874
-0.00163363
-0.672099
-0.335944
-0.0146398
-1.77143
-0.00149213
-1.61471
-0.031894
-1.42569
0
-0.00182918
-0.00372236
-0.000845846
-0.0677105
-0.00053595
-0.00151382
-0.000338673
-0.027126
-0.00195582
-1.7801
-0.985263
-0.525321
-0.00164696
-0.00622673
-0.164463
-0.00337213
-0.0194229
-0.000177532
-0.000539713
-0.00052235
-0.0114808
-1.73456
-0.0119128
-0.00199251
-0.0530374
-0.0162212
-1.46056
-0.016695
-0.00898751
-0.00379891
-0.00530386
-0.0512241
-0.000336282
-0.00540233
-0.000351912
-0.000803095
-0.000318138
0
-0.00849872
-0
-0.085265
-0.000605988
-1.29997
-0.00431481
-0.0223913
-1.90866
-0.422265
-0.0158542
-1.9563
-1.11206
-0.106713
-0.00170981
-0.280629
-0.00080368
-0.146374
-0.167779
-0.96065
-1.95748
-0.000500272
-0.0180346
-0.158351
-0.000196786
-1.0335
-1.0115
-0.00197401
-0.0396047
-0.0148843
-0.0851949
-0
-0.123257
-0.00182053
-0.251788
-1.06393
-1.95972
-0.185579
-0.00503864
-0.000667624
-0.816487
-0.00348621
-0.459341
-0.0182965
-0.0143137
-0.122979
-0.0734052
-0.208055
-0.12096
-0.174456
-1.23923
-0.00180963
-0.926085
-0.60714
-0.0325636
-0.0592978
-0.0400353
-0.208435
-0.00390411
-0.104154
-0.00187198
-0.000691804
-0.000307728
-0.0508727
-1.50501
-1.7043
-0.0993548
-0.0838822
-0.558043
-0
-0.134961
-0.346493
-0.0699937
-0.000589062
-0.0497207
-1.2146
-1.93333
-1.94603
-0.0101819
-0.0138965
-0.158896
-0.128322
0
-0.00412512
-0.0016527
-0.189851
-1.10468
-0.000600391
-0.00167223
-1.60584
-0.000286777
-0.2364
-0.120067
-0.155441
-0.0139613
-0.794261
-0.0542151
-0.0346111
-0.188906
-0.0162325
-0.211974
-0.0824983
-0.00163711
-0.193397
-1.19704
-0.00576063
-0.13097
-1.84471
-0.00136472
-0.0960698
-0.440991
-0.000303587
-0.0443195
-1.94295
-0.00152275
-0.00639766
-0.000665479
-0.000184614
-0.00424251
-0.155179
-0.146736
-1.21715
-0.0136152
-0.000787675
-1.7161
-0.157739
-0.0360096
-0.0531153
-1.63162
-0.0410453
-0.133582
2.77556e-17
-0.00172602
-0.0282142
-1.01046
-1.07807
-0.229277
-0.00333598
-0.129486
-0.00089742
-0.0327748
-0.0016399
-0.0660255
-0.0102373
-0.000330568
-0.19643
-0.0129566
-0.0228637
-0.00193589
-1.01916
-0.138468
-0.000626013
-0.11149
-0.0138885
-0.247975
-0.016475
-1.89236
-0.0021837
-1.65024
-0.00384441
-0.049698
-0.00193961
-0.000393546
-0.00185085
-0.000148922
-0.000957069
-0.00654727
-0.00163924
-1.44487
-0.0481173
-0.0360893
-1.78159
-0.020139
-0.000685608
-0.136519
-0.135319
-0.000783553
-1.94438
-0.000589463
-0.151453
-0.253311
-1.54789
-0.0816882
-0.000177235
-0.89296
-0.00253245
-0.0016615
-1.71662
-0.00237262
-0.0680717
-0.000429301
-0.0253591
-0.00083303
-1.08515
-0.227552
-0.230354
-0.00142886
-0.236065
-0.620499
-0.000730815
-0.000695005
-0.0176225
-0.00310959
-1.86014
-0.0802435
-0.378693
-0.162461
-0.000584384
-0.146867
-0.0465222
-0.212704
-1.17387
-1.63056
-1.84694
-1.76025
-0.640809
-0.147828
-0.00332327
-0.00151669
-0.0403729
-0.0369138
-0.021906
-0.751362
-0.986094
-0.0232731
-0.179802
-0.0127233
-0.390943
-0.85062
-0.650403
-0.0461793
-0.154486
-0.169918
-1.48148
-1.16301
-0.0441505
-0.915689
-0.415189
-0.000662938
-0.0416463
-0.0143088
-0.898043
-0.18258
-0.0459979
-0.122476
-0.00149394
-0.000427553
-0.00177682
-0.00854413
-0.340608
-0.00162185
-0.00593708
-0.000629587
-1.26388
-0.00065367
-0.0112337
-0.131964
-0.0300017
-0.00688735
-0.00099566
-1.0568
-1.59477
-0.220396
-0.26006
-0.357334
-0.0123082
-1.5917
-1.93713
-0.00598256
-0.00151101
-0.0743449
-0.136993
-0.00613521
-1.56585
-0.0654556
-1.95178
-1.50149
-0.00550847
-0.00472452
-0.00158423
-0.707436
-0.00515577
-0.000667536
-0.564841
-0.0706389
-0.0220649
-0.483975
-1.95424
-0.00323592
-0.00153253
-0.00698365
-0.678023
-0.957284
-0.124707
-0.0925877
-0.000184088
-1.78122
-0.211609
-0.874495
-0.0168515
-0.0159784
-0.0514227
-1.04152
-1.29279
-0.00189554
-0.188224
-0.0268381
-0.0165942
-0.0158487
-0.0138927
-0.0206559
-0.170776
-0.00169031
-0.111753
-0.148561
-0.191507
-0.0513171
-1.40383
-0.008314
-0.0200936
-0.000181701
-0.70415
-0.0492235
-0.102186
-0.000427852
-0.136886
-0.0572631
-0.0827704
0
-0.741151
-0.00155135
-1.5321
-1.66773
-0.019871
-0.00160844
-3.92523e-17
-0.591702
-0.0844109
-1.33558
-0.00979739
-0.00127986
-0.0126071
-0.876223
-0.0599574
-0.161055
-0.0321889
-0.00158606
-0.00161055
-1.4376
-0.00039251
-0.0116109
-0.0304121
-0.0112841
-0.0573222
-0.0372314
-0.00128364
-0.0222171
-0.0619228
-1.69481
-0.046174
-0.00169815
-0.0633424
-0.63828
-0.0160351
-0.975809
-0.0145106
-0.751723
-0.00116602
-0.0758573
-0.00144885
-0.00549842
-0.0631515
-0.0223833
-0.00663614
-0.145359
-0.525266
-0.610226
-0.001802
-0.00165624
-0.00177611
-0.00143659
-0.773729
-0.000904969
-1.54832
-0.334193
-0.0161971
-0.194617
-1.9182
-1.83289
-0.130613
-0.997445
-0.0259465
-1.92843
-0.00159502
-0.00329042
-0.104889
-0.00383047
-0.0280893
-0.114118
-0.00906912
-0.00159973
-0.0706328
-0.0163626
-0.0924437
-0.000186752
-0.00413135
-0.00336078
-1.34404
-0.000771988
-0.0106696
-0.0840694
-0.0225096
-0.0308225
-0.00155655
-0.00162011
0
-0.0333574
-0.594853
-1.47655
-0.000199713
-0.0524252
-0.00159602
-1.8867
-1.71964
-0.00171175
-0.00362117
-0.0195223
-0.162646
-0.0016368
-0.00740201
-0.205991
-0.0016736
-0.00386592
-0.0639637
-1.91619
-1.32729
-0.140178
2.77556e-17
-0.307035
-0.000575005
-0.0750855
-0.00148462
-0.0866228
-0.00659826
-0.00860659
-0.0259345
-0.0365692
-0.150241
-0.0300685
-0.439243
-0.0016559
-0.363152
-0.00155618
-0.0122776
-0.0717929
-0.00152586
-0.00153159
-0.00798863
-0.00187502
-0.000601413
-0.00157001
-0.0174857
-0.000241855
-0.0263883
-0.00162374
-0.281778
-0.0198049
-0.0155022
-0.00150212
-0.154604
-0.232595
-0.025559
-0.714231
-0.0709375
-0.012362
-0.0838692
-1.44386
-0.00710926
-0.00794901
-0.0849236
-0.135426
-1.5595
-0
-0.0461555
-0.00296927
-0.063532
-0.00200403
-0.0217234
-0.008095
-0.000202878
-0.814495
-0.287344
-0.118064
-0.00173589
-0.225991
-0.122049
-0.202154
-0.0272141
-0.00380917
-0.00924855
-1.95922
-0.0482662
-0.0218294
-0.0171423
-0.0011623
-0.466909
-0.000208814
-0.0106996
-0.0129645
-1.42265
-0.0019336
-0.0127291
-0.0369986
-0.412477
-0.010205
-0.0124196
-0.00319159
-0.144349
-0.0023657
-0.0121915
-0.0547445
-0.00145385
-0.0756089
-1.79055
-0.000320593
-1.31212
-0.0986127
-0.0453366
-0.415619
-0.0200742
-0.406197
-0.166529
-0.000553136
-0.000338773
-0.181895
-0.0319695
-0.0290309
-0.134336
-0.00151454
-0.000573913
-0.0126598
-0.000748345
-0.000241016
-0.0645607
-0.0789004
-0.00334039
-0.00151359
-0.0230955
-0.993612
-0.0020203
-0.0420198
-0.00114349
-0.00319865
-0.0514279
-0.145313
-0.134866
-0.00637965
-0.00157063
-0.00310646
-0.022997
-0.390197
-0.0205753
-0.0672638
-0.000928716
-0.000380715
-0.000383886
-0.00331695
-0.000757559
-0.0015186
-0.566849
-0.000708495
-0.000830803
-0.00713519
-0.0351123
-0.0179743
-0.00696723
-0.77723
-0.00074935
-0.0039619
-0.0169587
-0.000723035
-0.27285
-0.00966965
-0.0136867
-0.0859602
-0.00137909
-1.2273
-0.028403
-0.00159144
-1.89371
-0.00024197
-0.000413826
-0.00174107
-1.13779
-0.00876282
-0.548064
-1.15324
-0.0305159
-0.0233774
-0.0386536
-0.0227867
-0.0841673
-0.540205
-0.000573769
-1.61365
-0.00018498
-0.00165016
-0.564553
-0.125149
-1.85068
-0.00219094
-0.0840537
-0.000217159
-0.00577634
-1.81338
-1.93785
-0.000675811
-0.000501842
-0.00325363
-0.00174258
-0.185684
-0.00186323
-0.0717403
-0.104922
-0.0902103
-0.430706
-0.14083
-0.000227608
-1.12531
-0.0604225
-0.220673
-0.0108724
-0.005501
-0.000550405
-0.435333
-0.111705
-0.0529951
-1.6875
-1.37555
-0.0353184
-0.513361
-0.0425126
-0.0236273
-0.000290733
-0.00139893
-0.000490989
-0.0108577
2.77556e-17
-0.00150487
-0.160959
-0.0233477
-0.09848
-0.017364
-0.0282493
-0.332455
-0.728616
-0.00121415
-0.0100617
-0.000839704
-0.00152633
-0.0304065
-1.95582
-1.20601
-0.0363243
-0.118509
-1.13563
-0.0988186
-0.0257036
-0.00323572
-1.95444
-0.000199069
-0.500232
-0.917471
-0.141381
-0.121388
-0.0015419
-0.000974197
-0.0951971
-0.123097
-0.938207
-0.263502
-0.00780186
-0.0847384
-0.876984
-0.0416545
-0.0936839
-0.0104002
-0.103849
-0.02961
-0.00166373
-0.0674483
-0.00153195
-0.228459
-1.10631
-0.0822424
-0.120192
-0.00407036
-0.00665122
-0.00324385
-1.94935
-1.34503
-0.164422
-0.240929
-0.0449753
-0.00389633
-0.0119112
-0.150195
-1.95849
-1.17691
-0.763212
-0.0487805
-0.519593
-0.148127
-0.164558
-0.140932
-0.00668807
-0.00522357
-0.00662907
-0.0936871
-0.0033579
-0.0171302
-0.0264567
-0.20988
-0.00145862
-0.00166578
-0.0481666
-0.00127674
-0.202205
-0.374665
-0.17136
-1.68539
-0.00162602
-0.194242
-0.507271
-1.2956
-0.390102
-0.914345
-0.00132967
-0.745002
-0.0875539
-0.468253
-1.95912
-0.145319
-0.016655
-0.218689
-0.00151485
-0.219123
-1.45153
-0.00306073
-0.104804
-0.0594958
-1.95091
-0.188647
-0.177816
-1.94022
-0.200553
-0.112524
-0.0014861
-1.9334
-0.139869
-0.0443149
-0.601106
-0.379443
-0.373403
-0.418342
-0.0914785
-1.08478
-0.0406793
-0.00165743
-1.89551
-0.0901153
-0.0324946
-1.0759
-1.26887
-0.0256111
-0
-0.224093
-1.70558
-0.00515366
-1.02205
-0.0156223
-0.00258007
-1.33026
-0.146837
-0.000450898
-0.99328
-0.00899726
-1.91756
-1.50776
-0.017061
-1.12593
-0.121954
-0.051481
-1.52798
-0.00597503
-0.0885808
-1.9607
-0.168043
-0.00686375
-0.139185
-1.35131
-0.00380947
-0.00149892
-0.00632511
-1.235
-1.2565
-1.39227
-0.0150377
-0.00659911
-1.17952
-0.0619576
-0.668616
-1.24047
-1.65354
-1.92404
-0.203539
-0.00534122
-0.0140365
-0.000364996
-0.0876573
-0.69077
-1.94468
-1.62512
-1.26419
-0.0150904
-0.176012
-0.0264188
-0.00144424
-0.00237163
-0.00143143
-0.225271
-0.0445216
-1.51385
-0.0215584
-1.2739
-0.0571165
-1.47103
-0.0247741
-0.0386227
-1.42939
-1.52957
-0.00095003
-1.52185
-0.000415478
-0.122434
-0.00145991
-1.3383
-0.000470142
-1.80641
-0.16024
-1.93874
-0.175508
-0.141827
-1.67275
-0.000242316
-0.137361
-0.00238001
-0.0707696
-0.0118595
-0.581618
-0.126864
-0.0626171
-0.677115
-0.242581
-0.000438686
-0.0864839
-0.634143
-0.0216378
-0.693604
-0.527743
-0.0132459
-0.320006
-0.168339
-0.62753
-0.620313
-0.336794
-0.704465
-0.0740886
-0.887227
-0.00119906
-0.0299681
-0.0185133
-0.63182
-0.040537
-0.00561083
-0.00149727
-0.000536848
-0.00441402
-0.187271
-0.0111581
-1.36823
-0.0115418
-0.178481
-0.00149087
-0.0263599
-0.444165
-0.0922294
-0.156021
-0.0889302
-0.000822376
-1.73092
-0.00377285
-0.280537
-0.198625
-0.274825
-1.83651
-1.06803
-0.00151394
-0.0466983
-0.000867382
-0.00104547
-0.000799073
-1.39438
-1.09411
-0.0469417
-0.023961
-0.0442751
-0.26013
-0.177474
-1.84169
-0.313913
-0.226501
-0.122377
-0.00193838
-0.00136332
-0.0721813
-0.000436213
-0.000474879
-0.000841035
-0.0523064
-1.00233
-0.538673
-0.278159
-0.000743267
-0.213566
-0.557446
-0.000760177
-0.16024
-0.00085461
-0.584295
-0.00153897
-0.22193
-0.0441983
-0.0185179
-1.38285
-0.0286457
-0.0298058
-0.220043
-0.347471
-0.290096
-0.000556462
-0.000619088
-0.173214
-0.160951
-0.000244762
-0.198011
-0.172854
-0.431525
-0.291527
-0.000420018
-0.668607
-0.000813421
0
-0.0285139
-0.000454694
-0.000289616
-0.000373173
-0
-0.000336001
-0.000190266
0
-0.00103311
-0.000496654
-0
-0.00017579
-0.000202417
-1.95285
0
-1.9532
-0.000231852
-0.00107482
-0.00121913
-0.000828545
-1.5421
-0.0496642
-0.00126816
-0.0522782
-0.000447211
-0.000837841
-0.00106733
-0.000656021
-0.000900406
-0.000903584
-0.000339555
-0.000658911
-0.000844183
-0.00112052
-0.000360507
-0.000782108
-0.000848064
-0.000818479
-0.000685757
-0.000743832
-0.00712402
-0.000615207
-0.228092
-0.0738198
-0.00832722
-0.000852364
-0.000994981
-0.00106817
-0.970536
-0.00061067
-0.000641771
-0.000593082
-0.000837793
-0.000766431
-0.00069107
-0.000935327
-0.0120372
-0.0811617
-0.00114593
-0.000813323
-0.000786176
-0.0823785
-0.000897734
-0.000903432
-0.00054809
-0.000722963
-0.000990263
-0.00112097
-0.00056813
-0.000679989
-0.000752569
-0.000919033
-0.000914383
-0.000617672
2.77556e-17
-0.00119873
-0.000884861
-0.0010101
-0.000680539
-0.000761037
-0.000833633
-0.00188585
-0.000852459
-0.000854506
-0.000640584
-0.000833348
-0.000604817
-0.00112175
-0.000602807
-0.00101262
-0.000803722
-0.000946138
-0.000716877
-0.00100445
-0.000616352
-0.000710153
-0.00097969
-0.00124518
-0.00124645
-0.00114009
-0.000611399
-0.000813065
-0.000876414
-0.00068678
-0.00129275
-0.000720756
-0.000723015
-0.012134
-0.000760173
-0.0520474
-0.395168
-0.000874186
-0.000781786
-0.000998893
-0.000789056
-0.00113637
-0.000923176
-0.000924011
-0.000978943
-0.000790459
-0.00101344
-0.00098407
-0.0009314
-0.00473766
-0.001175
-0.00116786
-0.000324075
-0.000684186
-0.00113499
-1.46551
-0.0010167
-0.000641121
-0.0122651
-0.00225087
-0.000626224
-0.00110178
-0.000718434
-0.000863812
-0.00102551
-0.00128079
-0.00155429
-0.00092138
-0.00058354
-0.00221647
-0.000644944
-0.000858762
-0.000832786
-0.000633904
-0.00082619
-0.000705541
-0.0556759
-0.0479102
-0.00101326
-0.0436737
-0.0100239
-0.000770745
-0.00112021
-0.00123774
-0.000524297
-0.00155641
-0.0300254
-0.0405431
-0.000745756
-0.00059493
-0.00090179
-0.000889509
-0.000880485
-0.00122123
-0.00117606
-0.000803608
-0.0011288
-0.000829726
-0.000727482
-0.000575913
-0.00978141
-0.000756509
-0.00469653
-0.00214379
-0.000653266
-0.000584573
-0.000435121
-0.00101887
-0.000738876
-0.00103684
-0.00421877
-0.000824311
-0.000752482
-0.000873064
-0.0210825
-0.000864249
-0.000839185
-0.0323375
-0.101808
-0.0109784
-0.00104512
-0.0010978
-0.0045255
-0.000878069
-0.000787888
-0.0208603
-0.000719717
-0.00166777
-0.000633636
-0.00706563
-0.11224
-0.0435743
-0.0449435
-0.00648062
-0.00943703
-0.00864871
-0.00701568
-0.0010527
-0.0276962
-0.020867
-0.000407386
-0.0234504
-0.000730328
-0.0013908
-0.000998132
-0.000943397
-0.0195377
-0.00763697
-0.0100203
-0.00107474
-0.0103595
-0.00122549
-0.00173807
-0.0010772
-0.00649144
-0.00121717
-0.000960296
-0.00408464
-0.000655235
-0.00113533
-0.00113188
-0.00111442
-0.00201003
-0.000856771
-0.00515807
-0.000413367
-0.00680842
-0.0068166
-0.0461349
-0.000648032
-0.0024076
-0.00335796
-0.00526608
-1.81626
-0.00268838
-0.0513997
-0.00369217
-0.0192771
-0.00265381
-0.00194908
-0.00202787
-0.00209056
-0.0294194
-0.00336678
-0.00758144
-0.00352326
-0.00694702
-0.0040257
-0.00368691
-0.00509451
-0.00607585
-0.00805742
-0.0011077
-0.00672651
-0.00543201
-0.00335783
-0.0343751
-0.0332141
-0.0285912
-0.757721
-0.00310543
-0.00974171
-0.0289056
-0.0288398
-0.0325486
-0.0311632
-0.0293119
-0.0341562
-0.00519935
-0.00182058
-0.00469202
-0.0325054
-0.0353523
-1.61106
-0.0359591
-0.00135429
-0.00391806
-0.00360052
-0.0214047
-0.00393695
-0.00315023
-0.00421439
-0.00340352
-0.00242825
-0.000557822
-0.00350346
-0.0189291
-0.00335554
-0.00211566
-1.87939
-0.025675
-0.0247838
-0.00100644
-0.0264717
-0.0604523
-0.000931613
-0.0198039
-0.00360552
-0.00274246
-0.00180212
0
-0.00705413
-0.00328392
-0.00272802
-0.00148568
-0.0526785
-0.00366434
-0.0348911
-0.00330689
-0.00199493
-0.00282972
-0.0016369
-1.23192
-0.00237814
-0.000417927
-0.0263643
-0.0073614
-0.00253094
-0.00409705
-0.20706
-0.000833188
-0.000170701
-0.000611597
-0.00412349
-0.00165799
-0.00249344
-0.00194307
-0.000644399
-0.00203615
-0.00235392
-1.2375
-0.00120439
-0.528309
-0.00125223
-0.00166006
-0.00130725
-0.00344922
-0.00353671
-0.0561176
-0.00362606
-0.00114691
-0.00133285
-1.47764
-0.0109939
-0.0016479
-0.00274655
-0.00294343
-1.45306
-0.00215707
-0.00278782
-0.00799145
-0.00200223
-0.0055762
-0.0447051
-0.00264378
-0.047359
-0.00535594
-0.00090509
-0.00492832
-0.000599952
-0.0490755
-0.000948759
-0.000834197
-0.00796756
-0.00570164
-0.00149886
-0.00294836
-0.00256556
-0.0117078
-0.0363508
-0.00115305
-0.00167231
-0.000850628
-0.00238352
-0.00726437
-0.0499074
-0.0420184
-0.000828167
-0.00150999
-0.00137934
-0.00100008
-0.00103845
-0.00110657
-0.00136657
-0.00427602
-0.0144881
-0.0188101
-0.039811
-0.0194363
-0.0213242
-0.0241687
-0.00213037
-0.00525477
-0.00330783
-0.00206994
-0.00143432
-0.00190602
-0.000563793
-0.361827
-0.00208243
-0.000978698
-0.0407962
-0.00106293
-0.000769908
-2.77556e-17
-0.0447362
-0.00125107
-0.03336
-0.00663277
-0.00650668
-0.00567962
-0.00122848
-0.000713186
-0.00100255
-0.0014644
-0.000713705
-0.00234234
-0.00179911
-0.0578555
-0.00131094
-0.00298035
-0.156945
-1.93777
-0.00162339
-1.1354
-0.00181162
-0.048037
-0.0011758
-0.0650269
-0.174809
-0.00109394
-0.00130399
-0.00382154
-0.00102976
-1.94854
-0.00260312
-0.000986282
-0.0585715
-0.00194601
-0.00208111
-0.385508
-0.00243667
-0.00074385
-0.00343381
-0.00114641
-0.00202933
-0
-0.042629
-0.00159715
-0.0454584
-0.101047
-0.0418758
-1.77878
-1.51093
-0.000612163
-0.0041309
-0.00317087
-0.00306907
-1.51645
-1.18104
-0.0138673
-0.0025458
-0.001632
-1.94688
-1.94293
-0.000612823
-0.112503
-0.0162626
-0.0015187
-0.0150243
-0.000257572
-0.00105205
-0.000550208
-0.863508
-1.40423
-1.32624
-1.69707
-0.000399749
-0.405681
-0.834233
-0.0149929
-1.20719
-0.000816373
-0.000185755
-1.65952
-1.44522
-1.48187
-0.0151927
-0.390467
-0.404642
-0.00200098
-0.0164755
-0.00806683
-0.00161786
-0.000701971
-0.000413743
-0.73075
-0.038247
-1.46574
-1.9533
-0.00128415
-0.00230957
-0.405008
-0.011053
-0.00098281
-0.00119789
-0.0408867
-0.457407
-1.67243
-0.00546812
-1.08111
-1.19636
-1.01021
-0.00130386
-0.0133127
-0.00125945
-0.00825602
-0.583605
-0.000888244
-0.926946
-0.000476854
-1.22142
-0.000485937
-0.409543
-0.00127245
-0.0469255
-0.00130007
-0.000950692
-0.000464196
-0.000679749
-0.000721354
-0.40618
-0.639764
-0.0263069
-0.00103015
-0.0606183
-0.00537922
-0.680644
-0.689329
-0.0665836
-0.172678
-0.0179514
-0.00109091
-1.94856
-0.00100413
-0.000731392
-0.00115924
-0.0560268
-0.00109225
-0.000978311
-0.000830247
-0.000595669
-0.00209004
-0.00351772
-0.00115834
-0.0237556
-0.000973154
-0.000761743
-0.00136644
-0.552227
-0.162156
-0.0010751
-0.513407
-0.000258884
-0.00110213
-0.00126428
-0.00115075
-0.00103339
-0.0052503
-0.000941547
-0.00116876
-0.0146925
-0.00114347
-0.0894975
-0.000791059
-0.00101876
-1.1317
-0.000598832
-0.0215613
-0.0046213
-0.000775289
-0.00104988
-0.0545314
-0.00119202
-0.00102185
-0.028256
-0.00110886
-0.000866944
-0.0103779
-0.000795795
-0.0218562
-0.0710652
-0.00113439
-0.0010188
-0.01858
-0.000984259
-0.0223968
-0.023856
-0.0310764
-1.94573
-0.0289706
-0.00643756
-0.0152247
-0.0109424
-0.00091582
-0.0540418
-0.436306
-0.0620133
-0.0159078
-0.00539954
-0.0380095
-0.00532192
-0.0531486
-0.0584345
-0.126248
-0.0190606
-0.0124609
-0.0507574
-0.00305263
-0.0294443
-0.000285741
-0.0229267
-0.0200204
-0.0427785
-0.0161488
-0.014808
-0.0376594
-0.331784
-0.0333456
-0.0277159
-0.981171
-0.0425922
-0.35361
-0.00173437
-0.0112345
-0.0395067
-0.0355968
-0.0601068
-0.00148166
-0.128621
-0.00120871
-0.00149365
-0.0145283
-0.00659441
-0.0023466
-0.128949
-0.0127774
-1.38172
-0.000423327
-0.0129672
-0.334997
-0.000725462
-0.0097624
-0.8496
-0.0016601
-0.113162
-0.00598676
-0.00276308
-0.000678247
-0.00438557
-0.000635339
-0.023533
-0.00318559
-0.00370933
-0.0675344
-0.219209
-0.0724252
-0.0654858
-0.00239562
-0.000259556
-0.100488
-0.0016063
-0.000428472
-0.0373489
-0.00264731
-0.480071
-0.0125352
-0.0263338
-0.039733
-0.000655475
-0.015213
-0.00139458
-0.118748
-0.00992055
-0.00874701
-0.36188
-0.00184077
-0.0291178
-0.0234002
-0.00795421
-0.029416
-0.800585
-0.0112206
-0.0349561
-0.0055634
-0.00750406
-0.0633017
-0.00642556
-0.0290773
-0.0446536
-0.0410243
-0.798084
-0.00238155
-1.11712
-0.000802065
-0.00262129
-0.0357725
-0.00220536
-0.0194722
-0.0598498
-0.0684336
-0.00123744
-0.000548016
-0.000540177
-0.00260514
-1.69146
-0.0778766
-0.00157168
-0.00111431
-0.0346865
-1.10544
-0.00111934
-0.0357292
-1.59009
-0.00278329
-0.00105289
-0.00416632
-1.57155
-0.0664548
-0.00230035
-0.0151228
-0.000742507
-0.00694705
-0.0180872
-0.00395812
-0.00289777
-0.0683219
-1.50149
-0.00150711
-1.06759
-0.00142834
-0.00147775
-0.00423184
-0.690868
-0.0240661
-0.00019665
-0.0017047
-0.0185462
-0.0211794
-1.65941
-0.00154907
-0.00153599
-0
-0.832683
-0.00160201
-0.00120666
-1.74299
-0.00203426
-0.00037735
-0.370595
-0.0016613
-0.070646
-0.0015187
-0.0014554
-0.000199026
-1.44084
-0.00881797
-0.0827725
-0.423904
-1.01282
-1.45457
-0.0015194
-0.00359461
-0.000349974
-0.000955419
-0.00104794
-0.37661
-0.0013823
-0.000933966
-0.00122471
-0.218953
-0.000954053
-0.00304502
-0.000612218
-0.00282155
-0.000986163
-0.00407368
-0.000313778
-0.00109764
-1.10398
0
-0.000524164
-0.000382209
-0.00026371
-0.000378791
-0.00544125
-0.0255287
-0.000276971
-1.60698
-0.000283343
-0.000401426
-0.00673528
-0.000330309
-0.00123466
-0.000956104
-0.0163314
-0.00115744
-0.000924999
-0.039855
-0.00173756
-0.00539917
-0.397215
-0.00118708
-0.00120315
-0.0144725
-0.00108411
-0.00035898
-0.00105549
-0.00412064
-0.369659
-0.00107431
-0.0011507
-2.77556e-17
-0.000949104
-0.0010803
0
-0.0039821
-0.00339313
-0.000154788
-0.019643
-3.92523e-17
-0.000170523
3.92523e-17
0
0
-0.00121408
-0.000277989
0
-0.000307835
-2.77556e-17
-0.0493462
-0.000479965
0
-0.001875
0
-0.376011
-1.95313
0
-0.00267637
-0.0312767
-0.217992
-0.000830442
-0.0231325
-1.95554
-0.211645
-0.404887
-0.000905266
-0.000917446
-0.819704
  </DataArray>
</PointData>
<CellData>
</CellData>
<UserData>
  <DataArray type = "Float64" Name="CompteurTemps" format="ascii">
10
  </DataArray>
  <DataArray type = "Float64" Name="Temps" format="ascii">
0.9
  </DataArray>
</UserData>
    </Piece>
  </UnstructuredGrid>
</VTKFile>
