<VTKFile type="UnstructuredGrid" version="0.1" byte_order="LittleEndian">
  <UnstructuredGrid>
    <Piece NumberOfPoints="4866" NumberOfCells="8452">
      <Points>
        <DataArray type = "Float64" NumberOfComponents="3" format="ascii">
0 0 0.0 
0 0.41 0.0 
2.2 0.41 0.0 
2.2 0 0.0 
0.15 0.2 0.0 
0.25 0.2 0.0 
1.72587 0.41 0.0 
1.26143 0 0.0 
0.741869 0.00455161 0.0 
0.224428 0.243678 0.0 
1.17235 0.41 0.0 
1.02622 0.41 0.0 
0.34011 0.00335415 0.0 
1.63951 0.41 0.0 
2.00342 0.00560883 0.0 
1.03947 0.41 0.0 
2.08673 0 0.0 
0.171763 0.158704 0.0 
2.03404 0.41 0.0 
1.29507 0.0023218 0.0 
1.12666 0 0.0 
0.152169 0.222376 0.0 
1.46038 0 0.0 
0.156373 0.224423 0.0 
1.67661 0.41 0.0 
0.735081 0.41 0.0 
1.4911 0 0.0 
0.996596 0 0.0 
0.249975 0.198509 0.0 
0.594975 0.405809 0.0 
2.19849 0.000632531 0.0 
1.8919 0 0.0 
1.95446 0.41 0.0 
1.00062 0.41 0.0 
0.372098 0.41 0.0 
1.17137 0 0.0 
1.83361 0.297784 0.0 
0.52797 0 0.0 
1.83597 0.41 0.0 
1.94272 0.41 0.0 
2.2 0.408103 0.0 
1.75421 0.41 0.0 
2.08448 0.41 0.0 
0.271881 0.176158 0.0 
1.83035 0.00410527 0.0 
0.386522 0.335956 0.0 
0.236854 0.164854 0.0 
1.4721 0.41 0.0 
0.437113 0 0.0 
1.668 0 0.0 
0.759656 0.00301242 0.0 
0.96518 0.00324608 0.0 
1.90781 0.41 0.0 
0.308916 0.179782 0.0 
0.407983 0.407264 0.0 
1.57682 0.41 0.0 
0.827282 0.407559 0.0 
0.256694 0.406534 0.0 
1.32101 0.406704 0.0 
1.34569 0.41 0.0 
2.19043 0.41 0.0 
1.35314 0 0.0 
0.587064 0.387036 0.0 
0.24797 0.185816 0.0 
0.00301732 0.41 0.0 
0.285851 0.1759 0.0 
0.505922 0 0.0 
0.165349 0.236447 0.0 
1.97783 0.40506 0.0 
0.0224114 0 0.0 
1.50264 0.408599 0.0 
1.86139 0.41 0.0 
0.149195 0.199831 0.0 
0.166617 0.162731 0.0 
1.01184 0 0.0 
2.009 0 0.0 
1.79518 0.41 0.0 
1.76398 0.407104 0.0 
0.154851 0.17852 0.0 
0.0790318 0 0.0 
0.672757 0 0.0 
0.234904 0.236019 0.0 
0.150003 0.199659 0.0 
1.91569 0 0.0 
2.10816 0.00279307 0.0 
1.82244 0 0.0 
0.184251 0.247528 0.0 
1.50649 0 0.0 
0.230862 0.239445 0.0 
1.96219 0 0.0 
1.12441 0.00329287 0.0 
2.2 0.390435 0.0 
1.32103 0 0.0 
2.16317 0.40919 0.0 
1.7536 0 0.0 
1.98534 0 0.0 
0.21647 0.405581 0.0 
1.91935 0.41 0.0 
1.59541 0.0035818 0.0 
0.956827 0.408085 0.0 
0.22385 0.244201 0.0 
0.236212 0.234475 0.0 
0.546641 0.407326 0.0 
0.249604 0.206267 0.0 
1.99714 0.407103 0.0 
2.19944 0.41 0.0 
1.16612 0.407649 0.0 
0.966229 0 0.0 
0.314885 0.0040461 0.0 
0.771569 0 0.0 
1.37494 0 0.0 
0.169714 0.159921 0.0 
2.11089 0.40769 0.0 
0.22684 0.242182 0.0 
0.576634 0.00494463 0.0 
0.82967 0 0.0 
2.12623 0.40785 0.0 
1.31419 0.00320437 0.0 
0.625613 0.406321 0.0 
0.66028 0 0.0 
1.93103 0.41 0.0 
1.80249 0.406221 0.0 
1.0223 0.00248904 0.0 
1.65303 0 0.0 
2.12595 0.406167 0.0 
2.19948 0.000565535 0.0 
2.18362 0.00102895 0.0 
0.236924 0.165143 0.0 
0.15738 0 0.0 
2.1827 0.409299 0.0 
0.149933 0.19835 0.0 
1.85373 0 0.0 
0.235785 0.40549 0.0 
1.70949 0 0.0 
0.999921 0.407251 0.0 
0 0.000188196 0.0 
1.73795 0 0.0 
0.731978 0 0.0 
0.159856 0.170075 0.0 
1.95063 0 0.0 
1.15697 0 0.0 
1.52151 0 0.0 
1.92741 0 0.0 
0.157915 0.227033 0.0 
0.0060112 0.409249 0.0 
0.161949 0.167567 0.0 
0.702791 0.403034 0.0 
0.151733 0.213044 0.0 
0.214298 0.00560382 0.0 
1.99697 0 0.0 
0.222589 0.155298 0.0 
1.78268 0.407073 0.0 
2.2 0.331379 0.0 
1.72339 0 0.0 
0.15312 0.217686 0.0 
1.02709 0 0.0 
2.19901 0.000612201 0.0 
0.145763 0.41 0.0 
0.358899 0.00271765 0.0 
1.58584 0.408506 0.0 
0.297093 0 0.0 
0.209052 0.256551 0.0 
1.28843 0 0.0 
1.0425 0 0.0 
1.3423 0 0.0 
0.864595 0.41 0.0 
0.250161 0.200072 0.0 
0.168545 0.23891 0.0 
0.234516 0.236312 0.0 
1.70602 0.403627 0.0 
2.0771 0.00200565 0.0 
0.150008 0.199192 0.0 
0.036247 0 0.0 
1.39707 0 0.0 
0.559462 0 0.0 
0.105474 0.406407 0.0 
0.168144 0.161407 0.0 
2.1971 0 0.0 
1.56378 0 0.0 
0.18018 0.245901 0.0 
1.91797 0.408271 0.0 
0.0361535 0.00180904 0.0 
0.15698 0.174468 0.0 
1.21365 0.0657728 0.0 
1.939 0.407519 0.0 
0.240605 0.229172 0.0 
1.41162 0.00207375 0.0 
1.43163 0 0.0 
0.251201 0 0.0 
1.9493 0.408108 0.0 
0.152605 0.21703 0.0 
0.685214 0 0.0 
0.2926 0.00426957 0.0 
1.73185 0.407786 0.0 
1.18474 0.00343681 0.0 
1.33905 0.00459513 0.0 
2.06577 0.406697 0.0 
0.0226469 0.408918 0.0 
0.284039 0.18226 0.0 
1.62678 0.00442232 0.0 
0.241176 0.22836 0.0 
0.709057 0 0.0 
1.18573 0 0.0 
0.981375 0 0.0 
1.22954 0.407624 0.0 
0.185559 0.247917 0.0 
0.187188 0.150469 0.0 
0.112807 0 0.0 
0.00502318 0.41 0.0 
0.119126 0.00626345 0.0 
0.844636 0 0.0 
0.151104 0.188194 0.0 
0.0228386 0.000896059 0.0 
0.647797 0 0.0 
0.302179 0.184354 0.0 
0.209715 0 0.0 
0.755152 0.405047 0.0 
1.05828 0 0.0 
1.84279 0.407375 0.0 
0.235753 0.16485 0.0 
2.2 0.409884 0.0 
0.308366 0 0.0 
0.471707 0 0.0 
0.150135 0.203642 0.0 
0.512267 0.405242 0.0 
1.91748 0.405175 0.0 
0.69732 0 0.0 
1.8723 0.407594 0.0 
0.150381 0.20643 0.0 
0.248427 0.187481 0.0 
0.222773 0.155292 0.0 
0.491693 0.405333 0.0 
0.920946 0 0.0 
1.80972 0.00368759 0.0 
0.250547 0.200243 0.0 
1.84766 0.00296157 0.0 
0.370984 0 0.0 
0.162711 0.233307 0.0 
0.15721 0.225862 0.0 
1.5675 0.408416 0.0 
1.54614 0.0033702 0.0 
0.182781 0.15305 0.0 
2.14371 0.408936 0.0 
0.320121 0.200938 0.0 
0.182913 0.246987 0.0 
1.7508 0.405763 0.0 
0.185013 0.247699 0.0 
0.25067 0.199829 0.0 
0.249775 0.205177 0.0 
0.297066 0.183677 0.0 
0.340068 0 0.0 
1.87943 0 0.0 
0.243641 0.227242 0.0 
0.549206 0 0.0 
1.93657 0.00389214 0.0 
0.313741 0.405892 0.0 
0.932099 0.00230671 0.0 
1.87234 0.00380157 0.0 
0.167405 0.237912 0.0 
0.350315 0 0.0 
0.517185 0 0.0 
0.174984 0.243325 0.0 
0.189173 0 0.0 
0.26223 0 0.0 
0.691483 0.40411 0.0 
0.273715 0 0.0 
0.56972 0 0.0 
0.150505 0.192628 0.0 
0.40302 0 0.0 
0.247642 0.215166 0.0 
0.146648 0 0.0 
0.199498 0 0.0 
0.159802 0.229893 0.0 
2.19879 0.41 0.0 
0.878999 0.41 0.0 
0.240421 0 0.0 
0.173138 0.242238 0.0 
0.150415 0.20641 0.0 
0.0871201 0.00586539 0.0 
0.247382 0.215961 0.0 
0.250435 0.200072 0.0 
0.555011 0.00349477 0.0 
0.21904 0.246475 0.0 
0.247836 0.185195 0.0 
0.164447 0.235209 0.0 
0.236175 0.165328 0.0 
0.176596 0.244181 0.0 
0.172745 0.241965 0.0 
2.03173 0.406802 0.0 
0.277961 0.22162 0.0 
0.16189 0.232508 0.0 
1.56862 0.00264579 0.0 
0.152317 0.184963 0.0 
0.276813 0.40634 0.0 
1.01752 0.406222 0.0 
0.604229 0.00244814 0.0 
0.24956 0.206602 0.0 
0.142962 0.0035768 0.0 
0.205342 0.150269 0.0 
0.24263 0.173876 0.0 
0.795072 0.406859 0.0 
0.0526225 0.408846 0.0 
1.12846 0.407746 0.0 
0.149928 0.199899 0.0 
0.728847 0.00321637 0.0 
2.19337 0.0224523 0.0 
0.255036 0.00505328 0.0 
1.44841 0.00411094 0.0 
0.184514 0.00438075 0.0 
0.149773 0.200215 0.0 
0.353699 0.407056 0.0 
0.0142442 0.409419 0.0 
0.149943 0.201345 0.0 
1.24448 0.405655 0.0 
0.304926 0.182104 0.0 
0.160743 0.00568173 0.0 
0.234673 0.236239 0.0 
0.149954 0.202255 0.0 
0.247909 0.2143 0.0 
0.705504 0.00236356 0.0 
1.32487 0.00460613 0.0 
0.231554 0.238783 0.0 
0.139916 0.203705 0.0 
0.149413 0.19997 0.0 
0.22561 0.243763 0.0 
0.236129 0.165088 0.0 
0.15255 0.183965 0.0 
0.23901 0.165166 0.0 
0.218048 0.246627 0.0 
2.19724 0.407133 0.0 
0.228516 0.158856 0.0 
0.250005 0.202401 0.0 
0.919877 0.41 0.0 
0.0925383 0.406 0.0 
1.73444 0.00856761 0.0 
0.195532 0.249798 0.0 
0.243216 0.225142 0.0 
0.249035 0.210001 0.0 
0.280177 0.184981 0.0 
0.15001 0.199006 0.0 
0.15004 0.198012 0.0 
0.150089 0.197019 0.0 
0.150158 0.196027 0.0 
0.150247 0.195037 0.0 
0.150355 0.194049 0.0 
0.150484 0.193063 0.0 
0.150631 0.19208 0.0 
0.150798 0.1911 0.0 
0.150985 0.190124 0.0 
0.151191 0.189151 0.0 
0.151417 0.188183 0.0 
0.151661 0.187219 0.0 
0.151925 0.186261 0.0 
0.152207 0.185307 0.0 
0.152509 0.18436 0.0 
0.152829 0.183419 0.0 
0.153168 0.182484 0.0 
0.153526 0.181557 0.0 
0.153902 0.180636 0.0 
0.154296 0.179724 0.0 
0.154708 0.178819 0.0 
0.155138 0.177923 0.0 
0.155586 0.177035 0.0 
0.156051 0.176157 0.0 
0.156534 0.175288 0.0 
0.157034 0.174428 0.0 
0.157551 0.173579 0.0 
0.158085 0.17274 0.0 
0.158635 0.171912 0.0 
0.159201 0.171095 0.0 
0.159784 0.17029 0.0 
0.160383 0.169496 0.0 
0.160997 0.168715 0.0 
0.161627 0.167945 0.0 
0.162272 0.167189 0.0 
0.162932 0.166445 0.0 
0.163606 0.165715 0.0 
0.164295 0.164998 0.0 
0.164998 0.164295 0.0 
0.165715 0.163606 0.0 
0.166445 0.162932 0.0 
0.167189 0.162272 0.0 
0.167945 0.161627 0.0 
0.168715 0.160997 0.0 
0.169496 0.160383 0.0 
0.17029 0.159784 0.0 
0.171095 0.159201 0.0 
0.171912 0.158635 0.0 
0.17274 0.158085 0.0 
0.173579 0.157551 0.0 
0.174428 0.157034 0.0 
0.175288 0.156534 0.0 
0.176157 0.156051 0.0 
0.177035 0.155586 0.0 
0.177923 0.155138 0.0 
0.178819 0.154708 0.0 
0.179724 0.154296 0.0 
0.180636 0.153902 0.0 
0.181557 0.153526 0.0 
0.182484 0.153168 0.0 
0.183419 0.152829 0.0 
0.18436 0.152509 0.0 
0.185307 0.152207 0.0 
0.186261 0.151925 0.0 
0.187219 0.151661 0.0 
0.188183 0.151417 0.0 
0.189151 0.151191 0.0 
0.190124 0.150985 0.0 
0.1911 0.150798 0.0 
0.19208 0.150631 0.0 
0.193063 0.150484 0.0 
0.194049 0.150355 0.0 
0.195037 0.150247 0.0 
0.196027 0.150158 0.0 
0.197019 0.150089 0.0 
0.198012 0.15004 0.0 
0.199006 0.15001 0.0 
0.2 0.15 0.0 
0.200994 0.15001 0.0 
0.201988 0.15004 0.0 
0.202981 0.150089 0.0 
0.203973 0.150158 0.0 
0.204963 0.150247 0.0 
0.205951 0.150355 0.0 
0.206937 0.150484 0.0 
0.20792 0.150631 0.0 
0.2089 0.150798 0.0 
0.209876 0.150985 0.0 
0.210849 0.151191 0.0 
0.211817 0.151417 0.0 
0.212781 0.151661 0.0 
0.213739 0.151925 0.0 
0.214693 0.152207 0.0 
0.21564 0.152509 0.0 
0.216581 0.152829 0.0 
0.217516 0.153168 0.0 
0.218443 0.153526 0.0 
0.219364 0.153902 0.0 
0.220276 0.154296 0.0 
0.221181 0.154708 0.0 
0.222077 0.155138 0.0 
0.222965 0.155586 0.0 
0.223843 0.156051 0.0 
0.224712 0.156534 0.0 
0.225572 0.157034 0.0 
0.226421 0.157551 0.0 
0.22726 0.158085 0.0 
0.228088 0.158635 0.0 
0.228905 0.159201 0.0 
0.22971 0.159784 0.0 
0.230504 0.160383 0.0 
0.231285 0.160997 0.0 
0.232055 0.161627 0.0 
0.232811 0.162272 0.0 
0.233555 0.162932 0.0 
0.234285 0.163606 0.0 
0.235002 0.164295 0.0 
0.235705 0.164998 0.0 
0.236394 0.165715 0.0 
0.237068 0.166445 0.0 
0.237728 0.167189 0.0 
0.238373 0.167945 0.0 
0.239003 0.168715 0.0 
0.239617 0.169496 0.0 
0.240216 0.17029 0.0 
0.240799 0.171095 0.0 
0.241365 0.171912 0.0 
0.241915 0.17274 0.0 
0.242449 0.173579 0.0 
0.242966 0.174428 0.0 
0.243466 0.175288 0.0 
0.243949 0.176157 0.0 
0.244414 0.177035 0.0 
0.244862 0.177923 0.0 
0.245292 0.178819 0.0 
0.245704 0.179724 0.0 
0.246098 0.180636 0.0 
0.246474 0.181557 0.0 
0.246832 0.182484 0.0 
0.247171 0.183419 0.0 
0.247491 0.18436 0.0 
0.247793 0.185307 0.0 
0.248075 0.186261 0.0 
0.248339 0.187219 0.0 
0.248583 0.188183 0.0 
0.248809 0.189151 0.0 
0.249015 0.190124 0.0 
0.249202 0.1911 0.0 
0.249369 0.19208 0.0 
0.249516 0.193063 0.0 
0.249645 0.194049 0.0 
0.249753 0.195037 0.0 
0.249842 0.196027 0.0 
0.249911 0.197019 0.0 
0.24996 0.198012 0.0 
0.24999 0.199006 0.0 
0.24999 0.200994 0.0 
0.24996 0.201988 0.0 
0.249911 0.202981 0.0 
0.249842 0.203973 0.0 
0.249753 0.204963 0.0 
0.249645 0.205951 0.0 
0.249516 0.206937 0.0 
0.249369 0.20792 0.0 
0.249202 0.2089 0.0 
0.249015 0.209876 0.0 
0.248809 0.210849 0.0 
0.248583 0.211817 0.0 
0.248339 0.212781 0.0 
0.248075 0.213739 0.0 
0.247793 0.214693 0.0 
0.247491 0.21564 0.0 
0.247171 0.216581 0.0 
0.246832 0.217516 0.0 
0.246474 0.218443 0.0 
0.246098 0.219364 0.0 
0.245704 0.220276 0.0 
0.245292 0.221181 0.0 
0.244862 0.222077 0.0 
0.244414 0.222965 0.0 
0.243949 0.223843 0.0 
0.243466 0.224712 0.0 
0.242966 0.225572 0.0 
0.242449 0.226421 0.0 
0.241915 0.22726 0.0 
0.241365 0.228088 0.0 
0.240799 0.228905 0.0 
0.240216 0.22971 0.0 
0.239617 0.230504 0.0 
0.239003 0.231285 0.0 
0.238373 0.232055 0.0 
0.237728 0.232811 0.0 
0.237068 0.233555 0.0 
0.236394 0.234285 0.0 
0.235705 0.235002 0.0 
0.235002 0.235705 0.0 
0.234285 0.236394 0.0 
0.233555 0.237068 0.0 
0.232811 0.237728 0.0 
0.232055 0.238373 0.0 
0.231285 0.239003 0.0 
0.230504 0.239617 0.0 
0.22971 0.240216 0.0 
0.228905 0.240799 0.0 
0.228088 0.241365 0.0 
0.22726 0.241915 0.0 
0.226421 0.242449 0.0 
0.225572 0.242966 0.0 
0.224712 0.243466 0.0 
0.223843 0.243949 0.0 
0.222965 0.244414 0.0 
0.222077 0.244862 0.0 
0.221181 0.245292 0.0 
0.220276 0.245704 0.0 
0.219364 0.246098 0.0 
0.218443 0.246474 0.0 
0.217516 0.246832 0.0 
0.216581 0.247171 0.0 
0.21564 0.247491 0.0 
0.214693 0.247793 0.0 
0.213739 0.248075 0.0 
0.212781 0.248339 0.0 
0.211817 0.248583 0.0 
0.210849 0.248809 0.0 
0.209876 0.249015 0.0 
0.2089 0.249202 0.0 
0.20792 0.249369 0.0 
0.206937 0.249516 0.0 
0.205951 0.249645 0.0 
0.204963 0.249753 0.0 
0.203973 0.249842 0.0 
0.202981 0.249911 0.0 
0.201988 0.24996 0.0 
0.200994 0.24999 0.0 
0.2 0.25 0.0 
0.199006 0.24999 0.0 
0.198012 0.24996 0.0 
0.197019 0.249911 0.0 
0.196027 0.249842 0.0 
0.195037 0.249753 0.0 
0.194049 0.249645 0.0 
0.193063 0.249516 0.0 
0.19208 0.249369 0.0 
0.1911 0.249202 0.0 
0.190124 0.249015 0.0 
0.189151 0.248809 0.0 
0.188183 0.248583 0.0 
0.187219 0.248339 0.0 
0.186261 0.248075 0.0 
0.185307 0.247793 0.0 
0.18436 0.247491 0.0 
0.183419 0.247171 0.0 
0.182484 0.246832 0.0 
0.181557 0.246474 0.0 
0.180636 0.246098 0.0 
0.179724 0.245704 0.0 
0.178819 0.245292 0.0 
0.177923 0.244862 0.0 
0.177035 0.244414 0.0 
0.176157 0.243949 0.0 
0.175288 0.243466 0.0 
0.174428 0.242966 0.0 
0.173579 0.242449 0.0 
0.17274 0.241915 0.0 
0.171912 0.241365 0.0 
0.171095 0.240799 0.0 
0.17029 0.240216 0.0 
0.169496 0.239617 0.0 
0.168715 0.239003 0.0 
0.167945 0.238373 0.0 
0.167189 0.237728 0.0 
0.166445 0.237068 0.0 
0.165715 0.236394 0.0 
0.164998 0.235705 0.0 
0.164295 0.235002 0.0 
0.163606 0.234285 0.0 
0.162932 0.233555 0.0 
0.162272 0.232811 0.0 
0.161627 0.232055 0.0 
0.160997 0.231285 0.0 
0.160383 0.230504 0.0 
0.159784 0.22971 0.0 
0.159201 0.228905 0.0 
0.158635 0.228088 0.0 
0.158085 0.22726 0.0 
0.157551 0.226421 0.0 
0.157034 0.225572 0.0 
0.156534 0.224712 0.0 
0.156051 0.223843 0.0 
0.155586 0.222965 0.0 
0.155138 0.222077 0.0 
0.154708 0.221181 0.0 
0.154296 0.220276 0.0 
0.153902 0.219364 0.0 
0.153526 0.218443 0.0 
0.153168 0.217516 0.0 
0.152829 0.216581 0.0 
0.152509 0.21564 0.0 
0.152207 0.214693 0.0 
0.151925 0.213739 0.0 
0.151661 0.212781 0.0 
0.151417 0.211817 0.0 
0.151191 0.210849 0.0 
0.150985 0.209876 0.0 
0.150798 0.2089 0.0 
0.150631 0.20792 0.0 
0.150484 0.206937 0.0 
0.150355 0.205951 0.0 
0.150247 0.204963 0.0 
0.150158 0.203973 0.0 
0.150089 0.202981 0.0 
0.15004 0.201988 0.0 
0.15001 0.200994 0.0 
0.264202 0.175366 0.0 
0.235917 0.16513 0.0 
0.154141 0.179983 0.0 
0.150005 0.200546 0.0 
0.74647 0.41 0.0 
0.144632 0.199863 0.0 
2.19567 0.409402 0.0 
0.981865 0.405977 0.0 
0.917441 0.00279586 0.0 
0.835822 0.00716085 0.0 
0.244847 0.17777 0.0 
0.379123 0.399052 0.0 
0.217204 0.246945 0.0 
0.636114 0.00838901 0.0 
0.170696 0.240581 0.0 
1.31174 0.00710096 0.0 
0.149636 0.199721 0.0 
0.206371 0.15039 0.0 
0.246136 0.21939 0.0 
0.32682 0.206292 0.0 
0.192835 0.249482 0.0 
0.249738 0.205667 0.0 
0.248148 0.213476 0.0 
0.150227 0.205697 0.0 
0.322528 0.217679 0.0 
0.221592 0.245152 0.0 
0.156692 0.175015 0.0 
0.25008 0.20253 0.0 
1.08549 0.407711 0.0 
0.141087 0.207567 0.0 
0.250776 0.200774 0.0 
0.15009 0.194892 0.0 
0.522575 0.00453509 0.0 
0.242828 0.17407 0.0 
1.12071 0.375723 0.0 
0.283321 0.222677 0.0 
0.171377 0.240994 0.0 
0.22013 0.245785 0.0 
1.31639 0.14966 0.0 
0.172334 0.241759 0.0 
0.149754 0.175906 0.0 
0.237307 0.00440238 0.0 
0.212299 0.248461 0.0 
0.222864 0.245404 0.0 
0.217981 0.246812 0.0 
2.19358 0 0.0 
1.71341 0.00842402 0.0 
0.222276 0.244821 0.0 
0.155215 0.22235 0.0 
0.238051 0.232433 0.0 
0.230107 0.239917 0.0 
0.252419 0.200687 0.0 
1.99396 0.403214 0.0 
0.0984614 0.41 0.0 
0.236731 0.164997 0.0 
0.254877 0.171959 0.0 
0.985706 0.0115332 0.0 
0.195117 0.249778 0.0 
0.255348 0.200664 0.0 
0.181893 0.153042 0.0 
2.06086 0.0584025 0.0 
0.150144 0.19541 0.0 
0.149544 0.199998 0.0 
0.241326 0.22827 0.0 
0.149747 0.199941 0.0 
0.148367 0.200304 0.0 
0.235387 0.235549 0.0 
0.215323 0.247592 0.0 
0.250134 0.199686 0.0 
0.237161 0.164736 0.0 
0 0.000745582 0.0 
0.314308 0.194818 0.0 
0.248961 0.189869 0.0 
0.21611 0.247331 0.0 
0.271822 0.174936 0.0 
0.244969 0.178147 0.0 
0.180705 0.153855 0.0 
0.247073 0.182989 0.0 
0.150001 0.199897 0.0 
0.195348 0.249825 0.0 
0.305319 0.189622 0.0 
0.184997 0.24875 0.0 
2.18276 0.40972 0.0 
0.341395 0.205189 0.0 
0.250433 0.200567 0.0 
0.18572 0.404648 0.0 
0.142629 0.203134 0.0 
0.0245435 0.40799 0.0 
0.250206 0.201023 0.0 
0.161437 0.168136 0.0 
0.251566 0.201207 0.0 
0.178016 0.15507 0.0 
0.154869 0.177908 0.0 
0.172119 0.158497 0.0 
0.150069 0.203916 0.0 
0.169628 0.160215 0.0 
0.168989 0.403261 0.0 
0.161127 0.168524 0.0 
0.1732 0.125296 0.0 
0.149699 0.200156 0.0 
0.280746 0.180835 0.0 
0.149895 0.193691 0.0 
1.03791 0.361462 0.0 
0.245279 0.163254 0.0 
0.262042 0.205471 0.0 
0.214521 0.250215 0.0 
0.15032 0.205626 0.0 
0.14785 0.192534 0.0 
0.249571 0.216749 0.0 
0.163595 0.16448 0.0 
0.0540679 0.0162857 0.0 
0.149922 0.200931 0.0 
0.210314 0.151037 0.0 
0.233254 0.237441 0.0 
0.245903 0.179965 0.0 
0.18597 0.248667 0.0 
0.239456 0.230878 0.0 
0.235673 0.235155 0.0 
0.247584 0.184588 0.0 
0.239208 0.231025 0.0 
0.277665 0.178775 0.0 
0.248535 0.187812 0.0 
2.19199 0.00103204 0.0 
0.250064 0.199125 0.0 
2.18875 0 0.0 
0.243887 0.176014 0.0 
1.70041 0.41 0.0 
0.249865 0.204433 0.0 
0.162469 0.166725 0.0 
0.1373 0.201091 0.0 
0.250188 0.200593 0.0 
0.155436 0.177332 0.0 
0.249852 0.206282 0.0 
0.139062 0.199509 0.0 
0.263817 0.226333 0.0 
0.135268 0.199112 0.0 
0.227322 0.245533 0.0 
0.211272 0.151208 0.0 
0.238779 0.168442 0.0 
0.149688 0.200643 0.0 
0.329027 0.216746 0.0 
0.235699 0.235398 0.0 
0.179591 0.154343 0.0 
0.439167 0.406257 0.0 
0.303151 0.219964 0.0 
2.17923 0.409611 0.0 
0.156898 0.225745 0.0 
0.161271 0.168034 0.0 
0.161108 0.167926 0.0 
0.153433 0.173083 0.0 
0.154456 0.179311 0.0 
0.64172 0.397144 0.0 
1.16971 0.00527431 0.0 
0.250865 0.198722 0.0 
0.171567 0.158737 0.0 
0.293678 0.188253 0.0 
0.153347 0.182021 0.0 
0.18578 0.247933 0.0 
0.240356 0.165652 0.0 
0.24434 0.176873 0.0 
0.213156 0.151764 0.0 
0.143153 0.20171 0.0 
0.236434 0.164642 0.0 
0.16619 0.163144 0.0 
0.162369 0.233021 0.0 
0.242465 0.237471 0.0 
2.09492 0.00304428 0.0 
0.249999 0.196894 0.0 
0.178559 0.154801 0.0 
0.278009 0.180592 0.0 
0.235354 0.164646 0.0 
0.184308 0.152498 0.0 
0.236805 0.166087 0.0 
0.24087 0.228929 0.0 
0.168793 0.160548 0.0 
0.236842 0.2338 0.0 
0.264869 0.203609 0.0 
0.225471 0.156937 0.0 
0.157751 0.173234 0.0 
0.220407 0.154339 0.0 
0.249275 0.191402 0.0 
0.312858 0.189386 0.0 
0.170499 0.240941 0.0 
0.32441 0.201905 0.0 
0.247535 0.176537 0.0 
0.25928 0.200974 0.0 
0.177456 0.252611 0.0 
0.158099 0.172449 0.0 
0.234066 0.23674 0.0 
0.259188 0.199507 0.0 
0.248541 0.187949 0.0 
0.149922 0.199136 0.0 
0.149383 0.201236 0.0 
0.249755 0.194703 0.0 
0.14242 0.196855 0.0 
0.237313 0.235019 0.0 
0.250226 0.20082 0.0 
0.341789 0.190397 0.0 
0.172962 0.157943 0.0 
2.14428 0.00137397 0.0 
0.273448 0.0463269 0.0 
0.181517 0.247575 0.0 
0.235915 0.235503 0.0 
0.246299 0.218953 0.0 
0.154911 0.221653 0.0 
0.262406 0.200707 0.0 
0.370233 0.0019723 0.0 
0.254586 0.201257 0.0 
2.19825 0.000334909 0.0 
0.162602 0.166817 0.0 
0.149206 0.200115 0.0 
0.22836 0.158824 0.0 
0.02815 0.00173397 0.0 
0.174858 0.243216 0.0 
0.250176 0.200292 0.0 
0.150733 0.191154 0.0 
0.183685 0.152731 0.0 
1.36552 0.00436556 0.0 
0.144707 0.197976 0.0 
0.0651493 0.00768275 0.0 
0.215153 0.2477 0.0 
0.155506 0.177123 0.0 
0.0301904 0.41 0.0 
0.149612 0.197268 0.0 
0.173965 0.00607297 0.0 
0.179256 0.245527 0.0 
0.24438 0.168108 0.0 
0.236345 0.16509 0.0 
0.947914 0.00306973 0.0 
0.0607668 0.00273139 0.0 
0.379405 0.00328485 0.0 
2.1925 0.41 0.0 
0.156244 0.224325 0.0 
0.150596 0.208115 0.0 
0.145928 0.198903 0.0 
0.207756 0.150586 0.0 
0.196718 0.150092 0.0 
0.223235 0.155714 0.0 
0.250346 0.197536 0.0 
0.365464 0.189665 0.0 
0.250585 0.200899 0.0 
0.166962 0.246939 0.0 
2.19809 0.409833 0.0 
1.71292 0.41 0.0 
0.599842 0.00580791 0.0 
0.148691 0.204405 0.0 
1.10535 0.408196 0.0 
0.150217 0.204628 0.0 
0.156116 0.224198 0.0 
0.226679 0.242384 0.0 
0.214239 0.247927 0.0 
0.511395 0.395445 0.0 
0.188044 0.151379 0.0 
0.166817 0.162602 0.0 
0.33651 0.192868 0.0 
0.233629 0.237073 0.0 
0.15367 0.181177 0.0 
0.24628 0.181017 0.0 
0.279586 0.205273 0.0 
0.25005 0.201222 0.0 
0.152996 0.217671 0.0 
0.192599 0.249447 0.0 
0.252848 0.201107 0.0 
0.163195 0.166133 0.0 
0.245463 0.220839 0.0 
2.19699 0.409846 0.0 
0.819018 0.00378656 0.0 
0.152286 0.215045 0.0 
0.542817 0.00626515 0.0 
0.149208 0.203225 0.0 
0.610279 0.406702 0.0 
0.136763 0.209172 0.0 
0.221696 0.154898 0.0 
0.588748 0.00390181 0.0 
0.231616 0.161251 0.0 
0.249132 0.209263 0.0 
0.150274 0.205614 0.0 
0.149275 0.200936 0.0 
0.242563 0.23631 0.0 
0.235796 0.164823 0.0 
0.0289043 0.409171 0.0 
0.778993 0.0757361 0.0 
0.744014 0.00200167 0.0 
0.331594 0.20479 0.0 
2.19546 0.407841 0.0 
0.249861 0.205039 0.0 
0.130464 0.198628 0.0 
0.249977 0.201439 0.0 
0.25616 0.201471 0.0 
0.249995 0.199503 0.0 
1.64383 0.00748838 0.0 
0.165356 0.16395 0.0 
0.670106 0.406504 0.0 
2.15143 0.41 0.0 
0.250081 0.197677 0.0 
1.79743 0.382832 0.0 
0.245059 0.178297 0.0 
0.328623 0.20849 0.0 
0.285577 0.218292 0.0 
0.324455 0.197889 0.0 
2.16418 0.00401673 0.0 
0.134281 0.41 0.0 
0.248006 0.185982 0.0 
0.144802 0.203459 0.0 
0.902067 0.00224303 0.0 
2.18554 0.409356 0.0 
0.21611 0.152669 0.0 
0.394796 0.0367353 0.0 
0.239519 0.232529 0.0 
0.118833 0.161762 0.0 
0.25123 0.201065 0.0 
0.166352 0.162845 0.0 
2.13797 0.39787 0.0 
0.223415 0.244274 0.0 
0.249504 0.207237 0.0 
0.22943 0.240419 0.0 
0.22566 0.406472 0.0 
0.258357 0.19767 0.0 
0.266825 0.195907 0.0 
0.249851 0.195657 0.0 
0.459948 0.405542 0.0 
0.229002 0.240811 0.0 
0.0459942 0 0.0 
0.250765 0.201505 0.0 
2.2 0.409151 0.0 
0.267994 0.201084 0.0 
0.381662 0 0.0 
0.403187 0.00401072 0.0 
0.182512 0.151065 0.0 
0.255546 0.203669 0.0 
0.15736 0.17347 0.0 
0.247334 0.216473 0.0 
0.181182 0.153627 0.0 
0.257255 0.199008 0.0 
0.12942 0.402234 0.0 
0.253521 0.201803 0.0 
0.255041 0.202291 0.0 
0.235916 0.235317 0.0 
0.153662 0.21894 0.0 
2.06223 0.00317883 0.0 
0.224733 0.243943 0.0 
0.163752 0.165474 0.0 
0.254016 0.200356 0.0 
0.150007 0.200691 0.0 
1.68461 0.00498343 0.0 
0.250817 0.170402 0.0 
0.237034 0.233676 0.0 
0.21432 0.151924 0.0 
0.236826 0.233926 0.0 
0.194519 0.249709 0.0 
0.252294 0.182341 0.0 
0.220649 0.245584 0.0 
0.0432765 0.00309331 0.0 
0.175012 0.156656 0.0 
0.153412 0.218356 0.0 
0.147249 0.199891 0.0 
0.285798 0.00892816 0.0 
0.226255 0.15741 0.0 
0.418612 0.201027 0.0 
0.153297 0.182105 0.0 
0.174004 0.157292 0.0 
0.24509 0.175321 0.0 
0.245938 0.21978 0.0 
0.167201 0.162221 0.0 
0.344003 0.210144 0.0 
0.959217 0.231706 0.0 
0.282672 0.166359 0.0 
0.132905 0.201494 0.0 
0.843715 0.144835 0.0 
0.247864 0.16604 0.0 
0.171878 0.242224 0.0 
0.201856 0.149083 0.0 
1.98348 0.407967 0.0 
0.150998 0.189406 0.0 
0.225675 0.242969 0.0 
0.150506 0.192296 0.0 
0.277672 0.00470627 0.0 
0.220709 0.154427 0.0 
0.0327261 0.408423 0.0 
2.19011 0.000622122 0.0 
1.63249 0.0128438 0.0 
0.150575 0.208319 0.0 
1.48688 0.00486829 0.0 
0.555317 0.407464 0.0 
2.15843 0.41 0.0 
2.17502 0.41 0.0 
0.172209 0.158289 0.0 
0.249229 0.190946 0.0 
0.150187 0.1957 0.0 
0.242259 0.226823 0.0 
0.248757 0.211381 0.0 
1.55102 0.408154 0.0 
0.151418 0.211943 0.0 
0.165897 0.163437 0.0 
0.335446 0.219449 0.0 
0.164525 0.164321 0.0 
0.149925 0.202532 0.0 
1.90466 0.407372 0.0 
0.234995 0.236193 0.0 
0.152088 0.185637 0.0 
2.1643 0.00196481 0.0 
0.236748 0.234088 0.0 
0.264688 0.172108 0.0 
0.133925 0.206728 0.0 
0.153371 0.218121 0.0 
0.15155 0.212451 0.0 
1.38432 0.00594666 0.0 
0.291539 0.220109 0.0 
0.2355 0.235602 0.0 
1.9512 0.00260291 0.0 
0.185433 0.247953 0.0 
0.533993 0.389124 0.0 
1.57909 0.00341581 0.0 
0.192191 0.150514 0.0 
0.236582 0.237034 0.0 
1.96943 0.407711 0.0 
2.12131 0.00325707 0.0 
1.71485 0.00342702 0.0 
0.34863 0.00242335 0.0 
0.193954 0.249677 0.0 
0.00851532 0.409585 0.0 
0.00087276 0.409547 0.0 
0.260112 0.202735 0.0 
0.144406 0.196473 0.0 
0.168564 0.160968 0.0 
2.09267 0.406655 0.0 
0.152626 0.216223 0.0 
0.161063 0.234843 0.0 
0.252373 0.173377 0.0 
0.235342 0.23618 0.0 
1.30903 0.0131113 0.0 
0.245953 0.23054 0.0 
0.155001 0.221853 0.0 
1.34015 0.0171642 0.0 
0.683719 0.397003 0.0 
0.254171 0.19054 0.0 
0.211801 0.151385 0.0 
0.162875 0.166482 0.0 
0.160065 0.230182 0.0 
0.302924 0.23234 0.0 
1.7846 0.00442671 0.0 
0.147207 0.19887 0.0 
1.87208 0.0175876 0.0 
2.06786 0.0423531 0.0 
0.25548 0.19914 0.0 
0.246919 0.217561 0.0 
2.19885 0.409337 0.0 
0.021155 0.41 0.0 
2.15799 0.407842 0.0 
0.219642 0.245978 0.0 
0.979501 0.00225131 0.0 
0.204843 0.150152 0.0 
0.148278 0.208856 0.0 
0.666841 0.361948 0.0 
0.0804864 0.402446 0.0 
0.173396 0.15764 0.0 
0.183993 0.152501 0.0 
0.1477 0.0421785 0.0 
0.181582 0.153402 0.0 
2.19768 0.000679636 0.0 
0.222742 0.155447 0.0 
0.166281 0.237899 0.0 
1.36925 0.406709 0.0 
0.151107 0.210671 0.0 
0.0394003 0.405458 0.0 
0.287619 0.405788 0.0 
0.261798 0.179326 0.0 
1.59144 0.405839 0.0 
0.0078371 0.000800612 0.0 
0.161532 0.168041 0.0 
0.0112753 0.409521 0.0 
1.95189 0.0078306 0.0 
2.06017 0 0.0 
0.149656 0.199818 0.0 
0.193709 0.150238 0.0 
0.234021 0.163338 0.0 
0.184729 0.15233 0.0 
2.04637 0.397057 0.0 
0.168511 0.156872 0.0 
0.00043638 0.409774 0.0 
0.247587 0.224939 0.0 
0.868152 0.407459 0.0 
0.250066 0.200663 0.0 
0.245374 0.0041232 0.0 
0.152957 0.183015 0.0 
0.154193 0.220114 0.0 
0.180904 0.153793 0.0 
0.228752 0.241079 0.0 
0.334296 0.21433 0.0 
0.203314 0.249906 0.0 
0.0100389 0.408876 0.0 
0.0986072 0.00451331 0.0 
0.244227 0.158061 0.0 
0.286458 0.215043 0.0 
2.11137 0.101038 0.0 
0.126877 0.202333 0.0 
2.17085 0 0.0 
0.0488317 0.09015 0.0 
0.147265 0.201817 0.0 
0.59403 0.0491403 0.0 
0.254171 0.206847 0.0 
1.5223 0.41 0.0 
0.2302 0.160154 0.0 
0.157638 0.226683 0.0 
0.166925 0.237559 0.0 
0.795377 0.0036592 0.0 
0.203064 0.399434 0.0 
0.247464 0.184184 0.0 
0.521292 0.407545 0.0 
0.13928 0.187991 0.0 
1.88952 0.407106 0.0 
0.155287 0.177627 0.0 
0.12911 0.406579 0.0 
0.14123 0.20228 0.0 
0.247637 0.184666 0.0 
1.09696 0.405961 0.0 
0.200923 0.149952 0.0 
0.00549391 0 0.0 
0.199222 0.250012 0.0 
0.186649 0.248227 0.0 
0.15901 0.17094 0.0 
0.278601 0.225014 0.0 
0.264429 0.233125 0.0 
0.250045 0.201757 0.0 
0.219668 0.246125 0.0 
0.252998 0.199853 0.0 
0.420165 0.403903 0.0 
0.155016 0.178046 0.0 
0.263623 0.194858 0.0 
0.166197 0.236868 0.0 
0.249929 0.196107 0.0 
0.117627 0.405848 0.0 
0.236093 0.165401 0.0 
0.840174 0.403014 0.0 
0.266891 0.40576 0.0 
0.248896 0.167159 0.0 
0.245233 0.235067 0.0 
0.469881 0.022192 0.0 
0.25255 0.202289 0.0 
0.157458 0.226381 0.0 
1.35327 0.40829 0.0 
0.249915 0.203504 0.0 
0.266051 0.00413385 0.0 
2.15147 0.370977 0.0 
0.775931 0.00308995 0.0 
0.252631 0.156857 0.0 
0.244768 0.177367 0.0 
0.147885 0.197778 0.0 
0.247352 0.405531 0.0 
0.475451 0.00553401 0.0 
0.304787 0.187014 0.0 
0.230108 0.159908 0.0 
0.162056 0.232558 0.0 
0.897669 0.408137 0.0 
0.15132 0.211538 0.0 
0.171003 0.159146 0.0 
1.53197 0.00291107 0.0 
0.250173 0.199885 0.0 
0.10774 0.00459116 0.0 
0.151997 0.185955 0.0 
0.211508 0.248743 0.0 
0.0170796 0.0173924 0.0 
1.51929 0.00431942 0.0 
0.319626 0.213258 0.0 
0.237092 0.164172 0.0 
0.153244 0.217783 0.0 
0.180407 0.153976 0.0 
0.836039 0.0028871 0.0 
0.159682 0.229867 0.0 
0.241082 0.171504 0.0 
0.216331 0.122655 0.0 
0.237814 0.165648 0.0 
0.24994 0.197607 0.0 
0.223675 0.155944 0.0 
0.229638 0.382474 0.0 
0.180383 0.153726 0.0 
0.335413 0.41 0.0 
0.23453 0.163794 0.0 
0.186532 0.24825 0.0 
1.03341 0.406964 0.0 
1.64803 0.00328548 0.0 
0.216056 0.152558 0.0 
1.04723 0.00456702 0.0 
0.0845458 0.181639 0.0 
0.0848787 0.20446 0.0 
0.187154 0.248404 0.0 
0.21674 0.152812 0.0 
0.149917 0.198895 0.0 
0.248251 0.2131 0.0 
0.164401 0.235137 0.0 
0.179051 0.154567 0.0 
0.00289159 0.000346433 0.0 
1.56265 0.00479457 0.0 
0.245025 0.221813 0.0 
0.0751162 0.41 0.0 
0.00638255 0.000386459 0.0 
0.249184 0.211385 0.0 
1.30294 0.00429318 0.0 
0.149924 0.199443 0.0 
0.232579 0.237975 0.0 
0.223276 0.0252188 0.0 
0.196345 0.149929 0.0 
0.194511 0.0051457 0.0 
0.13808 0.197549 0.0 
2.19118 0 0.0 
0.149874 0.198575 0.0 
0.998861 0.0022537 0.0 
0.182023 0.24673 0.0 
0.249996 0.197338 0.0 
0.156293 0.175722 0.0 
0.243216 0.174858 0.0 
0.224168 0.243789 0.0 
0.236839 0.166196 0.0 
0.563905 0.0047011 0.0 
0.255046 0.199947 0.0 
0.217671 0.246997 0.0 
0.158374 0.171871 0.0 
1.45759 0.00863352 0.0 
1.71638 0.406617 0.0 
1.03923 0.00176826 0.0 
2.18544 0.41 0.0 
0.244259 0.223339 0.0 
1.089 0.00201127 0.0 
0.239719 0.234791 0.0 
0.219062 0.246308 0.0 
0.239917 0.169893 0.0 
0.194588 0.150211 0.0 
0.186076 0.151883 0.0 
1.52255 0.00922692 0.0 
1.05533 0.00148342 0.0 
0.213654 0.248174 0.0 
1.60471 0.408838 0.0 
0.475376 0.406126 0.0 
0.0107877 0 0.0 
0.421718 0.219848 0.0 
0.250568 0.200456 0.0 
0.453749 0.00501251 0.0 
0.622836 0.192857 0.0 
0.204364 0.00461423 0.0 
1.1516 0.0506492 0.0 
0.202237 0.249984 0.0 
2.04695 0 0.0 
0.226383 0.242524 0.0 
0.590286 0 0.0 
0.151143 0.189235 0.0 
0.150008 0.200842 0.0 
0.194767 0.249741 0.0 
0.720232 0.404038 0.0 
0.278646 0.216587 0.0 
0.190934 0.150757 0.0 
0.0867563 0.41 0.0 
1.558 0.00220324 0.0 
0.155754 0.223408 0.0 
0.157623 0.226596 0.0 
0.236013 0.164881 0.0 
0.239614 0.169379 0.0 
0.206817 0.405196 0.0 
0.227203 0.243144 0.0 
0.256043 0.197896 0.0 
0.17277 0.242033 0.0 
0.229442 0.15943 0.0 
0.218298 0.246621 0.0 
0.272925 0.253795 0.0 
0.150582 0.207592 0.0 
1.23893 0.0028681 0.0 
0.243653 0.224408 0.0 
0.18272 0.247144 0.0 
0.900639 0.363019 0.0 
0.15241 0.184542 0.0 
1.89925 0.0066888 0.0 
0.229327 0.159507 0.0 
0.632769 0.31509 0.0 
0.23573 0.235488 0.0 
1.39796 0.404547 0.0 
0.190006 0.15096 0.0 
2.18713 0.000632597 0.0 
1.68769 0.40474 0.0 
0.249983 0.198757 0.0 
0.271813 0.178191 0.0 
1.07804 0.00460265 0.0 
0.769917 0.407045 0.0 
0.15206 0.185429 0.0 
0.2348 0.235899 0.0 
1.33281 0.408202 0.0 
0.206505 0.24961 0.0 
0.182176 0.153224 0.0 
0.217534 0.153153 0.0 
0.148437 0.19879 0.0 
0.210291 0.151073 0.0 
0.242805 0.225941 0.0 
0.366949 0.406916 0.0 
0.0415287 0.408416 0.0 
0.214024 0.248066 0.0 
1.28425 0.404983 0.0 
0.236457 0.160444 0.0 
2.11245 0.00766915 0.0 
0.151811 0.213327 0.0 
0.233183 0.237398 0.0 
1.89855 0.0029172 0.0 
0.945666 0.00941278 0.0 
0.242993 0.174396 0.0 
0.241033 0.234478 0.0 
2.1591 0 0.0 
2.2 0.000233602 0.0 
1.74359 0.407822 0.0 
0.313712 0.170355 0.0 
0.955913 0.0062765 0.0 
0.218675 0.246475 0.0 
0.557555 0.404671 0.0 
0.514349 0.00463245 0.0 
0.246707 0.217925 0.0 
0.250005 0.198306 0.0 
0.236097 0.235523 0.0 
0.155131 0.177647 0.0 
0.281811 0.177191 0.0 
1.42622 0.405231 0.0 
0.249634 0.193321 0.0 
0.223061 0.244763 0.0 
0.577168 0.406445 0.0 
0.239412 0.169236 0.0 
0.240377 0.170081 0.0 
0.241534 0.172066 0.0 
0.215423 0.247695 0.0 
0.204109 0.250374 0.0 
0.169105 0.23931 0.0 
0.248897 0.211076 0.0 
1.99286 0.00308094 0.0 
0.231221 0.160932 0.0 
0.242804 0.234118 0.0 
0.252186 0.218167 0.0 
0.155793 0.176453 0.0 
0.112471 0.1705 0.0 
0.206444 0.249581 0.0 
2.17553 0 0.0 
2.2 0.142678 0.0 
0.810214 0.405827 0.0 
2.0987 0.0115439 0.0 
0.203315 0.150071 0.0 
0.353108 0.195316 0.0 
0.157473 0.172993 0.0 
0.236669 0.235076 0.0 
0.236115 0.234805 0.0 
0.269598 0.396258 0.0 
0.249439 0.207623 0.0 
0.151252 0.188891 0.0 
1.41362 0.41 0.0 
0.125036 0.177269 0.0 
0.178371 0.245077 0.0 
2.04749 0.404671 0.0 
2.10619 0.41 0.0 
0.238423 0.167948 0.0 
1.69123 0.0114856 0.0 
0.150448 0.206665 0.0 
0.221643 0.245543 0.0 
0.155097 0.228247 0.0 
0.241761 0.227707 0.0 
0.160949 0.16875 0.0 
0.274415 0.177802 0.0 
0.152786 0.183252 0.0 
0.234115 0.163093 0.0 
2.19739 0.000169198 0.0 
0.150265 0.194426 0.0 
0.156465 0.224703 0.0 
0.181097 0.246286 0.0 
0.172575 0.241984 0.0 
0.197134 0.249943 0.0 
0.397132 0.404934 0.0 
0.234042 0.236619 0.0 
0.211333 0.151304 0.0 
0.890415 0 0.0 
2.02012 0.00375477 0.0 
0.155431 0.222778 0.0 
0.150422 0.207239 0.0 
0.150229 0.194762 0.0 
0.189278 0.248954 0.0 
0.243298 0.225074 0.0 
0.66115 0.00522261 0.0 
0.250134 0.198026 0.0 
2.2 0.409769 0.0 
0.271746 0.197289 0.0 
1.60667 0.00690916 0.0 
0.235211 0.162877 0.0 
0.176644 0.155765 0.0 
1.90384 0 0.0 
0.235465 0.235242 0.0 
0.252561 0.201589 0.0 
1.73855 0.0760826 0.0 
0.568952 0.346189 0.0 
0.171756 0.241306 0.0 
1.07016 0.41 0.0 
0.234981 0.235864 0.0 
0.214701 0.152156 0.0 
0.149798 0.199849 0.0 
1.66861 0.405153 0.0 
0.193733 0.249625 0.0 
2.13132 0.409232 0.0 
0.150455 0.207049 0.0 
0.15571 0.176801 0.0 
1.42987 0.00730687 0.0 
0.150114 0.1944 0.0 
2.18567 0.409681 0.0 
0.150217 0.195369 0.0 
0.213847 0.248269 0.0 
0.335192 0.199701 0.0 
0.297063 0.191622 0.0 
1.65705 0.399316 0.0 
0.152407 0.184179 0.0 
0.540665 0.0128651 0.0 
0.35907 0.41 0.0 
0.67873 0.00357147 0.0 
0.152038 0.185049 0.0 
2.19375 0.00110906 0.0 
1.67478 0.396316 0.0 
0.247628 0.183502 0.0 
0.158918 0.228496 0.0 
0.288877 0.180539 0.0 
0.150122 0.205502 0.0 
2.08513 0.00581078 0.0 
0.150507 0.207389 0.0 
0.250137 0.200812 0.0 
0.200497 0.150005 0.0 
2.19068 0.00392533 0.0 
1.26196 0.406467 0.0 
0.241013 0.171259 0.0 
0.784566 0.40682 0.0 
0.245618 0.179436 0.0 
0.244269 0.22345 0.0 
0.236647 0.234805 0.0 
0.235635 0.235784 0.0 
0.240701 0.170817 0.0 
0.235253 0.235554 0.0 
0.160854 0.2312 0.0 
1.17623 0.405043 0.0 
0.183973 0.247399 0.0 
2.18363 0.00186469 0.0 
0.93247 0.41 0.0 
0.226924 0.157871 0.0 
0.236058 0.235093 0.0 
0.235304 0.235916 0.0 
0.240601 0.170823 0.0 
0.168022 0 0.0 
0.231515 0.239128 0.0 
2.11215 0 0.0 
0.260528 0.174933 0.0 
0.161267 0.231717 0.0 
2.19185 0.40209 0.0 
0.736002 0.401393 0.0 
0.149996 0.203139 0.0 
0.156821 0.174362 0.0 
0.156697 0.174833 0.0 
0.158843 0.171495 0.0 
0.149614 0.199606 0.0 
0.159396 0.229173 0.0 
0.220557 0.24572 0.0 
0 0.247041 0.0 
0.149919 0.200723 0.0 
2.12206 0.408891 0.0 
2.2 0.212957 0.0 
2.1993 0.000261205 0.0 
1.21943 0.00178133 0.0 
1.19367 0.406895 0.0 
0.249996 0.200369 0.0 
0.299998 0.186707 0.0 
0.653987 0.0126487 0.0 
0.165507 0.236194 0.0 
0.0126034 0.00106321 0.0 
0.173796 0.242667 0.0 
0.158349 0.227748 0.0 
0.247087 0.216898 0.0 
0.171669 0.24146 0.0 
0.287973 0.182751 0.0 
0.231452 0.160876 0.0 
0.229143 0.159276 0.0 
0.166311 0.162998 0.0 
0.192311 0.249437 0.0 
0.644798 0.00293746 0.0 
0.232989 0.237773 0.0 
1.30644 0.0930764 0.0 
0.300617 0.223074 0.0 
0.151634 0.213084 0.0 
2.18715 0.40826 0.0 
0.227326 0.158042 0.0 
2.14094 0.404215 0.0 
0.190772 0.150861 0.0 
0.280267 0.218363 0.0 
0.290869 0.185372 0.0 
0.15179 0.213793 0.0 
1.75688 0.00480523 0.0 
0.17316 0.242182 0.0 
2.17861 0.408254 0.0 
0.223856 0.156017 0.0 
0.278907 0.176259 0.0 
0.238306 0.163961 0.0 
0.163428 0.159422 0.0 
0.38589 0.00571232 0.0 
2.0402 0.00433225 0.0 
0.236429 0.235689 0.0 
0.191147 0.150761 0.0 
0.221563 0.245296 0.0 
2.19217 0.000438563 0.0 
0.158929 0.228694 0.0 
0.235833 0.164025 0.0 
0.195285 0.249775 0.0 
1.86351 0.0378251 0.0 
0.155598 0.223081 0.0 
0.149838 0.199347 0.0 
0.140849 0.197534 0.0 
0 0.126136 0.0 
0.22934 0.240544 0.0 
0.636241 0.402364 0.0 
1.82302 0.407718 0.0 
0.163247 0.166008 0.0 
2.17832 0.00159123 0.0 
0.161312 0.23167 0.0 
0.210923 0.248843 0.0 
0.239638 0.165234 0.0 
0.163127 0.165987 0.0 
0.193556 0.150419 0.0 
0.154868 0.406536 0.0 
0.236275 0.235881 0.0 
0.215299 0.152354 0.0 
0.161562 0.232067 0.0 
0.152749 0.183514 0.0 
0.203645 0.150083 0.0 
0.145106 0.205302 0.0 
0.235481 0.164163 0.0 
2.15253 0.0011192 0.0 
0.230088 0.159994 0.0 
0.349913 0.187459 0.0 
0.189717 0.150978 0.0 
0.227728 0.158263 0.0 
0.249916 0.205244 0.0 
1.18275 0.408265 0.0 
0.165708 0.236494 0.0 
0.24915 0.209338 0.0 
0.236839 0.165562 0.0 
0.146745 0.194924 0.0 
0.387902 0.00943065 0.0 
2.13524 0.00243021 0.0 
2.01656 0.408087 0.0 
0.153782 0.180888 0.0 
0.165852 0.236562 0.0 
0.814827 0 0.0 
0.236314 0.235524 0.0 
1.64948 0.407094 0.0 
0.245452 0.178929 0.0 
0.19733 0.249981 0.0 
0.252834 0.298986 0.0 
0.193643 0.132094 0.0 
0.214252 0.152027 0.0 
0.226651 0.157525 0.0 
1.53942 0.40713 0.0 
0.150533 0.207264 0.0 
0.23542 0.164576 0.0 
0.246283 0.218912 0.0 
0.249993 0.199254 0.0 
0.23737 0.233309 0.0 
0.165517 0.163734 0.0 
0.150721 0.209159 0.0 
0.174399 0.157017 0.0 
0.150744 0.208842 0.0 
0.210308 0.248997 0.0 
0.65707 0.41 0.0 
1.43038 0.0605799 0.0 
0.227336 0.157953 0.0 
0.161333 0.232867 0.0 
0.169163 0.23951 0.0 
0.281816 0.220203 0.0 
0.149948 0.204214 0.0 
0.150105 0.196143 0.0 
0.227996 0.158295 0.0 
0.232333 0.248723 0.0 
0.260011 0.210442 0.0 
0.151608 0.187275 0.0 
0.162575 0.233249 0.0 
0.151793 0.18674 0.0 
0.164898 0.164346 0.0 
1.26963 0.00343387 0.0 
0.184142 0.247543 0.0 
0.353975 0.00552816 0.0 
0.240567 0.230782 0.0 
0.168075 0.238582 0.0 
0.235629 0.164634 0.0 
0.249566 0.206834 0.0 
0.227736 0.00568477 0.0 
0.202974 0.149995 0.0 
0.16054 0.230791 0.0 
1.14639 0.40716 0.0 
0.242111 0.172573 0.0 
0.150609 0.192143 0.0 
0.219942 0 0.0 
0.229418 0.159503 0.0 
0.241718 0.172443 0.0 
0.246423 0.179588 0.0 
0.174795 0.24349 0.0 
0.235263 0.164485 0.0 
0.173387 0.242357 0.0 
0.0181701 0.408606 0.0 
0.230332 0.16015 0.0 
0.249637 0.206388 0.0 
0.158226 0.227691 0.0 
0.326127 0.18998 0.0 
0.00228054 0.409458 0.0 
0.163254 0.234011 0.0 
0.189624 0.151058 0.0 
0.14983 0.201136 0.0 
0.152639 0.216023 0.0 
1.85706 0.407729 0.0 
1.65071 0.402746 0.0 
0.173377 0.242466 0.0 
0.217593 0.152644 0.0 
0.156648 0.225122 0.0 
0.250042 0.195853 0.0 
0.193684 0.249597 0.0 
0.214665 0.151567 0.0 
0.21866 0.153418 0.0 
0.218666 0.246574 0.0 
0.0078709 0 0.0 
0.249932 0.195676 0.0 
0.176398 0.281016 0.0 
0.252199 0.162624 0.0 
2.03372 0 0.0 
1.28019 0.407577 0.0 
0.249993 0.200703 0.0 
0.149944 0.201122 0.0 
0.203625 0.15001 0.0 
0.158978 0.228667 0.0 
0.151466 0.18778 0.0 
0.0455898 0.409296 0.0 
0.149897 0.199759 0.0 
0.226505 0.401297 0.0 
0.224316 0.156233 0.0 
1.37538 0.00251237 0.0 
0.174645 0.243237 0.0 
0.150434 0.193448 0.0 
0.220729 0.245498 0.0 
0.234425 0.23626 0.0 
2.17169 0.00100933 0.0 
0.455272 0.211468 0.0 
0.189637 0.151088 0.0 
0.149978 0.196545 0.0 
0.215308 0.152311 0.0 
1.75575 0.0123697 0.0 
0.241521 0.228083 0.0 
0.190728 0.150835 0.0 
0.213439 0.151533 0.0 
0.202754 0.149795 0.0 
1.16009 0.405394 0.0 
0.240988 0.228632 0.0 
0.151502 0.212153 0.0 
0.194906 0.249827 0.0 
0.152066 0.214216 0.0 
0.249055 0.210164 0.0 
2.16466 0.0082781 0.0 
2.19566 0 0.0 
0.165234 0.164027 0.0 
0.235431 0.164456 0.0 
0.250777 0.200491 0.0 
0.00315511 0.40877 0.0 
0.240337 0.230119 0.0 
0.180393 0.246195 0.0 
0.273601 0.168878 0.0 
0.246721 0.181812 0.0 
0.160331 0.230758 0.0 
1.20382 0.00291319 0.0 
0.276178 0.193357 0.0 
0.235229 0.235479 0.0 
0.167904 0.161574 0.0 
0.378788 0.403597 0.0 
0.197115 0.250024 0.0 
0.132183 0.165638 0.0 
0.157024 0.225642 0.0 
0.0152309 0.40792 0.0 
0.249686 0.205576 0.0 
1.85989 0.404488 0.0 
0.00440959 0.000913748 0.0 
2.17523 0.408943 0.0 
0.291306 0.41 0.0 
0.406343 0.398663 0.0 
0.204314 0.15009 0.0 
0.167578 0.161878 0.0 
0.00468483 0.000513797 0.0 
0 0.190868 0.0 
0.235473 0.235341 0.0 
0.241933 0.172432 0.0 
0.247067 0.217088 0.0 
0.233289 0.238001 0.0 
0.151806 0.213585 0.0 
0.235926 0.164403 0.0 
0.155896 0.223551 0.0 
0.150057 0.197668 0.0 
2.19486 0.000333967 0.0 
0.240163 0.169989 0.0 
0.149552 0.198434 0.0 
2.18496 0.000514446 0.0 
0.150001 0.200109 0.0 
0.201569 0.150007 0.0 
0.249968 0.198261 0.0 
0.0330534 0.407419 0.0 
0.149647 0.198937 0.0 
0.16037 0.230696 0.0 
0.188634 0.151247 0.0 
0.150303 0.194168 0.0 
0.0177374 0.41 0.0 
2.19451 0.41 0.0 
0.16923 0.160592 0.0 
0.237618 0.166996 0.0 
0.201089 0.14984 0.0 
0.246377 0.180928 0.0 
0.156651 0.224988 0.0 
1.45948 0.406614 0.0 
0.192115 0.249437 0.0 
0.240253 0.17023 0.0 
0.433238 0.114678 0.0 
0.215668 0.152103 0.0 
1.88024 0.403997 0.0 
0.178328 0.41 0.0 
0.152358 0.215166 0.0 
0.177898 0.244952 0.0 
0.240446 0.22948 0.0 
0.320467 0.400794 0.0 
0.240399 0.229798 0.0 
0.268415 0.214962 0.0 
0.347757 0.291076 0.0 
0.150029 0.19837 0.0 
0.292284 0.183181 0.0 
0.180978 0.246339 0.0 
0.171838 0.24139 0.0 
0.248248 0.213254 0.0 
0.242009 0.228722 0.0 
0.150117 0.204559 0.0 
0.399082 0.391591 0.0 
0.17841 0.245167 0.0 
0.155476 0.222988 0.0 
0.516424 0.179167 0.0 
0.207669 0.249406 0.0 
0.241758 0.171879 0.0 
0.235994 0.235826 0.0 
0.00401415 0.409421 0.0 
0.167535 0.161976 0.0 
0.239775 0.169443 0.0 
0.249087 0.210488 0.0 
0.160232 0.230883 0.0 
0.177301 0.244769 0.0 
0.273275 0.219504 0.0 
0.239847 0.169674 0.0 
1.40953 0.407823 0.0 
0.171504 0.158918 0.0 
0.27063 0.221177 0.0 
0.014368 0.000411169 0.0 
0.231097 0.160728 0.0 
0.236366 0.234619 0.0 
1.22475 0.00450998 0.0 
0.369834 0.00583131 0.0 
0.235534 0.235896 0.0 
0.138562 0.166226 0.0 
0.196689 0.249942 0.0 
0.236267 0.16482 0.0 
0.150004 0.20245 0.0 
0.180342 0.246017 0.0 
0.249796 0.19509 0.0 
2.19933 0.409733 0.0 
0.184832 0.247771 0.0 
0.27759 0.171146 0.0 
0.17035 0.159534 0.0 
0.154122 0.180093 0.0 
0.24973 0.20616 0.0 
0.149929 0.199567 0.0 
0.213991 0.248001 0.0 
0.215248 0.152172 0.0 
0.21799 0.246713 0.0 
0.27172 0.228906 0.0 
0.186855 0.248302 0.0 
0.150938 0.190368 0.0 
0.188269 0.151365 0.0 
0.280839 0.41 0.0 
2.01641 0.404602 0.0 
1.06901 0.00253424 0.0 
0.23438 0.159358 0.0 
0.23617 0.164886 0.0 
0.12 0.280022 0.0 
0.241262 0.171663 0.0 
0.167794 0.161719 0.0 
0.149906 0.196669 0.0 
0.179489 0.245747 0.0 
0.564277 0.408096 0.0 
0.150042 0.196292 0.0 
0.00634061 0.409571 0.0 
1.06706 0.407717 0.0 
0.111312 0.194424 0.0 
0.0991462 0.301882 0.0 
0.00924 0.000452282 0.0 
0.255157 0.20998 0.0 
0.234693 0.236002 0.0 
0.150797 0.209672 0.0 
0.182528 0.24696 0.0 
0.256304 0.205745 0.0 
0.183332 0.247259 0.0 
0.164646 0.235354 0.0 
0.149494 0.1993 0.0 
0.158918 0.171504 0.0 
0.53863 0 0.0 
0.149894 0.200287 0.0 
0.461913 0.235112 0.0 
0.23558 0.235127 0.0 
0.211333 0.248696 0.0 
0.235876 0.163534 0.0 
1.80644 0.0101252 0.0 
0.150319 0.194379 0.0 
0.249949 0.339984 0.0 
0.159628 0.170086 0.0 
0.236026 0.164771 0.0 
0.167624 0.153635 0.0 
0.223943 0.243913 0.0 
0.25372 0.20452 0.0 
0.258064 0.212568 0.0 
0.535722 0.407873 0.0 
1.10361 0.00460888 0.0 
0.211473 0.248699 0.0 
0.162772 0.233508 0.0 
0.236012 0.165121 0.0 
0.192361 0.139485 0.0 
0.442197 0.00454272 0.0 
0.203299 0.150002 0.0 
0.227807 0.151646 0.0 
0.330979 0.198951 0.0 
2.1884 0.406625 0.0 
1.01575 0.00479808 0.0 
0.366064 0.0105249 0.0 
1.96645 0.41 0.0 
0.717549 0.00215971 0.0 
0.296428 0.220928 0.0 
0.15778 0.226954 0.0 
0.228496 0.241082 0.0 
0.235395 0.235742 0.0 
1.40071 0.00196576 0.0 
0.303768 0.00338141 0.0 
0.235529 0.164822 0.0 
0.0231884 0.409459 0.0 
1.95837 0.40814 0.0 
0.0128729 0.00210837 0.0 
1.36466 0.404106 0.0 
1.66495 0.00372607 0.0 
0.158857 0.17094 0.0 
0.612239 0 0.0 
0.233799 0.236843 0.0 
1.89888 0.403682 0.0 
0.289012 0.226916 0.0 
0.15959 0.229442 0.0 
0.156226 0.175744 0.0 
0.159226 0.229031 0.0 
0.209538 0.41 0.0 
0.275529 0.209449 0.0 
0.168204 0.161415 0.0 
0.265382 0.224006 0.0 
0.250315 0.201021 0.0 
0.151914 0.213863 0.0 
0.223268 0.155703 0.0 
0.220285 0.245788 0.0 
0.145269 0.194826 0.0 
0.169129 0.239431 0.0 
0.236621 0.234127 0.0 
0.790651 0.41 0.0 
0.223511 0.155803 0.0 
0.152753 0.21645 0.0 
1.44342 0.399914 0.0 
0.210687 0.248949 0.0 
0.16458 0.235307 0.0 
0.212221 0.248545 0.0 
0.134516 0.176042 0.0 
0.281262 0.178714 0.0 
0.239338 0.169016 0.0 
0.238001 0.232559 0.0 
0.327936 0.00393537 0.0 
0.254958 0.23519 0.0 
0.26866 0.181834 0.0 
0.149966 0.205219 0.0 
0.148969 0.200081 0.0 
0.150664 0.208365 0.0 
0.46505 0.00397312 0.0 
0.249783 0.195376 0.0 
0.175892 0.243932 0.0 
0.40974 0.00833635 0.0 
0.160328 0.169195 0.0 
0.149965 0.197072 0.0 
0.249837 0.205517 0.0 
0.0762414 0.406991 0.0 
0.245049 0.178118 0.0 
0.250283 0.200654 0.0 
0.242546 0.226392 0.0 
0.150538 0.2077 0.0 
1.21032 0.407028 0.0 
1.97376 0 0.0 
0.171458 0.241093 0.0 
0.238233 0.232286 0.0 
0.254059 0.226399 0.0 
0.154204 0.220261 0.0 
0.149701 0.199433 0.0 
0.168984 0.239248 0.0 
2.18368 0.408387 0.0 
0.227008 0.157804 0.0 
1.1442 0.41 0.0 
1.52003 0.407771 0.0 
1.83122 0.404338 0.0 
0.241614 0.227825 0.0 
1.60394 0 0.0 
0.16331 0.165893 0.0 
0.207178 0.24948 0.0 
0.279498 0.196963 0.0 
0.155193 0.177703 0.0 
0.367465 0.21838 0.0 
0.180464 0.246125 0.0 
1.11533 0.403799 0.0 
1.72859 0.401363 0.0 
0.15576 0.176301 0.0 
0.174004 0.242708 0.0 
1.46992 0.402692 0.0 
1.81572 0.0442996 0.0 
0.164465 0.235257 0.0 
0.205756 0.249877 0.0 
0.387311 0.197279 0.0 
0.251222 0.200487 0.0 
0.248914 0.210351 0.0 
0.236239 0.235293 0.0 
0.15009 0.204209 0.0 
0.226946 0.157855 0.0 
0.162936 0.23373 0.0 
0.221117 0.245416 0.0 
0.152208 0.21493 0.0 
0.152386 0.215482 0.0 
0.236484 0.165179 0.0 
1.16471 0.402248 0.0 
1.07186 0.00865913 0.0 
0.234985 0.163625 0.0 
0.15836 0.227674 0.0 
0.340656 0.405093 0.0 
0.284124 0.201002 0.0 
0.150321 0.20632 0.0 
0.141333 0.151697 0.0 
0.44637 0.41 0.0 
0.216672 0.247216 0.0 
0.249185 0.175147 0.0 
0.193609 0.150396 0.0 
0.159427 0.170502 0.0 
0.152268 0.18494 0.0 
0.255717 0.15056 0.0 
0.257208 0.16685 0.0 
0.305948 0.00856808 0.0 
2.2 0.357072 0.0 
0.308662 0.192686 0.0 
0.155877 0.176486 0.0 
0.250036 0.200548 0.0 
0.235238 0.235815 0.0 
0.589293 0.0101482 0.0 
0.261798 0.186047 0.0 
0.152043 0.214292 0.0 
0.235629 0.235551 0.0 
0.210783 0.249019 0.0 
0.270906 0.223359 0.0 
0.228131 0.158596 0.0 
0.238992 0.164253 0.0 
0.242801 0.174157 0.0 
2.11164 0.404052 0.0 
0.246716 0.218036 0.0 
0.169984 0.24005 0.0 
0.190252 0.249255 0.0 
2.01341 0.399464 0.0 
2.18895 0.40966 0.0 
0.414951 0.41 0.0 
0.193493 0.249583 0.0 
0.150093 0.204954 0.0 
0.111 0.2057 0.0 
0.18602 0.248004 0.0 
0.1338 0.196421 0.0 
0.22105 0.0106676 0.0 
0.255199 0.243599 0.0 
0.246439 0.218702 0.0 
2.19911 0.409872 0.0 
0.678357 0.401142 0.0 
0.180046 0.245885 0.0 
0.160948 0.231392 0.0 
0.24981 0.204323 0.0 
1.37838 0.0105203 0.0 
0.281899 0.182414 0.0 
0.154871 0.178374 0.0 
0.249877 0.196523 0.0 
1.96688 0.00389472 0.0 
1.15641 0.00212882 0.0 
0.245467 0.179111 0.0 
0.0626804 0.408088 0.0 
2.04318 0.341561 0.0 
0.239818 0.230345 0.0 
0.23672 0.23658 0.0 
0.235178 0.164471 0.0 
2.04959 0.40753 0.0 
0.31666 0.189539 0.0 
2.14967 0.0126912 0.0 
0.255892 0.231079 0.0 
0.185707 0.248012 0.0 
2.19555 0.409821 0.0 
0.150533 0.192735 0.0 
0.238527 0.167969 0.0 
0.532314 0.00584234 0.0 
0.252632 0.239847 0.0 
0.282788 0.180583 0.0 
0.247013 0.181595 0.0 
0.249781 0.205394 0.0 
0.247975 0.214145 0.0 
0.245788 0.220187 0.0 
0.249489 0.207508 0.0 
0.379209 0.209202 0.0 
0.247879 0.184826 0.0 
1.12325 0.406001 0.0 
0.233676 0.237158 0.0 
0.246653 0.217979 0.0 
0.196523 0.249877 0.0 
0.150845 0.190856 0.0 
0.302656 0.192376 0.0 
0.138226 0.205985 0.0 
0.138285 0.193582 0.0 
0.230581 0.160226 0.0 
0.261605 0.198113 0.0 
0.693054 0.00352633 0.0 
0.19141 0.249372 0.0 
0.152201 0.185254 0.0 
0.234927 0.236564 0.0 
0.150184 0.194621 0.0 
0.156666 0.174796 0.0 
0.928573 0.405766 0.0 
0.149479 0.199737 0.0 
0.237064 0.233788 0.0 
0.239892 0.230377 0.0 
0.100026 0.172412 0.0 
0.106409 0.0120748 0.0 
0.623978 0 0.0 
1.42584 0.00327883 0.0 
0.250682 0.236026 0.0 
0.243392 0.175123 0.0 
0.011776 0.000495955 0.0 
0.236162 0.235415 0.0 
1.92752 0.407077 0.0 
0.406131 0.401792 0.0 
0.236708 0.234312 0.0 
0.0370242 0.40923 0.0 
0.392341 0 0.0 
0.427494 0.00546837 0.0 
0.232303 0.238387 0.0 
0.229167 0.159123 0.0 
0.161042 0.231585 0.0 
0.265814 0.198662 0.0 
0.24887 0.21083 0.0 
0.25013 0.199348 0.0 
0.252082 0.201087 0.0 
0.23635 0.235006 0.0 
0.911542 0.407857 0.0 
0.194379 0.249681 0.0 
0.154025 0.179668 0.0 
0.201367 0.150021 0.0 
0.236192 0.234633 0.0 
0.256965 0.20804 0.0 
0.235606 0.235462 0.0 
0.249987 0.204394 0.0 
0.0640457 0.41 0.0 
1.2617 0.401482 0.0 
0.181547 0.246531 0.0 
0.248406 0.212871 0.0 
0.250123 0.201101 0.0 
0.278602 0.173776 0.0 
1.35287 0.00815548 0.0 
0.156397 0.224722 0.0 
0.216964 0.247032 0.0 
0.285618 0.186237 0.0 
0.249767 0.194404 0.0 
1.68478 0.400741 0.0 
0.139721 0.195953 0.0 
0.319868 0.209304 0.0 
0.152227 0.184769 0.0 
0.250121 0.200633 0.0 
0.233845 0.236882 0.0 
0.141304 0.200783 0.0 
0.15125 0.00360563 0.0 
0.20658 0.150437 0.0 
0.250201 0.197799 0.0 
0.243091 0.225455 0.0 
0.131634 0.394714 0.0 
0.230606 0.16036 0.0 
0.278281 0.177505 0.0 
0.8509 0.00345991 0.0 
0.670576 0.41 0.0 
0.162176 0.232812 0.0 
0.247905 0.214416 0.0 
0.209238 0.249137 0.0 
1.98017 0.00331844 0.0 
0.154346 0.179569 0.0 
0.221995 0.245164 0.0 
0.251583 0.202422 0.0 
2.19961 0 0.0 
0.23966 0.230805 0.0 
0.235797 0.235574 0.0 
1.69602 0 0.0 
0.235692 0.235683 0.0 
0.128796 0.194718 0.0 
0.381728 0.40701 0.0 
0.134811 0.213378 0.0 
0.245332 0.221253 0.0 
0.177616 0.15527 0.0 
0.222408 0.155305 0.0 
0.267243 0.192609 0.0 
0.177404 0.244673 0.0 
0.647102 0.40651 0.0 
0.135861 0.190115 0.0 
0.133651 0.193224 0.0 
0.231899 0.107546 0.0 
0.163804 0.165473 0.0 
0.238655 0.168204 0.0 
0.248896 0.227342 0.0 
0.278203 0.400198 0.0 
0.241316 0.228437 0.0 
0.209841 0.249145 0.0 
0.235306 0.235646 0.0 
0.389614 0.183175 0.0 
0.236026 0.235641 0.0 
0.236232 0.23518 0.0 
0.249429 0.207521 0.0 
0.235953 0.235214 0.0 
0.162712 0.166635 0.0 
0.16188 0.1676 0.0 
0.1272 0.213449 0.0 
0.326831 0.406356 0.0 
0.149981 0.195967 0.0 
1.18051 0.00162796 0.0 
1.5808 0.00785342 0.0 
2.19226 0.00180902 0.0 
0.422552 0.407483 0.0 
0.183878 0.398127 0.0 
0.192534 0.249455 0.0 
0.232691 0.162131 0.0 
0.504132 0.0158086 0.0 
0.24584 0.219961 0.0 
0.240382 0.229705 0.0 
0.312766 0.20343 0.0 
0.250065 0.197968 0.0 
0.236153 0.164984 0.0 
0.309785 0.344546 0.0 
0.484304 0.333191 0.0 
0.247462 0.184019 0.0 
0.247948 0.171643 0.0 
2.2 0.400955 0.0 
0.150193 0.204974 0.0 
0.24704 0.23743 0.0 
0.168496 0.238941 0.0 
0.235347 0.23536 0.0 
0.192343 0.249408 0.0 
0.153184 0.182236 0.0 
0.185857 0.248018 0.0 
1.9233 0.00346997 0.0 
0.158385 0.172134 0.0 
0.406044 0.00176938 0.0 
2.06541 0.0074306 0.0 
0.302294 0.242013 0.0 
0.24993 0.197397 0.0 
0.136129 0.203618 0.0 
0.217651 0.246866 0.0 
0.531844 0.255678 0.0 
0.289402 0.21786 0.0 
0.255797 0.214938 0.0 
0.175722 0.243707 0.0 
0.213455 0.151676 0.0 
0.248281 0.213355 0.0 
0.478861 0.0135573 0.0 
0.237366 0.166544 0.0 
2.07945 0.406922 0.0 
0.256975 0.180013 0.0 
0.27144 0.204629 0.0 
0.241764 0.172305 0.0 
0.133602 0.184618 0.0 
0.231009 0.16078 0.0 
0.226955 0.242319 0.0 
0.239412 0.230764 0.0 
0.40806 0.16611 0.0 
0.1719 0.241505 0.0 
0.248891 0.189276 0.0 
0.236013 0.235389 0.0 
0.182889 0.247382 0.0 
0.152334 0.184604 0.0 
1.7422 0.00346779 0.0 
0.23539 0.235451 0.0 
1.55756 0.00745952 0.0 
0.304536 0.203973 0.0 
0.204027 0.249933 0.0 
0.200304 0.250107 0.0 
0.176786 0.2444 0.0 
0.142034 0.191994 0.0 
0.250099 0.197344 0.0 
0.250049 0.199363 0.0 
0.175308 0.156215 0.0 
0.191444 0.150692 0.0 
0.250003 0.197569 0.0 
0.611573 0.00919703 0.0 
0.119315 0.200041 0.0 
1.52574 0.397759 0.0 
1.19497 0.0345479 0.0 
0.130337 0.0152913 0.0 
0.250172 0.1989 0.0 
0.249963 0.196668 0.0 
2.15364 0.409164 0.0 
1.73718 0.396544 0.0 
2.19397 0.409617 0.0 
0.311533 0.226751 0.0 
0.306364 0.174718 0.0 
0.243145 0.231333 0.0 
1.62261 0.398098 0.0 
0.250064 0.199594 0.0 
0.246252 0.181012 0.0 
0.373099 0.229929 0.0 
0.272507 0.164194 0.0 
0.525332 0.120188 0.0 
0.250094 0.200465 0.0 
1.0586 0.0715238 0.0 
0.330933 0.19267 0.0 
0.152023 0.214453 0.0 
0.156885 0.225515 0.0 
0.53241 0.0233396 0.0 
0.249767 0.193944 0.0 
0.217791 0.246726 0.0 
1.14308 0.00322298 0.0 
0.18243 0.246858 0.0 
0.206657 0.249558 0.0 
0.218577 0.246466 0.0 
0.990207 0.00504186 0.0 
2.19574 0.409666 0.0 
0.192903 0.249529 0.0 
0.260071 0.402096 0.0 
0.239364 0.2309 0.0 
0.161312 0.16833 0.0 
0.217065 0.247048 0.0 
0.140932 0.173853 0.0 
0.23549 0.235492 0.0 
0.150256 0.193418 0.0 
0.150062 0.194124 0.0 
0.189217 0.260305 0.0 
0.239913 0.230172 0.0 
1.39023 0.00246182 0.0 
0.186719 0.248354 0.0 
0.149939 0.200021 0.0 
0.245845 0.179967 0.0 
0.21637 0.247375 0.0 
0.195298 0.150091 0.0 
0.216187 0.247534 0.0 
0.195846 0.249911 0.0 
0.170308 0.240339 0.0 
0.23652 0.235235 0.0 
0.936525 0.00545946 0.0 
0.23907 0.23138 0.0 
2.19332 0.377978 0.0 
0.216025 0.400848 0.0 
1.8598 0.00318551 0.0 
0.154737 0.221433 0.0 
0.24487 0.222134 0.0 
0.201505 0.250056 0.0 
0.207426 0.24951 0.0 
0.183972 0.247555 0.0 
2.19511 0.000773894 0.0 
0.24378 0.232722 0.0 
0.250713 0.200128 0.0 
0.149758 0.198093 0.0 
0.186345 0.248158 0.0 
1.13894 0.00863165 0.0 
0.256937 0.20029 0.0 
0.236618 0.234043 0.0 
0.150034 0.201805 0.0 
0.249699 0.194543 0.0 
0.180714 0.246174 0.0 
0.238623 0.236275 0.0 
1.68099 0.407615 0.0 
0.256967 0.160938 0.0 
0.207128 0.249511 0.0 
0.259031 0.249117 0.0 
0.777458 0.33669 0.0 
0.249999 0.197136 0.0 
0.226133 0.157376 0.0 
0.150673 0.191835 0.0 
0 0.409155 0.0 
2.19362 0.000578127 0.0 
0.554444 0.00885011 0.0 
0.297764 0.401079 0.0 
1.03794 0.40275 0.0 
0.157326 0.146113 0.0 
0.148954 0.19818 0.0 
0.32312 0.1941 0.0 
0.244503 0.166286 0.0 
0.216487 0.152649 0.0 
0.175961 0.244081 0.0 
0.201501 0.269165 0.0 
0.321591 0.202851 0.0 
0.00397087 0 0.0 
1.66553 0.408312 0.0 
1.01311 0.41 0.0 
1.68851 0.41 0.0 
0.24784 0.185344 0.0 
0.249976 0.19637 0.0 
0.0481968 0.407278 0.0 
0.219022 0.246281 0.0 
2.13586 0.00665789 0.0 
0.181587 0.24665 0.0 
0.391822 0.384518 0.0 
0.157311 0.226276 0.0 
0.216207 0.247372 0.0 
0.230408 0.160259 0.0 
0.2131 0.248251 0.0 
0.250067 0.1967 0.0 
0.238828 0.168448 0.0 
0.296222 0.173574 0.0 
2.17481 0.00603767 0.0 
0.181102 0.246328 0.0 
1.53854 0.00730457 0.0 
0.166131 0.33227 0.0 
0.0988337 0.196983 0.0 
2.18751 0.0384883 0.0 
1.8815 0.00700369 0.0 
1.83887 0 0.0 
0.15105 0.210184 0.0 
0.137161 0.236603 0.0 
0.166283 0.236985 0.0 
0.252296 0.203393 0.0 
0.241314 0.171572 0.0 
0.215007 0.247692 0.0 
0.250279 0.200408 0.0 
0.205131 0.297373 0.0 
0.238118 0.234887 0.0 
0.235156 0.235768 0.0 
1.09257 0 0.0 
0.151266 0.188598 0.0 
0.279307 0.227184 0.0 
0.192861 0.249499 0.0 
0.223716 0.155955 0.0 
0.154099 0.18018 0.0 
0.19218 0.249399 0.0 
0.211835 0.151362 0.0 
2.2 0.00605515 0.0 
1.95181 0.405142 0.0 
0.145846 0.196576 0.0 
1.40298 0.0106333 0.0 
0.160225 0.16961 0.0 
0.240074 0.230031 0.0 
0.859028 0.404326 0.0 
0.0738245 0.0132321 0.0 
0.247718 0.184655 0.0 
0.195073 0.150186 0.0 
0.255694 0.192816 0.0 
0.251865 0.200131 0.0 
0.234831 0.236159 0.0 
0.249886 0.204085 0.0 
0.186092 0.248083 0.0 
0.234747 0.236072 0.0 
0.319043 0 0.0 
0.236132 0.164668 0.0 
0.212299 0.151539 0.0 
0.228834 0.159092 0.0 
0.249998 0.199751 0.0 
0.206131 0.134922 0.0 
0.235796 0.164609 0.0 
0.149851 0.199982 0.0 
0.236677 0.165308 0.0 
1.30799 0.41 0.0 
0.00843248 0.40917 0.0 
0.147563 0.00837618 0.0 
0.228055 0.241486 0.0 
0.236239 0.234888 0.0 
0.153027 0.182718 0.0 
0.250035 0.201519 0.0 
0.235838 0.164785 0.0 
0.337612 0.183249 0.0 
0.867055 0.400185 0.0 
0.157162 0.225934 0.0 
0.206978 0.150414 0.0 
2.14372 0 0.0 
0.222696 0.155397 0.0 
0.827241 0.404598 0.0 
0.162491 0.233059 0.0 
0.208273 0.249337 0.0 
0.247369 0.183871 0.0 
0.224695 0.243616 0.0 
0.214495 0.152126 0.0 
0.153714 0.181097 0.0 
0.1667 0.237351 0.0 
0.229433 0.240557 0.0 
0.218211 0.24687 0.0 
2.19614 0.41 0.0 
0.315582 0.216745 0.0 
0.247255 0.183496 0.0 
0.483974 0.400283 0.0 
0.235743 0.235299 0.0 
0.235069 0.235948 0.0 
0.153288 0.217825 0.0 
0.205601 0.150138 0.0 
0.281502 0.236137 0.0 
0.227734 0.158346 0.0 
0.223063 0.0169332 0.0 
0.235838 0.235419 0.0 
0.150004 0.200436 0.0 
0.249627 0.192663 0.0 
0.157554 0.226631 0.0 
0.144095 0.163796 0.0 
0.292227 0.235763 0.0 
0.203955 0.107251 0.0 
0.249321 0.210185 0.0 
0.149889 0.200165 0.0 
2.16708 0.00109448 0.0 
0.14982 0.199073 0.0 
1.38115 0.408044 0.0 
0.150062 0.196936 0.0 
0.237715 0.232914 0.0 
0.242453 0.173234 0.0 
0.237217 0.165502 0.0 
0.15015 0.195638 0.0 
0.183402 0.152358 0.0 
0.203274 0.249928 0.0 
0.238876 0.163529 0.0 
0.201654 0.389177 0.0 
0.754749 0.398071 0.0 
0.281751 0.244723 0.0 
0.299643 0.297463 0.0 
0.150443 0.193059 0.0 
0.154919 0.22162 0.0 
0.240479 0.170428 0.0 
0.150757 0.191345 0.0 
0.345324 0.397871 0.0 
0.284977 0.180488 0.0 
0.0341591 0.0190822 0.0 
0.342945 0.196425 0.0 
0.23284 0.237815 0.0 
0.209022 0.150637 0.0 
0.249813 0.195705 0.0 
0.367545 0.200123 0.0 
0.246845 0.270185 0.0 
0.161506 0.232088 0.0 
0.147223 0.197204 0.0 
0.785109 0.402057 0.0 
0.296275 0.166223 0.0 
0.244081 0.223678 0.0 
0.245913 0.179797 0.0 
0.115745 0.184628 0.0 
0.858464 0.0107769 0.0 
1.58266 0.393705 0.0 
0.235497 0.23569 0.0 
0.207422 0.249444 0.0 
0.258292 0.204444 0.0 
0.269139 0.211014 0.0 
0.2368 0.165799 0.0 
0.217009 0.15295 0.0 
0.127987 0.099356 0.0 
0.245117 0.221545 0.0 
0.229863 0.159559 0.0 
2.19713 0.409647 0.0 
0.168224 0.161264 0.0 
0.15952 0.229433 0.0 
0.947324 0.129256 0.0 
2.18805 0.41 0.0 
0.250231 0.199707 0.0 
2.11682 0.41 0.0 
0.237185 0.234163 0.0 
0.269175 0.178124 0.0 
0.244891 0.177426 0.0 
0.302372 0.212062 0.0 
0.150424 0.206751 0.0 
0.295318 0.186048 0.0 
0.121758 0.222922 0.0 
0.232501 0.237993 0.0 
0.238035 0.167324 0.0 
0.15929 0.22923 0.0 
0.206265 0.150396 0.0 
0.013633 0.408755 0.0 
2.18944 0.00162951 0.0 
0.239391 0.235813 0.0 
0.250555 0.200023 0.0 
0.148223 0.197119 0.0 
0.249894 0.196771 0.0 
0.13269 0.219597 0.0 
0.23591 0.235028 0.0 
0.157835 0.172728 0.0 
0.391179 0.221163 0.0 
1.56404 0.41 0.0 
2.19179 0.409766 0.0 
0.213252 0.151755 0.0 
0.193948 0.249702 0.0 
2.2 0.272168 0.0 
0.223577 0.24409 0.0 
2.19854 0.409913 0.0 
0.87344 0.00499021 0.0 
0.249887 0.203321 0.0 
0.182021 0.153347 0.0 
0.237364 0.166679 0.0 
2.18454 0.3727 0.0 
0.00393369 0.41 0.0 
2.17916 0.000609305 0.0 
0.172061 0.158445 0.0 
0.249251 0.20938 0.0 
0.131672 0.204295 0.0 
2.04085 0.401412 0.0 
0.197516 0.249936 0.0 
0.226825 0.157738 0.0 
0.172326 0.15836 0.0 
2.19284 0.00759759 0.0 
0.24369 0.16536 0.0 
0.464702 0.152701 0.0 
0.585973 0.151555 0.0 
0.28824 0.196323 0.0 
0.152795 0.216688 0.0 
0 0.0707322 0.0 
0.177479 0.244638 0.0 
0.26279 0.192468 0.0 
1.7389 0.41 0.0 
0.271922 0.173453 0.0 
0.293421 0.0160679 0.0 
0.240926 0.170911 0.0 
0.218995 0.246387 0.0 
2.15856 0.00201799 0.0 
0.169301 0.239529 0.0 
0.442923 0.0128726 0.0 
0.10266 0.156359 0.0 
0.153509 0.218514 0.0 
0.22536 0.243215 0.0 
0.235553 0.164749 0.0 
0.0174256 0.405046 0.0 
0.153494 0.181597 0.0 
0.257143 0.202696 0.0 
0.235608 0.235269 0.0 
0.158511 0.228277 0.0 
0.151477 0.212226 0.0 
0.22331 0.244231 0.0 
0.256439 0.195893 0.0 
0.150374 0.206723 0.0 
0.294856 0.177663 0.0 
0.15034 0.206109 0.0 
0.219571 0.24608 0.0 
0.235835 0.165133 0.0 
0.00141445 0.409575 0.0 
2.19367 0.409842 0.0 
0.150315 0.205832 0.0 
0.00591826 0.407851 0.0 
0.160083 0.169893 0.0 
0.232016 0.238485 0.0 
0.121338 0.193348 0.0 
0.228297 0.158608 0.0 
0.150187 0.204298 0.0 
0.245329 0.399643 0.0 
0.174106 0.136955 0.0 
1.87762 0.398409 0.0 
0.568201 0.0109163 0.0 
0.0421168 0.00509142 0.0 
0.236518 0.234291 0.0 
0.0663744 0.0316218 0.0 
0.152905 0.21686 0.0 
0.137758 0.130133 0.0 
0.150573 0.192258 0.0 
0.170704 0.240516 0.0 
0.240066 0.170092 0.0 
0.196747 0.150006 0.0 
0.399699 0.209664 0.0 
0.151121 0.210516 0.0 
2.19576 0.404302 0.0 
0.236074 0.234958 0.0 
0.223434 0.244206 0.0 
0.486189 0.0771458 0.0 
0.330392 0.21159 0.0 
0.219112 0.246201 0.0 
0.238795 0.231539 0.0 
2.2 0.000934408 0.0 
0.662269 0.40378 0.0 
0.197606 0.250226 0.0 
0.228479 0.2412 0.0 
0.0500806 0.00154665 0.0 
0.22743 0.158162 0.0 
0.259419 0.207121 0.0 
0.300108 0.209086 0.0 
0.157855 0.172903 0.0 
0.154801 0.221413 0.0 
0.171095 0.240857 0.0 
1.13009 0.41 0.0 
0.248428 0.212616 0.0 
0.635999 0.239182 0.0 
0.264881 0.227997 0.0 
0.0501879 0.120497 0.0 
0.226175 0.395024 0.0 
0.156867 0.225285 0.0 
0.249806 0.194826 0.0 
2.15562 0.0884679 0.0 
0.153763 0.219024 0.0 
1.49444 0.0138743 0.0 
0.102094 0.186021 0.0 
0.580003 0 0.0 
0.0184761 0.409363 0.0 
0.156701 0.224999 0.0 
0.23392 0.163269 0.0 
0.235639 0.164719 0.0 
0.0995867 0.209346 0.0 
0.150015 0.203546 0.0 
0.239158 0.231168 0.0 
0.16377 0.391795 0.0 
0.181041 0.153711 0.0 
0.242783 0.173895 0.0 
0.271309 0.22662 0.0 
0.225968 0.242862 0.0 
2.19661 0.409917 0.0 
0.236029 0.234769 0.0 
0.285405 0 0.0 
0.346054 0.226748 0.0 
0.13959 0.181823 0.0 
1.87313 0.41 0.0 
0.265372 0.174085 0.0 
0.196103 0.249886 0.0 
0.154 0.219592 0.0 
2.0734 0 0.0 
0.0915713 0.133454 0.0 
2.19838 0.409738 0.0 
1.21648 0.41 0.0 
0.870832 0.0551308 0.0 
0.828762 0.0142175 0.0 
0.260124 0.195462 0.0 
0.238852 0.231534 0.0 
0.508082 0.401025 0.0 
0.149868 0.199876 0.0 
0.0383134 0.402087 0.0 
0.149887 0.201597 0.0 
0.243863 0.139129 0.0 
0.210455 0.248892 0.0 
0.150284 0.205298 0.0 
0.250256 0.200204 0.0 
0.156008 0.223876 0.0 
2.19755 0.00127712 0.0 
0.149962 0.201597 0.0 
0 0.409609 0.0 
0.267635 0.171507 0.0 
0.229106 0.159347 0.0 
0.243472 0.225663 0.0 
0.884435 0.40813 0.0 
0.167778 0.238912 0.0 
0.236382 0.154202 0.0 
0.250043 0.198608 0.0 
0.151212 0.211199 0.0 
2.18266 0.000359873 0.0 
0.236556 0.165594 0.0 
0.194552 0.249752 0.0 
1.37029 0.00724942 0.0 
0.132245 0.210006 0.0 
0.351642 0.178704 0.0 
0.231713 0.238689 0.0 
0.161105 0.231467 0.0 
0.293547 0.254609 0.0 
2.18299 0.00318909 0.0 
0.203057 0.0110401 0.0 
0.15426 0.178795 0.0 
0.151304 0.211333 0.0 
0.139015 0.225692 0.0 
0.236539 0.164884 0.0 
1.20073 0 0.0 
0.26292 0.223156 0.0 
0.513445 0.294107 0.0 
1.29975 0 0.0 
0.248173 0.186617 0.0 
0.239208 0.168975 0.0 
0.156861 0.174725 0.0 
0.237324 0.164925 0.0 
0.168363 0.238973 0.0 
0.171654 0.241186 0.0 
2.124 0 0.0 
1.69899 0.407511 0.0 
0.108277 0.400186 0.0 
0.247442 0.215942 0.0 
2.07148 0.0248638 0.0 
0.236053 0.165245 0.0 
0.130963 0.227806 0.0 
1.22683 0.403579 0.0 
0.094355 0.221675 0.0 
0.205048 0.360766 0.0 
0.150382 0.206157 0.0 
0.363478 0.111787 0.0 
0.170693 0.159493 0.0 
0.323907 0.207671 0.0 
0.149885 0.201948 0.0 
0.16301 0.23371 0.0 
0.128534 0.207309 0.0 
0.157775 0.226846 0.0 
0.19757 0.150005 0.0 
0.267759 0.207124 0.0 
0.325261 0.213968 0.0 
0.250233 0.202045 0.0 
1.89165 0.0131318 0.0 
0.152503 0.215733 0.0 
0.00224908 0.41 0.0 
0.999461 0.401307 0.0 
0.287967 0.205195 0.0 
0.891086 0.0113381 0.0 
0.000695151 0.41 0.0 
0.462008 0.41 0.0 
0.0821187 0.154666 0.0 
0.236632 0.165111 0.0 
0.165937 0.236599 0.0 
0.250092 0.200204 0.0 
0.236351 0.165545 0.0 
0.307278 0.18554 0.0 
0.26989 0.218448 0.0 
0.403178 0.240821 0.0 
0.244236 0.223301 0.0 
0.249581 0.193556 0.0 
0.239298 0.165561 0.0 
0.242941 0.225889 0.0 
0.196686 0.405873 0.0 
0.244422 0.246635 0.0 
0.169681 0.239809 0.0 
0.151364 0.211922 0.0 
0.279567 0.182517 0.0 
0.110809 0.0314201 0.0 
0.176074 0.243943 0.0 
1.19955 0.0107817 0.0 
0.173374 0.378341 0.0 
0.973071 0.41 0.0 
1.56097 0.405607 0.0 
0.540967 0.398841 0.0 
0.150715 0.20841 0.0 
0.249984 0.201203 0.0 
0.248215 0.186192 0.0 
0.220622 0.154442 0.0 
0.247355 0.216102 0.0 
0.157704 0.226661 0.0 
0.152278 0.156861 0.0 
0.238388 0.232533 0.0 
0.183236 0.247141 0.0 
0.235957 0.16495 0.0 
0.150007 0.202177 0.0 
0.275676 0.229286 0.0 
2.19841 0.408992 0.0 
0.248696 0.211334 0.0 
0.0617159 0.193694 0.0 
0.193234 0.24956 0.0 
0.16835 0.16124 0.0 
1.14257 0.403937 0.0 
0.166901 0.237625 0.0 
0.125354 0.197811 0.0 
0.203477 0.249877 0.0 
0.249322 0.191659 0.0 
0.0274753 0.000640807 0.0 
0.266733 0.169175 0.0 
0.224392 0.243644 0.0 
0.255023 0.228422 0.0 
0.176525 0.244199 0.0 
0.270967 0.193905 0.0 
0.171834 0.241336 0.0 
0.273633 0.074305 0.0 
0.14404 0.208462 0.0 
0.152739 0.216314 0.0 
0.229631 0.159637 0.0 
0.227674 0.15836 0.0 
0.186368 0.151664 0.0 
0.149389 0.199523 0.0 
0.202745 0.249938 0.0 
0.0536933 0.41 0.0 
1.66679 0.0105133 0.0 
0.150689 0.254501 0.0 
0.299451 0.21749 0.0 
0.242928 0.0111603 0.0 
0.12715 0.148999 0.0 
0.16069 0.169105 0.0 
0.182859 0.247003 0.0 
0.309322 0.190786 0.0 
0.248502 0.212139 0.0 
0.325853 0.18249 0.0 
0.295199 0.225082 0.0 
1.94882 0.0175099 0.0 
0.158649 0.228237 0.0 
0.154594 0.220987 0.0 
0.15897 0.171191 0.0 
0.155028 0.221849 0.0 
0.153029 0.217131 0.0 
0.239767 0.169695 0.0 
0.140519 0.249682 0.0 
0.150884 0.209658 0.0 
0.757847 0.41 0.0 
0.186019 0.0105807 0.0 
0.151706 0.213086 0.0 
0.448608 0 0.0 
0.246867 0.217552 0.0 
0.276773 0.15714 0.0 
1.12733 0.399263 0.0 
0.240299 0.229638 0.0 
0.151587 0.212489 0.0 
0.185243 0.152077 0.0 
0.247177 0.234259 0.0 
0.156562 0.225175 0.0 
0.198167 0.1499 0.0 
1.61126 0.00329255 0.0 
0.062304 0.163074 0.0 
0.228632 0.159013 0.0 
0.249863 0.204689 0.0 
0.236243 0.165557 0.0 
0.190856 0.249155 0.0 
0.153042 0.21726 0.0 
0.237021 0.165276 0.0 
0.152158 0.214625 0.0 
0.18746 0.2484 0.0 
0.329793 0.166571 0.0 
0.191677 0.249327 0.0 
0.398276 0.00169653 0.0 
0.154138 0.219911 0.0 
0.110492 0.41 0.0 
0.261751 0.182203 0.0 
0.0736261 0.222268 0.0 
0.314924 0.233275 0.0 
0.157387 0.226151 0.0 
0.356311 0.403833 0.0 
0.152397 0.215385 0.0 
0.0571235 0.0100974 0.0 
0.172454 0.241786 0.0 
0.150582 0.192408 0.0 
0.496838 0.0315115 0.0 
0.169753 0.160189 0.0 
0.240435 0.170513 0.0 
0.77988 0.41 0.0 
0.215324 0.152408 0.0 
0.120948 0.251201 0.0 
0.31035 0.215329 0.0 
0.247001 0.182952 0.0 
0.158161 0.227433 0.0 
0.147927 0.200681 0.0 
0.210034 0.249005 0.0 
0.241549 0.227812 0.0 
0.244034 0.176285 0.0 
1.25482 0.00287842 0.0 
0.208737 0.249277 0.0 
0.16395 0.234644 0.0 
0.250086 0.202039 0.0 
0.324036 0.252196 0.0 
0.596481 0.00250965 0.0 
2.2 0.408757 0.0 
0.160299 0.230478 0.0 
0.206401 0.249606 0.0 
0.907088 0.41 0.0 
0.986846 0.41 0.0 
0.160058 0.169702 0.0 
0.311507 0.209049 0.0 
0.249537 0.192744 0.0 
0.250184 0.200437 0.0 
0.237574 0.240772 0.0 
0.237972 0.167475 0.0 
0.27054 0.41 0.0 
0.267208 0.100719 0.0 
0.149952 0.197989 0.0 
0.222521 0.244638 0.0 
0.184634 0.247631 0.0 
0.249826 0.205993 0.0 
0.294199 0.217725 0.0 
0.144725 0.384955 0.0 
0.245721 0.179612 0.0 
0.156414 0.135935 0.0 
0.977764 0.0073922 0.0 
0.261937 0.2213 0.0 
0.245835 0.242571 0.0 
0.149576 0.400041 0.0 
0.236394 0.164972 0.0 
0.163891 0.263946 0.0 
0.154502 0.220729 0.0 
0.263769 0.20886 0.0 
0.171407 0.241122 0.0 
0.160806 0.231042 0.0 
0.16344 0.165845 0.0 
0.179643 0.245723 0.0 
2.17094 0.408283 0.0 
0.617583 0.0163148 0.0 
0.185784 0.152066 0.0 
0.164102 0.23482 0.0 
0.182916 0.247062 0.0 
0.250347 0.20049 0.0 
0.241732 0.227536 0.0 
0.238419 0.164606 0.0 
0.16184 0.232305 0.0 
0.251216 0.20339 0.0 
0.161168 0.168441 0.0 
2.16578 0 0.0 
0.241075 0.236866 0.0 
0.108904 0.217878 0.0 
0.179271 0.154502 0.0 
0.384585 0.356726 0.0 
0.167134 0.237733 0.0 
0.194709 0.249717 0.0 
0.243474 0.224858 0.0 
0.250015 0.197793 0.0 
0.24002 0.41 0.0 
0.150982 0.189748 0.0 
0.19441 0.249714 0.0 
0.250058 0.200913 0.0 
0.239342 0.16885 0.0 
0.182021 0.246653 0.0 
0.149151 0.199307 0.0 
0.23454 0.16385 0.0 
0.24211 0.22725 0.0 
2.18231 0.41 0.0 
0.240412 0.22944 0.0 
0.185541 0.247862 0.0 
0.0433408 0.41 0.0 
0.164985 0.235742 0.0 
0.207782 0.249417 0.0 
0.301292 0.214566 0.0 
0.249811 0.20491 0.0 
0.118042 0.213619 0.0 
0.814838 0.41 0.0 
0.238699 0.237653 0.0 
0.227227 0.242034 0.0 
0.411771 0.293864 0.0 
0.166177 0.236821 0.0 
0.16383 0.23454 0.0 
0.24906 0.1896 0.0 
0.249859 0.196275 0.0 
0.312688 0.41 0.0 
0.219748 0.41 0.0 
0.178734 0.24529 0.0 
1.85712 0.00788077 0.0 
1.2161 0 0.0 
0.271402 0.373916 0.0 
1.33405 0.0101243 0.0 
0.171984 0.241438 0.0 
0.249093 0.190192 0.0 
0.172102 0.241548 0.0 
0.893455 0.41 0.0 
0.158594 0.115958 0.0 
2.09996 0 0.0 
2.13198 0.0156572 0.0 
0.124177 0.234185 0.0 
0.0873815 0.100057 0.0 
0.242638 0.17378 0.0 
0.203445 0.279367 0.0 
0.590193 0.41 0.0 
0.855149 0.00598128 0.0 
0.151692 0.364946 0.0 
0.926983 0.408269 0.0 
0.194907 0.249774 0.0 
0.905721 0 0.0 
0.167206 0.162146 0.0 
0.522244 0.214576 0.0 
0.713885 0.393037 0.0 
0.179121 0.245429 0.0 
0.180458 0.246047 0.0 
0.28217 0.175679 0.0 
0.232742 0.282929 0.0 
0.341055 0.215599 0.0 
0.802323 0.00899812 0.0 
0.205287 0.150178 0.0 
0.153189 0.217707 0.0 
0.175802 0.0920022 0.0 
0.225319 0.243162 0.0 
0.247054 0.169418 0.0 
2.12645 0.41 0.0 
0.15862 0.230962 0.0 
0.243188 0.174736 0.0 
0.247981 0.185944 0.0 
2.17067 0.41 0.0 
0.173377 0.157605 0.0 
1.96514 0.399828 0.0 
0.24971 0.194321 0.0 
0.172165 0.241533 0.0 
0.249344 0.191339 0.0 
0.200772 0.143612 0.0 
0.207093 0.249501 0.0 
0.155674 0.176794 0.0 
0.150087 0.195811 0.0 
0.152529 0.184169 0.0 
0.386919 0.0848696 0.0 
0.235983 0.16504 0.0 
0.12176 0.207082 0.0 
0.218346 0.246668 0.0 
0.237736 0.164722 0.0 
0.200687 0.249993 0.0 
0.248207 0.21326 0.0 
0.237735 0.164287 0.0 
0.20008 0.250033 0.0 
0.168211 0.238643 0.0 
0.242243 0.173193 0.0 
0.150075 0.202696 0.0 
2.2 0.406001 0.0 
0.352302 0.32106 0.0 
0.218862 0.246303 0.0 
0.301672 0.178106 0.0 
0.241956 0.227315 0.0 
1.55109 0.41 0.0 
0.15021 0.205254 0.0 
2.2 0.0650895 0.0 
0.197811 0.249961 0.0 
0.176731 0.155652 0.0 
0.60295 0.41 0.0 
0.21447 0.247859 0.0 
0.150135 0.196358 0.0 
0.150047 0.203053 0.0 
0.200748 0.250041 0.0 
0.956346 0.0151113 0.0 
0.21342 0.248163 0.0 
0.194283 0.249685 0.0 
1.88716 0.0034865 0.0 
1.33166 0 0.0 
0.198651 0.249989 0.0 
0.153648 0.218816 0.0 
0.147995 0.231813 0.0 
0.261141 0.170432 0.0 
0.150985 0.210161 0.0 
0.190571 0.2491 0.0 
0.286925 0.220929 0.0 
0.244645 0.177307 0.0 
0.19138 0.249249 0.0 
0.173681 0.242562 0.0 
2.18389 0.406615 0.0 
0.151614 0.212753 0.0 
0.154328 0.179473 0.0 
0.820391 0.399695 0.0 
0.189149 0.24886 0.0 
0.244707 0.222449 0.0 
0.188899 0.41 0.0 
0.153933 0.219548 0.0 
0.169567 0.160165 0.0 
0.16505 0.16413 0.0 
0.190237 0.150876 0.0 
0.193321 0.24955 0.0 
0.191046 0.249224 0.0 
0.202181 0.249966 0.0 
0.219817 0.245929 0.0 
0.181852 0.112924 0.0 
0.183928 0.268761 0.0 
0.00526791 0.408837 0.0 
2.16614 0.0320875 0.0 
2.2 0.0210919 0.0 
0.163035 0.16627 0.0 
1.05061 0.107519 0.0 
0.190056 0.249044 0.0 
0.209573 0.249073 0.0 
0.199254 0.249993 0.0 
0.455338 0.400606 0.0 
0.154995 0.178221 0.0 
0.24987 0.194706 0.0 
0.265615 0.183925 0.0 
0.205653 0.249677 0.0 
0.168971 0.160796 0.0 
0.183185 0.247086 0.0 
0.200462 0.250012 0.0 
0.294669 0.229602 0.0 
0.249969 0.201712 0.0 
0.152919 0.216828 0.0 
0.151088 0.189637 0.0 
0.153125 0.217446 0.0 
0.230697 0.159984 0.0 
0.187768 0.248478 0.0 
0.190705 0.249142 0.0 
0.158246 0.172384 0.0 
0.139747 0.216813 0.0 
0.178998 0.245407 0.0 
0.173263 0.157752 0.0 
0.249928 0.202646 0.0 
0.340331 0.00823804 0.0 
0.224285 0.156107 0.0 
1.92584 0.00946857 0.0 
0.164244 0.164805 0.0 
0.248461 0.187701 0.0 
2.2 0.0124661 0.0 
0.202484 0.249936 0.0 
0.13333 0.00562334 0.0 
0.262882 0.177076 0.0 
0.19886 0.250022 0.0 
1.3398 0.0470297 0.0 
0.164503 0.149318 0.0 
0.234733 0.1639 0.0 
0.276543 0.223705 0.0 
0.199462 0.250045 0.0 
0.301891 0.226597 0.0 
0.215834 0.247478 0.0 
0.250345 0.122947 0.0 
0.152 0.185844 0.0 
0.231073 0.239207 0.0 
0.208541 0.249263 0.0 
0.209519 0.249104 0.0 
0.205725 0.324278 0.0 
0.217851 0.153213 0.0 
0.210371 0.24893 0.0 
0.284922 0.178079 0.0 
0.316425 0.0925377 0.0 
0.110941 0.145358 0.0 
0.262476 0.0109023 0.0 
0.114492 0.126218 0.0 
0.0252366 0.41 0.0 
0.235166 0.235654 0.0 
0.122497 0.41 0.0 
0.357336 0.242476 0.0 
0.204969 0.249769 0.0 
0.25948 0.228748 0.0 
0.246958 0.217168 0.0 
0.260992 0.392319 0.0 
0.150003 0.200326 0.0 
0.210154 0.248956 0.0 
0.857962 0.0196237 0.0 
0.144778 0.179948 0.0 
0.142115 0.205119 0.0 
0.199503 0.249995 0.0 
0.247754 0.214927 0.0 
0.283288 0.217425 0.0 
1.19196 0.403986 0.0 
0.306225 0.210586 0.0 
0.635888 0 0.0 
0.149874 0.202334 0.0 
0.154809 0.221391 0.0 
0.163604 0.234327 0.0 
0.376827 0.141987 0.0 
0.151109 0.188982 0.0 
0.151539 0.187701 0.0 
0.249082 0.190477 0.0 
0.264969 0.158609 0.0 
2.17923 0.0621579 0.0 
0.273867 0.180878 0.0 
0.204593 0.249823 0.0 
2.18965 0.408344 0.0 
0.275404 0.179603 0.0 
0.2085 0.24928 0.0 
0.247887 0.185626 0.0 
0.150235 0.194186 0.0 
0.889048 0.40565 0.0 
0.167369 0.23791 0.0 
2.15669 0.306413 0.0 
0.16277 0.23342 0.0 
0.208036 0.249361 0.0 
0.040445 0.223911 0.0 
0.215455 0.247579 0.0 
0.184718 0.247605 0.0 
0.360254 0.16526 0.0 
1.39032 0.41 0.0 
0.180288 0.154052 0.0 
0.235138 0.164175 0.0 
0.201491 0.25001 0.0 
0.205882 0.249709 0.0 
0.174607 0.156844 0.0 
0.165783 0.236478 0.0 
0.208184 0.249324 0.0 
0.149939 0.199301 0.0 
0.149976 0.20273 0.0 
0.284474 0.210157 0.0 
0.163999 0.234746 0.0 
1.28549 0.0070623 0.0 
0.223553 0.155491 0.0 
0.709149 0.159513 0.0 
0.147367 0.200403 0.0 
0.200923 0.250008 0.0 
0.324749 0.149898 0.0 
0.233798 0.163041 0.0 
1.61287 0.00930417 0.0 
0.243623 0.153351 0.0 
0.243628 0.175579 0.0 
0.251806 0.201662 0.0 
0.274997 0.201136 0.0 
0.275208 0.176231 0.0 
1.14219 0 0.0 
0.260675 0.35695 0.0 
0.150006 0.199378 0.0 
0.168876 0.239192 0.0 
0.0931589 0.267362 0.0 
0.141175 0.19898 0.0 
0.285984 0.224308 0.0 
0.941485 0.408686 0.0 
0.320223 0.206477 0.0 
0.207781 0.249396 0.0 
0.187422 0.248438 0.0 
0.217048 0.152999 0.0 
0 0.0157027 0.0 
0.220451 0.245645 0.0 
0.166964 0.237529 0.0 
0.110064 0.232303 0.0 
0.00202988 0.00067897 0.0 
0.215875 0.247411 0.0 
0.249886 0.195948 0.0 
0.262048 0.214548 0.0 
0.768997 0.41 0.0 
0.611418 0.403133 0.0 
0.150667 0.208717 0.0 
0.0705951 0.247595 0.0 
0.309266 0.188868 0.0 
0.806065 0.274868 0.0 
0.150892 0.190612 0.0 
0.221629 0.154923 0.0 
0.211884 0.248602 0.0 
0.147355 0.273539 0.0 
0.165397 0.236136 0.0 
0.163269 0.16608 0.0 
0.234798 0.236323 0.0 
1.47553 0 0.0 
0.248373 0.187183 0.0 
0.326116 0.196499 0.0 
0.234335 0.236494 0.0 
0.443715 0.266234 0.0 
0.174858 0.156784 0.0 
0.165787 0.01579 0.0 
0.243789 0.175868 0.0 
0.236239 0.16541 0.0 
0.233179 0.147794 0.0 
0.215473 0.247612 0.0 
0.521376 0.0110295 0.0 
0.201491 0.249975 0.0 
0.276285 0.183448 0.0 
0.250234 0.196546 0.0 
0.305051 0.216819 0.0 
0.196666 0.24991 0.0 
0.194242 0.150312 0.0 
0.463325 0.00834861 0.0 
0.128754 0.189158 0.0 
0.229697 0.24029 0.0 
0.172347 0.241975 0.0 
0.169351 0.239532 0.0 
0.231514 0.238895 0.0 
0.177565 0.155257 0.0 
2.18277 0 0.0 
0.548035 0.00375134 0.0 
0.242699 0.226011 0.0 
0.2196 0.153949 0.0 
0.236036 0.236088 0.0 
0.205657 0.249701 0.0 
0.298011 0.189097 0.0 
0.224495 0.134 0.0 
2.19776 0.41 0.0 
0.221629 0.245077 0.0 
0.164892 0.235717 0.0 
0.198243 0.249984 0.0 
0.198492 0.15 0.0 
0.190331 0.150912 0.0 
0.238534 0.160569 0.0 
0.231065 0.239176 0.0 
0.315245 0.210736 0.0 
0.0140093 0 0.0 
0.31049 0.183765 0.0 
0.186554 0.248156 0.0 
0.24004 0.229943 0.0 
0.235964 0.165267 0.0 
0.219471 0.246078 0.0 
0.17398 0.242717 0.0 
2.19477 0.389082 0.0 
0.214721 0.247816 0.0 
0.0349875 0.168366 0.0 
0.150759 0.190449 0.0 
0.237003 0.235691 0.0 
0.236743 0.164667 0.0 
0.218623 0.246401 0.0 
0.150131 0.195893 0.0 
0.451522 0.186905 0.0 
0.229163 0.240611 0.0 
0.204027 0.249876 0.0 
0.225949 0.242785 0.0 
0.196072 0.15009 0.0 
1.41992 0 0.0 
0.277173 0.219301 0.0 
0.24842 0.21246 0.0 
0.150622 0.191684 0.0 
0.250702 0.200331 0.0 
0.170088 0.301395 0.0 
0.236361 0.165385 0.0 
0.249473 0.207226 0.0 
0.199394 0.149861 0.0 
0.184028 0.247378 0.0 
0.27424 0.221873 0.0 
0.245498 0.220729 0.0 
0.166599 0.16268 0.0 
0.227898 0.241715 0.0 
0.216346 0.247251 0.0 
0.150112 0.203311 0.0 
0.234182 0.23656 0.0 
0.224087 0.243813 0.0 
0.163269 0.23392 0.0 
0.150329 0.207248 0.0 
0.231955 0.238483 0.0 
0.218263 0.246544 0.0 
0.187047 0.248292 0.0 
0.212502 0.151459 0.0 
0.276646 0.181376 0.0 
0.24219 0.226829 0.0 
0.24974 0.205899 0.0 
0.232249 0.238207 0.0 
0.204633 0.150166 0.0 
0.169917 0.159994 0.0 
0.244805 0.222225 0.0 
0.247255 0.216385 0.0 
0.225996 0.242708 0.0 
0.216438 0.24725 0.0 
0.249441 0.189752 0.0 
0.183583 0.15275 0.0 
0.245976 0.219647 0.0 
0.195696 0.15016 0.0 
0.160038 0.169908 0.0 
0.150019 0.198694 0.0 
0.148784 0.200323 0.0 
0.244638 0.222521 0.0 
0.290846 0.223047 0.0 
0.907443 0.00577012 0.0 
0.265107 0.178696 0.0 
2.19481 0.39964 0.0 
0.183696 0.247265 0.0 
0.151026 0.188965 0.0 
2.19878 0.00105734 0.0 
0.244077 0.223601 0.0 
0.24556 0.220664 0.0 
0.209388 0.150892 0.0 
0.299019 0.18108 0.0 
0.350375 0.207012 0.0 
0.319164 0.193012 0.0 
0.260315 0.190233 0.0 
0.244984 0.221823 0.0 
0.230058 0.240008 0.0 
0.238565 0.231901 0.0 
0.817531 0.204217 0.0 
0.201223 0.249996 0.0 
0.93605 0 0.0 
0.249276 0.208608 0.0 
0.197516 0.150064 0.0 
0.22181 0.245017 0.0 
0.198826 0.149945 0.0 
1.78039 0.401963 0.0 
0.283097 0.184086 0.0 
0.241546 0.239133 0.0 
0.20036 0.249996 0.0 
0.14451 0.188233 0.0 
0.281979 0.192636 0.0 
0.249477 0.207789 0.0 
0.18792 0.24857 0.0 
0.19491 0.249748 0.0 
0.190902 0.249172 0.0 
0.150002 0.199779 0.0 
0.230795 0.239388 0.0 
1.10962 0 0.0 
0.187201 0.151561 0.0 
0.147723 0.198318 0.0 
0.221064 0.245386 0.0 
0.32082 0.187824 0.0 
0.274003 0.216959 0.0 
0.254352 0.168504 0.0 
0.157032 0.174312 0.0 
0.253724 0.170006 0.0 
0.247084 0.216821 0.0 
0.186755 0.151729 0.0 
0.149895 0.200084 0.0 
0.154989 0.225763 0.0 
0.237748 0.165965 0.0 
0.20669 0.24956 0.0 
0.239937 0.162982 0.0 
2.08777 0.16241 0.0 
0.25005 0.198879 0.0 
0.235848 0.234853 0.0 
0.25893 0.177077 0.0 
0.240669 0.161744 0.0 
0.150635 0.191077 0.0 
0.235112 0.235595 0.0 
0.249989 0.202858 0.0 
0.243854 0.224093 0.0 
0.00147487 0.41 0.0 
0.206197 0.249613 0.0 
0.162869 0.234149 0.0 
0.246131 0.219329 0.0 
0.191261 0.24924 0.0 
0.249052 0.190243 0.0 
0.197421 0.149613 0.0 
0.143875 0.200576 0.0 
0.249175 0.19084 0.0 
0.222942 0.244461 0.0 
0.181604 0.153467 0.0 
0.217979 0.153347 0.0 
0.207638 0.249426 0.0 
0.216732 0.247146 0.0 
0.246653 0.182021 0.0 
0.238148 0.235448 0.0 
0.250276 0.199334 0.0 
0.24972 0.205261 0.0 
0.248323 0.21298 0.0 
1.36703 0.41 0.0 
0.294735 0.212155 0.0 
0.246889 0.182472 0.0 
0.208499 0.15073 0.0 
0.283247 0.186549 0.0 
0.247868 0.162863 0.0 
0.148256 0.199924 0.0 
0.227674 0.24164 0.0 
0.234902 0.235801 0.0 
0.22773 0.241686 0.0 
0.234682 0.237276 0.0 
0.188667 0.151304 0.0 
0.0598709 0.40541 0.0 
0.169893 0.239917 0.0 
0.241289 0.170655 0.0 
0.218277 0.246572 0.0 
0.191659 0.249297 0.0 
0.315593 0.206965 0.0 
1.45577 0.408871 0.0 
0.225111 0.0375781 0.0 
0.785527 0 0.0 
0.149934 0.200583 0.0 
0.251414 0.178817 0.0 
0.29836 0.212377 0.0 
0.238832 0.166195 0.0 
0.145576 0.200384 0.0 
0.208964 0.249207 0.0 
0.139138 0.202065 0.0 
0.144386 0.202367 0.0 
0.222332 0.244756 0.0 
0.0902106 0 0.0 
0.249613 0.207005 0.0 
0.229773 0.241274 0.0 
0.237549 0.235164 0.0 
0.242173 0.173145 0.0 
0.24452 0.222852 0.0 
0.20669 0.249549 0.0 
0.263416 0.166953 0.0 
0.24146 0.228052 0.0 
0.16846 0.161206 0.0 
0.310681 0.218783 0.0 
0.150283 0.194708 0.0 
0.247655 0.215398 0.0 
0.242055 0.167168 0.0 
0.245777 0.220153 0.0 
0.251488 0.196386 0.0 
0.231424 0.23892 0.0 
0.175342 0.156426 0.0 
0.226962 0.242607 0.0 
0.179465 0.154332 0.0 
0.189118 0.151145 0.0 
0.247939 0.214463 0.0 
0.249219 0.209149 0.0 
0.166053 0.163006 0.0 
0.293897 0.1944 0.0 
0.328956 0.0631513 0.0 
0.249958 0.203718 0.0 
0.169208 0.160493 0.0 
0.150394 0.193748 0.0 
0.308403 0.272792 0.0 
0.245298 0.221216 0.0 
0.296602 0.21492 0.0 
0.248673 0.21193 0.0 
0.250446 0.201476 0.0 
0.267715 0.179411 0.0 
0.155274 0.222617 0.0 
0.257911 0.201631 0.0 
0.225142 0.243216 0.0 
0.249339 0.208495 0.0 
0.245498 0.179271 0.0 
0.253579 0.201 0.0 
0.278202 0.168227 0.0 
0.15473 0.178664 0.0 
0.236801 0.166008 0.0 
0.247273 0.21628 0.0 
0.216747 0.24711 0.0 
0.15507 0.222057 0.0 
0.249536 0.208016 0.0 
0.247065 0.182696 0.0 
1.11654 0.262199 0.0 
0.244979 0.16725 0.0 
0.247618 0.215335 0.0 
0.280046 0.188988 0.0 
0.25181 0.205159 0.0 
1.34604 0.406004 0.0 
0.220729 0.154502 0.0 
0.238272 0.235813 0.0 
1.36275 0.0141752 0.0 
2.19251 0.40818 0.0 
0.185416 0.151239 0.0 
0.253561 0.187055 0.0 
0.169731 0.239922 0.0 
0.215686 0.247503 0.0 
0.244608 0.236493 0.0 
0 0.401577 0.0 
0.249779 0.204672 0.0 
0.247135 0.164689 0.0 
0.249278 0.191549 0.0 
0.237612 0.235668 0.0 
0.323297 0.204751 0.0 
0.250004 0.202023 0.0 
0.182913 0.153013 0.0 
0.266653 0.188159 0.0 
0.264424 0.218037 0.0 
0.244952 0.222056 0.0 
0.198509 0.249975 0.0 
0.683989 0.41 0.0 
0.289505 0.178043 0.0 
0.309495 0.123545 0.0 
0.236986 0.23526 0.0 
0.182742 0.152925 0.0 
0.237682 0.237233 0.0 
0.244428 0.161398 0.0 
0.314283 0.213657 0.0 
0.14285 0.198334 0.0 
0.225862 0.157169 0.0 
0.248692 0.188265 0.0 
0.782187 0.0241604 0.0 
0.196523 0.150123 0.0 
0.253586 0.202964 0.0 
0.223684 0.244054 0.0 
0.144632 0.199034 0.0 
0.249942 0.196827 0.0 
0.263906 0.169833 0.0 
0.272131 0.182662 0.0 
0.232238 0.238252 0.0 
0.237283 0.243804 0.0 
0.23661 0.165948 0.0 
2.10054 0.392469 0.0 
0.244162 0.164346 0.0 
0.154442 0.179403 0.0 
0.148911 0.201087 0.0 
0.246114 0.180553 0.0 
0.230563 0.239621 0.0 
0.148653 0.199995 0.0 
0.221956 0.244932 0.0 
0.254904 0.197174 0.0 
0.251196 0.201404 0.0 
0.2538 0.198349 0.0 
0.253515 0.196414 0.0 
0.147567 0.210924 0.0 
0.179607 0.150891 0.0 
0.150063 0.195313 0.0 
0.248696 0.188667 0.0 
0.152743 0.216925 0.0 
0.249303 0.191412 0.0 
0.148395 0.199699 0.0 
0.185978 0.24816 0.0 
0.283932 0.319651 0.0 
0.150907 0.190089 0.0 
0.241221 0.166334 0.0 
0.249614 0.193548 0.0 
0.143079 0.199595 0.0 
0.245316 0.178786 0.0 
0.148221 0.195023 0.0 
0.15836 0.172326 0.0 
0.289431 0.170685 0.0 
0.276475 0.186921 0.0 
0.141988 0.194857 0.0 
0.148685 0.199691 0.0 
0.145995 0.199725 0.0 
0.251097 0.168425 0.0 
0.146163 0.198424 0.0 
0.321581 0.196152 0.0 
0.231814 0.23857 0.0 
0.248074 0.213901 0.0 
0.148472 0.19935 0.0 
0.252508 0.198355 0.0 
0.157246 0.174003 0.0 
0.147999 0.199003 0.0 
0.248005 0.213978 0.0 
0.244165 0.17648 0.0 
0.339499 0.200329 0.0 
0.302659 0.190051 0.0 
0.233315 0.237326 0.0 
1.7016 0.00471995 0.0 
0.243671 0.175584 0.0 
2.16514 0.41 0.0 
0.249419 0.192068 0.0 
0.577505 0.41 0.0 
1.24701 0 0.0 
0.191734 0.15069 0.0 
2.1701 0.40932 0.0 
0.249443 0.192572 0.0 
0.151827 0.186265 0.0 
0.248251 0.186829 0.0 
0.244646 0.177422 0.0 
0.291968 0.190176 0.0 
0.236463 0.164772 0.0 
0.247615 0.184749 0.0 
0.264633 0.2304 0.0 
0.258796 0.193486 0.0 
0.214589 0.152072 0.0 
0.232288 0.156285 0.0 
0.289788 0.174779 0.0 
0.146854 0.199384 0.0 
0.249285 0.20841 0.0 
0.145491 0.20112 0.0 
0.476337 0.41 0.0 
0.289171 0.187331 0.0 
0.156456 0.175295 0.0 
0.281359 0.214059 0.0 
0.162434 0.234861 0.0 
0.334817 0.202762 0.0 
0.267416 0.235064 0.0 
0.242468 0.173466 0.0 
0.249087 0.190361 0.0 
0.252877 0.194116 0.0 
0.241598 0.165792 0.0 
0.243506 0.224692 0.0 
0.252862 0.199121 0.0 
0.286793 0.184669 0.0 
0.235767 0.235019 0.0 
0.318195 0.197757 0.0 
0.247715 0.185064 0.0 
0.241008 0.159969 0.0 
0.291777 0.215032 0.0 
0.0180874 0 0.0 
0.318449 0.20369 0.0 
0.241111 0.228603 0.0 
0.207441 0.249449 0.0 
0.252295 0.200195 0.0 
0.152123 0.185421 0.0 
0.240134 0.229874 0.0 
0.272411 0.185985 0.0 
0.235054 0.23575 0.0 
0.243788 0.224133 0.0 
2.18603 0.00818431 0.0 
0.237971 0.167361 0.0 
0.145978 0.202025 0.0 
0.149371 0.198693 0.0 
0.241549 0.232781 0.0 
0.146902 0.203087 0.0 
0.250071 0.198296 0.0 
0.257432 0.183798 0.0 
0.239068 0.168733 0.0 
0.239452 0.2333 0.0 
0.200804 0.250349 0.0 
0.248708 0.188596 0.0 
0.236727 0.235477 0.0 
0.2366 0.165761 0.0 
0.280023 0.22302 0.0 
0.147013 0.201038 0.0 
0.25152 0.200817 0.0 
0.25293 0.200478 0.0 
0.710065 0.00610056 0.0 
0.236402 0.164485 0.0 
0.155515 0.177017 0.0 
0.253799 0.19935 0.0 
0.237043 0.165017 0.0 
0.247986 0.168251 0.0 
2.18789 0.409272 0.0 
0.324613 0.210714 0.0 
0.24788 0.185549 0.0 
0.246506 0.218432 0.0 
0.240049 0.166026 0.0 
0.261581 0.230363 0.0 
0.391179 0.0195172 0.0 
0.151055 0.189415 0.0 
0.240199 0.233993 0.0 
0.248124 0.186352 0.0 
0.244268 0.23806 0.0 
0.148078 0.20118 0.0 
0.248145 0.186276 0.0 
0.26745 0.281027 0.0 
0.237356 0.162611 0.0 
0.238678 0.238752 0.0 
0.250807 0.166237 0.0 
0.187701 0.151539 0.0 
0.14788 0.199517 0.0 
0.270909 0.17998 0.0 
0.219719 0.154055 0.0 
0.244921 0.221981 0.0 
0.237007 0.23454 0.0 
0.00748472 0.0014752 0.0 
0.248347 0.187176 0.0 
0.147015 0.206802 0.0 
0.244315 0.171971 0.0 
0.248166 0.213544 0.0 
0.252231 0.199686 0.0 
0.249957 0.203249 0.0 
0.245041 0.178223 0.0 
0.24452 0.177217 0.0 
1.52757 0.404689 0.0 
0.239097 0.234613 0.0 
0.232933 0.237669 0.0 
1.50727 0.41 0.0 
0.250792 0.15989 0.0 
0.247908 0.160967 0.0 
0.24577 0.259413 0.0 
0.245605 0.220523 0.0 
0.151725 0.186772 0.0 
0.240482 0.237894 0.0 
0.322518 0.199005 0.0 
0.150715 0.19159 0.0 
0.242345 0.235442 0.0 
0.240826 0.168877 0.0 
0.306712 0.207696 0.0 
0.165875 0.163422 0.0 
0.150112 0.196689 0.0 
1.92967 0.37671 0.0 
0.24656 0.181725 0.0 
0.273189 0.224448 0.0 
0.249409 0.207924 0.0 
0.23167 0.161312 0.0 
0.197731 0.149218 0.0 
0.16995 0.159871 0.0 
0.240406 0.170552 0.0 
0.154525 0.179104 0.0 
0.229924 0.159945 0.0 
0.148904 0.199566 0.0 
0.241845 0.233633 0.0 
0.16271 0.166556 0.0 
0.0390639 0.0078638 0.0 
0.243524 0.234743 0.0 
0.254862 0.167114 0.0 
0.362056 0.208601 0.0 
0.157857 0.226901 0.0 
0.260052 0.233419 0.0 
0.231433 0.161084 0.0 
0.243384 0.175054 0.0 
0.237034 0.166342 0.0 
0.249143 0.190793 0.0 
0.145409 0.221747 0.0 
0.252408 0.224104 0.0 
0.268119 0.231144 0.0 
0.249336 0.208268 0.0 
0.238945 0.168496 0.0 
0.244153 0.176511 0.0 
0.148675 0.202712 0.0 
0.283949 0.227352 0.0 
0.238189 0.167638 0.0 
0.0474755 0.0598034 0.0 
0.237146 0.164511 0.0 
0.24475 0.222299 0.0 
0.237243 0.234757 0.0 
0.251264 0.199676 0.0 
0.154206 0.220487 0.0 
0.274619 0.172049 0.0 
0.150342 0.193813 0.0 
0.215776 0.152513 0.0 
0.178483 0.153539 0.0 
0.0324851 0.0039394 0.0 
0.150028 0.201609 0.0 
0.247331 0.18389 0.0 
0.234468 0.0590461 0.0 
0.238557 0.16817 0.0 
0.147924 0.200086 0.0 
0.241226 0.235976 0.0 
0.240188 0.235215 0.0 
0.236883 0.238023 0.0 
0.250954 0.199535 0.0 
0.204312 0.150188 0.0 
0.223281 0.155753 0.0 
0.234772 0.164074 0.0 
0.238437 0.164944 0.0 
0.26168 0.172928 0.0 
0.178247 0.154983 0.0 
0.250235 0.164245 0.0 
0.627599 0.00401697 0.0 
0.270425 0.170432 0.0 
0.149767 0.200077 0.0 
0.248377 0.21271 0.0 
0.268031 0.176119 0.0 
0.249219 0.208968 0.0 
0.153992 0.220532 0.0 
0.430732 0.41 0.0 
0.149967 0.201906 0.0 
0.249865 0.203649 0.0 
0.248648 0.211732 0.0 
0.234995 0.164181 0.0 
0.25477 0.176651 0.0 
0.163757 0.234711 0.0 
0.18674 0.151793 0.0 
0.250459 0.198526 0.0 
1.19089 0.0017704 0.0 
0.241416 0.167825 0.0 
0.153982 0.180278 0.0 
0.241965 0.1638 0.0 
0.25004 0.200119 0.0 
0.151025 0.210634 0.0 
0.240901 0.231693 0.0 
0.257501 0.170813 0.0 
0.151294 0.188298 0.0 
1.67381 0.388365 0.0 
0.237504 0.166936 0.0 
0.150027 0.197173 0.0 
0.247495 0.215686 0.0 
0.261392 0.225694 0.0 
0.244912 0.178001 0.0 
0.256979 0.188403 0.0 
0.248442 0.187587 0.0 
0.23585 0.164997 0.0 
0.33515 0.196646 0.0 
0.218975 0.15371 0.0 
0.224885 0.15658 0.0 
0.249063 0.209625 0.0 
0.31429 0.182343 0.0 
0.149837 0.199506 0.0 
0.150713 0.191448 0.0 
0.249951 0.197814 0.0 
0.233129 0.162501 0.0 
0.234328 0.163545 0.0 
0.248001 0.185856 0.0 
0.244695 0.177579 0.0 
2.18403 0.0153967 0.0 
0.226575 0.157611 0.0 
0.269254 0.184452 0.0 
0.330124 0.206445 0.0 
0.25017 0.208595 0.0 
0.258629 0.169128 0.0 
0.248295 0.212941 0.0 
0.233695 0.163015 0.0 
0.15488 0.221878 0.0 
1.10159 0.41 0.0 
0.189805 0.249366 0.0 
0.250508 0.201106 0.0 
0.244298 0.176816 0.0 
1.56363 0.0141206 0.0 
0.999205 0.329386 0.0 
0.238109 0.166723 0.0 
1.02207 0.019581 0.0 
1.06272 0.393849 0.0 
2.19195 0.409455 0.0 
0.20488 0.253666 0.0 
0.483126 0 0.0 
0.249944 0.202312 0.0 
0.178664 0 0.0 
0.233358 0.162757 0.0 
2.2 0.037707 0.0 
0.272863 0.190359 0.0 
0.221666 0.154916 0.0 
0.237285 0.166689 0.0 
0.238702 0.236881 0.0 
0.218535 0.153541 0.0 
0.233625 0.162973 0.0 
0.152964 0.217153 0.0 
0.244563 0.177331 0.0 
0.201314 0.149985 0.0 
2.2 0.0021484 0.0 
0.170227 0.159729 0.0 
0.250023 0.198076 0.0 
0.256608 0.17447 0.0 
0.238316 0.165828 0.0 
0.250846 0.229002 0.0 
0.0283291 0 0.0 
0.23603 0.234664 0.0 
0.218068 0.153356 0.0 
0.271662 0.231696 0.0 
0.955469 0.0434983 0.0 
0.192348 0.250171 0.0 
0.232939 0.162364 0.0 
0.253318 0.164857 0.0 
0.224302 0.156276 0.0 
0.313121 0.196675 0.0 
0.150034 0.196774 0.0 
1.11587 0.41 0.0 
0.149229 0.199998 0.0 
0.223451 0.155723 0.0 
0.243653 0.175597 0.0 
0.201404 0.14995 0.0 
0.155205 0.230731 0.0 
0.24992 0.197191 0.0 
2.19043 0.0133975 0.0 
0.240413 0.252394 0.0 
0.249327 0.191835 0.0 
0.541485 0.41 0.0 
0.185295 0.247838 0.0 
0.160594 0.230773 0.0 
0.266735 0.221148 0.0 
0.262015 0.235834 0.0 
1.88705 0.0272945 0.0 
0.225142 0.156784 0.0 
0.31407 0.192173 0.0 
1.40823 0 0.0 
0.236627 0.165893 0.0 
0.207563 0.150578 0.0 
1.05475 0.41 0.0 
0.14804 0.204594 0.0 
1.4708 0.00542298 0.0 
0.233981 0.162523 0.0 
0.149261 0.200592 0.0 
2.18728 0.39724 0.0 
0.27524 0.226261 0.0 
0.187672 0.248594 0.0 
0.237809 0.167215 0.0 
0.150838 0.215241 0.0 
0.186823 0.24823 0.0 
0.249236 0.191239 0.0 
0.301801 0.199128 0.0 
0.203338 0.150114 0.0 
0.225846 0.157201 0.0 
0.316874 0.178611 0.0 
0.248257 0.18692 0.0 
0.613243 0.00357834 0.0 
0.23483 0.161602 0.0 
0.258235 0.223993 0.0 
0.235542 0.23685 0.0 
0.155741 0.223258 0.0 
0.232812 0.239425 0.0 
0.311094 0.206064 0.0 
0.214623 0.247923 0.0 
0.310453 0.199742 0.0 
0.135385 0 0.0 
0.253332 0.237295 0.0 
0.151328 0.188562 0.0 
0.150057 0.202342 0.0 
0.250404 0.200751 0.0 
1.62154 0.41 0.0 
0.152066 0.185784 0.0 
0.157727 0.173302 0.0 
0.234174 0.163456 0.0 
0.268208 0.228617 0.0 
0.24774 0.185082 0.0 
2.17547 0.000674698 0.0 
0.1871 0.24834 0.0 
0.258739 0.231338 0.0 
0.194716 0.256091 0.0 
0.18314 0.152902 0.0 
0.19425 0.0210389 0.0 
0.222249 0.15519 0.0 
0.214917 0.152244 0.0 
0.229548 0.159667 0.0 
2.19886 0.000221031 0.0 
1.66915 0.0219321 0.0 
0.168438 0.238776 0.0 
0.208433 0.150687 0.0 
0.292083 0.2091 0.0 
0.260443 0.167793 0.0 
0.268756 0.242522 0.0 
0.34719 0.41 0.0 
0.206185 0.150336 0.0 
0.209648 0.14945 0.0 
0.315654 0.185748 0.0 
0.255733 0.233077 0.0 
0.675204 0.103913 0.0 
0.257347 0.237002 0.0 
0.149759 0.19959 0.0 
0.286985 0.23099 0.0 
0.315553 0.200416 0.0 
0.197687 0.249973 0.0 
0.227047 0.154773 0.0 
0.203662 0.150136 0.0 
0.22402 0.156131 0.0 
0.173417 0.24257 0.0 
0.213047 0.151661 0.0 
0.21371 0.151843 0.0 
0.174621 0.243148 0.0 
1.20236 0.00598059 0.0 
1.25587 0.00803545 0.0 
0.233152 0.162574 0.0 
1.84946 0.41 0.0 
0.249871 0.238088 0.0 
0.251835 0.19913 0.0 
0.16297 0.238471 0.0 
0.27538 0.234081 0.0 
0.210148 0.249 0.0 
0.578552 0.400092 0.0 
0.202541 0.149945 0.0 
0.331757 0.188223 0.0 
0.149395 0.218385 0.0 
2.0027 0.41 0.0 
0.246693 0.166955 0.0 
0.179422 0.245567 0.0 
0.260678 0.240449 0.0 
0.257115 0.220553 0.0 
0.243091 0.174643 0.0 
0.251171 0.201818 0.0 
0.324824 0.186477 0.0 
0.252963 0.230535 0.0 
0.19169 0.150624 0.0 
0.25446 0.0234027 0.0 
0.166425 0.239108 0.0 
0.0536573 0.00546277 0.0 
0.245077 0.178371 0.0 
0.249704 0.23427 0.0 
0.251973 0.232725 0.0 
0.235133 0.164361 0.0 
0.149435 0.198009 0.0 
0.268444 0.222886 0.0 
0.150002 0.200217 0.0 
0.21269 0.248517 0.0 
1.92373 0.400036 0.0 
0.207685 0.15055 0.0 
0.212426 0.151526 0.0 
0.156729 0.17487 0.0 
0.246443 0.181411 0.0 
2.19801 0.408408 0.0 
0.242482 0.172835 0.0 
0.232592 0.162085 0.0 
2.2 0.407196 0.0 
0.155436 0.222667 0.0 
0.120506 0.341063 0.0 
0.25001 0.205161 0.0 
0.149217 0.198857 0.0 
0.247391 0.235597 0.0 
0.149997 0.19755 0.0 
0.151545 0.212627 0.0 
0.24632 0.232214 0.0 
0.239845 0.230202 0.0 
0.19229 0.150585 0.0 
0.190743 0.150213 0.0 
0.240482 0.164128 0.0 
0.170148 0.240337 0.0 
0.286167 0.189333 0.0 
0.236491 0.235367 0.0 
0.238699 0.235057 0.0 
0.322051 0.191307 0.0 
0.149866 0.198141 0.0 
0.266704 0.177061 0.0 
0.210537 0.248914 0.0 
0.244775 0.177712 0.0 
0.248985 0.230999 0.0 
0.179099 0.245508 0.0 
0.227146 0.157971 0.0 
0.245367 0.233723 0.0 
0.148542 0.20069 0.0 
0.164515 0.164684 0.0 
0.138086 0.305445 0.0 
0.223596 0.15592 0.0 
0.316026 0.221761 0.0 
0.245611 0.2398 0.0 
0.239159 0.315892 0.0 
0.166715 0.237308 0.0 
0.209638 0.249113 0.0 
0.208746 0.150235 0.0 
0.327676 0.204366 0.0 
0.239883 0.236383 0.0 
0.202266 0.150004 0.0 
0.228997 0.159229 0.0 
0.23762 0.16367 0.0 
0.237179 0.158075 0.0 
0.244181 0.176596 0.0 
0.156 0.176125 0.0 
0.222725 0.155465 0.0 
0.268278 0.167135 0.0 
0.258171 0.172825 0.0 
2.19736 0.409392 0.0 
1.35224 0.0243468 0.0 
0.258102 0.164606 0.0 
0.241877 0.165084 0.0 
0.16395 0.165357 0.0 
0.179229 0.247131 0.0 
0.240337 0.164964 0.0 
1.45407 0.390927 0.0 
0.153407 0.218135 0.0 
0.221064 0.154624 0.0 
0.460158 0 0.0 
0.235105 0.239198 0.0 
0.0569587 0 0.0 
0.232081 0.161616 0.0 
0.18741 0.151553 0.0 
0.16177 0.232566 0.0 
0.250591 0.200655 0.0 
0.236379 0.163101 0.0 
0.198485 0.251285 0.0 
0.243088 0.166687 0.0 
0.257899 0.226789 0.0 
0.225271 0.15564 0.0 
0.0188712 0.00196387 0.0 
0.232419 0.161845 0.0 
0.280517 0.230266 0.0 
0.148547 0.198353 0.0 
0.188904 0.1511 0.0 
0.169849 0.241279 0.0 
0.237866 0.234176 0.0 
0.248637 0.188362 0.0 
0.248885 0.189511 0.0 
0.157905 0.173022 0.0 
0.153663 0.18114 0.0 
0.205457 0.150301 0.0 
0.24019 0.166618 0.0 
0.731234 0.00122963 0.0 
0.225176 0.156791 0.0 
0.236284 0.165205 0.0 
0.238194 0.167735 0.0 
0.145503 0.213035 0.0 
0.158538 0.171846 0.0 
0.250394 0.204195 0.0 
0.150005 0.199522 0.0 
0.196912 0.150061 0.0 
0.875137 0 0.0 
0.198214 0.149979 0.0 
0.2308 0.239938 0.0 
1.43479 0.41 0.0 
0.247827 0.185398 0.0 
0.156102 0.175788 0.0 
0.274742 0.21376 0.0 
0.223934 0.156093 0.0 
0.159677 0.170367 0.0 
0.317482 0.194793 0.0 
0.247467 0.184255 0.0 
0.232353 0.161881 0.0 
0.248882 0.232697 0.0 
0.80014 0 0.0 
0.174289 0.15637 0.0 
0.156285 0.225117 0.0 
0.235678 0.164884 0.0 
0.326415 0.193383 0.0 
1.72771 0.00398107 0.0 
0.170013 0.159993 0.0 
0.239769 0.237135 0.0 
2.1958 0.0134795 0.0 
0.238726 0.166599 0.0 
2.02105 0 0.0 
0.149879 0.197549 0.0 
0.168099 0.16123 0.0 
2.17192 0.00269994 0.0 
0.2364 0.234465 0.0 
0.23481 0.164053 0.0 
0.230756 0.160581 0.0 
0.170725 0.244825 0.0 
0.229896 0.41 0.0 
0.600569 0 0.0 
0.149524 0.199883 0.0 
0.237983 0.235205 0.0 
0.214431 0.15213 0.0 
0.00268279 0 0.0 
0.136705 0.195346 0.0 
0.146574 0.200398 0.0 
0.245681 0.165629 0.0 
0.289502 0.212413 0.0 
1.45395 0.41 0.0 
0.251459 0.200109 0.0 
0.155286 0.222371 0.0 
0.212722 0.248402 0.0 
0.307409 0.195381 0.0 
0.248951 0.210343 0.0 
0.159493 0.170693 0.0 
0.174567 0.243072 0.0 
0.237632 0.165408 0.0 
0.245901 0.18018 0.0 
0.248507 0.212499 0.0 
0.224278 0.156293 0.0 
0.160083 0.230107 0.0 
0.219728 0.152895 0.0 
1.91094 0.00395643 0.0 
0.224917 0.156629 0.0 
0.209659 0.15092 0.0 
0.176596 0.155819 0.0 
0.14982 0.200525 0.0 
0.241581 0.235101 0.0 
0.012829 0.00357181 0.0 
0.328367 0.0150681 0.0 
0.205669 0.150307 0.0 
0.208192 0.150678 0.0 
0.153735 0.219267 0.0 
0.203921 0.150118 0.0 
0.149194 0.200254 0.0 
0.250409 0.199841 0.0 
0.207207 0.150524 0.0 
0.162317 0.166178 0.0 
1.23166 0 0.0 
0.149776 0.200363 0.0 
0.151886 0.186292 0.0 
0.20898 0.1508 0.0 
0.220147 0.245803 0.0 
0.326329 0.199385 0.0 
0.217431 0.246919 0.0 
0.201681 0.15003 0.0 
0.218903 0.153714 0.0 
1.57733 0 0.0 
0.224633 0.245014 0.0 
0.653553 0.400969 0.0 
0.173495 0.152498 0.0 
0.148151 0.201911 0.0 
0.205521 0.150265 0.0 
0.150016 0.201203 0.0 
0.171263 0.158851 0.0 
0.156212 0.224133 0.0 
0.24381 0.228821 0.0 
0.30212 0.158345 0.0 
0.172451 0.241723 0.0 
0.204823 0.150211 0.0 
0.302167 0.195431 0.0 
0.251554 0.20048 0.0 
0.237071 0.166275 0.0 
0.24912 0.209623 0.0 
0.16384 0.161875 0.0 
0.20686 0.15046 0.0 
2.19668 0.000796831 0.0 
0.207249 0.150503 0.0 
0.207846 0.150611 0.0 
0.160091 0.169232 0.0 
0.213239 0.248296 0.0 
0.146482 0.1978 0.0 
0.149338 0.199846 0.0 
0.414145 0.00319042 0.0 
1.93165 0.404787 0.0 
0.305956 0.213661 0.0 
0.238485 0.165265 0.0 
2.17901 0.41 0.0 
0.181217 0.153665 0.0 
1.17975 0.399117 0.0 
0.263101 0.163128 0.0 
1.12557 0.388663 0.0 
0.175661 0.156299 0.0 
0.194029 0.249772 0.0 
0.173723 0.157448 0.0 
0.154857 0.221631 0.0 
0.150382 0.192916 0.0 
1.49065 0.406258 0.0 
0.183291 0.152866 0.0 
0.234556 0.236463 0.0 
0.629826 0.41 0.0 
0.15537 0.223088 0.0 
0.205041 0.15022 0.0 
0.400567 0.052685 0.0 
0.944919 0.41 0.0 
0.28186 0.224926 0.0 
0.247209 0.183451 0.0 
0.198612 0.147112 0.0 
0.100795 0.0630078 0.0 
0.1517 0.18623 0.0 
0.18276 0.153007 0.0 
0.250911 0.199973 0.0 
0.264673 0.211967 0.0 
1.61928 0 0.0 
0.149788 0.196527 0.0 
0.148982 0.201723 0.0 
0.101449 0 0.0 
2.18858 0.403714 0.0 
0.347254 0.201124 0.0 
0.14898 0.199831 0.0 
1.3251 0.334841 0.0 
0.246374 0.181312 0.0 
0.214169 0.152052 0.0 
0.149741 0.201668 0.0 
1.09081 0.180414 0.0 
0.848767 0.41 0.0 
0.681153 0.00912223 0.0 
0.490198 0.00691224 0.0 
0.250289 0.200024 0.0 
0.171367 0.158941 0.0 
0.150818 0.189919 0.0 
0.191625 0.150681 0.0 
0.136072 0.0688031 0.0 
0.252581 0.234272 0.0 
0.153904 0.177145 0.0 
0.213559 0.151849 0.0 
0.181214 0.246785 0.0 
0.237549 0.236631 0.0 
0.179408 0.154409 0.0 
0.195697 0.150188 0.0 
0.517464 0.41 0.0 
0.326798 0.0299122 0.0 
0.149206 0.199646 0.0 
0.199519 0.149945 0.0 
0.149545 0.200828 0.0 
0.239181 0.165964 0.0 
0.202635 0.150072 0.0 
2.13546 0.41 0.0 
0.15086 0.190413 0.0 
0.193995 0.150099 0.0 
1.86687 0 0.0 
0.153297 0.218255 0.0 
2.17539 0.403271 0.0 
0.149821 0.200771 0.0 
0.238751 0.234334 0.0 
0.148941 0.20059 0.0 
0.150892 0.209388 0.0 
0.149829 0.203057 0.0 
0.150544 0.190436 0.0 
1.71065 0.0183631 0.0 
0.220005 0.154179 0.0 
0.251943 0.200568 0.0 
0.207325 0.249862 0.0 
0.220152 0.245976 0.0 
0.204243 0.150132 0.0 
0.158761 0.159001 0.0 
0.208379 0.261939 0.0 
0.211176 0.151234 0.0 
0.329721 0 0.0 
0.328175 0.176218 0.0 
0 0.304236 0.0 
0.226645 0.157693 0.0 
2.1793 0.409035 0.0 
0.234564 0.236127 0.0 
0.275614 0.174474 0.0 
0.471733 0.390455 0.0 
0.153784 0.219148 0.0 
0.237383 0.165168 0.0 
0.312033 0.18714 0.0 
0.231235 0.242523 0.0 
0.250051 0.203342 0.0 
0.150503 0.207922 0.0 
0.161995 0.167369 0.0 
0.165743 0.163483 0.0 
0.150902 0.188237 0.0 
0.242889 0.165833 0.0 
2.19535 0.00150817 0.0 
0.298494 0.388471 0.0 
0.17255 0.15818 0.0 
0.172152 0.158431 0.0 
0.243341 0.175073 0.0 
0.178823 0.052956 0.0 
0.240378 0.235718 0.0 
0.162944 0.16608 0.0 
0.201834 0.149991 0.0 
0.237717 0.236177 0.0 
0.367544 0.267603 0.0 
0.624836 0.277265 0.0 
0.559665 0.37295 0.0 
0.183929 0.152656 0.0 
0.414362 0 0.0 
0.221116 0.255459 0.0 
0.242443 0.164554 0.0 
0.194926 0.124704 0.0 
0.632197 0.392532 0.0 
1.30329 0.0194487 0.0 
0.219753 0.154051 0.0 
0.335729 0.20834 0.0 
0.248996 0.189874 0.0 
0.186907 0.151723 0.0 
0.177364 0.155094 0.0 
0.241524 0.172151 0.0 
1.31039 0 0.0 
0.157569 0.226838 0.0 
0.237817 0.165051 0.0 
0.213893 0.151944 0.0 
0.2216 0.0841809 0.0 
0.244489 0.177183 0.0 
0.164222 0.165033 0.0 
0.191417 0.150744 0.0 
0.232386 0.161557 0.0 
0.169418 0.160369 0.0 
0.156553 0.171773 0.0 
2.04784 0.41 0.0 
0.250928 0.200311 0.0 
0.242746 0.162936 0.0 
0.241567 0.241217 0.0 
0.221806 0.154894 0.0 
0.236641 0.23592 0.0 
0.251713 0.199746 0.0 
0.14965 0.199973 0.0 
0.163917 0.165257 0.0 
0.159123 0.171115 0.0 
0.251118 0.194184 0.0 
1.09409 0.0272233 0.0 
0.00860181 0.41 0.0 
0.220317 0.154283 0.0 
0.241821 0.172507 0.0 
0.157969 0.172839 0.0 
0.235945 0.236447 0.0 
0.150239 0.206311 0.0 
0.187817 0.151478 0.0 
1.49024 0.41 0.0 
0.236551 0.163939 0.0 
0.240754 0.170967 0.0 
0.16896 0.160595 0.0 
1.39143 0.399981 0.0 
0.951131 0 0.0 
0.267558 0.225156 0.0 
0.24094 0.1713 0.0 
0.23649 0.16573 0.0 
0.23579 0.165017 0.0 
1.53339 0.231274 0.0 
0.158154 0.23939 0.0 
0.188136 0.249314 0.0 
0.859874 0 0.0 
0.250506 0.20213 0.0 
1.0859 0.41 0.0 
0.198509 0.150025 0.0 
0.035903 0.41 0.0 
0.241633 0.228236 0.0 
0.25215 0.208144 0.0 
0.223409 0.248544 0.0 
0.161147 0.168331 0.0 
0.243655 0.23561 0.0 
0.167656 0.161702 0.0 
0.235556 0.235382 0.0 
0.197433 0.249945 0.0 
0.152415 0.184657 0.0 
0.15807 0.227363 0.0 
0.251076 0.200802 0.0 
0.166888 0.162476 0.0 
0.16233 0.233173 0.0 
1.28752 0.41 0.0 
0.175205 0.156568 0.0 
2.02158 0.390454 0.0 
0.553206 0.41 0.0 
0.151211 0.18065 0.0 
0.230182 0 0.0 
0.250081 0.19991 0.0 
0.180773 0.153807 0.0 
1.77067 0 0.0 
2.19829 0 0.0 
0.268244 0.173906 0.0 
0.210347 0.140662 0.0 
0.319642 0.183881 0.0 
1.2828 0.0025637 0.0 
0.294515 0.201119 0.0 
0.231382 0.159671 0.0 
0.328398 0.370194 0.0 
0.249036 0.213044 0.0 
1.20151 0.41 0.0 
0.306687 0.222679 0.0 
0.209146 0.150815 0.0 
0.188456 0.248693 0.0 
0.179967 0.154191 0.0 
2.13462 0 0.0 
1.6636 0.146923 0.0 
0.2135 0.151859 0.0 
0.220955 0.154605 0.0 
0.23576 0.237667 0.0 
0.310592 0.212182 0.0 
0.152563 0.183543 0.0 
0.215338 0.247901 0.0 
0.323498 0.0079728 0.0 
2.18589 0 0.0 
0.252227 0.212638 0.0 
0.251714 0.197577 0.0 
0.147383 0.170329 0.0 
0.206 0.150342 0.0 
0.164646 0.164646 0.0 
0.237339 0.235448 0.0 
0.209596 0.150876 0.0 
0.260309 0.41 0.0 
0.239087 0.235386 0.0 
0.242197 0.173029 0.0 
0.16558 0.163708 0.0 
0.239192 0.164824 0.0 
0.504016 0.41 0.0 
2.15171 0 0.0 
1.6647 0.41 0.0 
0.244107 0.169925 0.0 
0.250938 0.20061 0.0 
1.63471 0 0.0 
0.199292 0.41 0.0 
0.206719 0.150425 0.0 
1.53732 0.41 0.0 
0.157423 0.173754 0.0 
0.744491 0 0.0 
0.177074 0.143764 0.0 
2.19625 0.408904 0.0 
0.222084 0.244987 0.0 
0.204229 0.149989 0.0 
0.149768 0.199715 0.0 
2.2 0.000467204 0.0 
0.250239 0.201364 0.0 
2.19271 0.406202 0.0 
0.865209 0.393455 0.0 
2.19848 0.409593 0.0 
0.175722 0.156293 0.0 
0.146256 0.192343 0.0 
0.150347 0.193454 0.0 
1.18656 0.41 0.0 
0.152401 0.215805 0.0 
0.224849 0.243436 0.0 
0 0.00549183 0.0 
0.301774 0.41 0.0 
0.167215 0.161413 0.0 
0.153349 0.166819 0.0 
0.219135 0.153795 0.0 
0.157292 0.174004 0.0 
0.832822 0.41 0.0 
1.99062 0.41 0.0 
0.216359 0.152715 0.0 
0.293601 0.180697 0.0 
0.351464 0.214584 0.0 
0.190447 0.150923 0.0 
0.213954 0.151988 0.0 
1.57263 0.0455387 0.0 
0.201877 0.150015 0.0 
0.220431 0.151104 0.0 
1.89885 0.233949 0.0 
0.20229 0.150055 0.0 
0.234317 0.236728 0.0 
0.157608 0.173426 0.0 
0.204651 0.150219 0.0 
1.54992 0 0.0 
2.19848 0.00201628 0.0 
0.23794 0.233391 0.0 
0.243186 0.1746 0.0 
1.43398 0.408163 0.0 
0.240271 0.229739 0.0 
0.238405 0.165562 0.0 
0.282929 0.172795 0.0 
1.30042 0.406763 0.0 
0.192255 0.15057 0.0 
0.151353 0.212264 0.0 
0.150286 0.20598 0.0 
0.710015 0.41 0.0 
0.199191 0.14998 0.0 
0.250537 0.199429 0.0 
0.224055 0.243892 0.0 
2.13078 0.0517648 0.0 
0.166131 0.163222 0.0 
0.720523 0 0.0 
0.360613 0 0.0 
0.214311 0.247945 0.0 
0.206574 0.251052 0.0 
0.229182 0.158866 0.0 
0.151037 0.18988 0.0 
0.168925 0.160751 0.0 
0.247013 0.217548 0.0 
0.235924 0.234902 0.0 
0.159159 0.248785 0.0 
0.214742 0.252468 0.0 
0.216668 0.247577 0.0 
0.356077 0.202428 0.0 
0.24667 0.181913 0.0 
0.197822 0.150022 0.0 
0.228808 0.158988 0.0 
0.183168 0.152921 0.0 
0.150211 0.192666 0.0 
0.164569 0.236038 0.0 
0.149586 0.210733 0.0 
0.673891 0.0242187 0.0 
0.206112 0.149624 0.0 
0.195055 0.150217 0.0 
0.124122 0 0.0 
0.0572708 0.333883 0.0 
0.154766 0.178411 0.0 
0.191906 0.15065 0.0 
1.44026 0.0121896 0.0 
0.151472 0.187443 0.0 
1.02404 0.00911869 0.0 
0.239481 0.231678 0.0 
0.153335 0.181947 0.0 
0.154588 0.179082 0.0 
0.251141 0.200132 0.0 
1.15829 0.41 0.0 
0.248574 0.221395 0.0 
0.153948 0.180471 0.0 
0.153083 0.182642 0.0 
0.185008 0.247758 0.0 
0 0.000405223 0.0 
0.240988 0.228991 0.0 
0.250128 0.201527 0.0 
0.185316 0.15215 0.0 
0.270878 0.224877 0.0 
0.251742 0.190328 0.0 
1.73641 0.404267 0.0 
0.248946 0.211364 0.0 
0.217131 0.247125 0.0 
0.153411 0.181268 0.0 
1.17913 0.359847 0.0 
0.153127 0.180319 0.0 
0.223135 0.244937 0.0 
1.17 0.00211407 0.0 
0.158477 0.16564 0.0 
0.247226 0.216563 0.0 
1.41547 0.0240002 0.0 
0.23021 0.239994 0.0 
0.14992 0.200438 0.0 
0.212299 0.150932 0.0 
0.152621 0.18403 0.0 
1.98194 0.0096197 0.0 
0.22629 0.157362 0.0 
0.248495 0.212899 0.0 
0.323896 0.41 0.0 
2.01281 0.0116251 0.0 
0.192572 0.150557 0.0 
0.179957 0.154165 0.0 
0.164952 0.23586 0.0 
0.186546 0.151821 0.0 
1.2665 0.41 0.0 
2.14359 0.41 0.0 
0.148904 0.196597 0.0 
0.783593 0.388816 0.0 
0.21794 0.145685 0.0 
0.178618 0.245519 0.0 
0.187297 0.151613 0.0 
0.150073 0.197344 0.0 
0.300815 0.407127 0.0 
0.150787 0.19076 0.0 
0.271883 0.264814 0.0 
0.183633 0.152693 0.0 
2.19585 0.00357139 0.0 
0.239742 0.169112 0.0 
0.155346 0.177405 0.0 
0.15114 0.189394 0.0 
0.250019 0.194707 0.0 
0.490358 0.41 0.0 
0.173914 0.15731 0.0 
0.562478 0.0199544 0.0 
0.27571 0.141269 0.0 
0.238277 0.232351 0.0 
2.06161 0.41 0.0 
1.58957 0.41 0.0 
0.150616 0.209802 0.0 
0.15583 0.176482 0.0 
0.192588 0.251116 0.0 
0.183654 0.152749 0.0 
0.182265 0.145151 0.0 
0.214007 0.2488 0.0 
2.2 0.373796 0.0 
0.208873 0.150723 0.0 
0.237327 0.235926 0.0 
0.21917 0.246764 0.0 
0.150173 0.195059 0.0 
0.151562 0.185701 0.0 
0.196236 0.150114 0.0 
0.151186 0.188979 0.0 
0.171004 0.240922 0.0 
0.456566 0.368385 0.0 
0.221314 0.245951 0.0 
0.250824 0.201103 0.0 
0.185909 0.249789 0.0 
0.184834 0.152358 0.0 
2.19365 0.409156 0.0 
0.236814 0.236237 0.0 
0.189212 0.149553 0.0 
0.240658 0.229255 0.0 
0.225807 0.156841 0.0 
0.943677 0.396485 0.0 
0.248535 0.212179 0.0 
0.326825 0.223834 0.0 
0.757989 0 0.0 
0.177479 0.155362 0.0 
0.172966 0.15791 0.0 
0.211086 0.150894 0.0 
0.194086 0.24967 0.0 
2.08071 0.401278 0.0 
0.149343 0.204215 0.0 
0.225382 0.156818 0.0 
0.189395 0.147461 0.0 
0.200238 0.149925 0.0 
0.237947 0.165291 0.0 
0.155397 0.176731 0.0 
2.09539 0.41 0.0 
0.238585 0.231796 0.0 
0.149046 0.18856 0.0 
0.0533073 0.279168 0.0 
0.175427 0.245105 0.0 
0.1771 0.155521 0.0 
0.150792 0.224332 0.0 
0.150651 0.191813 0.0 
0.232375 0.238202 0.0 
2.2 0.409538 0.0 
0.149561 0.200481 0.0 
0.156108 0.224354 0.0 
0.14958 0.194715 0.0 
0.151966 0.21478 0.0 
1.38599 0 0.0 
0.180387 0.153948 0.0 
0.148369 0.184555 0.0 
0.150517 0.208519 0.0 
0.16819 0.238574 0.0 
0.148944 0.206955 0.0 
1.34735 0.375091 0.0 
0.195594 0.249998 0.0 
0.246399 0.181196 0.0 
0.243156 0.174293 0.0 
0.215008 0.152308 0.0 
0.149432 0.200128 0.0 
0.251272 0.198919 0.0 
0.889495 0.00259653 0.0 
0.182875 0.25179 0.0 
0.176179 0.156003 0.0 
0.0067296 0.41 0.0 
0.168611 0.161003 0.0 
0.149412 0.200339 0.0 
0.183804 0.248019 0.0 
0.250114 0.205853 0.0 
0.237691 0.166968 0.0 
0.14924 0.192322 0.0 
0.295928 0.205667 0.0 
0.155808 0.223668 0.0 
1.98461 0.0321874 0.0 
1.01826 0.381466 0.0 
0.149613 0.20024 0.0 
0.167464 0.238053 0.0 
0.149925 0.195084 0.0 
0 0.408522 0.0 
0 0.373385 0.0 
1.40408 0.00498444 0.0 
0.268581 0.226642 0.0 
0.185665 0.248171 0.0 
0.173051 0.257294 0.0 
0.494546 0 0.0 
0.153488 0.221003 0.0 
0.505056 0.00657361 0.0 
0.161425 0.168098 0.0 
0.093412 0.240859 0.0 
0.19045 0.150734 0.0 
2.19742 0.00581453 0.0 
0.224448 0.267042 0.0 
0.0181459 0.000741769 0.0 
1.79114 0.34246 0.0 
0.198773 0.250093 0.0 
1.36403 0 0.0 
0.182342 0.153194 0.0 
0.183988 0.152622 0.0 
0.235808 0.235184 0.0 
1.89628 0.41 0.0 
0.0011044 0.000259611 0.0 
2.11839 0.369254 0.0 
1.78777 0 0.0 
1.80494 0 0.0 
0.156855 0.41 0.0 
0.250427 0.20038 0.0 
1.07698 0.404134 0.0 
0.152408 0.217337 0.0 
0.14955 0.199465 0.0 
0.722666 0.41 0.0 
2.07325 0.41 0.0 
0.186106 0.151931 0.0 
0.239592 0.230635 0.0 
0.0947203 0.38856 0.0 
1.23146 0.41 0.0 
0.237508 0.233059 0.0 
0.14987 0.199647 0.0 
0.229793 0.159622 0.0 
0.385301 0.41 0.0 
0.631689 0.380946 0.0 
0.248759 0.187115 0.0 
0.149985 0.206224 0.0 
0.238912 0.168203 0.0 
0.160761 0.168914 0.0 
0.170628 0.159461 0.0 
0.269953 0.176078 0.0 
0.171901 0.156772 0.0 
0.140503 0.405898 0.0 
0.157509 0.1735 0.0 
0.162337 0.167051 0.0 
0.399766 0.41 0.0 
0.00128709 0.40905 0.0 
0.140284 0.21137 0.0 
0.1836 0.247303 0.0 
0.539988 0.404433 0.0 
0.159399 0.170759 0.0 
0.149618 0.200095 0.0 
1.98173 0.0638204 0.0 
0.0110971 0.41 0.0 
1.32696 0.41 0.0 
0.165143 0.163555 0.0 
0.167751 0.161793 0.0 
0.329923 0.195631 0.0 
0.150078 0.196473 0.0 
0 0.00109875 0.0 
0.0679242 0 0.0 
2.19911 0 0.0 
0.169882 0.159559 0.0 
1.48034 0.408447 0.0 
0.250144 0.41 0.0 
0.193682 0.249997 0.0 
0.175593 0.244186 0.0 
0.42573 0 0.0 
1.97852 0.41 0.0 
1.88474 0.41 0.0 
0.643421 0.41 0.0 
0.155349 0.175671 0.0 
0.164164 0.163351 0.0 
2.15053 0.00329547 0.0 
0.178446 0.245272 0.0 
0.156404 0.17474 0.0 
0.959051 0.41 0.0 
0.329305 0.202027 0.0 
1.59064 0 0.0 
0.249687 0.193905 0.0 
1.93904 0 0.0 
0.39011 0.00244982 0.0 
0.15321 0.218454 0.0 
0.211152 0.151124 0.0 
0.697329 0.41 0.0 
0.529676 0.41 0.0 
0.178993 0.154611 0.0 
0.185715 0.152048 0.0 
0.221207 0.154508 0.0 
0.23523 0.164372 0.0 
2.01809 0.41 0.0 
0.393926 0.407715 0.0 
0.187108 0.24859 0.0 
0.220041 0.247102 0.0 
2.17933 0 0.0 
1.31698 0.402643 0.0 
0.616264 0.41 0.0 
0.157962 0.227145 0.0 
0.22898 0.241058 0.0 
0.0746297 0.00536886 0.0 
0.159473 0.170568 0.0 
1.60231 0.41 0.0 
0.175347 0.243562 0.0 
1.52171 0.380686 0.0 
2.14024 0.407365 0.0 
0.178568 0.154828 0.0 
2.17547 0.409502 0.0 
1.51714 0.0934121 0.0 
1.27529 0 0.0 
0.20705 0.150309 0.0 
0.164031 0.235962 0.0 
0.766834 0.00842274 0.0 
0.167012 0.162211 0.0 
0.250376 0.200226 0.0 
0.229876 0.159815 0.0 
1.53595 0 0.0 
0.00125275 0 0.0 
0.845999 0.407312 0.0 
0.247635 0.181383 0.0 
1.77227 0.41 0.0 
1.05071 0.406773 0.0 
1.35207 0.00304292 0.0 
0.570081 0.0875785 0.0 
0.564966 0.41 0.0 
0.149957 0.198685 0.0 
0.247749 0.217321 0.0 
1.07542 0 0.0 
0.219959 0.245841 0.0 
0.171763 0.158663 0.0 
0.167141 0.161898 0.0 
0.167657 0.238127 0.0 
1.81697 0.41 0.0 
0.235801 0.164923 0.0 
1.24846 0.41 0.0 
0.246083 0.220254 0.0 
0.192989 0.150473 0.0 
0.154087 0.179851 0.0 
1.24496 0.382605 0.0 
0.153582 0.18122 0.0 
2.19636 0.000338829 0.0 
0.173077 0.157543 0.0 
0.219284 0.246471 0.0 
0.232427 0.161912 0.0 
2.19747 0.000381078 0.0 
0.24984 0.195224 0.0 
0.735941 0.406749 0.0 
0.245905 0.220041 0.0 
1.44587 0 0.0 
0.236169 0.165229 0.0 
0.20612 0.249633 0.0 
0.193423 0.150377 0.0 
0.172613 0.158103 0.0 
0.150022 0.201412 0.0 
1.92754 0.119979 0.0 
1.68268 0 0.0 
0.172651 0.158129 0.0 
0.154494 0.177921 0.0 
0.160779 0.166328 0.0 
1.62191 0.40607 0.0 
0.620026 0.399048 0.0 
0.165291 0.235987 0.0 
0.801578 0.41 0.0 
0.159063 0.169888 0.0 
0.167642 0.15966 0.0 
0.0143417 0.41 0.0 
0.16761 0.41 0.0 
0.26513 0.180895 0.0 
1.6525 0.41 0.0 
1.50344 0.00538337 0.0 
0.447459 0.315501 0.0 
0.237288 0.233307 0.0 
        </DataArray>
      </Points>
      <Cells>
        <DataArray type="Int32" Name="connectivity" format="ascii">
798 129 735 
2172 1061 2498 
3993 1066 4845 
2398 2426 3172 
1477 2491 300 
2284 2387 2788 
2919 1964 1837 
4795 4359 2825 
4527 241 4225 
3855 3744 2545 
241 4237 3941 
4251 691 4379 
1412 3903 1986 
2814 1637 694 
1657 1327 407 
3445 837 1994 
1671 972 4839 
3479 2114 2405 
2220 1000 3968 
1442 1841 681 
327 2759 4213 
2995 65 3132 
1732 1104 3329 
1482 2870 2478 
2170 3642 716 
4096 4160 830 
304 4095 935 
1063 3570 4692 
2109 2705 745 
1097 1311 986 
2338 1773 255 
45 3032 4864 
4661 1034 3228 
659 2507 2283 
2389 1818 359 
3260 4761 4648 
2682 901 4682 
3784 4357 717 
1337 2313 3185 
4269 4209 72 
4191 1039 807 
4812 56 2431 
848 3456 3532 
835 1023 4087 
1129 824 4591 
3960 4460 1504 
3735 1959 1564 
3907 1427 4787 
1549 3292 4355 
2814 1136 306 
3361 3197 573 
3201 1998 1198 
3120 289 3664 
1834 1374 466 
111 3069 827 
2868 4230 960 
711 2321 941 
3483 2157 1246 
2204 2239 1719 
715 4357 4746 
194 4563 2183 
2712 4339 19 
1702 1058 2582 
2462 2318 1258 
50 8 935 
921 1460 2055 
413 4616 3541 
1299 1002 2937 
2084 2150 769 
1352 1359 2908 
3384 2755 1775 
1311 970 986 
3135 2814 306 
2238 334 4122 
3582 3589 3733 
2135 891 2256 
58 4501 4790 
915 2105 704 
931 818 2932 
1656 3319 3158 
2451 2027 2814 
4186 1562 804 
2703 1565 1487 
1237 1236 2370 
4062 3460 3951 
4230 4268 960 
2051 1063 205 
3476 3110 1048 
3429 3569 3557 
1034 886 3228 
3618 1008 3583 
886 1034 4308 
1226 442 4042 
3492 474 3576 
814 1166 2132 
1181 2160 971 
3000 1057 1007 
2374 2613 3055 
1108 4598 4221 
2760 2948 1942 
3971 194 1717 
3591 365 182 
624 1987 2876 
3471 100 2435 
3380 4074 3389 
1124 2039 4571 
3471 993 100 
2415 3784 717 
3063 2146 655 
2840 1280 4553 
2177 1490 2175 
820 2363 2246 
1956 2601 1727 
3644 4288 2403 
2102 1432 978 
4261 4561 4404 
802 693 4475 
1738 1098 2835 
2668 1814 2030 
2251 2006 897 
3998 2089 4018 
3476 964 4310 
2172 1483 719 
1547 980 1935 
3371 2245 1162 
2907 751 2600 
2211 1470 1389 
334 699 4122 
2104 776 2256 
3585 887 871 
4526 330 2597 
3783 2686 2796 
3793 456 4132 
3448 658 3583 
2929 2377 3506 
2911 987 2137 
1396 3726 503 
902 1295 113 
4670 806 4434 
3911 487 3412 
4076 1710 683 
2195 880 325 
3826 63 2352 
2214 1020 782 
2686 4410 1055 
1111 985 4407 
3512 2469 3764 
214 314 2754 
824 401 4707 
3736 2482 1214 
848 3758 2382 
3881 150 230 
4142 3448 3583 
1815 1631 86 
4799 116 124 
4666 4009 910 
2721 1184 175 
3642 4551 826 
1463 2129 1334 
4507 806 3774 
1806 1632 158 
3872 2271 2670 
1503 4359 1853 
51 2908 1359 
2863 310 1988 
953 2366 1706 
4363 3267 1030 
1964 2919 2032 
2040 4563 805 
1329 1446 2126 
1959 994 1564 
847 1076 871 
993 1370 100 
1082 3268 4366 
2690 1114 67 
3932 352 1212 
885 901 2682 
3512 981 206 
1112 861 30 
3669 3293 815 
3928 2385 350 
3493 3667 995 
2649 2024 2933 
3782 2251 3917 
3037 1469 2023 
4228 1786 4682 
3156 2733 317 
4693 3077 2913 
1929 1621 2023 
1226 890 1910 
3610 3477 4027 
2278 2040 805 
1401 288 1829 
3178 3515 3249 
2165 4343 2899 
4808 234 4715 
4226 4490 3242 
315 1493 877 
4567 1494 4106 
2755 1801 3892 
2094 1179 1419 
1811 317 2783 
465 4371 4376 
2068 577 3255 
1523 198 2481 
4657 190 4717 
1406 1370 4562 
2121 195 4816 
4279 1535 965 
3259 4567 2439 
1087 4186 804 
2150 2084 1712 
3515 3123 3249 
1543 1684 3876 
334 2238 1540 
743 2105 3203 
1867 1153 3506 
4124 4050 2932 
1996 4795 2825 
2396 138 2892 
3368 2765 2036 
1179 2094 3086 
737 3930 1941 
4210 980 2210 
3759 4356 4146 
734 4381 4622 
295 3917 897 
1841 4815 4716 
1239 2503 4480 
753 198 2036 
1465 2126 1458 
661 2305 3344 
739 3149 322 
1503 4100 2825 
3126 3279 540 
2969 257 2372 
2485 4006 4804 
4113 3636 724 
3620 3665 3652 
2356 2049 1348 
2919 595 2032 
2653 729 4407 
3636 243 3962 
3267 1668 1030 
4255 2512 4172 
4618 667 2631 
1208 4191 807 
658 3544 3583 
3537 847 871 
980 1547 4776 
1227 3144 2637 
3594 2880 778 
3302 289 3311 
4271 845 930 
2153 1061 2009 
4675 2508 1077 
3652 3655 956 
3592 3692 1094 
2830 4283 643 
3013 3568 1040 
1193 1336 3507 
1578 3183 1986 
2127 847 1559 
2716 3672 46 
1879 4244 4463 
337 4200 1705 
3996 882 872 
1124 2822 3109 
4101 4678 4016 
4640 1874 3014 
2321 3489 941 
3841 2642 1281 
4047 3979 1614 
2169 293 1187 
1789 1737 2378 
3716 952 4180 
3813 2402 1088 
4427 1067 3773 
1779 2117 2357 
1182 2376 1594 
2575 4471 3002 
2839 640 3062 
3465 3151 3474 
972 492 2486 
1598 2494 767 
2309 257 2969 
4237 241 4706 
783 2380 1941 
4413 19 3193 
1791 3078 144 
4278 1007 4169 
3963 1599 1418 
1494 1739 4106 
3949 888 4006 
4754 723 3222 
1283 1345 1455 
4585 4263 854 
847 3537 1559 
3618 3692 1008 
934 4531 2670 
3400 868 3304 
652 764 1298 
4815 1841 3900 
2196 3032 45 
3883 1169 1760 
4540 2282 1880 
280 4255 4172 
111 4757 1817 
2215 697 1268 
869 3336 4707 
8 3668 304 
4109 1501 2080 
3793 4784 4000 
3655 1151 4188 
3163 2328 1198 
1106 4325 1440 
1156 2736 1885 
4334 2997 1141 
4735 1331 3786 
2436 4249 1602 
228 2518 2585 
1378 3485 1043 
988 1438 915 
380 816 1526 
734 4677 768 
2856 980 4776 
1366 4536 745 
732 1703 2988 
3626 1456 3595 
3954 4189 2999 
1884 797 1531 
1547 1590 1881 
3098 635 1218 
3313 964 4807 
4006 888 4204 
502 1636 967 
4354 4783 230 
1631 4743 86 
2500 757 2627 
2304 1976 2175 
4512 859 158 
2930 4733 4697 
3054 3833 3951 
177 1413 4834 
2847 2956 3518 
1667 4158 1663 
2992 1087 4331 
2956 2847 938 
2990 1016 4398 
1580 1204 1651 
3671 995 1178 
1581 892 1391 
1959 3735 1569 
4697 2179 742 
3392 3866 3447 
2271 1530 3082 
2399 4794 278 
3563 1105 4530 
2599 1395 2285 
2764 1045 2582 
934 2670 3082 
1702 1045 641 
4820 761 4546 
319 1883 3668 
2733 3156 4250 
3514 2571 2763 
2462 1240 844 
751 2907 2977 
4320 3110 1569 
4729 2992 4331 
1705 1794 1378 
1266 2602 2337 
3690 3385 3584 
1682 4460 4726 
4368 4074 905 
1546 1131 4201 
4278 4777 913 
3064 1186 2431 
3403 520 2493 
1926 3107 4431 
866 600 261 
62 4729 4331 
2578 1012 4542 
4838 4203 4834 
4049 4772 936 
4238 247 3774 
65 4500 3617 
842 858 838 
1558 2462 844 
3882 3599 778 
2995 1367 1544 
3594 812 3751 
57 2285 1187 
2095 1054 2083 
4578 1586 67 
1632 1071 158 
1524 2073 3099 
4433 761 4417 
2228 1399 1922 
150 4354 230 
2915 757 2738 
1410 1331 43 
2735 2180 3021 
768 4677 4692 
856 2029 671 
2969 44 235 
2481 1923 3132 
4468 3762 3171 
2460 1855 309 
915 3493 988 
1007 991 4169 
264 1087 146 
2129 1459 2237 
3909 4695 3983 
2138 4133 450 
1075 858 829 
3293 3611 815 
782 786 2132 
4588 2338 255 
4738 1501 983 
2233 692 1417 
2024 2649 2370 
1912 1076 3581 
1195 1029 3135 
1780 2973 2975 
1165 987 4737 
3811 787 3142 
3668 8 4806 
4211 225 4005 
4672 839 4134 
951 3057 1620 
4325 1106 4729 
1982 1981 920 
1459 326 2237 
4621 893 683 
832 438 4333 
1079 1982 2742 
4628 1603 4572 
2532 4708 770 
3160 2385 4617 
2228 2163 3258 
1027 2575 3002 
3723 948 4703 
3834 3422 1241 
3579 2365 3617 
2732 672 950 
780 2034 2405 
1842 2596 2252 
1779 2325 2367 
2098 1935 980 
4066 811 1568 
3624 3152 1301 
3542 989 982 
1079 3567 4470 
2567 3135 1009 
781 4174 4320 
1145 3638 4054 
2745 3950 3191 
1903 1553 1679 
743 3203 3560 
927 3742 4073 
3259 542 3358 
4543 3553 803 
4836 1177 4290 
198 3368 2036 
1003 4730 4813 
2785 4457 4010 
1384 1399 2495 
734 4622 854 
1155 1580 1651 
2297 303 4 
1530 691 3082 
820 3545 2257 
1479 1274 3458 
2048 834 4305 
3947 1033 2811 
939 2792 2154 
2321 1097 986 
4500 3494 1019 
3596 1515 733 
629 1557 1424 
836 3716 4180 
303 2415 2675 
2500 1849 982 
1668 3267 3130 
3659 4495 961 
2676 1117 2577 
2054 2522 4732 
729 1219 4407 
2418 1123 1073 
4410 4735 3786 
3528 575 3051 
796 3086 973 
932 2782 219 
688 3664 1620 
3052 4303 991 
2954 2313 2329 
2202 4018 2089 
868 3822 3304 
744 394 2158 
4489 419 4051 
4040 4345 4358 
870 1059 2697 
1047 4631 793 
3894 1556 1860 
3742 1380 1803 
677 793 4631 
1662 1519 1686 
2877 3770 718 
3262 3469 2700 
307 1451 2088 
249 2519 1778 
1199 1940 3058 
68 104 1025 
1289 1875 2834 
4454 3591 4491 
2939 2250 947 
751 4330 2600 
4438 3662 3532 
4250 4284 922 
1313 4727 2805 
523 3266 1942 
3908 4679 3651 
722 2716 46 
2169 2338 1118 
931 4391 3516 
3149 2071 322 
2859 4861 3089 
2019 2552 1829 
1734 1121 1728 
4711 4279 965 
3057 688 1620 
762 4474 4750 
4100 2209 840 
1166 739 322 
1051 1082 2078 
2581 1553 2523 
2155 1721 1419 
1234 1239 4480 
2765 753 2036 
1786 4228 3488 
1708 3070 1610 
692 2233 2975 
590 2902 86 
2114 4101 4016 
970 1311 2584 
2503 1239 3130 
2365 2262 3034 
2868 2190 2275 
925 150 3943 
4743 1486 86 
752 4685 4746 
3816 1456 1878 
804 4854 4331 
2471 3688 3394 
1471 1425 1449 
832 4363 4069 
1408 2926 3035 
4557 1249 4573 
4412 3820 3915 
3235 2812 2913 
2182 1839 1693 
63 3676 2352 
4596 3253 1665 
2071 3149 682 
850 3982 2425 
239 1044 2771 
2363 3253 2246 
194 3971 805 
3412 2974 1040 
2836 1998 4600 
3655 1577 956 
2649 1237 2370 
4292 1865 1546 
3210 3229 4698 
757 2500 1075 
3673 998 3003 
1439 4802 4485 
878 2993 3986 
315 3245 2419 
3450 1166 322 
3682 3734 1354 
1056 924 2698 
1336 58 3507 
1928 3089 4861 
1794 2550 2459 
2997 1047 1141 
990 2177 2175 
2132 3450 782 
4460 669 1504 
3142 2635 3679 
180 225 2093 
3880 4246 72 
1314 1360 3022 
2494 1761 767 
3994 3442 1253 
417 4506 4270 
2133 315 2419 
970 842 986 
4320 4174 1048 
4474 4757 827 
976 4621 3560 
1261 2332 2246 
3737 4391 3718 
4354 150 925 
4284 2650 1621 
711 860 995 
3967 1647 3260 
1059 870 1685 
2002 3596 733 
1834 1222 1476 
1524 4083 1803 
3134 2573 2667 
975 4072 2625 
4671 957 3344 
2651 2306 2673 
3165 3325 3252 
2353 1183 1665 
2262 53 3034 
1836 2182 1693 
1020 788 782 
800 1936 801 
4050 3771 2932 
933 4386 875 
760 4680 3577 
1134 2689 274 
293 2169 1118 
53 3820 3282 
915 3667 3493 
1900 2821 3094 
1579 4768 852 
1268 4558 2215 
2864 637 2742 
3784 2460 309 
4788 4609 4522 
2035 2697 1059 
3551 1130 4402 
1947 3359 4601 
860 989 988 
843 229 774 
1086 1083 2972 
1057 2574 1007 
4419 3122 1531 
3806 1680 350 
3245 2255 2419 
1169 4641 1760 
2735 1148 2551 
3510 1086 2972 
1076 847 3581 
4789 3264 2694 
1185 3285 2724 
3256 411 1995 
1417 3967 3260 
708 1081 998 
2139 1923 773 
1179 2186 54 
3573 4094 3678 
314 3282 2754 
1183 2353 2038 
3969 1000 3615 
1111 1338 3414 
1174 3664 4232 
3275 3963 3039 
3111 483 3814 
1113 890 441 
1743 4019 4587 
335 732 710 
3299 1295 2656 
1661 4853 2264 
1640 2790 1700 
586 4421 3374 
1457 3270 2070 
2711 4324 1324 
3078 2418 144 
3556 703 541 
1401 2552 4637 
2309 2969 235 
1159 2308 1309 
1428 2938 2136 
2245 2072 2163 
4508 966 2616 
1460 4599 2275 
1081 708 3865 
4464 3064 4583 
130 4819 1258 
3296 1787 2991 
1899 2601 4005 
2361 2138 450 
1363 513 2835 
893 3930 4076 
1425 2585 1449 
2855 2390 1527 
2496 2985 2542 
4730 3335 2964 
1183 1671 1665 
1691 2991 1856 
1654 3383 3991 
1864 2424 2414 
1238 1825 3938 
1196 4711 3174 
881 2305 256 
3163 2268 4217 
3770 1008 3692 
2480 2863 1988 
1562 4854 804 
2212 2861 2885 
2126 1465 2259 
957 661 3344 
1535 2015 965 
317 1811 1049 
4197 3477 1457 
1816 3494 4500 
811 3573 3678 
802 4261 4404 
878 2919 4036 
1696 1408 4387 
2867 1642 346 
1181 2672 2564 
1143 2525 311 
3644 3667 704 
1927 3959 3927 
3257 1202 2222 
3427 2124 4027 
2111 4131 1804 
3173 4686 2936 
3267 4363 4333 
1124 254 1062 
1344 1681 2096 
1973 2173 1011 
1603 1953 4572 
2163 2228 1162 
1923 1367 3132 
2284 1527 2188 
2049 2979 1348 
1260 2117 2945 
869 400 4225 
1222 1834 466 
3108 4628 4639 
1843 4041 4015 
1838 1361 1371 
1016 2990 1733 
753 1923 2057 
3180 3159 2232 
2018 1427 2076 
2648 932 219 
1844 1121 1248 
2979 2723 1389 
3842 1320 2331 
741 849 1908 
2246 2250 1261 
976 3990 4383 
2201 3037 2023 
1087 804 4331 
3289 3042 559 
1557 1305 1786 
2842 4655 2122 
1522 1417 3260 
2216 2991 2634 
849 741 1472 
1460 921 2337 
3488 701 1424 
4109 1502 3623 
1512 1317 1805 
715 323 4137 
868 3400 4589 
2065 899 1168 
3736 763 2482 
2992 2473 1499 
2250 2213 1261 
1347 3688 3918 
1452 684 4687 
3884 3005 1080 
4729 62 4325 
3543 4508 2616 
3742 927 451 
781 800 801 
1799 4497 1398 
1661 1446 1597 
4250 845 1658 
1863 1173 1896 
1269 1392 1896 
281 1266 2337 
4586 404 4336 
3813 2007 3356 
3341 718 3557 
3245 315 877 
2782 4827 219 
3940 161 4293 
3880 323 4669 
1133 4193 252 
2098 1875 2572 
333 2721 175 
1186 4812 2431 
1110 2766 3245 
4459 1699 1024 
2072 2127 4141 
1660 218 1727 
227 1660 1727 
1807 3268 1082 
3104 878 4036 
3368 198 3634 
1173 1269 1896 
4070 222 1932 
1825 1231 1172 
4733 4390 4697 
1556 1970 1695 
3657 1003 2225 
1895 123 49 
409 3604 4537 
1176 4552 2884 
1109 712 2469 
4340 3391 4119 
4578 3795 3274 
918 3272 2657 
3706 1604 1955 
1272 1282 1235 
2508 4675 2789 
1878 3241 4752 
1641 4011 2466 
2843 1254 3410 
3472 4265 1243 
111 3729 3069 
4031 130 1258 
2151 2009 1325 
876 4582 4241 
3607 4236 1334 
1399 2228 3258 
1640 2065 2790 
1373 2568 2478 
1561 3259 2439 
3330 748 3069 
1063 1815 4549 
1464 2336 2315 
1430 2194 947 
4841 2061 671 
722 3756 3023 
2489 290 4075 
1338 1111 3533 
4629 4684 2744 
4834 4203 2315 
1982 2864 2742 
1395 3144 4314 
1795 1618 3005 
2304 3532 4028 
4481 249 1778 
2016 1098 4518 
2614 1498 3346 
1152 4599 2921 
3211 786 1256 
2179 1122 742 
1312 287 276 
1475 313 2116 
3367 2259 948 
3420 4507 4172 
1619 3514 4026 
4083 1524 4347 
1847 2830 3055 
912 4552 2423 
677 1216 2739 
1681 301 2810 
1245 1304 291 
841 2131 1420 
1276 4029 3707 
4558 1268 4522 
521 1318 3632 
855 2092 1365 
4189 1104 2999 
1260 2357 2117 
2697 2035 2121 
1070 4122 699 
1427 2018 4787 
2554 3829 4572 
3993 1302 4699 
2285 2169 1187 
3398 1496 3115 
2411 4052 448 
890 1113 1910 
1870 2320 1985 
3371 4646 4467 
2806 446 2626 
3598 1070 699 
3878 1937 1693 
2501 4110 1775 
4619 2197 1440 
3800 4833 4831 
1306 1156 1192 
1980 1551 1506 
1015 3407 671 
4150 337 1705 
544 2420 3432 
2372 257 3049 
2507 918 2283 
1768 1899 1163 
249 4481 3353 
56 1388 2431 
1163 1899 1050 
1829 104 705 
1668 1767 1663 
2424 1635 2414 
1230 3934 3825 
1663 1767 1667 
2150 2306 769 
3877 2002 724 
944 4443 379 
4337 3470 2248 
2821 1884 1531 
1337 3269 2889 
2823 1553 2581 
1125 170 992 
3313 73 1526 
3828 2049 1706 
243 3636 3716 
3964 3616 4415 
987 2721 2137 
1367 1923 1544 
3298 3166 2242 
4241 4656 4687 
1310 324 3455 
3828 3650 3886 
3845 2837 4716 
2368 3841 1281 
2103 2786 506 
2721 4723 2137 
229 3240 774 
4618 2233 1522 
715 4746 4669 
151 77 3367 
1832 2195 1307 
166 4255 2681 
1039 2549 807 
14 1379 75 
3567 1079 2561 
264 945 2031 
4779 264 146 
1065 98 2184 
1349 1909 1740 
1587 4200 3819 
204 313 4828 
2630 2477 857 
964 3313 4310 
2937 1002 2108 
4396 1520 1653 
846 1813 491 
669 2082 1504 
36 4247 4379 
1002 1299 2942 
1430 2135 2256 
2224 196 4637 
3081 1090 2178 
204 2669 1944 
3569 3582 3557 
898 3752 922 
4097 880 1983 
4794 2399 872 
1497 2033 2701 
3755 3218 1214 
2124 3427 3368 
761 1382 4546 
2571 3261 2763 
4853 1661 1597 
2782 2424 1307 
2642 4538 1270 
1104 1732 4459 
3005 3625 1080 
2100 1623 4515 
3510 2121 2035 
3567 3859 154 
1720 1835 1733 
1672 3235 2913 
324 993 3471 
3325 3165 3168 
2019 3010 4402 
2956 938 248 
777 1032 1328 
4734 1208 386 
879 4079 3503 
4177 3125 1212 
4521 758 4389 
2571 3514 1913 
737 2925 4715 
2766 1110 4235 
4033 563 1567 
4491 4738 4365 
3546 3054 3951 
2298 2906 767 
1128 3934 455 
2597 2012 1583 
4857 4174 801 
938 1584 1938 
196 1401 4637 
2519 1538 1778 
1045 2764 1207 
4257 3348 1026 
1352 2746 3344 
543 974 2624 
4256 1208 807 
1379 14 4571 
463 1308 1798 
850 1581 1391 
4575 14 1423 
1358 4194 2854 
1626 1680 4539 
2490 1912 1589 
3765 1005 2603 
1956 121 3367 
3841 2184 3200 
4340 799 2359 
841 3317 3242 
2019 1130 2552 
3339 138 2396 
62 3980 1064 
1244 1734 1728 
3577 2529 1589 
1470 2211 992 
1109 4591 3533 
3983 3563 3909 
3690 3519 3781 
4004 1213 1921 
2264 1465 1458 
3716 836 243 
3454 2903 785 
1104 4459 2999 
3508 2776 4069 
1573 3763 433 
3930 893 3839 
1555 335 710 
2722 984 4565 
3413 966 700 
4819 1240 1258 
1911 1177 2588 
709 1352 2908 
1446 2349 1597 
316 2407 2404 
225 4211 2093 
483 3608 3698 
1082 3920 2078 
949 728 473 
2601 3723 4005 
2208 254 3109 
4074 4586 3389 
3171 2079 1452 
3386 1502 2080 
2211 1548 992 
752 3784 309 
1563 38 4826 
893 4076 683 
1028 267 4223 
2000 2567 1009 
4643 1967 3670 
2866 4195 287 
764 1658 4280 
2015 4637 965 
487 3745 3412 
4240 199 2844 
129 1453 735 
1577 2803 682 
4533 4266 412 
1446 1661 2126 
2269 4817 3958 
776 3396 2256 
375 1090 916 
3442 3942 1253 
4854 3980 4331 
1223 2413 1601 
2892 1863 1936 
1552 775 1032 
2611 2737 4103 
101 533 2604 
567 1960 3015 
2195 1832 2912 
3633 3671 1178 
1406 4290 2147 
2998 3540 4806 
3190 1811 3030 
2239 4393 2290 
3864 2939 2194 
3406 1618 4075 
4303 633 3068 
1127 1279 4845 
2172 2498 1887 
4399 290 2142 
2100 2506 4727 
2467 4153 1224 
1550 1302 2249 
2723 1096 4683 
444 4096 830 
4200 2550 1705 
2106 1480 1393 
2184 1433 3200 
1096 2723 4509 
3878 1839 4753 
2907 2607 2977 
4334 3831 936 
2409 2414 1741 
1404 3598 699 
3568 833 3412 
3500 3491 3373 
4768 953 1706 
1738 3143 1521 
1132 1074 2747 
2775 283 2400 
4228 3391 4695 
855 2151 1325 
981 3564 4626 
1394 2532 4519 
2344 1239 1234 
4772 3626 936 
224 2674 2772 
1208 4734 1817 
1818 4547 655 
3580 338 3505 
2529 2341 4085 
4481 2586 3353 
1644 1313 2805 
2239 2204 1736 
721 2512 1210 
2791 2438 1157 
3934 3199 3825 
3364 414 4103 
1624 789 3549 
3539 3661 774 
1213 4004 2010 
2146 1818 655 
2971 1227 2728 
4792 624 2876 
4388 3832 3506 
2440 4836 4613 
1418 1809 3255 
3253 2135 2246 
4508 9 2435 
4143 1022 3985 
468 3628 2982 
2105 1438 3203 
2746 1352 3046 
880 4097 325 
2508 4129 1077 
3646 2397 2294 
1947 4601 1925 
1153 2112 1845 
2720 1329 169 
1252 4652 3548 
1871 1213 1567 
3237 375 916 
1998 3163 1198 
1584 2114 4016 
2258 946 4581 
727 3205 43 
2134 670 4452 
4226 168 316 
3147 2671 2496 
1623 4628 4515 
1318 3403 3632 
81 1051 2404 
3817 4476 3857 
4596 3088 2276 
4486 419 4182 
1320 4583 2331 
1774 4551 1712 
1872 1627 3175 
1920 614 1851 
880 2195 2912 
1584 2903 1938 
901 885 2122 
1509 116 1448 
2925 737 1941 
2969 2741 1860 
3546 2686 1055 
3026 1217 4053 
4014 629 1424 
793 677 2739 
1191 3542 2377 
2706 2693 642 
4316 4823 2549 
1433 98 2844 
2640 1147 4509 
4711 2043 3174 
4370 4077 4053 
849 1941 1908 
247 4238 2317 
1412 3199 4083 
1513 1485 3153 
3535 756 4352 
1200 3381 2490 
4655 901 2122 
2802 2899 4343 
4348 748 384 
3420 3797 4507 
1537 3302 1301 
2906 1598 767 
2960 3314 2230 
1054 2095 2604 
677 4043 2442 
2268 3494 1714 
2836 2492 1019 
1340 3381 4085 
4255 4808 2681 
4083 4073 1803 
3152 3624 1146 
4244 1498 4463 
2782 2195 325 
2611 3300 2300 
3126 3556 3378 
4683 713 4747 
1282 1830 1235 
1367 2995 3132 
3480 4372 3069 
3966 1543 3876 
3614 2672 2584 
1054 1914 1001 
3261 1951 1377 
4311 4615 211 
794 2452 1325 
3048 1002 2942 
3009 1039 4835 
2359 2427 1192 
4461 125 1356 
3078 1143 2418 
1581 850 2425 
3240 3539 774 
2319 3283 1172 
892 1581 2699 
161 4328 4293 
4285 4311 211 
4540 709 2908 
2924 1850 1848 
134 660 2744 
3316 3044 650 
1572 1549 4355 
845 3554 930 
2483 850 1391 
1115 1193 3507 
1131 4858 4201 
669 4460 1126 
3731 3063 4536 
2654 4667 4496 
2746 3046 3147 
4672 3940 2293 
3639 3484 2904 
2148 3990 3203 
1717 1512 1805 
1950 3960 1504 
2081 3213 2987 
1083 1086 4332 
4296 1358 2854 
2629 4738 983 
4258 3604 4346 
4310 3313 1526 
4787 3838 768 
1042 523 1942 
4734 3863 1817 
1578 1741 1709 
4048 2485 4804 
1399 1384 962 
1057 2447 4068 
2339 294 2744 
1177 1911 1506 
2595 3262 2700 
3828 3079 2049 
272 1091 1753 
4296 2699 2425 
36 4488 3174 
2648 2576 1606 
4663 3901 898 
2319 1231 3570 
938 2059 248 
130 4031 2900 
1664 2842 2122 
2703 3650 2366 
908 2131 2066 
1946 689 2718 
1572 1790 1549 
2415 2297 3390 
1319 2357 1848 
272 2509 621 
817 1627 4399 
580 1447 1666 
1373 1745 1793 
3794 3445 1994 
1121 1734 1248 
2525 1143 2593 
4652 2595 3548 
1519 3060 3970 
4219 1006 3470 
833 3568 2794 
1891 933 875 
918 2052 2283 
1329 2126 169 
1732 4291 1678 
1849 1867 982 
3020 2782 325 
2741 1095 1860 
1873 4843 2724 
2112 1153 1849 
3324 2220 3968 
2380 867 2681 
2413 1874 1601 
1554 1859 4370 
3511 4624 3846 
4793 4567 4106 
1093 233 1860 
4118 4736 3764 
4770 1392 983 
755 4684 1320 
1647 3967 1686 
1453 129 958 
2510 934 3082 
2130 783 1472 
50 1197 4806 
708 4059 3865 
1843 4535 4647 
3767 4233 2434 
3907 4421 3065 
2852 638 920 
1630 4413 3193 
3010 2393 4005 
1604 2771 1044 
355 1137 356 
3228 1931 1613 
831 4491 4365 
4802 1616 4485 
1724 2427 2274 
684 1452 2079 
3468 4434 3797 
576 3275 3039 
2484 1529 2099 
3726 1396 2062 
3141 569 3269 
4845 1279 3256 
2198 1160 2434 
3104 2968 596 
3800 3063 655 
2504 2607 3136 
794 4393 2445 
456 3793 4000 
4178 3352 426 
2903 1819 1938 
2642 4863 1281 
2880 471 778 
2467 3392 1588 
4390 800 4309 
1593 909 4092 
725 4090 4335 
1939 1247 2042 
3596 3270 1515 
1722 4665 2302 
2079 3171 1414 
2473 2992 4583 
1030 925 4069 
3138 2383 3648 
2855 1764 2076 
696 324 4185 
2706 641 1207 
2073 1204 2506 
585 584 3065 
1288 3305 1710 
3455 4793 4106 
846 2324 3011 
2815 1723 962 
649 2598 1977 
1434 1859 1986 
3032 2196 3571 
1147 4848 4747 
2089 1927 3927 
3930 737 4076 
3816 2272 907 
234 1288 4715 
1313 2100 4727 
1145 2691 3201 
4033 1614 3979 
4622 4065 854 
1217 3026 3756 
2450 1534 1583 
1870 1332 1275 
4704 1599 3116 
216 2491 1333 
1004 3382 1980 
3314 2420 2624 
326 1411 1575 
876 2318 4001 
3996 872 2865 
1250 3193 19 
1623 2100 2597 
4186 2622 2162 
287 603 276 
3854 439 4069 
3046 3872 3147 
1145 3710 3711 
4559 4833 2206 
1581 2425 2699 
3135 1029 1009 
4795 1996 2892 
4363 1030 4069 
738 749 2187 
2886 295 897 
4843 1873 325 
331 3523 2884 
399 241 3524 
1956 1563 121 
766 908 2066 
2674 224 231 
1892 189 2393 
2105 743 3666 
3882 470 2090 
4118 4337 2248 
3994 4268 853 
60 2020 2536 
2173 1973 892 
1963 2063 2534 
2887 2785 4010 
4486 4321 4051 
2868 1190 2190 
4665 1722 2623 
2138 2073 1803 
4817 1152 3958 
2802 3768 853 
1249 3832 4417 
2688 2760 2938 
889 4616 4103 
2438 611 4046 
3305 4351 1710 
3826 2352 283 
4504 4367 676 
1285 2444 231 
4777 4695 4717 
1326 1799 2463 
4310 3721 1610 
1423 1548 4575 
2033 1484 2701 
4008 1502 3386 
3302 1537 1620 
3797 3420 2256 
4271 792 4280 
511 3810 2777 
3747 1948 2168 
1598 1940 1199 
1572 3268 1790 
1361 3980 1371 
2161 1796 2244 
3734 2316 1381 
2356 4768 1706 
3527 1479 3458 
2086 1211 209 
861 4838 4409 
4553 402 4623 
1949 2310 3836 
1452 2292 2291 
3959 1927 3741 
1590 1547 1935 
1360 1314 2281 
2269 2559 2558 
738 1159 2761 
1254 4276 3410 
2820 4296 2425 
3006 3743 2090 
858 1075 838 
2000 192 1889 
1460 3250 2055 
1464 2185 775 
484 843 4089 
4438 3419 3521 
1171 3121 3116 
272 1221 2523 
1683 2599 132 
1288 737 4715 
672 2732 3522 
3392 2467 1224 
1981 2852 920 
2292 4656 754 
1910 1543 2388 
21 3983 4695 
926 2006 114 
225 1899 4005 
4555 3630 4360 
1426 2079 1414 
732 335 578 
4458 966 100 
783 2270 2895 
3081 2918 916 
2629 2533 840 
3538 4572 1010 
675 3701 509 
3790 2684 2323 
834 2048 3896 
1267 711 995 
1053 953 2570 
1483 3401 1719 
1362 3250 4696 
2971 2728 3207 
1952 1542 3061 
4497 1799 1368 
1117 2676 3435 
1052 2077 353 
1984 2837 4216 
3491 2550 3475 
3268 1807 1790 
741 2119 1472 
3190 4284 1049 
3681 2941 1026 
1415 1664 2122 
1000 1698 1822 
3296 1691 1011 
925 3854 4069 
4142 3665 3620 
4768 1579 2570 
3218 3736 1214 
2587 647 2729 
53 314 3034 
4531 3540 2670 
2559 3195 1290 
138 4795 2892 
1598 2041 3576 
3439 2855 3408 
4830 4845 1995 
1374 1834 2378 
4261 802 4349 
3912 3925 2241 
2991 1290 2634 
1133 2688 4546 
3567 913 190 
3411 3575 658 
1599 1809 1418 
1148 2735 3021 
3992 3142 2050 
929 4504 676 
4784 1709 1606 
2449 2457 2474 
1409 4733 750 
1288 1710 4076 
2471 1545 4053 
1801 4002 3892 
4730 2064 1466 
4626 4024 206 
1973 2612 2063 
1112 2683 4203 
1929 1469 4731 
2291 3171 1452 
1807 1481 1790 
4071 4427 3773 
4686 3173 4825 
1295 546 113 
4809 4727 1204 
4738 2629 4365 
1138 632 2824 
2399 2086 2766 
1236 2643 2370 
2063 2487 1973 
2642 4566 4538 
3836 701 3488 
1502 4008 3623 
1759 4679 3908 
511 269 3810 
4148 4004 1921 
2696 2942 2988 
2290 2113 2009 
1577 3149 956 
1532 2833 1740 
1065 1245 291 
2851 2750 127 
1090 862 2178 
2823 1520 623 
614 2923 2883 
1691 1287 1011 
1796 2345 2244 
2380 783 2895 
483 229 3814 
1907 787 3811 
2306 2150 2780 
2717 4686 1634 
2126 1966 169 
3348 3806 3160 
2199 3003 998 
3171 2291 4468 
3251 572 3184 
3736 3996 2865 
2599 1683 2637 
3122 2821 1531 
3258 2164 2154 
2444 3086 4302 
4066 4444 2013 
118 923 3227 
1305 1742 2682 
3396 776 495 
3053 4520 2812 
1654 4121 4030 
2542 2746 2496 
2439 1140 974 
821 3472 1243 
3486 4462 1908 
1876 420 1638 
2438 3220 1157 
3587 3321 2700 
1322 1351 4159 
4591 1109 1129 
2985 2496 662 
2330 2762 2028 
1799 1326 1368 
2319 2406 588 
1639 2888 620 
3159 2558 2232 
2142 817 4399 
2979 1389 1348 
2930 742 750 
2708 1810 3611 
2686 3546 2796 
4410 727 43 
2409 1810 1864 
1542 1729 2920 
3095 940 2423 
1562 118 3227 
4564 4201 4852 
2120 2995 1544 
3947 1404 4286 
2704 3942 2832 
4419 4043 2261 
2612 1973 1011 
2904 2217 3639 
3664 688 4232 
835 1522 3260 
1433 199 3200 
199 1433 2844 
835 2690 4026 
4077 4370 1859 
1344 1751 2354 
2522 3754 3651 
4191 4757 4835 
2081 4629 2744 
3790 651 2783 
4520 894 4693 
3626 4772 1878 
1784 1731 664 
732 2664 2302 
2399 2865 872 
859 1806 158 
96 2308 1683 
2843 3309 3366 
2062 1396 967 
4236 211 4615 
1599 3963 3116 
3554 3904 930 
1410 3205 773 
2526 2185 1474 
4498 2192 2397 
4324 3231 1324 
2416 4097 1983 
4667 4011 1014 
1627 237 3175 
1017 736 3354 
2794 3568 3601 
1541 1649 276 
1468 2481 3132 
609 3028 1634 
4456 4187 1865 
3831 4334 950 
3115 653 4032 
4294 790 2391 
1463 4236 4615 
3540 4531 4253 
2015 112 1078 
204 2726 313 
2012 2597 330 
4210 2098 980 
2601 1768 1727 
166 867 2752 
980 2856 2210 
4120 2576 219 
892 2487 1391 
4838 1413 4409 
1596 2174 1365 
763 3736 2865 
2306 2651 769 
3829 2554 1978 
3123 3515 3223 
624 4792 143 
1231 2319 1172 
2746 3147 2496 
1127 4276 2300 
1084 4035 4021 
3967 1662 1686 
952 3241 4180 
1479 2688 2938 
102 1869 4744 
668 320 2972 
2578 909 357 
1858 1871 1567 
1432 1961 3204 
3833 3054 3805 
931 3771 3718 
2750 880 2912 
1662 1312 276 
3183 1578 1709 
2862 2427 238 
984 2722 3465 
1773 2480 1988 
1684 3108 4639 
3754 1403 4098 
2667 1150 2981 
4474 4824 4750 
2512 4255 1210 
4680 4528 754 
3452 3365 3558 
1598 2906 1478 
2245 2163 1162 
1765 1745 2478 
252 4193 1782 
3920 3433 2078 
1914 2322 1001 
2022 1447 2788 
2181 1773 1988 
773 753 822 
3983 21 4650 
3300 2401 2300 
3269 1337 3185 
2837 1965 4716 
1632 3107 12 
2672 970 2584 
4653 1099 977 
2273 1909 2008 
4708 2532 1490 
1810 2409 3611 
566 3176 3215 
2823 2581 1653 
3633 3590 3561 
365 2715 182 
3110 4040 4358 
2599 1201 132 
867 2380 2895 
3407 856 671 
2296 3907 4787 
2107 1206 3172 
1811 3190 1049 
1576 1678 4170 
3525 2160 2564 
860 711 941 
4833 4542 2206 
3363 3749 3491 
1153 4388 3506 
1047 2997 2660 
1707 1744 698 
3966 4156 4111 
4196 4492 3329 
953 1053 4130 
646 1605 1449 
1671 1183 3224 
2255 3114 2419 
297 2133 2419 
724 2002 3896 
2764 2693 1207 
2559 1787 2558 
600 4797 261 
2556 4592 4700 
3133 2802 3478 
917 517 3312 
2125 846 3011 
1485 1513 1585 
4750 3476 1048 
3197 3361 3184 
3102 2209 368 
2756 1287 1856 
4758 1763 4224 
3010 3723 4402 
4370 3669 1741 
2693 2764 4503 
2654 686 2982 
4292 2779 3118 
1586 3236 1594 
2005 1491 2446 
93 2258 1101 
1800 4256 17 
2522 2054 3754 
3159 3180 3198 
3034 314 3353 
2112 1849 2627 
2991 1787 1290 
1000 1822 3615 
3336 3941 4591 
2668 2507 4465 
2487 892 1973 
4367 3320 4731 
2273 1539 1740 
707 2750 2912 
597 1785 1771 
978 2226 829 
1810 2708 2912 
1259 2282 1103 
3018 326 1575 
2925 2380 4715 
1683 2308 2637 
2738 757 829 
3809 4019 1937 
744 821 3780 
2267 3140 2660 
1426 343 4614 
1866 3318 1264 
1893 4082 4165 
4228 3836 3488 
525 3461 716 
3760 1949 3836 
1845 2218 4433 
2723 2211 1389 
1698 4569 1667 
1327 3277 407 
1738 1521 4565 
2279 1260 2945 
4158 4783 1663 
1353 686 4496 
4467 760 1589 
3658 2364 3750 
2749 2845 2636 
2628 2517 3446 
4081 4158 4487 
57 1201 2285 
1063 2051 3570 
3102 3578 367 
955 63 3683 
1028 2608 267 
2063 2612 2534 
1146 2217 951 
2094 1731 3086 
989 860 941 
3536 1216 2442 
1411 2422 1575 
4444 4066 1568 
3501 730 3425 
1766 3019 2617 
3510 2035 4566 
3107 1926 12 
3872 3540 3147 
2717 2690 2791 
4476 3817 4333 
2506 2100 4515 
797 3254 3463 
2721 333 1107 
3674 1533 3846 
849 783 1941 
2101 1795 1716 
3564 981 3764 
1217 4370 4053 
1831 1347 3918 
2109 4559 4561 
1550 408 1697 
4558 4181 2215 
1360 2355 1277 
2812 3235 2829 
4167 4189 4436 
1633 4541 1712 
1759 3908 460 
1796 2161 1771 
2612 1287 2534 
1731 2094 664 
2920 4279 3061 
4214 798 735 
4742 2803 4099 
3088 4596 1665 
2114 1584 938 
1825 3910 3938 
1789 4011 1641 
2860 3229 3177 
3054 3546 1055 
1532 1539 4503 
3185 3141 3269 
1940 3704 663 
4824 3476 4750 
2480 1773 4314 
1792 1016 1733 
3045 3027 3093 
2242 3166 3185 
4609 4004 1455 
1639 3891 2917 
584 3083 3065 
3841 2368 2240 
4179 3219 1004 
1830 1332 1235 
2222 1190 2572 
4593 2944 4732 
2052 918 2657 
1160 2198 1167 
2173 3180 2232 
4360 4596 3335 
1659 1079 2742 
2905 2652 2137 
2081 2107 3172 
4229 1104 4189 
793 2618 1141 
2304 2175 1393 
1051 3238 2404 
3681 1297 4595 
908 766 3597 
3961 4084 3753 
2378 1834 1476 
1315 4590 3712 
2073 2138 1651 
1123 1143 311 
1551 4290 1506 
2643 1236 2085 
1346 1475 2116 
2212 2702 2474 
2064 2775 2400 
1256 2127 1559 
2944 4593 1793 
3708 766 2484 
2596 2792 2252 
2203 2717 1634 
1287 1691 1856 
514 3677 1607 
1280 3380 3389 
3923 2193 3440 
2113 1325 2009 
726 3334 2360 
3906 1174 2386 
668 1083 3193 
3051 1171 3116 
1739 1529 2066 
116 1509 112 
1221 272 1753 
1909 2273 1740 
966 4458 700 
150 1910 2430 
2258 242 1101 
1085 630 3499 
4456 3118 2600 
3608 483 3916 
2184 3841 2240 
4279 4711 1196 
4234 3014 3955 
1005 3996 2603 
1092 3122 2261 
3413 550 2616 
2470 3298 2242 
3737 4038 1189 
2649 2727 1237 
1427 3907 3065 
1020 2214 2551 
2358 4619 4302 
697 2215 1823 
2127 1256 4141 
2214 1056 2551 
2211 2723 4575 
2578 4542 4092 
678 4458 1980 
1425 1943 4308 
653 3115 1496 
4565 3332 2777 
234 4808 280 
3993 4845 4502 
1226 3966 4111 
1152 2868 2275 
3197 3045 3093 
756 3535 3428 
3293 722 46 
1950 1558 3821 
1950 4718 1852 
129 1952 958 
1057 3000 1218 
3701 3588 509 
933 740 1031 
760 4467 4646 
3765 181 1005 
1648 4784 1606 
4257 2941 3572 
4109 1383 1967 
2737 3364 4103 
674 2059 1938 
2569 1360 1277 
288 1592 1829 
289 3302 1620 
3351 3713 3467 
2452 794 990 
3963 4394 3039 
4538 1451 1270 
3268 1572 4355 
1839 2182 3017 
1484 2033 1753 
3760 3788 4169 
1633 3804 961 
797 1884 2813 
4528 1028 4223 
1884 3343 1060 
3703 1194 2543 
3575 3411 2132 
3588 2143 2060 
1061 2172 719 
2190 4254 4696 
2005 2172 1887 
2575 1027 2656 
2173 892 2699 
2498 1481 1887 
2058 1715 1646 
125 3349 156 
2996 3687 1600 
2526 126 1328 
3073 2855 2076 
1446 1329 2327 
2308 96 1309 
4007 2410 1089 
3102 2629 840 
3366 4506 3276 
2785 1099 4060 
1269 4100 840 
3981 4321 3883 
4189 3954 4436 
858 842 2074 
3937 2548 1565 
3103 4742 4099 
2998 1158 919 
615 2963 3158 
1965 2837 2790 
4235 3755 2605 
2217 3057 951 
3073 3083 3101 
3058 3609 3594 
1352 709 3046 
1230 3777 2947 
4784 3183 1709 
1142 2470 2809 
3924 3289 873 
842 970 2074 
2193 3923 2241 
4101 2929 3506 
1907 2710 3892 
4482 2997 1017 
4080 3811 3142 
4797 1934 1686 
841 4490 2066 
2000 108 4431 
4722 2084 769 
2427 1724 238 
1312 1662 1417 
3804 3659 961 
1739 3922 4106 
2226 978 3204 
939 2026 788 
1239 2344 3130 
2503 434 4480 
2209 3102 840 
757 1075 829 
4745 4795 4112 
2735 1056 2698 
1553 2823 1679 
1625 2915 4239 
4558 2301 2299 
3831 4049 936 
2305 1352 3344 
2963 2923 3192 
2635 4691 3935 
1394 2658 2111 
4230 2868 2617 
1953 2554 4572 
1459 2129 1463 
1635 2648 1606 
327 3778 4444 
1113 2430 1910 
337 4150 505 
935 8 304 
2655 3906 1824 
2910 2762 3549 
3028 2203 1634 
1216 677 2442 
2452 855 1325 
949 3704 3576 
1334 1997 3645 
3234 1213 1871 
3152 951 1620 
1432 2800 1718 
4313 1474 2185 
1816 2120 3761 
1534 2450 2626 
1271 4556 193 
1773 2181 255 
2553 576 3039 
2059 938 1938 
799 2427 2359 
1236 1237 2787 
817 617 2432 
4536 2109 745 
1432 3204 978 
911 2226 3204 
2046 456 4000 
3821 1558 1251 
3367 1966 2259 
1203 3230 733 
2574 1057 634 
2006 926 897 
3110 3476 3070 
1642 4651 346 
2753 2848 3247 
2918 3081 1564 
2017 606 2303 
1494 3262 2099 
1840 2418 1073 
3514 1619 1913 
2494 1598 2516 
313 2726 2116 
1806 859 883 
2841 4038 4116 
2811 1895 997 
684 2079 4614 
4795 138 4112 
211 3348 4285 
3053 2812 2829 
1221 1716 1795 
3219 690 553 
1140 3314 2624 
3801 4025 3394 
2558 3296 2232 
1085 2826 630 
2637 3144 2599 
3109 1322 4159 
855 2452 2235 
1138 1949 3068 
4237 1338 3533 
1382 3988 4546 
1711 3078 1791 
2284 1072 2538 
1809 1722 2302 
2533 2629 983 
3208 4102 1251 
2704 1255 1291 
2741 2969 2372 
1432 2102 971 
2683 4313 4203 
829 858 978 
1444 1694 3944 
1734 1244 2348 
3772 1276 1354 
1407 3884 4650 
3514 2303 4026 
4207 1283 1455 
4494 4592 2683 
2705 4851 745 
970 2672 2074 
1729 1542 4299 
1311 3559 2584 
867 166 2681 
4359 1503 2825 
2531 3103 2707 
2776 3508 438 
3961 2457 2449 
3788 3760 3836 
3262 2595 2099 
1083 3972 3193 
2369 4041 3306 
3980 1361 2772 
2870 1765 2478 
2180 2531 2520 
1220 662 919 
4564 4292 1546 
1491 1807 1082 
4667 2654 2466 
1971 2953 3274 
1790 2174 1549 
154 3000 1007 
1561 2439 974 
3360 3231 2634 
3839 3486 1908 
3339 370 4112 
3213 1488 2987 
1529 766 2066 
3653 1752 1852 
1133 3747 2168 
3072 2022 2788 
4330 1601 2600 
2265 2104 721 
3449 2882 2433 
1116 2613 642 
2320 2278 805 
1304 1245 240 
4523 2487 3739 
4721 1280 3389 
2007 3525 3356 
1033 3947 3841 
3684 4044 3369 
2650 4284 1500 
2126 1661 1458 
1764 2855 1527 
2401 3300 3338 
490 4774 3011 
4690 186 2088 
3982 850 907 
2573 3134 962 
4080 1948 3919 
3063 3731 803 
4558 1993 2288 
2721 987 1184 
2779 2340 3118 
1177 4836 282 
2027 1637 2814 
2430 1113 3943 
2529 1200 2490 
2866 692 2975 
1734 1170 1248 
1529 1739 2099 
4200 1587 3475 
2161 597 1771 
1418 4394 3963 
176 1720 2508 
1543 3966 2388 
3703 498 3402 
3626 736 4334 
369 4359 4745 
3066 3527 3458 
3669 2409 1741 
2226 911 1905 
3337 1015 2191 
2365 3579 2492 
1087 2992 146 
2429 1579 852 
2671 662 2496 
1369 489 2894 
4552 2740 2884 
4639 3538 830 
4200 337 505 
2024 1842 2252 
927 3727 451 
2182 1836 4241 
1412 4347 3903 
1953 1603 1617 
1533 1952 3061 
4062 2328 4217 
1964 1812 2325 
2569 1177 282 
2344 1767 3130 
4682 1305 2682 
1140 2624 974 
4605 2003 3016 
3950 2628 3424 
1255 2704 2832 
1148 1020 2551 
940 912 2423 
1880 1259 122 
3423 1193 2463 
2645 1756 311 
3818 3876 1684 
662 2671 2998 
1839 1622 4753 
1482 4371 1492 
1090 375 862 
2128 1216 3280 
1409 372 2816 
371 4733 2816 
3431 535 3648 
245 4556 3367 
1135 2130 1472 
1568 327 4444 
3134 2815 962 
3725 3311 3120 
3652 3451 3620 
334 1695 4286 
3672 707 46 
3251 3361 573 
1813 2639 4839 
1894 1115 3507 
1963 2267 2660 
755 3842 4560 
783 2130 2270 
2799 598 2244 
3982 1654 3991 
378 1629 1708 
3270 2519 1515 
446 4037 2626 
4289 4514 1376 
3614 3356 2564 
2784 3871 1824 
1520 2823 1653 
4812 1186 2398 
2242 1972 1376 
2160 3525 3853 
4323 3482 2885 
2355 2588 1277 
1342 2760 1942 
1556 4683 4747 
4004 4609 2010 
1619 2717 2203 
749 2911 2187 
1221 1795 2581 
2366 953 4130 
1696 2170 716 
3164 3079 2371 
2072 2245 3581 
283 2198 2400 
1058 2839 3062 
2601 1956 3367 
4531 1516 4253 
3746 3103 4099 
126 2548 2694 
2607 2815 3136 
2939 3864 494 
3376 583 3408 
2329 3643 3416 
3925 2193 2241 
3211 1256 1559 
3662 1596 4028 
4542 2422 2206 
2531 2180 2156 
2262 2365 2492 
736 4245 3354 
2939 3823 2250 
1151 3665 3685 
1375 2360 2299 
758 4521 3847 
4628 4081 4515 
1058 4020 2582 
4540 3844 709 
4396 4792 2876 
3824 3199 3835 
529 2651 2673 
2833 1532 3062 
1297 349 4595 
2130 1135 2270 
2874 2442 3463 
2952 4386 2096 
4846 4634 4315 
2170 4551 3642 
3318 1866 549 
1179 54 1419 
2189 3874 453 
4823 807 2549 
3327 1938 1819 
3122 4419 2261 
712 3764 2469 
2383 2005 2446 
4514 4078 1376 
3509 3419 4441 
2203 3209 1913 
3086 2444 973 
1598 1199 2516 
1256 786 788 
1308 1793 1798 
1322 2372 3049 
4701 4328 3712 
2628 3720 3154 
1348 1470 819 
3385 3690 3738 
2703 2526 1474 
1804 1480 2421 
3166 3141 3185 
1847 4661 1611 
945 2622 2031 
1652 3327 1819 
2745 4414 4681 
2690 835 4087 
1533 3167 3846 
2491 1388 300 
2734 1872 3175 
593 2117 2367 
633 2665 3068 
2177 990 2445 
1850 2924 2781 
3832 4433 4417 
2915 1625 2627 
3295 3017 2468 
3411 814 2132 
2585 1425 4367 
798 4214 1038 
2338 4588 1118 
2197 1324 1440 
2095 4131 2604 
1600 3687 2475 
870 2697 2121 
2756 3243 4323 
1586 1594 2376 
2655 1824 3935 
4233 730 2443 
1468 1778 1523 
376 2918 2166 
581 2387 673 
3144 2971 4314 
4083 2189 4837 
572 3074 3184 
2769 2986 2728 
4490 1739 2066 
3981 3883 1760 
4249 4342 1602 
3992 3867 2798 
4012 2189 453 
326 1459 1411 
2049 2356 1706 
2591 2052 1757 
1352 2305 1359 
1159 738 2187 
2643 1842 2370 
1308 1372 1924 
4460 1445 1126 
2615 1394 2421 
1739 1494 2099 
2764 4020 4503 
227 1768 1163 
4686 609 1634 
3153 1984 4216 
1194 3791 2543 
106 1640 1700 
287 1312 2866 
4742 924 682 
3088 4839 2639 
4786 2155 1419 
4593 3719 3437 
2113 794 1325 
2251 666 2921 
3079 3164 4509 
4181 4558 2288 
2424 1864 1307 
3656 3864 2194 
1961 3372 2560 
1934 2799 2244 
3872 4361 1292 
1147 2640 1387 
1721 2863 664 
2173 3296 1011 
294 134 2744 
4166 2000 4431 
3372 1961 1718 
625 1306 1192 
3230 834 3896 
4827 2782 3815 
14 4575 4571 
3017 714 2468 
1369 4774 3574 
3054 3779 3805 
1789 2568 3437 
1787 2559 1290 
1380 3742 451 
1347 1831 4054 
4347 3918 3903 
4487 4584 1877 
4506 416 3276 
2690 2717 4026 
1545 3026 4053 
457 4378 2589 
3231 1018 3502 
2043 36 3174 
3832 4678 3506 
1086 4061 4332 
2667 2749 2636 
966 4508 2435 
2822 1124 4571 
2688 1133 252 
2016 2029 3677 
2448 4532 4804 
4767 762 4852 
2369 2986 4015 
3759 4238 3774 
2226 2738 829 
781 3735 4309 
2902 1815 86 
424 4202 4204 
2558 3159 1766 
1783 2201 2023 
2590 1074 4741 
2301 1375 2299 
516 3713 3312 
2106 1393 2175 
3844 4540 1985 
435 1339 3415 
1876 1699 1678 
3854 925 3943 
1535 4279 1101 
214 1203 1515 
3515 3178 558 
4783 1668 1663 
3261 607 2763 
2845 1236 2787 
1694 1822 1234 
2800 3853 1718 
4604 4661 1847 
3348 4257 4285 
1120 239 2771 
1029 192 1009 
1780 1441 2973 
2963 3192 3158 
1950 1752 2462 
413 4266 3338 
3089 1928 3830 
2301 4558 4522 
2777 2722 4565 
2315 1744 4834 
3547 1928 3693 
1254 2843 2611 
3804 4193 2263 
3922 1739 3433 
2910 2056 2028 
4556 1271 169 
2580 4708 2445 
3153 2726 1944 
4433 4388 1845 
823 1648 1606 
2650 747 1621 
3359 1947 530 
3818 1684 4639 
3243 2756 1856 
284 2953 1971 
4594 1366 3670 
3787 3491 3475 
4835 4118 2248 
2227 4364 1374 
2931 2461 1355 
3420 2104 2256 
3661 2234 485 
2702 2212 2885 
1148 3021 2252 
3613 2635 3935 
2340 2779 1991 
820 2332 493 
3083 584 3101 
3403 1479 2938 
2225 2859 3657 
285 4843 3307 
2002 4149 2070 
2441 2052 2657 
3680 1935 2572 
666 1516 2921 
2573 1384 2085 
3701 1781 2221 
1006 3186 3470 
1537 3152 1620 
4286 1404 699 
4621 976 3839 
2815 2607 1991 
3331 1246 2311 
1802 2091 1286 
4576 4830 410 
3210 2873 1833 
3735 4320 1569 
3836 4222 3499 
324 696 4562 
1919 1213 2010 
2651 2286 769 
1268 2440 4522 
1684 1543 1916 
999 2083 1001 
743 963 3666 
3123 726 2360 
2026 939 2154 
1490 2106 2175 
4792 4396 1885 
2708 3611 46 
2095 2514 1804 
3199 3934 3835 
584 3056 3101 
3235 1672 3306 
3779 653 1496 
2672 1181 2074 
2082 669 1126 
4718 1950 1504 
696 4620 4562 
63 3826 3683 
4742 3103 2156 
1210 4406 721 
2064 4730 2775 
1293 2312 3184 
1658 312 2677 
3813 3513 3657 
1967 4643 4770 
4289 2010 4609 
3555 2298 767 
3220 2936 1157 
1547 1806 883 
312 2684 2677 
2214 322 2071 
3654 3804 2263 
2255 2086 209 
2518 646 1449 
2734 1656 1979 
684 3565 4687 
2760 2136 2938 
1490 2177 4708 
2381 1672 2983 
3183 1412 1986 
1619 2203 1913 
1468 3530 4481 
4553 1129 2840 
2466 1737 1641 
4045 2381 1600 
4844 568 3405 
4452 2428 4204 
1477 2871 1333 
1245 1065 2184 
3970 4152 261 
2973 2801 604 
1961 1432 1718 
790 765 4778 
2082 1126 4137 
2161 598 2563 
3180 2173 2699 
4704 3660 2623 
4203 4313 2315 
4110 2501 1905 
3859 2606 2850 
4171 863 4669 
4110 3384 1775 
3314 1140 4793 
2279 2924 1848 
1331 3165 3693 
2979 3079 4509 
2376 1182 611 
3398 3794 3865 
2491 3064 1388 
3416 3176 2954 
4846 4316 2549 
1984 1485 1700 
4086 1754 905 
1672 3077 2983 
3610 3622 808 
1236 2749 2085 
2473 2491 216 
81 1443 2446 
1982 1079 4470 
3469 3262 3126 
1047 793 1141 
4222 1085 3499 
2105 4288 704 
3083 1427 3065 
3728 4276 4024 
1279 1127 2300 
2156 2180 2698 
2026 1256 788 
3298 2470 1142 
2830 3228 1613 
2520 3221 2933 
3076 751 2977 
3331 3066 3342 
1280 2840 2807 
2878 3146 3131 
2074 1181 971 
2148 2929 4383 
2401 4533 3256 
1076 1912 2394 
1468 4481 1778 
3189 1558 844 
1148 2792 939 
3690 1022 3519 
3238 4226 316 
884 2591 1757 
4290 1177 1506 
2622 945 2162 
2547 1791 208 
1822 1694 3615 
3191 4144 1146 
1161 224 4744 
3263 4649 3040 
3452 551 2901 
2167 1403 2054 
1695 334 1540 
1081 2199 998 
2903 3454 1819 
2172 2383 3138 
3195 3958 1021 
1191 1438 988 
1240 2462 1258 
3629 3409 4335 
1202 4254 2222 
2180 2735 2698 
2861 1092 2261 
2812 4520 2913 
2911 2652 2187 
2469 2840 1109 
3625 3005 1618 
1972 2313 4289 
1629 4040 3070 
2289 2661 1922 
926 2886 897 
3001 2458 3076 
1324 1106 1440 
3779 4059 3805 
2696 2538 1072 
1470 170 819 
1394 2615 2532 
3884 3977 4380 
1728 4754 3222 
1864 1832 1307 
3964 4487 1877 
3647 3580 3853 
985 1111 3414 
1842 2643 2495 
3201 2691 3248 
2461 2931 1690 
4095 304 1883 
3199 1412 3825 
2859 2007 3657 
4392 1720 1733 
53 2262 3915 
3257 1289 1932 
2094 1721 664 
1137 355 1575 
150 3881 1916 
557 3498 3417 
1394 1804 2421 
1326 1115 1894 
3526 2755 3892 
3434 405 1827 
4435 693 3148 
3180 2854 3198 
2661 3371 1162 
1042 2948 3035 
3743 3006 4496 
1715 1761 1646 
2117 593 2945 
1935 3680 1590 
3334 557 3417 
2520 2725 2980 
3313 2990 4398 
2596 3258 2154 
2686 3783 2566 
3827 3860 3705 
3673 1188 3584 
3686 3826 283 
850 2483 907 
1991 2779 2456 
2642 3841 4485 
2329 3393 3015 
247 2528 4172 
1873 3020 325 
3383 1654 4030 
2411 4526 1525 
4678 3832 2459 
2803 4742 682 
4631 2861 2261 
1768 227 1727 
1485 106 1700 
4084 2784 2386 
880 2750 1983 
3229 2860 4698 
482 955 3683 
1464 4313 2185 
2801 2718 604 
2873 3210 4698 
2801 2973 1441 
3461 1696 716 
1683 969 96 
3720 2628 2241 
1117 1751 2577 
1903 622 1505 
3750 2054 4732 
2397 3646 4498 
2354 3435 2042 
1839 3878 1693 
4640 3564 4608 
4245 4523 3354 
2063 1963 3739 
1721 2155 1343 
2587 4504 2592 
2677 2733 4250 
1616 4802 1530 
242 4799 1101 
4744 224 2772 
904 1064 2772 
2399 763 2865 
2579 2500 982 
2312 3045 3184 
2180 2957 3021 
921 3265 2337 
1840 4362 4674 
670 3954 4452 
1583 1623 2597 
1642 2867 2608 
4307 3703 3402 
3149 1577 682 
2605 2399 2766 
4813 4730 1466 
4820 984 3465 
4761 2345 1796 
4306 2896 3549 
3046 709 3844 
1456 3816 3595 
2529 4582 4001 
1227 2472 2728 
4528 2291 2292 
2749 2667 2573 
1158 2998 4806 
1699 4459 1678 
3496 3744 825 
4760 4078 3873 
786 782 788 
3114 2255 209 
4757 111 827 
2339 4815 1232 
886 1943 645 
3335 3013 2964 
2779 4435 2456 
3688 1347 3278 
3010 68 2393 
3882 3246 3202 
1272 1235 122 
678 3365 700 
2957 2180 2520 
4239 2501 1775 
1927 3957 3741 
1097 2321 1267 
2340 2907 2600 
218 1956 1727 
1893 4165 3697 
3542 1191 988 
739 1166 814 
2803 1577 3699 
1381 4164 1354 
4598 1013 4221 
2918 994 2166 
2338 2169 4314 
3243 2216 2711 
1369 2454 2276 
3485 3792 1043 
1682 1445 4460 
2163 2164 3258 
2727 2860 1237 
2282 1259 1880 
3729 111 1817 
2602 4599 2337 
4552 1176 2423 
812 3705 472 
873 1375 3924 
2197 4619 2935 
924 2156 2698 
4078 4514 3847 
4246 4269 72 
2457 2212 2474 
2233 1780 2975 
4457 937 4010 
4601 2780 2083 
3881 1684 1916 
1399 1723 1922 
102 1361 1036 
4569 3955 1667 
4857 4349 4852 
2291 4223 4468 
1469 3037 676 
1805 3971 1717 
971 2102 2074 
2103 4150 1705 
1425 3320 4367 
3870 1339 3130 
1873 654 3815 
4579 4721 3389 
3501 2198 2443 
4052 2687 448 
2217 2904 1060 
1981 2273 2008 
1260 2279 1848 
2607 2504 2977 
924 1056 2071 
4673 4219 3470 
3795 1656 3158 
4044 3684 2202 
730 3501 2443 
3371 4660 4646 
2305 881 1359 
692 1312 1417 
2748 1992 973 
2026 2164 4141 
2072 2164 2163 
546 1295 3333 
4832 4790 2116 
4677 4263 2236 
2214 3450 322 
1793 1308 1924 
1808 2289 1922 
4325 1064 4302 
401 824 4623 
1835 1720 382 
3027 3045 2243 
773 822 3168 
1965 1168 4716 
4583 1106 2331 
942 1608 2247 
2472 2769 2728 
2593 3517 2577 
3253 3468 891 
2961 3032 1776 
1020 939 788 
1173 1996 2825 
2936 3220 610 
4572 3538 4639 
2873 3235 1833 
3476 4310 3070 
2795 69 3868 
2352 3936 1167 
748 4348 3069 
362 874 3016 
4631 1047 2660 
108 2000 1889 
4279 1196 2546 
1190 2868 960 
4786 1419 54 
3540 2671 3147 
3744 3496 4199 
4222 2630 857 
3977 3884 1080 
2836 2268 3163 
1451 307 1270 
1844 1670 1286 
4130 2703 2366 
3133 3531 2899 
1636 3454 967 
1287 2612 1011 
3669 1217 3756 
1144 2086 278 
2341 4017 4085 
2749 2573 2085 
2992 1300 146 
288 1401 2047 
1722 4704 2623 
44 2373 235 
569 3141 570 
1951 608 1377 
3598 1404 997 
2661 2228 1922 
3864 3656 1364 
2498 1061 2153 
4533 412 3256 
1918 1326 4373 
3539 3240 2775 
2185 2526 775 
3243 2961 4323 
3540 2998 2671 
3794 1081 3865 
1410 773 3168 
4323 3140 2756 
2556 3650 1474 
4743 1631 2314 
3970 4797 1686 
4829 4841 4518 
432 2436 1444 
2642 3902 1035 
3250 2190 4696 
2037 3495 4536 
4596 2454 3335 
3489 1075 2579 
4692 2296 4787 
380 73 906 
3135 2567 3994 
1287 2756 2534 
1470 1348 1389 
1528 1429 666 
2457 1092 2212 
2487 2063 3739 
2791 1586 2376 
2491 2473 4583 
1137 4548 356 
3478 2802 853 
952 3716 3586 
2652 2472 2187 
1912 2245 4467 
682 924 2071 
2041 1598 1478 
2888 1639 1753 
3746 3983 4650 
1832 1810 2912 
2164 2026 2154 
1474 4313 4592 
1723 1399 962 
1064 904 4302 
2227 1374 2378 
1908 3930 3839 
1459 4429 1411 
4629 4464 1320 
1763 1969 4224 
2537 3969 4262 
2364 2167 3750 
4841 2029 4518 
2515 3487 4032 
3199 3824 4083 
2738 2226 1905 
1190 2222 2190 
3483 917 3351 
2786 2103 1043 
3552 2557 4329 
3307 2416 1588 
4128 876 4241 
4783 4354 1030 
3512 4024 4699 
1160 3767 2434 
3907 2296 1238 
3203 3990 3560 
1445 1682 2675 
4761 1647 2345 
2209 4100 368 
1057 4068 634 
1779 1964 2325 
4555 3513 1088 
2455 4340 2359 
3044 3190 650 
4337 3764 1228 
2024 2252 3021 
1111 4407 4659 
3746 3053 2707 
1451 4538 2395 
2862 625 1192 
3822 868 347 
2375 2873 2980 
3784 2415 3390 
3936 771 1167 
1872 2734 1979 
1773 2338 4314 
3003 2199 4448 
1105 3563 3699 
2102 858 2074 
1130 2019 4402 
3786 653 2663 
2567 2000 4166 
3713 917 3312 
1621 747 1977 
2475 3482 1776 
3167 3511 3846 
3290 2845 2787 
4599 1152 2275 
4008 3386 182 
3531 3133 2730 
1563 1956 218 
161 3940 3847 
2314 4677 2236 
4832 4218 687 
1818 2146 359 
3494 1816 1714 
3073 3101 3408 
93 2920 3605 
2295 1059 1685 
877 2832 3245 
1090 3081 916 
3163 1998 2836 
1407 3391 3005 
2900 4019 340 
4687 2182 4241 
3721 4443 1610 
2750 2416 1983 
2012 2450 1583 
2711 2961 3243 
4412 2820 3991 
3032 2475 1776 
2121 3510 2972 
4628 3108 3194 
2949 4214 735 
2472 1159 2187 
4486 1749 4321 
2321 711 1267 
4428 4212 3154 
4396 4340 1885 
3930 1908 1941 
2510 4251 1021 
2795 172 865 
1539 1532 1740 
2948 1408 3035 
4289 2171 2010 
563 4033 3131 
3064 2491 4583 
3627 3893 1175 
1326 1918 1368 
3287 3060 602 
2996 2381 2983 
1746 3653 4001 
991 4303 3068 
4599 1460 2337 
2723 2979 4509 
1744 1707 4834 
294 2339 1232 
2197 2711 1324 
877 308 2832 
2762 2330 3887 
651 3929 2783 
2440 1669 282 
2873 2375 2829 
2160 1181 2564 
1654 3982 2272 
2239 2290 719 
1935 2098 2572 
2986 4723 4015 
858 2102 978 
1502 4109 2080 
3296 2173 2232 
2104 2265 2247 
616 2734 3175 
2372 1322 2741 
2289 1808 2456 
148 2704 1291 
758 4788 4389 
1806 1547 1881 
2201 1783 900 
1250 668 3193 
869 4326 4607 
1766 2269 2558 
4057 1113 441 
4074 3380 905 
3876 3818 4160 
3060 1649 602 
3101 3376 3408 
2024 2957 2933 
972 1671 3224 
3758 1480 3696 
1147 3395 4848 
1787 3296 2558 
1682 82 3377 
2588 2355 3286 
170 1470 992 
2957 2024 3021 
2928 290 1574 
3380 1280 2807 
429 4294 1089 
3235 2873 2829 
2525 2645 311 
528 4022 2294 
4201 4564 1546 
2375 2725 2707 
1136 2814 694 
2769 2472 2652 
2743 1655 64 
1190 3680 2572 
794 2113 4393 
4363 832 4333 
3309 3728 1760 
2269 1766 2617 
2018 4760 3838 
2782 3020 3815 
195 2121 2972 
3672 4304 127 
3272 2541 273 
763 2399 2605 
2711 2197 4864 
4680 760 4646 
1765 2870 464 
2727 2649 2933 
2845 2749 1236 
2228 2661 1162 
3482 4323 1776 
2878 4047 3128 
3019 4230 2617 
3726 3749 503 
1624 2762 3887 
4416 2971 3207 
3470 3186 2248 
2652 2911 2137 
1716 1221 1753 
1202 3257 1932 
4222 3836 2310 
3857 3870 3130 
2629 3102 4365 
307 3902 1270 
1551 4458 2147 
3571 4045 1600 
1737 2466 4442 
1201 2599 2285 
2290 1061 719 
833 3911 3412 
2470 1293 2809 
3477 2560 4027 
4250 1658 2677 
2045 4625 4264 
1632 1806 1881 
2481 1468 1523 
4128 1836 1937 
764 652 1677 
1917 2606 2561 
2138 2361 1651 
3559 3562 2584 
2630 631 3157 
3077 2346 2983 
2861 4631 2660 
45 2197 2935 
1361 102 4744 
4290 1551 2147 
1395 2169 2285 
2607 2907 1991 
856 3677 2029 
1121 3697 1728 
3536 4428 3280 
1092 2861 2212 
1120 2264 4853 
1237 2860 2787 
2390 2188 1527 
1998 2678 4600 
4861 2859 1119 
1358 2262 2492 
2830 1847 1611 
4557 1794 2459 
636 2606 1917 
3710 2328 1673 
4556 245 193 
3319 615 3158 
3192 3795 3158 
2787 2860 3177 
2756 2267 2534 
2196 45 2935 
3238 1051 2078 
2320 1870 90 
4100 1503 368 
1953 1583 1534 
4464 4629 2426 
1315 2702 4590 
1000 3969 3968 
3877 3925 4149 
1312 692 2866 
4576 409 4023 
3820 53 3915 
688 3057 3212 
2381 2996 1600 
3934 1128 3835 
2880 3594 3751 
4222 2310 2824 
4079 879 3466 
2199 1081 1994 
1144 1211 2086 
4230 3019 3478 
713 4683 1096 
3265 281 2337 
4817 2269 2617 
811 4066 3631 
1023 4648 4087 
2768 3972 4332 
2802 3133 2899 
4568 656 3444 
3407 1015 515 
4701 2488 2996 
2752 867 2270 
2606 3859 2561 
1143 1123 2418 
1384 2573 962 
3173 2936 610 
3272 2441 2657 
2310 1949 2824 
519 3066 3458 
4497 1763 3441 
2451 2814 3994 
662 2998 919 
4324 2216 2634 
3747 3988 3919 
2981 2504 3136 
3952 2449 2474 
3114 297 2419 
3469 3126 540 
1033 3200 943 
3309 4641 4270 
594 2325 2994 
2868 1152 2617 
3890 1063 4549 
3822 4651 3304 
1481 2498 2153 
870 2121 4816 
1132 1 2685 
2702 1315 2474 
4268 2567 4166 
3885 2332 1261 
4774 2125 3011 
1199 4667 2516 
2738 2501 2915 
668 1250 117 
3451 956 739 
1553 1903 2523 
1067 2045 4264 
3969 1602 4342 
2488 3687 2996 
4684 3845 2744 
533 1914 2604 
1289 3257 2572 
2809 571 1142 
1447 580 4636 
3743 3599 2090 
3713 516 3467 
3250 685 2055 
2737 2611 2843 
941 3489 2579 
2208 3109 4159 
3134 2667 3136 
4193 1133 2168 
4832 4664 4373 
917 3713 3351 
2515 3786 1331 
2923 614 1242 
1691 3296 2991 
4102 1820 1251 
3704 1940 3576 
4101 2114 4307 
4383 3486 976 
4701 2346 4293 
2265 4406 2412 
2368 240 2240 
1346 4790 4501 
906 1016 381 
2458 4330 3076 
1912 2490 2394 
4173 424 4204 
1774 2084 2192 
476 3555 910 
1124 1062 2039 
913 3567 154 
3668 1883 304 
1483 2172 3138 
2297 1748 3390 
1084 4193 2168 
2814 3135 3994 
2305 661 256 
1931 886 645 
1319 2314 2236 
1622 3043 4753 
3391 21 4695 
2877 4039 3685 
1082 1051 2446 
1384 2495 2085 
2790 1984 1700 
2977 3001 3076 
3643 1788 3215 
3077 1672 2913 
994 1959 4358 
4540 1235 1985 
3300 2611 4103 
2678 4584 3271 
4268 4230 3478 
3335 4555 4360 
3356 3525 2564 
1746 2318 1752 
3027 574 3093 
1737 1789 1641 
3761 3783 1714 
4233 3767 479 
894 4520 4380 
84 1348 819 
2575 3471 2435 
2422 1411 2206 
2444 2674 231 
647 2587 2592 
285 3307 3247 
233 44 1860 
1515 1203 733 
3622 2124 3634 
3723 3010 4005 
4618 2631 2916 
2997 4482 2660 
1143 3078 2593 
1976 2304 4028 
761 4820 4417 
1861 3464 1414 
2127 2072 3581 
2495 2643 2085 
3884 3053 4650 
3938 3216 1238 
3977 894 4380 
1491 2005 1887 
1081 3794 1994 
3221 2873 4698 
1583 1953 1617 
2568 1373 3437 
3103 3746 2707 
1959 1569 4358 
4411 2413 3271 
2577 1725 2593 
2608 4651 1642 
2602 1266 114 
2605 2766 4235 
1766 3159 2730 
3724 4009 4524 
1219 729 397 
4667 3594 4496 
1120 1284 159 
4733 1409 2816 
1351 1322 3049 
1711 1655 4741 
2502 3496 3663 
598 2161 2244 
1625 2112 2627 
2251 897 3917 
1195 3135 306 
1006 4219 4401 
3531 3159 3198 
1274 1479 2493 
4081 3964 4415 
2160 2800 971 
3435 2676 1107 
3758 848 1393 
1481 1807 1887 
1647 4761 3260 
2381 4045 3129 
2313 1337 2329 
254 1124 3109 
4208 2394 2490 
989 941 2579 
4016 4678 785 
3195 3360 1290 
3074 3113 2809 
3641 2193 3962 
2957 2520 2933 
3365 678 552 
4863 2642 1035 
3019 1766 2730 
4259 2504 4235 
712 3472 1228 
2086 2399 278 
607 3261 1377 
982 989 2579 
1315 2330 2474 
4727 4809 2805 
1235 4540 1880 
4462 4552 2119 
2092 1596 1365 
2356 1069 1591 
126 1747 1328 
1934 4797 2767 
4683 4575 2723 
2526 2703 1487 
3360 4251 1018 
2415 1445 2675 
3287 4152 3970 
2454 2894 3601 
2035 2395 4566 
4531 934 1152 
2473 216 1499 
1362 685 3250 
3225 1625 4239 
3013 2454 3601 
4065 4585 854 
2058 4813 1466 
2761 1159 1309 
969 1683 132 
3265 1854 253 
4061 3117 4332 
4011 1789 3437 
3159 3531 2730 
4236 1463 1334 
4283 2830 1613 
312 1658 1677 
4158 1667 3955 
1033 3841 3200 
3431 1443 1335 
3736 3765 2603 
1363 3677 2067 
879 3799 3466 
3719 4732 3843 
4198 4288 3666 
192 2000 1009 
1850 1319 1848 
4389 1624 4328 
1533 3674 958 
591 4743 2781 
3109 3894 2741 
2345 1647 1686 
2672 3614 2564 
1761 3555 767 
4770 4766 4349 
3505 3372 1718 
4790 4832 4373 
4307 680 2740 
1648 2046 4000 
2733 3790 317 
4342 431 4262 
2725 2531 2707 
3653 2341 4001 
3119 3183 3793 
3191 3624 1905 
3665 2877 3685 
2428 4006 4204 
2444 1285 973 
2413 1223 3271 
3291 4257 3572 
713 1147 4747 
3083 3073 2076 
2006 2602 114 
2818 3230 3896 
4794 882 4755 
2195 2782 1307 
1998 3201 3248 
1812 1964 2032 
3140 2267 2756 
3538 444 830 
440 3854 3943 
1754 4086 3473 
1929 4638 1621 
3599 3882 2090 
2550 3500 2459 
1071 1632 12 
1967 1383 3670 
3380 4086 905 
1293 3074 2809 
3074 1293 3184 
4048 3955 4635 
4664 4067 4373 
891 2135 3253 
4109 1967 4770 
1869 1161 4744 
212 2795 865 
3229 3210 4647 
1948 3747 3919 
1842 2024 2370 
1804 1394 2111 
3785 3422 508 
3241 952 3586 
2381 3129 3306 
574 3027 3150 
3001 2977 2504 
1949 3760 4169 
1672 2381 3306 
3503 2343 3985 
2968 3104 4036 
2148 1191 2377 
2830 643 3055 
1191 2148 3203 
3119 3793 4132 
4655 4228 4682 
1204 2073 1651 
2388 1226 1910 
571 2809 3113 
2416 2467 1588 
2458 2165 1223 
830 3818 4639 
4590 2488 3712 
1601 4330 1223 
2722 2777 3810 
3222 1244 1728 
1976 2092 2235 
1970 3947 4286 
1370 2147 100 
3052 2574 634 
641 1045 1207 
3221 2520 2980 
2406 2319 3570 
2313 1972 3185 
3485 4557 4573 
395 4781 2934 
576 3528 3051 
2811 1033 943 
3124 3531 4600 
4198 4146 2403 
2514 3696 1804 
1972 2242 3185 
1114 4529 67 
106 1485 1585 
2882 3449 3128 
1056 2735 2551 
3129 2369 3306 
3687 3482 2475 
1332 1985 1235 
4621 4397 963 
2144 3449 565 
1388 3064 2431 
4708 2177 2445 
2653 4215 1139 
1508 4163 3444 
3225 2218 1868 
3500 2550 3491 
2190 3250 2275 
3357 2505 1246 
1582 4086 4699 
3971 2768 805 
3661 843 774 
2696 1703 2538 
3866 3392 1224 
2442 4043 3463 
4275 3232 4589 
4695 3909 4717 
2330 3712 3887 
4520 3053 4380 
1012 4548 4542 
2652 2905 2769 
4065 4622 4672 
2991 2216 1856 
520 3403 3649 
2280 567 3015 
2678 1998 3248 
2725 2520 2531 
1482 2568 1476 
1075 3489 838 
3409 486 4335 
4367 1469 676 
891 3797 2256 
2369 3129 2728 
3719 4593 4732 
814 3411 3620 
3643 2329 3015 
4557 3485 1378 
2792 1148 2252 
1322 3109 2741 
216 4840 1499 
2019 1829 705 
3248 2691 1877 
2854 3180 2699 
2308 1159 2637 
1849 2500 2627 
1836 4128 4241 
1835 4751 1733 
4187 4456 4608 
2472 1227 2637 
4229 4196 3329 
1703 2696 2988 
2784 3906 2386 
2837 4218 4216 
3144 1395 2599 
3063 3800 4831 
2289 4435 3148 
2346 3077 2293 
1938 3327 674 
4629 2081 3172 
2147 4458 100 
4020 2764 2582 
4024 4276 4699 
2800 1432 971 
1114 3995 4805 
1361 4744 2772 
2145 4571 2039 
2725 2375 2980 
229 483 3698 
4459 2448 2999 
240 1245 2240 
4077 3688 4053 
1878 4772 4180 
2863 1721 1343 
2458 3001 4343 
796 2186 1179 
1928 3487 3693 
2216 3243 1856 
2221 3422 2118 
3103 2531 2156 
2086 2255 2766 
3763 1234 4480 
4547 1818 358 
3555 4666 910 
4330 751 3076 
2375 3053 2829 
1339 3870 3415 
3944 432 1444 
2815 3134 3136 
4024 3512 206 
2504 2981 4235 
3831 672 4049 
2268 2836 1019 
1056 2214 2071 
2873 3221 2980 
2726 4832 2116 
1231 2296 3570 
1914 1054 2604 
4126 3719 3843 
4815 2339 4716 
3724 3418 477 
4067 1918 4373 
2552 1401 1829 
3026 2927 3023 
2596 1842 2495 
3871 3748 1824 
2222 4254 2190 
796 1179 3086 
4613 4788 4522 
1801 2755 1797 
4347 1412 4083 
1590 3680 1881 
3250 1460 2275 
1020 1148 939 
2872 1573 433 
1635 2424 2648 
2454 1369 2894 
2027 2451 2704 
2253 3706 4224 
3531 3198 4600 
1159 2472 2637 
2792 2596 2154 
3124 2678 3271 
3660 2242 1376 
1937 1836 1693 
2451 3994 1253 
4041 3235 3306 
2005 2383 2172 
3942 2451 1253 
4846 1039 3009 
1600 2475 3571 
1145 3201 1198 
843 3661 4089 
308 1255 2832 
1777 2900 340 
3503 3673 879 
3341 4039 718 
3277 3071 1697 
2489 1497 1574 
4618 835 4026 
4549 2902 3179 
3133 3019 2730 
3001 4259 4318 
1695 1970 4286 
1543 1910 1916 
924 4742 2156 
3514 2017 2303 
4251 3360 1021 
790 3324 2391 
3482 3687 4590 
3629 2974 3412 
3221 2727 2933 
179 1812 2032 
189 32 39 
3999 3957 4260 
3770 2877 3196 
3778 327 4213 
3323 587 3938 
787 2635 3142 
1782 4551 4387 
1399 3258 2495 
3258 2596 2495 
2845 3290 2636 
3177 3290 2787 
4017 3653 1852 
2255 3245 2766 
1408 2948 4387 
3692 3618 1094 
1731 1784 3086 
998 3387 708 
2271 3872 1292 
4206 1863 1896 
1168 1965 2065 
1895 1233 123 
141 1215 87 
3186 1006 1612 
2282 4540 2908 
4248 2266 910 
2192 2084 2397 
475 3492 1478 
1815 2314 1631 
2330 3952 2474 
984 4820 4518 
3990 976 3560 
2320 2768 4361 
4253 1429 1462 
1781 3422 2221 
3894 1095 2741 
3045 3197 3184 
3995 1114 4087 
3721 1046 379 
1186 3064 2426 
3257 2222 2572 
4082 212 865 
2353 2363 2257 
2622 4186 2031 
1404 2811 997 
2971 4416 4314 
2253 1969 1918 
2568 1789 2378 
1390 1876 1678 
1997 1334 2237 
2198 3501 2400 
2595 4652 2099 
1630 3972 2881 
4163 1508 4280 
4544 4351 4238 
2896 3689 3369 
3680 4166 1881 
1656 3795 1979 
1061 2290 2009 
1427 3083 2076 
2488 4701 3712 
4211 184 2093 
2103 1378 1043 
3124 2165 2899 
4444 2927 2013 
4758 70 4369 
1266 266 114 
3236 1586 3274 
894 839 4693 
2313 2954 2433 
2155 34 1343 
874 362 784 
2186 2021 54 
2644 926 114 
74 1259 27 
98 1958 2844 
4406 166 2752 
3977 3995 4134 
4130 1690 1565 
3588 2221 3474 
290 2489 1574 
3972 1083 4332 
76 151 121 
1059 2295 4690 
1923 2139 1544 
1660 3974 218 
3500 4678 2459 
1649 1541 602 
1909 639 2008 
2397 2044 2294 
2058 3501 1715 
2751 3187 612 
3601 3888 2794 
1949 1138 2824 
2428 2448 4804 
4604 4663 4731 
2171 1919 2010 
3763 1694 1234 
3721 4310 1526 
4060 2507 659 
2409 1864 2414 
2246 2135 947 
1747 126 2694 
2929 4101 4383 
1635 1709 2414 
2941 4257 1026 
4541 1633 961 
4704 3121 2243 
4429 4559 1411 
1535 4799 124 
1293 2470 2242 
2618 793 2739 
1838 4403 1036 
4364 2227 4442 
4321 1749 3883 
2717 2791 4686 
606 667 2303 
4609 3924 4430 
821 4781 395 
2528 247 2317 
4760 2018 2076 
1079 1917 2561 
1767 1668 3130 
953 4768 2570 
364 1902 3623 
2568 2378 1476 
4359 4795 4745 
3324 790 4778 
1872 1979 4399 
4263 4677 854 
2658 3869 2111 
3079 2979 2049 
3473 1657 406 
680 2884 2740 
4582 4656 4241 
3870 3857 436 
4702 1802 3640 
1007 4278 154 
244 3092 2781 
1116 3803 3055 
4100 1269 2825 
3136 2667 2981 
3790 2733 2677 
714 3565 4614 
1156 1306 2736 
2664 1809 2302 
1879 1533 3061 
2221 4573 3474 
4135 969 132 
2911 749 1571 
3755 4235 2981 
2358 1784 4314 
3902 2642 1270 
1895 2811 943 
2140 1220 210 
3099 2073 2506 
4279 2920 1101 
4551 1782 1712 
2871 3226 1333 
371 3339 2396 
1720 4392 2508 
2768 2254 4361 
2077 1052 3645 
4287 3694 4333 
3509 2527 2326 
3228 2830 1611 
1931 3228 886 
2863 2480 664 
1034 4661 4308 
3320 1425 4308 
4547 1593 4092 
1725 2525 2593 
4678 4101 3506 
3190 3044 1500 
4250 3752 4242 
4739 2179 4309 
789 4306 3549 
4284 3156 1049 
3156 317 1049 
4679 1759 2545 
3156 4284 4250 
317 3790 2783 
2920 93 1101 
1508 764 4280 
3386 3591 182 
4153 4304 4642 
3527 3066 2311 
2750 707 127 
893 4621 3839 
2716 722 3023 
4641 417 4270 
4723 2905 2137 
1092 2457 3094 
2457 3961 3094 
2821 3122 3094 
3343 1900 3212 
4279 4244 3061 
4234 4532 1024 
3288 3905 2307 
3905 3288 3346 
1027 3299 2656 
4593 1373 1793 
4037 446 1978 
4471 2575 2435 
2151 2174 2153 
4577 3472 4659 
1843 3210 1833 
3653 1746 1752 
4031 2318 4128 
4020 1532 4503 
4499 3866 1224 
2695 2502 3663 
1964 1779 1713 
911 1989 2745 
4200 505 3819 
3321 2595 2700 
486 3409 3162 
3 1511 2149 
3166 3298 570 
4392 4129 2508 
2117 1779 2367 
4727 2506 1204 
2726 204 1944 
1519 3970 1686 
4371 1482 1476 
1688 3219 553 
806 4670 3774 
3354 4482 1017 
4434 3590 4670 
1831 3918 4415 
1710 4449 683 
3305 1288 234 
4490 841 3242 
3759 4544 4238 
4397 4449 1974 
4351 4449 1710 
4544 4146 1974 
4039 2877 718 
3341 1930 4171 
3214 2732 2128 
3675 2618 2739 
1216 2128 3675 
4631 4043 677 
1790 1481 2153 
3949 4611 4420 
3804 1633 1782 
3594 4667 3058 
423 4167 4436 
4275 3291 3572 
3838 4787 2018 
1725 2577 740 
3995 3977 1080 
1784 2358 4302 
1964 1713 1837 
2799 1934 2767 
3013 2974 2964 
1586 2791 67 
3563 2803 3699 
1299 3375 710 
2691 3616 1877 
500 2956 248 
2416 3307 4097 
1567 1919 1614 
4736 4118 4757 
4634 4850 4315 
3922 3455 4106 
1254 2611 2300 
3000 3098 1218 
2143 3151 510 
4337 3263 3040 
4829 3527 2157 
4567 4793 2439 
3455 324 3471 
1980 1911 1004 
4788 696 4185 
1406 4562 4620 
955 3170 3676 
2568 1482 2478 
1484 619 2701 
2322 1914 533 
4738 3386 2080 
2791 2936 4686 
1086 3510 4061 
789 4788 4185 
402 4553 4782 
1783 2598 900 
1028 4528 3304 
2282 51 1103 
3360 2634 1290 
3788 4695 4169 
1295 902 2656 
3122 1092 3094 
2174 1790 2153 
3268 4625 4366 
4625 3268 4355 
3662 3292 1549 
3456 4438 3532 
2174 1596 1549 
1403 461 4098 
4354 925 1030 
1603 4628 1617 
4723 2721 1107 
1955 70 4224 
3240 229 3698 
3124 3271 1223 
4495 2780 4541 
2514 4495 4088 
1810 1832 1864 
2125 3088 2639 
4551 2170 4387 
2948 1042 1942 
888 3949 4205 
2847 2114 938 
1639 1484 1753 
4648 4134 4087 
4601 3359 2306 
3468 3630 3562 
2174 855 1365 
2454 3013 3335 
1300 2992 1499 
2083 1054 1001 
4218 4684 687 
2852 1981 2008 
3365 3452 700 
3609 3058 663 
1106 1324 2331 
2903 1584 4016 
405 4368 1827 
4636 2942 1072 
4556 1966 3367 
4238 4351 2317 
3907 3216 3374 
3838 4381 768 
3719 3799 4448 
597 2161 2563 
3880 863 1930 
4351 3305 2317 
4573 4417 3474 
991 3068 4169 
4628 1623 1617 
4276 1254 2300 
2387 2284 2188 
3630 3468 4360 
821 4800 3780 
806 4507 3797 
314 214 3353 
3869 2658 3397 
3336 869 4225 
4766 4261 4349 
595 2919 3986 
4009 4666 4524 
4743 591 3347 
3386 4738 3591 
184 120 2093 
3609 3705 3594 
3988 1382 2218 
1652 3454 1636 
862 4739 2178 
1016 1792 381 
3387 3385 3805 
3875 1999 3738 
3300 4616 3338 
3385 3387 3584 
4625 2045 4366 
3677 514 2067 
808 3270 1457 
249 214 1515 
3230 1203 2754 
3567 190 4470 
3277 4483 407 
4626 3728 4024 
3309 2843 3410 
2101 2489 4075 
4321 3981 4051 
4126 3392 3447 
1918 4067 2253 
2623 4078 4665 
2320 3844 1985 
1455 4004 4207 
3272 918 895 
2104 2512 721 
3517 2676 2577 
422 298 4093 
966 3413 2616 
4635 1698 4778 
3726 3373 3491 
1558 1950 2462 
1752 1950 1852 
1310 789 4185 
4793 3455 3471 
3303 3785 508 
4129 4392 4824 
3821 1820 4726 
1755 3762 344 
3714 1626 4539 
1311 1097 3561 
3123 1375 3249 
4845 3256 1995 
3918 1434 3903 
981 3512 3764 
1321 3018 354 
3278 1347 4054 
4336 4579 3389 
4627 4551 2192 
4801 3008 3605 
2052 2441 1757 
2061 3351 3467 
1708 1629 3070 
241 399 4706 
1024 3728 4234 
2448 4459 1024 
3471 2656 2230 
712 1109 3533 
3728 3309 3410 
3089 3525 2007 
816 3721 1526 
3628 3029 4442 
3321 539 3548 
2755 3384 1797 
4110 3624 1301 
3384 4110 1301 
3178 3249 873 
1989 911 3204 
3450 2214 782 
1166 3450 2132 
3454 3500 3373 
2144 3084 3128 
389 1108 4221 
258 3173 610 
2383 1443 3648 
1140 2439 4793 
4390 4733 1936 
1280 4721 4782 
2218 3225 3988 
3942 1110 3245 
4318 3768 4343 
3442 3994 853 
4352 3399 3535 
4393 2239 1736 
331 680 3402 
3552 4143 2557 
756 3428 3519 
3428 3535 3711 
3519 3428 3781 
4143 3552 3519 
3428 1673 3781 
3638 1145 3535 
3552 756 3519 
756 3552 4352 
1661 2264 1458 
4523 4245 1391 
3779 3054 1055 
4410 2663 1055 
3546 3460 2796 
4058 3783 2796 
2268 4058 4217 
4058 2268 1714 
326 3018 2237 
3028 609 4662 
1578 1554 1741 
3372 3505 4027 
4097 4843 325 
2070 4197 1457 
833 3520 3911 
3477 3610 1457 
836 2347 243 
2737 4105 4525 
1320 3842 755 
3192 284 1971 
2859 2225 1119 
3526 2909 3988 
3526 3225 1775 
1430 3656 2194 
4618 4026 2303 
4421 585 3065 
2939 947 2194 
3512 4086 2807 
1930 3341 3557 
718 3429 3557 
3770 3429 718 
3569 3429 3692 
4458 1551 1980 
1111 712 3533 
4704 1722 1599 
3608 2713 3683 
2569 1669 1360 
4292 4564 4475 
4256 4823 17 
1233 1895 943 
2245 3371 4467 
457 4120 4378 
2151 855 2174 
4667 1199 3058 
2332 820 2246 
4757 4191 1817 
2233 4618 2916 
3537 3211 1559 
3575 3211 3537 
847 2127 3581 
2245 1912 3581 
1662 3967 1417 
4353 2910 3549 
4353 2896 3369 
2139 3205 1544 
320 668 117 
4174 781 801 
2580 4393 1736 
4151 369 4745 
1203 214 2754 
1538 2519 808 
1538 1523 1778 
3353 2586 3034 
2519 249 1515 
3530 2586 4481 
837 3445 4813 
2402 3614 2584 
3562 2402 2584 
4251 3502 1018 
3419 3509 3521 
3456 2382 4138 
3419 4029 4441 
3545 820 493 
2112 1625 1845 
2959 3534 3856 
4322 3509 2326 
2321 842 838 
842 2321 986 
3489 2321 838 
1075 2500 2579 
879 3003 4448 
2343 4312 2557 
4086 3380 2807 
3635 2532 770 
4079 3573 3631 
3544 3537 871 
3575 3544 658 
3211 3575 2132 
3537 3544 3575 
786 3211 2132 
887 3544 871 
1076 4208 871 
4208 3585 871 
3451 814 3620 
3448 3411 658 
963 4397 3666 
3630 2402 3562 
3614 2402 3356 
887 3585 1094 
2606 636 3096 
3448 4142 3620 
2606 2827 2850 
1008 4142 3583 
3544 887 3583 
3618 887 1094 
1216 3675 2739 
771 480 4114 
338 3580 3252 
2765 338 3252 
528 2044 4722 
3427 338 3368 
338 2765 3368 
3427 3505 338 
2985 2140 2542 
3853 3505 1718 
3495 3731 4536 
4515 4081 4415 
198 1523 3634 
753 2765 822 
3325 2765 3252 
2765 3325 822 
3165 1331 3168 
3761 4301 2566 
3859 3567 2561 
4301 2120 1544 
3579 4500 1019 
1331 1410 3168 
3325 3168 822 
2481 198 2057 
3530 1468 3132 
3530 65 3617 
2995 2120 4500 
887 3618 3583 
3411 3448 3620 
3787 3363 3491 
2092 1976 4028 
1097 3671 3561 
4548 1137 1575 
3646 2838 4498 
1520 4396 2876 
2954 3176 2433 
904 2444 4302 
4011 3700 1014 
4585 1713 4263 
2601 1899 1768 
1793 1745 1798 
3700 3719 4448 
860 3493 995 
3493 860 988 
3487 1928 4861 
3345 4861 1119 
2007 2859 3089 
3449 3169 565 
3559 1311 3561 
814 3451 739 
956 3451 3652 
1130 3551 4637 
3012 2973 604 
4290 1406 4836 
989 3542 988 
1867 1849 1153 
3547 3165 3252 
3580 3647 3252 
3647 3525 3830 
3165 3547 3693 
3647 3547 3252 
2944 1793 1924 
3225 4239 1775 
3585 4208 1094 
4208 3381 1094 
3183 3119 1412 
3590 3633 3976 
3590 3562 3561 
2420 544 2624 
4770 1501 4109 
2291 4528 4223 
2815 1991 1723 
1151 3655 3652 
1726 2059 674 
3270 3596 2070 
3596 2002 2070 
2768 3971 3972 
2818 2002 733 
4690 2395 1059 
4305 3230 2754 
3611 3293 46 
3494 2268 1019 
4500 3579 3617 
1008 3770 3196 
3671 1097 1267 
995 3671 1267 
1783 1621 1977 
3371 2661 3148 
760 3577 1589 
3778 4341 3023 
4199 2223 2545 
3539 2234 3661 
4664 4247 4798 
3027 3121 3150 
697 1314 3022 
4760 4220 4665 
4105 3366 3276 
2355 554 3286 
1438 2105 915 
3667 3644 1178 
995 3667 1178 
3399 3688 3278 
4304 2851 127 
3616 1831 4415 
3688 2471 4053 
1489 3829 1978 
3387 998 3584 
1591 4423 852 
3635 3397 4519 
2455 1156 1885 
3569 3692 3589 
4829 2688 3527 
1340 3592 3381 
3381 3592 1094 
2368 1215 1209 
4361 3872 3844 
4082 3765 4165 
2516 4667 1014 
1867 3542 982 
1276 3707 3682 
3996 3736 2603 
3616 2691 4054 
3692 3592 3589 
4246 1930 3557 
3582 3569 3589 
2946 1340 4085 
3592 1340 3589 
2946 3733 3589 
3734 3682 3654 
2316 3654 2263 
4809 449 2805 
1556 1695 1860 
4281 3707 2382 
3841 3947 4485 
4281 3758 4088 
3731 3495 360 
3573 811 3631 
4063 4066 4025 
3573 4079 3466 
4094 3573 3466 
811 2759 1568 
3778 2927 4444 
2759 811 3678 
2253 2497 2771 
2759 3678 4272 
4317 1263 2090 
4094 4272 3678 
998 3673 3584 
987 2911 4737 
520 3350 2493 
1438 1191 3203 
2440 697 3022 
3668 3540 4253 
3699 1577 3901 
1808 1991 2456 
2628 4681 2241 
2628 3950 4681 
4414 2745 1989 
1593 4547 358 
3616 3964 1877 
3918 4347 4415 
4648 1023 3260 
3665 1151 3652 
2877 3665 3196 
1894 4790 4373 
1151 3685 4188 
818 3684 3369 
1189 4018 3516 
3715 818 3369 
3689 2959 3715 
3684 818 3516 
3737 4164 1381 
818 931 3516 
3771 4050 4319 
3369 3689 3715 
3715 4124 2932 
818 3715 2932 
3771 931 2932 
3734 1381 1354 
948 3723 3367 
1764 4220 2076 
1859 1554 1986 
3554 4188 3685 
2339 3845 4716 
2471 4025 2013 
4777 190 913 
3077 4693 2293 
3535 1145 3711 
3710 1145 1198 
3676 3936 2352 
3292 4612 4355 
3509 4322 4612 
3456 848 2382 
1596 3662 1549 
3292 4438 3521 
3532 2304 1393 
848 3532 1393 
3719 3700 3437 
3812 949 473 
4285 4680 4646 
3939 3142 3679 
3613 3741 3679 
3741 3613 1175 
3893 3741 1175 
2635 3613 3679 
1824 3748 3935 
3613 3748 1175 
3748 3627 1175 
3627 3871 3978 
3987 3627 3978 
3513 4555 4730 
4555 3335 4730 
3667 915 704 
3702 3644 2403 
3702 3633 1178 
3671 3633 3561 
3702 4356 3976 
3644 3702 1178 
4591 4237 3533 
1418 3255 577 
4158 4081 3194 
902 2960 2230 
2283 2260 659 
4188 3554 4242 
2519 3270 808 
1538 3622 3634 
3610 808 1457 
2560 3372 4027 
2124 3622 4027 
3622 1538 808 
3710 1673 3711 
2328 3710 1198 
2365 2586 3617 
2492 3579 1019 
990 1976 2235 
4078 4606 3873 
3191 911 2745 
3624 4110 1905 
2501 2738 1905 
1867 3506 2377 
3629 3745 3162 
1533 1879 3167 
2514 4088 3696 
4088 3758 3696 
1480 3758 1393 
4391 3737 1189 
4018 2202 3516 
4038 2841 1189 
3149 739 956 
4038 3737 1381 
4040 3110 3070 
1208 4256 386 
1022 1188 3985 
2242 3660 2312 
1188 3673 3985 
1022 4143 3519 
1022 3690 1188 
3875 3690 3781 
1188 3690 3584 
1937 3878 3809 
3205 2139 773 
2358 4416 2935 
2169 1395 4314 
2307 3905 2546 
4263 1319 2236 
1582 1657 3473 
3117 4061 4566 
1862 2728 3129 
3920 1067 4427 
4625 4612 4322 
1067 3920 4366 
1329 2720 2327 
3396 2692 2256 
4071 3689 2896 
2218 1382 4433 
3797 891 3468 
4378 4120 3815 
4732 2522 3843 
1373 4593 3437 
3445 3794 2225 
2708 707 2912 
1532 4020 3062 
2341 3653 4017 
4212 4428 2874 
2893 4428 3154 
4428 3536 2874 
2874 3536 2442 
4212 2517 3154 
4532 4234 3955 
792 4163 4280 
4428 2893 3280 
4281 3659 3682 
4029 1276 4441 
1276 3682 1354 
3772 2527 4441 
1383 4605 3016 
1340 2946 3589 
4017 2946 4085 
3381 1200 4085 
1200 2529 4085 
3446 3484 3424 
3454 1652 1819 
4144 3950 3424 
3484 3639 3424 
3827 3812 473 
3446 2517 2955 
3484 3446 2955 
3484 2955 2813 
4144 3639 1146 
3639 2217 1146 
2955 3254 2813 
1884 2904 2813 
2904 3484 2813 
2904 1884 1060 
4657 2273 4470 
1715 3425 4524 
3795 3192 1971 
4532 2448 1024 
3772 4164 4319 
579 3375 2937 
4164 3772 1354 
3654 2316 3734 
3700 837 1014 
3804 3654 3659 
3429 3770 3692 
3018 1321 2237 
2527 3772 4319 
3771 4164 3718 
3659 3654 3682 
4495 4541 961 
4863 1215 1281 
3650 2556 3886 
3650 3828 2366 
3828 305 2371 
2927 3778 3023 
1664 2638 2274 
4245 736 3595 
4482 3354 3739 
2487 4523 1391 
2267 1963 2534 
3531 3124 2899 
4078 3660 1376 
2293 3940 4293 
4011 4667 2466 
3542 1867 2377 
691 1530 4802 
3406 3795 67 
4443 3721 379 
4683 2822 4571 
3267 3817 3130 
1554 1578 1986 
3496 3898 3663 
4152 3287 601 
1245 2184 2240 
1999 3833 3738 
4062 1999 3875 
1434 3918 4077 
3385 3833 3805 
4548 1012 356 
3833 1999 3951 
3293 3669 3756 
4495 2514 2083 
802 4564 4349 
3327 501 674 
3236 3187 1594 
3749 3363 3619 
4840 1300 1499 
2264 2497 3807 
3110 4358 1569 
4488 4424 3395 
923 29 3227 
4585 4769 1837 
1491 1082 2446 
4769 4036 1837 
4604 3803 4503 
4059 1496 3865 
1754 1827 905 
4368 905 1827 
3398 3115 1119 
3794 3398 2225 
1496 3398 3865 
77 245 3367 
4679 2223 3843 
755 4560 687 
283 2352 1167 
2100 1313 1525 
3384 3302 1797 
4833 4559 4831 
3152 1537 1301 
951 3152 1146 
1083 668 2972 
3723 2601 3367 
1739 4490 3433 
3812 3827 4034 
3799 4094 3466 
4723 2676 4689 
471 2880 3751 
1604 3706 2771 
3107 1632 1881 
3314 3471 2230 
1761 1715 4524 
1859 1434 4077 
1911 1980 1506 
1752 2318 2462 
2552 1130 4637 
3736 3218 4165 
4202 4452 4204 
3874 2189 3824 
1602 1444 2436 
691 4424 4379 
3704 3812 4034 
2560 3477 3912 
2404 3238 316 
3045 2312 2243 
4129 4372 1077 
3167 1879 4463 
1673 3428 3711 
1673 3875 3781 
3690 3875 3738 
2469 3512 2807 
1709 1741 2414 
2512 3420 4172 
4067 2497 2253 
2687 4052 1525 
4439 4161 4420 
2420 3314 3432 
2317 3305 234 
4265 4781 1243 
2710 2909 3892 
2746 2542 3344 
3472 3263 1228 
3231 3360 1018 
148 1637 2027 
3660 4704 2243 
714 3017 3565 
3303 2633 3785 
4507 247 4172 
4544 3759 4146 
247 4507 3774 
1480 2106 2421 
1514 2752 2270 
3176 3416 3215 
3562 3559 3561 
1084 3867 4035 
1948 3867 2168 
2260 2591 2536 
1737 2227 2378 
4684 4629 1320 
1216 3536 3280 
3440 2128 3280 
3783 4058 1714 
3783 3761 2566 
2101 1716 1753 
2875 730 479 
3079 3828 2371 
2556 4125 3886 
2312 3660 2243 
1360 1669 3022 
771 3936 3612 
821 744 3263 
3552 3801 4352 
4025 3801 4329 
2691 1145 4054 
3638 3399 3278 
964 3476 4807 
3066 519 3342 
3391 1407 4650 
934 3958 1152 
1822 2344 1234 
722 3293 3756 
4433 3832 4388 
3392 2502 1588 
4218 2837 3845 
2140 2985 662 
701 4014 1424 
1220 2140 662 
680 4307 3402 
3282 4305 2754 
3282 3820 3956 
3225 3526 3988 
2909 3919 3988 
2532 3635 4519 
547 1027 3002 
1295 3299 3333 
3505 3853 3580 
2626 4037 1534 
4330 2458 1223 
1966 4556 169 
1412 3119 3825 
3818 830 4160 
693 802 4404 
2661 2289 3148 
3254 797 2813 
4419 797 3463 
3858 3824 3835 
84 1069 1348 
3433 4490 2078 
3806 3348 4539 
708 3387 3805 
911 3191 1905 
3650 2703 1474 
2077 292 353 
4414 2560 3912 
4416 2196 2935 
4191 1208 1817 
2909 3526 3892 
1801 3311 2011 
3893 3959 3741 
3987 3959 3893 
4181 665 556 
1376 1972 4289 
3762 1755 3171 
3472 712 4659 
4041 1843 1833 
2986 2769 2905 
3867 1948 2798 
3187 2751 1594 
3048 2942 4636 
181 172 975 
3860 3827 473 
3884 1407 3005 
4757 4474 4736 
2273 4657 1539 
2104 3420 2512 
3311 1801 1797 
3909 4530 4503 
4399 3406 4075 
3565 684 4614 
3547 3647 3830 
3525 3089 3830 
1928 3547 3830 
3487 2515 3693 
4244 4279 3905 
1807 1491 1887 
3223 3515 558 
4584 3248 1877 
3952 2330 2028 
3949 4178 426 
2357 1713 1779 
2515 1331 3693 
1331 4735 43 
2485 4048 4635 
2312 1293 2242 
2688 1479 3527 
4531 1152 2921 
4460 3960 4726 
3833 3385 3738 
1999 4062 3951 
2048 3383 4030 
3820 4412 3956 
3053 2375 2707 
4326 869 4707 
3125 3607 1334 
3720 2893 3154 
3923 3720 2241 
2517 2628 3154 
4163 4176 4568 
1392 4857 1896 
3398 1119 2225 
1110 4259 4235 
3442 3768 4318 
3950 2745 4681 
707 3672 127 
3349 2683 30 
3672 2716 4304 
2229 1380 451 
1751 1344 1031 
3952 3987 3978 
3627 3987 3893 
2056 3987 2028 
2056 3959 3987 
3987 3952 2028 
2762 2910 2028 
3959 2056 3927 
3975 2089 3927 
3741 3939 3679 
3957 3939 3741 
3939 3957 2050 
3957 1927 4260 
3661 3566 4089 
3422 3834 508 
4002 1801 2011 
3906 3725 3120 
3302 3384 1301 
289 3120 3311 
3664 1174 3120 
3302 3311 1797 
2444 904 2674 
3704 3609 663 
2428 4452 3954 
1884 2821 3343 
3057 3343 3212 
2821 1900 3343 
3212 1900 3753 
1174 4232 2386 
1900 3961 3753 
4084 2386 3753 
3961 1900 3094 
2874 3254 4212 
3254 2874 3463 
3660 4078 2623 
853 4268 3478 
2567 4268 3994 
4799 1535 1101 
890 1226 4042 
3759 4670 3976 
3590 4434 3562 
3624 3191 1146 
2832 3942 3245 
2451 3942 2704 
3957 3999 2050 
2089 3998 4260 
3142 3992 2798 
4080 3142 2798 
2056 3975 3927 
3975 2056 4044 
3178 720 558 
2202 3975 4044 
800 4390 1936 
3513 1003 3657 
3975 2202 2089 
2841 3998 4018 
3360 3195 1021 
3998 2841 4116 
3795 3406 4399 
4723 2986 2905 
4108 3936 3676 
2779 4292 4475 
4246 3582 3733 
2808 2082 4269 
3904 3554 4282 
4669 4685 4676 
3904 4282 4171 
4269 4246 3733 
2986 2369 2728 
3455 3922 4306 
2527 4050 2326 
3689 4071 3773 
1814 2668 4465 
2893 3440 3280 
2347 836 3522 
836 4049 3522 
4113 3355 3586 
2929 2148 2377 
4288 4198 2403 
4356 3759 3976 
3633 3702 3976 
2120 4301 3761 
1714 1816 3761 
2002 3877 4149 
3925 4197 4149 
1658 4271 4280 
4514 758 3847 
4606 4078 3847 
2075 319 3668 
1339 435 3217 
1226 2388 3966 
3622 3610 4027 
3505 3427 4027 
1523 1538 3634 
2124 3368 3634 
4406 2752 3802 
2674 904 2772 
2710 3811 3919 
2909 2710 3919 
3568 3013 3601 
619 1566 2701 
3195 2559 3958 
4009 3724 477 
2056 2910 4044 
4044 4353 3369 
1602 3969 3615 
3311 3725 2011 
3725 3906 2655 
4002 1907 3892 
4691 4554 2655 
4002 2011 4375 
4554 3725 2655 
1907 4002 4375 
3748 3613 3935 
2710 1907 3811 
2635 787 4375 
65 3530 3132 
2586 3530 3617 
1469 1929 2023 
3291 4275 4589 
1084 2316 2263 
2316 1084 4021 
3992 3999 4116 
3867 3992 4035 
3867 1084 2168 
3925 3877 3962 
3877 3636 3962 
3440 2893 3923 
3720 3923 2893 
443 3876 4160 
2841 4018 1189 
4232 688 3212 
3664 289 1620 
3343 3057 1060 
3057 2217 1060 
2628 3446 3424 
2560 4414 1989 
4649 1435 3040 
2330 1315 3712 
1993 4558 2299 
3844 2320 4361 
2328 3163 4217 
3875 1673 4062 
314 53 3282 
2262 1358 3915 
2475 3032 3571 
2196 1862 3571 
4427 4071 3433 
993 324 4562 
4071 3922 3433 
3636 4113 3586 
3355 2048 4030 
4529 3406 67 
2808 2946 1852 
537 908 3597 
2341 2529 4001 
1174 3906 3120 
3906 2784 1824 
3871 3627 3748 
3871 2784 3978 
2728 1862 3207 
3928 1397 4617 
474 949 3576 
494 3864 1364 
2449 3952 3978 
4084 2449 3978 
4084 3961 2449 
2784 4084 3978 
3816 1878 4752 
2313 2171 4289 
2272 4121 1654 
2494 2516 1646 
3924 1345 4513 
1557 1786 1424 
4677 734 854 
2693 3803 1116 
4857 4206 1896 
3707 4029 2382 
2382 4029 4138 
3758 4281 2382 
3187 3236 612 
901 4655 4682 
712 1111 4659 
2343 4143 3985 
3673 3503 3985 
4560 4832 687 
3253 2363 1665 
3026 1545 2013 
4572 3829 1010 
1554 4370 1741 
3235 4041 1833 
4535 1843 4015 
2135 1430 947 
3727 927 4073 
3511 3167 4463 
4541 2150 1712 
3708 1252 538 
4063 4025 4329 
4312 4063 2557 
4063 4312 3631 
2343 3503 4079 
1723 1808 1922 
3568 3412 1040 
2946 4017 1852 
2946 4269 3733 
4357 1126 717 
3253 4596 4360 
653 3779 2663 
3115 3345 1119 
3811 4080 3919 
3487 3345 4032 
3786 2515 4032 
4134 3995 4087 
4410 2686 2566 
1048 4174 4750 
4081 4628 3194 
1682 303 2675 
3706 2253 2771 
981 4626 206 
4499 4642 4213 
4304 4153 2851 
3447 3866 4272 
2759 4499 4213 
198 753 2057 
1156 2455 1192 
2645 1650 197 
4039 3554 3685 
4242 3752 4188 
2950 2838 527 
3140 2861 2660 
4043 4631 2261 
832 2776 438 
4126 4094 3799 
1244 4140 2348 
2663 3779 1055 
3460 3546 3951 
4116 4038 4021 
3999 3998 4116 
2878 564 3146 
1991 1808 1723 
732 2988 710 
1104 4229 3329 
3688 3399 3394 
2587 228 1990 
2843 4105 2737 
3058 1940 663 
4783 4158 3194 
4116 4021 4035 
3999 3992 2050 
4156 442 4111 
4025 2471 3394 
3399 4352 3394 
4041 2369 4015 
701 3836 3499 
3075 2588 3286 
799 2842 2274 
1353 3006 469 
4381 734 768 
4325 4619 1440 
4316 387 17 
2752 1514 3802 
3723 2043 4402 
4666 1761 4524 
4272 4094 3447 
1213 1919 1567 
4094 4126 3447 
3665 4142 3196 
4142 1008 3196 
1934 2345 1686 
3468 3253 4360 
1392 4770 4349 
2956 500 3518 
4266 4533 3338 
2448 3954 2999 
2448 2428 3954 
3262 1494 88 
2683 1112 30 
4037 2554 1534 
2103 1705 1378 
4345 994 4358 
2960 545 3432 
3314 2960 3432 
329 40 4010 
4827 4120 219 
1668 4783 1030 
4058 3460 4217 
3460 4058 2796 
2203 3028 167 
1435 4673 3040 
3231 3842 2331 
3964 4081 4487 
3705 4344 472 
4532 4048 4804 
1385 3459 2280 
3680 1190 960 
4730 3539 2775 
4276 3728 3410 
2507 4060 4465 
3476 4824 4807 
3142 3939 2050 
1948 4080 2798 
4144 3191 3950 
3639 4144 3424 
4643 4766 4770 
4585 4761 1796 
3307 2695 2753 
4038 2316 4021 
2316 4038 1381 
1820 3821 1251 
2328 4062 1673 
1350 537 3597 
1177 2569 2588 
190 4657 4470 
1480 1804 3696 
4059 3779 1496 
4059 708 3805 
4143 2343 2557 
3688 4077 3918 
4086 1582 3473 
1072 2284 2788 
4156 3966 3876 
2427 799 2274 
1831 3616 4054 
3099 4515 4415 
587 3216 3938 
1314 3438 2281 
2326 4050 3856 
4124 2959 3856 
3856 4264 2326 
2959 3689 3773 
3345 3115 4032 
4861 3345 3487 
4164 3737 3718 
4054 3638 3278 
4347 3099 4415 
4194 1358 2492 
4194 2836 4600 
4345 4040 4437 
824 3336 4591 
3454 2062 967 
3570 2296 4692 
2170 1696 4387 
3752 3655 4188 
3940 4606 3847 
4416 2358 4314 
4208 1076 2394 
3381 4208 2490 
320 195 2972 
305 3828 3886 
3460 4062 4217 
438 4287 4333 
3482 2702 2885 
3898 3496 825 
3151 2143 3474 
1812 179 2994 
2264 1120 2771 
1486 590 86 
1671 3088 1665 
1127 1066 4699 
2780 4495 2083 
489 1369 3574 
126 2526 1487 
3836 4228 4695 
1875 1289 2572 
3545 2530 2257 
1828 293 1118 
3400 3291 4589 
3563 3983 4099 
4228 4655 4119 
4392 2990 4807 
2465 4601 2083 
1767 1698 1667 
2325 1812 2994 
1321 1997 2237 
2284 1764 1527 
4340 4396 1653 
3216 3100 3374 
298 4167 4093 
193 245 1357 
2273 1981 4470 
1981 1982 4470 
319 2075 226 
56 4478 2958 
3798 194 2183 
1066 3993 4699 
2489 2101 1497 
1221 2581 2523 
4161 4439 765 
4047 2171 2882 
4439 2485 4635 
3863 4734 385 
1042 524 3326 
213 1528 3155 
3141 3166 570 
3963 3275 3116 
2250 2246 947 
3317 536 3242 
3641 243 2347 
949 474 3997 
1707 177 4834 
3496 2502 4199 
1494 4567 88 
2438 2791 2376 
2485 4439 4611 
3088 2125 2276 
2944 3750 4732 
3186 4835 2248 
3694 437 4333 
1240 339 844 
3500 3454 785 
4797 3970 261 
329 2614 3031 
2106 1490 2421 
4661 3228 1611 
1698 3324 4778 
1051 81 2446 
2016 1363 2835 
1396 2176 967 
4685 752 309 
2664 2068 3255 
2476 345 1687 
2119 2943 1472 
4680 4285 3400 
2588 3075 4179 
2760 1342 2136 
4006 2485 4611 
3980 4854 3227 
2919 1837 4036 
4710 1244 3222 
4660 3371 3148 
909 1593 358 
1071 259 158 
4384 899 3837 
1150 3755 2981 
3070 4310 1610 
4339 1250 19 
1355 1579 4446 
52 180 97 
693 4660 3148 
3591 4738 4491 
954 1165 4737 
2360 1993 2299 
966 2435 100 
1785 2968 4036 
1637 148 1643 
1627 1872 4399 
1171 575 3085 
783 849 1472 
1625 3225 1868 
2633 4155 2118 
2502 2223 4199 
4219 391 4401 
3809 3878 2464 
1443 2383 2446 
2638 1724 2274 
4663 1105 3699 
1314 697 1823 
3205 1410 43 
4458 678 700 
1401 196 2047 
138 3339 4112 
923 3041 29 
2270 867 2895 
937 4457 3511 
4611 4439 4420 
3523 1176 2884 
1815 2902 4549 
3330 3863 385 
2502 3392 3843 
4655 2842 4119 
4440 57 1187 
3656 1430 2256 
303 1682 3377 
1117 3435 2354 
3241 4121 4752 
3909 4657 4717 
2854 4194 3198 
2254 2768 4332 
122 1235 1880 
3540 3872 2670 
4638 4284 1621 
4163 792 4654 
1339 2503 3130 
583 3376 2849 
2385 3160 3806 
2199 3700 4448 
946 2258 1037 
1095 3894 1860 
4424 4488 4379 
3898 4377 3663 
3960 1950 3821 
2808 4718 1504 
3382 678 1980 
2081 660 99 
3000 3859 2850 
1434 1986 3903 
994 2918 1564 
2755 3526 1775 
4388 1153 1845 
762 4767 4474 
4651 2608 3304 
4086 3512 4699 
1721 2094 1419 
785 2903 4016 
1729 3605 2920 
2840 1129 1109 
1015 2061 3467 
3972 1630 3193 
4761 4585 4648 
4178 3949 4420 
2896 4306 4071 
3110 4320 1048 
1961 1989 3204 
4279 2546 3905 
3729 3330 3069 
1180 2037 4536 
3982 2820 2425 
3383 4412 3991 
2820 3982 3991 
2272 3982 907 
4121 3241 2342 
4121 2272 4752 
4153 2467 2851 
4823 4256 807 
1344 2096 1031 
3863 3330 3729 
1005 181 2625 
800 781 4309 
1115 1326 2463 
1965 2790 2065 
1698 1000 2220 
2416 2750 2851 
1498 3905 3346 
1213 3234 1921 
707 2708 46 
2550 1794 1705 
4517 4675 1077 
619 1484 2917 
2193 3641 3440 
2128 3440 3214 
2732 3214 3522 
3641 3214 3440 
3214 3641 3522 
3641 2347 3522 
2539 152 3174 
2218 1845 1868 
2164 2072 4141 
1256 2026 4141 
1952 129 4299 
2044 2397 2084 
3795 4399 1979 
1902 4109 3623 
1003 3445 2225 
2254 3117 1292 
1501 4770 983 
3391 4340 2581 
2395 4690 1451 
1566 1497 2701 
4197 3925 3912 
1927 2089 4260 
3998 3999 4260 
4197 2070 4149 
3477 4197 3912 
4198 3666 1974 
4246 3880 1930 
3582 4246 3557 
3534 2959 3773 
3969 4342 4262 
1014 837 4813 
4584 2678 3248 
3019 3133 3478 
2380 2925 1941 
1023 835 3260 
4766 4643 4851 
1542 2920 3061 
2007 3813 3657 
4377 2753 3663 
4638 898 922 
3554 845 4242 
3870 436 3415 
2559 2269 3958 
1949 4169 3068 
2695 3307 1588 
4284 3190 1500 
2075 4253 1462 
4253 2075 3668 
699 334 4286 
4342 4249 4484 
3400 4528 4680 
425 3949 4168 
4311 4285 4646 
2482 763 2605 
2482 3755 1214 
3525 3647 3853 
2800 2160 3853 
4045 1862 3129 
1862 4045 3571 
243 3641 3962 
2193 3925 3962 
1039 4846 2549 
3747 1133 4546 
116 4799 1448 
4220 1703 4665 
3422 3785 2633 
2842 799 4119 
4288 3644 704 
4288 2105 3666 
2006 2251 2921 
2460 3784 3390 
3896 4113 724 
2048 3355 3896 
3768 2802 4343 
3735 3081 2178 
3946 4756 2149 
1126 1445 717 
1085 4222 857 
190 4777 4717 
4176 4685 309 
4209 2082 4137 
863 3880 4669 
4669 4676 4171 
2082 4209 4269 
3532 3662 4028 
2480 1784 664 
3234 1871 562 
3348 211 4539 
766 1529 2484 
3348 3160 1026 
3160 3681 1026 
984 1738 4565 
2318 1746 4001 
1751 740 2577 
3788 3836 4695 
4123 3330 385 
554 2355 2619 
3731 4543 803 
2608 1028 3304 
4656 4680 754 
4257 3291 4285 
2953 284 1242 
3566 3661 485 
1110 3942 4318 
3942 3442 4318 
4259 1110 4318 
2504 4259 3001 
4772 4049 836 
3716 3636 3586 
672 3522 4049 
1456 3626 1878 
2272 3816 4752 
2483 3816 907 
3905 1498 4244 
1498 2614 4463 
3140 4323 2885 
567 2280 3459 
3078 1711 2593 
2424 2782 932 
341 3809 2464 
1698 1767 1822 
4296 2820 3915 
4296 2854 2699 
1152 4817 2617 
3922 4071 4306 
4030 4121 2342 
3355 4030 2342 
3355 2342 3586 
2342 3241 3586 
2501 4239 2915 
165 4252 4812 
427 4161 765 
2452 990 2235 
2595 3321 3548 
1943 886 4308 
4370 1217 3669 
4067 4664 4798 
3707 4281 3682 
3659 4281 4088 
4438 3456 4138 
4029 3419 4138 
2836 4194 2492 
2759 327 1568 
2927 3026 2013 
4341 2716 3023 
2716 4341 4304 
1375 3123 2360 
1249 4557 2459 
713 1096 4509 
3817 3267 4333 
4073 3742 1803 
4390 4309 4697 
1969 2253 4224 
4476 437 4183 
4530 3909 3563 
4351 4544 1974 
4164 3771 4319 
4050 2527 4319 
3231 4324 2634 
4324 2711 2216 
3383 2048 3956 
4305 3282 3956 
4592 2556 1474 
1576 3913 1390 
3071 1302 1697 
4328 4701 4293 
161 4521 4328 
3829 445 1010 
4079 4312 2343 
4312 4079 3631 
4063 4329 2557 
640 2833 3062 
4657 3909 4503 
2837 1984 2790 
4851 2705 4561 
4684 755 687 
3626 4334 936 
4334 736 1017 
4023 4258 4502 
1490 2615 2421 
3341 4282 4039 
4282 3341 4171 
4522 4609 4430 
3842 3231 3502 
3366 3309 4270 
740 1751 1031 
757 2915 2627 
4356 3702 2403 
4146 4356 2403 
4146 4198 1974 
2171 4047 1614 
4844 2889 3269 
2586 2365 3034 
214 249 3353 
3992 4116 4035 
1899 225 1050 
653 3786 4032 
3485 4155 4630 
4640 4234 4626 
3001 4318 4343 
2165 2458 4343 
1618 1795 4075 
3677 1363 2016 
3940 4672 4622 
1516 666 1429 
4769 1785 4036 
4006 2428 4804 
4606 3940 4622 
4505 1300 4719 
1562 4186 2162 
1794 4557 1378 
4383 4307 2740 
4462 3486 2740 
4551 1774 2192 
2896 4353 3549 
2910 4353 4044 
4619 2358 2935 
487 3911 3520 
3118 4456 1865 
3904 4271 930 
845 4250 4242 
1940 1598 3576 
2684 3790 2677 
4271 1658 845 
2346 2293 4293 
4129 4824 827 
2454 4596 2276 
4530 4604 4503 
4404 4429 4615 
68 3010 705 
2192 4498 1772 
1984 3153 1485 
3845 4684 4218 
3750 2944 1924 
902 2230 2656 
4105 2843 3366 
2423 1176 3095 
3520 833 2794 
1545 2471 2013 
1589 1912 4467 
4291 4170 1678 
3872 3046 3844 
3117 2254 4332 
3117 183 1292 
1874 4456 1601 
4615 4311 4646 
3988 3747 4546 
2284 4220 1764 
4739 3735 2178 
742 2930 4697 
470 4317 2090 
3003 879 3673 
937 3511 4463 
1269 1173 2825 
303 2297 2415 
1106 4583 2992 
3949 425 4205 
3755 2482 2605 
3020 1873 3815 
2296 1231 1825 
3768 3442 853 
3680 960 4268 
1610 4443 1708 
3502 4251 4379 
795 4265 4577 
3973 3874 3824 
2271 183 1530 
1279 2401 3256 
3060 1519 276 
2198 283 1167 
4381 3838 3873 
3941 3336 4225 
4521 161 3847 
4307 4383 4101 
4506 3366 4270 
691 4251 3082 
1302 3993 2249 
3700 2199 1994 
4348 3480 3069 
3611 2409 815 
1404 3947 2811 
272 621 1091 
4105 415 4525 
4663 4638 4731 
2465 531 1925 
2942 2696 1072 
2517 4212 2955 
3254 2955 4212 
4284 4638 922 
3006 1353 4496 
1370 993 4562 
418 1169 3861 
1969 1763 1368 
4322 4264 4625 
51 2282 2908 
4533 2401 3338 
3980 62 4331 
3920 1082 4366 
3406 4529 4805 
3534 4264 3856 
3534 1067 4264 
4670 3590 3976 
4434 3468 3562 
670 2524 4436 
2254 1292 4361 
2165 3124 1223 
3764 712 1228 
3801 3552 4329 
3801 3394 4352 
1383 4109 4056 
3705 3609 4034 
3399 3638 3535 
3273 551 3558 
3799 879 4448 
3719 4126 3799 
4301 3205 2566 
3205 4301 1544 
4391 1189 3516 
4391 931 3718 
3983 3746 4099 
21 3391 4650 
2946 2808 4269 
4209 3880 72 
3763 1573 1694 
3230 2818 733 
4050 4124 3856 
4124 3715 2959 
4066 4063 3631 
4025 4066 2013 
367 4091 4365 
2202 3684 3516 
4438 3292 3662 
3419 4438 4138 
1067 3534 3773 
3920 4427 3433 
1276 3772 4441 
2527 3509 4441 
3014 4234 4640 
3765 3736 4165 
4701 2996 2983 
839 4672 2293 
3832 1249 2459 
4232 3212 3753 
2386 4232 3753 
4691 2655 3935 
787 1907 4375 
4676 3904 4171 
1930 863 4171 
2820 4412 3915 
4412 3383 3956 
4040 1629 4437 
1713 4585 1837 
4769 4585 1796 
4291 1732 3329 
2313 2433 2882 
4735 4410 43 
3064 4464 2426 
1795 3391 2581 
3471 2575 2656 
2301 4522 4430 
2395 4538 4566 
4677 2314 4692 
4237 4591 3941 
3735 4739 4309 
4226 3238 2078 
1592 104 1829 
837 3700 1994 
3509 4612 3521 
4264 4322 2326 
1699 3981 1760 
1024 1699 1760 
419 4486 4051 
4323 2961 1776 
4131 2095 1804 
3700 4011 3437 
1694 1444 3615 
3954 670 4436 
660 2081 2744 
2926 524 3035 
1222 4376 1476 
3291 3400 4285 
3630 4555 1088 
3504 2722 3810 
2554 4037 1978 
3209 2203 167 
4495 3659 4088 
4153 4499 1224 
2676 4723 1107 
2003 1450 3016 
3240 3608 3683 
145 2179 374 
2440 4613 4522 
3071 1327 1582 
1609 999 532 
1297 3681 4617 
4454 366 4477 
3795 4578 67 
4488 36 4379 
184 4211 2393 
4211 4005 2393 
4514 4289 4609 
1609 2465 2083 
2514 2095 2083 
4179 1911 2588 
686 2654 4496 
1319 1850 2314 
3628 2654 2982 
878 3104 2993 
2355 1360 2281 
3695 3331 518 
990 794 2445 
1703 732 2302 
2329 1337 2889 
1625 1868 1845 
1738 984 4518 
4792 2736 143 
301 1344 2354 
1547 883 4776 
68 1068 2393 
3391 1795 3005 
507 3792 4630 
1135 2004 2270 
2780 4601 2306 
1552 2336 775 
3980 29 1371 
1919 2171 1614 
1841 1442 3900 
1439 1970 4747 
1193 1115 2463 
3218 4472 4165 
1436 83 4159 
3014 4584 3955 
2044 2084 4722 
3670 1383 3016 
4695 4777 4169 
654 4378 3815 
3686 3240 3683 
415 4105 3276 
1444 1602 3615 
3071 1582 4699 
2773 644 1613 
611 2438 2376 
2892 4733 2396 
2467 2416 2851 
846 2125 2639 
2953 613 4855 
2344 1822 1767 
2943 1135 1472 
112 2015 124 
1435 4649 393 
2054 3750 2167 
1064 4325 62 
2529 2490 1589 
1358 4296 3915 
3125 1334 3645 
665 4181 2288 
4393 2580 2445 
2114 780 2405 
2554 1953 1534 
4521 4389 4328 
3216 3907 1238 
116 112 124 
324 1310 4185 
1015 3337 515 
3336 824 4707 
4328 1624 3887 
2888 1753 1091 
3480 4517 4372 
1795 2101 4075 
3924 4609 1455 
3752 4250 922 
3564 4640 4626 
2196 4416 3207 
1791 1655 1711 
4196 4229 422 
1093 1695 1540 
2101 2033 1497 
4457 2785 4060 
2413 4411 3014 
4511 4095 1883 
4615 4660 4404 
1332 1830 1275 
4155 2633 4630 
2349 1446 2327 
285 1185 2724 
4688 1711 4741 
1539 4657 4503 
3513 3813 1088 
4008 364 3623 
2143 3588 3474 
3364 2737 4525 
2155 4786 4728 
937 329 4010 
864 2012 330 
1171 3085 3150 
4406 2265 721 
1939 3435 1107 
1658 764 1677 
1680 3806 4539 
4653 1814 4465 
1952 1533 958 
73 3313 4398 
2544 1338 4706 
1079 1659 1917 
1937 4019 4128 
2900 1777 130 
3946 1511 30 
394 744 3780 
780 2114 2847 
1475 1346 1675 
4220 2284 2538 
2114 3479 4307 
2100 4526 2597 
1350 3708 538 
1627 817 2432 
1958 4240 2844 
4693 839 2293 
1618 3406 4805 
2157 3527 1246 
4278 913 154 
3349 125 2621 
3438 555 2281 
2630 4222 2824 
4247 36 4703 
2278 2320 90 
617 817 2142 
4585 4065 4648 
2960 902 113 
3081 3735 1564 
3798 1717 194 
2314 1815 4692 
2780 2150 4541 
4802 1439 4424 
585 4421 586 
4236 3607 4539 
1626 351 3161 
2989 957 1422 
361 1180 1962 
184 189 39 
3169 3449 2433 
4768 2356 1591 
2363 2353 1665 
3556 4567 3358 
4528 3400 3304 
1713 2357 4263 
47 4758 4369 
4665 1703 2302 
2207 2406 3570 
4592 4494 4700 
2676 3517 4689 
4255 166 1210 
3826 3686 3683 
1087 264 2031 
4193 3804 1782 
4675 4517 383 
799 4340 4119 
4456 1874 4608 
1970 1556 4747 
874 3670 3016 
3607 3714 4539 
4482 1963 2660 
1963 4482 3739 
3445 1003 4813 
3244 1006 4401 
3486 4383 2740 
420 1876 1390 
3705 812 3594 
3803 2693 4503 
4187 1131 1865 
1366 4594 1962 
3924 1375 4430 
3817 3857 3130 
4004 4148 4207 
168 4226 3242 
4490 4226 2078 
2768 2320 805 
2306 3359 2673 
4601 2465 1925 
3666 4397 1974 
4397 4621 683 
2948 2760 1782 
3625 3995 1080 
3164 2640 4509 
1669 2569 282 
4575 4683 4571 
1147 713 4509 
4768 1591 852 
3609 3704 4034 
3725 4554 2011 
4554 4375 2011 
108 1926 4431 
3107 4166 4431 
3947 1439 4485 
4606 4381 3873 
631 2630 2824 
245 77 1357 
3827 3705 4034 
2760 2688 1782 
1970 1439 3947 
909 2578 4092 
2402 3813 3356 
4721 4579 403 
1463 4429 1459 
4660 4615 4646 
4584 4411 3271 
4340 2455 1885 
1623 1583 1617 
1923 753 773 
4061 3510 4566 
2670 2271 3082 
3578 3102 368 
2713 482 3683 
283 2775 3686 
4548 2422 4542 
4417 3465 3474 
211 4236 4539 
3470 4337 3040 
1126 4357 4137 
4357 715 4137 
4155 4573 2118 
4573 2221 2118 
65 2995 4500 
2120 1816 4500 
4573 4155 3485 
4372 4517 1077 
4043 4419 3463 
797 4419 1531 
1976 990 2175 
1784 2480 4314 
2971 3144 1227 
2992 4729 1106 
363 4605 4056 
3955 4048 4532 
4457 4060 659 
3816 2483 3595 
2483 4245 3595 
3241 1878 4180 
4772 836 4180 
4176 1855 4568 
3425 478 4524 
1114 2690 4087 
4499 2759 4272 
3866 4499 4272 
4468 2476 1687 
2476 4468 4223 
1032 2526 1328 
105 2541 2030 
3349 4494 2683 
4313 2683 4592 
2182 3565 3017 
4526 2100 1525 
4688 3517 2593 
839 894 4134 
3198 4194 4600 
2678 3124 4600 
1745 1373 2478 
2084 1774 1712 
2006 4599 2602 
4520 4693 2913 
894 3977 4134 
3069 4372 827 
3958 934 1021 
2073 1524 1803 
697 2440 1268 
2840 2469 2807 
3599 3743 4496 
3108 3881 230 
3444 4163 4568 
430 4007 3968 
4492 4291 3329 
1098 2016 2835 
4582 2529 3577 
4206 801 1936 
240 2368 1209 
3029 3628 468 
2048 4305 3956 
834 3230 4305 
4552 912 2119 
741 4462 2119 
2082 2808 1504 
4429 4404 4561 
3413 3452 2901 
4547 3800 655 
3824 2189 4083 
1865 4292 3118 
1601 4456 2600 
4435 2289 2456 
693 4435 4475 
2318 876 4128 
932 2648 2424 
4244 1879 3061 
2614 329 4463 
4166 3107 1881 
4526 2411 330 
3092 591 2781 
758 4514 4609 
4245 2483 1391 
736 3626 3595 
1650 740 197 
4628 4572 4639 
2502 2695 1588 
2702 3482 4590 
3687 2488 4590 
3274 3795 1971 
3108 1684 3881 
2861 3140 2885 
2618 3675 950 
4547 4833 3800 
501 3327 1652 
2197 45 4864 
4341 3778 4213 
2663 4410 3786 
727 4410 2566 
3324 1698 2220 
4439 4778 765 
2224 4637 1078 
1324 3231 2331 
976 3486 3839 
4435 2779 4475 
4564 802 4475 
267 2476 4223 
2497 4067 4798 
2497 2264 2771 
2688 4829 4546 
1577 3655 3901 
3086 1784 4302 
166 4406 1210 
3556 3126 88 
2732 3675 2128 
3675 2732 950 
3121 1171 3150 
3803 1847 3055 
3053 3884 4380 
3053 3746 4650 
349 1297 4617 
4166 3680 4268 
3756 3026 3023 
3588 3701 2221 
4247 3842 3502 
4334 2618 950 
672 3831 950 
4265 3472 4577 
4224 3706 1955 
2997 4334 1017 
2618 4334 1141 
1302 3071 4699 
4233 2443 2434 
3117 1616 1530 
3015 3393 2280 
4023 409 4537 
4660 693 4404 
4774 490 3574 
3416 2954 2329 
1501 4738 2080 
881 51 1359 
3102 367 4365 
4157 2888 1091 
4661 3320 4308 
4723 4535 4015 
442 1226 4111 
4788 758 4609 
4007 3324 3968 
1382 761 4433 
3681 3160 4617 
3283 2319 588 
3263 4337 1228 
3354 4523 3739 
1586 4578 3274 
792 4271 4654 
4670 3759 3774 
4434 806 3797 
2045 1067 4366 
504 3363 3787 
1069 2356 1348 
696 4788 4620 
3099 4347 1524 
2363 820 2257 
1105 4663 4530 
4638 1929 4731 
4836 2440 282 
4718 2808 1852 
3176 3169 2433 
3332 4565 512 
3949 4006 4611 
4736 3564 3764 
2911 1571 4737 
2842 1664 2274 
2855 3073 3408 
348 4275 3572 
1417 1522 2233 
1129 4553 4623 
3320 4661 4731 
2803 3563 4099 
4337 4118 3764 
1063 3890 205 
2296 1825 1238 
2402 3630 1088 
4552 4462 2740 
4462 741 1908 
4612 3292 3521 
4612 4625 4355 
4019 1743 340 
4276 1127 4699 
3539 4730 2964 
3842 4247 4560 
4583 1320 4464 
1465 2264 3807 
2497 4798 3807 
737 1288 4076 
934 2510 1021 
3591 4454 4477 
4247 4664 4560 
4414 2241 4681 
4379 4247 3502 
4065 4134 4648 
3899 888 4205 
4692 4787 768 
3858 454 3824 
298 4229 4189 
691 4802 4424 
3636 3877 724 
3355 4113 3896 
4282 3554 4039 
4676 4685 4654 
3904 4676 4654 
4685 4176 4654 
3434 1754 3473 
4691 2635 4375 
4554 4691 4375 
4642 4499 4153 
4176 4163 4654 
4271 3904 4654 
4703 3807 4798 
3807 4703 948 
3784 752 4746 
4685 4669 4746 
2241 4414 3912 
1989 1961 2560 
4341 4642 4304 
4642 4341 4213 
36 2043 4703 
2043 4711 4402 
4767 4852 4201 
1131 4187 4736 
4788 4613 4620 
4349 4564 4852 
3121 3027 2243 
1160 771 4114 
2918 376 916 
2528 280 4172 
4808 2380 2681 
4680 4656 3577 
4528 2292 754 
580 3048 4636 
1469 4367 4731 
2179 4697 4309 
4638 4663 898 
4247 4703 4798 
1664 1415 1762 
3594 3599 4496 
4634 4846 3009 
1219 4659 4407 
4659 1219 4577 
2259 3807 948 
2654 3628 2466 
2398 1186 2426 
3121 4704 3116 
1815 1063 4692 
4340 1653 2581 
3803 4604 1847 
1392 1269 2533 
3391 4228 4119 
2223 2502 3843 
3392 4126 3843 
2822 4683 3894 
1450 362 3016 
1269 840 2533 
3108 230 3194 
1403 3754 2054 
4679 2522 3651 
2522 4679 3843 
4376 4371 1476 
4853 1284 1120 
2526 1032 775 
2043 3723 4703 
2704 148 2027 
4536 1366 1180 
703 3556 3358 
4733 371 2396 
4733 2930 750 
4627 2192 1772 
4627 185 826 
4108 3170 481 
4193 1084 2263 
1345 3924 1455 
4624 4457 659 
4624 3511 4457 
3655 3752 3901 
1326 1894 4373 
4515 3099 2506 
4641 3309 1760 
1782 1633 1712 
4504 2587 1990 
2838 3646 527 
3425 1715 3501 
2860 2727 4698 
2727 3221 4698 
4019 2900 4128 
4843 4097 3307 
1616 4566 4485 
2422 4548 1575 
3210 1843 4647 
4261 4766 4851 
564 2878 3128 
3599 3594 778 
1874 4640 4608 
1695 1093 1860 
2113 2290 4393 
2615 1490 2532 
1771 4769 1796 
1785 4769 1771 
1548 2211 4575 
2099 4652 2484 
3792 3485 4630 
2292 1452 4687 
4656 2292 4687 
1596 2092 4028 
2092 855 2235 
1621 1783 2023 
2234 3539 2964 
1857 3635 770 
4748 4362 1073 
3632 3403 2938 
4823 4316 17 
4594 874 784 
2332 3885 493 
2017 3514 2763 
4708 2580 770 
885 1415 2122 
179 594 2994 
3936 3637 3612 
2574 3052 991 
3042 3289 4513 
449 4809 3732 
1519 1662 276 
4306 789 1310 
2576 2648 219 
4602 196 4720 
4705 110 1685 
3765 4082 865 
2014 1353 469 
312 4190 4847 
3980 2772 1064 
1252 3708 2484 
3066 3331 2311 
1987 1520 2876 
125 4461 2621 
1951 3261 2571 
4313 1464 2315 
1558 3189 1251 
2804 636 1917 
889 414 3541 
1840 4674 208 
999 1609 2083 
3972 3971 1805 
1780 2233 2916 
3674 2020 958 
4494 3349 2621 
1361 1838 1036 
328 3438 1823 
4602 4350 2047 
4629 3172 2426 
2044 528 2294 
2736 3740 143 
1943 1425 1471 
1123 4859 4748 
1445 2415 717 
4417 4573 1249 
2357 1260 1848 
2020 3674 3846 
1488 3213 4231 
3334 1993 2360 
2990 4392 1733 
1652 103 501 
4167 298 4189 
1099 4653 4465 
1920 2953 1242 
1447 1072 2788 
1123 4748 1073 
1185 285 3247 
126 1487 1565 
2717 1619 4026 
789 1624 4389 
1655 2590 4741 
644 4283 1613 
2791 2690 67 
365 3591 4477 
1098 1738 4518 
199 1233 943 
912 2943 2119 
281 253 174 
1317 3603 2881 
2669 204 4724 
4529 1114 4805 
1514 5 3802 
15 4815 3900 
3307 2753 3247 
123 1233 4450 
1285 3621 2748 
428 4294 1421 
4705 870 4816 
28 1750 1364 
1304 240 4493 
3181 3423 2463 
1595 115 919 
680 331 2884 
1709 1635 1606 
3767 1160 4114 
1722 1809 1599 
1180 1366 1962 
4845 4830 4502 
4754 1728 3697 
3169 3176 3188 
2450 2806 2626 
2509 272 2523 
1911 4179 1004 
4551 4627 826 
2974 2234 2964 
3728 4626 4234 
738 3067 1769 
176 2508 2789 
1830 1282 4821 
2988 1299 710 
1451 4690 2088 
2720 2351 2327 
3555 1761 4666 
4637 3551 965 
1863 2892 1996 
4733 2892 1936 
108 221 2408 
3036 4453 1044 
1850 4743 2314 
4294 429 1421 
1275 1830 4821 
985 2653 4407 
1108 4634 3009 
4598 1108 3009 
366 4454 4491 
744 2158 3263 
2450 2012 447 
4598 3186 1612 
414 889 4103 
320 92 3050 
2734 616 3319 
387 1800 17 
333 1939 1107 
290 4399 4075 
4534 3114 209 
2550 4200 3475 
1570 4830 1995 
1855 4176 309 
1415 627 1762 
4637 2015 1078 
1334 2129 2237 
1516 1429 4253 
1751 1117 2354 
4605 1383 4056 
73 380 1526 
776 2104 2247 
4649 3263 2158 
3218 3755 2562 
714 1454 2468 
4559 2109 4831 
3324 4007 2391 
1750 494 1364 
3177 3229 4647 
339 1240 4819 
1215 4863 87 
156 3349 30 
3838 4760 3873 
2395 2035 1059 
1052 3125 3645 
318 3593 2060 
3465 4417 4820 
701 630 4147 
3098 3000 2850 
4165 4472 3697 
4210 4327 4762 
1644 3945 1323 
4678 3500 785 
513 1363 2067 
4498 2838 1772 
3828 1706 2366 
250 1071 12 
3744 3855 459 
268 4327 2210 
918 2507 895 
1271 2720 169 
730 4233 479 
239 1120 159 
1761 2494 1646 
160 221 1889 
2863 1343 310 
3934 1230 455 
795 396 2934 
35 202 2183 
1703 4220 2538 
3295 1622 3017 
2476 267 2053 
2585 1990 228 
4535 4723 4689 
1874 2413 3014 
4316 4846 4315 
3564 4187 4608 
2736 4792 1885 
4788 789 4389 
3936 4108 481 
1516 4531 2921 
1302 1550 1697 
323 715 4669 
4357 3784 4746 
323 3880 4209 
323 4209 4137 
790 4294 765 
4711 3551 4402 
3901 4663 3699 
4187 3564 4736 
4381 4606 4622 
241 4527 3524 
4661 4604 4731 
4604 4530 4663 
4854 1562 3227 
4186 1087 2031 
4664 4832 4560 
425 3899 4205 
4411 4584 3014 
4673 3470 3040 
1039 4191 4835 
1121 1518 3697 
2234 2974 4335 
2974 3629 4335 
4774 1369 2276 
2125 4774 2276 
2507 2668 895 
2009 2151 2153 
1763 4497 1368 
3471 3314 4793 
4251 2510 3082 
2990 3313 4807 
4372 4129 827 
1465 3807 2259 
1479 3403 2493 
3240 3686 2775 
1696 3461 1957 
3726 2062 3373 
4563 194 805 
2029 2016 4518 
2722 3504 3465 
3351 2061 2157 
2157 3483 3351 
1518 1121 1844 
3389 4586 4336 
4813 2058 1646 
1003 3513 4730 
4599 2006 2921 
8 50 4806 
3183 4784 3793 
575 1171 3051 
678 3382 552 
1786 1305 4682 
2131 841 2066 
1263 3006 2090 
2020 3846 2536 
4152 866 261 
2537 430 3968 
1536 4483 1697 
1342 522 2136 
4844 1385 2280 
4254 1202 3848 
1840 1791 144 
4843 285 2724 
332 2107 2987 
3551 4711 965 
4643 1366 745 
2062 3454 3373 
1680 3161 350 
2870 1482 1492 
2357 1319 4263 
230 4783 3194 
3393 2329 2889 
3529 945 264 
4790 1894 3507 
769 2286 4722 
3361 3251 3184 
666 2251 3782 
3422 2633 2118 
828 999 1001 
3876 443 4156 
1788 566 3215 
3244 390 1612 
3969 2537 3968 
3588 3593 509 
339 171 844 
3037 929 676 
3119 1230 3825 
2838 2950 1772 
3151 3465 3504 
917 3483 517 
4616 413 3338 
2936 2791 1157 
1122 2287 750 
4195 2866 2975 
401 4326 4707 
3749 3726 3491 
290 1205 2142 
1993 3417 2288 
152 1196 3174 
3479 3703 4307 
2079 1426 4614 
497 3523 3849 
2362 4148 561 
1748 2460 3390 
29 3980 3227 
2460 1748 4003 
2693 2706 1207 
551 3452 3558 
3960 3821 4726 
3186 4598 3009 
4580 1475 1675 
2645 1891 1100 
2384 3379 1275 
189 184 2393 
957 4671 1422 
588 2406 2025 
295 2886 4136 
4563 35 2183 
1184 2858 175 
2537 813 430 
131 2309 235 
2962 1182 1594 
3452 3413 700 
467 3029 3457 
3656 2692 1364 
3472 821 3263 
2407 81 2404 
1520 1987 623 
1726 3421 248 
3299 1027 547 
1411 4559 2206 
3556 541 3378 
2260 4624 659 
1184 1165 3139 
4405 275 694 
4856 1915 300 
1069 84 1495 
3501 2064 2400 
1817 3863 3729 
2685 1074 1132 
1509 3004 2513 
3114 4534 3926 
1300 4840 4719 
4567 3259 3358 
2731 4734 386 
3213 4771 4231 
2295 1888 4690 
4125 2556 4700 
4297 4535 4689 
1134 2398 3172 
4781 4265 2934 
2409 3669 815 
2181 4574 255 
796 1992 3789 
4751 1835 382 
4267 1161 4780 
2491 1477 1333 
251 257 4277 
1317 3972 1805 
1891 2645 197 
1670 1844 1248 
1299 2988 2942 
2968 1785 1400 
1454 714 4614 
596 2968 1400 
445 2333 1010 
3677 856 1607 
969 4135 2967 
4505 4779 146 
2097 2856 4776 
141 4810 1209 
2864 1982 920 
1513 3153 1944 
1338 4237 4706 
2349 4862 1597 
2906 2298 1478 
242 4274 1448 
1717 3798 2709 
4734 2731 385 
3862 4494 2621 
4455 4632 935 
1870 3379 90 
4459 1732 1678 
408 1536 1697 
51 881 4374 
2096 933 1031 
1608 776 2247 
4559 4429 4561 
3550 3898 825 
4096 443 4160 
2950 185 1772 
3894 3109 2822 
3137 1891 875 
874 4594 3670 
1730 4588 4473 
4451 3067 2761 
333 706 1303 
2855 3439 582 
1439 4848 4424 
959 3763 4480 
3209 2571 1913 
2286 2231 4722 
2427 2862 1192 
1375 2301 4430 
3281 1802 1286 
129 798 4299 
93 3600 1037 
1711 4688 2593 
1388 4856 300 
2277 328 1823 
2548 126 1565 
2974 3013 1040 
1068 68 1025 
2298 475 1478 
9 4508 1264 
2645 2525 1650 
2852 1704 638 
4320 3735 781 
3395 1147 1387 
1903 2509 2523 
4007 1089 2391 
4065 4672 4134 
4060 1099 4465 
134 294 2350 
70 3709 4369 
51 107 1103 
2753 2695 3663 
2390 2855 582 
4801 1729 4299 
2684 312 4847 
3744 4199 2545 
3025 1781 675 
1195 263 265 
1650 1725 740 
170 16 819 
91 2200 3346 
4487 4158 3955 
2953 3236 3274 
1926 4295 12 
3782 2087 3155 
4781 821 1243 
4492 4196 422 
3913 1576 3965 
4819 3340 339 
2646 2638 1762 
622 1903 1679 
1622 1839 3017 
4553 1280 4782 
2333 3538 1010 
2940 4135 132 
70 4758 4224 
1300 4505 146 
896 1271 193 
151 3367 121 
1327 1657 1582 
266 2644 114 
1072 1447 4636 
2223 4679 2545 
3996 1005 2625 
2152 3598 997 
3714 4177 1628 
1408 1696 1957 
2002 2818 3896 
387 4316 746 
2658 1394 4519 
469 3006 3989 
1483 2239 719 
449 3945 2805 
3219 1688 1004 
3937 1565 1690 
69 2795 212 
2762 1624 3549 
318 2143 510 
1791 1840 208 
1029 1195 265 
542 703 3358 
630 701 3499 
4095 4455 935 
895 2668 2030 
2576 823 1606 
2385 3806 350 
1206 2689 3172 
4771 3213 99 
4829 4820 4546 
4652 1252 2484 
4621 963 3560 
866 4152 601 
3782 1528 666 
234 2528 2317 
1006 3244 1612 
2052 2260 2283 
1933 1813 4839 
1012 809 356 
2068 2664 578 
2688 252 1782 
3777 1230 4132 
1230 3119 4132 
1169 3883 3861 
2665 2857 3068 
1437 2580 1736 
3658 3750 1924 
643 2374 3055 
2973 3012 2975 
3008 3600 3605 
431 4425 4262 
4258 4023 4537 
618 2928 1574 
3333 3299 547 
1910 150 1916 
1332 1870 1985 
1058 1702 2839 
4150 2103 506 
1649 3060 276 
603 1541 276 
3540 3668 4806 
2465 1609 4725 
1923 2481 2057 
2793 3298 1142 
685 1362 260 
1754 3434 1827 
1068 1892 2393 
3125 4177 3607 
1902 363 4056 
225 180 1050 
120 180 2093 
4013 329 3031 
1951 3209 167 
217 1282 163 
3084 564 3128 
2827 3098 2850 
2633 3303 4630 
501 1726 674 
1522 835 4618 
3854 440 3233 
1197 1158 4806 
603 287 4195 
949 3812 3704 
3883 1749 3861 
96 969 2967 
882 4794 872 
3523 331 3849 
4229 298 422 
3728 1024 1760 
1257 1552 1032 
994 4345 2166 
44 2969 1860 
4295 250 12 
3808 1759 460 
1428 336 3632 
3955 4569 4635 
1678 1576 1390 
3850 308 877 
1375 873 3249 
1173 1863 1996 
4327 4210 2210 
199 4240 4450 
91 3288 4610 
648 2201 900 
1014 4813 1646 
1370 1406 2147 
524 1042 3035 
1511 156 30 
3495 2037 78 
2364 3658 462 
550 3413 2901 
4012 4115 4837 
1680 1626 3161 
3182 4422 4577 
2145 1379 4571 
1926 108 2408 
4394 2553 3039 
434 959 4480 
1278 2828 1798 
2521 1252 3548 
3890 589 205 
3948 3028 4662 
4616 3300 4103 
329 4013 40 
1273 1453 2511 
4508 1866 1264 
1518 1893 3697 
4452 4202 2134 
2856 2097 268 
1660 227 71 
439 3854 3233 
292 2077 1997 
2143 318 2060 
396 795 4577 
94 4408 1540 
3845 2339 2744 
1284 4853 3931 
2461 1690 4130 
1168 681 4716 
295 1897 3917 
1640 1954 302 
595 179 2032 
4840 216 657 
4777 4278 4169 
3038 3164 2371 
3981 1699 1638 
776 1608 495 
172 2795 3868 
2171 2313 2882 
3290 3177 1735 
1155 2361 450 
2943 912 496 
2785 2887 977 
313 1475 4828 
4632 50 935 
15 11 1232 
2201 648 2680 
1759 3808 2545 
882 4072 4755 
48 1875 4762 
985 4215 2653 
4506 417 416 
4504 929 2592 
372 1409 2287 
3722 341 2464 
1012 2578 357 
868 2069 347 
3275 3051 3116 
1424 1786 3488 
1854 921 2055 
1820 82 4726 
3236 2953 4855 
1007 2574 991 
3902 3239 1035 
1563 76 121 
3397 3635 534 
3628 4442 2466 
890 3776 441 
3060 3287 3970 
2509 1901 621 
4743 1850 2781 
3288 2307 4610 
82 1682 4726 
2703 4130 1565 
2585 2518 1449 
1861 1755 344 
609 4686 4825 
2345 1934 2244 
3874 3973 453 
1345 1283 560 
1357 2565 193 
58 4790 3507 
4136 2886 1296 
4860 4714 1571 
2692 3656 2256 
2204 1437 1736 
3972 1317 2881 
2858 706 175 
4597 224 4445 
4853 13 3931 
1069 2719 1591 
654 1873 2724 
3457 3029 468 
963 743 3560 
31 1351 3049 
2107 2081 2987 
1918 1969 1368 
4070 1289 2834 
1318 521 3649 
2249 3993 4502 
926 2644 1296 
1886 543 2624 
4713 233 1093 
4838 861 1112 
1888 186 4690 
178 4184 291 
4694 4254 3848 
4567 3556 88 
2037 1180 3087 
3232 4275 1826 
301 2354 2042 
1720 176 382 
1573 3944 1694 
2902 590 3179 
3438 1314 1823 
1511 3 1356 
3490 547 3002 
1704 2852 2008 
3008 4801 1038 
3603 7 2881 
3375 579 710 
888 3899 4204 
3593 3588 2060 
329 937 4463 
153 136 4122 
2040 140 4563 
1528 213 119 
3205 727 2566 
3422 1781 1241 
4258 2249 4502 
1993 3334 3417 
3379 20 90 
544 1886 2624 
2770 4771 99 
4721 2922 4782 
2186 796 3789 
639 1704 2008 
535 3401 3138 
1201 2940 132 
2181 1988 1229 
881 3362 4374 
2146 3063 803 
2555 4316 4315 
1002 3048 2108 
2965 1183 2038 
759 647 2592 
3945 1644 2805 
3190 3030 650 
4751 1792 1733 
2461 1053 1355 
2179 4739 374 
1045 1702 2582 
695 3234 562 
3100 586 3374 
275 1136 694 
2115 301 2042 
4109 1902 4056 
1821 903 4513 
2801 1441 2718 
1871 1858 562 
196 4602 2047 
1799 3181 2463 
2720 896 779 
3036 239 2535 
170 1125 2666 
2309 131 4277 
639 1909 1349 
4856 1388 2958 
3004 1509 1448 
321 3469 540 
471 3246 778 
1441 1780 2916 
1158 1595 919 
3888 3520 2794 
3363 504 3619 
1943 1316 645 
3416 3643 3215 
3125 1052 1212 
4775 254 142 
780 2847 3518 
2647 1128 455 
3504 269 510 
2020 1453 958 
3898 3550 458 
3913 420 1390 
539 3328 3548 
632 2914 2824 
3350 1274 2493 
2922 4721 403 
1074 2590 2747 
3043 3722 4753 
2548 4789 2694 
241 3941 4225 
764 1508 1298 
771 1160 1167 
4019 3809 4587 
3461 2879 1957 
3990 2148 4383 
1866 4508 3543 
690 3075 4822 
1604 4453 1955 
2021 4740 54 
89 1062 139 
3041 2984 29 
4671 4104 1422 
4009 4248 910 
3902 307 22 
404 4586 3691 
1579 1355 2570 
2215 2277 1823 
3757 3331 3342 
3090 568 3269 
1622 3295 342 
3285 654 2724 
2229 4133 1803 
3857 4183 436 
2753 4377 458 
2213 3885 1261 
376 3237 916 
2260 2536 3846 
2034 780 3518 
188 263 306 
1211 1144 4243 
2336 1552 698 
3762 3481 344 
140 2040 3206 
590 1486 3310 
3226 2831 1333 
870 4705 1685 
228 277 1405 
2625 181 975 
2541 3272 895 
3033 2355 2281 
4543 3731 360 
3566 484 4089 
2897 3754 4098 
267 2867 2053 
432 3944 4668 
2179 145 373 
2692 3396 1330 
4588 1730 1118 
526 1701 826 
3708 1350 3597 
1888 173 3897 
2033 2101 1753 
4832 2726 4216 
1165 1184 987 
5 4406 3802 
2336 1744 2315 
1274 519 3458 
2038 2353 2257 
766 3708 3597 
271 1255 262 
3602 1838 1371 
3714 3607 4177 
4494 3862 4700 
3128 4047 2882 
4784 1648 4000 
3899 4173 4204 
1194 3703 3479 
861 3946 30 
4395 292 1997 
4382 4104 2542 
1990 2585 4367 
2227 1737 4442 
1901 2509 1505 
181 3765 865 
9 2797 548 
70 1955 1154 
1135 2943 1676 
1954 2632 302 
4504 1990 4367 
3127 3169 3188 
747 649 1977 
4821 2384 1275 
239 3036 1044 
1915 1477 300 
1379 149 75 
2846 2411 448 
3862 2392 4700 
92 320 117 
1992 796 973 
4574 2181 1229 
2878 4033 3979 
2198 2434 2443 
1150 2636 2562 
3239 3902 22 
118 4227 4791 
84 2978 1495 
4671 3344 2542 
185 4627 1772 
2325 594 2367 
1144 3453 4243 
4052 2411 1525 
1282 1272 163 
345 2476 2053 
2941 3681 3097 
513 3143 2835 
3740 624 143 
4082 4702 212 
1215 2368 1281 
4368 4586 4074 
3766 2684 4847 
1255 271 1291 
4517 3091 383 
933 1891 197 
536 3317 1420 
446 1489 1978 
1749 4486 4182 
220 2 2030 
1310 3455 4306 
4565 3388 512 
2277 2215 4181 
1614 4033 1567 
185 526 826 
1122 2179 373 
1866 3543 549 
2705 2109 4561 
112 4644 1078 
239 55 2535 
3908 2897 460 
3289 3924 4513 
4183 3857 4476 
3279 3126 3378 
2719 1069 1495 
3029 467 4442 
3277 1327 3071 
1053 2461 4130 
1313 1644 1525 
3475 1587 3787 
1206 2107 2890 
1943 1471 1316 
686 1353 2014 
176 1906 382 
2455 2359 1192 
944 378 1708 
2410 429 1089 
1029 265 2659 
1763 4758 3441 
4712 4713 1093 
56 4812 4478 
4127 1423 75 
351 1626 1628 
2970 1512 2709 
4443 944 1708 
2021 2186 3789 
2516 1014 1646 
749 738 1769 
34 2155 4728 
3143 3388 1521 
2736 1306 2778 
1644 1323 1525 
4838 1112 4203 
3382 1688 552 
3192 2923 1242 
2336 1464 775 
4479 4763 1025 
4252 4478 4812 
294 11 2350 
134 33 2891 
4779 3529 264 
3246 3882 778 
3721 816 4510 
1809 2664 3255 
661 232 256 
4778 4439 4635 
2650 3316 223 
3776 890 4042 
2773 1931 645 
972 1933 4839 
1688 3382 1004 
237 616 3175 
1946 2916 2631 
475 2298 4154 
1557 629 3921 
2826 1085 857 
1689 168 3242 
4400 4501 2417 
172 181 865 
4775 1062 254 
186 3301 2088 
203 1259 1103 
2004 1135 1676 
2553 4394 577 
3397 2658 4519 
3330 4123 2869 
1265 3550 825 
4651 3822 3717 
4033 2878 3131 
4584 4487 3955 
478 3418 4524 
1093 4408 4712 
1250 4339 117 
2205 914 2188 
102 4403 3889 
4859 1123 311 
1402 1509 2513 
638 1770 920 
4406 5 2412 
3126 3262 88 
227 2662 71 
1158 3443 4117 
227 1163 4764 
150 2430 3943 
1403 2167 3769 
1946 1441 2916 
498 3703 2543 
293 1828 2898 
4394 1418 577 
4387 2948 1782 
1278 1745 2610 
1931 2773 1613 
4202 424 2134 
554 1102 3286 
4161 3352 4420 
740 933 197 
4570 3018 1575 
4453 1154 1955 
1841 4716 681 
4072 882 2625 
1875 48 2834 
301 1681 1344 
3418 3724 4524 
908 537 1898 
1046 3721 4510 
4418 1513 1944 
1128 3858 3835 
4566 1616 3117 
4421 3907 3374 
3763 959 433 
3088 1671 4839 
3171 1755 1414 
3601 3606 488 
4569 1698 4635 
4709 1163 1050 
4274 3004 1448 
1892 1068 1882 
1233 199 4450 
66 1362 4696 
3275 576 3051 
1997 2077 3645 
3177 1507 1735 
2418 1840 144 
246 4549 3179 
199 943 3200 
1745 1278 1798 
3859 3000 154 
2922 402 4782 
1486 4743 3347 
3362 881 256 
4090 2234 4335 
2075 191 226 
1071 250 259 
2022 3072 1666 
4265 795 2934 
3393 4844 2280 
4862 2349 4447 
157 954 4737 
1461 3953 310 
4184 1065 291 
929 3037 2680 
244 2817 592 
1149 3937 1690 
1626 3714 1628 
522 336 2136 
103 1652 296 
2051 2207 3570 
3436 2017 2763 
1580 4809 1204 
1345 1821 4513 
4273 3981 1638 
2318 4031 1258 
47 4145 3441 
104 68 705 
3695 3357 1246 
2806 2450 447 
3792 2786 1043 
2145 1945 95 
63 955 3676 
2176 1396 503 
3264 4432 2694 
499 3791 2405 
321 3587 2700 
579 1555 710 
470 3882 3202 
2234 4090 485 
1659 2804 1917 
2146 3553 359 
606 2017 3436 
1252 2521 538 
1471 1605 1316 
1512 1717 2709 
3357 3695 518 
420 4273 1638 
1863 4206 1936 
220 1814 1431 
408 1550 4346 
1488 332 2987 
1230 2947 455 
3024 3197 3093 
884 60 2536 
3100 3216 2853 
1372 1308 463 
171 3189 844 
813 2537 4262 
3434 3473 406 
3396 495 1330 
1891 3137 1100 
1397 349 4617 
1374 4338 466 
621 4157 1091 
2159 440 3943 
2379 3289 559 
627 2646 1762 
667 605 2631 
4345 4064 2166 
480 3767 4114 
2900 4031 4128 
4624 2260 3846 
3809 341 4587 
4422 396 4577 
843 3111 3814 
3608 3240 3698 
153 1070 133 
2041 3492 3576 
2590 1655 3404 
568 4844 3269 
1164 4594 784 
98 1065 4773 
4776 979 2097 
29 2984 1371 
1265 3744 459 
2714 3658 1924 
186 1888 3897 
336 521 3632 
3430 544 3432 
3401 1483 3138 
2052 2591 2260 
2379 720 873 
3948 608 167 
3176 566 3188 
574 3370 3093 
2059 1726 248 
168 4300 316 
3170 4108 3676 
28 2692 1330 
2848 2753 458 
1366 4643 3670 
4064 376 2166 
1453 1273 735 
1756 4859 311 
3106 331 3402 
4145 4107 3441 
3603 1317 4175 
523 1042 3326 
1744 2336 698 
3798 202 2709 
1294 1548 1674 
2040 2278 3206 
308 3850 262 
315 2133 128 
164 61 4816 
242 2258 4581 
4488 3395 3174 
1566 618 1574 
1699 1876 1638 
394 4633 2158 
2588 2569 1277 
3497 3332 512 
3851 3973 3824 
2385 3928 4617 
3010 2019 705 
1341 427 765 
2525 1725 1650 
2288 2123 665 
152 2001 2546 
2640 3164 1387 
1814 4653 1431 
25 4840 657 
4429 1463 4615 
1338 2544 3414 
1512 2970 4175 
4107 4497 3441 
1201 57 4759 
1437 1857 770 
1420 2131 1898 
1701 3642 826 
391 3244 4401 
1180 361 3087 
478 3425 2875 
2924 2279 2817 
4073 4115 452 
516 1015 3467 
4020 1058 3062 
637 1659 2742 
480 771 3612 
4192 885 2682 
2361 1155 1651 
4190 312 1677 
942 2265 2412 
4471 9 548 
77 151 4814 
613 2953 1851 
2004 1514 2270 
1168 899 681 
1838 3602 4818 
4294 428 765 
706 333 175 
1966 2126 2259 
1259 74 122 
55 239 159 
4550 4710 3222 
1548 1294 992 
1161 4267 4445 
1484 1639 2917 
1150 2667 2636 
10 106 1585 
1615 945 2141 
2530 2038 2257 
543 3297 974 
2941 4516 3572 
1306 625 2778 
929 759 2592 
3910 1825 1172 
4254 4694 4696 
1855 2460 4003 
2091 1802 1518 
646 2518 1405 
1960 3643 3015 
731 303 3377 
3075 1102 4822 
2287 1409 750 
1755 1861 1414 
331 3106 3849 
656 4568 2453 
41 77 4814 
4425 813 4262 
4408 1093 1540 
104 4479 1025 
1211 207 209 
3213 2081 99 
3403 1318 3649 
201 4511 1883 
1785 597 1400 
1070 153 4122 
945 1615 2162 
4842 307 2088 
1068 4763 1882 
1595 1158 4117 
4455 4095 137 
195 164 4816 
885 4192 23 
3462 4675 383 
1724 626 238 
3796 4579 4336 
2776 832 4069 
2298 3555 4154 
1745 1765 2610 
486 725 4335 
305 4125 3080 
1862 2196 3207 
2638 1664 1762 
3239 26 1035 
3538 2333 3914 
3740 2736 2778 
3006 1263 3989 
1108 389 3105 
667 4618 2303 
628 4192 2682 
1637 4405 694 
4432 1747 2694 
4634 851 388 
303 731 4 
4371 465 1492 
747 2650 223 
661 957 2989 
2583 2540 2616 
492 972 3224 
809 1012 357 
2951 810 205 
3555 476 4154 
2580 1437 770 
2693 1116 642 
3604 4258 4537 
571 2793 1142 
685 37 2055 
454 3851 3824 
3681 4595 3097 
2548 3937 1386 
1304 178 291 
3449 2144 3128 
545 3430 3432 
191 2075 1462 
1433 2184 98 
4644 42 1078 
445 3829 4298 
461 1403 3769 
3840 812 472 
2205 2390 582 
1542 1952 4299 
4797 600 2219 
2856 268 2210 
16 170 2666 
3395 1510 3174 
906 73 4398 
1813 846 2639 
2747 2590 3404 
38 1563 218 
689 1946 2631 
1194 3479 2405 
1169 418 1473 
3637 3936 481 
2231 2286 772 
3407 515 1607 
11 294 1232 
4418 4469 1585 
4384 1442 681 
3352 4161 427 
690 3219 4179 
1802 4702 1518 
1336 4749 2417 
2373 131 235 
3646 3284 527 
2349 24 4447 
1283 3047 560 
729 2653 1139 
3043 1622 342 
2879 2926 1957 
2133 270 128 
3317 841 1420 
999 828 532 
110 4658 1685 
1066 1127 4845 
1511 3946 2149 
4382 2140 210 
1165 954 3139 
2715 4008 182 
280 2528 234 
4219 4673 4466 
2831 216 1333 
912 2774 496 
3953 1988 310 
1560 3290 1735 
2833 1349 1740 
1317 1512 4175 
41 2565 1357 
4702 4082 1518 
3236 1517 612 
2087 3782 3917 
444 3538 3914 
3598 2152 133 
4574 2966 255 
749 4860 1571 
759 929 2680 
3048 580 2108 
4809 1580 3732 
215 148 1291 
1441 1946 2718 
269 3504 3810 
1592 4785 3984 
1336 1193 59 
6 896 193 
1284 4796 159 
1388 56 2958 
1467 622 1679 
3143 1738 2835 
4800 821 395 
542 3259 968 
1351 1436 4159 
168 1689 4300 
3151 3504 510 
2786 3792 507 
1747 4432 1328 
1609 4865 4725 
3829 1489 4298 
667 606 2609 
1818 2389 358 
2287 1122 373 
2879 3461 525 
1897 295 4136 
4786 4740 4728 
1266 281 174 
589 2951 205 
3301 187 2088 
4586 4368 3691 
748 3330 2869 
535 3138 3648 
2407 1846 1335 
2069 868 4589 
928 1587 3819 
882 3996 2625 
1380 2229 1803 
4673 1435 4162 
4413 162 19 
1443 81 1335 
228 2587 2729 
1497 1566 1574 
2123 2288 3417 
3754 2897 3651 
1013 4598 1612 
1748 2297 4 
80 191 1462 
716 3642 200 
4796 4603 159 
1454 1041 2468 
149 1379 95 
1511 125 156 
2530 3545 493 
4413 1630 4803 
2167 2364 3769 
4291 3775 4170 
1648 823 2046 
3359 4645 2673 
2632 3879 302 
299 468 2982 
3318 2797 1264 
1163 4709 4764 
257 251 3049 
3435 1939 2042 
3169 3127 565 
2065 1640 302 
4849 1895 49 
319 201 1883 
3480 4348 1758 
4810 240 1209 
411 1570 1995 
4765 4227 2162 
4227 118 2162 
1351 31 1436 
3453 1144 278 
831 366 4491 
4517 3480 1758 
823 2576 1890 
702 1947 1925 
2030 2541 895 
2001 2307 2546 
3438 328 3322 
4148 695 561 
1244 4710 4811 
2897 3908 3651 
399 2544 4706 
1374 4364 1645 
1821 1345 560 
2398 1134 4812 
4501 4400 1675 
1509 1402 112 
921 1854 3265 
2774 912 940 
42 2224 1078 
1906 176 2789 
4426 3508 4069 
3490 4471 548 
192 160 1889 
1161 1869 4780 
352 4177 1212 
1749 2110 3861 
370 4151 4112 
3388 4565 1521 
614 1920 1242 
4014 701 4147 
232 3362 256 
2207 2051 205 
1413 4838 4834 
1052 3932 1212 
2411 2846 330 
2827 2606 3096 
4651 2334 346 
1062 89 2039 
3067 738 2761 
4125 305 3886 
384 748 2869 
3298 2793 570 
3822 2479 3717 
555 3294 2281 
118 1562 2162 
4364 467 1645 
390 1013 1612 
1655 1791 64 
1869 102 3889 
4047 2878 3979 
3375 1299 2937 
259 4512 158 
2898 4440 1187 
1136 188 306 
3028 3948 167 
2524 423 4436 
1954 1640 4545 
4634 1108 3105 
2919 878 3986 
355 4570 1575 
4453 1604 1044 
2952 1681 2810 
1513 4418 1585 
656 996 3444 
2406 2207 2025 
3012 4195 2975 
3606 3601 2894 
598 2799 286 
2848 1185 3247 
1791 2547 64 
1592 288 18 
222 1202 1932 
1765 464 2610 
3852 305 3080 
2689 1206 2976 
115 1220 919 
201 319 226 
581 3072 2788 
859 979 883 
24 2349 2327 
2797 9 1264 
9 4471 2435 
415 3364 4525 
4820 4829 4518 
2387 581 2788 
4582 876 4001 
4830 1570 410 
4830 4023 4502 
798 4801 4299 
1729 4801 3605 
4833 4547 4092 
4542 4833 4092 
4824 4392 4807 
4824 4474 827 
1246 3527 2311 
4218 4832 4216 
2109 4536 4831 
4536 3063 4831 
4757 4118 4835 
4835 3186 3009 
4613 1406 4620 
1406 4613 4836 
4220 4760 2076 
4078 4760 4665 
3501 2058 1466 
2064 3501 1466 
4841 4829 2157 
2061 4841 2157 
3995 3625 4805 
3625 1618 4805 
1893 1518 4082 
2015 1535 124 
4799 242 1448 
4120 4827 3815 
2726 3153 4216 
2401 1279 2300 
4449 4397 683 
4255 280 4808 
2380 4808 4715 
4656 4582 3577 
3565 2182 4687 
2555 4850 388 
4850 4634 388 
4683 1556 3894 
4619 4325 4302 
4377 3898 458 
4848 3395 4424 
4790 1346 2116 
1346 4501 1675 
2953 1920 1851 
1392 2533 983 
4566 2642 4485 
4848 1439 4747 
4073 4083 4837 
2189 4012 4837 
4328 3887 3712 
2346 4701 2983 
4767 4858 4474 
4206 4857 801 
4174 4857 4852 
4857 1392 4349 
4561 4261 4851 
4643 745 4851 
4858 4767 4201 
1131 1546 1865 
4174 762 4750 
762 4174 4852 
162 2712 19 
3937 1149 1386 
545 2960 113 
2943 496 1676 
207 1211 4243 
4449 4351 1974 
2664 732 578 
1636 502 296 
1933 972 2486 
2159 1113 4057 
3553 2146 803 
3266 1342 1942 
1503 1853 368 
1756 2645 1100 
654 3285 2589 
343 1454 4614 
4673 392 4466 
4395 1321 354 
301 2115 2810 
4131 101 2604 
2751 2962 1594 
3041 923 4791 
204 4828 4724 
1552 1257 698 
2324 846 491 
151 76 4814 
101 4131 2111 
2258 93 1037 
695 4148 1921 
125 1511 1356 
195 320 3050 
2447 1057 1218 
605 689 2631 
4386 933 2096 
1182 2962 611 
3197 3024 573 
180 52 1050 
40 2887 4010 
2239 1483 1719 
2963 615 2883 
2324 490 3011 
3523 497 3095 
1781 3701 675 
4273 4489 4051 
3047 1283 4207 
3483 2505 517 
456 3777 4132 
1062 4775 139 
1453 2020 2511 
4605 363 2003 
3722 3878 4753 
3823 1225 2250 
1247 2115 2042 
229 843 3814 
1742 628 2682 
2387 914 673 
3056 3376 3101 
4633 4649 2158 
1514 2004 1676 
1385 4844 3405 
607 3436 2763 
2279 2945 592 
3352 4178 4420 
224 1161 4445 
824 1129 4623 
3220 2438 4046 
1802 3281 3640 
4819 130 1777 
3929 1811 2783 
400 869 4607 
82 1820 4102 
4830 4576 4023 
3308 502 967 
305 3852 2371 
635 2447 1218 
4850 2555 4315 
1443 3431 3648 
633 4303 2641 
2436 432 4139 
3182 1219 397 
3232 2069 4589 
32 1892 1882 
3910 3323 3938 
726 3123 3223 
178 1304 4493 
2266 476 910 
3216 587 2853 
3745 3629 3412 
37 1854 2055 
4594 1164 1962 
1272 155 163 
1958 98 4773 
3365 3273 3558 
2392 3112 4700 
69 4702 3640 
336 1428 2136 
2351 24 2327 
4483 3277 1697 
4167 423 4093 
3303 2819 4630 
2713 3608 3916 
2719 4423 1591 
1788 3643 2499 
728 949 3997 
2364 791 3769 
4096 444 3895 
4091 831 4365 
730 2875 3425 
3289 2379 873 
3052 634 2641 
2355 3033 2619 
3860 4344 3705 
437 4476 4333 
454 3858 2647 
812 3840 3751 
1193 3423 59 
4801 798 1038 
4095 4511 137 
2107 332 2890 
1510 2539 3174 
3443 1158 1197 
1355 1053 2570 
4405 1637 1643 
297 3114 3926 
3481 3762 1687 
3181 1799 1398 
431 4342 4484 
3949 3426 4168 
4844 3393 2889 
945 3529 2141 
4258 1550 2249 
3965 1576 4170 
4385 415 3276 
4815 15 1232 
428 1341 765 
3752 898 3901 
4789 2548 1386 
557 3334 3315 
2544 398 3414 
519 1274 2757 
2140 4382 2542 
4758 47 3441 
2061 1015 671 
443 4096 3895 
3283 3910 1172 
3762 4468 1687 
1629 378 4437 
627 1415 23 
270 297 3926 
1580 1155 3732 
4104 4671 2542 
3321 3587 539 
652 4190 1677 
608 1951 167 
2407 316 4300 
4616 889 3541 
2984 3602 1371 
266 1266 174 
899 4384 681 
1065 4184 4773 
164 195 3050 
2692 28 1364 
3879 899 302 
3495 78 360 
1904 96 2967 
4359 369 1853 
1423 4127 1674 
0 4710 135 
3709 70 1154 
3730 2870 1492 
1656 2734 3319 
4256 1800 386 
1372 2714 1924 
1615 4765 2162 
1560 2562 2636 
4863 26 87 
76 1563 4826 
1183 2965 3224 
1323 2687 1525 
3808 3855 2545 
2131 908 1898 
398 4215 3414 
192 1029 2659 
4658 2295 1685 
20 2278 90 
2867 267 2608 
2213 2250 1225 
4645 3359 530 
1467 2823 623 
404 3796 4336 
1869 3889 4780 
3189 3208 1251 
452 3727 4073 
2477 2630 3157 
1205 290 2928 
257 2309 4277 
1902 364 1262 
140 35 4563 
3421 500 248 
2613 1116 3055 
2685 2335 4741 
4472 4754 3697 
2770 660 2891 
416 4385 3276 
3340 4819 1777 
1170 1670 1248 
1176 3523 3095 
4535 4297 4647 
979 859 236 
104 1592 3984 
4796 1284 3931 
183 2271 1292 
50 4632 109 
3379 1870 1275 
78 2037 3087 
2858 1184 3139 
2208 83 142 
4675 3462 2789 
2231 528 4722 
1170 1734 2348 
2565 6 193 
2277 4181 556 
4295 1926 2408 
33 134 2350 
160 192 2659 
2978 84 819 
2307 2001 4610 
979 4776 883 
3112 4125 4700 
421 3965 4170 
626 1724 2638 
1573 2872 4668 
2940 1201 4759 
3037 2201 2680 
4316 2555 746 
605 667 2609 
263 1195 306 
1413 177 4409 
3145 1855 4003 
4785 1592 18 
7 1630 2881 
3316 2650 1500 
2335 4688 4741 
237 1627 2432 
2689 1134 3172 
1402 4644 112 
2857 1138 3068 
1305 1557 3921 
363 1902 1262 
37 685 260 
4516 348 3572 
3273 3365 552 
155 1272 122 
4739 862 374 
2591 884 2536 
364 4008 679 
2679 563 3131 
1429 1528 119 
391 4219 4466 
3146 2679 3131 
2871 1477 1915 
1770 2864 920 
2598 1783 1977 
1274 3350 2757 
4350 18 2047 
1669 2440 3022 
1219 3182 4577 
417 4641 1473 
670 2134 2524 
3974 1660 71 
4862 13 1597 
4469 10 1585 
1507 3177 4647 
1099 2785 977 
1475 4580 4828 
44 233 85 
4794 79 278 
1875 2098 4762 
4215 985 3414 
742 1122 750 
2295 4658 173 
1855 3145 4568 
4150 1975 505 
1426 3464 343 
4714 157 1571 
1939 333 1303 
3621 1285 231 
189 1892 32 
2907 2340 1991 
3775 421 4170 
1134 165 4812 
1362 66 260 
2886 926 1296 
4275 348 1826 
810 2207 205 
1630 7 4803 
202 3798 2183 
1781 3025 1241 
107 51 4374 
2965 492 3224 
148 215 1643 
563 1858 1567 
1548 1423 1674 
2689 2976 274 
2176 3308 967 
1811 3929 3030 
3370 3024 3093 
3888 3601 488 
4378 654 2589 
3858 1128 2647 
536 1689 3242 
2914 631 2824 
531 2465 4725 
3332 3497 2777 
4249 2436 4139 
2926 1408 1957 
2207 810 2025 
4403 1838 4818 
1220 115 210 
307 4842 22 
4368 405 3691 
2029 4841 671 
4423 2429 852 
81 2407 1335 
928 504 3787 
3331 3757 518 
3173 258 4825 
4133 2138 1803 
3823 2939 494 
392 4673 4162 
400 4527 4225 
377 4345 4437 
271 215 1291 
1032 777 1257 
2278 20 3206 
4849 2152 997 
120 184 39 
3310 1486 3347 
1975 4150 506 
1 1132 2747 
2518 228 1405 
2 105 2030 
3946 861 4409 
3944 1573 4668 
1429 80 1462 
525 716 200 
3775 4291 4492 
2620 529 2673 
299 686 2014 
2509 1903 1505 
2651 529 772 
3284 3646 2294 
1813 1933 491 
1423 14 75 
4348 384 1758 
4710 4550 135 
2966 4588 255 
3755 1150 2562 
2034 499 2405 
831 4091 3933 
651 3790 2323 
3091 4517 1758 
4120 457 1890 
531 702 1925 
4603 55 159 
2091 1844 1286 
2976 1206 2890 
3643 1960 2499 
18 288 2047 
1605 1471 1449 
1197 50 109 
246 3890 4549 
2238 136 94 
4403 102 1036 
2110 1749 4182 
4740 4786 54 
4710 0 4811 
2924 2817 2781 
660 134 2891 
4840 25 4719 
3044 3316 1500 
2540 3543 2616 
3932 1052 353 
1742 1305 3921 
3878 3722 2464 
2931 1149 1690 
74 155 122 
4125 3112 3080 
2819 507 4630 
3744 1265 825 
233 4713 85 
1013 389 4221 
2200 2614 3346 
2219 599 2767 
196 2224 4720 
2098 4210 4762 
2864 1770 637 
4064 4345 377 
293 2898 1187 
1136 275 188 
3331 3695 1246 
4140 1244 4811 
3297 1561 974 
1730 1828 1118 
816 380 4510 
1508 996 1298 
599 286 2767 
57 4440 4759 
4694 66 4696 
1289 4070 1932 
1349 2833 147 
3890 246 589 
3852 3038 2371 
1447 2022 1666 
4588 2966 4473 
2351 2720 779 
157 4737 1571 
1343 1461 310 
162 4413 4803 
2817 244 2781 
1652 1636 296 
2817 2279 592 
1102 3075 3286 
4162 1435 393 
3981 4273 4051 
903 3042 4513 
1321 4395 1997 
4303 3052 2641 
3170 955 3007 
2437 909 358 
3469 321 2700 
183 3117 1530 
649 747 223 
4177 352 1628 
180 120 97 
2923 2963 2883 
2477 2826 857 
2503 1339 3217 
3409 3629 3162 
583 3059 3408 
3018 4570 354 
3328 2521 3548 
1814 220 2030 
1550 4258 4346 
254 2208 142 
2020 60 2511 
914 2387 2188 
3208 3189 171 
3376 3056 2849 
1273 2949 735 
1968 3287 602 
4338 1374 1645 
2888 4157 620 
1113 2159 3943 
1205 617 2142 
3074 572 3113 
3111 843 484 
3492 2041 1478 
1164 361 1962 
1692 1657 407 
3869 101 2111 
2938 1428 3632 
2322 828 1001 
3543 2540 549 
720 3178 873 
955 482 3007 
791 2364 462 
434 2503 3217 
3426 3949 426 
3294 3033 2281 
284 3192 1242 
79 3453 278 
2662 227 4764 
1294 1125 992 
1255 308 262 
297 270 2133 
61 4705 4816 
13 4853 1597 
3059 3439 3408 
3600 93 3605 
1510 3395 1387 
165 1134 274 
4649 4633 393 
4055 471 3751 
279 511 2777 
77 41 1357 
1041 3295 2468 
3288 91 3346 
3164 3038 1387 
216 2831 657 
3334 726 3315 
723 4550 3222 
1416 593 2367 
4339 92 117 
4497 4107 1398 
3635 1857 534 
3642 1701 200 
4115 4073 4837 
1015 516 2191 
1947 702 530 
2265 942 2247 
3209 1951 2571 
281 3265 253 
899 3879 3837 
4294 2391 1089 
1282 217 4821 
3658 2714 462 
3891 1639 620 
370 3339 2594 
4516 2941 3097 
4432 777 1328 
4568 3145 2453 
2110 418 3861 
1844 2091 1518 
277 228 2729 
4579 3796 403 
2614 2200 3031 
923 118 4791 
3075 690 4179 
3464 1426 1414 
1247 1939 1303 
2238 94 1540 
4763 1068 1025 
207 4534 209 
1285 2748 973 
4297 1507 4647 
3443 1197 109 
1657 1692 406 
1415 885 23 
3462 1906 2789 
2828 463 1798 
26 4863 1035 
851 4634 3105 
4865 1609 532 
909 2437 357 
2870 3730 464 
522 1342 3266 
1074 2685 4741 
550 2583 2616 
632 1138 2857 
89 1945 2039 
1259 203 27 
2373 44 85 
490 2758 3574 
3287 1968 601 
3840 4055 3751 
2390 2205 2188 
2758 489 3574 
16 2978 819 
1196 152 2546 
1016 906 4398 
1655 2743 3404 
3974 38 218 
3791 1194 2405 
4641 1169 1473 
2669 4418 1944 
106 10 4545 
221 108 1889 
1379 2145 95 
690 4822 553 
4022 3284 2294 
3259 1561 968 
896 2720 1271 
4148 2362 4207 
729 1139 397 
1493 3850 877 
1517 3236 4855 
1888 2295 173 
4860 749 1769 
4008 2715 679 
224 4597 231 
2340 2600 3118 
498 3106 3402 
1070 3598 133 
3290 1560 2636 
4756 3946 4409 
4007 430 2410 
1528 3782 3155 
136 2238 4122 
34 1461 1343 
96 1904 1309 
2505 3483 1246 
4749 1336 59 
2833 640 147 
2823 1467 1679 
3749 3619 503 
1561 3297 968 
1846 2407 4300 
3497 279 2777 
4248 4009 477 
1988 3953 1229 
1897 2087 3917 
187 4842 2088 
856 3407 1607 
555 3438 3322 
1587 928 3787 
569 3090 3269 
79 4794 4755 
1493 315 128 
1904 4451 1309 
3498 2123 3417 
3295 1041 342 
1945 2145 2039 
594 1416 2367 
2479 3822 347 
4645 2620 2673 
686 299 2982 
2286 2651 772 
52 4709 1050 
240 4810 4493 
251 31 3049 
899 2065 302 
1895 4849 997 
2846 864 330 
1215 141 1209 
58 1336 2417 
3339 371 2594 
3301 186 3897 
1579 2429 4446 
83 2208 4159 
2362 3047 4207 
4702 69 212 
366 831 3933 
2576 4120 1890 
2541 105 273 
3234 695 1921 
467 4364 4442 
4400 4580 1675 
2224 42 4720 
1681 2952 2096 
439 4426 4069 
4471 3490 3002 
4112 4151 4745 
660 2770 99 
232 661 2989 
2012 864 447 
3098 2827 635 
4501 58 2417 
2334 4651 3717 
1309 4451 2761 
107 203 1103 
80 1429 119 
4797 2219 2767 
1640 106 4545 
2993 3104 596 
4597 3621 231 
4274 242 4581 
996 1508 3444 
489 3606 2894 
286 2799 2767 
411 3256 412 
4362 1840 1073 
4479 104 3984 
1202 222 3848 
2684 3766 2323 
859 4512 236 
4858 1131 4736 
4474 4858 4736 
3032 2961 4864 
2961 2711 4864 
        </DataArray>
        <DataArray type="Int32" Name="offsets" format="ascii">
3
6
9
12
15
18
21
24
27
30
33
36
39
42
45
48
51
54
57
60
63
66
69
72
75
78
81
84
87
90
93
96
99
102
105
108
111
114
117
120
123
126
129
132
135
138
141
144
147
150
153
156
159
162
165
168
171
174
177
180
183
186
189
192
195
198
201
204
207
210
213
216
219
222
225
228
231
234
237
240
243
246
249
252
255
258
261
264
267
270
273
276
279
282
285
288
291
294
297
300
303
306
309
312
315
318
321
324
327
330
333
336
339
342
345
348
351
354
357
360
363
366
369
372
375
378
381
384
387
390
393
396
399
402
405
408
411
414
417
420
423
426
429
432
435
438
441
444
447
450
453
456
459
462
465
468
471
474
477
480
483
486
489
492
495
498
501
504
507
510
513
516
519
522
525
528
531
534
537
540
543
546
549
552
555
558
561
564
567
570
573
576
579
582
585
588
591
594
597
600
603
606
609
612
615
618
621
624
627
630
633
636
639
642
645
648
651
654
657
660
663
666
669
672
675
678
681
684
687
690
693
696
699
702
705
708
711
714
717
720
723
726
729
732
735
738
741
744
747
750
753
756
759
762
765
768
771
774
777
780
783
786
789
792
795
798
801
804
807
810
813
816
819
822
825
828
831
834
837
840
843
846
849
852
855
858
861
864
867
870
873
876
879
882
885
888
891
894
897
900
903
906
909
912
915
918
921
924
927
930
933
936
939
942
945
948
951
954
957
960
963
966
969
972
975
978
981
984
987
990
993
996
999
1002
1005
1008
1011
1014
1017
1020
1023
1026
1029
1032
1035
1038
1041
1044
1047
1050
1053
1056
1059
1062
1065
1068
1071
1074
1077
1080
1083
1086
1089
1092
1095
1098
1101
1104
1107
1110
1113
1116
1119
1122
1125
1128
1131
1134
1137
1140
1143
1146
1149
1152
1155
1158
1161
1164
1167
1170
1173
1176
1179
1182
1185
1188
1191
1194
1197
1200
1203
1206
1209
1212
1215
1218
1221
1224
1227
1230
1233
1236
1239
1242
1245
1248
1251
1254
1257
1260
1263
1266
1269
1272
1275
1278
1281
1284
1287
1290
1293
1296
1299
1302
1305
1308
1311
1314
1317
1320
1323
1326
1329
1332
1335
1338
1341
1344
1347
1350
1353
1356
1359
1362
1365
1368
1371
1374
1377
1380
1383
1386
1389
1392
1395
1398
1401
1404
1407
1410
1413
1416
1419
1422
1425
1428
1431
1434
1437
1440
1443
1446
1449
1452
1455
1458
1461
1464
1467
1470
1473
1476
1479
1482
1485
1488
1491
1494
1497
1500
1503
1506
1509
1512
1515
1518
1521
1524
1527
1530
1533
1536
1539
1542
1545
1548
1551
1554
1557
1560
1563
1566
1569
1572
1575
1578
1581
1584
1587
1590
1593
1596
1599
1602
1605
1608
1611
1614
1617
1620
1623
1626
1629
1632
1635
1638
1641
1644
1647
1650
1653
1656
1659
1662
1665
1668
1671
1674
1677
1680
1683
1686
1689
1692
1695
1698
1701
1704
1707
1710
1713
1716
1719
1722
1725
1728
1731
1734
1737
1740
1743
1746
1749
1752
1755
1758
1761
1764
1767
1770
1773
1776
1779
1782
1785
1788
1791
1794
1797
1800
1803
1806
1809
1812
1815
1818
1821
1824
1827
1830
1833
1836
1839
1842
1845
1848
1851
1854
1857
1860
1863
1866
1869
1872
1875
1878
1881
1884
1887
1890
1893
1896
1899
1902
1905
1908
1911
1914
1917
1920
1923
1926
1929
1932
1935
1938
1941
1944
1947
1950
1953
1956
1959
1962
1965
1968
1971
1974
1977
1980
1983
1986
1989
1992
1995
1998
2001
2004
2007
2010
2013
2016
2019
2022
2025
2028
2031
2034
2037
2040
2043
2046
2049
2052
2055
2058
2061
2064
2067
2070
2073
2076
2079
2082
2085
2088
2091
2094
2097
2100
2103
2106
2109
2112
2115
2118
2121
2124
2127
2130
2133
2136
2139
2142
2145
2148
2151
2154
2157
2160
2163
2166
2169
2172
2175
2178
2181
2184
2187
2190
2193
2196
2199
2202
2205
2208
2211
2214
2217
2220
2223
2226
2229
2232
2235
2238
2241
2244
2247
2250
2253
2256
2259
2262
2265
2268
2271
2274
2277
2280
2283
2286
2289
2292
2295
2298
2301
2304
2307
2310
2313
2316
2319
2322
2325
2328
2331
2334
2337
2340
2343
2346
2349
2352
2355
2358
2361
2364
2367
2370
2373
2376
2379
2382
2385
2388
2391
2394
2397
2400
2403
2406
2409
2412
2415
2418
2421
2424
2427
2430
2433
2436
2439
2442
2445
2448
2451
2454
2457
2460
2463
2466
2469
2472
2475
2478
2481
2484
2487
2490
2493
2496
2499
2502
2505
2508
2511
2514
2517
2520
2523
2526
2529
2532
2535
2538
2541
2544
2547
2550
2553
2556
2559
2562
2565
2568
2571
2574
2577
2580
2583
2586
2589
2592
2595
2598
2601
2604
2607
2610
2613
2616
2619
2622
2625
2628
2631
2634
2637
2640
2643
2646
2649
2652
2655
2658
2661
2664
2667
2670
2673
2676
2679
2682
2685
2688
2691
2694
2697
2700
2703
2706
2709
2712
2715
2718
2721
2724
2727
2730
2733
2736
2739
2742
2745
2748
2751
2754
2757
2760
2763
2766
2769
2772
2775
2778
2781
2784
2787
2790
2793
2796
2799
2802
2805
2808
2811
2814
2817
2820
2823
2826
2829
2832
2835
2838
2841
2844
2847
2850
2853
2856
2859
2862
2865
2868
2871
2874
2877
2880
2883
2886
2889
2892
2895
2898
2901
2904
2907
2910
2913
2916
2919
2922
2925
2928
2931
2934
2937
2940
2943
2946
2949
2952
2955
2958
2961
2964
2967
2970
2973
2976
2979
2982
2985
2988
2991
2994
2997
3000
3003
3006
3009
3012
3015
3018
3021
3024
3027
3030
3033
3036
3039
3042
3045
3048
3051
3054
3057
3060
3063
3066
3069
3072
3075
3078
3081
3084
3087
3090
3093
3096
3099
3102
3105
3108
3111
3114
3117
3120
3123
3126
3129
3132
3135
3138
3141
3144
3147
3150
3153
3156
3159
3162
3165
3168
3171
3174
3177
3180
3183
3186
3189
3192
3195
3198
3201
3204
3207
3210
3213
3216
3219
3222
3225
3228
3231
3234
3237
3240
3243
3246
3249
3252
3255
3258
3261
3264
3267
3270
3273
3276
3279
3282
3285
3288
3291
3294
3297
3300
3303
3306
3309
3312
3315
3318
3321
3324
3327
3330
3333
3336
3339
3342
3345
3348
3351
3354
3357
3360
3363
3366
3369
3372
3375
3378
3381
3384
3387
3390
3393
3396
3399
3402
3405
3408
3411
3414
3417
3420
3423
3426
3429
3432
3435
3438
3441
3444
3447
3450
3453
3456
3459
3462
3465
3468
3471
3474
3477
3480
3483
3486
3489
3492
3495
3498
3501
3504
3507
3510
3513
3516
3519
3522
3525
3528
3531
3534
3537
3540
3543
3546
3549
3552
3555
3558
3561
3564
3567
3570
3573
3576
3579
3582
3585
3588
3591
3594
3597
3600
3603
3606
3609
3612
3615
3618
3621
3624
3627
3630
3633
3636
3639
3642
3645
3648
3651
3654
3657
3660
3663
3666
3669
3672
3675
3678
3681
3684
3687
3690
3693
3696
3699
3702
3705
3708
3711
3714
3717
3720
3723
3726
3729
3732
3735
3738
3741
3744
3747
3750
3753
3756
3759
3762
3765
3768
3771
3774
3777
3780
3783
3786
3789
3792
3795
3798
3801
3804
3807
3810
3813
3816
3819
3822
3825
3828
3831
3834
3837
3840
3843
3846
3849
3852
3855
3858
3861
3864
3867
3870
3873
3876
3879
3882
3885
3888
3891
3894
3897
3900
3903
3906
3909
3912
3915
3918
3921
3924
3927
3930
3933
3936
3939
3942
3945
3948
3951
3954
3957
3960
3963
3966
3969
3972
3975
3978
3981
3984
3987
3990
3993
3996
3999
4002
4005
4008
4011
4014
4017
4020
4023
4026
4029
4032
4035
4038
4041
4044
4047
4050
4053
4056
4059
4062
4065
4068
4071
4074
4077
4080
4083
4086
4089
4092
4095
4098
4101
4104
4107
4110
4113
4116
4119
4122
4125
4128
4131
4134
4137
4140
4143
4146
4149
4152
4155
4158
4161
4164
4167
4170
4173
4176
4179
4182
4185
4188
4191
4194
4197
4200
4203
4206
4209
4212
4215
4218
4221
4224
4227
4230
4233
4236
4239
4242
4245
4248
4251
4254
4257
4260
4263
4266
4269
4272
4275
4278
4281
4284
4287
4290
4293
4296
4299
4302
4305
4308
4311
4314
4317
4320
4323
4326
4329
4332
4335
4338
4341
4344
4347
4350
4353
4356
4359
4362
4365
4368
4371
4374
4377
4380
4383
4386
4389
4392
4395
4398
4401
4404
4407
4410
4413
4416
4419
4422
4425
4428
4431
4434
4437
4440
4443
4446
4449
4452
4455
4458
4461
4464
4467
4470
4473
4476
4479
4482
4485
4488
4491
4494
4497
4500
4503
4506
4509
4512
4515
4518
4521
4524
4527
4530
4533
4536
4539
4542
4545
4548
4551
4554
4557
4560
4563
4566
4569
4572
4575
4578
4581
4584
4587
4590
4593
4596
4599
4602
4605
4608
4611
4614
4617
4620
4623
4626
4629
4632
4635
4638
4641
4644
4647
4650
4653
4656
4659
4662
4665
4668
4671
4674
4677
4680
4683
4686
4689
4692
4695
4698
4701
4704
4707
4710
4713
4716
4719
4722
4725
4728
4731
4734
4737
4740
4743
4746
4749
4752
4755
4758
4761
4764
4767
4770
4773
4776
4779
4782
4785
4788
4791
4794
4797
4800
4803
4806
4809
4812
4815
4818
4821
4824
4827
4830
4833
4836
4839
4842
4845
4848
4851
4854
4857
4860
4863
4866
4869
4872
4875
4878
4881
4884
4887
4890
4893
4896
4899
4902
4905
4908
4911
4914
4917
4920
4923
4926
4929
4932
4935
4938
4941
4944
4947
4950
4953
4956
4959
4962
4965
4968
4971
4974
4977
4980
4983
4986
4989
4992
4995
4998
5001
5004
5007
5010
5013
5016
5019
5022
5025
5028
5031
5034
5037
5040
5043
5046
5049
5052
5055
5058
5061
5064
5067
5070
5073
5076
5079
5082
5085
5088
5091
5094
5097
5100
5103
5106
5109
5112
5115
5118
5121
5124
5127
5130
5133
5136
5139
5142
5145
5148
5151
5154
5157
5160
5163
5166
5169
5172
5175
5178
5181
5184
5187
5190
5193
5196
5199
5202
5205
5208
5211
5214
5217
5220
5223
5226
5229
5232
5235
5238
5241
5244
5247
5250
5253
5256
5259
5262
5265
5268
5271
5274
5277
5280
5283
5286
5289
5292
5295
5298
5301
5304
5307
5310
5313
5316
5319
5322
5325
5328
5331
5334
5337
5340
5343
5346
5349
5352
5355
5358
5361
5364
5367
5370
5373
5376
5379
5382
5385
5388
5391
5394
5397
5400
5403
5406
5409
5412
5415
5418
5421
5424
5427
5430
5433
5436
5439
5442
5445
5448
5451
5454
5457
5460
5463
5466
5469
5472
5475
5478
5481
5484
5487
5490
5493
5496
5499
5502
5505
5508
5511
5514
5517
5520
5523
5526
5529
5532
5535
5538
5541
5544
5547
5550
5553
5556
5559
5562
5565
5568
5571
5574
5577
5580
5583
5586
5589
5592
5595
5598
5601
5604
5607
5610
5613
5616
5619
5622
5625
5628
5631
5634
5637
5640
5643
5646
5649
5652
5655
5658
5661
5664
5667
5670
5673
5676
5679
5682
5685
5688
5691
5694
5697
5700
5703
5706
5709
5712
5715
5718
5721
5724
5727
5730
5733
5736
5739
5742
5745
5748
5751
5754
5757
5760
5763
5766
5769
5772
5775
5778
5781
5784
5787
5790
5793
5796
5799
5802
5805
5808
5811
5814
5817
5820
5823
5826
5829
5832
5835
5838
5841
5844
5847
5850
5853
5856
5859
5862
5865
5868
5871
5874
5877
5880
5883
5886
5889
5892
5895
5898
5901
5904
5907
5910
5913
5916
5919
5922
5925
5928
5931
5934
5937
5940
5943
5946
5949
5952
5955
5958
5961
5964
5967
5970
5973
5976
5979
5982
5985
5988
5991
5994
5997
6000
6003
6006
6009
6012
6015
6018
6021
6024
6027
6030
6033
6036
6039
6042
6045
6048
6051
6054
6057
6060
6063
6066
6069
6072
6075
6078
6081
6084
6087
6090
6093
6096
6099
6102
6105
6108
6111
6114
6117
6120
6123
6126
6129
6132
6135
6138
6141
6144
6147
6150
6153
6156
6159
6162
6165
6168
6171
6174
6177
6180
6183
6186
6189
6192
6195
6198
6201
6204
6207
6210
6213
6216
6219
6222
6225
6228
6231
6234
6237
6240
6243
6246
6249
6252
6255
6258
6261
6264
6267
6270
6273
6276
6279
6282
6285
6288
6291
6294
6297
6300
6303
6306
6309
6312
6315
6318
6321
6324
6327
6330
6333
6336
6339
6342
6345
6348
6351
6354
6357
6360
6363
6366
6369
6372
6375
6378
6381
6384
6387
6390
6393
6396
6399
6402
6405
6408
6411
6414
6417
6420
6423
6426
6429
6432
6435
6438
6441
6444
6447
6450
6453
6456
6459
6462
6465
6468
6471
6474
6477
6480
6483
6486
6489
6492
6495
6498
6501
6504
6507
6510
6513
6516
6519
6522
6525
6528
6531
6534
6537
6540
6543
6546
6549
6552
6555
6558
6561
6564
6567
6570
6573
6576
6579
6582
6585
6588
6591
6594
6597
6600
6603
6606
6609
6612
6615
6618
6621
6624
6627
6630
6633
6636
6639
6642
6645
6648
6651
6654
6657
6660
6663
6666
6669
6672
6675
6678
6681
6684
6687
6690
6693
6696
6699
6702
6705
6708
6711
6714
6717
6720
6723
6726
6729
6732
6735
6738
6741
6744
6747
6750
6753
6756
6759
6762
6765
6768
6771
6774
6777
6780
6783
6786
6789
6792
6795
6798
6801
6804
6807
6810
6813
6816
6819
6822
6825
6828
6831
6834
6837
6840
6843
6846
6849
6852
6855
6858
6861
6864
6867
6870
6873
6876
6879
6882
6885
6888
6891
6894
6897
6900
6903
6906
6909
6912
6915
6918
6921
6924
6927
6930
6933
6936
6939
6942
6945
6948
6951
6954
6957
6960
6963
6966
6969
6972
6975
6978
6981
6984
6987
6990
6993
6996
6999
7002
7005
7008
7011
7014
7017
7020
7023
7026
7029
7032
7035
7038
7041
7044
7047
7050
7053
7056
7059
7062
7065
7068
7071
7074
7077
7080
7083
7086
7089
7092
7095
7098
7101
7104
7107
7110
7113
7116
7119
7122
7125
7128
7131
7134
7137
7140
7143
7146
7149
7152
7155
7158
7161
7164
7167
7170
7173
7176
7179
7182
7185
7188
7191
7194
7197
7200
7203
7206
7209
7212
7215
7218
7221
7224
7227
7230
7233
7236
7239
7242
7245
7248
7251
7254
7257
7260
7263
7266
7269
7272
7275
7278
7281
7284
7287
7290
7293
7296
7299
7302
7305
7308
7311
7314
7317
7320
7323
7326
7329
7332
7335
7338
7341
7344
7347
7350
7353
7356
7359
7362
7365
7368
7371
7374
7377
7380
7383
7386
7389
7392
7395
7398
7401
7404
7407
7410
7413
7416
7419
7422
7425
7428
7431
7434
7437
7440
7443
7446
7449
7452
7455
7458
7461
7464
7467
7470
7473
7476
7479
7482
7485
7488
7491
7494
7497
7500
7503
7506
7509
7512
7515
7518
7521
7524
7527
7530
7533
7536
7539
7542
7545
7548
7551
7554
7557
7560
7563
7566
7569
7572
7575
7578
7581
7584
7587
7590
7593
7596
7599
7602
7605
7608
7611
7614
7617
7620
7623
7626
7629
7632
7635
7638
7641
7644
7647
7650
7653
7656
7659
7662
7665
7668
7671
7674
7677
7680
7683
7686
7689
7692
7695
7698
7701
7704
7707
7710
7713
7716
7719
7722
7725
7728
7731
7734
7737
7740
7743
7746
7749
7752
7755
7758
7761
7764
7767
7770
7773
7776
7779
7782
7785
7788
7791
7794
7797
7800
7803
7806
7809
7812
7815
7818
7821
7824
7827
7830
7833
7836
7839
7842
7845
7848
7851
7854
7857
7860
7863
7866
7869
7872
7875
7878
7881
7884
7887
7890
7893
7896
7899
7902
7905
7908
7911
7914
7917
7920
7923
7926
7929
7932
7935
7938
7941
7944
7947
7950
7953
7956
7959
7962
7965
7968
7971
7974
7977
7980
7983
7986
7989
7992
7995
7998
8001
8004
8007
8010
8013
8016
8019
8022
8025
8028
8031
8034
8037
8040
8043
8046
8049
8052
8055
8058
8061
8064
8067
8070
8073
8076
8079
8082
8085
8088
8091
8094
8097
8100
8103
8106
8109
8112
8115
8118
8121
8124
8127
8130
8133
8136
8139
8142
8145
8148
8151
8154
8157
8160
8163
8166
8169
8172
8175
8178
8181
8184
8187
8190
8193
8196
8199
8202
8205
8208
8211
8214
8217
8220
8223
8226
8229
8232
8235
8238
8241
8244
8247
8250
8253
8256
8259
8262
8265
8268
8271
8274
8277
8280
8283
8286
8289
8292
8295
8298
8301
8304
8307
8310
8313
8316
8319
8322
8325
8328
8331
8334
8337
8340
8343
8346
8349
8352
8355
8358
8361
8364
8367
8370
8373
8376
8379
8382
8385
8388
8391
8394
8397
8400
8403
8406
8409
8412
8415
8418
8421
8424
8427
8430
8433
8436
8439
8442
8445
8448
8451
8454
8457
8460
8463
8466
8469
8472
8475
8478
8481
8484
8487
8490
8493
8496
8499
8502
8505
8508
8511
8514
8517
8520
8523
8526
8529
8532
8535
8538
8541
8544
8547
8550
8553
8556
8559
8562
8565
8568
8571
8574
8577
8580
8583
8586
8589
8592
8595
8598
8601
8604
8607
8610
8613
8616
8619
8622
8625
8628
8631
8634
8637
8640
8643
8646
8649
8652
8655
8658
8661
8664
8667
8670
8673
8676
8679
8682
8685
8688
8691
8694
8697
8700
8703
8706
8709
8712
8715
8718
8721
8724
8727
8730
8733
8736
8739
8742
8745
8748
8751
8754
8757
8760
8763
8766
8769
8772
8775
8778
8781
8784
8787
8790
8793
8796
8799
8802
8805
8808
8811
8814
8817
8820
8823
8826
8829
8832
8835
8838
8841
8844
8847
8850
8853
8856
8859
8862
8865
8868
8871
8874
8877
8880
8883
8886
8889
8892
8895
8898
8901
8904
8907
8910
8913
8916
8919
8922
8925
8928
8931
8934
8937
8940
8943
8946
8949
8952
8955
8958
8961
8964
8967
8970
8973
8976
8979
8982
8985
8988
8991
8994
8997
9000
9003
9006
9009
9012
9015
9018
9021
9024
9027
9030
9033
9036
9039
9042
9045
9048
9051
9054
9057
9060
9063
9066
9069
9072
9075
9078
9081
9084
9087
9090
9093
9096
9099
9102
9105
9108
9111
9114
9117
9120
9123
9126
9129
9132
9135
9138
9141
9144
9147
9150
9153
9156
9159
9162
9165
9168
9171
9174
9177
9180
9183
9186
9189
9192
9195
9198
9201
9204
9207
9210
9213
9216
9219
9222
9225
9228
9231
9234
9237
9240
9243
9246
9249
9252
9255
9258
9261
9264
9267
9270
9273
9276
9279
9282
9285
9288
9291
9294
9297
9300
9303
9306
9309
9312
9315
9318
9321
9324
9327
9330
9333
9336
9339
9342
9345
9348
9351
9354
9357
9360
9363
9366
9369
9372
9375
9378
9381
9384
9387
9390
9393
9396
9399
9402
9405
9408
9411
9414
9417
9420
9423
9426
9429
9432
9435
9438
9441
9444
9447
9450
9453
9456
9459
9462
9465
9468
9471
9474
9477
9480
9483
9486
9489
9492
9495
9498
9501
9504
9507
9510
9513
9516
9519
9522
9525
9528
9531
9534
9537
9540
9543
9546
9549
9552
9555
9558
9561
9564
9567
9570
9573
9576
9579
9582
9585
9588
9591
9594
9597
9600
9603
9606
9609
9612
9615
9618
9621
9624
9627
9630
9633
9636
9639
9642
9645
9648
9651
9654
9657
9660
9663
9666
9669
9672
9675
9678
9681
9684
9687
9690
9693
9696
9699
9702
9705
9708
9711
9714
9717
9720
9723
9726
9729
9732
9735
9738
9741
9744
9747
9750
9753
9756
9759
9762
9765
9768
9771
9774
9777
9780
9783
9786
9789
9792
9795
9798
9801
9804
9807
9810
9813
9816
9819
9822
9825
9828
9831
9834
9837
9840
9843
9846
9849
9852
9855
9858
9861
9864
9867
9870
9873
9876
9879
9882
9885
9888
9891
9894
9897
9900
9903
9906
9909
9912
9915
9918
9921
9924
9927
9930
9933
9936
9939
9942
9945
9948
9951
9954
9957
9960
9963
9966
9969
9972
9975
9978
9981
9984
9987
9990
9993
9996
9999
10002
10005
10008
10011
10014
10017
10020
10023
10026
10029
10032
10035
10038
10041
10044
10047
10050
10053
10056
10059
10062
10065
10068
10071
10074
10077
10080
10083
10086
10089
10092
10095
10098
10101
10104
10107
10110
10113
10116
10119
10122
10125
10128
10131
10134
10137
10140
10143
10146
10149
10152
10155
10158
10161
10164
10167
10170
10173
10176
10179
10182
10185
10188
10191
10194
10197
10200
10203
10206
10209
10212
10215
10218
10221
10224
10227
10230
10233
10236
10239
10242
10245
10248
10251
10254
10257
10260
10263
10266
10269
10272
10275
10278
10281
10284
10287
10290
10293
10296
10299
10302
10305
10308
10311
10314
10317
10320
10323
10326
10329
10332
10335
10338
10341
10344
10347
10350
10353
10356
10359
10362
10365
10368
10371
10374
10377
10380
10383
10386
10389
10392
10395
10398
10401
10404
10407
10410
10413
10416
10419
10422
10425
10428
10431
10434
10437
10440
10443
10446
10449
10452
10455
10458
10461
10464
10467
10470
10473
10476
10479
10482
10485
10488
10491
10494
10497
10500
10503
10506
10509
10512
10515
10518
10521
10524
10527
10530
10533
10536
10539
10542
10545
10548
10551
10554
10557
10560
10563
10566
10569
10572
10575
10578
10581
10584
10587
10590
10593
10596
10599
10602
10605
10608
10611
10614
10617
10620
10623
10626
10629
10632
10635
10638
10641
10644
10647
10650
10653
10656
10659
10662
10665
10668
10671
10674
10677
10680
10683
10686
10689
10692
10695
10698
10701
10704
10707
10710
10713
10716
10719
10722
10725
10728
10731
10734
10737
10740
10743
10746
10749
10752
10755
10758
10761
10764
10767
10770
10773
10776
10779
10782
10785
10788
10791
10794
10797
10800
10803
10806
10809
10812
10815
10818
10821
10824
10827
10830
10833
10836
10839
10842
10845
10848
10851
10854
10857
10860
10863
10866
10869
10872
10875
10878
10881
10884
10887
10890
10893
10896
10899
10902
10905
10908
10911
10914
10917
10920
10923
10926
10929
10932
10935
10938
10941
10944
10947
10950
10953
10956
10959
10962
10965
10968
10971
10974
10977
10980
10983
10986
10989
10992
10995
10998
11001
11004
11007
11010
11013
11016
11019
11022
11025
11028
11031
11034
11037
11040
11043
11046
11049
11052
11055
11058
11061
11064
11067
11070
11073
11076
11079
11082
11085
11088
11091
11094
11097
11100
11103
11106
11109
11112
11115
11118
11121
11124
11127
11130
11133
11136
11139
11142
11145
11148
11151
11154
11157
11160
11163
11166
11169
11172
11175
11178
11181
11184
11187
11190
11193
11196
11199
11202
11205
11208
11211
11214
11217
11220
11223
11226
11229
11232
11235
11238
11241
11244
11247
11250
11253
11256
11259
11262
11265
11268
11271
11274
11277
11280
11283
11286
11289
11292
11295
11298
11301
11304
11307
11310
11313
11316
11319
11322
11325
11328
11331
11334
11337
11340
11343
11346
11349
11352
11355
11358
11361
11364
11367
11370
11373
11376
11379
11382
11385
11388
11391
11394
11397
11400
11403
11406
11409
11412
11415
11418
11421
11424
11427
11430
11433
11436
11439
11442
11445
11448
11451
11454
11457
11460
11463
11466
11469
11472
11475
11478
11481
11484
11487
11490
11493
11496
11499
11502
11505
11508
11511
11514
11517
11520
11523
11526
11529
11532
11535
11538
11541
11544
11547
11550
11553
11556
11559
11562
11565
11568
11571
11574
11577
11580
11583
11586
11589
11592
11595
11598
11601
11604
11607
11610
11613
11616
11619
11622
11625
11628
11631
11634
11637
11640
11643
11646
11649
11652
11655
11658
11661
11664
11667
11670
11673
11676
11679
11682
11685
11688
11691
11694
11697
11700
11703
11706
11709
11712
11715
11718
11721
11724
11727
11730
11733
11736
11739
11742
11745
11748
11751
11754
11757
11760
11763
11766
11769
11772
11775
11778
11781
11784
11787
11790
11793
11796
11799
11802
11805
11808
11811
11814
11817
11820
11823
11826
11829
11832
11835
11838
11841
11844
11847
11850
11853
11856
11859
11862
11865
11868
11871
11874
11877
11880
11883
11886
11889
11892
11895
11898
11901
11904
11907
11910
11913
11916
11919
11922
11925
11928
11931
11934
11937
11940
11943
11946
11949
11952
11955
11958
11961
11964
11967
11970
11973
11976
11979
11982
11985
11988
11991
11994
11997
12000
12003
12006
12009
12012
12015
12018
12021
12024
12027
12030
12033
12036
12039
12042
12045
12048
12051
12054
12057
12060
12063
12066
12069
12072
12075
12078
12081
12084
12087
12090
12093
12096
12099
12102
12105
12108
12111
12114
12117
12120
12123
12126
12129
12132
12135
12138
12141
12144
12147
12150
12153
12156
12159
12162
12165
12168
12171
12174
12177
12180
12183
12186
12189
12192
12195
12198
12201
12204
12207
12210
12213
12216
12219
12222
12225
12228
12231
12234
12237
12240
12243
12246
12249
12252
12255
12258
12261
12264
12267
12270
12273
12276
12279
12282
12285
12288
12291
12294
12297
12300
12303
12306
12309
12312
12315
12318
12321
12324
12327
12330
12333
12336
12339
12342
12345
12348
12351
12354
12357
12360
12363
12366
12369
12372
12375
12378
12381
12384
12387
12390
12393
12396
12399
12402
12405
12408
12411
12414
12417
12420
12423
12426
12429
12432
12435
12438
12441
12444
12447
12450
12453
12456
12459
12462
12465
12468
12471
12474
12477
12480
12483
12486
12489
12492
12495
12498
12501
12504
12507
12510
12513
12516
12519
12522
12525
12528
12531
12534
12537
12540
12543
12546
12549
12552
12555
12558
12561
12564
12567
12570
12573
12576
12579
12582
12585
12588
12591
12594
12597
12600
12603
12606
12609
12612
12615
12618
12621
12624
12627
12630
12633
12636
12639
12642
12645
12648
12651
12654
12657
12660
12663
12666
12669
12672
12675
12678
12681
12684
12687
12690
12693
12696
12699
12702
12705
12708
12711
12714
12717
12720
12723
12726
12729
12732
12735
12738
12741
12744
12747
12750
12753
12756
12759
12762
12765
12768
12771
12774
12777
12780
12783
12786
12789
12792
12795
12798
12801
12804
12807
12810
12813
12816
12819
12822
12825
12828
12831
12834
12837
12840
12843
12846
12849
12852
12855
12858
12861
12864
12867
12870
12873
12876
12879
12882
12885
12888
12891
12894
12897
12900
12903
12906
12909
12912
12915
12918
12921
12924
12927
12930
12933
12936
12939
12942
12945
12948
12951
12954
12957
12960
12963
12966
12969
12972
12975
12978
12981
12984
12987
12990
12993
12996
12999
13002
13005
13008
13011
13014
13017
13020
13023
13026
13029
13032
13035
13038
13041
13044
13047
13050
13053
13056
13059
13062
13065
13068
13071
13074
13077
13080
13083
13086
13089
13092
13095
13098
13101
13104
13107
13110
13113
13116
13119
13122
13125
13128
13131
13134
13137
13140
13143
13146
13149
13152
13155
13158
13161
13164
13167
13170
13173
13176
13179
13182
13185
13188
13191
13194
13197
13200
13203
13206
13209
13212
13215
13218
13221
13224
13227
13230
13233
13236
13239
13242
13245
13248
13251
13254
13257
13260
13263
13266
13269
13272
13275
13278
13281
13284
13287
13290
13293
13296
13299
13302
13305
13308
13311
13314
13317
13320
13323
13326
13329
13332
13335
13338
13341
13344
13347
13350
13353
13356
13359
13362
13365
13368
13371
13374
13377
13380
13383
13386
13389
13392
13395
13398
13401
13404
13407
13410
13413
13416
13419
13422
13425
13428
13431
13434
13437
13440
13443
13446
13449
13452
13455
13458
13461
13464
13467
13470
13473
13476
13479
13482
13485
13488
13491
13494
13497
13500
13503
13506
13509
13512
13515
13518
13521
13524
13527
13530
13533
13536
13539
13542
13545
13548
13551
13554
13557
13560
13563
13566
13569
13572
13575
13578
13581
13584
13587
13590
13593
13596
13599
13602
13605
13608
13611
13614
13617
13620
13623
13626
13629
13632
13635
13638
13641
13644
13647
13650
13653
13656
13659
13662
13665
13668
13671
13674
13677
13680
13683
13686
13689
13692
13695
13698
13701
13704
13707
13710
13713
13716
13719
13722
13725
13728
13731
13734
13737
13740
13743
13746
13749
13752
13755
13758
13761
13764
13767
13770
13773
13776
13779
13782
13785
13788
13791
13794
13797
13800
13803
13806
13809
13812
13815
13818
13821
13824
13827
13830
13833
13836
13839
13842
13845
13848
13851
13854
13857
13860
13863
13866
13869
13872
13875
13878
13881
13884
13887
13890
13893
13896
13899
13902
13905
13908
13911
13914
13917
13920
13923
13926
13929
13932
13935
13938
13941
13944
13947
13950
13953
13956
13959
13962
13965
13968
13971
13974
13977
13980
13983
13986
13989
13992
13995
13998
14001
14004
14007
14010
14013
14016
14019
14022
14025
14028
14031
14034
14037
14040
14043
14046
14049
14052
14055
14058
14061
14064
14067
14070
14073
14076
14079
14082
14085
14088
14091
14094
14097
14100
14103
14106
14109
14112
14115
14118
14121
14124
14127
14130
14133
14136
14139
14142
14145
14148
14151
14154
14157
14160
14163
14166
14169
14172
14175
14178
14181
14184
14187
14190
14193
14196
14199
14202
14205
14208
14211
14214
14217
14220
14223
14226
14229
14232
14235
14238
14241
14244
14247
14250
14253
14256
14259
14262
14265
14268
14271
14274
14277
14280
14283
14286
14289
14292
14295
14298
14301
14304
14307
14310
14313
14316
14319
14322
14325
14328
14331
14334
14337
14340
14343
14346
14349
14352
14355
14358
14361
14364
14367
14370
14373
14376
14379
14382
14385
14388
14391
14394
14397
14400
14403
14406
14409
14412
14415
14418
14421
14424
14427
14430
14433
14436
14439
14442
14445
14448
14451
14454
14457
14460
14463
14466
14469
14472
14475
14478
14481
14484
14487
14490
14493
14496
14499
14502
14505
14508
14511
14514
14517
14520
14523
14526
14529
14532
14535
14538
14541
14544
14547
14550
14553
14556
14559
14562
14565
14568
14571
14574
14577
14580
14583
14586
14589
14592
14595
14598
14601
14604
14607
14610
14613
14616
14619
14622
14625
14628
14631
14634
14637
14640
14643
14646
14649
14652
14655
14658
14661
14664
14667
14670
14673
14676
14679
14682
14685
14688
14691
14694
14697
14700
14703
14706
14709
14712
14715
14718
14721
14724
14727
14730
14733
14736
14739
14742
14745
14748
14751
14754
14757
14760
14763
14766
14769
14772
14775
14778
14781
14784
14787
14790
14793
14796
14799
14802
14805
14808
14811
14814
14817
14820
14823
14826
14829
14832
14835
14838
14841
14844
14847
14850
14853
14856
14859
14862
14865
14868
14871
14874
14877
14880
14883
14886
14889
14892
14895
14898
14901
14904
14907
14910
14913
14916
14919
14922
14925
14928
14931
14934
14937
14940
14943
14946
14949
14952
14955
14958
14961
14964
14967
14970
14973
14976
14979
14982
14985
14988
14991
14994
14997
15000
15003
15006
15009
15012
15015
15018
15021
15024
15027
15030
15033
15036
15039
15042
15045
15048
15051
15054
15057
15060
15063
15066
15069
15072
15075
15078
15081
15084
15087
15090
15093
15096
15099
15102
15105
15108
15111
15114
15117
15120
15123
15126
15129
15132
15135
15138
15141
15144
15147
15150
15153
15156
15159
15162
15165
15168
15171
15174
15177
15180
15183
15186
15189
15192
15195
15198
15201
15204
15207
15210
15213
15216
15219
15222
15225
15228
15231
15234
15237
15240
15243
15246
15249
15252
15255
15258
15261
15264
15267
15270
15273
15276
15279
15282
15285
15288
15291
15294
15297
15300
15303
15306
15309
15312
15315
15318
15321
15324
15327
15330
15333
15336
15339
15342
15345
15348
15351
15354
15357
15360
15363
15366
15369
15372
15375
15378
15381
15384
15387
15390
15393
15396
15399
15402
15405
15408
15411
15414
15417
15420
15423
15426
15429
15432
15435
15438
15441
15444
15447
15450
15453
15456
15459
15462
15465
15468
15471
15474
15477
15480
15483
15486
15489
15492
15495
15498
15501
15504
15507
15510
15513
15516
15519
15522
15525
15528
15531
15534
15537
15540
15543
15546
15549
15552
15555
15558
15561
15564
15567
15570
15573
15576
15579
15582
15585
15588
15591
15594
15597
15600
15603
15606
15609
15612
15615
15618
15621
15624
15627
15630
15633
15636
15639
15642
15645
15648
15651
15654
15657
15660
15663
15666
15669
15672
15675
15678
15681
15684
15687
15690
15693
15696
15699
15702
15705
15708
15711
15714
15717
15720
15723
15726
15729
15732
15735
15738
15741
15744
15747
15750
15753
15756
15759
15762
15765
15768
15771
15774
15777
15780
15783
15786
15789
15792
15795
15798
15801
15804
15807
15810
15813
15816
15819
15822
15825
15828
15831
15834
15837
15840
15843
15846
15849
15852
15855
15858
15861
15864
15867
15870
15873
15876
15879
15882
15885
15888
15891
15894
15897
15900
15903
15906
15909
15912
15915
15918
15921
15924
15927
15930
15933
15936
15939
15942
15945
15948
15951
15954
15957
15960
15963
15966
15969
15972
15975
15978
15981
15984
15987
15990
15993
15996
15999
16002
16005
16008
16011
16014
16017
16020
16023
16026
16029
16032
16035
16038
16041
16044
16047
16050
16053
16056
16059
16062
16065
16068
16071
16074
16077
16080
16083
16086
16089
16092
16095
16098
16101
16104
16107
16110
16113
16116
16119
16122
16125
16128
16131
16134
16137
16140
16143
16146
16149
16152
16155
16158
16161
16164
16167
16170
16173
16176
16179
16182
16185
16188
16191
16194
16197
16200
16203
16206
16209
16212
16215
16218
16221
16224
16227
16230
16233
16236
16239
16242
16245
16248
16251
16254
16257
16260
16263
16266
16269
16272
16275
16278
16281
16284
16287
16290
16293
16296
16299
16302
16305
16308
16311
16314
16317
16320
16323
16326
16329
16332
16335
16338
16341
16344
16347
16350
16353
16356
16359
16362
16365
16368
16371
16374
16377
16380
16383
16386
16389
16392
16395
16398
16401
16404
16407
16410
16413
16416
16419
16422
16425
16428
16431
16434
16437
16440
16443
16446
16449
16452
16455
16458
16461
16464
16467
16470
16473
16476
16479
16482
16485
16488
16491
16494
16497
16500
16503
16506
16509
16512
16515
16518
16521
16524
16527
16530
16533
16536
16539
16542
16545
16548
16551
16554
16557
16560
16563
16566
16569
16572
16575
16578
16581
16584
16587
16590
16593
16596
16599
16602
16605
16608
16611
16614
16617
16620
16623
16626
16629
16632
16635
16638
16641
16644
16647
16650
16653
16656
16659
16662
16665
16668
16671
16674
16677
16680
16683
16686
16689
16692
16695
16698
16701
16704
16707
16710
16713
16716
16719
16722
16725
16728
16731
16734
16737
16740
16743
16746
16749
16752
16755
16758
16761
16764
16767
16770
16773
16776
16779
16782
16785
16788
16791
16794
16797
16800
16803
16806
16809
16812
16815
16818
16821
16824
16827
16830
16833
16836
16839
16842
16845
16848
16851
16854
16857
16860
16863
16866
16869
16872
16875
16878
16881
16884
16887
16890
16893
16896
16899
16902
16905
16908
16911
16914
16917
16920
16923
16926
16929
16932
16935
16938
16941
16944
16947
16950
16953
16956
16959
16962
16965
16968
16971
16974
16977
16980
16983
16986
16989
16992
16995
16998
17001
17004
17007
17010
17013
17016
17019
17022
17025
17028
17031
17034
17037
17040
17043
17046
17049
17052
17055
17058
17061
17064
17067
17070
17073
17076
17079
17082
17085
17088
17091
17094
17097
17100
17103
17106
17109
17112
17115
17118
17121
17124
17127
17130
17133
17136
17139
17142
17145
17148
17151
17154
17157
17160
17163
17166
17169
17172
17175
17178
17181
17184
17187
17190
17193
17196
17199
17202
17205
17208
17211
17214
17217
17220
17223
17226
17229
17232
17235
17238
17241
17244
17247
17250
17253
17256
17259
17262
17265
17268
17271
17274
17277
17280
17283
17286
17289
17292
17295
17298
17301
17304
17307
17310
17313
17316
17319
17322
17325
17328
17331
17334
17337
17340
17343
17346
17349
17352
17355
17358
17361
17364
17367
17370
17373
17376
17379
17382
17385
17388
17391
17394
17397
17400
17403
17406
17409
17412
17415
17418
17421
17424
17427
17430
17433
17436
17439
17442
17445
17448
17451
17454
17457
17460
17463
17466
17469
17472
17475
17478
17481
17484
17487
17490
17493
17496
17499
17502
17505
17508
17511
17514
17517
17520
17523
17526
17529
17532
17535
17538
17541
17544
17547
17550
17553
17556
17559
17562
17565
17568
17571
17574
17577
17580
17583
17586
17589
17592
17595
17598
17601
17604
17607
17610
17613
17616
17619
17622
17625
17628
17631
17634
17637
17640
17643
17646
17649
17652
17655
17658
17661
17664
17667
17670
17673
17676
17679
17682
17685
17688
17691
17694
17697
17700
17703
17706
17709
17712
17715
17718
17721
17724
17727
17730
17733
17736
17739
17742
17745
17748
17751
17754
17757
17760
17763
17766
17769
17772
17775
17778
17781
17784
17787
17790
17793
17796
17799
17802
17805
17808
17811
17814
17817
17820
17823
17826
17829
17832
17835
17838
17841
17844
17847
17850
17853
17856
17859
17862
17865
17868
17871
17874
17877
17880
17883
17886
17889
17892
17895
17898
17901
17904
17907
17910
17913
17916
17919
17922
17925
17928
17931
17934
17937
17940
17943
17946
17949
17952
17955
17958
17961
17964
17967
17970
17973
17976
17979
17982
17985
17988
17991
17994
17997
18000
18003
18006
18009
18012
18015
18018
18021
18024
18027
18030
18033
18036
18039
18042
18045
18048
18051
18054
18057
18060
18063
18066
18069
18072
18075
18078
18081
18084
18087
18090
18093
18096
18099
18102
18105
18108
18111
18114
18117
18120
18123
18126
18129
18132
18135
18138
18141
18144
18147
18150
18153
18156
18159
18162
18165
18168
18171
18174
18177
18180
18183
18186
18189
18192
18195
18198
18201
18204
18207
18210
18213
18216
18219
18222
18225
18228
18231
18234
18237
18240
18243
18246
18249
18252
18255
18258
18261
18264
18267
18270
18273
18276
18279
18282
18285
18288
18291
18294
18297
18300
18303
18306
18309
18312
18315
18318
18321
18324
18327
18330
18333
18336
18339
18342
18345
18348
18351
18354
18357
18360
18363
18366
18369
18372
18375
18378
18381
18384
18387
18390
18393
18396
18399
18402
18405
18408
18411
18414
18417
18420
18423
18426
18429
18432
18435
18438
18441
18444
18447
18450
18453
18456
18459
18462
18465
18468
18471
18474
18477
18480
18483
18486
18489
18492
18495
18498
18501
18504
18507
18510
18513
18516
18519
18522
18525
18528
18531
18534
18537
18540
18543
18546
18549
18552
18555
18558
18561
18564
18567
18570
18573
18576
18579
18582
18585
18588
18591
18594
18597
18600
18603
18606
18609
18612
18615
18618
18621
18624
18627
18630
18633
18636
18639
18642
18645
18648
18651
18654
18657
18660
18663
18666
18669
18672
18675
18678
18681
18684
18687
18690
18693
18696
18699
18702
18705
18708
18711
18714
18717
18720
18723
18726
18729
18732
18735
18738
18741
18744
18747
18750
18753
18756
18759
18762
18765
18768
18771
18774
18777
18780
18783
18786
18789
18792
18795
18798
18801
18804
18807
18810
18813
18816
18819
18822
18825
18828
18831
18834
18837
18840
18843
18846
18849
18852
18855
18858
18861
18864
18867
18870
18873
18876
18879
18882
18885
18888
18891
18894
18897
18900
18903
18906
18909
18912
18915
18918
18921
18924
18927
18930
18933
18936
18939
18942
18945
18948
18951
18954
18957
18960
18963
18966
18969
18972
18975
18978
18981
18984
18987
18990
18993
18996
18999
19002
19005
19008
19011
19014
19017
19020
19023
19026
19029
19032
19035
19038
19041
19044
19047
19050
19053
19056
19059
19062
19065
19068
19071
19074
19077
19080
19083
19086
19089
19092
19095
19098
19101
19104
19107
19110
19113
19116
19119
19122
19125
19128
19131
19134
19137
19140
19143
19146
19149
19152
19155
19158
19161
19164
19167
19170
19173
19176
19179
19182
19185
19188
19191
19194
19197
19200
19203
19206
19209
19212
19215
19218
19221
19224
19227
19230
19233
19236
19239
19242
19245
19248
19251
19254
19257
19260
19263
19266
19269
19272
19275
19278
19281
19284
19287
19290
19293
19296
19299
19302
19305
19308
19311
19314
19317
19320
19323
19326
19329
19332
19335
19338
19341
19344
19347
19350
19353
19356
19359
19362
19365
19368
19371
19374
19377
19380
19383
19386
19389
19392
19395
19398
19401
19404
19407
19410
19413
19416
19419
19422
19425
19428
19431
19434
19437
19440
19443
19446
19449
19452
19455
19458
19461
19464
19467
19470
19473
19476
19479
19482
19485
19488
19491
19494
19497
19500
19503
19506
19509
19512
19515
19518
19521
19524
19527
19530
19533
19536
19539
19542
19545
19548
19551
19554
19557
19560
19563
19566
19569
19572
19575
19578
19581
19584
19587
19590
19593
19596
19599
19602
19605
19608
19611
19614
19617
19620
19623
19626
19629
19632
19635
19638
19641
19644
19647
19650
19653
19656
19659
19662
19665
19668
19671
19674
19677
19680
19683
19686
19689
19692
19695
19698
19701
19704
19707
19710
19713
19716
19719
19722
19725
19728
19731
19734
19737
19740
19743
19746
19749
19752
19755
19758
19761
19764
19767
19770
19773
19776
19779
19782
19785
19788
19791
19794
19797
19800
19803
19806
19809
19812
19815
19818
19821
19824
19827
19830
19833
19836
19839
19842
19845
19848
19851
19854
19857
19860
19863
19866
19869
19872
19875
19878
19881
19884
19887
19890
19893
19896
19899
19902
19905
19908
19911
19914
19917
19920
19923
19926
19929
19932
19935
19938
19941
19944
19947
19950
19953
19956
19959
19962
19965
19968
19971
19974
19977
19980
19983
19986
19989
19992
19995
19998
20001
20004
20007
20010
20013
20016
20019
20022
20025
20028
20031
20034
20037
20040
20043
20046
20049
20052
20055
20058
20061
20064
20067
20070
20073
20076
20079
20082
20085
20088
20091
20094
20097
20100
20103
20106
20109
20112
20115
20118
20121
20124
20127
20130
20133
20136
20139
20142
20145
20148
20151
20154
20157
20160
20163
20166
20169
20172
20175
20178
20181
20184
20187
20190
20193
20196
20199
20202
20205
20208
20211
20214
20217
20220
20223
20226
20229
20232
20235
20238
20241
20244
20247
20250
20253
20256
20259
20262
20265
20268
20271
20274
20277
20280
20283
20286
20289
20292
20295
20298
20301
20304
20307
20310
20313
20316
20319
20322
20325
20328
20331
20334
20337
20340
20343
20346
20349
20352
20355
20358
20361
20364
20367
20370
20373
20376
20379
20382
20385
20388
20391
20394
20397
20400
20403
20406
20409
20412
20415
20418
20421
20424
20427
20430
20433
20436
20439
20442
20445
20448
20451
20454
20457
20460
20463
20466
20469
20472
20475
20478
20481
20484
20487
20490
20493
20496
20499
20502
20505
20508
20511
20514
20517
20520
20523
20526
20529
20532
20535
20538
20541
20544
20547
20550
20553
20556
20559
20562
20565
20568
20571
20574
20577
20580
20583
20586
20589
20592
20595
20598
20601
20604
20607
20610
20613
20616
20619
20622
20625
20628
20631
20634
20637
20640
20643
20646
20649
20652
20655
20658
20661
20664
20667
20670
20673
20676
20679
20682
20685
20688
20691
20694
20697
20700
20703
20706
20709
20712
20715
20718
20721
20724
20727
20730
20733
20736
20739
20742
20745
20748
20751
20754
20757
20760
20763
20766
20769
20772
20775
20778
20781
20784
20787
20790
20793
20796
20799
20802
20805
20808
20811
20814
20817
20820
20823
20826
20829
20832
20835
20838
20841
20844
20847
20850
20853
20856
20859
20862
20865
20868
20871
20874
20877
20880
20883
20886
20889
20892
20895
20898
20901
20904
20907
20910
20913
20916
20919
20922
20925
20928
20931
20934
20937
20940
20943
20946
20949
20952
20955
20958
20961
20964
20967
20970
20973
20976
20979
20982
20985
20988
20991
20994
20997
21000
21003
21006
21009
21012
21015
21018
21021
21024
21027
21030
21033
21036
21039
21042
21045
21048
21051
21054
21057
21060
21063
21066
21069
21072
21075
21078
21081
21084
21087
21090
21093
21096
21099
21102
21105
21108
21111
21114
21117
21120
21123
21126
21129
21132
21135
21138
21141
21144
21147
21150
21153
21156
21159
21162
21165
21168
21171
21174
21177
21180
21183
21186
21189
21192
21195
21198
21201
21204
21207
21210
21213
21216
21219
21222
21225
21228
21231
21234
21237
21240
21243
21246
21249
21252
21255
21258
21261
21264
21267
21270
21273
21276
21279
21282
21285
21288
21291
21294
21297
21300
21303
21306
21309
21312
21315
21318
21321
21324
21327
21330
21333
21336
21339
21342
21345
21348
21351
21354
21357
21360
21363
21366
21369
21372
21375
21378
21381
21384
21387
21390
21393
21396
21399
21402
21405
21408
21411
21414
21417
21420
21423
21426
21429
21432
21435
21438
21441
21444
21447
21450
21453
21456
21459
21462
21465
21468
21471
21474
21477
21480
21483
21486
21489
21492
21495
21498
21501
21504
21507
21510
21513
21516
21519
21522
21525
21528
21531
21534
21537
21540
21543
21546
21549
21552
21555
21558
21561
21564
21567
21570
21573
21576
21579
21582
21585
21588
21591
21594
21597
21600
21603
21606
21609
21612
21615
21618
21621
21624
21627
21630
21633
21636
21639
21642
21645
21648
21651
21654
21657
21660
21663
21666
21669
21672
21675
21678
21681
21684
21687
21690
21693
21696
21699
21702
21705
21708
21711
21714
21717
21720
21723
21726
21729
21732
21735
21738
21741
21744
21747
21750
21753
21756
21759
21762
21765
21768
21771
21774
21777
21780
21783
21786
21789
21792
21795
21798
21801
21804
21807
21810
21813
21816
21819
21822
21825
21828
21831
21834
21837
21840
21843
21846
21849
21852
21855
21858
21861
21864
21867
21870
21873
21876
21879
21882
21885
21888
21891
21894
21897
21900
21903
21906
21909
21912
21915
21918
21921
21924
21927
21930
21933
21936
21939
21942
21945
21948
21951
21954
21957
21960
21963
21966
21969
21972
21975
21978
21981
21984
21987
21990
21993
21996
21999
22002
22005
22008
22011
22014
22017
22020
22023
22026
22029
22032
22035
22038
22041
22044
22047
22050
22053
22056
22059
22062
22065
22068
22071
22074
22077
22080
22083
22086
22089
22092
22095
22098
22101
22104
22107
22110
22113
22116
22119
22122
22125
22128
22131
22134
22137
22140
22143
22146
22149
22152
22155
22158
22161
22164
22167
22170
22173
22176
22179
22182
22185
22188
22191
22194
22197
22200
22203
22206
22209
22212
22215
22218
22221
22224
22227
22230
22233
22236
22239
22242
22245
22248
22251
22254
22257
22260
22263
22266
22269
22272
22275
22278
22281
22284
22287
22290
22293
22296
22299
22302
22305
22308
22311
22314
22317
22320
22323
22326
22329
22332
22335
22338
22341
22344
22347
22350
22353
22356
22359
22362
22365
22368
22371
22374
22377
22380
22383
22386
22389
22392
22395
22398
22401
22404
22407
22410
22413
22416
22419
22422
22425
22428
22431
22434
22437
22440
22443
22446
22449
22452
22455
22458
22461
22464
22467
22470
22473
22476
22479
22482
22485
22488
22491
22494
22497
22500
22503
22506
22509
22512
22515
22518
22521
22524
22527
22530
22533
22536
22539
22542
22545
22548
22551
22554
22557
22560
22563
22566
22569
22572
22575
22578
22581
22584
22587
22590
22593
22596
22599
22602
22605
22608
22611
22614
22617
22620
22623
22626
22629
22632
22635
22638
22641
22644
22647
22650
22653
22656
22659
22662
22665
22668
22671
22674
22677
22680
22683
22686
22689
22692
22695
22698
22701
22704
22707
22710
22713
22716
22719
22722
22725
22728
22731
22734
22737
22740
22743
22746
22749
22752
22755
22758
22761
22764
22767
22770
22773
22776
22779
22782
22785
22788
22791
22794
22797
22800
22803
22806
22809
22812
22815
22818
22821
22824
22827
22830
22833
22836
22839
22842
22845
22848
22851
22854
22857
22860
22863
22866
22869
22872
22875
22878
22881
22884
22887
22890
22893
22896
22899
22902
22905
22908
22911
22914
22917
22920
22923
22926
22929
22932
22935
22938
22941
22944
22947
22950
22953
22956
22959
22962
22965
22968
22971
22974
22977
22980
22983
22986
22989
22992
22995
22998
23001
23004
23007
23010
23013
23016
23019
23022
23025
23028
23031
23034
23037
23040
23043
23046
23049
23052
23055
23058
23061
23064
23067
23070
23073
23076
23079
23082
23085
23088
23091
23094
23097
23100
23103
23106
23109
23112
23115
23118
23121
23124
23127
23130
23133
23136
23139
23142
23145
23148
23151
23154
23157
23160
23163
23166
23169
23172
23175
23178
23181
23184
23187
23190
23193
23196
23199
23202
23205
23208
23211
23214
23217
23220
23223
23226
23229
23232
23235
23238
23241
23244
23247
23250
23253
23256
23259
23262
23265
23268
23271
23274
23277
23280
23283
23286
23289
23292
23295
23298
23301
23304
23307
23310
23313
23316
23319
23322
23325
23328
23331
23334
23337
23340
23343
23346
23349
23352
23355
23358
23361
23364
23367
23370
23373
23376
23379
23382
23385
23388
23391
23394
23397
23400
23403
23406
23409
23412
23415
23418
23421
23424
23427
23430
23433
23436
23439
23442
23445
23448
23451
23454
23457
23460
23463
23466
23469
23472
23475
23478
23481
23484
23487
23490
23493
23496
23499
23502
23505
23508
23511
23514
23517
23520
23523
23526
23529
23532
23535
23538
23541
23544
23547
23550
23553
23556
23559
23562
23565
23568
23571
23574
23577
23580
23583
23586
23589
23592
23595
23598
23601
23604
23607
23610
23613
23616
23619
23622
23625
23628
23631
23634
23637
23640
23643
23646
23649
23652
23655
23658
23661
23664
23667
23670
23673
23676
23679
23682
23685
23688
23691
23694
23697
23700
23703
23706
23709
23712
23715
23718
23721
23724
23727
23730
23733
23736
23739
23742
23745
23748
23751
23754
23757
23760
23763
23766
23769
23772
23775
23778
23781
23784
23787
23790
23793
23796
23799
23802
23805
23808
23811
23814
23817
23820
23823
23826
23829
23832
23835
23838
23841
23844
23847
23850
23853
23856
23859
23862
23865
23868
23871
23874
23877
23880
23883
23886
23889
23892
23895
23898
23901
23904
23907
23910
23913
23916
23919
23922
23925
23928
23931
23934
23937
23940
23943
23946
23949
23952
23955
23958
23961
23964
23967
23970
23973
23976
23979
23982
23985
23988
23991
23994
23997
24000
24003
24006
24009
24012
24015
24018
24021
24024
24027
24030
24033
24036
24039
24042
24045
24048
24051
24054
24057
24060
24063
24066
24069
24072
24075
24078
24081
24084
24087
24090
24093
24096
24099
24102
24105
24108
24111
24114
24117
24120
24123
24126
24129
24132
24135
24138
24141
24144
24147
24150
24153
24156
24159
24162
24165
24168
24171
24174
24177
24180
24183
24186
24189
24192
24195
24198
24201
24204
24207
24210
24213
24216
24219
24222
24225
24228
24231
24234
24237
24240
24243
24246
24249
24252
24255
24258
24261
24264
24267
24270
24273
24276
24279
24282
24285
24288
24291
24294
24297
24300
24303
24306
24309
24312
24315
24318
24321
24324
24327
24330
24333
24336
24339
24342
24345
24348
24351
24354
24357
24360
24363
24366
24369
24372
24375
24378
24381
24384
24387
24390
24393
24396
24399
24402
24405
24408
24411
24414
24417
24420
24423
24426
24429
24432
24435
24438
24441
24444
24447
24450
24453
24456
24459
24462
24465
24468
24471
24474
24477
24480
24483
24486
24489
24492
24495
24498
24501
24504
24507
24510
24513
24516
24519
24522
24525
24528
24531
24534
24537
24540
24543
24546
24549
24552
24555
24558
24561
24564
24567
24570
24573
24576
24579
24582
24585
24588
24591
24594
24597
24600
24603
24606
24609
24612
24615
24618
24621
24624
24627
24630
24633
24636
24639
24642
24645
24648
24651
24654
24657
24660
24663
24666
24669
24672
24675
24678
24681
24684
24687
24690
24693
24696
24699
24702
24705
24708
24711
24714
24717
24720
24723
24726
24729
24732
24735
24738
24741
24744
24747
24750
24753
24756
24759
24762
24765
24768
24771
24774
24777
24780
24783
24786
24789
24792
24795
24798
24801
24804
24807
24810
24813
24816
24819
24822
24825
24828
24831
24834
24837
24840
24843
24846
24849
24852
24855
24858
24861
24864
24867
24870
24873
24876
24879
24882
24885
24888
24891
24894
24897
24900
24903
24906
24909
24912
24915
24918
24921
24924
24927
24930
24933
24936
24939
24942
24945
24948
24951
24954
24957
24960
24963
24966
24969
24972
24975
24978
24981
24984
24987
24990
24993
24996
24999
25002
25005
25008
25011
25014
25017
25020
25023
25026
25029
25032
25035
25038
25041
25044
25047
25050
25053
25056
25059
25062
25065
25068
25071
25074
25077
25080
25083
25086
25089
25092
25095
25098
25101
25104
25107
25110
25113
25116
25119
25122
25125
25128
25131
25134
25137
25140
25143
25146
25149
25152
25155
25158
25161
25164
25167
25170
25173
25176
25179
25182
25185
25188
25191
25194
25197
25200
25203
25206
25209
25212
25215
25218
25221
25224
25227
25230
25233
25236
25239
25242
25245
25248
25251
25254
25257
25260
25263
25266
25269
25272
25275
25278
25281
25284
25287
25290
25293
25296
25299
25302
25305
25308
25311
25314
25317
25320
25323
25326
25329
25332
25335
25338
25341
25344
25347
25350
25353
25356
        </DataArray>
        <DataArray type="UInt8" Name="types" format="ascii">
5
5
5
5
5
5
5
5
5
5
5
5
5
5
5
5
5
5
5
5
5
5
5
5
5
5
5
5
5
5
5
5
5
5
5
5
5
5
5
5
5
5
5
5
5
5
5
5
5
5
5
5
5
5
5
5
5
5
5
5
5
5
5
5
5
5
5
5
5
5
5
5
5
5
5
5
5
5
5
5
5
5
5
5
5
5
5
5
5
5
5
5
5
5
5
5
5
5
5
5
5
5
5
5
5
5
5
5
5
5
5
5
5
5
5
5
5
5
5
5
5
5
5
5
5
5
5
5
5
5
5
5
5
5
5
5
5
5
5
5
5
5
5
5
5
5
5
5
5
5
5
5
5
5
5
5
5
5
5
5
5
5
5
5
5
5
5
5
5
5
5
5
5
5
5
5
5
5
5
5
5
5
5
5
5
5
5
5
5
5
5
5
5
5
5
5
5
5
5
5
5
5
5
5
5
5
5
5
5
5
5
5
5
5
5
5
5
5
5
5
5
5
5
5
5
5
5
5
5
5
5
5
5
5
5
5
5
5
5
5
5
5
5
5
5
5
5
5
5
5
5
5
5
5
5
5
5
5
5
5
5
5
5
5
5
5
5
5
5
5
5
5
5
5
5
5
5
5
5
5
5
5
5
5
5
5
5
5
5
5
5
5
5
5
5
5
5
5
5
5
5
5
5
5
5
5
5
5
5
5
5
5
5
5
5
5
5
5
5
5
5
5
5
5
5
5
5
5
5
5
5
5
5
5
5
5
5
5
5
5
5
5
5
5
5
5
5
5
5
5
5
5
5
5
5
5
5
5
5
5
5
5
5
5
5
5
5
5
5
5
5
5
5
5
5
5
5
5
5
5
5
5
5
5
5
5
5
5
5
5
5
5
5
5
5
5
5
5
5
5
5
5
5
5
5
5
5
5
5
5
5
5
5
5
5
5
5
5
5
5
5
5
5
5
5
5
5
5
5
5
5
5
5
5
5
5
5
5
5
5
5
5
5
5
5
5
5
5
5
5
5
5
5
5
5
5
5
5
5
5
5
5
5
5
5
5
5
5
5
5
5
5
5
5
5
5
5
5
5
5
5
5
5
5
5
5
5
5
5
5
5
5
5
5
5
5
5
5
5
5
5
5
5
5
5
5
5
5
5
5
5
5
5
5
5
5
5
5
5
5
5
5
5
5
5
5
5
5
5
5
5
5
5
5
5
5
5
5
5
5
5
5
5
5
5
5
5
5
5
5
5
5
5
5
5
5
5
5
5
5
5
5
5
5
5
5
5
5
5
5
5
5
5
5
5
5
5
5
5
5
5
5
5
5
5
5
5
5
5
5
5
5
5
5
5
5
5
5
5
5
5
5
5
5
5
5
5
5
5
5
5
5
5
5
5
5
5
5
5
5
5
5
5
5
5
5
5
5
5
5
5
5
5
5
5
5
5
5
5
5
5
5
5
5
5
5
5
5
5
5
5
5
5
5
5
5
5
5
5
5
5
5
5
5
5
5
5
5
5
5
5
5
5
5
5
5
5
5
5
5
5
5
5
5
5
5
5
5
5
5
5
5
5
5
5
5
5
5
5
5
5
5
5
5
5
5
5
5
5
5
5
5
5
5
5
5
5
5
5
5
5
5
5
5
5
5
5
5
5
5
5
5
5
5
5
5
5
5
5
5
5
5
5
5
5
5
5
5
5
5
5
5
5
5
5
5
5
5
5
5
5
5
5
5
5
5
5
5
5
5
5
5
5
5
5
5
5
5
5
5
5
5
5
5
5
5
5
5
5
5
5
5
5
5
5
5
5
5
5
5
5
5
5
5
5
5
5
5
5
5
5
5
5
5
5
5
5
5
5
5
5
5
5
5
5
5
5
5
5
5
5
5
5
5
5
5
5
5
5
5
5
5
5
5
5
5
5
5
5
5
5
5
5
5
5
5
5
5
5
5
5
5
5
5
5
5
5
5
5
5
5
5
5
5
5
5
5
5
5
5
5
5
5
5
5
5
5
5
5
5
5
5
5
5
5
5
5
5
5
5
5
5
5
5
5
5
5
5
5
5
5
5
5
5
5
5
5
5
5
5
5
5
5
5
5
5
5
5
5
5
5
5
5
5
5
5
5
5
5
5
5
5
5
5
5
5
5
5
5
5
5
5
5
5
5
5
5
5
5
5
5
5
5
5
5
5
5
5
5
5
5
5
5
5
5
5
5
5
5
5
5
5
5
5
5
5
5
5
5
5
5
5
5
5
5
5
5
5
5
5
5
5
5
5
5
5
5
5
5
5
5
5
5
5
5
5
5
5
5
5
5
5
5
5
5
5
5
5
5
5
5
5
5
5
5
5
5
5
5
5
5
5
5
5
5
5
5
5
5
5
5
5
5
5
5
5
5
5
5
5
5
5
5
5
5
5
5
5
5
5
5
5
5
5
5
5
5
5
5
5
5
5
5
5
5
5
5
5
5
5
5
5
5
5
5
5
5
5
5
5
5
5
5
5
5
5
5
5
5
5
5
5
5
5
5
5
5
5
5
5
5
5
5
5
5
5
5
5
5
5
5
5
5
5
5
5
5
5
5
5
5
5
5
5
5
5
5
5
5
5
5
5
5
5
5
5
5
5
5
5
5
5
5
5
5
5
5
5
5
5
5
5
5
5
5
5
5
5
5
5
5
5
5
5
5
5
5
5
5
5
5
5
5
5
5
5
5
5
5
5
5
5
5
5
5
5
5
5
5
5
5
5
5
5
5
5
5
5
5
5
5
5
5
5
5
5
5
5
5
5
5
5
5
5
5
5
5
5
5
5
5
5
5
5
5
5
5
5
5
5
5
5
5
5
5
5
5
5
5
5
5
5
5
5
5
5
5
5
5
5
5
5
5
5
5
5
5
5
5
5
5
5
5
5
5
5
5
5
5
5
5
5
5
5
5
5
5
5
5
5
5
5
5
5
5
5
5
5
5
5
5
5
5
5
5
5
5
5
5
5
5
5
5
5
5
5
5
5
5
5
5
5
5
5
5
5
5
5
5
5
5
5
5
5
5
5
5
5
5
5
5
5
5
5
5
5
5
5
5
5
5
5
5
5
5
5
5
5
5
5
5
5
5
5
5
5
5
5
5
5
5
5
5
5
5
5
5
5
5
5
5
5
5
5
5
5
5
5
5
5
5
5
5
5
5
5
5
5
5
5
5
5
5
5
5
5
5
5
5
5
5
5
5
5
5
5
5
5
5
5
5
5
5
5
5
5
5
5
5
5
5
5
5
5
5
5
5
5
5
5
5
5
5
5
5
5
5
5
5
5
5
5
5
5
5
5
5
5
5
5
5
5
5
5
5
5
5
5
5
5
5
5
5
5
5
5
5
5
5
5
5
5
5
5
5
5
5
5
5
5
5
5
5
5
5
5
5
5
5
5
5
5
5
5
5
5
5
5
5
5
5
5
5
5
5
5
5
5
5
5
5
5
5
5
5
5
5
5
5
5
5
5
5
5
5
5
5
5
5
5
5
5
5
5
5
5
5
5
5
5
5
5
5
5
5
5
5
5
5
5
5
5
5
5
5
5
5
5
5
5
5
5
5
5
5
5
5
5
5
5
5
5
5
5
5
5
5
5
5
5
5
5
5
5
5
5
5
5
5
5
5
5
5
5
5
5
5
5
5
5
5
5
5
5
5
5
5
5
5
5
5
5
5
5
5
5
5
5
5
5
5
5
5
5
5
5
5
5
5
5
5
5
5
5
5
5
5
5
5
5
5
5
5
5
5
5
5
5
5
5
5
5
5
5
5
5
5
5
5
5
5
5
5
5
5
5
5
5
5
5
5
5
5
5
5
5
5
5
5
5
5
5
5
5
5
5
5
5
5
5
5
5
5
5
5
5
5
5
5
5
5
5
5
5
5
5
5
5
5
5
5
5
5
5
5
5
5
5
5
5
5
5
5
5
5
5
5
5
5
5
5
5
5
5
5
5
5
5
5
5
5
5
5
5
5
5
5
5
5
5
5
5
5
5
5
5
5
5
5
5
5
5
5
5
5
5
5
5
5
5
5
5
5
5
5
5
5
5
5
5
5
5
5
5
5
5
5
5
5
5
5
5
5
5
5
5
5
5
5
5
5
5
5
5
5
5
5
5
5
5
5
5
5
5
5
5
5
5
5
5
5
5
5
5
5
5
5
5
5
5
5
5
5
5
5
5
5
5
5
5
5
5
5
5
5
5
5
5
5
5
5
5
5
5
5
5
5
5
5
5
5
5
5
5
5
5
5
5
5
5
5
5
5
5
5
5
5
5
5
5
5
5
5
5
5
5
5
5
5
5
5
5
5
5
5
5
5
5
5
5
5
5
5
5
5
5
5
5
5
5
5
5
5
5
5
5
5
5
5
5
5
5
5
5
5
5
5
5
5
5
5
5
5
5
5
5
5
5
5
5
5
5
5
5
5
5
5
5
5
5
5
5
5
5
5
5
5
5
5
5
5
5
5
5
5
5
5
5
5
5
5
5
5
5
5
5
5
5
5
5
5
5
5
5
5
5
5
5
5
5
5
5
5
5
5
5
5
5
5
5
5
5
5
5
5
5
5
5
5
5
5
5
5
5
5
5
5
5
5
5
5
5
5
5
5
5
5
5
5
5
5
5
5
5
5
5
5
5
5
5
5
5
5
5
5
5
5
5
5
5
5
5
5
5
5
5
5
5
5
5
5
5
5
5
5
5
5
5
5
5
5
5
5
5
5
5
5
5
5
5
5
5
5
5
5
5
5
5
5
5
5
5
5
5
5
5
5
5
5
5
5
5
5
5
5
5
5
5
5
5
5
5
5
5
5
5
5
5
5
5
5
5
5
5
5
5
5
5
5
5
5
5
5
5
5
5
5
5
5
5
5
5
5
5
5
5
5
5
5
5
5
5
5
5
5
5
5
5
5
5
5
5
5
5
5
5
5
5
5
5
5
5
5
5
5
5
5
5
5
5
5
5
5
5
5
5
5
5
5
5
5
5
5
5
5
5
5
5
5
5
5
5
5
5
5
5
5
5
5
5
5
5
5
5
5
5
5
5
5
5
5
5
5
5
5
5
5
5
5
5
5
5
5
5
5
5
5
5
5
5
5
5
5
5
5
5
5
5
5
5
5
5
5
5
5
5
5
5
5
5
5
5
5
5
5
5
5
5
5
5
5
5
5
5
5
5
5
5
5
5
5
5
5
5
5
5
5
5
5
5
5
5
5
5
5
5
5
5
5
5
5
5
5
5
5
5
5
5
5
5
5
5
5
5
5
5
5
5
5
5
5
5
5
5
5
5
5
5
5
5
5
5
5
5
5
5
5
5
5
5
5
5
5
5
5
5
5
5
5
5
5
5
5
5
5
5
5
5
5
5
5
5
5
5
5
5
5
5
5
5
5
5
5
5
5
5
5
5
5
5
5
5
5
5
5
5
5
5
5
5
5
5
5
5
5
5
5
5
5
5
5
5
5
5
5
5
5
5
5
5
5
5
5
5
5
5
5
5
5
5
5
5
5
5
5
5
5
5
5
5
5
5
5
5
5
5
5
5
5
5
5
5
5
5
5
5
5
5
5
5
5
5
5
5
5
5
5
5
5
5
5
5
5
5
5
5
5
5
5
5
5
5
5
5
5
5
5
5
5
5
5
5
5
5
5
5
5
5
5
5
5
5
5
5
5
5
5
5
5
5
5
5
5
5
5
5
5
5
5
5
5
5
5
5
5
5
5
5
5
5
5
5
5
5
5
5
5
5
5
5
5
5
5
5
5
5
5
5
5
5
5
5
5
5
5
5
5
5
5
5
5
5
5
5
5
5
5
5
5
5
5
5
5
5
5
5
5
5
5
5
5
5
5
5
5
5
5
5
5
5
5
5
5
5
5
5
5
5
5
5
5
5
5
5
5
5
5
5
5
5
5
5
5
5
5
5
5
5
5
5
5
5
5
5
5
5
5
5
5
5
5
5
5
5
5
5
5
5
5
5
5
5
5
5
5
5
5
5
5
5
5
5
5
5
5
5
5
5
5
5
5
5
5
5
5
5
5
5
5
5
5
5
5
5
5
5
5
5
5
5
5
5
5
5
5
5
5
5
5
5
5
5
5
5
5
5
5
5
5
5
5
5
5
5
5
5
5
5
5
5
5
5
5
5
5
5
5
5
5
5
5
5
5
5
5
5
5
5
5
5
5
5
5
5
5
5
5
5
5
5
5
5
5
5
5
5
5
5
5
5
5
5
5
5
5
5
5
5
5
5
5
5
5
5
5
5
5
5
5
5
5
5
5
5
5
5
5
5
5
5
5
5
5
5
5
5
5
5
5
5
5
5
5
5
5
5
5
5
5
5
5
5
5
5
5
5
5
5
5
5
5
5
5
5
5
5
5
5
5
5
5
5
5
5
5
5
5
5
5
5
5
5
5
5
5
5
5
5
5
5
5
5
5
5
5
5
5
5
5
5
5
5
5
5
5
5
5
5
5
5
5
5
5
5
5
5
5
5
5
5
5
5
5
5
5
5
5
5
5
5
5
5
5
5
5
5
5
5
5
5
5
5
5
5
5
5
5
5
5
5
5
5
5
5
5
5
5
5
5
5
5
5
5
5
5
5
5
5
5
5
5
5
5
5
5
5
5
5
5
5
5
5
5
5
5
5
5
5
5
5
5
5
5
5
5
5
5
5
5
5
5
5
5
5
5
5
5
5
5
5
5
5
5
5
5
5
5
5
5
5
5
5
5
5
5
5
5
5
5
5
5
5
5
5
5
5
5
5
5
5
5
5
5
5
5
5
5
5
5
5
5
5
5
5
5
5
5
5
5
5
5
5
5
5
5
5
5
5
5
5
5
5
5
5
5
5
5
5
5
5
5
5
5
5
5
5
5
5
5
5
5
5
5
5
5
5
5
5
5
5
5
5
5
5
5
5
5
5
5
5
5
5
5
5
5
5
5
5
5
5
5
5
5
5
5
5
5
5
5
5
5
5
5
5
5
5
5
5
5
5
5
5
5
5
5
5
5
5
5
5
5
5
5
5
5
5
5
5
5
5
5
5
5
5
5
5
5
5
5
5
5
5
5
5
5
5
5
5
5
5
5
5
5
5
5
5
5
5
5
5
5
5
5
5
5
5
5
5
5
5
5
5
5
5
5
5
5
5
5
5
5
5
5
5
5
5
5
5
5
5
5
5
5
5
5
5
5
5
5
5
5
5
5
5
5
5
5
5
5
5
5
5
5
5
5
5
5
5
5
5
5
5
5
5
5
5
5
5
5
5
5
5
5
5
5
5
5
5
5
5
5
5
5
5
5
5
5
5
5
5
5
5
5
5
5
5
5
5
5
5
5
5
5
5
5
5
5
5
5
5
5
5
5
5
5
5
5
5
5
5
5
5
5
5
5
5
5
5
5
5
5
5
5
5
5
5
5
5
5
5
5
5
5
5
5
5
5
5
5
5
5
5
5
5
5
5
5
5
5
5
5
5
5
5
5
5
5
5
5
5
5
5
5
5
5
5
5
5
5
5
5
5
5
5
5
5
5
5
5
5
5
5
5
5
5
5
5
5
5
5
5
5
5
5
5
5
5
5
5
5
5
5
5
5
5
5
5
5
5
5
5
5
5
5
5
5
5
5
5
5
5
5
5
5
5
5
5
5
5
5
5
5
5
5
5
5
5
5
5
5
5
5
5
5
5
5
5
5
5
5
5
5
5
5
5
5
5
5
5
5
5
5
5
5
5
5
5
5
5
5
5
5
5
5
5
5
5
5
5
5
5
5
5
5
5
5
5
5
5
5
5
5
5
5
5
5
5
5
5
5
5
5
5
5
5
5
5
5
5
5
5
5
5
5
5
5
5
5
5
5
5
5
5
5
5
5
5
5
5
5
5
5
5
5
5
5
5
5
5
5
5
5
5
5
5
5
5
5
5
5
5
5
5
5
5
5
5
5
5
5
5
5
5
5
5
5
5
5
5
5
5
5
5
5
5
5
5
5
5
5
5
5
5
5
5
5
5
5
5
5
5
5
5
5
5
5
5
5
5
5
5
5
5
5
5
5
5
5
5
5
5
5
5
5
5
5
5
5
5
5
5
5
5
5
5
5
5
5
5
5
5
5
5
5
5
5
5
5
5
5
5
5
5
5
5
5
5
5
5
5
5
5
5
5
5
5
5
5
5
5
5
5
5
5
5
5
5
5
5
5
5
5
5
5
5
5
5
5
5
5
5
5
5
5
5
5
5
5
5
5
5
5
5
5
5
5
5
5
5
5
5
5
5
5
5
5
5
5
5
5
5
5
5
5
5
5
5
5
5
5
5
5
5
5
5
5
5
5
5
5
5
5
5
5
5
5
5
5
5
5
5
5
5
5
5
5
5
5
5
5
5
5
5
5
5
5
5
5
5
5
5
5
5
5
5
5
5
5
5
5
5
5
5
5
5
5
5
5
5
5
5
5
5
5
5
5
5
5
5
5
5
5
5
5
5
5
5
5
5
5
5
5
5
5
5
5
5
5
5
5
5
5
5
5
5
5
5
5
5
5
5
5
5
5
5
5
5
5
5
5
5
5
5
5
5
5
5
5
5
5
5
5
5
5
5
5
5
5
5
5
5
5
5
5
5
5
5
5
5
5
5
5
5
5
5
5
5
5
5
5
5
5
5
5
5
5
5
5
5
5
5
5
5
5
5
5
5
5
5
5
5
5
5
5
5
5
5
5
5
5
5
5
5
5
5
5
5
5
5
5
5
5
5
5
5
5
5
5
5
5
5
5
5
5
5
5
5
5
5
5
5
5
5
5
5
5
5
5
5
5
5
5
5
5
5
5
5
5
5
5
5
5
5
5
5
5
5
5
5
5
5
5
5
5
5
5
5
5
5
5
5
5
5
5
5
5
5
5
5
5
5
5
5
5
5
5
5
5
5
5
5
5
5
5
5
5
5
5
5
5
5
5
5
5
5
5
5
5
5
5
5
5
5
5
5
5
5
5
5
5
5
5
5
5
5
5
5
5
5
5
5
5
5
5
5
5
5
5
5
5
5
5
5
5
5
5
5
5
5
5
5
5
5
5
5
5
5
5
5
5
5
5
5
5
5
5
5
5
5
5
5
5
5
5
5
5
5
5
5
5
5
5
5
5
5
5
5
5
5
5
5
5
5
5
5
5
5
5
5
5
5
5
5
5
5
5
5
5
5
5
5
5
5
5
5
5
5
5
5
5
5
5
5
5
5
5
5
5
5
5
5
5
5
5
5
5
5
5
5
5
5
5
5
5
5
5
5
5
5
5
5
5
5
5
5
5
5
5
5
5
5
5
5
5
5
5
5
5
5
5
5
5
5
5
5
5
5
5
5
5
5
5
5
5
5
5
5
5
5
5
5
5
5
5
5
5
5
5
5
5
5
5
5
5
5
5
5
5
5
5
5
5
5
5
5
5
5
5
5
5
5
5
5
5
5
5
5
5
5
5
5
5
5
5
5
5
5
5
5
5
5
5
5
5
5
5
5
5
5
5
5
5
5
5
5
5
5
5
5
5
5
5
5
5
5
5
5
5
5
5
5
5
5
5
5
5
5
5
5
5
5
5
5
5
5
5
5
5
5
5
5
5
5
5
5
5
5
5
5
5
5
5
5
5
5
5
5
5
5
5
5
5
5
5
5
5
5
5
5
5
5
5
5
5
5
5
5
5
5
5
5
5
5
5
5
5
5
5
5
5
5
5
5
5
5
5
5
5
5
5
5
5
5
5
5
5
5
5
5
5
5
5
5
5
5
5
5
5
5
5
5
5
5
5
5
5
5
5
5
5
5
5
5
5
5
5
5
5
5
5
5
5
5
5
5
5
5
5
5
5
5
5
5
5
5
5
5
5
5
5
5
5
5
5
5
5
5
5
5
5
5
5
5
5
5
5
5
5
5
5
5
5
5
5
5
5
5
5
5
5
5
5
5
5
5
5
5
5
5
5
5
5
5
5
5
5
5
5
5
5
5
5
5
5
5
5
5
5
5
5
5
5
5
5
5
5
5
5
5
5
5
5
5
5
5
5
5
5
5
5
5
5
5
5
5
5
5
5
5
5
5
5
5
5
5
5
5
5
5
5
5
5
5
5
5
5
5
5
5
5
5
5
5
5
5
5
5
5
5
5
5
5
5
5
5
5
5
5
5
5
5
5
5
5
5
5
5
5
5
5
5
5
5
5
5
5
5
5
5
5
5
5
5
5
5
5
5
5
5
5
5
5
5
5
5
5
5
5
5
5
5
5
5
5
5
5
5
5
5
5
5
5
5
5
5
5
5
5
5
5
5
5
5
5
5
5
5
5
5
5
5
5
5
5
5
5
5
5
5
5
5
5
5
5
5
5
5
5
5
5
5
5
5
5
5
5
5
5
5
5
5
5
5
5
5
5
5
5
5
5
5
5
5
5
5
5
5
5
5
5
5
5
5
5
5
5
5
5
5
5
5
5
5
5
5
5
5
5
5
5
5
5
5
5
5
5
5
5
5
5
5
5
5
5
5
5
5
5
5
5
5
5
5
5
5
5
5
5
5
5
5
5
5
5
5
5
5
5
5
5
5
5
5
5
5
5
5
5
5
5
5
5
5
5
5
5
5
5
5
5
5
5
5
5
5
5
5
5
5
5
5
5
5
5
5
5
5
5
5
5
5
5
5
5
5
5
5
5
5
5
5
5
5
5
5
5
5
5
5
5
5
5
5
5
5
5
5
5
5
5
5
5
5
5
5
5
5
5
5
5
5
5
5
5
5
5
5
5
5
5
5
5
5
5
5
5
5
5
5
5
5
5
5
5
5
5
5
5
5
5
5
5
5
5
5
5
5
5
5
5
5
5
5
5
5
5
5
5
5
5
5
5
5
5
5
5
5
5
5
5
5
5
5
5
5
5
5
5
5
5
5
5
5
5
5
5
5
5
5
5
5
5
5
5
5
5
5
5
5
5
5
5
5
5
5
5
5
5
5
5
5
5
5
5
5
5
5
5
5
5
5
5
5
5
5
5
5
5
5
5
5
5
5
5
5
5
5
5
5
5
5
5
5
5
5
5
5
5
5
5
5
5
5
5
5
5
5
5
5
5
5
5
5
5
5
5
5
5
5
5
5
5
5
5
5
5
5
5
5
5
5
5
5
5
5
5
5
5
5
5
5
5
5
5
5
5
5
5
5
5
5
5
5
5
5
5
5
5
5
5
5
5
5
5
5
5
5
5
5
5
5
5
5
5
5
5
5
5
5
5
5
5
5
5
5
5
5
5
5
5
5
5
5
5
5
5
5
5
5
5
5
5
5
5
5
5
5
5
5
5
5
5
5
5
5
5
5
5
5
5
5
5
5
5
5
5
5
5
5
5
5
5
5
5
5
5
5
5
5
5
5
5
5
5
5
5
5
5
5
5
5
5
5
5
5
5
5
5
5
5
5
5
5
5
5
5
5
5
5
5
5
5
5
5
5
5
5
5
5
5
5
5
5
5
5
5
5
5
5
5
5
5
5
5
5
5
5
5
5
5
5
5
5
5
5
5
5
5
5
5
5
5
5
5
5
5
5
5
5
5
5
5
5
5
5
5
5
5
5
5
5
5
5
5
5
5
5
5
5
5
5
5
5
5
5
5
5
5
5
5
5
5
5
5
5
5
5
5
5
5
5
5
5
5
5
5
5
5
5
5
5
5
5
5
5
5
5
5
5
5
5
5
5
5
5
5
5
5
5
5
5
5
5
5
5
5
5
5
5
5
5
5
5
5
5
5
5
5
5
5
5
5
5
5
5
5
5
5
5
5
5
5
5
5
5
5
5
5
5
5
5
5
5
5
5
5
5
5
5
5
5
5
5
5
5
5
5
5
5
5
5
5
5
5
5
5
5
5
5
5
5
5
5
5
5
5
5
5
5
5
5
5
5
5
5
5
5
5
5
5
5
5
5
5
5
5
5
5
5
5
5
5
5
5
5
5
5
5
5
5
5
5
5
5
5
5
5
5
5
5
5
5
5
5
5
5
5
5
5
5
5
5
5
5
5
5
5
5
5
5
5
5
5
5
5
5
5
5
5
5
5
5
5
5
5
5
5
5
5
5
5
5
5
5
5
5
5
5
5
5
5
5
5
5
5
5
5
5
5
5
5
5
5
5
5
5
5
5
5
5
5
5
5
5
5
5
5
5
5
5
5
5
5
5
5
5
5
5
5
5
5
5
5
5
5
5
5
5
5
5
5
5
5
5
5
5
5
5
5
5
5
5
5
5
5
5
5
5
5
5
5
5
5
5
5
5
5
5
5
5
5
5
5
5
5
5
5
5
5
5
5
5
5
5
5
5
5
5
5
5
5
5
5
5
5
5
5
5
5
5
5
5
5
5
5
5
5
5
5
5
5
5
5
5
5
5
5
5
5
5
5
5
5
5
5
5
5
5
5
5
5
5
5
5
5
5
5
5
5
5
5
5
5
5
5
5
5
5
5
5
5
5
5
5
5
5
5
5
5
5
5
5
5
5
5
5
5
5
5
5
5
5
5
5
5
5
5
5
5
5
5
5
5
5
5
5
5
5
5
5
5
5
5
5
5
5
5
5
5
5
5
5
5
5
5
5
5
5
5
5
5
5
5
5
5
5
5
5
5
5
5
5
5
5
5
5
5
5
5
5
5
5
5
5
5
5
5
5
5
5
5
5
5
5
5
5
5
5
5
5
5
5
5
5
5
5
5
5
5
5
5
5
5
5
5
5
5
5
5
5
5
5
5
5
5
5
5
5
5
5
5
5
5
5
5
5
5
5
5
5
5
5
5
5
5
5
5
5
5
5
5
5
5
5
5
5
5
5
5
5
5
5
5
5
5
5
5
5
5
5
5
5
5
5
5
5
5
5
5
5
5
5
5
5
5
5
5
5
5
5
5
5
5
5
5
5
5
5
5
5
5
5
5
5
5
5
5
5
5
5
5
5
5
5
5
5
5
5
5
5
5
5
5
5
5
5
5
5
5
5
5
5
5
5
5
5
5
5
5
5
5
5
5
5
5
5
5
5
5
5
5
5
5
5
5
5
5
5
5
5
5
5
5
5
5
5
5
5
5
5
5
5
5
5
5
5
5
5
5
5
5
5
5
5
5
5
5
5
5
5
5
5
5
5
5
5
5
5
5
5
5
5
5
5
5
5
5
5
5
5
5
5
5
5
5
5
5
5
5
5
5
5
5
5
5
5
5
5
5
5
5
5
5
5
5
5
5
5
5
5
5
5
5
5
5
5
5
5
5
5
5
5
5
5
5
5
5
5
5
5
5
5
5
5
5
5
5
5
5
5
5
5
5
5
5
5
5
5
5
5
5
5
5
5
5
5
5
5
5
5
5
5
5
5
5
5
5
5
5
5
5
5
5
5
5
5
5
5
5
5
5
5
5
5
5
5
5
5
5
5
5
5
5
5
5
5
5
5
5
5
5
5
5
5
5
5
5
5
5
5
5
5
5
5
5
5
5
5
5
5
5
5
5
5
5
5
5
5
5
5
5
5
5
5
5
5
5
5
5
5
5
5
5
5
5
5
5
5
5
5
5
5
5
5
5
5
5
5
5
5
5
5
5
5
5
5
5
5
5
5
5
5
5
5
5
5
5
5
5
5
5
5
5
5
5
5
5
5
5
5
5
5
5
5
5
5
5
5
5
5
5
5
5
5
5
5
5
5
5
5
5
5
5
5
5
5
5
5
5
5
5
5
5
5
5
5
5
5
5
5
5
5
5
5
5
5
5
5
5
5
5
5
5
5
5
5
5
5
5
5
5
5
5
5
5
5
5
5
5
5
5
5
5
5
5
5
5
5
5
5
5
5
5
5
5
5
5
5
5
5
5
5
5
5
5
5
5
5
5
5
5
5
5
5
5
5
5
5
5
5
5
5
5
5
5
5
5
5
5
5
5
5
5
5
5
5
5
5
5
5
5
5
5
5
5
5
5
5
5
5
5
5
5
5
5
5
5
5
5
5
5
5
5
5
5
5
5
5
5
5
5
5
5
5
5
5
5
5
5
5
5
5
5
5
5
5
5
5
5
5
5
5
5
5
5
5
5
5
5
5
5
5
5
5
5
5
5
5
5
5
5
5
5
5
5
5
5
5
5
5
5
5
5
5
5
5
5
5
5
5
5
5
5
5
5
5
5
5
5
5
5
5
5
5
5
5
5
5
5
5
5
5
5
5
5
5
5
5
5
5
5
5
5
5
5
5
5
5
5
5
5
5
5
5
5
5
5
5
5
5
5
5
5
5
5
5
5
5
5
5
5
5
5
5
5
5
5
5
5
5
5
5
5
5
5
5
5
5
5
5
5
5
5
5
5
5
5
5
5
5
5
5
5
5
5
5
5
5
5
5
5
5
5
5
5
5
5
5
5
5
5
5
5
5
5
5
5
5
5
5
5
5
5
5
5
5
5
5
5
5
5
5
5
5
5
5
5
5
5
5
5
5
5
5
5
5
5
5
5
5
5
5
5
5
5
5
5
5
5
5
5
5
5
5
5
5
5
5
5
5
5
5
5
5
5
5
5
5
5
5
5
5
5
5
5
5
5
5
5
5
5
5
5
5
5
5
5
5
5
5
5
5
5
5
5
5
5
5
5
5
5
5
5
5
5
5
5
5
5
5
5
5
5
5
5
5
5
5
5
5
5
5
5
5
5
5
5
5
5
5
5
5
5
5
5
5
5
5
5
5
5
5
5
5
5
5
5
5
5
5
5
5
5
5
5
5
5
5
5
5
5
5
5
5
5
5
5
5
5
5
5
5
5
5
5
5
5
5
5
5
5
5
5
5
5
5
5
5
5
5
5
5
5
5
5
5
5
5
5
5
5
5
5
5
5
5
5
5
5
5
5
5
5
5
5
5
5
5
5
5
5
5
5
5
5
5
5
5
5
5
5
5
5
5
5
5
5
5
5
5
5
5
5
5
5
5
5
5
5
5
5
5
5
5
5
5
5
5
5
5
5
5
5
5
5
5
5
5
5
5
5
5
5
5
5
5
5
5
5
5
5
5
5
5
5
5
5
5
5
5
5
5
5
5
5
5
5
5
5
5
5
5
5
5
5
5
5
5
5
5
5
5
5
5
5
5
5
5
5
5
5
5
5
5
5
5
5
5
5
5
5
5
5
5
5
5
5
5
5
5
5
5
5
5
5
5
5
5
5
5
5
5
5
5
5
5
5
5
5
5
5
5
5
5
5
5
5
5
5
5
5
5
5
5
5
5
5
5
5
5
5
5
5
5
5
5
5
5
5
5
5
5
5
5
5
5
5
5
5
5
5
5
5
5
5
5
5
5
5
5
5
5
5
5
5
5
5
5
5
5
5
5
5
5
5
5
5
5
5
5
5
5
5
5
5
5
5
5
5
5
5
5
5
5
5
5
5
5
5
5
5
5
5
5
5
5
5
5
5
5
5
5
5
5
5
5
5
5
5
5
5
5
5
5
5
5
5
5
5
5
5
5
5
5
5
5
5
5
5
5
5
5
5
5
5
5
5
5
5
5
5
5
5
5
5
5
5
5
5
5
5
5
5
5
5
5
5
5
5
5
5
5
5
5
5
5
5
5
5
5
5
5
5
5
5
5
5
5
5
5
5
5
5
5
5
5
5
5
5
5
5
5
5
5
5
5
5
5
5
5
5
5
5
5
5
5
5
5
5
5
5
5
5
5
5
5
5
5
5
5
5
5
5
5
5
5
5
5
5
5
5
5
5
5
5
5
5
5
5
5
5
5
5
5
5
5
5
5
5
5
5
5
5
5
5
5
5
5
5
5
5
5
5
5
5
5
5
5
5
5
5
5
5
5
5
5
5
5
5
5
5
5
5
5
5
5
5
5
5
5
5
5
5
5
5
5
5
5
5
5
5
5
5
5
5
5
5
5
5
5
5
5
5
5
5
5
5
5
5
5
5
5
5
5
5
5
5
5
5
5
5
5
5
5
5
5
5
5
5
5
5
5
5
5
5
5
5
5
5
5
5
5
5
5
5
5
5
5
5
5
5
5
5
5
5
5
5
5
5
5
5
5
5
5
5
5
5
5
5
5
5
5
5
5
5
5
5
5
5
5
5
5
5
5
5
5
5
5
5
5
5
5
5
5
5
5
5
5
5
5
5
5
5
5
5
5
5
5
5
5
5
5
5
5
5
5
5
5
5
5
5
5
5
5
5
5
5
5
5
5
5
5
5
5
5
5
5
5
5
5
5
5
5
5
5
5
5
5
5
5
5
5
5
5
5
5
5
5
5
5
5
5
5
5
5
5
5
5
5
5
5
5
5
5
5
5
5
5
5
5
5
5
5
5
5
5
5
5
5
5
5
5
5
5
5
5
5
5
5
5
5
5
5
5
5
5
5
5
5
5
5
5
5
5
5
5
5
5
5
5
5
5
5
5
5
5
5
5
5
5
5
5
5
5
5
5
5
5
5
5
5
5
5
5
5
5
5
5
5
5
5
5
5
5
5
5
5
5
5
5
5
5
5
5
5
5
5
5
5
5
5
5
5
5
5
5
5
5
5
5
5
5
5
5
5
5
5
5
5
5
5
5
5
5
5
5
5
5
5
5
5
5
5
5
5
5
5
5
5
5
5
5
5
5
5
5
5
5
5
5
5
5
5
5
5
5
5
5
5
5
5
5
5
5
5
5
5
5
5
5
5
5
5
5
5
5
5
5
5
5
5
5
5
5
5
5
5
5
5
5
5
5
5
5
5
5
5
5
5
5
5
5
5
5
5
5
5
5
5
5
5
5
5
5
5
5
5
5
5
5
5
5
5
5
5
5
5
5
5
5
5
5
5
5
5
5
5
5
5
5
5
5
5
5
5
5
5
5
5
5
5
5
5
5
5
5
5
5
5
5
5
5
5
5
5
5
5
5
5
5
5
5
5
5
5
5
5
5
5
5
5
5
5
5
5
5
5
5
5
5
5
5
5
5
5
5
5
5
5
5
5
5
5
5
5
5
5
5
5
5
5
5
5
5
5
5
5
5
5
5
5
5
5
5
5
5
5
5
5
5
5
5
5
5
5
5
5
5
5
5
5
5
5
5
5
5
5
5
5
5
5
5
5
5
5
5
5
5
5
5
5
5
5
5
5
5
5
5
5
5
5
5
5
5
5
5
5
5
5
5
5
5
5
5
5
5
5
5
5
5
5
5
5
5
5
5
5
5
5
5
5
5
5
5
5
5
5
5
5
5
5
5
5
5
5
5
5
5
5
5
5
5
5
5
5
5
5
5
5
5
5
5
5
5
5
5
5
5
5
5
5
5
5
5
5
5
5
5
5
5
5
5
5
5
5
5
5
5
5
5
5
5
5
5
5
5
5
5
5
5
5
5
5
5
5
5
5
5
5
5
5
5
5
5
5
5
5
5
5
5
5
5
5
5
5
5
5
5
5
5
5
5
5
5
5
5
5
5
5
5
5
5
5
5
5
5
5
5
5
5
5
5
5
5
5
5
5
5
5
5
5
5
5
5
5
5
5
5
5
5
5
5
5
5
5
5
5
5
5
5
5
5
5
5
5
5
5
5
5
5
5
5
5
5
5
5
5
5
5
5
5
5
5
5
5
5
5
5
5
5
5
5
5
5
5
5
5
5
5
5
5
5
5
5
5
5
5
5
5
5
5
5
5
5
5
5
5
5
5
5
5
5
5
5
5
5
5
5
5
5
5
5
5
5
5
5
5
5
5
5
5
5
5
5
5
5
5
5
5
5
5
5
5
5
5
5
5
5
5
5
5
5
5
5
5
5
5
5
5
5
5
5
5
5
5
5
5
5
5
5
5
5
5
5
5
5
5
5
5
5
5
5
5
5
5
5
5
5
5
5
5
5
5
5
5
5
5
5
5
5
5
5
5
5
5
5
5
5
5
5
5
5
5
5
5
5
5
5
5
5
5
5
5
5
5
5
5
5
5
5
5
5
5
5
5
5
5
5
5
5
5
5
5
5
5
5
5
5
5
5
5
5
5
5
5
5
5
5
5
5
5
5
5
5
5
5
5
5
5
5
5
5
5
5
5
5
5
5
5
5
5
5
5
5
5
5
5
5
5
5
5
5
5
5
5
5
5
5
5
5
5
5
5
5
5
5
5
5
5
5
5
5
5
5
5
5
5
5
5
5
5
5
5
5
5
5
5
5
5
5
5
5
5
5
5
5
5
5
5
5
5
5
5
5
5
5
5
5
5
5
5
5
5
5
5
5
5
5
5
5
5
5
5
5
5
5
5
5
5
5
5
5
5
5
5
5
5
5
5
5
5
5
5
5
5
5
5
5
5
5
5
5
5
5
5
5
5
5
5
5
5
5
5
5
5
5
5
5
5
5
5
5
5
5
5
5
5
5
5
5
5
5
5
5
5
5
5
5
5
5
5
5
5
5
5
5
5
5
5
5
5
5
5
5
5
5
5
5
5
5
5
5
5
5
5
5
5
5
5
5
5
5
5
5
5
5
5
5
5
5
5
5
5
5
5
5
5
5
5
5
5
5
5
5
5
5
5
5
5
5
5
5
5
5
5
5
5
5
5
5
5
5
5
5
5
5
5
5
5
5
5
5
5
5
5
5
5
5
5
5
5
5
5
5
5
5
5
5
5
5
5
5
5
5
5
5
5
5
5
5
5
5
5
5
5
5
5
5
5
5
5
5
5
5
5
5
5
5
5
5
5
5
5
5
5
5
5
5
5
5
5
5
5
5
5
5
5
5
5
5
5
5
5
5
5
5
5
5
5
5
5
5
5
5
5
5
5
5
5
5
5
5
5
5
5
5
5
5
5
5
5
5
5
5
5
5
5
5
5
5
5
5
5
5
5
5
5
5
5
5
5
5
5
5
5
5
5
5
5
5
5
5
5
5
5
5
5
5
5
5
5
5
5
5
5
5
5
5
5
5
5
5
5
5
5
5
5
5
5
5
5
5
5
5
5
5
5
5
5
5
5
5
5
5
5
5
5
5
5
5
5
5
5
5
5
5
5
5
5
5
5
5
5
5
5
5
5
5
5
5
5
5
5
5
5
5
5
5
5
5
5
5
5
5
5
5
5
5
5
5
5
5
5
5
5
5
5
5
5
5
5
5
        </DataArray>
      </Cells>
<PointData>
  <DataArray type = "Float64" Name="Erreur" format="ascii">
0.684802
0.656286
0.701062
0.719231
0.732066
0.365339
0.616387
0.614269
0.330824
0.575439
0.613462
0.659715
0.619878
0.667531
0.582633
0.650027
0.648168
0.597972
0.647683
0.670985
0.637655
0.190141
0.643075
0.682514
0.667387
0.624004
0.639697
0.447042
0.71885
0.616094
0.607903
0.557288
0.620771
0.61183
0.601995
0.61148
0.238635
0.660983
0.449966
0.646823
0.322359
0.665531
0.63333
0.535848
0.670783
0.292387
0.409409
0.492998
0.658509
0.614662
0.626745
0.554524
0.654987
0.369542
0.590706
0.642102
0.555174
0.577616
0.543839
0.409842
0.6818
0.670141
0.140427
0.486665
0.621611
0.383182
0.633583
0.118795
0.401897
0.618438
0.701521
0.541397
0.325934
0.577928
0.53012
0.625151
0.549021
0.646432
0.560853
0.612606
0.688421
0.581926
0.65566
0.643825
0.594668
0.649416
0.529429
0.657525
0.471446
0.687581
0.548374
0.28686
0.610239
0.607627
0.665006
0.633806
0.601728
0.598621
0.630657
0.60681
0.227187
0.629914
0.600864
0.525067
0.570051
0.705713
0.60618
0.631103
0.556784
0.644804
0.622644
0.110897
0.573869
0.621711
0.612147
0.641983
0.491518
0.558738
0.595357
0.698139
0.658058
0.601522
0.543706
0.662851
0.376345
0.598128
0.517274
0.307245
0.62721
0.563357
0.531172
0.639736
0.578252
0.63811
0.646369
0.574674
0.649092
0.609389
0.588359
0.615571
0.641923
0.635088
0.666945
0.54794
0.515295
0.629637
0.642512
0.500394
0.662015
0.561127
0.35438
0.602693
0.232667
0.647327
0.26399
0.54555
0.603625
0.657956
0.605889
0.58285
0.623008
0.276159
0.644005
0.606925
0.640235
0.657497
0.569908
0.579911
0.539741
0.300646
0.681239
0.666752
0.641855
0.645709
0.632755
0.549564
0.544549
0.674591
0.609952
0.526981
0.646604
0.527682
0.621273
0.190479
0.596947
0.639639
0.593929
0.614655
0.657701
0.58069
0.102662
0.666428
0.594504
0.567071
0.48799
0.628131
0.620545
0.546981
0.688199
0.566941
0.61942
0.639949
0.575022
0.581382
0.638332
0.664572
0.147164
0.660313
0.665601
0.651839
0.603438
0.218517
0.562988
0.61295
0.436672
0.647084
0.573621
0.525707
0.548434
0.596162
0.630529
0.627218
0.590698
0.684574
0.539331
0.399564
0.64889
0.606386
0.557985
0.632132
0.219568
0.605421
0.650931
0.628764
0.59399
0.643951
0.541681
0.578998
0.517231
0.648124
0.59645
0.546055
0.621739
0.570828
0.680693
0.591528
0.600718
0.505649
0.659463
0.489802
0.619259
0.600484
0.179989
0.63829
0.643908
0.62051
0.560201
0.61138
0.527385
0.645299
0.650177
0.469931
0.64577
0.657581
0.674787
0.636326
0.625774
0.619397
0.648331
0.582944
0.643298
0.641782
0.548412
0.704282
0.584796
0.654145
0.594956
0.603602
0.61523
0.482646
0.552399
0.586761
0.176315
0.150627
0.441655
0.615108
0.64582
0.612228
0.612562
0.664558
0.57509
0.547129
0.67687
0.583103
0.61431
0.567764
0.633306
0.600135
0.598035
0.610474
0.586898
0.595257
0.627952
0.722063
0.466974
0.296316
0.581697
0.601392
0.584054
0.583521
0.57627
0.461989
0.617963
0.58622
0.438517
0.676599
0.544407
0.44128
0.570231
0.624116
0.636792
0.656478
0.298533
0.359419
0.225044
0.532664
0.397092
0.304404
0.630069
0.338882
0.612593
0.594833
0.556941
0.612048
0.398865
0.591134
0.647458
0.606069
0.333993
0.671383
0.612544
0.60107
0.598484
0.55889
0.617445
0.63901
0.657934
0.650016
0.604783
0.608703
0.554129
0.625287
0.665684
0.638342
0.623006
0.474941
0.609905
0.691103
0.644665
0.677777
0.619432
0.548889
0.622503
0.561163
0.634105
0.657155
0.677027
0.646869
0.577151
0.630016
0.645313
0.613604
0.622178
0.698953
0.638541
0.640568
0.668437
0.603263
0.64657
0.667363
0.630982
0.531827
0.548943
0.633855
0.548388
0.610132
0.656897
0.71101
0.687976
0.677985
0.613269
0.627058
0.649887
0.72936
0.631949
0.726222
0.68906
0.632818
0.459501
0.668429
0.717617
0.6353
0.662985
0.630908
0.637727
0.637672
0.669153
0.615848
0.644753
0.741821
0.61491
0.49082
0.584089
0.614869
0.636863
0.709411
0.582005
0.704653
0.569441
0.646732
0.671155
0.507424
0.613452
0.620096
0.706262
0.658938
0.630005
0.543374
0.467022
0.649455
0.565729
0.692785
0.693631
0.602932
0.682473
0.590013
0.731086
0.627584
0.68516
0.660285
0.678088
0.668829
0.693848
0.71214
0.690132
0.608333
0.629812
0.585198
0.588848
0.609816
0.608235
0.665218
0.690441
0.626375
0.569103
0.64817
0.541736
0.513518
0.684952
0.540004
0.596201
0.530353
0.583736
0.615022
0.638787
0.687907
0.670893
0.555943
0.548761
0.552219
0.569002
0.689431
0.753909
0.590054
0.642276
0.647861
0.658143
0.70165
0.735988
0.692366
0.624613
0.711046
0.566515
0.738634
0.684823
0.737428
0.640129
0.718535
0.677194
0.598458
0.591055
0.666605
0.599389
0.551675
0.58133
0.656937
0.550408
0.501537
0.625668
0.532736
0.624282
0.592772
0.583747
0.616873
0.640716
0.735441
0.704044
0.640589
0.662845
0.605233
0.625865
0.550898
0.609422
0.65724
0.571692
0.623184
0.619233
0.589027
0.693534
0.630055
0.650983
0.634243
0.644391
0.624958
0.476976
0.549635
0.513802
0.696745
0.634505
0.645972
0.648666
0.659806
0.562519
0.63815
0.54284
0.604201
0.623771
0.6907
0.637077
0.663121
0.653713
0.598638
0.627311
0.66148
0.684525
0.645698
0.616676
0.669479
0.643863
0.682837
0.713284
0.663382
0.564951
0.71686
0.633709
0.640335
0.569428
0.679602
0.617723
0.498638
0.657059
0.601532
0.612786
0.575508
0.659164
0.656885
0.60956
0.674561
0.587433
0.590683
0.674005
0.67978
0.603456
0.736509
0.636348
0.705339
0.613708
0.647447
0.571992
0.666938
0.656217
0.643494
0.681362
0.699688
0.698779
0.617253
0.549207
0.75343
0.628453
0.597275
0.577846
0.651414
0.51604
0.656421
0.629014
0.656761
0.567814
0.644483
0.565396
0.54717
0.57348
0.650256
0.517093
0.657337
0.575894
0.599555
0.488924
0.663187
0.605667
0.521356
0.675295
0.600395
0.660869
0.631234
0.672479
0.636329
0.639058
0.596709
0.557142
0.643357
0.597279
0.553198
0.668465
0.635458
0.60692
0.521557
0.604699
0.635974
0.611887
0.57443
0.630697
0.631868
0.540773
0.59341
0.557897
0.729761
0.606589
0.571872
0.63287
0.644534
0.62122
0.677117
0.611609
0.635957
0.519601
0.642798
0.647593
0.643335
0.557165
0.664565
0.670442
0.646508
0.63836
0.354901
0.582471
0.288406
0.663849
0.680671
0.272089
0.247483
0.571041
0.604998
0.38664
0.276653
0.191729
0.532336
0.424765
0.617986
0.45265
0.265897
0.678281
0.373466
0.601501
0.548982
0.493311
0.634076
0.415788
0.406589
0.536349
0.572689
0.386469
0.598023
0.278564
0.39608
0.265822
0.571082
0.544495
0.130384
0.672971
0.585679
0.6726
0.188369
0.450951
0.245316
0.581517
0.65335
0.190954
0.292372
0.654475
0.410689
0.394294
0.659892
0.629858
0.627035
0.302964
0.295332
0.656281
0.31847
0.323234
0.282632
0.616634
0.313352
0.13691
0.166226
0.578211
0.380569
0.587607
0.40029
0.404157
0.617682
0.671407
0.504107
0.379325
0.13906
0.344977
0.596465
0.487391
0.503806
0.66763
0.621508
0.672819
0.570813
0.49986
0.377083
0.134297
0.65031
0.361511
0.489661
0.558608
0.302152
0.275379
0.309504
0.562721
0.31339
0.634633
0.218576
0.679026
0.649516
0.564865
0.59616
0.574264
0.284265
0.486225
0.697526
0.150227
0.164805
0.345513
0.304285
0.213236
0.605044
0.242249
0.192555
0.110165
0.288035
0.609481
0.448756
0.575258
0.376449
0.134499
0.449296
0.638731
0.569463
0.633577
0.749435
0.402262
0.486934
0.67027
0.665142
0.62844
0.466061
0.655643
0.226099
0.250748
0.570922
0.601847
0.296075
0.316107
0.347738
0.273464
0.317349
0.539425
0.490113
0.480526
0.274368
0.446769
0.523621
0.615169
0.508488
0.602652
0.274715
0.115728
0.101016
0.218451
0.524481
0.287103
0.456414
0.277208
0.531816
0.366318
0.718308
0.660774
0.342372
0.630708
0.61383
0.297856
0.416034
0.594295
0.627231
0.346975
0.660269
0.568248
0.612279
0.659229
0.537738
0.518547
0.565657
0.606761
0.141295
0.608085
0.310796
0.621342
0.643
0.534766
0.5914
0.357868
0.153919
0.717155
0.220052
0.29622
0.258468
0.440615
0.628081
0.343579
0.566114
0.614664
0.334671
0.625604
0.273997
0.256711
0.432672
0.328449
0.627572
0.602051
0.272864
0.149709
0.394013
0.552797
0.618849
0.324287
0.63375
0.304881
0.661708
0.672216
0.453257
0.621902
0.611215
0.649751
0.590864
0.68556
0.600091
0.580884
0.298701
0.569399
0.61779
0.60218
0.56334
0.15226
0.664529
0.549617
0.301079
0.371837
0.602947
0.624921
0.602589
0.702938
0.634373
0.597452
0.312398
0.565038
0.641702
0.620287
0.304969
0.298915
0.321066
0.254645
0.677078
0.623287
0.527774
0.289423
0.649944
0.564594
0.504303
0.560482
0.559429
0.185734
0.414512
0.695386
0.370029
0.642179
0.610701
0.555764
0.301736
0.690626
0.0787576
0.654655
0.344196
0.569368
0.558526
0.59792
0.617693
0.618351
0.57635
0.257184
0.527148
0.279561
0.58761
0.624338
0.702108
0.672218
0.532547
0.429747
0.323451
0.628158
0.6002
0.218554
0.643109
0.62118
0.328887
0.507892
0.267105
0.609709
0.285852
0.593446
0.465752
0.518314
0.699998
0.640946
0.44558
0.148696
0.634553
0.525115
0.72129
0.610137
0.336011
0.655109
0.586938
0.326001
0.53586
0.55776
0.609893
0.219582
0.226975
0.286271
0.326029
0.271298
0.0960268
0.285142
0.69809
0.670774
0.560994
0.347764
0.28871
0.638082
0.580866
0.576125
0.536869
0.25665
0.295282
0.293471
0.62866
0.527325
0.156731
0.320454
0.116801
0.339392
0.614134
0.320543
0.494102
0.326571
0.313968
0.302635
0.495896
0.629418
0.210778
0.549087
0.350411
0.63705
0.649947
0.362024
0.551717
0.181674
0.614848
0.582755
0.253887
0.601634
0.603922
0.647894
0.435062
0.341413
0.361091
0.639241
0.305324
0.552932
0.670738
0.190355
0.614993
0.530243
0.338565
0.181106
0.267063
0.263445
0.194411
0.330162
0.140066
0.19686
0.495817
0.504907
0.575111
0.378275
0.60628
0.2262
0.287954
0.625739
0.331041
0.351664
0.655074
0.60804
0.623819
0.660373
0.318666
0.269055
0.568136
0.57376
0.552261
0.594995
0.57824
0.695349
0.290924
0.14779
0.444417
0.653933
0.314162
0.569398
0.538769
0.495232
0.348001
0.286604
0.584586
0.614233
0.427649
0.693173
0.610488
0.681731
0.421249
0.140181
0.608074
0.151172
0.298078
0.548656
0.615813
0.568392
0.549473
0.450643
0.570297
0.578247
0.329281
0.276872
0.390348
0.606739
0.443204
0.210652
0.344028
0.331619
0.282537
0.337061
0.585623
0.168867
0.34238
0.276774
0.627297
0.639719
0.580043
0.255576
0.667685
0.313474
0.155174
0.159473
0.322873
0.561846
0.29257
0.490464
0.37408
0.606091
0.575318
0.357958
0.233522
0.137895
0.400129
0.530323
0.234322
0.258487
0.500537
0.347916
0.658535
0.146317
0.522361
0.578528
0.25949
0.636899
0.293845
0.342471
0.472349
0.630639
0.565864
0.433956
0.616073
0.293815
0.197904
0.566695
0.588166
0.298493
0.158464
0.617267
0.219323
0.634914
0.488138
0.558472
0.478938
0.601103
0.576144
0.567591
0.321556
0.545761
0.258272
0.565647
0.306942
0.534419
0.206828
0.284443
0.589867
0.220015
0.333992
0.202768
0.29351
0.674885
0.60352
0.638873
0.60441
0.601404
0.409062
0.563913
0.580904
0.272157
0.629178
0.63263
0.571598
0.273556
0.410509
0.301646
0.627354
0.638496
0.567
0.60262
0.263294
0.548133
0.340019
0.615747
0.218003
0.387225
0.467847
0.604751
0.307528
0.519464
0.581316
0.577941
0.630753
0.41988
0.611989
0.338507
0.371846
0.282895
0.294971
0.617901
0.479435
0.610953
0.552097
0.195813
0.609123
0.291708
0.150836
0.257666
0.587594
0.607988
0.402384
0.378848
0.641611
0.485614
0.606139
0.576691
0.607892
0.5411
0.56419
0.534751
0.452735
0.180518
0.579684
0.501183
0.414647
0.636474
0.608797
0.573295
0.244621
0.642369
0.314804
0.242662
0.467225
0.620887
0.203875
0.13799
0.683744
0.661914
0.443836
0.591375
0.600175
0.40909
0.433424
0.293873
0.276084
0.435926
0.528176
0.605632
0.645778
0.555369
0.618759
0.572261
0.493264
0.69464
0.649558
0.570753
0.120174
0.561086
0.605116
0.611869
0.318938
0.166282
0.600399
0.29606
0.643253
0.380578
0.557939
0.558832
0.638011
0.573167
0.631393
0.592418
0.584482
0.608185
0.330252
0.212872
0.251477
0.375676
0.526364
0.581396
0.630535
0.541182
0.639816
0.322108
0.412884
0.554553
0.280391
0.400628
0.345841
0.621166
0.674511
0.58456
0.564403
0.544505
0.300337
0.482387
0.658047
0.273146
0.576032
0.179717
0.400712
0.624273
0.582989
0.598548
0.513399
0.636497
0.584875
0.696923
0.329033
0.382946
0.648503
0.533289
0.62416
0.607216
0.562162
0.530567
0.591959
0.254957
0.340768
0.505261
0.425968
0.471423
0.232919
0.678044
0.66875
0.561693
0.236466
0.170994
0.602442
0.389113
0.694674
0.239668
0.412956
0.346815
0.592694
0.606115
0.360405
0.670561
0.563752
0.400275
0.553883
0.349294
0.546421
0.510255
0.395779
0.604545
0.675018
0.282647
0.328748
0.571002
0.624417
0.439472
0.7182
0.453544
0.266549
0.328584
0.526417
0.607292
0.575231
0.281016
0.609134
0.317969
0.63008
0.642427
0.585594
0.300413
0.427986
0.44143
0.49119
0.56919
0.607244
0.65523
0.313043
0.34793
0.465616
0.28455
0.47815
0.168315
0.687287
0.653874
0.196962
0.635233
0.170864
0.215729
0.674077
0.317916
0.651837
0.680974
0.313726
0.228795
0.414172
0.287607
0.587827
0.647268
0.228527
0.603152
0.1179
0.628647
0.332693
0.136471
0.243755
0.427555
0.28221
0.583209
0.502457
0.646019
0.331288
0.547177
0.598078
0.55634
0.5858
0.316694
0.619007
0.105606
0.211554
0.565016
0.594425
0.65186
0.270686
0.1631
0.644822
0.595357
0.664765
0.582155
0.302712
0.515249
0.46409
0.674011
0.670937
0.587556
0.636452
0.64498
0.382517
0.570719
0.288384
0.576725
0.611824
0.522021
0.559996
0.286563
0.504162
0.246018
0.626146
0.593724
0.55283
0.32425
0.165197
0.202911
0.615581
0.629776
0.633692
0.483037
0.385647
0.448326
0.655385
0.619248
0.610778
0.619533
0.473477
0.206521
0.662331
0.595712
0.472231
0.486212
0.298478
0.116975
0.270566
0.319498
0.633287
0.570139
0.279002
0.335887
0.0898479
0.0933562
0.648634
0.581792
0.168244
0.431286
0.563322
0.535983
0.694401
0.264605
0.54216
0.609762
0.544977
0.64852
0.390112
0.226658
0.484042
0.646764
0.530995
0.647033
0.361198
0.525185
0.144933
0.605007
0.603784
0.195771
0.386391
0.661756
0.655496
0.232353
0.570691
0.310866
0.622662
0.295636
0.451802
0.613452
0.161068
0.476907
0.531435
0.253451
0.630312
0.128409
0.261551
0.625485
0.580377
0.251742
0.590982
0.618356
0.585579
0.483908
0.456069
0.267611
0.65839
0.431967
0.318667
0.574243
0.481191
0.176909
0.630203
0.291125
0.647077
0.605117
0.474359
0.664807
0.231927
0.206344
0.422568
0.442982
0.27524
0.43285
0.22891
0.546932
0.441873
0.501506
0.284692
0.620681
0.494816
0.178404
0.358164
0.535297
0.452766
0.207917
0.357189
0.637805
0.412197
0.606578
0.109933
0.597974
0.381192
0.390154
0.471878
0.125458
0.640298
0.478269
0.270879
0.2809
0.558655
0.447219
0.535039
0.434027
0.437604
0.580081
0.53886
0.324599
0.191222
0.509188
0.661842
0.469272
0.605602
0.554045
0.599473
0.602347
0.321885
0.299881
0.649429
0.535025
0.298599
0.454425
0.300882
0.323057
0.616777
0.401994
0.571857
0.239078
0.274689
0.219778
0.625916
0.65912
0.623825
0.646089
0.636501
0.393422
0.633461
0.36194
0.354214
0.272632
0.283889
0.551346
0.244576
0.600182
0.681177
0.612916
0.543491
0.667824
0.554117
0.431164
0.376782
0.622956
0.586419
0.247459
0.671853
0.171258
0.151844
0.176336
0.366172
0.699996
0.406711
0.589661
0.13255
0.319934
0.269234
0.616994
0.624504
0.639054
0.495241
0.608447
0.432331
0.453736
0.169089
0.51897
0.532419
0.623995
0.666926
0.669079
0.627909
0.58852
0.0899254
0.66078
0.660603
0.541551
0.653072
0.133303
0.103172
0.539194
0.460901
0.284263
0.51664
0.635422
0.349317
0.40223
0.598137
0.350595
0.615976
0.475007
0.49993
0.537271
0.243166
0.270706
0.182553
0.415686
0.353898
0.653292
0.180461
0.337139
0.234176
0.613489
0.485755
0.310589
0.328403
0.677325
0.598222
0.33862
0.569194
0.572294
0.537737
0.582064
0.596915
0.567187
0.426787
0.23493
0.592474
0.199255
0.487013
0.561802
0.64065
0.589719
0.277596
0.535316
0.270354
0.402385
0.301145
0.445867
0.626039
0.21088
0.355233
0.264572
0.59808
0.630037
0.203007
0.587391
0.499288
0.117918
0.599249
0.588787
0.403039
0.503117
0.415494
0.105412
0.113042
0.311176
0.361698
0.373794
0.54966
0.273933
0.496685
0.58362
0.422729
0.216099
0.324311
0.509003
0.116435
0.647832
0.477852
0.320839
0.347712
0.679493
0.154353
0.37306
0.650297
0.591566
0.300375
0.568899
0.123524
0.592519
0.163171
0.529805
0.389988
0.519187
0.590149
0.585719
0.476181
0.215357
0.568875
0.729188
0.568974
0.635293
0.129229
0.242319
0.497434
0.592867
0.617637
0.609938
0.62782
0.561217
0.535558
0.327532
0.305418
0.637785
0.530783
0.253618
0.552027
0.290317
0.153249
0.346363
0.619746
0.645025
0.540932
0.589793
0.427223
0.142615
0.271676
0.272164
0.491888
0.552427
0.415649
0.407722
0.636583
0.148419
0.630887
0.198316
0.606384
0.316592
0.286342
0.600007
0.103699
0.474861
0.649608
0.563178
0.346959
0.122741
0.158943
0.417429
0.406637
0.462377
0.607003
0.649273
0.387163
0.592341
0.607378
0.344811
0.409137
0.413032
0.417116
0.312232
0.503214
0.480493
0.594358
0.553053
0.568906
0.592945
0.356544
0.259654
0.416897
0.559244
0.510718
0.552552
0.686692
0.18704
0.661853
0.398372
0.551575
0.439218
0.536855
0.662168
0.593713
0.588102
0.249261
0.493983
0.288818
0.600197
0.560771
0.242996
0.242803
0.665716
0.449226
0.616607
0.57586
0.296659
0.286596
0.605781
0.275032
0.491442
0.366603
0.5203
0.308627
0.366232
0.694017
0.254319
0.562445
0.638858
0.763007
0.296844
0.624577
0.614611
0.353345
0.373899
0.620501
0.278732
0.1096
0.569872
0.203499
0.618998
0.31639
0.265586
0.602262
0.54889
0.559879
0.409963
0.60871
0.227851
0.634261
0.620686
0.261689
0.731636
0.203282
0.390108
0.136312
0.615515
0.671232
0.582648
0.407495
0.571019
0.549251
0.584639
0.530823
0.451704
0.529223
0.55289
0.133741
0.268544
0.643375
0.103589
0.596825
0.682614
0.335947
0.387719
0.450173
0.572113
0.604917
0.613944
0.298409
0.649209
0.355855
0.314159
0.544126
0.371594
0.327265
0.277563
0.498739
0.60648
0.602826
0.147001
0.558938
0.10268
0.235407
0.625739
0.584537
0.295424
0.738906
0.597497
0.577467
0.592393
0.379085
0.339693
0.136766
0.421544
0.58624
0.590435
0.573328
0.375807
0.305176
0.186192
0.435359
0.395747
0.596946
0.279998
0.51046
0.603731
0.648309
0.56505
0.648695
0.594578
0.577717
0.304039
0.314815
0.322951
0.628193
0.242503
0.340428
0.626894
0.671154
0.572657
0.507754
0.637645
0.282869
0.718423
0.287348
0.615407
0.317453
0.263661
0.240076
0.302192
0.13997
0.486718
0.162765
0.132424
0.318399
0.286384
0.271711
0.417028
0.611485
0.283347
0.671745
0.607014
0.236386
0.326589
0.402205
0.441994
0.242493
0.158388
0.181626
0.183822
0.552516
0.594901
0.266523
0.378014
0.335128
0.628115
0.483589
0.278973
0.462633
0.297321
0.632489
0.247758
0.338664
0.392552
0.275214
0.337039
0.602993
0.492573
0.523237
0.29503
0.251208
0.580805
0.527309
0.168745
0.459131
0.63063
0.448891
0.582379
0.302705
0.443766
0.584509
0.159491
0.264204
0.639604
0.636039
0.680337
0.374592
0.305404
0.607902
0.265491
0.561906
0.273816
0.389754
0.605212
0.379431
0.563027
0.479849
0.633011
0.158877
0.482036
0.593838
0.585242
0.663372
0.609823
0.659917
0.579754
0.20144
0.63607
0.356024
0.553893
0.605913
0.456891
0.143982
0.33083
0.360873
0.586421
0.656483
0.439898
0.623643
0.309684
0.698378
0.104872
0.536786
0.572642
0.393342
0.422811
0.307205
0.0896511
0.455613
0.445734
0.656093
0.660949
0.667375
0.286569
0.308467
0.279314
0.289999
0.343536
0.621895
0.245029
0.643541
0.266733
0.483874
0.333555
0.367168
0.246398
0.410534
0.254955
0.273765
0.49186
0.637587
0.663884
0.354177
0.644381
0.599522
0.36322
0.565933
0.313032
0.326655
0.565906
0.627663
0.554802
0.164028
0.188906
0.302276
0.317327
0.666691
0.53782
0.340818
0.220826
0.518884
0.589719
0.145218
0.631877
0.608273
0.270499
0.480693
0.449444
0.671116
0.305895
0.682912
0.22077
0.399675
0.320447
0.426262
0.478326
0.630616
0.322571
0.350273
0.140792
0.268517
0.541386
0.338072
0.46431
0.611925
0.30322
0.602452
0.697927
0.378467
0.606483
0.233558
0.56769
0.696774
0.507554
0.597526
0.606904
0.561046
0.673064
0.634915
0.549107
0.109697
0.266348
0.710061
0.065326
0.423799
0.649977
0.53067
0.276324
0.624747
0.297514
0.300294
0.524736
0.679057
0.258131
0.590074
0.647298
0.286008
0.286119
0.291014
0.628232
0.567588
0.292068
0.416491
0.31736
0.170706
0.620677
0.313493
0.434482
0.245681
0.64381
0.237162
0.64468
0.632262
0.302774
0.54609
0.132863
0.604397
0.305073
0.184232
0.558553
0.292556
0.662833
0.495514
0.345168
0.616565
0.228949
0.408812
0.531707
0.539107
0.288169
0.253954
0.321439
0.321651
0.269037
0.606553
0.369365
0.460348
0.409896
0.619186
0.241317
0.674802
0.588578
0.614047
0.604935
0.300208
0.239766
0.58187
0.309692
0.583008
0.27791
0.72741
0.253203
0.646262
0.235146
0.404426
0.355779
0.280341
0.6311
0.274921
0.292409
0.300009
0.300101
0.689007
0.407693
0.683062
0.306523
0.26338
0.546767
0.320876
0.197234
0.462663
0.557893
0.580831
0.325744
0.361476
0.38712
0.331321
0.528204
0.230859
0.456919
0.590928
0.137537
0.526619
0.681451
0.33392
0.30384
0.104422
0.156351
0.362764
0.557975
0.627239
0.574806
0.0622032
0.547783
0.330596
0.34337
0.302468
0.122443
0.59271
0.662409
0.27745
0.279869
0.269776
0.459171
0.201048
0.398116
0.321103
0.357816
0.143376
0.233412
0.636193
0.614638
0.516324
0.524974
0.686733
0.451533
0.368591
0.424018
0.464744
0.588555
0.632362
0.6422
0.291946
0.605923
0.256509
0.142212
0.272503
0.595712
0.643621
0.182028
0.69651
0.624536
0.196619
0.214337
0.101644
0.433046
0.485816
0.25967
0.429865
0.332445
0.27651
0.444003
0.567896
0.226464
0.655679
0.320773
0.244634
0.269857
0.478449
0.351056
0.561086
0.106031
0.658111
0.370856
0.345604
0.65098
0.538083
0.669607
0.552371
0.367524
0.627561
0.325395
0.350564
0.247953
0.180512
0.574481
0.612233
0.508418
0.284158
0.588466
0.457336
0.463784
0.417419
0.310087
0.224292
0.510926
0.342357
0.249987
0.172676
0.266272
0.553307
0.633511
0.657073
0.680361
0.623367
0.378584
0.549548
0.465058
0.64947
0.363419
0.326968
0.219656
0.584919
0.509663
0.532073
0.675432
0.441644
0.650474
0.331848
0.241352
0.62756
0.38465
0.254864
0.282048
0.284135
0.326317
0.653411
0.530753
0.302035
0.58495
0.281971
0.356806
0.681929
0.576892
0.268713
0.293185
0.630398
0.551383
0.535061
0.439828
0.622621
0.503823
0.663966
0.618301
0.595552
0.319149
0.44087
0.292478
0.186434
0.605791
0.41238
0.384633
0.320248
0.10736
0.467908
0.314421
0.377542
0.403414
0.654084
0.6726
0.626459
0.602205
0.466289
0.639666
0.58506
0.525906
0.284453
0.489079
0.59465
0.226686
0.535286
0.459568
0.538816
0.567577
0.205245
0.351831
0.625047
0.646582
0.330257
0.241103
0.462002
0.450404
0.612391
0.514755
0.507325
0.630667
0.417884
0.59039
0.293659
0.628268
0.650968
0.594286
0.45587
0.146619
0.60501
0.474638
0.628574
0.367585
0.405813
0.461516
0.669737
0.363278
0.288692
0.589412
0.392568
0.347623
0.583836
0.321399
0.616782
0.303991
0.247952
0.29226
0.10396
0.75395
0.56367
0.314943
0.578325
0.540068
0.614038
0.198552
0.225678
0.537557
0.138037
0.42109
0.415457
0.184037
0.204591
0.237721
0.289837
0.560179
0.641435
0.481454
0.572436
0.231345
0.719388
0.184961
0.379375
0.392482
0.201607
0.487298
0.304479
0.225973
0.402054
0.281169
0.401026
0.296662
0.607309
0.133928
0.307122
0.120044
0.0936664
0.562746
0.539707
0.318868
0.254223
0.255696
0.647054
0.306155
0.65709
0.158278
0.431781
0.450606
0.586255
0.204148
0.675521
0.429357
0.61346
0.219288
0.393312
0.139594
0.43053
0.534728
0.481582
0.310303
0.664217
0.320699
0.425529
0.715718
0.121893
0.351204
0.37409
0.55917
0.209958
0.643597
0.316299
0.411972
0.218986
0.302524
0.584472
0.583278
0.552997
0.283993
0.205877
0.633215
0.695787
0.466059
0.627289
0.592992
0.595749
0.242944
0.656466
0.625442
0.532127
0.199887
0.281256
0.457401
0.645494
0.591732
0.647043
0.275443
0.349831
0.316955
0.26218
0.304241
0.346029
0.229395
0.58171
0.277034
0.644278
0.459332
0.164094
0.292614
0.26081
0.589425
0.585377
0.393785
0.265856
0.612389
0.43324
0.533715
0.0983755
0.597157
0.315149
0.610944
0.207901
0.586586
0.688219
0.336698
0.401244
0.402065
0.590948
0.39806
0.372632
0.585336
0.640778
0.579502
0.0388525
0.625944
0.413585
0.297624
0.287131
0.582167
0.33792
0.293245
0.13711
0.346884
0.494592
0.64742
0.205007
0.579652
0.318631
0.666593
0.663507
0.533731
0.331071
0.300006
0.622114
0.310523
0.250981
0.647397
0.269548
0.402167
0.587114
0.530713
0.452482
0.55321
0.150897
0.668938
0.580279
0.614827
0.295529
0.359481
0.339061
0.586611
0.606381
0.646227
0.567717
0.273694
0.374694
0.249818
0.22809
0.617074
0.461025
0.197292
0.514688
0.326081
0.282687
0.610393
0.558922
0.542611
0.58232
0.593588
0.252287
0.622384
0.622937
0.237626
0.595566
0.424153
0.423825
0.502096
0.601098
0.575682
0.616563
0.330379
0.283041
0.477357
0.358972
0.551184
0.597709
0.622445
0.271746
0.593796
0.574898
0.196058
0.101548
0.333728
0.640876
0.35347
0.535165
0.272194
0.43349
0.269605
0.475861
0.52979
0.62166
0.55598
0.341213
0.558914
0.535128
0.385908
0.567314
0.127864
0.547936
0.163889
0.278166
0.710791
0.491704
0.673912
0.370816
0.213603
0.358536
0.250754
0.290897
0.588364
0.566162
0.227614
0.243083
0.455435
0.161534
0.547057
0.304753
0.406591
0.4998
0.33579
0.27884
0.567851
0.610015
0.602938
0.648166
0.405789
0.149149
0.563637
0.608208
0.609245
0.443135
0.538782
0.100897
0.644118
0.271545
0.286932
0.286245
0.244222
0.537731
0.263584
0.508426
0.593128
0.128859
0.536904
0.292244
0.636864
0.50045
0.277993
0.402938
0.199334
0.127716
0.538318
0.598384
0.446112
0.27799
0.0562452
0.547467
0.653199
0.280295
0.297462
0.559478
0.493997
0.63442
0.433552
0.324122
0.280788
0.469899
0.505833
0.313084
0.422247
0.544685
0.286347
0.568271
0.398885
0.553768
0.223102
0.669376
0.121915
0.20167
0.642238
0.4176
0.130406
0.627583
0.505274
0.0973681
0.547921
0.614735
0.642466
0.303671
0.169374
0.601272
0.639865
0.612472
0.41478
0.338284
0.658914
0.298007
0.592742
0.552762
0.242296
0.349983
0.269445
0.620994
0.644295
0.588951
0.314631
0.686163
0.316646
0.584375
0.247784
0.592687
0.313834
0.311273
0.517091
0.572801
0.559022
0.145135
0.248633
0.596364
0.601568
0.440915
0.315739
0.561994
0.518939
0.297882
0.465631
0.621641
0.313458
0.500935
0.332472
0.413938
0.0951031
0.561911
0.282894
0.441584
0.708979
0.713311
0.556355
0.31118
0.551294
0.636792
0.45947
0.578759
0.633813
0.677196
0.291602
0.0781687
0.589199
0.617659
0.330267
0.354279
0.233697
0.234471
0.599537
0.26452
0.603374
0.571147
0.554379
0.513859
0.59343
0.256406
0.553634
0.516065
0.274928
0.616766
0.61358
0.680252
0.653224
0.278996
0.289203
0.31511
0.581479
0.434384
0.55902
0.478859
0.643797
0.629758
0.172005
0.550805
0.677069
0.592341
0.516889
0.348333
0.494541
0.641218
0.555323
0.394688
0.583154
0.552615
0.644594
0.634502
0.354927
0.622718
0.454596
0.271986
0.588115
0.330161
0.613171
0.383017
0.531372
0.696055
0.36492
0.427451
0.592633
0.595826
0.355098
0.623772
0.644763
0.330586
0.455286
0.631177
0.500845
0.321827
0.625853
0.200037
0.522709
0.329329
0.323147
0.267298
0.287815
0.436092
0.435676
0.302178
0.643491
0.275789
0.33147
0.668903
0.646087
0.580359
0.272971
0.162211
0.655465
0.542449
0.621531
0.534118
0.508926
0.377568
0.559983
0.264478
0.393501
0.61185
0.352385
0.298652
0.627988
0.274985
0.654491
0.620257
0.434523
0.549227
0.629289
0.60441
0.454955
0.521727
0.257403
0.668926
0.296093
0.651535
0.473445
0.66471
0.616421
0.543028
0.674595
0.629294
0.257634
0.483658
0.600042
0.298469
0.509215
0.308844
0.621038
0.275484
0.616747
0.587739
0.254611
0.594289
0.680131
0.611056
0.586597
0.385289
0.468865
0.230612
0.365569
0.615638
0.376106
0.64237
0.524358
0.312613
0.575825
0.106356
0.281933
0.292442
0.491446
0.292579
0.659648
0.423951
0.247056
0.554738
0.431133
0.660067
0.522347
0.307115
0.293503
0.580548
0.495727
0.406673
0.276809
0.284507
0.323155
0.243257
0.608982
0.325298
0.61953
0.303803
0.605774
0.197254
0.671743
0.619531
0.626488
0.448717
0.0894509
0.550728
0.629279
0.193872
0.239117
0.595106
0.594234
0.44646
0.653599
0.2824
0.539792
0.316256
0.270789
0.411451
0.669168
0.642981
0.414732
0.674237
0.589815
0.57452
0.614851
0.307453
0.316963
0.589685
0.405459
0.620487
0.620773
0.558879
0.23598
0.525079
0.426636
0.660478
0.606723
0.615657
0.647256
0.52411
0.0952588
0.657077
0.589829
0.521475
0.636745
0.608985
0.551617
0.328496
0.347325
0.599182
0.432426
0.763451
0.164436
0.623258
0.547734
0.200278
0.608607
0.258634
0.307542
0.578535
0.627922
0.589306
0.601993
0.447952
0.351588
0.380377
0.700395
0.483547
0.541992
0.60156
0.28133
0.28462
0.338498
0.195659
0.273626
0.616714
0.223653
0.614652
0.538109
0.669624
0.331912
0.633667
0.176489
0.281627
0.522118
0.475415
0.672071
0.648533
0.284047
0.584307
0.667372
0.715985
0.671987
0.145086
0.446054
0.672206
0.646695
0.313768
0.566729
0.647139
0.635489
0.358727
0.158981
0.336999
0.185629
0.649326
0.305801
0.635724
0.664441
0.308742
0.378433
0.160964
0.266809
0.433375
0.622458
0.606387
0.302221
0.499167
0.313325
0.466175
0.584337
0.537797
0.6595
0.269823
0.485556
0.524114
0.586826
0.318564
0.253899
0.41973
0.289603
0.493253
0.556862
0.657695
0.267036
0.675119
0.382745
0.596696
0.14676
0.680076
0.570485
0.113718
0.261952
0.308032
0.633909
0.547431
0.480191
0.248211
0.44296
0.659658
0.239416
0.693365
0.586877
0.280499
0.498684
0.671322
0.673612
0.307525
0.211434
0.519543
0.622864
0.122072
0.670567
0.606928
0.65941
0.353074
0.412399
0.668692
0.208205
0.631433
0.545517
0.295124
0.56228
0.638511
0.251896
0.573215
0.635714
0.310265
0.605397
0.440994
0.4001
0.653479
0.69919
0.592991
0.647998
0.34086
0.393246
0.48958
0.201364
0.225215
0.346969
0.634276
0.228169
0.224176
0.430483
0.27259
0.523664
0.311041
0.276002
0.651824
0.644607
0.248141
0.641096
0.58728
0.313839
0.315123
0.656351
0.638719
0.533233
0.517392
0.690885
0.696068
0.176074
0.514565
0.64146
0.319687
0.397849
0.500598
0.589828
0.258597
0.598043
0.467013
0.466322
0.278408
0.407637
0.223503
0.5909
0.567334
0.55544
0.363808
0.639884
0.66484
0.311729
0.622966
0.300443
0.660368
0.6343
0.265074
0.513598
0.34594
0.654001
0.621342
0.252413
0.367696
0.506555
0.633072
0.413642
0.242689
0.513442
0.596212
0.526626
0.47695
0.340159
0.64521
0.112417
0.630543
0.384909
0.393528
0.633497
0.580193
0.630345
0.325889
0.44994
0.630915
0.379956
0.298934
0.670533
0.601267
0.320012
0.489633
0.653659
0.652097
0.281694
0.526362
0.502055
0.539276
0.413325
0.635789
0.62446
0.563367
0.571967
0.575498
0.277111
0.635949
0.269376
0.459376
0.401843
0.420293
0.557219
0.550584
0.343525
0.636
0.610484
0.644005
0.37688
0.636672
0.575808
0.643106
0.526054
0.559566
0.282232
0.40981
0.531382
0.316642
0.629459
0.565323
0.603584
0.367897
0.593807
0.563425
0.654557
0.583443
0.676
0.607068
0.130669
0.577183
0.554379
0.714277
0.452502
0.527701
0.596654
0.543151
0.61465
0.588854
0.614229
0.544244
0.602285
0.51869
0.634851
0.175015
0.380551
0.547575
0.552917
0.646197
0.506442
0.399756
0.604855
0.681066
0.344838
0.309908
0.323033
0.681072
0.282801
0.483308
0.530174
0.446689
0.597493
0.44311
0.274854
0.479593
0.260868
0.628014
0.615808
0.619384
0.192167
0.569372
0.659214
0.576371
0.593398
0.5778
0.498699
0.405844
0.413861
0.350652
0.533906
0.248578
0.297373
0.202547
0.647381
0.626489
0.685947
0.658997
0.607912
0.592317
0.175932
0.289461
0.528783
0.422331
0.327591
0.338043
0.428132
0.331259
0.692217
0.500458
0.695657
0.157036
0.25216
0.424021
0.368003
0.230137
0.667048
0.569781
0.285922
0.384688
0.314301
0.416241
0.574969
0.561929
0.579477
0.58763
0.162774
0.602973
0.653133
0.541755
0.152589
0.310083
0.576783
0.589171
0.543622
0.733982
0.423095
0.629164
0.600586
0.317732
0.379967
0.544096
0.483408
0.476255
0.371684
0.625966
0.576869
0.310142
0.277577
0.344239
0.504484
0.512869
0.608394
0.271197
0.60869
0.36753
0.605105
0.140516
0.645671
0.684446
0.50256
0.55976
0.264786
0.592564
0.624238
0.285854
0.40526
0.261075
0.294324
0.591939
0.296295
0.312974
0.604978
0.617555
0.374886
0.276775
0.29379
0.603907
0.600382
0.631194
0.34721
0.537807
0.624747
0.485813
0.568967
0.348731
0.280274
0.508451
0.286456
0.567868
0.387991
0.227564
0.374465
0.680797
0.36343
0.425684
0.131673
0.315813
0.292118
0.571471
0.51891
0.477651
0.261812
0.678263
0.519901
0.370277
0.249205
0.344322
0.429708
0.291724
0.670541
0.408064
0.663865
0.329322
0.295524
0.572865
0.489499
0.626255
0.66908
0.567987
0.113096
0.388867
0.241408
0.287499
0.59015
0.27176
0.285632
0.462247
0.575351
0.386628
0.0919952
0.202385
0.151536
0.201633
0.42952
0.551905
0.368434
0.138312
0.635953
0.391307
0.669811
0.36981
0.685967
0.626268
0.786451
0.254419
0.290172
0.353361
0.559974
0.666144
0.442248
0.30779
0.30384
0.293456
0.336818
0.359598
0.455597
0.293131
0.658222
0.287604
0.180747
0.662185
0.316477
0.674409
0.309799
0.509375
0.364535
0.354779
0.665555
0.33647
0.572204
0.132326
0.381095
0.779072
0.421829
0.60255
0.645483
0.391274
0.625419
0.266799
0.275324
0.37927
0.364273
0.220482
0.181265
0.289112
0.706631
0.0729775
0.401231
0.328895
0.351117
0.295966
0.650116
0.297434
0.631046
0.313682
0.671235
0.223798
0.650566
0.270613
0.319072
0.293874
0.33907
0.281107
0.352557
0.240459
0.562229
0.622299
0.577105
0.318751
0.384297
0.631384
0.315239
0.526116
0.378227
0.414609
0.340666
0.634676
0.635828
0.402538
0.605353
0.671657
0.664715
0.599132
0.645346
0.580937
0.546664
0.241152
0.63272
0.261716
0.266769
0.40739
0.602739
0.347295
0.260386
0.249756
0.282446
0.303075
0.333162
0.64425
0.355086
0.653687
0.347484
0.534913
0.319509
0.163274
0.609868
0.288856
0.507544
0.534277
0.320478
0.378206
0.528434
0.398175
0.457163
0.6632
0.476891
0.624482
0.271622
0.527036
0.59552
0.521186
0.581152
0.700303
0.374225
0.616753
0.599064
0.261955
0.639865
0.633981
0.263804
0.535379
0.373523
0.252341
0.318916
0.351671
0.663147
0.244625
0.610846
0.290039
0.24218
0.610235
0.398566
0.454788
0.7036
0.408589
0.361001
0.351761
0.362483
0.451169
0.389193
0.351781
0.337857
0.335557
0.465022
0.518836
0.547342
0.566912
0.284134
0.372028
0.201995
0.668432
0.340323
0.510742
0.337288
0.39393
0.238555
0.268906
0.395288
0.318756
0.395504
0.668645
0.380462
0.424648
0.694594
0.693718
0.232321
0.0645261
0.640254
0.246322
0.245534
0.621582
0.388844
0.572796
0.5239
0.612099
0.462261
0.275209
0.583263
0.593024
0.260961
0.301303
0.208345
0.538823
0.403451
0.334692
0.685048
0.609065
0.333675
0.231625
0.368611
0.586599
0.6132
0.167959
0.578519
0.48638
0.512048
0.737126
0.169602
0.365443
0.598187
0.554305
0.590978
0.31292
0.302433
0.38497
0.34025
0.336201
0.31713
0.291359
0.61982
0.393994
0.672942
0.428506
0.664537
0.698316
0.288102
0.246301
0.363701
0.544863
0.438819
0.701988
0.343581
0.439585
0.631776
0.221338
0.407295
0.649194
0.264812
0.466397
0.125493
0.340944
0.509173
0.599653
0.15625
0.454565
0.414006
0.690378
0.270001
0.627145
0.383196
0.359707
0.34045
0.309355
0.423292
0.678895
0.536617
0.655853
0.372511
0.345045
0.680549
0.348904
0.649726
0.367191
0.610394
0.623714
0.456021
0.606174
0.121643
0.624334
0.579797
0.66822
0.52034
0.543391
0.307502
0.0858967
0.555793
0.3987
0.57075
0.280441
0.199709
0.353856
0.492494
0.343805
0.251935
0.349115
0.505128
0.130783
0.662126
0.598267
0.557637
0.353949
0.592118
0.280681
0.647193
0.589136
0.490976
0.589628
0.388335
0.645556
0.354593
0.451884
0.656781
0.612602
0.577131
0.317095
0.296673
0.549039
0.242521
0.642424
0.260335
0.587816
0.19646
0.324595
0.654311
0.465245
0.290199
0.634489
0.153625
0.262573
0.650556
0.109624
0.216354
0.191796
0.108381
0.0959702
0.402993
0.276803
0.598749
0.610519
0.657206
0.606911
0.247144
0.247341
0.652198
0.686374
0.3305
0.654073
0.540248
0.265163
0.711407
0.63128
0.321257
0.553602
0.5942
0.308834
0.246602
0.321522
0.580252
0.600474
0.653591
0.342661
0.165158
0.175913
0.537036
0.363118
0.619906
0.35562
0.613004
0.603434
0.417688
0.145266
0.588406
0.469393
0.246552
0.565904
0.270523
0.284338
0.671287
0.58116
0.601497
0.657335
0.317842
0.347313
0.132747
0.575776
0.434049
0.62793
0.569096
0.729408
0.652206
0.306426
0.602641
0.219313
0.48136
0.289662
0.502793
0.299906
0.535674
0.155081
0.668685
0.661764
0.304655
0.598303
0.611296
0.336865
0.667672
0.623198
0.279587
0.323221
0.258495
0.601931
0.275415
0.401905
0.46845
0.342779
0.634725
0.316729
0.56102
0.674716
0.371843
0.585957
0.671064
0.60292
0.539495
0.374975
0.636038
0.548439
0.587944
0.352997
0.256775
0.318681
0.202007
0.651548
0.614125
0.632975
0.682784
0.105623
0.509038
0.58205
0.29835
0.374163
0.291891
0.650341
0.647544
0.2145
0.430145
0.348664
0.228588
0.343934
0.278073
0.314845
0.402963
0.51296
0.21634
0.572967
0.575059
0.135469
0.485802
0.481931
0.380895
0.233976
0.336894
0.502583
0.548314
0.319684
0.392927
0.227106
0.353505
0.412626
0.30266
0.613805
0.33728
0.215554
0.534403
0.348658
0.627575
0.325041
0.243194
0.518715
0.259497
0.302891
0.360669
0.256542
0.236988
0.140279
0.632979
0.745207
0.353556
0.357402
0.555336
0.188675
0.377259
0.71551
0.445654
0.0756705
0.388774
0.540717
0.643816
0.618181
0.338464
0.138138
0.57826
0.31453
0.59945
0.281362
0.153889
0.248928
0.374023
0.647219
0.600945
0.336544
0.524683
0.538915
0.150489
0.407323
0.122772
0.326484
0.335797
0.31144
0.464472
0.235583
0.363598
0.485073
0.451593
0.320934
0.533995
0.607318
0.35766
0.403045
0.494538
0.312338
0.690502
0.422466
0.327665
0.254539
0.544624
0.361352
0.180728
0.714557
0.366
0.597902
0.524742
0.456641
0.26176
0.456238
0.535276
0.660497
0.319399
0.309449
0.228709
0.139361
0.381808
0.356212
0.644582
0.180767
0.40836
0.0998893
0.544307
0.497639
0.639548
0.32543
0.557042
0.637205
0.379245
0.250416
0.429929
0.358093
0.223551
0.330296
0.33803
0.192951
0.358732
0.279288
0.364927
0.239516
0.303248
0.149018
0.2468
0.655139
0.638589
0.631487
0.602984
0.672148
0.277612
0.685012
0.64411
0.29908
0.607415
0.292208
0.589518
0.229962
0.619528
0.621218
0.592576
0.424489
0.227069
0.628972
0.632131
0.379986
0.250384
0.452954
0.582135
0.435312
0.611451
0.67978
0.370313
0.607514
0.138042
0.121471
0.493109
0.494479
0.584208
0.477057
0.315566
0.299753
0.252151
0.538245
0.260681
0.219849
0.514473
0.564002
0.602488
0.622596
0.222095
0.631865
0.61571
0.304537
0.288041
0.489121
0.588787
0.266882
0.331421
0.365692
0.331844
0.524225
0.389848
0.563788
0.658678
0.305106
0.67937
0.620384
0.573854
0.260763
0.699504
0.351669
0.638976
0.603576
0.204883
0.580478
0.662672
0.543978
0.534276
0.595461
0.348517
0.139329
0.153854
0.591015
0.573503
0.204383
0.642221
0.496765
0.54603
0.691802
0.116363
0.595613
0.630269
0.506283
0.511867
0.581916
0.708902
0.549239
0.621424
0.659906
0.589758
0.238892
0.391256
0.194147
0.309207
0.484957
0.641668
0.368638
0.63821
0.26103
0.248867
0.646756
0.498172
0.28613
0.374485
0.373825
0.637697
0.174145
0.532567
0.398898
0.628541
0.468617
0.0895665
0.661489
0.282233
0.318432
0.59464
0.294289
0.457497
0.321409
0.699537
0.507723
0.063232
0.302474
0.0993752
0.555807
0.121348
0.643728
0.326169
0.390752
0.434831
0.616026
0.383773
0.678132
0.150131
0.564263
0.264402
0.517365
0.586236
0.662541
0.195906
0.263883
0.125003
0.517409
0.517832
0.254472
0.646653
0.10902
0.324505
0.642415
0.263675
0.337035
0.365518
0.235452
0.681251
0.588939
0.217173
0.220138
0.5824
0.40503
0.61429
0.624692
0.593618
0.389298
0.669973
0.274976
0.314029
0.142516
0.64119
0.169185
0.341045
0.640167
0.557603
0.568097
0.256008
0.316867
0.534292
0.435165
0.274201
0.674569
0.619872
0.543033
0.168603
0.652399
0.184563
0.168122
0.511791
0.302669
0.438979
0.503648
0.418412
0.148602
0.0876723
0.702029
0.343186
0.238485
0.103998
0.651822
0.261462
0.270738
0.649231
0.595163
0.302927
0.245484
0.495252
0.421781
0.583946
0.436347
0.125
0.482245
0.32494
0.431346
0.361342
0.398815
0.339408
0.326073
0.267093
0.125456
0.338051
0.288201
0.180345
0.552407
0.639
0.600197
0.293787
0.354676
0.126124
0.642344
0.386692
0.277591
0.271651
0.149877
0.666772
0.576499
0.283007
0.337072
0.315651
0.141662
0.128023
0.632725
0.466051
0.554145
0.582964
0.141274
0.682711
0.636317
0.239805
0.381066
0.577954
0.324071
0.732658
0.619113
0.64301
0.172633
0.54276
0.15779
0.548682
0.494256
0.39908
0.294634
0.386098
0.4582
0.380695
0.428004
0.407677
0.559135
0.242741
0.131518
0.611201
0.347329
0.600433
0.598906
0.357895
0.0814852
0.584873
0.627294
0.439557
0.674447
0.298284
0.104537
0.650561
0.396896
0.665138
0.560231
0.558371
0.241631
0.277024
0.158109
0.584026
0.259604
0.593353
0.507135
0.672186
0.162495
0.262623
0.273356
0.121732
0.329516
0.403118
0.61921
0.576263
0.618941
0.365587
0.416145
0.529762
0.476935
0.625788
0.494986
0.108302
0.62451
0.209467
0.652396
0.557937
0.610197
0.64851
0.733375
0.4115
0.261932
0.361746
0.611709
0.313433
0.221927
0.256707
0.14666
0.601191
0.386478
0.536889
0.482864
0.616091
0.593986
0.204803
0.579272
0.617818
0.25239
0.460604
0.118012
0.12361
0.374204
0.681483
0.241813
0.363689
0.250758
0.622189
0.562096
0.316658
0.348391
0.651383
0.354694
0.450975
0.463897
0.361002
0.565644
0.588475
0.616858
0.27108
0.472052
0.629688
0.626923
0.595551
0.646947
0.530728
0.611687
0.220533
0.313317
0.177927
0.231953
0.297536
0.565622
0.2044
0.274813
0.116135
0.452402
0.745244
0.23116
0.519145
0.506259
0.130197
0.659896
0.119323
0.614067
0.132699
0.251815
0.625164
0.613153
0.602525
0.574556
0.593103
0.488339
0.316346
0.538819
0.640862
0.153139
0.640741
0.209054
0.24605
0.518939
0.336027
0.660741
0.636878
0.594558
0.334544
0.214748
0.360109
0.645924
0.408768
0.274273
0.310149
0.605613
0.357061
0.197377
0.455611
0.639728
0.561395
0.379737
0.509787
0.172967
0.710508
0.64775
0.637096
0.663631
0.22925
0.149724
0.702413
0.623939
0.287359
0.565642
0.282841
0.234944
0.156555
0.273389
0.666808
0.566379
0.442253
0.760423
0.160694
0.139529
0.18468
0.166152
0.204448
0.525998
0.654562
0.265585
0.395066
0.711286
0.226044
0.347015
0.0556099
0.158215
0.448623
0.72156
0.441989
0.632076
0.209792
0.579666
0.529723
0.623209
0.396659
0.33501
0.427068
0.628383
0.375707
0.239032
0.500039
0.10701
0.350562
0.141291
0.160287
0.150138
0.190629
0.641908
0.198061
0.610062
0.156317
0.495089
0.745647
0.197332
0.521519
0.422135
0.501366
0.108215
0.67003
0.337853
0.678366
0.647205
0.150904
0.553418
0.590998
0.628961
0.172528
0.134918
0.251424
0.203684
0.582714
0.630547
0.67055
0.621495
0.214299
0.213666
0.295031
0.0985944
0.650268
0.52837
0.241802
0.625894
0.583806
0.129276
0.257457
0.481557
0.633922
0.590907
0.16104
0.51114
0.189867
0.693625
0.235551
0.190884
0.274573
0.402339
0.423308
0.1379
0.56403
0.133808
0.612129
0.613973
0.313803
0.184216
0.125927
0.330314
0.156405
0.690116
0.304746
0.393546
0.154576
0.558846
0.207484
0.123602
0.608512
0.337627
0.605908
0.650877
0.63046
0.203171
0.587689
0.399632
0.223452
0.307115
0.21008
0.62883
0.271571
0.0981581
0.58444
0.654111
0.19248
0.273704
0.194777
0.563621
0.245766
0.638857
0.370234
0.45067
0.451944
0.320745
0.139759
0.10092
0.53191
0.445144
0.21166
0.116506
0.449552
0.225703
0.141893
0.206696
0.503224
0.149341
0.578175
0.499864
0.40554
0.548836
0.212296
0.577297
0.653878
0.572747
0.494916
0.139411
0.183395
0.445534
0.210773
0.291208
0.441786
0.123183
0.127958
0.517181
0.422907
0.118349
0.0443535
0.259069
0.532622
0.338056
0.0999637
0.280367
0.62864
0.122156
0.624146
0.321674
0.302314
0.145085
0.337459
0.196022
0.588688
0.215942
0.165561
0.63318
0.640691
0.562529
0.348766
0.618469
0.607663
0.194365
0.570254
0.667159
0.602513
0.515193
0.332763
0.124926
0.244202
0.674876
0.642308
0.551558
0.607553
0.275328
0.512628
0.606519
0.430982
0.320991
0.610615
0.132768
0.156793
0.12805
0.156076
0.353276
0.614817
0.498139
0.172964
0.639169
0.323583
0.6133
0.627723
0.453958
0.311758
0.659045
0.429765
0.603298
0.481996
0.198547
0.564143
0.438215
0.095077
0.666491
0.559902
0.603518
0.0402328
0.616845
0.708149
0.149996
0.562138
0.640834
0.174607
0.158642
0.620134
0.608523
0.613683
0.609394
0.115978
0.117243
0.417572
0.376243
0.135516
0.61715
0.654799
0.605856
0.520155
0.681918
0.63841
0.0868769
0.343845
0.63222
0.543809
0.659999
0.57035
0.221184
0.470692
0.663521
0.583148
0.105989
0.179242
0.675599
0.28105
0.674347
0.590445
0.441872
0.595503
0.496788
0.566561
0.534044
0.164297
0.396952
0.711103
0.565451
0.186716
0.638064
0.152302
0.120503
0.468687
0.298502
0.548748
0.571322
0.591528
0.537197
0.61737
0.175639
0.647661
0.634896
0.580801
0.237712
0.616537
0.608826
0.148197
0.64018
0.711481
0.595151
0.118784
0.585613
0.490685
0.599119
0.627712
0.127123
0.473868
0.126392
0.105966
0.197949
0.567682
0.175862
0.0936041
0.601945
0.583983
0.54024
0.683348
0.104273
0.655983
0.511203
0.542188
0.0935233
0.442241
0.563518
0.206733
0.676805
0.623632
0.152889
0.152203
0.290548
0.344177
0.651955
0.586311
0.126108
0.163919
0.590625
0.67359
0.312807
0.65388
0.617039
0.273879
0.429043
  </DataArray>
  <DataArray type = "Float64" Name="Vitesse" NumberOfComponents="3" format="ascii">
0 0 0.0 
0 0 0.0 
0 0 0.0 
0 0 0.0 
0 0 0.0 
0 0 0.0 
0 0 0.0 
0 0 0.0 
0.0156921 7.96985e-05 0.0 
0.000272937 -9.72093e-05 0.0 
0 0 0.0 
0 0 0.0 
0.0238166 0.000734638 0.0 
0 0 0.0 
0.0181532 -0.000131491 0.0 
0 0 0.0 
0 0 0.0 
0.000928102 -0.000655092 0.0 
0 0 0.0 
0.00748898 -2.24841e-06 0.0 
0 0 0.0 
0.0341918 0.054511 0.0 
0 0 0.0 
0 0 0.0 
0 0 0.0 
0 0 0.0 
0 0 0.0 
0 0 0.0 
0 0 0.0 
0.016087 -9.26925e-05 0.0 
0.00237919 -0.000665772 0.0 
0 0 0.0 
0 0 0.0 
0 0 0.0 
0 0 0.0 
0 0 0.0 
0.226979 0.000366224 0.0 
0 0 0.0 
0 0 0.0 
0 0 0.0 
0.00847014 0.00681209 0.0 
0 0 0.0 
0 0 0.0 
0.00221692 -0.00297723 0.0 
0.0127036 4.28707e-05 0.0 
0.302754 -0.0285145 0.0 
7.42309e-05 -0.000124611 0.0 
0 0 0.0 
0 0 0.0 
0 0 0.0 
0.0102107 0.000119511 0.0 
0.0107203 -2.22316e-05 0.0 
0 0 0.0 
0.0128177 0.0103233 0.0 
0.0153899 -0.000488186 0.0 
0 0 0.0 
0.00886168 2.39632e-05 0.0 
0.029564 -9.75125e-05 0.0 
0.0105226 8.26412e-05 0.0 
0 0 0.0 
0 0 0.0 
0 0 0.0 
0.087052 -0.00152822 0.0 
-1.67923e-05 -4.76036e-05 0.0 
0 0 0.0 
0.00870355 0.00431307 0.0 
0 0 0.0 
0.00817777 0.00735747 0.0 
0.0159287 -5.03055e-05 0.0 
0 0 0.0 
0.00451707 2.54912e-07 0.0 
0 0 0.0 
0.000528834 -0.000394548 0.0 
0.000989685 -0.000889554 0.0 
0 0 0.0 
0 0 0.0 
0 0 0.0 
0.0096123 2.83035e-05 0.0 
0 0 0.0 
0 0 0.0 
0 0 0.0 
3.00197e-05 -2.10336e-05 0.0 
0 0 0.0 
0 0 0.0 
0.00912215 7.31154e-05 0.0 
0 0 0.0 
0.00208681 0.000810935 0.0 
0 0 0.0 
0.000149253 -9.14586e-05 0.0 
0 0 0.0 
0.010955 4.97164e-05 0.0 
0.0648706 0.0224566 0.0 
0 0 0.0 
0.00248129 -6.67789e-06 0.0 
0 0 0.0 
0 0 0.0 
0.0371601 0.000340322 0.0 
0 0 0.0 
0.0111428 4.05819e-05 0.0 
0.00703981 9.44494e-06 0.0 
0.00145495 -0.000459812 0.0 
0 0 0.0 
0.0109672 8.3996e-06 0.0 
0 0 0.0 
0.00934398 -1.09153e-06 0.0 
0 0 0.0 
0.00766455 -1.07039e-05 0.0 
0 0 0.0 
0.0323297 0.000770239 0.0 
0 0 0.0 
0 0 0.0 
0.00630638 -0.00495414 0.0 
0.00722294 -1.79799e-05 0.0 
0 0 0.0 
0.0192911 0.000129615 0.0 
0 0 0.0 
0.00669709 -3.39359e-05 0.0 
0.0102494 1.35753e-05 0.0 
0.013961 6.01941e-06 0.0 
0 0 0.0 
0 0 0.0 
0.0125202 1.36338e-05 0.0 
0.00823405 -7.84195e-06 0.0 
0 0 0.0 
0.0119166 -5.39061e-05 0.0 
0.00272609 -0.00147586 0.0 
0.0027547 2.65322e-05 0.0 
-9.125e-06 -0.000158873 0.0 
0 0 0.0 
0.0020414 1.73225e-05 0.0 
3.75614e-05 -0.000271416 0.0 
0 0 0.0 
0.0386933 5.27451e-05 0.0 
0 0 0.0 
0.00949399 -0.000114065 0.0 
0.000550429 0 0.0 
0 0 0.0 
0 0 0.0 
0.00159381 -0.00203576 0.0 
0 0 0.0 
0 0 0.0 
0 0 0.0 
0 0 0.0 
0.000373165 0.000558278 0.0 
0.00218319 -2.34256e-06 0.0 
0 0 0.0 
0.0253951 -0.000101397 0.0 
0 0 0.0 
0.0505991 -0.000717586 0.0 
0 0 0.0 
0.000449833 0.000176491 0.0 
0.00969012 2.18061e-05 0.0 
0.193112 0.00959449 0.0 
0 0 0.0 
0.00102016 0.00223148 0.0 
0 0 0.0 
0.00261871 -0.00104432 0.0 
0 0 0.0 
0.0175787 0.000439759 0.0 
0.00485618 2.17701e-05 0.0 
0 0 0.0 
0.108339 0.00477798 0.0 
0 0 0.0 
0 0 0.0 
0 0 0.0 
0 0 0.0 
-3.81677e-06 -7.77877e-06 0.0 
0.00100217 0.000823376 0.0 
3.48149e-05 -2.38112e-05 0.0 
0.0207445 0.000108847 0.0 
0.00666973 5.93533e-06 0.0 
0 0 0.0 
0 0 0.0 
0 0 0.0 
0 0 0.0 
0.0165614 0.000872195 0.0 
0.00126672 -0.00101132 0.0 
0 0 0.0 
0 0 0.0 
0 0 0.0 
0.00566608 -1.36624e-05 0.0 
0.00546391 -0.000176932 0.0 
0.000462027 -0.000705945 0.0 
0.162295 0.000532998 0.0 
0.00808364 -3.3026e-05 0.0 
0 0 0.0 
0.00662861 -3.0627e-05 0.0 
0 0 0.0 
0 0 0.0 
0.00618242 -2.63483e-05 0.0 
0.00313406 0.00688348 0.0 
0 0 0.0 
0.0363587 0.000642297 0.0 
0.00731652 3.62383e-05 0.0 
0.0111577 5.15936e-05 0.0 
0.0144484 0.000127827 0.0 
0.0105166 1.53483e-05 0.0 
0.00314275 -6.36706e-05 0.0 
-0.00262035 0.00120512 0.0 
0.0137359 4.01949e-05 0.0 
0 0 0.0 
0 0 0.0 
0 0 0.0 
0 0 0.0 
0.00755187 -2.43315e-05 0.0 
0.00149002 0.000534227 0.0 
0.0309264 -0.00944911 0.0 
0 0 0.0 
0 0 0.0 
0.0331043 -0.00132327 0.0 
0 0 0.0 
0.00159767 -0.00460471 0.0 
0.00247761 -7.02289e-05 0.0 
0 0 0.0 
0.000859364 0.00647286 0.0 
0 0 0.0 
0.0182416 -8.34247e-05 0.0 
0 0 0.0 
0.00874972 -1.28913e-05 0.0 
5.92323e-06 3.46783e-07 0.0 
0.000731314 0.000562997 0.0 
0 0 0.0 
0 0 0.0 
0 0 0.0 
0.0199762 -5.57384e-05 0.0 
0.0156659 -4.36949e-05 0.0 
0 0 0.0 
0.00800322 -2.07015e-05 0.0 
7.59686e-05 0.00033419 0.0 
-1.06837e-05 -3.16629e-05 0.0 
0.000902908 0.000356754 0.0 
0.0201614 -0.000160208 0.0 
0 0 0.0 
0.0114589 2.03743e-05 0.0 
-2.99809e-05 -7.40307e-06 0.0 
0.00915606 3.49416e-05 0.0 
0 0 0.0 
0 0 0.0 
0 0 0.0 
0.00515029 1.55732e-05 0.0 
0.010737 2.7657e-06 0.0 
0.000314266 -0.000128035 0.0 
0.00328404 -7.52221e-06 0.0 
-0.00449079 0.000143979 0.0 
0 0 0.0 
0.0139577 5.63897e-05 0.0 
0 0 0.0 
-4.58178e-05 -5.78341e-05 0.0 
-7.51912e-06 3.89006e-05 0.0 
-0.000271288 0.00541752 0.0 
0 0 0.0 
0 0 0.0 
-0.00116095 0.00221449 0.0 
0 0 0.0 
0.012157 -8.05125e-06 0.0 
0.0309612 -0.000519125 0.0 
0.00757756 -2.12246e-05 0.0 
0.0117498 -8.58197e-06 0.0 
0 0 0.0 
0 0 0.0 
0 0 0.0 
0.000992674 0.000621607 0.0 
0 0 0.0 
0 0 0.0 
0.0217222 -6.23299e-05 0.0 
0 0 0.0 
0 0 0.0 
0.000121448 -0.00048228 0.0 
0 0 0.0 
0 0 0.0 
0 0 0.0 
0 0 0.0 
0.00197646 0.00254938 0.0 
0 0 0.0 
0 0 0.0 
0 0 0.0 
0.00190325 0.00128008 0.0 
0 0 0.0 
0.0248201 -0.000804345 0.0 
0 0 0.0 
-2.0598e-05 -1.86656e-05 0.0 
0.0139529 1.13729e-05 0.0 
0.0018318 -0.000536911 0.0 
-5.75296e-05 -0.000155766 0.0 
0.00108532 0.000995959 0.0 
-1.18106e-05 -1.74174e-05 0.0 
0 0 0.0 
0.00125833 0.000849993 0.0 
0.0102187 6.37253e-06 0.0 
-0.000990358 0.0025621 0.0 
0.0020912 0.0024316 0.0 
0.00828226 4.61026e-05 0.0 
0 0 0.0 
0.0304553 -0.000279351 0.0 
0.0129512 -0.000128136 0.0 
0.00930725 7.96708e-05 0.0 
0 0 0.0 
0.0226804 -0.000566959 0.0 
0.000327039 3.83628e-05 0.0 
0 0 0.0 
0.0115418 -4.02298e-05 0.0 
0.00356561 -1.93645e-05 0.0 
0.0074205 -5.59255e-06 0.0 
5.53199e-06 -3.0989e-05 0.0 
0.0113805 -2.65113e-05 0.0 
0.0667479 -0.00791957 0.0 
0.0469025 0.000415934 0.0 
0.0132393 -9.23853e-05 0.0 
0.036202 -0.00100477 0.0 
4.83699e-05 1.71895e-05 0.0 
0.0201902 -0.000326194 0.0 
0.00169379 -1.43199e-05 0.0 
2.31302e-05 0.000142101 0.0 
0.0136847 -4.50534e-05 0.0 
0.0060119 0.00817179 0.0 
0.0399667 -0.00213625 0.0 
4.74094e-05 -3.05035e-05 0.0 
5.82099e-05 0.000323581 0.0 
0 0 0.0 
0.00860433 -9.07966e-05 0.0 
0.0146485 9.50543e-05 0.0 
0 0 0.0 
0.0475275 0.0211418 0.0 
0.000281288 -0.000167629 0.0 
0.00358842 -0.00114866 0.0 
-6.95404e-06 -2.35106e-05 0.0 
0.000735045 -0.0017063 0.0 
0.000266539 -0.000791148 0.0 
0 0 0.0 
0.0106053 0.00379353 0.0 
0.000178188 9.91544e-05 0.0 
-5.05334e-06 2.39031e-05 0.0 
0 0 0.0 
0.0168526 0.000975648 0.0 
0.0261904 -6.66723e-05 0.0 
0 0 0.0 
0 0 0.0 
-1.93022e-05 6.74712e-05 0.0 
-0.0064856 -0.000939275 0.0 
0 0 0.0 
0 0 0.0 
0 0 0.0 
0 0 0.0 
0 0 0.0 
0 0 0.0 
0 0 0.0 
0 0 0.0 
0 0 0.0 
0 0 0.0 
0 0 0.0 
0 0 0.0 
0 0 0.0 
0 0 0.0 
0 0 0.0 
0 0 0.0 
0 0 0.0 
0 0 0.0 
0 0 0.0 
0 0 0.0 
0 0 0.0 
0 0 0.0 
0 0 0.0 
0 0 0.0 
0 0 0.0 
0 0 0.0 
0 0 0.0 
0 0 0.0 
0 0 0.0 
0 0 0.0 
0 0 0.0 
0 0 0.0 
0 0 0.0 
0 0 0.0 
0 0 0.0 
0 0 0.0 
0 0 0.0 
0 0 0.0 
0 0 0.0 
0 0 0.0 
0 0 0.0 
0 0 0.0 
0 0 0.0 
0 0 0.0 
0 0 0.0 
0 0 0.0 
0 0 0.0 
0 0 0.0 
0 0 0.0 
0 0 0.0 
0 0 0.0 
0 0 0.0 
0 0 0.0 
0 0 0.0 
0 0 0.0 
0 0 0.0 
0 0 0.0 
0 0 0.0 
0 0 0.0 
0 0 0.0 
0 0 0.0 
0 0 0.0 
0 0 0.0 
0 0 0.0 
0 0 0.0 
0 0 0.0 
0 0 0.0 
0 0 0.0 
0 0 0.0 
0 0 0.0 
0 0 0.0 
0 0 0.0 
0 0 0.0 
0 0 0.0 
0 0 0.0 
0 0 0.0 
0 0 0.0 
0 0 0.0 
0 0 0.0 
0 0 0.0 
0 0 0.0 
0 0 0.0 
0 0 0.0 
0 0 0.0 
0 0 0.0 
0 0 0.0 
0 0 0.0 
0 0 0.0 
0 0 0.0 
0 0 0.0 
0 0 0.0 
0 0 0.0 
0 0 0.0 
0 0 0.0 
0 0 0.0 
0 0 0.0 
0 0 0.0 
0 0 0.0 
0 0 0.0 
0 0 0.0 
0 0 0.0 
0 0 0.0 
0 0 0.0 
0 0 0.0 
0 0 0.0 
0 0 0.0 
0 0 0.0 
0 0 0.0 
0 0 0.0 
0 0 0.0 
0 0 0.0 
0 0 0.0 
0 0 0.0 
0 0 0.0 
0 0 0.0 
0 0 0.0 
0 0 0.0 
0 0 0.0 
0 0 0.0 
0 0 0.0 
0 0 0.0 
0 0 0.0 
0 0 0.0 
0 0 0.0 
0 0 0.0 
0 0 0.0 
0 0 0.0 
0 0 0.0 
0 0 0.0 
0 0 0.0 
0 0 0.0 
0 0 0.0 
0 0 0.0 
0 0 0.0 
0 0 0.0 
0 0 0.0 
0 0 0.0 
0 0 0.0 
0 0 0.0 
0 0 0.0 
0 0 0.0 
0 0 0.0 
0 0 0.0 
0 0 0.0 
0 0 0.0 
0 0 0.0 
0 0 0.0 
0 0 0.0 
0 0 0.0 
0 0 0.0 
0 0 0.0 
0 0 0.0 
0 0 0.0 
0 0 0.0 
0 0 0.0 
0 0 0.0 
0 0 0.0 
0 0 0.0 
0 0 0.0 
0 0 0.0 
0 0 0.0 
0 0 0.0 
0 0 0.0 
0 0 0.0 
0 0 0.0 
0 0 0.0 
0 0 0.0 
0 0 0.0 
0 0 0.0 
0 0 0.0 
0 0 0.0 
0 0 0.0 
0 0 0.0 
0 0 0.0 
0 0 0.0 
0 0 0.0 
0 0 0.0 
0 0 0.0 
0 0 0.0 
0 0 0.0 
0 0 0.0 
0 0 0.0 
0 0 0.0 
0 0 0.0 
0 0 0.0 
0 0 0.0 
0 0 0.0 
0 0 0.0 
0 0 0.0 
0 0 0.0 
0 0 0.0 
0 0 0.0 
0 0 0.0 
0 0 0.0 
0 0 0.0 
0 0 0.0 
0 0 0.0 
0 0 0.0 
0 0 0.0 
0 0 0.0 
0 0 0.0 
0 0 0.0 
0 0 0.0 
0 0 0.0 
0 0 0.0 
0 0 0.0 
0 0 0.0 
0 0 0.0 
0 0 0.0 
0 0 0.0 
0 0 0.0 
0 0 0.0 
0 0 0.0 
0 0 0.0 
0 0 0.0 
0 0 0.0 
0 0 0.0 
0 0 0.0 
0 0 0.0 
0 0 0.0 
0 0 0.0 
0 0 0.0 
0 0 0.0 
0 0 0.0 
0 0 0.0 
0 0 0.0 
0 0 0.0 
0 0 0.0 
0 0 0.0 
0 0 0.0 
0 0 0.0 
0 0 0.0 
0 0 0.0 
0 0 0.0 
0 0 0.0 
0 0 0.0 
0 0 0.0 
0 0 0.0 
0 0 0.0 
0 0 0.0 
0 0 0.0 
0 0 0.0 
0 0 0.0 
0 0 0.0 
0 0 0.0 
0 0 0.0 
0 0 0.0 
0 0 0.0 
0 0 0.0 
0 0 0.0 
0 0 0.0 
0 0 0.0 
0 0 0.0 
0 0 0.0 
0 0 0.0 
0 0 0.0 
0 0 0.0 
0 0 0.0 
0 0 0.0 
0 0 0.0 
0 0 0.0 
0 0 0.0 
0 0 0.0 
0 0 0.0 
0 0 0.0 
0 0 0.0 
0 0 0.0 
0 0 0.0 
0 0 0.0 
0 0 0.0 
0 0 0.0 
0 0 0.0 
0 0 0.0 
0 0 0.0 
0 0 0.0 
0 0 0.0 
0 0 0.0 
0 0 0.0 
0 0 0.0 
0 0 0.0 
0 0 0.0 
0 0 0.0 
0 0 0.0 
0 0 0.0 
0 0 0.0 
0 0 0.0 
0 0 0.0 
0 0 0.0 
0 0 0.0 
0 0 0.0 
0 0 0.0 
0 0 0.0 
0 0 0.0 
0 0 0.0 
0 0 0.0 
0 0 0.0 
0 0 0.0 
0 0 0.0 
0 0 0.0 
0 0 0.0 
0 0 0.0 
0 0 0.0 
0 0 0.0 
0 0 0.0 
0 0 0.0 
0 0 0.0 
0 0 0.0 
0 0 0.0 
0 0 0.0 
0 0 0.0 
0 0 0.0 
0 0 0.0 
0 0 0.0 
0 0 0.0 
0.000459966 -0.00629579 0.0 
-2.94701e-06 -4.96506e-06 0.0 
0.000416974 -0.000870098 0.0 
0 0 0.0 
0 0 0.0 
0.0169495 -0.0017859 0.0 
0.00178966 0.000245217 0.0 
0.0143395 -5.88526e-05 0.0 
0.00923144 -1.3903e-05 0.0 
0.0235017 3.40352e-05 0.0 
-4.28323e-05 -8.96015e-05 0.0 
0.0673246 -0.00237332 0.0 
0 0 0.0 
0.0300836 0.000252824 0.0 
0.00171289 0.00122738 0.0 
0.0223089 2.96152e-05 0.0 
0.00011858 -0.000251609 0.0 
0.000333172 3.99114e-05 0.0 
-3.88425e-05 9.19846e-05 0.0 
0.00094476 -0.00316374 0.0 
0 0 0.0 
-1.13326e-05 5.57406e-05 0.0 
0 0 0.0 
0.000187199 0.000845005 0.0 
0.0116929 -0.00974509 0.0 
0.000360709 -0.000123269 0.0 
0 0 0.0 
-1.22868e-05 5.55103e-05 0.0 
0.00765067 -4.57589e-05 0.0 
0.047563 0.0438643 0.0 
-6.41511e-05 6.3386e-05 0.0 
0.00027283 -0.00145032 0.0 
0.0183806 5.17628e-05 0.0 
-6.1389e-05 -0.000119821 0.0 
0.102295 -0.000910522 0.0 
0.00209457 -4.77007e-05 0.0 
0 0 0.0 
0.000121998 -3.94204e-05 0.0 
0.263307 -0.000456145 0.0 
0.00296729 0.00203432 0.0 
0.0639739 -0.0935787 0.0 
0.0419436 0.00011015 0.0 
0 0 0.0 
0.00546381 -0.00152205 0.0 
0.00130584 -0.000356975 0.0 
0 0 0.0 
0.0255042 -0.000111851 0.0 
0.000342721 -0.00011751 0.0 
0.000737023 0.00126289 0.0 
0 0 0.0 
0 0 0.0 
-0.000494411 0.000123968 0.0 
0.0216924 -9.03816e-06 0.0 
0 0 0.0 
1.95986e-05 -0.000111735 0.0 
0.000254303 -0.00738678 0.0 
0.0369393 -6.2975e-05 0.0 
0.000465835 6.22626e-05 0.0 
-0.0019263 0.000216927 0.0 
0.00983871 -0.00414708 0.0 
0.154264 0.000669568 0.0 
9.65513e-05 -0.000551883 0.0 
0.000173354 -0.000111588 0.0 
-6.62332e-05 0.00010878 0.0 
5.77307e-05 -8.71192e-05 0.0 
0.00203825 0.000273987 0.0 
6.965e-06 2.20918e-06 0.0 
0 0 0.0 
-4.02677e-06 -1.53658e-05 0.0 
0.000167045 -0.000166943 0.0 
0.00217791 0 0.0 
-0.00535968 0.00342042 0.0 
0 0 0.0 
0 0 0.0 
0.00410674 -0.00250447 0.0 
0 0 0.0 
0.000625806 -0.000268487 0.0 
-4.38463e-05 -0.000112286 0.0 
0 0 0.0 
0.00112159 0.000146361 0.0 
-0.00479287 0.00481331 0.0 
0.0287336 0.0110056 0.0 
0.000808223 8.11519e-06 0.0 
0.0103369 -0.00241379 0.0 
-2.08282e-05 2.09334e-05 0.0 
0.0411589 0.000528364 0.0 
0.0300604 0.0170151 0.0 
0.00582571 -0.000132797 0.0 
-7.85884e-06 3.0634e-05 0.0 
0.000612102 -0.000723584 0.0 
-0.000240051 0.000226041 0.0 
0.000622757 -0.000306768 0.0 
0.00356763 -0.00611323 0.0 
0 0 0.0 
9.7265e-05 0.000494673 0.0 
0.00149523 -0.00116481 0.0 
0.0481743 0.00117919 0.0 
0.000487241 -0.000584988 0.0 
0.338415 -0.145148 0.0 
7.69035e-05 1.43561e-06 0.0 
-0.00153689 0.000109187 0.0 
0.00113442 -0.00461048 0.0 
0.138112 -0.00185212 0.0 
0.00674476 -0.00135868 0.0 
-0.006334 0.0034101 0.0 
0.026512 -0.00287471 0.0 
0 0 0.0 
0.00987783 -0.0243723 0.0 
-0.00145067 0.00352383 0.0 
0.0209714 -0.0208724 0.0 
0.052304 -0.00386756 0.0 
1.81228e-05 0.000109322 0.0 
0.00054556 6.81417e-05 0.0 
7.05916e-05 -4.49292e-05 0.0 
-6.37069e-05 -0.000155859 0.0 
0.0195284 0.00726613 0.0 
-8.39011e-05 0.000128082 0.0 
-8.8429e-06 1.24596e-05 0.0 
-1.44681e-05 -3.86753e-05 0.0 
0 0 0.0 
0.000457855 -0.000815597 0.0 
-2.24188e-05 -6.72196e-05 0.0 
0.00254086 -0.000111962 0.0 
-7.31097e-07 -1.35193e-05 0.0 
0 0 0.0 
-1.73031e-05 -3.52535e-05 0.0 
0 0 0.0 
-8.97065e-06 4.56123e-05 0.0 
0.00370246 -0.00398392 0.0 
0.0619296 0.00462321 0.0 
-4.95826e-06 1.09302e-05 0.0 
0 0 0.0 
-5.53593e-05 0.000238431 0.0 
0.0504657 -0.00510385 0.0 
0.000894206 0.00694127 0.0 
0.0744671 -0.00786849 0.0 
0.0174455 -0.00416066 0.0 
0.00106264 0.000124142 0.0 
0 0 0.0 
0.000114841 0.000220299 0.0 
0.0142443 -0.0096752 0.0 
-3.43644e-06 2.54317e-05 0.0 
0.000432913 -0.000202379 0.0 
0.0182307 -0.000277685 0.0 
0.00482905 -0.00712883 0.0 
0.00114856 5.81134e-06 0.0 
0.00343474 0.00524125 0.0 
0.00526125 -0.0061745 0.0 
0.00986674 -0.011481 0.0 
0.0528974 -0.0747446 0.0 
0.00029759 -0.000585188 0.0 
0.0476228 -5.49167e-05 0.0 
0.0173875 0.000287712 0.0 
-8.15697e-05 -0.000239622 0.0 
0.00357826 -0.00255826 0.0 
-0.00730277 0.00290096 0.0 
0 0 0.0 
0 0 0.0 
0.000241535 -0.00139937 0.0 
-1.12394e-05 -2.32031e-05 0.0 
0 0 0.0 
0.0256611 0.0083513 0.0 
0.000103607 -3.17935e-05 0.0 
0.000483917 -0.000445311 0.0 
0.00163017 0.00170016 0.0 
0.00517742 0.0010224 0.0 
0.010059 4.07556e-05 0.0 
-9.46923e-06 -6.89491e-05 0.0 
0.000878814 -0.000431562 0.0 
-0.00189316 -0.00112526 0.0 
0 0 0.0 
0.000787747 -0.000283662 0.0 
-1.42802e-05 -1.87423e-05 0.0 
-6.7835e-05 0.000109627 0.0 
0.00859311 -0.00680197 0.0 
0 0 0.0 
-0.00799147 0.00217081 0.0 
0.000152551 6.11044e-05 0.0 
0.000259972 -0.000392676 0.0 
0.000115284 3.08961e-05 0.0 
-9.10291e-06 -3.17088e-05 0.0 
-0.000937091 0.00597883 0.0 
0.013178 0.00939745 0.0 
-0.00199033 -0.000428378 0.0 
-0.00186368 -0.00448368 0.0 
-0.0044155 0.000513101 0.0 
0.169753 0.0847942 0.0 
0.00263052 -0.00380828 0.0 
5.37478e-05 -3.59224e-05 0.0 
-0.00435044 -0.000447938 0.0 
-8.35876e-06 -2.50114e-05 0.0 
1.99254e-05 -0.000141143 0.0 
0.000432586 0.00105697 0.0 
-8.87707e-06 -3.13619e-05 0.0 
0.0309231 -0.020141 0.0 
-6.83255e-05 0.0004109 0.0 
-7.61535e-06 2.35763e-05 0.0 
0.0169425 0.00721006 0.0 
0 0 0.0 
0.00429588 6.56677e-05 0.0 
0.281424 0.00691133 0.0 
0.0316892 0.0140547 0.0 
1.64379e-05 4.86315e-05 0.0 
-2.55664e-05 6.18102e-05 0.0 
0.000256805 0.000488979 0.0 
-0.00646646 0.000373122 0.0 
0.0121672 0.000343889 0.0 
-0.00151085 0.000510536 0.0 
0.00119636 -0.000281903 0.0 
0 0 0.0 
0.000507252 -4.56671e-05 0.0 
0 0 0.0 
0.00496379 -0.000167875 0.0 
0 0 0.0 
-3.77308e-06 -4.16125e-07 0.0 
0.000193739 -0.000760939 0.0 
0.000202486 -7.2967e-05 0.0 
0.0136263 7.81444e-05 0.0 
0.0170426 -0.0113313 0.0 
0.0279563 -0.00135575 0.0 
0.000537482 -0.000122848 0.0 
0.000475219 -0.000831399 0.0 
0 0 0.0 
0.000407229 -0.00210301 0.0 
0.0465926 -0.0018352 0.0 
0.000986107 0.000462893 0.0 
-0.000521251 -0.00376253 0.0 
-8.37772e-06 -4.90006e-05 0.0 
0.0101413 -1.89748e-05 0.0 
0.009425 -0.000460873 0.0 
0.0196782 0.000568285 0.0 
0 0 0.0 
0.00105797 0.00169334 0.0 
0.000237213 0.000850079 0.0 
0.0106556 -0.00566352 0.0 
0.000332669 3.0887e-05 0.0 
0.000378023 -2.58876e-05 0.0 
6.44445e-05 2.67993e-05 0.0 
-4.74932e-05 -0.000216001 0.0 
0.035935 0.0096125 0.0 
-3.94441e-05 6.43087e-05 0.0 
0.161003 0.115193 0.0 
0.000589806 8.11391e-05 0.0 
0 0 0.0 
0.022021 0.000213558 0.0 
0.00326277 0.0088044 0.0 
0.00600827 -1.90319e-05 0.0 
0 0 0.0 
0.00186407 0.00298637 0.0 
0.000297592 -0.000117646 0.0 
0 0 0.0 
0.0605978 -0.000357676 0.0 
0.0020378 -0.000580566 0.0 
0 0 0.0 
0.010287 0.00543495 0.0 
4.3201e-05 -2.82941e-05 0.0 
9.993e-05 -0.0002055 0.0 
-2.10239e-05 -4.88888e-05 0.0 
-0.0132105 0.00159827 0.0 
-1.98489e-06 1.26746e-05 0.0 
0.00209013 0.00452029 0.0 
0 0 0.0 
-0.000669051 0.000307418 0.0 
0.000409403 -0.000437343 0.0 
-1.21111e-05 2.78206e-05 0.0 
0.000459364 8.23842e-05 0.0 
0.012613 6.99322e-05 0.0 
0.000230728 0.000577713 0.0 
0.025111 -3.08861e-05 0.0 
0.00130687 0.0036955 0.0 
0.0124467 1.85651e-05 0.0 
0.0772415 0.0529361 0.0 
0.000315933 9.32657e-05 0.0 
0.0150803 0.000106169 0.0 
2.0972e-05 1.25884e-05 0.0 
0 0 0.0 
8.03375e-05 0.000375398 0.0 
0.00055574 0.000906314 0.0 
0.00310876 0.00177886 0.0 
9.90723e-06 3.89943e-07 0.0 
0.00240158 -6.41845e-05 0.0 
0.196983 0.0037891 0.0 
0.0069468 3.29906e-05 0.0 
0.00333214 -0.00221057 0.0 
0.00714007 0.00132501 0.0 
-1.89989e-05 9.60219e-05 0.0 
0.102995 -0.0101359 0.0 
0 0 0.0 
-0.00242038 0.000721252 0.0 
0 0 0.0 
0.0229263 6.96251e-05 0.0 
0 0 0.0 
0.0130636 -1.7597e-05 0.0 
0 0 0.0 
-1.21977e-05 -7.32966e-05 0.0 
0.0822722 0.000109557 0.0 
-1.38766e-05 -2.92218e-05 0.0 
0.0035992 -0.0045436 0.0 
-0.00375776 4.34099e-05 0.0 
-0.00132718 0.00201478 0.0 
0.0119892 0.000143765 0.0 
0 0 0.0 
-8.48655e-06 -2.42235e-05 0.0 
0.018087 0.0163593 0.0 
0.0074075 -6.26827e-06 0.0 
0.00182555 2.91252e-05 0.0 
0 0 0.0 
0.184417 0.0130881 0.0 
-0.000541889 0.00108145 0.0 
0.216085 -0.107994 0.0 
-0.000155476 0.000153901 0.0 
0.00355567 -0.00326672 0.0 
0.037095 -0.000172869 0.0 
0.000545144 -0.000185349 0.0 
-8.35478e-06 3.62766e-05 0.0 
0 0 0.0 
0.0301619 0.000136393 0.0 
-0.00386125 -0.00162384 0.0 
-0.00887135 -0.00225689 0.0 
-6.62939e-06 -3.31767e-05 0.0 
0.0203585 -0.000295139 0.0 
0.000114703 -8.24578e-05 0.0 
0 0 0.0 
-7.96149e-05 0.000170047 0.0 
0.00435622 0.00352808 0.0 
-0.00971565 0.000658259 0.0 
0 0 0.0 
0.0219917 0.000664389 0.0 
0.0549229 -0.0227685 0.0 
-0.00218985 0.00193829 0.0 
0.00375026 -0.00567151 0.0 
-8.79231e-05 0.000224126 0.0 
0.00147951 -0.000627424 0.0 
-0.00310948 -0.000771817 0.0 
0.041709 0.00298488 0.0 
-0.000989421 0.000674892 0.0 
-0.00180068 0.00110699 0.0 
-1.33432e-05 5.1568e-05 0.0 
0.000665804 0.00134431 0.0 
0.0105389 4.47752e-06 0.0 
0.00253049 -0.00080138 0.0 
0.00150004 -0.00157481 0.0 
-0.0011978 2.45216e-05 0.0 
0 0 0.0 
0.0152538 1.33464e-05 0.0 
-8.57082e-05 -0.00661756 0.0 
-2.71714e-05 3.71128e-05 0.0 
0.00193695 0.000378848 0.0 
-3.35275e-05 4.30678e-05 0.0 
0.000324856 5.80587e-05 0.0 
-0.00276564 -0.00646392 0.0 
0.000335857 -0.000110966 0.0 
0.00989012 -0.000356898 0.0 
0.000969011 -0.000570299 0.0 
0.000745175 0.00160489 0.0 
0.00528798 -0.000992059 0.0 
0.0743572 0.0015661 0.0 
0.00015709 6.6205e-05 0.0 
0.0709944 0.00178473 0.0 
0.000170318 -0.000354603 0.0 
0 0 0.0 
-0.00110478 -0.00236298 0.0 
-1.45209e-05 3.33814e-05 0.0 
0.000846228 -0.000751079 0.0 
0.0158322 -0.0057028 0.0 
0.26932 -0.00517313 0.0 
0.0309088 0.00866822 0.0 
0.0892309 0.00632237 0.0 
0.250146 0.00550496 0.0 
0.0035195 -0.00385241 0.0 
0.0223174 0.0151459 0.0 
0.0201759 -0.00122834 0.0 
0.00658116 -1.82485e-05 0.0 
0.000663788 -0.0020482 0.0 
0.000244989 -9.71328e-05 0.0 
0.00026952 -0.00104202 0.0 
0.0411961 0.000589048 0.0 
0.00039708 0.000101962 0.0 
0.00455117 -0.000158803 0.0 
0.00151475 -5.52673e-05 0.0 
0.0386818 0.000158067 0.0 
0.000461067 0.00157574 0.0 
0.0157852 -0.000122194 0.0 
0.0103006 -2.83962e-05 0.0 
0 0 0.0 
0 0 0.0 
0.00418779 -0.00276153 0.0 
-2.49576e-05 -8.6283e-05 0.0 
0 0 0.0 
-5.57993e-05 9.585e-05 0.0 
-3.45746e-05 0.000111757 0.0 
0.00598498 1.29283e-05 0.0 
0.000150947 0.000442096 0.0 
0 0 0.0 
0.0237165 -0.0115784 0.0 
0.0081161 -0.00796969 0.0 
0.000108369 0.000536822 0.0 
0.00864959 -1.96813e-05 0.0 
9.06117e-05 -5.36229e-05 0.0 
0.000169276 -0.00042123 0.0 
0.00585941 6.3083e-05 0.0 
-5.27228e-05 6.89362e-05 0.0 
0.00506072 -0.00462956 0.0 
0.0886148 0.0371343 0.0 
0.00027875 0.000607451 0.0 
0.000145211 0.000420982 0.0 
0.0185826 4.3571e-05 0.0 
0.000462249 -0.00285195 0.0 
1.73067e-05 6.7527e-06 0.0 
0.0081432 -2.63501e-05 0.0 
0.00367046 0.00133907 0.0 
0.0843007 -0.000701685 0.0 
0.0106468 5.23862e-05 0.0 
0.00282371 -0.000671492 0.0 
0.00121664 -0.000186466 0.0 
0.00743958 -2.22346e-05 0.0 
0.0105029 9.00091e-05 0.0 
0.0104888 -4.41873e-05 0.0 
0.016338 0.000391339 0.0 
0.00120161 0.000241656 0.0 
0.00120837 -2.23181e-06 0.0 
0.00131848 8.59391e-07 0.0 
-0.00500994 0.00168652 0.0 
0.0199525 -0.0195064 0.0 
0.0033915 -0.00269456 0.0 
0.0105573 3.65765e-06 0.0 
0.000627233 0.00146142 0.0 
0.0530148 0.0528475 0.0 
-0.00161998 -0.00770731 0.0 
0.000150367 -5.95756e-05 0.0 
0.039996 6.13338e-05 0.0 
-0.00137567 0.00506913 0.0 
0.000330901 0.000625691 0.0 
0.0512668 0.000610677 0.0 
0.0471355 -0.000203512 0.0 
-0.00231932 -0.00437628 0.0 
0.000378594 5.02007e-05 0.0 
0.000405883 -0.000432559 0.0 
0.00120995 0.00155642 0.0 
0.0353395 -0.0136192 0.0 
0.0137867 -2.99167e-06 0.0 
0.00560257 -0.00458227 0.0 
0.0524544 -8.24098e-06 0.0 
0.121522 0.000248454 0.0 
-0.00202055 -0.000655564 0.0 
-7.2e-05 0.000187175 0.0 
0.00292187 0.00118722 0.0 
0 0 0.0 
0.00660966 -8.86657e-06 0.0 
0 0 0.0 
0.00746376 -1.35142e-05 0.0 
0.00162452 8.74048e-05 0.0 
0.0109346 0.0248206 0.0 
0.158995 -0.00268918 0.0 
0.0285749 0.002646 0.0 
0.000690917 -0.000409832 0.0 
0.00326287 -0.00117114 0.0 
0.191525 -0.0298826 0.0 
0.00308129 -0.0013075 0.0 
0.00220513 -0.000512421 0.0 
0.000110172 4.75397e-05 0.0 
0.0204556 0.0175168 0.0 
0.0104739 -2.19875e-05 0.0 
0.000222466 0.00067878 0.0 
0.0130419 -0.000605661 0.0 
0.0343197 -0.000392378 0.0 
-0.00334867 -0.00792571 0.0 
0.0134964 6.92838e-05 0.0 
0.00218901 -2.32997e-06 0.0 
0.000306063 -0.000361633 0.0 
0.00139645 -6.35322e-06 0.0 
0.0242976 -9.39058e-05 0.0 
0 0 0.0 
0.000104666 -0.00018569 0.0 
0.00443276 -0.000765728 0.0 
9.97685e-06 6.72298e-06 0.0 
0.0016667 -0.000608034 0.0 
0.0403563 4.08085e-05 0.0 
0.0883732 -0.0635188 0.0 
0.000659241 4.29695e-07 0.0 
-0.00236642 0.0053858 0.0 
0.00916431 4.66624e-05 0.0 
-1.21564e-06 5.20288e-06 0.0 
0.0390332 0.000285464 0.0 
0.000159824 -0.000356233 0.0 
0.00035235 0.000672316 0.0 
0 0 0.0 
0.000249739 -0.000176596 0.0 
0.014076 -0.0082728 0.0 
0.000320678 -9.62603e-06 0.0 
0.00327029 -1.06926e-05 0.0 
0.0209258 -0.000792381 0.0 
0.0212424 0.00357756 0.0 
-0.0074357 0.000262549 0.0 
0.215117 0.00365636 0.0 
0.122667 0.00951422 0.0 
0 0 0.0 
0.20838 -0.0244506 0.0 
0.00587289 0.0055658 0.0 
0.163944 0.00468396 0.0 
-0.00186256 0.00323566 0.0 
0 0 0.0 
0 0 0.0 
0.00114702 0.00173653 0.0 
0.00143131 0.00124752 0.0 
0.012279 9.92626e-05 0.0 
0.0811105 0.00170793 0.0 
-2.42916e-05 -6.41334e-05 0.0 
0.010239 -1.01946e-05 0.0 
0.0700339 -0.0739434 0.0 
0.00957184 -2.41363e-05 0.0 
0 0 0.0 
0.0191704 0.00117725 0.0 
0.0378282 0.0122405 0.0 
-3.54049e-05 -9.4315e-05 0.0 
0.0134054 -6.18605e-05 0.0 
0.00122599 -4.83558e-05 0.0 
0 0 0.0 
0.000439432 4.16284e-05 0.0 
0.00123994 0.000413206 0.0 
0.00468858 -0.00613023 0.0 
0.0044442 0.00129632 0.0 
0.0126561 0.00285471 0.0 
-4.22558e-06 2.2205e-05 0.0 
0.0011588 -0.000356023 0.0 
-0.000721712 -0.00019792 0.0 
0.0327891 -0.00110246 0.0 
0.000816657 -0.00140941 0.0 
-0.00712254 -0.00320002 0.0 
0.000634916 0.000566451 0.0 
-1.08947e-05 -6.32574e-05 0.0 
0.021065 0.00089564 0.0 
0 0 0.0 
0.0250142 9.73235e-05 0.0 
0.0358083 -0.000213938 0.0 
0.002579 -0.00470273 0.0 
0.00274274 0.00327934 0.0 
0.0973096 0.00250714 0.0 
-0.000602079 0.000718055 0.0 
0.0010227 0.00154594 0.0 
0.00548688 7.57732e-06 0.0 
-4.72417e-06 2.50172e-05 0.0 
0.0373671 0.000540541 0.0 
0.11056 0.00126872 0.0 
0.0103889 0.000136712 0.0 
0.0359346 0.00520307 0.0 
-0.000145978 -0.00030388 0.0 
0.00387816 -0.00687191 0.0 
0.0384076 -3.80686e-05 0.0 
0.0242628 0.00031995 0.0 
-0.00181662 0.00584477 0.0 
0.000295458 0.000180573 0.0 
0 0 0.0 
0.00683754 1.84721e-05 0.0 
0.000161521 0.000480395 0.0 
0.00299614 -0.00223746 0.0 
0.0093521 -1.61247e-05 0.0 
-4.72024e-06 -1.41136e-05 0.0 
0.0226595 -0.00101108 0.0 
0.000137072 -0.000341606 0.0 
0.00123713 -0.000187092 0.0 
0.0495891 -0.00186861 0.0 
0.0139782 -7.26351e-05 0.0 
0.00309587 -0.00693899 0.0 
0.000493341 -3.76707e-05 0.0 
0.000240179 0.0005276 0.0 
0.000824339 -0.00035903 0.0 
0.00955381 1.7545e-06 0.0 
0.00362858 0.00469405 0.0 
0 0 0.0 
0.31474 -0.0313879 0.0 
-0.000115563 -0.000429737 0.0 
0 0 0.0 
7.79735e-05 3.26901e-05 0.0 
0.18337 0.00314713 0.0 
0.00885943 -0.00395441 0.0 
0 0 0.0 
1.49596e-05 1.01304e-05 0.0 
0.00281045 0.000947925 0.0 
0.0103283 -8.50371e-05 0.0 
0.0101643 2.78231e-05 0.0 
0.000817485 0.000191455 0.0 
0.0150962 -1.34144e-05 0.0 
0.24433 -0.0276025 0.0 
0.241897 0.00494375 0.0 
0.00236623 0.000797715 0.0 
0.000630452 0.000144355 0.0 
2.72887e-05 -0.000189406 0.0 
0 0 0.0 
0.000582292 0.000535309 0.0 
0.00108463 -0.000517218 0.0 
0.000980558 -2.11523e-06 0.0 
0.01489 8.35493e-05 0.0 
-3.25433e-05 6.99933e-05 0.0 
0 0 0.0 
0.00106495 -2.81223e-06 0.0 
-0.000258759 0.000775166 0.0 
0.013715 4.70446e-06 0.0 
1.32807e-05 -9.57546e-05 0.0 
3.88695e-05 -2.46207e-05 0.0 
0.181632 -0.00606323 0.0 
0.00462108 -0.000381528 0.0 
0.0444106 -0.000801962 0.0 
0.0574344 -0.0175044 0.0 
0 0 0.0 
5.55009e-05 -0.000370819 0.0 
0.00747031 -1.10115e-05 0.0 
0.00226078 0.000989065 0.0 
-5.81745e-06 -4.12842e-05 0.0 
0 0 0.0 
0 0 0.0 
0.000109686 -3.95791e-05 0.0 
0 0 0.0 
0.0185568 7.88037e-05 0.0 
-0.00175424 -0.000193615 0.0 
0.00191393 -0.000488054 0.0 
0.00447134 -0.00614353 0.0 
0.027635 -0.00021348 0.0 
0.0111374 5.10661e-05 0.0 
0.00588861 -4.92333e-06 0.0 
0 0 0.0 
-3.92818e-05 7.7256e-05 0.0 
0.00672445 -4.53492e-06 0.0 
0.000119419 0.00138341 0.0 
0.000657988 -0.000195239 0.0 
0 0 0.0 
0.00228959 -0.000306827 0.0 
0.00262653 -0.000909479 0.0 
0.0292609 -0.000132552 0.0 
0.00495129 -5.02463e-06 0.0 
0.000786961 -0.000160211 0.0 
0.0037855 2.2688e-05 0.0 
0.017234 -0.000274351 0.0 
0 0 0.0 
0.0909645 -0.0153075 0.0 
-3.40306e-05 1.50513e-05 0.0 
0.0233176 0.000151829 0.0 
0.198436 0.00671297 0.0 
0.0410492 -0.000606526 0.0 
0.1357 0.00113421 0.0 
0.000841119 5.32024e-05 0.0 
0 0 0.0 
0.000167339 -6.81801e-05 0.0 
0 0 0.0 
0.000145278 -0.000458553 0.0 
0 0 0.0 
0.000444197 6.83358e-05 0.0 
0.0218907 -9.15251e-05 0.0 
-0.00668409 0.00299043 0.0 
0.00203025 -0.000524999 0.0 
0 0 0.0 
0.00692035 3.04317e-05 0.0 
0.000886285 0.00145434 0.0 
0.000562316 0.000851108 0.0 
1.14621e-05 -1.15944e-05 0.0 
-5.35957e-05 -8.26938e-05 0.0 
0.0394607 0.000514653 0.0 
0.00428709 -0.00147539 0.0 
-0.00242019 -0.00139213 0.0 
0.00263046 0.0017777 0.0 
0.000312508 0.000185956 0.0 
0.000724051 -0.000207358 0.0 
0.10591 -0.0178016 0.0 
0 0 0.0 
0.00940648 -3.42342e-05 0.0 
-1.74981e-05 3.39671e-05 0.0 
0.00643201 0.00262599 0.0 
0.14177 -0.000131467 0.0 
0.000324514 -0.000773705 0.0 
0.0205434 -1.1943e-05 0.0 
0 0 0.0 
0.254456 -0.0101604 0.0 
7.94825e-06 2.79085e-05 0.0 
0.0172277 -7.40609e-05 0.0 
0.00132417 -0.000342535 0.0 
0.00159397 -4.13432e-05 0.0 
0.0170078 0.000109451 0.0 
0 0 0.0 
-0.000511931 -0.00367231 0.0 
0.0151975 -2.24319e-05 0.0 
0.01089 -4.4748e-05 0.0 
0.000880437 -0.00216299 0.0 
0 0 0.0 
0.0057769 3.65706e-05 0.0 
0.000657671 1.15046e-06 0.0 
0.00179261 -0.000745392 0.0 
0.000220657 5.06038e-05 0.0 
0.00194752 -0.0030213 0.0 
0 0 0.0 
-5.41749e-05 0.00010162 0.0 
0.0203774 -0.000377345 0.0 
0.00454114 -0.00022812 0.0 
0.000781595 -0.000159088 0.0 
0.0157605 4.74251e-05 0.0 
0.00612085 0.00191898 0.0 
0.0246526 0.000233892 0.0 
0 0 0.0 
0 0 0.0 
0.00902766 -5.66832e-06 0.0 
0.0302287 -7.89029e-05 0.0 
-3.45024e-05 -6.92207e-05 0.0 
0.000190447 0.00201895 0.0 
0 0 0.0 
0.00133519 -0.0011384 0.0 
0.00721674 3.07647e-05 0.0 
0.0409442 0.0173996 0.0 
0.0205617 -4.4556e-05 0.0 
0.000729038 -0.000211055 0.0 
0.021567 -6.88238e-05 0.0 
0.0189383 7.68812e-05 0.0 
-2.35108e-05 6.03428e-05 0.0 
-1.65083e-06 -1.43864e-05 0.0 
3.12749e-05 7.37003e-05 0.0 
0.00186805 -0.00326426 0.0 
0.00446368 0.0018537 0.0 
0.0150692 -7.47167e-05 0.0 
-2.78493e-05 -9.78598e-05 0.0 
0.00223709 -0.000681598 0.0 
0.0139415 -0.00020822 0.0 
0 0 0.0 
-0.000219311 -0.000358485 0.0 
-5.39982e-05 -9.05019e-05 0.0 
0.00135265 -0.00030431 0.0 
0.0101505 8.03346e-05 0.0 
0 0 0.0 
-6.63822e-05 0.000214998 0.0 
0.00995791 -5.92983e-05 0.0 
2.23054e-05 1.34015e-05 0.0 
0.000413672 0.002892 0.0 
-0.00289495 0.00665166 0.0 
0.00135442 -0.00229865 0.0 
0.208995 -0.0801205 0.0 
0 0 0.0 
0 0 0.0 
0.261218 -0.00327734 0.0 
0.0153248 -4.3338e-05 0.0 
0.0368398 0.00023546 0.0 
0.000904271 -2.05379e-05 0.0 
0.0205556 0.0044444 0.0 
0.00621827 -0.00936433 0.0 
-6.11304e-05 0.000213593 0.0 
-3.33377e-05 4.4516e-05 0.0 
0.105941 -0.000812864 0.0 
-7.63266e-06 3.05642e-05 0.0 
0 0 0.0 
0 0 0.0 
0.166218 -0.0946674 0.0 
0 0 0.0 
0.0169586 1.67917e-05 0.0 
0 0 0.0 
-2.67256e-05 -3.84314e-05 0.0 
0.0346593 3.08459e-06 0.0 
0 0 0.0 
0.00304156 -0.000952744 0.0 
0.0494378 0.0648626 0.0 
-0.000112146 0.000186955 0.0 
0.000386107 -0.000467665 0.0 
0.000782087 -0.00221886 0.0 
0.000868731 -0.00193104 0.0 
0.000187304 0.000114594 0.0 
0.000515739 -9.85814e-05 0.0 
7.76977e-05 -0.000426312 0.0 
0.000908426 0.00145136 0.0 
0 0 0.0 
0.00470324 0.00318962 0.0 
0.000571784 5.7712e-05 0.0 
0.0296519 -0.0011901 0.0 
0 0 0.0 
0 0 0.0 
0 0 0.0 
0.0123164 -8.06911e-05 0.0 
0.000771282 0.00127505 0.0 
0.000264107 0.00107541 0.0 
7.43869e-05 -0.000405835 0.0 
0.00330776 0.00105666 0.0 
-3.96242e-05 7.54882e-05 0.0 
0.0185876 -5.7872e-05 0.0 
-1.54382e-05 -8.49431e-05 0.0 
0.00146263 0.00112599 0.0 
-0.0112061 -0.00101918 0.0 
0.021208 9.07801e-05 0.0 
0.00091351 0.00044411 0.0 
0.00069543 -0.000350164 0.0 
0 0 0.0 
0 0 0.0 
-0.000575989 0.000462146 0.0 
0.183938 -0.000544452 0.0 
0.214032 -0.00809519 0.0 
0.00123257 0.000862443 0.0 
0 0 0.0 
1.43112e-05 -9.95512e-06 0.0 
0.000583559 0.000127168 0.0 
3.91544e-05 -0.000101949 0.0 
0.0156705 0.000111889 0.0 
0.000554795 0.000114025 0.0 
0.00238862 -1.23953e-05 0.0 
0.000107371 0.000447413 0.0 
0 0 0.0 
0.0232995 -0.00015782 0.0 
0.000343267 -0.00174674 0.0 
0.000901949 1.17054e-05 0.0 
0 0 0.0 
0.00233579 -0.000461989 0.0 
0.00534153 0.00103052 0.0 
-0.00954066 0.00273244 0.0 
0.0338389 0.000301709 0.0 
0.00133064 -0.00303691 0.0 
0.0513196 2.05189e-05 0.0 
0 0 0.0 
0.0131371 -0.000253806 0.0 
0.00195456 -0.00469313 0.0 
0.0027984 -0.000266798 0.0 
0.0429125 0.000390506 0.0 
-0.000299843 -0.000783782 0.0 
0 0 0.0 
0.0015025 0.00375064 0.0 
0.000343263 0.00151615 0.0 
0.0190454 4.25306e-05 0.0 
0.000110773 0.000462302 0.0 
-3.59857e-06 1.47736e-05 0.0 
0 0 0.0 
0.0106112 -0.000473323 0.0 
0.0110877 -2.4447e-05 0.0 
-7.73777e-05 -0.000127366 0.0 
0.0116865 -5.27993e-05 0.0 
-3.35948e-05 -7.87204e-05 0.0 
-0.000102435 0.000201584 0.0 
-9.71773e-05 0.000190753 0.0 
6.57865e-05 4.50273e-06 0.0 
-7.75503e-05 -0.000126519 0.0 
3.0014e-06 -1.01343e-06 0.0 
0.0012278 0.00153296 0.0 
0.0159974 -3.58537e-05 0.0 
0.00112025 0.000433922 0.0 
0.00504568 4.33918e-05 0.0 
0 0 0.0 
0 0 0.0 
-3.5436e-05 6.59249e-05 0.0 
6.08729e-05 -2.44983e-05 0.0 
0 0 0.0 
0 0 0.0 
0.000397678 -0.000240125 0.0 
0 0 0.0 
-0.000361729 -0.00743673 0.0 
0.00139474 0.00167463 0.0 
0.0260871 0.00367725 0.0 
0.0314371 -0.00014053 0.0 
0.000117094 0.000521368 0.0 
0.00371867 -0.00564313 0.0 
0.00145058 -0.00220135 0.0 
0.00127201 -0.00171393 0.0 
0.000140126 -0.000341781 0.0 
0 0 0.0 
0.000996546 -0.000319678 0.0 
0.287366 0 0.0 
1.59045e-05 8.3215e-05 0.0 
0.00346578 -1.4813e-05 0.0 
0.285645 -0.00129898 0.0 
0.00118185 -0.000526628 0.0 
0.00577509 -2.38395e-06 0.0 
0.0100056 -2.50516e-05 0.0 
0 0 0.0 
-0.00344757 0.00499886 0.0 
0.0445626 -7.73283e-05 0.0 
0 0 0.0 
0.00284891 -4.62856e-06 0.0 
0.00242159 0.0015528 0.0 
0.000937444 0.00130747 0.0 
-2.18552e-05 5.64303e-05 0.0 
0.00654811 0.00459421 0.0 
-0.00218553 0.00266054 0.0 
0.000374275 0.000216044 0.0 
0.000198553 0.000116992 0.0 
0.00119967 -0.00109855 0.0 
0.000831267 0.000225183 0.0 
0.0105382 5.30769e-05 0.0 
0.000150546 -9.28986e-05 0.0 
0.212351 0.000575969 0.0 
0.00973272 -0.00760284 0.0 
0.000657492 0.00179707 0.0 
0.0050164 0.000135106 0.0 
0.000275617 0.000138662 0.0 
0.017769 -7.30324e-05 0.0 
0 0 0.0 
-0.00461731 0.00217707 0.0 
-0.00482015 0.00291959 0.0 
0.00100746 0.00258672 0.0 
0.0148617 -5.33106e-05 0.0 
0 0 0.0 
0.00522284 1.36415e-05 0.0 
0.000188737 7.9142e-05 0.0 
0.00486108 0.000715851 0.0 
0.00109915 -0.00022207 0.0 
0.102875 -0.0912809 0.0 
0.0334998 0.00108178 0.0 
0.0142852 -2.01732e-05 0.0 
0.000119607 0.000119883 0.0 
0.000837946 -0.000214929 0.0 
0.00120402 -0.000400276 0.0 
0.00104575 -5.06506e-05 0.0 
0.0020561 0.00276882 0.0 
0.000258352 0.000101831 0.0 
0 0 0.0 
0.10655 -0.000192217 0.0 
0.00063765 0.00104553 0.0 
4.09118e-05 -0.00020832 0.0 
0.0400269 -0.016899 0.0 
0.25438 0 0.0 
8.41371e-05 -5.87264e-05 0.0 
0.0287883 1.76704e-05 0.0 
0.00754171 -5.57164e-06 0.0 
0.00145616 -0.00156021 0.0 
0.00442553 3.34757e-05 0.0 
0 0 0.0 
0.0007517 -0.000107006 0.0 
0.000377294 -0.00102888 0.0 
0.00367423 -0.00392829 0.0 
0 0 0.0 
0.0237166 0.00063304 0.0 
0.000192289 6.90891e-05 0.0 
0.000434463 0.000101073 0.0 
0.00133741 0.00155492 0.0 
0.000350458 -0.000804028 0.0 
0.00112847 -1.38467e-05 0.0 
0.019504 0.0253733 0.0 
0.000124132 6.30215e-05 0.0 
0.00344 4.8202e-05 0.0 
0.000123089 7.62856e-05 0.0 
0.0273417 0.00959347 0.0 
0.0024424 -0.000631123 0.0 
0.000402296 0.000202443 0.0 
-3.36959e-05 0.000160351 0.0 
0.00562859 -1.22538e-05 0.0 
0.00207428 0.00188551 0.0 
-1.26368e-05 4.51994e-05 0.0 
-6.23206e-05 -0.000126939 0.0 
0.0108996 -0.0203687 0.0 
0.0548168 0.00211479 0.0 
0.00768242 9.92057e-05 0.0 
0.00613552 5.34008e-06 0.0 
0.000155248 -0.00032012 0.0 
0.000783274 0.00071499 0.0 
0 0 0.0 
4.50417e-05 0.000112959 0.0 
0.00945546 6.95043e-05 0.0 
-8.8585e-05 -0.000201266 0.0 
0.00113337 0.000115535 0.0 
0.364303 0.00412489 0.0 
0.284969 -0.0752682 0.0 
0.000538756 0.000113902 0.0 
0.000666041 0.000286942 0.0 
0.00925093 1.40933e-05 0.0 
0 0 0.0 
1.22283e-05 6.8855e-06 0.0 
0 0 0.0 
0 0 0.0 
-3.19464e-05 4.58554e-05 0.0 
0.00117488 -0.00110974 0.0 
0.000552326 0.00173516 0.0 
0.000988691 -0.000571436 0.0 
0.000187123 0.000614425 0.0 
0.00112009 -0.000125371 0.0 
0 0 0.0 
0.152204 0.000216103 0.0 
0.000594119 0.000287719 0.0 
0.0172326 0.0187399 0.0 
0.00355651 0.00259621 0.0 
-0.00205446 0.00123741 0.0 
0.000292285 0.00134449 0.0 
4.84716e-05 -0.000296839 0.0 
0.000783509 0.000394663 0.0 
0.0413015 -0.00770791 0.0 
-0.00534195 0.00609865 0.0 
0.000212455 -0.000622213 0.0 
0.00156447 0.00161119 0.0 
0 0 0.0 
0.000900695 -0.000868272 0.0 
0.0112473 -7.27096e-05 0.0 
0.00350895 0.00136377 0.0 
0.0362101 0.0010449 0.0 
-0.000554791 0.00106838 0.0 
0.00224696 0.00186365 0.0 
2.19711e-05 9.94477e-06 0.0 
-8.72197e-06 3.9221e-05 0.0 
0.0524491 -0.000310584 0.0 
0.00205091 -8.20832e-05 0.0 
0.00100683 0.00129556 0.0 
0.00928948 -1.00318e-05 0.0 
-0.000239914 -0.000431485 0.0 
3.75626e-05 -0.000149873 0.0 
0 0 0.0 
0.00013482 8.14849e-05 0.0 
0 0 0.0 
-0.000551013 -0.00129877 0.0 
0.00828391 0.00521796 0.0 
7.93937e-06 5.17236e-06 0.0 
0.000852232 0.000567035 0.0 
0.00405439 -6.4033e-05 0.0 
0.000167295 0.000102646 0.0 
-1.05586e-05 4.82023e-05 0.0 
0.00227041 0.00318101 0.0 
0.00614533 0.00683123 0.0 
0.00157451 1.27134e-06 0.0 
0.00181641 0.0017821 0.0 
0.000868816 -0.000224856 0.0 
6.24768e-05 0.000289616 0.0 
0 0 0.0 
0.0075276 -1.64173e-05 0.0 
0.0233413 0.000189064 0.0 
0.00411971 0.00271224 0.0 
0.0050845 0.00109586 0.0 
0.00175268 0.00275032 0.0 
-3.41511e-05 -0.000165038 0.0 
0 0 0.0 
0.00710392 0.00122212 0.0 
0.00192525 0.000429982 0.0 
0.0014713 -0.000417147 0.0 
0 0 0.0 
-1.95623e-05 -9.39137e-05 0.0 
0.35351 0.13725 0.0 
0.0147679 -0.000891814 0.0 
0 0 0.0 
0.00763079 1.85118e-05 0.0 
0 0 0.0 
2.02409e-05 0.000109382 0.0 
0.00267338 -4.16428e-05 0.0 
0.000943956 0.0012768 0.0 
0.00028393 -0.000831923 0.0 
0.00207513 -6.98823e-05 0.0 
1.37479e-05 -7.02026e-05 0.0 
0.0710516 0.000432047 0.0 
0.00035315 0.000146508 0.0 
0.00788191 3.04047e-05 0.0 
0.00405461 0.0025488 0.0 
0 0 0.0 
0 0 0.0 
0 0 0.0 
0.00292108 3.07528e-05 0.0 
0.106098 -0.00777859 0.0 
0 0 0.0 
0.000126942 -0.000814992 0.0 
0.000872698 0.000201864 0.0 
0.037642 -0.000131645 0.0 
-0.000117243 0.000194483 0.0 
0.000940793 -0.000242344 0.0 
0.00385401 0.000615302 0.0 
0.00606624 -0.000283985 0.0 
0.0149637 -2.1368e-05 0.0 
0 0 0.0 
0 0 0.0 
0.00229902 0.000340522 0.0 
0 0 0.0 
-4.22982e-05 0.000146607 0.0 
0.0247814 0.00034472 0.0 
0 0 0.0 
0.000780319 -0.00074012 0.0 
3.22054e-05 1.7577e-05 0.0 
-6.0541e-05 2.32982e-05 0.0 
0.00356673 2.12095e-06 0.0 
-0.000285848 0.000470774 0.0 
0.00578606 0.00268122 0.0 
0.0171598 0.00181915 0.0 
-0.000118763 -0.000291156 0.0 
0.00377502 0.00484984 0.0 
0.0093455 -1.91078e-06 0.0 
-0.0115926 -0.0016338 0.0 
0 0 0.0 
0.00196427 -0.00162358 0.0 
0.0402193 -0.00114286 0.0 
0.00228061 0.00023204 0.0 
0.184792 -0.141022 0.0 
0.000757682 0.00117052 0.0 
0.00604245 -7.07327e-05 0.0 
0 0 0.0 
0.0181212 -4.54655e-05 0.0 
0.00256262 -4.87623e-06 0.0 
0.00318411 1.38619e-06 0.0 
0 0 0.0 
0.0627167 -0.00273099 0.0 
0.00206873 1.15851e-05 0.0 
0.00132089 -0.00112741 0.0 
0.00143954 -3.62141e-06 0.0 
0.297547 0 0.0 
-2.54867e-06 5.45381e-06 0.0 
-0.000176432 -0.000311838 0.0 
-5.57414e-05 0.000144103 0.0 
0.000556869 -0.000320001 0.0 
0.000493605 0.00129987 0.0 
0.000113396 3.63895e-05 0.0 
0 0 0.0 
0 0 0.0 
0.000823718 -9.54256e-05 0.0 
-0.000122124 -0.000192459 0.0 
0.000278792 -0.00120821 0.0 
0.00135208 4.45286e-06 0.0 
0 0 0.0 
0.000437825 -1.79446e-05 0.0 
0 0 0.0 
0.00744263 -0.000263871 0.0 
0.000161878 -0.000687314 0.0 
0.00246975 0.00317544 0.0 
0.00156538 -0.000391715 0.0 
6.33906e-05 -0.00035031 0.0 
0 0 0.0 
0 0 0.0 
0 0 0.0 
-2.16994e-05 -3.16794e-05 0.0 
0.00371199 -0.000156049 0.0 
-0.000123978 -0.000288032 0.0 
0.000608683 0.000956257 0.0 
0.010743 -4.14955e-05 0.0 
0.00154151 0.000434905 0.0 
-6.06141e-05 -9.50528e-05 0.0 
0.281581 0.0421576 0.0 
0.0037828 0.000823993 0.0 
0.0197131 -5.64325e-05 0.0 
0 0 0.0 
0 0 0.0 
0.00287584 0.0014846 0.0 
-4.75711e-05 7.55801e-05 0.0 
0.0667972 -0.00151184 0.0 
-0.000178303 0.000287154 0.0 
-0.00733577 0.00626306 0.0 
0.30315 -0.0420394 0.0 
0 0 0.0 
-0.00137634 0.00409289 0.0 
0.00302109 0.00138036 0.0 
0.00194047 0.0013482 0.0 
-2.21161e-05 6.48919e-05 0.0 
-0.000736559 0.00131777 0.0 
0.000123003 0.000630484 0.0 
0.102499 -0.00504301 0.0 
0.001867 0.000871471 0.0 
0.00158993 0.00258498 0.0 
0.164489 0.0142334 0.0 
0 0 0.0 
-0.000317366 -0.000554793 0.0 
0.000124367 3.06285e-05 0.0 
0.00168395 3.93233e-07 0.0 
0 0 0.0 
-0.000122686 -0.000193072 0.0 
-8.50454e-05 0.000288307 0.0 
0.00666429 0.0085424 0.0 
0.00612806 0.0034079 0.0 
-0.00428105 0.00478211 0.0 
-6.42038e-05 -9.94182e-05 0.0 
0.00691978 -3.1438e-05 0.0 
0 0 0.0 
-0.00296672 0.00561252 0.0 
0.00109853 -6.16147e-06 0.0 
0.000186064 0.000110033 0.0 
-5.66641e-05 7.58965e-05 0.0 
0.0146025 -2.3999e-05 0.0 
0.0359399 0.00121755 0.0 
8.45735e-05 -1.14757e-05 0.0 
0.171082 -0.154384 0.0 
0.0011997 0.000125062 0.0 
3.54073e-05 -3.02143e-05 0.0 
3.84376e-05 0.000220152 0.0 
0.00132112 0.000612041 0.0 
-8.16709e-06 -3.01391e-05 0.0 
0.00136588 0.000681388 0.0 
0.00385032 0.00144603 0.0 
0.0144793 0.00255188 0.0 
0.00453698 -0.00355883 0.0 
0.000137685 -0.00028755 0.0 
-2.43656e-05 0.000109019 0.0 
1.01836e-05 -7.51261e-05 0.0 
0 0 0.0 
0.00204195 0.000457453 0.0 
0.000514821 -0.000144963 0.0 
0.00848775 0.00261817 0.0 
0.00174365 0.000583558 0.0 
0 0 0.0 
0.000862736 -0.000234233 0.0 
0 0 0.0 
0.0172211 1.34372e-05 0.0 
0.00842853 -1.22478e-05 0.0 
0.00695978 0.00262681 0.0 
1.72721e-05 -2.46546e-05 0.0 
0.272973 0.104126 0.0 
-5.47424e-05 -9.05304e-05 0.0 
0.000811174 -0.000676647 0.0 
0.000189432 -0.00114629 0.0 
0.00425587 0.00199225 0.0 
0.00769149 -2.77582e-05 0.0 
0.000101109 -0.000615576 0.0 
0.00124776 -1.19974e-06 0.0 
0.00768448 -5.02188e-05 0.0 
0.184509 -0.0196236 0.0 
0.254118 0.0663701 0.0 
0.00122413 5.27881e-07 0.0 
-0.00290667 0.00501408 0.0 
0 0 0.0 
0.000669765 0.00202924 0.0 
0.00327038 0.00132887 0.0 
-0.00285745 0.00322393 0.0 
0.00344517 0.00135331 0.0 
0 0 0.0 
0.000245857 -0.000657268 0.0 
0 0 0.0 
0 0 0.0 
1.38902e-05 2.03264e-05 0.0 
0.154601 -0.0254338 0.0 
0 0 0.0 
0 0 0.0 
0.000597767 0.000229717 0.0 
0.0309212 5.62204e-05 0.0 
0 0 0.0 
0.337222 0.0118136 0.0 
0.00541615 -0.00687903 0.0 
2.89751e-05 -7.14251e-06 0.0 
0.15231 -0.106066 0.0 
0.000110904 -3.98207e-05 0.0 
-0.00132091 0.00198573 0.0 
-0.00462824 0.00687814 0.0 
0.00878957 1.09094e-05 0.0 
0.0153017 7.00413e-06 0.0 
0.000500188 -7.62232e-05 0.0 
0.00220351 0.00220402 0.0 
-5.7898e-06 -1.19848e-05 0.0 
0.211326 -0.0571248 0.0 
0.0217179 0.000252283 0.0 
0.00236215 -6.1863e-05 0.0 
0.0340578 0.00805525 0.0 
0.0024991 0.00146555 0.0 
0.0101162 0.000477407 0.0 
0.0157713 -1.77399e-05 0.0 
0.0649373 0.00252209 0.0 
0 0 0.0 
0.007791 -5.99255e-05 0.0 
0.00359468 -0.0050979 0.0 
0.00158935 0.00240271 0.0 
0 0 0.0 
3.46854e-05 -5.71628e-06 0.0 
0.00624553 -3.56273e-05 0.0 
0.028149 0.000532849 0.0 
0 0 0.0 
0.00157037 -3.09826e-05 0.0 
0.00606998 -2.37939e-05 0.0 
0.00566445 -5.6095e-06 0.0 
0.0186591 -1.03265e-05 0.0 
0.0114839 4.10409e-05 0.0 
0.00706617 -0.00923096 0.0 
0 0 0.0 
0 0 0.0 
0.0206144 -5.67498e-05 0.0 
0.0125602 -0.00432974 0.0 
0 0 0.0 
0.000741835 -0.00121858 0.0 
0.00112925 0.00149417 0.0 
0 0 0.0 
-0.0111894 0.00324104 0.0 
0 0 0.0 
-0.00116983 0.00711896 0.0 
-1.45167e-05 4.51995e-05 0.0 
0.000305414 0.000796726 0.0 
0.000189154 7.85964e-05 0.0 
0.000634025 -0.000203327 0.0 
0.0175068 -0.0260992 0.0 
0.0023612 0.00173387 0.0 
-2.46436e-05 3.0889e-05 0.0 
0 0 0.0 
0.000320888 0.000133257 0.0 
0.000248505 0.000571786 0.0 
0.031393 -0.00017751 0.0 
0.00153442 -0.000205395 0.0 
0.000374906 0.000340573 0.0 
0.000737926 -0.00014808 0.0 
0.138259 -0.120134 0.0 
0.00170722 0.0010103 0.0 
-5.91097e-05 -9.16358e-05 0.0 
-2.9096e-05 4.37439e-05 0.0 
0.0295293 0.00100127 0.0 
0.0100572 0.00398488 0.0 
-0.0045868 -0.00564727 0.0 
0.000582202 0.00247013 0.0 
0.000840864 -0.000116792 0.0 
0.00015825 0.0005518 0.0 
0.0179254 0.000156243 0.0 
0 0 0.0 
0.00335815 0.00207274 0.0 
0.044682 0.00170859 0.0 
0.00532879 -0.00652961 0.0 
8.65241e-05 -0.000608585 0.0 
-2.61083e-05 0.000125676 0.0 
0.0111543 0.000899355 0.0 
-7.41374e-05 -0.000158032 0.0 
-9.90826e-06 1.89055e-05 0.0 
-7.0226e-05 0.000126835 0.0 
0.000184292 0.000700061 0.0 
0.0094937 -2.99251e-05 0.0 
0 0 0.0 
0.00104469 0.000746198 0.0 
-2.92558e-05 4.47605e-05 0.0 
-0.00209684 0.00846182 0.0 
0.000942642 0.00178851 0.0 
0.00010323 -0.000345218 0.0 
0.000758313 0.000572673 0.0 
0.00470392 5.29917e-05 0.0 
0.000428112 0.000198618 0.0 
0 0 0.0 
0.00718075 4.93798e-06 0.0 
0.0186877 -1.91684e-05 0.0 
-5.83195e-05 9.63106e-05 0.0 
0 0 0.0 
0.00215753 -0.00230964 0.0 
0 0 0.0 
-0.0132687 -0.000246536 0.0 
0.000716663 -0.00125818 0.0 
0.0452034 -0.011842 0.0 
0.00291915 0.00135155 0.0 
0.0203296 -5.38698e-05 0.0 
0.0278933 0.000156824 0.0 
0.00289954 -0.00487078 0.0 
0 0 0.0 
0.0230791 -6.3778e-05 0.0 
0.119633 -0.000202609 0.0 
0.00169103 0.00154777 0.0 
0.00368679 -3.20767e-05 0.0 
0.0489952 0.00529357 0.0 
-0.000140047 3.12749e-05 0.0 
0 0 0.0 
-1.79154e-05 0.000108004 0.0 
0.0001057 0.000532708 0.0 
0.000104041 4.94228e-05 0.0 
0.00290524 0.00286811 0.0 
0.000627896 -0.000212425 0.0 
0.000514028 0.00128289 0.0 
0.00054927 0.00131856 0.0 
-1.96642e-05 -7.11983e-05 0.0 
0.0249001 -5.25034e-05 0.0 
0.0282273 -3.47701e-05 0.0 
0.000222367 0.000123119 0.0 
0 0 0.0 
0.0342842 -0.000494607 0.0 
-0.0142591 0.000613906 0.0 
0.000166517 0.000723529 0.0 
0.233852 -0.175528 0.0 
0 0 0.0 
0.00069932 -0.00016866 0.0 
-0.00230918 -0.00629213 0.0 
0.000442041 -7.85973e-05 0.0 
0.00340154 -0.00440033 0.0 
0.000450771 -0.00108252 0.0 
0.0710689 0.0131735 0.0 
0.00926968 -0.00367768 0.0 
0.0689533 0.00165076 0.0 
0.144104 0.014754 0.0 
-0.00634241 0.00393747 0.0 
0 0 0.0 
-4.69182e-07 1.94356e-06 0.0 
3.39384e-05 -1.48493e-05 0.0 
0.0386312 0.000372624 0.0 
-0.00563397 -0.00721031 0.0 
0.000282863 0.000722367 0.0 
1.4942e-05 1.69739e-05 0.0 
0.00286074 -0.000370127 0.0 
-0.000454474 0.00508417 0.0 
0.000181681 9.69594e-05 0.0 
0.00107178 -0.000494603 0.0 
0 0 0.0 
0.0184493 -5.71181e-05 0.0 
-6.19978e-05 0.000157997 0.0 
0.00155834 0.00111608 0.0 
0.00549953 0.0017288 0.0 
0.0332204 1.67769e-05 0.0 
0.000921945 3.68094e-05 0.0 
0 0 0.0 
0.000276885 5.69072e-05 0.0 
0.000259552 0.00120007 0.0 
0.18655 0.0149949 0.0 
0 0 0.0 
0.0847736 -0.0239434 0.0 
0.0908924 -0.00149647 0.0 
0.0370779 -0.00383039 0.0 
-5.39116e-05 0.000131583 0.0 
0.000639054 0.000267646 0.0 
0.0325348 -0.000102085 0.0 
0.0011925 0.000551303 0.0 
0.00226201 0.00276641 0.0 
0 0 0.0 
0.0325576 8.09556e-05 0.0 
-0.00331976 0.000233006 0.0 
0.000651899 -0.00109087 0.0 
0 0 0.0 
0.0122949 -5.49815e-05 0.0 
0.00711531 8.46532e-05 0.0 
-3.29033e-05 -7.56252e-05 0.0 
0.00627276 0.000139738 0.0 
0.170039 -0.00135805 0.0 
-5.54973e-05 8.55235e-05 0.0 
0.000806481 -2.24114e-05 0.0 
0 0 0.0 
0.00790811 8.077e-06 0.0 
0.00083922 0.00634279 0.0 
0.0386262 0.000770364 0.0 
0.00321734 0.0066235 0.0 
0.00299979 0.00107583 0.0 
0.000516976 6.71324e-05 0.0 
0 0 0.0 
-7.32647e-05 -0.000107518 0.0 
0.023517 -1.94921e-05 0.0 
0.0205364 0.000116763 0.0 
-0.000620396 0.00111384 0.0 
-0.00039904 -0.000974146 0.0 
-1.28906e-05 6.47737e-05 0.0 
-1.2007e-05 3.52732e-05 0.0 
-3.32631e-05 7.56344e-05 0.0 
-1.68305e-05 6.78811e-05 0.0 
0.0422342 -0.00474413 0.0 
-0.000171869 -0.000458682 0.0 
0.013157 -2.2907e-05 0.0 
0.00012115 -7.78834e-05 0.0 
0 0 0.0 
0 0 0.0 
0 0 0.0 
-0.00835929 0.00334145 0.0 
0.0615939 0.035045 0.0 
0.0612814 -0.041975 0.0 
0.000348167 0.000208154 0.0 
-0.00595259 -0.00134354 0.0 
0.0130317 -0.00022688 0.0 
0.00238297 0.000734708 0.0 
0.000197467 -0.000487973 0.0 
0.000244809 -0.000118801 0.0 
0.000173036 -0.000925829 0.0 
0.00221749 -0.00336987 0.0 
0.0155645 2.78319e-05 0.0 
0.000232756 -0.00033894 0.0 
-6.82586e-05 9.66769e-05 0.0 
-0.000122372 0.000190456 0.0 
0.227307 -0.0567934 0.0 
0.0553841 -0.00348825 0.0 
0 0 0.0 
0.0105448 -5.8156e-05 0.0 
0.00845121 0.00348766 0.0 
-1.70919e-05 -3.42377e-05 0.0 
0.00132471 2.3266e-06 0.0 
6.00132e-06 8.92269e-05 0.0 
0.00950482 -3.10891e-05 0.0 
0.0463487 -0.0019449 0.0 
-8.75998e-05 0.000118332 0.0 
0.00219987 -0.000109123 0.0 
0 0 0.0 
0.0273024 0.000451008 0.0 
0.000213346 -0.000129924 0.0 
0.000555167 0.000312979 0.0 
0.00330829 0.00400915 0.0 
-0.00846154 -0.000784603 0.0 
-2.73838e-05 8.98915e-05 0.0 
-5.02985e-06 -2.26507e-05 0.0 
-0.000386084 0.000236798 0.0 
-5.95646e-05 0.000125332 0.0 
0.00786572 1.96135e-05 0.0 
0 0 0.0 
0.00311947 -0.00616512 0.0 
0 0 0.0 
-2.60702e-05 3.2025e-05 0.0 
-0.0035461 0.0045743 0.0 
2.81462e-06 1.68282e-05 0.0 
-2.66452e-05 0.000126362 0.0 
0 0 0.0 
0.0265048 -7.96558e-05 0.0 
0.00181423 0.000814264 0.0 
-5.05255e-05 0.000147335 0.0 
-4.57462e-06 2.26053e-05 0.0 
0.00934944 0.00168422 0.0 
0.0251407 0.000219958 0.0 
0.00202262 0.00321444 0.0 
0 0 0.0 
-0.00700506 0.000992796 0.0 
-2.0629e-05 -6.96139e-05 0.0 
0.0295289 0.000216464 0.0 
0.0486005 -0.0271075 0.0 
-0.00104569 -0.00472476 0.0 
0.00120281 -0.00286841 0.0 
-2.58615e-06 7.96588e-06 0.0 
4.04111e-05 -2.74568e-05 0.0 
0.0364193 0.00308915 0.0 
0.0239244 -0.000633896 0.0 
0 0 0.0 
-2.56113e-05 -0.000128874 0.0 
-5.19544e-05 9.76607e-05 0.0 
0.0781082 0.00680747 0.0 
0.00016325 9.80997e-05 0.0 
0.00257335 -8.97129e-05 0.0 
0.0114209 -4.50406e-06 0.0 
0 0 0.0 
0.00179171 0.00192741 0.0 
-1.73288e-05 5.17835e-05 0.0 
0 0 0.0 
0.010557 -8.6021e-05 0.0 
0.00019652 -0.000403606 0.0 
0.00165049 -0.0005356 0.0 
-0.000293443 0.000544128 0.0 
0 0 0.0 
-0.000173914 0.000271475 0.0 
2.64964e-05 3.23126e-05 0.0 
0 0 0.0 
4.4046e-05 1.55809e-05 0.0 
0.11421 -0.0304636 0.0 
0.018951 -0.000452125 0.0 
0.100205 0.0732175 0.0 
-6.09788e-05 0.000139827 0.0 
0.000538939 -0.000266961 0.0 
0 0 0.0 
-0.00865174 -0.00377354 0.0 
0.00201241 0.00110928 0.0 
0.0132201 9.34747e-06 0.0 
0.0831688 -0.0609611 0.0 
0.0895788 -0.0421125 0.0 
0.359834 -0.0211375 0.0 
0.00061417 -0.000640288 0.0 
-3.97453e-05 -5.82245e-05 0.0 
-0.00229294 0.00671691 0.0 
0.078242 -0.000954237 0.0 
-0.000144207 0.00023875 0.0 
0.00204354 -0.000156881 0.0 
1.27574e-05 -3.76037e-06 0.0 
0.0676878 0.0176277 0.0 
6.05176e-05 5.33817e-05 0.0 
-3.61774e-05 0.000105458 0.0 
0 0 0.0 
-2.3649e-05 5.47839e-05 0.0 
0.000843266 -0.000898258 0.0 
0.000735311 -0.000813587 0.0 
0.136019 0.0613341 0.0 
0.0266474 -0.000496264 0.0 
0.000230034 -0.00124505 0.0 
0.00532525 2.89306e-05 0.0 
0.0241782 0.000130261 0.0 
0.00462004 -0.00022336 0.0 
0.0134858 -0.000408191 0.0 
0.0841785 0.00202583 0.0 
0.000458725 0.000119247 0.0 
3.2982e-05 2.05248e-05 0.0 
0.0660411 0.00123107 0.0 
0 0 0.0 
-0.000118905 0.000189972 0.0 
-0.00798939 -0.00109672 0.0 
-9.21577e-06 -5.28776e-05 0.0 
2.43189e-06 -2.56807e-05 0.0 
0.325752 -0.01741 0.0 
0.274303 -0.0212943 0.0 
-6.38823e-05 -0.000169067 0.0 
-0.00168787 -0.00604269 0.0 
0.0327578 0.0181256 0.0 
9.01006e-05 0.00043836 0.0 
0.00865006 0.00199031 0.0 
0.0026038 0.00212051 0.0 
0 0 0.0 
0 0 0.0 
0.000816153 -0.00171588 0.0 
0.00186521 0.000660833 0.0 
0.0108201 6.20681e-06 0.0 
0.00155454 -0.0021922 0.0 
0.00962549 0.000258719 0.0 
0.0242672 2.34099e-05 0.0 
0.0709038 -0.0202179 0.0 
0 0 0.0 
0.071139 0.0200226 0.0 
0.000726254 -0.000199966 0.0 
0.230281 -0.0229976 0.0 
-0.00349871 -0.00135056 0.0 
-0.00393892 0.00744272 0.0 
0 0 0.0 
0.00210508 0.000351271 0.0 
-5.66613e-05 0.000164731 0.0 
0.0587993 0.00113675 0.0 
-6.64577e-05 -9.51486e-05 0.0 
0.00976392 1.3929e-05 0.0 
-0.00359456 -0.00842269 0.0 
-0.0111293 0.00224303 0.0 
-0.00011079 -0.000191786 0.0 
0.112363 -0.0865234 0.0 
0 0 0.0 
0.000620916 -0.000238127 0.0 
0 0 0.0 
0.125755 0.0311766 0.0 
0.00378609 0.00262827 0.0 
-2.10154e-05 -7.40647e-05 0.0 
-2.62203e-06 6.63088e-05 0.0 
0.0114269 0.00461329 0.0 
0.000767161 -0.00181626 0.0 
0.0107251 -2.54723e-05 0.0 
1.16309e-06 3.07142e-06 0.0 
0.0230841 0.000109731 0.0 
-0.0112185 -0.000838204 0.0 
0.00144266 -0.000102902 0.0 
0.00247927 0.000194513 0.0 
0.00313763 0.00184768 0.0 
0.0419143 -0.0487867 0.0 
-1.58206e-05 -9.91684e-05 0.0 
-1.93546e-06 -9.28289e-06 0.0 
0.00795458 -0.00461158 0.0 
0.00136481 -0.000344215 0.0 
-4.94044e-06 -3.59089e-05 0.0 
0.0338291 0.000605145 0.0 
0.155882 -0.00200247 0.0 
0.0387354 5.7829e-05 0.0 
0.0977237 0.000563037 0.0 
0.0775076 -0.0045205 0.0 
1.24508e-06 -3.2751e-05 0.0 
-7.79689e-06 -5.6128e-05 0.0 
0.00256115 -2.32516e-06 0.0 
0.0429217 0.000209667 0.0 
0.00108329 9.82441e-05 0.0 
0.0247844 -0.0134725 0.0 
0.0231183 0.0125684 0.0 
-0.00117824 0.00335425 0.0 
0.0377417 0.00028795 0.0 
-1.74646e-06 -8.78216e-06 0.0 
0 0 0.0 
0.0779256 -0.0208013 0.0 
0.0293031 0.00483157 0.0 
0.266568 0.0293104 0.0 
-1.5692e-06 3.17924e-06 0.0 
0.175923 0.00130802 0.0 
0.00639593 0.00537897 0.0 
0.000720353 0.00181822 0.0 
0.00164404 0.00255914 0.0 
0.0929062 0.000559147 0.0 
-3.8374e-05 -0.000126114 0.0 
0 0 0.0 
0.0107401 6.34525e-05 0.0 
0.00139893 0.000573201 0.0 
8.87668e-05 -3.38239e-07 0.0 
0.00034931 -0.000102909 0.0 
0.0165776 -2.7515e-05 0.0 
0.000982041 0.000132179 0.0 
0.00101977 0.000237271 0.0 
0.06475 -0.000282684 0.0 
-3.71101e-05 5.61311e-05 0.0 
0 0 0.0 
0.000450723 -0.000116603 0.0 
0.125042 -0.135716 0.0 
4.02176e-06 8.25879e-06 0.0 
0.000418759 -0.00181536 0.0 
0.000512333 -0.00247105 0.0 
0.221464 0.0712836 0.0 
-3.23186e-05 4.96345e-05 0.0 
0.00776016 4.85098e-06 0.0 
0.00420509 0.00142781 0.0 
5.46997e-06 -1.38872e-05 0.0 
-2.42018e-05 -5.95249e-05 0.0 
0.00120554 -0.000276134 0.0 
0.00339565 -0.000390345 0.0 
0.00212984 -0.000473146 0.0 
0.00214119 0.000264669 0.0 
0.0026936 0.00192716 0.0 
-2.77475e-05 0.000173378 0.0 
0.0178046 -4.70045e-05 0.0 
-8.77409e-05 0.000134087 0.0 
0.098932 0.0107162 0.0 
0.0726995 0.00104189 0.0 
0.00986753 1.0479e-05 0.0 
0.00102725 0.00194729 0.0 
-3.68207e-05 7.68958e-05 0.0 
0.00180936 0.00019132 0.0 
0.000931259 3.2139e-05 0.0 
0.00539974 0.00209883 0.0 
0.00199173 -0.000286923 0.0 
-0.00044511 0.00368156 0.0 
-5.09384e-05 -2.6414e-05 0.0 
0.000150274 -0.000885296 0.0 
0.00175775 0.000595915 0.0 
0.0282275 0.000185451 0.0 
-0.0028808 2.39472e-05 0.0 
0 0 0.0 
0 0 0.0 
0 0 0.0 
0.00130845 0.000601308 0.0 
0.00114209 0.000549933 0.0 
0.00776474 5.16486e-05 0.0 
0.024747 0.00202156 0.0 
0.000331576 7.69761e-06 0.0 
0.067228 -0.00975231 0.0 
0.209253 -0.00260761 0.0 
-7.12325e-06 -5.25247e-05 0.0 
0 0 0.0 
0 0 0.0 
0.00246788 0 0.0 
0.00140068 -0.000116598 0.0 
0.0349432 8.3951e-05 0.0 
0.0684124 -0.00157863 0.0 
0.0243782 -0.000224846 0.0 
0.249652 -0.175026 0.0 
0.00108339 -0.0031283 0.0 
6.01351e-05 0.00421911 0.0 
0.00117155 -0.00319212 0.0 
0.00124473 0.000284477 0.0 
0.00626252 0.00389849 0.0 
0.282049 0.057104 0.0 
-0.00349098 -0.000986079 0.0 
0 0 0.0 
0.00550437 3.77734e-05 0.0 
0 0 0.0 
0 0 0.0 
-2.66185e-05 -7.30945e-05 0.0 
-1.39271e-05 -8.29985e-05 0.0 
0.00811544 -0.000217481 0.0 
0.000326743 -9.72963e-05 0.0 
0.0207844 0.000315246 0.0 
0.00488305 0.00220135 0.0 
0.142295 -0.00752415 0.0 
0.00220354 0.00331511 0.0 
0.000670172 -0.000157153 0.0 
8.34742e-05 5.12275e-05 0.0 
0 0 0.0 
-1.96005e-05 -0.00012959 0.0 
-2.5225e-05 -3.72386e-05 0.0 
0.0199425 0.0100217 0.0 
0.017571 0.000218427 0.0 
0.00118592 0.000540777 0.0 
0.0230747 -9.64472e-06 0.0 
0.281816 0.067656 0.0 
0.216812 -0.00872869 0.0 
0.109651 -0.00337699 0.0 
0.0214491 -2.327e-05 0.0 
0 0 0.0 
0 0 0.0 
0.187549 0.153155 0.0 
0.00147162 0.00130824 0.0 
-0.000588085 0.00105212 0.0 
-0.000142739 -0.000237504 0.0 
0 0 0.0 
-9.08214e-06 5.66565e-06 0.0 
0.377352 0.0750154 0.0 
-7.32437e-05 0.00072607 0.0 
1.77521e-05 -9.01381e-06 0.0 
0 0 0.0 
0.000274349 -0.000826583 0.0 
0.00874749 0.000130813 0.0 
0.000358905 8.47928e-05 0.0 
0.000130873 5.48376e-05 0.0 
0 0 0.0 
0.000378993 0.000103371 0.0 
0.000806445 0.000110195 0.0 
0.021102 -0.0136807 0.0 
0.0157692 -7.00801e-05 0.0 
0.0127488 -0.0162303 0.0 
0.0334376 -0.000205055 0.0 
0.00132976 -0.0016591 0.0 
-7.12176e-05 0.000110784 0.0 
0.0201588 0.000132155 0.0 
0.0489313 -0.00274242 0.0 
-9.76401e-05 -0.000258649 0.0 
0.00150445 -0.000173907 0.0 
-0.00275383 -0.00407166 0.0 
-0.000304342 -6.31626e-05 0.0 
5.34361e-05 -3.46444e-05 0.0 
-6.91093e-06 3.62431e-05 0.0 
0.00170996 0.000607678 0.0 
1.8659e-05 -1.40715e-05 0.0 
0 0 0.0 
6.03903e-05 -5.66826e-06 0.0 
0 0 0.0 
0.000131411 7.54122e-05 0.0 
0 0 0.0 
0.227519 -0.0308663 0.0 
4.07467e-05 1.52651e-05 0.0 
2.08502e-05 -4.30762e-05 0.0 
-3.75347e-05 -0.000105443 0.0 
0 0 0.0 
0.00241593 -5.44638e-06 0.0 
0.0521851 -0.00200138 0.0 
0.000229547 -0.000111795 0.0 
-5.28596e-05 8.22468e-05 0.0 
0.000529912 -0.00115131 0.0 
-2.59854e-06 1.50862e-05 0.0 
1.55813e-05 1.34908e-06 0.0 
0.025164 0.0118235 0.0 
0.0343622 0.000227576 0.0 
0.00133446 0.00202975 0.0 
0.00130304 6.65914e-05 0.0 
0 0 0.0 
0.000229913 9.60217e-05 0.0 
0.0195019 4.01807e-05 0.0 
0 0 0.0 
0.000511684 -1.88315e-05 0.0 
-3.15813e-05 -8.38821e-05 0.0 
0.000716763 -0.000250351 0.0 
0.000253446 5.47748e-05 0.0 
0 0 0.0 
0.00125899 0.00109642 0.0 
0.000196233 -0.000136511 0.0 
0.00248955 -0.000660703 0.0 
0 0 0.0 
0.00590648 -0.00844073 0.0 
-4.00656e-05 -0.000107088 0.0 
0.0426637 -0.000667641 0.0 
-1.15067e-05 2.88351e-05 0.0 
3.6677e-05 -2.26533e-05 0.0 
0 0 0.0 
0.00283545 0.00037196 0.0 
0.033144 -0.00594718 0.0 
0.000156608 8.08667e-05 0.0 
0.137875 -0.00280489 0.0 
-4.89168e-07 4.12621e-05 0.0 
0 0 0.0 
-6.63841e-05 -0.000224185 0.0 
0.0018755 0.00283621 0.0 
0.173001 -0.165768 0.0 
0.0393187 -0.0108566 0.0 
0.372972 -0.0749231 0.0 
-0.000154902 0.000515273 0.0 
1.32468e-05 5.46705e-07 0.0 
0.0032331 3.44721e-05 0.0 
5.82485e-05 -0.000314343 0.0 
0.00623373 -1.97303e-05 0.0 
2.40316e-05 -0.000174355 0.0 
-3.50916e-05 5.10278e-05 0.0 
-0.000176045 -0.00032014 0.0 
-7.96927e-05 -0.000236655 0.0 
5.3216e-05 -0.000318912 0.0 
0.012733 -0.00490764 0.0 
0.000702343 -1.6932e-05 0.0 
0.00190592 -0.000145574 0.0 
0.143027 0.00612441 0.0 
0.0431448 -0.000249684 0.0 
0.0660439 -0.013196 0.0 
0.335855 -0.0274961 0.0 
0.000105714 -0.000443338 0.0 
0 0 0.0 
-0.000119136 -0.000192268 0.0 
0 0 0.0 
0.0817959 -0.00186787 0.0 
0.000200765 0.00212452 0.0 
0.0549793 -0.00373723 0.0 
0.0122596 0.00330957 0.0 
8.61899e-05 -5.44715e-05 0.0 
0.00229684 0.000349237 0.0 
0 0 0.0 
0.0301519 0.00177638 0.0 
0.219698 -0.0111711 0.0 
0.00262872 0.00306241 0.0 
0.00644197 -0.0103818 0.0 
0.0288971 -0.000146393 0.0 
0.0415069 0.0148255 0.0 
-4.08399e-05 8.01354e-05 0.0 
-0.00012249 -0.000297733 0.0 
0.180059 -0.053671 0.0 
0.0348519 -1.54717e-05 0.0 
0.0514045 0.000275289 0.0 
3.1159e-05 3.4582e-06 0.0 
0 0 0.0 
-0.0039272 0.00270572 0.0 
-0.00897623 0.00509257 0.0 
-5.45997e-05 -7.80774e-05 0.0 
0.000298804 6.85357e-05 0.0 
0.265822 -0.0956483 0.0 
0 0 0.0 
0.000617951 0.000364578 0.0 
0.00111536 0.000203576 0.0 
0.00295438 -0.00234205 0.0 
0.00107573 0.00141088 0.0 
0.241456 0.00328395 0.0 
0 0 0.0 
-8.38922e-06 -2.574e-05 0.0 
0 0 0.0 
-0.000160554 0.000276499 0.0 
-0.00112419 -0.004911 0.0 
-0.000220196 -0.000459193 0.0 
-0.00657134 -0.00361234 0.0 
7.69969e-05 0.000336369 0.0 
-0.00425482 0.00403634 0.0 
0.177642 0.0825406 0.0 
0 0 0.0 
-6.78441e-05 -9.69163e-05 0.0 
0.00246333 0.00324042 0.0 
0 0 0.0 
0.00362606 -3.07117e-05 0.0 
0.0041258 -0.000159954 0.0 
0.000918643 0.000977457 0.0 
-3.20434e-05 -2.94111e-05 0.0 
0.00309964 -0.00760207 0.0 
0 0 0.0 
0.130538 0.0964697 0.0 
-2.34155e-05 3.43728e-05 0.0 
0.00374396 -0.00552139 0.0 
0.069146 -0.0139616 0.0 
0 0 0.0 
0.000633982 4.44472e-05 0.0 
0.000441967 7.57841e-05 0.0 
0.00182527 0.000368011 0.0 
0.256023 0.00281221 0.0 
0 0 0.0 
0.000312067 4.1999e-05 0.0 
0.0163726 -1.60188e-05 0.0 
0 0 0.0 
0 0 0.0 
-3.00438e-05 -4.18415e-05 0.0 
0.112197 0.00448895 0.0 
0 0 0.0 
0.00167986 1.04085e-05 0.0 
0.00258691 -0.00173836 0.0 
-5.69326e-05 0.000199515 0.0 
0.0983402 0.0217676 0.0 
0.0271323 2.47962e-05 0.0 
0 0 0.0 
0.000254275 0.000117848 0.0 
0 0 0.0 
0.0227164 -0.00277092 0.0 
0.00190554 -0.00245966 0.0 
0.194656 0.0321996 0.0 
0.226883 0.0178264 0.0 
-0.0136319 0.000696366 0.0 
0.000587761 0.00133367 0.0 
0.17084 0 0.0 
0 0 0.0 
-0.00661489 -0.00457676 0.0 
0 0 0.0 
0.00657334 -0.00179925 0.0 
0.125867 0.00373848 0.0 
-0.000191112 -0.000317278 0.0 
0.0010572 -0.000312648 0.0 
0.00609765 7.30229e-05 0.0 
0.00151039 0.00110167 0.0 
0.0618282 0.000937007 0.0 
0.239091 -0.078132 0.0 
0.000438604 0.000935192 0.0 
0.000524564 -0.000195793 0.0 
4.93113e-06 2.63128e-06 0.0 
0.0142962 -0.000269225 0.0 
0.000186092 -0.000387205 0.0 
-0.0030806 0.00153548 0.0 
-7.60396e-06 1.34636e-05 0.0 
0.00394897 0.00533804 0.0 
0.00021716 0.000631487 0.0 
0 0 0.0 
-0.00282573 -0.00257853 0.0 
0.000179212 0.000762859 0.0 
0.00962194 0.00733473 0.0 
7.11428e-05 0.000314835 0.0 
0.000509977 -0.000160357 0.0 
0 0 0.0 
0.00123682 8.75309e-07 0.0 
0.000442841 3.80994e-05 0.0 
5.09004e-05 0.000236277 0.0 
0.00622994 -7.33179e-06 0.0 
0 0 0.0 
7.80359e-05 -4.87719e-05 0.0 
0.149717 -0.0293371 0.0 
0.000441716 0.0002335 0.0 
0 0 0.0 
0.0840822 -7.4688e-06 0.0 
0.294595 -0.142681 0.0 
0.0374765 -0.000120247 0.0 
0.0421891 0.000367579 0.0 
0.0159073 -0.000680346 0.0 
-3.51945e-05 4.39424e-05 0.0 
0.0974442 -0.0104793 0.0 
0.000209738 0.000474929 0.0 
0.277046 -0.14648 0.0 
8.78578e-05 -0.000350183 0.0 
0 0 0.0 
0 0 0.0 
0.00221297 -0.000164195 0.0 
0.059385 -0.00480753 0.0 
0 0 0.0 
0.0200492 0.00516521 0.0 
-3.74821e-05 5.69361e-05 0.0 
0.000224424 -7.762e-05 0.0 
0.268724 0.0232474 0.0 
0.00779585 -0.00646395 0.0 
0 0 0.0 
0 0 0.0 
0.00467892 -0.00383034 0.0 
0.0232122 -2.36501e-05 0.0 
0.00606676 0.000645157 0.0 
0.000162648 -0.000109865 0.0 
0.00494506 -0.000178449 0.0 
0.000108869 5.55055e-05 0.0 
-0.00485046 0.00439019 0.0 
-0.00993977 -0.0021241 0.0 
0.00179903 -0.00267886 0.0 
0.000207667 0.000394164 0.0 
0.0014067 0.00101627 0.0 
0 0 0.0 
-2.59563e-05 7.65297e-05 0.0 
0.228624 -0.0101254 0.0 
0.00352843 0.00584412 0.0 
0.24594 -0.0289052 0.0 
0.113842 0.00114409 0.0 
0 0 0.0 
-1.75036e-05 -6.02647e-05 0.0 
0.200055 0.000832518 0.0 
0 0 0.0 
0.0440161 -0.000408294 0.0 
0.211765 -0.0335442 0.0 
0 0 0.0 
0.00185502 -3.05227e-05 0.0 
0 0 0.0 
0 0 0.0 
1.24366e-05 5.38024e-06 0.0 
0.217073 0.01822 0.0 
0.000123231 0.0006078 0.0 
-3.95846e-05 5.99641e-05 0.0 
0.108826 0.0062758 0.0 
0.000739753 -0.000313712 0.0 
-0.000108484 -0.000211938 0.0 
0.00428133 0.00383154 0.0 
0.000461265 -0.000182301 0.0 
0.000247438 4.34254e-05 0.0 
-1.62862e-05 2.04302e-05 0.0 
0 0 0.0 
0.0477233 -0.0168785 0.0 
0.0934569 -0.104887 0.0 
0 0 0.0 
0.00251258 -0.00529182 0.0 
0.000976217 0.000115393 0.0 
0 0 0.0 
0 0 0.0 
0.254829 -0.0681232 0.0 
0.00102718 0.000211899 0.0 
0 0 0.0 
0.155166 0.00101082 0.0 
0.0460193 0.000193426 0.0 
-0.0050551 -0.00301051 0.0 
-3.03671e-05 4.52286e-05 0.0 
0.0378142 -0.000193355 0.0 
1.90889e-05 -6.17322e-05 0.0 
0.0226992 -0.00107428 0.0 
5.4851e-05 0.000297343 0.0 
0.148457 0.0156743 0.0 
0 0 0.0 
0 0 0.0 
-7.5309e-06 -5.63678e-06 0.0 
0.000858558 0.00139446 0.0 
0.00423274 -0.00112383 0.0 
2.36203e-05 0.000141462 0.0 
0.00114353 0 0.0 
0.00777865 -0.00293522 0.0 
0 0 0.0 
-0.000455685 0.000873418 0.0 
0.00683622 2.16193e-05 0.0 
0.0143352 0.0118052 0.0 
0.0305663 0.00678712 0.0 
-1.82936e-08 -1.57179e-05 0.0 
0.000305614 0.0009131 0.0 
0.000956771 7.23418e-06 0.0 
-3.5392e-05 -5.42296e-05 0.0 
0.00133329 0.000233463 0.0 
0.0224775 0.000109488 0.0 
0.104534 0.0531752 0.0 
0.0460091 0.016117 0.0 
4.01668e-05 -2.55361e-05 0.0 
0.000675211 0.000823052 0.0 
0.125478 -0.0257583 0.0 
0.00876757 7.16424e-05 0.0 
0.0911553 -0.00220288 0.0 
0.00553476 -0.00986606 0.0 
0 0 0.0 
0.131132 0.12742 0.0 
3.80091e-05 -7.23591e-05 0.0 
0 0 0.0 
-0.00243746 0.00810461 0.0 
0.286106 -0.0272262 0.0 
0 0 0.0 
0 0 0.0 
0 0 0.0 
0 0 0.0 
0.000100413 -0.000232001 0.0 
0.00569235 0.00463006 0.0 
0 0 0.0 
0 0 0.0 
0.00819104 3.73485e-05 0.0 
0.0439858 0.00274339 0.0 
-3.88152e-05 0.000101386 0.0 
0.0759363 0.000198895 0.0 
-6.74972e-06 -9.77153e-06 0.0 
0.165928 0.118492 0.0 
0.0202467 -7.32366e-05 0.0 
0.234485 0.0361698 0.0 
0.254047 0.0227046 0.0 
0 0 0.0 
0.294582 0.0476454 0.0 
0 0 0.0 
3.93363e-06 -0.00393845 0.0 
7.3308e-05 0.000396375 0.0 
0.00119006 0.00117367 0.0 
0.118397 0.0352323 0.0 
0.000663944 0.00100697 0.0 
0.00119567 -8.42689e-05 0.0 
-0.00927682 0.00381099 0.0 
0.00754676 -0.00776024 0.0 
-2.37263e-05 8.78459e-05 0.0 
0.0396828 -5.0259e-05 0.0 
0.000284788 0.000680695 0.0 
0 0 0.0 
0.0294022 -0.000379529 0.0 
-0.0137236 0.000424318 0.0 
0.0366134 -3.44713e-05 0.0 
0 0 0.0 
0 0 0.0 
0.256218 -0.0526772 0.0 
-8.961e-06 -9.7348e-05 0.0 
0 0 0.0 
-1.41786e-06 -1.91257e-06 0.0 
-1.52919e-05 -2.02287e-05 0.0 
0.0014474 0.00700103 0.0 
-0.00535838 0.00606761 0.0 
0.135046 -0.0309267 0.0 
0 0 0.0 
0 0 0.0 
6.39523e-05 -0.000974232 0.0 
-0.000141858 0.000266813 0.0 
0.0331644 0.000561205 0.0 
0.040731 -0.00593279 0.0 
0.00120485 0.000856086 0.0 
0.00039773 0.00115921 0.0 
-0.00391854 -0.000822056 0.0 
0.12481 -0.0126495 0.0 
0.00102558 0.000631003 0.0 
0.034012 1.45337e-05 0.0 
0.166892 0.0140878 0.0 
0 0 0.0 
0.0142107 4.25093e-05 0.0 
0.0456388 -5.83707e-06 0.0 
0 0 0.0 
0 0 0.0 
-9.36907e-05 -0.000263836 0.0 
6.42149e-05 1.75054e-05 0.0 
-1.50384e-05 3.88235e-05 0.0 
0 0 0.0 
0.197977 -0.176569 0.0 
-0.00019045 0.000305813 0.0 
0.0010573 0.000417292 0.0 
2.95885e-06 -9.12857e-06 0.0 
2.24827e-05 0.000134932 0.0 
0.0112354 0.000726028 0.0 
0.00408853 0.0014032 0.0 
0 0 0.0 
0.267448 -0.00535798 0.0 
0.000583296 0.000125899 0.0 
0.00122437 -0.000968888 0.0 
0.0196808 -2.04598e-05 0.0 
0.00330229 0.00287729 0.0 
0.129749 -0.0123796 0.0 
0 0 0.0 
-1.02148e-05 -3.55695e-05 0.0 
0.00182157 -6.09469e-05 0.0 
0.0117728 -0.00185196 0.0 
0 0 0.0 
-0.000356228 0.00796937 0.0 
0.00140826 0.000858714 0.0 
-0.0103204 -0.00250851 0.0 
0.000622554 0.000436023 0.0 
0.354274 0.0125752 0.0 
0.0322017 0.0442165 0.0 
0 0 0.0 
0.000164285 0.000102248 0.0 
0 0 0.0 
0.0063616 -0.00219689 0.0 
0.000317581 -0.000586357 0.0 
0.000359073 9.6502e-06 0.0 
0 0 0.0 
0.0318266 0.000138172 0.0 
0.264729 0.181076 0.0 
-0.000873651 -0.00485546 0.0 
0.0993083 0.000778396 0.0 
0.236033 -0.137276 0.0 
0 0 0.0 
0.000992479 0.000394408 0.0 
-0.00422962 0.00488102 0.0 
0 0 0.0 
0.0183027 0.0113786 0.0 
0.0113858 -0.00634479 0.0 
0.0532987 -0.000275897 0.0 
0.00138127 0.0018692 0.0 
0.00027773 0.000529637 0.0 
0.00262386 -0.00348138 0.0 
0 0 0.0 
0 0 0.0 
0 0 0.0 
0.244222 0.165296 0.0 
0.000261225 0.000800178 0.0 
0 0 0.0 
0.082345 -0.00306487 0.0 
0.000229242 0.000634966 0.0 
0 0 0.0 
-3.40255e-05 8.87285e-05 0.0 
0.0591647 0.0134546 0.0 
0.0345473 -9.59311e-05 0.0 
-2.31611e-05 3.66927e-05 0.0 
0 0 0.0 
0.00425162 -0.00154842 0.0 
0.00269478 0.00423457 0.0 
0.00338643 0.00530719 0.0 
0.00268425 -0.000194144 0.0 
0.0102179 3.97015e-05 0.0 
0.267313 -0.0290693 0.0 
0 0 0.0 
-1.23193e-05 6.46327e-05 0.0 
0 0 0.0 
0 0 0.0 
0.000285435 0.000640344 0.0 
-3.62165e-05 -0.000185361 0.0 
0.000199101 0.000504944 0.0 
0 0 0.0 
0.0655601 0.0229472 0.0 
0.000567077 0.00016856 0.0 
0.00946246 0.000245123 0.0 
0 0 0.0 
0 0 0.0 
-0.00467495 -0.00792486 0.0 
0.261798 0.0234954 0.0 
0.0463493 -0.018826 0.0 
0 0 0.0 
0.0416133 -0.000797598 0.0 
0.00022643 0.000547788 0.0 
0.0341363 -0.00215968 0.0 
0.00160293 0.0010945 0.0 
0 0 0.0 
0.132791 0.00407726 0.0 
0 0 0.0 
-4.26904e-05 -6.83756e-05 0.0 
0 0 0.0 
0 0 0.0 
0.243989 0.122946 0.0 
0.000832678 -0.00675935 0.0 
0 0 0.0 
0.000598878 0.000856287 0.0 
0.00326179 0.00131169 0.0 
0.000366095 -3.74838e-05 0.0 
0 0 0.0 
-1.77348e-05 -3.63803e-05 0.0 
0.0095368 -7.77518e-05 0.0 
0.000886768 -4.93067e-05 0.0 
0 0 0.0 
-1.00961e-05 4.22819e-05 0.0 
0.131259 -0.0323778 0.0 
0.00963771 7.01885e-05 0.0 
0.00594053 0.00483882 0.0 
0.00102186 0.00130964 0.0 
0.000339906 -2.66984e-06 0.0 
0 0 0.0 
0 0 0.0 
0.00307185 -0.00384712 0.0 
-0.00563159 -0.00385084 0.0 
-2.59645e-05 -8.9298e-05 0.0 
-4.33437e-06 4.44113e-06 0.0 
0.0095275 -0.00226101 0.0 
0 0 0.0 
0 0 0.0 
0.353747 0.0156355 0.0 
4.04688e-05 -0.000308355 0.0 
0 0 0.0 
0.00155521 0.000587221 0.0 
-3.9824e-05 0.000176597 0.0 
-0.00234875 -0.00312502 0.0 
0.123823 0.0135502 0.0 
-4.95421e-05 -0.000118621 0.0 
0.293696 -0.17706 0.0 
0.0241701 -4.36083e-05 0.0 
-0.0037487 0.00856004 0.0 
0.0236855 -0.00243592 0.0 
0.0611884 0.00300194 0.0 
1.07899e-05 -5.40145e-05 0.0 
0.307321 0.171183 0.0 
0 0 0.0 
-0.00724146 0.00515572 0.0 
0.00260057 0.00185628 0.0 
0 0 0.0 
0.000729315 -0.00078721 0.0 
0.00161245 0.000756036 0.0 
0.00523356 -9.79162e-06 0.0 
0.0588044 0.00127039 0.0 
0 0 0.0 
0.000331687 0.000321712 0.0 
0.00208505 0.000832925 0.0 
-1.36493e-05 1.2629e-05 0.0 
0 0 0.0 
0.000541346 -0.000461451 0.0 
0 0 0.0 
-0.000243131 0.000649075 0.0 
0.000971239 -0.0011606 0.0 
0 0 0.0 
0.00315432 0.00101649 0.0 
0.202237 0.0463239 0.0 
0 0 0.0 
0.259988 -0.0210743 0.0 
0.00120089 0.00104071 0.0 
0 0 0.0 
-8.86047e-05 0.000171088 0.0 
-5.40097e-06 -3.45597e-05 0.0 
0 0 0.0 
0.000374818 -0.00119848 0.0 
0.000774719 0.000142289 0.0 
-1.47688e-06 8.45409e-06 0.0 
-0.000135547 -0.000213332 0.0 
0 0 0.0 
0.000579759 -0.00104819 0.0 
0 0 0.0 
-0.000153501 0.000261464 0.0 
0 0 0.0 
0 0 0.0 
0 0 0.0 
0 0 0.0 
0.00105176 0.000953306 0.0 
0.000429023 4.75706e-06 0.0 
-0.0041632 -0.00426746 0.0 
-7.93665e-06 4.3005e-05 0.0 
0.170406 0.0476212 0.0 
0 0 0.0 
0.00315852 -9.42009e-05 0.0 
0.000274767 -0.000112644 0.0 
0.302289 -0.0432973 0.0 
0 0 0.0 
0.000407059 0.000393404 0.0 
-6.42471e-05 -0.000220161 0.0 
0 0 0.0 
0 0 0.0 
0 0 0.0 
0.00109436 0.000513922 0.0 
0.0242187 3.65364e-05 0.0 
0 0 0.0 
0.229421 -0.00199401 0.0 
0.031247 0.000296873 0.0 
0.000653355 0.000451147 0.0 
-2.88107e-05 -9.93398e-05 0.0 
0.00146261 0.00101249 0.0 
0 0 0.0 
0.319776 -0.137514 0.0 
0 0 0.0 
0.0482798 0.000873124 0.0 
0.199812 0.11211 0.0 
0.233466 -0.0543161 0.0 
-5.16858e-05 -9.96516e-05 0.0 
0.342122 0.0702878 0.0 
0 0 0.0 
0.0196022 -1.31083e-05 0.0 
0.188889 0.0296758 0.0 
0.00640534 1.03476e-05 0.0 
0.000907366 0.000129096 0.0 
0 0 0.0 
0.00228279 -0.00202776 0.0 
0.153319 -0.00727068 0.0 
0.0605549 -0.000385162 0.0 
0 0 0.0 
0.000753731 0.000349584 0.0 
0.00736228 0.00266795 0.0 
0.322352 0.0142998 0.0 
0.0203952 -0.00907676 0.0 
0.0297555 0.000264285 0.0 
0.00173632 0.000201574 0.0 
0.00046631 0.00102481 0.0 
0.331489 -0.0949106 0.0 
0.000200521 -7.59251e-05 0.0 
-0.000679138 -0.00529777 0.0 
0 0 0.0 
0.0313165 0.0393077 0.0 
-3.07181e-05 -6.1792e-05 0.0 
0 0 0.0 
0 0 0.0 
0.00196784 -0.001166 0.0 
0.0325328 -0.000165373 0.0 
-8.74732e-06 -3.05179e-05 0.0 
0 0 0.0 
-4.27096e-05 -0.00014633 0.0 
0.122666 -0.0172209 0.0 
9.86733e-05 1.80744e-06 0.0 
0.000534638 -0.000918434 0.0 
0.000110179 -0.000635126 0.0 
0.000363383 -0.000848993 0.0 
0.317039 0.0371059 0.0 
-3.03428e-06 -1.13539e-05 0.0 
0.149119 0.02772 0.0 
0.00124809 -0.000347393 0.0 
0.000279895 -0.000298501 0.0 
0 0 0.0 
0 0 0.0 
0.000589406 -0.000186281 0.0 
0.000779248 5.95749e-05 0.0 
0.00114571 0.000947726 0.0 
-3.17837e-05 -5.67726e-05 0.0 
0 0 0.0 
0.0161739 0.0116324 0.0 
0.343164 -0.0365694 0.0 
0 0 0.0 
0.0122846 0.00934697 0.0 
-6.305e-05 0.000106114 0.0 
0 0 0.0 
0.000119833 0.000560824 0.0 
0.165934 -0.0101613 0.0 
0.000246377 2.5677e-05 0.0 
0.00238045 -0.00119535 0.0 
0 0 0.0 
0 0 0.0 
0 0 0.0 
5.28998e-05 0.000236637 0.0 
0.00110917 9.11225e-05 0.0 
0.0478657 -0.000125755 0.0 
0 0 0.0 
0.000367829 7.05345e-05 0.0 
0.0107766 -8.32201e-06 0.0 
0 0 0.0 
0.000213369 2.17888e-05 0.0 
0.000297003 0.000607711 0.0 
0.133511 0.151933 0.0 
0.00560186 -0.00502829 0.0 
0.000280279 0.000860255 0.0 
0 0 0.0 
0.0003159 -0.00115476 0.0 
-7.26557e-05 -0.000150757 0.0 
0 0 0.0 
0.00144935 0.000930995 0.0 
0.0101039 6.85561e-05 0.0 
0.000219131 0.000629634 0.0 
0.000862786 -0.00172932 0.0 
0.0368931 -2.06049e-05 0.0 
0.00148349 0.000470304 0.0 
-3.04652e-05 6.17634e-05 0.0 
0 0 0.0 
0.0004989 0.000980573 0.0 
0.00358431 -0.0028013 0.0 
0.00215621 -0.00204871 0.0 
0.00232709 -0.000605462 0.0 
0 0 0.0 
0.000684138 0.000208136 0.0 
0.000354037 2.12383e-05 0.0 
0.00018824 -5.99097e-05 0.0 
0.358311 -0.115715 0.0 
0.314683 0.115988 0.0 
0.0033772 -2.09867e-06 0.0 
0.0928519 0.00141558 0.0 
0.0637516 -0.0202736 0.0 
0.000984629 -0.00105051 0.0 
0.228623 0.00136134 0.0 
0.00113483 0.000349971 0.0 
0 0 0.0 
0 0 0.0 
0.0431475 -0.00077371 0.0 
0 0 0.0 
-3.79106e-05 -0.000118776 0.0 
-0.00574366 -0.00670486 0.0 
0 0 0.0 
0 0 0.0 
0 0 0.0 
0.000389424 3.08066e-05 0.0 
0.0222049 -0.00834316 0.0 
0 0 0.0 
0 0 0.0 
0 0 0.0 
0.000166448 0.000370369 0.0 
0.000890914 0.0005043 0.0 
0 0 0.0 
0.000359868 0.00010857 0.0 
0.00111798 -0.00161057 0.0 
0.0868 0.0932724 0.0 
0.000930666 0.000434776 0.0 
0 0 0.0 
0 0 0.0 
0.0576415 0.00219715 0.0 
0.000825998 0.000338157 0.0 
0.029239 1.13882e-05 0.0 
0.00426788 -0.00440098 0.0 
0 0 0.0 
0.0401655 -0.0181946 0.0 
0 0 0.0 
0.0322023 -0.00102862 0.0 
-0.0016195 -0.00727856 0.0 
0.000822762 8.34995e-05 0.0 
0.126363 0.00067673 0.0 
0.221368 -0.153586 0.0 
4.03505e-05 2.70233e-05 0.0 
0.00162213 0.00262411 0.0 
0.00118973 0.000108041 0.0 
0.0184931 -0.00986035 0.0 
0.000511356 -0.000122067 0.0 
0.273371 0.0168966 0.0 
0.000364588 -0.000905131 0.0 
4.97186e-05 -3.07472e-05 0.0 
0 0 0.0 
0.000329879 -2.77305e-05 0.0 
0.345293 0.0564307 0.0 
0.000776106 0.000175712 0.0 
0.000294156 -3.62865e-05 0.0 
0.00414148 0.00296086 0.0 
0.34802 0.0393109 0.0 
0.243726 -0.0985726 0.0 
0.0945389 0.00163828 0.0 
0.260969 -0.10032 0.0 
0 0 0.0 
5.6672e-06 -2.98551e-06 0.0 
0 0 0.0 
0.110036 -0.0281201 0.0 
0.000310451 -1.29028e-05 0.0 
0.00196863 0.0073441 0.0 
0 0 0.0 
0.1334 -0.000650495 0.0 
0 0 0.0 
0 0 0.0 
0.0620441 -8.15844e-06 0.0 
0.074892 -0.103987 0.0 
0.0359393 0.0291296 0.0 
0 0 0.0 
-2.44563e-05 6.90599e-05 0.0 
-0.00526582 0.00112075 0.0 
0.0192511 -5.38698e-05 0.0 
-0.00656702 -0.00376487 0.0 
0 0 0.0 
0.000130262 0.000630055 0.0 
0 0 0.0 
0.000821836 0.000797773 0.0 
0.197149 0.0453863 0.0 
0.000602789 -0.00180571 0.0 
0 0 0.0 
0 0 0.0 
0.0416855 0.00739429 0.0 
0.160997 -0.000852169 0.0 
-0.00312815 -0.00322081 0.0 
0.000591622 -3.61839e-05 0.0 
0.00471561 0.000222254 0.0 
-0.00130457 -0.00219931 0.0 
0.000181548 -8.31064e-06 0.0 
0 0 0.0 
0.000173728 -0.000927422 0.0 
0.0158203 5.21984e-05 0.0 
0.000629639 0.000533121 0.0 
0.233409 0.00358259 0.0 
0.000778131 0.000799567 0.0 
0.000201915 -4.80184e-06 0.0 
0.286595 0.011225 0.0 
0.000294543 -6.85898e-05 0.0 
0 0 0.0 
0.0930468 0.0277192 0.0 
0 0 0.0 
0 0 0.0 
4.8741e-05 3.06304e-05 0.0 
0.000739482 7.97705e-05 0.0 
0.000983766 -5.3967e-06 0.0 
0.00236498 -0.00137247 0.0 
0.000391637 0.000357495 0.0 
0 0 0.0 
1.28408e-05 -9.26234e-05 0.0 
8.58441e-05 0.00044136 0.0 
-0.0115379 0.00113484 0.0 
0.000943309 0.000909761 0.0 
0.0223121 -3.87217e-05 0.0 
0.00174268 0.000712403 0.0 
0.237785 0.00693188 0.0 
0.00494818 0.000740973 0.0 
0.000401523 3.26238e-05 0.0 
0.130964 0.0338961 0.0 
5.85669e-05 3.83887e-05 0.0 
0.0284597 0.000118098 0.0 
0.042813 0.00823011 0.0 
0 0 0.0 
-0.000319994 0.00037941 0.0 
-0.0125337 0.000698881 0.0 
0.00337602 -0.00125878 0.0 
0 0 0.0 
0.291312 0.00270051 0.0 
0 0 0.0 
0.00143389 0.00108287 0.0 
0.258703 0.0698395 0.0 
0.0372638 -0.00791354 0.0 
0.00587315 -0.00183273 0.0 
0.00488894 1.49086e-05 0.0 
-0.00289092 -0.00311343 0.0 
9.98878e-05 6.29977e-07 0.0 
0.00132312 0.000446472 0.0 
0 0 0.0 
0.0441989 0 0.0 
0.000142166 -4.71832e-05 0.0 
0 0 0.0 
0.219544 0.078444 0.0 
0.00193755 -3.41959e-06 0.0 
0 0 0.0 
-7.21479e-06 -4.02142e-05 0.0 
-0.00601288 0.0076427 0.0 
0 0 0.0 
0.0257878 1.41858e-05 0.0 
0.000414814 0.00136171 0.0 
0.267833 0.0408645 0.0 
-0.00218014 0.00577504 0.0 
0.262225 -0.00783033 0.0 
0 0 0.0 
0 0 0.0 
0.000471946 -8.40684e-05 0.0 
0.303039 0.156615 0.0 
0.000962114 0.000868003 0.0 
0 0 0.0 
0.000102033 -5.7679e-05 0.0 
0 0 0.0 
-2.26277e-05 -6.61664e-05 0.0 
0.000320143 0.00287839 0.0 
4.51767e-05 -3.15224e-05 0.0 
0.237266 -0.0397302 0.0 
0 0 0.0 
0.104062 -0.00833916 0.0 
0 0 0.0 
-1.31535e-05 -1.89836e-05 0.0 
0.0693212 0.0105066 0.0 
0.000672625 -0.000156274 0.0 
0.0447662 0.000212093 0.0 
0 0 0.0 
-0.0054156 -0.00243094 0.0 
-4.49679e-05 -0.000256144 0.0 
0.000524007 -0.00622559 0.0 
0.000527288 5.52279e-05 0.0 
0.00060888 -8.73597e-05 0.0 
0.0377974 0.000431883 0.0 
0.123035 -0.0577002 0.0 
9.28452e-05 -6.18028e-05 0.0 
0.00831011 0.00561847 0.0 
0.000678628 0.000495848 0.0 
9.7545e-05 -6.09866e-05 0.0 
0.00147045 -0.000726485 0.0 
0 0 0.0 
0.0150387 -2.2008e-05 0.0 
0 0 0.0 
0.000478535 0.000119964 0.0 
0.00025259 -1.88409e-07 0.0 
0.000407522 -3.61437e-06 0.0 
-0.00693567 0.00369816 0.0 
0.204417 -0.000247164 0.0 
0 0 0.0 
0 0 0.0 
0.00244734 0.00221685 0.0 
0.000390422 3.90473e-05 0.0 
0.000521051 -3.81539e-05 0.0 
0.000910069 -0.000235249 0.0 
0.00751895 0.00177061 0.0 
0 0 0.0 
-0.00223629 -0.00515347 0.0 
0 0 0.0 
0.0060552 0.00850485 0.0 
0 0 0.0 
0 0 0.0 
0 0 0.0 
0.000189912 -6.04158e-05 0.0 
0.000663331 0.000424378 0.0 
0.067759 0.0115626 0.0 
0.000342575 -7.6595e-05 0.0 
0.278815 -0.0129399 0.0 
0.000704001 -0.00226599 0.0 
0.00019967 0.000257996 0.0 
0.000134912 -8.50836e-05 0.0 
0 0 0.0 
4.61688e-05 -0.000272824 0.0 
0.107785 0.0121326 0.0 
0 0 0.0 
0.000572123 -4.31342e-05 0.0 
0.000164904 -6.71348e-05 0.0 
0.00164742 -0.000157967 0.0 
0 0 0.0 
-0.00405643 0.00332159 0.0 
0 0 0.0 
0.000242322 -0.000972776 0.0 
-4.97849e-05 3.41537e-06 0.0 
0.340444 0.110559 0.0 
-2.43173e-05 -3.93471e-05 0.0 
0 0 0.0 
0.00315864 -0.000224436 0.0 
0 0 0.0 
-0.00151659 0.00406323 0.0 
0 0 0.0 
0.00237686 -0.00214982 0.0 
0.000549552 -0.000253558 0.0 
0 0 0.0 
0 0 0.0 
2.30376e-05 -1.65059e-05 0.0 
0 0 0.0 
0 0 0.0 
0.000525615 0.00202932 0.0 
2.68886e-05 -1.69427e-05 0.0 
0 0 0.0 
0 0 0.0 
0.00169241 0.000270101 0.0 
-0.0031467 -0.00194867 0.0 
0 0 0.0 
-1.84802e-05 8.49449e-05 0.0 
0 0 0.0 
0.001016 3.6184e-05 0.0 
0.00154369 -0.00120824 0.0 
-1.67433e-05 3.42907e-05 0.0 
-1.25703e-05 3.22918e-05 0.0 
0 0 0.0 
0.00027892 -6.67521e-05 0.0 
-0.000204845 -0.000688047 0.0 
0.00060252 -0.000220423 0.0 
0 0 0.0 
0.000703375 -7.86726e-05 0.0 
0.000624168 -0.000787425 0.0 
0 0 0.0 
0.00117408 0.000284923 0.0 
0 0 0.0 
0.00532736 -0.00357892 0.0 
0.0189068 -1.78756e-05 0.0 
-0.0025094 -0.00677023 0.0 
0.0356859 0.00753883 0.0 
0 0 0.0 
0.00103755 -0.00307932 0.0 
0.00428196 -0.00157284 0.0 
0 0 0.0 
-2.56422e-05 5.86989e-05 0.0 
0 0 0.0 
0.00496944 0.00710055 0.0 
0.0180779 -0.00369053 0.0 
-0.00137316 0.00464404 0.0 
-0.00535792 -0.00586245 0.0 
0 0 0.0 
7.16985e-05 -4.38343e-05 0.0 
-3.62241e-05 5.45554e-05 0.0 
0.243573 -0.00104793 0.0 
0.000282051 2.74602e-05 0.0 
0 0 0.0 
-8.31405e-06 3.21729e-05 0.0 
0 0 0.0 
0.000162725 -5.59642e-05 0.0 
0.00152055 -0.000109869 0.0 
0.0262578 6.54375e-05 0.0 
-0.00510636 0.000400782 0.0 
0.00824666 -0.000397602 0.0 
0 0 0.0 
0.0387824 -0.0640694 0.0 
-0.0120533 -0.000401028 0.0 
-2.80626e-05 0.000107663 0.0 
0.00152199 0.000506677 0.0 
0.000220152 3.09343e-05 0.0 
0.000179934 5.4285e-05 0.0 
0 0 0.0 
0 0 0.0 
0 0 0.0 
0.00306644 -0.00101699 0.0 
0.00402813 -0.0055664 0.0 
0.000264741 -8.99325e-05 0.0 
0.00562968 0.00771022 0.0 
-0.00652626 0.00464418 0.0 
0.00420083 -0.00552042 0.0 
0.00108322 -0.00165223 0.0 
0.00177836 -0.00649896 0.0 
0 0 0.0 
0.00171693 -0.000580365 0.0 
1.31801e-05 -1.2818e-05 0.0 
0.0277599 0.0407641 0.0 
-0.000170868 -0.000382506 0.0 
0.000203007 -1.96363e-09 0.0 
0.00340908 -2.70982e-05 0.0 
0.275497 0.0022131 0.0 
5.48584e-07 -1.1756e-05 0.0 
0 0 0.0 
-0.00240364 -0.00829475 0.0 
0.00642019 0.000655459 0.0 
0.000593696 -0.00227741 0.0 
0 0 0.0 
-6.11786e-06 3.27849e-05 0.0 
-3.93523e-05 7.74158e-05 0.0 
0 0 0.0 
0 0 0.0 
0.0112774 0.0108823 0.0 
-1.53998e-05 3.6523e-05 0.0 
0.000224009 6.7347e-05 0.0 
-6.23778e-06 -2.18293e-05 0.0 
0.00910482 -0.000666182 0.0 
0.0211316 0.00189473 0.0 
-9.83245e-06 -3.42649e-05 0.0 
0.000186078 -6.31121e-05 0.0 
0.0011016 -0.000467131 0.0 
0 0 0.0 
0.000215395 2.96883e-06 0.0 
0.000266284 -6.52304e-05 0.0 
0 0 0.0 
0.00025535 0.000646029 0.0 
-1.12943e-05 -4.49036e-05 0.0 
0 0 0.0 
-2.10864e-05 6.19866e-05 0.0 
0 0 0.0 
-0.00874154 -0.00179925 0.0 
-4.84608e-05 -0.0001227 0.0 
0 0 0.0 
-0.00764945 7.40485e-05 0.0 
0.00996008 -0.001293 0.0 
0.00226818 -0.00061645 0.0 
0 0 0.0 
0 0 0.0 
0.00019879 -9.32256e-05 0.0 
0.00062957 -0.00028428 0.0 
0 0 0.0 
0.0150972 0.000385227 0.0 
0 0 0.0 
-0.000534082 -0.000930601 0.0 
0.000269756 -7.81242e-05 0.0 
0 0 0.0 
-0.00516937 -0.00316721 0.0 
0.00359468 -1.68569e-05 0.0 
0.241933 -0.00957059 0.0 
0 0 0.0 
1.32607e-05 4.86257e-05 0.0 
-0.00269262 -0.00696839 0.0 
-0.0075639 -0.00273498 0.0 
-0.000259382 -0.000825301 0.0 
0.0122542 0.000811405 0.0 
0.000335799 -2.10011e-05 0.0 
0.0508331 0.0109174 0.0 
0.0192555 0.0111588 0.0 
0.000125824 -4.36894e-05 0.0 
0 0 0.0 
-2.63703e-05 0.000115922 0.0 
0.00180052 -0.00108713 0.0 
1.95391e-06 0.000481867 0.0 
0 0 0.0 
-4.56888e-05 9.16219e-05 0.0 
0 0 0.0 
0.0141593 -0.00157878 0.0 
-5.53297e-05 9.13783e-05 0.0 
0 0 0.0 
0.00657894 -0.0085765 0.0 
0 0 0.0 
-6.08203e-05 0.0001665 0.0 
-0.000391046 -0.00241757 0.0 
-1.34855e-05 3.08383e-05 0.0 
-0.000377217 -0.0010152 0.0 
3.80031e-05 -2.39758e-05 0.0 
0.00197626 -0.00118033 0.0 
0.00153793 -0.000568781 0.0 
0.00272955 -0.00126954 0.0 
0.00131452 -0.000331565 0.0 
-4.57947e-05 0.000135418 0.0 
-2.55352e-05 9.06862e-05 0.0 
0.00572453 -0.00530263 0.0 
-0.0121015 0.00152541 0.0 
0.312168 0.0274782 0.0 
-1.1566e-05 6.04094e-05 0.0 
0.00259053 -0.00203682 0.0 
0 0 0.0 
0.232415 -0.0370327 0.0 
-1.85423e-05 4.291e-05 0.0 
-0.00532367 -0.00306164 0.0 
-6.32441e-05 0.000192567 0.0 
-3.55645e-05 0.000103916 0.0 
-0.00271065 -0.00582431 0.0 
0.00171165 0.00284441 0.0 
-0.00353137 0.000899092 0.0 
0 0 0.0 
-2.28539e-05 8.75243e-05 0.0 
0 0 0.0 
-0.000994224 0.000311378 0.0 
0.0221625 0.00479644 0.0 
0.000651205 -0.00113056 0.0 
-2.754e-05 -3.67824e-05 0.0 
0 0 0.0 
0 0 0.0 
0.000665302 0.00124722 0.0 
-5.95125e-05 0.0002231 0.0 
-0.000118145 -0.000300797 0.0 
0.269414 -0.00340955 0.0 
0.000358607 -0.00377628 0.0 
-2.02872e-05 5.62969e-05 0.0 
-0.00972505 -0.00108242 0.0 
-0.000588494 0.00142678 0.0 
0.0127628 3.80021e-05 0.0 
0 0 0.0 
0.000568474 0.000597696 0.0 
0.0430277 0.000338156 0.0 
0.00534899 0.000477165 0.0 
0.0258076 -0.00942273 0.0 
-0.00255888 -0.00559466 0.0 
0.00297367 0.00211803 0.0 
0.000279013 -6.62114e-05 0.0 
0.00475808 0.00224282 0.0 
0.0241461 0 0.0 
0 0 0.0 
0.00531935 -0.00278965 0.0 
0 0 0.0 
0.000290208 0.000435487 0.0 
-0.0019773 -0.0021598 0.0 
-3.26107e-06 1.49507e-05 0.0 
0 0 0.0 
-0.00757673 -0.0056128 0.0 
-0.00543428 0.00785474 0.0 
-7.66636e-05 0.000161245 0.0 
0 0 0.0 
0 0 0.0 
0.00620468 0.00500423 0.0 
0.256598 0.0447602 0.0 
-2.2459e-06 0.000299989 0.0 
0.00419227 -0.00170895 0.0 
0.00196037 -5.67142e-05 0.0 
0.0104899 0.000342355 0.0 
0.000651778 -0.00657874 0.0 
0.0272735 -0.0111403 0.0 
0.000169762 7.10826e-05 0.0 
-4.45619e-05 -0.000135897 0.0 
0.0769508 0.00146147 0.0 
0 0 0.0 
-0.00109477 0.00122061 0.0 
0.000118594 -4.16625e-05 0.0 
0.0169796 -0.00601393 0.0 
-4.18189e-06 -3.17873e-05 0.0 
0.00849032 -0.0035583 0.0 
-0.00503701 -0.00418443 0.0 
2.9789e-05 -1.8878e-05 0.0 
0.0198512 -0.00464674 0.0 
0 0 0.0 
0.0529432 -3.57762e-05 0.0 
0.00374493 -0.00197473 0.0 
0 0 0.0 
0.00102926 0.00147871 0.0 
-4.02706e-05 -9.41102e-05 0.0 
7.05291e-05 -4.29056e-05 0.0 
0.00139069 -0.000342513 0.0 
7.09242e-05 -2.43921e-05 0.0 
-0.00182051 -0.00167568 0.0 
-0.000155126 0.000223589 0.0 
-0.00115212 -0.000946892 0.0 
-0.00117988 -0.00176381 0.0 
0.0190485 0.0378707 0.0 
0.0851806 -0.0378745 0.0 
0.000230547 -0.00125392 0.0 
0 0 0.0 
0.00170708 0.00380103 0.0 
-2.02638e-05 -7.02118e-05 0.0 
0.00194584 -0.00106273 0.0 
0.00495395 0.00178411 0.0 
0.364499 -0.0107497 0.0 
0.000381895 -0.00124382 0.0 
-4.09292e-05 -0.00191125 0.0 
-1.03517e-05 -3.76722e-05 0.0 
0.025607 -0.00374665 0.0 
-3.23751e-05 -7.27484e-05 0.0 
0.00511052 -0.0136606 0.0 
0 0 0.0 
0.023214 0.00878316 0.0 
-0.00829146 -0.00245385 0.0 
0.0361111 -0.0325847 0.0 
0.00133772 -0.000910855 0.0 
0.0103089 -0.00206742 0.0 
0.00222466 -0.00564572 0.0 
0.00989936 -0.00750439 0.0 
-0.0022508 0.00297143 0.0 
0 0 0.0 
-2.84217e-05 8.34147e-05 0.0 
0.00178882 -0.00177708 0.0 
-0.000578771 -0.000725034 0.0 
0.000673522 -0.00102399 0.0 
0.0030238 -0.00316763 0.0 
0 0 0.0 
-4.20538e-05 -8.64808e-05 0.0 
0.00830216 0.000732098 0.0 
-0.00624632 0.00420235 0.0 
2.9506e-05 -1.89578e-05 0.0 
0.0144273 -1.98914e-05 0.0 
-3.7582e-05 -7.62834e-05 0.0 
0 0 0.0 
-2.15574e-05 -7.49708e-05 0.0 
0 0 0.0 
0 0 0.0 
0 0 0.0 
0.00206843 -3.14862e-06 0.0 
0 0 0.0 
0.000725107 -0.00183811 0.0 
-9.18304e-06 -2.6932e-05 0.0 
-2.34359e-05 -4.91014e-05 0.0 
-0.00948087 0.00197132 0.0 
6.42522e-05 -5.03005e-05 0.0 
0 0 0.0 
0.00730377 0.00464835 0.0 
-0.00436955 -0.00409755 0.0 
0.00112559 0.000240702 0.0 
0.0150415 0.00481326 0.0 
0.0132211 0.00665717 0.0 
0.00679926 -0.00298966 0.0 
0 0 0.0 
0.0127487 0.00416004 0.0 
0 0 0.0 
-0.00748078 0.00190006 0.0 
0.00108889 -0.00172515 0.0 
-0.00883261 0.00211717 0.0 
0.0308962 0.0298388 0.0 
0.00487813 -0.000903521 0.0 
0.0195697 0.000125258 0.0 
-7.33561e-05 -0.000132706 0.0 
-1.18032e-05 -4.10882e-05 0.0 
-0.00123258 -0.00244075 0.0 
0.000493619 -0.00192503 0.0 
-2.92027e-05 5.63889e-05 0.0 
-0.000682682 -0.000483921 0.0 
-0.00500932 0.00171762 0.0 
-8.5504e-06 1.08744e-05 0.0 
-0.00493249 0.00197264 0.0 
0 0 0.0 
0.0115187 0.00201157 0.0 
-0.00642152 -0.00155398 0.0 
0 0 0.0 
-0.00508118 -0.0014356 0.0 
-7.82349e-05 0.000127677 0.0 
0.000106145 2.23288e-06 0.0 
-0.000444649 -4.91439e-05 0.0 
0.00039765 -0.000982058 0.0 
-3.01953e-05 4.69347e-05 0.0 
-0.00753584 -0.00404052 0.0 
7.39084e-06 -4.4945e-06 0.0 
0 0 0.0 
0.0234879 -0.000136777 0.0 
-3.52854e-05 -4.94959e-05 0.0 
0.0110546 0.00786873 0.0 
0.000399239 -0.00137605 0.0 
-0.000723824 0.00247796 0.0 
0.0079023 0.010846 0.0 
-4.76655e-06 -3.95606e-05 0.0 
-0.00419316 -0.0078808 0.0 
-3.10472e-05 -4.66325e-05 0.0 
-0.000535428 0.00127161 0.0 
0.00804902 0.000708258 0.0 
-1.32955e-05 -4.17706e-05 0.0 
6.07008e-05 0.000211564 0.0 
-2.73316e-05 -3.79819e-05 0.0 
0.00160615 0.00132233 0.0 
0.00635352 0.0031093 0.0 
-0.000215231 0.000119365 0.0 
-0.000692793 5.87109e-05 0.0 
0.0219128 -0.000211977 0.0 
0.000155624 -7.18912e-06 0.0 
0.00107348 -0.00186056 0.0 
-0.0011076 -0.000457854 0.0 
3.517e-05 -0.000179641 0.0 
0.000717011 -0.00512215 0.0 
0.00202538 4.49772e-05 0.0 
0.00311286 -0.00578259 0.0 
-1.00315e-05 -2.83943e-05 0.0 
-2.14252e-05 5.33333e-05 0.0 
-7.59671e-05 -0.00135451 0.0 
0.00541208 0.00577041 0.0 
0.109832 0.00589575 0.0 
0.000375592 -0.001186 0.0 
-0.000298575 0.00171816 0.0 
-1.1975e-05 -3.57396e-05 0.0 
0.00790376 0.0010468 0.0 
0.00306463 0.0026344 0.0 
-3.59784e-05 -0.000104587 0.0 
0.282242 -0.0206311 0.0 
0.00231371 0.000568941 0.0 
0.00528906 -0.000760392 0.0 
0.00533169 -0.00420352 0.0 
0 0 0.0 
0.00326487 -0.00188824 0.0 
-0.00271855 -0.00448349 0.0 
0 0 0.0 
-1.18005e-05 2.53802e-05 0.0 
-0.000148357 0.00027044 0.0 
0.00404395 -3.84483e-06 0.0 
-1.08874e-05 -3.20738e-05 0.0 
0.0128942 0.0255719 0.0 
-0.00153437 -0.00339224 0.0 
-2.09975e-05 6.1942e-05 0.0 
-0.000427405 -0.000220893 0.0 
-6.87482e-06 3.60361e-05 0.0 
-2.77532e-05 -5.84436e-05 0.0 
-9.4777e-06 -2.00613e-05 0.0 
0.0170482 2.29383e-05 0.0 
-9.37501e-05 0.00114701 0.0 
3.51461e-05 -2.25633e-05 0.0 
0 0 0.0 
0.0219913 0.00170141 0.0 
0.0152941 0.00054877 0.0 
0.130518 -0.0116139 0.0 
-1.05018e-05 2.40155e-05 0.0 
0.000384691 -0.00104824 0.0 
0.00467512 0.000217356 0.0 
-0.00286195 0.00131219 0.0 
0 0 0.0 
0.00172046 0.00217389 0.0 
-0.000739278 -0.00143296 0.0 
-0.00858962 -0.00261561 0.0 
0.000704025 -0.000663123 0.0 
0 0 0.0 
0.0991292 -0.000478614 0.0 
-1.66806e-05 -4.13575e-05 0.0 
0.00165293 0.00382528 0.0 
-1.32022e-05 5.1116e-05 0.0 
0 0 0.0 
0.0167968 -0.00139226 0.0 
0.00363373 -0.00285051 0.0 
0 0 0.0 
0.000594482 -0.00114677 0.0 
0 0 0.0 
0.000936477 -0.000958814 0.0 
-0.000237105 0.00256753 0.0 
0.00205199 -0.00218661 0.0 
0.0240237 -0.00121213 0.0 
0.00139595 0.00291679 0.0 
0.00691005 -0.00441361 0.0 
0.0283414 -0.00466906 0.0 
0 0 0.0 
0.0100424 0.00427478 0.0 
4.46108e-05 2.68029e-05 0.0 
-4.30379e-05 -8.69602e-05 0.0 
-1.67775e-05 -2.2135e-05 0.0 
0 0 0.0 
0.079515 0.106445 0.0 
-0.00309887 0.00819501 0.0 
0.0108669 0.00277039 0.0 
-8.7895e-06 3.39548e-05 0.0 
-7.02709e-05 -0.000105414 0.0 
-1.4822e-05 -3.05304e-05 0.0 
0.00219428 0.00494052 0.0 
0.0111682 -0.00207737 0.0 
-3.39398e-05 -4.71482e-05 0.0 
0.153447 -0.0167756 0.0 
0.000286619 -0.000121818 0.0 
0 0 0.0 
-0.000142992 0.000377562 0.0 
-0.000147265 -0.000139849 0.0 
0.00198594 0.003741 0.0 
0.0107107 0.00038576 0.0 
7.95338e-05 -0.000405267 0.0 
0.00038345 9.09709e-05 0.0 
0.0350382 -0.0158414 0.0 
0.0115591 -0.000429958 0.0 
0 0 0.0 
0 0 0.0 
0.313992 -0.0147776 0.0 
0 0 0.0 
0.00316696 -0.000263196 0.0 
0.00188535 0.00153307 0.0 
0.000593473 0.00146566 0.0 
0.00270733 -0.000507854 0.0 
-8.91345e-05 -0.000133684 0.0 
0 0 0.0 
0 0 0.0 
0 0 0.0 
0.000289253 -0.000553308 0.0 
0.00233492 -0.00625606 0.0 
0 0 0.0 
0.00884953 -0.00252794 0.0 
0.0146032 0.000125513 0.0 
0.011522 -0.000873132 0.0 
4.74098e-05 -2.80529e-05 0.0 
-1.11658e-05 3.28698e-05 0.0 
0.000902415 -0.00488285 0.0 
-1.20194e-05 4.32943e-05 0.0 
0.00449169 0.00841328 0.0 
0 0 0.0 
2.84086e-05 0.000180037 0.0 
0 0 0.0 
-2.33133e-05 7.2809e-05 0.0 
2.09487e-05 1.39515e-05 0.0 
-0.00276061 -0.0085414 0.0 
0.0050094 0.00480301 0.0 
0 0 0.0 
-1.98968e-05 -0.000135025 0.0 
0.00575315 1.59771e-05 0.0 
-0.000741577 -0.0020879 0.0 
0.000743911 -0.00154221 0.0 
0.0032687 -0.0010553 0.0 
-4.6443e-07 -1.30304e-06 0.0 
0.000575678 0.00173153 0.0 
-0.00086192 0.00183144 0.0 
0.00287297 -0.00641397 0.0 
0.000500141 -0.00149145 0.0 
0.0666738 0.000714641 0.0 
0 0 0.0 
3.60387e-05 -0.000267938 0.0 
-1.48865e-05 3.95259e-05 0.0 
-0.000651566 0.00794396 0.0 
-9.29787e-06 -1.94889e-05 0.0 
-0.00393478 -0.00643529 0.0 
-4.71224e-06 -1.39452e-05 0.0 
-8.2328e-07 -4.74935e-06 0.0 
0.00636316 0.00299394 0.0 
0.000335201 8.20788e-05 0.0 
0.000240442 9.79576e-05 0.0 
0 0 0.0 
0.0108934 0.00997013 0.0 
3.59224e-05 -0.000178751 0.0 
8.57355e-05 -0.000345671 0.0 
0 0 0.0 
3.92004e-05 2.48937e-05 0.0 
4.0139e-05 2.60833e-05 0.0 
-2.82773e-05 -8.02043e-05 0.0 
-3.96118e-06 -8.24696e-06 0.0 
0.0459074 -0.000231997 0.0 
0.000143429 6.49174e-05 0.0 
-0.0063628 -0.00534771 0.0 
0.00316428 -0.00328616 0.0 
-0.000331855 0.00106886 0.0 
0.00611611 -0.00505013 0.0 
0 0 0.0 
2.28841e-05 1.53498e-05 0.0 
0.00178382 0.00337739 0.0 
0 0 0.0 
0.0109308 0.00354395 0.0 
-3.47335e-05 7.91232e-05 0.0 
0 0 0.0 
0.0425767 0.00026392 0.0 
0.205837 -0.00312518 0.0 
-0.000212996 -0.000360881 0.0 
0.0617523 -9.09012e-05 0.0 
0.052481 -0.000533872 0.0 
0.00149963 0.000106668 0.0 
0.0660622 0.00340473 0.0 
0 0 0.0 
0 0 0.0 
0 0 0.0 
0 0 0.0 
0.107122 -0.0176683 0.0 
-0.00988546 -0.00323324 0.0 
0.000136636 4.05929e-05 0.0 
0 0 0.0 
0.00194361 0.00031266 0.0 
0.000235789 5.67896e-05 0.0 
1.16365e-05 7.89193e-06 0.0 
0.000618117 0.00138324 0.0 
0 0 0.0 
0.000743519 -2.9697e-05 0.0 
0.00901884 -0.00717056 0.0 
0.00225353 -0.00176407 0.0 
-4.20177e-06 -2.7514e-05 0.0 
-0.00120254 -0.0081058 0.0 
-0.000159945 -0.000615309 0.0 
-0.0012588 0.00739708 0.0 
0 0 0.0 
0 0 0.0 
0.000240908 5.57191e-05 0.0 
0.0143235 0.00104107 0.0 
0.124644 -0.000435476 0.0 
0.0182433 0.0046169 0.0 
1.7242e-05 1.094e-05 0.0 
0.010197 -0.00276932 0.0 
0.000124412 5.20577e-05 0.0 
-0.00704058 0.00242126 0.0 
5.55711e-05 -0.000391098 0.0 
0 0 0.0 
0.000476607 -0.000180071 0.0 
0.000531552 0.000219738 0.0 
-1.39337e-05 -2.83074e-05 0.0 
0.0015614 -6.43468e-05 0.0 
0.0704848 0.0866457 0.0 
0 0 0.0 
0.0405049 -0.00334426 0.0 
0.0737173 -0.00950243 0.0 
0 0 0.0 
0 0 0.0 
0.00151309 0.000550325 0.0 
0 0 0.0 
-0.00349234 0.00710805 0.0 
0.0173958 0.00162024 0.0 
0.0796016 -0.000108896 0.0 
0 0 0.0 
-0.00340617 0.00474265 0.0 
0 0 0.0 
-1.3209e-05 -1.72307e-05 0.0 
0 0 0.0 
0 0 0.0 
0.0057963 0.0121939 0.0 
0.0175869 -0.000115933 0.0 
0.000547265 0.000315157 0.0 
0.000469928 0.000501206 0.0 
0.041685 0.00213544 0.0 
0.00527692 0.00229827 0.0 
0.00385802 0.00131189 0.0 
-2.23231e-05 -3.16961e-05 0.0 
0.0108747 0.0238416 0.0 
0 0 0.0 
-4.36961e-06 -1.52434e-05 0.0 
-0.0120953 0.000962765 0.0 
0 0 0.0 
0 0 0.0 
0.0204204 0.0126748 0.0 
0 0 0.0 
0.0132834 0.000205793 0.0 
0.00235316 0.00102731 0.0 
-0.00270304 0.0089429 0.0 
0.000635071 -0.000219696 0.0 
0 0 0.0 
0.00195304 -0.000998088 0.0 
-0.00772544 -0.00231695 0.0 
0.00114324 -0.000252164 0.0 
-0.00928877 0.000846461 0.0 
0 0 0.0 
0.0137574 0.0023539 0.0 
0 0 0.0 
0 0 0.0 
-1.90148e-05 3.46197e-05 0.0 
0 0 0.0 
0 0 0.0 
0 0 0.0 
1.91639e-05 1.27372e-05 0.0 
0.00616325 0.00418982 0.0 
-1.41854e-05 -3.79112e-05 0.0 
0.00190235 1.38218e-05 0.0 
0.000954539 0.000321617 0.0 
0.00530596 0.00601371 0.0 
0.131983 0.0314329 0.0 
0.000768016 -0.000304968 0.0 
0.149813 -0.00783402 0.0 
0.00017888 6.09427e-05 0.0 
0.000351912 8.00782e-05 0.0 
0 0 0.0 
0.000829061 -0.000206252 0.0 
0.0645627 0.000284519 0.0 
0 0 0.0 
0.000440494 5.91257e-05 0.0 
-0.0115589 -0.000608743 0.0 
0.00990126 -0.00340922 0.0 
0.0454333 -0.00680626 0.0 
0 0 0.0 
0.000819301 9.81457e-05 0.0 
0.0188693 0.00208323 0.0 
0.00565633 0.00828208 0.0 
0.00632274 0.00540653 0.0 
0.245708 0.00886113 0.0 
0.0164253 0.00198547 0.0 
6.20327e-05 -0.000221984 0.0 
0.0215674 -0.00536818 0.0 
-0.00693849 0.000468828 0.0 
0.000644844 6.65749e-05 0.0 
0.0135543 0.00428805 0.0 
0 0 0.0 
7.92179e-05 3.34573e-05 0.0 
0.00633762 0.00417343 0.0 
0.000935304 0.000158586 0.0 
0.000909373 0.000155836 0.0 
0.00190363 0.00119907 0.0 
0.0191143 6.61021e-07 0.0 
0.0263702 -0.000218972 0.0 
0 0 0.0 
0 0 0.0 
0.0127863 0.00165338 0.0 
-0.000311527 -0.000357295 0.0 
0.0797407 0.0713588 0.0 
0.0226161 -0.00199982 0.0 
0.000657166 -7.0807e-05 0.0 
0.0385289 -0.00064016 0.0 
0.00263122 -0.00011214 0.0 
0.0123529 0.00821067 0.0 
0.034902 0.061289 0.0 
0 0 0.0 
0.00149059 -0.00420213 0.0 
0 0 0.0 
0.0303061 -0.00210609 0.0 
-0.00410402 0.009099 0.0 
0 0 0.0 
-0.000166046 0.000309185 0.0 
0.0103777 0.00883036 0.0 
0.00098075 0.00717439 0.0 
0.00212215 -0.000526347 0.0 
0.183622 0.00345752 0.0 
0.0419508 0.0350648 0.0 
0.01885 -0.000921746 0.0 
0 0 0.0 
0.00432629 0.00469801 0.0 
0.00330543 0.005906 0.0 
9.01744e-06 6.08065e-06 0.0 
0.000480806 -0.00203989 0.0 
-0.00159029 0.00620117 0.0 
0 0 0.0 
0.00166728 -0.000347816 0.0 
0.0317563 -0.000115018 0.0 
0.000744795 6.79952e-05 0.0 
0.000580865 9.26937e-05 0.0 
0.000682119 -0.00103444 0.0 
-2.2673e-05 -5.26387e-05 0.0 
0.00616694 0.00220049 0.0 
-0.000385504 -0.000709762 0.0 
0 0 0.0 
0.0117727 0.0091762 0.0 
0 0 0.0 
0.212543 0.0464444 0.0 
-4.93389e-05 0.000227728 0.0 
0.000561408 -0.00151769 0.0 
0.00508183 0.00341078 0.0 
3.37313e-05 -0.000263826 0.0 
0.000404874 0.00117377 0.0 
-0.000118025 0.00489639 0.0 
0 0 0.0 
0.000403187 -9.20633e-05 0.0 
0.0165969 -0.00438681 0.0 
0.00191015 -0.00083553 0.0 
0.00549095 0.00392166 0.0 
-0.00989738 0.000805993 0.0 
6.9778e-06 0.000162525 0.0 
0.00010139 0.000926333 0.0 
0.00200466 0.0057939 0.0 
7.77516e-05 -0.000523397 0.0 
-0.000628175 -0.0057817 0.0 
0.000585333 -7.3518e-05 0.0 
-1.24959e-05 -2.60752e-05 0.0 
-0.000288976 0.006256 0.0 
0.00243896 0.00114358 0.0 
0.000134553 6.71691e-05 0.0 
0.00103421 0.00400121 0.0 
0.00169826 0.00108689 0.0 
0.00164164 -0.00168416 0.0 
0.288031 0.096223 0.0 
0 0 0.0 
0.0157183 -0.0113729 0.0 
0.0138055 -4.91224e-05 0.0 
0.372472 0.0245021 0.0 
0 0 0.0 
0.000865761 -6.76956e-05 0.0 
0.00736921 0.00087302 0.0 
0.000587434 -0.00197031 0.0 
0.00180185 0.000902999 0.0 
0.0010707 -4.16052e-05 0.0 
8.09481e-05 4.78642e-05 0.0 
0.00112652 5.04639e-05 0.0 
0.014157 0.00367428 0.0 
0 0 0.0 
0.00094237 -0.00157837 0.0 
0 0 0.0 
0.0175945 0.000413967 0.0 
0.000827937 -0.007225 0.0 
0.0020536 0.000421611 0.0 
0.0707555 0.000532641 0.0 
0.015146 -0.00143888 0.0 
0.00135919 -0.00174404 0.0 
0 0 0.0 
0.0436433 0.0205394 0.0 
0.000847457 -0.00117195 0.0 
0.0584383 -0.000287586 0.0 
0 0 0.0 
0.000179102 4.92787e-05 0.0 
0 0 0.0 
0.00349719 -0.00114665 0.0 
0 0 0.0 
3.47775e-05 2.07718e-05 0.0 
0.00171254 -0.000557972 0.0 
0.00502804 0.00575022 0.0 
-3.73515e-05 3.73813e-05 0.0 
0.00118197 0.000384165 0.0 
0.0281981 0.00320017 0.0 
0.000181927 -0.00281127 0.0 
-0.000755012 0.00832877 0.0 
0.00510525 0.00184568 0.0 
0.00531121 -0.000145371 0.0 
8.503e-05 5.17203e-05 0.0 
0.0160786 -0.00189822 0.0 
0.00186873 -0.00382441 0.0 
0.00352735 -0.000878995 0.0 
0.0308943 0.0219161 0.0 
-0.000245335 0.000578107 0.0 
-5.38749e-06 -1.6926e-05 0.0 
0 0 0.0 
0 0 0.0 
0.000310496 -0.00064024 0.0 
0 0 0.0 
-0.000358152 -0.00149006 0.0 
0.00436717 -9.27952e-06 0.0 
5.31891e-05 2.17234e-05 0.0 
-1.66997e-05 -3.87685e-05 0.0 
0 0 0.0 
0.0377939 0.0623999 0.0 
0.00222238 -0.00305586 0.0 
-9.34182e-05 0.000364913 0.0 
0 0 0.0 
0.000756046 -5.17753e-05 0.0 
0 0 0.0 
0.00108279 -7.74206e-05 0.0 
0.000750057 -0.00045033 0.0 
0 0 0.0 
-4.97109e-06 -1.39506e-05 0.0 
0.00209161 -0.00344142 0.0 
-0.00879917 0.00419066 0.0 
3.63435e-05 1.54281e-05 0.0 
0.000889326 -0.00115628 0.0 
-0.0036645 0.00357411 0.0 
-8.80691e-06 -2.3213e-05 0.0 
0 0 0.0 
0.00150614 0.0055116 0.0 
0 0 0.0 
0.01965 -0.0114978 0.0 
0.00668108 0.0105201 0.0 
1.91793e-06 1.93616e-07 0.0 
0.00271236 0.00476806 0.0 
0.0122869 -2.65225e-05 0.0 
0 0 0.0 
0.0028758 0.0004824 0.0 
0.041932 -0.00933819 0.0 
-0.000337008 -0.000744767 0.0 
0 0 0.0 
0.000112506 -0.000757972 0.0 
0.00593484 -0.00475061 0.0 
0.00785764 8.95966e-05 0.0 
-4.17543e-05 5.24655e-05 0.0 
1.42653e-05 9.93221e-06 0.0 
0 0 0.0 
0.0896626 0.0611901 0.0 
0 0 0.0 
0 0 0.0 
0.000189367 -0.000202489 0.0 
7.21114e-05 0.000634523 0.0 
0 0 0.0 
0 0 0.0 
0.0682758 -0.0310531 0.0 
0.00794099 0.000820819 0.0 
0.00269423 -0.00317237 0.0 
-0.00941744 -0.000349141 0.0 
0 0 0.0 
-0.000192299 -5.68589e-05 0.0 
0 0 0.0 
0.00050927 -0.000107915 0.0 
-0.00865056 0.00261556 0.0 
-1.45471e-05 5.05665e-05 0.0 
0 0 0.0 
0.000670472 0.000422245 0.0 
-5.39643e-05 -0.000362641 0.0 
0 0 0.0 
-5.30795e-05 0.000156341 0.0 
0 0 0.0 
0 0 0.0 
0.00905953 0.00188012 0.0 
0.0123069 5.43216e-06 0.0 
0.000102424 4.20434e-05 0.0 
0.000284112 4.39987e-05 0.0 
0 0 0.0 
4.62125e-05 0.000103878 0.0 
0.000965233 0.00204608 0.0 
0.00961669 -2.41773e-06 0.0 
0.107483 0.00513326 0.0 
0.000275347 3.86489e-05 0.0 
0 0 0.0 
0.00131291 0.00260367 0.0 
0.000786912 -2.32112e-06 0.0 
0.00052241 0.000115637 0.0 
-1.87367e-05 -3.68734e-05 0.0 
0 0 0.0 
0.0142965 -0.0154443 0.0 
0 0 0.0 
4.82847e-05 6.96928e-05 0.0 
0.000226725 -0.000582446 0.0 
0.00016152 2.7357e-05 0.0 
0.000308828 -9.94135e-05 0.0 
-0.000619593 0.00113689 0.0 
0.000481046 -0.000129342 0.0 
0 0 0.0 
0 0 0.0 
0 0 0.0 
0.00788228 -0.00216265 0.0 
0.0337161 -2.18623e-05 0.0 
0.115826 -0.0682287 0.0 
0.00307304 0.0043096 0.0 
0.00067325 9.66784e-05 0.0 
0 0 0.0 
0.00594426 -0.00429714 0.0 
0 0 0.0 
-0.0015687 0.0032366 0.0 
0.0763149 0.023479 0.0 
0 0 0.0 
0.000458622 2.03871e-05 0.0 
-0.0106141 0.0022535 0.0 
-0.000219658 3.48673e-05 0.0 
-4.14282e-05 -5.67726e-05 0.0 
-2.26357e-05 8.09101e-05 0.0 
0.0600188 -0.0564201 0.0 
0.000228994 1.28831e-05 0.0 
0.00229158 -0.00043663 0.0 
0.00045536 2.81291e-05 0.0 
0.000147391 1.38282e-05 0.0 
0.0090457 -0.0111438 0.0 
0.000885289 -0.000182749 0.0 
0.00897123 -0.00968598 0.0 
0.000358762 -0.000311466 0.0 
0.0168256 0.000518113 0.0 
0.0168168 -6.39092e-05 0.0 
-0.00340332 -0.00505177 0.0 
0.000101069 -0.000627962 0.0 
0 0 0.0 
0 0 0.0 
0.0346111 -9.93099e-05 0.0 
0.0241465 0.00178451 0.0 
0.0667476 -0.000364413 0.0 
0.000699155 -0.000410981 0.0 
0.00334756 0.000680428 0.0 
0.000420263 -0.000247436 0.0 
0.000730393 0.00138593 0.0 
0.000335737 -0.00132599 0.0 
0.0119633 -1.27433e-06 0.0 
0.000260206 -0.000101086 0.0 
9.44393e-05 -5.82802e-05 0.0 
0 0 0.0 
0.00362364 0.00580461 0.0 
0.000668515 4.49756e-05 0.0 
0.247738 0.0198653 0.0 
0 0 0.0 
0.00547453 -0.000116741 0.0 
-1.90181e-05 -5.07905e-05 0.0 
0.0581041 -0.00586635 0.0 
0.189215 -0.03691 0.0 
0.00173005 -0.00430899 0.0 
0.00170255 -0.000692706 0.0 
-8.09068e-05 -5.85109e-05 0.0 
-0.00725791 0.00634223 0.0 
0 0 0.0 
0.000329277 -0.00187155 0.0 
0.00129473 0.00250104 0.0 
0 0 0.0 
0.0198239 0.00114531 0.0 
0.0139429 0.000273194 0.0 
0.000816472 -0.000501054 0.0 
0.193293 -0.000539999 0.0 
0 0 0.0 
0 0 0.0 
0.000135969 0.000595981 0.0 
0.273627 -0.000635557 0.0 
0 0 0.0 
0.0334454 -0.000699617 0.0 
0.0295299 0.000381433 0.0 
-9.84699e-06 -1.66746e-05 0.0 
0.00182026 -0.00131424 0.0 
0.00095444 -0.00299134 0.0 
0.000765463 -0.000189099 0.0 
0.23855 -0.0588718 0.0 
0.00635754 0.0048347 0.0 
0.0203318 -0.0330039 0.0 
0.000322985 5.55009e-05 0.0 
0.0126398 0.00584019 0.0 
0.00113629 0.000147511 0.0 
0.00100398 -0.000469767 0.0 
0 0 0.0 
0 0 0.0 
0.197088 0.0117582 0.0 
0.000511113 -0.000603191 0.0 
0.00130244 -9.3275e-05 0.0 
0.000204733 0.000485118 0.0 
-0.000163385 -0.000976839 0.0 
0 0 0.0 
0 0 0.0 
0.000300219 -0.000984386 0.0 
0.0072017 -0.00115923 0.0 
0 0 0.0 
0.00145055 0.00309261 0.0 
0.020753 -3.4873e-06 0.0 
4.80532e-05 0.000184171 0.0 
-0.000248854 0.00100358 0.0 
0.000940927 0.000678026 0.0 
0 0 0.0 
0.000310757 0.00129558 0.0 
0.00169083 -0.00518061 0.0 
0.0542613 -0.000250212 0.0 
0 0 0.0 
-0.000332134 6.93609e-05 0.0 
0.00642802 0.00014176 0.0 
0.00153538 -0.000477868 0.0 
0.00104791 1.18411e-05 0.0 
0.145564 -0.134659 0.0 
0.183742 0.0170301 0.0 
0.000435457 5.13002e-05 0.0 
0 0 0.0 
0.0347854 0.0157574 0.0 
0.228225 0 0.0 
0 0 0.0 
0.00286577 1.05046e-05 0.0 
0 0 0.0 
0.00653204 -0.000293156 0.0 
0.0881392 -0.00245783 0.0 
0.000309305 0.00062324 0.0 
1.07035e-05 -0.000272718 0.0 
0.0015429 0.00701624 0.0 
0.00671465 -0.0030625 0.0 
-1.85567e-05 9.27459e-05 0.0 
0.000435678 0.00155775 0.0 
0.0022427 -0.00245106 0.0 
0.00186465 -0.00175639 0.0 
0.00254438 -0.00726753 0.0 
0.000944948 -0.00242023 0.0 
0.00412316 -0.00075678 0.0 
0.153178 -0.00450346 0.0 
0.000857051 -0.00054668 0.0 
0.00125148 -0.000827172 0.0 
0 0 0.0 
0.253752 -0.0431316 0.0 
0.00119057 0.00135706 0.0 
0.00516223 -0.00551678 0.0 
0.000985602 -4.06321e-05 0.0 
0.000733188 0.000334938 0.0 
0.222334 -0.0432778 0.0 
0.263957 -0.0134092 0.0 
0.140359 -0.00358278 0.0 
0 0 0.0 
0 0 0.0 
0.0907424 -0.00611884 0.0 
0.00235798 -0.00164525 0.0 
0.339613 -0.0869206 0.0 
0.0642926 -0.000110027 0.0 
0.0582958 4.62944e-05 0.0 
0.0001443 3.74673e-05 0.0 
0.00801566 -0.00442794 0.0 
-1.47851e-05 -5.09822e-05 0.0 
0.000687681 -0.000231696 0.0 
0.00787834 -0.00385895 0.0 
0 0 0.0 
0 0 0.0 
0.00353987 0.00534025 0.0 
0.000109036 -0.000383624 0.0 
0.00030719 5.62307e-05 0.0 
0.36733 -0.0398722 0.0 
0 0 0.0 
0.000704508 -0.000729062 0.0 
0 0 0.0 
0.000381653 0.000212098 0.0 
0.00167447 -0.00130809 0.0 
0.031306 -0.0422089 0.0 
0 0 0.0 
-8.38577e-05 -4.40746e-06 0.0 
0.00539425 -0.000644136 0.0 
0.0144231 -0.00198766 0.0 
0.000642486 0.00018776 0.0 
0.000272019 0.000128006 0.0 
-0.000265068 -0.000167934 0.0 
0.000102916 -9.8508e-05 0.0 
0.00224265 -0.0023416 0.0 
0.0010411 -0.00136887 0.0 
-0.000488535 -0.00130431 0.0 
0.0819663 8.74209e-05 0.0 
0 0 0.0 
0.000234202 6.14525e-05 0.0 
-4.87062e-05 -8.53283e-05 0.0 
0.000756253 -0.00112758 0.0 
0.000453763 -7.90995e-05 0.0 
0.000332833 0.00140862 0.0 
0.000889305 -0.000265526 0.0 
0 0 0.0 
0.000500147 9.651e-05 0.0 
-3.59778e-05 -5.86432e-05 0.0 
0.00468006 -0.00369095 0.0 
0.0312505 -0.000150849 0.0 
0 0 0.0 
0.000770276 0.00595037 0.0 
0 0 0.0 
-1.33528e-05 -1.81697e-05 0.0 
-6.74769e-07 -2.21294e-06 0.0 
0.287324 2.50833e-05 0.0 
0.14048 0.129281 0.0 
0.019588 0.00687124 0.0 
0 0 0.0 
-5.67659e-05 0.000182861 0.0 
0 0 0.0 
0 0 0.0 
0 0 0.0 
-0.000270556 0.000456288 0.0 
-0.00111351 0.00269773 0.0 
0.0281763 -0.00525881 0.0 
0.0030302 -0.00362152 0.0 
0.00266177 0.00251393 0.0 
0.0036992 -0.00310557 0.0 
-3.10229e-06 1.21485e-05 0.0 
0.000278331 2.80571e-05 0.0 
0 0 0.0 
0.00129911 0.00187608 0.0 
-0.000115649 8.89188e-05 0.0 
0.0012611 -0.00113288 0.0 
0.00480691 0.00498433 0.0 
0 0 0.0 
0.000375013 -0.000221386 0.0 
0.0605175 5.05137e-05 0.0 
0 0 0.0 
0.0259113 -0.0457027 0.0 
0 0 0.0 
-1.66167e-06 -6.56428e-06 0.0 
0.00125161 -0.000536974 0.0 
0 0 0.0 
0 0 0.0 
0.00405202 -0.00389763 0.0 
0.145661 -0.0090293 0.0 
0.0113063 0.00987516 0.0 
0.00823662 -2.43944e-05 0.0 
-0.0137867 0.000311743 0.0 
0.00228527 0.00118509 0.0 
0.235537 -0.0118419 0.0 
-0.000424876 0.00119871 0.0 
0 0 0.0 
0.0120051 -0.00959489 0.0 
0.000346866 5.93295e-05 0.0 
0.00129894 0.000425617 0.0 
0 0 0.0 
0 0 0.0 
0.263721 -0.000133966 0.0 
0 0 0.0 
0 0 0.0 
0.00163428 -0.000508059 0.0 
-0.00306207 -0.00525343 0.0 
0.00181035 -0.00400257 0.0 
0.0031614 -0.000673027 0.0 
0.059686 0.00232493 0.0 
0 0 0.0 
-0.00198055 0.00464818 0.0 
-0.00036748 -0.000772858 0.0 
0.116037 -0.136953 0.0 
0.000337027 4.14785e-05 0.0 
0 0 0.0 
0.000114103 0.000389638 0.0 
0.000669699 0.000104436 0.0 
0 0 0.0 
0.000425255 0.00100174 0.0 
-7.8859e-05 -0.000140884 0.0 
0.000523436 -0.000494988 0.0 
0.000583943 -0.000758061 0.0 
0 0 0.0 
0 0 0.0 
0 0 0.0 
-0.0013787 -0.00372339 0.0 
-8.78188e-05 4.95732e-05 0.0 
0 0 0.0 
0 0 0.0 
0.000519189 3.09919e-05 0.0 
0 0 0.0 
0.000307428 -0.000467065 0.0 
0 0 0.0 
0.224765 -0.108651 0.0 
0.00350315 0.000602264 0.0 
0.000787743 -0.00026501 0.0 
0.00406924 -9.45684e-06 0.0 
5.31112e-05 -0.000169796 0.0 
0.00267039 -0.00227679 0.0 
-1.40782e-05 5.46675e-05 0.0 
0.0119082 0.0012606 0.0 
0.0570994 0.000414906 0.0 
0.00162293 0.000341215 0.0 
0 0 0.0 
0.0177317 -0.0338215 0.0 
0.000186574 -0.000850401 0.0 
0 0 0.0 
0.00123961 0.00292849 0.0 
0.000237783 -8.68337e-05 0.0 
0.0155933 0 0.0 
0 0 0.0 
0.0168589 -0.0146601 0.0 
0.108461 -0.125408 0.0 
0.000138165 3.42352e-05 0.0 
0 0 0.0 
0 0 0.0 
0 0 0.0 
0.00034804 8.12756e-05 0.0 
0.00316603 0.00551194 0.0 
0.0268305 -0.00882837 0.0 
0 0 0.0 
0 0 0.0 
0.122703 0.000477658 0.0 
0.000484006 -1.99535e-05 0.0 
0.0271064 0.00412597 0.0 
0.282801 0.000179231 0.0 
0 0 0.0 
0.0001336 -8.1264e-05 0.0 
0.000558504 -0.000843595 0.0 
0 0 0.0 
0 0 0.0 
0.00766576 -0.00325236 0.0 
-0.000249947 0.000420991 0.0 
-8.53544e-05 -0.000173246 0.0 
0.00581345 -3.16569e-05 0.0 
-5.72325e-05 9.05132e-05 0.0 
-5.8133e-05 -0.000637821 0.0 
0.0136985 0.004478 0.0 
0.0102619 4.23736e-05 0.0 
0.000973736 -0.00022447 0.0 
0.000879407 0.00252801 0.0 
0.000144418 0.000641784 0.0 
0 0 0.0 
0.00060888 -4.37279e-05 0.0 
-3.32296e-05 -8.47422e-05 0.0 
0.00032965 -0.000116621 0.0 
0.139382 0.00310483 0.0 
0 0 0.0 
0 0 0.0 
0 0 0.0 
0.000405957 -8.70914e-05 0.0 
0.0235552 0.000159264 0.0 
0.00118436 0.0006262 0.0 
0 0 0.0 
0.00181763 -0.00143079 0.0 
-0.000133785 0.000346989 0.0 
-1.59767e-05 2.12659e-05 0.0 
0.218119 0.164715 0.0 
0.0541601 -0.00340621 0.0 
0.00396012 -0.000837594 0.0 
0.0209603 -0.000379523 0.0 
-4.58589e-05 -0.000114586 0.0 
0.000553492 -3.85263e-05 0.0 
0.000318876 0.00018041 0.0 
0 0 0.0 
0.000967283 -0.00357052 0.0 
0.0149688 0.0135872 0.0 
0.00781103 0.019631 0.0 
0.0832812 -0.000488869 0.0 
0.0133421 0.000575392 0.0 
0.000752223 -8.69533e-05 0.0 
0 0 0.0 
0.186757 0.0251298 0.0 
0.00175651 -0.00293292 0.0 
0.000303082 -7.47777e-05 0.0 
0.0386172 -0.000319343 0.0 
0.000710682 -0.00206131 0.0 
0.0295908 -3.03453e-05 0.0 
-0.00037719 0.000643858 0.0 
0.000409371 -0.000853606 0.0 
0 0 0.0 
-0.000122021 -4.01417e-05 0.0 
0 0 0.0 
-0.00210699 0.00496409 0.0 
0.000250105 -0.000516875 0.0 
0.000267935 -0.000581655 0.0 
0.00182092 0.000678742 0.0 
0.00118467 0 0.0 
-0.000185827 0.00030407 0.0 
-7.19306e-06 3.71806e-05 0.0 
0.00158534 -0.000578574 0.0 
0.00150963 0.00464312 0.0 
-0.00120414 -0.0028766 0.0 
0.0187677 9.23105e-05 0.0 
-0.000131044 0.000404983 0.0 
0.00131322 -0.000328973 0.0 
0.00230244 -0.00471375 0.0 
0.139828 -0.00128598 0.0 
0.00886618 -0.0178086 0.0 
0.00342198 -0.00102266 0.0 
0.00703721 0.000113742 0.0 
0.0739836 -0.0824225 0.0 
-3.45529e-05 8.85702e-05 0.0 
0.0741146 -0.000711498 0.0 
0.000208478 -0.000125913 0.0 
1.04989e-05 3.721e-05 0.0 
0.00798152 0.00105817 0.0 
0 0 0.0 
0.0302864 -0.000255779 0.0 
0.000437599 0.000183772 0.0 
-0.000103415 0.000297385 0.0 
0 0 0.0 
0.0372116 -0.000313544 0.0 
0 0 0.0 
0.00103351 -0.000465404 0.0 
0.00422517 0.00382448 0.0 
0.000727631 -0.000246735 0.0 
0 0 0.0 
0 0 0.0 
0.00187224 -0.00623255 0.0 
0.0746836 -0.000611881 0.0 
0.0794766 0.00573419 0.0 
0.00859666 0.00402213 0.0 
0.00082351 -0.00026991 0.0 
0 0 0.0 
0.0226247 -0.000424348 0.0 
0.000291738 -0.00104246 0.0 
0.176263 -0.0236541 0.0 
0.0016649 -0.000617921 0.0 
0.0108819 -0.00247783 0.0 
-0.000236401 -0.000389523 0.0 
0.000680755 -0.00120376 0.0 
0 0 0.0 
-7.96483e-05 -0.00023155 0.0 
0 0 0.0 
0.0010541 -0.000618634 0.0 
0.0757907 0.000882593 0.0 
0.145102 0.0294284 0.0 
-7.84897e-05 0.000121744 0.0 
0 0 0.0 
0 0 0.0 
0.00164169 0.00478532 0.0 
0.000649332 -0.00110498 0.0 
0.0390327 0.0100835 0.0 
0 0 0.0 
0.175002 -0.0702576 0.0 
0.00822619 -0.00152347 0.0 
0.108811 0.0201088 0.0 
0.000861054 0.000144576 0.0 
0.000415874 0.000294699 0.0 
0.00442656 -0.00122311 0.0 
0.000107579 -0.000600275 0.0 
0.00398443 -0.00960689 0.0 
0.000696407 -6.07785e-05 0.0 
0.00022204 -0.000667332 0.0 
0.00441991 0.0031907 0.0 
0.186094 -0.00970548 0.0 
0.00484885 -0.00142399 0.0 
-7.69642e-05 0.000115879 0.0 
0.0464579 0.0177446 0.0 
0 0 0.0 
0.00242106 0.000220152 0.0 
0.000528422 9.01972e-05 0.0 
0.0428769 -0.0121856 0.0 
-8.47945e-05 0.000136498 0.0 
0.00139326 0.000529704 0.0 
0.0482584 9.6219e-05 0.0 
-2.32996e-05 7.02258e-05 0.0 
0.0273971 -0.0139836 0.0 
0 0 0.0 
0 0 0.0 
0.000868753 -0.00052408 0.0 
0.00461084 0.000546315 0.0 
0.000574633 0.000114824 0.0 
0.0273588 4.25817e-05 0.0 
0.00157588 0.00499368 0.0 
0.000430831 0.000170286 0.0 
0.0862147 -0.0251155 0.0 
0.00168808 -9.87363e-05 0.0 
1.37368e-05 -0.000454051 0.0 
0.00463111 -0.00783074 0.0 
0 0 0.0 
0 0 0.0 
0.0130171 -0.0301631 0.0 
0.256206 0.0330529 0.0 
0.0395215 0.0246251 0.0 
0.000837895 -0.000418094 0.0 
0.0594879 0.0859918 0.0 
8.00613e-05 -0.000324022 0.0 
8.51939e-05 -5.28352e-05 0.0 
0.00264501 0.00200941 0.0 
0.000176731 0.000227827 0.0 
0.00318887 0.00508117 0.0 
0.00130155 -0.00565043 0.0 
0.00178472 0.00437551 0.0 
0 0 0.0 
0.00200845 -0.00087526 0.0 
0.0279656 -0.0558582 0.0 
0.000868443 0.00280497 0.0 
0 0 0.0 
0.00538819 0.0135529 0.0 
0.100653 1.6505e-05 0.0 
0.00484536 0.000609061 0.0 
-5.6284e-05 -0.000130384 0.0 
-0.00019771 -0.000404111 0.0 
0 0 0.0 
0.000262505 -2.20353e-05 0.0 
-0.000163166 -0.000306076 0.0 
0.0085707 -6.11818e-06 0.0 
0.115193 0.0495854 0.0 
0.00101008 -0.000535786 0.0 
0 0 0.0 
0.00175988 -0.00140347 0.0 
0.000294201 0.000171456 0.0 
0.0198211 0.0077453 0.0 
-9.88894e-05 0.000419604 0.0 
-5.49238e-05 -8.08359e-05 0.0 
0.00460164 -0.0144809 0.0 
-0.0126127 -0.000655107 0.0 
0.00204984 0.00331914 0.0 
0.0950498 -0.001109 0.0 
0.0886685 -0.00119989 0.0 
0.000126074 5.452e-05 0.0 
0.00195341 0.00164688 0.0 
0.000508056 -0.00256676 0.0 
0.00430948 0 0.0 
0.0975954 0 0.0 
0.0157963 -8.47806e-05 0.0 
0.00319529 0.00495606 0.0 
0.00799971 0.00294941 0.0 
0.254088 0.13546 0.0 
0 0 0.0 
0.012025 0.0220219 0.0 
0.0273812 0.000368822 0.0 
0.00146098 -0.0017144 0.0 
0.251094 0.0591984 0.0 
0.00497657 -0.00131301 0.0 
0.0195558 -0.00693858 0.0 
0.211498 0.00682351 0.0 
0.00199282 -4.17499e-05 0.0 
0.171329 0.000584957 0.0 
0.00253636 0.000258957 0.0 
0 0 0.0 
0.000830135 -0.00034481 0.0 
0.000325087 -0.000115366 0.0 
-1.81576e-05 3.18132e-05 0.0 
0 0 0.0 
0.000744002 -1.53504e-06 0.0 
0.115856 0.000110451 0.0 
0 0 0.0 
0 0 0.0 
0 0 0.0 
-1.9538e-05 5.48014e-06 0.0 
0.0194802 -0.000142678 0.0 
0.00577295 0.0122993 0.0 
0.000193858 -0.00049344 0.0 
0 0 0.0 
0 0 0.0 
0.00106237 -0.000369106 0.0 
-5.22592e-05 7.89005e-05 0.0 
0.0814731 0.00865973 0.0 
0 0 0.0 
0 0 0.0 
2.24442e-05 -0.000112829 0.0 
0.000402462 0.00024598 0.0 
0 0 0.0 
0.104811 -0.000836343 0.0 
-0.000235577 -0.000654949 0.0 
0.000871783 0.00341615 0.0 
-0.000177641 -0.000270761 0.0 
0.00143997 -0.00175128 0.0 
0.0017522 -0.00136672 0.0 
0.00163536 -0.00392249 0.0 
0.046515 -0.0307644 0.0 
0.0253651 0.00103565 0.0 
0.00131154 -0.00198291 0.0 
0.00104054 -0.00112613 0.0 
0 0 0.0 
0.00276131 1.67674e-06 0.0 
0.0632299 0.0656772 0.0 
0.00199548 0.000772313 0.0 
0.0228888 2.85531e-05 0.0 
0.000719918 -0.000946815 0.0 
0.000123488 -3.73378e-05 0.0 
0.171522 -0.00255241 0.0 
0 0 0.0 
0 0 0.0 
0.011242 -0.0106798 0.0 
0 0 0.0 
0.00338082 0.00350189 0.0 
4.1878e-05 -0.000283406 0.0 
0.00320725 0 0.0 
0 0 0.0 
0 0 0.0 
0.0110877 -0.00875086 0.0 
0.00496518 -6.52242e-06 0.0 
0 0 0.0 
0.0103004 0.0021069 0.0 
0.0137289 0.00862378 0.0 
0 0 0.0 
0 0 0.0 
0 0 0.0 
0 0 0.0 
0.0131657 -0.0209507 0.0 
0.0313231 -0.0297769 0.0 
0.010174 0.000174596 0.0 
0.00421047 0.00196329 0.0 
0.00642648 -0.00974693 0.0 
0 0 0.0 
0.00113545 -0.000498172 0.0 
0 0 0.0 
-1.67354e-05 -5.78883e-05 0.0 
0 0 0.0 
0.0142817 0.000387179 0.0 
0.00301193 0.00632291 0.0 
0.00177429 0.000200058 0.0 
0 0 0.0 
0 0 0.0 
0.000560953 -0.000267393 0.0 
0.00108209 -0.000380997 0.0 
0.00128507 0.000312654 0.0 
2.0853e-05 1.32926e-05 0.0 
0 0 0.0 
0.0136349 -0.000512678 0.0 
0.0075761 0.00261333 0.0 
0.00938084 -0.0024327 0.0 
0 0 0.0 
0.0232582 0.00019181 0.0 
0 0 0.0 
0.000750747 0.00111704 0.0 
0.000434785 -0.000312275 0.0 
0.0211507 -0.00082104 0.0 
0.00182048 -0.00236978 0.0 
0 0 0.0 
0.00177624 0.00109898 0.0 
0.0900426 0.000191324 0.0 
0.00815087 -3.2537e-05 0.0 
0 0 0.0 
0.00149881 1.31632e-06 0.0 
0.213005 0.000168591 0.0 
0 0 0.0 
0.00326992 0.000205404 0.0 
0.023119 0.0212639 0.0 
0.0279139 0.000430003 0.0 
0.00441829 -0.00393744 0.0 
-1.49942e-05 -5.91084e-06 0.0 
0.000163085 0.000101955 0.0 
0 0 0.0 
0 0 0.0 
0.00970855 5.05837e-05 0.0 
-0.000811952 -0.00207658 0.0 
0 0 0.0 
0.010956 -8.3543e-05 0.0 
0.00949296 7.07778e-05 0.0 
0.252012 0.0177758 0.0 
0 0 0.0 
1.80163e-05 -0.000143519 0.0 
-0.000561636 0.00140812 0.0 
0 0 0.0 
0 0 0.0 
0.00200333 -0.00141482 0.0 
0.00855817 -0.00752153 0.0 
0 0 0.0 
0 0 0.0 
2.47517e-06 -2.27809e-06 0.0 
0 0 0.0 
-0.000270572 0.000623678 0.0 
0.000523444 -0.00010778 0.0 
0.00152601 -0.00316461 0.0 
0.0816065 -0.000405921 0.0 
0.000796763 -0.00164093 0.0 
0.000903654 -0.000149743 0.0 
0.00902729 -0.00543928 0.0 
0.00253225 -0.000743774 0.0 
2.98962e-05 1.83782e-05 0.0 
0.00114783 -0.000220669 0.0 
-1.45902e-05 -5.57465e-05 0.0 
0.0120428 -4.63615e-05 0.0 
-7.12555e-05 0.00016208 0.0 
0 0 0.0 
-1.27261e-05 -2.32058e-05 0.0 
0.000181887 -2.18483e-06 0.0 
0.00159596 -0.000302309 0.0 
0.00192239 -0.00121559 0.0 
0 0 0.0 
0.237251 -5.30416e-05 0.0 
0 0 0.0 
0.000403369 -0.0002572 0.0 
0.00816256 -0.0137578 0.0 
0.0350606 -0.0392827 0.0 
0.0127453 9.36919e-05 0.0 
0.0408627 -6.11287e-06 0.0 
0 0 0.0 
0 0 0.0 
0.0169692 -0.0213996 0.0 
0.0468231 -0.0373174 0.0 
0 0 0.0 
0 0 0.0 
-0.00409315 -0.00697873 0.0 
0 0 0.0 
0.0174601 -0.000117429 0.0 
0.29655 -0.0315896 0.0 
0 0 0.0 
  </DataArray>
  <DataArray type = "Float64" Name="Pression" format="ascii">
0.0642145
0.0614086
0.00330977
0.00467376
0.131321
0.0158387
0.00775297
0.0147157
0.0242432
-0.00144081
0.015547
0.0180745
0.0282222
0.00932526
0.00351394
0.0178116
0.00174429
0.0343384
0.00207626
0.0139932
0.0169578
0.096025
0.0113475
0.0904572
0.00873672
0.0247253
0.0108707
0.0197169
0.0156944
0.0268088
0.00453429
0.00480917
0.00317046
0.0186514
0.0289018
0.015955
0.00564533
0.027311
0.00548375
0.00335869
0
0.00716259
0.00136893
0.0142177
0.00557312
0.0281964
0.00426541
0.0112231
0.0271433
0.00762685
0.0238475
0.0203398
0.00401292
0.0188566
0.0274956
0.010096
0.023015
0.0383156
0.0135896
0.0131582
0.00207309
0.0125839
0.0269292
0.0133876
0.0613828
0.0159124
0.0272351
0.0554147
0.00283365
0.0645832
0.0109007
0.00495367
0.129988
0.0501662
0.0194089
0.00342118
0.0063215
0.00696271
0.0980097
0.0630163
0.0255426
0.00358097
0.13127
0.00452533
0.0012714
0.00567749
0.0112909
0.0105721
0.00271488
0.00406114
0.0170112
0
0.0132691
0.000727191
0.00661607
0.00380401
0.0449466
0.00378433
0.00876696
0.0199654
-0.00155945
0.00453227
0.0272787
0.0151742
0.00257533
0.00546931
0.0156458
0.0203212
0.0300604
0.0235737
0.0123092
0.0390218
0.00101528
-1.10282e-05
0.0266932
0.0225742
0.000861554
0.0134719
0.0264932
0.025608
0.00355734
0.00617051
0.0191966
0.0078461
0.000865905
0.00400426
0.000920653
0.00436386
0.0554124
0.00107477
0.130358
0.00527374
0.0416395
0.00717932
0.0186681
0.0642135
0.00681552
0.0244593
0.0726072
0.00417226
0.0162646
0.0102506
0.00439585
0.0819695
0.0613532
0.0658681
0.0253561
0.11417
0.0451324
0.00362025
-0.000882216
0.00657827
0
0.00700343
0.106437
0.0190993
0.00436982
0.0566643
0.0276484
0.00999146
0.0319845
-0.000371855
0.0141605
0.0187808
0.0127674
0.0222799
0.0158276
0.0454321
0.00335883
0.00815557
0.00195669
0.130732
0.0645905
0.0120945
0.0270069
0.0606757
0.045768
0.00443141
0.00932322
0.0173625
0.0038115
0.0645879
0.086209
0.0154757
0.00342231
0.00821143
0.0119435
0.0117245
0.0378994
0.00325269
0.107612
0.0254211
0.0325322
0.00762362
0.0157532
0.0128405
0.00163728
0.0612013
0.0158056
0.00826054
0.00861074
0.0249694
0.0157367
0.0200202
0.0146861
0.00917526
0.00710091
0.0604769
0.0613612
0.0597229
0.0223561
0.114781
0.0645873
0.0256826
0.0179888
0.0461753
0.024353
0.0184523
0.00534224
0.00368537
0.00165489
0.0307177
0.0272741
0.128426
0.0274079
0.00381999
0.0252112
0.00472915
0.125249
0.0137164
-0.000749545
0.027384
0.0211265
0.00585331
0.0157508
0.00534967
0.0273407
0.0664824
0.0866492
0.0101976
0.00970804
0.0120557
0.000738548
0.0202179
0.0134037
0.00723203
0.0103909
0.0157343
0.0153697
0.0173661
0.0281926
0.00497108
0.0095265
0.0271937
0.00430389
0.032169
0.020937
0.00505503
0.0495473
0.0278485
0.0272857
0.0275354
0.0503784
0.0361547
0.0255413
0.034637
0.0268125
0.124401
0.0269799
0.0133757
0.0566624
0.0482992
0.0741025
0.00707792
0.0219275
0.0399306
0.0314092
0.125313
0.0624544
0.0132195
0.0157698
0.0270953
-0.00177411
0.013285
0.0595865
0.00396559
0.0236139
0.0321495
0.00210787
0.0150414
0.0683485
0.00922783
0.109752
0.0356532
0.0182693
0.0261476
0.0150996
0.0570816
-0.00427755
0.00949012
0.0235923
0.0612241
0.0162598
0.131262
0.0245277
-0.00012163
0.0373082
0.0115167
0.0512353
0.130979
0.0299185
0.0612633
0.130586
0.0145003
0.018326
0.0548972
0.00342545
0.129698
0.0135874
0.0250414
0.0131676
0.00287663
0.120145
0.130387
-0.000411119
0.00390538
0.108239
0.00546032
-0.00253336
0.00246046
0.000836513
0.0156236
0.0209321
0.0611687
0.0068568
0.00162694
0.0100761
0.0144802
0.0154349
0.130602
0.130288
0.129792
0.128934
0.127124
0.125751
0.125191
0.123326
0.121858
0.120052
0.117354
0.114929
0.113102
0.112124
0.110195
0.108963
0.107589
0.105836
0.103628
0.101353
0.0995184
0.0983519
0.0971899
0.0947962
0.0913862
0.0887568
0.0860517
0.0830571
0.0803446
0.0777515
0.0754526
0.0730933
0.0709711
0.0688513
0.0668328
0.0648277
0.0626354
0.0601532
0.0577368
0.0553832
0.0529824
0.0507487
0.0484077
0.0463551
0.0436899
0.0404267
0.0371768
0.0355435
0.0340916
0.032525
0.0306409
0.0287227
0.0266634
0.0242545
0.0217955
0.0196778
0.0182275
0.016858
0.0154695
0.0139833
0.0125518
0.0111488
0.00984927
0.00844326
0.00729118
0.00623462
0.00574134
0.00486086
0.00344799
0.0019018
0.00161626
0.00138784
0.00149016
0.0011255
0.000468507
-0.000224516
-0.00133635
-0.00406418
-0.00569291
-0.00545437
-0.00594893
-0.00715837
-0.00646596
-0.00465944
-0.00389739
-0.00391325
-0.00386299
-0.00386251
-0.00413093
-0.00454119
-0.00431208
-0.00414125
-0.00413959
-0.00374051
-0.00351537
-0.00337909
-0.00286665
-0.00301337
-0.00254043
-0.00221362
-0.00195528
-0.00136153
-0.000778846
-0.000687115
-0.000438973
-0.000273706
-0.000518198
0.000140235
0.000650315
0.000881408
0.000880245
0.00108825
0.00148752
0.00191742
0.00220861
0.00259106
0.00295095
0.00328061
0.00368197
0.00420463
0.00481279
0.00541245
0.00597505
0.00649745
0.00706839
0.00748617
0.0079672
0.00847651
0.00892872
0.00939274
0.00975866
0.0101448
0.0104974
0.0108513
0.0111791
0.0114514
0.0117255
0.0120435
0.0123571
0.0126631
0.0129646
0.0131432
0.0133077
0.0134573
0.0136592
0.013877
0.014111
0.0143223
0.0144861
0.0145989
0.0147559
0.0148789
0.0151104
0.0153616
0.0155633
0.0157426
0.0157151
0.0158311
0.0156808
0.0155816
0.0155325
0.0154276
0.0152502
0.0150304
0.0148462
0.0146733
0.0145098
0.0143221
0.0141489
0.0139687
0.0137123
0.0134937
0.0132716
0.0130795
0.0128089
0.0125545
0.0123029
0.012042
0.0117524
0.0114642
0.0111655
0.0107188
0.0102936
0.00985049
0.00951244
0.00919457
0.00873277
0.00833938
0.00795755
0.00756139
0.00705267
0.0065269
0.00598218
0.00540237
0.00467161
0.00412249
0.00368256
0.00330688
0.00318826
0.00307862
0.00300744
0.00280402
0.00261425
0.00236117
0.00206315
0.00119669
0.000369614
-0.000397223
-0.000654737
-0.00123793
-0.00226797
-0.00284665
-0.00269736
-0.00245629
-0.00206392
-0.00191565
-0.00221699
-0.00263813
-0.00278958
-0.00310316
-0.00290748
-0.00229579
-0.00160372
-0.00167366
-0.00193017
-0.00291984
-0.00300673
-0.00392109
-0.00298194
-0.00219388
-0.0014583
-0.00105358
-0.00132088
-0.00197605
-0.00142149
-0.000425683
-5.7144e-05
0.000330774
0.000877648
0.00141901
0.00176941
0.00194127
0.00203164
0.00194581
0.00297953
0.00417683
0.00510458
0.00602738
0.00704499
0.00766664
0.00985306
0.0110735
0.0125637
0.0140063
0.0150894
0.0164778
0.0181751
0.0198432
0.021471
0.0228705
0.0248425
0.0269008
0.0287483
0.0305473
0.0321645
0.0340973
0.0361782
0.0390253
0.0420099
0.0448602
0.0477934
0.0502173
0.0524724
0.0548602
0.0577367
0.0602294
0.0630427
0.0656443
0.067997
0.069156
0.0706767
0.0724691
0.0744929
0.0764515
0.0785909
0.0811402
0.0844393
0.0876427
0.0897869
0.0918585
0.0946657
0.0961522
0.0982674
0.100784
0.10312
0.104902
0.106991
0.108731
0.110329
0.111768
0.113411
0.114384
0.116131
0.117923
0.120229
0.122103
0.123263
0.124551
0.126081
0.127044
0.128294
0.129328
0.130017
0.130964
0.0132459
0.00380965
0.0999992
0.131191
0.0245137
0.124409
0.00332679
0.0192172
0.0211839
0.0224889
0.0111387
0.0286806
-0.00255214
0.0257748
0.0374835
0.0135514
0.130767
-0.00385189
0.0123003
0.021146
0.00193561
0.0152912
0.0137754
0.126318
0.0205822
-0.00248396
0.0880745
0.0155953
0.0169761
0.118571
0.0157007
0.126675
0.0273063
0.00962893
0.0165439
0.0156182
0.0354473
-0.00199649
0.0136188
0.0331235
0.0941103
0.040626
-0.00156703
-0.00162907
-0.00213776
0.00257039
0.00712887
-0.00263769
0.0954636
0.00622531
0.00250079
0.0154363
0.00261771
0.061017
0.00422303
0.0115647
0.0199294
0.00175339
0.0150989
0.0133962
0.00232874
0.127848
0.130589
0.00867764
0.130982
0.128805
0.00386031
-0.00301316
0.0157904
0.00441719
0.0642028
0.019502
0.0142603
-0.00304333
0.0141478
0.0112494
0.0153543
0.0128347
0.131309
0.0017138
0.0184175
0.0108132
0.00107776
0.0230434
0.015775
0.0502192
0.122005
0.0612016
0.0158027
0.0673451
0.0155533
0.0194992
0.0966372
0.0337066
0.128165
0.0396823
0.0531632
0.0683671
0.0316129
0.130869
0.0153389
0.124775
0.0181593
0.00786804
0.0147725
-0.000892161
0.126618
0.122616
0.0131497
0.0580748
0.0641078
0.130891
-0.00431952
0.00317856
0.0118099
0.00967287
0.00740738
0.00405339
0.0131889
0.00722836
0.0150772
0.0137876
0.00205845
0.0157341
0.00143426
0.0104439
0.0082801
0.0155037
0.063696
0.119091
0.0158238
0.0957445
0.0151567
0.120237
0.0132224
0.117803
0.00175808
-0.00437866
0.00629587
0.13074
0.0214834
0.00402274
0.0170545
0.0273997
0.0181285
0.000966298
0.0871191
0.067332
0.0673071
0.0860764
0.098936
0.0262912
0.015995
0.0156389
0.0347045
0.017006
0.104811
0.0085693
0.0062188
0.0107886
-0.00410654
0.122956
0.00403512
0.0514762
0.0677389
0.00714237
0.00156347
0.0155134
0.0186043
0.0151404
0.00351674
0.0099128
0.00456067
0.00835552
0.0425807
0.00514708
0.0149159
-0.000209952
0.081934
-0.00208195
0.0145288
0.019395
0.0371062
0.0208086
0.0112549
0.0149061
0.0188016
0.0796004
0.0033653
0.0149087
0.0138226
0.130616
0.129996
0.0150055
0.121887
0.00501665
0.0158137
0.0231122
0.0320531
0.000616492
0.0327771
0.0152856
0.00414229
0.0124176
0.0970566
0.0148969
0.0273646
0.0151621
0.00493707
0.0637779
0.130029
0.000761766
0.0646401
0.027823
0.0158308
0.121883
0.0107912
0.0124267
0.124278
0.0637114
-0.0027877
0.0951045
0.0611417
0.129566
0.0530231
0.0189932
0.00835769
0.00401126
0.0206573
0.0639747
0.027277
0.00258866
0.0906401
0.122915
0.12567
-0.00386801
7.37551e-06
-0.000707318
0.0156318
0.0256614
0.015739
0.0377566
0.00601954
0.00802502
0.0262498
0.126667
0.0166469
0.127194
0.0909144
-9.56121e-05
-0.0025997
0.0274317
0.00587652
0.0496321
0.0224789
0.00322043
0.102653
0.0121805
0.01578
0.0158126
0.106327
0.00178435
0.0153689
0.0616071
0.0118638
0.00462546
0.0227281
0.111192
0.0272738
0.127922
0.026681
0.11557
-0.00149943
0.0264707
0.00167202
0.0146159
0.126565
0.129996
0.00727787
0.00370181
0.0611584
0.0240079
0.0241928
0.0218177
0.00289117
0.0153843
0.114796
0.0157901
0.015044
0.0157944
0.00799419
0.0541887
0.0258717
0.000707676
0.0156822
0.00624012
0.0112998
0.0214773
0.0159286
0.0208905
0.000487345
0.0582209
0.0134147
0.123993
0.0214404
0.00127116
-0.00353564
0.0276711
0.00686249
0.0880524
0.0156122
0.0507703
0.000767085
-0.00236486
0.0149636
0.00225522
0.0433588
0.0148928
0.0149664
0.0152448
0.027359
0.00207869
0.0644596
0.0156696
0
0.0150809
0.0272065
0.0270279
0.0114736
0.0150081
0.0829318
0.0131121
0.0145817
0.014974
0.0586329
0.0152508
0.0150975
0.00416014
0.104055
0.00228403
-0.00087439
0.0594919
0.0152201
0.131102
0.007437
0.0105511
0.00533101
-0.00358651
0.00507184
0.00182304
0.0129309
-0.00218699
0.0645066
0.0273401
0.10498
0.127213
0.0333457
-0.000489152
0.0297804
0.105013
0.0296767
0.0105463
0.0121904
0.0483257
0.0233431
0.0207223
0.0153299
0.116328
0.0227889
0.00901292
0.0334185
-0.00416027
0.00275615
0.117529
-0.000559434
0.123612
0.0342051
-0.00171827
0.0611447
0.00163176
0.00818338
0.122562
0.0109391
0.027194
0.000705886
0.000877273
0.0333801
0.0144464
0.128348
0.00937785
0.0142217
0.0103812
0.115866
0.0524094
0.0221602
0.0562205
0.12948
0.00407693
0.00367788
0.110776
0.000487695
0.00494663
0.0130396
0.115495
0.105555
0.114881
0.0122129
0.0165941
0.0039235
0.00416612
0.00995926
0.0273675
0.0090319
0.00204268
0.00450537
0.00295286
0.00102191
0.00711298
0.0279159
0.00206352
0.0613256
0.0614041
0.0148631
0.123453
0.0439747
0.00124837
0.109125
0.0642181
0.0113851
0.00388012
0.0136409
0.00940609
0.0966055
0.012814
0.025666
0.0143567
-0.00429248
0.0627827
0.0733536
0.0179505
0.00619728
0.127121
0.00505134
0.00225157
0.015077
0.0128053
0.00516646
0.0612023
0.000706263
-0.00194062
0.0200568
-0.00477414
0.120325
0.0261446
0.0614724
0.0310312
0.0103626
0.0551015
0.0139481
0.00446079
-0.000823096
0.0514116
0.012735
0.118199
0.0611442
0.0343812
0.0133818
0.00991991
0.0642959
0.0670884
0.0612937
0.00415476
0.0023282
0.130814
0.00172662
0.00281931
0.0092991
0.00189567
0.0386356
0.0614063
0.0111596
0.0221865
0.0158441
0.0389264
0.106844
0.101188
0.0150438
0.00186388
0.0220686
-0.00116448
0.0613117
0.0617109
0.00718166
0.016151
0.00121353
0.112515
0.00053387
0.0672716
0.126784
0.0266048
0.0148177
0.0106935
0.0010134
0.083376
0.0509504
0.0230918
0.047138
0.0131099
0.0273925
0.113424
0.00438203
0.0967239
0.0587687
0.121471
0.0132012
0.0167875
-0.00541813
0.0642707
-0.000128184
0.00759744
0.0750857
0.0149547
0.0128152
0.0157234
-0.00176427
0.015335
0.0274504
0.0973065
0.0147914
0.0531938
0.0153601
0.0597477
0.00394137
0.0227661
0.0369408
0.00955958
0.00842412
0.0273766
0.0153641
0.0846878
0.0130218
0.0155455
0.0356134
0.0005669
0.0234864
0.00979661
0.0110181
0.127532
0.0398106
0.0272901
0.0183396
0.00106408
0.0682269
0.021474
0.116681
0.0357311
0.010018
0.0158076
0.0609134
0.111399
-0.00161344
0.0642472
0.0102926
0.0202437
0.00434751
0.106333
0.0158149
0.0224837
0.074253
0.00824273
0.0101668
0.00493723
0.0157165
-0.00065162
0.0421647
0.0157098
0.0308949
0.00306162
0.00811408
0.0179307
0.00792513
-0.0034194
0.0186823
0.0890338
0.0912239
0.00740123
-0.00324061
0.130503
0.0138843
0.0598169
0.0178697
0.0642392
0.00934771
0.011551
0.0615469
0.0642814
0.0141796
0.0137919
0.130981
0.0030893
0.0425411
0.000361323
0.0492279
0.119377
0.00190241
0.130388
0.019671
0.0145491
0.0156506
0.0900038
0.00996857
-0.00187139
0.00461854
0.0269247
0.0151172
-0.00207791
0.0778531
0.0113698
0.00794858
0.0188485
0.00125733
0.0109932
0.0178025
0.00632582
-0.00185683
0.00721222
0.00140346
0.00756641
0.0102039
0.018514
-0.00212545
0.0097591
0.0273305
0.0643418
0.0299376
0.0157443
0.0272647
0.0277833
0.0472652
0.0165689
-0.00159137
0.00262035
-0.000345223
0.026432
0.117402
0.131014
0.00180156
0.0250126
0.0153573
0.00241857
0.061411
0.00944838
0.0933182
0.0837186
0.0038235
0.00704214
0.0465457
0.000579454
0.0149707
0.0321014
0.00080132
-0.00215741
0.0138259
0.123605
0.0150303
0.0104482
0.0137829
0.0212952
0.109186
0.00471593
0.000693263
0.0269925
0.00403037
0.0122568
0.00369799
0.00122171
0.00853023
0.0156942
0.0143565
0.01804
0.0240671
0.11026
0.00354642
0.013387
-0.00211528
0.0130541
-0.00282692
0.128711
-0.00434926
0.00969187
0.029202
0.0611129
-0.00239994
0.0140566
0.0038538
0.00119378
0.114025
0.00315397
0.00472254
0.0206974
0.0097614
0.00690404
0.000482469
0.00233688
0.00737813
0.0194219
0.0205126
-0.00193022
0.0271697
0.0272809
0.0126985
0.0156971
0.00424363
0.0965105
0.0154099
0.0118089
0.014773
-0.00201971
0.026951
0.0068769
0.00753881
0.00857773
-0.0026381
-0.000822048
0.0434321
0.0142757
0.00368533
0.00144604
0.00775563
0.0130375
0.0925506
0.093377
-0.00269759
0.000634341
0
0.0233332
0.00149546
-0.00665482
0.0244148
0.0815623
0.00464771
0.00439275
0.0365224
0.0148995
0.116628
0.0120002
0.100858
0.0206627
0.00188811
0.00106763
0.0059948
0.0073671
0.124941
-0.00188239
0.0821264
0.00901857
0.0689727
0.0145931
0.107117
0.00284517
0.00462212
0.126077
0.089812
0.0158541
0.0325383
0.000831768
0.0276448
0.00332787
-0.00445427
0.021632
0.00320301
0.095043
0.123833
0.126552
0.00528019
0.0101217
0.0256
0.0156859
4.40734e-196
0.0152637
0.0085861
0.00332428
0.0228387
0.00466108
0.00392232
0.0154025
0.0068742
0.0276605
0.0344858
0.0172414
0.00364438
-0.00360669
0.131039
0.00886675
0.00205656
0.000813945
0.124314
0.0938675
0.0117374
0.125732
0.00127024
0.127844
-0.00197467
0.0223096
0.0173816
0.00902464
0.108492
0.0273029
0.0296094
0.0254964
0.109649
0.00244006
0.00873681
0.0129967
0.0774474
0.0163264
0.126446
0.00178017
0.123737
0.0158283
-0.00568744
0.00146375
0.0142898
0.00811634
0.0237825
0.0116431
0.0109536
0.00470232
0.00400415
0.00781618
0.00379523
0.0709244
0.0154862
0.0116755
0.000911566
0.0206188
-0.000142607
0.00428047
0.00383262
0.00778154
0.0540255
0.002893
0.00119003
0.0127721
0.0698784
0.00133609
0.0247228
0.129013
0.0859193
0.0875164
0.0765977
0.130672
0.0757861
-0.00198781
0.0752782
0.13099
0.000902257
0
0.00546471
0.0152763
0.0152183
0.0158573
0.0176964
0.0256415
0.0556934
0.0643733
0.0300575
0.0796572
0.0129903
0.0344974
0.0162603
0.00161796
0.000841748
0.0510671
0.00201251
0.0257038
0.00316891
0.0138662
0.0177554
0.113916
0.00129557
0.000244495
0.00075267
0.00236752
0.0154549
0.0166435
0.112869
0.006572
0.0314029
0.000931848
-0.000595791
0.0150862
0.00495394
0.0505439
0.0272475
0.00277103
0.00442037
0.00206037
-0.00230587
0.00214518
0.0770001
0.00374413
0.00168838
0.00516502
0.0943811
0.130698
0.121144
0.0718112
0.00221194
0.026361
0.00574971
0.0612866
0.000710407
0.0699061
-0.00182385
0.00580804
0.061452
0.00146931
0.0553898
0.00432544
-0.00344823
0.069179
0.107745
-0.00658549
0.123004
0.00350182
0.000510227
0.00100224
0.0239644
0.00422913
0.00050205
0.0153307
0.0153857
0.0545893
0.0146008
0.00438674
0.124247
0.0273081
0.000767432
0.00231656
0.101957
0.0542325
0.0227854
0.00438008
0.00916973
0.0114983
0.000743321
0.0205977
0.0101723
-0.00373092
-5.22057e-05
0.01051
0.123965
0.00352548
0.012426
0.0157588
0.00567812
0.0535381
0.121373
0.0287529
0.122179
-0.0023262
0.0260677
0.0115659
0.000346367
0.0678194
0.0428145
0.0155824
0.127322
0.12903
0.000750336
0.00383692
0.0143836
0.113164
0.0667954
0.112549
0.0556278
0.0145547
0.0114785
0.0278188
0.00789867
0.0471221
0.00362916
0.0150493
0.0425246
-0.00692175
0.0717913
0.0159655
0.00895481
0.123434
0.044077
0.000734231
0.00875909
0.0117964
0.0278154
0.00342647
0.030914
0.0612321
0.00108012
0.0151428
0.0798775
0.0211301
0.0613917
0.0641729
0.00430251
0.130693
0.109472
0.00504421
0.00913729
0.0308802
-0.00236213
0.0887067
0.015224
0.00204579
-0.00313193
-0.00219514
-0.00182502
0.0642998
0.0152228
0.0316578
0.00992769
0.00291523
0.0141005
0.0158455
0.130868
-0.00604614
0.0770524
0.114153
0.061144
0.131213
0.0431397
-0.000431572
0.0123061
0.028232
0.125201
-0.00227944
0.00332069
0.00054711
0.0310473
0.00428643
0.129239
-0.00336805
0.0065847
0.00880666
0.00253022
-0.00376142
-0.00609232
0.0157436
0.0084846
0.115522
0.00192334
0.112467
0.0144363
0.000491466
0.00336843
0.0545273
0.00351263
0.0157068
0.0613823
0.00794564
0.0170859
0.0140571
0.0124493
0.0720854
0.0154767
0.0154712
0.00379196
0.0463232
0.0286094
0.000920502
0.0897472
0.0874373
0.0612698
0.0153094
0.00498856
0.0642512
0.000874714
0.0339699
0.0275665
-0.0055439
0.0472622
0.064258
0.0787703
0.00390347
0.00883784
0.0129382
0.003263
0.113519
0.00379599
0.0928369
0.130169
0.00301282
0.00737105
0.130076
0.0010354
0.131327
-0.00574017
0.0157049
0.0611571
0.130291
0.0721598
0.00542088
0.125846
0.0612243
0.00315299
0.0415876
0.00522591
-0.00521128
0.0121686
0.0891012
0.011368
0.00239319
0.00748464
0.0292552
-0.00302646
0.00456966
0.0515394
0.111076
0.0214777
0.00810074
0.0317782
0.00802018
0.0145093
0.0253988
0.130415
0.0167853
0.0160998
0.0342728
0.0138385
0.00884764
0.127171
0.027791
0.0205315
0.0945379
0.0308619
-0.00406354
0.00864456
0.0041836
0.0613724
0.0474638
0.00714865
0.0143633
0.0719584
0.0226063
0.0147028
0.00718845
0.0120651
0.0348181
0.0143136
0.0644218
0.00136423
0.00457839
0.0152083
0.0274363
0.00396927
0.0868002
0.00112006
0.00395041
0.129653
0.0170257
0.015115
0.00558373
0.0108502
0.0147689
0.0369796
0.100215
0.0151926
0.131163
-0.00249787
-0.00324165
-0.00248098
0.0140446
0.0075635
0.120895
0.00569005
0.0351508
0.00231747
0.018229
0.00332803
0.00390437
0.0665698
0.00835993
0.0467133
0.129272
0.0185689
0.0270867
0.129126
0.0613488
0.0173025
0.102684
0.0649948
0.0643164
0.0143834
0.00345094
0.12034
0.0139813
0.0148517
0.0128059
0.0590349
0.130352
0.0765763
0.0272925
0.131189
0.0308352
0.00401843
-0.00178408
0.00367878
0.00590011
0.126079
0.0338465
0.0727697
0.00382921
0.037784
-0.00208981
0.0150955
0.0141696
0.0273464
0.0174784
-0.00169616
0.0658969
0.00384833
0.00588843
0.0271933
-0.00648394
0.00178666
0.021699
0.00147639
0.0193306
0.0276095
0.00299425
0.0247798
0.0171826
0.0823007
0.00169915
0.00388626
0.01206
0.031247
0.00360657
0.0611938
0.00311287
0.0643668
0.0128177
0.00767127
0.0751419
0.0260015
0.00325974
0.00419426
0.0161811
0.0751184
0.0901217
0.0761883
0.0461276
0.0153696
0.0457061
0.0136214
0.0157916
0.11308
-0.000682243
-0.00195238
0.123125
0.0430944
0.00484736
0.0236671
-0.000632041
0.108916
0.0115613
-0.00181378
0.0592165
-0.00154283
0.0999902
0.0153611
0.00676214
0.0061654
0.0288884
0.0109305
0.014266
0.126335
0.129659
0.12289
0.02729
0.0152129
0.0255554
0.0270065
0.0704356
0.129726
0.0152896
0.0615172
0.0112523
0.0158064
0.00954055
0.123414
0.0149662
0.00394777
0.0352217
0.00637169
0.0118689
0.100769
0.130645
0.0438018
0.00112058
5.95515e-05
0.0160011
0.0107171
0.00558036
0.00892187
0.00862257
0.0609778
-0.00297683
0.0157848
0.0967913
0.0258103
0.0168175
0.0164817
0.00768088
0.0918217
0.0296618
0.0112534
0.00579823
0.0594424
-0.00160697
0.0277513
0.0156284
0.0144049
0.00435934
0.127738
-0.000106687
0.0651539
-0.00236401
0.111227
0.110493
0.00409401
0.0156715
0.0181667
0.00327575
0.0798208
0.030659
0.0161597
0.125343
0.0713802
0.0273779
-0.00257751
0.0112449
0.00148065
0.0738185
0.109685
0.0102406
0.0113107
0.0310956
0
0.0187935
0.0926366
0.0158497
0.00379071
0.0264788
0.0140827
0.112294
0.00397601
-0.00158273
0.0142492
0.000688439
0.00529778
0.00964077
0.00100831
0.0126726
0.0400097
0.00446109
0.00235418
0.00174579
0.0274238
0.00208421
0.126818
0.10271
0.0078254
0.11642
0.0436883
0.0106853
0.0124896
0.00704886
0.0257467
0.0176006
0.0705786
0.0155192
0.0122826
0.0155311
0.0977362
0.0154666
0.00401262
0.0162805
0.0115446
0.0613715
0.00182034
0.00768008
0.0045773
0.00338589
0.0018601
0.0198746
0.000539435
0.0115267
0.00933019
0.00349221
0.124671
0.00605001
0.0273138
0.0101377
0.0156053
0.0124165
0.0153296
0.0136215
0.012075
0.0149128
0.026961
0.0132212
0.0163479
0.00324911
0.0126807
0.00119089
0.121556
0.0180712
0.118262
0.117806
0.00117824
0.0148655
0.0252777
0.00313552
0.110125
0.00362912
0.126233
0.087399
0.0207173
0.130521
0.00534834
0.00771065
0.091073
0.0609709
0.025873
0.01179
0.00986156
0.0100824
0.0643577
0.0043051
0.00362331
0.0275481
0.00482359
0.0611024
0.027085
0.0270955
0.00309091
0.00103365
0.0702326
0.0149733
0.014325
0.015757
0.0154889
0.00447023
0.0211352
0.0018394
0.0992873
-0.00567657
0.00447731
0.01462
0.00396178
0.0154752
0.0613945
0.0142904
0.0151231
0.0139265
0.0158105
0.0149776
0.0126052
0.0896845
-0.00256884
0.0160732
0.0149096
0.00858222
0.119982
0.0202329
0.109289
0.0158345
0.00327943
0.121681
0.0560495
-0.00385813
0.0156789
0.00992953
0.0581917
0.00112636
0.0150735
0.0222597
0.0258642
0.0678269
0.013563
-0.0029196
0.00387562
0.0992646
-0.00223661
0.0154761
0.00528299
0.00754121
0.00407078
0.00732187
0.00401773
0.11261
0.0283913
0.111054
0.0117398
0.0202704
-0.00108954
0.0148123
0.0222491
0.0262135
0.114042
0.115173
0.0185941
0.0594022
0.00617293
0.0107989
0.03553
0.00864976
-0.00254178
0.00383246
0.0279345
0.00419463
0.00436172
0.0149183
0.00419591
0.0633137
0.0660066
0.108608
0.0313589
0.128624
0.0158153
0.00901043
0.00205583
0.0274078
0.0503796
0.00183989
0.00217065
0.0272966
0.0121378
0.00803383
0.0192111
0.0157356
0.00390134
0.0298524
0.0285037
0.0130782
0.0102278
0
0.127001
0.00880091
0.0454883
0.00384431
0.00185236
0.105205
0.00851266
0.00443835
0.0785338
0.0269756
0.00221553
0.0177821
0.0156747
0.118023
-0.00232042
0.0301875
0.0163853
0.0138339
0.0258892
-0.00388608
0.0137945
0.0273412
0.00497769
0.00144142
0.0129847
0.0152176
0.00873407
0.108819
0.0013196
0.000174143
0.0074037
0.0287701
0.0340577
0.0141435
0.00421437
0.0135591
0.109137
0.00676041
0.00385322
0.00945389
0.0182312
-0.00105919
-0.000475933
0.0234294
0.118804
0.0156061
0.0157723
0.026383
0.00213858
0.0157017
0.0260423
0.108008
0.0106541
0.0157021
0.0583775
0.0157054
0.0154773
0.000705769
0.00749706
0.00294138
0.0193246
0.0185132
0.00851668
0.00949982
0.0157967
0.0121755
0.0262682
0.0137519
0.0298117
0.0158444
0.0183282
0.0217663
0.111821
0.0878511
0.0273669
0.0148097
-0.00254884
0.0165832
0.0140702
-0.00281154
-0.00207212
0.0198434
0.00352974
0.0021186
0.0377974
0.0073431
0.0678158
-0.00245349
0.0953577
0.00390164
0.124815
0.125165
0.00811989
0.0077506
0.0121551
0.00831879
0.13127
0.0118045
-0.00265369
0.000982505
-0.00242384
0.00154529
0.0387326
0.00454968
0.0208585
0.00706606
-6.0043e-05
0.0449369
0.00520146
0.0975981
0.011451
-0.00113037
-0.00231569
0.0117615
0.00299835
0.0084274
0.0157242
0.130107
0.0078674
0.016691
0.0150043
0.00488266
0.130219
0.0149742
0.0163781
0.00552669
0.00865694
0.0108464
-0.00248586
0.0114573
0.0241647
0.0155712
-0.000520339
0.122876
0.0614003
0.00253758
0.0271363
0.0332954
0.0178576
0.0503785
0.1293
0.0206973
0.00797967
-0.00324627
0.0253179
0.00748755
0.0204349
0.0642526
0.00892278
0.0183605
0.00851408
0.0133108
0.0153963
0.0611829
-0.00194609
0.000769806
0.0151551
0.0281396
0.0852012
-0.00293166
0.0010635
-0.00174816
0.0154634
0.00631721
0.0172643
0.000577516
0.015839
0.00987153
0.0498142
0.0969631
-0.000177761
0.00494254
0.0054601
0.119312
0.0865192
0.0528622
0.0153237
0.00835871
-0.00283969
0.0158065
0.0267723
0.0055274
0.00373643
0.0177241
0.115852
0.0149648
0.0019819
-0.00062939
0.100372
0.00199898
-0.00425308
0
0.00321539
0.124546
0.0120309
0.07135
0.00785015
0.0223999
0.0631704
0.0131951
0.00110702
0.0145933
0.0155087
0.00351309
0.0155236
0.00787696
0.00346328
0.0296398
0.00388247
-0.00417551
0.000909907
0.0158159
0.00311069
0.0037103
0.131136
0.00422969
0.0137846
0.0613282
0.0563514
0.00113094
0.00443017
0.106238
0.0157751
0.00371785
0.0225301
0.0222039
0.0864061
-0.00377799
0.000627328
-0.000838332
0.0230143
0.0676132
-0.00314691
0.013054
-0.00104439
-0.00368989
0.102452
0.0516113
0.00223561
-0.00179289
0.00385989
0.0198374
0.0129881
0.0273778
0.00405811
0.00367326
0.106245
-0.00393027
0.0150057
0.000439246
0.0431145
0.00410357
0.131264
0.0146543
0.0836236
0.0802491
0.016435
0.0246436
0.0143998
0.131202
0.000497428
0.130476
0.0125326
0.12971
0.00595206
0.0093112
0.00459302
0.128224
0.0111129
-0.00117796
0.00520146
0.0469953
0.0243813
0.0149255
0.0227843
0.125092
0.0971303
0.00765778
0.122144
0.0305049
0.0158759
0.0646282
0.0232822
0.00311378
-0.00382202
0.0152568
0.0259114
0.0107375
0.0691822
0.126346
0.0237871
0.0171695
0.0108141
0.0117634
0.101901
0.0221464
0.00999696
0.00392825
-0.00335522
0.0148374
0.0148473
0.00443753
-0.0031433
0.0603348
0.0116337
0.00111126
0.00460805
0.0453727
0.0751839
0.0205237
0.00159587
0.0157811
0.000956018
0.00530045
0.0140615
0.0110652
0.0180087
0.12478
0.01718
0.100306
0.00307304
0.00569405
0.0757339
-0.00385578
0.0612758
0.00140401
0.00596242
0.0157508
0.127704
0.0155059
0.105248
0.00420887
0.0805447
0.0279514
0.0102361
0.00240242
-0.00407673
0.00211332
0
-0.00249614
0.00668723
0.021908
0.0155635
0.0132934
0.0050121
0.000219686
0.0613724
0.00074407
0.0337341
0.0145713
0.115171
0.00197835
0.000630515
-0.000190334
0.0333216
0.00138115
0.00755005
0.0310755
0.0285391
0.0165147
0.108489
0.0648913
0.0221388
0.0146068
0.00747517
0.0140832
0.0325852
0.00794574
-0.00183267
0.000493952
0.0425713
0.0272571
0.0844727
0.104749
-0.000634729
0.00360133
0.0612948
0.103719
0.0149501
0.00399241
0.0780987
0.115289
-0.00264733
0.0148681
0.124743
0.0170977
0.125742
-0.00178434
0.00378293
0.0614002
0.00288881
0.126244
0.0613633
0.072039
0.00301616
0.108168
0.000820878
0.127725
0.0400776
0.0244025
0.00462855
0.0268651
0.0645089
0.00472702
0.0634532
0.108276
0.0620735
0.123635
0.0375751
0.00731598
1.54405e-05
0.0286483
0.118583
0.00184179
0.00431826
-0.00254851
0.0286514
0.0216901
-0.00198143
0.00689991
0
0.0259883
0.000708834
0.00163384
0.0643485
0.000248499
0.0146582
0.0177048
0.0809946
0.0976648
0.0361201
0.0162323
0.0139996
0.0276032
0.0132273
0.0714451
0.0430872
0.0884714
0.0150135
0.000397169
0.103888
0.0107756
0.0962046
0.0266211
0.0612217
0.0890514
0.00277246
0.0036361
0.0965825
0.128315
0.00715653
0.0538048
0.0148157
0.00957015
0.0141337
-0.00025299
0.00426173
0.00435226
0.0333003
0.0234461
0.106147
0.00471183
0.0132894
0.00139488
0.102493
0.00203774
0.073939
0.00619745
0.0148751
0.0220554
0.0226111
0.0147982
0.0069222
0.0274268
0.131167
0.0611636
0.13031
0.00812056
-0.00246107
0.126961
0.015812
0.0917621
0.00354499
0.130404
0.0614052
0.0134345
0.000769138
0.00989391
0.021796
0.0472168
0.00439467
0.0156962
0.117234
0.000877847
0.00424414
0.00194351
0.0123719
0.112839
0.0240659
0.00292152
0.0703477
0.0168845
0.000837142
0.0474043
0.0979734
0.117096
0.0981146
0.00409802
0.0155178
0.0134096
0.0296168
0.0138698
0.0135292
0.00668134
0.0871051
0.00456222
0.0457303
0.0347858
0.000968405
0.00830815
0.0604333
0.0132165
0.00211283
0.00388324
0.09752
0.0147224
0.091669
0.0446066
0.125687
0.025757
0.0360829
0.020749
0.129861
0.0651899
0.112169
0.0826681
-0.000789065
0.0149146
0.0209793
0.0156285
0.00481067
0.110105
0.0613918
0.0186813
0.0164709
0.0216148
0.0614053
0.0273362
0.0800829
0.00417523
0.0540281
0.0158426
0.00412285
0.0186643
0.0144206
0.0286058
0.011003
0.0148331
0.00569861
0.00974062
0.0483805
0.00771673
0.0412116
0.1158
0.0153086
0.0606501
0.025025
0.0155317
0.0517109
0.0194846
0.0102687
0.0273364
0.122955
0.0158173
0.0134493
-0.00207451
0.013195
0.083373
0.0637009
0.00639382
0.0128761
0.00378954
0.129855
0.0145064
0.00438194
0.014234
0.0845502
0.00213439
0.045114
0.0160272
0.0508161
0.111522
-0.00113305
0.0145564
0.064645
0.0131171
-0.00153689
0.0117578
0.023823
0.015095
0.0342797
0.0277107
0.118271
0.109173
0.00089256
0.000390489
0.00730529
0.130284
-0.00144108
0.0612371
0.00764219
0.0573598
0.0176042
0.0394017
0.0776127
0.0699158
0.0134699
0.0188948
0.0140806
0.0211318
0.0169597
0.00416892
0.0782215
0.0987822
0.0757644
0.0966176
0.107789
0.00712764
0.0718154
0.120684
0.0242935
0.0507634
0.114105
0.0272232
0.0128035
0.0143421
0.0162836
0.00800258
0.114853
0.00861026
0.00912852
0.0885237
-0.00138262
0.00850513
0.0805767
0.000853131
0.0154404
0.00407841
0.00319772
0.107532
0.00443815
0.111845
0.00658672
0.0214809
0.00263773
0.0270309
0.101689
0.0603733
0.0136963
0.0857211
0.0197113
0.0856601
0.0298109
0.110765
0.0640769
0.0328954
0.123981
0.0274962
0.0392694
0.00765427
0.0238703
-0.00347816
0.0803183
0.0190217
0.0128185
0.0806293
0.12808
-0.00277228
0.00890328
0.010553
0.0148226
-0.00265637
0.0615297
0.0156578
0.0208716
0.0263026
0
0.0726219
-0.00234423
0.0212449
0.0190638
0.0716718
0.01914
0.0146916
0.0158262
0.00493903
0.00569904
0.0364494
0.0200219
0.130226
-0.00279913
0.0109141
0.0152201
0.0169512
0.0566391
0.0116991
0.0488189
0.0200907
0.0135021
0.00821441
0.0560654
0.00402248
0.0388114
0.0995388
0.014656
0.0353073
0.0711752
0.0606677
0.018295
0.000803147
0.0259875
0.00787765
0.0608856
0.013401
0.0157937
0.00906031
0.00506424
0.0686532
0.0154265
0.0681725
0.000490522
0.0066051
0.0980749
0.0175497
0.0284135
0.0503042
0.00178694
0.0102448
0.0157466
0.0409649
0.11854
0.0019012
0.0158321
0.00672168
0.0144783
0.129978
0.00307079
0.0092458
0.00105725
0.00810112
0.00916402
0.0611288
0.057679
-0.00340497
0.0178512
0.0154303
0.104035
0.023246
0.00544727
0.000341545
0.0285558
0.0533016
0.062003
0.0142023
0.0154206
0.032213
0.0444051
0.0199692
0.00523479
0.0153185
0.0359408
0.0129435
0.0338983
0.0143199
0.0336169
0.0215781
0.04735
0.00145015
0.000824026
0.0922745
0.0664195
0.00947735
0.0137619
0.0268397
0.0221946
0.0550187
0.020756
0.00182483
0.0213802
0.0482272
0.0308941
0.0252158
0.019263
0.016809
0.0154324
0.0131574
0.0229805
0.0229798
-0.00423086
0.106499
0.0429133
-0.000773932
0.00951927
0.000856631
0.0729841
0.00992792
0.0134088
0.000804851
0.0310032
0.003016
0.0149223
0.0335036
0.0145025
0.000442265
-0.00274304
0.0938914
0.128431
0.108551
0.0275705
0.00381775
0.108279
-0.00195713
0.00473739
-0.00109202
0.0138366
0.00472122
-0.000445812
0.0466896
0.00920296
0.129563
0
0.0277203
-0.00203772
0.0179033
0.00918323
0.0103808
0.126869
0
0.000455205
0.0224893
0.0267448
-0.00287833
0.129263
0.129193
-0.000993047
0.0205117
-0.00202315
0.00189252
0.00487308
0.0130016
0.000107907
0.104373
0.0841824
0.0124205
0.119322
0.00362692
0.0159768
0.0109722
0.00274018
0.0303123
0.0010126
0.114369
0.0991059
0.0231397
0.00518133
0.0113516
0.0497394
0.102613
0.0398515
0.0550136
0.00348296
0.00209815
0.00335927
-0.0018144
-0.00194915
0.0309496
0.0178991
0.0613624
0.000327313
0
0.0621224
0.0184553
0.00428144
-0.00286257
-0.00015454
0.0274036
0.0976749
0.0149204
0.0141647
-0.00173666
0.0426508
0.0129555
-0.000824701
0.0168648
0.0157441
0.10834
0.118563
0.107127
0.0013608
0.00636466
0.00349263
0.0793008
0.108357
0.0194784
0.0313679
0.0156071
0.0282928
-0.000352922
0.00440975
0.0574956
0.0137664
0
-0.00164007
0.0582305
0.0132531
7.839e-05
0.013067
0.0397541
0.00314529
0.0147856
-0.00018228
0.0178863
-0.00300322
0.0127305
0.111037
0.00276537
-0.00326676
-0.00282501
0.0374057
-0.00256261
-0.00253029
0.0158292
0.0256694
0.0784699
0.03611
0.0694213
0.0611771
0.00375385
0.059419
0.0247161
-0.00144934
0.0124644
0.0129094
0.0375067
0.13129
-0.00272124
0.0221592
0.102036
0.120765
-0.000251935
0.0134367
0.015758
0.0152462
0.0184522
0.0257712
0.129536
0.0977157
0.0629296
0.0264443
0.116641
0.114042
0.0143824
0.0122622
-2.78331e-05
0.0147189
-0.0012967
0.00184429
0.0148085
-0.00324526
0.0133567
0.125654
0.0216819
0.049612
0.000288369
0.0661405
-0.00359445
0.0805805
-0.00305329
0.010771
0.0248408
0.0123785
0.0160065
0.00331741
-0.0014373
-0.0017447
0.0282248
0.0545463
-0.00354355
0.130788
0.129427
0.0160764
0.0611714
0.0142278
-0.000443035
0.025536
0.127312
-0.00128374
0.0210762
0.00273855
0.00849263
0.00694349
0.0102634
0.0155032
0.0154982
0.0146362
0.0166014
0.0354771
0.130928
0.044132
0.0744064
0.121613
0.0158412
0.0203893
0.0202522
-0.00407257
0.00677524
-0.00316989
0.0638662
-0.0021358
0.0509696
0.0915924
0.0642259
-0.003091
0.0153295
0.0141327
0.0240818
0.0266729
0.122182
0.0796765
0.0188941
0.0234788
0.121361
-0.00161066
-0.00163325
0.054989
0.0560272
0.0613859
0.0034873
0.0111257
0.0136486
0.0211528
0.00334314
0.0299283
0.0277366
0.0539517
0.0103807
0.00402217
0.00402903
-0.00299292
0.027327
-0.0016198
0.0150781
0.0154033
0.018352
0.00111388
0.00149157
0.0273046
0.110225
0.00234845
0.0329278
0.0424712
0.00288429
0.0203376
0.000886679
0.027211
0.00965454
-0.00208201
0.00420877
-0.00170485
0.0174883
0.00487607
0.00558666
-0.00254595
0.0578029
0.000249914
-0.00238853
0.00311093
0.00510622
0.00275993
0.0197067
0.0644144
0.0190486
0.00757066
0.00784823
0.00385785
-0.0018626
0.0296908
0.000243405
-0.00288171
0.0788845
0.120644
0.00473777
0.00419405
-0.00213973
0.128685
0.0310953
0.00215478
-0.00106478
-0.000490285
0.000454675
0.0118575
0.0150537
0.0140295
0.12251
0.0157223
0.042655
0.00408016
0.0149665
-0.00497266
0.0115804
0.0146863
0.0118971
0.0501183
0.0010344
-0.00289305
0.128919
0.00332969
-0.00202572
0.0644056
0.123675
0.00298384
-0.00235007
0.00720994
-0.00397404
0.0150353
0.00936192
0.0152539
0.00305203
-0.00519516
0.038536
0.0114199
0.0131337
-0.000505429
-0.00282903
0.0142434
0.0109311
0.0122247
0.000667219
0.072117
0.130511
0.129308
0.011323
0.0164613
0.0213492
0.0136856
0.0011235
0.0120874
0.116488
0.00338744
0.0108436
0.0119221
-0.00395003
0.0175967
0.0241798
0.0201707
0.0143541
0.0115429
0.0024819
0.00667443
0.0234918
-0.00150199
0.0208686
0.0147142
-0.000733558
-0.0025715
-0.00339371
0.00662255
0.0157152
0.00670768
-0.000747887
0.114961
0.0159012
0.0148571
0.0063355
0.001787
0.00323608
0.131295
0.00268887
0.017344
0.00652911
0.127492
-0.00241542
0.0204122
0.014878
0.0109811
0.0856541
0.0110276
0.0130101
0.00683991
0.131207
0.0875318
0.00500161
-0.00266529
0.00569652
0.00163358
0.0156998
0.00422946
0.0128216
0.00600981
0.121542
0.00374371
0.0155815
0.0106075
0.0614006
-0.00244574
0.0640426
0.0123139
0.0029098
0.0143416
-0.000265069
0.123634
0.01444
-0.0028136
0.0138996
-0.00288528
-0.00360559
-0.00265261
0.0125037
0.00542842
0.0157442
0.015357
0.0139137
0.0127733
0.0170749
0.0126647
-0.00383635
0.015833
0.00871067
0.128574
0.000792989
0.00361478
0.000836576
0.00358365
0.0053882
0.0613219
0.0405156
0.00805532
-0.00231226
0.00254489
0.019661
0.0114093
0.04159
0.0232831
0.131102
0.0123114
0.0175336
0.00561518
0.125404
-0.0028927
0.120184
0.124021
-0.00273675
0.0623297
0.0150009
0.00241087
0.0051343
0.00916525
0.0112131
-0.00283976
0.0125318
0.00877848
0.0448176
0.0190967
0.126491
0.0133209
0.0072475
0.0120823
0.0152517
0.00284605
0.0265161
0.000362327
0.0172316
0.00490432
0.0135534
0.0146301
0.0514985
0.0170392
0.0286513
0.0155226
0.0414296
0.125299
0.0200993
0.0117444
0.0172753
0.0141059
0.0157068
0.0140224
0.0949063
0.0149519
-0.00095072
0.0147245
0.0115875
0.0152699
0.0147003
0.0980689
0.00452619
0.0131599
-0.00267462
0.0961032
0.0147993
0.0127473
0.0172877
0.00834152
0.0133373
0.0156285
0.0151913
0.0131493
-0.00208109
0.00542557
0.0124839
0.00246463
0.00876463
0.0138079
0.0407952
-0.00305894
0.00808401
0.0614579
0.0154662
0.008628
0.0145466
0.00508512
0.0206489
0.0156734
0.0118647
0.0144643
0.0140561
0.0114791
0.000151012
0.0256578
0.0163792
0.0206531
0.00478473
0.0121653
0.00504904
0.00736155
0.01961
0.122758
-0.000336242
0.0138862
0.0235207
0.000145139
0.0151995
-0.00238912
0.124374
0.015515
0.0127637
0.0146523
0.00305505
0.00529992
0.00440354
0.00110808
0.00760818
0.0990424
0.12923
0.0120192
0.00262902
0.129227
-0.00264089
0.0150444
0.015612
0.0151899
0.0150676
0.116416
0.0140618
0.12752
0.0139891
0.107921
0.0145215
0.128784
0.00894504
0.0266939
0.119726
0.00669922
0.0148271
0.123042
0.0114461
0.125221
0.0790282
0.0162616
0.0152195
0.120737
0.129266
0.125861
0.0102952
0.125926
0.0204211
0.00294299
0.0136747
0.128721
0.0153323
0.0845651
0.128021
0.0136567
0.0106363
0.0228889
0.0180797
0.00317383
0.00726446
0.0102754
0.000738007
0.0145938
0.0269424
0.0149302
0.00187994
0.000795991
0.0146768
0.111606
0.0135732
0.0110105
0.016812
0.00405204
0.0132172
0.013076
0.0146684
-0.00353207
0.00267952
0.0163663
0.126789
0.0147495
0.12526
0.0273213
0.0164738
0.0888108
0.0156961
0.0625839
0.0222642
0.0131429
0.00937139
0.0143598
0.0147972
0.00675475
0.0103104
0.0153381
0.0161629
0.00414014
0.0200016
0.0132691
0.00603694
0.016681
0.0645059
0.0199754
0.00853758
-0.00329694
0.0154378
0.110336
0.00789517
0.0148812
0.00369246
0.0105779
0.000848232
0.00566155
0.12572
0.130001
0.00760809
0.126058
0.0156936
0.0135556
0.0065328
0.00657462
-0.000566006
0.0139722
0.0046261
0.00432475
0.0152154
0.126754
0.015571
0.0153459
0.0249287
0.00401877
0.094667
0.0152077
0.00441513
0.00950291
0.00147237
0.0208599
0.0133442
0.0125601
0.0061681
0.0126
0.0273682
0.117575
0.00669037
0.013473
0.00779446
0.128088
0.0134603
0.0163415
0.0044466
0.00540359
0.00991238
0.00601508
0.127867
0.0143865
-0.00230259
0.0114959
0.00501094
0.0642874
0.0136495
0.122533
0.00940199
0.0137546
0.0154388
0.0155575
0.0112799
0.0109259
0.0106357
0.00607527
0.003104
0.010852
0.00935762
0.00852924
0.0089185
0.0119647
0.112446
0.00623368
0.0205244
0.122504
0.00727341
0.00736306
0.0185279
0.0524181
0.129512
0.00361898
0.0124117
0.0144537
0.0148397
0.00169951
-0.000390953
0.0383067
0.00765692
0.0986179
0.000951235
0.129661
0.00745439
0.063147
0.0645377
0.00789164
0.0108412
0.0253961
0.0823965
0.0120834
0.00157248
0.0100632
0.00475964
0.0144353
0.100645
0.0119808
0.0134809
0.0147779
0.00639436
0.0106429
0.12802
0.0154979
0.00583842
0.064732
0.0043874
0.0113936
0.00507592
0.0156185
0.100141
0.0143559
0.125332
-0.00347465
0.0178014
0.0646084
0.130429
0.0130566
0.0361949
0.00611794
0.128042
0.00674757
0.00644528
0.00475788
0.0156769
-0.00598889
-0.000705678
0.00316722
0.00512845
0.0127251
0.0191335
0.00947235
0.0258442
0.0137439
0.131012
0.013983
0.0137993
0.0146628
0.100117
0.0273892
0.130053
0.0155385
0.014161
0.00326901
0.0122975
0.0615171
0.00675691
0.015684
0.0156619
0.00726902
0.100593
0.00651845
0.0158443
0.118086
0.00781179
0.0118862
0.115098
0.00872801
0.00515039
0.129873
0.0132642
0.0129583
0.0112058
0.0141049
0.0137405
0.00374276
0.0223413
-0.00252644
-0.000329392
0.0145442
0.0195454
0.130896
0.122267
0.0157621
0.00239421
0.00297498
0.0133931
0.0110586
0.00039842
-0.000458682
0.0144933
0.021612
0.0146521
0.0119262
0.0139265
0.00268727
0.0963918
0.0167094
0.00510398
0.015746
0.010763
0.00931499
0.0190255
0.00548397
0.0191969
0.0174189
0.00243371
-0.000739433
0.0272508
0.0156392
0.0523566
0.00247712
0
0.0151039
-0.00156255
0.00498349
0.00551282
-0.00285524
0.00263445
0.107719
0.0109676
-0.00561422
0
0.0373312
0.015725
0.0122089
0.00523447
0.0109828
0.0646498
0.00439487
-0.00280697
0.0138515
0.0203898
0.00298941
0.0022811
0.0103771
-0.000481891
0.0192939
0.129526
0.0164699
0.130047
-0.000591541
0.010274
-0.00553075
0.0770725
0.0156129
0.000648203
0.0067187
0.0145755
0.0273147
0.00995036
0.0717864
0.0139793
0.0122894
0.00486719
-0.00037057
0.0195337
0.0119815
0.00438826
-0.00391846
0.0175289
0.126027
0.0111899
0.00278132
0.130148
0.000673155
0.0145831
0.00664473
0.00547552
0.110061
0.00740694
0.0145055
0.0178845
-0.00671622
-0.000372292
0.0199054
0.0135935
0.0259939
0.00318987
0.0128
0.00393695
0.0939708
0.00333579
0.019013
-0.00271028
0.0188992
0.0580458
0.01043
0.115776
0.129754
0.0157854
0.00955184
0.111071
0.082122
0.00289653
0.0136116
0.0132726
0.000632391
0.00725773
0.0120311
0.00325231
0.0115279
0.0488877
-0.00119435
-0.00353521
0.000813947
0.00536251
0.00760929
0.0459242
-0.00382481
0.0168274
0.0121255
0.0130678
0.0302617
-0.00385213
-0.0035317
0.0197228
0.0113112
0.0259943
0.011228
0.130889
0.015813
0.0196312
0.000568724
0.000790889
-0.00666785
-0.000603168
0.0307542
-0.00401258
-0.00399954
0.0283024
0.0155003
0.0148046
0.0023976
0.00520295
0.00946504
0.015472
0.0564898
0.014242
-0.00259289
0.0269605
-0.00608973
0.0218863
0.10523
0.00250203
0.00884772
0.0186951
0.0118105
0.0131128
0.00986573
0.0155875
0.0210107
0.0110874
0.0021451
0.0370738
0.0492062
0.0642741
0.0113197
0.00979253
0.0105717
0.00334601
0.129835
0.0140082
0.131325
-0.00148075
0.00368922
-0.00384055
-0.00415209
0.0876451
0.0123129
0.0029554
0.00920049
0.00211597
0
0.0952847
0.0578906
0.0153334
0.129762
0.00902632
0.130087
0.114442
0.00916968
0.00772123
0.00158053
0.00369523
0.00599575
0.0390367
0.0162002
0.00450814
0.00577506
0.0205601
0.130208
0.0137372
-0.00227333
0.0111094
0.0101298
0.0192782
6.80025e-05
0.00865122
0.128959
0.0568225
0.057142
-0.000666505
0.0198718
0.00834141
0.0277871
0.0516564
-0.0026667
-0.00370648
0.0212566
0.00612528
-0.00603062
0.000856724
0.0046101
0.00467778
0.0106744
0.0913272
-0.000831472
0.0132167
0.0122278
0.00449347
0.01268
0.0113508
0.00673312
0.0589555
0.018193
0.00607191
0.0114648
0.105523
-0.00196094
0.0272754
0.00416953
0.064187
0.00193237
0.00624961
0.0682992
0.015735
0.00400426
0.000955157
0.00756514
0.0124509
0.000230428
0.0645149
0.00208449
0.0150134
0.128768
0.00521956
0.037269
0.00564846
0.0139184
0.0141922
0.0812372
0.102562
-0.0041609
0.00636908
0.0244759
-0.000345412
0.00400208
0.00586506
0.113206
0.0776438
0.0154443
0.131166
-0.000130388
0.0218814
-0.00161611
0.00271752
0.0116713
0.0133213
0.0902685
0.0151065
-0.000651159
0.0733399
0.0199695
0.0131234
0.00202509
0.00982167
0.0230004
0.0283694
0.088346
0.00365843
0.0211586
0.00694615
0.0382633
0.00597364
0.000495861
0.00569278
0.00318808
0.129994
0.0454425
0.000545247
0.0046284
0.00317961
0.00121109
0.0323414
0.0426352
0.0262121
0.130604
0.00539036
-0.00371862
0.064239
0.117897
0.126409
0.0082836
0.0165114
0.0114296
0.0155874
0.0954653
-0.00158251
0.0186209
0.0144069
0.0741701
0.028433
0.00478677
0.011871
0.0140071
-0.000510415
0.0734691
-0.00139917
0.0045809
-0.000372767
-0.0040313
0.0230082
0.130958
0.00703097
0.064343
0.0288088
-0.00403699
-0.00384532
0.103311
-0.00644926
0.130031
0.0157756
-0.00394096
0.0629463
0.0151225
0.130964
0.112077
-0.00387061
-0.00196336
0.0211299
-0.00252861
-0.00581153
-0.00285965
0.00905885
-0.000832029
0.0261161
0.0256031
0.128109
-0.00409346
0.130854
0.0352972
0.091145
0.00921628
0.0179208
0.0329392
-0.00493529
0.0179708
0.0155695
0.00474823
0.0145373
0.0535149
-0.00389348
0.00358657
-0.00392079
-0.00386757
0.0707128
-0.00176125
0.125959
0.130274
0.0269585
0.00354705
0.0184572
0.00521454
0.000953104
0.0145374
0.0154323
0.0123132
0.0163383
0.0256679
0.00225864
0.0302941
0.0970975
0.124852
0.0110274
0.0113209
0.00344566
0.0264396
0.0935637
-0.00458959
0.0279383
0.0202982
0.0153599
0.0129745
-0.000857781
0.0619405
0.111379
0.0120994
0.0156903
0.0144613
0.00837569
0.128999
0.128966
0.0615371
0.00131109
0.0237377
0.129655
0.013499
0.0122761
-0.00382421
0.130007
0.0177402
0.0226088
0.0254579
0.027264
0.0158047
0.0350186
0.118585
0.00197692
0.0569232
0.0104947
0.094198
-0.00408738
0.01568
0.00499287
0.0173261
0.000667418
0.0274005
0.0289821
0.129993
-0.00506862
0.130564
0.00574798
-0.00675196
0.000775915
0.120939
0.00173886
0.00511979
0.105058
0.00080099
0.13084
0.00600118
0.129504
0.121285
0.128803
0.119698
0.00714983
-0.00222658
0.0155108
-0.00182266
-0.00171019
-0.00597286
0.0566971
0.00162861
-0.00444856
0.028727
0.0213682
0.0663573
-0.000455348
0.000970548
0.00337306
0.0145993
0.027484
0.103588
0.00462356
0.0192777
0.00302522
0.015531
0.122958
0.0654619
0.0527244
0.114719
0.00731096
0.00265582
0.0331439
0.0328705
0.0335994
0.0100567
0.0498143
0.00642958
0.0619301
-0.00577751
0.00507399
0.0261433
0.0275591
0.0272954
0.0104618
0.0269385
0.000885087
0.00687998
0.0137654
0.0264315
0.0138167
-0.00220788
0.0223248
0.0142612
0.00657183
0.0203527
0.00860079
0.013586
0.0827508
0.00483092
-0.00403234
0.0314461
0.0109094
0.0579233
0.0019616
0.00209424
0.0406292
0.0800636
0.00188489
0.0156834
0.00676902
0.0067613
-0.00134011
0.00451166
0.0155196
0.130819
0.0588387
0.0755597
0.0148182
0.0177222
0.0613238
-0.00194008
0.00881059
0.0807257
0.00416571
0.125216
0.00597981
0.0110315
0.00407025
0.00789652
0.0422698
0.0123551
0.020602
0.0137623
0.00810496
0.00425739
0.00372324
0.00994484
0.0621843
0.00700953
0.022122
0.0156061
0.0169675
-0.00240676
0.0611164
0.00882996
0.0146804
0.000490947
0.0679937
0.0077868
0.0468821
0.00394187
0.000675311
0.109392
0.0808817
0.0156474
0.0493025
0.0668917
0.0140251
0.0268603
0.00223585
0.0272182
0.101955
0.0420614
0.0158261
0.015239
0.00638675
0.00524817
0.0136808
0.000223753
0.0203107
0.0142895
0.0171186
0.00174305
0.0306988
0.0138702
0.015097
0.0186066
-0.00388467
0.00579063
0.0164891
0.000775361
0.00800653
-0.00410729
-0.00201819
0.00422435
0.0190489
0.107645
-0.00220353
0.0292434
0.00110638
0.014001
0.0153858
0.0867865
-0.00389623
0.0565292
0.00495994
-0.00398887
0.0378016
0.00590024
0.00913605
0.0533876
0.00547173
0.0274145
0.000521025
0.00893725
0.00873094
0.0156759
0.00813404
0.047949
-0.00382852
0.0105335
0.083684
0.0241817
0.0181334
0.00325555
-0.00248828
-0.00531135
0.130949
1e-307
0.0157508
0.00211065
0.022238
0.00624581
0.0255291
0.121765
0.12507
0.0153268
0.109657
-0.00109511
0.0641017
0.0329478
0.0471531
0.0752257
-0.00258675
0.0845179
0.0229124
0.00266085
-0.00343851
0.0169521
0.024287
0.00288266
-0.0039819
0.00913382
-0.00584894
-0.000797744
0.00438695
-0.00616408
0.00343169
0.0825687
-0.00529871
0.00962569
0.00268337
0.00588944
0.00989147
0.0116868
0.00797317
0.00524004
0.0155159
0.0138769
0.00163818
0.114845
0.125894
0.0252103
-0.00439947
0.0157322
-0.0018645
0.000831538
0.0516854
0.0247154
0.0275835
-0.00262067
-0.0012611
0.00114693
0.119154
0.0426783
0.0128153
0.00424867
0.0496677
-0.000401149
-0.00214387
0.0247695
0.0124727
-0.00108693
0.00098109
0.0115004
0.124101
0.0574793
0.117484
0.0254766
-0.00345187
0.00111626
0.0592767
0.0632752
0.0975655
0.00175621
0.0116029
0.113368
0.0191628
0.00713857
0.104583
0.0986375
0.0156467
0.0157717
0.0121526
0.100982
0.106135
0.0104772
0.0642102
0.0084051
0.0157565
0.0084449
0.0141476
0.0143276
0.0075257
0.0142089
-0.00221536
0.102742
0.0155894
0.100383
-0.00174675
0.0159833
0.0665607
0.0130848
0.0119064
0.00253924
0.131183
-0.00372868
0.108389
0.00384965
-0.00039906
0.0138976
0.0315052
0.00335116
0.00150205
0.0164958
0.0573495
0.00701713
0.014237
0.000738901
0.128275
0.0238868
-0.000204367
0.0199469
0.00622868
0.129989
0.0330292
0.121321
0.0145768
0.0108688
0.00236047
0.00706868
0.0959561
0.117877
0.0148762
0.0273724
0.0298345
0.0270406
0.0142974
0.00638071
0.00169519
0.00994693
0.119769
0.0926647
0.00300616
0.0108331
0.0110349
-0.00128467
0
-0.00383342
0.00488581
-0.0013767
0.127137
0.11047
0.000343275
0.11686
0.0362392
0.027868
-0.00135947
0.0156823
0.00947693
0.00911719
0.00280274
0.00460397
0.00541073
0.00821939
0.000131205
0.0203384
0.0140713
0.0211777
0.0238809
0.0206205
0.032001
-0.00431017
0.00199002
0.00141829
0.127066
-5.54469e-05
0.0051229
-0.0056945
0.00494187
0.0934103
0.00121203
0.00671761
0.115336
0.0714487
0.0256177
0.0215832
0.093674
0.122827
0.00310088
0
0.130653
0.0904824
0.125449
0.111153
0.0121944
0.0158312
0.108939
0.121862
0.0468563
0.123644
0.0131094
0.00173071
0.0122489
0.00979042
-0.00352948
0.130395
0.0155553
0.0216468
0.0127228
0.024144
0.0613447
0.0439558
0.130377
0.0123185
0.0152393
0.00525878
0.122954
0.0172625
0.0922666
0.00372199
0.018371
0.130692
0.0492282
0.126742
0.0613924
0.0618036
0.0120209
0.0137735
0.0100043
0.0253789
0.0272335
0.0983939
0.0272519
0.067296
0.0853507
0.00337571
0.0018808
0.00538168
0.0645078
0.00655276
0.000208509
0.0124398
0.0127851
0.0103716
0.00411665
0.00424451
0.0642229
0.000712789
0.00615371
0.00591873
0.0551188
0.0157759
0.0171247
0.106898
0.130512
0.0249571
0.00153304
0.00746979
0.00752103
0.0611395
0.0146599
0.0058145
0.131103
0.00103473
0.0281623
0.0264652
0.0136108
0.125003
0.00627493
0.0694934
0.0361767
0.0140055
0.032317
0.0573285
0.0828743
0.0645036
0.0275799
0.0614002
0.114435
0.0122739
0.0273383
0.074418
0.130719
0.00357251
0.0612952
0.0134865
0.0539066
0.0468877
0.0216338
0.129321
0.0641965
0.0636724
0.00577823
0.0380203
0.0111365
0.0393648
0.00248544
0.0259959
0.0270485
0.00282381
0.00447804
0.026267
0.0898562
0.0553257
0.000519957
0.0203981
0.0872997
0.0199046
0.0215041
0.00884178
0.0148411
0.00428099
0.0271306
0.104587
-0.00435356
0.0254396
0.0273732
0.017962
0.00797336
-0.00133247
0.00339107
0.00229615
0.0277392
0.00792894
-0.000719022
0.00074941
0.0136576
0.0266108
0.0815892
0.002034
0.0632253
0.0739389
0.00978937
0.0267466
0.0107241
0.000754025
0.0186174
0.000882547
0.0101042
0.0144498
-0.00370979
0.0584544
0.0237049
0.0487058
0.0157866
0.00097317
0.00993161
0.0642248
0.0226643
0.0125871
0.00679343
0.0176071
0.0126043
0.0281991
0.0270783
0.130494
0.0129394
0.018094
-0.00197806
0.0343353
0.0480385
0.0487806
0.00587443
0.00371337
0.0144488
0.0120971
0.00142228
0.0996933
0.0145045
0.10272
0.00375403
0.0313855
-0.00170143
0.00206311
0.00458432
0.0151484
0.0247102
0.012128
0.0115513
0.00395064
-0.00230463
0.0015207
0.0326941
0.130604
0.00415227
0.00745784
0.0326875
0.0964968
0.0647209
0.00954214
0.0265773
0.0565605
0.0234771
0.0730437
0.0433593
0.0612612
0.0534883
0.0138868
0.00912575
0.0106285
0.0288223
0.00563953
  </DataArray>
  <DataArray type = "Float64" Name="UneFonction" format="ascii">
0
0
0
0
0
0
0
0
0.0156923
0.000289731
0
0
0.0238279
0
0.0181537
0
0
0.00113601
0
0.00748898
0
0.064401
0
0
0
0
0
0
0
0.0160872
0.00247322
0
0
0
0
0
0.226979
0
0
0
0.0108697
0
0
0.00375552
0.0127037
0.304113
0.000145046
0
0
0
0.0102114
0.0107203
0
0.0164579
0.0153976
0
0.00886172
0.0295642
0.0105229
0
0
0
0.0870663
5.04787e-05
0
0.00971423
0
0.0110004
0.0159288
0
0.00451707
0
0.000659798
0.00133072
0
0
0
0.00961234
0
0
0
3.66566e-05
0
0
0.00912245
0
0.00223884
0
0.000175047
0
0.0109551
0.068744
0
0.0024813
0
0
0.0371616
0
0.0111429
0.00703982
0.0015262
0
0.0109672
0
0.00934399
0
0.00766455
0
0.0323389
0
0
0.00801961
0.00722296
0
0.0192915
0
0.00669718
0.0102494
0.013961
0
0
0.0125202
0.00823405
0
0.0119168
0.00311074
0.00275483
0.000159135
0
0.00204148
0.000274003
0
0.0386934
0
0.00949468
0.000550429
0
0
0.0025855
0
0
0
0
0.00067151
0.00218319
0
0.0253953
0
0.0506042
0
0.000483504
0.00969015
0.193351
0
0.00245365
0
0.00283034
0
0.0175842
0.00485622
0
0.108496
0
0
0
0
8.70197e-06
0.00129703
4.21789e-05
0.0207448
0.00666974
0
0
0
0
0.0165844
0.00162091
0
0
0
0.0056661
0.00546677
0.000843698
0.162297
0.0080837
0
0.00662868
0
0
0.00618248
0.00756345
0
0.0363644
0.00731661
0.0111579
0.014449
0.0105166
0.0031434
0.00290931
0.013736
0
0
0
0
0.00755191
0.0015829
0.0323419
0
0
0.0331307
0
0.00487404
0.00247861
0
0.00653322
0
0.0182418
0
0.00874973
5.94523e-06
0.000922923
0
0
0
0.0199763
0.0156659
0
0.00800324
0.000342716
3.34168e-05
0.000971035
0.0201621
0
0.011459
3.09359e-05
0.00915613
0
0
0
0.00515032
0.010737
0.000339347
0.00328405
0.00449586
0
0.0139579
0
7.43047e-05
3.96206e-05
0.00542463
0
0
0.00250045
0
0.012157
0.0309655
0.00757759
0.0117498
0
0
0
0.00117124
0
0
0.0217223
0
0
0.000497337
0
0
0
0
0.00322579
0
0
0
0.00229368
0
0.0248332
0
2.91619e-05
0.0139529
0.00190888
0.000166056
0.00147314
2.10452e-05
0
0.00151851
0.0102187
0.00276118
0.00320715
0.00828239
0
0.0304566
0.0129518
0.00930759
0
0.0226874
0.000329318
0
0.0115419
0.00356566
0.0074205
3.15232e-05
0.0113806
0.0672233
0.0469044
0.0132396
0.0362159
5.23669e-05
0.0201928
0.00169385
0.000143971
0.0136848
0.0101456
0.0400239
5.63753e-05
0.000328776
0
0.00860481
0.0146488
0
0.0520513
0.000328826
0.00376838
2.45903e-05
0.00185793
0.000836803
0
0.0113842
0.000203919
2.44314e-05
0
0.016881
0.0261905
0
0
7.0178e-05
0.00655326
0
0
0
0
0
0
0
0
0
0
0
0
0
0
0
0
0
0
0
0
0
0
0
0
0
0
0
0
0
0
0
0
0
0
0
0
0
0
0
0
0
0
0
0
0
0
0
0
0
0
0
0
0
0
0
0
0
0
0
0
0
0
0
0
0
0
0
0
0
0
0
0
0
0
0
0
0
0
0
0
0
0
0
0
0
0
0
0
0
0
0
0
0
0
0
0
0
0
0
0
0
0
0
0
0
0
0
0
0
0
0
0
0
0
0
0
0
0
0
0
0
0
0
0
0
0
0
0
0
0
0
0
0
0
0
0
0
0
0
0
0
0
0
0
0
0
0
0
0
0
0
0
0
0
0
0
0
0
0
0
0
0
0
0
0
0
0
0
0
0
0
0
0
0
0
0
0
0
0
0
0
0
0
0
0
0
0
0
0
0
0
0
0
0
0
0
0
0
0
0
0
0
0
0
0
0
0
0
0
0
0
0
0
0
0
0
0
0
0
0
0
0
0
0
0
0
0
0
0
0
0
0
0
0
0
0
0
0
0
0
0
0
0
0
0
0
0
0
0
0
0
0
0
0
0
0
0
0
0
0
0
0
0
0
0
0
0
0
0
0
0
0
0
0
0
0
0
0
0
0
0
0
0
0
0
0
0
0
0
0
0
0
0
0
0
0
0
0
0
0
0
0
0
0
0
0
0
0
0
0
0
0
0
0
0.00632527
5.78039e-06
0.000964851
0
0
0.0170761
0.00180639
0.0143396
0.00923145
0.0235019
9.93129e-05
0.0673707
0
0.0300847
0.00210724
0.022309
0.000278647
0.000335554
9.98508e-05
0.00334026
0
5.68809e-05
0
0.000865496
0.0152214
0.000381191
0
5.68539e-05
0.00765081
0.0647559
9.09902e-05
0.00147577
0.0183806
0.000134632
0.1023
0.00209772
0
0.000128209
0.263308
0.00359772
0.113414
0.0419437
0
0.00567251
0.00135376
0
0.0255045
0.000362307
0.00146222
0
0
0.000509801
0.0216924
0
0.000113573
0.00739305
0.0369394
0.00046998
0.00194014
0.0106794
0.154269
0.000560265
0.000207923
0.000127358
0.000104877
0.00205658
7.55681e-06
0
1.58855e-05
0.00023617
0.00217791
0.00635968
0
0
0.00501963
0
0.000680969
0.000120543
0
0.0011311
0.00679478
0.0307705
0.000808264
0.010615
2.97681e-05
0.0411624
0.0345624
0.00582727
3.16408e-05
0.000947757
0.00032999
0.000694214
0.00707826
0
0.000504144
0.00189539
0.048189
0.000761325
0.368257
7.69169e-05
0.001555
0.00474881
0.138125
0.00688478
0.00719697
0.026708
0
0.0263062
0.00381091
0.0295968
0.0524496
0.000110815
0.000549799
8.36792e-05
0.000168378
0.0208391
0.000153116
1.52789e-05
4.12929e-05
0
0.00116491
7.08596e-05
0.00254342
1.35406e-05
0
3.9271e-05
0
4.64861e-05
0.00543881
0.062114
1.20252e-05
0
0.000244775
0.0507232
0.00699863
0.0749126
0.0180214
0.00106988
0
0.000252992
0.0172249
2.56628e-05
0.000477882
0.0182329
0.00862483
0.00114857
0.00626661
0.00811392
0.0151445
0.0916556
0.000656534
0.047623
0.0173898
0.000253125
0.00439878
0.00785909
0
0
0.00142539
2.57819e-05
0
0.0270558
0.000108375
0.000657631
0.00235541
0.0052774
0.0100591
6.95963e-05
0.000979061
0.00221137
0
0.000837268
2.35627e-05
0.000128917
0.0109594
0
0.00828481
0.000164334
0.000470936
0.000119354
3.29895e-05
0.00605182
0.0161857
0.002048
0.00485607
0.00444569
0.189998
0.00462848
6.46497e-05
0.00437612
2.63711e-05
0.000142542
0.00114717
3.25942e-05
0.0369274
0.000416736
2.47881e-05
0.0184194
0
0.00429638
0.281684
0.0346834
5.13345e-05
6.68895e-05
0.000552313
0.00648051
0.012172
0.00159628
0.00122942
0
0.00053036
0
0.00496663
0
4.00563e-06
0.000785215
0.00021524
0.0136265
0.0204668
0.0279891
0.000551342
0.000957632
0
0.00214221
0.0466288
0.00108935
0.00380948
4.99123e-05
0.0101414
0.00943626
0.0196864
0
0.00199667
0.000882564
0.0120694
0.0003341
0.000378909
6.97946e-05
0.000221161
0.0372175
7.56964e-05
0.197981
0.000595399
0
0.022022
0.00939189
0.0060083
0
0.00352041
0.000320004
0
0.0605989
0.0021189
0
0.0116488
5.1642e-05
0.000228509
5.32176e-05
0.0133087
1.28302e-05
0.00498026
0
0.000736524
0.000599066
3.03425e-05
0.000466726
0.0126132
0.000622084
0.025111
0.00392925
0.0124467
0.0937171
0.000329413
0.0150806
2.446e-05
0
0.000383898
0.0010679
0.00358184
9.97154e-06
0.00240255
0.197023
0.00694688
0.00402047
0.00727168
9.78839e-05
0.103527
0
0.00252642
0
0.0229264
0
0.0130637
0
7.43049e-05
0.0822748
3.23492e-05
0.00580096
0.00376201
0.00241849
0.0119901
0
2.56671e-05
0.0243878
0.0074075
0.00182582
0
0.184895
0.00121147
0.241626
0.000220948
0.00482867
0.0370954
0.000575794
3.72263e-05
0
0.0301623
0.00419142
0.00915801
3.38326e-05
0.0203606
0.000141266
0
0.000187785
0.00560576
0.00974069
0
0.0220017
0.0595
0.00292547
0.0067993
0.000240755
0.00160705
0.00320383
0.0418171
0.00119986
0.00211418
5.33171e-05
0.00150016
0.0105389
0.00265551
0.00217498
0.0011998
0
0.0152538
0.00661981
4.5997e-05
0.00197427
5.4581e-05
0.000330011
0.00703278
0.000353714
0.00989656
0.00112438
0.00176947
0.00538023
0.0743737
0.000170471
0.0710697
0.000393384
0
0.00260849
3.64031e-05
0.00113147
0.0168351
0.269372
0.0321021
0.0894877
0.250208
0.00521805
0.02698
0.0202133
0.00658119
0.00215314
0.000263561
0.00107633
0.0412003
0.000409967
0.00455397
0.00151576
0.0386822
0.00164191
0.0157857
0.0103007
0
0
0.00501634
8.98201e-05
0
0.000110909
0.000116983
0.00598499
0.000467156
0
0.0264104
0.0113774
0.000547665
0.00864961
0.000105291
0.00045397
0.00585975
8.67905e-05
0.00686638
0.09611
0.000668354
0.000445323
0.0185827
0.00292556
1.88604e-05
0.00814324
0.0039071
0.0843044
0.010647
0.00290311
0.001231
0.00743962
0.0105033
0.0104889
0.0163427
0.00122568
0.00120837
0.00131848
0.00528706
0.0279035
0.00433162
0.0105573
0.00159038
0.0750896
0.00787827
0.000161739
0.0399962
0.00525689
0.000707806
0.0512705
0.0471362
0.00496861
0.000381939
0.000593168
0.0019714
0.0378738
0.0137867
0.00724293
0.0524546
0.121525
0.00212461
0.000200545
0.00317084
0
0.00660968
0
0.00746377
0.00162691
0.0271271
0.159024
0.0286972
0.000803324
0.0034667
0.193982
0.00334723
0.0022641
0.000119991
0.0269357
0.0104739
0.000714306
0.0130564
0.0343219
0.00860555
0.0134966
0.00218901
0.000473765
0.00139647
0.0242977
0
0.000213595
0.00450026
1.20306e-05
0.00177415
0.0403563
0.10884
0.000659241
0.00588485
0.00916443
5.34307e-06
0.0390343
0.000390443
0.000759061
0
0.000305891
0.0163323
0.000320823
0.0032703
0.0209408
0.0215416
0.00744379
0.215167
0.123062
0
0.209827
0.00809511
0.164013
0.00373602
0
0
0.00208115
0.00189868
0.0122794
0.081129
6.85797e-05
0.010239
0.102019
0.00957187
0
0.0192065
0.0397866
0.000100741
0.0134056
0.00122695
0
0.000441399
0.00130698
0.00771769
0.00463057
0.0129741
2.26037e-05
0.0012123
0.000748358
0.0328076
0.00162899
0.00780838
0.000850873
6.41889e-05
0.021084
0
0.0250144
0.035809
0.00540154
0.00427512
0.0973444
0.00093715
0.0018536
0.00548689
2.54594e-05
0.037371
0.110583
0.0103898
0.03631
0.000337125
0.00790161
0.0384076
0.0242649
0.00614106
0.000346269
0
0.00683757
0.000506824
0.00373947
0.00935211
1.49021e-05
0.0226821
0.000368081
0.00125119
0.0496525
0.0139784
0.00760169
0.000495253
0.000579697
0.000899131
0.00955384
0.00593302
0
0.316615
0.000445544
0
8.45488e-05
0.183435
0.00970435
0
1.80674e-05
0.00296601
0.0103287
0.0101643
0.000839605
0.0150962
0.245888
0.241956
0.00249708
0.000646768
0.000191363
0
0.000791017
0.00120164
0.00098056
0.0148903
7.71889e-05
0
0.00106496
0.000817455
0.013715
9.66712e-05
4.60112e-05
0.181784
0.00463694
0.0444178
0.0600586
0
0.000374951
0.00747032
0.00246769
4.1692e-05
0
0
0.000116608
0
0.018557
0.00176489
0.00197537
0.00759843
0.0276358
0.0111375
0.00588861
0
8.66692e-05
0.00672445
0.00138881
0.000686382
0
0.00231024
0.00277953
0.0292615
0.00495129
0.000803103
0.00378557
0.0172362
0
0.0922462
3.7613e-05
0.0233181
0.198557
0.0410537
0.135705
0.0008428
0
0.000180696
0
0.000481021
0
0.000449483
0.0218909
0.00732558
0.00209703
0
0.00692042
0.00170312
0.00102009
1.65741e-05
9.85432e-05
0.0394641
0.00454413
0.00279499
0.00317483
0.000363655
0.000753159
0.107446
0
0.00940655
3.82093e-05
0.006949
0.141774
0.000839005
0.0205434
0
0.254671
2.90182e-05
0.0172278
0.00136776
0.00159462
0.0170081
0
0.00372046
0.0151976
0.0108901
0.00233531
0
0.00577701
0.000657742
0.00194141
0.000226385
0.00359622
0
0.000115159
0.0203809
0.00454696
0.000797622
0.0157605
0.00641513
0.0246539
0
0
0.00902766
0.0302288
7.73429e-05
0.00203115
0
0.00175462
0.0072168
0.0445056
0.0205618
0.000758977
0.0215671
0.0189384
6.47612e-05
1.44811e-05
8.02783e-05
0.00376099
0.00483546
0.0150694
0.000101745
0.00233883
0.013943
0
0.000420252
0.000105387
0.00138647
0.0101639
0
0.000225013
0.00995809
2.60217e-05
0.00292444
0.0072551
0.00266802
0.223855
0
0
0.261239
0.0153249
0.0368411
0.000904504
0.0210341
0.0112409
0.000222479
5.56157e-05
0.105944
3.15029e-05
0
0
0.19139
0
0.0169586
0
4.68106e-05
0.0346593
0
0.00318734
0.0816229
0.000218011
0.000606462
0.0024189
0.00211776
0.000219589
0.000525095
0.000433335
0.00171222
0
0.00568283
0.00057469
0.0296759
0
0
0
0.0123166
0.00149018
0.00110737
0.000412598
0.00347249
8.52562e-05
0.0185877
8.63715e-05
0.00184585
0.0112546
0.0212082
0.0010158
0.000778612
0
0
0.00073872
0.18394
0.21419
0.00150434
0
1.74412e-05
0.000597254
0.000109399
0.0156709
0.000566391
0.00238865
0.000460116
0
0.0233
0.00178019
0.000902027
0
0.00238104
0.00544711
0.00992662
0.0338402
0.00331588
0.0513196
0
0.0131396
0.00508393
0.00281154
0.0429143
0.000839187
0
0.00406039
0.00155453
0.0190455
0.000475388
1.52083e-05
0
0.0106226
0.0110877
0.000149028
0.0116866
8.55892e-05
0.000226117
0.000214374
6.60054e-05
0.000148396
3.18294e-06
0.00196405
0.0159975
0.00120135
0.00504587
0
0
7.48759e-05
6.57902e-05
0
0
0.000464555
0
0.00744679
0.00217939
0.0264115
0.0314374
0.000534369
0.00675821
0.00263633
0.00213438
0.000369676
0
0.00104657
0.287366
8.47216e-05
0.00346582
0.285655
0.00129501
0.00577509
0.0100056
0
0.00607242
0.044563
0
0.00284893
0.0028767
0.00160881
6.05147e-05
0.00799977
0.00345529
0.000432162
0.000230457
0.00162666
0.000861233
0.0105383
0.000176903
0.212352
0.0123563
0.00191358
0.00501875
0.000308532
0.0177692
0
0.00510585
0.00563678
0.00277617
0.0148618
0
0.00522286
0.000204658
0.00492384
0.00115402
0.137693
0.0335173
0.0142852
0.000169345
0.000865076
0.00126882
0.00104699
0.00344875
0.000277696
0
0.10655
0.00122463
0.000212403
0.0434656
0.25438
0.000102605
0.0287883
0.00754171
0.00213417
0.00442565
0
0.000759282
0.00109995
0.00537879
0
0.0237251
0.000205322
0.000446065
0.00205096
0.000877087
0.00112856
0.0320542
0.000139255
0.00344034
0.000144812
0.0289787
0.00252263
0.000450386
0.000163856
0.0056286
0.00280317
4.69327e-05
0.000142021
0.0231771
0.0548576
0.00768306
0.00613553
0.000355779
0.00106053
0
0.000121608
0.00945571
0.0002199
0.00113924
0.364531
0.295213
0.000550665
0.000725442
0.00925094
0
1.40336e-05
0
0
5.58864e-05
0.00161613
0.00182099
0.00114195
0.000642287
0.00112716
0
0.152205
0.000660136
0.0254622
0.00440331
0.00240331
0.00137589
0.000300771
0.000877304
0.0420554
0.00812842
0.000657485
0.00224578
0
0.00125108
0.0112475
0.00376465
0.0362252
0.00120531
0.00291928
2.41212e-05
4.01791e-05
0.05245
0.00205256
0.00164078
0.00928948
0.000493712
0.000154508
0
0.000157531
0
0.00141084
0.00979033
9.47582e-06
0.00102363
0.0040549
0.000196275
4.93451e-05
0.00390815
0.00919112
0.00157451
0.00254464
0.000897442
0.000296278
0
0.00752761
0.0233421
0.00493296
0.00520138
0.00326131
0.000168534
0
0.00721477
0.0019728
0.00152938
0
9.59295e-05
0.379444
0.0147955
0
0.00763081
0
0.000111239
0.0026737
0.00158785
0.00087904
0.00207631
7.16477e-05
0.0710531
0.000382336
0.00788197
0.00478922
0
0
0
0.00292124
0.106402
0
0.000824835
0.000895741
0.0376422
0.000227089
0.000971505
0.00390286
0.00607288
0.0149637
0
0
0.00232482
0
0.000152588
0.0247838
0
0.00107549
3.66898e-05
6.56075e-05
0.00356673
0.000550853
0.00637711
0.0172561
0.00031446
0.00614587
0.0093455
0.0117133
0
0.0025484
0.0402359
0.00229238
0.232602
0.00139435
0.00604291
0
0.0181212
0.00256262
0.00318411
0
0.0627773
0.00206877
0.00173661
0.00143954
0.297547
6.06939e-06
0.000358298
0.000154508
0.000642293
0.00139043
0.000119092
0
0
0.000829539
0.000227936
0.001241
0.00135209
0
0.000438193
0
0.00744731
0.00070635
0.00402282
0.00161367
0.000355999
0
0
0
3.83986e-05
0.00371527
0.000313581
0.00113354
0.0107431
0.00160196
0.000112735
0.284747
0.00387153
0.0197132
0
0
0.00323643
8.93049e-05
0.0668143
0.000338009
0.00968107
0.306072
0
0.00432201
0.00332151
0.00236286
6.85571e-05
0.00150985
0.000642371
0.102626
0.00206038
0.00303482
0.165103
0
0.000639238
0.000128896
0.00168395
0
0.000228755
0.00030059
0.0108345
0.00701191
0.00642507
0.000118347
0.00691985
0
0.00636616
0.0010986
0.000216164
9.47159e-05
0.0146025
0.0359605
8.53485e-05
0.230771
0.0012062
4.65466e-05
0.000223496
0.00145601
3.1226e-05
0.00153781
0.00411291
0.0147032
0.00576623
0.000318814
0.00011171
7.58133e-05
0
0.00209256
0.000534842
0.00888238
0.00183871
0
0.000893987
0
0.0172211
0.00842854
0.00744774
3.03544e-05
0.292182
0.000105795
0.00105634
0.00116193
0.0046991
0.00769154
0.000623849
0.00124776
0.00768465
0.185554
0.262764
0.00122413
0.00581126
0
0.00213694
0.00353025
0.0043109
0.00370144
0
0.000702696
0
0
2.48078e-05
0.156688
0
0
0.000644288
0.0309214
0
0.337538
0.00875584
3.04133e-05
0.185716
0.000117836
0.00238863
0.00832068
0.00878957
0.0153017
0.000505962
0.00311667
1.3316e-05
0.21891
0.0217194
0.00236313
0.0350054
0.00295673
0.0101295
0.0157714
0.0649864
0
0.00779123
0.00625227
0.00288081
0
3.58334e-05
0.00624564
0.0281541
0
0.00157068
0.00607003
0.0056647
0.0186592
0.0114839
0.0116251
0
0
0.0206145
0.0132856
0
0.00142662
0.0018729
0
0.0116506
0
0.00721444
4.74737e-05
0.00085326
0.000204833
0.000665832
0.031427
0.00292947
3.9515e-05
0
0.000347458
0.000623453
0.0313935
0.00154812
0.000506502
0.000752639
0.183393
0.00198578
0.000109047
5.25367e-05
0.0295463
0.0108179
0.00727793
0.00253781
0.000849195
0.000574043
0.0179261
0
0.00394632
0.0447147
0.00842825
0.000614705
0.000128359
0.0111934
0.000174559
2.13446e-05
0.000144979
0.000723916
0.00949375
0
0.00128382
5.34734e-05
0.00872018
0.00202172
0.000361099
0.00095026
0.00470436
0.000472047
0
0.00718075
0.0186877
0.000112592
0
0.0031606
0
0.0132733
0.00144797
0.0467293
0.00321685
0.0203296
0.0278937
0.00566854
0
0.0230792
0.119634
0.00229252
0.00368707
0.0494404
0.000145658
0
0.000109562
0.000543094
0.000115191
0.00408249
0.000662856
0.00138205
0.0014284
7.39334e-05
0.0249002
0.0282273
0.000254176
0
0.0342877
0.0142724
0.000742445
0.292439
0
0.000719371
0.0067052
0.000448983
0.00556181
0.00117263
0.07228
0.00997258
0.0689732
0.144899
0.00747632
0
2.00558e-06
3.70843e-05
0.038633
0.00915543
0.000775774
2.27156e-05
0.00288458
0.00510614
0.000205935
0.0011804
0
0.0184494
0.000169726
0.00191678
0.00576494
0.0332204
0.00092275
0
0.000282672
0.00122782
0.18718
0
0.0881114
0.090906
0.0372818
0.000142199
0.00069396
0.032535
0.00131377
0.00357356
0
0.0325581
0.00333749
0.00127082
0
0.012295
0.00711582
8.24754e-05
0.00627478
0.170046
0.000101952
0.000806792
0
0.00790812
0.00639806
0.0386339
0.00736356
0.00318687
0.000521361
0
0.000130107
0.023517
0.0205388
0.00135845
0.00105284
6.6044e-05
3.72609e-05
8.26257e-05
6.99365e-05
0.0425268
0.000489862
0.013157
0.000144025
0
0
0
0.00901806
0.0708901
0.0743733
0.000405645
0.00610233
0.0130337
0.00249366
0.000526413
0.000272191
0.000941864
0.00403414
0.0155645
0.000411896
0.000118345
0.000226383
0.234298
0.0554938
0
0.0105449
0.0091456
3.82669e-05
0.00132471
8.94285e-05
0.00950487
0.0463901
0.000147228
0.00220259
0
0.0273073
0.000249794
0.000637327
0.00519789
0.00849904
9.39699e-05
2.32024e-05
0.000452923
0.000138927
0.00786575
0
0.0069131
0
4.12949e-05
0.00579307
1.71551e-05
0.000129141
0
0.0265049
0.00198858
0.000155758
2.30656e-05
0.00950134
0.0251417
0.00379786
0
0.00707506
7.26062e-05
0.0295297
0.0556551
0.00485682
0.00311045
8.39392e-06
4.88712e-05
0.0365778
0.0239328
0
0.000131394
0.000110621
0.0784066
0.000190457
0.00260683
0.0114209
0
0.00263157
5.4606e-05
0
0.0105574
0.000448908
0.00173522
0.00061863
0
0.000322404
4.21135e-05
0
4.67206e-05
0.118213
0.0189564
0.124115
0.000152545
0.000601434
0
0.00944973
0.0022979
0.0132201
0.103317
0.0990105
0.360505
0.000887228
7.04966e-05
0.00710981
0.0782478
0.000278921
0.00204955
1.35583e-05
0.0700678
8.06969e-05
0.000111552
0
5.96833e-05
0.00123206
0.00109663
0.149209
0.026652
0.00126613
0.00532533
0.0241786
0.00462544
0.013492
0.084203
0.00047397
3.88469e-05
0.0660525
0
0.000224116
0.00806431
5.36798e-05
2.58139e-05
0.326228
0.275175
0.000180733
0.00627633
0.0374647
0.000447525
0.00887608
0.00335819
0
0
0.00190013
0.00197881
0.0108201
0.00268759
0.00962897
0.0242672
0.0737326
0
0.0739089
0.000753283
0.231464
0.00376098
0.00842485
0
0.0021342
0.000174203
0.0588103
0.00011606
0.00976393
0.0091603
0.0113554
0.000221495
0.141893
0
0.000665013
0
0.129676
0.00460895
7.69885e-05
6.64899e-05
0.0123259
0.00197164
0.0107251
3.57712e-06
0.0230844
0.0112498
0.00144633
0.00248689
0.00364142
0.0645001
0.000100422
9.48257e-06
0.00919549
0.00140756
3.62471e-05
0.0338345
0.155915
0.0387355
0.0977276
0.0776393
3.27746e-05
5.6667e-05
0.00256115
0.0429223
0.00108783
0.0282097
0.0263139
0.00355762
0.0377429
8.95453e-06
0
0.0806602
0.0296991
0.268174
3.58098e-06
0.175929
0.00835711
0.00195573
0.00304172
0.0929079
0.000131823
0
0.0107403
0.00151184
8.87683e-05
0.000364154
0.0165776
0.00099097
0.00104701
0.0647506
6.72894e-05
0
0.000465561
0.184706
9.33374e-06
0.00186311
0.00252366
0.232845
5.9229e-05
0.00776021
0.00444094
1.49257e-05
6.42584e-05
0.00123676
0.00341805
0.00218176
0.00215749
0.00331202
0.000175793
0.0178047
0.000160243
0.099524
0.0727079
0.00986754
0.00220163
8.52621e-05
0.00181945
0.000931814
0.0057933
0.00201307
0.00371541
5.8098e-05
0.000897989
0.00185606
0.0282281
0.00288158
0
0
0
0.00144
0.0012676
0.00776492
0.0248307
0.000331703
0.0679379
0.209269
5.30055e-05
0
0
0.00246788
0.00140583
0.0349433
0.0684306
0.0243792
0.305531
0.003312
0.00423838
0.00341165
0.00127682
0.00737684
0.288011
0.0036304
0
0.0055045
0
0
7.77929e-05
8.41592e-05
0.00812059
0.000340922
0.0207868
0.00535632
0.142497
0.00398065
0.000688351
9.79398e-05
0
0.000131064
4.49779e-05
0.0223284
0.0175724
0.00130339
0.0230747
0.289925
0.216992
0.109707
0.0214491
0
0
0.242138
0.00196904
0.00120596
0.000277097
0
1.09237e-05
0.385446
0.000729876
1.9941e-05
0
0.000870924
0.00874859
0.000368785
0.000141897
0
0.000392837
0.000814032
0.0251487
0.0157694
0.0206856
0.0334382
0.00212625
0.0001317
0.0201592
0.0490081
0.000276465
0.00151446
0.00491871
0.000310992
6.36974e-05
3.68961e-05
0.00181472
2.33782e-05
0
6.06557e-05
0
0.000151512
0
0.22975
4.35123e-05
4.78825e-05
0.000112068
0
0.00241594
0.0522236
0.000255327
9.78099e-05
0.00126741
1.53086e-05
1.58631e-05
0.0278032
0.034363
0.00242913
0.00130474
0
0.000249169
0.019502
0
0.000512062
8.96305e-05
0.000759226
0.000259298
0
0.00166948
0.000239045
0.00257576
0
0.0103032
0.000114338
0.0426696
3.10652e-05
4.31089e-05
0
0.00285974
0.0336737
0.000176256
0.137903
4.1265e-05
0
0.000233807
0.00340023
0.239674
0.0407908
0.380555
0.000538084
1.3626e-05
0.00323329
0.000319695
0.00623376
0.000176004
6.19295e-05
0.000365371
0.000249806
0.000323321
0.0136496
0.000702578
0.00191148
0.143158
0.0431455
0.0673631
0.337008
0.000455775
0
0.000226187
0
0.0818172
0.00218175
0.0551062
0.0126985
0.00010196
0.00232427
0
0.0302387
0.22009
0.00403591
0.0122338
0.0288975
0.0440751
8.99421e-05
0.000321945
0.187888
0.0348519
0.0514053
3.30224e-05
0
0.00477307
0.0103319
9.52744e-05
0.000306563
0.282539
0
0.000717496
0.00113382
0.00377012
0.0017742
0.241483
0
2.70726e-05
0
0.000319901
0.00504346
0.000509259
0.00751875
0.000345069
0.00586599
0.196056
0
0.000118303
0.00407042
0
0.0036262
0.0041289
0.00134139
4.6487e-05
0.0082097
0
0.162442
4.15952e-05
0.00667135
0.0705437
0
0.000635553
0.000448417
0.001862
0.256042
0
0.00031488
0.0163727
0
0
5.15111e-05
0.112287
0
0.0016799
0.00311703
0.00020748
0.100743
0.0271324
0
0.000280264
0
0.0228942
0.00311143
0.197346
0.2276
0.0136509
0.00145745
0.17084
0
0.00804947
0
0.00684546
0.125924
0.00037039
0.00110252
0.00609809
0.00186949
0.0618353
0.25156
0.00103294
0.000559913
5.58924e-06
0.0142994
0.000429603
0.0034439
1.54719e-05
0.00663996
0.000667783
0
0.00384705
0.000783632
0.0121115
0.000322773
0.000534594
0
0.00123682
0.000444477
0.000241697
0.00622994
0
9.20241e-05
0.152595
0.000499635
0
0.0840823
0.327419
0.0374767
0.0421907
0.015922
5.62991e-05
0.0980061
0.000519179
0.313497
0.000361036
0
0
0.00221906
0.0596077
0
0.0207972
6.81731e-05
0.000237468
0.269736
0.0101271
0
0
0.0060468
0.0232123
0.00610097
0.000196307
0.00494828
0.000122202
0.00654638
0.0101724
0.00322697
0.000445524
0.0017354
0
8.08117e-05
0.228852
0.00683497
0.247635
0.113848
0
6.27555e-05
0.200066
0
0.044018
0.214412
0
0.00185527
0
0
1.35686e-05
0.217852
0.00062017
7.18515e-05
0.109022
0.000803523
0.00023809
0.00574691
0.000495983
0.000251255
2.61282e-05
0
0.0506201
0.14054
0
0.00588001
0.00098304
0
0
0.263793
0.00105194
0
0.155177
0.0460203
0.00588477
5.44774e-05
0.0378148
6.47963e-05
0.0227246
0.00030236
0.149282
0
0
1.17307e-05
0.00163757
0.00437939
0.000143421
0.00114353
0.00834678
0
0.000985144
0.00683626
0.0185743
0.0313121
1.57181e-05
0.000962892
0.000956798
6.47681e-05
0.00135377
0.0224778
0.117311
0.0487516
4.75969e-05
0.00106458
0.128098
0.00876786
0.091182
0.011319
0
0.18313
8.20115e-05
0
0.00846321
0.287431
0
0
0
0
0.000252799
0.00733759
0
0
0.00819112
0.0440713
0.000108563
0.075939
1.18768e-05
0.203985
0.0202468
0.23731
0.25519
0
0.298427
0
0.00396015
0.0004031
0.00167145
0.123528
0.00120615
0.00119864
0.010032
0.0108269
9.09988e-05
0.0396829
0.000737868
0
0.0294047
0.0137302
0.0366134
0
0
0.261593
9.81088e-05
0
2.43543e-06
2.53652e-05
0.00715159
0.00810292
0.138543
0
0
0.000978966
0.00030218
0.0331692
0.0411608
0.00147802
0.00122555
0.00400539
0.125449
0.00120415
0.034012
0.167659
0
0.0142108
0.0456388
0
0
0.000280003
6.65582e-05
4.16343e-05
0
0.265368
0.000360288
0.00113667
9.92039e-06
0.000136792
0.0112588
0.00432426
0
0.26752
0.000596729
0.00156136
0.0196808
0.00437995
0.130359
0
3.70072e-05
0.0018226
0.0119226
0
0.00797732
0.00164943
0.0106242
0.000760059
0.354502
0.0546996
0
0.000193506
0
0.00673025
0.00066785
0.000359255
0
0.0318269
0.320734
0.00496424
0.0993113
0.27351
0
0.00106798
0.00645864
0
0.0215514
0.0130343
0.0532995
0.00232418
0.000598038
0.00435969
0
0
0
0.295076
0.000841738
0
0.0824021
0.000675081
0
9.50288e-05
0.0606753
0.0345476
4.33911e-05
0
0.00452481
0.0050193
0.00629564
0.00269126
0.010218
0.268895
0
6.57966e-05
0
0
0.000701085
0.000189171
0.00054278
0
0.0694626
0.000591598
0.00946563
0
0
0.009205
0.262924
0.0500267
0
0.041621
0.000592741
0.0342066
0.00194096
0
0.132854
0
8.06083e-05
0
0
0.273215
0.00682511
0
0.00104494
0.00351565
0.000368025
0
4.04729e-05
0.00953713
0.000888138
0
4.34709e-05
0.135196
0.00963796
0.0076619
0.00166113
0.00033992
0
0
0.00492307
0.00682231
9.29962e-05
7.04834e-06
0.00979211
0
0
0.354103
0.000311002
0
0.00166238
0.000181033
0.00392814
0.124563
0.000128557
0.343363
0.0241701
0.00935696
0.0238173
0.061262
5.54693e-05
0.35179
0
0.00889241
0.00319511
0
0.00107313
0.0017809
0.00523357
0.0588181
0
0.000462077
0.00224527
1.8919e-05
0
0.000711388
0
0.000693681
0.00151338
0
0.00331464
0.207554
0
0.26085
0.00158911
0
0.00019267
3.49792e-05
0
0.00125573
0.000787717
8.58261e-06
0.000252752
0
0.00119784
0
0.000303193
0
0
0
0
0.0014195
0.000429049
0.00596935
4.37313e-05
0.176961
0
0.00316028
0.000296961
0.305391
0
0.000566095
0.000229344
0
0
0
0.00120903
0.0242188
0
0.22947
0.0312484
0.000793981
0.000103433
0.00177887
0
0.348164
0
0.0482877
0.229184
0.239802
0.000112258
0.34942
0
0.0196022
0.191221
0.00640535
0.000916556
0
0.00305335
0.153497
0.0605562
0
0.000830855
0.0078313
0.322731
0.0223265
0.0297567
0.00174856
0.00112592
0.344809
0.000214414
0.00534346
0
0.0502597
6.90062e-05
0
0
0.00228734
0.0325332
3.17469e-05
0
0.000152435
0.12418
9.86899e-05
0.00106271
0.000644612
0.000923492
0.319211
1.17961e-05
0.151685
0.00129559
0.000409199
0
0
0.000618142
0.000781522
0.00148689
6.50641e-05
0
0.0199226
0.345117
0
0.0154363
0.000123433
0
0.000573488
0.166245
0.000247711
0.00266372
0
0
0
0.000242478
0.0011129
0.0478658
0
0.000374531
0.0107766
0
0.000214479
0.000676405
0.202259
0.00752786
0.000904763
0
0.00120925
0.000167352
0
0.0017226
0.0101041
0.000666687
0.00193272
0.0368935
0.00155626
6.88684e-05
0
0.00110019
0.00454913
0.00297429
0.00240456
0
0.000715098
0.000354676
0.000197544
0.376594
0.336005
0.0033772
0.0928627
0.0669046
0.00143981
0.228628
0.00118756
0
0
0.0431545
0
0.00012468
0.00883196
0
0
0
0.000390641
0.0237206
0
0
0
0.000406057
0.00102375
0
0.000375889
0.00196057
0.127466
0.00102721
0
0
0.0576835
0.000892553
0.029239
0.00613053
0
0.0441242
0
0.0322187
0.00745982
0.000826988
0.126365
0.269551
4.85636e-05
0.00309106
0.00119463
0.0209587
0.000525724
0.273893
0.000975801
5.84579e-05
0
0.000331042
0.35015
0.000795748
0.000296385
0.00510673
0.350233
0.263073
0.0945531
0.27964
0
6.4193e-06
0
0.113619
0.000310781
0.00760338
0
0.133402
0
0
0.0620441
0.128226
0.0462619
0
7.32624e-05
0.00538376
0.0192511
0.00758231
0
0.000643387
0
0.00114536
0.202356
0.00190368
0
0
0.0423363
0.160999
0.00449228
0.000592732
0.00472085
0.00258625
0.000181739
0
0.000943553
0.0158204
0.000825023
0.233437
0.0011157
0.000201981
0.286872
0.000302424
0
0.0970879
0
0
5.75665e-05
0.000743772
0.000983781
0.00273437
0.000530266
0
9.35092e-05
0.000449631
0.0115966
0.00131053
0.0223121
0.00188267
0.237896
0.00501996
0.000402846
0.135299
7.00269e-05
0.02846
0.0435969
0
0.000496476
0.0125545
0.00361597
0
0.291433
0
0.00179684
0.268021
0.0381252
0.00615369
0.00488897
0.00426941
9.98897e-05
0.00139641
0
0.0441989
0.000149792
0
0.233237
0.00193755
0
4.08563e-05
0.00972448
0
0.0257878
0.00142352
0.270985
0.00617285
0.262343
0
0
0.000479375
0.341117
0.0012958
0
0.000117213
0
6.99286e-05
0.00293298
5.50896e-05
0.240587
0
0.104396
0
2.30968e-05
0.0701129
0.000690541
0.0447667
0
0.00593618
0.000260061
0.00634662
0.000530172
0.000615155
0.0377999
0.135893
0.000111534
0.0100312
0.000840477
0.000115041
0.00164012
0
0.0150387
0
0.000493343
0.00025259
0.000407538
0.00786002
0.204486
0
0
0.00330211
0.00039237
0.000522446
0.000939982
0.00772478
0
0.00562268
0
0.0104487
0
0
0
0.000199292
0.000787468
0.0687535
0.000351034
0.279143
0.00237283
0.000329442
0.000159512
0
0.000276703
0.108465
0
0.000573746
0.000178046
0.00165503
0
0.00525393
0
0.0010025
5.24565e-05
0.358088
4.6255e-05
0
0.00316661
0
0.00434755
0
0.00320497
0.000605226
0
0
2.83405e-05
0
0
0.00209641
3.17813e-05
0
0
0.00171383
0.00370387
0
8.6932e-05
0
0.00101664
0.00196031
3.81601e-05
3.46522e-05
0
0.000286797
0.000717893
0.000641574
0
0.000707762
0.0010048
0
0.00120816
0
0.00642194
0.0189068
0.00722168
0.0364735
0
0.00324946
0.00456169
0
6.40554e-05
0
0.00866678
0.0184561
0.00486385
0.00794626
0
8.40364e-05
6.54867e-05
0.243581
0.000283385
0
3.32298e-05
0
0.00017208
0.00152452
0.0262579
0.00512207
0.00825844
0
0.074893
0.01206
0.00011126
0.00160412
0.000222315
0.000187944
0
0
0
0.00323086
0.00687359
0.0002796
0.00954895
0.0080294
0.00696223
0.00197566
0.00674538
0
0.00181237
1.83852e-05
0.0493201
0.000419049
0.000203011
0.00340919
0.275506
1.1769e-05
0
0.0086385
0.00645443
0.00235352
0
3.33509e-05
8.68438e-05
0
0
0.0156725
3.96374e-05
0.000233914
2.27031e-05
0.00912916
0.0212709
3.56477e-05
0.000196489
0.00119655
0
0.000215418
0.000274157
0
0.000699775
4.63022e-05
0
6.5475e-05
0
0.00892935
0.000131924
0
0.0076498
0.0100443
0.00235046
0
0
0.000219564
0.000690777
0
0.0151021
0
0.00107297
0.000280841
0
0.00606292
0.00359472
0.242291
0
5.04157e-05
0.00747323
0.00804318
0.000865393
0.012281
0.000336455
0.0519923
0.0222552
0.000133193
0
0.000118884
0.00210326
0.000483399
0
0.000102382
0
0.0142474
0.000106824
0
0.0108092
0
0.00017726
0.00245315
3.36579e-05
0.00108312
4.49341e-05
0.00230191
0.00163974
0.00301034
0.00135569
0.000142952
9.42128e-05
0.00780321
0.0121973
0.31341
6.15077e-05
0.00329537
0
0.235351
4.67449e-05
0.00614682
0.000202687
0.000109833
0.00642546
0.00331972
0.00364595
0
9.04589e-05
0
0.00104208
0.0226756
0.0013047
4.59501e-05
0
0
0.00141357
0.000230901
0.000323168
0.269436
0.00379469
5.98407e-05
0.00979338
0.00154924
0.0127628
0
0.000829827
0.0430297
0.00537023
0.0275001
0.00615321
0.00365086
0.000286762
0.00526019
0.0241461
0
0.00600647
0
0.000524678
0.0029427
1.53022e-05
0
0.00943074
0.00955135
0.000178542
0
0
0.00797122
0.260481
0.000300078
0.00452721
0.00196276
0.0104955
0.00661598
0.0294669
0.000184043
0.000143016
0.076965
0
0.00163964
0.0001257
0.0180132
3.20612e-05
0.00920581
0.00655126
3.52671e-05
0.0203878
0
0.0529432
0.00424723
0
0.00180165
0.000102364
8.25545e-05
0.00143225
7.50014e-05
0.00247656
0.000272173
0.0014913
0.00212206
0.0424132
0.0932213
0.00127494
0
0.00416679
7.30775e-05
0.00221715
0.00526543
0.364734
0.00130113
0.00191656
3.90685e-05
0.0259109
7.96272e-05
0.0145958
0
0.0248234
0.00865838
0.0487215
0.00162105
0.0105462
0.00609713
0.012429
0.0037511
0
8.81238e-05
0.00252148
0.000927712
0.00122564
0.00437918
0
9.61637e-05
0.00834808
0.00756788
3.50714e-05
0.0144273
8.50387e-05
0
7.80086e-05
0
0
0
0.00206843
0
0.00197622
2.84545e-05
5.44078e-05
0.00968444
8.15995e-05
0
0.00865749
0.00600021
0.00115105
0.0157932
0.0148069
0.00746565
0
0.0134103
0
0.00771954
0.00204006
0.0090828
0.0429691
0.00496256
0.0195701
0.000151631
4.27499e-05
0.00273472
0.00198731
6.35022e-05
0.000836804
0.00529874
1.38334e-05
0.00531232
0
0.0116937
0.0066139
0
0.00528718
0.00014974
0.000106168
0.000447357
0.00105951
5.58089e-05
0.00855174
8.6612e-06
0
0.0234883
6.07857e-05
0.0135691
0.0014328
0.00258291
0.0134194
3.98695e-05
0.0089299
5.60225e-05
0.00137989
0.00808016
4.38356e-05
0.000220099
4.6797e-05
0.00208252
0.00710259
0.000247434
0.000695276
0.0219138
0.00015579
0.00214803
0.0011985
0.000183328
0.00518078
0.00202588
0.00657117
3.01143e-05
5.7476e-05
0.00135864
0.00791127
0.109994
0.00124405
0.00174406
3.76924e-05
0.00797278
0.00407246
0.000110605
0.283003
0.00238264
0.00534344
0.00678944
0
0.00377158
0.0052433
0
2.79894e-05
0.000308479
0.00404395
3.38713e-05
0.0286485
0.00372446
6.54042e-05
0.000481112
3.66861e-05
6.46985e-05
2.21874e-05
0.0170482
0.001151
4.17654e-05
0
0.0220578
0.0153067
0.131049
2.62113e-05
0.00111661
0.00468017
0.00315211
0
0.00277232
0.00161309
0.00897903
0.000967152
0
0.0991305
4.45947e-05
0.00417022
5.27934e-05
0
0.0168544
0.00461838
0
0.0012917
0
0.00134234
0.00257901
0.00299865
0.0240558
0.00323362
0.00820482
0.0287275
0
0.0109144
5.20434e-05
9.70276e-05
2.7775e-05
0
0.133063
0.00876222
0.0112145
3.5074e-05
0.000126689
3.39382e-05
0.00541176
0.0113598
5.80936e-05
0.154372
0.000311432
0
0.000403733
0.000203088
0.0042355
0.0107201
0.000412998
0.000394095
0.0384529
0.0115671
0
0
0.314499
0
0.00317788
0.00242999
0.00158182
0.00275456
0.000160674
0
0
0
0.000624354
0.00668047
0
0.00920432
0.0146037
0.0115581
5.51764e-05
3.47146e-05
0.00499694
4.49318e-05
0.00953722
0
0.000182274
0
7.64504e-05
2.51694e-05
0.00897644
0.00693996
0
0.000136483
0.00575317
0.00221568
0.00171226
0.00343483
1.38363e-06
0.00182472
0.00202412
0.0070313
0.00157308
0.0666776
0
0.000270351
4.22381e-05
0.00797064
2.15932e-05
0.0075435
1.47199e-05
4.84997e-06
0.00703649
0.000345119
0.000259631
0
0.0147699
0.00018237
0.000356145
0
4.64367e-05
4.78694e-05
8.50435e-05
9.14895e-06
0.045908
0.000157436
0.00831515
0.0045737
0.00111919
0.00793162
0
2.75553e-05
0.00381953
0
0.0114915
8.64811e-05
0
0.0425775
0.205862
0.000419049
0.0617524
0.0524838
0.00150341
0.0661498
0
0
0
0
0.10863
0.0104008
0.000142538
0
0.00196923
0.000242533
1.40602e-05
0.00151506
0
0.000744112
0.011522
0.00286187
2.78413e-05
0.00819699
0.000636103
0.00751657
0
0
0.000247269
0.0143613
0.124644
0.0188354
2.04198e-05
0.0105663
0.000134864
0.00744529
0.000395028
0
0.00050949
0.000575181
3.15509e-05
0.00156272
0.111694
0
0.0406548
0.0743284
0
0
0.00161006
0
0.00793063
0.017471
0.0796018
0
0.00583907
0
2.17113e-05
0
0
0.013589
0.0175873
0.000631524
0.000687051
0.0417397
0.00575569
0.00407497
3.87681e-05
0.0262079
0
1.58574e-05
0.0121335
0
0
0.0240343
0
0.013285
0.00256779
0.00934422
0.000672034
0
0.0021933
0.0080654
0.00117072
0.00932726
0
0.0139573
0
0
3.9498e-05
0
0
0
2.30106e-05
0.00745578
4.04782e-05
0.0019024
0.00100726
0.00801984
0.135732
0.00082635
0.150017
0.000189004
0.000360908
0
0.000854332
0.0645633
0
0.000444444
0.0115764
0.0104718
0.0459402
0
0.000825158
0.0189839
0.0100301
0.00831911
0.245873
0.0165448
0.000230689
0.0222258
0.00695431
0.000648272
0.0142274
0
8.59934e-05
0.00758923
0.000948653
0.000922629
0.0022498
0.0191143
0.0263711
0
0
0.0128969
0.000474035
0.107079
0.0227043
0.000660981
0.0385342
0.0026336
0.0148408
0.0705387
0
0.00445867
0
0.0303792
0.00998172
0
0.000351065
0.0136273
0.00724382
0.00218654
0.183655
0.0546822
0.0188725
0
0.00639246
0.00676807
1.08765e-05
0.00209578
0.00640436
0
0.00170317
0.0317565
0.000747892
0.000588215
0.00123909
5.7314e-05
0.00655838
0.000807697
0
0.0149274
0
0.217592
0.000233013
0.0016182
0.00614551
0.000265975
0.00124164
0.00489781
0
0.000413584
0.017169
0.0020849
0.00674759
0.00993014
0.000163162
0.000933004
0.00613661
0.000529152
0.00581573
0.000589953
2.89147e-05
0.00626806
0.00269375
0.000150388
0.00413271
0.00201629
0.00235189
0.303683
0
0.0194012
0.0138056
0.373352
0
0.000868403
0.00742634
0.00216388
0.00201631
0.00107151
9.40405e-05
0.00112765
0.014626
0
0.0018383
0
0.0176002
0.00727228
0.00209651
0.0707598
0.0152142
0.00221748
0
0.0482349
0.00144626
0.0584391
0
0.000185757
0
0.00368038
0
4.05085e-05
0.00180116
0.00763847
5.33428e-05
0.00124283
0.0283791
0.00282879
0.00836292
0.00542887
0.0053132
9.95243e-05
0.0161902
0.00425986
0.00363523
0.0378784
0.000628657
1.77627e-05
0
0
0.000711558
0
0.00153397
0.00436718
5.74542e-05
4.22123e-05
0
0.0729529
0.00377853
0.000376681
0
0.000757817
0
0.00108556
0.000874861
0
1.48102e-05
0.00402718
0.00976127
3.94826e-05
0.00145874
0.00514639
2.48275e-05
0
0.00571754
0
0.0227671
0.0124624
1.96194e-06
0.0054888
0.0122869
0
0.00291611
0.0429843
0.000817467
0
0.000766283
0.00760233
0.00785815
6.70526e-05
1.73824e-05
0
0.108552
0
0
0.000277256
0.000639723
0
0
0.0750123
0.00800867
0.00416207
0.00942391
0
0.000201029
0
0.000520578
0.00906042
5.26174e-05
0
0.000792353
0.000367093
0
0.000165106
0
0
0.00925256
0.0123069
0.000110717
0.000287498
0
0.000113693
0.00226467
0.00961669
0.107605
0.00027805
0
0.00291596
0.000786918
0.000535055
4.13607e-05
0
0.0210489
0
8.4785e-05
0.000625022
0.00016382
0.000324436
0.00139357
0.000498132
0
0
0
0.00817543
0.0337162
0.134524
0.00529303
0.000680156
0
0.00733482
0
0.00359672
0.0798486
0
0.000459075
0.0108544
0.000222408
7.02825e-05
8.40168e-05
0.0824122
0.000229356
0.00233281
0.000456228
0.000148038
0.0143545
0.000903954
0.0132213
0.000475101
0.0168335
0.0168169
0.00611751
0.000637192
0
0
0.0346112
0.0242124
0.0667487
0.000811001
0.00341601
0.000487694
0.00156662
0.00136786
0.0119633
0.000279153
0.000110975
0
0.00684282
0.000670069
0.248537
0
0.00547614
5.42344e-05
0.0583995
0.192853
0.00464333
0.00183807
0.000100428
0.00964376
0
0.0019003
0.00282488
0
0.0198605
0.0139476
0.000958134
0.193294
0
0
0.000611294
0.273629
0
0.0334527
0.0295323
1.93958e-05
0.00224513
0.00313991
0.000788474
0.245717
0.00798703
0.0387639
0.000327719
0.0139238
0.0011466
0.00110845
0
0
0.197438
0.000790617
0.00130578
0.000526556
0.000990696
0
0
0.00102915
0.00729441
0
0.00341603
0.020753
0.000190337
0.00103397
0.00115977
0
0.00133232
0.00544956
0.0542619
0
0.000339404
0.00642959
0.00160803
0.00104798
0.198333
0.184852
0.000438472
0
0.038188
0.228225
0
0.0028658
0
0.00653861
0.0881734
0.000695772
0.00027368
0.00719093
0.00738007
9.45841e-05
0.00161754
0.00332226
0.0025616
0.00770005
0.00259816
0.00419203
0.153244
0.00101656
0.00150014
0
0.257638
0.00180529
0.00755536
0.000986439
0.00080651
0.226507
0.264317
0.140406
0
0
0.0909485
0.00287522
0.35056
0.0642928
0.0582958
0.000149084
0.00915737
5.30828e-05
0.000725664
0.00877267
0
0
0.00640695
0.000398818
0.000312294
0.369488
0
0.00101384
0
0.000436628
0.00212485
0.0526393
0
8.86422e-05
0.00543258
0.0145613
0.000669523
0.000301455
0.000314256
0.000144317
0.00324237
0.00171979
0.0013928
0.0819687
0
0.000242133
9.82508e-05
0.00135771
0.000460606
0.00144741
0.000928099
0
0.000509373
6.88e-05
0.00596037
0.0312508
0
0.00600312
0
2.25494e-05
2.35269e-06
0.287324
0.190914
0.02076
0
0.00019147
0
0
0
0.000530471
0.00292007
0.0286628
0.00472214
0.00366127
0.00482998
1.26246e-05
0.000279742
0
0.00228197
0.000146633
0.00169523
0.00692458
0
0.000435484
0.0605175
0
0.0526637
0
6.77585e-06
0.00136194
0
0
0.00563573
0.145941
0.0150117
0.00823666
0.0137903
0.00257427
0.235837
0.00127178
0
0.0153683
0.000351907
0.00136689
0
0
0.263722
0
0
0.00171152
0.00608112
0.00439294
0.00323224
0.0597316
0
0.00505254
0.000855775
0.180008
0.00033958
0
0.000407633
0.000677793
0
0.00108826
0.000161453
0.000720415
0.000956894
0
0
0
0.00397045
0.000102812
0
0
0.000520163
0
0.000559161
0
0.249648
0.00355455
0.000831125
0.00406925
0.000178
0.00350924
5.64571e-05
0.0119775
0.0571009
0.00165841
0
0.0382385
0.000870649
0
0.00318004
0.000253143
0.0155933
0
0.0223414
0.165847
0.000142344
0
0
0
0.000357405
0.00635907
0.0282646
0
0
0.122705
0.000484417
0.0274416
0.282801
0
0.000156374
0.00101172
0
0
0.00832717
0.000489599
0.000193131
0.00581353
0.00010709
0.000640964
0.0144119
0.0102619
0.000999274
0.0026766
0.000657837
0
0.000610449
9.10244e-05
0.000349671
0.139417
0
0
0
0.000415195
0.0235557
0.00133971
0
0.00231321
0.000371887
2.65989e-05
0.273539
0.054371
0.00404773
0.0209688
0.000123422
0.000554831
0.000366374
0
0.00369923
0.0202179
0.0211295
0.0832826
0.0133545
0.000757232
0
0.18855
0.00341868
0.000312171
0.0386186
0.00218039
0.0295908
0.000746341
0.000946693
0
0.000129956
0
0.00539274
0.000574206
0.000640401
0.00194331
0.00118467
0.000356357
3.787e-05
0.00168762
0.00488237
0.00311965
0.0187679
0.000425693
0.0013538
0.00524602
0.139834
0.0198936
0.00357179
0.00703813
0.110757
9.50715e-05
0.074118
0.000243551
3.86715e-05
0.00805332
0
0.0302875
0.000474621
0.000314853
0
0.0372129
0
0.00113347
0.00569902
0.000768326
0
0
0.00651194
0.0746861
0.0796832
0.00949105
0.000866614
0
0.0226287
0.00108253
0.177851
0.00177612
0.0111604
0.000455646
0.00138292
0
0.000244866
0
0.00122223
0.0757958
0.148056
0.000144852
0
0
0.00505909
0.00128165
0.0403141
0
0.188578
0.00836608
0.110743
0.000873108
0.000510991
0.0045928
0.000609842
0.0104004
0.000699054
0.000703302
0.00545126
0.186359
0.00505371
0.000139817
0.0497313
0
0.00243104
0.000536065
0.0445931
0.000160692
0.00149056
0.0482585
7.39901e-05
0.0307594
0
0
0.00101459
0.00464309
0.000585995
0.0273589
0.00524082
0.000463263
0.0897985
0.00169097
0.000454641
0.00909768
0
0
0.0328806
0.25848
0.0465731
0.000936414
0.104563
0.000333767
0.000100247
0.00332172
0.000288338
0.00599899
0.0057984
0.0047255
0
0.00219088
0.0624677
0.0029372
0
0.0146204
0.100654
0.00488349
0.000142013
0.000449883
0
0.000279423
0.000346851
0.0085707
0.125606
0.00114339
0
0.00225098
0.000344603
0.0212806
0.000431099
9.77296e-05
0.0152072
0.0126303
0.0039011
0.0950567
0.0886768
0.000137358
0.002555
0.00261656
0.00430948
0.0975954
0.0157965
0.00590599
0.0085261
0.288088
0
0.0250912
0.0273837
0.00225251
0.258036
0.00514687
0.0207502
0.211608
0.00199326
0.17133
0.00254954
0
0.000898898
0.000344951
3.66318e-05
0
0.000744004
0.115856
0
0
0
2.05002e-05
0.0194807
0.0135889
0.000530473
0
0
0.00112466
9.46378e-05
0.0819321
0
0
0.000115075
0.00047168
0
0.10482
0.000696028
0.00352563
0.000323833
0.00226727
0.00222219
0.00437709
0.0558313
0.0253862
0.00237741
0.00153326
0
0.00276131
0.0912214
0.00213973
0.0228888
0.00118943
0.000132473
0.171541
0
0
0.0155062
0
0.00487957
0.000286483
0.00320725
0
0
0.014125
0.00496519
0
0.0105316
0.0162127
0
0
0
0
0.0247492
0.0432217
0.0101755
0.00464571
0.0116749
0
0.00152791
0
6.02589e-05
0
0.014287
0.00700364
0.00178554
0
0
0.000621424
0.0011472
0.00132256
2.47325e-05
0
0.0136446
0.00801416
0.00969114
0
0.023259
0
0.00134589
0.000535306
0.0211667
0.00298833
0
0.00208873
0.0900428
0.00815095
0
0.00149882
0.213005
0
0.00327637
0.0314118
0.0279172
0.00591818
1.6252e-05
0.000192333
0
0
0.00970868
0.00222967
0
0.0109563
0.00949323
0.252683
0
0.000144646
0.00151609
0
0
0.00245256
0.0113941
0
0
5.0383e-06
0
0.000679841
0.000534436
0.00351332
0.0816075
0.00182413
0.000915991
0.0105414
0.00263922
3.50934e-05
0.00116886
5.763e-05
0.0120429
0.000177052
0
2.64685e-05
0.0001819
0.00162434
0.00227454
0
0.237258
0
0.000478391
0.0159971
0.0526589
0.0127457
0.0408627
0
0
0.0273254
0.0599633
0
0
0.00809285
0
0.0174605
0.298306
0
  </DataArray>
  <DataArray type = "Float64" Name="BordNoeud" format="ascii">
1
1
1
1
1
1
1
1
0
0
1
1
0
1
0
1
1
0
1
0
1
0
1
1
1
1
1
1
1
0
0
1
1
1
1
1
0
1
1
1
1
1
1
0
0
0
0
1
1
1
0
0
1
0
0
1
0
0
0
1
1
1
0
0
1
0
1
0
0
1
0
1
0
0
1
1
1
0
1
1
1
0
1
1
0
1
0
1
0
1
0
1
1
0
1
1
0
1
0
0
0
1
0
1
0
1
0
1
0
1
1
0
0
1
0
1
0
0
0
1
1
0
0
1
0
0
0
0
1
0
0
1
0
1
0
1
1
1
0
1
1
1
1
0
0
1
0
1
0
1
0
0
1
1
0
1
0
1
0
0
1
0
1
1
1
1
0
0
0
0
0
1
1
1
1
0
0
1
1
1
0
0
0
0
0
1
0
1
1
0
0
1
0
0
0
0
0
0
0
0
1
1
1
1
0
0
0
1
1
0
1
0
0
1
0
1
0
1
0
0
1
1
1
1
0
0
1
0
0
0
0
0
1
0
0
0
1
1
1
0
0
0
0
0
1
0
1
0
0
0
1
1
0
1
0
0
0
0
1
1
1
0
1
1
0
1
1
0
1
1
1
1
0
1
1
1
0
1
0
1
0
0
0
0
0
0
1
0
0
0
0
0
1
0
0
0
1
0
0
1
0
0
0
0
0
0
0
0
0
0
0
0
0
0
0
0
0
0
1
0
0
1
0
0
0
0
0
0
1
0
0
0
1
0
0
1
1
0
0
1
1
1
1
1
1
1
1
1
1
1
1
1
1
1
1
1
1
1
1
1
1
1
1
1
1
1
1
1
1
1
1
1
1
1
1
1
1
1
1
1
1
1
1
1
1
1
1
1
1
1
1
1
1
1
1
1
1
1
1
1
1
1
1
1
1
1
1
1
1
1
1
1
1
1
1
1
1
1
1
1
1
1
1
1
1
1
1
1
1
1
1
1
1
1
1
1
1
1
1
1
1
1
1
1
1
1
1
1
1
1
1
1
1
1
1
1
1
1
1
1
1
1
1
1
1
1
1
1
1
1
1
1
1
1
1
1
1
1
1
1
1
1
1
1
1
1
1
1
1
1
1
1
1
1
1
1
1
1
1
1
1
1
1
1
1
1
1
1
1
1
1
1
1
1
1
1
1
1
1
1
1
1
1
1
1
1
1
1
1
1
1
1
1
1
1
1
1
1
1
1
1
1
1
1
1
1
1
1
1
1
1
1
1
1
1
1
1
1
1
1
1
1
1
1
1
1
1
1
1
1
1
1
1
1
1
1
1
1
1
1
1
1
1
1
1
1
1
1
1
1
1
1
1
1
1
1
1
1
1
1
1
1
1
1
1
1
1
1
1
1
1
1
1
1
1
1
1
1
1
1
1
1
1
1
1
1
1
1
1
1
1
1
1
1
1
1
1
1
1
1
1
1
1
1
1
1
1
1
1
1
1
1
1
0
0
0
1
1
0
0
0
0
0
0
0
1
0
0
0
0
0
0
0
1
0
1
0
0
0
1
0
0
0
0
0
0
0
0
0
1
0
0
0
0
0
1
0
0
1
0
0
0
1
1
0
0
1
0
0
0
0
0
0
0
0
0
0
0
0
0
1
0
0
1
0
1
1
0
1
0
0
1
0
0
0
0
0
0
0
0
0
0
0
0
0
0
1
0
0
0
0
0
0
0
0
0
0
0
0
1
0
0
0
0
0
0
0
0
0
0
0
0
1
0
0
0
0
1
0
1
0
0
0
0
1
0
0
0
0
0
0
1
0
0
0
0
0
0
0
0
0
0
0
0
0
0
0
0
0
1
1
0
0
1
0
0
0
0
0
0
0
0
0
1
0
0
0
0
1
0
0
0
0
0
0
0
0
0
0
0
0
0
0
0
0
0
0
0
0
0
0
1
0
0
0
0
0
0
0
0
0
0
1
0
1
0
1
0
0
0
0
0
0
0
0
1
0
0
0
0
0
0
0
0
1
0
0
0
0
0
0
0
0
0
0
0
1
0
0
0
1
0
0
1
0
0
1
0
0
0
0
0
0
0
1
0
0
0
0
0
0
0
0
0
0
0
0
0
1
0
0
0
0
0
0
0
0
0
0
0
1
0
1
0
1
0
1
0
0
0
0
0
0
0
1
0
0
0
0
1
0
0
0
0
0
0
0
0
1
0
0
0
0
0
0
1
0
1
0
1
0
0
0
0
0
0
0
0
0
0
0
0
0
0
0
0
1
0
0
0
0
0
0
0
0
0
0
0
0
0
0
0
0
1
0
0
0
0
0
0
0
0
0
0
0
0
0
0
0
0
0
0
0
0
0
0
0
1
1
0
0
1
0
0
0
0
1
0
0
0
0
0
0
0
0
0
0
0
0
0
0
0
0
0
0
0
0
0
0
0
0
0
0
0
0
0
0
0
0
0
0
0
0
0
0
0
0
0
0
0
0
0
0
0
0
0
0
0
0
0
1
0
1
0
0
0
0
0
0
0
0
0
0
0
0
0
0
0
0
0
0
0
0
0
0
1
0
0
0
0
0
0
0
0
0
0
0
0
0
1
0
0
0
0
0
0
0
0
0
1
0
0
0
0
1
1
0
0
0
0
0
0
0
0
1
0
0
0
0
0
1
0
0
0
0
0
0
0
0
0
0
0
0
0
0
1
0
0
0
0
0
0
0
0
0
0
0
0
0
0
0
0
0
0
0
1
0
0
0
0
0
0
0
0
0
0
0
0
0
0
0
0
1
0
0
1
0
0
0
1
0
0
0
0
0
0
0
0
0
0
0
1
0
0
0
0
0
1
0
0
0
0
0
0
0
0
0
1
0
0
0
0
1
1
0
1
0
0
0
0
0
0
0
1
0
0
0
0
1
0
0
0
0
0
0
0
1
0
0
0
0
0
0
0
1
0
1
0
1
0
0
0
0
1
0
0
0
0
0
0
0
0
0
0
0
0
1
0
0
0
0
0
0
1
0
0
0
0
0
0
1
0
0
0
0
1
0
0
0
0
0
1
0
0
0
0
0
0
0
1
1
0
0
0
0
1
1
0
0
0
0
0
0
0
0
0
0
0
0
0
0
0
1
0
0
0
0
1
0
0
0
0
0
0
0
1
1
1
0
0
0
0
0
0
0
0
0
1
1
0
1
0
1
0
0
1
0
0
0
0
0
0
0
0
0
0
1
0
0
0
1
1
1
0
0
0
0
0
0
0
0
1
0
0
0
0
1
1
0
0
0
0
1
0
0
0
0
0
0
0
1
0
0
0
1
0
0
0
0
0
0
1
0
0
0
0
0
1
0
0
0
0
0
1
0
0
0
0
0
0
0
0
0
0
0
0
0
0
1
1
0
0
1
1
0
1
0
0
0
0
0
0
0
0
0
1
0
1
0
0
1
0
0
0
1
0
0
1
0
0
0
0
0
0
0
0
0
0
0
0
0
0
0
0
0
0
1
0
0
0
0
1
0
0
0
0
0
0
0
0
0
0
0
0
0
1
0
0
0
0
1
0
0
0
0
0
1
0
0
0
1
0
0
0
0
0
0
0
0
0
0
0
0
0
0
0
0
0
0
0
0
0
0
0
0
1
0
0
0
0
0
0
0
0
0
1
0
1
1
0
0
0
0
0
0
1
0
0
0
0
0
0
0
0
0
0
0
0
1
0
0
0
0
0
0
0
0
0
0
0
0
0
0
1
0
1
0
0
0
0
0
0
0
0
0
0
0
0
0
1
0
0
0
0
0
0
1
0
0
0
1
0
0
0
1
0
1
0
0
0
0
0
0
0
0
0
0
1
1
1
0
0
1
0
0
0
0
0
0
0
0
1
1
0
1
0
0
1
0
0
0
0
0
0
0
0
0
0
0
1
0
0
0
0
0
0
1
0
0
0
1
0
0
0
0
1
0
0
0
0
0
0
1
1
0
0
0
0
1
0
1
0
0
0
0
0
1
1
1
0
0
0
0
0
0
0
0
0
0
1
1
0
0
0
0
0
0
1
0
0
0
0
0
0
0
0
0
0
1
0
0
0
1
0
0
0
0
0
0
0
1
0
0
0
0
0
0
0
0
0
0
0
0
0
0
0
0
0
0
0
0
1
0
0
0
0
1
0
1
0
0
0
0
0
0
0
0
0
0
0
0
0
0
0
0
0
1
0
0
0
0
1
0
1
1
0
0
1
1
0
0
1
0
0
0
0
0
0
0
0
0
0
0
0
0
0
0
0
0
0
0
0
1
0
0
0
1
0
0
0
1
0
0
0
0
0
0
1
1
0
0
1
0
0
1
0
1
0
0
0
0
0
0
0
0
1
0
0
0
0
0
0
0
0
0
0
0
0
0
0
0
0
0
1
0
0
0
0
0
0
0
0
0
0
0
1
0
0
0
0
0
0
0
0
1
0
0
0
1
0
1
0
0
0
0
0
0
0
1
0
0
0
0
0
0
1
0
0
0
0
0
0
0
0
0
0
0
1
0
0
0
0
1
0
0
0
0
0
0
0
0
1
0
1
0
0
0
0
0
0
0
0
0
0
1
0
0
0
0
0
0
1
0
0
0
1
0
0
0
0
0
0
0
0
1
0
0
0
1
0
0
0
0
0
0
0
1
0
0
0
0
0
0
1
0
0
0
0
0
0
0
0
0
0
0
0
0
1
1
1
0
0
0
0
0
0
0
0
0
0
0
0
0
0
0
0
0
1
0
0
0
0
0
0
0
0
0
1
0
0
0
0
0
0
0
0
0
0
1
0
1
0
0
0
0
1
0
0
0
0
0
0
0
1
0
0
0
0
0
0
0
0
0
0
1
0
0
0
0
0
0
1
0
0
1
0
0
0
0
1
0
0
1
0
0
0
0
0
0
1
0
0
0
0
0
0
0
0
0
0
0
0
0
0
0
0
1
0
0
0
0
0
0
0
0
0
0
0
0
0
0
1
0
0
0
0
0
0
0
0
1
0
0
0
1
1
0
0
0
0
0
0
0
1
0
0
0
0
0
1
0
0
0
0
0
0
0
0
0
1
0
1
0
0
0
0
0
0
0
0
0
0
0
0
0
0
0
0
0
0
0
0
0
0
0
0
0
0
0
0
0
0
0
0
0
0
1
0
0
0
0
0
0
0
0
0
0
1
0
0
0
0
0
0
0
0
0
1
0
0
0
0
0
0
0
0
0
0
0
0
0
0
0
0
0
0
0
0
0
0
0
0
0
0
0
0
0
0
0
0
0
0
1
1
1
0
0
0
0
0
0
0
0
1
1
1
0
0
0
0
0
0
0
0
0
0
0
0
1
0
1
1
0
0
0
0
0
0
0
0
0
0
1
0
0
0
0
0
0
0
0
0
0
1
1
0
0
0
0
1
0
0
0
0
1
0
0
0
0
1
0
0
1
0
0
0
0
0
0
0
0
0
0
0
0
0
0
0
1
0
1
0
1
0
0
0
0
1
0
0
0
0
0
0
0
0
0
0
0
1
0
0
1
0
0
0
0
1
0
0
0
1
0
0
0
0
0
1
0
0
0
0
0
1
0
0
0
0
0
0
0
0
0
0
0
0
0
0
0
0
0
0
0
0
0
0
0
1
0
1
0
0
0
0
0
0
1
0
0
0
0
0
0
0
0
0
0
0
0
1
0
0
0
0
0
1
0
0
0
0
0
1
0
1
0
0
0
0
0
0
0
1
0
0
1
0
0
0
0
0
1
0
0
0
0
1
0
0
0
1
1
0
0
1
1
0
0
1
0
0
0
0
0
1
0
1
0
0
0
0
0
0
1
1
0
1
0
0
0
0
0
0
0
0
0
0
0
0
0
0
0
0
0
1
0
0
0
0
0
1
0
0
0
0
1
0
0
0
1
0
0
0
0
0
0
0
0
0
0
1
1
0
0
1
0
0
0
0
0
1
1
1
0
0
0
0
0
0
0
0
0
0
1
0
0
0
0
0
1
0
0
1
0
0
1
0
1
1
0
0
0
0
0
0
0
0
0
0
0
1
0
0
1
0
0
1
1
0
0
1
0
0
0
0
0
0
0
0
0
1
1
0
0
0
0
1
0
1
0
0
0
0
0
0
0
0
0
0
0
0
0
0
0
0
0
0
1
0
0
1
0
0
1
1
1
1
0
0
1
1
0
0
0
0
0
0
0
0
0
1
0
1
0
0
0
0
0
0
0
0
0
0
0
1
0
0
0
1
1
0
0
1
0
0
0
0
0
1
1
0
0
0
0
0
0
0
0
0
0
0
1
0
0
1
1
0
0
0
1
0
0
0
0
0
0
0
1
0
0
0
0
0
0
1
0
0
0
1
0
0
0
0
0
0
1
0
1
0
0
0
1
0
0
0
0
0
1
0
0
1
0
0
0
0
0
0
1
1
1
0
0
1
0
0
1
0
0
0
0
1
0
0
0
0
0
0
1
0
1
1
0
0
0
1
0
0
0
1
1
0
0
0
1
0
0
0
0
1
0
1
0
1
1
0
0
1
0
0
0
1
0
0
0
1
0
0
0
1
0
0
1
1
0
0
0
0
0
1
1
0
0
1
0
0
0
0
0
0
0
0
0
0
0
0
1
0
0
1
0
0
0
0
1
0
0
0
1
0
1
0
0
1
0
0
1
0
0
1
0
0
1
0
0
0
0
1
0
1
0
1
1
1
1
0
0
0
0
0
1
0
0
0
1
0
0
1
1
1
0
0
1
0
0
0
0
0
1
0
1
0
0
0
0
0
1
0
0
0
0
1
0
0
0
1
0
0
0
0
0
0
0
0
0
0
1
0
0
1
1
0
0
0
1
0
0
0
0
0
0
0
0
0
0
0
1
1
0
0
0
0
1
1
0
1
0
0
1
0
1
0
0
1
1
1
0
0
0
1
0
0
1
0
0
0
0
0
1
0
0
1
0
0
0
0
0
0
0
1
0
0
0
0
1
0
0
0
0
0
0
0
1
0
0
0
1
1
0
1
0
0
1
1
1
0
0
1
1
1
0
0
1
0
0
0
0
1
1
0
0
0
0
1
1
1
0
0
0
0
0
0
0
0
0
0
0
0
0
1
0
0
0
0
0
0
0
0
0
1
0
1
0
0
0
1
0
1
1
0
0
0
1
0
0
0
0
1
0
1
0
0
0
1
1
0
0
0
0
0
0
0
1
0
0
0
0
0
0
0
0
1
0
1
1
0
0
0
0
0
1
0
0
0
0
0
0
0
0
0
0
0
0
0
1
0
0
0
1
0
1
0
0
0
0
0
0
0
0
1
1
0
1
0
0
1
0
0
1
0
0
0
0
0
1
1
0
0
0
1
0
1
0
0
0
0
1
0
1
0
0
0
0
1
0
0
0
0
0
0
0
0
0
0
0
0
1
0
1
0
0
0
0
0
1
1
0
0
0
0
0
1
0
1
0
1
1
1
0
0
0
0
0
0
0
0
1
0
0
1
0
0
0
1
0
1
0
0
0
0
1
0
1
0
1
0
0
1
1
0
1
1
0
0
1
1
0
0
1
0
1
0
0
0
0
1
0
0
0
1
0
0
1
0
1
0
0
0
0
1
0
0
1
0
1
0
0
0
0
1
0
0
0
0
1
0
1
0
0
0
0
0
1
0
0
0
0
0
0
1
1
1
0
0
0
0
0
0
0
0
1
0
0
0
0
0
0
0
0
1
0
0
0
1
0
0
1
1
0
0
0
0
0
0
0
0
0
1
0
0
1
0
0
1
0
1
0
0
1
0
0
0
1
1
0
0
1
0
1
0
0
1
0
0
0
1
0
0
0
0
0
0
0
0
0
1
0
0
0
1
0
1
0
0
1
0
1
0
0
0
0
0
0
0
0
0
0
0
0
0
0
0
0
1
0
0
0
0
0
0
0
0
1
0
1
0
0
0
0
1
1
0
0
0
0
0
0
0
0
0
1
0
0
0
0
0
0
0
0
1
1
0
1
0
0
0
1
0
0
0
1
1
0
0
0
0
0
0
0
0
0
0
0
1
0
0
0
0
0
0
0
0
1
0
0
1
0
0
0
0
0
0
0
0
0
0
0
0
1
0
0
0
0
0
0
0
0
0
0
0
1
0
0
0
0
0
0
0
0
1
0
0
0
0
0
1
0
0
0
0
0
0
1
0
1
1
1
0
1
0
0
0
0
0
1
0
0
0
0
0
0
1
0
1
0
0
0
0
0
0
0
0
0
0
0
0
0
0
0
1
0
0
1
0
0
0
0
0
0
0
0
1
0
0
0
0
0
0
0
0
0
0
0
0
0
0
0
0
0
0
0
0
0
0
0
0
0
0
0
0
0
0
0
0
0
0
0
0
0
0
0
0
0
1
0
0
1
0
0
0
0
0
0
0
0
0
0
0
0
0
0
1
0
0
0
0
0
0
0
1
0
0
0
0
1
0
0
0
0
1
0
0
1
0
1
0
0
0
0
0
0
0
1
0
0
0
0
1
0
0
0
0
0
0
0
0
0
0
0
1
0
0
0
0
0
0
0
0
1
1
0
1
0
0
0
0
0
1
1
1
0
0
1
0
0
0
0
0
0
0
0
1
0
1
0
0
0
0
1
0
0
0
0
0
0
0
0
0
0
0
1
0
0
0
0
0
0
0
0
0
0
1
0
0
0
1
0
0
0
0
0
0
0
0
0
0
1
0
0
1
0
0
1
0
0
0
0
0
0
0
1
1
1
1
1
0
0
1
0
0
0
0
1
0
1
0
0
0
0
0
1
1
0
0
0
0
0
0
0
0
0
1
0
0
0
0
0
1
0
0
1
1
0
1
0
0
0
1
0
1
0
1
1
0
0
0
0
0
0
0
0
0
1
0
0
1
1
0
1
0
0
0
0
1
0
0
0
0
1
0
1
1
0
1
1
1
0
0
0
0
0
0
0
0
0
0
0
1
0
0
1
0
0
0
0
1
0
0
0
0
0
0
0
0
0
0
0
1
0
0
0
0
0
0
0
1
1
0
0
0
0
0
0
0
0
0
1
0
1
0
0
1
0
0
0
0
0
0
0
1
0
0
0
0
0
1
0
0
0
0
0
0
0
0
1
1
1
0
0
0
0
0
0
0
1
0
0
0
0
0
0
0
0
0
0
0
0
0
0
0
0
0
0
0
1
0
0
0
1
0
0
0
0
0
0
0
0
1
0
1
0
0
0
0
0
0
1
0
0
0
1
0
1
0
1
0
0
0
0
0
0
0
0
0
0
0
0
0
0
0
0
0
1
1
0
1
0
0
0
0
1
0
0
0
1
0
1
0
0
1
0
0
0
0
0
0
0
1
0
1
0
0
0
0
0
1
0
0
0
1
0
0
0
0
0
1
0
1
1
0
0
1
1
0
0
0
0
1
0
1
0
0
0
1
0
0
1
0
1
1
0
0
0
0
1
0
0
0
0
0
1
0
0
0
0
1
0
1
0
0
0
0
0
0
1
1
1
0
0
0
0
0
1
0
1
0
0
1
0
0
0
0
0
0
0
0
0
0
0
0
0
0
0
0
0
0
1
1
0
0
0
0
0
0
0
0
0
0
0
1
0
0
0
1
0
0
0
0
0
0
0
0
1
0
0
1
0
0
0
0
1
1
0
0
1
0
0
0
0
0
0
0
0
0
0
0
0
0
1
1
0
0
0
0
0
1
1
0
0
1
0
0
0
0
0
1
0
0
0
1
0
0
0
0
0
0
0
1
0
1
1
0
1
0
0
0
0
0
0
0
0
0
0
0
0
0
0
0
0
1
0
0
0
0
0
0
0
0
1
1
0
0
0
0
0
0
0
0
0
0
1
1
0
0
0
0
1
0
1
0
0
0
1
0
0
0
0
0
0
0
0
0
0
0
1
0
0
0
0
0
0
1
0
0
0
0
1
0
1
0
0
0
0
0
1
0
1
1
1
0
0
0
0
0
0
0
0
1
0
0
0
0
1
0
0
1
0
1
0
0
1
1
0
0
0
0
0
0
0
0
1
0
0
0
1
1
0
1
1
0
0
0
0
0
1
0
0
0
0
1
0
0
1
0
0
0
0
1
1
1
0
0
1
1
0
1
0
1
0
0
0
0
0
1
0
0
0
0
1
0
0
1
0
0
1
1
0
0
0
1
1
1
0
0
0
1
1
0
0
0
0
1
0
0
1
1
0
0
0
0
0
0
0
0
0
0
0
1
0
0
0
0
1
1
1
0
0
0
1
0
0
0
0
0
0
0
0
0
0
1
0
0
0
0
0
0
1
0
0
0
0
0
0
0
0
1
0
1
0
0
0
0
1
0
0
0
0
0
0
0
0
0
0
0
0
0
0
0
0
0
0
0
1
0
0
0
1
0
1
0
0
0
1
1
0
0
0
0
0
1
0
0
0
0
0
0
0
1
0
1
0
0
0
0
1
1
0
0
0
1
0
0
1
0
0
0
0
0
0
0
0
0
0
0
0
1
0
0
0
0
0
0
0
0
1
1
0
0
0
0
0
0
0
0
0
0
1
1
0
0
0
0
0
0
0
1
0
0
0
0
1
0
0
0
1
0
0
0
0
0
1
0
0
0
0
0
1
0
0
0
0
0
0
0
0
0
0
0
0
0
1
1
0
0
0
0
1
0
0
0
0
0
0
0
0
0
0
1
0
0
0
1
0
0
1
1
1
0
0
0
0
1
1
0
0
0
1
1
0
0
1
0
0
0
0
0
0
0
0
0
0
0
1
0
0
0
0
0
0
0
1
1
0
1
0
0
1
1
1
0
0
1
0
0
1
1
1
1
0
0
0
0
0
1
0
1
0
1
0
0
0
1
1
0
0
0
0
1
0
0
0
1
0
1
0
0
0
0
1
0
0
0
1
0
0
1
0
0
0
0
0
0
1
1
0
0
1
0
0
0
1
0
0
1
1
0
0
1
1
0
1
0
0
0
0
0
0
0
0
0
0
0
0
0
1
0
0
0
0
1
0
1
0
0
0
0
0
1
1
0
0
1
1
0
1
0
0
1
  </DataArray>
  <DataArray type = "Float64" Name="normeUnVecteur" format="ascii">
1e-05
1e-05
1e-05
1e-05
1e-05
1e-05
1e-05
1e-05
0.0156923
0.000289731
1e-05
1e-05
0.023829
1e-05
0.0181537
1e-05
1e-05
0.00113813
1e-05
0.00748909
1e-05
0.064401
1e-05
1e-05
1e-05
1e-05
1e-05
1e-05
1e-05
0.0160874
0.00247322
1e-05
1e-05
1e-05
1e-05
1e-05
0.226979
1e-05
1e-05
1e-05
0.0108697
1e-05
1e-05
0.00375552
0.012705
0.304113
0.000145046
1e-05
1e-05
1e-05
0.0102114
0.0107203
1e-05
0.0164579
0.0153982
1e-05
0.00886395
0.0295645
0.0105245
1e-05
1e-05
1e-05
0.0870663
5.04787e-05
1e-05
0.00971423
1e-05
0.0110004
0.0159288
1e-05
0.00451759
1e-05
0.000659798
0.00133074
1e-05
1e-05
1e-05
0.0096131
1e-05
1e-05
1e-05
3.66566e-05
1e-05
1e-05
0.00912491
1e-05
0.00224027
1e-05
0.000175047
1e-05
0.010956
0.068744
1e-05
0.00248267
1e-05
1e-05
0.0371627
1e-05
0.0111449
0.00704198
0.0015262
1e-05
0.0109694
1e-05
0.00934399
1e-05
0.00766455
1e-05
0.0323391
1e-05
1e-05
0.00801961
0.00722365
1e-05
0.0192917
1e-05
0.00669718
0.0102505
0.0139616
1e-05
1e-05
0.0125202
0.00823637
1e-05
0.0119168
0.00311074
0.00275483
0.000159135
1e-05
0.00204148
0.000274164
1e-05
0.0386934
1e-05
0.00949479
0.000553937
1e-05
1e-05
0.0025855
1e-05
1e-05
1e-05
1e-05
0.000671633
0.00218319
1e-05
0.0253953
1e-05
0.050606
1e-05
0.000483504
0.00969015
0.193351
1e-05
0.00245365
1e-05
0.00283034
1e-05
0.017585
0.00486108
1e-05
0.108496
1e-05
1e-05
1e-05
1e-05
1.03908e-05
0.0012987
4.22899e-05
0.0207448
0.00667018
1e-05
1e-05
1e-05
1e-05
0.0165847
0.00162091
1e-05
1e-05
1e-05
0.00566662
0.00546749
0.000844022
0.162297
0.00808398
1e-05
0.00663013
1e-05
1e-05
0.00618302
0.00756345
1e-05
0.0363645
0.00731661
0.0111579
0.0144492
0.0105166
0.0031434
0.00290931
0.0137366
1e-05
1e-05
1e-05
1e-05
0.00755327
0.0015829
0.0323419
1e-05
1e-05
0.0331308
1e-05
0.00487404
0.002479
1e-05
0.00653322
1e-05
0.0182421
1e-05
0.00875088
1.02309e-05
0.000927923
1e-05
1e-05
1e-05
0.0199763
0.0156659
1e-05
0.00800421
0.00034415
3.34168e-05
0.000971035
0.0201624
1e-05
0.011459
3.09359e-05
0.00915999
1e-05
1e-05
1e-05
0.00515122
0.0107383
0.000339347
0.00328509
0.00449586
1e-05
0.0139579
1e-05
7.43047e-05
3.99424e-05
0.00542463
1e-05
1e-05
0.00250045
1e-05
0.0121571
0.0309656
0.00757851
0.0117503
1e-05
1e-05
1e-05
0.00117124
1e-05
1e-05
0.0217223
1e-05
1e-05
0.000497337
1e-05
1e-05
1e-05
1e-05
0.00322643
1e-05
1e-05
1e-05
0.00229368
1e-05
0.0248346
1e-05
2.91619e-05
0.013953
0.00190888
0.000166056
0.00147314
2.10452e-05
1e-05
0.00152184
0.0102197
0.00276118
0.00320715
0.00828276
1e-05
0.030457
0.0129521
0.009309
1e-05
0.0226877
0.000329318
1e-05
0.0115445
0.0035695
0.00742093
3.15232e-05
0.0113806
0.0672233
0.0469044
0.0132414
0.0362161
5.23669e-05
0.020193
0.00169385
0.000144266
0.0136865
0.0101456
0.0400239
5.63753e-05
0.000328776
1e-05
0.00860506
0.0146492
1e-05
0.0520513
0.000328826
0.00376838
2.45946e-05
0.00185793
0.000836803
1e-05
0.0113842
0.000204445
2.46366e-05
1e-05
0.016881
0.0261905
1e-05
1e-05
7.0178e-05
0.00655326
1e-05
1e-05
1e-05
1e-05
1e-05
1e-05
1e-05
1e-05
1e-05
1e-05
1e-05
1e-05
1e-05
1e-05
1e-05
1e-05
1e-05
1e-05
1e-05
1e-05
1e-05
1e-05
1e-05
1e-05
1e-05
1e-05
1e-05
1e-05
1e-05
1e-05
1e-05
1e-05
1e-05
1e-05
1e-05
1e-05
1e-05
1e-05
1e-05
1e-05
1e-05
1e-05
1e-05
1e-05
1e-05
1e-05
1e-05
1e-05
1e-05
1e-05
1e-05
1e-05
1e-05
1e-05
1e-05
1e-05
1e-05
1e-05
1e-05
1e-05
1e-05
1e-05
1e-05
1e-05
1e-05
1e-05
1e-05
1e-05
1e-05
1e-05
1e-05
1e-05
1e-05
1e-05
1e-05
1e-05
1e-05
1e-05
1e-05
1e-05
1e-05
1e-05
1e-05
1e-05
1e-05
1e-05
1e-05
1e-05
1e-05
1e-05
1e-05
1e-05
1e-05
1e-05
1e-05
1e-05
1e-05
1e-05
1e-05
1e-05
1e-05
1e-05
1e-05
1e-05
1e-05
1e-05
1e-05
1e-05
1e-05
1e-05
1e-05
1e-05
1e-05
1e-05
1e-05
1e-05
1e-05
1e-05
1e-05
1e-05
1e-05
1e-05
1e-05
1e-05
1e-05
1e-05
1e-05
1e-05
1e-05
1e-05
1e-05
1e-05
1e-05
1e-05
1e-05
1e-05
1e-05
1e-05
1e-05
1e-05
1e-05
1e-05
1e-05
1e-05
1e-05
1e-05
1e-05
1e-05
1e-05
1e-05
1e-05
1e-05
1e-05
1e-05
1e-05
1e-05
1e-05
1e-05
1e-05
1e-05
1e-05
1e-05
1e-05
1e-05
1e-05
1e-05
1e-05
1e-05
1e-05
1e-05
1e-05
1e-05
1e-05
1e-05
1e-05
1e-05
1e-05
1e-05
1e-05
1e-05
1e-05
1e-05
1e-05
1e-05
1e-05
1e-05
1e-05
1e-05
1e-05
1e-05
1e-05
1e-05
1e-05
1e-05
1e-05
1e-05
1e-05
1e-05
1e-05
1e-05
1e-05
1e-05
1e-05
1e-05
1e-05
1e-05
1e-05
1e-05
1e-05
1e-05
1e-05
1e-05
1e-05
1e-05
1e-05
1e-05
1e-05
1e-05
1e-05
1e-05
1e-05
1e-05
1e-05
1e-05
1e-05
1e-05
1e-05
1e-05
1e-05
1e-05
1e-05
1e-05
1e-05
1e-05
1e-05
1e-05
1e-05
1e-05
1e-05
1e-05
1e-05
1e-05
1e-05
1e-05
1e-05
1e-05
1e-05
1e-05
1e-05
1e-05
1e-05
1e-05
1e-05
1e-05
1e-05
1e-05
1e-05
1e-05
1e-05
1e-05
1e-05
1e-05
1e-05
1e-05
1e-05
1e-05
1e-05
1e-05
1e-05
1e-05
1e-05
1e-05
1e-05
1e-05
1e-05
1e-05
1e-05
1e-05
1e-05
1e-05
1e-05
1e-05
1e-05
1e-05
1e-05
1e-05
1e-05
1e-05
1e-05
1e-05
1e-05
1e-05
1e-05
1e-05
1e-05
1e-05
1e-05
1e-05
1e-05
1e-05
1e-05
1e-05
1e-05
1e-05
1e-05
1e-05
1e-05
1e-05
1e-05
1e-05
1e-05
1e-05
1e-05
1e-05
0.00632527
1.03837e-05
0.000964851
1e-05
1e-05
0.0170761
0.00180639
0.0143396
0.00923167
0.0235019
9.93129e-05
0.0673707
1e-05
0.0300847
0.00210724
0.022309
0.000278647
0.000341488
9.98508e-05
0.00334026
1e-05
5.74154e-05
1e-05
0.000865496
0.0152214
0.000381204
1e-05
5.68539e-05
0.00765081
0.0647559
9.09902e-05
0.00147577
0.0183807
0.000134632
0.1023
0.00209772
1e-05
0.000133357
0.263308
0.00359772
0.113414
0.0419437
1e-05
0.00567251
0.00135376
1e-05
0.0255045
0.000362307
0.00146318
1e-05
1e-05
0.000509801
0.0216924
1e-05
0.000113573
0.00739305
0.0369394
0.000471215
0.00194014
0.0106794
0.154269
0.000560265
0.000207923
0.000127401
0.000104877
0.00205658
1.11593e-05
1e-05
1.58855e-05
0.00023617
0.00217791
0.00635968
1e-05
1e-05
0.00501963
1e-05
0.000685969
0.000121974
1e-05
0.0011311
0.00679478
0.0307705
0.000813424
0.010615
2.97681e-05
0.0411624
0.0345624
0.00582727
3.16408e-05
0.000947757
0.00032999
0.000696314
0.00707826
1e-05
0.000504276
0.00189659
0.048189
0.000763632
0.368257
7.69169e-05
0.001555
0.00474881
0.138125
0.00688478
0.00719697
0.026708
1e-05
0.0263062
0.00381091
0.0295968
0.0524496
0.000110815
0.000551779
8.36792e-05
0.000168378
0.0208391
0.000153116
1.52789e-05
4.19089e-05
1e-05
0.00116491
7.08596e-05
0.00254342
1.35406e-05
1e-05
3.9271e-05
1e-05
4.64861e-05
0.00543881
0.062114
1.28564e-05
1e-05
0.000244775
0.0507232
0.00699863
0.0749126
0.0180214
0.00106988
1e-05
0.000252992
0.0172249
2.56628e-05
0.000479271
0.0182332
0.00862483
0.00115262
0.00626661
0.00811392
0.0151445
0.0916556
0.000656534
0.047623
0.0173898
0.000253125
0.00439878
0.00785909
1e-05
1e-05
0.00142539
2.57819e-05
1e-05
0.0270558
0.000108375
0.000657631
0.00235596
0.0052774
0.0100596
6.95963e-05
0.000979061
0.00221137
1e-05
0.000837268
2.35627e-05
0.000128917
0.0109594
1e-05
0.00828481
0.000164334
0.000476281
0.000119354
3.29895e-05
0.00605182
0.0161857
0.002048
0.00485607
0.00444569
0.189998
0.00462848
6.46497e-05
0.00437612
2.70221e-05
0.000143342
0.00114717
3.25942e-05
0.0369274
0.000416736
2.47881e-05
0.0184194
1e-05
0.00429686
0.281684
0.0346834
5.13345e-05
6.68895e-05
0.000553732
0.00648051
0.0121731
0.00159628
0.00123152
1e-05
0.00053036
1e-05
0.00496732
1e-05
1.0019e-05
0.000785254
0.000216828
0.0136265
0.0204668
0.0279895
0.000551342
0.00095785
1e-05
0.00214221
0.0466288
0.00109068
0.00380948
4.99123e-05
0.0101415
0.00944126
0.0196866
1e-05
0.00199797
0.000882564
0.0120694
0.0003341
0.000383909
6.97946e-05
0.000221161
0.0372175
7.56964e-05
0.197981
0.0005955
1e-05
0.022022
0.00939189
0.00600911
1e-05
0.00352041
0.000320585
1e-05
0.0605989
0.0021189
1e-05
0.0116488
5.1642e-05
0.000229276
5.44727e-05
0.0133087
1.28302e-05
0.00498026
1e-05
0.000736524
0.000600919
3.03425e-05
0.000466726
0.0126132
0.000622304
0.0251111
0.00392925
0.0124471
0.0937171
0.000329413
0.015081
2.95449e-05
1e-05
0.000383898
0.0010679
0.00358184
1.20266e-05
0.00240279
0.197023
0.00694709
0.00402047
0.00727168
9.78839e-05
0.103527
1e-05
0.00252642
1e-05
0.0229264
1e-05
0.0130647
1e-05
7.43049e-05
0.0822748
3.73492e-05
0.00580096
0.00376201
0.00241849
0.0119901
1e-05
2.74093e-05
0.0243878
0.00740819
0.00182582
1e-05
0.184895
0.00121147
0.241626
0.000220948
0.00482867
0.0370954
0.000575794
3.72263e-05
1e-05
0.0301631
0.00419142
0.00915801
3.45997e-05
0.0203606
0.000144085
1e-05
0.000187785
0.00560576
0.00974069
1e-05
0.0220017
0.0595
0.00292547
0.0067993
0.000240755
0.00160705
0.00320383
0.0418171
0.00119986
0.00211418
5.33171e-05
0.00150016
0.0105389
0.00265551
0.00217498
0.0011998
1e-05
0.0152538
0.00661981
4.73415e-05
0.00197427
5.4581e-05
0.000331139
0.00703278
0.000353854
0.00989656
0.00112439
0.00176947
0.00538023
0.0743737
0.000170471
0.0710697
0.000393384
1e-05
0.00260849
3.72587e-05
0.0011377
0.0168351
0.269372
0.0321021
0.0894877
0.250208
0.00521805
0.02698
0.0202133
0.00658228
0.00215314
0.000263561
0.00107633
0.0412003
0.000409967
0.00455397
0.00151618
0.0386822
0.00164191
0.0157857
0.0103021
1e-05
1e-05
0.00501634
8.98201e-05
1e-05
0.000111449
0.000117116
0.00598554
0.000467569
1e-05
0.0264104
0.0113774
0.000547665
0.00865089
0.000105291
0.00045397
0.00585975
8.67905e-05
0.00686638
0.09611
0.000671002
0.000451736
0.0185827
0.00292556
1.88604e-05
0.00814333
0.0039071
0.0843044
0.0106479
0.00290311
0.001231
0.00744071
0.0105037
0.0104891
0.0163435
0.00122568
0.00121211
0.0013205
0.00528706
0.0279035
0.00433162
0.0105583
0.00159038
0.0750896
0.00787827
0.000161739
0.0399962
0.00525689
0.000707806
0.0512705
0.0471362
0.00496861
0.00038677
0.00059861
0.00197174
0.0378738
0.0137867
0.00724293
0.0524546
0.121525
0.00212461
0.000200545
0.00317084
1e-05
0.00660968
1e-05
0.00746553
0.00162691
0.0271271
0.159024
0.0286972
0.000803324
0.0034667
0.193982
0.00334723
0.0022641
0.000119991
0.0269357
0.0104739
0.000715066
0.0130564
0.0343222
0.00860555
0.0134966
0.00218901
0.000478722
0.00139649
0.0242977
1e-05
0.000213595
0.00450026
1.20306e-05
0.00177629
0.0403563
0.10884
0.000665252
0.00588485
0.0091646
1.00939e-05
0.0390343
0.000390586
0.000759871
1e-05
0.000305891
0.0163323
0.000320823
0.0032703
0.0209415
0.0215416
0.00744379
0.215167
0.123062
1e-05
0.209827
0.00809511
0.164013
0.00373602
1e-05
1e-05
0.00208115
0.00189868
0.0122801
0.081129
6.85797e-05
0.010242
0.102019
0.00957294
1e-05
0.019208
0.0397866
0.000100741
0.0134056
0.0012277
1e-05
0.000441399
0.00130698
0.00771769
0.00463057
0.0129741
2.26392e-05
0.0012123
0.000748358
0.0328076
0.00162899
0.00780838
0.000850873
6.51183e-05
0.0210851
1e-05
0.0250144
0.0358094
0.00540154
0.00427512
0.0973444
0.00093715
0.00185804
0.00548904
3.08682e-05
0.0373711
0.110583
0.0103898
0.03631
0.000337125
0.00790161
0.0384077
0.0242655
0.00614106
0.000346269
1e-05
0.00683976
0.000508246
0.00373947
0.00935329
1.49021e-05
0.0226822
0.000368081
0.00125119
0.0496525
0.0139784
0.00760169
0.000495253
0.000585086
0.000899131
0.00955384
0.00593302
1e-05
0.316615
0.000445544
1e-05
8.51968e-05
0.183435
0.00970435
1e-05
1.80674e-05
0.00296601
0.010329
0.0101669
0.000839605
0.0150962
0.245888
0.241956
0.00249708
0.000646768
0.000191363
1e-05
0.000791017
0.00120165
0.000983842
0.0148903
7.71889e-05
1e-05
0.00106517
0.000817455
0.0137151
9.7086e-05
4.60112e-05
0.181784
0.00463694
0.0444181
0.0600586
1e-05
0.000374951
0.00747317
0.00246769
4.1692e-05
1e-05
1e-05
0.000116608
1e-05
0.0185572
0.00176489
0.00197537
0.00759843
0.0276358
0.0111375
0.00589041
1e-05
8.94253e-05
0.00672482
0.00138881
0.000686382
1e-05
0.00231024
0.00277953
0.0292615
0.00495294
0.000803106
0.00378999
0.0172364
1e-05
0.0922462
3.7613e-05
0.0233183
0.198557
0.041054
0.135705
0.0008428
1e-05
0.000181535
1e-05
0.000483569
1e-05
0.000449483
0.0218909
0.00732558
0.00209703
1e-05
0.00692254
0.00170312
0.00102173
1.65741e-05
0.000100715
0.0394653
0.00454413
0.00279499
0.00317483
0.000363655
0.000753159
0.107446
1e-05
0.00940703
4.28584e-05
0.006949
0.141774
0.000839879
0.0205434
1e-05
0.254671
2.90182e-05
0.0172278
0.00136776
0.00159497
0.0170081
1e-05
0.00372046
0.0151976
0.0108928
0.00233531
1e-05
0.00577903
0.000657742
0.00194141
0.000226578
0.00359622
1e-05
0.000115159
0.0203821
0.00454696
0.000797622
0.0157605
0.00641513
0.0246539
1e-05
1e-05
0.0090297
0.0302288
7.73429e-05
0.00203115
1e-05
0.00175962
0.00721711
0.0445056
0.0205618
0.000758977
0.0215671
0.0189386
6.65784e-05
1.50138e-05
8.02783e-05
0.00376099
0.00483546
0.0150694
0.000101745
0.00233883
0.0139433
1e-05
0.000420252
0.0001073
0.00138647
0.0101639
1e-05
0.000225013
0.00995809
3.10217e-05
0.00292444
0.0072551
0.00266802
0.223855
1e-05
1e-05
0.261239
0.0153249
0.0368411
0.00090674
0.0210341
0.0112409
0.000222479
5.56157e-05
0.105944
3.15029e-05
1e-05
1e-05
0.19139
1e-05
0.0169586
1e-05
4.78744e-05
0.0346593
1e-05
0.00318734
0.0816229
0.000218011
0.000611146
0.0024189
0.00211776
0.000219589
0.000529519
0.000433335
0.00171375
1e-05
0.00568283
0.000575314
0.0296759
1e-05
1e-05
1e-05
0.0123177
0.00149027
0.00110737
0.000416761
0.00347249
8.68021e-05
0.0185877
8.63715e-05
0.00184585
0.0112546
0.0212082
0.0010158
0.000779071
1e-05
1e-05
0.00073872
0.18394
0.21419
0.00150434
1e-05
1.74412e-05
0.000597254
0.000109399
0.0156709
0.00056828
0.0023926
0.000462186
1e-05
0.0233
0.00178019
0.000902799
1e-05
0.00238104
0.00544711
0.00992662
0.0338402
0.00331588
0.0513196
1e-05
0.0131396
0.00508393
0.00281154
0.0429143
0.000839187
1e-05
0.00406039
0.00155453
0.0190455
0.000475388
1.52083e-05
1e-05
0.0106226
0.0110898
0.000149028
0.0116877
8.64554e-05
0.000226117
0.000214374
6.60054e-05
0.000148396
1.00204e-05
0.00196434
0.0159975
0.0012016
0.00504587
1e-05
1e-05
7.48759e-05
6.57902e-05
1e-05
1e-05
0.000464555
1e-05
0.00744679
0.00217939
0.0264115
0.0314374
0.000534369
0.00675821
0.00263633
0.00213524
0.000369676
1e-05
0.00104657
0.287366
8.47266e-05
0.00346785
0.285655
0.00129501
0.00577659
0.0100056
1e-05
0.00607242
0.044563
1e-05
0.00284893
0.0028767
0.00160989
6.11125e-05
0.00799977
0.00345529
0.000432162
0.000230457
0.00162666
0.000861233
0.0105385
0.000176903
0.212352
0.0123563
0.00191358
0.00501875
0.000308532
0.0177692
1e-05
0.00510585
0.00563678
0.00277617
0.0148618
1e-05
0.00522286
0.000204658
0.00492384
0.00115402
0.137693
0.0335173
0.014287
0.000169345
0.000865159
0.00126882
0.00104779
0.00344875
0.000277696
1e-05
0.10655
0.00122581
0.000212403
0.0434656
0.25438
0.000103333
0.0287883
0.00754721
0.00213417
0.00442565
1e-05
0.000759393
0.00109995
0.00537879
1e-05
0.0237257
0.000205322
0.000446065
0.00205096
0.000877087
0.00112856
0.0320542
0.000139255
0.00344104
0.000145083
0.0289787
0.00252263
0.000450386
0.000163856
0.0056299
0.00280317
4.69327e-05
0.000142021
0.0231771
0.0548576
0.00768328
0.00614104
0.000360779
0.00106053
1e-05
0.000121608
0.00945593
0.0002199
0.00113924
0.364531
0.295213
0.000550665
0.000725442
0.00925274
1e-05
1.40336e-05
1e-05
1e-05
5.58864e-05
0.00161613
0.00182099
0.00114195
0.000642287
0.00112716
1e-05
0.152205
0.000660136
0.0254622
0.00440331
0.00240331
0.00137589
0.000302724
0.000877304
0.0420554
0.00812842
0.000658808
0.00224588
1e-05
0.00125217
0.0112479
0.00376465
0.0362252
0.00120531
0.00291928
2.41212e-05
4.09162e-05
0.0524516
0.00205256
0.00164164
0.00929039
0.000493712
0.000160205
1e-05
0.000158716
1e-05
0.00141084
0.00979033
1.16114e-05
0.00102363
0.0040549
0.000196275
5.16024e-05
0.00390815
0.00919112
0.0015768
0.00254464
0.000898511
0.000296278
1e-05
0.00752913
0.0233421
0.00493296
0.00520138
0.00326131
0.000168534
1e-05
0.00721477
0.0019728
0.00152938
1e-05
9.59295e-05
0.379444
0.0147955
1e-05
0.00763378
1e-05
0.000111314
0.0026737
0.00158785
0.000879255
0.00207825
7.16477e-05
0.0710531
0.000382336
0.0078826
0.00478922
1e-05
1e-05
1e-05
0.00292292
0.106402
1e-05
0.000824835
0.000895741
0.0376422
0.000227089
0.000971505
0.00390286
0.00607288
0.0149637
1e-05
1e-05
0.00232482
1e-05
0.000152588
0.0247838
1e-05
0.00107594
3.66898e-05
6.56075e-05
0.00356673
0.000550853
0.00637711
0.0172561
0.00031446
0.00614587
0.00934697
0.0117133
1e-05
0.0025484
0.0402359
0.00229238
0.232602
0.00139621
0.00604291
1e-05
0.0181212
0.00256262
0.00318411
1e-05
0.0627773
0.00206877
0.00173661
0.00143954
0.297547
1.02316e-05
0.000358298
0.000154508
0.000642293
0.00139044
0.000119092
1e-05
1e-05
0.000833582
0.000227936
0.001241
0.0013525
1e-05
0.000438537
1e-05
0.00744731
0.00070635
0.00402282
0.00161378
0.000358553
1e-05
1e-05
1e-05
3.83986e-05
0.00371527
0.000313581
0.00113491
0.0107431
0.00160196
0.000112735
0.284747
0.00387153
0.0197132
1e-05
1e-05
0.00323644
8.93049e-05
0.0668143
0.000338009
0.00968107
0.306072
1e-05
0.00432201
0.00332151
0.00236286
6.85571e-05
0.00150985
0.000642371
0.102626
0.00206038
0.00303482
0.165103
1e-05
0.000639238
0.000128896
0.0016852
1e-05
0.000228755
0.00030059
0.0108345
0.00701191
0.00642507
0.000118347
0.00692213
1e-05
0.00636616
0.00110229
0.000216164
9.47159e-05
0.0146025
0.0359605
8.53485e-05
0.230771
0.0012062
4.65466e-05
0.000223496
0.00145601
3.1226e-05
0.00153781
0.00411291
0.0147032
0.00576623
0.000320736
0.00011171
7.58213e-05
1e-05
0.00209256
0.000535243
0.00888238
0.00183871
1e-05
0.000894665
1e-05
0.0172211
0.00842854
0.00744774
3.03544e-05
0.292182
0.000106611
0.00105647
0.00116193
0.0046991
0.00769256
0.000623849
0.00124997
0.00768489
0.185554
0.262764
0.00122578
0.00581126
1e-05
0.00213694
0.00353025
0.0043109
0.00370144
1e-05
0.000702696
1e-05
1e-05
2.48078e-05
0.156688
1e-05
1e-05
0.000644288
0.0309214
1e-05
0.337538
0.00875584
3.04133e-05
0.185716
0.000118162
0.00238863
0.00832068
0.0087914
0.0153017
0.000506128
0.00311667
1.3316e-05
0.21891
0.0217195
0.00236313
0.0350054
0.00295673
0.0101295
0.0157714
0.0649864
1e-05
0.00779208
0.00625227
0.00288081
1e-05
3.58334e-05
0.00624595
0.0281542
1e-05
0.00157537
0.00607095
0.0056647
0.0186592
0.0114839
0.0116251
1e-05
1e-05
0.0206145
0.0132856
1e-05
0.00142732
0.0018729
1e-05
0.0116506
1e-05
0.00721444
4.74737e-05
0.00085365
0.000204833
0.000665832
0.031427
0.00292947
4.05771e-05
1e-05
0.000347458
0.000626313
0.0313935
0.00154812
0.00051061
0.000752696
0.183393
0.00198578
0.000109047
5.25411e-05
0.0295469
0.0108179
0.00727793
0.00253781
0.000849195
0.000574043
0.0179265
1e-05
0.00394632
0.0447147
0.00842825
0.000614705
0.000128359
0.0111934
0.000174559
2.13446e-05
0.000145635
0.000723916
0.00949375
1e-05
0.00128487
5.34734e-05
0.00872018
0.00202172
0.000361099
0.000955404
0.00470436
0.000472047
1e-05
0.0071842
0.0186877
0.000112592
1e-05
0.0031606
1e-05
0.0132733
0.00145014
0.0467293
0.00321685
0.0203296
0.0278937
0.00566854
1e-05
0.0230792
0.119634
0.00229252
0.00368707
0.0494404
0.000145658
1e-05
0.000109562
0.000543632
0.00011968
0.00408249
0.000662856
0.00138205
0.0014284
7.39334e-05
0.0249002
0.0282273
0.000254176
1e-05
0.0342877
0.0142724
0.000742445
0.292439
1e-05
0.000719371
0.0067052
0.000449705
0.00556181
0.00117263
0.07228
0.00997258
0.0689732
0.144899
0.00747632
1e-05
1e-05
3.70843e-05
0.038633
0.00915543
0.000776139
2.27156e-05
0.00288458
0.00510614
0.000205958
0.0011804
1e-05
0.0184494
0.000169726
0.00191822
0.00576494
0.0332204
0.000923525
1e-05
0.000288624
0.00122782
0.18718
1e-05
0.0881114
0.090906
0.0372818
0.000142199
0.00069396
0.032535
0.00131493
0.00357356
1e-05
0.0325581
0.00333749
0.00127093
1e-05
0.0122951
0.00711746
8.29624e-05
0.00627478
0.170046
0.000102243
0.000806792
1e-05
0.00791206
0.00639806
0.0386339
0.00736356
0.00318687
0.000522621
1e-05
0.000130107
0.0235173
0.0205388
0.00135845
0.00105284
6.66653e-05
4.29167e-05
8.26257e-05
6.99365e-05
0.0425268
0.000489862
0.013157
0.000144025
1e-05
1e-05
1e-05
0.00901806
0.0708901
0.0743733
0.000405645
0.00610233
0.0130337
0.00249366
0.000531278
0.000272191
0.000941864
0.00403414
0.0155645
0.000411896
0.000118345
0.000226383
0.234298
0.0554938
1e-05
0.0105466
0.0091456
3.82669e-05
0.00132655
8.94285e-05
0.00950493
0.0463901
0.000147228
0.00220259
1e-05
0.0273073
0.000249794
0.000637327
0.00519789
0.00849904
9.39699e-05
2.32024e-05
0.000452923
0.000138927
0.00786954
1e-05
0.0069131
1e-05
4.12949e-05
0.00579307
1.71551e-05
0.000129141
1e-05
0.0265049
0.00198858
0.000155758
2.30656e-05
0.00950134
0.0251417
0.00379786
1e-05
0.00707506
7.26062e-05
0.0295297
0.0556551
0.00485682
0.00311045
1.07201e-05
4.88712e-05
0.0365778
0.0239333
1e-05
0.000131394
0.000111252
0.0784066
0.000190457
0.00260683
0.0114209
1e-05
0.00263157
5.52654e-05
1e-05
0.0105574
0.000448908
0.00173522
0.00061863
1e-05
0.000322404
4.21135e-05
1e-05
4.67206e-05
0.118213
0.0189572
0.124115
0.000152545
0.000601806
1e-05
0.00944973
0.0022982
0.0132201
0.103317
0.0990105
0.360505
0.000889266
7.06222e-05
0.00710981
0.0782478
0.000278921
0.00204955
1.35583e-05
0.0700678
8.06969e-05
0.000111552
1e-05
5.96833e-05
0.00123206
0.00109663
0.149209
0.0266521
0.00126613
0.00532622
0.0241786
0.00462544
0.0134928
0.084203
0.000475041
3.88469e-05
0.0660525
1e-05
0.000224116
0.00806431
5.45631e-05
2.58139e-05
0.326228
0.275175
0.000180733
0.00627633
0.0374647
0.000448017
0.00887608
0.00335819
1e-05
1e-05
0.00190013
0.00197881
0.0108202
0.00268916
0.00962937
0.0242672
0.0737326
1e-05
0.0739089
0.000753283
0.231464
0.00376098
0.00842485
1e-05
0.0021342
0.000174203
0.0588103
0.00011606
0.00976408
0.0091603
0.0113554
0.000221495
0.141893
1e-05
0.000665013
1e-05
0.129676
0.00460895
7.69885e-05
6.64899e-05
0.0123259
0.00197164
0.0107253
1e-05
0.0230844
0.0112498
0.00144633
0.00248689
0.00364142
0.0645001
0.000100422
1.03282e-05
0.00919549
0.00140756
3.65554e-05
0.0338345
0.155915
0.0387355
0.0977276
0.0776393
3.27746e-05
5.6667e-05
0.00256272
0.0429223
0.00108783
0.0282097
0.0263139
0.00355762
0.0377429
1.00748e-05
1e-05
0.0806602
0.0296991
0.268174
1e-05
0.175929
0.00835711
0.00195573
0.00304172
0.0929079
0.000131823
1e-05
0.0107414
0.00151519
8.9712e-05
0.000364154
0.0165776
0.00099097
0.00104701
0.0647506
6.8619e-05
1e-05
0.000465561
0.184706
1.04537e-05
0.00186311
0.00252366
0.232845
5.9229e-05
0.00776021
0.00444094
1.49257e-05
6.47313e-05
0.00123676
0.00341805
0.00218176
0.00215749
0.00331202
0.000175793
0.0178047
0.000160243
0.099524
0.0727079
0.00986829
0.00220163
8.52621e-05
0.00181945
0.000931814
0.0057933
0.00201307
0.00371541
5.8098e-05
0.000897989
0.00185606
0.0282281
0.00288158
1e-05
1e-05
1e-05
0.00144
0.0012676
0.00776548
0.0248307
0.000331703
0.0679379
0.209269
5.30055e-05
1e-05
1e-05
0.00246788
0.00140583
0.0349433
0.0684306
0.0243792
0.305531
0.003312
0.00423838
0.00341165
0.00127682
0.00737684
0.288011
0.0036304
1e-05
0.00550519
1e-05
1e-05
7.77929e-05
8.59995e-05
0.00812059
0.000340922
0.0207868
0.00535632
0.142497
0.0039811
0.000688351
9.79398e-05
1e-05
0.000131064
4.49779e-05
0.0223284
0.0175724
0.00130339
0.0230747
0.289925
0.216992
0.109707
0.0214491
1e-05
1e-05
0.242138
0.00196904
0.00120596
0.000277097
1e-05
1.27828e-05
0.385446
0.000729876
1.9941e-05
1e-05
0.000870924
0.00874859
0.000368785
0.000141897
1e-05
0.000394256
0.000814032
0.0251487
0.0157694
0.0206856
0.0334382
0.00212756
0.0001317
0.0201592
0.0490081
0.000276465
0.00151446
0.00491871
0.000310992
6.36974e-05
3.69068e-05
0.00181479
2.35981e-05
1e-05
6.06557e-05
1e-05
0.000152126
1e-05
0.22975
4.35123e-05
4.78825e-05
0.000112068
1e-05
0.00241594
0.0522236
0.000255327
9.78099e-05
0.00126741
1.56012e-05
1.58631e-05
0.0278032
0.034363
0.00243147
0.00130474
1e-05
0.000249169
0.019502
1e-05
0.000512062
8.96305e-05
0.000759226
0.000259298
1e-05
0.00166948
0.000239045
0.00257576
1e-05
0.0103032
0.000114338
0.0426696
3.10652e-05
4.31089e-05
1e-05
0.00285974
0.0336737
0.000176256
0.137903
4.1265e-05
1e-05
0.000233807
0.00340023
0.239674
0.0407908
0.380555
0.000538084
1.3626e-05
0.00323773
0.000319695
0.00623701
0.000177019
6.19295e-05
0.000365371
0.000249806
0.000323321
0.0136496
0.000702578
0.00191148
0.143158
0.0431455
0.0673631
0.337008
0.00045747
1e-05
0.000226187
1e-05
0.0818172
0.00218175
0.0551062
0.0126985
0.00010196
0.00232427
1e-05
0.0302387
0.22009
0.00403591
0.0122338
0.0288975
0.0440751
9.13126e-05
0.000321945
0.187888
0.0348519
0.0514053
3.30224e-05
1e-05
0.00477307
0.0103319
9.52744e-05
0.000308599
0.282539
1e-05
0.000717496
0.00113382
0.00377012
0.0017742
0.241483
1e-05
2.70726e-05
1e-05
0.000319901
0.00504346
0.000509259
0.00751875
0.000345608
0.00586599
0.196056
1e-05
0.000118303
0.00407042
1e-05
0.0036262
0.0041289
0.00134139
4.6487e-05
0.0082097
1e-05
0.162442
4.15952e-05
0.00667135
0.0705437
1e-05
0.000636105
0.000448424
0.001862
0.256042
1e-05
0.00031976
0.0163727
1e-05
1e-05
5.15111e-05
0.112287
1e-05
0.00168039
0.00311703
0.00020748
0.100743
0.0271324
1e-05
0.000280264
1e-05
0.0228942
0.00311143
0.197346
0.2276
0.0136509
0.00145745
0.17084
1e-05
0.00804947
1e-05
0.00684546
0.125924
0.00037039
0.00110252
0.00609809
0.00187014
0.0618353
0.25156
0.00103294
0.000559913
1e-05
0.0142994
0.000429603
0.0034439
1.54719e-05
0.00663996
0.000668851
1e-05
0.00384705
0.000783632
0.0121115
0.000323713
0.000534594
1e-05
0.00123985
0.000449676
0.000243582
0.00622994
1e-05
9.20241e-05
0.152595
0.000499635
1e-05
0.0840823
0.327419
0.0374767
0.0421907
0.015922
5.6717e-05
0.0980061
0.000519179
0.313497
0.000361036
1e-05
1e-05
0.00221906
0.0596077
1e-05
0.0207972
6.81731e-05
0.000239196
0.269736
0.0101271
1e-05
1e-05
0.0060468
0.0232123
0.00610097
0.000196307
0.00495328
0.000122687
0.00654638
0.0101724
0.00322697
0.000445524
0.00173654
1e-05
8.08117e-05
0.228852
0.00683497
0.247635
0.113848
1e-05
6.27555e-05
0.200066
1e-05
0.044018
0.214412
1e-05
0.00185585
1e-05
1e-05
1.35686e-05
0.217852
0.00062017
7.41675e-05
0.109022
0.000808523
0.00023809
0.00574691
0.000495983
0.000255872
2.61282e-05
1e-05
0.0506201
0.14054
1e-05
0.00588001
0.00098304
1e-05
1e-05
0.263793
0.00105194
1e-05
0.155177
0.0460203
0.00588477
5.63387e-05
0.0378148
6.47963e-05
0.0227246
0.00030236
0.149282
1e-05
1e-05
1.28754e-05
0.00163763
0.00437939
0.000143421
0.00114353
0.00834678
1e-05
0.000985144
0.00683781
0.0185743
0.0313121
1.57181e-05
0.000962892
0.000957658
6.47681e-05
0.00135377
0.0224778
0.117311
0.0487516
4.75969e-05
0.00106458
0.128098
0.00876786
0.091182
0.011319
1e-05
0.18313
8.20115e-05
1e-05
0.00846321
0.287431
1e-05
1e-05
1e-05
1e-05
0.000252799
0.00733759
1e-05
1e-05
0.00819125
0.0440713
0.000108563
0.075939
1.18768e-05
0.203985
0.0202468
0.23731
0.25519
1e-05
0.298427
1e-05
0.00396015
0.0004031
0.00167145
0.123528
0.00120675
0.00119895
0.010032
0.0108269
9.09988e-05
0.0396829
0.000739102
1e-05
0.0294047
0.0137302
0.0366134
1e-05
1e-05
0.261593
9.81088e-05
1e-05
1e-05
2.53652e-05
0.00715159
0.00810292
0.138543
1e-05
1e-05
0.000978966
0.00030218
0.0331703
0.0411608
0.00147919
0.00122555
0.00400539
0.125449
0.00120509
0.034012
0.167659
1e-05
0.0142108
0.0456388
1e-05
1e-05
0.000280003
6.9831e-05
4.30745e-05
1e-05
0.265368
0.000360288
0.00113667
1.06455e-05
0.000136962
0.0112588
0.00432426
1e-05
0.26752
0.000596729
0.00156136
0.0196808
0.00437995
0.130359
1e-05
3.90798e-05
0.00182883
0.0119226
1e-05
0.00797732
0.00164943
0.0106242
0.000760059
0.354502
0.0546996
1e-05
0.000195205
1e-05
0.00673025
0.00066785
0.000359361
1e-05
0.0318269
0.320734
0.00496424
0.0993113
0.27351
1e-05
0.00107193
0.00645864
1e-05
0.0215514
0.0130343
0.0532995
0.0023251
0.000598038
0.00435969
1e-05
1e-05
1e-05
0.295076
0.000841738
1e-05
0.0824021
0.000677286
1e-05
9.73849e-05
0.0606753
0.0345476
4.33911e-05
1e-05
0.00452481
0.0050193
0.00629564
0.00269126
0.01022
0.268895
1e-05
6.57966e-05
1e-05
1e-05
0.000701085
0.000189171
0.000543293
1e-05
0.0694626
0.000591598
0.00946629
1e-05
1e-05
0.009205
0.262924
0.0500267
1e-05
0.041621
0.000592741
0.0342066
0.00194231
1e-05
0.132854
1e-05
8.09577e-05
1e-05
1e-05
0.273215
0.00682511
1e-05
0.00104494
0.00351565
0.000368025
1e-05
4.04729e-05
0.00953802
0.000888138
1e-05
4.34709e-05
0.135196
0.00963906
0.0076619
0.00166113
0.00033992
1e-05
1e-05
0.00492307
0.00682231
9.30133e-05
1e-05
0.00979211
1e-05
1e-05
0.354103
0.000311002
1e-05
0.00166302
0.000181033
0.00392814
0.124563
0.000128557
0.343363
0.0241701
0.00935696
0.0238173
0.061262
5.54693e-05
0.35179
1e-05
0.00889241
0.00319511
1e-05
0.00107554
0.00178121
0.00523357
0.0588181
1e-05
0.000462452
0.00224527
1.96975e-05
1e-05
0.000711388
1e-05
0.000693681
0.00151338
1e-05
0.00331464
0.207554
1e-05
0.26085
0.00158911
1e-05
0.00019267
3.49792e-05
1e-05
0.00125573
0.000787717
1.06277e-05
0.000252752
1e-05
0.00119784
1e-05
0.000303193
1e-05
1e-05
1e-05
1e-05
0.0014195
0.000429049
0.00596935
4.37313e-05
0.176961
1e-05
0.00316028
0.000297177
0.305391
1e-05
0.000566095
0.000229344
1e-05
1e-05
1e-05
0.00120903
0.0242188
1e-05
0.22947
0.0312484
0.000793981
0.000103433
0.00177887
1e-05
0.348164
1e-05
0.0482877
0.229184
0.239802
0.000112258
0.34942
1e-05
0.0196022
0.191221
0.00640689
0.000916556
1e-05
0.00305335
0.153497
0.0605562
1e-05
0.000830855
0.0078313
0.322731
0.0223265
0.0297567
0.00174856
0.00112716
0.344809
0.000214414
0.00534346
1e-05
0.0502597
6.90062e-05
1e-05
1e-05
0.00228734
0.0325332
3.17469e-05
1e-05
0.000152435
0.12418
9.86899e-05
0.00106396
0.000644612
0.000923853
0.319211
1.18387e-05
0.151685
0.00129559
0.000409199
1e-05
1e-05
0.000618142
0.000782141
0.00148819
6.57611e-05
1e-05
0.0199226
0.345117
1e-05
0.0154363
0.0001236
1e-05
0.000574849
0.166245
0.000249307
0.00266372
1e-05
1e-05
1e-05
0.00024748
0.0011129
0.0478658
1e-05
0.000374531
0.0107766
1e-05
0.000214479
0.000676832
0.202259
0.00752786
0.000904763
1e-05
0.00120925
0.000167352
1e-05
0.0017226
0.0101041
0.000670868
0.00193272
0.0368935
0.00155801
6.96975e-05
1e-05
0.00110019
0.00454913
0.00297429
0.00240456
1e-05
0.000715098
0.000354862
0.000198165
0.376594
0.336005
0.0033772
0.0928627
0.0669046
0.00143981
0.228628
0.00118756
1e-05
1e-05
0.0431545
1e-05
0.00012468
0.00883196
1e-05
1e-05
1e-05
0.000391834
0.0237206
1e-05
1e-05
1e-05
0.000410947
0.00102375
1e-05
0.000375889
0.00196296
0.127466
0.00102721
1e-05
1e-05
0.0576835
0.000892553
0.029239
0.00613053
1e-05
0.0441242
1e-05
0.0322187
0.00745982
0.000826988
0.126365
0.269551
4.85636e-05
0.00309106
0.00119466
0.0209587
0.000525724
0.273893
0.000975801
6.11845e-05
1e-05
0.000331042
0.35015
0.000795748
0.000298145
0.00510673
0.350233
0.263073
0.0945531
0.27964
1e-05
1.03251e-05
1e-05
0.113619
0.000310781
0.00760338
1e-05
0.133402
1e-05
1e-05
0.0620441
0.128226
0.0462619
1e-05
7.32624e-05
0.00538376
0.0192511
0.00758231
1e-05
0.000643387
1e-05
0.00114536
0.202356
0.00190368
1e-05
1e-05
0.0423363
0.160999
0.00449228
0.000592732
0.00472085
0.00258625
0.000182386
1e-05
0.000943553
0.0158204
0.000827125
0.233437
0.0011207
0.000201981
0.286872
0.000303755
1e-05
0.0970879
1e-05
1e-05
5.75665e-05
0.000743772
0.000983781
0.00273437
0.000535266
1e-05
9.50261e-05
0.000449631
0.0115966
0.00131053
0.0223121
0.00188267
0.237896
0.00501996
0.000402846
0.135299
7.00269e-05
0.02846
0.0435969
1e-05
0.000496476
0.0125545
0.00361597
1e-05
0.291433
1e-05
0.00179766
0.268021
0.0381252
0.00615369
0.00489234
0.00426941
9.98897e-05
0.00139641
1e-05
0.0441989
0.000150237
1e-05
0.233237
0.00193755
1e-05
4.08563e-05
0.00972448
1e-05
0.0257878
0.00142352
0.270985
0.00617285
0.262343
1e-05
1e-05
0.000479375
0.341117
0.0012958
1e-05
0.000117213
1e-05
6.99286e-05
0.00293298
5.50896e-05
0.240587
1e-05
0.104396
1e-05
2.30968e-05
0.0701129
0.000690541
0.0447667
1e-05
0.00593618
0.000260061
0.00634662
0.000535374
0.000617525
0.0377999
0.135893
0.000111573
0.0100312
0.000846331
0.000115041
0.00164012
1e-05
0.0150393
1e-05
0.000493343
0.00025259
0.000407538
0.00786002
0.204486
1e-05
1e-05
0.00330211
0.000393482
0.000523025
0.000940442
0.00772478
1e-05
0.00562268
1e-05
0.0104487
1e-05
1e-05
1e-05
0.000200045
0.000787468
0.0687535
0.000352487
0.279143
0.00237283
0.000329442
0.000159512
1e-05
0.000276703
0.108465
1e-05
0.000573746
0.000178084
0.00165503
1e-05
0.00525393
1e-05
0.0010025
5.24565e-05
0.358088
4.6255e-05
1e-05
0.00316661
1e-05
0.00434755
1e-05
0.00320497
0.000605226
1e-05
1e-05
2.85431e-05
1e-05
1e-05
0.00209641
3.17813e-05
1e-05
1e-05
0.00171383
0.00370387
1e-05
8.73996e-05
1e-05
0.00101664
0.00196138
3.81601e-05
3.68071e-05
1e-05
0.000287591
0.000717893
0.000641574
1e-05
0.00070973
0.00100977
1e-05
0.00120816
1e-05
0.00642194
0.0189068
0.00722168
0.0364735
1e-05
0.00324946
0.00456169
1e-05
6.40554e-05
1e-05
0.00866678
0.0184561
0.00486385
0.00794626
1e-05
8.40459e-05
6.61394e-05
0.243581
0.000283455
1e-05
3.33332e-05
1e-05
0.00017208
0.00152452
0.0262579
0.00512207
0.00825844
1e-05
0.074893
0.01206
0.00011126
0.00160538
0.000227814
0.000192944
1e-05
1e-05
1e-05
0.00323086
0.00687359
0.000280529
0.00954895
0.0080294
0.00696223
0.00197566
0.00674538
1e-05
0.00181237
1.83852e-05
0.0493201
0.000419049
0.000203011
0.00340919
0.275506
1.1769e-05
1e-05
0.0086385
0.00645443
0.00235352
1e-05
3.34763e-05
8.68438e-05
1e-05
1e-05
0.0156725
3.96374e-05
0.000235062
2.33688e-05
0.00912916
0.0212709
3.56477e-05
0.000196489
0.00119878
1e-05
0.000215418
0.000274157
1e-05
0.000699775
4.63022e-05
1e-05
6.5475e-05
1e-05
0.00892935
0.000131924
1e-05
0.0076498
0.0100443
0.00235046
1e-05
1e-05
0.000219564
0.000690777
1e-05
0.0151021
1e-05
0.00107297
0.000281462
1e-05
0.00606292
0.00359701
0.242291
1e-05
5.0524e-05
0.00747323
0.00804318
0.000865393
0.012281
0.000336455
0.0519923
0.0222552
0.000133193
1e-05
0.000118884
0.00210326
0.000483399
1e-05
0.000102382
1e-05
0.0142474
0.000106824
1e-05
0.0108092
1e-05
0.00017726
0.00245315
3.36579e-05
0.00108312
4.49341e-05
0.00230191
0.00163974
0.00301034
0.00135594
0.000142952
9.42128e-05
0.00780321
0.0121973
0.31341
6.15077e-05
0.00329537
1e-05
0.235351
4.67449e-05
0.00614682
0.000202687
0.000109833
0.00642546
0.00331972
0.00364595
1e-05
9.04589e-05
1e-05
0.00104208
0.0226756
0.00130622
4.59501e-05
1e-05
1e-05
0.00141357
0.000230901
0.000323168
0.269436
0.00379469
6.08036e-05
0.00979338
0.00154924
0.0127628
1e-05
0.000829827
0.0430297
0.00537023
0.0275001
0.00615321
0.00365086
0.000290448
0.00526019
0.0241461
1e-05
0.00600647
1e-05
0.000524678
0.0029427
1.58453e-05
1e-05
0.00943074
0.00955135
0.000178542
1e-05
1e-05
0.00797122
0.260481
0.000300078
0.00452721
0.00196276
0.0104955
0.00661598
0.0294669
0.000184043
0.000143016
0.076965
1e-05
0.00163964
0.000125968
0.0180132
3.20612e-05
0.00920581
0.00655126
3.52671e-05
0.0203878
1e-05
0.0529432
0.00424723
1e-05
0.00180165
0.000102364
8.25545e-05
0.00143225
8.06429e-05
0.00247656
0.000272173
0.0014913
0.00212206
0.0424132
0.0932213
0.00127494
1e-05
0.00416679
7.30775e-05
0.00221715
0.00526543
0.364734
0.00130113
0.00191656
3.90685e-05
0.0259109
7.96272e-05
0.0145958
1e-05
0.0248234
0.00865838
0.0487215
0.00162105
0.0105462
0.00609713
0.012429
0.0037511
1e-05
8.81238e-05
0.00252148
0.000927712
0.00122564
0.00437918
1e-05
9.61637e-05
0.00834808
0.00756788
4.01097e-05
0.0144273
8.50387e-05
1e-05
7.80086e-05
1e-05
1e-05
1e-05
0.00206843
1e-05
0.00197622
3.10503e-05
5.44078e-05
0.00968444
8.15995e-05
1e-05
0.00865749
0.00600021
0.00115105
0.0157932
0.0148069
0.00746565
1e-05
0.0134103
1e-05
0.00771954
0.00204006
0.0090828
0.0429691
0.00496256
0.0195701
0.000151631
4.27499e-05
0.00273472
0.00198731
6.48107e-05
0.000836804
0.00529874
1.38852e-05
0.00531232
1e-05
0.0116937
0.0066139
1e-05
0.00528718
0.000149747
0.000106168
0.000447357
0.00105951
5.58089e-05
0.00855174
1.25249e-05
1e-05
0.0234883
6.07857e-05
0.0135691
0.0014328
0.00258291
0.0134194
3.98695e-05
0.0089299
5.60225e-05
0.00137989
0.00808016
4.38356e-05
0.000220099
4.6797e-05
0.00208252
0.00710259
0.000247434
0.000695276
0.0219138
0.00015579
0.00214803
0.0011985
0.000183328
0.00518078
0.00202588
0.00657117
3.01143e-05
6.02005e-05
0.00135864
0.00791127
0.109994
0.00124405
0.00174406
3.80439e-05
0.00797278
0.00407246
0.000110605
0.283003
0.00238264
0.00534344
0.00678944
1e-05
0.00377158
0.0052433
1e-05
3.43633e-05
0.000308479
0.00404395
3.41184e-05
0.0286485
0.00372446
6.54516e-05
0.000481112
3.72855e-05
6.46985e-05
2.21874e-05
0.0170482
0.001151
4.19951e-05
1e-05
0.0220578
0.0153067
0.131049
2.62113e-05
0.00111661
0.00468017
0.00315211
1e-05
0.00277232
0.00161309
0.00897903
0.000967152
1e-05
0.0991305
4.49679e-05
0.00417022
5.27934e-05
1e-05
0.0168544
0.00461838
1e-05
0.0012917
1e-05
0.00134234
0.00257901
0.00299865
0.0240558
0.00323362
0.00820482
0.0287275
1e-05
0.0109144
5.20434e-05
9.70276e-05
2.7775e-05
1e-05
0.133063
0.00876222
0.0112145
3.5074e-05
0.000126689
3.39382e-05
0.00541176
0.0113598
5.82599e-05
0.154372
0.000311432
1e-05
0.000403733
0.000203088
0.0042355
0.0107201
0.000415861
0.000394095
0.0384529
0.0115671
1e-05
1e-05
0.314499
1e-05
0.00317788
0.00242999
0.00158182
0.00275456
0.000160674
1e-05
1e-05
1e-05
0.000624354
0.00668047
1e-05
0.00920432
0.0146039
0.0115581
5.51764e-05
4.0092e-05
0.00499694
4.49318e-05
0.00953722
1e-05
0.000182274
1e-05
7.64504e-05
2.51694e-05
0.00897644
0.00693996
1e-05
0.000136483
0.00575354
0.00221568
0.00171226
0.00343483
1e-05
0.00182472
0.00202412
0.0070313
0.00157308
0.0666776
1e-05
0.000270351
4.74573e-05
0.00797064
2.15932e-05
0.0075435
2.00684e-05
1.01668e-05
0.00703649
0.000345119
0.000259631
1e-05
0.0147699
0.00018237
0.000357007
1e-05
4.64367e-05
4.78694e-05
8.50435e-05
1e-05
0.045908
0.000158629
0.00831515
0.0045737
0.00111919
0.00793162
1e-05
2.75553e-05
0.00381953
1e-05
0.0114915
8.64811e-05
1e-05
0.0425775
0.205862
0.000419049
0.0617524
0.0524838
0.00150341
0.0661498
1e-05
1e-05
1e-05
1e-05
0.10863
0.0104008
0.000145257
1e-05
0.00196923
0.000242886
1.40602e-05
0.00151506
1e-05
0.000744112
0.011522
0.00286259
3.21743e-05
0.00819699
0.000636103
0.00751657
1e-05
1e-05
0.000247269
0.0143613
0.124644
0.0188354
2.17248e-05
0.0105663
0.000134864
0.00744529
0.000395028
1e-05
0.00050949
0.000575181
3.37838e-05
0.00156272
0.111694
1e-05
0.0406548
0.0743284
1e-05
1e-05
0.00161006
1e-05
0.00793063
0.017471
0.0796018
1e-05
0.00583907
1e-05
2.17113e-05
1e-05
1e-05
0.013589
0.0175875
0.000631524
0.000687051
0.0417397
0.00575569
0.00407497
3.87681e-05
0.0262079
1e-05
2.04664e-05
0.0121335
1e-05
1e-05
0.0240343
1e-05
0.0132854
0.00256779
0.00934422
0.000672034
1e-05
0.0021933
0.0080654
0.00117072
0.00932726
1e-05
0.0139573
1e-05
1e-05
3.9498e-05
1e-05
1e-05
1e-05
2.30106e-05
0.00745578
4.04782e-05
0.00190281
0.00100726
0.00801984
0.135732
0.00082635
0.150017
0.000190227
0.000360908
1e-05
0.000859973
0.0645633
1e-05
0.000444444
0.0115764
0.0104718
0.0459402
1e-05
0.000825158
0.0189839
0.0100301
0.00831911
0.245873
0.0165448
0.000230689
0.0222258
0.00695431
0.000648272
0.0142274
1e-05
8.59934e-05
0.00758923
0.000948878
0.000922629
0.0022498
0.0191143
0.0263711
1e-05
1e-05
0.0128969
0.000474035
0.107079
0.0227043
0.000660981
0.0385342
0.0026336
0.0148408
0.0705387
1e-05
0.00445867
1e-05
0.0303792
0.00998172
1e-05
0.000351065
0.0136273
0.00724382
0.00218654
0.183655
0.0546822
0.0188725
1e-05
0.00639246
0.00676807
1.10645e-05
0.00209578
0.00640436
1e-05
0.00170317
0.0317565
0.000747892
0.000589023
0.00123909
5.79613e-05
0.00655838
0.000807697
1e-05
0.0149274
1e-05
0.217592
0.000233013
0.0016182
0.00614551
0.000266321
0.00124164
0.00489781
1e-05
0.000414288
0.017169
0.0020849
0.00674759
0.00993014
0.000163162
0.000933004
0.00613661
0.000529152
0.00581573
0.000589953
2.89147e-05
0.00626806
0.00269375
0.000150388
0.00413271
0.00201629
0.00235189
0.303683
1e-05
0.0194012
0.0138056
0.373352
1e-05
0.000868403
0.00742634
0.00216388
0.00201631
0.00107151
9.6075e-05
0.00112765
0.014626
1e-05
0.00183988
1e-05
0.0176002
0.00727228
0.00209651
0.0707598
0.0152142
0.00221748
1e-05
0.0482349
0.00144626
0.0584391
1e-05
0.000185757
1e-05
0.00368038
1e-05
4.05085e-05
0.00180116
0.00763847
5.33428e-05
0.00124283
0.0283791
0.00282879
0.00836292
0.00542887
0.0053132
9.95243e-05
0.0161902
0.00425986
0.00363523
0.0378784
0.000628657
2.37106e-05
1e-05
1e-05
0.000711558
1e-05
0.00153397
0.00436776
5.74542e-05
4.22123e-05
1e-05
0.0729529
0.00377867
0.000376681
1e-05
0.000757817
1e-05
0.00108556
0.000874861
1e-05
1.89993e-05
0.00402718
0.00976127
3.94826e-05
0.00145965
0.00514639
3.09122e-05
1e-05
0.00571754
1e-05
0.0227671
0.0124624
1e-05
0.0054888
0.0122869
1e-05
0.00291611
0.0429843
0.000817467
1e-05
0.000766283
0.00760233
0.00785815
6.70605e-05
1.73824e-05
1e-05
0.108552
1e-05
1e-05
0.000277256
0.000639723
1e-05
1e-05
0.0750123
0.00800867
0.00416207
0.00942391
1e-05
0.000201029
1e-05
0.000520684
0.00906042
5.30682e-05
1e-05
0.000793567
0.000367093
1e-05
0.000165106
1e-05
1e-05
0.00925256
0.0123074
0.000110717
0.000287956
1e-05
0.000113693
0.00226467
0.00961669
0.107605
0.000279996
1e-05
0.00291596
0.000787256
0.000535055
4.13607e-05
1e-05
0.0210489
1e-05
8.4785e-05
0.000625022
0.00016382
0.000324436
0.00139357
0.000498132
1e-05
1e-05
1e-05
0.00817543
0.0337162
0.134524
0.00529303
0.000680156
1e-05
0.00733482
1e-05
0.00359672
0.0798486
1e-05
0.000460679
0.0108544
0.000222408
7.02825e-05
8.40168e-05
0.0824122
0.000229628
0.00233281
0.000456228
0.000148038
0.0143545
0.000903964
0.0132213
0.000475101
0.0168335
0.0168169
0.00611751
0.000637192
1e-05
1e-05
0.0346112
0.0242124
0.0667487
0.000811001
0.00341601
0.000493023
0.00156662
0.00136786
0.0119633
0.000279741
0.000110975
1e-05
0.00684282
0.000670069
0.248537
1e-05
0.00547614
5.95077e-05
0.0583995
0.192853
0.00464333
0.00183807
0.000100428
0.00964376
1e-05
0.0019003
0.00282488
1e-05
0.0198605
0.0139476
0.000958134
0.193294
1e-05
1e-05
0.000611294
0.273629
1e-05
0.0334527
0.0295326
1.93958e-05
0.00224735
0.00313991
0.000788474
0.245717
0.00798703
0.0387639
0.000327719
0.0139238
0.0011466
0.0011097
1e-05
1e-05
0.197438
0.000790617
0.00130578
0.000526556
0.000990696
1e-05
1e-05
0.00102915
0.00729441
1e-05
0.00341603
0.020753
0.000190337
0.00103397
0.00115977
1e-05
0.00133232
0.00544956
0.0542619
1e-05
0.000339404
0.00642959
0.00160803
0.001048
0.198333
0.184852
0.000442254
1e-05
0.038188
0.228225
1e-05
0.0028658
1e-05
0.00653861
0.0881734
0.000696973
0.00027368
0.00719093
0.00738007
9.45841e-05
0.00161754
0.00332226
0.0025616
0.00770005
0.00259816
0.00419203
0.153244
0.00101675
0.00150206
1e-05
0.257638
0.00180529
0.00755536
0.000986439
0.00080651
0.226507
0.264317
0.140406
1e-05
1e-05
0.0909485
0.00287522
0.35056
0.0642928
0.0582958
0.000149084
0.00915737
5.30828e-05
0.000726972
0.00877267
1e-05
1e-05
0.00640695
0.000398818
0.000312294
0.369488
1e-05
0.00101393
1e-05
0.000436628
0.00212485
0.0526393
1e-05
8.86422e-05
0.00543258
0.0145613
0.000669523
0.000301455
0.000314256
0.000144317
0.00324237
0.00171988
0.0013928
0.0819687
1e-05
0.000242133
9.83172e-05
0.00135771
0.000460606
0.00144741
0.000928501
1e-05
0.000509373
7.38804e-05
0.00596037
0.0312508
1e-05
0.00600312
1e-05
2.48056e-05
1e-05
0.287324
0.190914
0.02076
1e-05
0.00019147
1e-05
1e-05
1e-05
0.000530471
0.00292007
0.0286628
0.00472214
0.00366127
0.00482998
1.26246e-05
0.000284799
1e-05
0.00228197
0.000146633
0.00169523
0.00692458
1e-05
0.000435484
0.0605175
1e-05
0.0526637
1e-05
1e-05
0.00136194
1e-05
1e-05
0.00563573
0.145941
0.0150117
0.008237
0.0137903
0.00257427
0.235837
0.00127178
1e-05
0.0153683
0.000351907
0.00136777
1e-05
1e-05
0.263722
1e-05
1e-05
0.00171152
0.00608112
0.00439294
0.00323224
0.0597316
1e-05
0.00505254
0.000855775
0.180008
0.000344599
1e-05
0.000407633
0.000677793
1e-05
0.00108826
0.000161453
0.000721412
0.000956894
1e-05
1e-05
1e-05
0.00397045
0.000102812
1e-05
1e-05
0.000520655
1e-05
0.000559579
1e-05
0.249648
0.00355455
0.000831125
0.00406925
0.000178
0.00350924
5.64571e-05
0.0119775
0.0571009
0.00165841
1e-05
0.0382385
0.000870996
1e-05
0.00318004
0.000253143
0.0155933
1e-05
0.0223414
0.165847
0.000147244
1e-05
1e-05
1e-05
0.000357405
0.00635907
0.0282646
1e-05
1e-05
0.122705
0.000489507
0.0274416
0.282801
1e-05
0.000156374
0.00101172
1e-05
1e-05
0.00832717
0.000489599
0.000193131
0.00581753
0.00010709
0.000640964
0.0144119
0.0102622
0.000999274
0.0026766
0.000657837
1e-05
0.000615668
9.10244e-05
0.000349671
0.139417
1e-05
1e-05
1e-05
0.000416203
0.0235557
0.00133971
1e-05
0.00231321
0.000371887
2.8198e-05
0.273539
0.054371
0.00404773
0.0209688
0.000123422
0.000556766
0.000366374
1e-05
0.00369923
0.0202179
0.0211295
0.0832826
0.0133545
0.000762232
1e-05
0.18855
0.00341868
0.000318161
0.0386186
0.00218039
0.0295908
0.000746341
0.000946693
1e-05
0.000129956
1e-05
0.00539274
0.000574206
0.000640651
0.00194331
0.00118467
0.000356357
3.787e-05
0.0016879
0.00488237
0.00311965
0.0187679
0.000425693
0.0013538
0.00524602
0.139834
0.0198936
0.00357179
0.00703959
0.110757
9.50715e-05
0.074118
0.000243551
3.86715e-05
0.00805332
1e-05
0.0302875
0.000474621
0.000314853
1e-05
0.0372129
1e-05
0.00113347
0.00569902
0.00077114
1e-05
1e-05
0.00651194
0.0746861
0.0796832
0.00949105
0.000867408
1e-05
0.0226288
0.00108253
0.177851
0.00177612
0.0111604
0.000455646
0.0013842
1e-05
0.000244866
1e-05
0.00122223
0.0757958
0.148056
0.000144852
1e-05
1e-05
0.00505909
0.00128165
0.0403141
1e-05
0.188578
0.00836608
0.110743
0.000873108
0.000510991
0.0045928
0.000609842
0.0104004
0.000699054
0.000705014
0.00545126
0.186359
0.00505371
0.000139817
0.0497313
1e-05
0.00243104
0.000536065
0.0445931
0.000160692
0.00149056
0.0482585
7.41432e-05
0.0307594
1e-05
1e-05
0.00101617
0.00464309
0.000587662
0.0273589
0.00524082
0.000463263
0.0897985
0.00169277
0.000454641
0.00909768
1e-05
1e-05
0.0328806
0.25848
0.0465731
0.000936414
0.104563
0.000333767
0.000100247
0.00332172
0.000288338
0.00599899
0.0057984
0.0047255
1e-05
0.00219088
0.0624677
0.0029372
1e-05
0.0146204
0.100654
0.00488349
0.000142013
0.000449883
1e-05
0.000279423
0.000346851
0.00857246
0.125606
0.00114339
1e-05
0.00225098
0.000344603
0.0212806
0.000431099
9.77296e-05
0.0152072
0.0126303
0.0039011
0.0950567
0.0886768
0.000137358
0.002555
0.00261656
0.00430948
0.0975954
0.0157965
0.00590599
0.0085261
0.288088
1e-05
0.0250912
0.0273839
0.00225251
0.258036
0.00514687
0.0207502
0.211608
0.0019937
0.17133
0.00254954
1e-05
0.000904056
0.000345895
3.66318e-05
1e-05
0.000746219
0.115856
1e-05
1e-05
1e-05
2.05002e-05
0.0194807
0.0135889
0.000530473
1e-05
1e-05
0.00112466
9.51124e-05
0.0819321
1e-05
1e-05
0.000115075
0.00047168
1e-05
0.10482
0.000696028
0.00352563
0.000323833
0.00226727
0.00222272
0.00437709
0.0558313
0.0253875
0.00237741
0.00153457
1e-05
0.00276131
0.0912214
0.00214028
0.0228888
0.00119316
0.000132473
0.171541
1e-05
1e-05
0.0155062
1e-05
0.00487957
0.000289444
0.00320725
1e-05
1e-05
0.014125
0.00496695
1e-05
0.0105316
0.0162127
1e-05
1e-05
1e-05
1e-05
0.0247492
0.0432217
0.0101755
0.00464571
0.0116749
1e-05
0.00152791
1e-05
6.02589e-05
1e-05
0.0142878
0.00700364
0.00178554
1e-05
1e-05
0.000626273
0.0011472
0.00132256
2.47325e-05
1e-05
0.0136454
0.00801416
0.00969114
1e-05
0.023259
1e-05
0.00134589
0.000535306
0.0211693
0.00298833
1e-05
0.00208899
0.0900428
0.00815095
1e-05
0.00149882
0.213005
1e-05
0.00327637
0.0314118
0.0279172
0.00591818
1.6252e-05
0.000192798
1e-05
1e-05
0.00970868
0.00222967
1e-05
0.0109563
0.00949505
0.252683
1e-05
0.000144646
0.00151609
1e-05
1e-05
0.00245267
0.0113941
1e-05
1e-05
1e-05
1e-05
0.000679841
0.000534436
0.00351332
0.0816075
0.00182413
0.000916874
0.0105414
0.00263922
3.65654e-05
0.00116886
5.763e-05
0.0120433
0.000177052
1e-05
2.64685e-05
0.0001819
0.00162434
0.00227454
1e-05
0.237258
1e-05
0.000483753
0.0159971
0.0526589
0.0127457
0.0408627
1e-05
1e-05
0.0273254
0.0599633
1e-05
1e-05
0.00809285
1e-05
0.0174605
0.298306
1e-05
  </DataArray>
  <DataArray type = "Float64" Name="UnVecteur" NumberOfComponents="3" format="ascii">
0 0 0.0 
0 0 0.0 
0 0 0.0 
0 0 0.0 
0 0 0.0 
0 0 0.0 
0 0 0.0 
0 0 0.0 
0.999987 0.00510967 0.0 
0.942012 -0.335577 0.0 
0 0 0.0 
0 0 0.0 
0.895107 0.0276101 0.0 
0 0 0.0 
0.999974 -0.00719008 0.0 
0 0 0.0 
0 0 0.0 
0.644133 -0.45462 0.0 
0 0 0.0 
0.989422 -0.000289752 0.0 
0 0 0.0 
0.530231 0.846796 0.0 
0 0 0.0 
0 0 0.0 
0 0 0.0 
0 0 0.0 
0 0 0.0 
0 0 0.0 
0 0 0.0 
0.981151 -0.00561594 0.0 
0.965835 -0.256517 0.0 
0 0 0.0 
0 0 0.0 
0 0 0.0 
0 0 0.0 
0 0 0.0 
0.999997 0.00171528 0.0 
0 0 0.0 
0 0 0.0 
0 0 0.0 
0.778916 0.627114 0.0 
0 0 0.0 
0 0 0.0 
0.581478 -0.797877 0.0 
0.863096 0.00291161 0.0 
0.995672 -0.0921995 0.0 
0.511776 -0.859119 0.0 
0 0 0.0 
0 0 0.0 
0 0 0.0 
0.999835 0.011706 0.0 
0.999998 -0.00206936 0.0 
0 0 0.0 
0.778814 0.627255 0.0 
0.939595 -0.0298051 0.0 
0 0 0.0 
0.777082 0.00210134 0.0 
0.965615 -0.00318493 0.0 
0.844395 0.006508 0.0 
0 0 0.0 
0 0 0.0 
0 0 0.0 
0.999841 -0.0170948 0.0 
-0.332181 -0.943213 0.0 
0 0 0.0 
0.895857 0.444247 0.0 
0 0 0.0 
0.743239 0.669026 0.0 
0.999995 -0.00315469 0.0 
0 0 0.0 
0.947544 5.39404e-05 0.0 
0 0 0.0 
0.801509 -0.597983 0.0 
0.742039 -0.666561 0.0 
0 0 0.0 
0 0 0.0 
0 0 0.0 
0.923458 0.00271042 0.0 
0 0 0.0 
0 0 0.0 
0 0 0.0 
0.818317 -0.574718 0.0 
0 0 0.0 
0 0 0.0 
0.753481 0.00603926 0.0 
0 0 0.0 
0.798925 0.310449 0.0 
0 0 0.0 
0.852906 -0.522056 0.0 
0 0 0.0 
0.906804 0.00416883 0.0 
0.941586 0.333848 0.0 
0 0 0.0 
0.863405 -0.00232993 0.0 
0 0 0.0 
0 0 0.0 
0.886841 0.00812192 0.0 
0 0 0.0 
0.799635 0.00291225 0.0 
0.783778 0.00113661 0.0 
0.94897 -0.314775 0.0 
0 0 0.0 
0.777163 0.000595218 0.0 
0 0 0.0 
0.999999 -0.000102425 0.0 
0 0 0.0 
0.999999 -0.00139832 0.0 
0 0 0.0 
0.974551 0.0232182 0.0 
0 0 0.0 
0 0 0.0 
0.786484 -0.61761 0.0 
0.930963 -0.00241033 0.0 
0 0 0.0 
0.986187 0.00662647 0.0 
0 0 0.0 
0.999988 -0.00470643 0.0 
0.88792 0.00117605 0.0 
0.933076 0.000406166 0.0 
0 0 0.0 
0 0 0.0 
0.999999 0.000976056 0.0 
0.768116 -0.000731539 0.0 
0 0 0.0 
0.999987 -0.00491615 0.0 
0.885175 -0.460769 0.0 
0.999955 0.00940356 0.0 
-0.0573592 -0.998348 0.0 
0 0 0.0 
0.999961 0.00847599 0.0 
0.134388 -0.974703 0.0 
0 0 0.0 
0.999998 0.00124075 0.0 
0 0 0.0 
0.988746 -0.0118793 0.0 
0.649176 0 0.0 
0 0 0.0 
0 0 0.0 
0.617999 -0.786156 0.0 
0 0 0.0 
0 0 0.0 
0 0 0.0 
0 0 0.0 
0.548884 0.821224 0.0 
0.999999 -0.000928094 0.0 
0 0 0.0 
0.999993 -0.00353406 0.0 
0 0 0.0 
0.8185 -0.0116078 0.0 
0 0 0.0 
0.928432 0.370164 0.0 
0.999997 0.00225593 0.0 
0.998768 0.0496223 0.0 
0 0 0.0 
0.415057 0.909783 0.0 
0 0 0.0 
0.928873 -0.357339 0.0 
0 0 0.0 
0.918105 0.0229678 0.0 
0.513951 0.00230403 0.0 
0 0 0.0 
0.998545 0.0422685 0.0 
0 0 0.0 
0 0 0.0 
0 0 0.0 
0 0 0.0 
-0.360537 -0.745014 0.0 
0.643985 0.529095 0.0 
0.816295 -0.55819 0.0 
0.999986 0.00521695 0.0 
0.955848 0.000796366 0.0 
0 0 0.0 
0 0 0.0 
0 0 0.0 
0 0 0.0 
0.966993 0.0509259 0.0 
0.781487 -0.623921 0.0 
0 0 0.0 
0 0 0.0 
0 0 0.0 
0.947913 -0.00228567 0.0 
0.927771 -0.0299617 0.0 
0.529873 -0.809662 0.0 
0.99999 0.00292537 0.0 
0.972469 -0.00397307 0.0 
0 0 0.0 
0.854818 -0.00394962 0.0 
0 0 0.0 
0 0 0.0 
0.946055 -0.0040319 0.0 
0.412821 0.910801 0.0 
0 0 0.0 
0.994029 0.0175661 0.0 
0.999988 0.00495106 0.0 
0.999989 0.00453527 0.0 
0.98263 0.0086771 0.0 
0.999856 0.00147927 0.0 
0.999795 -0.0202013 0.0 
-0.881064 0.433525 0.0 
0.943434 0.00275463 0.0 
0 0 0.0 
0 0 0.0 
0 0 0.0 
0 0 0.0 
0.86389 -0.00278338 0.0 
0.941326 0.337499 0.0 
0.957485 -0.288011 0.0 
0 0 0.0 
0 0 0.0 
0.997885 -0.0398915 0.0 
0 0 0.0 
0.326325 -0.945248 0.0 
0.961012 -0.0271376 0.0 
0 0 0.0 
0.130789 0.991049 0.0 
0 0 0.0 
0.976925 -0.00442309 0.0 
0 0 0.0 
0.884488 -0.00130315 0.0 
0.569527 0.033355 0.0 
0.396195 0.305008 0.0 
0 0 0.0 
0 0 0.0 
0 0 0.0 
0.999995 -0.00277083 0.0 
0.999996 -0.00277522 0.0 
0 0 0.0 
0.903268 -0.00233643 0.0 
0.189874 0.835266 0.0 
-0.319911 -0.947447 0.0 
0.930037 0.367057 0.0 
0.967428 -0.00761475 0.0 
0 0 0.0 
0.999998 0.00173531 0.0 
-0.966772 -0.246037 0.0 
0.613757 0.00234224 0.0 
0 0 0.0 
0 0 0.0 
0 0 0.0 
0.909962 0.00265423 0.0 
0.872523 0.000224749 0.0 
0.926092 -0.377299 0.0 
0.895846 -0.00205197 0.0 
-0.999012 0.0307686 0.0 
0 0 0.0 
0.999992 0.00376114 0.0 
0 0 0.0 
-0.615601 -0.779746 0.0 
-0.183671 0.950231 0.0 
-0.0501 0.998695 0.0 
0 0 0.0 
0 0 0.0 
-0.465566 0.884947 0.0 
0 0 0.0 
0.993629 -0.000658332 0.0 
0.99949 -0.0167624 0.0 
0.90782 -0.00254279 0.0 
0.948708 -0.000653474 0.0 
0 0 0.0 
0 0 0.0 
0 0 0.0 
0.847543 0.530727 0.0 
0 0 0.0 
0 0 0.0 
0.999996 -0.00286546 0.0 
0 0 0.0 
0 0 0.0 
0.244112 -0.969747 0.0 
0 0 0.0 
0 0 0.0 
0 0 0.0 
0 0 0.0 
0.573415 0.739614 0.0 
0 0 0.0 
0 0 0.0 
0 0 0.0 
0.829781 0.558089 0.0 
0 0 0.0 
0.861032 -0.027912 0.0 
0 0 0.0 
-0.728349 -0.629016 0.0 
0.984161 0.000802183 0.0 
0.959872 -0.280399 0.0 
-0.345415 -0.938417 0.0 
0.736213 0.676645 0.0 
-0.562097 -0.827043 0.0 
0 0 0.0 
0.55306 0.373593 0.0 
0.89991 0.000561199 0.0 
-0.359887 0.927984 0.0 
0.652042 0.758183 0.0 
0.962699 0.00535981 0.0 
0 0 0.0 
0.958173 -0.00878882 0.0 
0.977153 -0.00963718 0.0 
0.859381 0.00735637 0.0 
0 0 0.0 
0.976573 -0.0244053 0.0 
0.993418 0.113792 0.0 
0 0 0.0 
0.736377 -0.00256696 0.0 
0.616555 -0.00334845 0.0 
0.957377 -0.000803854 0.0 
0.172605 -0.983968 0.0 
0.999997 -0.00234253 0.0 
0.993049 -0.116347 0.0 
0.99996 0.00886184 0.0 
0.818403 -0.00571133 0.0 
0.983405 -0.0272623 0.0 
0.914232 0.366437 0.0 
0.977282 -0.015789 0.0 
0.999958 -0.00892281 0.0 
0.155916 0.957865 0.0 
0.829092 -0.00272519 0.0 
0.592452 0.805496 0.0 
0.99723 -0.0531619 0.0 
0.840761 -0.541387 0.0 
0.176733 0.984253 0.0 
0 0 0.0 
0.975076 -0.0102517 0.0 
0.965437 0.00626588 0.0 
0 0 0.0 
0.913079 0.406204 0.0 
0.857402 -0.505378 0.0 
0.950537 -0.30974 0.0 
-0.281899 -0.955705 0.0 
0.396196 -0.918148 0.0 
0.3169 -0.946285 0.0 
0 0 0.0 
0.945297 0.305006 0.0 
0.827786 0.46062 0.0 
-0.202593 0.958296 0.0 
0 0 0.0 
0.998298 0.0580366 0.0 
0.999997 -0.00254546 0.0 
0 0 0.0 
0 0 0.0 
-0.27503 0.961435 0.0 
-0.989675 -0.143329 0.0 
0 0 0.0 
0 0 0.0 
0 0 0.0 
0 0 0.0 
0 0 0.0 
0 0 0.0 
0 0 0.0 
0 0 0.0 
0 0 0.0 
0 0 0.0 
0 0 0.0 
0 0 0.0 
0 0 0.0 
0 0 0.0 
0 0 0.0 
0 0 0.0 
0 0 0.0 
0 0 0.0 
0 0 0.0 
0 0 0.0 
0 0 0.0 
0 0 0.0 
0 0 0.0 
0 0 0.0 
0 0 0.0 
0 0 0.0 
0 0 0.0 
0 0 0.0 
0 0 0.0 
0 0 0.0 
0 0 0.0 
0 0 0.0 
0 0 0.0 
0 0 0.0 
0 0 0.0 
0 0 0.0 
0 0 0.0 
0 0 0.0 
0 0 0.0 
0 0 0.0 
0 0 0.0 
0 0 0.0 
0 0 0.0 
0 0 0.0 
0 0 0.0 
0 0 0.0 
0 0 0.0 
0 0 0.0 
0 0 0.0 
0 0 0.0 
0 0 0.0 
0 0 0.0 
0 0 0.0 
0 0 0.0 
0 0 0.0 
0 0 0.0 
0 0 0.0 
0 0 0.0 
0 0 0.0 
0 0 0.0 
0 0 0.0 
0 0 0.0 
0 0 0.0 
0 0 0.0 
0 0 0.0 
0 0 0.0 
0 0 0.0 
0 0 0.0 
0 0 0.0 
0 0 0.0 
0 0 0.0 
0 0 0.0 
0 0 0.0 
0 0 0.0 
0 0 0.0 
0 0 0.0 
0 0 0.0 
0 0 0.0 
0 0 0.0 
0 0 0.0 
0 0 0.0 
0 0 0.0 
0 0 0.0 
0 0 0.0 
0 0 0.0 
0 0 0.0 
0 0 0.0 
0 0 0.0 
0 0 0.0 
0 0 0.0 
0 0 0.0 
0 0 0.0 
0 0 0.0 
0 0 0.0 
0 0 0.0 
0 0 0.0 
0 0 0.0 
0 0 0.0 
0 0 0.0 
0 0 0.0 
0 0 0.0 
0 0 0.0 
0 0 0.0 
0 0 0.0 
0 0 0.0 
0 0 0.0 
0 0 0.0 
0 0 0.0 
0 0 0.0 
0 0 0.0 
0 0 0.0 
0 0 0.0 
0 0 0.0 
0 0 0.0 
0 0 0.0 
0 0 0.0 
0 0 0.0 
0 0 0.0 
0 0 0.0 
0 0 0.0 
0 0 0.0 
0 0 0.0 
0 0 0.0 
0 0 0.0 
0 0 0.0 
0 0 0.0 
0 0 0.0 
0 0 0.0 
0 0 0.0 
0 0 0.0 
0 0 0.0 
0 0 0.0 
0 0 0.0 
0 0 0.0 
0 0 0.0 
0 0 0.0 
0 0 0.0 
0 0 0.0 
0 0 0.0 
0 0 0.0 
0 0 0.0 
0 0 0.0 
0 0 0.0 
0 0 0.0 
0 0 0.0 
0 0 0.0 
0 0 0.0 
0 0 0.0 
0 0 0.0 
0 0 0.0 
0 0 0.0 
0 0 0.0 
0 0 0.0 
0 0 0.0 
0 0 0.0 
0 0 0.0 
0 0 0.0 
0 0 0.0 
0 0 0.0 
0 0 0.0 
0 0 0.0 
0 0 0.0 
0 0 0.0 
0 0 0.0 
0 0 0.0 
0 0 0.0 
0 0 0.0 
0 0 0.0 
0 0 0.0 
0 0 0.0 
0 0 0.0 
0 0 0.0 
0 0 0.0 
0 0 0.0 
0 0 0.0 
0 0 0.0 
0 0 0.0 
0 0 0.0 
0 0 0.0 
0 0 0.0 
0 0 0.0 
0 0 0.0 
0 0 0.0 
0 0 0.0 
0 0 0.0 
0 0 0.0 
0 0 0.0 
0 0 0.0 
0 0 0.0 
0 0 0.0 
0 0 0.0 
0 0 0.0 
0 0 0.0 
0 0 0.0 
0 0 0.0 
0 0 0.0 
0 0 0.0 
0 0 0.0 
0 0 0.0 
0 0 0.0 
0 0 0.0 
0 0 0.0 
0 0 0.0 
0 0 0.0 
0 0 0.0 
0 0 0.0 
0 0 0.0 
0 0 0.0 
0 0 0.0 
0 0 0.0 
0 0 0.0 
0 0 0.0 
0 0 0.0 
0 0 0.0 
0 0 0.0 
0 0 0.0 
0 0 0.0 
0 0 0.0 
0 0 0.0 
0 0 0.0 
0 0 0.0 
0 0 0.0 
0 0 0.0 
0 0 0.0 
0 0 0.0 
0 0 0.0 
0 0 0.0 
0 0 0.0 
0 0 0.0 
0 0 0.0 
0 0 0.0 
0 0 0.0 
0 0 0.0 
0 0 0.0 
0 0 0.0 
0 0 0.0 
0 0 0.0 
0 0 0.0 
0 0 0.0 
0 0 0.0 
0 0 0.0 
0 0 0.0 
0 0 0.0 
0 0 0.0 
0 0 0.0 
0 0 0.0 
0 0 0.0 
0 0 0.0 
0 0 0.0 
0 0 0.0 
0 0 0.0 
0 0 0.0 
0 0 0.0 
0 0 0.0 
0 0 0.0 
0 0 0.0 
0 0 0.0 
0 0 0.0 
0 0 0.0 
0 0 0.0 
0 0 0.0 
0 0 0.0 
0 0 0.0 
0 0 0.0 
0 0 0.0 
0 0 0.0 
0 0 0.0 
0 0 0.0 
0 0 0.0 
0 0 0.0 
0 0 0.0 
0 0 0.0 
0 0 0.0 
0 0 0.0 
0 0 0.0 
0 0 0.0 
0 0 0.0 
0 0 0.0 
0 0 0.0 
0 0 0.0 
0 0 0.0 
0 0 0.0 
0 0 0.0 
0 0 0.0 
0 0 0.0 
0 0 0.0 
0 0 0.0 
0 0 0.0 
0 0 0.0 
0 0 0.0 
0 0 0.0 
0 0 0.0 
0 0 0.0 
0 0 0.0 
0 0 0.0 
0 0 0.0 
0 0 0.0 
0 0 0.0 
0 0 0.0 
0 0 0.0 
0 0 0.0 
0 0 0.0 
0 0 0.0 
0 0 0.0 
0 0 0.0 
0 0 0.0 
0 0 0.0 
0 0 0.0 
0 0 0.0 
0 0 0.0 
0 0 0.0 
0 0 0.0 
0 0 0.0 
0 0 0.0 
0.0751128 -0.995432 0.0 
-0.276708 -0.46271 0.0 
0.432175 -0.90179 0.0 
0 0 0.0 
0 0 0.0 
0.992769 -0.105259 0.0 
0.990716 0.13589 0.0 
0.999992 -0.0041042 0.0 
0.977862 -0.00146715 0.0 
0.999995 0.00099556 0.0 
-0.430809 -0.902442 0.0 
0.999262 -0.0367846 0.0 
0 0 0.0 
0.999964 0.00836858 0.0 
0.81309 0.582138 0.0 
0.999998 0.00149731 0.0 
0.424646 -0.903427 0.0 
0.403768 0.0483682 0.0 
-0.388429 0.92147 0.0 
0.274851 -0.953073 0.0 
0 0 0.0 
-0.188585 0.927579 0.0 
0 0 0.0 
0.215715 0.976453 0.0 
0.768189 -0.640224 0.0 
0.944979 -0.322957 0.0 
0 0 0.0 
-0.216086 0.976373 0.0 
0.999981 -0.00589957 0.0 
0.73103 0.680864 0.0 
-0.708589 0.689977 0.0 
0.184312 -0.98286 0.0 
0.988788 0.00278439 0.0 
-0.455978 -0.889991 0.0 
0.999958 -0.00823306 0.0 
0.997901 -0.0225846 0.0 
0 0 0.0 
0.461653 -0.149171 0.0 
0.999997 -0.00159108 0.0 
0.824952 0.565186 0.0 
0.551967 -0.832352 0.0 
0.999996 0.00262687 0.0 
0 0 0.0 
0.961632 -0.273971 0.0 
0.964378 -0.264476 0.0 
0 0 0.0 
0.99999 -0.00438439 0.0 
0.945938 -0.324346 0.0 
0.456012 0.781378 0.0 
0 0 0.0 
0 0 0.0 
-0.969857 0.243183 0.0 
1 -0.000458247 0.0 
0 0 0.0 
0.173575 -0.983782 0.0 
0.0346499 -0.999165 0.0 
0.999998 -0.00184524 0.0 
0.868721 0.116218 0.0 
-0.993135 0.111207 0.0 
0.922137 -0.386476 0.0 
0.999973 0.00410666 0.0 
0.172332 -0.985039 0.0 
0.826847 -0.549957 0.0 
-0.517787 0.850408 0.0 
0.544331 -0.835746 0.0 
0.991086 0.133225 0.0 
0.585674 0.189486 0.0 
0 0 0.0 
-0.253662 -0.967233 0.0 
0.7073 -0.706894 0.0 
1 0 0.0 
-0.842664 0.538046 0.0 
0 0 0.0 
0 0 0.0 
0.779054 -0.556994 0.0 
0 0 0.0 
0.459497 -0.197136 0.0 
-0.311689 -0.798203 0.0 
0 0 0.0 
0.991581 0.129437 0.0 
-0.705081 0.708669 0.0 
0.933859 0.357465 0.0 
0.483992 0.00485965 0.0 
0.973803 -0.227394 0.0 
-0.693508 0.711015 0.0 
0.999915 0.0128359 0.0 
0.869772 0.492248 0.0 
0.999717 -0.0233533 0.0 
-0.245416 0.96901 0.0 
0.645881 -0.763437 0.0 
-0.728457 0.684268 0.0 
0.708648 -0.349078 0.0 
0.505136 -0.863004 0.0 
0 0 0.0 
0.190392 0.968301 0.0 
0.694167 -0.540766 0.0 
0.999698 0.0243565 0.0 
0.492357 -0.591112 0.0 
0.918953 -0.394183 0.0 
0.999826 0.0186644 0.0 
-0.989914 0.0826692 0.0 
0.242975 -0.969845 0.0 
0.999908 -0.0132158 0.0 
0.979508 -0.199192 0.0 
-0.879928 0.474356 0.0 
0.991521 -0.114861 0.0 
0 0 0.0 
0.371341 -0.927875 0.0 
-0.374554 0.9271 0.0 
0.705962 -0.707773 0.0 
0.99735 -0.0723513 0.0 
0.163474 0.986541 0.0 
0.795767 0.0993932 0.0 
0.842403 -0.538819 0.0 
-0.377904 -0.92584 0.0 
0.937532 0.347553 0.0 
-0.548776 0.835965 0.0 
-0.579005 0.815307 0.0 
-0.328777 -0.878923 0.0 
0 0 0.0 
0.507109 -0.716578 0.0 
-0.316466 -0.948603 0.0 
0.998885 -0.0457652 0.0 
-0.0535207 -0.9985 0.0 
0 0 0.0 
-0.440362 -0.89782 0.0 
0 0 0.0 
-0.192909 0.981216 0.0 
0.679154 -0.733975 0.0 
0.997084 0.0741317 0.0 
-0.385605 0.830714 0.0 
0 0 0.0 
-0.22422 0.974531 0.0 
0.994925 -0.100622 0.0 
0.127769 0.991804 0.0 
0.994054 -0.104947 0.0 
0.94643 -0.29922 0.0 
0.993041 0.117637 0.0 
0 0 0.0 
0.4231 0.884729 0.0 
0.826096 -0.563166 0.0 
-0.133908 0.990994 0.0 
0.780008 -0.364641 0.0 
0.967668 -0.0147392 0.0 
0.557394 -0.827556 0.0 
0.595122 0.00265747 0.0 
0.547307 0.836899 0.0 
0.651193 -0.758651 0.0 
0.650634 -0.758904 0.0 
0.570104 -0.820878 0.0 
0.455068 -0.890427 0.0 
0.999998 -0.000681831 0.0 
0.999864 0.0164618 0.0 
-0.322251 -0.946654 0.0 
0.814621 -0.57997 0.0 
-0.929169 0.369253 0.0 
0 0 0.0 
0 0 0.0 
0.169069 -0.981865 0.0 
-0.435943 -0.899974 0.0 
0 0 0.0 
0.947307 0.313842 0.0 
0.956001 -0.293365 0.0 
0.735828 -0.677167 0.0 
0.65452 0.682622 0.0 
0.981055 0.193731 0.0 
0.94784 0.00381708 0.0 
-0.136059 -0.990701 0.0 
0.897609 -0.440792 0.0 
-0.852175 -0.518753 0.0 
0 0 0.0 
0.941107 -0.338088 0.0 
-0.606052 -0.795425 0.0 
-0.526191 0.850366 0.0 
0.783744 -0.621079 0.0 
0 0 0.0 
-0.964216 0.263689 0.0 
0.9283 0.371831 0.0 
0.25696 -0.388127 0.0 
0.965599 0.259987 0.0 
-0.275707 -0.961242 0.0 
-0.154845 0.987939 0.0 
0.813074 0.582148 0.0 
-0.969239 -0.233596 0.0 
-0.385695 -0.92252 0.0 
-0.993109 0.116496 0.0 
0.894364 0.444693 0.0 
0.568265 -0.822833 0.0 
0.830589 -0.556853 0.0 
-0.994389 -0.100708 0.0 
-0.296332 -0.886695 0.0 
0.128506 -0.910986 0.0 
0.365026 0.927746 0.0 
-0.271922 -0.962317 0.0 
0.836811 -0.546488 0.0 
-0.169476 0.984906 0.0 
-0.307838 0.950829 0.0 
0.920222 0.39028 0.0 
0 0 0.0 
0.952112 0.0146189 0.0 
0.999058 0.0267073 0.0 
0.917711 0.395854 0.0 
0.320211 0.947346 0.0 
-0.381595 0.924323 0.0 
0.399112 0.759652 0.0 
-0.997862 0.0589539 0.0 
0.893058 0.0252411 0.0 
-0.946944 0.319166 0.0 
0.770138 -0.174893 0.0 
0 0 0.0 
0.955346 -0.0919934 0.0 
0 0 0.0 
0.930253 -0.0314706 0.0 
0 0 0.0 
-0.376281 -0.0400154 0.0 
0.245788 -0.965369 0.0 
0.791461 -0.284846 0.0 
0.999983 0.0057566 0.0 
0.832097 -0.554483 0.0 
0.959923 -0.0465534 0.0 
0.974858 -0.222824 0.0 
0.485407 -0.849336 0.0 
0 0 0.0 
0.187339 -0.982227 0.0 
0.993641 -0.0391524 0.0 
0.784804 0.368399 0.0 
-0.136228 -0.987711 0.0 
-0.170367 -0.981449 0.0 
0.98341 -0.00184581 0.0 
0.499403 -0.0244203 0.0 
0.972862 0.0280885 0.0 
0 0 0.0 
0.461191 0.738144 0.0 
0.268557 0.963257 0.0 
0.882608 -0.469823 0.0 
0.995717 0.0924483 0.0 
0.498832 -0.0341608 0.0 
0.923344 0.383974 0.0 
-0.214745 -0.97667 0.0 
0.965099 0.260401 0.0 
-0.525547 0.846314 0.0 
0.813172 0.58182 0.0 
0.980526 0.135859 0.0 
0 0 0.0 
0.999954 0.00959532 0.0 
0.33982 0.939931 0.0 
0.91875 -0.00285542 0.0 
0 0 0.0 
0.529437 0.848345 0.0 
0.875742 -0.346697 0.0 
0 0 0.0 
0.999982 -0.00580662 0.0 
0.961581 -0.274488 0.0 
0 0 0.0 
0.88309 0.466735 0.0 
0.836383 -0.54814 0.0 
0.403905 -0.830312 0.0 
-0.345473 -0.803362 0.0 
-0.992616 0.120181 0.0 
-0.152094 0.988332 0.0 
0.418942 0.907988 0.0 
0 0 0.0 
-0.908452 0.417501 0.0 
0.556755 -0.594751 0.0 
-0.399146 0.916887 0.0 
0.984124 0.177159 0.0 
0.999985 0.00545373 0.0 
0.362737 0.908194 0.0 
0.989224 -0.00121886 0.0 
0.315868 0.946342 0.0 
0.962159 0.0014414 0.0 
0.823931 0.565164 0.0 
0.958902 0.283718 0.0 
0.96315 0.00678365 0.0 
0.421448 0.252918 0.0 
0 0 0.0 
0.209182 0.977876 0.0 
0.467965 0.877527 0.0 
0.867845 0.496738 0.0 
0.789347 0.0338424 0.0 
0.97585 -0.0272452 0.0 
0.999812 0.0185517 0.0 
0.978933 0.00460331 0.0 
0.819288 -0.557455 0.0 
0.982261 0.180244 0.0 
-0.192826 0.981222 0.0 
0.99487 -0.097317 0.0 
0 0 0.0 
-0.95819 0.285241 0.0 
0 0 0.0 
0.999996 0.00296337 0.0 
0 0 0.0 
0.895902 -0.00115841 0.0 
0 0 0.0 
-0.164043 -0.986448 0.0 
0.999965 0.00282742 0.0 
-0.214482 -0.451661 0.0 
0.619745 -0.784073 0.0 
-0.998862 0.0113385 0.0 
-0.540001 0.839367 0.0 
0.999928 0.0119866 0.0 
0 0 0.0 
-0.273069 -0.779323 0.0 
0.741641 0.670797 0.0 
0.930381 -0.000789894 0.0 
0.999864 0.0153682 0.0 
0 0 0.0 
0.997688 0.0667019 0.0 
-0.456734 0.887884 0.0 
0.894209 -0.44717 0.0 
-0.696208 0.70455 0.0 
0.737835 -0.674912 0.0 
0.999989 -0.00410292 0.0 
0.946699 -0.322106 0.0 
-0.224432 0.97449 0.0 
0 0 0.0 
0.921819 0.0040629 0.0 
-0.921086 -0.38757 0.0 
-0.968508 -0.247489 0.0 
-0.180915 -0.905387 0.0 
0.999895 -0.0144647 0.0 
0.583089 -0.419088 0.0 
0 0 0.0 
-0.422137 0.906302 0.0 
0.777451 0.628931 0.0 
-0.997422 0.0681874 0.0 
0 0 0.0 
0.999545 0.030158 0.0 
0.927136 -0.372699 0.0 
-0.748492 0.662792 0.0 
0.551807 -0.833971 0.0 
-0.365198 0.93093 0.0 
0.920637 -0.390421 0.0 
-0.970549 -0.240904 0.0 
0.997635 0.0680565 0.0 
-0.826095 0.559653 0.0 
-0.851515 0.524059 0.0 
-0.254669 0.966192 0.0 
0.443417 0.896313 0.0 
1 0.000420802 0.0 
0.948864 -0.314028 0.0 
0.687384 -0.726231 0.0 
-0.99875 0.0162654 0.0 
0 0 0.0 
0.994303 0.000872465 0.0 
-0.0131936 -0.999635 0.0 
-0.511841 0.697977 0.0 
0.980976 0.192624 0.0 
-0.61471 0.788736 0.0 
0.873388 0.156069 0.0 
-0.391395 -0.919898 0.0 
0.936141 -0.309368 0.0 
0.99935 -0.0360628 0.0 
0.860846 -0.50664 0.0 
0.421699 0.906728 0.0 
0.982853 -0.18439 0.0 
0.999778 0.0210432 0.0 
0.921506 0.388364 0.0 
0.99872 0.0255801 0.0 
0.432955 -0.901415 0.0 
0 0 0.0 
-0.423532 -0.905881 0.0 
-0.364939 0.838464 0.0 
0.282323 -0.250409 0.0 
0.940242 -0.339364 0.0 
0.999807 -0.0192242 0.0 
0.962541 0.27095 0.0 
0.997 0.0714141 0.0 
0.999749 0.0220756 0.0 
0.674487 -0.738287 0.0 
0.826695 0.562309 0.0 
0.998152 -0.0607691 0.0 
0.890903 -0.0024697 0.0 
0.308337 -0.951247 0.0 
0.928324 -0.371654 0.0 
0.248952 -0.968509 0.0 
0.9976 0.014269 0.0 
0.968121 0.250419 0.0 
0.999397 -0.034563 0.0 
0.957213 -0.0349594 0.0 
0.999992 0.00397441 0.0 
0.281278 0.959569 0.0 
0.99824 -0.00772957 0.0 
0.858335 -0.00237094 0.0 
0 0 0.0 
0 0 0.0 
0.834831 -0.550507 0.0 
-0.277626 -0.960689 0.0 
0 0 0.0 
-0.476007 0.817568 0.0 
-0.291623 0.942669 0.0 
0.944845 0.00204098 0.0 
0.309934 0.907197 0.0 
0 0 0.0 
0.895816 -0.443531 0.0 
0.707227 -0.70669 0.0 
0.196391 0.980498 0.0 
0.872757 -0.00198587 0.0 
0.86051 -0.509423 0.0 
0.372819 -0.927904 0.0 
0.999943 0.0106541 0.0 
-0.610798 0.791697 0.0 
0.73627 -0.675414 0.0 
0.921867 0.386669 0.0 
0.306638 0.668226 0.0 
0.116951 0.339054 0.0 
0.999993 0.00221086 0.0 
0.157941 -0.978726 0.0 
0.92238 0.347757 0.0 
0.99129 -0.00320766 0.0 
0.939549 0.34241 0.0 
0.999962 -0.00712777 0.0 
0.910317 0.00448906 0.0 
0.974355 -0.224216 0.0 
0.988561 -0.15028 0.0 
0.890825 -0.00267146 0.0 
0.956229 0.00819625 0.0 
0.989159 -0.00417957 0.0 
0.917472 0.021976 0.0 
0.980158 0.198191 0.0 
0.626082 -0.00115635 0.0 
0.797775 0.000519992 0.0 
-0.94734 0.319869 0.0 
0.715055 -0.699068 0.0 
0.782916 -0.622127 0.0 
0.894016 0.000306361 0.0 
0.393887 0.919131 0.0 
0.688613 0.720787 0.0 
-0.205942 -0.97822 0.0 
0.929689 -0.368344 0.0 
0.999996 0.00165342 0.0 
-0.265872 0.963324 0.0 
0.467409 0.884038 0.0 
0.999932 0.0115939 0.0 
0.999989 -0.0034587 0.0 
-0.452277 -0.888236 0.0 
0.512306 0.0685713 0.0 
0.311912 -0.332391 0.0 
0.592634 0.762236 0.0 
0.933017 -0.359742 0.0 
1 -0.000267221 0.0 
0.772692 -0.634023 0.0 
0.999995 0.000530197 0.0 
0.999981 0.00212515 0.0 
-0.951157 -0.308277 0.0 
-0.358576 0.9335 0.0 
0.927334 0.364777 0.0 
0 0 0.0 
0.999998 -0.00137735 0.0 
0 0 0.0 
0.823386 -0.00150371 0.0 
0.99847 0.054394 0.0 
0.401694 0.915614 0.0 
0.999842 -0.0156026 0.0 
0.99574 0.0922041 0.0 
0.860072 -0.510173 0.0 
0.941527 -0.336911 0.0 
0.989172 -0.141411 0.0 
0.920551 -0.390623 0.0 
0.974563 -0.223851 0.0 
0.918167 0.396193 0.0 
0.756679 0.653534 0.0 
0.999997 -0.00211577 0.0 
0.28781 0.878074 0.0 
0.998864 -0.0471096 0.0 
0.973875 -0.0111343 0.0 
-0.389026 -0.921043 0.0 
0.999987 0.00507916 0.0 
0.999999 -0.00090982 0.0 
0.325751 -0.384895 0.0 
0.997807 -0.00463131 0.0 
0.999992 -0.00384441 0.0 
0 0 0.0 
0.487836 -0.870739 0.0 
0.984696 -0.171103 0.0 
0.829288 0.558822 0.0 
0.73859 -0.269448 0.0 
0.999999 0.00109698 0.0 
0.811266 -0.584526 0.0 
0.398887 0.000259996 0.0 
-0.405996 0.913568 0.0 
0.983591 0.00499859 0.0 
-0.119393 0.511155 0.0 
0.99549 0.00727506 0.0 
0.403477 -0.899315 0.0 
0.427051 0.813802 0.0 
0 0 0.0 
0.818835 -0.573871 0.0 
0.860773 -0.508527 0.0 
0.99955 -0.0300042 0.0 
0.999994 -0.00330472 0.0 
0.928255 -0.0351495 0.0 
0.986107 0.166088 0.0 
-0.998877 0.0353843 0.0 
0.99976 0.0178898 0.0 
0.996702 0.0779189 0.0 
0 0 0.0 
0.993149 -0.116281 0.0 
0.726667 0.686506 0.0 
0.999579 0.028712 0.0 
-0.495487 0.868064 0.0 
0 0 0.0 
0 0 0.0 
0.550973 0.834523 0.0 
0.753826 0.657074 0.0 
0.931619 0.00762197 0.0 
0.999773 0.0209207 0.0 
-0.354404 -0.935092 0.0 
0.697841 -0.000570712 0.0 
0.682743 -0.728899 0.0 
0.892891 -0.00225151 0.0 
0 0 0.0 
0.856297 0.052585 0.0 
0.950491 0.308602 0.0 
-0.351367 -0.936238 0.0 
0.999988 -0.00472339 0.0 
0.924149 -0.0364504 0.0 
0 0 0.0 
0.995543 0.0943101 0.0 
0.948812 0.315841 0.0 
0.607459 -0.794349 0.0 
0.959665 0.280648 0.0 
0.975493 0.220032 0.0 
-0.186673 0.978797 0.0 
0.955946 -0.293395 0.0 
-0.964393 -0.264472 0.0 
0.999443 -0.0333579 0.0 
0.500148 -0.865897 0.0 
-0.912167 -0.409819 0.0 
0.746193 0.665729 0.0 
-0.15438 -0.893814 0.0 
0.887662 0.0377415 0.0 
0 0 0.0 
0.999991 0.00401287 0.0 
0.954383 -0.00570199 0.0 
0.477263 -0.870696 0.0 
0.641557 0.767075 0.0 
0.999707 0.0229216 0.0 
-0.642396 0.766285 0.0 
0.306907 0.464018 0.0 
0.784778 0.00108377 0.0 
-0.0852044 0.45114 0.0 
0.995934 0.0144074 0.0 
0.999831 0.00746622 0.0 
0.999912 0.0132175 0.0 
0.989691 0.143048 0.0 
-0.432718 -0.901528 0.0 
0.485111 -0.872472 0.0 
0.993408 -0.000984026 0.0 
0.941521 0.0124025 0.0 
-0.29767 0.951651 0.0 
0.853171 0.521627 0.0 
0 0 0.0 
0.781098 0.00211019 0.0 
0.273596 0.812901 0.0 
0.80144 -0.598039 0.0 
0.881721 -0.00152025 0.0 
-0.316484 -0.947205 0.0 
0.986811 -0.044032 0.0 
0.372396 -0.928074 0.0 
0.988761 -0.149499 0.0 
0.998849 -0.0339093 0.0 
0.999986 -0.00520413 0.0 
0.406428 -0.913249 0.0 
0.995327 -0.0793668 0.0 
0.191039 0.419581 0.0 
0.916817 -0.399308 0.0 
0.999998 -5.02381e-05 0.0 
0.611483 0.791255 0.0 
0 0 0.0 
0.994153 -0.0989971 0.0 
-0.267384 -0.962097 0.0 
0 0 0.0 
0.86244 0.361651 0.0 
0.999542 0.02177 0.0 
0.913469 -0.406212 0.0 
0 0 0.0 
0.827081 0.562063 0.0 
0.947582 0.319513 0.0 
0.967024 -0.00796372 0.0 
0.740358 0.00202442 0.0 
0.973662 0.227994 0.0 
1 -0.000889329 0.0 
0.993665 -0.112236 0.0 
0.999751 0.0205148 0.0 
0.9476 0.31946 0.0 
0.974731 0.22338 0.0 
0.142166 -0.98983 0.0 
0 0 0.0 
0.736079 0.676787 0.0 
0.901695 -0.43002 0.0 
0.67182 -0.00144916 0.0 
0.999985 0.0054615 0.0 
-0.421605 0.906779 0.0 
0 0 0.0 
0.979257 -0.00259675 0.0 
-0.305948 0.951725 0.0 
0.989899 0.00033758 0.0 
0.131687 -0.949435 0.0 
0.844731 -0.535187 0.0 
0.999317 -0.0294048 0.0 
0.996572 -0.0822644 0.0 
0.978923 -0.017695 0.0 
0.95615 -0.292147 0.0 
0 0 0.0 
0.14773 -0.989023 0.0 
0.714793 -0.00105363 0.0 
0.916167 0.400773 0.0 
-0.139534 -0.990217 0.0 
0 0 0.0 
0 0 0.0 
0.940635 -0.339421 0.0 
0 0 0.0 
0.977852 0.00415257 0.0 
-0.993964 -0.109704 0.0 
0.967774 -0.251458 0.0 
0.5886 -0.808418 0.0 
0.999971 -0.00760885 0.0 
0.99999 0.00456609 0.0 
0.820559 -0.00068605 0.0 
0 0 0.0 
-0.328322 0.645715 0.0 
0.963874 -0.000647545 0.0 
0.0858613 0.996145 0.0 
0.957764 -0.287358 0.0 
0 0 0.0 
0.99097 -0.133525 0.0 
0.944955 -0.327201 0.0 
0.999987 -0.00364608 0.0 
0.834343 -0.000846702 0.0 
0.979636 -0.199436 0.0 
0.55818 0.00334913 0.0 
0.985314 -0.0159672 0.0 
0 0 0.0 
0.986078 -0.166108 0.0 
-0.903188 0.400693 0.0 
0.973761 0.00634051 0.0 
0.999388 0.0340736 0.0 
0.96984 -0.0143283 0.0 
0.99995 0.00866719 0.0 
0.998006 0.0631257 0.0 
0 0 0.0 
0.848328 -0.345643 0.0 
0 0 0.0 
0.22482 -0.710422 0.0 
0 0 0.0 
0.98796 0.153815 0.0 
0.999991 -0.00412846 0.0 
-0.912369 0.4083 0.0 
0.968155 -0.250352 0.0 
0 0 0.0 
0.787974 0.00346505 0.0 
0.520234 0.854022 0.0 
0.460772 0.697384 0.0 
0.69802 -0.703217 0.0 
-0.425746 -0.656892 0.0 
0.875496 0.0113903 0.0 
0.933003 -0.347816 0.0 
-0.8667 -0.497044 0.0 
0.828665 0.559744 0.0 
0.858504 0.51276 0.0 
0.961304 -0.275484 0.0 
0.986104 -0.163731 0.0 
0 0 0.0 
0.952035 -0.00345208 0.0 
-0.245099 0.475663 0.0 
0.927134 0.374408 0.0 
0.999976 0.000471806 0.0 
0.352975 -0.841562 0.0 
1 -0.000576634 0.0 
0 0 0.0 
0.999167 -0.0396558 0.0 
0.273905 0.961757 0.0 
0.999991 -0.0042163 0.0 
0.968133 -0.250435 0.0 
0.965299 -0.0243989 0.0 
0.99998 0.00635062 0.0 
0 0 0.0 
-0.141717 -0.987244 0.0 
0.999999 -0.00147817 0.0 
0.730171 -0.00300011 0.0 
0.377012 -0.926209 0.0 
0 0 0.0 
0.798068 0.00505216 0.0 
0.999793 0.00958182 0.0 
0.923408 -0.383816 0.0 
0.955959 0.219232 0.0 
0.542441 -0.83976 0.0 
0 0 0.0 
-0.470435 0.882434 0.0 
0.882863 -0.0163595 0.0 
0.998809 -0.0481279 0.0 
0.979907 -0.199453 0.0 
0.999996 0.00288057 0.0 
0.953699 0.300622 0.0 
0.999953 0.00927448 0.0 
0 0 0.0 
0 0 0.0 
0.796504 -0.000500112 0.0 
0.999997 -0.002609 0.0 
-0.446097 -0.894985 0.0 
0.0921767 0.994278 0.0 
0 0 0.0 
0.38048 -0.3244 0.0 
0.969611 0.00413342 0.0 
0.9191 0.393332 0.0 
0.999998 -0.00213973 0.0 
0.960109 -0.2796 0.0 
0.999995 -0.00318162 0.0 
0.984443 0.003987 0.0 
-0.297069 0.762458 0.0 
-0.106071 -0.940765 0.0 
0.392042 0.917298 0.0 
0.496628 -0.867963 0.0 
0.922655 0.384514 0.0 
0.999988 -0.00495818 0.0 
-0.273713 -0.961811 0.0 
0.953836 -0.299857 0.0 
0.970316 -0.014492 0.0 
0 0 0.0 
-0.522436 -0.852663 0.0 
-0.414376 -0.694501 0.0 
0.975622 -0.219431 0.0 
0.999408 -0.00718408 0.0 
0 0 0.0 
-0.294827 0.95555 0.0 
0.999983 -0.00585051 0.0 
0.428592 0.257505 0.0 
0.142775 0.988873 0.0 
-0.3966 0.917873 0.0 
0.507946 -0.861382 0.0 
0.933581 -0.358035 0.0 
0 0 0.0 
0 0 0.0 
0.99992 -0.0125825 0.0 
0.999996 -0.00280414 0.0 
0.999968 0.00605991 0.0 
0.776182 -0.0176288 0.0 
0.977179 0.211529 0.0 
0.553183 -0.83306 0.0 
-0.285551 0.956901 0.0 
-0.59978 0.800149 0.0 
0.999957 -0.00855463 0.0 
-0.242319 0.970196 0.0 
0 0 0.0 
0 0 0.0 
0.868971 -0.493937 0.0 
0 0 0.0 
0.999999 0.00100668 0.0 
0 0 0.0 
-0.510196 -0.733662 0.0 
1 8.54881e-05 0.0 
0 0 0.0 
0.954088 -0.299486 0.0 
0.598536 0.800001 0.0 
-0.514444 0.857524 0.0 
0.338702 -0.409672 0.0 
0.324573 -0.916589 0.0 
0.405441 -0.914039 0.0 
0.849408 0.527508 0.0 
0.547644 -0.104682 0.0 
0.179302 -0.983794 0.0 
0.449355 0.717741 0.0 
0 0 0.0 
0.827429 0.561557 0.0 
0.932948 0.0936454 0.0 
0.999213 -0.039567 0.0 
0 0 0.0 
0 0 0.0 
0 0 0.0 
0.892163 -0.0058387 0.0 
0.513036 0.848036 0.0 
0.238328 0.971183 0.0 
0.104823 -0.574216 0.0 
0.952853 0.30338 0.0 
-0.392313 0.748864 0.0 
0.999994 -0.00316904 0.0 
-0.161127 -0.98634 0.0 
0.792389 0.610016 0.0 
-0.995642 -0.0913235 0.0 
0.999991 0.00415306 0.0 
0.899236 0.437262 0.0 
0.852246 -0.429124 0.0 
0 0 0.0 
0 0 0.0 
-0.78006 0.625283 0.0 
0.999993 -0.00313263 0.0 
0.99931 -0.0364688 0.0 
0.819343 0.573304 0.0 
0 0 0.0 
0.814699 -0.579497 0.0 
0.977052 0.213001 0.0 
0.352768 -0.934358 0.0 
0.999975 0.00712536 0.0 
0.794521 0.163295 0.0 
0.604581 -0.00313694 0.0 
0.185046 0.771084 0.0 
0 0 0.0 
0.999979 -0.00648876 0.0 
0.191331 -0.981504 0.0 
0.922764 0.0126074 0.0 
0 0 0.0 
0.980996 -0.194028 0.0 
0.978576 0.194974 0.0 
-0.960982 0.275669 0.0 
0.999962 0.00866593 0.0 
0.398503 -0.91709 0.0 
1 0.000406025 0.0 
0 0 0.0 
0.999804 -0.0195559 0.0 
0.386423 -0.922305 0.0 
0.99547 -0.0939367 0.0 
0.999962 0.00864596 0.0 
-0.356497 -0.934287 0.0 
0 0 0.0 
0.367289 0.925776 0.0 
0.220318 0.975422 0.0 
0.999996 0.00215732 0.0 
0.233016 0.972473 0.0 
-0.23471 0.97194 0.0 
0 0 0.0 
0.998912 -0.0458037 0.0 
0.789348 -0.00177213 0.0 
-0.519255 -0.854619 0.0 
0.882903 -0.00398949 0.0 
-0.35851 -0.840072 0.0 
-0.453017 0.891502 0.0 
-0.461407 0.88491 0.0 
0.996053 0.0704503 0.0 
-0.522903 -0.852391 0.0 
0.298227 -0.10063 0.0 
0.606786 0.757677 0.0 
0.999997 -0.00224469 0.0 
0.90982 0.352413 0.0 
0.999963 0.00861386 0.0 
0 0 0.0 
0 0 0.0 
-0.476264 0.878842 0.0 
0.923386 -0.378436 0.0 
0 0 0.0 
0 0 0.0 
0.854574 -0.51931 0.0 
0 0 0.0 
-0.0483569 -0.998681 0.0 
0.639883 0.768464 0.0 
0.99044 0.119976 0.0 
0.99999 -0.00446989 0.0 
0.218089 0.975913 0.0 
0.550171 -0.835051 0.0 
0.549821 -0.835268 0.0 
0.544475 -0.733635 0.0 
0.382335 -0.923322 0.0 
0 0 0.0 
0.952035 -0.305957 0.0 
1 0 0.0 
0.187705 0.981716 0.0 
0.796569 -0.00347676 0.0 
0.999965 -0.00419467 0.0 
0.911568 -0.409704 0.0 
0.849676 -0.000350745 0.0 
0.999997 -0.00250598 0.0 
0 0 0.0 
-0.567741 0.823207 0.0 
0.999993 -0.00182242 0.0 
0 0 0.0 
0.999993 -0.000919661 0.0 
0.841657 0.539994 0.0 
0.519797 0.72497 0.0 
-0.339548 0.876774 0.0 
0.818765 0.573992 0.0 
-0.627298 0.771687 0.0 
0.865618 0.50066 0.0 
0.861562 0.507653 0.0 
0.737506 -0.67534 0.0 
0.965421 0.260654 0.0 
0.984068 0.00494922 0.0 
0.850687 -0.525659 0.0 
0.999995 0.00275621 0.0 
0.786829 -0.616053 0.0 
0.343823 0.939026 0.0 
0.999656 0.0233915 0.0 
0.893168 0.449714 0.0 
0.999989 -0.00400954 0.0 
0 0 0.0 
-0.904343 0.426348 0.0 
-0.854856 0.518499 0.0 
0.360506 0.932668 0.0 
0.999993 -0.00357139 0.0 
0 0 0.0 
0.999996 0.00261092 0.0 
0.922207 0.386697 0.0 
0.988829 0.138876 0.0 
0.953489 -0.187132 0.0 
0.744595 -0.666034 0.0 
0.999491 0.0318528 0.0 
0.818965 -0.00115652 0.0 
0.706293 0.707919 0.0 
0.960602 -0.246272 0.0 
0.948901 -0.315557 0.0 
0.918824 -0.0449593 0.0 
0.596214 0.802825 0.0 
0.93034 0.366699 0.0 
0 0 0.0 
0.999996 -0.00155934 0.0 
0.459711 0.753599 0.0 
0.185694 -0.982003 0.0 
0.920601 -0.389724 0.0 
1 0 0.0 
0.760366 -0.530724 0.0 
1 0.000587671 0.0 
0.44997 -0.000256626 0.0 
0.681926 -0.731418 0.0 
0.999971 0.00756402 0.0 
0 0 0.0 
0.978938 -0.139864 0.0 
0.340092 -0.936866 0.0 
0.683035 -0.730386 0.0 
0 0 0.0 
0.941347 0.0251262 0.0 
0.947102 0.303477 0.0 
0.97399 0.226589 0.0 
0.652089 0.758142 0.0 
0.39957 -0.916703 0.0 
0.999925 -0.0122693 0.0 
0.59872 0.799488 0.0 
0.88818 0.45808 0.0 
0.929779 0.0129866 0.0 
0.826907 0.51254 0.0 
0.94347 0.331162 0.0 
0.968196 -0.250192 0.0 
0.892135 0.451673 0.0 
-0.203825 0.978988 0.0 
0.870209 -0.0018945 0.0 
0.739975 0.672635 0.0 
-0.269254 0.963069 0.0 
-0.474957 -0.877184 0.0 
0.460275 -0.884713 0.0 
0.999265 0.0383008 0.0 
0.977688 0.0126748 0.0 
0.448244 0.000390132 0.0 
0.21818 -0.449886 0.0 
0.738567 0.67418 0.0 
0 0 0.0 
0.370386 0.928878 0.0 
0.977744 0.00716175 0.0 
-0.402769 -0.915291 0.0 
0.994852 0.101339 0.0 
0.999408 0.0107949 0.0 
0.965604 -0.252846 0.0 
0.978374 0.206845 0.0 
0.915451 0.401995 0.0 
0.820377 0.00124958 0.0 
0 0 0.0 
0.871359 0.490646 0.0 
0 0 0.0 
0 0 0.0 
-0.57163 0.820511 0.0 
0.726961 -0.686678 0.0 
0.302789 0.953033 0.0 
0.865792 -0.500404 0.0 
0.291339 0.95662 0.0 
0.993778 -0.111001 0.0 
0 0 0.0 
0.999984 0.000438519 0.0 
0.89982 0.4362 0.0 
0.668132 0.743814 0.0 
0.8077 0.589587 0.0 
-0.854461 0.514894 0.0 
0.212433 0.977176 0.0 
0.129674 -0.79412 0.0 
0.892978 0.450067 0.0 
0.980728 -0.192803 0.0 
-0.6538 0.753623 0.0 
0.280361 -0.821091 0.0 
0.690121 0.710589 0.0 
0 0 0.0 
0.641282 -0.617747 0.0 
0.961296 -0.00623486 0.0 
0.932084 0.362243 0.0 
0.999597 0.0283256 0.0 
-0.48752 0.871409 0.0 
0.769498 0.638636 0.0 
0.910143 0.41395 0.0 
-0.201076 0.904202 0.0 
0.844919 -0.00500331 0.0 
0.9992 -0.039993 0.0 
0.561126 0.722043 0.0 
0.909118 -0.000975277 0.0 
-0.487585 -0.873051 0.0 
0.104616 -0.417444 0.0 
0 0 0.0 
0.754415 0.455968 0.0 
0 0 0.0 
-0.390737 -0.920472 0.0 
0.846096 0.533029 0.0 
0.658419 0.430063 0.0 
0.832555 0.553942 0.0 
0.999873 -0.0157661 0.0 
0.852354 0.522965 0.0 
-0.165675 0.756338 0.0 
0.580972 0.813923 0.0 
0.66822 0.743703 0.0 
0.771059 0.000622592 0.0 
0.713815 0.700334 0.0 
0.864562 -0.223755 0.0 
0.210872 0.977514 0.0 
0 0 0.0 
0.84791 -0.00184924 0.0 
0.999967 0.00806905 0.0 
0.83545 0.549344 0.0 
0.976463 0.215372 0.0 
0.53743 0.843308 0.0 
-0.202636 -0.979254 0.0 
0 0 0.0 
0.982713 0.181761 0.0 
0.974561 0.223904 0.0 
0.961463 -0.274817 0.0 
0 0 0.0 
-0.203924 -0.978987 0.0 
0.931707 0.361529 0.0 
0.998078 -0.0605769 0.0 
0 0 0.0 
0.702786 0.00170492 0.0 
0 0 0.0 
0.180589 0.975902 0.0 
0.999879 -0.015575 0.0 
0.594488 0.804105 0.0 
0.316062 -0.926069 0.0 
0.805979 -0.0271422 0.0 
0.17266 -0.984002 0.0 
0.999979 0.00606612 0.0 
0.92377 0.382936 0.0 
0.936916 0.00360086 0.0 
0.846603 0.532211 0.0 
0 0 0.0 
0 0 0.0 
0 0 0.0 
0.831326 0.00872637 0.0 
0.997086 -0.073462 0.0 
0 0 0.0 
0.153509 -0.988133 0.0 
0.974276 0.22536 0.0 
0.999994 -0.00349726 0.0 
-0.516306 0.856404 0.0 
0.968391 -0.249437 0.0 
0.98709 0.160071 0.0 
0.998906 -0.0467628 0.0 
0.999999 -0.00142922 0.0 
0 0 0.0 
0 0 0.0 
0.988753 0.147413 0.0 
0 0 0.0 
-0.278066 0.960545 0.0 
0.9999 0.0140534 0.0 
0 0 0.0 
0.692733 -0.656947 0.0 
0.877776 0.479071 0.0 
-0.914414 0.370108 0.0 
1 0.000569432 0.0 
-0.525254 0.850844 0.0 
0.907323 0.420434 0.0 
0.994435 0.105307 0.0 
-0.377492 -0.925963 0.0 
0.614046 0.789269 0.0 
0.853428 -0.000178297 0.0 
-0.98965 -0.139848 0.0 
0 0 0.0 
0.770783 -0.637098 0.0 
0.999589 -0.0282405 0.0 
0.994861 0.101245 0.0 
0.793345 -0.607869 0.0 
0.442363 0.683431 0.0 
0.999923 -0.0119045 0.0 
0 0 0.0 
0.999997 -0.00249046 0.0 
0.999998 -0.00194503 0.0 
1 0.000421658 0.0 
0 0 0.0 
0.999011 -0.0441561 0.0 
0.999981 0.00565257 0.0 
0.760323 -0.649542 0.0 
0.999997 -0.00254545 0.0 
1 0 0.0 
-0.247977 0.523267 0.0 
-0.49368 -0.869606 0.0 
-0.360835 0.932629 0.0 
0.865398 -0.500995 0.0 
0.355055 0.934102 0.0 
0.952173 0.305558 0.0 
0 0 0.0 
0 0 0.0 
0.591857 -0.0663476 0.0 
-0.535781 -0.844357 0.0 
0.222866 -0.974073 0.0 
0.959377 0.00328662 0.0 
0 0 0.0 
0.964726 -0.0395495 0.0 
0 0 0.0 
0.999372 -0.0354317 0.0 
0.228764 -0.973309 0.0 
0.613887 0.789394 0.0 
0.959266 -0.241174 0.0 
0.132584 -0.732686 0.0 
0 0 0.0 
0 0 0.0 
0 0 0.0 
-0.565111 -0.825014 0.0 
0.999118 -0.042002 0.0 
-0.395363 -0.918525 0.0 
0.463628 0.728297 0.0 
0.999992 -0.00392377 0.0 
0.962592 0.270375 0.0 
-0.53767 -0.843155 0.0 
0.988899 0.147888 0.0 
0.976662 0.214743 0.0 
0.999996 -0.00285649 0.0 
0 0 0.0 
0 0 0.0 
0.887984 0.458405 0.0 
-0.532671 0.846322 0.0 
0.999744 -0.0226171 0.0 
-0.528167 0.849136 0.0 
-0.75756 0.647108 0.0 
0.990314 -0.138199 0.0 
0 0 0.0 
-0.318304 0.946963 0.0 
0.909578 0.415533 0.0 
0.821215 0.570616 0.0 
-0.322593 0.946538 0.0 
-0.489338 0.871958 0.0 
0.19118 0.981552 0.0 
0.998815 -0.0481361 0.0 
0.906145 0.422967 0.0 
0.523209 0.8522 0.0 
0.996277 0.0862089 0.0 
0 0 0.0 
-0.498665 -0.866658 0.0 
0.957209 0.253629 0.0 
0.874986 0.000180349 0.0 
0 0 0.0 
-0.536898 -0.84364 0.0 
-0.282684 0.959207 0.0 
0.615102 0.788448 0.0 
0.87395 0.486016 0.0 
-0.665875 0.744565 0.0 
-0.542503 -0.840054 0.0 
0.771921 -0.00351568 0.0 
0 0 0.0 
-0.466132 0.881541 0.0 
0.631088 -0.00289796 0.0 
0.860751 0.509026 0.0 
-0.598254 0.801307 0.0 
0.999999 -0.00160313 0.0 
0.999427 0.033858 0.0 
0.990919 -0.134457 0.0 
0.741818 -0.668461 0.0 
0.994586 0.10391 0.0 
0.760686 -0.64912 0.0 
0.168548 0.985655 0.0 
0.907337 0.420405 0.0 
-0.261547 -0.965191 0.0 
0.904053 0.416738 0.0 
0.936138 0.35163 0.0 
0.984849 0.173193 0.0 
0.786879 -0.617107 0.0 
0.348559 -0.728721 0.0 
-0.216435 0.976289 0.0 
0.134013 -0.990168 0.0 
0 0 0.0 
0.975608 0.219492 0.0 
0.92391 -0.260233 0.0 
0.955571 0.294759 0.0 
0.9483 0.317374 0.0 
0 0 0.0 
0.899593 -0.244227 0.0 
0 0 0.0 
1 0.00081857 0.0 
0.999999 -0.00144972 0.0 
0.930718 0.363915 0.0 
0.572574 -0.813728 0.0 
0.934284 0.356279 0.0 
-0.475326 -0.785852 0.0 
0.758229 -0.632482 0.0 
0.157262 -0.987475 0.0 
0.905713 0.423889 0.0 
0.897504 -0.00323905 0.0 
0.159375 -0.987168 0.0 
0.778951 -0.000717669 0.0 
0.976225 -0.00638018 0.0 
0.994354 -0.105833 0.0 
0.967195 0.252126 0.0 
0.83442 0.00033568 0.0 
-0.492528 0.867885 0.0 
0 0 0.0 
0.313423 0.949604 0.0 
0.926708 0.375672 0.0 
-0.661461 0.749346 0.0 
0.930765 0.365618 0.0 
0 0 0.0 
0.343123 -0.937609 0.0 
0 0 0.0 
0 0 0.0 
0.550199 0.830027 0.0 
0.986696 -0.162182 0.0 
0 0 0.0 
0 0 0.0 
0.931508 0.344283 0.0 
0.999995 0.0016762 0.0 
0 0 0.0 
0.999075 0.0341932 0.0 
0.617457 -0.786552 0.0 
0.956343 -0.226592 0.0 
0.817961 -0.574309 0.0 
0.910534 -0.326946 0.0 
-0.54567 0.836856 0.0 
-0.557479 0.825755 0.0 
0.817376 0.00103367 0.0 
1 0.000425742 0.0 
0.972136 -0.148143 0.0 
0.705997 0.70817 0.0 
-0.436527 -0.899421 0.0 
0.965352 -0.260951 0.0 
0.993999 0.0115466 0.0 
0.999539 -0.027784 0.0 
0.972657 0.231802 0.0 
0.821467 0.506361 0.0 
0.99881 0.0450534 0.0 
0.999999 -0.00110619 0.0 
0.999259 0.038434 0.0 
0 0 0.0 
0.914691 -0.00703546 0.0 
0.573434 -0.815669 0.0 
0.551708 0.834037 0.0 
0 0 0.0 
0.955927 -0.24148 0.0 
0.969075 -0.00552803 0.0 
0.985093 0.0186474 0.0 
0 0 0.0 
0.531046 -0.0104792 0.0 
0.907349 -0.00355674 0.0 
0.999953 -0.00126889 0.0 
0.999996 -0.000749295 0.0 
0.999993 0.00364769 0.0 
0.608063 -0.793884 0.0 
0 0 0.0 
0 0 0.0 
0.999996 -0.00273735 0.0 
0.945405 -0.325898 0.0 
0 0 0.0 
0.483551 -0.794306 0.0 
0.602943 0.797783 0.0 
0 0 0.0 
-0.960337 0.27841 0.0 
0 0 0.0 
-0.162152 0.986766 0.0 
-0.305757 0.952105 0.0 
0.343993 0.897272 0.0 
0.923427 0.383774 0.0 
0.95228 -0.305217 0.0 
0.557063 -0.83047 0.0 
0.805361 0.59275 0.0 
-0.557418 0.698683 0.0 
0 0 0.0 
0.923453 0.38371 0.0 
0.28459 0.654814 0.0 
0.999984 -0.00563862 0.0 
0.99112 -0.132924 0.0 
0.436084 0.396227 0.0 
0.97485 -0.195515 0.0 
0.75261 -0.656561 0.0 
0.859503 0.509232 0.0 
-0.542497 -0.840048 0.0 
-0.55358 0.832271 0.0 
0.939163 0.0318448 0.0 
0.929683 0.36836 0.0 
-0.630354 -0.775891 0.0 
0.229411 0.97333 0.0 
0.9903 -0.137057 0.0 
0.275662 0.961255 0.0 
0.960141 0.00836885 0.0 
0 0 0.0 
0.850957 0.525235 0.0 
0.99927 0.038211 0.0 
0.630486 -0.776164 0.0 
0.14066 -0.990057 0.0 
-0.20315 0.979146 0.0 
0.996584 0.0791628 0.0 
-0.425002 -0.905182 0.0 
-0.464205 0.885728 0.0 
-0.452728 0.817477 0.0 
0.254448 0.96708 0.0 
0.999995 -0.00310631 0.0 
0 0 0.0 
0.728118 0.520082 0.0 
-0.54711 0.837061 0.0 
-0.239764 0.970513 0.0 
0.466092 0.884736 0.0 
0.270367 -0.960444 0.0 
0.387476 0.292619 0.0 
0.999898 0.0121295 0.0 
0.903868 0.427216 0.0 
0 0 0.0 
0.654498 0.000441546 0.0 
0.999999 -0.00101703 0.0 
-0.517973 0.855397 0.0 
0 0 0.0 
0.682577 -0.730813 0.0 
0 0 0.0 
-0.99966 -0.0187671 0.0 
0.387479 -0.680038 0.0 
0.967369 -0.2533 0.0 
0.907456 0.420146 0.0 
0.999996 -0.00262699 0.0 
0.999985 0.00540693 0.0 
0.511062 -0.859535 0.0 
0 0 0.0 
0.999996 -0.00284506 0.0 
0.999996 -0.00121614 0.0 
0.73584 0.677044 0.0 
0.999866 -0.00968258 0.0 
0.991041 0.103656 0.0 
-0.961462 0.224309 0.0 
0 0 0.0 
-0.167681 0.984914 0.0 
0.184026 0.928116 0.0 
0.496679 0.238711 0.0 
0.711193 0.702989 0.0 
0.947229 -0.320556 0.0 
0.371914 0.928263 0.0 
0.384326 0.923197 0.0 
-0.268071 -0.962617 0.0 
0.999998 -0.00196476 0.0 
0.999999 -0.0012069 0.0 
0.874855 0.484386 0.0 
0 0 0.0 
0.999896 -0.0144302 0.0 
-0.999065 0.0429734 0.0 
0.223998 0.974588 0.0 
0.799413 -0.600559 0.0 
0 0 0.0 
0.972137 -0.234412 0.0 
-0.34764 -0.937208 0.0 
0.913414 -0.1623 0.0 
0.610919 -0.791686 0.0 
0.384412 -0.923162 0.0 
0.983231 0.182319 0.0 
0.929517 -0.368779 0.0 
0.99971 0.0239672 0.0 
0.994283 0.104603 0.0 
-0.84706 0.529043 0.0 
0 0 0.0 
-0.0469182 0.194356 0.0 
0.905896 -0.418355 0.0 
0.999954 0.00963109 0.0 
-0.615218 -0.787652 0.0 
0.351387 0.897175 0.0 
0.662534 0.744272 0.0 
0.991734 -0.128312 0.0 
-0.0892309 0.995729 0.0 
0.880329 0.469575 0.0 
0.907979 -0.419015 0.0 
0 0 0.0 
0.999994 -0.00330255 0.0 
-0.364895 0.931045 0.0 
0.695939 0.498426 0.0 
0.953972 0.299857 0.0 
1 0.00046877 0.0 
0.921656 0.0353481 0.0 
0 0 0.0 
0.396526 0.0814967 0.0 
0.211105 0.977457 0.0 
0.996577 0.0805363 0.0 
0 0 0.0 
0.962093 -0.271873 0.0 
0.99988 -0.0145053 0.0 
0.994782 -0.100698 0.0 
-0.379247 0.925295 0.0 
0.922348 0.381764 0.0 
0.999995 -0.00312797 0.0 
0.802274 0.370872 0.0 
0.630617 0.776059 0.0 
0 0 0.0 
0.999987 0.00314023 0.0 
-0.994859 0.0732932 0.0 
0.507755 -0.849384 0.0 
0 0 0.0 
0.989938 -0.00442878 0.0 
0.835906 0.00994504 0.0 
-0.380063 -0.872054 0.0 
0.999672 0.0223793 0.0 
0.999962 -0.00667786 0.0 
-0.528521 0.814404 0.0 
0.999614 -0.0277783 0.0 
0 0 0.0 
0.605953 0.000618893 0.0 
0.131168 0.99136 0.0 
0.9998 0.0199353 0.0 
0.436927 0.899497 0.0 
0.941312 0.337536 0.0 
0.866538 0.113748 0.0 
0 0 0.0 
-0.563234 -0.826295 0.0 
0.972426 -0.000805995 0.0 
0.999898 0.00580162 0.0 
-0.479763 0.827058 0.0 
-0.374138 -0.927237 0.0 
-0.182971 0.919845 0.0 
-0.139926 0.411259 0.0 
-0.402286 0.915513 0.0 
-0.24065 0.970612 0.0 
0.993309 -0.110441 0.0 
-0.346104 -0.938081 0.0 
0.999998 -0.00150267 0.0 
0.841174 -0.540764 0.0 
0 0 0.0 
0 0 0.0 
0 0 0.0 
-0.92558 0.373582 0.0 
0.867925 0.495738 0.0 
0.821048 -0.568091 0.0 
0.858304 0.513142 0.0 
-0.975462 -0.220168 0.0 
0.999848 -0.0174077 0.0 
0.955611 0.29463 0.0 
0.192636 -0.476033 0.0 
0.896884 -0.441102 0.0 
0.183041 -0.983103 0.0 
0.549714 -0.835315 0.0 
0.999998 0.00178816 0.0 
0.560361 -0.826067 0.0 
-0.576774 0.816904 0.0 
-0.540774 0.841163 0.0 
0.970147 -0.242457 0.0 
0.998022 -0.0628584 0.0 
0 0 0.0 
0.836611 -0.00461402 0.0 
0.923887 0.381675 0.0 
-0.446652 -0.894708 0.0 
0.816264 0.00143362 0.0 
0.0671074 0.997746 0.0 
0.993948 -0.00324962 0.0 
0.999158 -0.0406873 0.0 
-0.594993 0.803731 0.0 
0.998769 -0.0495327 0.0 
0 0 0.0 
0.999862 0.0149159 0.0 
0.85372 -0.520729 0.0 
0.870855 0.49148 0.0 
0.636467 0.771304 0.0 
-0.995587 -0.0924895 0.0 
-0.29141 0.956598 0.0 
-0.216781 -0.97622 0.0 
-0.852445 0.522798 0.0 
-0.440422 0.896614 0.0 
0.620591 0.00154747 0.0 
0 0 0.0 
0.444286 -0.89552 0.0 
0 0 0.0 
-0.631326 0.775514 0.0 
-0.610303 0.791134 0.0 
0.163577 0.982957 0.0 
-0.206326 0.978483 0.0 
0 0 0.0 
0.999995 -0.00300533 0.0 
0.912313 0.409493 0.0 
-0.324305 0.945952 0.0 
-0.195193 0.980678 0.0 
0.984182 0.176606 0.0 
0.999962 0.00861348 0.0 
0.532264 0.846574 0.0 
0 0 0.0 
-0.990106 0.140323 0.0 
-0.284093 -0.958796 0.0 
0.999974 0.00719452 0.0 
0.873393 -0.486762 0.0 
-0.218612 -0.973327 0.0 
0.388095 -0.921604 0.0 
-0.241965 0.726529 0.0 
0.818709 -0.573859 0.0 
0.995614 0.0874208 0.0 
0.951195 -0.0252007 0.0 
0 0 0.0 
-0.19492 -0.980819 0.0 
-0.440269 0.827007 0.0 
0.996341 0.0849283 0.0 
0.857146 0.515074 0.0 
0.97856 -0.0389741 0.0 
1 -0.000408439 0.0 
0 0 0.0 
0.680852 0.732421 0.0 
-0.296338 0.885806 0.0 
0 0 0.0 
0.999967 -0.00814885 0.0 
0.437774 -0.899085 0.0 
0.951142 -0.308746 0.0 
-0.474713 0.879384 0.0 
0 0 0.0 
-0.539428 0.842031 0.0 
0.631786 0.76566 0.0 
0 0 0.0 
0.942753 0.333492 0.0 
0.966161 -0.257575 0.0 
0.919616 -0.0220695 0.0 
0.807447 0.589801 0.0 
-0.399744 0.916627 0.0 
0.862794 -0.427382 0.0 
0 0 0.0 
-0.915775 -0.398707 0.0 
0.849737 0.468181 0.0 
0.999999 0.000812129 0.0 
0.803887 -0.591294 0.0 
0.904451 -0.425853 0.0 
0.998135 -0.0579792 0.0 
0.551197 -0.574637 0.0 
-0.556686 -0.815562 0.0 
-0.324239 0.944211 0.0 
0.999926 -0.012107 0.0 
-0.517023 0.855972 0.0 
0.997066 -0.0765442 0.0 
0.939824 -0.287653 0.0 
0.965925 0.25234 0.0 
0.749937 0.661509 0.0 
-0.328588 0.943713 0.0 
0 0 0.0 
-0.400788 0.915952 0.0 
0.68444 -0.729069 0.0 
0.670516 -0.741895 0.0 
0.911602 0.411051 0.0 
0.992933 -0.0185092 0.0 
0.180794 -0.983507 0.0 
0.911693 0.00495298 0.0 
0.999986 0.00538153 0.0 
0.998833 -0.0482895 0.0 
0.919655 -0.0278362 0.0 
0.999714 0.0238409 0.0 
0.864201 0.224651 0.0 
0.848764 0.528767 0.0 
0.999827 0.0185962 0.0 
0 0 0.0 
-0.530825 0.84748 0.0 
-0.990709 -0.135996 0.0 
-0.154877 -0.898302 0.0 
0.0961317 -0.994973 0.0 
0.998542 -0.0533573 0.0 
0.996929 -0.0759703 0.0 
-0.353459 -0.93545 0.0 
-0.269669 -0.962604 0.0 
0.871504 0.489074 0.0 
0.191506 0.931263 0.0 
0.974536 0.224233 0.0 
0.776449 0.630056 0.0 
0 0 0.0 
0 0 0.0 
0.428936 -0.903312 0.0 
0.942591 0.333951 0.0 
0.987829 0.000566657 0.0 
0.486225 -0.68815 0.0 
0.958755 0.0257699 0.0 
1 0.000964669 0.0 
0.961679 -0.27403 0.0 
0 0 0.0 
0.962412 0.271214 0.0 
0.964098 -0.265539 0.0 
0.994922 -0.0989305 0.0 
-0.930017 -0.360223 0.0 
-0.466934 0.883701 0.0 
0 0 0.0 
0.986335 0.164717 0.0 
-0.32526 0.945625 0.0 
0.999815 0.0192264 0.0 
-0.572616 -0.819824 0.0 
0.984568 0.00140449 0.0 
-0.392276 -0.919527 0.0 
-0.980017 0.198016 0.0 
-0.500877 -0.86547 0.0 
0.792103 -0.609484 0.0 
0 0 0.0 
0.933691 -0.358079 0.0 
0 0 0.0 
0.968313 0.246927 0.0 
0.82156 0.570117 0.0 
-0.272968 -0.962023 0.0 
-0.0433132 0.99756 0.0 
0.926697 0.37529 0.0 
0.388403 -0.921487 0.0 
0.979795 -0.00229856 0.0 
0.116309 0.307142 0.0 
0.999986 0.00482647 0.0 
-0.99722 -0.0745085 0.0 
0.997466 -0.0711473 0.0 
0.996936 0.0782154 0.0 
0.860969 0.508544 0.0 
0.642933 -0.762604 0.0 
-0.157541 -0.987513 0.0 
-0.186432 -0.896252 0.0 
0.864987 -0.501607 0.0 
0.970061 -0.242821 0.0 
-0.132096 -0.960123 0.0 
0.99984 0.0178854 0.0 
0.999771 -0.0123533 0.0 
0.999997 0.00168447 0.0 
0.999936 0.00807923 0.0 
0.998304 -0.0582244 0.0 
0.0379893 -0.999278 0.0 
-0.137591 -0.990489 0.0 
0.843447 -0.00074406 0.0 
0.999986 0.00487389 0.0 
0.996037 0.0883376 0.0 
0.878544 -0.477636 0.0 
0.878559 0.477634 0.0 
-0.334479 0.941762 0.0 
0.999968 0.00777259 0.0 
-0.172764 -0.870977 0.0 
0 0 0.0 
0.965768 -0.25895 0.0 
0.986694 0.16246 0.0 
0.994009 0.109296 0.0 
-0.15692 0.317924 0.0 
0.999964 0.00725639 0.0 
0.765328 0.64364 0.0 
0.368227 0.929731 0.0 
0.540601 0.841279 0.0 
0.999982 0.00601829 0.0 
-0.291108 -0.95669 0.0 
0 0 0.0 
0.890987 0.00526394 0.0 
0.614586 0.25361 0.0 
0.905623 -0.00235926 0.0 
0.959238 -0.282598 0.0 
0.999999 -0.00158795 0.0 
0.991002 0.133337 0.0 
0.973984 0.226619 0.0 
0.99999 -0.00450848 0.0 
-0.478175 0.723266 0.0 
0 0 0.0 
0.968128 -0.250456 0.0 
0.673001 -0.738269 0.0 
0.368104 0.79781 0.0 
0.22367 -0.97461 0.0 
0.201882 -0.979398 0.0 
0.952629 0.300579 0.0 
-0.545655 0.83801 0.0 
0.999994 0.000708499 0.0 
0.947059 0.321037 0.0 
0.366481 -0.930425 0.0 
-0.358098 -0.882831 0.0 
0.974743 -0.223327 0.0 
0.993389 -0.114663 0.0 
0.97619 -0.216916 0.0 
0.992447 0.122675 0.0 
0.813229 0.581944 0.0 
-0.155196 0.986508 0.0 
0.999997 -0.00258928 0.0 
-0.547549 0.836773 0.0 
0.994023 0.108074 0.0 
0.999901 0.0131454 0.0 
0.924604 0.000961763 0.0 
0.466472 0.884536 0.0 
-0.431642 0.901973 0.0 
0.994456 0.105153 0.0 
0.999405 0.0344908 0.0 
0.932067 0.362286 0.0 
0.989395 -0.143426 0.0 
-0.116301 0.991541 0.0 
-0.90219 -0.394609 0.0 
0.166848 -0.985958 0.0 
0.947087 0.320922 0.0 
0.999978 0.00656971 0.0 
-0.999811 0.00824333 0.0 
0 0 0.0 
0 0 0.0 
0 0 0.0 
0.908642 0.417575 0.0 
0.90099 0.43384 0.0 
0.943608 0.0062767 0.0 
0.996627 0.0810485 0.0 
0.999601 0.0246493 0.0 
0.989959 -0.140212 0.0 
0.999921 -0.0123987 0.0 
-0.134387 -0.990929 0.0 
0 0 0.0 
0 0 0.0 
1 0 0.0 
0.996016 -0.0876677 0.0 
0.999997 0.00239785 0.0 
0.999734 -0.0230691 0.0 
0.999959 -0.00904612 0.0 
0.813099 -0.578321 0.0 
0.330155 -0.943423 0.0 
0.0104939 0.996511 0.0 
0.342005 -0.936466 0.0 
0.974864 0.222801 0.0 
0.84887 0.528595 0.0 
0.980034 0.1931 0.0 
-0.961507 -0.272427 0.0 
0 0 0.0 
0.931389 0.00638733 0.0 
0 0 0.0 
0 0 0.0 
-0.341124 -0.939987 0.0 
-0.134818 -0.804755 0.0 
0.999559 -0.0199683 0.0 
0.958411 -0.285392 0.0 
0.999885 0.0151656 0.0 
0.911643 0.410983 0.0 
0.998622 -0.0522085 0.0 
0.528164 0.794931 0.0 
0.97359 -0.228303 0.0 
0.852301 0.523051 0.0 
0 0 0.0 
-0.149549 -0.988754 0.0 
-0.56083 -0.827931 0.0 
0.891873 0.450887 0.0 
0.999923 0.0124301 0.0 
0.909868 0.414899 0.0 
0.999999 -0.000312242 0.0 
0.972158 0.232738 0.0 
0.999165 -0.0402489 0.0 
0.999506 -0.0301034 0.0 
0.999999 -0.00105583 0.0 
0 0 0.0 
0 0 0.0 
0.774551 0.632511 0.0 
0.747376 0.664402 0.0 
-0.484182 0.874552 0.0 
-0.515124 -0.857116 0.0 
0 0 0.0 
-0.702572 0.390839 0.0 
0.979008 0.194584 0.0 
-0.102248 0.994503 0.0 
0.878136 -0.476513 0.0 
0 0 0.0 
0.314813 -0.949153 0.0 
0.999879 0.0150401 0.0 
0.973208 0.229925 0.0 
0.922294 0.386488 0.0 
0 0 0.0 
0.827883 0.225808 0.0 
0.99084 0.134251 0.0 
0.83909 -0.543993 0.0 
0.99999 -0.0044338 0.0 
0.610688 -0.789648 0.0 
0.999981 -0.00613235 0.0 
0.543234 -0.678574 0.0 
-0.540903 0.841084 0.0 
0.999979 0.00649718 0.0 
0.998433 -0.0559585 0.0 
-0.352763 -0.935711 0.0 
0.993385 -0.11483 0.0 
-0.557377 -0.829758 0.0 
-0.978568 -0.204187 0.0 
0.837309 -0.546511 0.0 
-0.187111 0.981252 0.0 
0.935495 0.33246 0.0 
0.777585 -0.592936 0.0 
0 0 0.0 
0.995624 -0.0934498 0.0 
0 0 0.0 
0.814095 0.467181 0.0 
0 0 0.0 
0.990776 -0.129485 0.0 
0.936441 0.350824 0.0 
0.431583 -0.901726 0.0 
-0.342595 -0.937762 0.0 
0 0 0.0 
0.999997 -0.00216625 0.0 
0.999274 -0.0379895 0.0 
0.898799 -0.438343 0.0 
-0.540928 0.840586 0.0 
0.418342 -0.908279 0.0 
-0.164318 0.95672 0.0 
0.990501 0.0417452 0.0 
0.905074 0.425255 0.0 
0.999979 0.00643143 0.0 
0.420786 0.640025 0.0 
0.998697 0.0510378 0.0 
0 0 0.0 
0.92139 0.388497 0.0 
0.999996 0.00165362 0.0 
0 0 0.0 
0.99928 -0.0359367 0.0 
-0.352896 -0.93566 0.0 
0.94407 -0.329744 0.0 
0.977434 0.211243 0.0 
0 0 0.0 
0.754117 0.65674 0.0 
0.820904 -0.571066 0.0 
0.966054 -0.25825 0.0 
0 0 0.0 
0.573045 -0.819321 0.0 
-0.350414 -0.936595 0.0 
0.999861 -0.0156342 0.0 
-0.370447 0.928435 0.0 
0.8508 -0.52549 0.0 
0 0 0.0 
0.991505 0.130068 0.0 
0.984296 -0.176487 0.0 
0.888154 0.459531 0.0 
0.999798 -0.0199584 0.0 
-0.0118543 0.99993 0.0 
0 0 0.0 
-0.283927 -0.958846 0.0 
0.551527 0.834157 0.0 
0.720961 -0.692589 0.0 
0.963911 -0.266155 0.0 
0.980055 -0.196956 0.0 
-0.286587 0.958028 0.0 
0.986236 0.106973 0.0 
0.555187 0.00588333 0.0 
0.1822 -0.983261 0.0 
0.674714 -0.00207725 0.0 
0.122683 -0.890093 0.0 
-0.566639 0.823966 0.0 
-0.482297 -0.875957 0.0 
-0.321531 -0.946476 0.0 
0.164592 -0.986362 0.0 
0.934573 -0.355375 0.0 
0.999659 -0.0227006 0.0 
0.997096 -0.0761581 0.0 
0.999084 0.0427808 0.0 
0.999983 -0.00574916 0.0 
0.98028 -0.196643 0.0 
0.996553 -0.0818386 0.0 
0.192681 -0.807821 0.0 
0 0 0.0 
-0.526805 -0.849983 0.0 
0 0 0.0 
0.999739 -0.0228298 0.0 
0.0829647 0.978398 0.0 
0.997698 -0.0678186 0.0 
0.96544 0.260626 0.0 
0.845259 -0.534353 0.0 
0.987578 0.155039 0.0 
0 0 0.0 
0.997117 0.057736 0.0 
0.998033 -0.0527307 0.0 
0.651323 0.7588 0.0 
0.518133 -0.854128 0.0 
0.999987 -0.00506595 0.0 
0.94173 0.336369 0.0 
-0.39184 0.768852 0.0 
-0.380467 -0.924794 0.0 
0.958333 -0.285654 0.0 
0.999999 -0.000538662 0.0 
0.999984 0.00545831 0.0 
0.944566 0.0338899 0.0 
0 0 0.0 
-0.82374 0.56588 0.0 
-0.86831 0.493599 0.0 
-0.573079 -0.8195 0.0 
0.776259 0.178045 0.0 
0.940718 -0.338912 0.0 
0 0 0.0 
0.860638 0.509169 0.0 
0.983879 0.178735 0.0 
0.783258 -0.621672 0.0 
0.606318 0.795223 0.0 
0.999892 0.013335 0.0 
0 0 0.0 
-0.309878 -0.950776 0.0 
0 0 0.0 
-0.510897 0.858485 0.0 
-0.220938 -0.974404 0.0 
-0.432385 -0.901689 0.0 
-0.87194 -0.48286 0.0 
0.211093 0.92218 0.0 
-0.725245 0.688234 0.0 
0.906361 0.420263 0.0 
0 0 0.0 
-0.573477 -0.819221 0.0 
0.604895 0.796303 0.0 
0 0 0.0 
0.999963 -0.00837857 0.0 
0.999249 -0.03874 0.0 
0.684844 0.728689 0.0 
-0.738672 -0.554882 0.0 
0.377558 -0.925986 0.0 
0 0 0.0 
0.802817 0.595148 0.0 
-0.565109 0.824868 0.0 
0.561512 -0.827415 0.0 
0.980142 -0.198107 0.0 
0 0 0.0 
0.942504 0.0667749 0.0 
0.984994 0.168897 0.0 
0.980291 0.197556 0.0 
0.999925 0.011174 0.0 
0 0 0.0 
0.507426 0.0682912 0.0 
0.999999 -0.00100487 0.0 
0 0 0.0 
0 0 0.0 
-0.583639 -0.812008 0.0 
0.999201 0.0399775 0.0 
0 0 0.0 
0.950938 0.00588834 0.0 
0.829931 -0.557698 0.0 
-0.27409 0.961701 0.0 
0.976056 0.21642 0.0 
1 0.000932618 0.0 
0 0 0.0 
0.90717 0.420726 0.0 
0 0 0.0 
0.99264 -0.119179 0.0 
0.612432 -0.790523 0.0 
0.986242 0.164107 0.0 
0.99682 0.0787867 0.0 
-0.998576 0.0514199 0.0 
0.402952 0.915219 0.0 
1 0 0.0 
0 0 0.0 
-0.821201 -0.569593 0.0 
0 0 0.0 
0.958504 -0.274511 0.0 
0.999555 0.0295421 0.0 
-0.515975 -0.856603 0.0 
0.959142 -0.282748 0.0 
0.999928 0.0119417 0.0 
0.755388 0.550779 0.0 
0.999885 0.0151533 0.0 
0.950406 -0.310686 0.0 
0.424619 0.905372 0.0 
0.936867 -0.349685 0.0 
0.493113 0.263128 0.0 
0.999797 -0.0179081 0.0 
0.433362 -0.901218 0.0 
-0.894709 0.445795 0.0 
-0.493324 0.869271 0.0 
0.594728 0.803927 0.0 
0.29002 0.844856 0.0 
0 0 0.0 
-0.725776 -0.681517 0.0 
0.228641 0.973504 0.0 
0.79201 0.60787 0.0 
0.199697 0.883741 0.0 
0.953952 -0.29996 0.0 
0 0 0.0 
0.697114 0.000488244 0.0 
0.478353 0.0411546 0.0 
0.170904 0.793355 0.0 
0.999999 -0.00117686 0.0 
0 0 0.0 
0.847619 -0.530597 0.0 
0.981114 -0.192185 0.0 
0.884077 0.467341 0.0 
0 0 0.0 
0.999999 -0.000121295 0.0 
0.899541 -0.436249 0.0 
0.999995 -0.00320858 0.0 
0.999962 0.00871233 0.0 
0.999132 -0.0413738 0.0 
-0.599014 0.747904 0.0 
0.994267 -0.106925 0.0 
0.403967 0.914774 0.0 
0.883593 -0.467458 0.0 
0.243349 -0.969939 0.0 
0 0 0.0 
0 0 0.0 
0.997243 -0.0740995 0.0 
0.996396 -0.0798221 0.0 
0 0 0.0 
0.968214 0.238219 0.0 
-0.550685 0.83463 0.0 
0.781683 -0.270357 0.0 
0.99629 0.0855287 0.0 
0.769802 -0.638283 0.0 
0 0 0.0 
0 0 0.0 
0.773784 -0.633449 0.0 
0.999999 -0.00107822 0.0 
0.994393 0.105747 0.0 
0.82794 -0.560717 0.0 
0.499675 -0.0180314 0.0 
0.847681 0.432189 0.0 
-0.740264 0.671583 0.0 
-0.976396 -0.211091 0.0 
0.556311 -0.830957 0.0 
0.466044 0.884762 0.0 
0.718213 0.518841 0.0 
0 0 0.0 
-0.321158 0.947024 0.0 
0.999007 -0.0442689 0.0 
0.515272 0.855867 0.0 
0.993152 -0.11677 0.0 
0.999948 0.00974384 0.0 
0 0 0.0 
-0.277772 -0.960638 0.0 
0.999952 0.00414793 0.0 
0 0 0.0 
0.999957 -0.00927561 0.0 
0.987661 -0.156408 0.0 
0 0 0.0 
0.941784 -0.0154962 0.0 
0 0 0.0 
0 0 0.0 
0.916972 0.395683 0.0 
0.996423 0.0836039 0.0 
0.198453 0.980107 0.0 
-0.423328 0.641267 0.0 
0.998269 0.0566789 0.0 
0.460318 -0.19521 0.0 
-0.455599 -0.890183 0.0 
0.744726 0.667121 0.0 
0.930002 -0.367555 0.0 
0.530018 0.0937498 0.0 
-0.624213 0.781232 0.0 
0 0 0.0 
0.942773 -0.333435 0.0 
0.663773 -0.747307 0.0 
0 0 0.0 
0.428697 -0.899545 0.0 
0.993061 0.117402 0.0 
0 0 0.0 
0 0 0.0 
0.965998 -0.258305 0.0 
0.980376 0.181599 0.0 
0 0 0.0 
0.999932 0.00587029 0.0 
0.999987 0.0036366 0.0 
-0.858663 -0.512256 0.0 
-0.453671 0.675695 0.0 
0.999987 -0.00469872 0.0 
0.262382 -0.961123 0.0 
0.998882 -0.0472738 0.0 
0.181352 0.983417 0.0 
0.994472 0.104998 0.0 
0 0 0.0 
0 0 0.0 
-0.597526 -0.321851 0.0 
0.521321 0.84674 0.0 
0.966513 -0.256619 0.0 
0.164692 0.986345 0.0 
1 0 0.0 
0.929324 -0.361263 0.0 
0 0 0.0 
-0.462557 0.88659 0.0 
0.845075 0.00265998 0.0 
0.768753 0.639373 0.0 
0.976253 0.216373 0.0 
-0.00135521 -0.999988 0.0 
0.316761 0.9485 0.0 
0.913979 0.00691063 0.0 
-0.548207 -0.836209 0.0 
0.984986 0.171901 0.0 
0.999986 0.00513493 0.0 
0.891146 0.453187 0.0 
0.943588 0.330981 0.0 
0.843806 -0.536648 0.0 
0.634303 0.773082 0.0 
0.979518 -0.20123 0.0 
0.999967 0.00817102 0.0 
0.999711 -0.0240215 0.0 
0.482658 -0.874996 0.0 
0 0 0.0 
0.713135 0.699047 0.0 
0.471221 -0.876212 0.0 
0 0 0.0 
-0.288006 0.957629 0.0 
0.995401 -0.0945581 0.0 
0 0 0.0 
0 0 0.0 
0 0 0.0 
0 0 0.0 
0.397207 -0.917729 0.0 
0.775779 0.631005 0.0 
0 0 0.0 
0 0 0.0 
0.987429 0.0045025 0.0 
0.998061 0.0622488 0.0 
-0.357759 0.933808 0.0 
0.999969 0.00229578 0.0 
-0.569068 -0.822254 0.0 
0.81335 0.581015 0.0 
0.999993 -0.00361718 0.0 
0.988043 0.152608 0.0 
0.995432 0.0897616 0.0 
0 0 0.0 
0.987088 0.159844 0.0 
0 0 0.0 
-0.00474705 -0.996451 0.0 
0.181305 0.983416 0.0 
0.711924 0.702256 0.0 
0.958463 0.285218 0.0 
0.517624 0.784737 0.0 
0.96637 -0.0680759 0.0 
-0.924577 0.38033 0.0 
0.69644 -0.717429 0.0 
-0.258114 0.966017 0.0 
0.999999 -0.00116745 0.0 
0.338321 0.808648 0.0 
0 0 0.0 
0.999917 -0.0129071 0.0 
-0.999522 0.030904 0.0 
1 -0.000955655 0.0 
0 0 0.0 
0 0 0.0 
0.979454 -0.201376 0.0 
-0.09571 -0.991803 0.0 
0 0 0.0 
-0.141786 -0.191257 0.0 
-0.606948 -0.794575 0.0 
0.201897 0.979163 0.0 
-0.659727 0.749935 0.0 
0.974682 -0.223536 0.0 
0 0 0.0 
0 0 0.0 
0.0636449 -0.99548 0.0 
-0.469449 0.88296 0.0 
0.895398 0.0152637 0.0 
0.989558 -0.144137 0.0 
0.719894 0.511475 0.0 
0.324533 0.945874 0.0 
-0.978608 -0.204466 0.0 
0.994903 -0.100834 0.0 
0.771587 0.47473 0.0 
1 0.00042731 0.0 
0.995839 0.0799485 0.0 
0 0 0.0 
0.999996 0.00299134 0.0 
1 -0.000127897 0.0 
0 0 0.0 
0 0 0.0 
-0.333669 -0.942601 0.0 
0.64904 0.176932 0.0 
-0.309181 0.79819 0.0 
0 0 0.0 
0.745498 -0.666097 0.0 
-0.531736 0.846778 0.0 
0.930059 0.367405 0.0 
0.252226 -0.866301 0.0 
0.161566 0.969689 0.0 
0.997919 0.0644853 0.0 
0.946682 0.321031 0.0 
0 0 0.0 
0.999731 -0.0198995 0.0 
0.97749 0.210983 0.0 
0.784173 -0.620542 0.0 
0.999999 -0.00101673 0.0 
0.753957 0.656924 0.0 
0.995315 -0.0949158 0.0 
0 0 0.0 
-0.218648 -0.761993 0.0 
0.376148 -0.0124117 0.0 
0.987325 -0.156872 0.0 
0 0 0.0 
-0.0446551 0.999002 0.0 
0.854049 0.520182 0.0 
-0.971286 -0.236706 0.0 
0.819086 0.57367 0.0 
0.999358 0.0354793 0.0 
0.5887 0.808352 0.0 
0 0 0.0 
0.704756 0.438627 0.0 
0 0 0.0 
0.945225 -0.32642 0.0 
0.477224 -0.87723 0.0 
0.988879 0.0259113 0.0 
0 0 0.0 
0.999991 0.00433579 0.0 
0.825386 0.564569 0.0 
-0.174301 -0.979455 0.0 
0.999969 0.00783794 0.0 
0.862678 -0.502491 0.0 
0 0 0.0 
0.562228 0.223428 0.0 
-0.654877 0.755735 0.0 
0 0 0.0 
0.849259 0.527977 0.0 
0.873527 -0.486776 0.0 
0.999986 -0.0050585 0.0 
0.539699 0.730347 0.0 
0.464403 0.885624 0.0 
0.601662 -0.798678 0.0 
0 0 0.0 
0 0 0.0 
0 0 0.0 
0.826279 0.561749 0.0 
0.31034 0.950626 0.0 
0 0 0.0 
0.999309 -0.0371599 0.0 
0.264712 0.733214 0.0 
0 0 0.0 
-0.273695 0.713715 0.0 
0.975104 0.221747 0.0 
0.999994 -0.00207827 0.0 
-0.533776 0.845626 0.0 
0 0 0.0 
0.939625 -0.342206 0.0 
0.536884 0.843656 0.0 
0.538126 0.842848 0.0 
0.997395 -0.0721385 0.0 
0.802491 0.00312563 0.0 
0.994117 -0.108108 0.0 
0 0 0.0 
-0.187087 0.98234 0.0 
0 0 0.0 
0 0 0.0 
0.406159 0.913798 0.0 
-0.189817 -0.979873 0.0 
0.347979 0.882556 0.0 
0 0 0.0 
0.943699 0.330744 0.0 
0.958551 0.284923 0.0 
0.933213 0.0241747 0.0 
0 0 0.0 
0 0 0.0 
-0.507964 -0.860882 0.0 
0.995617 0.0902085 0.0 
0.92649 -0.376318 0.0 
0 0 0.0 
0.999818 -0.0190585 0.0 
0.382005 0.92416 0.0 
0.998212 -0.0587127 0.0 
0.714153 0.487634 0.0 
0 0 0.0 
0.999529 0.0306899 0.0 
0 0 0.0 
-0.511162 -0.818574 0.0 
0 0 0.0 
0 0 0.0 
0.893029 0.449998 0.0 
0.121204 -0.990199 0.0 
0 0 0.0 
0.572932 0.8196 0.0 
0.927791 0.373101 0.0 
0.994777 -0.101616 0.0 
0 0 0.0 
-0.438552 -0.898704 0.0 
0.910927 -0.00741616 0.0 
0.998458 -0.055517 0.0 
0 0 0.0 
-0.231639 0.972789 0.0 
0.970776 -0.239881 0.0 
0.889621 0.00647884 0.0 
0.774969 0.631993 0.0 
0.615158 0.788404 0.0 
0.999959 -0.00744581 0.0 
0 0 0.0 
0 0 0.0 
0.624199 -0.781262 0.0 
-0.825468 -0.564449 0.0 
-0.27872 -0.958594 0.0 
-0.433437 0.444113 0.0 
0.972977 -0.230901 0.0 
0 0 0.0 
0 0 0.0 
0.998977 0.0443109 0.0 
0.128556 -0.991693 0.0 
0 0 0.0 
0.875498 0.330572 0.0 
-0.220015 0.975486 0.0 
-0.597297 -0.797675 0.0 
0.994087 0.108516 0.0 
-0.386674 -0.922173 0.0 
0.85522 -0.515917 0.0 
0.999998 -0.00183652 0.0 
-0.398616 0.915589 0.0 
0.994505 -0.101524 0.0 
0.998799 0.0490017 0.0 
0.17885 -0.978688 0.0 
0.873594 0.4866 0.0 
0 0 0.0 
-0.814383 0.579792 0.0 
0.813923 0.580973 0.0 
0 0 0.0 
0.515848 -0.556798 0.0 
0.877782 0.411249 0.0 
0.999998 -0.00187093 0.0 
0.999767 0.0215986 0.0 
0 0 0.0 
0.690837 0.670062 0.0 
0.92888 0.370375 0.0 
-0.696553 0.573897 0.0 
0 0 0.0 
0.760975 -0.648637 0.0 
0 0 0.0 
-0.346794 0.937398 0.0 
0.641833 -0.76684 0.0 
0 0 0.0 
0.95123 0.307622 0.0 
0.974446 0.222767 0.0 
0 0 0.0 
0.996763 -0.0800471 0.0 
0.75582 0.65476 0.0 
0 0 0.0 
-0.459877 0.887982 0.0 
-0.154405 -0.988008 0.0 
0 0 0.0 
0.296633 -0.954986 0.0 
0.983325 0.181566 0.0 
-0.135862 0.78377 0.0 
-0.536376 -0.843978 0.0 
0 0 0.0 
0.484001 -0.875067 0.0 
0 0 0.0 
-0.506282 0.862368 0.0 
0 0 0.0 
0 0 0.0 
0 0 0.0 
0 0 0.0 
0.740935 0.671577 0.0 
0.999939 0.0110874 0.0 
-0.696576 -0.716043 0.0 
-0.181487 0.983393 0.0 
0.963038 0.268759 0.0 
0 0 0.0 
0.999511 -0.029049 0.0 
0.905257 -0.371122 0.0 
0.989723 -0.142544 0.0 
0 0 0.0 
0.718988 0.695023 0.0 
-0.279794 -0.960059 0.0 
0 0 0.0 
0 0 0.0 
0 0 0.0 
0.90516 0.425071 0.0 
0.999999 0.0015086 0.0 
0 0 0.0 
0.999784 -0.00869059 0.0 
0.999955 0.00943065 0.0 
0.822884 0.568209 0.0 
-0.278313 -0.96049 0.0 
0.822216 0.569175 0.0 
0 0 0.0 
0.918448 -0.395001 0.0 
0 0 0.0 
0.999837 0.0180817 0.0 
0.871784 0.489189 0.0 
0.97383 -0.225667 0.0 
-0.46042 -0.887701 0.0 
0.979389 0.199309 0.0 
0 0 0.0 
1 -0.000712078 0.0 
0.987917 0.154438 0.0 
0.846359 0.00136726 0.0 
0.989896 0.141375 0.0 
0 0 0.0 
0.747636 -0.664109 0.0 
0.998841 -0.0475687 0.0 
0.99998 -0.00636041 0.0 
0 0 0.0 
0.907175 0.420753 0.0 
0.939942 0.341183 0.0 
0.998807 0.0430964 0.0 
0.913212 -0.407265 0.0 
0.999961 0.00888153 0.0 
0.992815 0.11841 0.0 
0.362698 0.797105 0.0 
0.961371 -0.275256 0.0 
0.935205 -0.354106 0.0 
-0.128564 -0.99111 0.0 
0 0 0.0 
0.621546 0.783299 0.0 
-0.44515 -0.895456 0.0 
0 0 0.0 
0 0 0.0 
0.860316 -0.509761 0.0 
0.999987 -0.00508321 0.0 
-0.275146 -0.9614 0.0 
0 0 0.0 
-0.280182 -0.959947 0.0 
0.989875 -0.11494 0.0 
0.999832 0.0183144 0.0 
0.440408 -0.756619 0.0 
0.170923 -0.985284 0.0 
0.37928 -0.886159 0.0 
0.993229 0.115918 0.0 
-0.251843 -0.958919 0.0 
0.983031 0.182957 0.0 
0.962683 -0.270509 0.0 
0.684006 -0.729476 0.0 
0 0 0.0 
0 0 0.0 
0.953512 -0.301356 0.0 
0.935355 0.0715205 0.0 
0.670876 0.554902 0.0 
-0.45445 -0.811745 0.0 
0 0 0.0 
0.811839 0.583881 0.0 
0.994324 -0.106104 0.0 
0 0 0.0 
0.79583 0.60552 0.0 
-0.501587 0.845724 0.0 
0 0 0.0 
0.179738 0.845005 0.0 
0.99813 -0.0611224 0.0 
0.835906 0.087173 0.0 
0.893656 -0.448753 0.0 
0 0 0.0 
0 0 0.0 
0 0 0.0 
0.109032 0.487734 0.0 
0.996642 0.0818782 0.0 
0.999997 -0.00262723 0.0 
0 0 0.0 
0.982106 0.188328 0.0 
1 -0.000775334 0.0 
0 0 0.0 
0.994826 0.10159 0.0 
0.420358 0.860114 0.0 
0.660099 0.751179 0.0 
0.744125 -0.667994 0.0 
0.309782 0.950808 0.0 
0 0 0.0 
0.271551 -0.95902 0.0 
-0.432798 -0.901488 0.0 
0 0 0.0 
0.84137 0.540459 0.0 
0.999977 0.00678498 0.0 
0.19175 0.549381 0.0 
0.447684 -0.894129 0.0 
0.999989 -0.000963861 0.0 
0.78618 0.249137 0.0 
-0.405373 0.822638 0.0 
0 0 0.0 
0.453466 0.891274 0.0 
0.787911 -0.615789 0.0 
0.724947 -0.688805 0.0 
0.96778 -0.251797 0.0 
0 0 0.0 
0.956705 0.29106 0.0 
0.97962 0.0587745 0.0 
0.893813 -0.284313 0.0 
0.951362 -0.307507 0.0 
0.93778 0.341341 0.0 
1 -0.000628132 0.0 
0.999884 0.0152438 0.0 
0.952714 -0.303613 0.0 
0.683841 -0.729631 0.0 
0.999977 0.00608885 0.0 
0.955591 0.294697 0.0 
0 0 0.0 
0 0 0.0 
0.999839 -0.0179288 0.0 
0 0 0.0 
-0.304064 -0.952652 0.0 
-0.650507 -0.759023 0.0 
0 0 0.0 
0 0 0.0 
0 0 0.0 
0.877969 0.0694545 0.0 
0.936106 -0.351715 0.0 
0 0 0.0 
0 0 0.0 
0 0 0.0 
0.208499 0.466458 0.0 
0.870069 0.492909 0.0 
0 0 0.0 
0.957379 0.288835 0.0 
0.433295 -0.625429 0.0 
0.679963 0.73279 0.0 
0.906009 0.423257 0.0 
0 0 0.0 
0 0 0.0 
0.999286 0.0377246 0.0 
0.925373 0.379029 0.0 
1 0.000389486 0.0 
0.696168 -0.717879 0.0 
0 0 0.0 
0.908842 -0.416027 0.0 
0 0 0.0 
0.996623 -0.0318343 0.0 
-0.216114 -0.975972 0.0 
0.99489 0.100968 0.0 
0.999982 0.00534599 0.0 
0.822027 -0.568674 0.0 
0.83088 0.556451 0.0 
0.523168 0.850968 0.0 
0.993227 0.0902863 0.0 
0.882247 -0.470628 0.0 
0.972671 -0.232188 0.0 
0.998095 0.0616904 0.0 
0.373629 -0.927578 0.0 
0.618601 -0.382558 0.0 
0 0 0.0 
0.996485 -0.0837674 0.0 
0.986221 0.160515 0.0 
0.975316 0.220814 0.0 
0.817893 -0.100894 0.0 
0.808154 0.585042 0.0 
0.993681 0.112242 0.0 
0.926443 -0.374734 0.0 
0.99985 0.0173265 0.0 
0.933291 -0.358556 0.0 
0 0 0.0 
0.53806 -0.283328 0.0 
0 0 0.0 
0.965959 -0.255252 0.0 
0.998752 -0.047771 0.0 
0.258915 0.9659 0.0 
0 0 0.0 
0.999988 -0.00487621 0.0 
0 0 0.0 
0 0 0.0 
1 -0.000131494 0.0 
0.58202 -0.812627 0.0 
0.776866 0.629666 0.0 
0 0 0.0 
-0.333818 0.942638 0.0 
-0.978092 0.208173 0.0 
0.999996 -0.00278584 0.0 
-0.864892 -0.497815 0.0 
0 0 0.0 
0.20178 0.979412 0.0 
0 0 0.0 
0.717533 0.696524 0.0 
0.97391 0.226114 0.0 
0.315904 -0.948774 0.0 
0 0 0.0 
0 0 0.0 
0.984629 0.174656 0.0 
0.999986 -0.00529299 0.0 
-0.695528 -0.717921 0.0 
0.998153 -0.0606662 0.0 
0.998891 0.0470792 0.0 
-0.488165 -0.863469 0.0 
0.934243 -0.0427727 0.0 
0 0 0.0 
0.184121 -0.982904 0.0 
0.999995 0.00329943 0.0 
0.602738 0.510344 0.0 
0.999882 0.0153471 0.0 
0.348717 0.358324 0.0 
0.99969 -0.0222454 0.0 
0.999038 0.0387589 0.0 
0.844218 -0.196793 0.0 
0 0 0.0 
0.958377 0.285506 0.0 
0 0 0.0 
0 0 0.0 
0.84669 0.532087 0.0 
0.994232 0.107251 0.0 
0.999985 -0.00548567 0.0 
0.864907 -0.501932 0.0 
0.369283 0.33709 0.0 
0 0 0.0 
0.116401 -0.84029 0.0 
0.190921 0.981605 0.0 
-0.994919 0.0981731 0.0 
0.71979 0.694192 0.0 
0.999998 -0.00173546 0.0 
0.925642 0.378401 0.0 
0.999534 0.029083 0.0 
0.987358 0.14262 0.0 
0.996715 0.0809834 0.0 
0.967552 0.252362 0.0 
0.836348 0.548199 0.0 
0.999992 0.00396935 0.0 
0.98202 0.188778 0.0 
0 0 0.0 
-0.644949 0.763909 0.0 
-0.998333 0.0559687 0.0 
0.928465 -0.351986 0.0 
0 0 0.0 
0.999572 0.00911535 0.0 
0 0 0.0 
0.732676 0.553313 0.0 
0.965255 0.260508 0.0 
0.978636 -0.202938 0.0 
0.954437 -0.297773 0.0 
0.662277 0.00201959 0.0 
-0.678384 -0.7289 0.0 
0.99998 0.00630672 0.0 
0.94751 0.319727 0.0 
0 0 0.0 
1 0 0.0 
0.906854 -0.300973 0.0 
0 0 0.0 
0.941172 0.336471 0.0 
0.999998 -0.00183616 0.0 
0 0 0.0 
-0.176589 -0.984285 0.0 
-0.618324 0.785923 0.0 
0 0 0.0 
1 0.000696007 0.0 
0.291215 0.95664 0.0 
0.988354 0.150844 0.0 
-0.353181 0.935555 0.0 
0.999552 -0.0297142 0.0 
0 0 0.0 
0 0 0.0 
0.984502 -0.175371 0.0 
0.888372 0.459125 0.0 
0.742487 0.66986 0.0 
0 0 0.0 
0.870135 -0.492678 0.0 
0 0 0.0 
-0.323583 -0.9462 0.0 
0.118399 0.982568 0.0 
0.819642 -0.572836 0.0 
0.986212 -0.165038 0.0 
0 0 0.0 
0.996804 -0.0798805 0.0 
0 0 0.0 
-0.569802 -0.821715 0.0 
0.988708 0.149853 0.0 
0.974058 -0.2263 0.0 
0.999989 0.00452624 0.0 
0 0 0.0 
-0.912304 -0.409513 0.0 
-0.172913 -0.984937 0.0 
0.0804145 -0.980444 0.0 
0.477221 0.0499839 0.0 
0.75492 -0.110418 0.0 
0.999936 0.0113002 0.0 
0.905381 -0.4246 0.0 
0.82917 -0.551941 0.0 
0.828426 0.560099 0.0 
0.334767 0.244602 0.0 
0.847916 -0.53013 0.0 
0.896548 -0.442946 0.0 
0 0 0.0 
0.947474 -0.00138644 0.0 
0 0 0.0 
0.969985 0.243166 0.0 
1 -0.000745908 0.0 
0.999961 -0.00886879 0.0 
-0.882399 0.470502 0.0 
0.999737 0.000285988 0.0 
0 0 0.0 
0 0 0.0 
0.741066 0.67143 0.0 
0.884325 0.0885261 0.0 
0.9395 -0.0688196 0.0 
0.923669 -0.238757 0.0 
0.973357 0.229191 0.0 
0 0 0.0 
-0.397826 -0.91663 0.0 
0 0 0.0 
0.57784 0.814716 0.0 
0 0 0.0 
0 0 0.0 
0 0 0.0 
0.881062 -0.280511 0.0 
0.84236 0.538915 0.0 
0.98581 0.166961 0.0 
0.834035 -0.186481 0.0 
0.998825 -0.0463631 0.0 
0.296678 -0.954977 0.0 
0.613665 0.77761 0.0 
0.845713 -0.533527 0.0 
0 0 0.0 
0.166853 -0.985982 0.0 
0.993724 0.111857 0.0 
0 0 0.0 
0.99717 -0.0751798 0.0 
0.922597 -0.375791 0.0 
0.995493 -0.0944813 0.0 
0 0 0.0 
-0.771042 0.632872 0.0 
0 0 0.0 
0.241717 -0.970347 0.0 
-0.956329 -0.00853702 0.0 
0.95074 0.308707 0.0 
-0.525722 -0.850656 0.0 
0 0 0.0 
0.997485 -0.0708759 0.0 
0 0 0.0 
-0.349879 0.934319 0.0 
0 0 0.0 
0.740978 -0.671475 0.0 
0.908011 -0.418947 0.0 
0 0 0.0 
0 0 0.0 
0.796092 -0.571079 0.0 
0 0 0.0 
0 0 0.0 
0.251282 0.96785 0.0 
0.846051 -0.533102 0.0 
0 0 0.0 
0 0 0.0 
0.987503 0.157601 0.0 
-0.847782 -0.529447 0.0 
0 0 0.0 
-0.202535 0.931468 0.0 
0 0 0.0 
0.999366 0.0355917 0.0 
0.703556 -0.550669 0.0 
-0.438766 0.898601 0.0 
-0.284595 0.731066 0.0 
0 0 0.0 
0.895241 -0.214252 0.0 
-0.285341 -0.958426 0.0 
0.939128 -0.343566 0.0 
0 0 0.0 
0.798212 -0.0892801 0.0 
0.312375 -0.394079 0.0 
0 0 0.0 
0.971794 0.235832 0.0 
0 0 0.0 
0.829447 -0.557429 0.0 
1 -0.000945456 0.0 
-0.34643 -0.937902 0.0 
0.978406 0.206693 0.0 
0 0 0.0 
0.31904 -0.947729 0.0 
0.938678 -0.344794 0.0 
0 0 0.0 
-0.400213 0.916422 0.0 
0 0 0.0 
0.573389 0.819283 0.0 
0.979461 -0.200363 0.0 
-0.286128 0.954694 0.0 
-0.673788 -0.738314 0.0 
0 0 0.0 
0.852376 -0.521109 0.0 
-0.517088 0.778679 0.0 
0.999963 -0.00455663 0.0 
0.988323 0.0961665 0.0 
0 0 0.0 
-0.247612 0.958183 0.0 
0 0 0.0 
0.945638 -0.325222 0.0 
0.9974 -0.0720605 0.0 
0.999997 0.00249211 0.0 
-0.996934 0.0782461 0.0 
0.998608 -0.0479777 0.0 
0 0 0.0 
0.517838 -0.855479 0.0 
-0.999447 -0.0332527 0.0 
-0.252075 0.967707 0.0 
0.829034 0.276564 0.0 
0.445705 0.0626275 0.0 
0.478689 0.144418 0.0 
0 0 0.0 
0 0 0.0 
0 0 0.0 
0.949506 -0.313512 0.0 
0.583932 -0.811426 0.0 
0.858862 -0.291755 0.0 
0.589228 0.807751 0.0 
-0.812515 0.578721 0.0 
0.603083 -0.79305 0.0 
0.548218 -0.836335 0.0 
0.264424 -0.963349 0.0 
0 0 0.0 
0.947388 -0.320087 0.0 
0.716886 -0.69719 0.0 
0.56304 0.826377 0.0 
-0.408028 -0.912594 0.0 
0.999981 0.000560741 0.0 
0.999968 -0.00794856 0.0 
0.999968 0.00803285 0.0 
0.0466762 -0.998896 0.0 
0 0 0.0 
-0.277857 -0.960339 0.0 
0.994693 0.101327 0.0 
0.252258 -0.96766 0.0 
0 0 0.0 
-0.181136 0.970699 0.0 
-0.45295 0.891534 0.0 
0 0 0.0 
0 0 0.0 
0.718088 0.695918 0.0 
-0.388318 0.921514 0.0 
0.84766 0.25481 0.0 
-0.256377 -0.897525 0.0 
0.997334 -0.0729729 0.0 
0.993344 0.0923224 0.0 
-0.275823 -0.961209 0.0 
0.947012 -0.321199 0.0 
0.715284 -0.303316 0.0 
0 0 0.0 
0.999895 0.0138673 0.0 
0.971282 -0.237931 0.0 
0 0 0.0 
0.360136 0.924808 0.0 
-0.243926 -0.969794 0.0 
0 0 0.0 
-0.321993 0.946742 0.0 
0 0 0.0 
-0.978761 -0.202238 0.0 
-0.367271 -0.930113 0.0 
0 0 0.0 
-0.999953 0.00967979 0.0 
0.991592 -0.128875 0.0 
0.964995 -0.262268 0.0 
0 0 0.0 
0 0 0.0 
0.905384 -0.424594 0.0 
0.911393 -0.411537 0.0 
0 0 0.0 
0.999675 0.0255081 0.0 
0 0 0.0 
-0.497761 -0.867315 0.0 
0.900886 -0.260906 0.0 
0 0 0.0 
-0.852634 -0.522359 0.0 
0.771142 -0.00361619 0.0 
0.998529 -0.0402467 0.0 
0 0 0.0 
0.262995 0.953392 0.0 
-0.362049 -0.931813 0.0 
-0.940412 -0.340037 0.0 
-0.302691 -0.95283 0.0 
0.997815 0.0660698 0.0 
0.99805 -0.0624187 0.0 
0.977706 0.20998 0.0 
0.865214 0.501402 0.0 
0.944672 -0.328016 0.0 
0 0 0.0 
-0.221815 0.975089 0.0 
0.85606 -0.516877 0.0 
0.00183384 0.996698 0.0 
0 0 0.0 
-0.446047 0.895006 0.0 
0 0 0.0 
0.993811 -0.110907 0.0 
-0.517952 0.85541 0.0 
0 0 0.0 
0.608643 -0.793445 0.0 
0 0 0.0 
-0.343113 0.939294 0.0 
-0.159385 -0.985568 0.0 
-0.400663 0.916226 0.0 
-0.342512 -0.93888 0.0 
0.845752 -0.533577 0.0 
0.858532 -0.51276 0.0 
0.937912 -0.346872 0.0 
0.906723 -0.421726 0.0 
0.945085 -0.238382 0.0 
-0.32035 0.947299 0.0 
-0.271008 0.962577 0.0 
0.734428 -0.678652 0.0 
-0.992149 0.125061 0.0 
0.996058 0.0874632 0.0 
-0.186973 0.982355 0.0 
0.786112 -0.618085 0.0 
0 0 0.0 
0.987493 -0.157522 0.0 
-0.396669 0.917962 0.0 
-0.865818 -0.498563 0.0 
-0.312055 0.950062 0.0 
-0.323805 0.946124 0.0 
-0.421353 -0.906717 0.0 
0.51546 0.856909 0.0 
-0.968842 0.246004 0.0 
0 0 0.0 
-0.252644 0.967559 0.0 
0 0 0.0 
-0.954137 0.298684 0.0 
0.977373 0.211524 0.0 
0.423378 -0.734879 0.0 
-0.599724 -0.800202 0.0 
0 0 0.0 
0 0 0.0 
0.470653 0.882318 0.0 
-0.25774 0.966214 0.0 
-0.365585 -0.930778 0.0 
0.999919 -0.0126639 0.0 
0.0948217 -0.995074 0.0 
-0.30639 0.850187 0.0 
-0.993205 -0.108965 0.0 
-0.359864 0.930258 0.0 
0.999993 0.0030169 0.0 
0 0 0.0 
0.677383 0.726284 0.0 
0.999954 0.00793318 0.0 
0.996045 0.0888537 0.0 
0.943365 -0.328286 0.0 
-0.415105 -0.909612 0.0 
0.81451 0.580149 0.0 
0.614469 -0.1455 0.0 
0.904546 0.426377 0.0 
1 0 0.0 
0 0 0.0 
0.885604 -0.464442 0.0 
0 0 0.0 
0.559605 0.826186 0.0 
-0.674805 -0.732898 0.0 
-0.20154 0.92396 0.0 
0 0 0.0 
-0.803249 -0.595323 0.0 
-0.568954 0.822369 0.0 
-0.429386 0.903121 0.0 
0 0 0.0 
0 0 0.0 
0.778385 0.627787 0.0 
0.985053 0.172119 0.0 
-0.0104554 0.999612 0.0 
0.926016 -0.377485 0.0 
0.999086 -0.0256851 0.0 
0.999468 0.0326193 0.0 
0.0982892 -0.994327 0.0 
0.925609 -0.378047 0.0 
0.922404 0.386228 0.0 
-0.311586 -0.950218 0.0 
0.999827 0.0181446 0.0 
0 0 0.0 
-0.667693 0.744437 0.0 
0.918181 -0.322587 0.0 
0.942622 -0.333862 0.0 
-0.130435 -0.991457 0.0 
0.922278 -0.386527 0.0 
-0.769233 -0.638332 0.0 
0.844637 -0.535339 0.0 
0.97368 -0.227917 0.0 
0 0 0.0 
0.999999 -0.000825198 0.0 
0.880559 -0.468604 0.0 
0 0 0.0 
0.571286 0.820751 0.0 
-0.393405 -0.919365 0.0 
0.854334 -0.519725 0.0 
0.970984 -0.239143 0.0 
0.412158 -0.141749 0.0 
-0.735297 -0.676568 0.0 
-0.569974 0.821475 0.0 
-0.772559 -0.634943 0.0 
-0.556009 -0.831176 0.0 
0.441571 0.896354 0.0 
0.913746 -0.406286 0.0 
0.180666 -0.983543 0.0 
0 0 0.0 
0.409424 0.912339 0.0 
-0.277291 -0.960786 0.0 
0.877637 -0.479316 0.0 
0.940846 0.338835 0.0 
0.999335 -0.0297832 0.0 
0.29317 -0.956059 0.0 
-0.0204412 -0.997203 0.0 
-0.264963 -0.964259 0.0 
0.988947 -0.142079 0.0 
-0.406584 -0.913613 0.0 
0.341792 -0.939163 0.0 
0 0 0.0 
0.934803 0.354658 0.0 
-0.956513 -0.286458 0.0 
0.741631 -0.668304 0.0 
0.827482 -0.559535 0.0 
0.979033 -0.188965 0.0 
0.366884 -0.925554 0.0 
0.795036 -0.605981 0.0 
-0.603777 0.791048 0.0 
0 0 0.0 
-0.32252 0.946562 0.0 
0.70943 -0.704776 0.0 
-0.623869 -0.781529 0.0 
0.549528 -0.835475 0.0 
0.690494 -0.723338 0.0 
0 0 0.0 
-0.437315 -0.899308 0.0 
0.994035 0.0895998 0.0 
-0.821701 0.560106 0.0 
0.417433 -0.268204 0.0 
0.999999 -0.00138532 0.0 
-0.44216 -0.896934 0.0 
0 0 0.0 
-0.276347 -0.961058 0.0 
0 0 0.0 
0 0 0.0 
0 0 0.0 
0.999998 -0.00157566 0.0 
0 0 0.0 
0.364119 -0.9312 0.0 
-0.238954 -0.700803 0.0 
-0.430264 -0.902701 0.0 
-0.97899 0.203523 0.0 
0.787409 -0.616431 0.0 
0 0 0.0 
0.843635 0.536917 0.0 
-0.725023 -0.686852 0.0 
0.977753 0.209696 0.0 
0.952363 0.304927 0.0 
0.892512 0.450237 0.0 
0.911268 -0.397904 0.0 
0 0 0.0 
0.950667 0.310213 0.0 
0 0 0.0 
-0.969014 0.246396 0.0 
0.533753 -0.84564 0.0 
-0.972453 0.233097 0.0 
0.714153 0.699112 0.0 
0.982005 -0.185739 0.0 
0.99998 0.00640045 0.0 
-0.483779 -0.87519 0.0 
-0.275864 -0.961196 0.0 
-0.450226 -0.892818 0.0 
0.248385 -0.968661 0.0 
-0.399618 0.771828 0.0 
-0.815814 -0.578309 0.0 
-0.944802 0.32629 0.0 
-0.615025 0.78193 0.0 
-0.9285 0.371332 0.0 
0 0 0.0 
0.985155 0.171101 0.0 
-0.970641 -0.235771 0.0 
0 0 0.0 
-0.961286 -0.269686 0.0 
-0.522095 0.852038 0.0 
0.999779 0.0210315 0.0 
-0.993948 -0.109854 0.0 
0.375249 -0.926924 0.0 
-0.541146 0.840927 0.0 
-0.881238 -0.472444 0.0 
0.523577 -0.318512 0.0 
0 0 0.0 
0.999982 -0.00581458 0.0 
-0.580488 -0.814269 0.0 
0.814687 0.5799 0.0 
0.278453 -0.960435 0.0 
-0.281245 0.959229 0.0 
0.588869 0.808228 0.0 
-0.115001 -0.992523 0.0 
-0.467881 -0.883358 0.0 
-0.554209 -0.832377 0.0 
-0.3879 0.921562 0.0 
0.996317 0.0855989 0.0 
-0.303304 -0.952894 0.0 
0.275788 0.961218 0.0 
-0.587353 -0.809271 0.0 
0.769995 0.637346 0.0 
0.896235 0.435235 0.0 
-0.866652 0.490554 0.0 
-0.996428 0.0844426 0.0 
0.999953 -0.0096732 0.0 
0.998935 -0.0461463 0.0 
0.49975 -0.866169 0.0 
-0.924154 -0.382021 0.0 
0.191529 -0.980388 0.0 
0.135012 -0.988991 0.0 
0.999754 0.0222014 0.0 
0.472565 -0.880864 0.0 
-0.332547 -0.943086 0.0 
-0.271296 0.675078 0.0 
-0.056298 -0.996987 0.0 
0.684097 0.729391 0.0 
0.998616 0.0513803 0.0 
0.30191 -0.953337 0.0 
-0.17174 0.985084 0.0 
-0.306548 -0.914861 0.0 
0.991343 0.131297 0.0 
0.738705 0.666837 0.0 
-0.324467 -0.945873 0.0 
0.997298 -0.0729885 0.0 
0.971072 0.238787 0.0 
0.989823 -0.142304 0.0 
0.785292 -0.619126 0.0 
0 0 0.0 
0.86565 -0.500649 0.0 
-0.51848 -0.85509 0.0 
0 0 0.0 
-0.152878 0.328806 0.0 
-0.481191 0.876522 0.0 
1 -0.00095076 0.0 
-0.313369 -0.923573 0.0 
0.446468 0.894584 0.0 
-0.415064 -0.90953 0.0 
-0.319507 0.942576 0.0 
-0.888369 -0.45913 0.0 
-0.176174 0.923396 0.0 
-0.428963 -0.903322 0.0 
-0.427165 -0.904174 0.0 
0.999999 0.00117968 0.0 
-0.0817183 0.996492 0.0 
0.822192 -0.52782 0.0 
0 0 0.0 
0.996995 0.076974 0.0 
0.999254 0.0350293 0.0 
0.995559 -0.0919917 0.0 
-0.400659 0.916227 0.0 
0.343951 -0.938975 0.0 
0.998921 0.0464419 0.0 
-0.906956 0.418925 0.0 
0 0 0.0 
0.620585 0.784139 0.0 
-0.46159 -0.886844 0.0 
-0.956631 -0.291302 0.0 
0.728015 -0.685561 0.0 
0 0 0.0 
0.999987 -0.00484133 0.0 
-0.360092 -0.892802 0.0 
0.395732 0.917773 0.0 
-0.249985 0.96825 0.0 
0 0 0.0 
0.996582 -0.082605 0.0 
0.786847 -0.617148 0.0 
0 0 0.0 
0.460233 -0.887798 0.0 
0 0 0.0 
0.69643 -0.715722 0.0 
-0.091911 0.995551 0.0 
0.684306 -0.729195 0.0 
0.998858 -0.0469956 0.0 
0.431699 0.902018 0.0 
0.841754 -0.538431 0.0 
0.986575 -0.162444 0.0 
0 0 0.0 
0.920108 0.391666 0.0 
0.857184 0.515011 0.0 
-0.443699 -0.896175 0.0 
-0.604403 -0.796676 0.0 
0 0 0.0 
0.590916 0.805313 0.0 
-0.353476 0.93533 0.0 
0.969006 0.247036 0.0 
-0.25057 0.968099 0.0 
-0.554671 -0.832069 0.0 
-0.436736 -0.89959 0.0 
0.40088 0.915638 0.0 
0.983137 -0.182871 0.0 
-0.574509 -0.79809 0.0 
0.994085 -0.108206 0.0 
0.920326 -0.391152 0.0 
0 0 0.0 
-0.354174 0.935179 0.0 
-0.725128 -0.688614 0.0 
0.468313 0.883546 0.0 
0.999247 0.0345139 0.0 
0.137438 -0.700319 0.0 
0.972804 0.231623 0.0 
0.911198 -0.411968 0.0 
0.99932 -0.0368237 0.0 
0 0 0.0 
0 0 0.0 
0.99836 -0.0469191 0.0 
0 0 0.0 
0.996564 -0.0828215 0.0 
0.775866 0.630897 0.0 
0.374663 0.926828 0.0 
0.982857 -0.184369 0.0 
-0.554752 -0.832016 0.0 
0 0 0.0 
0 0 0.0 
0 0 0.0 
0.463284 -0.88621 0.0 
0.349519 -0.936476 0.0 
0 0 0.0 
0.961371 -0.274829 0.0 
0.989482 0.00850452 0.0 
0.996886 -0.0765943 0.0 
0.85678 -0.514369 0.0 
-0.148683 0.437692 0.0 
0.187645 -0.976612 0.0 
-0.267503 0.963557 0.0 
0.470964 0.882152 0.0 
0 0 0.0 
0.153682 0.988088 0.0 
0 0 0.0 
-0.304972 0.952361 0.0 
0.832091 0.554626 0.0 
-0.307539 -0.951535 0.0 
0.72182 0.692081 0.0 
0 0 0.0 
-0.145782 -0.989317 0.0 
0.963653 0.00267617 0.0 
-0.334695 -0.942327 0.0 
0.434432 -0.900703 0.0 
0.951634 -0.307235 0.0 
-0.046443 -0.130304 0.0 
0.315488 0.94893 0.0 
-0.425824 0.904806 0.0 
0.408667 -0.912188 0.0 
0.317938 -0.948111 0.0 
0.999943 0.0107179 0.0 
0 0 0.0 
0.133304 -0.991075 0.0 
-0.167561 0.447724 0.0 
-0.0817458 0.996653 0.0 
-0.430592 -0.902547 0.0 
-0.522019 -0.852771 0.0 
-0.148905 -0.440665 0.0 
-0.0777937 -0.458879 0.0 
0.903422 0.426768 0.0 
0.970602 0.240597 0.0 
0.925936 0.377675 0.0 
0 0 0.0 
0.736984 0.675517 0.0 
0.189846 -0.981441 0.0 
0.219988 -0.886954 0.0 
0 0 0.0 
0.844168 0.536079 0.0 
0.838511 0.544885 0.0 
-0.332244 -0.943189 0.0 
-0.396118 -0.824696 0.0 
0.999987 -0.00505353 0.0 
0.802397 0.36317 0.0 
-0.765262 -0.643106 0.0 
0.689677 -0.719368 0.0 
-0.296513 0.955029 0.0 
0.771105 -0.636709 0.0 
0 0 0.0 
0.830477 0.557053 0.0 
0.467026 0.884243 0.0 
0 0 0.0 
0.951242 0.308315 0.0 
-0.398728 0.91606 0.0 
0 0 0.0 
0.999981 0.00619858 0.0 
0.999884 -0.0150289 0.0 
-0.508285 -0.861189 0.0 
0.999999 -0.00147203 0.0 
0.999948 -0.0101721 0.0 
0.99748 0.0709502 0.0 
0.998675 0.0514699 0.0 
0 0 0.0 
0 0 0.0 
0 0 0.0 
0 0 0.0 
0.985407 -0.166612 0.0 
-0.950454 -0.310865 0.0 
0.697964 0.207357 0.0 
0 0 0.0 
0.986907 0.160035 0.0 
0.93783 0.225758 0.0 
0.827616 0.561294 0.0 
0.407982 0.91299 0.0 
0 0 0.0 
0.999203 -0.0399094 0.0 
0.78275 -0.622337 0.0 
0.731111 -0.572314 0.0 
-0.0828606 -0.560453 0.0 
-0.146407 -0.988944 0.0 
-0.25078 -0.967636 0.0 
-0.167583 0.984062 0.0 
0 0 0.0 
0 0 0.0 
0.974267 0.225372 0.0 
0.997369 0.0724927 0.0 
0.999994 -0.00332338 0.0 
0.967386 0.250685 0.0 
0.734204 0.465805 0.0 
0.965044 -0.26209 0.0 
0.922499 0.386 0.0 
-0.945643 0.325207 0.0 
0.140554 -0.990069 0.0 
0 0 0.0 
0.935459 -0.353434 0.0 
0.924086 0.382183 0.0 
-0.343018 -0.696866 0.0 
0.999152 -0.041176 0.0 
0.631052 0.775741 0.0 
0 0 0.0 
0.996322 -0.0826324 0.0 
0.991707 -0.128366 0.0 
0 0 0.0 
0 0 0.0 
0.939772 0.341803 0.0 
0 0 0.0 
-0.441921 0.895595 0.0 
0.99569 0.0927387 0.0 
0.999997 -0.00105144 0.0 
0 0 0.0 
-0.583342 0.812227 0.0 
0 0 0.0 
-0.608594 -0.79348 0.0 
0 0 0.0 
0 0 0.0 
0.390044 0.916415 0.0 
0.985762 -0.00649813 0.0 
0.866578 0.499042 0.0 
0.683978 0.729503 0.0 
0.99869 0.0511608 0.0 
0.916818 0.399304 0.0 
0.946761 0.321939 0.0 
-0.575812 -0.817582 0.0 
0.411928 0.911133 0.0 
0 0 0.0 
-0.148545 -0.518221 0.0 
-0.996847 0.0793474 0.0 
0 0 0.0 
0 0 0.0 
0.849639 0.527365 0.0 
0 0 0.0 
0.950649 0.014728 0.0 
0.916175 0.400631 0.0 
-0.28916 0.957087 0.0 
0.944789 -0.327555 0.0 
0 0 0.0 
0.89046 -0.455062 0.0 
-0.957849 -0.287271 0.0 
0.976528 -0.215392 0.0 
-0.995874 0.0907513 0.0 
0 0 0.0 
0.985676 0.16865 0.0 
0 0 0.0 
0 0 0.0 
-0.481412 0.876495 0.0 
0 0 0.0 
0 0 0.0 
0 0 0.0 
0.832826 0.553535 0.0 
0.826278 0.562745 0.0 
-0.350445 -0.936583 0.0 
0.959243 0.00689082 0.0 
0.947673 0.319244 0.0 
0.661604 0.749854 0.0 
0.971926 0.233238 0.0 
0.929408 -0.369054 0.0 
0.998636 -0.0522208 0.0 
0.829723 0.285336 0.0 
0.975074 0.22188 0.0 
0 0 0.0 
0.42299 -0.105231 0.0 
0.99999 0.00440682 0.0 
0 0 0.0 
0.991112 0.133033 0.0 
-0.998449 -0.0528899 0.0 
0.94552 -0.325563 0.0 
0.988964 -0.148155 0.0 
0 0 0.0 
0.992901 0.118942 0.0 
0.993961 0.109737 0.0 
0.563782 0.825779 0.0 
0.760026 0.649893 0.0 
0.99933 0.0360157 0.0 
0.992773 0.120006 0.0 
0.260536 -0.964356 0.0 
0.970361 -0.241619 0.0 
-0.997725 0.0674155 0.0 
0.994713 0.102696 0.0 
0.951808 0.304961 0.0 
0 0 0.0 
0.921209 0.389068 0.0 
0.837637 0.546002 0.0 
0.963795 0.163417 0.0 
0.985632 0.168904 0.0 
0.846135 0.532969 0.0 
1 3.18924e-05 0.0 
0.999966 -0.00830346 0.0 
0 0 0.0 
0 0 0.0 
0.991034 0.130125 0.0 
-0.657183 -0.753731 0.0 
0.745112 0.66598 0.0 
0.996113 -0.088081 0.0 
0.994153 -0.107774 0.0 
0.999862 -0.0166128 0.0 
0.999093 -0.0425803 0.0 
0.832008 0.553934 0.0 
0.4929 0.869888 0.0 
0 0 0.0 
0.334312 -0.942463 0.0 
0 0 0.0 
0.997594 -0.0693267 0.0 
-0.411153 0.911566 0.0 
0 0 0.0 
-0.470203 0.881896 0.0 
0.761394 0.64815 0.0 
0.135344 0.990429 0.0 
0.971313 -0.237496 0.0 
0.999823 0.0188262 0.0 
0.765056 0.643684 0.0 
0.998807 -0.0488407 0.0 
0 0 0.0 
0.675519 0.736359 0.0 
0.488386 0.872628 0.0 
0.812561 0.549949 0.0 
0.229416 -0.973329 0.0 
-0.249046 0.968132 0.0 
0 0 0.0 
0.978926 -0.204217 0.0 
0.999993 -0.00362188 0.0 
0.995859 0.0909158 0.0 
0.907697 0.14483 0.0 
0.550498 -0.834836 0.0 
-0.369987 -0.858979 0.0 
0.938652 0.340702 0.0 
-0.477288 -0.878747 0.0 
0 0 0.0 
0.78819 0.615356 0.0 
0 0 0.0 
0.977015 0.212526 0.0 
-0.211799 0.977305 0.0 
0.346934 -0.93789 0.0 
0.826401 0.556388 0.0 
0.122439 -0.95754 0.0 
0.326081 0.945342 0.0 
-0.0240974 0.99971 0.0 
0 0 0.0 
0.906742 -0.204752 0.0 
0.965193 -0.261238 0.0 
0.916186 -0.400754 0.0 
0.813765 0.581194 0.0 
-0.996701 0.0811663 0.0 
0.0403241 0.996977 0.0 
0.107045 0.992865 0.0 
0.324926 0.94507 0.0 
0.146149 -0.989236 0.0 
-0.108013 -0.994149 0.0 
0.992123 -0.125018 0.0 
-0.432163 -0.901796 0.0 
-0.0470706 0.998146 0.0 
0.905415 0.424528 0.0 
0.894863 0.446325 0.0 
0.250249 0.968181 0.0 
0.842271 0.539055 0.0 
0.698013 -0.716083 0.0 
0.948452 0.316868 0.0 
0 0 0.0 
0.810171 -0.586194 0.0 
0.999994 -0.00355815 0.0 
0.997631 0.0657036 0.0 
0 0 0.0 
0.996957 -0.077954 0.0 
0.991356 0.127513 0.0 
0.297758 -0.91389 0.0 
0.8933 0.448291 0.0 
0.999246 -0.0388286 0.0 
0.685621 0.405479 0.0 
0.998998 0.0447514 0.0 
0.967931 0.251215 0.0 
0 0 0.0 
0.432068 -0.722967 0.0 
0 0 0.0 
0.999692 0.0233253 0.0 
0.113848 -0.993498 0.0 
0.979802 0.199779 0.0 
0.999932 0.00851712 0.0 
0.995518 -0.0945749 0.0 
0.615457 -0.785037 0.0 
0 0 0.0 
0.904808 0.42582 0.0 
0.585966 -0.810336 0.0 
0.999987 -0.00481162 0.0 
0 0 0.0 
0.96417 0.265285 0.0 
0 0 0.0 
0.950227 -0.311557 0.0 
0 0 0.0 
0.858523 0.512775 0.0 
0.950985 -0.309182 0.0 
0.658252 0.752797 0.0 
-0.697777 0.705064 0.0 
0.951028 0.309104 0.0 
0.993622 0.112765 0.0 
0.0661343 -0.993421 0.0 
-0.0902809 0.995916 0.0 
0.94002 0.340812 0.0 
0.999626 -0.0273604 0.0 
0.854364 0.519675 0.0 
0.993103 -0.117245 0.0 
0.437958 -0.897887 0.0 
0.970326 -0.241799 0.0 
0.815618 0.578591 0.0 
-0.393677 0.917853 0.0 
-0.122902 -0.386124 0.0 
0 0 0.0 
0 0 0.0 
0.436361 -0.899772 0.0 
0 0 0.0 
-0.233808 -0.971339 0.0 
0.942364 -0.00200237 0.0 
0.925765 0.378099 0.0 
-0.395613 -0.918417 0.0 
0 0 0.0 
0.518059 0.855345 0.0 
0.579548 -0.796718 0.0 
-0.248003 0.968759 0.0 
0 0 0.0 
0.997663 -0.0683216 0.0 
0 0 0.0 
0.997458 -0.0712543 0.0 
0.857344 -0.514744 0.0 
0 0 0.0 
-0.194302 -0.547629 0.0 
0.519373 -0.854548 0.0 
-0.901302 0.429546 0.0 
0.920494 0.390757 0.0 
0.554057 -0.720819 0.0 
-0.712499 0.693846 0.0 
-0.138887 -0.366073 0.0 
0 0 0.0 
0.264078 0.963872 0.0 
0 0 0.0 
0.862228 -0.50648 0.0 
0.536101 0.844154 0.0 
0.191793 0.0193616 0.0 
0.493574 0.869192 0.0 
0.999998 -0.00215729 0.0 
0 0 0.0 
0.986173 0.165456 0.0 
0.974872 -0.220871 0.0 
-0.412259 -0.911067 0.0 
0 0 0.0 
0.145611 -0.989323 0.0 
0.779451 -0.626367 0.0 
0.999935 0.0113713 0.0 
-0.622225 0.781825 0.0 
0.820674 0.571396 0.0 
0 0 0.0 
0.825985 0.563692 0.0 
0 0 0.0 
0 0 0.0 
0.682189 -0.731068 0.0 
0.11097 0.992181 0.0 
0 0 0.0 
0 0 0.0 
0.909929 -0.4145 0.0 
0.993837 0.0911824 0.0 
0.64733 -0.76221 0.0 
-0.999313 -0.0370485 0.0 
0 0 0.0 
-0.958801 -0.278232 0.0 
0 0 0.0 
0.967837 -0.205086 0.0 
-0.954594 0.289456 0.0 
-0.263974 0.917711 0.0 
0 0 0.0 
0.743386 0.468164 0.0 
-0.143814 -0.987851 0.0 
0 0 0.0 
-0.321511 0.946905 0.0 
0 0 0.0 
0 0 0.0 
0.979137 0.2032 0.0 
0.951267 0.00041988 0.0 
0.925094 0.379737 0.0 
0.943018 0.14604 0.0 
0 0 0.0 
0.406466 0.913666 0.0 
0.424561 0.904457 0.0 
1 -0.00025141 0.0 
0.998861 0.0477045 0.0 
0.797597 0.111828 0.0 
0 0 0.0 
0.450249 0.892903 0.0 
0.966175 -0.00269604 0.0 
0.976366 0.216121 0.0 
-0.453007 -0.891507 0.0 
0 0 0.0 
0.677004 -0.735692 0.0 
0 0 0.0 
0.569496 0.821994 0.0 
0.361981 -0.932181 0.0 
0.985958 0.166994 0.0 
0.951751 -0.306866 0.0 
-0.345159 0.894367 0.0 
0.96569 -0.259694 0.0 
0 0 0.0 
0 0 0.0 
0 0 0.0 
0.962915 -0.268723 0.0 
0.999998 -0.000556981 0.0 
0.860531 -0.508309 0.0 
0.580582 0.814202 0.0 
0.989846 0.142142 0.0 
0 0 0.0 
0.810416 -0.585855 0.0 
0 0 0.0 
-0.436147 0.899875 0.0 
0.955599 0.294466 0.0 
0 0 0.0 
0.838746 0.0372847 0.0 
-0.977642 0.208344 0.0 
-0.987635 0.156771 0.0 
-0.589998 -0.807388 0.0 
-0.269419 0.963023 0.0 
0.726549 -0.686206 0.0 
0.971325 0.0544886 0.0 
0.982311 -0.187249 0.0 
0.998097 0.0616558 0.0 
0.995628 0.0934098 0.0 
0.629034 -0.777223 0.0 
0.978391 -0.201969 0.0 
0.668828 -0.741546 0.0 
0.755127 -0.655578 0.0 
0.999526 0.0307786 0.0 
0.999993 -0.0038003 0.0 
-0.553813 -0.828457 0.0 
0.156459 -0.986001 0.0 
0 0 0.0 
0 0 0.0 
0.999996 -0.0028693 0.0 
0.99728 0.0737025 0.0 
0.999981 -0.00559789 0.0 
0.862088 -0.506758 0.0 
0.979961 0.199188 0.0 
0.402525 -0.236993 0.0 
0.466127 0.884717 0.0 
0.245035 -0.969506 0.0 
1 -0.00010652 0.0 
0.877292 -0.340733 0.0 
0.850999 -0.525167 0.0 
0 0 0.0 
0.529553 0.848277 0.0 
0.997632 0.0680479 0.0 
0.996804 0.079728 0.0 
0 0 0.0 
0.999749 -0.020893 0.0 
-0.165725 -0.442658 0.0 
0.994942 -0.100452 0.0 
0.981785 -0.187734 0.0 
0.372589 -0.927997 0.0 
0.926268 -0.376865 0.0 
-0.828413 -0.553441 0.0 
-0.752633 0.657622 0.0 
0 0 0.0 
0.173277 -0.984873 0.0 
0.44272 0.894641 0.0 
0 0 0.0 
0.99824 0.053896 0.0 
0.999642 0.0197513 0.0 
0.85273 -0.522103 0.0 
0.999996 -0.00279368 0.0 
0 0 0.0 
0 0 0.0 
0.222428 0.974949 0.0 
0.999992 -0.00230818 0.0 
0 0 0.0 
0.999781 -0.0209136 0.0 
0.970923 0.0125413 0.0 
-0.524296 -0.850294 0.0 
0.630111 -0.455001 0.0 
0.30397 -0.952682 0.0 
0.970815 -0.239829 0.0 
0.970872 -0.239449 0.0 
0.795983 0.605319 0.0 
0.524503 -0.851409 0.0 
0.985555 0.169355 0.0 
0.907784 0.419438 0.0 
0.990903 0.13055 0.0 
0.79208 -0.370656 0.0 
0 0 0.0 
0 0 0.0 
0.998225 0.0595539 0.0 
0.646474 -0.762936 0.0 
0.997443 -0.071466 0.0 
0.388691 0.921344 0.0 
-0.16616 -0.985862 0.0 
0 0 0.0 
0 0 0.0 
0.291716 -0.956505 0.0 
0.987291 -0.15892 0.0 
0 0 0.0 
0.424462 0.905395 0.0 
1 -0.000168038 0.0 
0.252464 0.967606 0.0 
-0.240677 0.970605 0.0 
0.811306 0.584622 0.0 
0 0 0.0 
0.233244 0.972418 0.0 
0.31027 -0.950648 0.0 
0.999989 -0.00461119 0.0 
0 0 0.0 
-0.978616 0.204565 0.0 
0.999757 0.0220481 0.0 
0.954823 -0.297176 0.0 
0.998482 0.0112512 0.0 
0.732925 -0.680011 0.0 
0.993579 0.0943717 0.0 
0.617484 0.0726232 0.0 
0 0 0.0 
0.9109 0.412627 0.0 
1 0 0.0 
0 0 0.0 
0.999988 0.00416785 0.0 
0 0 0.0 
0.998994 -0.0448346 0.0 
0.999611 -0.027875 0.0 
0.391169 0.788233 0.0 
0.0318624 -0.997546 0.0 
0.213178 0.976282 0.0 
0.909836 -0.414969 0.0 
-0.196193 0.980565 0.0 
0.268528 0.963262 0.0 
0.675054 -0.737769 0.0 
0.727921 -0.685661 0.0 
0.330437 -0.943828 0.0 
0.363699 -0.931517 0.0 
0.98357 -0.180528 0.0 
0.999568 -0.0293875 0.0 
0.827393 -0.527678 0.0 
0.674584 -0.445868 0.0 
0 0 0.0 
0.985167 -0.165586 0.0 
0.659488 0.751715 0.0 
0.683254 -0.730181 0.0 
0.999151 -0.0411907 0.0 
0.908969 0.414862 0.0 
0.981577 -0.191066 0.0 
0.998615 -0.0510071 0.0 
0.999689 -0.0244087 0.0 
0 0 0.0 
0 0 0.0 
0.997734 -0.0672781 0.0 
0.820103 -0.572216 0.0 
0.968773 -0.247948 0.0 
0.999997 -0.00165256 0.0 
1 0.000794128 0.0 
0.967905 0.251316 0.0 
0.875323 -0.483538 0.0 
-0.278529 -0.960428 0.0 
0.823639 -0.277504 0.0 
0.898055 -0.439883 0.0 
0 0 0.0 
0 0 0.0 
0.552505 0.83351 0.0 
0.273397 -0.961901 0.0 
0.983656 0.180057 0.0 
0.99416 -0.107912 0.0 
0 0 0.0 
0.68809 -0.712061 0.0 
0 0 0.0 
0.874091 0.485762 0.0 
0.788045 -0.615617 0.0 
0.58042 -0.813116 0.0 
0 0 0.0 
-0.943067 0.00829702 0.0 
0.992946 -0.118569 0.0 
0.990519 -0.136331 0.0 
0.959163 0.28229 0.0 
0.90722 0.415859 0.0 
-0.842693 -0.535677 0.0 
0.71379 -0.680628 0.0 
0.691926 -0.721944 0.0 
0.599805 -0.788643 0.0 
-0.350757 -0.936467 0.0 
0.999956 0.00296761 0.0 
0 0 0.0 
0.967071 0.254484 0.0 
-0.492331 -0.86277 0.0 
0.55811 -0.82976 0.0 
0.985144 -0.171729 0.0 
0.22995 0.973202 0.0 
0.919717 -0.274606 0.0 
0 0 0.0 
0.981887 0.189468 0.0 
-0.257267 -0.419327 0.0 
0.785196 -0.619247 0.0 
0.999988 -0.00482704 0.0 
0 0 0.0 
0.128024 0.991312 0.0 
0 0 0.0 
-0.459429 -0.623323 0.0 
-0.0674769 -0.221294 0.0 
1 8.72995e-05 0.0 
0.735828 0.677168 0.0 
0.943627 0.330718 0.0 
0 0 0.0 
-0.296475 0.955041 0.0 
0 0 0.0 
0 0 0.0 
0 0 0.0 
-0.510031 0.860156 0.0 
-0.378037 0.925401 0.0 
0.983025 -0.183472 0.0 
0.643198 -0.765673 0.0 
0.727008 0.686629 0.0 
0.765884 -0.642979 0.0 
-0.262605 0.959076 0.0 
0.491841 0.0495097 0.0 
0 0 0.0 
0.569295 0.822134 0.0 
-0.784034 0.612825 0.0 
0.743956 -0.668228 0.0 
0.69418 0.719801 0.0 
0 0 0.0 
0.86114 -0.508368 0.0 
1 0.000834695 0.0 
0 0 0.0 
0.468121 -0.881913 0.0 
0 0 0.0 
-0.166167 -0.656428 0.0 
0.918994 -0.394272 0.0 
0 0 0.0 
0 0 0.0 
0.718604 -0.69178 0.0 
0.998084 -0.0618697 0.0 
0.753165 0.657831 0.0 
0.966178 -0.00279589 0.0 
-0.999744 0.022606 0.0 
0.887733 0.460359 0.0 
0.998736 -0.0500156 0.0 
-0.33408 0.942545 0.0 
0 0 0.0 
0.781162 -0.624329 0.0 
0.98557 0.169238 0.0 
0.866935 0.283202 0.0 
0 0 0.0 
0 0 0.0 
0.999998 -0.000530015 0.0 
0 0 0.0 
0 0 0.0 
0.954862 -0.296951 0.0 
-0.503506 -0.863924 0.0 
0.412105 -0.911137 0.0 
0.978081 -0.208223 0.0 
0.999257 0.0382963 0.0 
0 0 0.0 
-0.391991 0.919969 0.0 
-0.429412 -0.903109 0.0 
0.632413 -0.770909 0.0 
0.494097 0.062375 0.0 
0 0 0.0 
0.284951 0.955001 0.0 
0.988058 0.154083 0.0 
0 0 0.0 
0.390765 0.920491 0.0 
-0.488434 -0.872601 0.0 
0.654184 -0.618594 0.0 
0.610248 -0.79221 0.0 
0 0 0.0 
0 0 0.0 
0 0 0.0 
-0.34724 -0.937776 0.0 
-0.878719 0.438246 0.0 
0 0 0.0 
0 0 0.0 
0.949098 0.0556314 0.0 
0 0 0.0 
0.526808 -0.8004 0.0 
0 0 0.0 
0.900326 -0.435216 0.0 
0.985541 0.169435 0.0 
0.947803 -0.318857 0.0 
0.999997 -0.00232398 0.0 
0.294871 -0.955176 0.0 
0.760959 -0.6488 0.0 
-0.248058 0.968689 0.0 
0.99418 0.106329 0.0 
0.999974 0.00726619 0.0 
0.978605 0.205748 0.0 
0 0 0.0 
0.456506 -0.888232 0.0 
0.205671 -0.943041 0.0 
0 0 0.0 
0.389808 0.920896 0.0 
0.939361 -0.342919 0.0 
1 0 0.0 
0 0 0.0 
0.7546 -0.656185 0.0 
0.65323 -0.756766 0.0 
0.495107 0.122532 0.0 
0 0 0.0 
0 0 0.0 
0 0 0.0 
0.973748 0.227621 0.0 
0.497401 0.866838 0.0 
0.9492 -0.31257 0.0 
0 0 0.0 
0 0 0.0 
0.999983 0.00303337 0.0 
0.49066 -0.0202278 0.0 
0.986162 0.163694 0.0 
0.999999 0.000632046 0.0 
0 0 0.0 
0.854363 -0.519677 0.0 
0.552034 -0.833822 0.0 
0 0 0.0 
0 0 0.0 
0.920572 -0.390573 0.0 
-0.510515 0.859869 0.0 
-0.441951 -0.897039 0.0 
0.600481 -0.0032699 0.0 
-0.534416 0.845221 0.0 
-0.0933759 -0.994744 0.0 
0.950503 0.310716 0.0 
0.977289 0.00403644 0.0 
0.974443 -0.224633 0.0 
0.328554 0.944485 0.0 
0.21952 0.975602 0.0 
0 0 0.0 
0.476818 -0.0342351 0.0 
-0.365062 -0.930983 0.0 
0.942744 -0.333516 0.0 
0.999741 0.0224967 0.0 
0 0 0.0 
0 0 0.0 
0 0 0.0 
0.879197 -0.188624 0.0 
0.999977 0.00676117 0.0 
0.884038 0.467414 0.0 
0 0 0.0 
0.785762 -0.618529 0.0 
-0.359748 0.93305 0.0 
-0.504953 0.671389 0.0 
0.797528 0.602055 0.0 
0.995743 -0.0712735 0.0 
0.978356 -0.206929 0.0 
0.999556 -0.0184128 0.0 
-0.37156 -0.928409 0.0 
0.804625 -0.0558367 0.0 
0.870358 0.49242 0.0 
0 0 0.0 
0.261483 -0.965208 0.0 
0.738622 0.673914 0.0 
0.362904 0.931569 0.0 
0.999983 -0.00587 0.0 
0.999071 0.0430859 0.0 
0.496693 -0.0574152 0.0 
0 0 0.0 
0.990831 0.130971 0.0 
0.513797 -0.857912 0.0 
0.38939 -0.0959511 0.0 
0.999966 -0.00823239 0.0 
0.325943 -0.945389 0.0 
0.999999 -0.0010255 0.0 
-0.51188 0.858792 0.0 
0.43247 -0.901648 0.0 
0 0 0.0 
-0.948314 -0.292135 0.0 
0 0 0.0 
-0.390709 0.920514 0.0 
0.435567 -0.900156 0.0 
0.408007 -0.885511 0.0 
0.937022 0.349271 0.0 
1 0 0.0 
-0.521464 0.853273 0.0 
-0.189941 0.981796 0.0 
0.912916 -0.333095 0.0 
0.309201 0.950997 0.0 
-0.364056 -0.930005 0.0 
0.999988 0.00485889 0.0 
-0.305932 0.951947 0.0 
0.970026 -0.243 0.0 
0.438892 -0.89854 0.0 
0.999958 -0.00878767 0.0 
0.44568 -0.895193 0.0 
0.957208 -0.288874 0.0 
0.853344 0.0137925 0.0 
0.667983 -0.744177 0.0 
-0.363441 0.931617 0.0 
0.999954 -0.00959954 0.0 
0.855993 -0.516988 0.0 
0.269542 0.962908 0.0 
0.989946 0.14001 0.0 
0 0 0.0 
0.999964 -0.00844502 0.0 
0.921996 0.387198 0.0 
-0.328455 0.94452 0.0 
0 0 0.0 
0.999965 -0.00842569 0.0 
0 0 0.0 
0.911814 -0.410603 0.0 
0.740825 0.671695 0.0 
0.680533 -0.230764 0.0 
0 0 0.0 
0 0 0.0 
0.280819 -0.959239 0.0 
0.999966 -0.00819271 0.0 
0.997407 0.0719624 0.0 
0.905765 0.423781 0.0 
0.874779 -0.286714 0.0 
0 0 0.0 
0.991291 -0.018595 0.0 
0.269097 -0.963105 0.0 
0.99104 -0.133155 0.0 
0.938276 -0.345482 0.0 
0.975042 -0.22202 0.0 
-0.518827 -0.85488 0.0 
0.429351 -0.759481 0.0 
0 0 0.0 
-0.325273 -0.94562 0.0 
0 0 0.0 
0.862048 -0.506823 0.0 
0.999932 0.0116443 0.0 
0.980047 0.198765 0.0 
-0.54186 0.840469 0.0 
0 0 0.0 
0 0 0.0 
0.324502 0.945885 0.0 
0.50664 -0.862158 0.0 
0.968214 0.250122 0.0 
0 0 0.0 
0.928006 -0.372565 0.0 
0.98328 -0.182101 0.0 
0.981832 0.186061 0.0 
0.986195 0.165588 0.0 
0.813586 0.577 0.0 
0.963343 -0.268019 0.0 
0.175369 -0.9845 0.0 
0.383104 -0.923705 0.0 
0.996213 -0.0869439 0.0 
0.261683 -0.786477 0.0 
0.810806 0.585315 0.0 
0.998664 -0.0506983 0.0 
0.959104 -0.282965 0.0 
-0.54558 0.832207 0.0 
0.934177 0.35681 0.0 
0 0 0.0 
0.995891 0.0905585 0.0 
0.985743 0.168258 0.0 
0.962605 -0.269278 0.0 
-0.527733 0.84941 0.0 
0.934725 0.355372 0.0 
0.999998 0.00199383 0.0 
-0.310082 0.934595 0.0 
0.890689 -0.454612 0.0 
0 0 0.0 
0 0 0.0 
0.720906 -0.43489 0.0 
0.993054 0.117662 0.0 
0.817133 0.163286 0.0 
0.999999 0.00155641 0.0 
0.284785 0.958 0.0 
0.929992 0.367579 0.0 
0.960091 -0.279688 0.0 
0.818629 -0.0478818 0.0 
0.0310677 -0.998563 0.0 
0.509043 -0.860741 0.0 
0 0 0.0 
0 0 0.0 
0.384494 -0.922441 0.0 
0.991072 0.129309 0.0 
0.850378 0.525463 0.0 
0.894792 -0.446484 0.0 
0.56892 0.822393 0.0 
0.239872 -0.970805 0.0 
0.849836 -0.527047 0.0 
0.796277 0.604932 0.0 
0.612927 0.790139 0.0 
0.530564 0.847634 0.0 
0.224468 -0.974482 0.0 
0.377678 0.925937 0.0 
0 0 0.0 
0.916732 -0.399502 0.0 
0.447681 -0.894193 0.0 
0.291265 0.956258 0.0 
0 0 0.0 
0.329784 0.941477 0.0 
0.999991 0.000256186 0.0 
0.992192 0.124718 0.0 
-0.396329 -0.918108 0.0 
-0.43947 -0.898257 0.0 
0 0 0.0 
0.941487 -0.103386 0.0 
-0.470421 -0.882442 0.0 
0.82365 -0.000590499 0.0 
0.920312 0.386499 0.0 
0.883413 -0.468595 0.0 
0 0 0.0 
0.781827 -0.623495 0.0 
0.864203 0.482964 0.0 
0.931496 0.363749 0.0 
-0.229389 0.973335 0.0 
-0.561998 -0.827138 0.0 
0.292516 -0.955692 0.0 
-0.998606 -0.0519556 0.0 
0.524822 0.851208 0.0 
0.999929 -0.0114802 0.0 
0.999916 -0.0128095 0.0 
0.917853 0.39692 0.0 
0.764544 0.644571 0.0 
0.19417 -0.980968 0.0 
1 0 0.0 
1 0 0.0 
0.999986 -0.00536137 0.0 
0.539911 0.840249 0.0 
0.938261 0.345927 0.0 
0.882428 0.46924 0.0 
0 0 0.0 
0.479254 0.877676 0.0 
0.982306 0.0132315 0.0 
0.64854 -0.761156 0.0 
0.973013 0.229711 0.0 
0.966913 -0.255108 0.0 
0.942436 -0.334386 0.0 
0.99948 0.0322461 0.0 
0.955641 -0.019797 0.0 
0.999991 0.0037051 0.0 
0.994828 0.10157 0.0 
0 0 0.0 
0.447125 -0.185721 0.0 
0.853311 -0.3033 0.0 
-0.496514 0.867986 0.0 
0 0 0.0 
0.778446 -0.00159717 0.0 
1 0.000953341 0.0 
0 0 0.0 
0 0 0.0 
0 0 0.0 
-0.95609 0.271015 0.0 
0.999973 -0.00732406 0.0 
0.421502 0.906727 0.0 
0.363345 -0.930947 0.0 
0 0 0.0 
0 0 0.0 
0.944611 -0.328193 0.0 
-0.525994 0.794141 0.0 
0.994399 0.105694 0.0 
0 0 0.0 
0 0 0.0 
0.187389 -0.981888 0.0 
0.853253 0.521498 0.0 
0 0 0.0 
0.999933 -0.0069723 0.0 
-0.33846 -0.940981 0.0 
0.24727 0.968947 0.0 
-0.548558 -0.836112 0.0 
0.635112 -0.77242 0.0 
0.746284 -0.5821 0.0 
0.390062 -0.886881 0.0 
0.833629 -0.550151 0.0 
0.867252 0.0354095 0.0 
0.551668 -0.834064 0.0 
0.589611 -0.638041 0.0 
0 0 0.0 
1 0.000625877 0.0 
0.69286 0.720079 0.0 
0.880462 0.340767 0.0 
0.999999 0.00124747 0.0 
0.379278 -0.498815 0.0 
0.932078 -0.284997 0.0 
0.999889 -0.0148793 0.0 
0 0 0.0 
0 0 0.0 
0.725269 -0.688458 0.0 
0 0 0.0 
0.690677 0.718571 0.0 
0.102896 -0.696342 0.0 
1 0 0.0 
0 0 0.0 
0 0 0.0 
0.784973 -0.61953 0.0 
0.824046 -0.000832555 0.0 
0 0 0.0 
0.975281 0.216614 0.0 
0.846798 0.531914 0.0 
0 0 0.0 
0 0 0.0 
0 0 0.0 
0 0 0.0 
0.530012 -0.847809 0.0 
0.72363 -0.690078 0.0 
0.999853 0.0171585 0.0 
0.9063 0.422635 0.0 
0.550454 -0.834865 0.0 
0 0 0.0 
0.761968 -0.324276 0.0 
0 0 0.0 
-0.277597 -0.960696 0.0 
0 0 0.0 
0.917619 0.0248732 0.0 
0.430052 0.902804 0.0 
0.993703 0.112044 0.0 
0 0 0.0 
0 0 0.0 
0.464963 -0.221637 0.0 
0.943241 -0.33211 0.0 
0.971656 0.2364 0.0 
0.842516 0.538514 0.0 
0 0 0.0 
0.920606 -0.0346151 0.0 
0.945339 0.326089 0.0 
0.967981 -0.251023 0.0 
0 0 0.0 
0.999966 0.00824671 0.0 
0 0 0.0 
0.557698 0.830042 0.0 
0.812216 -0.583357 0.0 
0.73804 -0.0286394 0.0 
0.608226 -0.793756 0.0 
0 0 0.0 
0.827964 0.512892 0.0 
0.999998 0.00212481 0.0 
0.999991 -0.00390362 0.0 
0 0 0.0 
0.999999 0.00100118 0.0 
0.999999 0.000777532 0.0 
0 0 0.0 
0.998033 0.0626926 0.0 
0.734226 0.678813 0.0 
0.999881 0.0154028 0.0 
0.746433 -0.665458 0.0 
-0.926716 -0.356456 0.0 
0.808568 0.505271 0.0 
0 0 0.0 
0 0 0.0 
0.999986 0.00532253 0.0 
-0.364158 -0.931337 0.0 
0 0 0.0 
0.999971 -0.00760347 0.0 
0.817875 0.0061378 0.0 
0.997371 0.0699231 0.0 
0 0 0.0 
0.124555 -0.992213 0.0 
-0.366021 0.930582 0.0 
0 0 0.0 
0 0 0.0 
0.807877 -0.570463 0.0 
0.750437 -0.660866 0.0 
0 0 0.0 
0 0 0.0 
0.247517 -0.227809 0.0 
0 0 0.0 
-0.397994 0.917388 0.0 
0.97952 -0.201282 0.0 
0.434308 -0.900764 0.0 
0.999988 -0.00497406 0.0 
0.43679 -0.899564 0.0 
0.899312 -0.149857 0.0 
0.855712 -0.516905 0.0 
0.959468 -0.281816 0.0 
0.726349 0.446849 0.0 
0.981938 -0.189125 0.0 
-0.253321 -0.967292 0.0 
0.960797 -0.00369545 0.0 
-0.402455 0.91544 0.0 
0 0 0.0 
-0.480844 -0.876746 0.0 
0.999928 -0.0120111 0.0 
0.982529 -0.186112 0.0 
0.846182 -0.532816 0.0 
0 0 0.0 
0.999965 -0.00148692 0.0 
0 0 0.0 
0.391133 -0.249398 0.0 
0.509544 -0.860438 0.0 
0.668437 -0.743565 0.0 
0.999973 0.00735087 0.0 
1 0.000109649 0.0 
0 0 0.0 
0 0 0.0 
0.622726 -0.781684 0.0 
0.780416 -0.622906 0.0 
0 0 0.0 
0 0 0.0 
-0.505907 -0.86227 0.0 
0 0 0.0 
0.999978 -0.00667736 0.0 
0.99421 -0.105044 0.0 
0 0 0.0 
  </DataArray>
  <DataArray type = "Float64" Name="AppartientEntree1" format="ascii">
1
1
0
0
0
0
0
0
0
0
0
0
0
0
0
0
0
0
0
0
0
0
0
0
0
0
0
0
0
0
0
0
0
0
0
0
0
0
0
0
0
0
0
0
0
0
0
0
0
0
0
0
0
0
0
0
0
0
0
0
0
0
0
0
0
0
0
0
0
0
0
0
0
0
0
0
0
0
0
0
0
0
0
0
0
0
0
0
0
0
0
0
0
0
0
0
0
0
0
0
0
0
0
0
0
0
0
0
0
0
0
0
0
0
0
0
0
0
0
0
0
0
0
0
0
0
0
0
0
0
0
0
0
0
0
1
0
0
0
0
0
0
0
0
0
0
0
0
0
0
0
0
0
0
0
0
0
0
0
0
0
0
0
0
0
0
0
0
0
0
0
0
0
0
0
0
0
0
0
0
0
0
0
0
0
0
0
0
0
0
0
0
0
0
0
0
0
0
0
0
0
0
0
0
0
0
0
0
0
0
0
0
0
0
0
0
0
0
0
0
0
0
0
0
0
0
0
0
0
0
0
0
0
0
0
0
0
0
0
0
0
0
0
0
0
0
0
0
0
0
0
0
0
0
0
0
0
0
0
0
0
0
0
0
0
0
0
0
0
0
0
0
0
0
0
0
0
0
0
0
0
0
0
0
0
0
0
0
0
0
0
0
0
0
0
0
0
0
0
0
0
0
0
0
0
0
0
0
0
0
0
0
0
0
0
0
0
0
0
0
0
0
0
0
0
0
0
0
0
0
0
0
0
0
0
0
0
0
0
0
0
0
0
0
0
0
0
0
0
0
0
0
0
0
0
0
0
0
0
0
0
0
0
0
0
0
0
0
0
0
0
0
0
0
0
0
0
0
0
0
0
0
0
0
0
0
0
0
0
0
0
0
0
0
0
0
0
0
0
0
0
0
0
0
0
0
0
0
0
0
0
0
0
0
0
0
0
0
0
0
0
0
0
0
0
0
0
0
0
0
0
0
0
0
0
0
0
0
0
0
0
0
0
0
0
0
0
0
0
0
0
0
0
0
0
0
0
0
0
0
0
0
0
0
0
0
0
0
0
0
0
0
0
0
0
0
0
0
0
0
0
0
0
0
0
0
0
0
0
0
0
0
0
0
0
0
0
0
0
0
0
0
0
0
0
0
0
0
0
0
0
0
0
0
0
0
0
0
0
0
0
0
0
0
0
0
0
0
0
0
0
0
0
0
0
0
0
0
0
0
0
0
0
0
0
0
0
0
0
0
0
0
0
0
0
0
0
0
0
0
0
0
0
0
0
0
0
0
0
0
0
0
0
0
0
0
0
0
0
0
0
0
0
0
0
0
0
0
0
0
0
0
0
0
0
0
0
0
0
0
0
0
0
0
0
0
0
0
0
0
0
0
0
0
0
0
0
0
0
0
0
0
0
0
0
0
0
0
0
0
0
0
0
0
0
0
0
0
0
0
0
0
0
0
0
0
0
0
0
0
0
0
0
0
0
0
0
0
0
0
0
0
0
0
0
0
0
0
0
0
0
0
0
0
0
0
0
0
0
0
0
0
0
0
0
0
0
0
0
0
0
0
0
0
0
0
0
0
0
0
0
0
0
0
0
0
0
0
0
0
0
0
0
0
0
0
0
0
0
0
0
0
0
1
0
0
0
0
0
0
0
0
0
0
0
0
0
0
0
0
0
0
0
0
0
0
0
0
0
0
0
0
0
0
0
0
0
0
0
0
0
0
0
0
0
0
0
0
0
0
0
0
0
0
0
0
0
0
0
0
0
0
0
0
0
0
0
0
0
0
0
0
0
0
0
0
0
0
0
0
0
0
0
0
0
0
0
0
0
0
0
0
0
0
0
0
0
0
0
0
0
0
0
0
0
0
0
0
0
0
0
0
0
0
0
0
0
0
0
0
0
0
0
0
0
0
0
0
0
0
0
0
0
0
0
0
0
0
0
0
0
0
0
0
0
0
0
0
0
0
0
0
0
0
0
0
0
0
0
0
0
0
0
0
0
0
0
0
0
0
0
0
0
0
0
0
0
0
0
0
0
0
0
0
0
0
0
0
0
0
0
0
0
0
0
0
0
0
0
0
0
0
0
0
0
0
0
0
0
0
0
0
0
0
0
0
0
0
0
0
0
0
0
0
0
0
0
0
0
0
0
0
0
0
0
0
0
0
0
0
0
0
0
0
0
0
0
0
0
0
0
0
0
0
0
0
0
0
0
0
0
0
0
0
0
0
0
0
0
0
0
0
0
0
0
0
0
0
0
0
0
0
0
0
0
0
0
0
0
0
0
0
0
0
0
0
0
0
0
0
0
0
0
0
0
0
0
0
0
0
0
0
0
0
0
0
0
0
0
0
0
0
0
0
0
0
0
0
0
0
0
0
0
0
0
0
0
0
0
0
0
0
0
0
0
0
0
0
0
0
0
0
0
0
0
0
0
0
0
0
0
0
0
0
0
0
0
0
0
0
0
0
0
0
0
0
0
0
0
0
0
0
0
0
0
0
0
0
0
0
0
0
0
0
0
0
0
0
0
0
0
0
0
0
0
0
0
0
0
0
0
0
0
0
0
0
0
0
0
0
0
0
0
0
0
0
0
0
0
0
0
0
0
0
0
0
0
0
0
0
0
0
0
0
0
0
0
0
0
0
0
0
0
0
0
0
0
0
0
0
0
0
0
0
0
0
0
0
0
0
0
0
0
0
0
0
0
0
0
0
0
0
0
0
0
0
0
0
0
0
0
0
0
0
0
0
0
0
0
0
0
0
0
0
0
0
0
0
0
0
0
0
0
0
0
0
0
0
0
0
0
0
0
0
0
0
0
0
0
0
0
0
0
0
0
0
0
0
0
0
0
0
0
0
0
0
0
0
0
0
0
0
0
0
0
0
0
0
0
0
0
0
0
0
0
0
0
0
0
0
0
0
0
0
0
0
0
0
0
0
0
0
0
0
0
0
0
0
0
0
0
0
0
0
0
0
0
0
0
0
0
0
0
0
0
0
0
0
0
0
0
0
0
0
0
0
0
0
0
0
0
0
0
0
0
0
0
0
0
0
0
0
0
0
0
0
0
0
0
0
0
0
0
0
0
0
0
0
0
0
0
0
0
0
0
0
0
0
0
0
0
0
0
0
0
0
0
0
0
0
0
0
0
0
0
0
0
0
0
0
0
0
0
0
0
0
0
0
0
0
0
0
0
0
0
0
0
0
0
0
0
0
0
0
0
0
0
0
0
0
0
0
0
0
0
0
0
0
0
0
0
0
0
0
0
0
0
0
0
0
0
0
0
0
0
0
0
0
0
0
0
0
0
0
0
0
0
0
0
0
0
0
0
0
0
0
0
0
0
0
0
0
0
0
0
0
0
0
0
0
0
0
0
0
0
0
0
0
0
0
0
0
0
0
0
0
0
1
0
0
0
0
0
0
0
0
0
0
0
0
0
0
0
0
0
0
0
0
0
0
0
0
0
0
0
0
0
0
0
0
0
0
0
0
0
0
0
0
0
0
0
0
0
0
0
0
0
0
0
0
1
0
0
0
0
0
0
0
0
0
0
0
0
0
0
0
0
0
0
0
0
0
0
0
0
0
0
0
0
0
0
0
0
0
0
0
0
0
0
0
0
0
0
0
0
0
0
0
0
0
0
0
0
0
0
0
0
0
0
0
0
0
0
0
0
0
0
0
0
0
0
0
0
0
0
0
0
0
0
0
0
0
0
0
0
0
0
0
0
0
0
0
0
0
0
0
0
0
0
0
0
0
0
0
0
0
0
0
0
0
0
0
0
0
0
0
0
0
0
0
0
0
0
0
0
0
0
0
0
0
0
0
0
0
0
0
0
0
0
0
0
0
0
0
0
0
0
0
0
0
0
0
0
0
0
0
0
0
0
0
0
0
0
0
0
0
0
0
0
0
0
0
0
0
0
1
0
0
0
0
0
0
0
0
0
0
0
0
0
0
0
0
0
0
0
0
0
0
0
0
0
0
0
0
0
0
0
0
0
0
0
0
0
0
0
0
0
0
0
0
0
0
0
0
0
0
0
0
0
0
0
0
0
0
0
0
0
0
0
0
0
0
0
0
0
0
0
0
0
0
0
0
0
0
0
0
0
0
0
0
0
0
0
0
0
0
0
0
0
0
0
0
0
0
0
0
0
0
0
0
0
0
0
0
0
0
0
0
0
0
0
0
0
0
0
0
0
0
0
0
0
0
0
0
0
0
0
0
0
0
0
0
0
0
0
0
0
0
0
0
0
0
0
0
0
0
0
0
0
0
0
0
0
0
0
0
0
0
0
0
0
0
0
0
0
0
0
0
0
0
0
0
0
0
0
0
0
0
0
0
0
0
0
0
0
0
0
0
0
0
0
0
0
0
0
0
0
0
0
0
0
0
0
0
0
0
0
0
0
0
0
0
0
0
0
0
0
0
0
0
0
0
0
0
0
0
0
0
0
0
0
0
0
0
0
0
0
0
0
0
0
0
0
0
0
0
0
0
0
0
0
0
0
0
0
0
0
0
0
0
0
0
0
0
0
0
0
0
0
0
0
0
0
0
0
0
0
0
0
0
0
0
0
0
0
0
0
0
0
0
0
0
0
0
0
0
0
0
0
0
0
0
0
0
0
0
0
0
0
0
0
0
0
0
0
0
0
0
0
0
0
0
0
0
0
0
0
0
0
0
0
0
0
0
0
0
0
0
0
0
0
0
0
0
0
0
0
0
0
0
0
0
0
0
0
0
0
0
0
0
0
0
0
0
0
0
0
0
0
0
0
0
0
0
0
0
0
0
0
0
0
0
0
0
0
0
0
0
0
0
0
0
0
0
0
0
0
0
0
0
0
0
0
0
0
0
0
0
0
0
0
0
0
0
0
0
0
0
0
0
0
0
0
0
0
0
0
0
0
0
0
0
0
0
0
0
0
0
0
0
0
0
0
0
0
0
0
0
0
0
0
0
0
0
0
0
0
0
0
0
0
0
0
0
0
0
0
0
0
0
0
0
0
0
0
0
0
0
0
0
0
0
0
0
0
0
0
0
0
0
0
0
0
0
0
0
0
0
0
0
0
0
0
0
0
0
0
0
0
0
0
0
0
0
0
0
0
0
0
0
0
0
0
0
0
0
0
0
0
0
0
0
0
0
0
0
0
0
0
0
0
0
0
0
0
0
0
0
0
0
0
0
0
0
0
0
0
0
0
0
0
0
0
0
0
0
0
0
0
0
0
0
0
0
0
0
0
0
0
0
0
0
0
0
0
0
0
0
0
0
0
0
0
0
0
1
0
0
0
0
0
0
0
0
0
0
0
0
0
0
0
0
0
0
0
0
0
0
0
0
0
0
0
0
0
0
0
0
0
0
0
0
0
0
0
0
0
0
0
0
0
0
0
0
0
0
0
0
0
0
0
0
0
0
0
0
0
0
0
0
0
0
0
0
0
0
0
0
0
0
0
0
0
0
0
0
0
0
0
0
0
0
0
0
0
0
0
0
0
0
0
0
0
0
0
0
0
0
0
0
0
0
0
0
0
0
0
0
0
0
0
0
0
0
0
0
0
0
0
0
0
0
0
0
0
0
0
0
0
0
0
0
0
0
0
0
0
0
0
0
0
0
0
0
0
0
0
0
0
0
0
0
0
0
0
0
0
0
0
0
0
0
0
0
0
0
0
0
0
0
0
0
0
0
0
0
0
0
0
0
0
0
0
0
0
0
0
0
0
0
0
0
0
0
0
0
0
0
0
0
0
0
0
0
0
0
0
0
0
0
0
0
0
0
0
0
0
0
0
0
0
0
1
0
0
0
0
0
0
0
0
0
0
0
0
0
0
0
0
0
0
0
0
0
0
0
0
0
0
0
0
0
0
0
0
0
0
0
0
0
0
0
0
0
0
0
0
0
0
0
0
0
0
0
0
0
0
0
0
0
0
0
0
0
0
0
0
0
0
0
0
0
0
0
0
0
0
0
0
0
0
0
0
0
0
0
0
0
0
0
0
0
0
0
0
0
0
0
0
0
0
0
0
0
0
0
0
0
0
0
0
0
0
0
0
0
0
0
0
0
0
0
0
0
0
1
0
0
0
0
0
0
0
0
0
0
0
0
0
0
0
0
0
0
0
0
0
0
0
0
0
0
0
0
0
0
0
0
0
0
0
0
0
0
0
0
0
0
0
0
0
0
0
0
0
0
0
0
0
0
0
0
0
0
0
0
0
0
0
0
0
0
0
0
0
0
0
0
0
0
0
0
0
0
0
0
0
0
0
0
0
0
0
0
0
0
0
0
0
0
0
0
0
0
0
0
0
0
0
0
0
0
0
0
0
0
0
0
0
0
0
0
0
0
0
0
0
0
0
0
0
0
0
0
0
0
0
0
0
0
0
0
0
0
0
0
0
0
0
0
0
0
0
0
0
0
0
0
0
0
0
0
0
0
0
0
0
0
0
0
0
0
0
0
0
0
0
0
0
0
0
0
0
0
0
0
0
0
0
0
0
0
0
0
0
0
0
0
0
0
0
0
0
0
0
0
0
0
0
0
0
0
0
0
0
0
0
0
0
0
0
0
0
0
0
0
0
0
0
0
0
0
0
0
0
0
0
0
0
0
0
0
0
0
0
0
0
0
0
0
0
0
0
0
0
0
0
0
0
0
0
0
0
0
0
0
0
0
0
0
0
0
0
0
0
0
0
0
0
0
0
0
0
0
0
0
0
0
0
0
0
0
0
0
0
0
0
0
0
0
0
0
0
0
0
0
0
0
0
0
0
0
0
0
0
0
0
0
0
0
0
0
0
0
0
0
0
0
0
0
0
0
0
0
0
0
0
0
0
0
0
0
0
0
0
0
0
0
0
0
0
0
0
0
0
0
0
0
0
0
0
0
0
0
0
0
0
0
0
0
0
0
0
0
0
0
0
0
0
0
0
0
0
0
0
0
0
0
0
0
0
0
0
0
0
0
0
0
0
0
0
0
0
0
0
0
0
0
0
0
0
0
0
0
0
0
0
0
0
0
0
0
0
0
0
0
0
0
0
0
0
0
0
0
0
0
0
0
0
0
0
0
0
0
0
0
0
0
0
0
0
0
0
0
0
0
0
0
0
0
0
0
0
0
0
0
0
0
0
0
0
0
0
0
0
0
0
0
0
0
0
0
0
0
0
0
0
0
0
0
0
0
0
0
0
0
0
0
0
0
0
0
0
0
0
0
0
0
0
0
0
0
0
0
0
0
0
0
0
0
0
0
0
0
0
0
0
0
0
0
0
0
0
0
0
0
0
0
1
0
0
0
0
0
0
0
0
0
0
0
0
0
0
0
0
0
0
0
0
0
0
0
0
0
0
0
0
0
0
0
0
0
0
0
0
0
0
0
0
0
0
0
0
0
0
0
0
0
0
0
0
0
0
0
0
0
0
0
0
0
0
0
0
0
0
0
0
0
0
0
0
0
0
0
0
0
0
0
0
0
0
0
0
0
0
0
0
0
0
0
0
0
0
0
0
0
0
0
0
0
0
0
0
0
0
0
0
0
0
0
0
0
0
0
0
0
0
0
0
0
0
0
0
0
0
0
0
0
0
0
0
0
0
0
0
0
0
0
0
0
0
0
0
0
0
0
0
0
0
0
0
0
0
0
0
0
0
0
0
0
0
0
0
0
0
0
0
0
0
0
0
0
0
0
0
0
0
0
0
0
0
0
0
0
0
0
0
0
0
0
0
0
0
0
0
0
0
0
0
0
0
0
0
0
0
0
0
0
0
0
0
0
0
0
0
0
0
0
0
0
0
0
0
0
0
0
0
0
0
0
0
0
0
0
0
0
0
0
0
0
0
0
0
0
0
0
0
0
0
0
0
0
0
0
0
0
0
0
0
0
0
0
0
0
0
0
0
0
0
0
0
0
0
0
0
0
0
0
0
0
0
0
0
0
0
0
0
0
0
0
0
0
0
0
0
0
0
1
0
0
0
0
0
0
0
0
0
0
0
0
0
0
0
0
0
0
0
0
0
0
0
0
0
0
0
0
0
0
0
0
0
0
0
0
0
0
0
0
0
0
0
0
0
0
0
0
0
0
0
0
0
0
0
0
0
0
0
0
0
0
0
0
0
0
0
0
0
0
0
0
0
0
0
0
0
0
0
0
0
0
0
0
0
0
0
0
0
0
0
0
0
0
0
0
0
0
0
0
0
0
0
0
0
0
0
0
0
0
0
0
0
0
0
0
0
0
0
0
0
0
0
0
0
0
0
0
0
0
0
0
0
0
0
0
0
0
0
0
0
0
0
0
0
0
0
0
0
0
0
0
0
0
0
0
0
0
0
0
0
0
0
0
0
0
0
0
0
0
0
0
0
0
0
0
0
0
0
0
0
0
0
0
0
0
0
0
0
0
0
0
0
0
0
0
0
0
0
0
0
0
0
0
0
0
0
0
0
0
0
0
0
0
0
0
0
0
0
0
0
0
0
0
0
0
0
0
0
0
0
0
0
0
0
0
0
0
0
0
0
0
0
0
0
0
0
0
0
0
0
0
0
0
0
0
0
0
0
0
0
0
0
0
0
0
0
0
0
0
0
0
0
0
0
0
0
0
0
0
0
0
0
0
0
0
0
0
0
0
0
0
0
0
0
0
0
0
0
0
0
0
0
0
0
0
0
0
0
0
0
0
0
0
0
0
0
0
0
0
0
0
0
0
0
0
0
0
0
0
0
0
0
0
0
0
0
0
0
0
0
0
0
0
0
0
0
0
0
0
0
0
0
0
0
0
0
0
0
0
0
0
0
0
0
0
0
0
0
0
0
0
0
0
0
0
0
0
0
0
0
0
0
0
0
0
0
0
0
0
0
0
0
0
0
0
0
0
0
0
0
0
0
0
0
0
0
0
0
0
0
0
0
0
0
0
0
0
0
0
0
0
0
0
0
0
0
0
0
0
0
0
0
0
0
0
0
0
0
0
0
0
0
0
0
0
0
0
0
0
0
0
0
0
0
0
0
0
0
0
0
0
0
0
0
0
0
0
0
0
0
0
0
0
0
0
0
0
0
0
0
0
0
0
0
0
0
0
0
0
0
0
0
0
0
0
0
0
0
0
0
0
0
0
0
0
0
0
0
0
0
0
0
0
0
0
0
0
0
0
0
0
0
0
0
0
0
0
0
0
0
0
0
0
0
0
0
0
0
0
0
0
0
0
0
0
0
0
0
0
0
0
0
0
0
0
0
0
0
0
0
0
0
0
0
0
0
0
0
0
0
0
0
0
0
0
0
0
0
0
0
0
0
0
0
0
0
0
0
0
0
0
0
0
0
0
0
0
0
0
0
0
0
0
0
0
0
0
0
0
0
0
0
0
0
0
0
0
0
0
0
0
0
0
0
0
0
0
0
0
0
0
0
0
0
0
0
0
0
0
0
0
0
0
0
0
0
0
0
0
0
0
0
0
0
0
0
0
0
0
0
0
0
0
0
0
0
0
0
0
0
0
0
0
0
0
0
0
0
0
0
0
0
0
0
0
0
0
0
0
0
0
0
0
0
0
0
0
0
0
0
0
0
0
0
0
0
0
0
0
0
0
0
0
0
0
0
0
0
0
0
0
0
0
0
0
0
0
0
0
0
0
0
0
0
0
0
0
0
0
0
0
0
0
0
0
0
0
0
0
0
0
0
0
0
0
0
0
0
0
0
0
0
0
0
0
0
0
0
0
0
0
0
0
0
0
0
0
0
1
0
0
0
0
0
0
0
0
0
0
0
0
0
0
0
0
0
0
0
0
0
0
0
0
0
0
0
0
0
0
0
0
0
0
0
0
0
0
0
0
0
0
0
0
0
0
0
0
0
0
0
0
0
0
0
0
0
0
0
0
0
0
0
0
0
0
0
0
0
0
0
0
0
0
0
0
0
0
0
0
0
0
0
0
0
0
0
0
0
0
0
0
0
0
0
0
0
0
0
0
0
0
0
0
0
0
0
0
0
0
0
0
0
0
0
0
0
0
0
0
0
0
0
0
0
0
0
0
0
0
0
0
0
0
0
0
0
0
0
0
0
0
0
0
0
0
0
0
0
0
0
0
0
0
0
0
0
0
0
0
0
0
0
0
0
0
0
0
0
0
0
0
0
0
1
0
0
0
0
0
0
0
0
0
0
0
0
0
0
0
0
0
0
0
0
0
0
0
0
0
0
0
0
0
0
0
0
0
0
0
0
0
0
0
0
0
0
0
0
0
0
0
0
0
0
0
0
0
0
0
0
0
0
0
0
0
0
0
0
0
0
0
0
0
0
0
0
0
0
0
0
0
1
0
0
0
0
0
0
0
0
0
0
0
0
0
0
0
0
0
0
0
0
0
0
0
0
0
0
0
0
0
0
0
0
0
0
0
0
0
0
0
0
0
0
0
0
0
0
0
0
0
0
0
0
0
0
0
0
0
0
0
0
0
0
0
0
0
0
0
0
0
0
0
0
0
0
0
0
0
0
0
0
0
0
0
0
0
0
0
0
0
0
0
0
0
0
0
0
0
0
0
0
0
0
0
0
0
0
0
0
0
0
0
0
0
0
0
0
0
0
0
0
0
0
0
0
0
0
0
0
0
0
0
0
0
0
0
0
0
1
1
0
0
0
0
0
0
0
0
0
0
0
0
0
0
0
0
0
0
0
0
0
0
0
0
0
0
0
0
0
0
0
0
0
0
0
0
0
0
0
0
0
0
0
0
0
0
0
0
0
0
0
0
0
0
0
0
0
0
0
0
0
0
0
0
1
0
0
0
0
0
0
0
0
0
0
0
0
0
0
0
0
0
0
0
0
0
0
0
0
0
0
0
0
0
0
0
0
0
0
0
0
0
0
0
0
0
0
0
0
0
0
0
0
0
0
0
0
0
0
0
0
0
0
0
0
0
0
0
0
0
0
0
0
0
0
0
0
0
0
0
0
0
0
0
0
0
0
0
0
0
0
0
0
0
0
0
0
0
0
0
0
0
0
0
0
0
0
0
0
0
0
0
0
0
0
0
  </DataArray>
  <DataArray type = "Float64" Name="AppartientEntree2" format="ascii">
0
0
1
1
0
0
0
0
0
0
0
0
0
0
0
0
0
0
0
0
0
0
0
0
0
0
0
0
0
0
0
0
0
0
0
0
0
0
0
0
1
0
0
0
0
0
0
0
0
0
0
0
0
0
0
0
0
0
0
0
0
0
0
0
0
0
0
0
0
0
0
0
0
0
0
0
0
0
0
0
0
0
0
0
0
0
0
0
0
0
0
1
0
0
0
0
0
0
0
0
0
0
0
0
0
0
0
0
0
0
0
0
0
0
0
0
0
0
0
0
0
0
0
0
0
0
0
0
0
0
0
0
0
0
0
0
0
0
0
0
0
0
0
0
0
0
0
0
0
0
0
0
1
0
0
0
0
0
0
0
0
0
0
0
0
0
0
0
0
0
0
0
0
0
0
0
0
0
0
0
0
0
0
0
0
0
0
0
0
0
0
0
0
0
0
0
0
0
0
0
0
0
0
0
0
0
0
0
0
0
0
0
0
0
0
0
0
0
0
0
1
0
0
0
0
0
0
0
0
0
0
0
0
0
0
0
0
0
0
0
0
0
0
0
0
0
0
0
0
0
0
0
0
0
0
0
0
0
0
0
0
0
0
0
0
0
0
0
0
0
0
0
0
0
0
0
0
0
0
0
0
0
0
0
0
0
0
0
0
0
0
0
0
0
0
0
0
0
0
0
0
0
0
0
0
0
0
0
0
0
0
0
0
0
0
0
0
0
0
0
0
0
0
0
0
0
0
0
0
0
0
0
0
0
0
0
0
0
0
0
0
0
0
0
0
0
0
0
0
0
0
0
0
0
0
0
0
0
0
0
0
0
0
0
0
0
0
0
0
0
0
0
0
0
0
0
0
0
0
0
0
0
0
0
0
0
0
0
0
0
0
0
0
0
0
0
0
0
0
0
0
0
0
0
0
0
0
0
0
0
0
0
0
0
0
0
0
0
0
0
0
0
0
0
0
0
0
0
0
0
0
0
0
0
0
0
0
0
0
0
0
0
0
0
0
0
0
0
0
0
0
0
0
0
0
0
0
0
0
0
0
0
0
0
0
0
0
0
0
0
0
0
0
0
0
0
0
0
0
0
0
0
0
0
0
0
0
0
0
0
0
0
0
0
0
0
0
0
0
0
0
0
0
0
0
0
0
0
0
0
0
0
0
0
0
0
0
0
0
0
0
0
0
0
0
0
0
0
0
0
0
0
0
0
0
0
0
0
0
0
0
0
0
0
0
0
0
0
0
0
0
0
0
0
0
0
0
0
0
0
0
0
0
0
0
0
0
0
0
0
0
0
0
0
0
0
0
0
0
0
0
0
0
0
0
0
0
0
0
0
0
0
0
0
0
0
0
0
0
0
0
0
0
0
0
0
0
0
0
0
0
0
0
0
0
0
0
0
0
0
0
0
0
0
0
0
0
0
0
0
0
0
0
0
0
0
0
0
0
0
0
0
0
0
0
0
0
0
0
0
0
0
0
0
0
0
0
0
0
0
0
0
0
0
0
0
0
0
0
0
0
0
0
0
0
0
0
0
0
0
0
0
0
0
0
0
0
0
0
0
0
0
0
0
0
0
0
0
0
0
0
0
0
0
0
0
0
0
0
0
0
0
0
0
0
0
0
0
0
0
0
0
0
0
0
0
0
0
0
0
0
0
0
0
0
0
0
0
0
0
0
0
0
0
0
0
0
0
0
0
0
0
0
0
0
0
0
0
0
0
0
0
0
0
0
0
0
0
0
0
0
0
0
0
0
0
0
0
0
0
0
0
0
0
0
0
0
0
0
0
0
0
0
0
0
0
0
0
0
0
0
0
0
0
0
0
0
0
0
0
0
0
0
0
0
0
0
0
0
0
0
0
0
0
0
0
0
0
0
0
0
0
0
0
0
0
0
0
0
0
0
0
0
0
0
0
0
0
0
0
0
0
0
0
0
0
0
0
0
0
0
0
0
0
0
0
0
0
0
0
0
0
0
0
0
0
0
0
0
0
0
0
0
0
0
0
0
0
0
0
0
0
0
0
0
0
0
0
0
0
0
0
0
0
0
0
0
0
0
0
0
0
0
0
0
0
0
0
0
0
0
0
0
0
0
0
0
0
0
0
0
0
0
0
0
0
0
0
0
0
0
0
0
0
0
0
0
0
0
0
0
0
0
0
0
0
0
0
0
0
0
0
0
0
0
0
0
0
0
0
0
0
0
0
0
0
0
1
0
0
0
0
0
0
0
0
0
0
0
0
0
0
0
0
0
0
0
0
0
0
0
0
0
0
0
0
0
0
0
0
0
0
0
0
0
0
0
0
0
0
0
0
0
0
0
0
0
0
0
0
0
0
0
0
0
0
0
0
0
0
0
0
0
0
0
0
0
0
0
0
0
0
0
0
0
0
0
0
0
0
0
0
0
0
0
0
0
0
0
0
0
0
0
0
0
0
0
0
0
0
0
0
0
0
0
0
0
0
0
0
0
0
0
0
0
0
0
0
0
0
0
0
0
0
0
0
0
0
0
0
0
0
0
0
0
0
0
0
0
0
0
0
0
0
0
0
0
0
0
0
0
0
0
0
0
0
0
0
0
0
0
0
0
0
0
0
0
0
0
0
0
0
0
0
0
0
0
0
0
0
0
0
0
0
0
0
0
0
0
0
0
0
0
0
0
0
0
0
0
0
0
0
0
0
0
0
0
0
0
0
0
0
0
0
0
0
0
0
0
0
0
0
0
0
0
0
0
0
0
0
0
0
0
0
0
0
0
0
0
0
0
0
0
0
0
0
0
0
0
0
0
0
0
0
0
0
0
0
0
0
0
0
0
0
0
0
0
0
0
0
0
0
0
0
0
0
0
0
0
0
0
0
0
0
0
0
0
0
0
0
0
0
0
0
0
0
0
0
0
0
0
0
0
0
0
0
0
0
0
0
0
0
0
0
0
0
0
0
0
0
0
0
0
0
0
0
0
0
0
0
0
0
0
0
0
0
0
0
0
0
0
0
0
0
0
0
0
0
0
0
0
0
0
0
0
0
0
0
0
0
0
0
0
0
0
0
0
0
0
0
0
0
0
0
0
0
1
0
0
0
0
0
0
0
0
0
0
0
0
0
0
0
0
0
0
0
0
0
0
0
0
0
0
0
0
0
0
1
0
0
0
0
0
0
0
0
0
0
0
0
0
0
0
0
0
0
0
0
0
0
0
0
0
0
0
0
0
0
0
0
0
0
0
0
0
0
0
0
0
0
0
1
0
0
0
0
0
0
0
0
0
0
0
0
0
0
0
0
0
0
0
0
0
0
0
0
0
0
0
0
0
0
0
0
0
0
0
0
0
0
0
0
0
0
0
0
0
0
0
0
0
0
0
0
0
0
0
0
0
0
0
0
0
0
0
0
0
0
0
0
0
0
0
0
0
0
0
0
0
0
1
0
0
0
0
0
0
0
0
0
0
0
0
0
0
0
0
0
0
0
0
0
0
0
0
0
0
0
0
0
0
0
0
0
0
0
0
0
0
0
0
0
0
0
0
0
0
0
0
0
0
0
0
0
0
0
0
0
0
0
0
0
0
0
0
0
0
0
0
0
0
0
0
0
0
0
0
0
0
0
0
0
0
0
0
0
0
0
0
0
0
0
0
0
0
0
0
0
0
0
0
0
0
0
0
0
0
0
0
0
0
0
0
0
0
0
0
0
0
0
0
0
0
0
0
0
0
0
0
0
0
0
0
0
0
0
0
0
0
0
0
0
0
0
0
0
0
0
0
0
0
0
0
0
0
0
0
0
0
0
0
0
0
0
0
0
0
0
0
0
0
0
0
0
0
0
0
0
0
0
0
0
0
0
0
0
0
0
0
0
0
0
0
0
0
0
0
0
0
0
0
0
0
0
0
0
0
0
0
0
0
0
0
0
0
0
0
0
0
0
0
0
0
0
0
0
0
0
0
0
0
0
0
0
0
0
0
0
0
0
0
0
0
0
0
0
0
0
0
0
0
0
0
0
0
0
0
0
0
0
0
0
0
0
0
0
0
0
0
0
0
0
0
0
0
0
0
0
0
0
0
0
0
0
0
0
0
0
0
0
0
0
0
0
0
0
0
0
0
0
0
0
0
0
0
0
0
0
0
0
0
0
0
0
0
0
0
0
0
0
0
0
0
0
0
0
0
0
0
0
0
0
0
0
0
0
0
0
0
0
0
0
0
0
0
0
0
0
0
0
0
0
0
0
0
0
0
0
0
0
0
0
0
0
0
0
0
0
0
0
0
0
0
0
0
0
0
0
0
0
0
0
0
0
0
0
0
0
0
0
0
0
0
0
0
0
0
0
0
0
0
0
0
0
0
0
0
0
0
0
0
0
0
0
0
0
0
0
0
0
0
0
0
0
0
0
0
0
0
0
0
0
0
0
0
0
0
0
0
0
0
0
0
0
0
0
0
0
0
0
0
0
0
0
0
0
0
0
0
0
0
0
0
0
0
0
0
0
0
0
0
0
0
0
0
0
0
0
0
0
0
0
0
0
0
0
0
0
0
0
0
1
0
0
0
0
0
0
0
0
0
0
0
0
0
0
0
0
0
0
0
0
0
0
0
0
0
0
0
0
0
0
0
0
0
0
0
0
0
0
0
0
0
0
0
0
0
0
0
0
0
0
0
0
0
0
0
0
0
0
0
0
0
0
0
0
0
0
0
0
0
0
0
0
0
0
0
0
0
0
0
0
0
0
0
0
0
0
0
0
0
0
0
0
0
0
0
0
0
0
0
0
0
0
0
0
0
0
0
0
0
0
0
0
0
0
0
0
0
0
0
0
0
0
0
0
0
0
0
0
0
0
0
0
0
0
0
0
0
0
0
0
0
0
0
0
0
0
0
0
0
0
0
0
0
0
0
0
0
0
0
0
0
0
0
0
0
0
0
0
0
0
0
0
0
0
0
0
0
0
0
0
0
0
0
0
0
0
0
0
0
0
0
0
0
0
0
0
0
0
1
0
0
0
0
0
0
0
0
0
0
0
0
0
0
0
0
0
0
0
0
0
0
0
0
0
0
0
0
0
0
0
0
0
0
0
0
0
0
0
0
0
0
0
0
0
0
0
0
0
0
0
0
0
0
0
0
0
0
0
0
0
0
0
0
0
0
0
0
0
0
0
0
0
0
0
0
0
0
0
0
0
0
0
0
0
0
0
0
0
0
0
0
0
0
0
0
0
0
0
0
0
0
0
0
0
0
0
0
0
0
0
0
0
0
0
0
0
0
0
0
0
0
0
0
0
0
0
0
0
0
0
0
0
0
0
0
0
0
0
0
0
0
0
0
0
0
0
0
0
0
0
0
0
0
0
0
0
0
0
0
0
0
0
0
0
0
0
0
0
0
0
0
0
0
0
0
0
0
0
0
0
0
0
0
0
0
0
0
0
0
0
1
0
0
0
0
0
0
0
0
0
0
0
0
0
0
0
0
0
0
0
0
0
0
0
0
0
0
0
0
0
0
0
0
0
0
0
0
0
0
0
0
0
0
0
0
0
0
0
0
0
0
0
0
0
0
0
0
0
0
0
0
0
0
0
0
0
0
0
0
0
0
0
0
0
0
0
0
0
0
0
0
0
0
0
0
0
0
0
0
0
0
0
0
0
0
0
0
0
0
0
0
0
0
0
0
0
0
0
0
0
0
0
0
0
0
0
0
0
0
0
0
0
0
0
0
0
0
0
0
0
0
0
0
0
0
0
0
0
0
0
0
0
0
0
0
0
0
1
0
0
0
0
0
0
0
0
0
0
0
0
0
0
0
0
0
0
0
0
0
0
0
0
0
0
0
0
0
0
0
0
0
0
0
0
0
0
0
0
0
0
0
0
0
0
0
0
0
0
0
0
0
0
0
0
0
0
0
0
0
0
0
0
0
0
0
0
0
0
0
0
0
0
0
0
0
0
0
0
0
1
0
0
0
0
0
0
0
0
0
0
0
0
0
0
0
0
0
0
0
0
0
0
0
0
0
0
0
0
0
0
0
0
0
0
0
0
0
0
0
0
0
0
0
0
0
0
0
0
0
0
0
0
0
0
0
0
0
0
0
0
0
0
0
0
0
0
0
0
0
0
0
0
0
0
0
0
0
0
0
0
0
0
0
0
0
0
0
0
0
0
0
0
0
0
0
0
0
0
0
0
0
0
0
0
0
0
0
0
0
0
0
0
0
0
0
0
0
0
0
0
0
0
0
0
0
0
0
0
0
0
0
0
0
0
0
0
0
0
0
0
0
0
0
0
0
0
0
0
0
0
0
0
0
0
0
0
0
0
0
0
0
0
0
0
0
0
0
0
0
0
0
0
0
0
0
0
0
0
0
0
0
0
0
0
0
0
0
0
0
0
0
0
0
0
0
0
0
0
0
0
0
0
0
0
0
0
0
0
0
0
0
0
0
0
0
0
0
0
0
0
0
0
0
0
0
0
0
0
0
0
0
0
0
0
0
0
0
0
0
0
0
0
0
0
0
0
0
0
0
0
0
0
0
0
0
0
0
0
0
0
0
0
0
0
0
1
0
0
0
0
0
0
0
0
0
0
0
0
0
0
0
0
0
0
0
0
0
0
0
0
0
0
0
0
0
0
0
0
0
0
0
0
0
0
0
0
0
0
0
0
0
0
0
0
0
0
0
0
0
0
0
0
0
0
0
0
0
0
0
0
0
0
0
0
0
0
0
0
0
0
0
0
0
0
0
0
0
0
0
0
0
0
0
0
0
0
0
0
0
0
0
0
0
0
0
0
0
0
0
0
0
0
0
0
0
0
0
0
0
0
0
0
0
0
0
0
0
0
0
0
0
0
0
0
0
0
0
0
0
0
0
0
0
0
0
0
0
0
0
1
0
0
0
0
0
0
1
0
0
0
0
0
0
0
0
0
0
0
0
0
0
0
0
0
0
0
0
0
0
0
0
0
0
0
0
0
0
0
0
0
0
0
0
0
0
0
0
0
1
0
0
0
0
0
0
0
0
0
0
0
0
0
0
0
0
0
0
0
0
0
0
0
0
0
0
0
0
0
0
0
1
0
0
0
0
0
0
0
0
0
0
0
0
0
0
0
0
0
0
0
0
0
0
0
0
0
0
0
0
0
0
0
0
0
0
0
0
0
0
0
0
0
0
0
0
0
0
0
0
0
0
0
0
0
0
0
0
0
0
0
0
0
0
0
0
0
0
0
0
0
0
0
0
0
0
0
0
0
0
0
0
0
0
0
0
0
0
0
0
0
0
0
0
0
0
0
0
0
0
0
0
0
0
0
0
0
0
0
0
0
0
0
0
0
0
0
0
0
0
0
0
0
0
0
0
0
0
0
0
0
0
0
0
0
0
0
0
0
0
0
0
0
0
0
0
0
0
0
0
0
0
0
0
0
0
0
0
0
0
0
0
0
0
0
0
0
0
0
0
0
0
0
0
0
0
0
0
0
0
0
0
0
0
0
0
0
0
0
0
0
0
0
0
0
0
0
0
0
0
0
0
0
0
0
0
0
0
0
0
0
0
0
0
0
0
0
0
0
0
0
0
0
0
0
0
0
0
0
0
0
0
0
0
0
0
0
0
0
0
0
0
0
0
0
0
0
0
0
0
0
0
0
0
0
0
0
0
0
0
0
0
0
0
0
0
0
0
0
0
0
0
0
0
0
0
0
0
0
0
0
0
0
0
0
0
0
0
0
0
0
0
0
0
0
0
0
0
0
0
0
0
0
0
0
0
0
0
0
0
0
0
0
0
0
0
0
0
0
0
0
0
0
0
0
0
0
0
0
0
0
0
0
0
0
0
0
0
0
0
0
0
0
0
0
0
0
0
0
0
0
0
0
0
0
0
0
0
0
0
0
0
0
0
0
0
0
0
0
0
0
0
0
0
0
0
0
0
0
0
0
0
0
0
0
0
0
0
0
0
0
0
0
0
0
0
0
0
0
0
0
0
0
0
0
0
0
0
0
0
0
0
0
0
0
0
0
0
0
0
0
0
0
0
0
0
0
0
0
0
0
0
0
0
0
0
0
0
0
0
0
0
0
0
0
0
0
0
0
0
0
0
0
0
0
0
0
0
0
0
0
0
0
0
0
0
0
0
0
0
0
0
0
0
0
0
0
0
0
0
0
0
0
0
0
0
0
0
0
0
0
0
0
0
0
0
0
0
0
0
0
0
0
0
0
0
0
0
0
0
0
0
0
0
0
0
0
0
0
0
0
0
0
0
0
0
0
0
0
0
0
0
0
0
0
0
0
0
0
0
0
0
0
0
0
0
0
0
0
0
0
0
0
0
0
0
0
0
0
0
0
0
0
0
0
0
0
0
0
0
0
0
0
0
0
0
0
0
0
0
0
0
0
0
0
0
0
0
0
0
0
0
0
0
0
0
0
0
0
0
0
0
0
0
0
0
0
0
0
0
0
0
0
0
0
0
0
0
0
0
0
0
0
0
0
0
0
0
0
0
0
0
0
0
0
0
0
0
0
0
0
0
0
0
0
0
0
0
0
0
0
0
0
0
0
0
0
0
0
0
0
0
0
0
0
0
0
0
0
0
0
0
0
0
0
0
0
0
0
0
0
0
0
0
0
0
0
0
0
0
0
0
0
0
0
0
0
0
0
0
0
0
0
0
0
0
0
0
0
0
0
0
0
0
0
0
0
0
0
0
0
0
0
0
0
0
0
0
0
0
0
0
0
0
0
0
0
0
0
0
0
1
0
0
0
0
0
0
0
0
0
1
0
0
0
0
0
0
0
0
0
0
0
0
0
0
0
0
0
0
0
0
0
0
0
0
0
0
0
0
0
0
0
0
0
0
0
0
0
0
0
0
0
0
0
0
0
0
0
0
0
0
0
0
0
0
0
0
0
0
0
0
0
0
0
0
0
0
0
0
0
0
0
0
0
0
0
0
0
0
0
0
0
0
0
0
0
0
0
0
0
0
0
0
0
0
0
0
0
0
0
0
0
0
0
0
0
0
0
0
0
0
0
0
0
0
0
0
0
0
0
0
0
0
0
0
0
0
0
0
0
0
0
0
0
0
0
0
0
0
0
0
0
0
0
0
0
0
0
0
0
0
1
0
0
0
0
0
0
0
0
0
0
0
0
0
0
0
0
0
0
0
0
0
0
0
0
0
0
0
0
0
0
0
0
0
0
0
0
0
0
0
0
0
0
0
0
0
0
0
0
0
0
0
0
0
0
0
0
0
0
0
0
0
0
0
0
0
0
0
0
0
0
0
0
0
0
0
0
0
0
0
0
0
0
0
0
0
0
0
0
0
0
0
0
0
0
0
0
0
0
0
0
0
0
0
0
0
0
0
0
0
0
0
0
0
0
0
0
0
0
0
0
0
0
0
0
0
0
0
0
0
0
0
0
0
0
0
0
0
0
0
0
0
0
0
0
0
0
0
0
0
0
0
0
0
0
0
0
0
0
0
0
0
0
0
0
0
0
0
0
0
0
0
0
0
0
0
0
0
0
0
0
0
0
0
0
0
0
0
0
0
0
0
0
0
0
0
0
0
0
0
0
0
0
0
0
0
0
0
0
0
0
0
0
0
0
0
0
0
0
0
0
0
0
0
0
0
0
0
0
0
0
0
0
0
0
0
0
0
0
0
0
0
0
0
0
0
0
0
0
0
0
0
0
0
0
0
0
0
0
0
0
0
0
0
0
0
0
0
0
0
0
0
0
0
0
0
0
0
0
0
0
0
0
0
0
0
0
0
0
0
0
0
0
0
0
0
0
0
0
0
0
0
0
0
0
0
0
0
0
0
0
0
0
0
0
0
0
0
0
0
0
0
0
0
0
0
0
0
0
0
0
0
0
0
0
0
0
0
0
0
0
0
0
0
0
0
0
0
0
0
0
0
0
0
0
0
0
0
0
0
0
0
0
0
0
0
0
0
0
0
0
0
0
0
0
0
0
0
0
0
0
0
0
0
0
0
0
0
0
0
0
0
0
0
0
0
0
0
0
0
0
0
0
0
0
0
0
0
0
0
0
0
0
0
0
0
0
0
0
0
0
0
0
0
0
0
0
0
0
0
0
0
0
0
0
0
0
0
0
0
0
0
0
0
0
0
0
0
1
0
0
0
0
0
0
0
0
0
0
0
0
0
0
0
0
0
0
0
0
0
0
0
0
0
0
0
0
0
0
0
0
0
0
0
0
0
0
0
0
0
0
0
0
0
0
0
0
0
0
0
0
0
0
0
0
0
0
0
0
0
0
0
0
0
0
0
0
0
0
0
0
0
0
0
0
0
0
0
0
0
0
0
0
0
0
0
0
0
0
0
0
0
0
0
0
0
0
0
0
0
0
0
0
0
0
0
0
0
0
0
0
0
0
0
0
0
0
0
0
0
0
0
0
0
0
0
0
0
0
0
0
0
0
0
0
0
0
0
0
0
0
0
0
0
0
0
0
1
0
0
0
0
0
0
0
0
0
0
0
0
0
0
0
0
0
0
0
0
0
0
0
0
0
0
0
0
0
0
0
0
0
0
0
0
0
0
0
0
0
0
1
0
0
0
0
0
0
0
0
0
0
0
0
0
0
0
0
0
0
0
0
0
0
0
0
0
0
0
0
0
0
0
0
0
0
0
0
0
0
0
0
0
0
0
0
0
0
0
0
0
0
0
0
0
0
0
0
0
0
0
0
0
0
0
0
0
0
0
0
0
0
0
0
0
0
0
0
0
0
0
0
0
0
0
0
0
0
0
0
0
0
0
0
0
0
0
0
0
0
0
0
0
0
0
0
0
0
0
0
0
0
0
0
0
0
0
0
0
0
0
0
0
0
0
0
0
0
0
0
0
0
0
0
0
0
0
0
0
0
0
0
0
0
0
0
0
0
0
0
0
0
0
0
0
0
0
0
0
0
0
0
0
0
0
0
0
0
0
0
0
0
0
0
0
0
0
0
0
0
0
0
0
0
0
0
0
0
0
0
0
0
0
0
0
0
0
0
0
0
0
0
0
0
0
0
0
0
0
0
0
0
0
0
  </DataArray>
  <DataArray type = "Float64" Name="AppartientEntree3" format="ascii">
0
1
1
0
0
0
1
0
0
0
1
1
0
1
0
1
0
0
1
0
0
0
0
0
1
1
0
0
0
0
0
0
1
1
1
0
0
0
1
1
0
1
1
0
0
0
0
1
0
0
0
0
1
0
0
1
0
0
0
1
1
0
0
0
1
0
0
0
0
0
0
1
0
0
0
0
1
0
0
0
0
0
0
0
0
0
0
0
0
0
0
0
0
0
0
0
0
1
0
0
0
0
0
0
0
1
0
0
0
0
0
0
0
0
0
0
0
0
0
0
1
0
0
0
0
0
0
0
0
0
0
0
0
0
0
0
0
0
0
0
0
0
0
0
0
0
0
0
0
0
0
0
0
0
0
0
0
1
0
0
0
0
0
0
0
1
0
0
0
0
0
0
0
0
0
0
0
0
0
0
0
0
0
0
0
0
0
0
0
0
0
0
0
0
0
0
0
0
0
0
0
0
0
0
0
0
0
0
1
0
0
0
0
0
0
0
0
0
0
0
0
0
0
0
0
0
0
0
0
0
0
0
0
0
0
0
0
0
0
0
0
0
0
0
0
0
0
0
0
0
0
0
0
0
0
0
0
0
0
0
0
0
0
0
0
0
0
0
0
0
0
0
0
1
1
0
0
0
0
0
0
0
0
0
0
0
0
0
0
0
0
0
0
0
0
0
0
0
0
0
0
0
0
0
0
0
0
0
0
0
0
0
0
0
0
0
0
0
0
0
0
0
0
0
0
0
0
0
0
0
0
0
1
0
0
0
0
0
0
0
0
0
0
0
0
0
0
0
0
0
0
0
0
0
0
0
0
0
0
0
0
0
0
0
0
0
0
0
0
0
0
0
0
0
0
0
0
0
0
0
0
0
0
0
0
0
0
0
0
0
0
0
0
0
0
0
0
0
0
0
0
0
0
0
0
0
0
0
0
0
0
0
0
0
0
0
0
0
0
0
0
0
0
0
0
0
0
0
0
0
0
0
0
0
0
0
0
0
0
0
0
0
0
0
0
0
0
0
0
0
0
0
0
0
0
0
0
0
0
0
0
0
0
0
0
0
0
0
0
0
0
0
0
0
0
0
0
0
0
0
0
0
0
0
0
0
0
0
0
0
0
0
0
0
0
0
0
0
0
0
0
0
0
0
0
0
0
0
0
0
0
0
0
0
0
0
0
0
0
0
0
0
0
0
0
0
0
0
0
0
0
0
0
0
0
0
0
0
0
0
0
0
0
0
0
0
0
0
0
0
0
0
0
0
0
0
0
0
0
0
0
0
0
0
0
0
0
0
0
0
0
0
0
0
0
0
0
0
0
0
0
0
0
0
0
0
0
0
0
0
0
0
0
0
0
0
0
0
0
0
0
0
0
0
0
0
0
0
0
0
0
0
0
0
0
0
0
0
0
0
0
0
0
0
0
0
0
0
0
0
0
0
0
0
0
0
0
0
0
0
0
0
0
0
0
0
0
0
0
0
0
0
0
0
0
0
0
1
0
0
0
0
0
0
0
0
0
0
0
0
0
0
0
0
0
0
0
0
0
0
0
0
0
0
0
0
0
0
0
0
0
0
0
0
0
0
0
0
0
0
0
0
0
0
0
0
1
0
0
0
0
0
0
0
0
0
0
0
0
0
0
0
0
0
0
0
0
0
0
0
0
0
0
0
0
0
0
0
0
0
0
0
0
0
0
0
0
0
0
0
0
0
0
0
0
0
0
0
0
0
0
0
0
0
0
0
0
0
0
0
0
0
0
0
0
0
0
0
0
1
0
0
0
0
0
0
0
0
0
0
0
0
0
0
0
0
0
0
0
0
0
0
0
0
0
0
0
0
0
0
0
0
0
0
0
0
0
0
0
0
0
0
0
0
0
0
0
0
0
0
0
0
0
0
0
0
0
0
0
0
0
0
0
0
0
0
0
0
0
0
0
0
0
0
0
0
0
0
0
0
0
0
0
0
0
0
0
0
0
0
0
0
0
0
0
1
0
0
0
0
0
0
0
0
1
0
0
0
0
0
0
0
0
0
0
0
1
0
0
0
0
0
0
0
0
0
0
0
0
0
0
0
0
0
0
0
0
0
0
0
0
0
0
0
0
0
0
0
0
0
0
0
0
0
0
0
0
0
0
0
0
0
0
0
0
0
1
0
0
0
0
0
0
0
1
0
0
0
0
0
0
0
0
0
0
0
0
0
0
0
0
0
0
0
0
0
0
0
0
0
0
0
0
0
0
0
0
0
0
0
0
0
0
0
0
0
0
0
0
0
0
0
0
0
0
0
0
0
0
0
0
0
0
0
0
0
0
0
0
0
0
0
0
0
0
0
0
0
0
0
0
0
0
0
0
0
0
1
1
0
0
0
0
0
0
0
0
0
0
0
0
0
0
0
0
0
0
0
0
0
0
0
0
0
0
0
0
0
0
0
0
0
0
0
0
0
0
0
0
0
0
0
0
0
0
0
0
0
0
0
0
0
0
0
0
0
0
0
0
0
1
0
0
0
0
0
0
0
0
0
0
0
0
0
0
0
0
0
0
0
0
0
0
0
0
0
0
0
0
0
0
0
0
0
0
0
0
0
0
0
0
0
0
0
0
0
0
0
0
0
0
0
0
0
1
0
0
0
0
0
0
0
0
0
0
0
0
0
0
0
0
0
0
0
0
0
0
0
0
0
0
0
0
0
0
0
0
0
0
0
0
0
0
0
0
0
0
0
0
0
0
0
0
0
0
0
0
0
0
0
0
0
0
0
0
0
0
0
0
0
0
0
0
0
0
0
0
0
0
1
0
0
0
0
0
0
0
0
0
0
0
0
0
0
0
0
0
1
0
0
0
0
0
0
0
0
0
0
0
0
0
0
0
0
0
0
0
0
0
0
0
0
0
1
0
0
0
0
0
0
0
0
0
0
0
0
0
0
0
0
0
0
0
0
0
0
0
0
0
0
0
0
0
1
0
0
0
0
0
0
0
0
0
0
0
0
0
0
0
0
0
0
0
0
0
0
0
0
0
0
0
0
0
0
0
0
0
0
0
0
0
0
0
0
0
0
0
0
0
0
0
0
0
0
0
0
0
0
0
0
0
0
0
0
0
0
0
0
0
0
0
0
0
0
0
0
0
0
0
0
0
0
0
0
0
0
0
0
0
0
0
0
0
0
0
0
0
0
1
0
0
0
1
0
0
0
0
0
0
0
0
0
0
0
0
0
0
0
0
0
0
0
0
0
0
0
0
0
0
0
0
0
0
0
0
0
0
0
0
0
0
0
1
0
0
0
0
0
0
0
0
0
0
0
0
0
0
0
0
0
0
1
0
0
0
0
0
0
0
0
0
0
0
0
0
0
0
0
0
0
0
0
0
0
0
0
0
0
1
0
0
0
0
0
0
0
0
0
0
0
0
0
0
0
0
0
0
0
0
0
0
0
0
0
0
0
0
0
0
0
0
0
0
0
0
0
0
0
0
0
0
0
0
0
0
0
0
0
0
0
0
0
0
0
0
0
0
0
0
0
0
0
0
0
0
0
0
0
0
0
0
0
0
0
0
0
0
0
0
0
0
0
0
0
0
0
0
0
0
0
0
0
0
0
0
0
0
0
0
0
0
0
0
0
0
0
0
0
0
0
0
0
0
0
0
0
0
0
0
0
0
0
0
0
0
1
0
0
0
0
0
0
0
0
0
0
0
0
0
0
0
0
0
0
0
0
0
0
0
0
0
0
0
0
0
0
0
0
0
0
0
0
0
0
0
0
0
0
0
0
0
0
0
0
0
0
0
0
0
0
0
0
0
0
0
0
0
0
0
0
0
0
0
0
0
0
0
0
0
0
0
0
0
0
0
0
0
0
0
0
0
0
0
0
0
0
0
0
0
0
0
0
0
0
0
0
0
0
0
0
0
0
0
0
0
0
0
0
0
0
1
0
0
0
0
0
0
0
0
0
0
0
0
0
0
0
0
0
0
0
0
0
0
0
0
0
1
1
0
0
0
0
0
0
0
0
0
0
0
1
0
0
0
0
0
0
0
0
0
0
0
0
0
0
0
0
0
0
0
0
0
0
0
0
0
0
0
0
0
0
0
0
0
0
0
0
0
0
0
0
0
0
0
0
0
0
0
0
0
0
0
0
0
0
0
0
0
0
1
0
0
0
0
0
0
0
0
0
0
0
0
0
0
0
0
0
0
0
0
0
0
0
0
0
0
0
0
0
0
0
0
0
0
0
0
0
0
0
0
0
0
0
0
0
0
0
0
0
0
0
0
0
1
0
0
0
0
0
0
0
0
0
0
0
0
0
0
0
0
0
0
0
0
0
1
0
0
0
0
0
0
0
0
0
0
1
0
0
0
0
0
0
0
0
0
0
0
0
0
0
0
0
0
0
0
0
0
0
0
0
0
0
0
0
0
0
0
0
0
0
0
0
0
0
1
0
0
0
0
0
0
0
0
0
0
0
0
0
0
0
0
0
0
0
0
0
0
0
0
0
0
0
0
0
0
0
0
0
0
0
0
0
1
0
0
0
0
0
0
0
0
0
0
0
0
0
0
0
0
0
0
0
0
0
0
0
0
0
0
0
0
1
0
0
0
0
0
0
0
0
0
0
0
0
0
0
0
0
0
0
0
0
0
0
0
0
0
0
0
0
0
0
0
0
0
0
0
0
0
0
0
0
0
0
0
0
0
0
0
0
0
0
0
0
0
0
0
0
0
0
0
0
0
0
0
0
0
0
0
0
0
0
0
0
0
0
0
0
0
0
0
0
0
0
0
0
0
0
0
0
0
0
0
0
0
1
0
0
0
0
0
0
0
0
0
0
0
0
0
0
0
0
0
0
0
0
0
0
0
0
0
1
0
0
0
0
0
0
0
0
0
0
0
0
0
0
0
0
0
0
0
0
0
0
0
0
0
0
0
0
0
0
0
0
0
0
0
0
0
0
0
0
0
0
0
0
0
0
0
0
0
0
0
0
0
0
0
0
0
0
0
0
0
0
0
0
0
0
0
0
0
0
0
0
0
0
0
0
0
0
0
0
0
0
0
0
0
0
0
0
0
0
0
0
0
0
0
0
0
0
0
0
0
0
0
0
0
0
0
0
0
0
0
0
0
0
0
0
0
0
0
0
0
0
0
0
0
0
0
0
0
0
0
0
0
0
0
0
0
0
0
0
0
0
0
0
0
0
0
0
0
0
0
0
0
0
0
0
0
0
0
0
0
0
0
0
0
0
0
0
0
0
0
0
0
0
0
0
0
0
0
0
0
0
0
0
0
0
0
0
0
0
0
0
0
0
0
0
0
0
0
0
0
0
0
0
0
0
0
0
1
1
0
0
0
0
0
0
0
0
0
0
0
0
0
0
0
0
0
0
0
0
0
0
0
0
0
0
0
0
0
0
0
0
0
0
0
0
0
0
0
0
0
0
0
0
0
0
0
0
0
0
0
0
0
0
0
0
0
0
0
0
0
0
0
0
0
1
0
0
0
0
0
0
0
0
0
0
0
0
0
0
0
0
0
0
0
0
0
0
0
1
0
0
0
0
0
0
0
0
0
0
0
0
0
0
0
0
0
0
0
0
0
0
0
0
0
0
0
0
0
0
0
0
0
0
0
0
0
0
0
0
0
0
0
0
0
0
0
0
0
0
0
0
0
0
0
0
0
0
0
0
0
0
0
0
0
0
0
0
0
1
0
1
0
0
0
0
0
0
0
0
0
0
0
0
0
0
0
0
0
0
0
0
0
1
0
0
0
0
0
0
0
0
0
0
0
1
0
0
0
0
0
0
0
0
0
0
0
0
0
0
0
0
0
1
0
0
0
0
0
0
0
0
0
0
0
0
0
0
0
0
0
0
0
0
0
0
0
0
0
0
0
0
0
0
0
0
0
0
0
0
0
0
0
0
0
0
0
0
0
0
0
0
0
0
0
0
0
0
0
0
0
0
0
0
0
0
0
0
0
0
1
0
0
0
0
0
0
0
0
0
0
0
0
0
0
0
0
0
0
0
0
0
0
0
0
0
0
0
0
0
1
0
0
0
0
0
0
1
0
0
0
0
0
0
0
0
0
0
0
0
0
0
0
0
0
0
0
0
0
0
0
0
0
0
0
0
0
0
0
0
0
0
0
0
0
0
0
0
0
0
0
0
0
0
0
0
0
0
0
0
0
0
0
0
0
0
0
0
0
0
0
0
0
0
0
0
0
0
0
0
0
1
0
0
0
1
1
0
0
0
0
0
0
0
0
0
0
0
0
0
0
0
0
0
0
0
0
0
1
0
0
0
0
0
0
0
0
0
0
0
0
0
0
0
0
0
0
0
0
0
0
0
0
0
0
0
0
0
0
0
0
0
0
0
0
0
0
0
1
0
0
0
0
0
0
0
0
0
0
0
0
0
0
0
0
0
0
0
0
1
0
0
0
0
0
0
0
0
0
0
0
0
0
0
0
0
0
0
0
0
0
0
0
0
0
0
1
0
0
0
0
0
0
0
0
0
0
0
0
1
0
0
0
0
0
0
0
0
0
0
0
0
0
0
0
0
0
0
1
1
0
0
0
0
0
0
1
0
0
0
0
0
0
0
0
0
0
0
0
0
0
0
0
0
0
0
0
0
0
0
0
0
0
0
0
0
0
0
0
0
0
0
0
0
0
0
0
0
1
0
0
0
0
0
0
0
0
1
0
0
1
0
0
0
0
0
1
0
0
0
0
0
0
0
1
1
0
0
0
0
0
0
0
0
1
0
0
0
0
0
0
0
1
0
0
0
0
0
0
0
0
0
0
0
0
0
0
0
0
0
0
0
1
0
0
0
1
0
0
0
0
0
0
0
0
0
0
0
0
0
0
0
0
0
0
0
0
0
0
0
0
0
0
0
1
0
0
0
0
1
0
0
0
0
0
0
0
0
0
0
0
0
0
0
0
0
0
0
0
0
0
0
0
0
0
1
0
0
0
0
0
0
0
0
0
0
0
0
0
0
0
0
0
0
0
0
0
0
0
0
0
0
0
0
0
0
0
0
0
0
0
0
0
0
0
0
0
0
0
0
0
0
0
0
0
0
0
0
0
0
0
0
0
0
0
0
0
0
0
0
0
0
0
0
0
1
0
1
0
0
0
0
0
0
0
0
0
0
0
0
0
0
0
0
0
0
0
0
0
0
0
0
0
0
0
0
0
0
0
0
0
0
0
0
0
0
0
0
0
1
0
0
0
0
0
0
0
0
0
0
0
0
0
0
0
0
0
0
0
0
0
0
0
0
0
0
0
0
0
0
0
0
0
0
0
0
0
0
0
0
0
0
0
0
1
0
0
0
0
0
0
0
0
0
0
0
0
0
0
0
0
0
0
0
0
0
0
0
0
0
0
0
0
0
0
0
0
0
0
0
0
0
0
0
0
0
0
0
0
0
1
0
0
0
0
0
0
0
0
0
0
0
0
0
0
0
0
0
0
0
0
0
0
0
0
0
0
0
0
0
0
0
0
0
0
0
0
0
0
0
0
0
0
0
0
0
0
0
0
0
0
0
0
0
0
0
0
0
0
0
0
0
0
0
0
0
0
0
0
0
0
0
0
0
0
0
0
0
0
0
0
0
0
0
0
0
0
0
0
0
0
0
0
0
0
0
0
0
0
0
0
0
0
0
0
0
0
0
0
0
0
0
0
0
0
0
0
0
0
0
0
0
0
0
0
0
0
0
0
0
0
0
1
0
0
0
0
0
0
0
0
0
0
0
0
0
0
0
0
0
0
1
0
0
0
0
0
0
0
0
0
0
0
0
0
0
0
0
0
0
0
0
0
0
0
0
0
0
0
0
0
0
0
0
0
0
0
0
0
0
0
0
0
0
0
0
0
0
0
0
0
0
0
0
0
0
0
0
0
0
0
0
0
0
0
0
0
0
0
0
0
0
0
0
0
0
0
0
0
0
0
0
0
0
0
0
0
0
0
0
0
0
0
0
0
0
0
0
0
0
0
0
0
0
0
0
0
1
0
0
0
0
0
0
0
0
0
0
0
0
0
0
0
0
0
0
0
0
0
0
0
0
0
0
0
0
0
0
0
0
0
0
0
0
0
0
0
0
0
0
0
0
0
0
0
0
0
0
0
0
0
0
0
0
0
0
0
0
0
0
0
0
0
0
0
0
0
0
1
0
1
0
0
0
0
0
0
0
0
0
0
0
0
0
0
0
0
0
0
1
0
0
0
0
0
0
0
0
0
0
0
0
0
0
0
0
0
0
0
0
0
0
0
0
0
0
0
0
0
0
0
0
0
0
0
0
0
0
0
0
0
0
0
0
0
0
0
0
0
0
0
0
0
0
0
0
0
0
0
0
0
0
0
0
0
0
0
0
0
0
0
0
0
0
0
0
0
0
0
0
0
0
0
0
0
0
0
1
0
0
0
0
0
0
0
0
0
0
0
0
0
0
0
0
0
0
0
0
0
0
0
0
0
0
0
0
0
0
0
0
0
0
0
0
0
0
0
0
0
0
0
0
0
0
0
0
0
0
0
0
0
0
0
0
0
0
0
0
0
0
0
0
0
0
0
0
0
0
0
0
0
0
0
0
0
0
0
1
0
0
0
0
0
0
0
0
0
0
0
0
0
0
0
0
0
0
0
0
0
0
0
0
0
0
0
0
0
0
0
0
0
0
0
0
0
0
0
0
0
0
0
0
0
0
0
1
0
0
0
0
0
0
0
0
0
0
0
0
0
0
0
0
0
0
0
0
0
0
0
0
0
0
0
0
0
0
0
0
0
0
0
0
0
0
0
0
0
1
0
0
0
0
0
0
0
0
0
1
0
0
0
0
0
0
0
0
0
0
1
0
0
0
0
0
0
0
0
0
0
0
0
0
0
0
0
0
0
0
0
0
0
0
0
0
0
0
0
0
0
1
0
0
0
0
0
0
0
0
0
0
0
0
0
0
0
0
0
0
0
0
0
1
0
0
0
0
0
0
0
0
0
0
0
0
0
0
0
0
0
0
0
0
1
0
0
0
0
0
0
0
0
0
1
0
0
0
0
0
0
0
0
0
0
0
0
0
0
0
0
0
0
0
0
0
0
0
0
0
0
0
0
0
0
0
0
0
0
0
0
0
0
0
0
0
0
0
0
0
0
0
0
0
0
0
0
0
0
0
0
0
0
0
0
0
0
0
0
0
0
0
0
0
0
0
0
0
0
0
0
0
0
0
0
0
0
0
0
0
0
0
0
0
0
0
0
0
0
0
0
0
0
0
0
0
0
0
0
0
0
0
0
0
0
0
0
0
0
0
0
0
0
0
0
0
0
1
0
0
0
0
0
0
0
0
0
0
0
0
0
0
0
0
0
0
0
0
0
0
0
0
0
0
0
1
0
0
0
0
0
0
0
0
0
1
0
0
0
0
0
0
0
0
0
0
0
0
0
0
0
0
0
0
0
0
0
0
0
0
0
0
0
0
0
0
0
0
0
0
0
0
0
0
0
0
0
0
0
0
0
0
0
0
0
0
0
0
0
0
0
0
0
0
0
0
0
0
0
0
0
0
0
0
1
0
0
0
0
0
0
0
0
0
0
0
0
1
0
0
0
1
0
0
0
0
0
0
0
0
0
0
0
0
0
0
0
0
0
0
0
0
1
0
0
0
0
0
0
0
0
0
0
0
0
0
0
1
0
0
0
0
0
0
1
0
0
0
0
0
0
0
0
0
0
0
0
0
0
0
0
0
0
0
0
0
0
0
0
0
0
0
0
0
0
0
0
0
0
0
0
0
0
0
0
0
0
0
0
0
0
0
0
0
0
0
0
0
0
0
0
0
0
0
0
0
0
0
0
0
0
0
0
0
0
0
0
0
0
0
1
0
0
0
0
0
0
0
0
0
0
0
1
0
0
0
0
0
0
1
0
0
0
0
0
0
0
0
0
0
0
0
0
0
1
0
1
0
0
0
0
0
0
0
0
0
0
0
0
0
1
0
0
1
0
0
0
0
0
0
0
0
0
0
0
0
0
0
1
0
0
0
0
0
0
0
0
0
0
0
0
0
0
0
0
0
0
0
0
0
1
0
0
0
0
1
0
1
0
0
0
1
0
1
0
0
0
0
0
0
0
0
0
0
0
0
0
0
0
1
0
0
0
1
0
0
0
0
1
1
0
0
0
0
0
0
0
0
0
0
0
0
0
0
0
0
0
0
0
0
0
0
0
0
0
1
0
0
0
0
0
0
0
0
0
0
0
0
0
0
0
0
0
0
0
0
0
0
0
0
0
0
0
0
0
0
0
0
0
0
0
0
0
0
0
1
0
0
0
0
0
0
0
0
0
0
0
0
0
0
0
0
0
0
0
0
0
0
0
0
0
0
0
0
1
0
0
0
0
0
1
1
0
0
0
0
0
0
0
0
0
0
0
0
0
0
0
1
0
0
0
0
1
1
0
0
0
0
0
0
0
0
0
0
0
0
0
0
0
0
0
0
0
0
0
0
0
0
0
0
0
0
0
0
0
0
0
0
0
0
0
0
0
0
1
0
0
0
0
0
0
0
0
0
0
0
0
0
0
0
0
0
0
0
0
0
0
0
0
0
0
0
0
0
1
0
0
0
0
0
0
0
0
0
0
0
0
0
0
0
0
0
0
0
0
0
0
0
0
0
0
0
0
0
0
0
0
0
0
1
0
0
0
0
1
0
0
0
0
1
1
0
0
0
1
0
0
0
1
0
0
0
0
0
0
0
0
0
0
0
1
0
0
0
0
0
0
0
1
1
0
0
0
0
0
0
0
0
0
1
0
0
0
1
1
1
0
0
0
0
0
1
0
0
0
0
0
0
0
1
1
0
0
0
0
1
0
0
0
0
0
1
0
0
0
0
1
0
0
0
0
0
0
0
0
0
0
0
0
0
0
0
0
0
1
0
0
0
1
0
0
0
0
0
0
0
1
0
1
0
0
0
0
0
0
0
0
0
0
0
0
0
0
0
0
0
0
0
0
0
0
0
0
0
0
0
1
0
0
1
1
0
1
0
0
0
  </DataArray>
  <DataArray type = "Float64" Name="AppartientEntree4" format="ascii">
1
0
0
1
0
0
0
1
0
0
0
0
0
0
0
0
1
0
0
0
1
0
1
0
0
0
1
1
0
0
0
1
0
0
0
1
0
1
0
0
0
0
0
0
0
0
0
0
1
1
0
0
0
0
0
0
0
0
0
0
0
1
0
0
0
0
1
0
0
1
0
0
0
0
1
1
0
0
0
1
1
0
0
1
0
1
0
1
0
1
0
0
1
0
1
1
0
0
0
0
0
0
0
0
0
0
0
1
0
1
1
0
0
0
0
1
0
0
0
1
0
0
0
1
0
0
0
0
1
0
0
1
0
1
0
0
1
1
0
1
1
1
1
0
0
0
0
0
0
1
0
0
0
1
0
1
0
0
0
0
1
0
1
1
1
0
0
0
0
0
0
0
1
1
1
0
0
1
1
0
0
0
0
0
0
0
0
1
1
0
0
1
0
0
0
0
0
0
0
0
0
1
1
1
0
0
0
1
0
0
1
0
0
1
0
1
0
1
0
0
0
1
1
0
0
0
1
0
0
0
0
0
1
0
0
0
1
0
0
0
0
0
0
0
0
0
0
0
0
0
1
1
0
1
0
0
0
0
0
1
1
0
1
1
0
1
1
0
1
0
1
1
0
0
0
1
0
0
0
0
0
0
0
0
0
0
0
0
0
0
0
0
0
0
0
0
0
0
0
0
0
0
0
0
0
0
0
0
0
0
0
0
0
0
0
0
0
0
0
0
0
0
0
0
0
0
0
0
0
0
0
0
0
0
0
0
0
0
0
0
0
0
0
0
0
0
0
0
0
0
0
0
0
0
0
0
0
0
0
0
0
0
0
0
0
0
0
0
0
0
0
0
0
0
0
0
0
0
0
0
0
0
0
0
0
0
0
0
0
0
0
0
0
0
0
0
0
0
0
0
0
0
0
0
0
0
0
0
0
0
0
0
0
0
0
0
0
0
0
0
0
0
0
0
0
0
0
0
0
0
0
0
0
0
0
0
0
0
0
0
0
0
0
0
0
0
0
0
0
0
0
0
0
0
0
0
0
0
0
0
0
0
0
0
0
0
0
0
0
0
0
0
0
0
0
0
0
0
0
0
0
0
0
0
0
0
0
0
0
0
0
0
0
0
0
0
0
0
0
0
0
0
0
0
0
0
0
0
0
0
0
0
0
0
0
0
0
0
0
0
0
0
0
0
0
0
0
0
0
0
0
0
0
0
0
0
0
0
0
0
0
0
0
0
0
0
0
0
0
0
0
0
0
0
0
0
0
0
0
0
0
0
0
0
0
0
0
0
0
0
0
0
0
0
0
0
0
0
0
0
0
0
0
0
0
0
0
0
0
0
0
0
0
0
0
0
0
0
0
0
0
0
0
0
0
0
0
0
0
0
0
0
0
0
0
0
0
0
0
0
0
0
0
0
0
0
0
0
0
0
0
0
0
0
0
0
0
0
0
0
0
0
0
0
0
0
0
0
0
0
0
0
0
0
0
0
0
0
0
0
0
0
0
0
0
0
0
0
0
0
0
0
0
0
0
0
0
0
0
0
0
0
0
0
0
0
0
0
0
0
0
0
0
0
0
0
0
0
1
0
0
0
0
0
0
0
0
0
0
0
0
0
0
0
0
0
0
0
0
0
0
0
0
0
0
0
0
0
0
0
0
0
0
0
0
0
0
0
0
0
0
0
0
0
0
0
0
0
0
0
0
0
0
0
0
0
0
0
0
0
0
0
0
0
0
0
0
0
0
0
0
0
0
0
0
0
0
1
0
0
0
0
0
0
0
0
0
0
0
0
0
0
0
0
0
0
0
0
0
0
0
0
0
0
0
0
0
0
0
0
0
0
0
0
0
0
0
0
0
0
0
0
0
0
0
0
0
0
0
0
0
0
0
0
0
0
0
0
0
0
0
0
0
0
0
0
0
0
0
0
0
0
0
0
0
0
0
0
0
0
0
0
0
0
0
0
0
0
0
0
0
0
0
0
0
0
0
0
0
0
0
0
0
0
0
0
0
0
0
0
0
0
0
0
0
0
0
0
0
0
0
0
0
0
0
0
0
0
0
0
0
0
0
0
0
0
0
0
0
0
0
0
0
0
0
0
0
0
0
0
0
0
0
0
0
0
0
0
0
0
0
0
0
0
0
0
0
0
0
0
0
0
0
0
0
0
0
0
0
0
0
0
0
0
0
0
0
0
0
0
0
0
0
0
0
1
0
0
0
1
0
0
0
0
0
0
0
0
0
0
0
0
0
0
0
0
0
0
0
0
0
0
0
0
0
0
0
0
0
0
0
0
0
0
0
0
0
0
0
0
0
0
0
0
0
0
0
0
0
0
0
0
0
0
0
0
0
0
0
0
0
0
0
0
0
0
0
0
0
0
0
0
0
0
0
0
0
0
0
0
0
0
0
0
0
0
0
0
0
0
0
0
0
0
0
0
0
0
0
0
0
0
0
0
0
0
0
0
0
0
0
0
0
0
0
0
0
0
0
0
0
0
0
0
0
0
0
0
0
0
0
0
0
0
0
0
0
0
0
0
0
0
0
0
0
1
0
0
0
0
0
0
0
0
0
0
0
0
0
0
0
0
0
0
0
0
0
0
0
1
0
0
0
0
0
0
0
0
0
0
0
0
0
0
0
0
0
0
0
0
1
0
0
0
0
0
0
0
0
0
0
0
0
0
0
0
0
0
0
0
0
0
0
0
0
0
0
0
0
0
0
0
0
0
0
0
0
0
0
0
0
0
0
0
0
0
0
0
0
0
0
0
0
0
0
0
0
0
0
0
0
0
0
0
0
0
0
0
0
0
0
0
0
0
0
0
0
0
0
0
0
0
0
0
0
0
0
1
0
0
0
0
0
0
0
0
0
0
0
0
0
0
0
0
0
0
0
0
0
0
0
0
0
0
0
0
1
0
0
0
0
0
0
0
1
0
1
0
0
0
0
0
0
0
0
0
0
0
0
0
0
0
0
0
0
0
0
0
0
0
0
0
0
0
0
0
0
0
0
0
0
0
0
0
0
0
0
0
0
0
0
0
0
0
0
0
0
0
0
0
0
0
0
0
0
1
0
0
0
0
0
0
0
0
0
0
0
0
0
0
0
0
0
0
0
0
0
0
0
0
0
0
0
0
0
0
1
0
0
0
0
0
0
0
0
0
0
0
0
0
0
0
0
0
0
0
0
0
0
0
0
0
0
0
0
0
0
0
0
0
0
0
1
0
0
0
0
0
0
0
0
0
0
0
0
0
1
0
0
0
0
0
0
0
0
0
0
0
0
0
0
0
0
0
0
0
0
0
0
0
0
0
0
0
0
0
0
0
0
0
0
0
0
0
0
0
0
0
0
0
0
0
0
0
0
0
0
0
0
0
0
0
0
1
0
1
0
0
0
0
0
0
0
0
0
0
0
0
0
0
0
0
0
0
0
0
0
0
0
0
0
0
0
0
0
0
0
0
0
0
0
0
0
0
0
0
0
0
0
0
0
0
0
0
0
0
0
0
0
0
0
0
0
0
0
0
0
0
0
0
0
0
0
0
0
0
0
0
0
0
0
0
0
0
0
0
0
0
0
0
0
0
0
0
0
0
0
0
0
0
0
0
0
0
0
1
0
0
0
0
0
0
0
0
0
0
0
0
0
0
0
0
0
0
0
0
0
0
0
0
0
0
0
0
0
0
0
0
0
0
0
0
0
0
0
0
0
0
0
0
0
0
0
1
0
0
0
0
0
0
0
0
0
0
0
0
0
0
0
0
0
0
0
0
0
0
0
0
0
0
1
0
0
0
1
0
0
0
0
0
0
0
0
0
0
0
0
0
0
0
0
0
0
0
0
0
0
0
0
0
0
0
0
0
0
0
0
1
0
0
0
0
0
0
0
0
0
0
0
0
0
0
0
0
0
0
0
0
0
0
0
0
0
0
0
0
0
0
0
0
0
0
0
0
0
0
0
0
0
0
0
0
0
0
0
0
0
0
0
0
0
0
0
0
0
0
0
0
0
0
0
0
0
0
0
0
0
0
0
0
0
0
0
0
0
0
0
0
0
0
0
0
0
0
0
0
0
0
0
0
0
0
0
0
0
0
0
0
0
0
0
0
0
0
0
0
0
0
0
0
0
0
0
0
0
0
0
0
0
0
0
0
0
0
0
0
0
0
0
0
0
0
0
0
0
0
0
0
0
0
0
0
0
0
1
0
0
0
0
0
0
0
0
0
0
0
0
0
0
0
0
0
0
0
0
0
0
0
0
0
0
0
0
0
0
0
0
0
0
0
0
0
0
0
0
0
0
1
0
0
0
0
0
0
0
0
0
0
0
0
0
0
0
0
0
0
0
0
0
0
0
0
0
0
0
0
0
0
0
0
0
0
0
0
0
0
0
0
0
0
0
0
0
0
0
1
0
0
0
0
0
0
0
0
0
0
0
0
1
0
0
0
0
0
0
0
0
0
0
0
0
0
0
0
0
0
0
0
0
0
0
0
0
0
0
0
0
0
0
0
0
0
0
0
0
0
0
0
0
0
0
0
0
0
0
0
0
0
0
0
0
0
0
0
0
0
0
0
0
0
0
0
0
0
0
0
0
0
0
0
0
0
0
0
0
0
0
0
0
0
0
0
0
0
0
0
0
0
0
0
0
0
0
0
0
0
0
0
0
0
0
0
0
0
0
0
0
0
0
0
0
0
0
0
0
0
0
0
0
0
0
0
0
0
0
0
0
1
0
0
0
0
0
0
0
0
0
1
0
0
0
0
0
0
0
0
0
0
0
0
0
0
0
0
0
0
0
0
0
0
0
0
0
0
0
0
0
0
0
0
0
0
0
0
0
0
0
0
0
0
0
0
0
0
0
0
0
0
0
1
0
0
1
0
0
0
0
0
0
0
0
0
0
0
0
0
0
0
0
0
0
0
0
0
0
0
0
0
0
0
0
0
0
0
0
0
0
0
0
0
0
0
0
0
0
0
0
0
0
0
0
0
0
0
0
0
0
0
0
0
0
0
0
0
0
0
0
0
0
0
0
0
0
0
0
0
0
0
0
0
0
0
0
0
0
0
0
0
0
0
0
0
0
0
0
0
0
0
0
0
0
0
0
0
0
0
0
0
0
0
0
0
0
0
0
0
0
0
0
0
0
0
0
0
0
0
0
0
0
0
0
0
0
0
0
0
0
0
0
0
0
0
0
0
0
0
0
0
0
0
0
0
0
0
0
0
0
0
0
0
0
0
0
0
0
0
0
0
0
0
0
0
0
0
0
0
0
0
0
0
0
0
0
0
0
0
0
0
0
0
0
0
0
0
0
0
0
0
1
0
0
0
0
0
0
0
0
0
0
0
0
0
0
0
0
0
0
0
0
0
0
0
0
1
0
0
0
0
0
0
0
0
0
0
1
0
0
0
0
0
0
0
0
0
0
0
0
0
0
0
0
0
0
0
0
0
0
0
1
0
0
0
0
0
0
0
0
0
0
0
0
0
0
0
0
0
0
0
0
1
0
0
0
0
0
0
0
0
0
0
0
0
0
0
0
0
0
0
0
0
0
0
0
0
0
0
0
0
0
0
0
0
0
0
0
0
0
0
0
0
0
0
0
0
0
0
0
0
0
0
0
0
0
0
0
0
0
0
0
0
0
0
0
0
0
0
0
0
0
0
0
0
0
0
0
0
0
0
0
0
0
0
0
0
0
0
0
0
0
0
0
0
0
0
0
0
0
0
0
0
0
0
0
0
0
0
0
0
0
0
0
0
0
0
0
0
0
0
0
0
0
0
0
0
0
0
0
0
0
0
0
0
0
0
0
0
0
0
0
0
0
0
0
0
0
0
0
0
0
0
0
0
0
0
0
0
0
0
0
0
0
0
0
0
0
0
0
0
0
0
0
0
0
0
0
0
0
0
0
0
0
0
0
0
0
0
0
0
0
0
0
0
0
0
0
0
0
0
0
0
0
0
0
0
0
0
0
0
0
0
0
0
0
0
1
0
0
0
0
0
0
0
0
0
0
0
0
0
0
1
0
0
0
0
0
0
1
0
0
0
0
0
0
0
0
0
0
0
0
0
0
0
0
0
0
0
0
0
0
0
0
0
0
0
0
0
0
0
0
0
0
0
0
0
0
0
0
0
0
1
0
0
1
0
0
0
0
0
0
1
0
0
0
0
0
0
0
0
0
0
0
0
0
0
0
0
0
0
0
0
0
0
0
0
0
0
0
0
0
0
0
0
0
0
0
0
0
0
0
0
0
0
0
0
0
0
0
0
0
0
0
0
0
0
0
0
0
0
0
0
0
0
0
0
0
0
0
0
0
0
0
0
0
0
0
0
0
0
0
0
0
0
0
0
0
0
0
0
0
0
0
0
0
0
0
0
0
0
0
0
0
0
0
0
0
0
0
0
0
0
0
0
0
0
1
0
0
0
0
0
0
0
0
0
0
0
0
0
0
0
0
0
0
0
0
0
0
0
0
0
0
0
0
0
0
0
0
0
0
0
0
0
0
0
0
0
0
0
0
0
0
0
0
0
0
0
0
0
0
0
0
0
0
0
0
0
0
0
0
0
0
0
0
0
0
0
0
0
0
0
0
0
0
0
0
0
0
0
0
0
0
0
0
0
0
0
0
0
0
0
0
1
0
0
0
0
0
0
0
0
0
0
0
0
0
0
0
0
0
0
0
0
0
0
0
0
0
0
0
0
0
0
0
0
0
0
0
0
0
0
1
0
0
0
0
0
0
0
1
0
0
0
0
0
0
0
0
0
0
1
0
0
0
0
0
0
0
0
0
0
0
0
0
0
0
0
0
0
0
0
0
0
0
0
0
0
0
0
0
0
0
0
0
0
0
0
0
0
0
0
0
0
0
0
0
0
0
0
0
0
0
0
0
0
0
0
0
0
0
0
1
0
0
0
0
0
0
0
0
0
0
0
0
0
0
0
0
0
0
0
0
0
0
0
0
0
0
0
0
0
0
0
0
0
0
0
0
0
0
0
0
0
0
0
0
0
0
0
0
0
0
0
0
0
0
0
0
0
0
0
0
0
0
0
0
0
0
0
0
0
0
0
0
0
0
0
0
0
0
0
0
0
0
0
0
0
0
0
0
0
0
0
0
0
0
0
0
0
0
0
0
0
0
0
0
1
0
0
0
0
0
0
0
0
0
0
0
0
0
0
0
0
0
0
0
0
0
0
0
0
0
0
0
0
0
0
0
0
0
0
0
0
0
0
0
0
0
0
0
0
0
0
0
0
0
0
1
0
0
0
0
0
0
0
0
0
0
0
0
0
0
0
0
0
0
0
0
0
0
0
0
0
0
0
0
0
0
0
0
1
0
0
0
0
0
0
0
0
0
0
0
0
0
0
0
0
0
0
0
0
0
0
0
0
1
0
0
0
0
0
0
0
0
0
0
0
0
0
0
0
0
1
0
0
0
0
0
0
0
0
0
0
0
0
0
0
0
0
0
0
0
1
0
0
0
0
0
0
0
0
0
0
0
0
0
0
0
0
0
0
0
0
0
0
0
0
0
0
0
0
0
0
0
0
0
0
0
0
0
0
0
0
0
0
0
0
0
0
0
0
0
0
0
0
0
0
0
0
0
0
0
0
1
0
0
0
0
0
0
0
0
0
0
0
0
0
0
0
0
1
0
0
0
0
0
0
0
0
0
0
0
0
0
0
0
0
0
0
0
0
0
0
0
0
0
0
0
0
0
0
0
0
0
0
0
0
0
0
0
0
0
0
0
0
0
0
0
0
0
0
0
0
0
0
0
0
0
0
0
0
0
0
0
1
0
0
0
0
0
0
0
0
0
1
0
0
0
0
0
0
0
0
0
0
0
0
0
0
0
0
0
0
0
0
0
0
0
0
0
0
0
0
0
0
0
0
0
0
0
0
0
0
0
0
0
0
0
0
0
0
0
0
0
0
0
0
0
0
0
0
0
0
0
0
0
0
0
0
0
0
0
0
0
0
0
0
0
0
0
0
0
0
0
0
0
0
0
0
0
0
0
0
0
0
0
0
0
0
0
0
0
0
0
0
0
0
0
0
0
0
0
0
0
0
0
0
0
0
0
0
0
0
0
0
0
0
0
0
0
0
0
0
0
0
0
0
0
0
0
0
0
0
0
0
0
0
0
0
0
0
0
0
0
1
0
0
0
0
0
0
0
0
0
0
0
0
0
0
0
0
0
0
0
0
0
0
0
0
0
0
0
0
0
0
0
0
0
0
0
0
1
0
0
0
0
0
0
0
0
0
0
0
0
0
0
0
0
0
0
0
0
0
0
0
0
0
0
0
0
0
0
0
0
0
0
0
0
0
0
0
0
0
0
0
0
0
0
0
0
0
0
0
0
0
0
0
0
0
0
0
0
0
0
0
0
0
0
0
0
0
0
0
0
0
0
0
0
0
0
0
0
0
0
0
0
0
0
0
0
0
0
0
0
0
0
0
0
0
0
0
0
0
0
0
0
0
0
0
0
0
0
0
0
0
0
0
0
0
0
0
0
0
0
0
0
0
0
0
0
0
0
0
0
0
0
0
0
0
0
0
0
0
0
0
0
0
0
0
0
0
0
0
0
0
0
0
0
0
0
0
0
0
0
0
0
0
0
0
0
0
0
0
0
0
0
0
0
0
0
0
0
0
0
0
0
0
0
0
0
0
0
0
0
0
0
0
0
0
0
0
0
0
0
0
0
0
0
0
1
0
1
0
0
0
0
0
0
0
0
0
0
0
0
0
0
0
0
0
1
0
0
0
0
0
0
0
0
0
0
0
0
0
0
0
0
0
0
0
0
0
0
0
0
0
0
0
0
1
0
0
0
0
0
0
0
0
0
0
0
0
0
0
0
0
0
0
0
0
0
0
0
0
0
0
0
0
1
0
0
0
0
0
0
0
0
0
0
0
0
0
0
0
0
0
0
0
0
0
0
0
0
0
0
0
0
0
0
0
0
0
0
0
0
0
0
0
0
0
0
0
0
0
0
0
0
0
0
0
0
0
0
0
0
0
0
0
0
0
0
0
0
0
0
0
0
0
0
0
0
0
0
0
0
0
0
0
0
0
0
0
0
0
0
0
0
0
0
0
0
0
0
0
0
0
0
0
0
0
0
0
0
0
0
0
0
0
0
0
0
0
0
0
0
0
0
0
0
0
0
0
0
0
0
0
0
0
0
0
0
0
0
0
0
0
0
0
0
0
0
0
1
0
1
0
0
0
0
0
0
0
0
0
0
0
0
0
0
0
0
0
0
0
0
0
0
0
0
0
0
0
0
0
0
0
1
0
0
0
0
0
0
0
0
0
0
0
0
1
0
0
0
0
0
0
0
0
0
1
0
0
0
0
0
0
0
0
1
0
0
0
1
0
0
0
0
0
0
0
0
0
0
0
0
0
0
0
0
0
0
0
0
0
0
0
0
0
0
0
0
0
0
0
0
0
0
1
0
0
0
0
0
0
0
0
1
0
0
0
0
0
0
0
0
0
0
0
0
0
0
0
0
0
0
0
0
0
0
0
0
0
0
0
0
0
0
0
0
0
0
0
0
0
0
0
0
0
0
0
0
0
0
0
0
0
0
0
0
0
0
0
1
0
0
1
0
0
0
0
0
0
0
0
0
0
0
0
0
0
0
0
0
0
0
0
0
0
0
0
0
0
0
0
0
0
0
0
0
1
0
0
0
0
0
0
0
0
0
0
0
0
0
0
0
0
0
1
0
0
0
0
0
0
0
0
0
0
0
0
0
0
0
0
0
0
0
0
0
0
0
0
0
0
0
0
0
0
0
1
0
0
0
0
0
0
0
0
0
0
0
1
0
0
0
0
0
0
0
0
0
0
0
0
0
0
0
0
0
0
0
0
0
0
0
0
0
0
0
0
0
0
0
0
0
0
1
0
0
0
0
0
0
0
1
0
0
0
0
0
0
0
0
0
0
0
0
0
0
0
0
0
0
0
0
0
0
1
0
0
1
1
0
0
0
0
0
0
0
0
0
0
0
0
0
1
0
0
0
0
0
0
0
0
1
0
0
0
0
0
0
0
0
0
0
0
0
0
1
0
0
0
1
0
0
0
0
1
0
0
0
0
0
0
0
0
0
0
0
0
0
0
0
0
0
0
0
0
0
0
0
0
0
0
0
0
0
0
0
0
0
0
0
0
0
1
0
0
0
0
0
0
0
0
0
0
0
0
0
0
0
0
0
1
1
0
0
0
0
0
0
0
0
0
0
0
0
0
0
0
0
0
0
0
0
0
1
0
0
0
0
0
0
0
0
0
0
0
0
0
0
0
0
0
0
0
0
0
0
0
0
0
0
0
0
0
0
0
0
0
0
0
0
0
0
0
0
0
0
0
0
0
0
0
0
0
0
0
0
0
0
0
0
0
0
0
0
0
0
0
0
0
0
0
0
0
0
0
0
0
0
0
0
0
0
0
0
0
0
0
0
0
0
0
0
0
0
0
0
0
0
0
0
0
1
0
0
0
0
0
0
0
0
0
0
0
0
0
0
0
0
0
0
0
0
0
0
0
0
0
1
0
0
0
0
0
0
0
0
0
0
0
0
0
0
0
0
0
0
0
0
0
0
0
0
0
0
0
0
0
0
0
0
0
0
0
1
0
0
0
0
0
0
0
0
0
0
1
0
0
0
0
0
0
1
1
0
0
0
0
0
0
0
0
0
0
0
0
0
0
0
0
0
0
0
0
0
0
0
0
0
0
0
0
0
0
0
0
0
0
0
0
0
0
0
0
0
1
1
0
0
0
0
0
1
0
0
0
0
0
0
0
0
0
0
1
0
1
0
0
0
0
0
0
0
0
0
0
0
0
0
1
0
0
0
0
0
0
0
0
0
0
0
0
0
1
0
0
0
0
0
0
1
1
0
0
0
0
0
0
0
0
0
1
0
0
0
0
0
0
0
0
0
0
0
0
0
0
0
0
0
0
0
0
1
0
0
0
0
0
0
1
0
0
0
0
0
0
0
0
0
0
0
0
0
0
0
0
  </DataArray>
  <DataArray type = "Float64" Name="AppartientEntree5" format="ascii">
0
0
0
0
1
1
0
0
0
0
0
0
0
0
0
0
0
0
0
0
0
0
0
1
0
0
0
0
1
0
0
0
0
0
0
0
0
0
0
0
0
0
0
0
0
0
0
0
0
0
0
0
0
0
0
0
0
0
0
0
0
0
0
0
0
0
0
0
0
0
0
0
0
0
0
0
0
0
1
0
0
0
1
0
0
0
0
0
0
0
0
0
0
0
0
0
0
0
0
0
0
1
0
1
0
0
0
0
0
0
0
0
0
1
0
0
0
0
0
0
0
0
0
0
0
0
0
0
0
0
0
0
0
0
0
0
0
0
0
0
0
0
0
0
0
1
0
1
0
0
0
0
0
0
0
0
0
0
0
0
0
0
0
0
0
0
0
0
0
0
0
1
0
0
0
0
0
0
0
1
0
0
0
0
0
1
0
0
0
0
0
0
0
0
0
0
0
0
0
0
1
0
0
0
0
0
0
0
0
0
0
0
0
0
0
0
0
0
0
0
0
0
0
1
0
0
0
0
0
0
0
0
0
0
0
0
0
1
1
0
0
0
0
0
1
0
1
0
0
0
0
0
0
0
0
0
0
0
1
0
0
0
0
0
0
0
0
0
0
1
0
0
0
0
0
0
0
1
0
1
0
0
0
0
0
0
1
0
0
0
0
0
1
0
0
0
1
0
0
1
0
0
0
0
0
0
0
0
0
0
0
0
0
0
0
0
0
0
1
0
0
1
0
0
0
0
0
0
1
0
0
0
0
0
0
1
1
0
0
1
1
1
1
1
1
1
1
1
1
1
1
1
1
1
1
1
1
1
1
1
1
1
1
1
1
1
1
1
1
1
1
1
1
1
1
1
1
1
1
1
1
1
1
1
1
1
1
1
1
1
1
1
1
1
1
1
1
1
1
1
1
1
1
1
1
1
1
1
1
1
1
1
1
1
1
1
1
1
1
1
1
1
1
1
1
1
1
1
1
1
1
1
1
1
1
1
1
1
1
1
1
1
1
1
1
1
1
1
1
1
1
1
1
1
1
1
1
1
1
1
1
1
1
1
1
1
1
1
1
1
1
1
1
1
1
1
1
1
1
1
1
1
1
1
1
1
1
1
1
1
1
1
1
1
1
1
1
1
1
1
1
1
1
1
1
1
1
1
1
1
1
1
1
1
1
1
1
1
1
1
1
1
1
1
1
1
1
1
1
1
1
1
1
1
1
1
1
1
1
1
1
1
1
1
1
1
1
1
1
1
1
1
1
1
1
1
1
1
1
1
1
1
1
1
1
1
1
1
1
1
1
1
1
1
1
1
1
1
1
1
1
1
1
1
1
1
1
1
1
1
1
1
1
1
1
1
1
1
1
1
1
1
1
1
1
1
1
1
1
1
1
1
1
1
1
1
1
1
1
1
1
1
1
1
1
1
1
1
1
1
1
1
1
1
1
1
1
1
1
1
1
1
1
1
1
1
1
1
1
1
1
1
1
0
0
0
1
0
0
0
0
0
0
0
0
1
0
0
0
0
0
0
0
1
0
1
0
0
0
1
0
0
0
0
0
0
0
0
0
1
0
0
0
0
0
1
0
0
0
0
0
0
1
1
0
0
0
0
0
0
0
0
0
0
0
0
0
0
0
0
1
0
0
0
0
1
1
0
1
0
0
1
0
0
0
0
0
0
0
0
0
0
0
0
0
0
1
0
0
0
0
0
0
0
0
0
0
0
0
1
0
0
0
0
0
0
0
0
0
0
0
0
1
0
0
0
0
0
0
0
0
0
0
0
1
0
0
0
0
0
0
1
0
0
0
0
0
0
0
0
0
0
0
0
0
0
0
0
0
1
1
0
0
1
0
0
0
0
0
0
0
0
0
1
0
0
0
0
1
0
0
0
0
0
0
0
0
0
0
0
0
0
0
0
0
0
0
0
0
0
0
1
0
0
0
0
0
0
0
0
0
0
1
0
1
0
1
0
0
0
0
0
0
0
0
0
0
0
0
0
0
0
0
0
0
0
0
0
0
0
0
0
0
0
0
0
0
0
0
0
1
0
0
1
0
0
1
0
0
0
0
0
0
0
1
0
0
0
0
0
0
0
0
0
0
0
0
0
1
0
0
0
0
0
0
0
0
0
0
0
1
0
1
0
1
0
0
0
0
0
0
0
0
0
0
0
0
0
0
1
0
0
0
0
0
0
0
0
1
0
0
0
0
0
0
0
0
0
0
0
0
0
0
0
0
0
0
0
0
0
0
0
0
0
0
0
1
0
0
0
0
0
0
0
0
0
0
0
0
0
0
0
0
1
0
0
0
0
0
0
0
0
0
0
0
0
0
0
0
0
0
0
0
0
0
0
0
0
0
0
0
1
0
0
0
0
1
0
0
0
0
0
0
0
0
0
0
0
0
0
0
0
0
0
0
0
0
0
0
0
0
0
0
0
0
0
0
0
0
0
0
0
0
0
0
0
0
0
0
0
0
0
0
0
0
0
0
0
0
0
0
0
1
0
0
0
0
0
0
0
0
0
0
0
0
0
0
0
0
0
0
0
0
0
0
0
0
0
0
0
0
0
0
0
0
0
0
0
0
1
0
0
0
0
0
0
0
0
0
0
0
0
0
0
0
1
0
0
0
0
0
0
0
0
1
0
0
0
0
0
0
0
0
0
0
0
0
0
0
0
0
0
0
0
0
1
0
0
0
0
0
0
0
0
0
0
0
0
0
0
0
0
0
0
0
1
0
0
0
0
0
0
0
0
0
0
0
0
0
0
0
0
1
0
0
1
0
0
0
0
0
0
0
0
0
0
0
0
0
0
0
1
0
0
0
0
0
0
0
0
0
0
0
0
0
0
0
0
0
0
0
0
1
1
0
1
0
0
0
0
0
0
0
0
0
0
0
0
1
0
0
0
0
0
0
0
0
0
0
0
0
0
0
0
0
0
0
0
1
0
0
0
0
0
0
0
0
0
0
0
0
0
0
0
0
0
1
0
0
0
0
0
0
1
0
0
0
0
0
0
1
0
0
0
0
1
0
0
0
0
0
1
0
0
0
0
0
0
0
1
1
0
0
0
0
0
0
0
0
0
0
0
0
0
0
0
0
0
0
0
0
0
1
0
0
0
0
1
0
0
0
0
0
0
0
1
0
0
0
0
0
0
0
0
0
0
0
1
0
0
1
0
0
0
0
1
0
0
0
0
0
0
0
0
0
0
1
0
0
0
1
1
0
0
0
0
0
0
0
0
0
0
0
0
0
0
0
1
0
0
0
0
0
0
0
0
0
0
0
0
1
0
0
0
1
0
0
0
0
0
0
0
0
0
0
0
0
1
0
0
0
0
0
1
0
0
0
0
0
0
0
0
0
0
0
0
0
0
0
1
0
0
1
0
0
0
0
0
0
0
0
0
0
0
0
1
0
0
0
0
0
0
0
0
1
0
0
1
0
0
0
0
0
0
0
0
0
0
0
0
0
0
0
0
0
0
1
0
0
0
0
1
0
0
0
0
0
0
0
0
0
0
0
0
0
1
0
0
0
0
0
0
0
0
0
0
1
0
0
0
1
0
0
0
0
0
0
0
0
0
0
0
0
0
0
0
0
0
0
0
0
0
0
0
0
0
0
0
0
0
0
0
0
0
0
1
0
1
1
0
0
0
0
0
0
0
0
0
0
0
0
0
0
0
0
0
0
0
1
0
0
0
0
0
0
0
0
0
0
0
0
0
0
0
0
1
0
0
0
0
0
0
0
0
0
0
0
0
0
1
0
0
0
0
0
0
1
0
0
0
0
0
0
0
0
0
1
0
0
0
0
0
0
0
0
0
0
1
1
1
0
0
1
0
0
0
0
0
0
0
0
1
1
0
1
0
0
0
0
0
0
0
0
0
0
0
0
0
0
1
0
0
0
0
0
0
1
0
0
0
0
0
0
0
0
0
0
0
0
0
0
0
1
1
0
0
0
0
1
0
1
0
0
0
0
0
0
0
1
0
0
0
0
0
0
0
0
0
0
0
1
0
0
0
0
0
0
1
0
0
0
0
0
0
0
0
0
0
1
0
0
0
1
0
0
0
0
0
0
0
1
0
0
0
0
0
0
0
0
0
0
0
0
0
0
0
0
0
0
0
0
1
0
0
0
0
1
0
0
0
0
0
0
0
0
0
0
0
0
0
0
0
0
0
0
0
1
0
0
0
0
1
0
1
0
0
0
1
1
0
0
1
0
0
0
0
0
0
0
0
0
0
0
0
0
0
0
0
0
0
0
0
0
0
0
0
1
0
0
0
1
0
0
0
0
0
0
0
1
0
0
1
0
0
0
0
1
0
0
0
0
0
0
0
0
0
0
0
0
0
0
0
0
0
0
0
0
0
0
0
0
0
0
1
0
0
0
0
0
0
0
0
0
0
0
0
0
0
0
0
0
0
0
0
0
0
0
0
0
0
1
0
0
0
0
0
0
0
1
0
0
0
0
0
0
1
0
0
0
0
0
0
0
0
0
0
0
1
0
0
0
0
0
0
0
0
0
0
0
0
0
0
0
1
0
0
0
0
0
0
0
0
0
0
1
0
0
0
0
0
0
0
0
0
0
1
0
0
0
0
0
0
0
0
1
0
0
0
1
0
0
0
0
0
0
0
1
0
0
0
0
0
0
1
0
0
0
0
0
0
0
0
0
0
0
0
0
1
1
1
0
0
0
0
0
0
0
0
0
0
0
0
0
0
0
0
0
0
0
0
0
0
0
0
0
0
0
0
0
0
0
0
0
0
0
0
0
0
1
0
1
0
0
0
0
0
0
0
0
0
0
0
0
1
0
0
0
0
0
0
0
0
0
0
1
0
0
0
0
0
0
0
0
0
1
0
0
0
0
0
0
0
0
0
0
0
0
0
0
1
0
0
0
0
0
0
0
0
0
0
0
0
0
0
0
0
1
0
0
0
0
0
0
0
0
0
0
0
0
0
0
1
0
0
0
0
0
0
0
0
0
0
0
0
1
1
0
0
0
0
0
0
0
1
0
0
0
0
0
1
0
0
0
0
0
0
0
0
0
1
0
1
0
0
0
0
0
0
0
0
0
0
0
0
0
0
0
0
0
0
0
0
0
0
0
0
0
0
0
0
0
0
0
0
0
0
1
0
0
0
0
0
0
0
0
0
0
1
0
0
0
0
0
0
0
0
0
1
0
0
0
0
0
0
0
0
0
0
0
0
0
0
0
0
0
0
0
0
0
0
0
0
0
0
0
0
0
0
0
0
0
0
1
1
1
0
0
0
0
0
0
0
0
1
1
0
0
0
0
0
0
0
0
0
0
0
0
0
0
0
0
0
0
0
0
0
0
0
0
0
0
0
1
0
0
0
0
0
0
0
0
0
0
0
1
0
0
0
0
1
0
0
0
0
0
0
0
0
0
1
0
0
0
0
0
0
0
0
0
0
0
0
0
0
0
0
0
0
0
0
1
0
1
0
0
0
0
0
0
0
0
0
0
0
0
0
0
0
0
0
0
0
1
0
0
0
0
1
0
0
0
0
0
0
0
0
0
1
0
0
0
0
0
1
0
0
0
0
0
0
0
0
0
0
0
0
0
0
0
0
0
0
0
0
0
0
0
1
0
1
0
0
0
0
0
0
1
0
0
0
0
0
0
0
0
0
0
0
0
1
0
0
0
0
0
1
0
0
0
0
0
0
0
0
0
0
0
0
0
0
0
1
0
0
1
0
0
0
0
0
1
0
0
0
0
0
0
0
0
0
1
0
0
1
1
0
0
0
0
0
0
0
0
1
0
1
0
0
0
0
0
0
0
1
0
0
0
0
0
0
0
0
0
0
0
0
0
0
0
0
0
0
0
1
0
0
0
0
0
1
0
0
0
0
1
0
0
0
1
0
0
0
0
0
0
0
0
0
0
1
1
0
0
1
0
0
0
0
0
1
1
0
0
0
0
0
0
0
0
0
0
0
0
0
0
0
0
0
1
0
0
1
0
0
0
0
1
1
0
0
0
0
0
0
0
0
0
0
0
0
0
0
0
0
0
1
0
0
0
0
0
0
0
0
0
0
0
0
0
1
1
0
0
0
0
0
0
1
0
0
0
0
0
0
0
0
0
0
0
0
0
0
0
0
0
0
1
0
0
0
0
0
0
1
1
1
0
0
1
0
0
0
0
0
0
0
0
0
0
1
0
1
0
0
0
0
0
0
0
0
0
0
0
0
0
0
0
0
0
0
0
1
0
0
0
0
0
1
1
0
0
0
0
0
0
0
0
0
0
0
0
0
0
1
1
0
0
0
1
0
0
0
0
0
0
0
1
0
0
0
0
0
0
1
0
0
0
1
0
0
0
0
0
0
1
0
1
0
0
0
0
0
0
0
0
0
1
0
0
1
0
0
0
0
0
0
1
1
1
0
0
0
0
0
0
0
0
0
0
1
0
0
0
0
0
0
1
0
1
1
0
0
0
1
0
0
0
1
0
0
0
0
1
0
0
0
0
1
0
1
0
0
1
0
0
1
0
0
0
1
0
0
0
1
0
0
0
0
0
0
0
0
0
0
0
0
0
1
0
0
0
1
0
0
0
0
0
0
0
0
0
0
0
0
1
0
0
1
0
0
0
0
1
0
0
0
1
0
1
0
0
0
0
0
1
0
0
1
0
0
0
0
0
0
0
1
0
1
0
0
1
1
0
0
0
0
0
0
0
0
0
0
1
0
0
1
0
0
0
0
0
0
0
0
0
0
0
0
0
0
0
0
0
0
0
0
0
0
0
0
0
0
0
1
0
0
0
0
0
0
0
0
0
0
0
0
0
1
0
0
0
0
1
0
0
0
0
0
0
0
0
0
0
0
1
1
0
0
0
0
1
0
0
1
0
0
0
0
0
0
0
0
1
1
0
0
0
1
0
0
0
0
0
0
0
0
1
0
0
1
0
0
0
0
0
0
0
0
0
0
0
0
1
0
0
0
0
0
0
0
0
0
0
0
1
1
0
1
0
0
1
1
1
0
0
1
1
1
0
0
1
0
0
0
0
1
1
0
0
0
0
1
0
1
0
0
0
0
0
0
0
0
0
0
0
0
0
1
0
0
0
0
0
0
0
0
0
0
0
0
0
0
0
1
0
1
1
0
0
0
1
0
0
0
0
0
0
1
0
0
0
1
1
0
0
0
0
0
0
0
1
0
0
0
0
0
0
0
0
1
0
0
1
0
0
0
0
0
1
0
0
0
0
0
0
0
0
0
0
0
0
0
1
0
0
0
0
0
1
0
0
0
0
0
0
0
0
1
0
0
1
0
0
1
0
0
0
0
0
0
0
0
1
1
0
0
0
1
0
0
0
0
0
0
1
0
1
0
0
0
0
1
0
0
0
0
0
0
0
0
0
0
0
0
0
0
1
0
0
0
0
0
0
1
0
0
0
0
0
1
0
0
0
1
1
1
0
0
0
0
0
0
0
0
1
0
0
1
0
0
0
0
0
1
0
0
0
0
1
0
1
0
1
0
0
1
1
0
1
1
0
0
1
1
0
0
1
0
1
0
0
0
0
1
0
0
0
1
0
0
1
0
1
0
0
0
0
1
0
0
1
0
1
0
0
0
0
1
0
0
0
0
0
0
1
0
0
0
0
0
1
0
0
0
0
0
0
1
1
0
0
0
0
0
0
0
0
0
1
0
0
0
0
0
0
0
0
1
0
0
0
1
0
0
0
1
0
0
0
0
0
0
0
0
0
1
0
0
1
0
0
1
0
0
0
0
1
0
0
0
1
1
0
0
1
0
1
0
0
1
0
0
0
0
0
0
0
0
0
0
0
0
0
0
0
0
0
1
0
1
0
0
1
0
1
0
0
0
0
0
0
0
0
0
0
0
0
0
0
0
0
1
0
0
0
0
0
0
0
0
1
0
1
0
0
0
0
1
1
0
0
0
0
0
0
0
0
0
1
0
0
0
0
0
0
0
0
0
1
0
1
0
0
0
1
0
0
0
1
0
0
0
0
0
0
0
0
0
0
0
0
1
0
0
0
0
0
0
0
0
1
0
0
1
0
0
0
0
0
0
0
0
0
0
0
0
1
0
0
0
0
0
0
0
0
0
0
0
1
0
0
0
0
0
0
0
0
1
0
0
0
0
0
1
0
0
0
0
0
0
0
0
0
0
1
0
1
0
0
0
0
0
1
0
0
0
0
0
0
1
0
0
0
0
0
0
0
0
0
0
0
0
0
0
0
0
0
1
0
0
0
0
0
0
0
0
0
0
0
1
0
0
0
0
0
0
0
0
0
0
0
0
0
0
0
0
0
0
0
0
0
0
0
0
0
0
0
0
0
0
0
0
0
0
0
0
0
0
0
0
0
1
0
0
1
0
0
0
0
0
0
0
0
0
0
0
0
0
0
0
0
0
0
0
0
0
0
1
0
0
0
0
1
0
0
0
0
1
0
0
1
0
1
0
0
0
0
0
0
0
1
0
0
0
0
1
0
0
0
0
0
0
0
0
0
0
0
1
0
0
0
0
0
0
0
0
1
1
0
1
0
0
0
0
0
1
1
1
0
0
1
0
0
0
0
0
0
0
0
0
0
1
0
0
0
0
1
0
0
0
0
0
0
0
0
0
0
0
1
0
0
0
0
0
0
0
0
0
0
1
0
0
0
1
0
0
0
0
0
0
0
0
0
0
1
0
0
0
0
0
1
0
0
0
0
0
0
0
0
1
0
1
0
0
0
1
0
0
0
0
1
0
0
0
0
0
0
0
0
1
0
0
0
0
0
0
0
0
0
0
0
0
0
0
0
1
0
0
1
0
0
1
0
0
0
1
0
0
0
1
0
0
0
0
0
0
0
0
0
0
1
0
0
1
1
0
1
0
0
0
0
1
0
0
0
0
0
0
1
1
0
0
1
1
0
0
0
0
0
0
0
0
0
0
0
1
0
0
1
0
0
0
0
0
0
0
0
0
0
0
0
0
0
0
0
1
0
0
0
0
0
0
0
1
0
0
0
0
0
0
0
0
0
0
0
0
1
0
0
1
0
0
0
0
0
0
0
1
0
0
0
0
0
1
0
0
0
0
0
0
0
0
1
0
1
0
0
0
0
0
0
0
1
0
0
0
0
0
0
0
0
0
0
0
0
0
0
0
0
0
0
0
1
0
0
0
1
0
0
0
0
0
0
0
0
1
0
1
0
0
0
0
0
0
1
0
0
0
1
0
0
0
0
0
0
0
0
0
0
0
0
0
0
0
0
0
0
0
0
0
1
1
0
1
0
0
0
0
1
0
0
0
1
0
0
0
0
0
0
0
0
0
0
0
0
1
0
0
0
0
0
0
0
1
0
0
0
0
0
0
0
0
0
1
0
0
0
0
0
1
0
0
0
0
0
0
0
1
0
0
0
1
0
0
1
0
1
1
0
0
0
0
1
0
0
0
0
0
1
0
0
0
0
1
0
0
0
0
0
0
0
0
1
1
0
0
0
0
0
0
1
0
1
0
0
1
0
0
0
0
0
0
0
0
0
0
0
0
0
0
0
0
0
0
0
1
0
0
0
0
0
0
0
0
0
0
0
0
0
0
0
0
0
0
0
0
0
0
0
0
0
0
0
0
0
0
0
0
1
1
0
0
0
0
0
0
0
0
0
0
0
0
0
0
0
0
1
0
0
0
0
0
0
1
0
0
0
0
0
0
0
0
0
1
0
0
0
1
0
0
0
0
0
0
0
0
0
0
1
0
1
0
0
0
0
0
0
0
0
0
0
0
0
0
0
0
0
1
0
0
0
0
0
0
0
0
1
0
0
0
0
0
0
0
0
0
0
0
1
0
0
0
0
0
1
0
1
0
0
0
0
0
0
0
0
0
0
0
0
0
0
0
0
0
0
0
0
0
0
0
0
0
0
0
0
0
1
0
0
0
0
0
0
0
0
1
0
0
0
0
0
0
0
0
0
1
0
0
0
0
0
0
0
0
0
0
0
0
0
0
0
0
0
0
0
0
0
0
0
0
0
0
1
0
0
1
1
0
0
0
0
0
0
0
0
0
0
1
0
0
0
0
0
0
0
0
0
0
0
0
0
0
0
0
0
0
0
0
0
0
0
0
0
0
0
0
1
0
0
0
0
0
0
0
0
0
0
1
0
0
0
0
0
1
1
0
0
0
0
1
0
0
1
0
0
0
0
0
0
0
0
0
0
0
0
0
0
0
0
0
1
0
0
0
0
0
1
0
0
0
0
0
0
0
0
0
0
1
0
0
0
0
0
0
0
0
0
0
0
0
0
0
0
1
0
0
0
0
0
0
0
0
0
0
0
0
0
0
0
0
0
0
0
0
0
0
0
0
0
0
1
0
0
0
0
0
1
0
0
0
0
0
0
0
0
0
0
1
0
0
0
0
0
0
0
1
0
0
0
0
0
0
0
0
0
0
0
1
0
0
0
0
0
0
0
0
0
0
0
0
0
0
0
1
0
0
0
0
0
0
0
0
0
1
0
0
0
0
0
0
0
0
0
0
0
1
0
0
0
0
0
0
0
0
0
0
0
0
0
0
0
0
1
0
0
0
0
0
1
0
0
0
0
0
0
0
0
0
0
0
0
0
0
0
0
0
0
0
0
0
0
0
0
0
0
0
0
0
0
0
0
0
0
0
0
0
0
0
0
0
0
0
0
0
0
0
0
0
0
0
0
0
0
0
0
1
0
0
0
0
0
0
0
0
0
0
0
0
0
0
0
0
0
0
0
0
0
0
0
0
0
1
0
0
0
0
0
0
0
0
0
0
0
0
0
0
0
0
0
0
0
0
0
0
0
0
0
0
0
0
0
0
0
0
0
0
0
0
0
0
0
0
0
0
0
0
0
0
0
0
1
0
0
0
0
0
0
0
0
0
0
0
0
0
0
0
0
0
0
0
0
0
1
0
0
1
0
0
0
0
0
0
0
0
0
0
0
0
0
0
0
0
0
0
0
0
0
1
0
0
0
0
0
0
0
1
0
0
0
0
0
0
0
0
0
1
  </DataArray>
  <DataArray type = "Float64" Name="LevelSetEntree5" format="ascii">
-0.232845
-0.240001
-1.961
-1.95998
0
0
-1.49025
-1.03011
-0.526041
-4.66349e-05
-0.944774
-0.802497
-0.191455
-1.40475
-1.76387
-0.815336
-1.8473
-2.83681e-05
-1.79603
-1.06277
-0.898003
-0.00280591
-1.22615
3.92523e-17
-1.44146
-0.524815
-1.2565
-0.771321
0
-0.395379
-1.95841
-1.65368
-1.71698
-0.777703
-0.221513
-0.941745
-1.58653
-0.334144
-1.59939
-1.70533
-1.9608
-1.51834
-1.84615
-0.0257328
-1.59207
-0.180814
-0.000928603
-1.23931
-0.260199
-1.43156
-0.543311
-0.740072
-1.67067
-0.0607781
-0.243627
-1.34275
-0.61073
-0.164176
-1.0899
-1.11478
-1.95148
-1.12036
-0.379886
-2.55219e-05
-0.237928
-0.0391708
-0.315498
-0.000291756
-1.73962
-0.217468
-1.26924
-1.62461
-0.000806729
-3.56757e-05
-0.786108
-1.77002
-1.55895
-1.52763
-0
-0.183739
-0.463322
-0.0001583
-0
-1.67731
-1.86832
-1.58472
-7.04112e-05
-1.27172
-8.59367e-05
-1.72351
-0.89511
-1.95905
-1.08873
-1.92429
-1.51642
-1.74651
-0.15624
-1.68212
-1.35916
-0.734915
-0.000225763
3.92523e-17
-0.353911
-2.77556e-17
-1.75904
-1.96044
-0.938182
-0.741901
-0.17715
-0.555551
-1.14184
-0.000237423
-1.87215
-6.20634e-17
-0.374146
-0.610672
-1.88741
-1.08144
-0.422986
-0.451856
-1.69372
-1.56571
-0.795688
-1.41673
-1.88695
-1.9594
-1.94357
-0.000778423
-0.154493
-1.94372
-9.59558e-05
-1.61578
-0.158584
-1.47268
-0.776334
-0.232712
-1.5009
-0.518332
-7.21949e-05
-1.71202
-0.92765
-1.28656
-1.68895
-2.11742e-05
-0.235338
-0
-0.492239
-2.77556e-17
-0.144923
-1.75807
-8.73614e-05
-1.54618
-1.95431
-1.48647
-0.000106425
-0.800923
-1.95893
-0.166892
-0.203316
-1.35144
-0.172323
-0.00727135
-1.05665
-0.815917
-1.10968
-0.646986
-0.000162084
-3.53692e-05
-0.000100432
-1.46973
-1.83751
2.77556e-17
-0.208489
-1.16366
-0.361357
-0.177024
-4.43839e-05
-1.95709
-1.32837
2.77556e-17
-1.68055
-0.207149
-2.64776e-05
-0.972501
-1.70134
2.77556e-17
-1.17768
-1.19776
-0.156452
-1.71164
-0.000364212
-0.474818
-0.166531
-1.49588
-0.954166
-1.1057
-1.82719
-0.224047
-0.0358932
-1.39013
-6.20634e-17
-0.496937
-0.955811
-0.756566
-1.00026
-4.77502e-05
-0.00116264
-0.168182
-0.23656
-0.159939
-0.624949
-0.000301414
-0.216514
-0.440431
-0.0533719
-0.150238
-0.54181
-0.831277
-1.60583
-0.000138864
-1.96098
-0.177471
-0.287379
8.32667e-17
-0.323679
-1.67969
-0.48603
-1.63514
-3.68545e-05
-2.14514e-05
-0.000176131
-0.306716
-0.698175
-1.57165
-0.000549233
-1.6094
-0.213128
3.92523e-17
-0
-1.33329
-1.31043
-1.05221e-05
-1.90491
-0.0701267
2.77556e-17
-1.51439
0
-0.000671504
-4.54748e-05
-0.0484314
-0.194171
-1.64129
-0.00144624
-0.352424
-1.69761
-0.185223
-0.708323
-1.63381
0
-0.200191
-0.324976
-3.05874e-05
-0.150294
-0.159458
-0.482181
-0.163153
-0.370349
-4.36295e-05
-0.234986
2.77556e-17
-0.156994
-0.150001
-9.63978e-05
-1.95979
-0.660732
-0.154044
-5.89447e-05
2.77556e-17
-0.174569
-2.77556e-17
-0.000435904
-0.355769
-0.000226425
-7.51266e-05
-3.84712e-05
-0.000110288
-0
-3.93334e-05
-1.79337
-0.0309051
-9.4035e-05
-1.33278
0
-0.170173
-0.79313
-0.39992
-2.77556e-17
-0.154538
-1.95462e-05
6.20634e-17
-0.580002
-0.205611
-0.901414
-7.26914e-05
-0.514272
-1.95126
-0.152567
-1.21369
-0.146231
-0.000229162
-0.207868
-0.229934
-7.71238e-05
-1.01453
-0.0564434
-0.148244
-0.000156717
-9.90535e-05
2.77556e-17
-0.492766
-1.09171
-0
-0.0101988
-0.000586802
-0.000708361
-0.000242864
-8.84315e-05
-0.00230116
-6.20634e-17
-1.95796
-6.23601e-05
-6.51732e-05
-0.699883
-0.182345
-1.49634
-2.77556e-17
-2.77556e-17
-4.57703e-05
-0.0315732
0
0
0
0
0
0
0
0
0
0
0
0
0
0
0
0
0
0
0
0
0
0
0
0
0
0
0
0
0
0
0
0
0
0
0
0
0
0
0
0
0
0
0
0
0
0
0
0
0
0
0
0
0
0
0
0
0
0
0
0
0
0
0
0
0
0
0
0
0
0
0
0
0
0
0
0
0
0
0
0
0
0
0
0
0
0
0
0
0
0
0
0
0
0
0
0
0
0
0
0
0
0
0
0
0
0
0
0
0
0
0
0
0
0
0
0
0
0
0
0
0
0
0
0
0
0
0
0
0
0
0
0
0
0
0
0
0
0
0
0
0
0
0
0
0
0
0
0
0
0
0
0
0
0
0
0
0
0
0
0
0
0
0
0
0
0
0
0
0
0
0
0
0
0
0
0
0
0
0
0
0
0
0
0
0
0
0
0
0
0
0
0
0
0
0
0
0
0
0
0
0
0
0
0
0
0
0
0
0
0
0
0
0
0
0
0
0
0
0
0
0
0
0
0
0
0
0
0
0
0
0
0
0
0
0
0
0
0
0
0
0
0
0
0
0
0
0
0
0
0
0
0
0
0
0
0
0
0
0
0
0
0
0
0
0
0
0
0
0
0
0
0
0
0
0
0
0
0
0
0
0
0
0
0
0
0
0
0
0
0
0
0
0
0
0
0
0
0
0
0
0
0
0
0
0
0
0
0
0
0
0
0
0
0
-0.0187679
-6.14661e-05
-3.87716e-05
-2.77556e-17
-0.535433
-0.00536903
-1.95662
-0.758542
-0.694053
-0.614423
-5.56894e-05
-0.217781
-2.77556e-17
-0.426351
-5.79132e-05
-1.07835
-0.000366357
-2.02737e-05
-4.46321e-05
-0.0769782
-0
-6.14395e-05
2.77556e-17
-9.98061e-05
-0.0737974
-5.18243e-05
0
-0.000146316
-0.859529
-0.00939985
-0.000784036
-0.000171722
-0.327177
-6.80544e-05
-0.887336
-0.0363543
0
-1.57016e-05
-1.06753
-9.45614e-05
-0.00572667
-0.149126
-6.20634e-17
-0.000838424
-0.000149244
-1.95359
-1.47549
-5.24754e-05
-5.35395e-05
0
-0
-0.00242558
-1.75544
-0.183261
-0.000740579
-0.0116275
-0.757994
-1.75496e-05
-0.00535394
-0.000330496
-1.81624
-6.89073e-05
-0.000455913
-7.1169e-05
-0.000253466
-0.00163623
-0.000161821
-6.20634e-17
-0.000137612
-0.00123116
-0.232318
-0.0644266
-2.77556e-17
0
-0.0260703
0
-1.77842e-05
-5.49441e-05
-2.77556e-17
-4.35558e-05
-0.0558296
-0.00100643
-1.94382
-0.0914908
-0.000439094
-0.155148
-0.00745867
-0.222112
-0.000216619
-2.59322e-05
-0.00158182
-2.10256e-05
-0.000248908
-0
-8.46354e-05
-5.44407e-05
-0.155615
-2.06985e-05
-0.0293673
-0.000302613
-0.0329912
-0.000502291
-0.803328
-0.00831572
-0.0122856
-0.0022735
-0
-0.00268268
-0.00232653
-0.000863661
-0.184622
-8.72766e-05
-4.01868e-05
-7.87208e-05
-8.66289e-05
-0.000649615
-0.00010435
-8.55291e-05
-1.92507e-05
3.92523e-17
-0.0305153
-4.42055e-05
-1.9519
-7.26757e-05
-1.94878
-1.54266e-05
-1.46504
-6.43672e-05
-0.000160353
-0.0127103
-0.000193741
-2.77556e-17
-0.000248238
-0.0109421
-0.0190383
-0.0147403
-0.00310289
-7.93656e-05
-3.92523e-17
-0.000318281
-0.0801113
-0.000275523
-1.18408e-05
-0.265821
-0.0550676
-1.9403
-0.000206077
-0.000219013
-0.000413962
-0.00378919
-2.50626e-05
-0.433717
-0.939073
-0.000883033
-0.000113198
-0.0444135
-0
-6.20634e-17
-0.00299709
-1.04986e-05
0
-0.00687482
-0.000772029
-1.70636e-05
-6.65299e-05
-0.0066358
-1.85513
-9.67184e-05
-2.89239e-05
-0.0303884
-0
-2.76865e-05
-4.93965e-05
-7.26803e-05
-0.000304946
3.92523e-17
-0.0149707
-3.25115e-05
-1.58632e-05
-1.46538e-05
-2.19935e-05
-0.0633578
-0.000464759
-0.0744259
-0.00301091
-0.00928948
-0.00724002
-0.000148682
-0.000105721
-0.00919266
-1.66067e-05
-8.67017e-05
-0.000633407
-3.83964e-05
-0.00766745
-0.00117283
-0.000233849
-0.0921158
2.77556e-17
-1.9044
-0.120325
-0.00104171
-0.000502268
-3.04271e-05
-2.12811e-05
-0.012412
-0.211141
-0.00460121
-1.9582
0
-0.000794857
-2.77556e-17
-0.212377
3.92523e-17
-0.000179263
-5.49651e-05
-7.59817e-06
-1.13183
-0.00533101
-0.184885
-5.12369e-05
-3.2238e-05
-0.220066
-0.000464178
-0.145668
-3.22112e-05
-0.00465284
-0.000397525
-0.723406
-0.191456
-0.216239
-1.95353
-6.57265e-05
-6.7871e-05
-0.00408317
-2.05954e-05
-1.78741e-05
-1.3473e-05
-0.000409184
-0.115786
-0.00059344
-0.00740116
-1.95908
-1.47742
-0.394505
-0.00149968
-0.878985
2.77556e-17
-0.000115939
-8.34346e-05
-0
-0.31765
-7.08742e-05
0
-0.0866984
-5.34207e-05
-9.91272e-06
-2.46054e-05
-0.0297625
-6.6956e-05
-0.000216915
-5.55112e-17
-0.00285969
-1.80328e-05
-1.35429e-05
-1.95799
-0.599373
-3.22846e-05
-0.343773
-0.000895888
-0.409409
-0.0139004
-5.10642e-05
-0.38541
-1.28983e-05
-0
-4.43992e-05
-0.000734723
-0.00594858
-0.00018813
-0.220236
-0.542179
-0.528928
-0.0816814
-1.95625
-0.000115376
-0.0195491
2.77556e-17
-0.00618123
0
-1.40661
-0
-0.463462
-1.91269
-0.000136888
-1.55786
-1.56714e-05
-0.0789047
-0.0375121
-0.0744733
-1.92394
-0.170044
-1.31782e-05
-0.00530697
-0.679388
-1.94655
2.77556e-17
-0.204167
-0.00118683
-0.0397238
-0.00124152
-0.000126994
-1.89804
-8.67705e-05
-3.2181e-05
-3.92523e-17
-0.158061
-0.00840313
-0.0169505
-4.23276e-05
-0.281393
-6.73987e-05
-0.202424
-0.000790225
-1.96091
-0.0180039
-0.220187
-0.232308
-0.00196841
-0.00566945
-0.000219925
-0.000119918
-4.79884e-05
-0.00726431
-0.164196
-0.00355312
-0.00508884
-0.000371589
-6.13207e-05
-1.8226
-0.000427533
-6.16476e-05
-0.00401904
-0
-1.44737
-0.00881053
-5.6712e-05
-0.00016591
-7.37021e-05
-1.26096e-05
-0.00519706
-4.50634e-05
-0.201664
-3.29977e-05
-7.4998e-05
-0.00275197
-0.159452
-3.37784e-05
-0.168615
-1.59142e-05
0
-0.00140328
-1.81832e-05
-3.11471e-05
-0.0943628
-0.709879
-0.0392569
-0.0171124
-0.596076
-0.00868785
-0.000734235
-0.000952301
-1.74556
-0.000136243
-5.62055e-05
-9.13518e-05
-0.160173
-5.95922e-05
-0.217246
-1.95007
-1.39467
-0.000122075
-1.25159
-0.361453
-1.91966
-1.93615
-0.000123581
-5.58373e-05
2.77556e-17
-5.56199e-05
-6.9771e-05
-1.31697
-2.91594e-05
0
-0.0868354
-0.000315762
-0.000141578
-1.66722
-0.000346353
-2.11804e-05
-1.92426
-0.000126648
-0.0204472
-0.0164167
-2.89154e-05
-2.69807e-05
-1.15011
-0.043722
-0.000278941
-1.71229
-0.000117763
-0.333822
-1.34303
-9.93957e-05
-0.00205742
-1.73158
-1.88136
-1.47755
-0.197242
-4.47912e-05
-0.233888
-0.239071
-0.0101761
-0.005707
-0.00011755
-1.85392
-7.70641e-05
-0.00225286
-0.00875347
-0.000578089
-1.07467
-0.00517813
-2.68404e-05
-1.10471
-0.472299
-0.00499239
-2.6785e-05
-1.77028e-05
-5.96885e-05
-0.0578869
-1.54662
-0.00280561
-1.63201
-1.8245
-0.00548792
-9.75061e-05
-1.95978
-0.225839
-1.91899
-0
-0.754195
-8.40717e-05
-0.00247764
-0.444134
-0.185092
-2.27166e-05
-0.000125807
-0.116262
-0.000106067
-1.9576
-2.37711e-05
-0.000729887
-1.13738
-4.59698e-05
-0.21078
-0.173665
-0.0151664
-1.35658
-0.226782
-1.29661e-05
-0.231986
-1.7124
-1.8209
-0.000345431
-0.000160057
-1.72112e-05
-5.84294e-05
-1.80686
-0.00340189
-0.239536
-0.00372815
-0.649618
-7.27602e-05
-0.151066
-1.73504e-05
-2.98067e-05
-0
-0.000143729
-0.0850604
-1.78477e-05
-0.232338
-0.170217
-0.010951
-0.0377587
-1.86393
-0.0231627
-1.93097
-0.136868
-0.00276826
-0.371923
-0.00460463
-1.28887
0
-6.71281e-05
-4.89126e-05
-0.576916
-0.149458
-3.08136e-05
-0.332496
-0.0118976
-1.65217
-2.77556e-17
-0.168406
-0.00881414
-4.61727e-05
-0.870304
-5.67865e-05
-0.228985
-1.94407e-05
-4.27681e-05
-0.000245818
-0.0324876
-0.0224461
-7.80901e-05
-0.000145111
-0.0029996
-0.250083
-5.67077e-05
-0.0138303
-2.13243e-05
-8.12015e-05
-0.171718
-3.92523e-17
-0.621596
-0.166361
-0.00890269
-0.0072349
-0.27319
-0.00260142
-5.83729e-05
-1.12193
-4.04757e-05
-0.156705
-1.90894
-0.558664
-0.0180566
-0.000166591
-0.00216351
-0.160917
-0.28718
-0.0555898
-0.000140796
-0
-0.678056
-3.07843e-05
-9.92357e-05
-1.29647
-0.000173946
-0.166094
-1.75593e-05
-8.56997e-05
-0.20847
-1.28372
-0.0703606
-0.00157198
-2.54177e-05
-2.32475e-05
-0.615882
-0.0001762
2.77556e-17
-0.0290527
-0.00108843
2.77556e-17
-1.54937e-05
-0.134866
-0.000261639
-0.199874
-3.39989e-05
-9.62417e-05
-0.808723
-1.41133
-8.74404e-05
-0.81948
-0.0669051
-0.0652077
-8.03832e-05
-7.03261e-05
-9.64877e-05
2.77556e-17
-2.05002e-05
-3.15936e-05
-0.230559
-1.32656
-3.22838e-05
-0.194328
-0.228089
-0.000486466
-1.07017
-8.19714e-05
-3.70169e-05
-0.126326
-0.000206439
-0.144934
-0.0119681
-1.9512
-0.000148373
-0.772972
-7.11778e-05
-6.93923e-05
2.77556e-17
-2.77556e-17
-1.80766e-05
3.92523e-17
-0.363
-0.00504624
-0.000210335
-0.00024024
-1.22207
-1.48039
-0.812323
-1.94651
-3.76955e-05
-0.860779
-0.00280282
-7.96594e-05
0
-8.51644e-05
-9.23483e-05
-1.28624
-0.828063
-7.23846e-05
-1.37015
-0.293978
-0.225321
-0.172607
-0.000572763
-0.270013
-0.372897
-0.145435
-0.913254
-3.60709e-05
-1.80774
-4.46207e-05
-0.388547
-2.96997e-05
-2.77556e-17
-1.73068e-05
-0.508814
-0.0303789
-7.2429e-05
-0.188588
-1.32233
-5.9332e-05
-3.30507e-05
-0.00030236
-6.97494e-05
-0.15531
-0.001006
-0.00608362
-8.29162e-05
-0.000129608
-8.47981e-05
-0.0406201
2.77556e-17
-1.00747
-1.57572e-05
-0.000212988
-0.669356
-3.94742e-05
-1.66022
-0
-0.397811
-0.000360958
-1.1653
-4.86728e-05
-1.94711
-1.45171
0
-0.0250523
-0.849514
-0.556363
-0.000106782
3.92523e-17
-1.10178
-3.70688e-05
-5.9456e-05
-2.12042e-05
-0.00157855
0
-5.44167e-05
-0.215869
-0.211823
-7.22854e-05
-1.05346
-0.0037965
-1.87209
0
-2.77556e-17
-1.65994
-0.719639
-3.94187e-05
-0.00359671
-1.91928
-1.95995
-1.50752
-0.0675131
-0.730343
-8.88477e-05
-0.36199
-0.320113
-3.04322e-05
-3.58398e-05
-0.000645659
-0.000130051
-0.0349331
-1.19327
-8.29915e-05
-0.000354738
-0.379972
3.92523e-17
-0.000254324
-5.57658e-05
-0.0001287
-0.00054209
-3.92523e-17
-0.00013708
-1.75364
-1.15846e-05
-0.00473843
-0.00525841
-8.91694e-05
-0.0423687
-0
-1.93563
-1.95082
-0.593993
-1.85803
-4.16426e-05
-0.103182
-0.000380001
-0.000746457
-0.00015844
-0.158234
-2.52828e-05
2.77556e-17
-1.18166
-0.0283353
-2.77556e-17
-1.80879
-1.86773
-3.7114e-05
-1.4531
2.77556e-17
-0.000425997
-0.00305075
-0.000119029
-1.58289e-05
-0.0276578
-9.81966e-05
-0.000261475
-1.95736
-4.86902e-05
-5.58707e-05
0
-0.00014857
-2.62281e-05
-0.23436
-3.92523e-17
-0
-0.6688
-1.78067
-5.40701e-05
-0.000105308
-4.7361e-05
-0.000115341
-3.6583e-05
-0.450597
-0.0001734
-1.96097
-0.0217971
-1.36986
-0.00116659
-2.44592e-05
-1.66554
-0
-0.00258706
-1.49353
-0.346858
-4.03863e-05
-0.845137
-9.99596e-05
-5.15313e-05
-0.000203495
-1.43287
-2.14688e-05
-1.89262
-4.45008e-05
2.77556e-17
-1.19488
-0.000201801
-1.94671
0
-0.000216082
-0.0851922
-0.0474255
-1.42062
-0.000154421
-0.338681
-0.213447
-0.467463
-0.000239631
-1.95364
-1.43779
-0.000406282
-0
-0.0409831
-0.00018289
-1.84511
-4.44475e-05
-0.000145313
0
-1.95031
-1.03184
-8.26423e-05
-0.570074
-4.03331e-05
-9.89262e-05
-0.00054306
-0.000503701
-8.44911e-05
-7.06745e-05
-6.0077e-05
-0.947536
-3.76802e-05
-1.9435
-0.711979
-3.92523e-17
-0.000317528
-0.000362719
-2.77556e-17
-0.15254
-0.000241813
-1.87258
-0.0155153
-6.44808e-05
-1.95208
-0.522588
-0.000103833
-0.000217381
-8.74826e-05
-6.65801e-05
-0.000389994
-0
-0.000131064
-0.15546
-8.84809e-05
-1.88338
-1.95004
-1.95925
-0.988519
-0.964978
-5.55112e-17
-0.0508799
-0.441127
0
-0.223301
-7.33619e-05
-4.97697e-05
-2.92636e-05
-0.000216727
-0.0396493
-0.000199382
-7.96889e-05
-4.17529e-05
-3.3112e-05
-0.436497
-0.000151431
-1.0616
-0.0532312
-0.000106452
-1.94803
-7.23298e-05
-1.90165
0
-0.0323429
-0.0420393
-0.000144535
-1.51907
0
-1.93954
-3.59598e-05
-0.032403
-0.00259421
-0.00462769
-0.218894
-1.80057
-0.000998594
-2.88342e-05
-0.00016909
-1.95214
-0.000103828
-0.000778583
0
-1.6214
-4.32822e-05
-0.000168611
-0.0092027
-0.163204
-4.89907e-05
-0.430892
-1.58626
-6.48222e-05
-1.93825
0
-4.99864e-05
-0.00272634
-0.000167253
0
-0.16141
-0.00102429
-4.41298e-05
-5.79606e-05
-4.52982e-05
-5.21132e-05
-0.00515043
-0.000431822
-1.91264
-5.96123e-05
-0.100438
-9.09884e-05
-0.000110896
-0.000192278
-0.95458
-7.77412e-05
-3.1352e-05
-0.000430534
-0.00349814
-0.217627
-1.8953
-1.77844
-1.5367e-05
-3.05147e-05
-0.596539
-0.00080067
-1.4142
-0.000100296
-5.44079e-05
-0.0622058
-0.0182046
-4.7779e-05
-0.000145084
-1.30534
2.77556e-17
-9.70961e-05
2.77556e-17
2.77556e-17
-6.2404e-05
-4.43218e-05
-0.00012442
-2.938e-05
-4.42802e-05
-7.22101e-05
-0.453005
-1.18826
-0.00015178
-0.000750534
-0.000121542
-0.0342747
-0.000230793
-4.46064e-05
-0.000231979
-0.0084774
-0.0109146
-3.75125e-05
-6.37821e-05
0
-3.43158e-05
-1.03754
-0.000119684
-0.198049
-0.000925704
-7.94178e-05
-0.000203033
-3.58485e-05
-0.146285
-9.36812e-05
-5.43208e-05
-0.918795
-0.000255289
-1.30897e-05
-0.150992
-5.6597e-05
2.77556e-17
-0.000713855
-0.000267956
-4.96166e-05
-2.56125e-05
-0.226728
-8.22313e-05
-4.85797e-05
-0.000120943
-0.076524
-0.238038
-7.21622e-05
-3.24276e-05
-0.000183781
2.77556e-17
-1.62003
-1.41481
-0.000122424
-0.000518854
-0.000107124
-0.000214737
0
-0.000606512
-0.000182124
-0.000176662
-0.227335
-0.000120729
-0.0343853
-0.014202
-1.79459
-1.04996
-5.55112e-17
-6.93986e-05
-0.000123357
-4.77243e-05
-5.12909e-05
-0.210091
-0.000105659
-0.153037
-7.02729e-05
-1.14186
-0.0001249
-2.77556e-17
2.77556e-17
-3.92523e-17
-1.93171
-0.20553
-2.77556e-17
-0.000143513
-8.82597e-05
-1.51703
-0.000127559
-3.38179e-05
-0.000297823
-0.000281877
-0.931818
-3.92523e-17
-2.77556e-17
-8.74863e-05
0
-9.93306e-05
-1.92399
-1.95566
-2.98575e-05
-0.000189025
-0.000782238
-0.236937
-0.000342524
-0.000185222
-0.029911
-0.00013854
-0.000197364
-0.972982
-0.0264692
-0
-6.72117e-05
-0.220956
-0.000107688
-0.0260281
-4.52706e-05
-0.228158
2.77556e-17
-1.62244
-0.22909
-1.93625
-0.178993
-0.236437
-9.88145e-05
-4.72371e-05
-0.229182
-0.15021
-7.54969e-05
-0.00018512
-7.49712e-05
-0.000521351
-7.32877e-05
-0.000576322
3.92523e-17
0
-1.95483
-0.000139485
-0.000474415
-1.94495
-2.77556e-17
-1.98233e-05
0
-0.216259
-0.000365189
-0.0001287
-6.25905e-05
-3.90742e-05
-0.228064
-1.95554
-7.85046e-17
-4.5171e-05
-0.000172522
-0.000147634
-3.71218e-05
-1.22632
-6.25691e-05
-6.56273e-05
-0.198356
-0.000395999
-1.64258
-0.161116
0
-9.12912e-05
-5.15394e-05
-0.184159
-0.000200499
-0.020033
-0.123571
0
-0.0438043
-9.40336e-05
-6.26396e-05
-3.81515e-05
-0.000890905
-9.36132e-05
-0.226301
-6.40768e-05
-0.000108657
-0.26711
2.77556e-17
-0.000345472
-0.000786724
-0.236823
-0
-0.000157842
-0.000197044
-0.000352465
-0.00019699
-0.0258269
-7.65818e-05
-1.17726
-0
-0.0237388
-0.222572
-9.5396e-05
-0.000210614
-0.993232
-0.207964
-0.00051131
-0.0201114
-5.35132e-05
-0.000527959
-5.87056e-05
-4.22251e-05
-3.76207e-05
-1.9603
-0.000123608
-0.0327817
-0.000167663
-1.29441e-05
-0.000112122
-7.57906e-05
5.55112e-17
-0.000201949
-5.92756e-05
-0.0273281
-6.12556e-05
0
-3.08839e-05
-0.175024
-1.7779
-0.841166
-0.00323488
-0.000412956
-0.0631549
-5.71767e-05
-2.80541e-05
-0.000207042
-0.000136706
-0.369526
-9.6958e-05
-0.235351
-0.841595
-0.038864
-0.0933588
-0.226061
-0.0060528
-0
-0.00014674
-0.000105506
-0.00659697
-0.000112576
0
-0.000512948
0
-0.343282
-0.000109078
-0.214257
0
0
-0.00115539
-1.56762
-2.77556e-17
-0.0986293
-0.000247623
-0.000388394
-0.00655218
-1.7424e-05
-0.00391192
-0.00941101
-0.344868
-0.874498
-3.47669e-05
-8.80505e-05
-0.00013613
-0.0109977
-0.261228
-0.0001084
-0.00578104
-0.0809852
-1.94911
-0.788777
-0.201949
-1.72889
-0.504075
-0.0486743
-9.30743e-05
-0
-0.000304055
-1.16693
-0.172323
-0
-0.224109
-1.72065
-0.222356
-1.13241
-1.42804
-0.00037161
-0.408194
-3.92523e-17
-1.66104
-0.0429939
-0
-4.74821e-05
-5.42177e-05
-0.160218
-0.0261195
-0
-0.0196517
-0.000325364
-4.51149e-05
-3.84379e-05
-8.03174e-05
-0.00497725
-8.0777e-05
-5.90575e-05
-0.576872
-6.39068e-05
-3.0227e-05
-1.20939
-0.000103445
-1.36059e-05
-6.21324e-05
-0.0197317
-0.0340042
-7.70187e-05
-4.40573e-05
-0.184113
-0.0152606
-0.0210228
-0.000306802
-0.00103149
-4.21847e-05
-0.279664
8.32667e-17
-0.000113962
-0.234124
-0.000228883
-0.000120786
-0.000143715
-0.191167
-8.37793e-05
-0.000289462
-6.73414e-05
-5.96208e-05
-0.981312
-1.735
-3.53636e-05
-4.36425e-05
-0.0101618
-7.79473e-05
-0.000304592
-2.57423e-05
-1.94459
-0.000101251
-0.917272
-1.28628
-1.59397
-6.15849e-05
-1.36812
-9.61002e-05
0
-0.0295563
-4.95254e-05
-0.118473
-9.30187e-05
-0.88774
-1.49179
-0.000189676
-0
-1.23599
-1.57321
-6.0189e-05
-0.000209982
-0.137332
-0.00122672
5.55112e-17
-0.000586658
-8.93488e-05
-2.51789e-05
-0.000115309
-8.63289e-05
-7.17234e-05
-6.96975e-05
-0.000436229
-0.935687
-0.842613
-0.00047094
-3.92523e-17
-0.198692
-0.0341323
-8.13225e-05
-0.0259957
-0.273728
-7.32517e-05
-0.00511013
-1.67686e-05
-0.00016551
-5.37656e-05
-0.0244919
-0.0161213
-0.168797
-1.95616
-0.0589101
2.77556e-17
-4.1456e-05
-0.000244455
-0.38312
-0.0133542
-4.36831e-05
-0.000334306
-0.000191461
-0.0246548
-5.62854e-05
-0.00290017
3.92523e-17
-1.8725
-7.94127e-05
-5.24915e-05
-0.000211664
-1.77435
-1.94997
-0.250506
-1.07145e-05
-0.000152401
-0.039183
-5.55112e-17
-0.0162989
-0.140501
-0.0203427
-6.52162e-05
-1.9601
-0.468926
-3.78623e-05
-0.000106034
2.77556e-17
-1.14352
-0.0337681
-4.59416e-05
-2.77556e-17
-1.72773
-0.926663
-3.77431e-05
-0.199315
-1.79861
-6.41934e-05
-0.00183316
0
-1.8112
-0.0671308
-1.90865
-0.0139536
-9.67488e-05
-1.95655
0
-0.00010396
-0.334878
-0.0160169
-0.0350368
-0.000488646
-7.44674e-05
-1.91641e-05
-4.14901e-05
-5.73274e-05
-0.129447
-0.00022859
-0.895956
-0.000147885
-2.77556e-17
2.77556e-17
-0
-0.0529398
-0.0120638
-0.0120494
-0.000171657
-0.0116361
-0.480758
-0.000115595
-2.27471e-05
-0.000567589
-0.000107674
-0.000133364
-0.707073
-0.000523314
-0.000154993
-0.000143137
-0.0537129
-0.159942
-0.418783
-1.19153
-0.012182
-1.91334e-05
-0.224281
-0.000615236
-1.68989
-0.238461
-0.00024888
-0.215214
-0.227482
-0.249328
-0.000171777
-0.000217934
-0.000155097
-0.0158274
-5.62698e-05
-0.000136952
-0.00209339
-0.000467482
-0.691281
2.77556e-17
-0.000270615
0
-9.51654e-05
-0.00752999
-0.00025537
-0.000182324
-0.200167
-1.03065
-5.62505e-05
-8.89152e-05
-0.000136122
-0.0328618
-1.11873
-0.00012422
-0
-0.0367174
-8.28819e-05
-1.44829
-0.0104172
-0.0702285
-0.000145035
-0.00012766
-6.04997e-05
-0.0087035
-0.152355
0
-0.000251066
-4.89642e-05
-0.156368
-8.12024e-05
-0.0314496
-0.629926
-0.465308
-7.36855e-05
-2.93167e-05
0
-1.741
-1.85896e-05
-0.000236477
-0.00164162
-1.95959
-0.000219635
-0.000469189
-1.45933
-0.00047188
-0.0214012
-0.225461
-0.0165491
-6.73538e-05
-2.05068e-05
0
-0.0176504
-6.45911e-05
-0.44249
-0.0148979
-0.0166942
-0.0478038
-2.51047e-05
-5.44796e-05
-0.0060234
-0.164931
-0.000158045
-0.000121453
-0.000172991
-0.140361
-0.00067845
-0.000503103
0
-0.000325786
-3.83883e-05
-3.12668e-05
-0.0240329
-0.192218
-0.000181808
-0.95038
-1.3441
-1.95209
-0.254268
-0.148782
-1.77518e-05
-2.90344e-05
-0.305561
-2.77556e-17
-0.000131585
-0.0628208
-0.000106749
-0.000332705
-0.131513
-0.263956
-8.26979e-05
-0.00570698
-1.96007
-5.45255e-05
-0.0101165
-9.0874e-05
-3.92523e-17
-2.77556e-17
-7.50943e-05
-6.02061e-05
-1.68447
-8.52678e-05
-0.235921
-1.82533
-0.0605879
2.77556e-17
-0.0139741
-8.09283e-05
-0.286484
-0.0411687
-0.00776359
2.77556e-17
-0.000163968
-9.67389e-05
-0.285448
-0.000156957
-1.84081
-0.0103796
-0.0215913
-0.000114863
-0.0181589
-2.77556e-17
-0.00017692
6.20634e-17
-0.160802
-0.000123388
-5.44676e-05
-0.000491271
-0.00037943
-9.23677e-05
-1.50467
-9.42254e-05
-1.32115
-0.0546111
-9.53911e-05
-0.000109829
-0.000104023
-0.0085167
-0.000171398
-5.51189e-05
-0.000268646
-4.76516e-05
-6.4379e-05
-0.40365
-0.0306852
-1.29041
-0.958638
-0.147409
-0.000184755
-7.60754e-05
-1.9148
-1.49969
-1.95496
-0.0646969
-0.0593284
-0.00332461
-1.38634
-6.85342e-05
-2.77556e-17
-0.125669
-0.0308658
-0.284979
-9.89256e-05
-0.818158
-0.0811387
-0.000108962
-0.000100396
-0.32644
-0.000134765
-6.20634e-17
-0.913391
-4.43724e-05
-5.18302e-06
-4.29834e-05
-0.763902
-1.95672
-3.6325e-05
-0.160837
-4.57199e-05
-0
-4.97307e-05
-0.0145968
-0.000194301
-0.0001804
-0.000283363
-0.0112621
-3.65264e-05
-1.15651
-0.000147502
-6.12389e-05
-3.32091e-05
-0.000125447
-0.000132214
-0.000217115
-8.50613e-05
-8.88045e-05
-0.000749185
-0.711784
-0.000112137
-1.95125
-0.151486
-1.62143
-8.29962e-05
-3.28748e-05
-8.13192e-05
-6.65779e-05
-0.000185816
-1.95503
-0.0046597
-0.00071433
-0.000278527
-5.79419e-05
-0.908246
-0.00693999
-0
2.77556e-17
-5.55112e-17
-4.09735e-05
-0.00298798
-1.44548
-0.0190743
-2.28711e-05
-0.0267931
-0.543416
-8.23327e-05
0
-2.77556e-17
-0.23939
-1.95357
-0.352702
-0.173587
-0.812118
-0.0187398
-0.00107996
-0.0732637
-0.00583393
-0.000139871
-0.000210141
-0.0191813
-0.0716254
-0.230049
-1.43026
-0.78979
-1.45325
-3.48011e-05
-0.000109476
-0.206921
-3.97019e-05
-1.89549
-0.000153205
-0.216165
-0.000129572
-6.96611e-05
-4.10922e-05
-2.77556e-17
-0.000178142
-3.35784e-05
-0.0497871
-1.93431
-3.68711e-05
-1.30234
-0.086539
-0.0512137
-1.94406
-1.64254
-1.60103
2.77556e-17
-0.0227245
-4.87156e-05
-0.00240822
-0.00015215
-2.77556e-17
-0.000283439
-0.0475104
-0.00167505
-0.000152917
-0.864699
-5.27696e-05
-0.0338392
-1.31052e-05
-2.54826e-05
-0
-1.50877e-05
-5.673e-05
-1.95938
-1.71379
-0.00426357
-1.1678
-5.71456e-05
-7.9644e-05
-0.639976
-0.175394
-0.000126874
-5.71037e-05
-0.00615781
-0.00186617
-0.000209149
-5.40917e-05
-5.54699e-05
-8.72105e-05
-0.182747
-0.00053629
0
-5.00882e-05
0
-0.0153685
-0.000339023
-0.000149296
-0.000485689
-1.07771
-0.233638
-0.148671
-8.26358e-05
-0.000305673
-5.29571e-05
-6.04715e-05
-0.000244333
-0.0886278
-0.646447
-7.95014e-05
-7.47641e-05
-1.90398
-4.7516e-05
-0.609766
3.92523e-17
-2.82261e-05
-4.21757e-05
-0.000122716
-2.24501e-05
0
-4.24106e-05
-0.000113652
-0.000285818
-1.95716
-0.06679
-5.5333e-05
-0.297498
-0.000236774
-0.000221529
6.20634e-17
-0.000177444
-0.0391544
-4.45465e-05
-0.134515
-0.000388404
-2.77556e-17
-0.00016901
-0.000109698
-0.0166042
-0.0489207
-0.0428341
-0.000363741
-0.000112997
-1.92711
-0.000188981
-1.14933
-3.24925e-05
-5.87254e-05
-0.000188219
-0.000748739
-4.28961e-05
-0.000451346
-3.72289e-05
-0.00330651
-0.139187
-0.53905
-0.0431851
-0.0893835
-4.05787e-05
3.92523e-17
-0.000132337
0
-0.195504
-0.0371904
-0.195428
-0.0929905
-8.47183e-05
-0.000181191
2.77556e-17
-0.117545
-0.0343849
-0.000114835
-0.00285298
-0.569016
-0.0520285
-3.98382e-05
-0.000162996
-0.0356462
-0.635114
-1.34617
-0.000338946
2.77556e-17
-0.00846255
-0.0200111
-0.000240604
-3.30334e-05
-0.0737551
2.77556e-17
-0.00027168
-1.95811
-0.000104602
-5.16209e-05
-0.700666
-1.94911
-0.000233726
-1.87829
-0.000498348
-0.0225543
-0.000249685
-0.0530807
-3.55236e-05
-0.0463353
-0.0315322
-3.92523e-17
-0.000145323
-0.000118589
-2.77556e-17
-0.229843
-1.9493
-0.00323826
-0.000555066
-0.00185828
0
-0.0201062
-0.000165188
-0.000217291
-0.142349
-1.33011
-1.9528
-3.39115e-05
-6.94543e-05
-1.9513
-3.92523e-17
-1.95954
-0.651107
8.32667e-17
0
-6.63786e-05
-1.94204
-0.237302
-1.93918
-7.62951e-05
-0.000138796
-0.0184633
-1.80184
-0
-5.9208e-05
-2.77556e-17
-1.95211
-0.00575801
-0.218894
-0.339003
-0.0383173
-6.89503e-05
-0.188139
0
-0.0132404
-1.50316
-0.0266662
-0.156299
-0.000211839
-0.000128222
-1.91854
-5.142e-05
-0.25664
-0.0566759
-4.27047e-05
-0.000109035
-6.81624e-05
-0.224551
-1.56435e-05
-0.00720911
-0.000120545
-0.000209216
-4.15883e-05
-2.77556e-17
-0.00659053
-8.08013e-05
-0.0474529
-3.59583e-05
-6.48644e-05
-0
-0.238718
-1.95468
-2.75794e-05
-0.234377
0
-6.21064e-05
-0.028944
-0.000141493
-0
-0.154725
-0.0181577
-1.63931
-0.363914
-0.200832
-9.49374e-05
-0.164959
-2.44986e-05
-0.043573
-3.12585e-05
-3.92523e-17
-0
-0.000101979
-0.149935
2.77556e-17
-1.95619
-0.00023543
-3.60349e-05
-0.261445
-0.0809082
2.77556e-17
0
-1.95988
-0.455192
-0.000285863
-8.73493e-05
-0.198718
-2.95498e-05
-0.0098437
-0.0505221
-0.000106482
-1.68551e-05
-4.83917e-05
-0.903504
-4.60194e-05
-0.387758
-0.0206665
-0.119603
-0.146774
3.92523e-17
-7.51857e-05
-1.9088
2.77556e-17
-1.25775
-0.0488994
-0.379423
-0.227099
-0
0
-0.000150204
-0.0508491
-0.000113018
-4.95838e-05
-0.145189
-2.39942e-05
-0.000120811
-0.0261161
-0.000116867
-1.95762
-7.2378e-05
-0.167473
-0.0984831
-0.0130879
-1.63626
-0.0203216
-3.86397e-05
-2.77556e-17
-1.83405
-0.0772226
-1.95936
-0.987949
-0.636298
-0.605637
-0.0102966
-4.04347e-05
-0.317867
-0.000133093
-0.208809
-0.000140972
-0.0250303
0
-2.77556e-17
-0.000258321
-5.347e-05
-1.95741
-6.61995e-05
-0.239718
-0.0233919
-0
-0.000483249
-0.665381
-0.000523121
-0.00849167
-6.43215e-05
-5.90607e-05
-1.94269
-0.000201042
-5.16471e-05
-1.13606
-0.018492
-0.10313
-2.82053e-05
-3.14078e-05
-0.0583227
-1.94273
-0.138985
-0.000417986
0
-0.0161759
-0.000680088
-0.97052
-0.0170477
-0.277269
-1.06779
-0
3.92523e-17
-0
-0.00121871
-0.000199731
3.92523e-17
-1.88437
-1.46328
-0.1702
-5.14444e-05
-1.82966
-7.95983e-05
-0.0244279
-0.996817
-0.0578462
-0.110847
-2.77556e-17
-0.13576
3.92523e-17
-0.0741447
-0.00015359
-4.76785e-05
-0.0218393
-3.89146e-05
-5.66663e-05
-0.0181343
-0.07604
-0.000275484
-1.65194
-3.51593e-05
-0.238454
-0.774418
-0.0381205
-0.666377
-0.239521
-0.28578
-0.0763002
-0.000589434
0
-9.38567e-05
-8.71408e-05
-0.058249
-0.0222835
-0.157239
0
-5.55112e-17
-0.00225442
-0.000143589
-0.1559
-0.0144077
-4.15153e-05
-7.65779e-05
-0.0314652
-0.140723
-3.51963e-05
-0.9673
-0.13032
-0.751087
-1.32641
-0.344713
2.77556e-17
-2.77556e-17
-0.000153224
-1.0554e-05
-2.01597e-05
3.92523e-17
-0.0143302
-0.000321592
-3.47218e-05
-0.000215018
-4.21762e-05
-0.0311478
-1.95931
2.77556e-17
-0.0884292
-2.13065e-05
-4.33424e-05
-0.914384
-0.000113313
-0.0246803
-2.77556e-17
-2.47931e-05
-0.213646
-0.0235095
-0
-0.0119303
-4.85598e-05
-0.0212298
-2.01932e-05
-0.0956764
-0.00659836
2.77556e-17
-7.32842e-05
0
-0.000223335
-0.000615597
-1.5683e-05
-0.205943
-1.42898
-0.0234981
-0.0509786
-0.143658
-0.0389295
-0
-3.31936e-05
-0.0597107
-0
-0.077065
-0.0484479
-1.70832
-7.31636e-05
-2.35161e-05
-0.000136117
2.77556e-17
-0
0
-0.0275005
-5.8268e-05
-0.546065
-0.139936
-3.77134e-05
-0.269071
-4.60354e-05
-0.0379292
-0.898494
-2.52666e-05
-0
-0.000143597
-0.00830588
-0.000208093
-0.000134542
-1.37491
-0.0925617
-0
-8.54204e-05
-3.92523e-17
-2.77556e-17
-3.12649e-05
-0.000758182
-2.82165e-05
2.77556e-17
-0.084031
-2.63785e-05
-0.230426
0
-0.178281
-0.0142645
-0.0783217
-0.0696444
-0
-0.206868
-2.91179e-05
-0.18765
-5.06149e-05
-0
-0.291323
-0
-4.66908e-05
-0.566736
0
-0.0441852
-0.0614092
-2.77556e-17
-3.2124e-05
-0.00207921
-2.26527e-05
-2.77556e-17
-1.54868e-05
-1.02308
-4.66916e-05
-0
-0.000127908
-0.0845708
-0.392945
-1.96087
-5.14842e-05
-1.95129e-05
-0.687615
-0.764387
-0.000135221
-0.0618733
-6.7399e-05
-0.000188574
-0.00544739
3.92523e-17
-0.171532
-0.0698901
-8.90379e-05
-3.92523e-17
-5.01557e-05
-0.000185185
-0.0458538
-0.14304
-6.1354e-05
-0.0274862
-0.751259
-0.0154994
-0.0125576
-0.1563
-0.000514637
-0.0234377
-2.77556e-17
-0.0143815
-8.80398e-05
3.92523e-17
-3.34885e-05
-5.08025e-05
-1.93192
-0.406197
-0
-1.28367e-05
-6.91234e-05
-0.000351474
-3.92523e-17
-0.0022396
-0
-0.00133041
-4.11411e-05
-1.92593
-0.0051942
-0.0428348
-2.77556e-17
-0.192147
-3.99087e-05
2.77556e-17
-8.00527e-05
-6.5806e-05
-0.163782
-8.1305e-05
-3.00106e-05
-6.74019e-05
-0.000182658
0
-0.00085615
-3.92523e-17
-0.00015898
-1.9434
3.92523e-17
-2.77556e-17
-0.211997
-3.55938e-05
-2.7371e-05
-0.0523347
-5.26208e-05
-0.0330831
-0.599714
-0.00399558
-8.21137e-05
-0.181641
0
-1.52815e-05
-0.00015242
2.77556e-17
-0.188325
-0.160928
-3.52966e-05
-1.61822
-0.985599
-0.138005
-1.09983
-2.12006e-05
-6.34036e-05
-4.75065e-05
-0.674555
-0.0436882
-1.86046
-1.89076
-0.0331753
-0.100573
-5.65732e-05
-0.0294428
-0.393115
-0.633277
-0.121876
-0.706227
-3.48794e-05
-0.683513
-8.40725e-05
-0.272574
-0.498946
0
-2.37693e-05
-0.0356957
-0.0391587
-0.091917
-0.581884
-0.000104071
-4.94052e-05
-0.0606757
-4.22419e-05
-0.00611889
-1.88787
-0.00168307
-3.68151e-05
0
-1.93183
-6.22963e-05
-1.72642
-3.5821e-05
0
-0.000100494
-0.0063951
-7.58614e-06
-3.55225e-05
-9.05442e-05
-4.2673e-05
-0.169531
-0.000171396
-0.028562
-0.000145366
-0.00165942
-2.77556e-17
0
-0.00195572
-3.40368e-05
-4.04046e-05
-3.30828e-05
-2.77556e-17
-1.96058
-0.144555
-0
-0.0540049
-6.39988e-05
-1.31732
-6.83832e-05
-1.95455
-1.07567e-05
-8.4156e-05
-0.404388
-2.77556e-17
-0
-4.71349e-05
-4.79583e-05
-0.728616
2.77556e-17
-1.42121e-05
-1.64857
-1.0992
-9.63914e-06
-2.7767e-05
-0.0109659
-0.017917
-5.95186e-05
-2.77556e-17
-0.0394093
-8.34974e-05
-2.77556e-17
-4.33851e-05
-1.94462
-3.90343e-05
-7.47969e-05
-0.601739
-5.09152e-05
-2.94695e-05
-0.160295
-4.40104e-05
-0.000131031
-8.28671e-05
-8.57235e-05
-0
-3.20873e-05
-1.53759e-05
-2.40093e-05
-0.0389489
-0.0206164
-0.235541
-1.9233
-1.95799
-4.30031e-05
-0.805627
-4.22028e-05
-2.77556e-17
2.77556e-17
-0.274718
-2.77556e-17
-0.000152002
-0.0175554
-2.77556e-17
-2.77556e-17
0
-1.69644e-05
-0.0491901
-0
-0
5.55112e-17
-1.74776e-05
-0.000434629
6.20634e-17
-1.5854e-05
-6.29028e-05
-0.0125569
-3.02547e-05
0
-2.77556e-17
-0.187625
-0.000165581
-1.68632
-0.000172447
-2.77556e-17
-1.95877
0
-0.155494
-0.0169332
-3.5827e-05
-1.10002
-0.0118785
-9.78476e-05
-0.0301302
-5.00576e-05
-0.0553052
-5.00679e-05
-0.0420426
-4.65353e-05
-2.91513e-05
2.77556e-17
-2.02901e-05
-0.0744112
-7.88606e-05
-1.91767e-05
-0.0377074
-0.108442
-0.0544871
-0.149151
-0.0629406
-0.223207
-7.9258e-05
-0.173846
-0.11297
-1.64714e-05
-0.016065
-2.77556e-17
-0.151761
-2.77556e-17
-2.77556e-17
-0.632241
-0.0087523
-0.00811314
0
-3.49701e-05
-0.0350933
-0.962721
-0.0567511
-0.429582
-0.00018262
2.77556e-17
-3.03222e-05
-0.1361
-0.000118077
0
-2.77556e-17
-0.027036
-1.93402
-0.0263033
-3.69044e-05
-1.95053
-0.0281157
-9.72624e-06
2.77556e-17
-0.000104956
-0.669084
-2.15384e-05
-1.90958
-3.17178e-05
-1.13313e-05
-0.111339
-2.83053e-05
-2.77556e-17
-0.113978
-1.15871
-0
-0.000180677
-3.42829e-05
-5.65723e-05
-7.47395e-05
-1.52573e-05
0
-6.81037e-05
-0.000100535
-0.0350821
-3.59314e-05
-1.0525
-0.00035937
-0.460756
-0.00263673
-1.68059e-05
-0.0844351
-8.41846e-05
-1.37568
-0.0138694
-0
-0.00183481
-0.0250067
-0.028877
-0.913184
-0.118272
2.77556e-17
-4.8676e-05
-0.076305
-0.00883456
-0.0393549
-0.720292
-0.0703985
-6.43524e-06
-4.63295e-05
-0
-0.221968
-1.85881e-05
-3.92523e-17
-0.0455633
-0.23093
-0
-5.12402e-05
-0.0137333
-0.556513
-0.408833
-9.91689e-05
-0.0878814
-0.0598317
-0.560673
0
2.77556e-17
-3.47885e-05
-0.040442
-3.41083e-05
-0
-0.000304304
-1.24111
-4.28545e-05
-0.0761669
-0.000107321
-0.202556
2.77556e-17
-0.137361
-3.92523e-17
-9.93905e-05
-0.0118595
-6.45575e-05
-0.322818
-2.77556e-17
-0.0280618
-0.000355361
-0.0563887
-2.33489e-05
-2.2307e-05
-0.275686
-0.0220691
-5.26136e-05
-0.000267659
-2.32317e-05
-6.17534e-05
-5.48368e-05
-1.94283
-0.349552
-3.92523e-17
-5.03188e-05
-0.00100198
-2.43087e-05
-0.048618
-0.0203992
-1.95877
-2.77556e-17
-8.27611e-05
-1.66411e-05
-2.54562e-05
-3.33756e-05
-0.00513413
0
-0.0657455
-0.223118
-0.0616781
-6.20634e-17
3.92523e-17
-3.92523e-17
-2.42365e-05
-2.0047e-05
-1.95371
-3.07243e-05
-0.11802
-0.000160857
-0.00141339
-0.000978077
3.92523e-17
-3.89012e-05
-0.201864
-0
-3.83583e-05
-4.14758e-05
-6.50419e-05
-1.1862
-0.0295522
0
-7.54354e-05
-0.000705059
-0.0557177
-0.000204167
2.77556e-17
-0.000145026
2.77556e-17
-0.0273979
0
-8.57613e-05
-0.000186603
0
5.55112e-17
-5.19323e-05
-3.92523e-17
3.92523e-17
-0.000199338
-2.14971e-05
-2.77556e-17
-0
-0.000126969
-0.028876
-0
-8.87527e-05
-3.92523e-17
-5.14595e-05
-5.73469e-05
-1.54634e-05
-1.69246e-05
0
-2.90875e-05
-0.000493528
-2.19933e-05
-6.20634e-17
-2.77177e-05
-2.78301e-05
-2.77556e-17
-0.00121957
-0
-0.0437265
-0.683624
-0.0185046
-1.95478
2.77556e-17
-0.000203218
-1.95865
3.92523e-17
-2.89342e-05
-0
-0.0508131
-0.10054
-0.0693684
-0.0111009
-0
-4.29941e-05
-5.08272e-05
-0.567546
-1.24224e-05
-0.712739
-2.44951e-05
0
-2.36851e-05
-7.04118e-05
-1.54325
-0.0346096
-0.00707451
-2.77556e-17
-0.00672673
-0.0323115
-8.76648e-05
-5.18079e-05
-8.5909e-06
-7.927e-06
-0
-3.92523e-17
-0.881343
-0.000101293
-0.00230618
-3.68116e-05
-0.071432
-0.0259238
-0.0128209
-6.25305e-05
-0.0115323
-6.20634e-17
-5.79328e-05
-0.000105937
-0.00186351
-0.000827041
-1.16199e-05
-0.00445694
-1.83814
-6.38508e-05
0
-0.0132333
-0.00583429
-0.000165156
0
-7.15274e-05
-3.81393e-05
-0.238985
-2.77556e-17
-0.000449029
-1.71251e-05
-1.09058e-05
-1.38076e-05
-0.000455187
-0.00613085
-2.30309e-05
-3.16422e-05
-3.78871e-05
-0
-1.4782e-05
-2.84827e-05
0
-0.00207739
-0.000282995
-0
-3.73304e-05
-1.13577
-0.0455137
-5.81434e-05
2.77556e-17
-0.0343268
-0.0105862
-0.00174431
3.92523e-17
-0
-6.88051e-05
-0.000917036
-0
-0.198655
-0
-0.000655568
-3.17616e-05
2.77556e-17
-0.0658025
-1.22303
-0.114353
-0.568744
-7.15663e-05
-0.00560911
-0.0491376
-0.00148539
-0.0044279
-1.71261e-05
-0.0108988
-0.00566552
-2.00468e-05
-0.178154
-0.000105244
-0.000894322
-0.0014449
0
-4.37828e-05
-0
-0.0215107
-5.94789e-05
-3.92523e-17
-0.0622659
-2.77556e-17
-8.27895e-05
-0.0033552
-1.80246e-05
-0.0016167
-2.41334e-05
-6.80991e-05
-0.00042338
-7.49198e-05
-5.21582e-05
-7.52745e-05
-6.34974e-05
-0.000211306
-0.0440635
-0.138035
-9.81212e-05
-9.10168e-05
2.77556e-17
-0.0805764
-2.07293e-05
-0.0477494
-0.000114093
-0.000470235
-0.0207766
-0.00012118
-0.007936
2.77556e-17
-6.74252e-05
0
-0.00358913
-0.0344122
-4.68387e-05
-9.99883e-05
-2.77556e-17
-2.77556e-17
-5.27214e-05
-0.000181189
-0.000147357
-0.86865
-0.00564108
-2.82375e-05
-0.0308007
-0.00206578
-1.11441
2.77556e-17
-0.00241638
-1.12751
-1.95336
-0.000898006
-0.00510333
-0.000102566
-2.64893e-05
-0.00763546
-0.233961
0
-0.0088964
0
-0.00183574
-0.0733883
-4.52877e-05
0
-0.0176974
-0.0169033
-7.17313e-05
0
-0.477586
-0.0421589
-0.0835475
-0.00110191
-0.0001407
-0.00297537
-0.0088557
-0.0650958
-0.00717635
-3.53405e-05
-8.66051e-05
-0.558163
0
-0.00366916
-1.8549e-05
-0.00537755
-4.39888e-05
-0.0206698
-0.0241864
-2.69891e-05
-0.00752482
3.92523e-17
-1.86026
-0.00675952
0
-0.00110125
-4.72542e-05
-4.0116e-05
-0.00134688
-1.03232e-05
-0.00497948
-0.00121742
-0.00382809
-0.00363702
-0.003561
-0.00317676
-0.000158523
0
-0.000198751
-4.79941e-05
-0.00160775
-0.000161269
-0.0961547
-8.3882e-05
-0.00322407
-3.43083e-05
-0.0069246
-3.55472e-05
-0.00201904
2.77556e-17
-0.044113
-0.027588
-0.00824232
-0.00131798
-0.00400717
-0.0100672
-0.0038621
-0.0716445
0
-4.52107e-05
-0.00153455
-0.00253627
-3.94471e-05
-0.00201064
-0
-3.97162e-05
-0.0894997
-0.0531404
-3.34962e-05
-1.46425
-3.49963e-05
-1.92633
-5.16634e-05
-0.381986
-1.01594
2.77556e-17
-1.93119
-0
-9.28245e-05
-1.8402e-05
-3.27202e-05
-0.0424929
-0.000702675
-0
-0.0214257
-0.0091583
-0.000100504
-0.0043464
-0.0432641
-0.00315175
-2.77556e-17
-0.00452022
-0.297077
-0.0400665
-6.49929e-05
-0.0325673
-0.00125206
-0.0848455
-0.0259897
-7.64995e-05
-2.65386e-05
-0.00320553
-0.00385935
-2.49439e-05
-0.00287047
-0.0381371
-5.67773e-05
-0.0682162
-2.77556e-17
-0.00730833
-0.0430004
-0.220356
-0.068509
-8.44106e-05
-8.02766e-06
-0.0022966
-4.85258e-05
-3.31385e-05
-0.0237575
-6.86578e-05
2.77556e-17
-1.94527
-7.29357e-05
-0.00406084
-0.000648232
-0.00292603
-0.00318803
-0.000101725
-0.00967445
-3.9622e-05
-0.00162927
-0.000357194
-2.75678e-05
-0.00106613
-0.000120359
-0.033268
-0.00299741
-0.00152771
-0.00293444
-0.495678
-0.000857735
-7.1335e-05
-0.00380516
-0.000951418
-0.00754063
-1.94887
-0.0750744
-1.51039e-05
-2.5778e-05
-0.0025204
-0.0186595
-0.212914
-7.83666e-05
-0.00264714
-2.31146e-05
-0.00838195
-0.00193672
-6.28734e-05
-0.0554271
-0.00285544
-0.00475329
-0.0110052
-2.77556e-17
-0.00212498
-0.0236816
-3.92523e-17
-1.17064e-05
-0.000623503
-0.226541
-1.92017e-05
-0.00342248
-0.00243721
-3.54006e-05
-0.00223425
-6.46454e-05
-3.13428e-05
-1.26508e-05
-1.29326
-0.0022196
-3.63025e-05
-1.27403
-0.0147225
-0.0117978
-0.0249985
-1.18722e-05
-5.719e-05
-0.00545173
-0.0725244
-0
-0.00522019
-0.00133824
-0.0569912
-2.65018e-05
2.77556e-17
-1.68868
-1.93638e-05
-0.0271653
-4.00039e-05
0
-0.000834197
-0.000135667
-3.92523e-17
-4.86187e-05
-0
-0.00110036
-0.00368667
-9.21935e-05
-0.200633
-0.00569108
-0.0139645
-0.112286
2.77556e-17
-0.0187273
-2.65388e-05
-4.65765e-05
-4.40695e-05
0
-0.0087637
-0.00768746
-0.0249028
-2.62045e-05
-9.4204e-05
-1.42108e-05
-0.00139866
-0.0382927
-5.95505e-05
-0.15717
-0.00137654
-2.77556e-17
-0.000944115
-0.00126667
-0.000168703
-0.0296824
-4.32513e-05
-3.99048e-05
-0.00120302
-0.20788
0
0
-0.0951072
0
-0.00207631
-0.0047163
-0.00343504
-0.00297429
-0.000958529
0
-0
-0
-0.00202391
-0.0173608
3.92523e-17
-0.0116611
-0.420374
-0.0263806
-0.000233939
-1.97877e-05
-0.0221009
-3.00424e-05
-0.000382278
-0.261989
-6.98226e-05
2.77556e-17
-4.35754e-05
-7.76428e-05
-0.00954137
-0.00018586
-0
-0.000482623
-0.960525
-0.00244707
-6.80611e-05
-0.00542272
-4.12582e-05
-0.000117929
-0.00174445
-0.0144869
-9.34408e-05
-1.4358
-0
-5.39768e-05
-1.90919e-05
-0.0165524
-1.09116e-05
-0.00814793
-9.47991e-06
-0.000105084
-0.0851922
-3.07146e-05
-4.73101e-05
-2.77556e-17
-0.0656474
-0.000168071
-2.59588e-05
2.77556e-17
-3.92586e-05
-7.42812e-05
-4.34772e-05
-5.68767e-06
-1.9426
-3.19767e-05
-0.0209781
-0.0802856
-0.00090295
-0.0162626
-0
-3.36613e-05
-0.000146936
-0.875731
-0.000409202
-0.000521017
-2.77556e-17
-1.32624
-0.759611
-0.000593904
-0.791636
-0.834233
-1.95293
-0.00389006
-0.296642
-2.77556e-17
-0.151136
3.92523e-17
-1.95657
-0.0234998
-2.22081e-05
-0
-0.00346263
-2.07214e-05
-1.68307e-05
-6.88849e-05
0
-3.46284e-05
-1.95976
-8.21979e-05
-6.06826e-05
-0.0121007
-0.00134293
-0.008536
-0.213575
7.85046e-17
-2.38008e-05
-0.028359
-0.721509
-0.000753578
-1.62103e-05
-0.0138604
-2.55961e-05
-0.0631725
-7.17933e-05
-0.889639
-0.000770889
-0.000106896
-1.2844e-05
-7.23429e-05
-0.00432537
-2.77556e-17
-1.94916
-0.0161697
0
-0.35089
-4.74175e-05
3.92523e-17
-0.0200078
-0.0216255
-1.64586
-0
-0.0643407
-1.17467
-5.00808e-05
2.77556e-17
-0.830171
-0.00216539
-1.23561
-0.000589373
-0.000745087
-1.94704
-0.0296917
-0.000135807
-4.48053e-05
-0.00147157
-6.20634e-17
-1.03045e-05
-0.0518074
0
-3.92523e-17
-0.0688154
-2.77556e-17
-0.407551
-0.00184178
-0.012986
-0.00120006
0
-0.0012931
-0.0612608
-0.000105606
-0.0604533
-0.16018
-0.0150802
2.77556e-17
-0
-0.000411624
-1.38697
0
2.77556e-17
-3.44269e-05
-0.0239681
-1.86704e-05
-1.9355
-3.27858e-05
-0.0165778
-0.0063412
-2.66023e-05
-0.129055
-3.0824e-05
-3.29564e-05
-0
-1.95882
-1.4299
3.92523e-17
-3.16845e-05
-0.0425313
-0.0184908
-0.030843
-0.206447
-4.98549e-05
-0.00146523
-0.0665292
-0.01481
-0.434821
-0.018249
-0.000244693
-0.0423411
-0.0655546
-2.9177e-05
-0.00269845
0
-1.60519e-05
-0.000188787
-7.1191e-05
-7.12196e-05
-6.04421e-05
-0.970967
-1.02317
3.92523e-17
-1.61278
-0.0127529
-0.00184336
-0.00339884
-0.0327285
-4.13881e-05
-0.378183
-0.000122331
-0.0822842
-0.0038433
-1.76489
-0.00720315
2.77556e-17
-0.0229267
-0.0107026
-0
-0.00120512
-0.075557
-0.0111373
-7.26311e-05
-0.134804
-0.00154504
-0.193438
-2.77556e-17
-0.0103759
-0.0114196
-4.61865e-05
-0.000604134
-0.0221701
-2.77556e-17
-0.00015067
-1.6853
-4.55759e-05
-4.35337e-05
-4.16015e-05
-2.60083e-05
-1.95885
-0.000427164
0
-1.9607
0
-0.11192
-0.000277528
-0.000797111
-0.00927344
-6.50101e-05
-7.52269e-05
-0.00642269
6.20634e-17
-1.42487e-05
-0.000641856
-0.00409131
-0.000182147
-0.0368259
-0.000819873
-0.00221718
-0.0723623
-0.000169382
-0.0205407
-3.83864e-05
-1.69514e-05
-0.00797239
-7.98762e-05
-3.4644e-05
-0.00652919
-0.0014647
-6.6029e-05
-0.0722798
-0
-0.0680513
-0.0105343
-0.0723309
-3.92523e-17
-5.19085e-05
-0.00052966
-0.0777522
-0.00398709
-4.89796e-05
-3.18826e-05
-0.00230112
-0.00603769
-2.77556e-17
-5.97473e-05
-2.77556e-17
-0.0257781
-0.0142054
-1.9583
-1.11555
-0.0180362
-0.00452409
-3.92523e-17
-0.00150629
-0.00342842
-1.21852
2.77556e-17
-2.8252e-05
-0.278149
-0.00262129
-0.195888
-2.52869e-05
-5.76725e-05
-0.000222525
-0.000597943
-0.00181786
-0.0013094
-0.00446429
-0.0137973
-0.00105362
-0.218377
-7.00696e-05
-0.0360183
-0.001482
-0.000144402
-0.00111934
-0.00100887
-1.11708e-05
-2.77556e-17
-0
-3.07341e-05
-2.77556e-17
-0.00224663
-0.517203
-1.1147e-05
-0.000273413
-3.92523e-17
-0.00603558
-0.000117902
-0.000569505
0
-3.57481e-05
-0.65414
-5.44041e-05
-0.000435221
-1.20252
-7.04823e-06
-0.000134715
-0.0259984
-7.2564e-06
-4.21239e-05
-0.0675978
-1.13061e-05
0
-0.00881173
-0.582589
-0.000643809
-0.000418351
-6.11913e-05
-0.0765901
-1.49023
-0
-0.00441252
-1.9545
-0.00114164
-1.78201
-0.000183311
-0.000209495
-1.93176
-0.000129408
-4.15921e-05
-0
-0.00353863
-0.162117
-0.397724
-0.000476799
-0.00179137
-0
-0.230952
-0.0134674
-0.00342934
-0.00716967
-0.0403586
-1.22142
-0.00146044
3.92523e-17
-4.62076e-05
-0.0575085
-3.36946e-05
0
-2.16773e-05
-0.00111729
0
-9.38325e-05
-0
0
-0.00107001
-1.67214
-2.10134e-05
-2.34546e-05
0
-0.000185111
-0.00441743
-0.221326
-0.17512
-1.72098e-05
0
-0.000118095
-3.59335e-05
-0.000808258
-0.000410817
0
-0.000637618
-1.00087
-0.000227599
-2.93043e-05
-1.31566e-05
-3.95535e-05
-0.0763312
-5.33131e-05
2.77556e-17
-2.77556e-17
-1.34177
-0.00131452
-0.446083
-0.0043982
-0.00188564
-4.30244e-05
-2.77556e-17
-0.00019244
0
-0.00244187
-0.0602915
-0
-2.31542e-05
-0.0522703
-0.00155841
-0.00011701
-5.53612e-05
-0.00254737
-1.30984e-05
-1.95659
-2.69717e-05
-9.05284e-06
-0.000392795
-8.00404e-05
-0.00356375
-0.00066396
-0.240849
-1.69371
-0.0568359
-0.00184301
-1.94012
0
-0.949775
-0.0230865
-0.8946
-2.44823e-05
-0.000129346
-1.24923e-05
-6.02059e-05
-0.00012207
-1.25703
-9.51555e-06
-0.000237803
-0.428384
-0.000248689
-3.47754e-05
-0.198855
-0.723954
-0.0355715
-2.61498e-05
-0.00290792
-0.119143
-0.000225129
-5.76948e-05
-0.000911023
-0.0157717
-1.3833
-0.000334045
-0.00104929
-0.172962
-1.94899
-0.0972603
-0.00102121
-1.08316
-2.77556e-17
-0
-0.000288991
-0.841029
-0.631909
-0.467631
-0.298568
-0.000288942
-5.88598e-05
-0.000205485
-2.74918e-05
-0.0959436
-0.0127644
-0.00145257
-2.54381e-05
-0.000416868
-0.00245805
-2.81374e-05
2.77556e-17
-0.330637
-0.16215
-0.000797824
-5.97842e-05
-0.000463005
-0.00190001
-0
-1.89683
-6.90242e-05
-0.000260713
-1.62883
-0.000146151
-1.93583
-0.000186845
-0.00177544
-0.0010645
0
-0.000264337
-0.000374913
-1.47153
0
-0.00194869
-0.000399222
-0.000200333
-5.02332e-05
-0.00815309
-0.0125044
-3.24775e-05
-0.188385
-0.0803633
-0.175534
-0
-1.9403
3.92523e-17
-0.0298086
-0.281831
-2.78348e-05
-0.00109773
-0.0627693
-0.0027632
-0.000164998
-0.000127008
-9.4157e-05
-7.06981e-05
-0.000488807
-0.00483607
-1.9552
-0.162656
-2.56123e-05
-3.68981e-05
-0
-0.0985617
-0.0039111
-0.000238406
-4.36611e-05
-0.0022645
-0.13067
-0.381805
-0.349089
-0
-0.243175
-0.00934554
-0.0052975
-0.0254692
-0.423141
-1.06796
-1.71476e-05
-0.0859853
-3.36009e-05
-2.30201e-05
-0.000291123
-2.77556e-17
-1.07826
-0.000208861
-0.00149624
-2.49186e-05
-0.0678175
0
-2.82243e-05
5.55112e-17
-0.000268579
-5.9062e-05
-0.00181178
-1.80973
-0.000930911
-0.0065779
-0.00853989
-0.000103263
-0.00131136
-0.00171593
-0.000349921
-9.2331e-05
-5.35355e-05
-0.00144957
-0.860629
-0.234136
-2.88027e-05
-5.01896e-05
-4.45015e-05
-0.00119084
-0.000161956
-3.0809e-05
-1.25722
-0.00134705
-3.90338e-05
-0.00016438
-1.1581
-0.727302
-0.0220897
3.92523e-17
-6.06381e-05
-4.76689e-05
-1.28376
-0.00746846
-0.000722548
-0.639517
-0.000551438
-0.860448
2.77556e-17
-0.216512
-0.000304885
-0.00278337
-0.00389527
-0.000127027
-0.00633931
-0.000130406
-0.000163153
-1.32323e-05
-2.77556e-17
-6.95959e-05
-0.00108366
-4.67344e-05
-0.000196418
-1.05761
-1.22556e-05
-1.78151
-0.360919
-0.00248616
-0.152267
-8.16109e-05
-3.55685e-05
-1.53335
-1.95828
-0.023065
-0.0102356
-0.0707243
-1.05065
-0.0445243
-0.00110244
-0.163197
-0.000741958
-0.973289
-0.0590729
-2.97037e-05
-4.45022e-05
2.77556e-17
-1.89493
-1.41457
-0
0
-0.00193975
-0.0612636
-0.000211836
-0.000298909
-0.178312
-1.94593
-0.00373531
-0.00177268
-0.0104075
-1.99496e-05
-0
-0.00148683
-5.46292e-05
-0.168488
-0.00272591
-8.27179e-05
-1.96461e-05
-0.0026637
-0.319496
-1.91193
-1.42968
-0.00338561
-0.000944152
-1.39858
-0.160002
-3.03978e-05
-1.30371
-1.76636e-05
-0.530062
-0.0107318
-1.95715
-0.000115798
-0.000191534
-0.000234778
-1.95993
-0.000259769
-1.95335
-0.642769
-1.95944
2.77556e-17
-0.00428791
-8.52139e-05
-0.958663
-0.000155477
-4.28003e-05
-0.228987
-0.183363
-0.000636841
-0.00724849
-1.27275e-05
0
-0.616756
-1.75289
-3.68101e-05
-0.045572
-0.102165
-2.77556e-17
-2.77556e-17
-1.3313
-2.14409e-05
-0.00299404
-1.64918
2.77556e-17
-0.000266805
-3.40793e-05
2.77556e-17
-1.31466
-1.95826
-0.000543596
-0.000103937
-1.20141
-6.17676e-05
-0.001586
-0.0372769
-1.06967
-3.46898e-05
-0.000171799
-7.26986e-05
-0.501558
-2.76985e-05
-0.000542475
-5.28544e-05
-1.88646
-0
-0.507626
-0.206508
-3.75084e-05
-0.00147614
-0.000434364
5.55112e-17
-6.32903e-05
-0.000181805
-8.83915e-05
-0.0136236
-0.00450121
-0.000412446
-0.106097
-5.42665e-05
-2.66035e-05
-0.000120314
0
-0.000328144
-0.000538501
-0.00154664
-0.455442
-0.000745762
-2.85518e-05
-0.163911
-0.145694
-0.000123639
-1.08284e-05
-1.2044
-0.000128002
-0.795857
-0.000618914
-3.80747e-05
0
-0.00114237
-0.931026
-0.00307804
-2.34758e-05
-2.63824e-05
-5.81264e-05
-0.232559
-0.000204559
-0.00015356
-5.30707e-05
-0.0251167
-0.00264073
-1.49993
-0.000250639
-0.00014406
-0.000215378
-0.942091
-0.000837426
-0.000543089
-0.939978
-0.00389793
-4.65862e-05
-1.17815
-0.000124197
-8.47618e-05
-0.000587988
-2.77556e-17
-1.74208
-9.33568e-05
-0.000181313
-0.193825
-1.77257
-0
-2.77296e-05
-0.000143929
-2.44745e-05
-1.03698
-1.9049
-0.00121163
-0.563378
-0.00720099
-0.000291613
-2.73316e-05
2.77556e-17
-0.180359
-7.4763e-05
-0.0467893
-6.03323e-05
-1.95549
-0.000335494
-4.76277e-05
2.77556e-17
-0.000300798
-0.308343
-3.12764e-05
-0.354731
-0.0458202
-0.000119625
-1.82342
-1.35536
-0.000348996
-4.27668e-05
-0.00165185
0
-0.00764703
-0.000771296
-1.95754
-6.95548e-05
-0.00180968
-0.000542768
-7.1453e-05
-0.000506939
-2.89776e-05
-4.36203e-05
-0.000153461
-0.256888
-0.000654678
-0.000837008
-0.00174588
-2.77556e-17
-1.95459
-0.00165771
-0.00159003
-9.18252e-05
-0.000287042
-0.719196
-4.17964e-05
-0.0790468
-0.54275
-0
-2.60308e-05
-0.000342699
-2.1391e-05
-1.84145
-0.000833975
-9.09541e-05
-0.00359879
-7.72757e-05
-0.00142807
-0.000309006
-1.85699
0
-0.00222338
-0.116693
-0.00136494
-2.88796e-05
-0.00489583
-2.51336e-05
-7.7499e-05
-1.96095
-0.00044394
-0.000198158
-0.000698501
-0.000256318
-1.15274
-5.61128e-05
-0.00389362
-0.000212966
-0
-0.00152916
-1.11063
-0.000194135
-6.63491e-05
-0.000232616
-0
-0.000569109
-0.00128344
-0.667197
-0.00454884
-3.19361e-05
-0.235403
-6.09489e-05
-0.000591016
-0.000678852
-0.000455613
-0.000117957
-0.00133988
-0.0460952
-0.000132274
-1.74248
-0.788138
-0.000388891
-6.84135e-05
-0.000316277
-0.238934
-0.214693
-1.16977
-0.0235761
-0.000261287
-0.013316
-0.30603
-0.00103617
-0.311212
-5.98754e-05
-0.0641532
-0.000185167
-1.95683
-0.0213626
-0.219769
-1.54751
-0.000110073
-1.13109
-2.74776e-05
-1.25796e-05
-0.000201169
-1.65923
-0.231881
-1.87585
-1.55032
-1.56735
-0.164387
-0.000430402
-0.850424
-0.000654133
-0.000455573
-0.513276
-1.83499
-3.79568e-05
-6.12316e-05
-0.165962
-1.00262
3.92523e-17
-0.000133718
-0.000180097
-0.230067
-0.418078
-0.000433136
-0.000402747
-0.000253755
-6.27871e-05
-6.35135e-05
-0.0239323
-0.00155798
-0.164322
-7.74731e-05
-4.30233e-05
-0.239839
-0.238425
-0.0107911
-6.69834e-05
-0.346718
-3.69689e-05
-0.000383206
-1.73693
-0.232461
-1.09636
-0.000433104
-3.92523e-17
-0.0799975
-4.84224e-05
-0.232068
-0.189676
-1.95909
-0.000425736
-1.2472
-0.165904
-0.000396493
-0.000481551
-0.251589
-1.74088
-1.64778
-0.440635
-0.000849491
-0.00125837
-1.91043
-0.000143058
-0.00038753
-0.737567
-0.0793213
-1.35495
-6.0577e-05
-1.7005
-0.22417
-0.000298821
-0.00013387
-0.489848
-0.340881
-1.63573e-05
-3.73355e-05
-0.00019311
-0.000106389
-1.78018
-0.234171
-0.000270997
-0.00118975
-1.93941
-1.08522
-0.416239
-4.21911e-05
-0.000256052
-0.181515
-8.89111e-05
-1.36795
-5.45618e-05
-1.28401
-1.90129
3.92523e-17
-1.93654
-1.27144
-1.04373
-0.00018979
-0.000865372
-0.548335
-0.000163269
-0.00037823
-7.50343e-05
-1.30084
-0.23196
-0.62845
-0.00114582
-1.53623
-0.825482
-1.11879
-0.33678
-0.371071
-6.22796e-05
-0.000796045
-0.847972
2.77556e-17
-6.16446e-05
-0.000315657
3.92523e-17
-1.58055
-0.000121254
-1.01928
-0.000339345
-2.1354e-05
-0.000141263
-1.01079
-7.55917e-05
-1.95631
-0.000275921
-0.000314914
-2.4977e-05
-1.95742
-6.99237e-05
-0.524439
-9.13754e-05
-1.21182
-0.000174194
-9.84789e-06
-5.94016e-05
-5.56837e-05
-2.77556e-17
-1.67939
-1.44611
-1.2056e-05
-0.000580906
-0.00169424
-1.38676
-0.414804
-0
-0.587178
-0.000819678
-0.00171464
-0.230304
-0.162484
-0.0178764
-1.4176
-1.26789
-0.223087
0
  </DataArray>
</PointData>
<CellData>
</CellData>
<UserData>
  <DataArray type = "Float64" Name="CompteurTemps" format="ascii">
50
  </DataArray>
  <DataArray type = "Float64" Name="Temps" format="ascii">
4.9
  </DataArray>
</UserData>
    </Piece>
  </UnstructuredGrid>
</VTKFile>
