<VTKFile type="UnstructuredGrid" version="0.1" byte_order="LittleEndian">
  <UnstructuredGrid>
    <Piece NumberOfPoints="5036" NumberOfCells="8959">
      <Points>
        <DataArray type = "Float64" NumberOfComponents="3" format="ascii">
0 0 0.0 
0 0.41 0.0 
2.2 0.41 0.0 
2.2 0 0.0 
0.15 0.2 0.0 
0.25 0.2 0.0 
1.93919 0 0.0 
0.250019 0.41 0.0 
0.237137 0.166032 0.0 
1.1832 0.41 0.0 
1.23295 0.41 0.0 
0.869595 0.41 0.0 
0.957874 0.41 0.0 
1.3307 0.41 0.0 
0.713278 0.41 0.0 
2.19843 0 0.0 
0.249929 0.202622 0.0 
0.509434 0.41 0.0 
0.155823 0.223773 0.0 
0.50597 0.00776501 0.0 
0.171764 0.158606 0.0 
0.49894 0.41 0.0 
1.35367 0.41 0.0 
0.70046 0.41 0.0 
0.613844 0.41 0.0 
0.561817 0.41 0.0 
0.165356 0.23605 0.0 
1.61514 0.41 0.0 
0.157971 0.227158 0.0 
1.50353 0.41 0.0 
0.52998 0.41 0.0 
0.725851 0.41 0.0 
0.8218 0.41 0.0 
0.980285 0 0.0 
1.53983 0.41 0.0 
0.658012 0.41 0.0 
0.643329 0.41 0.0 
0.152066 0.185784 0.0 
0.800559 0.41 0.0 
1.17022 0.41 0.0 
1.46574 0.41 0.0 
1.20024 0.41 0.0 
1.68253 0 0.0 
2.0598 0.41 0.0 
1.07422 0.41 0.0 
0.219972 0 0.0 
0.579963 0 0.0 
0.172448 0.245367 0.0 
0.811028 0.41 0.0 
0.921444 0.41 0.0 
1.97833 0.41 0.0 
0.737876 0.41 0.0 
2.2 0.408234 0.0 
1.80121 0.41 0.0 
1.21776 0.41 0.0 
1.27169 0.41 0.0 
1.80436 0 0.0 
1.02256 0.41 0.0 
1.28392 0.41 0.0 
0.150067 0.196446 0.0 
0.989982 0.41 0.0 
1.00049 0.41 0.0 
1.69587 0 0.0 
0.21608 0.248142 0.0 
0.149717 0.200232 0.0 
1.07258 0.403603 0.0 
0.17184 0.158626 0.0 
1.03446 0.41 0.0 
1.2468 0.41 0.0 
0.152456 0.180467 0.0 
0.786157 0 0.0 
1.78841 0.41 0.0 
0.968852 0.41 0.0 
0.153061 0.217826 0.0 
0.149952 0.198723 0.0 
2.01631 0.41 0.0 
1.83832 0.41 0.0 
1.81373 0.41 0.0 
1.55149 0 0.0 
1.25925 0.41 0.0 
1.15742 0.41 0.0 
1.37743 0.41 0.0 
1.65415 0.41 0.0 
1.53825 0 0.0 
1.71992 0.41 0.0 
0.173903 0.152679 0.0 
0.194597 0.253062 0.0 
1.36547 0.41 0.0 
1.57624 0.41 0.0 
1.48625 0.405497 0.0 
1.30779 0.41 0.0 
0.203798 0.251 0.0 
0.334352 0.203849 0.0 
1.95314 0.41 0.0 
1.34207 0.41 0.0 
1.49097 0.41 0.0 
1.5888 0.41 0.0 
1.363 0 0.0 
1.40221 0.41 0.0 
1.21811 0 0.0 
0.49573 0 0.0 
1.47836 0.41 0.0 
0.163319 0.161548 0.0 
1.94133 0.41 0.0 
1.40973 0.00462371 0.0 
0.153264 0.218355 0.0 
1.89285 0 0.0 
1.60185 0.41 0.0 
1.04285 0.403313 0.0 
2.03875 0.41 0.0 
1.86211 0.41 0.0 
0.167265 0.157466 0.0 
2.2 0.39626 0.0 
0.156933 0.231509 0.0 
0.173016 0.242238 0.0 
1.64157 0.41 0.0 
2.2 0.32085 0.0 
1.28442 0.0185965 0.0 
0.40165 0.406066 0.0 
0.149251 0.199876 0.0 
1.67758 0.41 0.0 
1.34544 0.00382612 0.0 
1.75172 0.41 0.0 
0.193691 0.249658 0.0 
2.14293 0 0.0 
1.76353 0.41 0.0 
1.7759 0.41 0.0 
2.09999 0.41 0.0 
0.190397 0.149041 0.0 
2.11995 0.41 0.0 
1.51404 0.406002 0.0 
0.149851 0.199799 0.0 
1.90789 0.41 0.0 
2.09131 0 0.0 
1.8262 0.41 0.0 
1.13707 0 0.0 
1.88535 0.41 0.0 
2.13947 0.41 0.0 
1.28 0 0.0 
0.151465 0.183986 0.0 
1.73023 0.41 0.0 
0.157062 0.174105 0.0 
0.152818 0.182979 0.0 
1.89672 0.41 0.0 
1.68626 0.0304153 0.0 
0.139397 0.2103 0.0 
1.44078 0 0.0 
1.91895 0.41 0.0 
0.250259 0.203329 0.0 
1.49003 0 0.0 
0.210363 0.151088 0.0 
0.159315 0.170826 0.0 
1.92999 0.41 0.0 
1.98527 0 0.0 
0.81525 0.404513 0.0 
2.08998 0.41 0.0 
0.179577 0 0.0 
0.306889 0.179266 0.0 
1.91658 0 0.0 
0 0.408251 0.0 
0.184171 0.247529 0.0 
0.839242 0.404825 0.0 
2.10999 0.41 0.0 
2.02792 0.41 0.0 
0.154854 0.178514 0.0 
2.04951 0.41 0.0 
0.331773 0.196595 0.0 
2.1757 0.00321772 0.0 
1.77953 0 0.0 
1.27 0 0.0 
0.964655 0 0.0 
1.83298 0 0.0 
0.177472 0.250799 0.0 
2.00875 0 0.0 
2.05306 0 0.0 
0.153714 0.219575 0.0 
0.0224495 0.00820215 0.0 
0.236901 0.164849 0.0 
1.90475 0 0.0 
1.96179 0 0.0 
0.167567 0.238051 0.0 
1.07286 0 0.0 
2.2 0.0352018 0.0 
0.730142 0 0.0 
2.04201 0 0.0 
1.16979 0 0.0 
1.66921 0 0.0 
0.311184 0.212738 0.0 
1.91681 0.39343 0.0 
0.248362 0.213286 0.0 
0.160204 0.230628 0.0 
1.76873 0 0.0 
0.424591 0 0.0 
2.03104 0 0.0 
2.2 0.356327 0.0 
0.155744 0.223264 0.0 
1.73457 0 0.0 
0.237673 0.165637 0.0 
1.11268 0.359072 0.0 
1.45165 0 0.0 
2.2 0.0239382 0.0 
1.95033 0 0.0 
1.6562 0 0.0 
0.336893 0.00483649 0.0 
0.388094 0.00460042 0.0 
2.13957 0.403494 0.0 
0.940974 0.402521 0.0 
1.85641 0 0.0 
1.3745 0 0.0 
1.26217 0.28845 0.0 
1.99738 0 0.0 
1.64328 0 0.0 
1.92806 0 0.0 
1.81922 0 0.0 
0.237132 0.234702 0.0 
1.70919 0 0.0 
1.31007 0 0.0 
1.75786 0 0.0 
1.74635 0 0.0 
1.50875 0 0.0 
1.72217 0 0.0 
0.507252 0 0.0 
1.78996 0 0.0 
0.285531 0.176925 0.0 
1.52505 0 0.0 
0.813258 0 0.0 
1.9775 0.404421 0.0 
1.01191 0 0.0 
0.300001 0 0.0 
1.69257 0.373436 0.0 
0.762297 0 0.0 
1.20569 0 0.0 
1.04323 0 0.0 
1.6047 0 0.0 
0.936376 0 0.0 
0.595012 0.404585 0.0 
1.32012 0 0.0 
0.00195362 0.41 0.0 
0 0.220451 0.0 
0.0056218 0.403765 0.0 
0.873149 0.00466657 0.0 
0.147291 0.41 0.0 
0.8277 0 0.0 
0.432095 0.399998 0.0 
1.26 0 0.0 
1.99604 0.404497 0.0 
0.67 0 0.0 
1.46275 0 0.0 
1.56478 0 0.0 
0.155967 0.224392 0.0 
1.35159 0 0.0 
1.29 0 0.0 
1.43014 0 0.0 
0.751295 0 0.0 
0.950502 0 0.0 
0.155169 0.222701 0.0 
0.153235 0.219692 0.0 
0.0159313 0 0.0 
0.153497 0.218917 0.0 
1.39768 0 0.0 
0.167466 0.161858 0.0 
0.16069 0.230895 0.0 
1.00021 0.40615 0.0 
1.12575 0 0.0 
1.17996 0 0.0 
1.34079 0 0.0 
0.250435 0.200128 0.0 
0.544806 0.404925 0.0 
0.737868 0.405497 0.0 
1.02766 0 0.0 
0.238581 0.232142 0.0 
1.15935 0 0.0 
0.66 0 0.0 
0.149934 0.198389 0.0 
0.412905 0 0.0 
1.10049 0 0.0 
0.843173 0 0.0 
1.13313 0.00560445 0.0 
1.22995 0 0.0 
0.249999 0 0.0 
0.79892 0 0.0 
0.238425 0.166296 0.0 
0.63 0 0.0 
0.996018 0 0.0 
1.72032 0.40606 0.0 
1.0583 0 0.0 
0.0752753 0.00869811 0.0 
1.60055 0.00431432 0.0 
0.0642863 0.403391 0.0 
0.589988 0 0.0 
1.31355 0.0039142 0.0 
1.29577 0.401647 0.0 
0.436362 0 0.0 
0.29 0 0.0 
0.0660186 0 0.0 
2.16609 0.00786964 0.0 
0.310001 0 0.0 
0.153603 0.178926 0.0 
0.033114 0 0.0 
0.229187 0.158506 0.0 
0.710024 0 0.0 
0.21982 0.245901 0.0 
0.198689 0.147799 0.0 
0.0774618 0 0.0 
1.3182 0.404372 0.0 
0.155362 0.222521 0.0 
0.922149 0 0.0 
1.50024 0.00561382 0.0 
0.215099 0.00699629 0.0 
0.773393 0 0.0 
1.6215 0.402432 0.0 
0.250438 0.201039 0.0 
1.70083 0.403294 0.0 
1.94242 0.406598 0.0 
0.0547329 0 0.0 
0.29356 0.00487078 0.0 
0.472306 0 0.0 
0.690003 0 0.0 
0.74042 0 0.0 
0.197675 0.13373 0.0 
0.68 0 0.0 
0.148627 0.204921 0.0 
0.65 0 0.0 
0.248912 0.189637 0.0 
0.64 0 0.0 
0.700008 0 0.0 
0.113163 0 0.0 
0.168191 0.161323 0.0 
0.209956 0 0.0 
1.18838 0.00766521 0.0 
1.43153 0.403221 0.0 
0.370275 0 0.0 
1.38404 0.00559294 0.0 
0.190122 0.150485 0.0 
0.0437695 0 0.0 
0.549839 0 0.0 
1.66337 0.406111 0.0 
0.136686 0 0.0 
2.11419 0.404449 0.0 
0.162706 0.2333 0.0 
0.962666 0.00370457 0.0 
0.625348 0.405182 0.0 
0.518564 0 0.0 
1.22891 0.00396199 0.0 
0.125049 0 0.0 
0.157779 0.172921 0.0 
0.340022 0 0.0 
0.401812 0 0.0 
0.41351 0.0252396 0.0 
0.0891748 0 0.0 
0.350057 0 0.0 
1.76299 0.00663231 0.0 
0.189801 0 0.0 
0.156767 0.174548 0.0 
0.148159 0 0.0 
0.779807 0.00581283 0.0 
0.236383 0.164333 0.0 
0.174695 0.243181 0.0 
0.238658 0.233465 0.0 
0.28 0 0.0 
0.216513 0.402761 0.0 
0.26 0 0.0 
0.185557 0.247964 0.0 
0.239998 0 0.0 
0.355757 0.00426256 0.0 
0.199919 0 0.0 
0.27 0 0.0 
0.413013 0.00370419 0.0 
1.98833 0.00409301 0.0 
0.251052 0.199652 0.0 
0.242636 0.173885 0.0 
0.236148 0.165288 0.0 
1.3545 0.404734 0.0 
1.76597 0.406584 0.0 
1.57046 0.00296511 0.0 
0.183617 0.15255 0.0 
0.569932 0 0.0 
1.57819 0.405795 0.0 
0.603282 0.0057702 0.0 
0.158163 0.171108 0.0 
0.175323 0.148501 0.0 
1.02066 0.00616382 0.0 
0.15985 0.230099 0.0 
0.822706 0.00393043 0.0 
2.19132 0.0213843 0.0 
0.149876 0.203656 0.0 
1.8346 0.00426535 0.0 
0.150719 0.209045 0.0 
1.79772 0.406094 0.0 
0.0962398 0.397829 0.0 
0.157223 0.225882 0.0 
1.2733 0.403388 0.0 
2.18321 0.408064 0.0 
1.84721 0.00502192 0.0 
2.18457 0.409348 0.0 
1.62414 0.0061458 0.0 
0.554939 0.00519823 0.0 
2.05718 0.404268 0.0 
0.236107 0.165151 0.0 
0.106699 0.403392 0.0 
1.4075 0.403682 0.0 
0.574817 0.0065623 0.0 
1.09933 0.00633936 0.0 
0.143985 0.00409685 0.0 
0.194318 0.249734 0.0 
1.25894 0.00439184 0.0 
0.168362 0.238714 0.0 
1.9534 0.00574152 0.0 
1.86977 0.00621324 0.0 
0.504969 0.404394 0.0 
1.015 0.0144594 0.0 
0.144515 0.403538 0.0 
1.23509 0.404641 0.0 
1.78209 0.406874 0.0 
2.19565 0.407665 0.0 
0.347788 0.405029 0.0 
0.284541 0.181729 0.0 
0.313765 0.40414 0.0 
1.55007 0.00604667 0.0 
0.0364128 0.00417619 0.0 
0.248912 0.210363 0.0 
0.280177 0.184981 0.0 
0.15001 0.199006 0.0 
0.15004 0.198012 0.0 
0.150089 0.197019 0.0 
0.150158 0.196027 0.0 
0.150247 0.195037 0.0 
0.150355 0.194049 0.0 
0.150484 0.193063 0.0 
0.150631 0.19208 0.0 
0.150798 0.1911 0.0 
0.150985 0.190124 0.0 
0.151191 0.189151 0.0 
0.151417 0.188183 0.0 
0.151661 0.187219 0.0 
0.151925 0.186261 0.0 
0.152207 0.185307 0.0 
0.152509 0.18436 0.0 
0.152829 0.183419 0.0 
0.153168 0.182484 0.0 
0.153526 0.181557 0.0 
0.153902 0.180636 0.0 
0.154296 0.179724 0.0 
0.154708 0.178819 0.0 
0.155138 0.177923 0.0 
0.155586 0.177035 0.0 
0.156051 0.176157 0.0 
0.156534 0.175288 0.0 
0.157034 0.174428 0.0 
0.157551 0.173579 0.0 
0.158085 0.17274 0.0 
0.158635 0.171912 0.0 
0.159201 0.171095 0.0 
0.159784 0.17029 0.0 
0.160383 0.169496 0.0 
0.160997 0.168715 0.0 
0.161627 0.167945 0.0 
0.162272 0.167189 0.0 
0.162932 0.166445 0.0 
0.163606 0.165715 0.0 
0.164295 0.164998 0.0 
0.164998 0.164295 0.0 
0.165715 0.163606 0.0 
0.166445 0.162932 0.0 
0.167189 0.162272 0.0 
0.167945 0.161627 0.0 
0.168715 0.160997 0.0 
0.169496 0.160383 0.0 
0.17029 0.159784 0.0 
0.171095 0.159201 0.0 
0.171912 0.158635 0.0 
0.17274 0.158085 0.0 
0.173579 0.157551 0.0 
0.174428 0.157034 0.0 
0.175288 0.156534 0.0 
0.176157 0.156051 0.0 
0.177035 0.155586 0.0 
0.177923 0.155138 0.0 
0.178819 0.154708 0.0 
0.179724 0.154296 0.0 
0.180636 0.153902 0.0 
0.181557 0.153526 0.0 
0.182484 0.153168 0.0 
0.183419 0.152829 0.0 
0.18436 0.152509 0.0 
0.185307 0.152207 0.0 
0.186261 0.151925 0.0 
0.187219 0.151661 0.0 
0.188183 0.151417 0.0 
0.189151 0.151191 0.0 
0.190124 0.150985 0.0 
0.1911 0.150798 0.0 
0.19208 0.150631 0.0 
0.193063 0.150484 0.0 
0.194049 0.150355 0.0 
0.195037 0.150247 0.0 
0.196027 0.150158 0.0 
0.197019 0.150089 0.0 
0.198012 0.15004 0.0 
0.199006 0.15001 0.0 
0.2 0.15 0.0 
0.200994 0.15001 0.0 
0.201988 0.15004 0.0 
0.202981 0.150089 0.0 
0.203973 0.150158 0.0 
0.204963 0.150247 0.0 
0.205951 0.150355 0.0 
0.206937 0.150484 0.0 
0.20792 0.150631 0.0 
0.2089 0.150798 0.0 
0.209876 0.150985 0.0 
0.210849 0.151191 0.0 
0.211817 0.151417 0.0 
0.212781 0.151661 0.0 
0.213739 0.151925 0.0 
0.214693 0.152207 0.0 
0.21564 0.152509 0.0 
0.216581 0.152829 0.0 
0.217516 0.153168 0.0 
0.218443 0.153526 0.0 
0.219364 0.153902 0.0 
0.220276 0.154296 0.0 
0.221181 0.154708 0.0 
0.222077 0.155138 0.0 
0.222965 0.155586 0.0 
0.223843 0.156051 0.0 
0.224712 0.156534 0.0 
0.225572 0.157034 0.0 
0.226421 0.157551 0.0 
0.22726 0.158085 0.0 
0.228088 0.158635 0.0 
0.228905 0.159201 0.0 
0.22971 0.159784 0.0 
0.230504 0.160383 0.0 
0.231285 0.160997 0.0 
0.232055 0.161627 0.0 
0.232811 0.162272 0.0 
0.233555 0.162932 0.0 
0.234285 0.163606 0.0 
0.235002 0.164295 0.0 
0.235705 0.164998 0.0 
0.236394 0.165715 0.0 
0.237068 0.166445 0.0 
0.237728 0.167189 0.0 
0.238373 0.167945 0.0 
0.239003 0.168715 0.0 
0.239617 0.169496 0.0 
0.240216 0.17029 0.0 
0.240799 0.171095 0.0 
0.241365 0.171912 0.0 
0.241915 0.17274 0.0 
0.242449 0.173579 0.0 
0.242966 0.174428 0.0 
0.243466 0.175288 0.0 
0.243949 0.176157 0.0 
0.244414 0.177035 0.0 
0.244862 0.177923 0.0 
0.245292 0.178819 0.0 
0.245704 0.179724 0.0 
0.246098 0.180636 0.0 
0.246474 0.181557 0.0 
0.246832 0.182484 0.0 
0.247171 0.183419 0.0 
0.247491 0.18436 0.0 
0.247793 0.185307 0.0 
0.248075 0.186261 0.0 
0.248339 0.187219 0.0 
0.248583 0.188183 0.0 
0.248809 0.189151 0.0 
0.249015 0.190124 0.0 
0.249202 0.1911 0.0 
0.249369 0.19208 0.0 
0.249516 0.193063 0.0 
0.249645 0.194049 0.0 
0.249753 0.195037 0.0 
0.249842 0.196027 0.0 
0.249911 0.197019 0.0 
0.24996 0.198012 0.0 
0.24999 0.199006 0.0 
0.24999 0.200994 0.0 
0.24996 0.201988 0.0 
0.249911 0.202981 0.0 
0.249842 0.203973 0.0 
0.249753 0.204963 0.0 
0.249645 0.205951 0.0 
0.249516 0.206937 0.0 
0.249369 0.20792 0.0 
0.249202 0.2089 0.0 
0.249015 0.209876 0.0 
0.248809 0.210849 0.0 
0.248583 0.211817 0.0 
0.248339 0.212781 0.0 
0.248075 0.213739 0.0 
0.247793 0.214693 0.0 
0.247491 0.21564 0.0 
0.247171 0.216581 0.0 
0.246832 0.217516 0.0 
0.246474 0.218443 0.0 
0.246098 0.219364 0.0 
0.245704 0.220276 0.0 
0.245292 0.221181 0.0 
0.244862 0.222077 0.0 
0.244414 0.222965 0.0 
0.243949 0.223843 0.0 
0.243466 0.224712 0.0 
0.242966 0.225572 0.0 
0.242449 0.226421 0.0 
0.241915 0.22726 0.0 
0.241365 0.228088 0.0 
0.240799 0.228905 0.0 
0.240216 0.22971 0.0 
0.239617 0.230504 0.0 
0.239003 0.231285 0.0 
0.238373 0.232055 0.0 
0.237728 0.232811 0.0 
0.237068 0.233555 0.0 
0.236394 0.234285 0.0 
0.235705 0.235002 0.0 
0.235002 0.235705 0.0 
0.234285 0.236394 0.0 
0.233555 0.237068 0.0 
0.232811 0.237728 0.0 
0.232055 0.238373 0.0 
0.231285 0.239003 0.0 
0.230504 0.239617 0.0 
0.22971 0.240216 0.0 
0.228905 0.240799 0.0 
0.228088 0.241365 0.0 
0.22726 0.241915 0.0 
0.226421 0.242449 0.0 
0.225572 0.242966 0.0 
0.224712 0.243466 0.0 
0.223843 0.243949 0.0 
0.222965 0.244414 0.0 
0.222077 0.244862 0.0 
0.221181 0.245292 0.0 
0.220276 0.245704 0.0 
0.219364 0.246098 0.0 
0.218443 0.246474 0.0 
0.217516 0.246832 0.0 
0.216581 0.247171 0.0 
0.21564 0.247491 0.0 
0.214693 0.247793 0.0 
0.213739 0.248075 0.0 
0.212781 0.248339 0.0 
0.211817 0.248583 0.0 
0.210849 0.248809 0.0 
0.209876 0.249015 0.0 
0.2089 0.249202 0.0 
0.20792 0.249369 0.0 
0.206937 0.249516 0.0 
0.205951 0.249645 0.0 
0.204963 0.249753 0.0 
0.203973 0.249842 0.0 
0.202981 0.249911 0.0 
0.201988 0.24996 0.0 
0.200994 0.24999 0.0 
0.2 0.25 0.0 
0.199006 0.24999 0.0 
0.198012 0.24996 0.0 
0.197019 0.249911 0.0 
0.196027 0.249842 0.0 
0.195037 0.249753 0.0 
0.194049 0.249645 0.0 
0.193063 0.249516 0.0 
0.19208 0.249369 0.0 
0.1911 0.249202 0.0 
0.190124 0.249015 0.0 
0.189151 0.248809 0.0 
0.188183 0.248583 0.0 
0.187219 0.248339 0.0 
0.186261 0.248075 0.0 
0.185307 0.247793 0.0 
0.18436 0.247491 0.0 
0.183419 0.247171 0.0 
0.182484 0.246832 0.0 
0.181557 0.246474 0.0 
0.180636 0.246098 0.0 
0.179724 0.245704 0.0 
0.178819 0.245292 0.0 
0.177923 0.244862 0.0 
0.177035 0.244414 0.0 
0.176157 0.243949 0.0 
0.175288 0.243466 0.0 
0.174428 0.242966 0.0 
0.173579 0.242449 0.0 
0.17274 0.241915 0.0 
0.171912 0.241365 0.0 
0.171095 0.240799 0.0 
0.17029 0.240216 0.0 
0.169496 0.239617 0.0 
0.168715 0.239003 0.0 
0.167945 0.238373 0.0 
0.167189 0.237728 0.0 
0.166445 0.237068 0.0 
0.165715 0.236394 0.0 
0.164998 0.235705 0.0 
0.164295 0.235002 0.0 
0.163606 0.234285 0.0 
0.162932 0.233555 0.0 
0.162272 0.232811 0.0 
0.161627 0.232055 0.0 
0.160997 0.231285 0.0 
0.160383 0.230504 0.0 
0.159784 0.22971 0.0 
0.159201 0.228905 0.0 
0.158635 0.228088 0.0 
0.158085 0.22726 0.0 
0.157551 0.226421 0.0 
0.157034 0.225572 0.0 
0.156534 0.224712 0.0 
0.156051 0.223843 0.0 
0.155586 0.222965 0.0 
0.155138 0.222077 0.0 
0.154708 0.221181 0.0 
0.154296 0.220276 0.0 
0.153902 0.219364 0.0 
0.153526 0.218443 0.0 
0.153168 0.217516 0.0 
0.152829 0.216581 0.0 
0.152509 0.21564 0.0 
0.152207 0.214693 0.0 
0.151925 0.213739 0.0 
0.151661 0.212781 0.0 
0.151417 0.211817 0.0 
0.151191 0.210849 0.0 
0.150985 0.209876 0.0 
0.150798 0.2089 0.0 
0.150631 0.20792 0.0 
0.150484 0.206937 0.0 
0.150355 0.205951 0.0 
0.150247 0.204963 0.0 
0.150158 0.203973 0.0 
0.150089 0.202981 0.0 
0.15004 0.201988 0.0 
0.15001 0.200994 0.0 
0.192016 0.148868 0.0 
0.237551 0.235469 0.0 
0.77478 0.404266 0.0 
1.81669 0.404222 0.0 
0.154503 0.178376 0.0 
0.857158 0.41 0.0 
0.184494 0.00548076 0.0 
0.25405 0.00526449 0.0 
1.1733 0.406722 0.0 
0.150006 0.199446 0.0 
1.72621 0.00521409 0.0 
2.19824 0.000789329 0.0 
0.25554 0.405456 0.0 
0.296359 0.406025 0.0 
0.250937 0.200552 0.0 
2.2 0.371298 0.0 
0.235681 0.16452 0.0 
0.177335 0.246193 0.0 
0.229726 0.158932 0.0 
2.11188 0.0043544 0.0 
0.251756 0.181976 0.0 
0.23633 0.165485 0.0 
0.229951 0.159844 0.0 
1.91838 0.407747 0.0 
2.01122 0.00611681 0.0 
0.200151 0.14917 0.0 
1.84352 0.403581 0.0 
0.23681 0.165133 0.0 
0.238985 0.165201 0.0 
0.150005 0.200514 0.0 
1.56491 0.406074 0.0 
0.151125 0.211445 0.0 
0.250117 0.199734 0.0 
0.120225 0.00614347 0.0 
0.237844 0.235865 0.0 
0.161839 0.232509 0.0 
2.07204 0.403994 0.0 
0.703425 0.00284095 0.0 
0.623783 0.00572957 0.0 
0.0855106 0.00690519 0.0 
0.149949 0.201434 0.0 
0.250807 0.199255 0.0 
0.149115 0.200603 0.0 
1.86754 0.403868 0.0 
0.156723 0.225986 0.0 
0.182952 0.247001 0.0 
0.176612 0.155629 0.0 
0.150811 0.209944 0.0 
1.25013 0.404659 0.0 
0.150365 0.206566 0.0 
0.275669 0.405323 0.0 
0.314109 0.00506378 0.0 
0.150177 0.205359 0.0 
1.29218 0.00544218 0.0 
1.21542 0.405318 0.0 
1.88068 0 0.0 
0.969583 0.404235 0.0 
0.250844 0.193293 0.0 
0.930791 0.00441566 0.0 
0.161727 0.00617259 0.0 
0.752378 0.403744 0.0 
0.708933 0.403775 0.0 
0.75276 0.0057603 0.0 
0.460302 0 0.0 
1.01494 0.404422 0.0 
2.2 0.267397 0.0 
2.03145 0.405842 0.0 
0.794911 0.40461 0.0 
1.31035 0.00935331 0.0 
0.168129 0.238964 0.0 
0.237165 0.405041 0.0 
1.93322 0.00497959 0.0 
0.250744 0.200252 0.0 
0.157257 0.226451 0.0 
0.152311 0.183874 0.0 
0.202484 0.150064 0.0 
0.195532 0.249798 0.0 
0.237398 0.166817 0.0 
0.522793 0.00570692 0.0 
0.2371 0.00451231 0.0 
0.125207 0.402013 0.0 
0.248497 0.212157 0.0 
0.882533 0.41 0.0 
0.163191 0.404885 0.0 
0.66595 0.00496675 0.0 
0.193223 0.249589 0.0 
1.60304 0.405416 0.0 
0.247922 0.215701 0.0 
0.918675 0.00469263 0.0 
0.250128 0.202473 0.0 
1.89165 0.0120316 0.0 
0.152313 0.184975 0.0 
0.19454 0.249939 0.0 
0.158788 0.228699 0.0 
0.202745 0.150029 0.0 
0.228549 0.158823 0.0 
0.217259 0.152892 0.0 
0.235992 0.234704 0.0 
0.271889 0.175558 0.0 
0.14982 0.200235 0.0 
0.24376 0.174274 0.0 
1.64854 0.0172569 0.0 
1.95523 0.399348 0.0 
0.0185992 0.408389 0.0 
0.224772 0.156194 0.0 
0.250798 0.199768 0.0 
0.0392076 0.0112556 0.0 
0.148335 0.200323 0.0 
0.24829 0.174787 0.0 
0.21611 0.247331 0.0 
0.235791 0.235958 0.0 
0.2324 0.161813 0.0 
0.165368 0.236602 0.0 
0.159187 0.229219 0.0 
0.222503 0.244699 0.0 
2.19228 0.41 0.0 
0.15436 0.179472 0.0 
0.20062 0.149605 0.0 
1.44334 0.0054237 0.0 
0.154903 0.178284 0.0 
0.543102 0.0823455 0.0 
0.173751 0.156549 0.0 
0.271944 0.196822 0.0 
0.00981554 0.0015084 0.0 
0.0260012 0.408054 0.0 
0.231284 0.159979 0.0 
0.149943 0.202201 0.0 
0.250261 0.200744 0.0 
0.166943 0.150616 0.0 
0.247331 0.21611 0.0 
1.33735 0.0456585 0.0 
1.33505 0.00488768 0.0 
0.328792 0.205375 0.0 
0.21447 0.151928 0.0 
0.167422 0.25582 0.0 
0.148924 0.201262 0.0 
0.194866 0.249789 0.0 
0.167514 0.238488 0.0 
0.23796 0.232752 0.0 
0.882044 0.0399625 0.0 
0.256396 0.229436 0.0 
0.156438 0.226235 0.0 
0.150443 0.192788 0.0 
0.213119 0.151574 0.0 
0.221837 0.245901 0.0 
2.19513 0 0.0 
0.140262 0.200858 0.0 
0.149441 0.200503 0.0 
0.164787 0.263458 0.0 
0.546056 0.049157 0.0 
0.324012 0.218231 0.0 
0.171446 0.241042 0.0 
0.169627 0.160207 0.0 
0.161866 0.16733 0.0 
0.236284 0.234823 0.0 
0.559902 0 0.0 
0.239475 0.168056 0.0 
0.428654 0.378698 0.0 
0.161392 0.231938 0.0 
0.240969 0.170959 0.0 
0.250076 0.200083 0.0 
0.242725 0.173912 0.0 
0.201615 0.149845 0.0 
0.00445217 0.00333118 0.0 
0.241214 0.171088 0.0 
0.15964 0.230224 0.0 
0.00797264 0.407601 0.0 
0.254418 0.171917 0.0 
2.14791 0.0160904 0.0 
2.18595 0.00178858 0.0 
0.139552 0.203497 0.0 
0.236209 0.236027 0.0 
0.149524 0.20122 0.0 
0.193523 0.150335 0.0 
0.230107 0.239917 0.0 
0.25084 0.204483 0.0 
0.150532 0.191817 0.0 
0.234849 0.236443 0.0 
0.617712 0.0327424 0.0 
0.258773 0.196781 0.0 
0.172499 0.141614 0.0 
0.188656 0.150362 0.0 
0.182021 0.246653 0.0 
0.139964 0.207214 0.0 
0.153979 0.149449 0.0 
0.184972 0.247907 0.0 
0.14315 0.259696 0.0 
0.186967 0.151586 0.0 
0.249975 0.198509 0.0 
0.150002 0.200214 0.0 
0.242814 0.173911 0.0 
1.61489 0.0181942 0.0 
0.183031 0.152647 0.0 
0.238051 0.232433 0.0 
0.973377 0.386273 0.0 
0.155421 0.0801515 0.0 
0.170045 0.240599 0.0 
2.08881 0.366806 0.0 
1.56874 0.395497 0.0 
0.301522 0.183608 0.0 
0.242488 0.173467 0.0 
0.16215 0.166815 0.0 
1.91811 0.404194 0.0 
0.233212 0.237455 0.0 
0.190046 0.150776 0.0 
0.217206 0.246944 0.0 
0.18018 0.245901 0.0 
1.76616 0.376425 0.0 
0.245202 0.163237 0.0 
0.257481 0.138527 0.0 
0.968768 0.00825361 0.0 
0.693214 0.402945 0.0 
0.209052 0.150748 0.0 
0.233672 0.162537 0.0 
0.250299 0.200238 0.0 
0.259832 0.204486 0.0 
0.212183 0.151459 0.0 
0.23167 0.238688 0.0 
0.235373 0.235515 0.0 
0.188211 0.248821 0.0 
0.16608 0.236731 0.0 
0.256334 0.17968 0.0 
0.209328 0.249693 0.0 
0.241396 0.171488 0.0 
0.149921 0.20087 0.0 
0.141796 0.203514 0.0 
0.263895 0.226404 0.0 
0.173069 0.157455 0.0 
0.230067 0.159525 0.0 
0.0118482 0.41 0.0 
0.233145 0.161901 0.0 
0.230183 0.240157 0.0 
0.0432887 0.0281414 0.0 
0.249581 0.206444 0.0 
0.137618 0.200972 0.0 
0.166383 0.237463 0.0 
0.139433 0.199428 0.0 
0.247529 0.184282 0.0 
0.248354 0.21362 0.0 
0.234925 0.235986 0.0 
2.07211 0.016944 0.0 
0.237312 0.166537 0.0 
0.1459 0.197609 0.0 
0.186509 0.24839 0.0 
0.169601 0.240093 0.0 
0.26167 0.197309 0.0 
0.23565 0.16482 0.0 
0.235989 0.164692 0.0 
0.210429 0.151028 0.0 
0.250121 0.199536 0.0 
2.17937 0.00448641 0.0 
0.136387 0.199082 0.0 
0.190574 0.249438 0.0 
2.17694 0.407663 0.0 
0.247256 0.183364 0.0 
0.256971 0.19652 0.0 
0.209521 0.150831 0.0 
1.39592 0.00780474 0.0 
0.181159 0.246527 0.0 
0.262624 0.205932 0.0 
0.244933 0.177755 0.0 
0.182089 0.246985 0.0 
0.0945574 0.404797 0.0 
1.15919 0.0232092 0.0 
0.17134 0.241479 0.0 
2.18213 0 0.0 
0.29369 0.179863 0.0 
0.243936 0.175811 0.0 
0.237492 0.166272 0.0 
0.240877 0.228919 0.0 
0.859206 0 0.0 
0.250002 0.202408 0.0 
0.249031 0.210883 0.0 
0.254889 0.200477 0.0 
0.0870201 0.0249253 0.0 
0.253842 0.215827 0.0 
0.720187 0.00804549 0.0 
0.250087 0.200556 0.0 
0.263136 0.203623 0.0 
0.218803 0.246327 0.0 
2.2 0.00664648 0.0 
0.242356 0.237422 0.0 
2.1553 0.402996 0.0 
0.312546 0.18908 0.0 
0.184307 0.247718 0.0 
2.18133 0.00209416 0.0 
0.259774 0.198271 0.0 
2.16371 0.408775 0.0 
2.19757 0.00282832 0.0 
0.250208 0.198551 0.0 
0.183547 0.247539 0.0 
0.250193 0.201931 0.0 
0.249806 0.205094 0.0 
0.143945 0.200773 0.0 
0.246957 0.18189 0.0 
0.141241 0.198594 0.0 
0.23964 0.23059 0.0 
0.205292 0.149511 0.0 
0.15461 0.17852 0.0 
0.240593 0.165732 0.0 
0.258924 0.199672 0.0 
0.154868 0.17806 0.0 
0.248126 0.214209 0.0 
0.218082 0.246614 0.0 
0.152669 0.18361 0.0 
0.236101 0.235546 0.0 
0.375499 0.378087 0.0 
0.277391 0.253869 0.0 
0.261529 0.201175 0.0 
0.0722372 0.0185747 0.0 
0.144437 0.201518 0.0 
0.250088 0.196493 0.0 
0.177479 0.155362 0.0 
0.249811 0.193889 0.0 
0.143043 0.201517 0.0 
0.304584 0.189279 0.0 
0.184016 0.152513 0.0 
0.185744 0.247922 0.0 
0.887939 0.00710843 0.0 
0.162361 0.23304 0.0 
0.169549 0.239836 0.0 
1.88795 0.390619 0.0 
0.149779 0.200003 0.0 
0.249875 0.204372 0.0 
0.144871 0.198027 0.0 
0.128544 0.216713 0.0 
1.23129 0.00963511 0.0 
0.246596 0.218307 0.0 
0.24237 0.23491 0.0 
0.142941 0.196997 0.0 
0.221674 0.245117 0.0 
0.255956 0.212146 0.0 
0.250061 0.196999 0.0 
0.244059 0.229795 0.0 
0.252305 0.200607 0.0 
0.235805 0.235606 0.0 
0.955605 0.400858 0.0 
0.243946 0.168158 0.0 
0.600421 0.0135954 0.0 
0.331449 0.215674 0.0 
0.363981 0.189321 0.0 
0.212299 0.248461 0.0 
0.238094 0.236446 0.0 
0.231786 0.16108 0.0 
0.154085 0.179353 0.0 
0.250288 0.199609 0.0 
0.15012 0.195483 0.0 
0.155081 0.17775 0.0 
0.229375 0.24076 0.0 
0.266215 0.18083 0.0 
0.569561 0.183305 0.0 
0.258627 0.200997 0.0 
0.239437 0.23114 0.0 
0.238688 0.16833 0.0 
0.315351 0.172353 0.0 
1.12499 0.402603 0.0 
0.250235 0.20055 0.0 
0.176247 0.244156 0.0 
0.234379 0.163313 0.0 
0.214271 0.247918 0.0 
0.250185 0.204164 0.0 
0.340781 0.189661 0.0 
0.237761 0.233048 0.0 
1.3066 0.404469 0.0 
0.254261 0.201103 0.0 
0.216583 0.247381 0.0 
0.226627 0.242552 0.0 
2.12206 0.0936118 0.0 
0.278398 0.179917 0.0 
0.139705 0.157371 0.0 
0.231116 0.160565 0.0 
0.143053 0.19913 0.0 
0.228236 0.241573 0.0 
0.345819 0.221156 0.0 
2.12904 0.40001 0.0 
0.290478 0.41 0.0 
0.205953 0.249788 0.0 
0.367918 0.00396904 0.0 
0.239354 0.168928 0.0 
0.152714 0.182941 0.0 
0.236466 0.236565 0.0 
0.238178 0.159717 0.0 
0.249319 0.209509 0.0 
2.19196 0.409412 0.0 
0.145112 0.200066 0.0 
0.235646 0.235175 0.0 
0.240262 0.169758 0.0 
0.166564 0.126875 0.0 
0.308697 0.39841 0.0 
0.254174 0.204499 0.0 
2.2 0.400892 0.0 
0.275758 0.205446 0.0 
0.283912 0.222558 0.0 
0.145917 0.198888 0.0 
0.249972 0.201603 0.0 
0.249834 0.194491 0.0 
0.234693 0.236174 0.0 
0.151245 0.134585 0.0 
0.237334 0.233893 0.0 
0.162553 0.166529 0.0 
0.236793 0.233853 0.0 
0.852447 0.0060345 0.0 
0.215824 0.24771 0.0 
0.209379 0.249302 0.0 
0.12937 0.198269 0.0 
0.239211 0.23102 0.0 
2.19262 0.00125561 0.0 
0.155328 0.177436 0.0 
0.233742 0.236992 0.0 
0.228598 0.241249 0.0 
0.0726548 0.41 0.0 
0.162999 0.166052 0.0 
0.145153 0.203313 0.0 
0.250022 0.194945 0.0 
0.249913 0.204989 0.0 
0.152275 0.215019 0.0 
0.201375 0.250136 0.0 
0.235354 0.164646 0.0 
0.336124 0.192695 0.0 
0.250073 0.199111 0.0 
0.145642 0.201064 0.0 
0.254747 0.198441 0.0 
0.249995 0.199503 0.0 
0.250152 0.197526 0.0 
2.13277 0.0102717 0.0 
0.250188 0.200939 0.0 
0.195307 0.249826 0.0 
0.243216 0.225142 0.0 
0.250455 0.199352 0.0 
1.69889 0.41 0.0 
2.18809 0 0.0 
0.150585 0.208041 0.0 
0.120756 0.165053 0.0 
0.292305 0.187451 0.0 
0.266157 0.201473 0.0 
0.149908 0.19933 0.0 
0.136887 0.168189 0.0 
0.264913 0.197263 0.0 
0.235614 0.235883 0.0 
0.253519 0.201846 0.0 
0.254739 0.203086 0.0 
0.250061 0.201271 0.0 
0.149928 0.199889 0.0 
0.212309 0.151151 0.0 
0.257952 0.198058 0.0 
0.250081 0.200339 0.0 
0.205127 0.249875 0.0 
0.254598 0.20196 0.0 
0.253596 0.200225 0.0 
0.235104 0.236322 0.0 
0.349368 0.192879 0.0 
0.234035 0.236811 0.0 
0.229307 0.240507 0.0 
0.249819 0.208143 0.0 
0.186448 0.248265 0.0 
0.250329 0.200017 0.0 
0.243225 0.225488 0.0 
1.1764 0.00661238 0.0 
0.147447 0.199771 0.0 
0.235445 0.236212 0.0 
0.146252 0.202236 0.0 
1.15878 0.00838947 0.0 
0.257113 0.199035 0.0 
0.38812 0.406207 0.0 
0.187226 0.150855 0.0 
0.235571 0.236061 0.0 
0.243533 0.224887 0.0 
0.236478 0.16512 0.0 
0.594808 0.00914544 0.0 
0.247864 0.16604 0.0 
0.171664 0.157683 0.0 
0.469335 0.251859 0.0 
0.282134 0.165273 0.0 
0.175227 0.243523 0.0 
0.368648 0.0104168 0.0 
0.242404 0.236308 0.0 
0.66725 0.07245 0.0 
0.171014 0.158863 0.0 
0.230302 0.159843 0.0 
0.239478 0.230896 0.0 
0.414747 0.197682 0.0 
0.539414 0 0.0 
0.2237 0.244161 0.0 
0.133558 0.201513 0.0 
0.163799 0.235145 0.0 
0.230691 0.160347 0.0 
0.249026 0.210568 0.0 
0.236974 0.234035 0.0 
0.247732 0.215354 0.0 
0.236989 0.233745 0.0 
0.249352 0.210392 0.0 
0.229278 0.159162 0.0 
0.236164 0.235078 0.0 
0.23462 0.236762 0.0 
0.296629 0.182839 0.0 
0.250721 0.170285 0.0 
2.19079 0 0.0 
0.243926 0.224681 0.0 
0.00423331 0.41 0.0 
0.267463 0.195354 0.0 
0.255573 0.20121 0.0 
0.242294 0.118979 0.0 
0.215098 0.24771 0.0 
0.240442 0.229544 0.0 
0.235025 0.236105 0.0 
0.250293 0.195253 0.0 
0.247934 0.214216 0.0 
0.166926 0.237919 0.0 
0.14081 0.205027 0.0 
2.15469 0.41 0.0 
0.164259 0.235214 0.0 
0.252758 0.201022 0.0 
0.284041 0.00940495 0.0 
0.241178 0.228358 0.0 
0.23588 0.1599 0.0 
0 0.406501 0.0 
0.24755 0.215894 0.0 
0.235809 0.235439 0.0 
0.240391 0.229795 0.0 
0.249978 0.201404 0.0 
0.179681 0.154086 0.0 
0.224223 0.244343 0.0 
0.873175 0.40039 0.0 
0.228617 0.241775 0.0 
0.54123 0.0105508 0.0 
0.176599 0.244278 0.0 
0.229287 0.241222 0.0 
0.150008 0.199239 0.0 
0.249241 0.210225 0.0 
0.14869 0.201747 0.0 
0.235287 0.236078 0.0 
0.259116 0.202489 0.0 
0.24736 0.216278 0.0 
0.144679 0.196563 0.0 
0.243717 0.231324 0.0 
0.235634 0.235441 0.0 
0.149986 0.198177 0.0 
0.250163 0.200469 0.0 
0.147373 0.196145 0.0 
0.250144 0.195964 0.0 
0.173353 0.403456 0.0 
0.247961 0.214743 0.0 
0.147392 0.198969 0.0 
0.236792 0.234026 0.0 
0.398568 0.0079061 0.0 
2.19493 0.41 0.0 
0.228974 0.240901 0.0 
2.15021 0.408337 0.0 
1.63542 0.404346 0.0 
0.159609 0.229627 0.0 
0.152498 0.215941 0.0 
0.277371 0.00530985 0.0 
0.235865 0.235288 0.0 
0.242271 0.226842 0.0 
0.281449 0.180361 0.0 
0.248545 0.186315 0.0 
0.250293 0.197848 0.0 
0.388845 0.401397 0.0 
0.243082 0.226066 0.0 
0.249867 0.206709 0.0 
2.16968 0.407674 0.0 
0.154142 0.179659 0.0 
0.15661 0.225217 0.0 
1.73372 0.0115655 0.0 
0.239636 0.231274 0.0 
0.249994 0.192946 0.0 
0.151686 0.213449 0.0 
0.23675 0.234223 0.0 
0.143326 0.194459 0.0 
1.71482 0.0042082 0.0 
0.304299 0.191998 0.0 
0.278395 0.17822 0.0 
0.228939 0.156801 0.0 
0.160409 0.169131 0.0 
1.17086 0.0100596 0.0 
0.464145 0.405311 0.0 
0.247642 0.215166 0.0 
0.250101 0.197784 0.0 
0.0821313 0.403357 0.0 
0.237479 0.233517 0.0 
0.240261 0.23015 0.0 
0.238711 0.167282 0.0 
0.346308 0.00356841 0.0 
0.252301 0.202357 0.0 
0.247326 0.217013 0.0 
0.492681 0.00887105 0.0 
0.233827 0.237235 0.0 
0.23531 0.235764 0.0 
0.249956 0.196265 0.0 
0.247668 0.216027 0.0 
1.45819 0.400357 0.0 
0.252188 0.173104 0.0 
0.235452 0.236439 0.0 
0.241357 0.228274 0.0 
0.249993 0.20593 0.0 
0.235053 0.236661 0.0 
0.302047 0.233009 0.0 
0.157993 0.227356 0.0 
0.236561 0.234857 0.0 
0.185366 0.151913 0.0 
0.237018 0.234215 0.0 
0.184576 0.152236 0.0 
0.174858 0.243216 0.0 
0.149891 0.204382 0.0 
0.894326 0.399905 0.0 
0.0752227 0.396405 0.0 
0.232818 0.238772 0.0 
0.253697 0.199788 0.0 
0.132749 0.00618679 0.0 
0.124524 0.202739 0.0 
0.157793 0.227021 0.0 
0.255488 0.204362 0.0 
1.13732 0.405879 0.0 
0.147804 0.201391 0.0 
0.251264 0.20191 0.0 
0.135748 0.395829 0.0 
0.245008 0.157972 0.0 
0.272681 0.20821 0.0 
0.236841 0.235007 0.0 
0.195255 0.149901 0.0 
0.196229 0.149546 0.0 
0.250078 0.203837 0.0 
0.333862 0.220049 0.0 
0.24962 0.208285 0.0 
0.264429 0.233125 0.0 
0.203253 0.15001 0.0 
0.0079953 0.41 0.0 
0.193392 0.149948 0.0 
0.250584 0.199851 0.0 
0.160931 0.233774 0.0 
0.250358 0.198976 0.0 
0.189633 0.150791 0.0 
1.19058 0.0124469 0.0 
0.255508 0.199162 0.0 
0.22299 0.149178 0.0 
0.174299 0.00694519 0.0 
0.250164 0.200687 0.0 
0.172534 0.241914 0.0 
0.25013 0.200873 0.0 
0.236407 0.165385 0.0 
0.214443 0.248119 0.0 
0.213542 0.248529 0.0 
0.235422 0.235814 0.0 
0.215319 0.247687 0.0 
0.245164 0.234973 0.0 
0.252658 0.199626 0.0 
0.24053 0.230255 0.0 
1.59204 0.00618297 0.0 
0.24996 0.194308 0.0 
2.15173 0.230237 0.0 
0.585928 0.00564106 0.0 
0.248941 0.167009 0.0 
1.67827 0.0157767 0.0 
0.22864 0.403044 0.0 
0.303843 0.181282 0.0 
0.249981 0.155527 0.0 
0.198247 0.250184 0.0 
0.156822 0.225581 0.0 
0.25004 0.200683 0.0 
0.235441 0.235646 0.0 
0.140352 0.189626 0.0 
1.35719 0.00469962 0.0 
0.236123 0.235297 0.0 
2.10103 0.404237 0.0 
0.231976 0.23901 0.0 
0.491638 0.403684 0.0 
0.249884 0.208813 0.0 
0.252853 0.202132 0.0 
0.252849 0.204982 0.0 
0.145893 0.208568 0.0 
0.249738 0.207513 0.0 
0.229796 0.240647 0.0 
0.417246 0.402794 0.0 
0.248162 0.185482 0.0 
0.235322 0.235385 0.0 
0.196656 0.149934 0.0 
0.230059 0.160048 0.0 
0.0967785 0.00800871 0.0 
1.12078 0.397 0.0 
0.196929 0.149764 0.0 
0.244814 0.00418858 0.0 
0.231946 0.245236 0.0 
1.70946 0.41 0.0 
1.38158 0.00941605 0.0 
0.23605 0.165356 0.0 
0.145516 0.201722 0.0 
0.221679 0.245273 0.0 
0.23715 0.165688 0.0 
0.263366 0.195041 0.0 
0.145436 0.206447 0.0 
0.250258 0.19936 0.0 
1.0871 0.00841789 0.0 
0.220027 0.245905 0.0 
0.0838885 0.182309 0.0 
0.220791 0.245566 0.0 
1.1357 0.0177431 0.0 
1.39023 0.0162587 0.0 
0.215285 0.247604 0.0 
0.221024 0.153987 0.0 
1.11953 0.407079 0.0 
1.65278 0.00482375 0.0 
0.199509 0.14957 0.0 
0.226045 0.243463 0.0 
0.141342 0.202085 0.0 
0.129651 0.201284 0.0 
2.16237 0.00598417 0.0 
0.0845391 0.204326 0.0 
0.147813 0.241832 0.0 
0.286434 0.404804 0.0 
0.249941 0.197626 0.0 
0.201986 0.149543 0.0 
0.162602 0.166817 0.0 
0.238694 0.167725 0.0 
0.246725 0.180841 0.0 
0.898758 0.405514 0.0 
0.188689 0.150899 0.0 
0.133225 0.404239 0.0 
0.109457 0.00784873 0.0 
0.218234 0.118928 0.0 
0.264743 0.00435233 0.0 
0.34401 0.176079 0.0 
1.10538 0.40433 0.0 
1.6129 0.404881 0.0 
0.164827 0.236046 0.0 
0.250202 0.201641 0.0 
1.11314 0 0.0 
0.116888 0.404249 0.0 
0.208841 0.397138 0.0 
1.80721 0.0599343 0.0 
0.304587 0.406154 0.0 
0.200717 0.14993 0.0 
0.265517 0.404378 0.0 
0.249272 0.189797 0.0 
2.13629 0.371799 0.0 
0.287035 0.214683 0.0 
0.236398 0.237152 0.0 
0.24651 0.404449 0.0 
0.250333 0.197083 0.0 
0.21683 0.247154 0.0 
0.110773 0.26904 0.0 
0.194685 0.00615683 0.0 
0.200238 0.149798 0.0 
0.138853 0.197497 0.0 
0.239917 0.169893 0.0 
0.242028 0.227676 0.0 
0.250039 0.201699 0.0 
0.247677 0.183554 0.0 
0.21326 0.151793 0.0 
1.48414 0.00613819 0.0 
1.51735 0.00650323 0.0 
0.00299197 0 0.0 
0.808852 0.00547795 0.0 
0.249976 0.195717 0.0 
2.15336 0.00938121 0.0 
0.149856 0.198803 0.0 
0.250345 0.201773 0.0 
0.221619 0.245449 0.0 
0.0456322 0.396314 0.0 
0.133199 0.206506 0.0 
0.170803 0.159236 0.0 
0.149881 0.195397 0.0 
0.239634 0.234757 0.0 
0.239348 0.168555 0.0 
1.02842 0.404936 0.0 
1.74051 0.0415794 0.0 
0.150731 0.211699 0.0 
0.205085 0.149938 0.0 
0.333581 0.41 0.0 
0.250049 0.19731 0.0 
0.171467 0.241239 0.0 
0.156421 0.225011 0.0 
0.0540405 0.0195203 0.0 
0.196228 0.399028 0.0 
0.243216 0.174858 0.0 
2.06667 0.00475547 0.0 
0.128129 0.0932245 0.0 
0.241737 0.171924 0.0 
0.204738 0.00507493 0.0 
0.0283806 0.404704 0.0 
1.09438 0.398388 0.0 
0.246286 0.181097 0.0 
0.256153 0.198068 0.0 
1.58114 0.00466443 0.0 
2.15415 0.396749 0.0 
1.03663 0.00433578 0.0 
2.16251 0.0126763 0.0 
0.517069 0.403504 0.0 
0.212485 0.248756 0.0 
1.63766 0.00456401 0.0 
0.23974 0.169388 0.0 
0.202535 0.136594 0.0 
0.22684 0.242182 0.0 
0.24747 0.183581 0.0 
2.05251 0.0036161 0.0 
0.150134 0.19637 0.0 
0.249777 0.192364 0.0 
0.209293 0.150684 0.0 
0.185191 0.247902 0.0 
1.94052 0.0104189 0.0 
0.181451 0.153005 0.0 
0.184262 0.247893 0.0 
0.254809 0.199889 0.0 
0.156293 0.175722 0.0 
0.612899 0.206743 0.0 
0.206122 0.15012 0.0 
1.81867 0.00464992 0.0 
0.182137 0.153056 0.0 
0.215834 0.152433 0.0 
0.67263 0.404077 0.0 
0.148423 0.198742 0.0 
0.243188 0.17392 0.0 
1.0869 0.40525 0.0 
0.4101 0.217489 0.0 
0.18216 0.246828 0.0 
0.353527 0.35922 0.0 
0.240859 0.234329 0.0 
0.24598 0.219851 0.0 
0.218354 0.153304 0.0 
0.218232 0.246644 0.0 
1.70897 0.40605 0.0 
0.183612 0.137615 0.0 
0.735675 0.013088 0.0 
0.455223 0.00618374 0.0 
1.13932 0.0108099 0.0 
0.152467 0.184034 0.0 
1.53311 0.00509725 0.0 
0.219272 0.246428 0.0 
0.165356 0.16395 0.0 
2.18081 0.00807192 0.0 
0.478845 0.00786109 0.0 
0.249656 0.193463 0.0 
0.240879 0.17052 0.0 
0.237036 0.165836 0.0 
0.150008 0.200769 0.0 
2.09658 0.00562533 0.0 
0.241816 0.172384 0.0 
0.563512 0.00643029 0.0 
0.237227 0.166271 0.0 
0.220224 0.154045 0.0 
1.00103 0.00417003 0.0 
0.24247 0.234268 0.0 
0.24825 0.213103 0.0 
1.36913 0.405434 0.0 
0.168917 0.41 0.0 
0.229257 0.241013 0.0 
0.235866 0.24133 0.0 
1.07409 0.00641977 0.0 
1.05698 0.404145 0.0 
2.2 0.123083 0.0 
0.150022 0.201409 0.0 
0.242114 0.172815 0.0 
0.98468 0.403999 0.0 
0.182953 0.247263 0.0 
0.240157 0.170028 0.0 
0.206444 0.249581 0.0 
0.35433 0.197931 0.0 
0.219241 0.153635 0.0 
1.56873 0.00711986 0.0 
0.851787 0.405687 0.0 
1.86105 0.0529455 0.0 
0.23299 0.238117 0.0 
0.514885 0.00547121 0.0 
0.124369 0.181052 0.0 
0.794007 0.00494343 0.0 
0.182013 0.153271 0.0 
0.218059 0.153053 0.0 
0.214044 0.248128 0.0 
0.249862 0.195375 0.0 
0.173662 0.242628 0.0 
0.125064 0.174547 0.0 
0.239928 0.169654 0.0 
0.212069 0.151322 0.0 
0.250148 0.192606 0.0 
0.189637 0.151088 0.0 
0.254389 0.176765 0.0 
0.211582 0.249005 0.0 
0.161949 0.232433 0.0 
0.212675 0.151384 0.0 
1.30303 0.0049877 0.0 
0.281778 0.19715 0.0 
0.162948 0.233887 0.0 
0.181097 0.246286 0.0 
2.08352 0.00385022 0.0 
0.152686 0.216973 0.0 
0.158561 0.228186 0.0 
1.0518 0.0109645 0.0 
0.467584 0.340539 0.0 
0.238196 0.167246 0.0 
1.89424 0.405768 0.0 
0.981729 0.00398451 0.0 
0.947788 0.00604165 0.0 
1.906 0.0141608 0.0 
0.23503 0.16393 0.0 
2.12506 0.00514731 0.0 
0.304259 0.186571 0.0 
0.25284 0.198857 0.0 
0.241082 0.171504 0.0 
0.11487 0.174244 0.0 
1.41274 0.397053 0.0 
1.44759 0.404233 0.0 
2.18909 0.00408533 0.0 
0.250181 0.199889 0.0 
2.1838 0.00430695 0.0 
0.612528 0.00689594 0.0 
0.23461 0.163148 0.0 
0.158167 0.227898 0.0 
0.183049 0.247164 0.0 
0.24157 0.171452 0.0 
2.11294 0.0271279 0.0 
1.88079 0.00772174 0.0 
1.59549 0.397666 0.0 
0.228361 0.158824 0.0 
1.56097 0.00319385 0.0 
1.32816 0.405974 0.0 
0.236759 0.16611 0.0 
0 0.118648 0.0 
0.213847 0.248269 0.0 
0.252515 0.201613 0.0 
0.234817 0.163735 0.0 
0.608884 0.405843 0.0 
0.236345 0.234616 0.0 
0.165927 0.237029 0.0 
0.28024 0.216824 0.0 
0.248353 0.212921 0.0 
0.228873 0.158878 0.0 
0.235107 0.163428 0.0 
1.88276 0.404207 0.0 
0.23765 0.16667 0.0 
0.214216 0.152066 0.0 
0.825417 0.400005 0.0 
1.80293 0.00657781 0.0 
0.0483182 0.00732892 0.0 
0.158222 0.227772 0.0 
0.236677 0.165499 0.0 
0.155809 0.22356 0.0 
0.1544 0.179145 0.0 
0.839085 0.00350358 0.0 
0.176633 0.244552 0.0 
0.0127968 0.404805 0.0 
1.90015 0.00615338 0.0 
0.239413 0.169236 0.0 
0.268067 0.198732 0.0 
0.229473 0.159441 0.0 
0.80512 0.405324 0.0 
0.255806 0.168379 0.0 
0.234957 0.235839 0.0 
0.161753 0.167233 0.0 
1.80149 0.399595 0.0 
0.180422 0.150968 0.0 
1.46977 0.00473687 0.0 
0.234842 0.235859 0.0 
1.71358 0.00964137 0.0 
0.171709 0.241323 0.0 
0.764347 0.404712 0.0 
1.99806 0.00406641 0.0 
1.77443 0.00781809 0.0 
1.41996 0.404969 0.0 
0.723372 0.40306 0.0 
1.12193 0.00485822 0.0 
0.230593 0.159929 0.0 
0.152208 0.215215 0.0 
1.38205 0.404896 0.0 
0.172095 0.241657 0.0 
0.149854 0.201352 0.0 
0.211884 0.1512 0.0 
1.34048 0.406558 0.0 
0.827832 0.010568 0.0 
1.11163 0.00685942 0.0 
1.26148 0.403013 0.0 
1.75212 0.407579 0.0 
0.236549 0.165541 0.0 
1.76305 0.0181201 0.0 
2.17423 0.0126987 0.0 
1.83097 0.404566 0.0 
2.2 0.195819 0.0 
2.19243 0.002559 0.0 
1.58983 0.404572 0.0 
1.90627 0.406338 0.0 
0.180075 0.246006 0.0 
0.215975 0.152395 0.0 
0.299885 0.186536 0.0 
0.161949 0.167567 0.0 
0.863022 0.404956 0.0 
0.153714 0.218903 0.0 
2.19435 0.000754087 0.0 
0.78504 0.405487 0.0 
0.765862 0.00469146 0.0 
0.300564 0.221513 0.0 
0.677475 0.00350009 0.0 
1.28239 0.399752 0.0 
0.229307 0.159493 0.0 
0.227847 0.158246 0.0 
0.22684 0.157818 0.0 
0.22693 0.157844 0.0 
0.556124 0.401166 0.0 
0.879014 0.395661 0.0 
0.171732 0.24151 0.0 
2.19335 0 0.0 
0.874436 0.406041 0.0 
0.149753 0.20128 0.0 
0.241823 0.227603 0.0 
2.02529 0.00596426 0.0 
0.174955 0.243666 0.0 
1.05669 0.00372505 0.0 
0.201366 0.149719 0.0 
0.167738 0.238985 0.0 
0.235443 0.235264 0.0 
0.179929 0.246011 0.0 
0.228025 0.158431 0.0 
0.653633 0.00458958 0.0 
0.158918 0.228496 0.0 
0.676593 0.397039 0.0 
0.218204 0.153309 0.0 
0.230183 0.159964 0.0 
0.235188 0.163754 0.0 
0.158354 0.22782 0.0 
1.42703 0.396699 0.0 
0.229202 0.159294 0.0 
2.16466 0 0.0 
0.160488 0.230861 0.0 
0.893948 0.391903 0.0 
0.248552 0.186935 0.0 
0.163351 0.234324 0.0 
0.177347 0.153419 0.0 
0.818176 0.392447 0.0 
0.201491 0.150025 0.0 
2.07649 0.00916854 0.0 
0.149797 0.199448 0.0 
0.236107 0.164871 0.0 
0.240805 0.170935 0.0 
0.174239 0.243165 0.0 
0.240531 0.170726 0.0 
0.320906 0.213741 0.0 
0.239844 0.230708 0.0 
2.18596 0.408483 0.0 
0.261132 0.174866 0.0 
0.130426 0.228406 0.0 
0.281554 0.218626 0.0 
0.236107 0.234754 0.0 
0.235719 0.164112 0.0 
0.228951 0.158787 0.0 
2.11278 0.0101216 0.0 
0.14975 0.199867 0.0 
0.196859 0.25006 0.0 
0.236951 0.166032 0.0 
0.933675 0.41 0.0 
0.235106 0.163874 0.0 
0.145908 0.204434 0.0 
0.65887 0.406001 0.0 
0.155747 0.176539 0.0 
0.181889 0.153247 0.0 
0.191734 0.150382 0.0 
0.1486 0.200393 0.0 
0.250882 0.200338 0.0 
0.235507 0.163393 0.0 
0.236061 0.2359 0.0 
0.193233 0.129057 0.0 
0 0.0822868 0.0 
0.213533 0.151407 0.0 
2.09779 0.0179039 0.0 
0.236231 0.235657 0.0 
0.150112 0.203313 0.0 
0.242005 0.172098 0.0 
0.445576 0.405327 0.0 
0.356893 0.41 0.0 
2.14714 0.343983 0.0 
0.237322 0.165935 0.0 
0.240669 0.170827 0.0 
0.219018 0.153633 0.0 
0.149355 0.200677 0.0 
0.383793 0.0102883 0.0 
0.25031 0.193677 0.0 
0.246225 0.21924 0.0 
0.215201 0.152178 0.0 
0.210481 0.150902 0.0 
0.214883 0.151871 0.0 
0.236549 0.234661 0.0 
0.23737 0.233309 0.0 
0.2456 0.179135 0.0 
2.17746 0.409338 0.0 
0.165618 0.236475 0.0 
0.231608 0.16074 0.0 
0.165912 0.237283 0.0 
2.17291 0.41 0.0 
0.228421 0.158541 0.0 
0.236775 0.165679 0.0 
0.219935 0.153773 0.0 
0.193556 0.150419 0.0 
0.200873 0.149833 0.0 
0.150441 0.20661 0.0 
0.2055 0.149861 0.0 
0.247822 0.184407 0.0 
0.20879 0.1505 0.0 
0.236422 0.235813 0.0 
1.8144 0.0343917 0.0 
0.2272 0.157842 0.0 
0.220659 0.154325 0.0 
0.0043446 0.000769428 0.0 
0.15941 0.229193 0.0 
0.189618 0.150957 0.0 
0.0617649 0.00902043 0.0 
0.349129 0.185028 0.0 
0.254638 0.195635 0.0 
0.189929 0.249064 0.0 
0.470832 0.150957 0.0 
0.181662 0.153143 0.0 
0.575959 0.403537 0.0 
0.239716 0.165381 0.0 
0.254412 0.206763 0.0 
0.234178 0.237148 0.0 
0.210992 0.248866 0.0 
0.194284 0.150122 0.0 
2.18927 0.41 0.0 
1.06733 0.0132159 0.0 
0.235895 0.235791 0.0 
0.160563 0.230834 0.0 
0.161373 0.232105 0.0 
0.174784 0.154591 0.0 
0.23545 0.164289 0.0 
0.156617 0.225464 0.0 
0.0682941 0.389004 0.0 
0.242199 0.22806 0.0 
0.239188 0.168129 0.0 
0.249955 0.19529 0.0 
0.160134 0.230373 0.0 
0.216184 0.152334 0.0 
1.90181 0.0870576 0.0 
0.173159 0.242182 0.0 
0.152647 0.216044 0.0 
0.149839 0.201032 0.0 
0.141291 0.197485 0.0 
0.249108 0.209388 0.0 
0.232261 0.248558 0.0 
0.240558 0.170572 0.0 
1.8962 0.3957 0.0 
2.18989 0.408664 0.0 
1.64395 0.00974842 0.0 
2.18225 0.409021 0.0 
0.226866 0.2428 0.0 
0.162574 0.233323 0.0 
0.250125 0.201685 0.0 
0.257114 0.209012 0.0 
0.167717 0.238426 0.0 
0.14428 0.189979 0.0 
0.151041 0.213145 0.0 
0.194543 0.249699 0.0 
0.203625 0.15001 0.0 
2.04869 0.101209 0.0 
0.250662 0.199508 0.0 
0.165872 0.236804 0.0 
0.198558 0.149772 0.0 
0.149139 0.200371 0.0 
0.168107 0.279091 0.0 
0.200497 0.150005 0.0 
0.166272 0.237175 0.0 
0.236896 0.165624 0.0 
0.178371 0.245077 0.0 
0.25269 0.162311 0.0 
0.24958 0.208956 0.0 
0.250415 0.19609 0.0 
0.164968 0.236015 0.0 
0.199761 0.149706 0.0 
0.163789 0.23483 0.0 
0.149971 0.201984 0.0 
1.89374 0.0344199 0.0 
0.188894 0.150989 0.0 
1.15158 0.013075 0.0 
0.202754 0.149795 0.0 
0.244991 0.223065 0.0 
0.278209 0.176622 0.0 
0.019066 0.401742 0.0 
0.347385 0.00862748 0.0 
1.69291 0.0107576 0.0 
0.249986 0.206999 0.0 
0.245733 0.179146 0.0 
0.235633 0.16467 0.0 
0.25084 0.196957 0.0 
0.249969 0.20749 0.0 
0.235459 0.16452 0.0 
0.0186758 0.406404 0.0 
1.41493 0.41 0.0 
0.250174 0.194489 0.0 
0.149849 0.203991 0.0 
0.465183 0.209849 0.0 
0.167751 0.238316 0.0 
0.249993 0.199254 0.0 
0.241595 0.228022 0.0 
0.160841 0.23184 0.0 
0.272488 0.177744 0.0 
0.194923 0.250104 0.0 
0.246232 0.180294 0.0 
0.240989 0.228631 0.0 
0.156486 0.224858 0.0 
0.147384 0.207222 0.0 
0.252997 0.203925 0.0 
0.157844 0.227327 0.0 
0.150729 0.208859 0.0 
0.167784 0.16168 0.0 
0.240657 0.229877 0.0 
0.157555 0.226664 0.0 
0.159493 0.170693 0.0 
0.638404 0.00558197 0.0 
0.249624 0.206605 0.0 
0.197531 0.250096 0.0 
0.158844 0.22849 0.0 
0.249689 0.206181 0.0 
0.149977 0.203113 0.0 
0.150045 0.204322 0.0 
0.231326 0.157774 0.0 
0.247735 0.215619 0.0 
0.247783 0.214973 0.0 
0.478573 0.405323 0.0 
0.235877 0.164426 0.0 
0.131602 0.171638 0.0 
0.213743 0.248149 0.0 
0.182612 0.247009 0.0 
0.157147 0.225912 0.0 
0.273539 0.168612 0.0 
0.156944 0.225615 0.0 
0.249849 0.206261 0.0 
0.194985 0.149742 0.0 
0.149675 0.199063 0.0 
0.161487 0.23279 0.0 
0.189782 0.249143 0.0 
0.00583842 0.406152 0.0 
0.169284 0.240335 0.0 
0.229275 0.240664 0.0 
0.233574 0.237885 0.0 
0.150352 0.207329 0.0 
0.00636614 0 0.0 
0.161636 0.232208 0.0 
0.184446 0.15214 0.0 
0.169223 0.160598 0.0 
0.159097 0.229388 0.0 
0.149919 0.200681 0.0 
0.150419 0.193556 0.0 
0.230946 0.160317 0.0 
0.185887 0.151609 0.0 
0.231424 0.160855 0.0 
0.151754 0.21341 0.0 
0.230172 0.155581 0.0 
0.159502 0.229715 0.0 
0.247139 0.217081 0.0 
0.24691 0.21809 0.0 
0.248895 0.186441 0.0 
2.15699 0.0036741 0.0 
0.160704 0.23132 0.0 
0.150001 0.200123 0.0 
0.150028 0.198391 0.0 
1.29591 0.41 0.0 
1.5518 0.404589 0.0 
0.260128 0.209013 0.0 
0.153902 0.18003 0.0 
0.250007 0.193746 0.0 
0.228711 0.241392 0.0 
0.17442 0.243115 0.0 
0.173844 0.156957 0.0 
0.178402 0.245181 0.0 
0.213078 0.248462 0.0 
0 0.167236 0.0 
0.190567 0.24926 0.0 
0.167567 0.161949 0.0 
1.19378 0.0189344 0.0 
0.160232 0.230883 0.0 
0.250166 0.200333 0.0 
0.166725 0.237585 0.0 
0.161312 0.23167 0.0 
0.152353 0.215624 0.0 
0.168327 0.161082 0.0 
0.229509 0.159638 0.0 
0.204389 0.404017 0.0 
0.183531 0.247368 0.0 
0.176596 0.244181 0.0 
0.240613 0.229161 0.0 
0.32548 0.189718 0.0 
0.195255 0.249878 0.0 
0.250601 0.197767 0.0 
0.170574 0.159038 0.0 
0.155899 0.223555 0.0 
0.403046 0.402096 0.0 
2.12148 0 0.0 
0.170889 0.241519 0.0 
0.440934 0.394913 0.0 
0.260362 0.187323 0.0 
0.430954 0.174538 0.0 
0.151793 0.21326 0.0 
0.515188 0.174595 0.0 
0.249968 0.198261 0.0 
0.247954 0.215032 0.0 
0.237685 0.166065 0.0 
0.260883 0.221545 0.0 
0.150057 0.197655 0.0 
0.203975 0.149573 0.0 
0.17883 0.154332 0.0 
0.224286 0.243963 0.0 
0.180716 0.24626 0.0 
0.174045 0.242812 0.0 
0.271753 0.228758 0.0 
0.0288821 0.400921 0.0 
0.154729 0.40493 0.0 
0.166795 0.238031 0.0 
2.1743 0 0.0 
0.247548 0.182704 0.0 
0.23092 0.160573 0.0 
0.752289 0.378859 0.0 
0.168828 0.23948 0.0 
1.11861 0.0288381 0.0 
0.21491 0.247816 0.0 
0.036802 0.406882 0.0 
0.271316 0.220524 0.0 
0.408583 0.0120047 0.0 
0.184664 0.247714 0.0 
1.8556 0.404822 0.0 
0.23732 0.233738 0.0 
0.22949 0.159136 0.0 
1.18838 0.405971 0.0 
2.11285 0.395896 0.0 
0.0315888 0.00646204 0.0 
0.212401 0.135548 0.0 
0.235399 0.235942 0.0 
0.182561 0.395732 0.0 
0.254836 0.209212 0.0 
0.248798 0.21144 0.0 
0.230517 0.160136 0.0 
0.250871 0.200781 0.0 
2.16072 0.41 0.0 
0.268835 0.219293 0.0 
0.180221 0.246 0.0 
0.174891 0.156224 0.0 
0.149602 0.199485 0.0 
0.235466 0.161439 0.0 
0.175104 0.243577 0.0 
0.250722 0.20051 0.0 
0.256349 0.206103 0.0 
0.419898 0.123738 0.0 
0.176676 0.244435 0.0 
0.172055 0.15792 0.0 
0.177495 0.244889 0.0 
0.244144 0.224963 0.0 
0.177928 0.245009 0.0 
2.17805 0.00197855 0.0 
0.249529 0.209689 0.0 
0.188962 0.248942 0.0 
0.17934 0.245684 0.0 
0.242082 0.172577 0.0 
0.168515 0.239674 0.0 
0.170309 0.159421 0.0 
2.16681 0.41 0.0 
0.169759 0.159368 0.0 
0.183916 0.24734 0.0 
0.474238 0.234434 0.0 
0.18688 0.248315 0.0 
0.27454 0.219142 0.0 
0.280255 0.41 0.0 
0.331761 0.297754 0.0 
0.237041 0.233885 0.0 
0.151793 0.18674 0.0 
0.150041 0.202951 0.0 
0.235569 0.235138 0.0 
0.163191 0.234385 0.0 
0.210348 0.248987 0.0 
0.376175 0.0157904 0.0 
0.196292 0.24991 0.0 
0.155204 0.17731 0.0 
0.376043 0.39964 0.0 
0.271279 0.213907 0.0 
0.162183 0.167092 0.0 
0.159865 0.169853 0.0 
0.193556 0.249581 0.0 
0.282474 0.207262 0.0 
0.190815 0.150125 0.0 
0.276337 0.194064 0.0 
0.228496 0.241082 0.0 
0.358014 0.00915776 0.0 
0.253461 0.211107 0.0 
0.155533 0.223089 0.0 
0.250058 0.204754 0.0 
0.150528 0.207234 0.0 
0.150573 0.207535 0.0 
0.288867 0.226874 0.0 
0.686911 0.102869 0.0 
0.366059 0.404681 0.0 
0.204314 0.25002 0.0 
0.188513 0.150706 0.0 
0.243285 0.225183 0.0 
0.193169 0.249676 0.0 
0.167857 0.1615 0.0 
0.361832 0.399838 0.0 
0.219129 0.246305 0.0 
0.152066 0.214216 0.0 
0.243541 0.225093 0.0 
0.1456 0.195265 0.0 
0.163367 0.165573 0.0 
0.250088 0.207963 0.0 
0.171504 0.158918 0.0 
0.109637 0.193469 0.0 
0.150389 0.206982 0.0 
0.149947 0.201147 0.0 
0.149933 0.199721 0.0 
0.199183 0.250165 0.0 
0.16742 0.161681 0.0 
0.250306 0.199883 0.0 
0.239028 0.231588 0.0 
0.191563 0.249425 0.0 
0.21784 0.24682 0.0 
0.229492 0.152283 0.0 
0.236165 0.234523 0.0 
0.26535 0.224304 0.0 
0.150118 0.204825 0.0 
2.03903 0.00450161 0.0 
0.235162 0.235546 0.0 
0.209233 0.249226 0.0 
0.152671 0.21637 0.0 
0.249874 0.205413 0.0 
0.150812 0.209429 0.0 
0.269284 0.181673 0.0 
1.32259 0.00491117 0.0 
0.255628 0.235538 0.0 
0.20621 0.249881 0.0 
0.150667 0.208437 0.0 
0.169647 0.159884 0.0 
2.13973 0.00562609 0.0 
0.324685 0.397981 0.0 
0.237885 0.232716 0.0 
1.65033 0.404051 0.0 
0.228049 0.241848 0.0 
0.234483 0.236204 0.0 
0.229771 0.240442 0.0 
2.19165 0.000714196 0.0 
0.467723 0.00548827 0.0 
0.214007 0.247996 0.0 
0.238196 0.232337 0.0 
0.136345 0.208556 0.0 
0.20286 0.250045 0.0 
0.150214 0.195409 0.0 
0.228135 0.00677142 0.0 
0.141515 0.226471 0.0 
0.237289 0.233306 0.0 
0.352325 0.230458 0.0 
0.200567 0.250463 0.0 
0.152358 0.215166 0.0 
0.133678 0.18079 0.0 
0.175758 0.243876 0.0 
0.166403 0.162508 0.0 
0.27837 0.171412 0.0 
0.150844 0.20973 0.0 
0.386846 0.193762 0.0 
0.254123 0.226743 0.0 
0.239537 0.169146 0.0 
0.304562 0.00428612 0.0 
0.237305 0.165554 0.0 
0.267569 0.245107 0.0 
0.152176 0.214847 0.0 
0.218797 0.246569 0.0 
0.401464 0.181694 0.0 
0.233853 0.236793 0.0 
0.239294 0.168689 0.0 
0.362865 0.220119 0.0 
0.169124 0 0.0 
2.12652 0.405558 0.0 
1.42107 0.00599519 0.0 
0.249786 0.195401 0.0 
0.215916 0.247576 0.0 
0.151907 0.213889 0.0 
2.17886 0.408524 0.0 
0.144057 0.147654 0.0 
0.211512 0.248654 0.0 
0.15836 0.227674 0.0 
0.257208 0.16685 0.0 
0.206812 0.249646 0.0 
0.56071 0.406549 0.0 
0.222658 0.15531 0.0 
0.207869 0.249507 0.0 
0.155434 0.177336 0.0 
0.154212 0.220235 0.0 
0.161243 0.16777 0.0 
0.255413 0.149693 0.0 
0.212234 0.248536 0.0 
1.46137 0.405078 0.0 
0.210783 0.249019 0.0 
0.162793 0.233614 0.0 
0.211784 0.248781 0.0 
0.238992 0.164253 0.0 
0.249993 0.200746 0.0 
0.293982 0.190992 0.0 
0.251152 0.2007 0.0 
0.159152 0.228971 0.0 
0.25038 0.20076 0.0 
0.235176 0.235893 0.0 
1.37171 0.00449727 0.0 
0.152054 0.214372 0.0 
0.429485 0.41 0.0 
0.235223 0.235724 0.0 
0.225908 0.243015 0.0 
0.246778 0.218006 0.0 
0.152354 0.215381 0.0 
0.234768 0.163539 0.0 
0.162583 0.166259 0.0 
0.235909 0.235127 0.0 
0.234201 0.162985 0.0 
0.152875 0.2176 0.0 
0.248223 0.214371 0.0 
0.257275 0.174445 0.0 
0.254629 0.245323 0.0 
1.96561 0.405745 0.0 
1.36609 0.39753 0.0 
0.159602 0.229459 0.0 
0.158918 0.171504 0.0 
1.66881 0.00358658 0.0 
2.2 0.0820465 0.0 
0.246561 0.218568 0.0 
1.49857 0.40615 0.0 
1.46369 0.395587 0.0 
0.154565 0.221018 0.0 
0.242531 0.226468 0.0 
0.16082 0.168422 0.0 
0.282864 0.220284 0.0 
2.17869 0 0.0 
0.790227 0.41 0.0 
0.149909 0.200283 0.0 
0.255892 0.231079 0.0 
0.1712 0.241143 0.0 
0.134632 0.196406 0.0 
0.160882 0.231292 0.0 
0.158735 0.171143 0.0 
0.150317 0.194395 0.0 
0.288404 0.181635 0.0 
0.220729 0.245498 0.0 
0.157372 0.226284 0.0 
0.249943 0.209372 0.0 
0.149835 0.199915 0.0 
0.276566 0.198243 0.0 
0.221335 0.245349 0.0 
1.57809 0 0.0 
0.23322 0.2376 0.0 
0.152992 0.182289 0.0 
0.233676 0.237158 0.0 
1.97342 0 0.0 
0.246653 0.217979 0.0 
0.222728 0.244782 0.0 
0.251446 0.199128 0.0 
0.280583 0.202126 0.0 
0.24579 0.168616 0.0 
0.234528 0.163572 0.0 
0.14905 0.200166 0.0 
0.252062 0.198932 0.0 
0.263433 0.185317 0.0 
0.261273 0.199349 0.0 
0.24981 0.204332 0.0 
0.0203739 0.0160358 0.0 
0.253606 0.240419 0.0 
1.47002 0.0110802 0.0 
0.123855 0.190794 0.0 
0.0509414 0.404629 0.0 
0.109776 0.203225 0.0 
1.47793 0.399959 0.0 
2.11155 0.0620584 0.0 
0.231321 0.239221 0.0 
0.9067 0 0.0 
0.290392 0.18432 0.0 
0.156593 0.174935 0.0 
0.441577 0.00518326 0.0 
0.240042 0.230162 0.0 
0.237752 0.233204 0.0 
1.96562 0.41 0.0 
0.956297 0.406067 0.0 
0.337147 0.404367 0.0 
2.17554 0.0222035 0.0 
0.152154 0.185088 0.0 
0.125142 0.186498 0.0 
0.232525 0.238203 0.0 
0.238751 0.168231 0.0 
0.0295779 0.0122155 0.0 
0.15234 0.184126 0.0 
0.237155 0.233704 0.0 
0.155202 0.177538 0.0 
0.23985 0.230471 0.0 
0.286192 0.190896 0.0 
0.317812 0.176678 0.0 
0.256729 0.188436 0.0 
1.40076 0.00328446 0.0 
0.155457 0.176878 0.0 
0.246286 0.218903 0.0 
0.438766 0.30405 0.0 
0.249987 0.204394 0.0 
0.249808 0.205315 0.0 
0.29969 0.192866 0.0 
0.271636 0.223062 0.0 
0.250663 0.235425 0.0 
0.136023 0.233658 0.0 
0.236597 0.234196 0.0 
0.101924 0.250813 0.0 
0.100049 0.174316 0.0 
0.308946 0.192477 0.0 
0.530381 0.405753 0.0 
0.237408 0.233395 0.0 
0.305334 0.0101841 0.0 
0.236599 0.234446 0.0 
0.161076 0.231696 0.0 
0.154402 0.178926 0.0 
0.249995 0.200497 0.0 
2.07627 0 0.0 
1.15728 0.405345 0.0 
0.437023 0.215884 0.0 
0.142328 0.200828 0.0 
0.243925 0.224042 0.0 
0.237473 0.239135 0.0 
0.263946 0.19925 0.0 
1.73288 0.407951 0.0 
0.155819 0.176596 0.0 
0.250303 0.199759 0.0 
0.363763 0.393853 0.0 
0.242983 0.225685 0.0 
0.23821 0.232635 0.0 
0.248681 0.21202 0.0 
0.248878 0.211001 0.0 
0.581937 0.0135501 0.0 
0.210154 0.150933 0.0 
0.690602 0.0032851 0.0 
0.609998 0 0.0 
0.163213 0.234005 0.0 
0.153156 0.181279 0.0 
0.154737 0.178211 0.0 
0.249441 0.20878 0.0 
1.39836 0.406405 0.0 
2.17695 0.392465 0.0 
0.89099 0 0.0 
0.910631 0.403582 0.0 
0.152613 0.00409916 0.0 
0.162091 0.232744 0.0 
0.218191 0.246797 0.0 
0.150534 0.192728 0.0 
0.152282 0.184658 0.0 
0.149602 0.199795 0.0 
0.248564 0.187424 0.0 
0.168073 0.238647 0.0 
0.242708 0.225996 0.0 
0.235652 0.235762 0.0 
0.16359 0.234445 0.0 
0.150949 0.189266 0.0 
0.251614 0.202604 0.0 
0.128501 0.237893 0.0 
0.245923 0.220226 0.0 
0.167216 0.238029 0.0 
0.243813 0.224438 0.0 
0.235607 0.235627 0.0 
0.244201 0.223718 0.0 
0.138661 0.193862 0.0 
1.68503 0.00522331 0.0 
0.163948 0.234796 0.0 
0.236062 0.235446 0.0 
0.246743 0.228379 0.0 
0.130073 0.194457 0.0 
0.250165 0.197078 0.0 
0.249685 0.207122 0.0 
0.127465 0.211971 0.0 
0.140282 0.196105 0.0 
0.157856 0.227669 0.0 
1.20155 0.00447577 0.0 
0.164786 0.235697 0.0 
0.235939 0.235672 0.0 
0.927223 0.404984 0.0 
0.285514 0.185147 0.0 
0.713989 0.00353668 0.0 
0.748795 0.41 0.0 
0.245129 0.222064 0.0 
0.164646 0.235354 0.0 
0.266717 0.191558 0.0 
0.0864827 0.41 0.0 
1.53265 0.404329 0.0 
1.24458 0.0073358 0.0 
0.220415 0.24586 0.0 
1.67292 0.400664 0.0 
1.96476 0.00519715 0.0 
1.93067 0.406522 0.0 
0.248433 0.21286 0.0 
2.14903 0.406526 0.0 
0.228221 0.15863 0.0 
0.46165 0.272247 0.0 
0.150405 0.192444 0.0 
0.378464 0.178685 0.0 
0.134756 0.193491 0.0 
0.203776 0.146383 0.0 
1.17885 0.00317789 0.0 
0.245266 0.221432 0.0 
2.04449 0.403886 0.0 
2.16406 0.0345584 0.0 
0.136917 0.202915 0.0 
0.531097 0.00908114 0.0 
0.417101 0.41 0.0 
0.134075 0.213024 0.0 
0.248281 0.213355 0.0 
0.247408 0.216414 0.0 
0.248849 0.171593 0.0 
0.236767 0.340233 0.0 
0.303265 0.243629 0.0 
0.249728 0.206552 0.0 
2.01598 0.405617 0.0 
0.236428 0.235111 0.0 
0.247108 0.23751 0.0 
0.179939 0.245852 0.0 
2.2 0.404033 0.0 
0.525313 0.257902 0.0 
0.314434 0.203133 0.0 
2.00653 0.399248 0.0 
0.269052 0.204321 0.0 
0.136257 0.190271 0.0 
0.249866 0.19165 0.0 
0.168518 0.239048 0.0 
1.7504 0.00701613 0.0 
0.170464 0.240585 0.0 
0.250075 0.202194 0.0 
0.204027 0.249933 0.0 
0.175828 0.156107 0.0 
0.172891 0.157273 0.0 
1.1553 0.00397791 0.0 
0.131355 0.185797 0.0 
0.241352 0.228431 0.0 
0.185886 0.248035 0.0 
0.283297 0.170504 0.0 
0.247001 0.217048 0.0 
0.151776 0.185947 0.0 
2.17758 0.367892 0.0 
0.241261 0.171518 0.0 
0.143836 0.192803 0.0 
0.25207 0.20101 0.0 
0.250172 0.1989 0.0 
0.101433 0.100875 0.0 
0.249983 0.198757 0.0 
0.764404 0.396578 0.0 
0.308973 0.202904 0.0 
0.505358 0.0183638 0.0 
0.306364 0.174718 0.0 
0.120624 0.016684 0.0 
0.174004 0.242708 0.0 
0.117235 0.199324 0.0 
0.404451 0.00318309 0.0 
0.241624 0.171989 0.0 
0.150066 0.205265 0.0 
0.245901 0.18018 0.0 
0.190532 0.150687 0.0 
0.249151 0.210082 0.0 
1.87521 0.382619 0.0 
0.128804 0.263824 0.0 
0.169094 0.239493 0.0 
1.26453 0.394216 0.0 
0.272307 0.163918 0.0 
0.151958 0.214401 0.0 
0.257299 0.215709 0.0 
1.28833 0.00228192 0.0 
0.247032 0.230234 0.0 
0.190356 0.150568 0.0 
0.137311 0.20538 0.0 
0.250089 0.200782 0.0 
0.309439 0.227971 0.0 
0.737927 0.00494867 0.0 
0.33372 0.200228 0.0 
0.266402 0.254515 0.0 
0.247324 0.182814 0.0 
0.534148 0.0243411 0.0 
0.339355 0.387173 0.0 
1.58617 0.0117434 0.0 
0.24164 0.172326 0.0 
0.249999 0.196697 0.0 
0.170709 0.241023 0.0 
2.16586 0.38232 0.0 
0.177573 0.244783 0.0 
0.150001 0.196278 0.0 
0.175722 0.243707 0.0 
0.149931 0.195932 0.0 
0.28839 0.209621 0.0 
0.249926 0.197319 0.0 
0.195846 0.249911 0.0 
0.37141 0.231363 0.0 
1.9233 0.00434962 0.0 
0.140602 0.192601 0.0 
0.249877 0.196523 0.0 
2.06006 0.393459 0.0 
0.170156 0.240952 0.0 
0.263537 0.189105 0.0 
0.134325 0.204067 0.0 
2.1428 0.40621 0.0 
0.235529 0.164822 0.0 
0.241525 0.159267 0.0 
0.183972 0.247555 0.0 
0.149952 0.200011 0.0 
0.150056 0.194223 0.0 
0.243686 0.232901 0.0 
0.201439 0.250051 0.0 
0.181005 0.246565 0.0 
1.27006 0.00575076 0.0 
0.395748 0.16493 0.0 
0.218664 0.246445 0.0 
0.330325 0.192839 0.0 
0.140754 0.180327 0.0 
0.0901165 0.0168841 0.0 
1.97566 0.00562025 0.0 
2.15771 0.404935 0.0 
0.250149 0.199249 0.0 
0.316183 0.189231 0.0 
0.177053 0.244551 0.0 
1.88694 0.0185196 0.0 
1.34508 0.00923073 0.0 
0.150146 0.19462 0.0 
0.191888 0.249407 0.0 
1.85967 0.00428478 0.0 
0.209899 0.41 0.0 
1.59139 0 0.0 
0.297764 0.401079 0.0 
0.485736 0.0192271 0.0 
0.286526 0.353353 0.0 
0.200323 0.2501 0.0 
0.18072 0.246191 0.0 
0.182302 0.246964 0.0 
0.149836 0.198326 0.0 
0.425082 0.0065404 0.0 
0.250091 0.198671 0.0 
0.238767 0.165915 0.0 
1.21662 0.0054087 0.0 
0.178003 0.24497 0.0 
0.23549 0.235489 0.0 
0.256488 0.160447 0.0 
0.192572 0.249443 0.0 
0.179277 0.41 0.0 
0.195606 0.150035 0.0 
0.246527 0.181168 0.0 
0.235274 0.235617 0.0 
0.181329 0.246484 0.0 
0.181636 0.246672 0.0 
0.186942 0.2484 0.0 
0.403819 0.393786 0.0 
0.176087 0.244194 0.0 
0.190856 0.249234 0.0 
0.148947 0.198004 0.0 
0.150798 0.210699 0.0 
0.430546 0.406341 0.0 
2.17481 0.00603767 0.0 
0.189687 0.150353 0.0 
0.250386 0.249696 0.0 
1.43116 0.00356571 0.0 
1.85595 0.397197 0.0 
0.296087 0.17299 0.0 
0.175497 0.243906 0.0 
1.44691 0.0132537 0.0 
0.497342 0.11464 0.0 
0.189256 0.150704 0.0 
0.239419 0.230756 0.0 
0.249699 0.194542 0.0 
0.181105 0.246352 0.0 
1.6994 0.396216 0.0 
0.568569 0.394845 0.0 
0.251939 0.203209 0.0 
0.186433 0.248193 0.0 
0.187419 0.24846 0.0 
0.216492 0.152662 0.0 
0.249229 0.190339 0.0 
0.256416 0.200187 0.0 
0.243901 0.175567 0.0 
0.152612 0.182691 0.0 
0.202856 0.149974 0.0 
0.150185 0.193595 0.0 
0.186022 0.248005 0.0 
0.238973 0.236342 0.0 
0.0979564 0.196574 0.0 
0.249448 0.191192 0.0 
1.47332 0.40605 0.0 
0.246073 0.169939 0.0 
0.826445 0.405558 0.0 
2.19686 0 0.0 
0.239718 0.157025 0.0 
0.209162 0.249186 0.0 
0.191937 0.14963 0.0 
1.0113 0.41 0.0 
0.2477 0.18452 0.0 
0.235359 0.235441 0.0 
0.254696 0.193144 0.0 
0.276054 0.397608 0.0 
0.619999 0 0.0 
0.236056 0.165016 0.0 
0.326343 0.405301 0.0 
0.222937 0.244528 0.0 
2.1973 0.00207202 0.0 
0.141932 0.235812 0.0 
2.2 0.00346635 0.0 
0.196962 0.249972 0.0 
0.236196 0.16463 0.0 
0.150135 0.203643 0.0 
0.229993 0.15971 0.0 
0.235814 0.164682 0.0 
0.2131 0.248251 0.0 
0.214039 0.15172 0.0 
0.323674 0.194211 0.0 
1.44273 0.396771 0.0 
1.29192 0.0112042 0.0 
0.24449 0.166342 0.0 
1.70192 0.00503076 0.0 
0.238171 0.234807 0.0 
0.149621 0.0101982 0.0 
1.0259 0.398339 0.0 
0.112444 0.211739 0.0 
0.235064 0.235807 0.0 
1.73832 0.0051968 0.0 
0.336309 0.182844 0.0 
0.166103 0.236872 0.0 
0.377817 0.00571169 0.0 
0.224695 0.243616 0.0 
0.192705 0.249519 0.0 
0.21117 0.130447 0.0 
0.152596 0.216428 0.0 
0.240642 0.170488 0.0 
1.94332 0.00423508 0.0 
0.241023 0.171225 0.0 
0.165934 0.163085 0.0 
2.08686 0.404701 0.0 
0.235851 0.164836 0.0 
0.278882 0.225765 0.0 
0.181866 0.246658 0.0 
0.200541 0.119234 0.0 
0.205601 0.150138 0.0 
0.0997378 0.234435 0.0 
0.587921 0.39886 0.0 
1.8446 0 0.0 
0.198207 0.250047 0.0 
0.247455 0.183904 0.0 
0.24684 0.182059 0.0 
0.249627 0.192663 0.0 
0.0295174 0.39372 0.0 
1.95228 0.405629 0.0 
0.250122 0.200144 0.0 
1.31531 0.396324 0.0 
0.283215 0.235286 0.0 
0.00569837 0.40886 0.0 
1.14592 0.00577649 0.0 
0.156373 0.224423 0.0 
0.208391 0.24933 0.0 
0.243457 0.174947 0.0 
0.230682 0.239714 0.0 
0.292655 0.235991 0.0 
0.136361 0.186336 0.0 
0.249418 0.209597 0.0 
0.188688 0.268259 0.0 
0.248892 0.188437 0.0 
0.22702 0.141906 0.0 
0.247973 0.18531 0.0 
0.200911 0.388562 0.0 
0.21611 0.152669 0.0 
0.213439 0.151577 0.0 
0.55357 0.0134284 0.0 
0.166559 0.237297 0.0 
0.203219 0.249945 0.0 
0.238772 0.163526 0.0 
0.345324 0.397871 0.0 
1.08685 0 0.0 
0.0341591 0.0190822 0.0 
0.342945 0.196425 0.0 
0.24146 0.171931 0.0 
1.12569 0.0110538 0.0 
0.157368 0.226456 0.0 
0.230266 0.160204 0.0 
0.244379 0.17653 0.0 
0.441706 0.192667 0.0 
0.149829 0.199136 0.0 
0.248952 0.18944 0.0 
0.248153 0.213841 0.0 
0.200632 0.149719 0.0 
0.245913 0.179797 0.0 
0.115745 0.184628 0.0 
0.369527 0.199095 0.0 
0.195998 0.250222 0.0 
0.2173 0.247196 0.0 
0.146399 0.196862 0.0 
0.29886 0.166908 0.0 
0.244681 0.177337 0.0 
0.149818 0.197811 0.0 
1.87262 0.0150209 0.0 
0.230893 0.160688 0.0 
0.202291 0.250003 0.0 
0.22881 0.159005 0.0 
0.233274 0.104654 0.0 
0.14759 0.197401 0.0 
0.207494 0.249491 0.0 
0.217778 0.246731 0.0 
0.24038 0.170188 0.0 
0.209831 0.150818 0.0 
0.283798 0.243258 0.0 
2.18616 0.0353637 0.0 
0.653765 0.0124677 0.0 
0.236781 0.165829 0.0 
1.53481 0.0129437 0.0 
0.245204 0.178103 0.0 
0.377254 0.209058 0.0 
1.22302 0.398006 0.0 
0.255606 0.398486 0.0 
0.238035 0.167324 0.0 
0.105322 0.0163276 0.0 
0.15712 0.226041 0.0 
0.294025 0.221508 0.0 
0.325443 0.00522241 0.0 
0.13803 0.115275 0.0 
0.242438 0.173273 0.0 
0.289871 0.217841 0.0 
0.156937 0.22598 0.0 
0.2571 0.203614 0.0 
0.159373 0.229321 0.0 
0.123655 0.223027 0.0 
0.223719 0.0179596 0.0 
0.176593 0.154939 0.0 
0.290487 0.302659 0.0 
0.258818 0.179085 0.0 
0.216456 0.2473 0.0 
0.237661 0.233012 0.0 
0.164728 0.164251 0.0 
0.134419 0.219263 0.0 
0.249818 0.195765 0.0 
0.2501 0.201464 0.0 
0.148419 0.196955 0.0 
0.269583 0.177815 0.0 
2.1338 0.392147 0.0 
0.223736 0.155817 0.0 
2.18847 0.37734 0.0 
0.160855 0.326085 0.0 
0.262983 0.179102 0.0 
1.24652 0.395888 0.0 
0.387411 0.222846 0.0 
0.23742 0.234085 0.0 
0.235178 0.164471 0.0 
0.162486 0.233053 0.0 
0.92908 0.0107101 0.0 
0.24369 0.16536 0.0 
0.219894 0.153988 0.0 
0.149869 0.200017 0.0 
0.212 0.248645 0.0 
0.205956 0.102817 0.0 
0.249894 0.196771 0.0 
0.484038 0 0.0 
0.239507 0.235848 0.0 
2.09349 0.0119411 0.0 
0.231704 0.238807 0.0 
0.28733 0.194983 0.0 
0.249256 0.209199 0.0 
0.269274 0.210281 0.0 
1.39105 0.00332229 0.0 
0.165431 0.236488 0.0 
0.442923 0.0128726 0.0 
0.215802 0.247541 0.0 
0.214606 0.247874 0.0 
0.22536 0.243215 0.0 
0.672293 0.41 0.0 
0.158893 0.228695 0.0 
0.214929 0.247717 0.0 
0.217455 0.24694 0.0 
1.78606 0.0159529 0.0 
0.158511 0.228277 0.0 
0.281429 0.0157375 0.0 
0.157124 0.226453 0.0 
0.21861 0.246536 0.0 
0.212299 0.151539 0.0 
2.19204 0.00652812 0.0 
1.56399 0.41 0.0 
0.225925 0.157065 0.0 
0.227862 0.158411 0.0 
0.233847 0.162895 0.0 
0.219565 0.246085 0.0 
0.1499 0.200183 0.0 
0.191045 0.150547 0.0 
0.237093 0.165337 0.0 
1.68827 0.41 0.0 
0.219106 0.246204 0.0 
0.100311 0.41 0.0 
0.227095 0.157903 0.0 
1.89721 0.0235577 0.0 
0.14316 0.20238 0.0 
0.172326 0.15836 0.0 
1.87767 0.398263 0.0 
0.233286 0.162463 0.0 
0.0158999 0.41 0.0 
0.377929 0.405288 0.0 
0.117974 0.192907 0.0 
0.0749084 0.0327978 0.0 
0.918853 0.397203 0.0 
0.228442 0.158657 0.0 
0.234826 0.163898 0.0 
0.217074 0.15295 0.0 
0.234547 0.163687 0.0 
0.213954 0.151849 0.0 
0.137384 0.13266 0.0 
0.250244 0.200347 0.0 
1.74098 0.41 0.0 
0.250209 0.199617 0.0 
0.184854 0.294537 0.0 
0.229555 0.240481 0.0 
0.223404 0.244181 0.0 
0.419077 0.151048 0.0 
0.168222 0.161401 0.0 
0.25435 0.220007 0.0 
0.234071 0.236592 0.0 
2.2 0.000864511 0.0 
0.232558 0.16186 0.0 
0.150987 0.21024 0.0 
0.784478 0.399507 0.0 
0.261586 0.192595 0.0 
0.25025 0.202565 0.0 
0.248162 0.213425 0.0 
0.150312 0.206786 0.0 
0.196562 0.15001 0.0 
0.150852 0.210421 0.0 
0.250687 0.198473 0.0 
0.197106 0.250348 0.0 
2.19522 0.405285 0.0 
0.194949 0.150159 0.0 
0.223588 0.244153 0.0 
0.210799 0.249795 0.0 
0.22996 0.240146 0.0 
0.602204 0.248215 0.0 
0.226769 0.157665 0.0 
0.149619 0.197152 0.0 
0.256009 0.202396 0.0 
0.0527246 0.107306 0.0 
0.229706 0.159439 0.0 
0.259634 0.206416 0.0 
0.22864 0.241102 0.0 
1.20354 0.00865391 0.0 
2.16211 0.406769 0.0 
0.265072 0.227693 0.0 
0.236553 0.165318 0.0 
0.231123 0.239263 0.0 
1.50086 0.0155193 0.0 
0.225968 0.242862 0.0 
0.150004 0.200405 0.0 
0.148772 0.200981 0.0 
0.211333 0.151304 0.0 
0.143406 0.168678 0.0 
1.29049 0.389319 0.0 
1.8341 0.0129098 0.0 
0.228035 0.241524 0.0 
2.17018 0.0724547 0.0 
0.338 0.226713 0.0 
0.970028 0.395937 0.0 
1.83007 0.395012 0.0 
2.15163 0 0.0 
0.271875 0.173535 0.0 
0.232047 0.23847 0.0 
0.302322 0.212428 0.0 
0.150517 0.192287 0.0 
0.703527 0.0164182 0.0 
0.206473 0.150311 0.0 
0.150006 0.200632 0.0 
0.0383134 0.402087 0.0 
0.091875 0.133996 0.0 
0.227491 0.158153 0.0 
0.243723 0.139097 0.0 
0.643643 0.406731 0.0 
0.14014 0.18518 0.0 
2.2 0.389458 0.0 
0.259636 0.195193 0.0 
1.27857 0.0376995 0.0 
0.262383 0.218177 0.0 
0.271469 0.226417 0.0 
0.210862 0.151076 0.0 
0.239838 0.230321 0.0 
0.221287 0.15466 0.0 
0.240877 0.398104 0.0 
0.243707 0.224278 0.0 
0.229106 0.159347 0.0 
0.221503 0.15441 0.0 
0 0.0459254 0.0 
0.225996 0.157292 0.0 
0.10031 0.210324 0.0 
0.235796 0.235072 0.0 
0.224987 0.156488 0.0 
0.162228 0.232813 0.0 
0.240784 0.229499 0.0 
0.0995944 0.185806 0.0 
1.6351 0.395342 0.0 
0.236548 0.165649 0.0 
0.360395 0.177892 0.0 
0.150015 0.20118 0.0 
0.244186 0.223515 0.0 
0.232433 0.238051 0.0 
0.210561 0.300379 0.0 
0.194732 0.249842 0.0 
0.242726 0.227255 0.0 
0.211871 0.151354 0.0 
0.130508 0.146098 0.0 
0.14997 0.20094 0.0 
0.293128 0.255939 0.0 
0.249998 0.199751 0.0 
1.57147 0.400659 0.0 
0.300633 0.208774 0.0 
0.40064 0.333669 0.0 
0.239178 0.231244 0.0 
0.25937 0.211955 0.0 
0.130643 0.204025 0.0 
1.7832 0.390447 0.0 
0.150007 0.203827 0.0 
0.502205 0.300278 0.0 
0.17168 0.241204 0.0 
0.156081 0.0999903 0.0 
0.15018 0.20422 0.0 
0.233515 0.237204 0.0 
0.293662 0.176788 0.0 
0.23294 0.237715 0.0 
0.368607 0.41 0.0 
0.25008 0.201095 0.0 
0.20407 0.0121718 0.0 
0.140408 0.219098 0.0 
1.67322 0.406076 0.0 
0.263061 0.223348 0.0 
0.182021 0.153347 0.0 
0.23751 0.233057 0.0 
0.238908 0.231535 0.0 
1.10778 0.0161039 0.0 
2.16492 0.00245828 0.0 
0.1502 0.204974 0.0 
0.862895 0.0114117 0.0 
0.0914778 0.222585 0.0 
0.266691 0.206765 0.0 
0.220729 0.154502 0.0 
0.999808 0.398506 0.0 
0.152502 0.215752 0.0 
0.287912 0.205504 0.0 
0.150328 0.205704 0.0 
0.236899 0.16546 0.0 
0.128171 0.207247 0.0 
0.250544 0.203572 0.0 
0.567355 0.012207 0.0 
1.8738 0.41 0.0 
2.06467 0 0.0 
0.31132 0.162649 0.0 
0.250199 0.226901 0.0 
0.236474 0.234355 0.0 
0.416186 0.243248 0.0 
0.216539 0.139289 0.0 
0.541191 0.143823 0.0 
0.242818 0.226121 0.0 
0.25059 0.201462 0.0 
0.136502 0.225275 0.0 
0.110809 0.0314201 0.0 
0.239136 0.165582 0.0 
0.236573 0.234091 0.0 
0.738929 0.396182 0.0 
1.86655 0.0254319 0.0 
0.349017 0.118426 0.0 
0.242445 0.226824 0.0 
1.21764 0.012111 0.0 
0.150303 0.206086 0.0 
0.0858495 0.15892 0.0 
0.316404 0.21743 0.0 
0.332197 0.211461 0.0 
0.530376 0.396101 0.0 
2.06925 0.354579 0.0 
0.15122 0.21139 0.0 
0.0407389 0.264576 0.0 
0.0970721 0.37532 0.0 
0.151142 0.188366 0.0 
0.15136 0.158886 0.0 
0.275676 0.229286 0.0 
0.251695 0.200153 0.0 
0.248302 0.186438 0.0 
0.249947 0.202268 0.0 
0.150715 0.20841 0.0 
0.150202 0.204468 0.0 
1.59181 0.0231888 0.0 
0.267751 0.172345 0.0 
2.15756 0.408437 0.0 
2.03002 0.39975 0.0 
0.821902 0.383721 0.0 
0.246379 0.21881 0.0 
1.68692 0.405218 0.0 
0.905863 0.0133246 0.0 
0.248888 0.210736 0.0 
0.170693 0.159493 0.0 
0.151596 0.23588 0.0 
0.060522 0.19172 0.0 
0.166985 0.23768 0.0 
0.104452 0.159837 0.0 
0.258757 0.219116 0.0 
0.208323 0.150542 0.0 
0.152742 0.216324 0.0 
0.153027 0.217383 0.0 
0.186186 0.151728 0.0 
1.3193 0.41 0.0 
0.152857 0.216839 0.0 
0.115989 0.396209 0.0 
0.242182 0.22684 0.0 
0.254272 0.228646 0.0 
0.242928 0.0111603 0.0 
1.9599 0.0145736 0.0 
0.142864 0.208236 0.0 
1.66798 0.0104946 0.0 
0.197422 0.149994 0.0 
0.236791 0.089751 0.0 
0.271534 0.217324 0.0 
0.244181 0.223404 0.0 
0.238763 0.232239 0.0 
0.324466 0.180875 0.0 
0.154594 0.220987 0.0 
2.14518 0.131945 0.0 
0.195015 0.405172 0.0 
0.190598 0.150783 0.0 
0.199218 0.149864 0.0 
0.660022 0.163702 0.0 
0.244232 0.17647 0.0 
2.18984 0.00161446 0.0 
0.173315 0.242501 0.0 
0.138021 0.248763 0.0 
0.331212 0.238068 0.0 
0.244473 0.223087 0.0 
0.276773 0.15714 0.0 
0.15039 0.250906 0.0 
0.170961 0.240818 0.0 
0.160153 0.396236 0.0 
0.242897 0.246859 0.0 
0.250641 0.200815 0.0 
0.247114 0.23424 0.0 
0.198167 0.1499 0.0 
0.244796 0.222436 0.0 
0.154805 0.221467 0.0 
0.250249 0.202178 0.0 
0.246914 0.217546 0.0 
0.18854 0.151179 0.0 
0.171004 0.137391 0.0 
0.061839 0.162443 0.0 
0.245077 0.221629 0.0 
0.217169 0.152929 0.0 
0.245901 0.21982 0.0 
1.54836 0.398351 0.0 
0.93733 0.0247658 0.0 
0.235954 0.165097 0.0 
0.321408 0.209477 0.0 
0.264612 0.173587 0.0 
0.249443 0.207428 0.0 
0.15502 0.221915 0.0 
0.123835 0.196414 0.0 
0.314368 0.234052 0.0 
0.24767 0.184737 0.0 
0.248461 0.212506 0.0 
0.329861 0.168551 0.0 
0.246916 0.217282 0.0 
0.216897 0.247056 0.0 
0.247514 0.215801 0.0 
0.15432 0.178168 0.0 
0.248679 0.211405 0.0 
0.396497 0.00358313 0.0 
0.156696 0.224992 0.0 
0.1574 0.226173 0.0 
0.149854 0.201977 0.0 
0.156882 0.22531 0.0 
0.249984 0.201193 0.0 
0.0692771 0.222957 0.0 
0.148003 0.200722 0.0 
0.497905 0.0362368 0.0 
0.129449 0.159958 0.0 
0.250372 0.202657 0.0 
0.249876 0.203483 0.0 
0.185809 0.151923 0.0 
0.119931 0.247723 0.0 
0.0581217 0.41 0.0 
0.248465 0.214195 0.0 
2.19617 0.0153819 0.0 
0.00828391 0.00816114 0.0 
0.169753 0.160189 0.0 
0.249747 0.20562 0.0 
0.249852 0.204748 0.0 
0.157637 0.22667 0.0 
0.328941 0.253034 0.0 
0.158584 0.228086 0.0 
0.238835 0.23149 0.0 
0.796538 0.0134239 0.0 
0.250105 0.201933 0.0 
0.183236 0.152782 0.0 
0.187713 0.151321 0.0 
0.250138 0.20289 0.0 
0.247134 0.182726 0.0 
0.185362 0.152017 0.0 
0.326835 0.214131 0.0 
0.272098 0.0760448 0.0 
0.184723 0.152295 0.0 
1.30004 0 0.0 
0.238772 0.299257 0.0 
0.312065 0.209347 0.0 
0.227398 0.392408 0.0 
0.160281 0.230472 0.0 
0.223666 0.155891 0.0 
1.1471 0.400245 0.0 
0.239767 0.169695 0.0 
0.156784 0.174858 0.0 
0.176548 0.155768 0.0 
0.249835 0.205917 0.0 
0.153314 0.218109 0.0 
0.993808 0.0101057 0.0 
0.149632 0.20137 0.0 
0.262795 0.182053 0.0 
0.727199 0.00278101 0.0 
0.617583 0.0163148 0.0 
0.164123 0.234889 0.0 
0.164718 0.235509 0.0 
0.194698 0.251862 0.0 
0.178719 0.383223 0.0 
0.185187 0.0142022 0.0 
0.594039 0.00453605 0.0 
0.780017 0.41 0.0 
2.17361 0.40625 0.0 
0.250868 0.201934 0.0 
0.759392 0.41 0.0 
0.250981 0.203032 0.0 
0.157968 0.141682 0.0 
0.348965 0.0176045 0.0 
0.263838 0.208376 0.0 
0.249699 0.205457 0.0 
0.271038 0.193481 0.0 
0.908634 0.41 0.0 
0.169105 0.23931 0.0 
0.763973 0.011805 0.0 
0.15046 0.191781 0.0 
0.149125 0.201532 0.0 
0.168595 0.160973 0.0 
0.239024 0.240586 0.0 
0.395154 0.207891 0.0 
0.149151 0.199307 0.0 
0.250026 0.197863 0.0 
0.151443 0.385197 0.0 
0.169893 0.239917 0.0 
0.380758 0 0.0 
0.236271 0.165006 0.0 
0.00923099 0.00403183 0.0 
0.170005 0.24018 0.0 
0.110666 0.221464 0.0 
2.06042 0.0244166 0.0 
0.230262 0.279987 0.0 
0.180544 0.153759 0.0 
0.170846 0.15909 0.0 
0.448227 0 0.0 
0.143068 0.205986 0.0 
0.265043 0.220416 0.0 
0.250036 0.20091 0.0 
0.242103 0.227237 0.0 
0.120086 0.215426 0.0 
0.170693 0.240507 0.0 
0.171293 0.241028 0.0 
0.249891 0.195793 0.0 
0.222521 0.155362 0.0 
0.179988 0.154081 0.0 
0.249033 0.189373 0.0 
0.186535 0.248151 0.0 
0.150398 0.206281 0.0 
1.46107 0.0210897 0.0 
0.243502 0.224787 0.0 
0.242931 0.174253 0.0 
0.249533 0.192755 0.0 
1.85658 0.00898233 0.0 
0.241047 0.236908 0.0 
2.13198 0.0156572 0.0 
0.227674 0.15836 0.0 
0.175139 0.156396 0.0 
0.225786 0.24458 0.0 
0.1796 0.24572 0.0 
0.182542 0.246913 0.0 
0.149443 0.201701 0.0 
0.153064 0.119854 0.0 
0.172082 0.241556 0.0 
0.173895 0.157183 0.0 
0.172656 0.157944 0.0 
0.264096 0.101104 0.0 
0.15097 0.189712 0.0 
0.713885 0.393037 0.0 
0.176119 0.243999 0.0 
0.0762654 0.0894773 0.0 
0.244655 0.243055 0.0 
0.453567 0.41 0.0 
0.180439 0.246048 0.0 
0.179121 0.245429 0.0 
0.178617 0.245238 0.0 
2.09059 0.395521 0.0 
0.162948 0.23892 0.0 
0.24911 0.189965 0.0 
0.183191 0.247157 0.0 
0.249821 0.194976 0.0 
0.249859 0.196275 0.0 
0.184587 0.0894764 0.0 
0.24946 0.191831 0.0 
0.243132 0.174616 0.0 
0.236222 0.165536 0.0 
0.238444 0.164612 0.0 
0.235877 0.165177 0.0 
0.465381 0.41 0.0 
0.249178 0.190566 0.0 
0.155286 0.17763 0.0 
0.249323 0.191193 0.0 
0.0142146 0.00671015 0.0 
2.2 0.409117 0.0 
0.222197 0.267026 0.0 
0.166603 0.162559 0.0 
0.340332 0.214498 0.0 
1.61021 0.00435882 0.0 
0.246126 0.18043 0.0 
0.195296 0.344076 0.0 
0.237326 0.1649 0.0 
0.173316 0.157634 0.0 
2.19162 0.38893 0.0 
0.247838 0.16948 0.0 
1.92838 0.0221247 0.0 
0.190948 0.14306 0.0 
0.121675 0.233612 0.0 
0.186164 0.248121 0.0 
0.185526 0.247857 0.0 
1.44036 0.41 0.0 
2.2 0.406208 0.0 
0.270128 0.41 0.0 
0.527253 0.211809 0.0 
0.12036 0.207712 0.0 
0.150292 0.20537 0.0 
2.18857 0.407658 0.0 
0.171893 0.158345 0.0 
0.452472 0.0881199 0.0 
0.247897 0.185405 0.0 
0.248636 0.213307 0.0 
0.161168 0.168131 0.0 
2.13349 0 0.0 
0.956346 0.0151113 0.0 
2.2 0.0541435 0.0 
0.239047 0.168541 0.0 
0.191875 0.282146 0.0 
0.23784 0.164322 0.0 
0.149944 0.197917 0.0 
0.190092 0.150879 0.0 
0.225505 0.243065 0.0 
0.218174 0.369168 0.0 
1.5438 0.03038 0.0 
0.13187 0.209601 0.0 
0.147615 0.227763 0.0 
0.158935 0.171223 0.0 
1.50173 0.401598 0.0 
0.343001 0.328256 0.0 
2.18389 0.406615 0.0 
0.215939 0.287301 0.0 
0.245059 0.178142 0.0 
0.243769 0.175639 0.0 
0.16289 0.367322 0.0 
0.23777 0.164715 0.0 
0.31674 0.134351 0.0 
0.302619 0.323575 0.0 
0.253369 0.282924 0.0 
0.381081 0.0987735 0.0 
0.179271 0.154502 0.0 
0.57603 0.0340186 0.0 
0.245334 0.178664 0.0 
0.189164 0.248895 0.0 
0.242319 0.173276 0.0 
0.16262 0.24395 0.0 
0.371307 0.0723296 0.0 
0.15003 0.20166 0.0 
1.58305 0.390792 0.0 
0.174677 0.0300905 0.0 
0.112375 0.41 0.0 
0.159246 0.170773 0.0 
0.190056 0.249044 0.0 
2.16984 0 0.0 
0.26095 0.170776 0.0 
1.42255 0.389818 0.0 
0.163747 0.165332 0.0 
0.221076 0.245924 0.0 
0.381377 0.299977 0.0 
0.240364 0.170346 0.0 
0.451322 0.400386 0.0 
0.414027 0.363136 0.0 
0.355616 0.403422 0.0 
0.236762 0.165275 0.0 
2.2 0.0159824 0.0 
0.169541 0.160166 0.0 
0.119725 0.383394 0.0 
0.238051 0.167567 0.0 
0.168963 0.160802 0.0 
0.279331 0.18215 0.0 
0.158535 0.171904 0.0 
0.249865 0.194842 0.0 
0.163318 0.165823 0.0 
0.251126 0.200379 0.0 
0.238471 0.167767 0.0 
0.174947 0.268394 0.0 
0.162869 0.166291 0.0 
0.190979 0.249211 0.0 
0.241986 0.172748 0.0 
0.165332 0.163669 0.0 
0.155606 0.176828 0.0 
0.32689 0.207659 0.0 
0.157324 0.228982 0.0 
0.191823 0.249354 0.0 
0.240066 0.170092 0.0 
0.219956 0.41 0.0 
0.160083 0.169893 0.0 
1.92492 0.0108031 0.0 
0.218806 0.153599 0.0 
0.160922 0.168556 0.0 
0.250172 0.20019 0.0 
0.171553 0.156942 0.0 
0.231172 0.160195 0.0 
0.152763 0.216787 0.0 
0.152961 0.171822 0.0 
0.156195 0.175062 0.0 
2.2 0.00982662 0.0 
0.266494 0.169412 0.0 
0.31163 0.41 0.0 
0.229725 0.159642 0.0 
0.217851 0.153213 0.0 
0.196523 0.249877 0.0 
0.165106 0.164054 0.0 
0.254872 0.123953 0.0 
0.16069 0.169105 0.0 
0.262476 0.0109023 0.0 
0.164102 0.164838 0.0 
0.185266 0.112247 0.0 
0.332184 0.0116006 0.0 
0.471874 0.397619 0.0 
0.115837 0.129958 0.0 
0.235831 0.164948 0.0 
0.3661 0.245233 0.0 
0.26025 0.228658 0.0 
0.233134 0.162438 0.0 
0.312972 0.0912227 0.0 
0.198849 0.250038 0.0 
0.151088 0.189637 0.0 
0.234644 0.16395 0.0 
0.199575 0.250064 0.0 
0.199503 0.249995 0.0 
0.827378 0.0258322 0.0 
0.895626 0.41 0.0 
1.31371 0.0734994 0.0 
0.139744 0.213871 0.0 
0.158202 0.172399 0.0 
1.88927 0.00532359 0.0 
0.132326 0.285507 0.0 
0.293061 0.22571 0.0 
0.803885 0.397573 0.0 
0.0325107 0.41 0.0 
0.214444 0.260631 0.0 
0.155882 0.176212 0.0 
0.264969 0.158609 0.0 
0.189632 0.41 0.0 
0.197218 0.317114 0.0 
0.174813 0.259323 0.0 
0.232917 0.159835 0.0 
0.224484 0.156303 0.0 
0.369558 0.144223 0.0 
0.234174 0.16331 0.0 
1.55191 0.41 0.0 
0.143422 0.204567 0.0 
0.154943 0.177697 0.0 
2.15669 0.306413 0.0 
0.234765 0.163979 0.0 
0.20262 0.249955 0.0 
0.231893 0.161319 0.0 
0.197516 0.249936 0.0 
0.404718 0.41 0.0 
0.0307484 0.221932 0.0 
0.200701 0.250044 0.0 
0.294662 0.18531 0.0 
0.235138 0.164175 0.0 
0.201491 0.25001 0.0 
0.153168 0.217839 0.0 
1.54615 0.0623048 0.0 
0.169106 0.109697 0.0 
0.145632 0.186362 0.0 
0.0791816 0.324116 0.0 
0.306444 0.184744 0.0 
0.174562 0.156877 0.0 
0.154236 0.179607 0.0 
0.20489 0.249821 0.0 
1.47441 0.0354108 0.0 
0.235532 0.154559 0.0 
0.218766 0.246797 0.0 
0.203477 0.249877 0.0 
0.182867 0.127007 0.0 
0.233798 0.163041 0.0 
2.16484 0.0185409 0.0 
0.239138 0.166444 0.0 
2.10644 0 0.0 
0.291906 0.18195 0.0 
0.241812 0.153061 0.0 
0.162508 0.149493 0.0 
0.323941 0.152537 0.0 
2.04652 0.0119067 0.0 
0.205719 0.249731 0.0 
0.272216 0.201065 0.0 
0.362314 0.164543 0.0 
0.244143 0.175653 0.0 
0.205021 0.150169 0.0 
0.150282 0.194717 0.0 
0.28466 0.211294 0.0 
0.885957 0.405109 0.0 
0.14168 0.199793 0.0 
0.237874 0.165862 0.0 
0.820904 0.171261 0.0 
0.233183 0.237398 0.0 
0 0.01086 0.0 
0.0430714 0.41 0.0 
0.186717 0.260536 0.0 
0.26357 0.301579 0.0 
0.150072 0.195885 0.0 
1.98163 0.397701 0.0 
0.168571 0.16078 0.0 
1.63418 0.0140654 0.0 
0.153985 0.21989 0.0 
0.515658 0.0641402 0.0 
0.178424 0.247898 0.0 
0.155008 0.177241 0.0 
0.1475 0.200342 0.0 
0.0730472 0.140649 0.0 
0.445378 0.388065 0.0 
0.147355 0.273539 0.0 
2.18524 0.0536773 0.0 
0.153622 0.180962 0.0 
0.155 0.17821 0.0 
0.150572 0.208525 0.0 
0.210363 0.248912 0.0 
0.0865028 0.277175 0.0 
0.249954 0.385208 0.0 
0.20776 0.249421 0.0 
0.20841 0.249285 0.0 
0.165787 0.01579 0.0 
1.00801 0.124547 0.0 
0.199754 0.255287 0.0 
0.233179 0.147794 0.0 
0.227467 0.158222 0.0 
0.153892 0.180294 0.0 
0.231008 0.239277 0.0 
0.261547 0.215208 0.0 
0.250234 0.196546 0.0 
0.300828 0.215541 0.0 
0.114937 0.151444 0.0 
0.214498 0.24785 0.0 
0.227881 0.158497 0.0 
1.52349 0.398279 0.0 
0.130362 0.190229 0.0 
0.172347 0.241975 0.0 
0.519786 0.0138825 0.0 
0.840554 0.102372 0.0 
0.232704 0.240626 0.0 
0.149891 0.202435 0.0 
0.111886 0.233303 0.0 
0.214292 0.248358 0.0 
0.418015 0.276715 0.0 
0.149948 0.203427 0.0 
0.240994 0.267747 0.0 
0.250623 0.175062 0.0 
0.0827794 0.363364 0.0 
0.223292 0.155264 0.0 
0.293776 0.229878 0.0 
0.14996 0.202808 0.0 
0.15248 0.184235 0.0 
2.07996 0.41 0.0 
0.732164 0.2945 0.0 
0.0638989 0.252429 0.0 
1.60438 0.0110296 0.0 
0.153321 0.181683 0.0 
0.248957 0.241431 0.0 
1.33197 0.398873 0.0 
0.769756 0.41 0.0 
0.600441 0.41 0.0 
0.276307 0.183395 0.0 
0.157477 0.171146 0.0 
2.19756 0.41 0.0 
0.244751 0.176066 0.0 
0.150397 0.193172 0.0 
0.235815 0.236159 0.0 
0.251061 0.197645 0.0 
0.152016 0.183953 0.0 
0.00275116 0.408051 0.0 
0.150003 0.200304 0.0 
0.208038 0.150578 0.0 
0.0302166 0.169051 0.0 
0.165853 0.237697 0.0 
0.220831 0.154496 0.0 
0.234801 0.23623 0.0 
0.284994 0.217373 0.0 
0.12444 0.41 0.0 
1.99101 0.41 0.0 
0.224278 0.243707 0.0 
0.227435 0.131066 0.0 
0.266931 0.183518 0.0 
0.0208744 0.41 0.0 
2.01989 0 0.0 
0.221293 0.154719 0.0 
0.309089 0.182939 0.0 
0.507405 0.394765 0.0 
0.296872 0.188777 0.0 
0.208209 0.274693 0.0 
0.30652 0.210839 0.0 
0.160725 0.29728 0.0 
0.250589 0.200339 0.0 
0.21964 0.153947 0.0 
0.547834 0.00590025 0.0 
0.1497 0.203382 0.0 
0.191589 0.150587 0.0 
0.226224 0.242631 0.0 
0.464696 0.0138054 0.0 
0.185784 0.152066 0.0 
0.151088 0.210363 0.0 
0.250866 0.200074 0.0 
0.212502 0.151459 0.0 
0.472982 0.183414 0.0 
0.227765 0.241787 0.0 
0.149709 0.204409 0.0 
0.23864 0.231891 0.0 
0.248068 0.215082 0.0 
0.155602 0.262695 0.0 
0.150224 0.206895 0.0 
0.281648 0.177495 0.0 
0.227341 0.242117 0.0 
0.150401 0.208066 0.0 
0.204211 0.249859 0.0 
0.275856 0.178851 0.0 
0.151096 0.18905 0.0 
0.149697 0.200984 0.0 
0.206444 0.150419 0.0 
0.150609 0.191705 0.0 
0.207381 0.150461 0.0 
0.229633 0.240337 0.0 
0.231538 0.238861 0.0 
2.19415 0.395258 0.0 
0.23434 0.236515 0.0 
0.230586 0.239641 0.0 
2.19396 0.401536 0.0 
0.278977 0.209854 0.0 
0.247743 0.1821 0.0 
0.204361 0.150114 0.0 
0.229106 0.240653 0.0 
0.150226 0.194104 0.0 
0.152419 0.184642 0.0 
0.012765 0.407884 0.0 
0.242804 0.174162 0.0 
0.173956 0.157256 0.0 
0.154638 0.177119 0.0 
0.236771 0.235753 0.0 
0.202783 0.250366 0.0 
0.19555 0.150144 0.0 
0.240978 0.230877 0.0 
0.149153 0.200896 0.0 
0.196169 0.150086 0.0 
0.197516 0.150064 0.0 
0.259021 0.190755 0.0 
0.00208587 0.00132104 0.0 
1.78039 0.401963 0.0 
0.250519 0.191906 0.0 
1.14824 0 0.0 
1.20084 0.403885 0.0 
0.202021 0.149924 0.0 
0.199754 0.149859 0.0 
0.250729 0.199057 0.0 
0.149702 0.198014 0.0 
0.298782 0.226512 0.0 
0.243562 0.225966 0.0 
0.237178 0.233553 0.0 
0.178686 0.153513 0.0 
0.281882 0.192635 0.0 
0.198321 0.149974 0.0 
0.147278 0.190278 0.0 
0.241699 0.227585 0.0 
1.32611 0.0113096 0.0 
0.199232 0.149383 0.0 
0.251163 0.198402 0.0 
0.231757 0.239753 0.0 
0.241694 0.239109 0.0 
0.150019 0.198698 0.0 
0.199069 0.149945 0.0 
0.236184 0.236235 0.0 
0.1499 0.200096 0.0 
0.247666 0.216469 0.0 
0.248413 0.212489 0.0 
0.235105 0.235696 0.0 
0.23964 0.162972 0.0 
0.150773 0.190413 0.0 
0.14886 0.200439 0.0 
1.90108 0.144114 0.0 
0.237501 0.16579 0.0 
0.150635 0.191077 0.0 
0.274792 0.176063 0.0 
0.186644 0.151736 0.0 
0.147824 0.19836 0.0 
0.252555 0.197635 0.0 
0.245664 0.220457 0.0 
0.27646 0.216409 0.0 
0.253101 0.167627 0.0 
0.23582 0.234882 0.0 
0.249154 0.183668 0.0 
0.241522 0.227852 0.0 
0.24208 0.171826 0.0 
0.157102 0.226721 0.0 
0.276812 0.180975 0.0 
0.197967 0.149574 0.0 
0.249535 0.189703 0.0 
0.169975 0.154713 0.0 
0.238507 0.231978 0.0 
0.150892 0.190612 0.0 
0.175967 0.155901 0.0 
0.181486 0.153481 0.0 
0.190612 0.150892 0.0 
0.232054 0.160654 0.0 
0.150013 0.195566 0.0 
0.155146 0.223181 0.0 
0.194327 0.150258 0.0 
0.238202 0.235615 0.0 
0.153587 0.18121 0.0 
0.24965 0.222029 0.0 
0.243942 0.22392 0.0 
0.24951 0.207767 0.0 
0.244835 0.222228 0.0 
0.177969 0.154997 0.0 
0.234682 0.237276 0.0 
0.162421 0.234755 0.0 
0.1923 0.150503 0.0 
0.188152 0.151316 0.0 
0.241289 0.170655 0.0 
0.253906 0.17998 0.0 
0.228917 0.242155 0.0 
2.19878 0.41 0.0 
0.234512 0.162738 0.0 
0.23019 0.158959 0.0 
0.250268 0.20717 0.0 
0.24371 0.224378 0.0 
0.149906 0.19903 0.0 
0.187505 0.151487 0.0 
0.151863 0.215414 0.0 
0.250002 0.20993 0.0 
0.249581 0.193556 0.0 
0.139138 0.202065 0.0 
0.148278 0.199923 0.0 
0.149932 0.200535 0.0 
0.282857 0.183268 0.0 
0.250152 0.195454 0.0 
0.174495 0.244598 0.0 
0.177353 0.245417 0.0 
0.241543 0.229095 0.0 
0.23003 0.240876 0.0 
0.253903 0.169098 0.0 
0.158107 0.228661 0.0 
0.249584 0.207069 0.0 
0.178476 0.154688 0.0 
0.247086 0.216815 0.0 
0.24828 0.18415 0.0 
0.24726 0.216442 0.0 
0.24763 0.215414 0.0 
0.154857 0.2222 0.0 
0.253458 0.17009 0.0 
0.285056 0.179703 0.0 
0.154754 0.176079 0.0 
2.1854 0.41 0.0 
0.169929 0.15995 0.0 
0.179319 0.154373 0.0 
0.247939 0.214463 0.0 
0.308859 0.188697 0.0 
0.250699 0.195875 0.0 
0.18018 0.154099 0.0 
0.263235 0.167014 0.0 
0.227447 0.242355 0.0 
0.290401 0.192456 0.0 
0.177256 0.155358 0.0 
0.169213 0.160479 0.0 
0.251458 0.19628 0.0 
0.274175 0.180562 0.0 
0.298341 0.218321 0.0 
0.184834 0.247642 0.0 
0.249758 0.205817 0.0 
0.175204 0.156496 0.0 
2.19858 0.409397 0.0 
0.29275 0.212364 0.0 
0.312154 0.268158 0.0 
0.248669 0.211755 0.0 
0.249348 0.208489 0.0 
0.313412 0.0557924 0.0 
0.214497 0.150736 0.0 
0.151027 0.18881 0.0 
0.242769 0.172482 0.0 
0.17316 0.157818 0.0 
0.247794 0.162728 0.0 
0.156873 0.174549 0.0 
0.253281 0.197903 0.0 
0.249517 0.208102 0.0 
0.153586 0.177981 0.0 
0.277035 0.223372 0.0 
0.202635 0.149122 0.0 
0.222858 0.0379336 0.0 
0.166817 0.162602 0.0 
0.237512 0.235184 0.0 
0.251511 0.204579 0.0 
0.190267 0.149781 0.0 
0.155216 0.225543 0.0 
0.277989 0.174705 0.0 
0.155115 0.222274 0.0 
0.166323 0.162915 0.0 
0.170807 0.158546 0.0 
0.159555 0.230904 0.0 
0 0.401577 0.0 
0.167131 0.16219 0.0 
0.247135 0.164689 0.0 
0.230095 0.065189 0.0 
0.249278 0.215016 0.0 
0.165162 0.236032 0.0 
0.587414 0.41 0.0 
0.249778 0.204685 0.0 
0.180841 0.246735 0.0 
0.144695 0.202402 0.0 
0.145052 0.200768 0.0 
0.24995 0.203896 0.0 
0.281887 0.188419 0.0 
0.149545 0.200597 0.0 
0.304783 0.218398 0.0 
0.266788 0.217785 0.0 
0.168496 0.161176 0.0 
0.182619 0.15295 0.0 
0.159948 0.169958 0.0 
2.19292 0.408382 0.0 
0.268727 0.18701 0.0 
0.161953 0.166415 0.0 
0.240414 0.229436 0.0 
0.250218 0.205083 0.0 
0.154728 0.178645 0.0 
0.237422 0.236923 0.0 
0.300981 0.177342 0.0 
0.243956 0.161088 0.0 
0.24971 0.177834 0.0 
0.185378 0.15132 0.0 
0.28686 0.117036 0.0 
1.28055 0.00767025 0.0 
0.31076 0.216134 0.0 
0.145805 0.199502 0.0 
0.268113 0.179197 0.0 
0.183378 0.152083 0.0 
1.47625 0 0.0 
0.294934 0.196181 0.0 
0.24434 0.164517 0.0 
0.263718 0.170355 0.0 
0.248133 0.18466 0.0 
0.232943 0.161251 0.0 
0.293923 0.217624 0.0 
0.249998 0.200249 0.0 
0.979448 0.41 0.0 
0.148704 0.200063 0.0 
0.250021 0.202692 0.0 
0.253653 0.19843 0.0 
0.165817 0.163358 0.0 
0.250031 0.201939 0.0 
0.237749 0.243947 0.0 
0.155155 0.177767 0.0 
0.242324 0.167525 0.0 
0.185978 0.24816 0.0 
0.297751 0.212299 0.0 
0.161052 0.168543 0.0 
0.177381 0.149897 0.0 
0.250061 0.198888 0.0 
0.245014 0.16745 0.0 
0.2532 0.20303 0.0 
0.143125 0.198231 0.0 
0.251072 0.199885 0.0 
0.253531 0.196948 0.0 
0.234079 0.238386 0.0 
0.163213 0.16605 0.0 
0.144615 0.199125 0.0 
0.149234 0.201049 0.0 
0.148655 0.195135 0.0 
0.257148 0.201457 0.0 
0.238571 0.23595 0.0 
0.237243 0.164123 0.0 
0.146366 0.198517 0.0 
0.164284 0.164856 0.0 
0.142179 0.195361 0.0 
0.157798 0.173024 0.0 
0.272525 0.182513 0.0 
0.248428 0.183639 0.0 
0.316775 0.207004 0.0 
0.251118 0.201402 0.0 
0.249962 0.196867 0.0 
0.236684 0.165885 0.0 
0.154585 0.178782 0.0 
0.252492 0.19836 0.0 
0.252615 0.196557 0.0 
0.251816 0.201511 0.0 
0.148333 0.198005 0.0 
0.148739 0.199706 0.0 
0.250367 0.201435 0.0 
0.300958 0.189777 0.0 
0.160286 0.169498 0.0 
0.149417 0.199636 0.0 
0.249659 0.193716 0.0 
0.283218 0.185625 0.0 
0.252911 0.207866 0.0 
0.146477 0.199922 0.0 
0.244251 0.236376 0.0 
0.264633 0.2304 0.0 
0.246121 0.17207 0.0 
0.143693 0.199939 0.0 
0.277938 0.167934 0.0 
0.250967 0.168184 0.0 
0.257217 0.193927 0.0 
0.347849 0.208519 0.0 
0.171532 0.158735 0.0 
0.77042 0.0275566 0.0 
0.153347 0.217979 0.0 
0.163269 0.23392 0.0 
0.277467 0.187031 0.0 
0.26613 0.222344 0.0 
0.146899 0.199509 0.0 
0.2666 0.215563 0.0 
0.267407 0.23505 0.0 
0.197596 0.263923 0.0 
0.236576 0.165912 0.0 
0.241598 0.165792 0.0 
2.19857 0.00114326 0.0 
0.319992 0.187362 0.0 
0.15011 0.196713 0.0 
0.254616 0.197191 0.0 
0.159719 0.170254 0.0 
0.148023 0.198968 0.0 
0.146119 0.200421 0.0 
0.242145 0.1731 0.0 
0.249443 0.192572 0.0 
0.16152 0.167749 0.0 
0.245956 0.174513 0.0 
0.146407 0.20082 0.0 
0.25339 0.200905 0.0 
0.249423 0.192018 0.0 
0.23999 0.168956 0.0 
0.148534 0.199326 0.0 
0.157238 0.173974 0.0 
0.241248 0.166567 0.0 
0.148457 0.199692 0.0 
0.240985 0.232608 0.0 
2.10838 0.379033 0.0 
0.236473 0.164878 0.0 
0.273666 0.185558 0.0 
0.249252 0.191151 0.0 
0.609332 0.399287 0.0 
0.240592 0.169625 0.0 
1.00321 0.390367 0.0 
0.249108 0.190612 0.0 
0.321655 0.206116 0.0 
0.146511 0.201332 0.0 
0.244362 0.225245 0.0 
0.237332 0.235734 0.0 
0.239375 0.233538 0.0 
0.252205 0.200174 0.0 
0.147129 0.202636 0.0 
0.252229 0.199328 0.0 
0.2488 0.188732 0.0 
0.242427 0.168577 0.0 
0.15836 0.172326 0.0 
0.253799 0.19935 0.0 
2.18732 0.00812445 0.0 
0.156388 0.175358 0.0 
0.146685 0.219798 0.0 
0.248425 0.187251 0.0 
0.252826 0.200342 0.0 
0.252412 0.194973 0.0 
0.242256 0.232783 0.0 
0.236999 0.235222 0.0 
0.24882 0.168282 0.0 
0.236403 0.164567 0.0 
0.261771 0.230295 0.0 
0.24865 0.188062 0.0 
0.286097 0.224294 0.0 
0.384789 0.0213045 0.0 
0.315392 0.214349 0.0 
0.23842 0.161487 0.0 
0.236974 0.236234 0.0 
0.148404 0.201259 0.0 
0.237238 0.162599 0.0 
0.311008 0.219423 0.0 
0.239875 0.233979 0.0 
0.246986 0.182696 0.0 
0.147969 0.19945 0.0 
0.163213 0.236499 0.0 
0.248172 0.186308 0.0 
0.247642 0.184834 0.0 
0.23322 0.157383 0.0 
0.154923 0.221629 0.0 
0.239404 0.23878 0.0 
0.151022 0.189427 0.0 
0.236617 0.235545 0.0 
0.245571 0.17925 0.0 
0.295898 0.215299 0.0 
0.238343 0.166057 0.0 
0.250712 0.166074 0.0 
0.245809 0.17977 0.0 
0.149385 0.198661 0.0 
0.246653 0.182021 0.0 
0.147238 0.200812 0.0 
0.244088 0.176324 0.0 
0.288406 0.186117 0.0 
0.147531 0.20514 0.0 
0.147491 0.203466 0.0 
0.237027 0.234494 0.0 
0.244968 0.178048 0.0 
0.240646 0.238002 0.0 
0.242345 0.235442 0.0 
0.289805 0.169912 0.0 
0.245343 0.178831 0.0 
0.150584 0.192396 0.0 
0.244226 0.237832 0.0 
0.155407 0.1772 0.0 
1.14416 0.41 0.0 
1.69772 0.0788773 0.0 
0.229105 0.158097 0.0 
0.289564 0.189233 0.0 
0.197731 0.149218 0.0 
0.244541 0.177182 0.0 
0.143646 0.20324 0.0 
0.286671 0.183454 0.0 
0.247829 0.16084 0.0 
0.242557 0.170062 0.0 
0.197577 0.250751 0.0 
0.200354 0.148768 0.0 
0.237929 0.165541 0.0 
0.250396 0.159419 0.0 
0.243682 0.175586 0.0 
0.154507 0.179111 0.0 
0.252017 0.199758 0.0 
0.260052 0.233419 0.0 
0.271051 0.179906 0.0 
0.24201 0.233608 0.0 
0.243671 0.234599 0.0 
0.282124 0.213839 0.0 
0.242525 0.173627 0.0 
0.243402 0.175037 0.0 
0.268119 0.231144 0.0 
0.148936 0.199562 0.0 
0.316499 0.211085 0.0 
0.149929 0.199495 0.0 
0.237012 0.1663 0.0 
0.239021 0.234618 0.0 
0.239559 0.232526 0.0 
0.242307 0.173356 0.0 
0.24069 0.160776 0.0 
0.254111 0.186359 0.0 
0.148491 0.202501 0.0 
0.278119 0.220034 0.0 
0.574583 0.41 0.0 
0.274551 0.221686 0.0 
0.237859 0.167247 0.0 
0.250136 0.198344 0.0 
0.237456 0.234809 0.0 
0.149031 0.202027 0.0 
0.29144 0.215096 0.0 
0.240362 0.170491 0.0 
0.154485 0.179309 0.0 
0.154322 0.220643 0.0 
0.147924 0.200086 0.0 
0.288578 0.17404 0.0 
0.287802 0.22076 0.0 
0.15536 0.222761 0.0 
0.250093 0.198062 0.0 
0.238395 0.167861 0.0 
0.237044 0.164541 0.0 
0.241123 0.228601 0.0 
0.24098 0.236028 0.0 
0.239025 0.168628 0.0 
0.237131 0.237879 0.0 
0.151992 0.185587 0.0 
0.225142 0.243216 0.0 
0.250529 0.200103 0.0 
0.249978 0.164192 0.0 
1.14044 0.327147 0.0 
0.70158 0.220521 0.0 
0.240117 0.235199 0.0 
0.153992 0.220532 0.0 
0.240183 0.229872 0.0 
0.360973 0.209924 0.0 
0.24068 0.168509 0.0 
0.247331 0.18389 0.0 
0.249768 0.211915 0.0 
0.150715 0.19159 0.0 
0.0431069 0.0389926 0.0 
0.154117 0.17996 0.0 
0.151902 0.186022 0.0 
0.28929 0.178665 0.0 
0.250371 0.19849 0.0 
0.25413 0.166388 0.0 
0.274542 0.172086 0.0 
0.260461 0.177004 0.0 
0.240887 0.233475 0.0 
0.270282 0.170476 0.0 
0.231316 0.160928 0.0 
0.240458 0.231861 0.0 
0.152648 0.183953 0.0 
0.181163 0.152883 0.0 
0.00974298 0 0.0 
0.236472 0.165675 0.0 
0.251336 0.199608 0.0 
0.261494 0.225704 0.0 
0.280552 0.222783 0.0 
0.143422 0.210916 0.0 
0.229878 0.159911 0.0 
0.976417 0.281932 0.0 
2.1943 0.00390318 0.0 
0.183596 0.152718 0.0 
1.66837 0.38263 0.0 
1.41835 0.0512595 0.0 
0.153288 0.181959 0.0 
0.153918 0.180436 0.0 
0.289052 0.200487 0.0 
0.150912 0.190058 0.0 
0.233092 0.162468 0.0 
0.153049 0.182481 0.0 
0.144094 0.214944 0.0 
2.18403 0.0153967 0.0 
0.228634 0.159013 0.0 
1.7329 0.360977 0.0 
0.215563 0.152415 0.0 
0.234929 0.164135 0.0 
0.258629 0.169128 0.0 
0.283874 0.226983 0.0 
1.90259 0.400563 0.0 
0.15488 0.221878 0.0 
0.250395 0.208077 0.0 
1.93293 0.388241 0.0 
0.234423 0.163651 0.0 
0.233676 0.162986 0.0 
1.56363 0.0141206 0.0 
0.248287 0.257308 0.0 
1.91276 0.0511847 0.0 
0.251025 0.199409 0.0 
1.06272 0.393849 0.0 
0.180912 0.254973 0.0 
0.256556 0.176102 0.0 
0.23167 0.161312 0.0 
0.155566 0.223621 0.0 
0.152456 0.183393 0.0 
0.307029 0.207061 0.0 
0.166813 0.162508 0.0 
0.21342 0.248163 0.0 
0.260999 0.172834 0.0 
0.241257 0.162249 0.0 
0.203914 0.148587 0.0 
0.226516 0.157568 0.0 
0.328382 0.19669 0.0 
0.717657 0.348486 0.0 
0.228076 0.158182 0.0 
0.238015 0.16659 0.0 
2.2 0.0021484 0.0 
0.238441 0.164946 0.0 
0.241093 0.167531 0.0 
0.206086 0.257736 0.0 
0.0470475 0.366814 0.0 
0.241859 0.1638 0.0 
0.250551 0.228987 0.0 
0.225035 0.156677 0.0 
0.19159 0.150715 0.0 
0.225854 0.157155 0.0 
0.151642 0.187024 0.0 
0.275969 0.282923 0.0 
0.301946 0.204354 0.0 
0.253318 0.164857 0.0 
0.224302 0.156276 0.0 
0.220328 0.15424 0.0 
0.313976 0.19647 0.0 
0.16439 0.235503 0.0 
0.195532 0.150202 0.0 
0.221708 0.154914 0.0 
0.151303 0.188163 0.0 
1.15325 0.0859639 0.0 
0.164386 0.235248 0.0 
1.41258 0.0106398 0.0 
1.39377 0.247478 0.0 
0.221629 0.154923 0.0 
0.149846 0.196536 0.0 
0.257319 0.17098 0.0 
0.27305 0.189745 0.0 
0.239103 0.23765 0.0 
0.927046 0.345504 0.0 
0.320054 0.19941 0.0 
0.158671 0 0.0 
0.839932 0.368226 0.0 
0.31932 0.193216 0.0 
0.268064 0.221042 0.0 
0.441634 0.0318869 0.0 
0.488037 0.41 0.0 
0.237635 0.251426 0.0 
2.19086 0.0117632 0.0 
1.18881 0.00332005 0.0 
0.150703 0.191269 0.0 
0.218629 0.153568 0.0 
0.219487 0.15392 0.0 
0.156782 0.174381 0.0 
0.189435 0.249276 0.0 
1.38119 0.00271265 0.0 
1.24999 0 0.0 
0.261982 0.235912 0.0 
0.154503 0.223207 0.0 
0.150046 0.195142 0.0 
0.24988 0.183697 0.0 
0.224181 0.244728 0.0 
0.614925 0.337149 0.0 
0.171874 0.243362 0.0 
0.193423 0.249977 0.0 
0.151502 0.213127 0.0 
0.273607 0.224249 0.0 
0.786627 0.0603956 0.0 
0.157818 0.22684 0.0 
0.151076 0.214994 0.0 
0.19188 0.150129 0.0 
0.149688 0.200689 0.0 
0.271972 0.231981 0.0 
0.278123 0.190378 0.0 
0.311991 0.206077 0.0 
0.23555 0.236819 0.0 
0.150298 0.193744 0.0 
0.233018 0.239356 0.0 
0.23491 0.162462 0.0 
1.41939 0 0.0 
0.152028 0.184467 0.0 
0.289845 0.223768 0.0 
0.208582 0.150131 0.0 
0.217826 0.153251 0.0 
0.253176 0.2243 0.0 
0.311011 0.199438 0.0 
0.258739 0.231338 0.0 
0.186011 0.403898 0.0 
0.211678 0.15008 0.0 
1.36643 0.0106259 0.0 
0.152411 0.182281 0.0 
0.168192 0.160503 0.0 
0.26938 0.238807 0.0 
0.270319 0.184064 0.0 
0.599993 0 0.0 
1.67123 0.0219866 0.0 
0.932026 0.387266 0.0 
0.217048 0.152999 0.0 
0.260443 0.167793 0.0 
0.249303 0.186545 0.0 
0.702491 0.00739531 0.0 
0.149672 0.200336 0.0 
0.150007 0.19727 0.0 
0.312217 0.181752 0.0 
0.255733 0.233077 0.0 
0.149782 0.200121 0.0 
0.25829 0.224411 0.0 
0.253098 0.237706 0.0 
0.209263 0.149408 0.0 
2.1861 0.39952 0.0 
1.21437 0.0447208 0.0 
2.18819 0.409246 0.0 
0.149294 0.200492 0.0 
0.233884 0.162444 0.0 
0.201961 0.0225023 0.0 
0.240051 0.165988 0.0 
0.303079 0.199483 0.0 
0.153896 0.229836 0.0 
0.151583 0.186918 0.0 
0.214987 0.152223 0.0 
0.214566 0.152065 0.0 
0.257365 0.237474 0.0 
0.608617 0.138857 0.0 
0.585957 0.100583 0.0 
1.51567 0.41 0.0 
0.27538 0.234081 0.0 
0.193483 0.147962 0.0 
0.149287 0.200029 0.0 
0.202541 0.149945 0.0 
0.203653 0.150136 0.0 
0.265596 0.178456 0.0 
0.330856 0.18808 0.0 
0.151539 0.187701 0.0 
0.274885 0.226273 0.0 
0.260678 0.240449 0.0 
0.165743 0.240961 0.0 
0.268325 0.228341 0.0 
0.248312 0.232023 0.0 
0.14985 0.199633 0.0 
0.251741 0.19943 0.0 
0.251726 0.198479 0.0 
0.25446 0.0234027 0.0 
0.152894 0.223018 0.0 
0.287166 0.230925 0.0 
0.269111 0.175869 0.0 
0.561121 0.380254 0.0 
0.251973 0.232725 0.0 
0.251492 0.200968 0.0 
0.149435 0.198009 0.0 
0.26395 0.0515181 0.0 
0.248977 0.234243 0.0 
0.257163 0.222135 0.0 
0.149901 0.20167 0.0 
0.167738 0.239766 0.0 
0.149304 0.2027 0.0 
0.991348 0.0175035 0.0 
1.01564 0.0241535 0.0 
0.149969 0.199028 0.0 
0.242482 0.172835 0.0 
0.249503 0.238603 0.0 
0.268979 0.222652 0.0 
0.213493 0.151766 0.0 
2.2 0.40735 0.0 
0.339517 0.204582 0.0 
0.236125 0.238084 0.0 
1.26424 0.0117559 0.0 
1.85029 0.41 0.0 
0.119877 0.352224 0.0 
0.275871 0.23932 0.0 
0.213014 0.151635 0.0 
0.252085 0.230872 0.0 
0.22555 0.15421 0.0 
0.238965 0.236907 0.0 
0.240276 0.164092 0.0 
0.318888 0.203249 0.0 
1.06038 0.41 0.0 
0.245874 0.232019 0.0 
1.82407 0.364657 0.0 
0.202758 0.253266 0.0 
0.266891 0.322357 0.0 
0.314169 0.179276 0.0 
0.246889 0.23567 0.0 
0.201285 0.149928 0.0 
0.179099 0.245508 0.0 
0.212641 0.15156 0.0 
0.286088 0.187656 0.0 
0.166103 0.156007 0.0 
0.250993 0.206179 0.0 
0.208226 0.150652 0.0 
0.956775 0.0514745 0.0 
0.203298 0.150111 0.0 
0.246743 0.166997 0.0 
0.266907 0.176514 0.0 
0.316238 0.22225 0.0 
0.24516 0.23984 0.0 
0.293837 0.209034 0.0 
0.207607 0.150544 0.0 
0.149148 0.198795 0.0 
0.191069 0.150687 0.0 
0.209989 0.150635 0.0 
0.21456 0.247956 0.0 
0.237561 0.163684 0.0 
0.2491 0.230786 0.0 
1.40859 0 0.0 
1.92251 0.295759 0.0 
0.245664 0.233508 0.0 
0.322559 0.196522 0.0 
0.215096 0.248232 0.0 
0.151571 0.212727 0.0 
0.179422 0.245567 0.0 
0.238679 0.235098 0.0 
0.258157 0.164535 0.0 
1.34466 0.387817 0.0 
0.240337 0.164964 0.0 
0.241645 0.164911 0.0 
0.201021 0.250948 0.0 
0.205776 0.150247 0.0 
1.10272 0.41 0.0 
0.235105 0.239198 0.0 
0.267486 0.16687 0.0 
0.195604 0.257091 0.0 
0.235013 0.237983 0.0 
1.11704 0.41 0.0 
0.148497 0.200752 0.0 
0.209805 0.252168 0.0 
1.94517 0.344536 0.0 
0.110779 0.302628 0.0 
1.86807 0.0390724 0.0 
0.136269 0.308459 0.0 
0.258111 0.227091 0.0 
0.212512 0.248562 0.0 
0.214885 0.24796 0.0 
1.34036 0.0200072 0.0 
0.151246 0.187891 0.0 
0.169849 0.241279 0.0 
0.280503 0.229469 0.0 
0.152999 0.217048 0.0 
0.23996 0.236425 0.0 
0.237774 0.234342 0.0 
0.263879 0.176519 0.0 
0.148855 0.206616 0.0 
0.233831 0.161847 0.0 
0.149626 0.178907 0.0 
0.24015 0.166655 0.0 
0.224957 0.155821 0.0 
0.176005 0.247746 0.0 
0.323978 0.185865 0.0 
0.202325 0.15 0.0 
0.250394 0.204195 0.0 
1.72852 0.389975 0.0 
0.204468 0.150202 0.0 
0.655408 0.386423 0.0 
0.24294 0.166738 0.0 
0.258234 0.173024 0.0 
0.230591 0.240076 0.0 
0.236506 0.157718 0.0 
0.24999 0.205332 0.0 
0.00604577 0.00182636 0.0 
0.148786 0.19856 0.0 
0.155907 0.175992 0.0 
0.160325 0.167241 0.0 
0.196791 0.15005 0.0 
0.190992 0.150371 0.0 
0.196523 0.150123 0.0 
0.250323 0.200541 0.0 
0.246559 0.219056 0.0 
0.248991 0.232933 0.0 
0.149988 0.197661 0.0 
0.169926 0.159808 0.0 
0.197554 0.251542 0.0 
0.239736 0.167266 0.0 
0.170009 0.159996 0.0 
0.156634 0.174998 0.0 
0.162565 0.166686 0.0 
0.238538 0.166612 0.0 
0.32401 0.203261 0.0 
0.276835 0.213009 0.0 
0.194543 0.150301 0.0 
0.156137 0.175768 0.0 
0.146332 0.211402 0.0 
1.32332 0.370341 0.0 
0.236472 0.235341 0.0 
1.26094 0.136745 0.0 
0.167928 0.161319 0.0 
0.149894 0.197451 0.0 
0.155814 0.224037 0.0 
0.149694 0.202085 0.0 
1.1309 0.41 0.0 
0.244192 0.233442 0.0 
1.71534 0.400919 0.0 
0.148732 0.203391 0.0 
0.187535 0.248573 0.0 
1.04736 0.41 0.0 
0.146886 0.200318 0.0 
0.151031 0.210715 0.0 
0.168539 0.243001 0.0 
0.288906 0.212584 0.0 
0.189149 0.151059 0.0 
0.155628 0.22338 0.0 
0.230558 0.159556 0.0 
0.245689 0.165675 0.0 
0.236406 0.16333 0.0 
0.162836 0.166458 0.0 
0.156107 0.224856 0.0 
0.168105 0.161015 0.0 
0.209388 0.150892 0.0 
0.33574 0.196469 0.0 
0.239917 0.230107 0.0 
0.218548 0.152488 0.0 
0.325854 0.199885 0.0 
0.14982 0.200525 0.0 
0.15525 0.222299 0.0 
0.219681 0.246792 0.0 
0.314217 0.192613 0.0 
0.155474 0.222743 0.0 
0.2412 0.2351 0.0 
0.318404 0.0165261 0.0 
0.193325 0.149485 0.0 
0.151304 0.188667 0.0 
0.153574 0.181351 0.0 
0.221835 0.153996 0.0 
0.170212 0.159663 0.0 
0.173865 0.155903 0.0 
0.686573 0.41 0.0 
0.150064 0.202484 0.0 
2.12991 0.41 0.0 
0.191835 0.250548 0.0 
0.149801 0.200346 0.0 
0.212761 0.248414 0.0 
0.15077 0.189276 0.0 
2.19822 0.408649 0.0 
0.158673 0.171581 0.0 
0.326598 0.193361 0.0 
0.152561 0.218922 0.0 
0.22253 0.245921 0.0 
0.148151 0.201911 0.0 
0.163452 0.165136 0.0 
0.1713 0.158539 0.0 
0.238023 0.235235 0.0 
0.135936 0.41 0.0 
0.528989 0 0.0 
0.229982 0.41 0.0 
2.19482 0.00939636 0.0 
0.441703 0.41 0.0 
1.38972 0.41 0.0 
0.171299 0.158815 0.0 
0.307289 0.195806 0.0 
0.163525 0.16427 0.0 
0.243545 0.228493 0.0 
0.293134 0.154893 0.0 
0.15388 0.179201 0.0 
0.236268 0.165203 0.0 
0.15035 0.189296 0.0 
0.14974 0.199704 0.0 
0.250448 0.200494 0.0 
0.330454 0.203285 0.0 
0.246947 0.180581 0.0 
0.022532 0 0.0 
0.188724 0.151218 0.0 
0.298134 0.179794 0.0 
0.147182 0.198075 0.0 
0.477124 0.41 0.0 
0.314514 0.185103 0.0 
0.188127 0.151382 0.0 
0.263101 0.163128 0.0 
0.237523 0.165422 0.0 
0.238166 0.165761 0.0 
0.194029 0.249772 0.0 
2.1978 0.0037751 0.0 
0.0131401 0.00266768 0.0 
0.181032 0.153648 0.0 
0.187464 0.151555 0.0 
0.188667 0.151304 0.0 
0.159524 0.170478 0.0 
0.250422 0.199944 0.0 
0.15537 0.223088 0.0 
0.215166 0.152358 0.0 
0.169031 0.160194 0.0 
0.315795 0.200354 0.0 
0.15042 0.210252 0.0 
0.150321 0.193031 0.0 
2.17235 0.408853 0.0 
0.473599 0.0482613 0.0 
0.149962 0.204804 0.0 
2.18532 0 0.0 
0.238443 0.165277 0.0 
2.18024 0.41 0.0 
0.23639 0.234481 0.0 
0.137449 0.195472 0.0 
0.017189 0.0033697 0.0 
0.321713 0.191114 0.0 
0.154879 0.221715 0.0 
0.160083 0.230107 0.0 
0.339575 0.200027 0.0 
1.3251 0.334841 0.0 
0.162405 0.166946 0.0 
1.22816 0.373995 0.0 
0.149741 0.201668 0.0 
0.153766 0.219356 0.0 
0.18674 0.151793 0.0 
0.681153 0.00912223 0.0 
0.610352 0.0553519 0.0 
0.149301 0.201256 0.0 
0.156212 0.224133 0.0 
0.150003 0.199649 0.0 
0.198691 0.250358 0.0 
0.150835 0.189833 0.0 
0.151419 0.1871 0.0 
0.18295 0.152955 0.0 
0.160359 0.168469 0.0 
0.252559 0.234219 0.0 
0.301281 0.196083 0.0 
0.197497 0.14684 0.0 
0.176596 0.155819 0.0 
0.238234 0.238103 0.0 
0.258232 0.182886 0.0 
0.251407 0.200479 0.0 
0.322878 0.0281262 0.0 
0.153993 0.220169 0.0 
0.149545 0.200828 0.0 
0.149037 0.199889 0.0 
0.149451 0.200156 0.0 
0.149584 0.199988 0.0 
1.4574 0.00574852 0.0 
0.179565 0.154313 0.0 
0.18251 0.153076 0.0 
2.17539 0.403271 0.0 
0.149821 0.200771 0.0 
0.231326 0.317095 0.0 
0.0971993 0.0636472 0.0 
0.150892 0.209388 0.0 
0.149829 0.203057 0.0 
0.150544 0.190436 0.0 
1.71065 0.0183631 0.0 
0.222622 0.155116 0.0 
0.251326 0.200061 0.0 
0.152006 0.179669 0.0 
0.175857 0.156164 0.0 
2.19758 0.00714012 0.0 
0.198509 0.249975 0.0 
0.246619 0.225647 0.0 
0.250684 0.200063 0.0 
0.439682 0.0607788 0.0 
0.149434 0.199891 0.0 
2.18969 0.404864 0.0 
0.15 0.196733 0.0 
0.251751 0.200542 0.0 
0.248546 0.212442 0.0 
0.149899 0.194007 0.0 
0.152901 0.217231 0.0 
0.14888 0.200734 0.0 
0.211748 0.255163 0.0 
2.14951 0.00388722 0.0 
0.174858 0.156784 0.0 
0.229986 0 0.0 
0.132831 0.0627601 0.0 
0 0.291367 0.0 
0.174134 0.243404 0.0 
0.150902 0.188237 0.0 
0.328697 0.176184 0.0 
2.19535 0.00150817 0.0 
2.00213 0.0233607 0.0 
0.197535 0.249992 0.0 
0.185802 0.24843 0.0 
0.250536 0.200659 0.0 
0.264702 0.211851 0.0 
0.172326 0.24164 0.0 
0.298401 0.390404 0.0 
0.238822 0.234274 0.0 
0.173322 0.0565285 0.0 
0.150482 0.207786 0.0 
0.240301 0.235757 0.0 
0.36773 0.267094 0.0 
0.237293 0.165181 0.0 
1.44868 0.387488 0.0 
0.221116 0.255459 0.0 
0.242871 0.165829 0.0 
0.171197 0.159008 0.0 
0.150124 0.205784 0.0 
1.30329 0.0194487 0.0 
0.236865 0.165026 0.0 
0.17093 0.151435 0.0 
0.230173 0.243597 0.0 
0.875238 0 0.0 
0.177364 0.155094 0.0 
2.19562 0.00565513 0.0 
0.14972 0.195971 0.0 
1.62851 0.41 0.0 
0.237817 0.165051 0.0 
0.250045 0.203333 0.0 
0.157536 0.226836 0.0 
0.249023 0.210224 0.0 
0.150649 0.18585 0.0 
0.169566 0.248386 0.0 
0.232386 0.161557 0.0 
0.210997 0.0793798 0.0 
0 0.364106 0.0 
0.181097 0.153714 0.0 
0.186828 0.248231 0.0 
0.160376 0.234759 0.0 
0.211984 0.148053 0.0 
0.154629 0.175051 0.0 
0.169368 0.160425 0.0 
0.236931 0.166149 0.0 
0.577486 0.294871 0.0 
0.34518 0.41 0.0 
0.206049 0.125729 0.0 
1.13576 0.0455421 0.0 
0.481925 0.388183 0.0 
0.186717 0.250885 0.0 
0.242507 0.164556 0.0 
0.147969 0.214592 0.0 
1.78799 0.204701 0.0 
0.180768 0.153498 0.0 
0.235809 0.236442 0.0 
0.150234 0.206298 0.0 
1.11794 0.386303 0.0 
0.236551 0.163939 0.0 
0.845347 0.23616 0.0 
0.16896 0.160595 0.0 
1.39143 0.399981 0.0 
0.101169 0 0.0 
0.165765 0.163492 0.0 
0.241653 0.241307 0.0 
1.9661 0.0381274 0.0 
0.251613 0.199817 0.0 
1.2476 0.0195097 0.0 
0.213325 0.248284 0.0 
0.182574 0.152691 0.0 
1.61137 0.240755 0.0 
0.250506 0.20213 0.0 
0.157842 0.238375 0.0 
0.160793 0.1585 0.0 
0.150166 0.207889 0.0 
0.241633 0.228236 0.0 
0.208696 0.265729 0.0 
0.246778 0.168166 0.0 
0.333807 0.207306 0.0 
0.14927 0.200206 0.0 
0.647702 0.399194 0.0 
0.163964 0.16528 0.0 
0.282286 0.224833 0.0 
0.305872 0.214671 0.0 
1.03722 0.0431059 0.0 
0.164649 0.164573 0.0 
0.163681 0.165522 0.0 
1.33039 0 0.0 
0.162193 0.233105 0.0 
0.330015 0 0.0 
2.02158 0.390454 0.0 
0.193213 0.150237 0.0 
0.186584 0.249274 0.0 
1.15785 0.39141 0.0 
1.69026 0.0402253 0.0 
1.1844 0.399246 0.0 
0.239945 0.237179 0.0 
0.156802 0.173585 0.0 
0.25129 0.20828 0.0 
0.163269 0.16608 0.0 
0.150709 0.182447 0.0 
1.51798 0.402379 0.0 
0.239445 0.166097 0.0 
0.231382 0.159671 0.0 
0.207047 0.150111 0.0 
0.249036 0.213044 0.0 
0.155748 0.175877 0.0 
0.236029 0.234961 0.0 
0.236681 0.235986 0.0 
0.649215 0.363904 0.0 
1.05944 0.20848 0.0 
0.245632 0.220616 0.0 
0.177166 0.244938 0.0 
0.161333 0.168142 0.0 
0.27483 0.174116 0.0 
0.237306 0.236451 0.0 
0.542222 0.332846 0.0 
0.152563 0.183543 0.0 
0.16174 0.167667 0.0 
0.215116 0.248038 0.0 
0.268078 0.224925 0.0 
0.149211 0.199699 0.0 
1.86855 0 0.0 
0.251704 0.197603 0.0 
0.540314 0.41 0.0 
0.161312 0.16833 0.0 
0.239208 0.168976 0.0 
1.62877 0.0304576 0.0 
0.153132 0.218551 0.0 
0.251675 0.211813 0.0 
0.150562 0.219315 0.0 
0.237041 0.235508 0.0 
0.239192 0.164824 0.0 
0.223653 0.248699 0.0 
0.199988 0.250239 0.0 
1.91263 0.0059135 0.0 
0.242792 0.163156 0.0 
0.239118 0.235412 0.0 
0.237662 0.236144 0.0 
0.153454 0.218553 0.0 
0.296795 0.201166 0.0 
0.242814 0.173675 0.0 
0.155567 0.224253 0.0 
2.17117 0.00333975 0.0 
2.00369 0.41 0.0 
0.318626 0.18321 0.0 
0.243943 0.169629 0.0 
0.204229 0.149989 0.0 
0.210084 0.143833 0.0 
0.222142 0.244958 0.0 
0.158458 0.228488 0.0 
0.243556 0.235578 0.0 
0.25024 0.200091 0.0 
0.519735 0.41 0.0 
0.311 0.186128 0.0 
0.71151 0.0403404 0.0 
0.166817 0.237398 0.0 
0.245421 0.236824 0.0 
0.235529 0.237397 0.0 
0.249146 0.209719 0.0 
0.180819 0.248063 0.0 
0.250352 0.20015 0.0 
0.147257 0.193787 0.0 
0.250726 0.216028 0.0 
0.945905 0.41 0.0 
0.157292 0.174004 0.0 
0.159102 0.171115 0.0 
0.158164 0.227506 0.0 
0.152352 0.215964 0.0 
1.66633 0.41 0.0 
0.628574 0.41 0.0 
0.166983 0.161735 0.0 
0.350853 0.2149 0.0 
0.325698 0.211272 0.0 
0.151034 0.211851 0.0 
0 0.00148211 0.0 
2.19689 0.000728454 0.0 
0.182551 0.24739 0.0 
0.234317 0.236728 0.0 
0.224773 0.243494 0.0 
0.158008 0.172775 0.0 
0.250074 0.199891 0.0 
0.219609 0.15113 0.0 
0.23794 0.233391 0.0 
0.234579 0.23644 0.0 
0.251169 0.19468 0.0 
2.19869 0.00179729 0.0 
0.859839 0.391948 0.0 
0.150033 0.212429 0.0 
0.243146 0.174505 0.0 
0.145623 0.179736 0.0 
0.234679 0.236016 0.0 
0.219774 0.246111 0.0 
0.240001 0.41 0.0 
0.260051 0.41 0.0 
0.157595 0.17344 0.0 
0.205147 0.250353 0.0 
1.73689 0.304044 0.0 
0.329632 0.200079 0.0 
0.242371 0.228444 0.0 
0.211415 0.151213 0.0 
0 0.00328503 0.0 
0.206574 0.251052 0.0 
2.19626 0.408919 0.0 
0.229131 0.158719 0.0 
0.199836 0.41 0.0 
0.247013 0.217548 0.0 
0.300768 0.41 0.0 
2.14537 0.0407839 0.0 
0.667773 0.0223436 0.0 
1.49699 0.371818 0.0 
0.157271 0.249123 0.0 
1.93477 0.400764 0.0 
0.221961 0.154972 0.0 
0.246651 0.181825 0.0 
0.216246 0.251703 0.0 
0.150211 0.192666 0.0 
0.250306 0.20095 0.0 
0.168928 0.160754 0.0 
0.149689 0.199989 0.0 
0.156704 0.225169 0.0 
0.155994 0.176142 0.0 
0.225387 0.156819 0.0 
2.06791 0.235467 0.0 
0.151754 0.186529 0.0 
0.306884 0.222817 0.0 
0.154993 0.177961 0.0 
0.250437 0.19492 0.0 
0.250451 0.199683 0.0 
0.15631 0.175227 0.0 
0.1556 0.176927 0.0 
0.21597 0.247797 0.0 
1.43204 0.00980667 0.0 
0.15507 0.177957 0.0 
0.158246 0.172125 0.0 
0.00954081 0.399553 0.0 
0.251067 0.200995 0.0 
0.319093 0.00980934 0.0 
0.25046 0.200292 0.0 
0.240988 0.228991 0.0 
0.224146 0.243847 0.0 
0.154605 0.179045 0.0 
0.154804 0.178362 0.0 
0.271453 0.224631 0.0 
0.204339 0.140332 0.0 
1.45305 0.41 0.0 
0.347057 0.202424 0.0 
0.151037 0.18988 0.0 
1.73375 0.404068 0.0 
0.153127 0.180319 0.0 
0.15391 0.180536 0.0 
0.314122 0.375079 0.0 
0.244524 0.223264 0.0 
0.153388 0.181197 0.0 
1.41547 0.0240002 0.0 
0.195416 0.250416 0.0 
0.152058 0.184839 0.0 
0.151464 0.187586 0.0 
0.248892 0.211667 0.0 
1.98194 0.0096197 0.0 
0.282906 0.174513 0.0 
0.247194 0.216756 0.0 
0.226274 0.157351 0.0 
2.01281 0.0116251 0.0 
0.24859 0.212756 0.0 
0.173884 0.145351 0.0 
1.23997 0 0.0 
0.238389 0.165564 0.0 
0.318029 0.19565 0.0 
0.149359 0.196072 0.0 
2.19239 0.406876 0.0 
0.783593 0.388816 0.0 
0.21794 0.145685 0.0 
0.178618 0.245519 0.0 
0.229038 0.159112 0.0 
0.150321 0.19342 0.0 
0.257678 0.204995 0.0 
0.172178 0.158347 0.0 
0.230303 0.239915 0.0 
0.151364 0.212256 0.0 
0.171279 0.155725 0.0 
0.239742 0.169112 0.0 
2.19593 0.00341645 0.0 
0.15114 0.189394 0.0 
0.15323 0.182208 0.0 
0.217092 0.247117 0.0 
0.249966 0.201802 0.0 
0.562478 0.0199544 0.0 
0.27571 0.141269 0.0 
0.238277 0.232351 0.0 
0.252627 0.190667 0.0 
0.250098 0.194717 0.0 
0.882192 0.381135 0.0 
0.387303 0.0462574 0.0 
0.243595 0.174896 0.0 
0.238933 0.232505 0.0 
1.54715 0.118721 0.0 
0.214007 0.2488 0.0 
0.149062 0.196957 0.0 
0.855686 0.399139 0.0 
0.15293 0.182969 0.0 
0.270673 0.266008 0.0 
0.250164 0.201206 0.0 
0.181672 0.144396 0.0 
0.0308538 0.343942 0.0 
0.151467 0.185652 0.0 
0.149281 0.170358 0.0 
0.360161 0 0.0 
0.21989 0.246357 0.0 
0.154289 0.165719 0.0 
0.251054 0.200147 0.0 
0.212513 0.250425 0.0 
0.149559 0.200408 0.0 
2.04968 0.0352854 0.0 
0.150873 0.190389 0.0 
0.236575 0.236255 0.0 
0.225807 0.156841 0.0 
0.222631 0.245182 0.0 
0.941991 0.396034 0.0 
0.326825 0.223834 0.0 
0.235512 0.235352 0.0 
0.250661 0.201126 0.0 
0.187311 0.150119 0.0 
0.211086 0.150894 0.0 
0.268994 0.174116 0.0 
1.54527 0.390033 0.0 
1.49504 0.392976 0.0 
1.52776 0.41 0.0 
0.157256 0.17366 0.0 
0.157661 0.172948 0.0 
0.340306 0.209727 0.0 
1.57043 0.376302 0.0 
1.78658 0.00606975 0.0 
0.459606 0.369147 0.0 
0.230975 0.158794 0.0 
0.356046 0.20359 0.0 
0.217551 0.248283 0.0 
0.149024 0.1911 0.0 
0.15056 0.209527 0.0 
0.150162 0.223507 0.0 
0.149402 0.205107 0.0 
1.41497 0.355743 0.0 
0.0480142 0.296294 0.0 
0.833423 0.41 0.0 
1.02025 0.0101983 0.0 
0.151966 0.21478 0.0 
0.0262188 0.41 0.0 
0.216208 0.152631 0.0 
0.247721 0.220052 0.0 
1.59491 0.0491734 0.0 
0.150594 0.209027 0.0 
0.149043 0.185873 0.0 
0.156968 0.169082 0.0 
0.195594 0.249998 0.0 
0.148683 0.209343 0.0 
0.243156 0.174293 0.0 
0.149501 0.20363 0.0 
0.214268 0.248025 0.0 
1.28019 0.00352418 0.0 
0.164407 0.235905 0.0 
0.248362 0.215167 0.0 
0.150779 0.19081 0.0 
0.150074 0.197317 0.0 
0.149617 0.195022 0.0 
0.149684 0.200479 0.0 
0.150176 0.195068 0.0 
0.251151 0.198952 0.0 
0.168723 0.158229 0.0 
0.15062 0.191893 0.0 
2.19486 0.409373 0.0 
0.156071 0.2242 0.0 
0.217707 0.247539 0.0 
0.237159 0.236004 0.0 
1.19283 0 0.0 
0.248575 0.212109 0.0 
0.247723 0.179024 0.0 
0.149587 0.200243 0.0 
0.250181 0.20631 0.0 
0 0.386842 0.0 
0.242823 0.171352 0.0 
0.185665 0.248171 0.0 
0.150181 0.195773 0.0 
0.250264 0.201271 0.0 
2.14716 0.41 0.0 
0.18468 0.147913 0.0 
0.150091 0.196137 0.0 
0.149409 0.193761 0.0 
0.588993 0.392211 0.0 
0.610969 0.38908 0.0 
0.550888 0.41 0.0 
0.149947 0.205551 0.0 
1.64009 0.360242 0.0 
0.198773 0.250093 0.0 
1.38881 0.380969 0.0 
0.988286 0.371567 0.0 
0.168138 0.238531 0.0 
0.183417 0.248142 0.0 
0.245766 0.178701 0.0 
1.63044 0 0.0 
0.17225 0.242729 0.0 
0.187618 0.248853 0.0 
0.153813 0.221552 0.0 
0.221903 0.15477 0.0 
0.164801 0.161438 0.0 
0.156807 0.174061 0.0 
0.182286 0.250983 0.0 
0.149421 0.200307 0.0 
0.268792 0.226249 0.0 
1.82481 0.335195 0.0 
0.152614 0.217459 0.0 
0.211301 0.248882 0.0 
0.0947203 0.38856 0.0 
0.294963 0.205315 0.0 
0.237892 0.16532 0.0 
0.23762 0.166909 0.0 
0.208629 0.15069 0.0 
0.250356 0.200366 0.0 
0.156272 0.224613 0.0 
0.322553 0.41 0.0 
1.59124 0.328582 0.0 
0.238912 0.168203 0.0 
0.15005 0.206287 0.0 
0.248912 0.18764 0.0 
0.185006 0.247761 0.0 
0.180544 0.153865 0.0 
0.172724 0.158021 0.0 
0.845137 0.41 0.0 
0.22078 0.24587 0.0 
0.150242 0.205766 0.0 
0.206855 0.149553 0.0 
0.200796 0.149381 0.0 
0.149483 0.200043 0.0 
0.246368 0.181099 0.0 
0.149925 0.200416 0.0 
0.235917 0.234909 0.0 
1.98173 0.0638204 0.0 
0.157455 0.173521 0.0 
0.200264 0.149894 0.0 
0.232487 0.238105 0.0 
0.167406 0.238041 0.0 
0.240691 0.229312 0.0 
0.160694 0.168968 0.0 
0.229801 0.15918 0.0 
0.246449 0.220918 0.0 
0.181238 0.15346 0.0 
0.169882 0.159559 0.0 
2.2 0.381727 0.0 
0.906798 0.00613933 0.0 
0.149914 0.19477 0.0 
0.175593 0.244186 0.0 
0.169587 0.158714 0.0 
0.0842534 0.243826 0.0 
0.159815 0.230231 0.0 
0.720059 0 0.0 
1.23911 0.352942 0.0 
0.15366 0.180149 0.0 
0.00135232 0 0.0 
0.619313 0.379873 0.0 
1.61758 0 0.0 
0.175167 0.243434 0.0 
0.165065 0.163535 0.0 
0.178419 0.245287 0.0 
0.246919 0.219051 0.0 
0.380321 0.41 0.0 
0.150002 0.199848 0.0 
1.08842 0.41 0.0 
0.235715 0.235246 0.0 
0.15748 0.226964 0.0 
2.0699 0.41 0.0 
1.38615 0 0.0 
0.149642 0.206454 0.0 
0.221207 0.154508 0.0 
0.159832 0.229933 0.0 
0.158438 0.41 0.0 
0.392469 0.41 0.0 
0.187108 0.24859 0.0 
0.220041 0.247102 0.0 
0.170862 0.240878 0.0 
0.674288 0.0158091 0.0 
0.149628 0.200121 0.0 
0.211135 0.151049 0.0 
2.19771 0.00514747 0.0 
0.228922 0.241077 0.0 
0.183447 0.249336 0.0 
0.170566 0.159459 0.0 
0.156459 0.174804 0.0 
1.52171 0.380686 0.0 
0.0230731 0.00441888 0.0 
0.183682 0.247343 0.0 
0.175717 0.243765 0.0 
0.249737 0.194193 0.0 
0.249062 0.190044 0.0 
0.20705 0.150309 0.0 
0.249793 0.193244 0.0 
0.0183524 0.0272627 0.0 
1.16641 0.00370709 0.0 
1.16778 0.0146981 0.0 
0.167009 0.162152 0.0 
0.244035 0.224822 0.0 
0 0.000741053 0.0 
0.320008 0 0.0 
2.15869 0 0.0 
0.183948 0.152088 0.0 
0.246427 0.219029 0.0 
0.0466122 0.407737 0.0 
0.155667 0.175416 0.0 
0.24816 0.181453 0.0 
0.391285 0 0.0 
0.238644 0.231724 0.0 
0.585934 0.0236986 0.0 
0.235158 0.164323 0.0 
0.247641 0.217109 0.0 
1.42765 0.41 0.0 
        </DataArray>
      </Points>
      <Cells>
        <DataArray type="Int32" Name="connectivity" format="ascii">
4575 4711 4133 
4160 4841 2815 
3551 2879 912 
3739 1357 2320 
4813 793 3579 
4683 3440 753 
885 4465 856 
154 1665 2603 
2835 803 1721 
1808 2246 5026 
3192 1714 2079 
967 4801 2672 
3291 151 4689 
59 4509 2503 
3963 977 542 
4472 482 4489 
4558 1817 3633 
1748 1804 3328 
2171 815 3022 
2901 3430 5017 
1992 3190 3197 
2138 1088 1300 
1378 2055 2224 
899 3161 3096 
3001 2513 2421 
4620 4565 379 
3268 2247 89 
712 195 2111 
1025 4010 2462 
949 4177 2235 
4449 764 2974 
3543 223 3680 
1882 4670 3561 
1678 3339 2005 
1869 3299 2718 
329 2857 1368 
2453 3988 1329 
2564 2652 1549 
3759 2526 4881 
3340 832 1748 
1003 2695 3038 
1012 3129 2491 
3650 1259 1262 
1502 2028 1826 
3635 3678 255 
1369 1517 1198 
417 1124 2158 
167 2572 4666 
2677 1468 3179 
1034 3809 2335 
3700 3497 4726 
2293 2306 1400 
4010 1025 1292 
1856 4934 1341 
1131 4814 1149 
4742 1058 4169 
2668 1902 1559 
899 4321 3161 
4644 4507 119 
1328 4139 1331 
3282 3914 3931 
4626 861 4363 
1069 3572 4412 
2493 1043 4824 
3500 1201 846 
3756 844 3480 
3113 484 1052 
2077 2675 1894 
3768 1409 1827 
3985 577 3156 
4083 4747 2092 
3569 4631 1829 
2191 1144 620 
1229 913 1331 
1416 743 3022 
4284 4573 86 
964 4965 4363 
1391 3414 2212 
1094 2797 2235 
1632 548 1765 
1222 4555 2477 
4521 4127 4922 
1881 662 872 
2306 1596 1400 
870 884 4734 
2730 1453 2469 
2592 1236 1009 
4371 4000 2298 
3059 600 2420 
788 3247 4951 
2573 3721 2106 
1365 4563 3322 
1601 832 1861 
1193 2419 329 
407 1534 2646 
1828 4263 1532 
2697 1490 3656 
798 1557 2491 
3809 1671 2335 
2454 362 1053 
1084 2826 2163 
3214 575 1324 
2312 1769 1215 
3153 1581 2342 
2101 3617 3028 
1517 1180 1198 
923 3091 3016 
743 3345 3022 
746 2637 1299 
3814 3858 3960 
3435 838 4049 
2870 1108 3537 
304 1099 2665 
1070 1247 2461 
1740 1903 898 
3666 3667 753 
332 1419 2225 
552 3217 1509 
4675 4684 950 
3187 1211 1017 
2862 2287 1484 
931 4519 4533 
2171 2741 308 
2059 1749 1214 
2642 2540 3323 
188 4046 1870 
1442 1429 2599 
4162 4275 3689 
3675 1980 1291 
1259 3650 3690 
1491 1460 3815 
4673 829 1969 
3662 3861 3773 
4139 1328 4578 
3837 1194 3822 
3449 4534 1167 
2689 2308 842 
1347 1176 2738 
3914 558 3931 
3637 3797 770 
1439 2340 1050 
2403 1235 1424 
1295 2390 2432 
726 3533 2834 
3281 914 4465 
3202 1093 2178 
2340 1439 882 
1902 2668 1197 
2979 1289 2250 
3476 4642 4271 
128 4190 736 
1967 5025 1973 
358 3965 3875 
859 4433 3161 
1411 1415 3051 
113 4563 4595 
2765 1574 1832 
4435 3613 3657 
358 2760 4706 
6 201 2646 
2566 893 3444 
1043 2187 2720 
2126 2380 1233 
1058 2766 4169 
884 870 3315 
1340 2363 1450 
486 3091 3613 
1131 1384 4814 
3013 1828 1532 
938 759 1713 
2389 1504 1068 
1709 2874 762 
111 3627 4803 
2993 3876 4510 
1102 1874 2229 
1677 1170 2343 
1124 4531 2158 
1024 2617 4709 
3739 3090 4553 
2449 782 3123 
915 1180 991 
3024 1405 4025 
4542 4913 2474 
4245 4214 2324 
3267 3291 4689 
954 2562 2146 
1280 2046 1806 
4203 2276 2281 
3057 3142 1123 
4462 175 258 
2772 1570 1777 
1726 1678 2005 
1687 746 1299 
2534 1155 2462 
1129 1060 3799 
831 1660 2713 
3337 4015 2999 
284 1555 4353 
3849 1120 3822 
4588 4958 4054 
3141 2587 3720 
1439 2807 961 
3047 411 1351 
1637 4675 3330 
3445 922 3541 
2154 1182 1112 
3502 4061 810 
3500 1791 907 
980 2480 1056 
2193 2174 1109 
1802 1423 3610 
3784 380 4826 
995 3144 2855 
1219 2423 2516 
4847 3066 2999 
1319 1403 3787 
4903 4527 1536 
111 102 4250 
3578 4771 2929 
935 1390 3400 
1468 2677 3626 
1707 1691 2787 
1069 2387 2486 
617 1121 2094 
2746 1813 2945 
852 442 4007 
4357 3849 3822 
2914 2937 4961 
160 2047 2520 
984 510 2353 
4651 256 4932 
1516 4955 560 
1462 399 3019 
1005 3988 4762 
1488 3176 1603 
2205 2154 1112 
204 1280 1806 
364 2109 1907 
2809 779 2576 
1850 1791 846 
2243 3267 4689 
1626 340 946 
579 2939 3084 
2422 3188 904 
2687 415 2302 
4757 345 4852 
1685 1484 2287 
4131 2116 1212 
1714 3192 2436 
3425 3362 818 
1197 2451 5018 
4609 3296 3800 
3778 1581 3153 
1013 1394 2336 
1989 1917 4814 
1065 1269 1060 
2275 2616 1218 
1174 846 1201 
4397 256 4924 
1829 1791 1796 
3312 1147 2128 
1195 1266 1201 
2135 1392 4915 
2820 4225 2682 
1063 2230 2246 
1115 4061 2594 
3248 1770 392 
3492 304 2665 
2905 840 4839 
1184 3855 3887 
2635 2903 2290 
4398 4999 880 
922 3445 2479 
2480 980 2041 
923 3657 3613 
4913 4447 2474 
3032 2249 715 
18 4362 1670 
3474 3082 862 
5019 1902 1197 
848 4882 1459 
3053 2249 3032 
913 1185 1331 
1163 2120 2348 
1938 1941 2432 
3691 3938 2220 
2668 2451 1197 
4010 1366 2462 
304 3492 1649 
3027 2714 2768 
2921 1043 2720 
4701 3556 4707 
844 3825 3480 
4105 2364 354 
2423 2488 2516 
2062 3028 2045 
2566 1408 2015 
3468 4624 3268 
955 669 2078 
661 2098 812 
2262 416 3680 
1366 4010 2842 
1021 905 1638 
2538 867 121 
1180 915 1022 
4814 3665 1149 
1941 1938 969 
2848 2826 3553 
1862 4958 1883 
4867 3126 381 
4080 4087 3378 
3141 911 2960 
2637 2445 1299 
4211 2461 3812 
1125 1404 1930 
4301 3187 4619 
4246 1824 898 
3291 4437 151 
2740 1061 2748 
1598 2452 2305 
785 2132 2839 
986 1564 2572 
367 1280 2472 
4022 4589 4499 
4797 2713 1660 
378 1074 1204 
108 4056 1583 
1896 2778 1459 
1290 416 3664 
2772 976 1762 
824 2763 4970 
3382 1244 961 
3267 2243 4395 
3458 2678 2886 
3596 4204 4889 
3186 408 2710 
2719 992 1532 
1180 1517 991 
3921 3872 3854 
1777 3188 1795 
1119 851 1848 
465 1997 1933 
3192 678 2436 
1108 2870 1145 
2520 2047 1020 
2747 3800 3346 
2060 2068 750 
1625 3126 946 
2495 885 3087 
424 4509 3845 
1266 1185 1240 
3761 1120 3793 
3788 1065 1060 
2640 204 1806 
1409 1757 2994 
4326 333 2106 
2386 1071 1253 
1094 2279 3380 
4966 4871 3873 
2556 1271 1395 
3034 4728 3374 
2695 1003 2593 
4673 1641 2788 
4521 1738 4972 
1196 3877 1148 
4388 3474 862 
3848 3905 1278 
332 2777 993 
375 1052 3106 
1325 1252 1945 
1257 2030 2229 
3492 1701 1649 
226 3435 245 
1260 2424 1217 
2907 4963 4762 
1866 2392 1065 
2263 1430 636 
177 4537 4544 
1595 1830 4291 
936 1586 2735 
1266 2055 1201 
2001 1243 971 
1534 3237 3327 
1266 1195 1185 
1556 3238 4826 
1236 2592 3796 
1759 1684 3589 
2096 2147 647 
2068 1789 750 
786 1467 2612 
356 4581 3987 
2157 1489 1160 
1143 3223 2311 
949 966 4177 
1981 1441 1489 
4399 3900 1265 
994 2563 2564 
1982 190 1755 
3292 3317 2568 
4702 3262 2782 
4678 914 4732 
3497 1281 4892 
594 1312 3677 
1488 1047 1324 
3878 4203 2281 
1467 2728 2612 
2541 408 3186 
2011 2916 872 
1013 1181 1273 
2507 1504 1445 
789 3759 4881 
484 4029 1052 
3721 917 4845 
1657 2778 1885 
1314 288 1341 
1783 3924 1425 
2046 1280 2551 
1156 3849 3854 
2043 4295 4264 
1602 1652 1950 
2753 1519 1110 
2960 148 3089 
970 972 882 
4840 880 3297 
3788 1866 1065 
1194 3837 1278 
3306 4934 2989 
795 4105 2194 
3882 1537 1343 
960 2920 2133 
3150 2415 4739 
167 986 2572 
1466 1824 4246 
3533 725 2834 
1351 816 3019 
1946 3685 1277 
105 4651 73 
366 1287 1455 
1323 1378 2224 
4379 1064 3929 
1557 2880 1012 
4950 4831 2407 
4043 5033 539 
4399 3877 1349 
1391 3373 2557 
4048 3659 2265 
2456 1978 3074 
845 2745 2780 
148 2960 4312 
1346 1935 3100 
1359 3713 1406 
2553 2974 4625 
3694 3501 1912 
2132 785 729 
2097 1210 1806 
1184 1381 1343 
1783 3877 3925 
4597 4861 4443 
2979 4722 1857 
1247 1175 1653 
1080 4978 4414 
1367 2487 940 
978 4424 3799 
1027 3054 2447 
1280 204 3079 
3063 4253 875 
1923 2334 1852 
1811 1861 1715 
256 4651 3999 
2885 1744 2796 
2895 4371 2298 
2641 2030 1218 
167 2037 2076 
4047 3724 3678 
3846 1838 991 
3872 1156 3854 
1310 329 1368 
2689 842 1507 
1027 1876 1460 
959 1643 1512 
3490 4037 2271 
4941 417 2615 
4799 951 2855 
2434 1354 4345 
980 932 1961 
989 3270 392 
364 4830 1113 
1780 4567 3808 
4651 2236 73 
1098 2299 2331 
4162 3294 4044 
1200 3757 4845 
583 3099 1028 
4846 4152 1179 
1274 3795 2751 
102 4596 4250 
3099 1150 1028 
3857 892 4002 
1412 1749 2694 
1537 1184 1343 
1837 1076 1186 
4624 3468 2405 
2091 2310 2049 
972 1478 1031 
1334 890 1812 
3427 2025 3610 
1901 1451 2581 
854 2579 4755 
4458 3996 209 
775 1413 2531 
2217 2202 2767 
1468 2591 3179 
2617 1024 4805 
4538 2248 2628 
3507 3210 3906 
3426 972 1031 
4975 1977 382 
1037 4765 2358 
959 895 900 
911 3751 4312 
2737 1855 1393 
2919 1105 3088 
4164 773 2399 
3082 3474 4350 
4581 356 1775 
2480 690 1056 
1897 853 2700 
4041 4313 229 
1824 1477 2700 
2647 895 2459 
1171 2697 3656 
1123 1133 3195 
2480 2041 2444 
1262 1990 1580 
3882 3775 1157 
1259 2161 1990 
2683 1572 2961 
3917 3618 3828 
4782 368 1690 
2567 1093 2071 
1441 295 1489 
3829 2890 991 
2812 2117 2100 
2095 1616 1758 
1103 2292 2871 
3211 3222 5014 
2913 3640 603 
3348 4760 2733 
1338 683 4982 
1402 1189 2129 
439 4807 440 
1483 513 4233 
2120 1192 2348 
3282 3272 996 
223 4783 3982 
1742 1121 4843 
1087 1036 1044 
2697 1171 1763 
554 3949 3922 
1290 1307 3543 
1929 4877 1405 
2728 1467 748 
1303 1336 2333 
3109 1030 2494 
175 4462 3438 
1018 2533 2412 
690 3158 1056 
301 1428 2798 
1318 364 1907 
921 1536 1020 
3924 321 4304 
3257 2307 4943 
4244 2468 2314 
2452 1598 2177 
490 3035 3632 
1415 1411 1355 
2315 2611 4813 
2179 4694 2136 
3623 877 780 
951 995 2855 
1924 834 3612 
1930 2587 3787 
3246 2959 2391 
921 2047 1533 
1193 1197 5018 
3186 2869 393 
1200 917 2119 
2762 1875 1055 
3680 1290 3543 
2281 3810 1631 
968 1507 2814 
1917 1989 1807 
2799 2255 835 
1175 1247 3855 
2372 605 2348 
992 948 1532 
4697 4802 4129 
631 4702 3513 
2933 931 3215 
3872 1196 1421 
2127 1274 2706 
3449 1932 387 
5005 1084 1580 
1732 1505 1688 
533 1221 2039 
1267 1044 1014 
1342 3597 1400 
882 3661 970 
417 1465 2544 
4978 1080 1988 
3509 913 4707 
3669 3650 1262 
901 4975 1999 
2903 2599 2290 
2385 4095 1246 
1143 3934 2209 
1855 2737 780 
983 752 1948 
1269 1304 2127 
2326 2975 1279 
1036 1180 1022 
1287 3345 1455 
687 3196 1688 
411 1452 1351 
4023 962 3353 
2491 1557 1012 
4319 1117 1250 
938 4046 4735 
3797 1078 4661 
4384 1434 4372 
3434 4908 2503 
2231 2188 1151 
2166 1602 1950 
1932 4494 387 
1358 3229 1109 
1493 288 2289 
577 1445 3156 
1046 1156 1421 
2231 2955 1286 
1840 2580 2969 
2176 2231 1151 
4903 921 1533 
2635 3246 3173 
3469 2452 2442 
2863 3262 3530 
2212 945 4811 
74 4221 3656 
2819 2279 2817 
4746 1385 3384 
565 564 3251 
3930 2577 3982 
3321 868 4601 
3739 1059 582 
2471 2131 2813 
2548 2584 2031 
3253 2211 3852 
1843 4277 1035 
1658 3956 3510 
1176 1175 1183 
2003 2231 1286 
776 2912 1585 
2789 3345 1248 
2309 4640 1560 
2346 4751 2137 
1416 815 363 
2519 2605 1352 
3438 2210 3980 
3439 885 856 
2105 3559 1127 
1940 2222 2784 
2297 292 3168 
873 1741 2036 
1342 3791 4141 
2824 1637 768 
1213 3167 2013 
3659 4004 4781 
852 3950 3979 
2671 1003 3273 
2452 3469 2305 
2760 3926 1336 
4394 3700 4726 
1598 2702 1633 
4424 978 2706 
2147 2606 647 
2521 1178 4 
3040 3470 114 
3194 3151 4466 
1131 5013 1049 
3807 2499 1068 
724 723 4272 
1865 1699 1735 
4677 2535 1019 
2317 3320 3934 
829 849 1969 
3322 877 3623 
3176 1488 1324 
1685 2287 4487 
1140 3069 2388 
1198 2592 1369 
3930 2455 1208 
1051 3816 1716 
2448 1182 2118 
1359 1189 1894 
2380 2126 1202 
2231 2176 720 
1370 2141 4235 
974 189 4787 
1176 1347 1125 
3629 4837 431 
1320 3603 5034 
482 4472 483 
1865 3549 4491 
4943 3314 1448 
2307 3314 4943 
3534 4505 841 
2473 2080 1571 
4847 834 4208 
1859 3311 1149 
3300 1311 1799 
2650 3351 982 
4024 2252 1128 
4715 2124 2798 
2787 4855 1666 
3453 2716 650 
2435 4245 2324 
1105 2991 2867 
3583 1477 4960 
4779 2368 2304 
4187 1212 2116 
1818 2036 3507 
4883 3540 3094 
3229 1358 1075 
1398 1288 1228 
2071 1673 2567 
1592 1574 2765 
1358 886 1075 
1682 889 3852 
2644 3333 1619 
4055 369 841 
843 3086 3981 
3376 870 4557 
3478 1797 2622 
743 361 1455 
2575 854 4755 
3419 858 2267 
1230 3392 3413 
769 344 1344 
937 2233 1135 
3051 1886 3036 
1029 1120 3738 
1856 3481 2989 
1755 1860 3118 
2297 3168 1558 
449 3859 4718 
1292 1313 1159 
3408 3057 1123 
3913 3890 4654 
4461 3082 4350 
369 4055 4022 
3339 1678 2854 
3383 3441 2099 
3973 543 4937 
2777 2316 993 
1444 2612 2544 
3823 1211 4674 
1244 919 2488 
3515 3128 1085 
737 3874 4654 
3052 3642 2420 
1314 389 998 
2232 1640 1750 
2252 3983 1128 
1328 1185 1195 
976 3417 1762 
1326 2248 2291 
1439 961 906 
1195 3500 1328 
3299 1869 1767 
4222 1798 3622 
1293 2812 2100 
2883 1514 2034 
1776 4727 2050 
3309 1290 3664 
4439 3984 2111 
2122 4347 2004 
1033 4627 1826 
2047 160 673 
47 4359 4127 
2334 1923 1982 
2890 915 991 
1915 1514 860 
2577 2468 3754 
1931 1346 1333 
4003 2659 973 
1189 1359 1406 
4953 853 1437 
5008 4752 3335 
2997 731 2949 
2979 1480 3172 
4370 4457 2492 
3584 777 1164 
1316 2298 1254 
3606 2686 3901 
3071 564 3908 
4670 1502 2654 
3737 1046 1421 
1736 3621 3593 
2618 3266 1443 
205 2195 1110 
3540 4883 823 
1311 1947 4425 
4167 4244 4668 
922 3045 3541 
1964 3542 2839 
564 3071 3251 
2671 4817 2593 
1244 906 961 
1097 4195 2638 
838 188 4049 
367 192 2551 
2923 766 1986 
1047 2389 1068 
652 3546 653 
4840 1257 4125 
4811 3044 2212 
4614 1787 1363 
3877 1783 1148 
2903 1442 2599 
4754 2705 63 
4343 4575 4038 
4974 3451 3488 
1267 951 2738 
3925 3924 1783 
866 3363 2891 
3891 1231 3236 
2228 2636 3605 
2036 1243 873 
2347 2566 2100 
2633 795 3455 
3661 1439 906 
4467 4940 4893 
4014 3954 1551 
3265 1494 2168 
1456 3420 2911 
2151 3515 1085 
1096 3751 2112 
2378 2401 2420 
3687 1895 1241 
1511 2734 3350 
3426 2340 882 
3874 737 3637 
3893 3353 2859 
938 2410 759 
4191 4484 119 
3054 825 2447 
964 1695 1214 
1469 1801 2458 
4523 1456 2638 
3600 500 499 
795 2633 2364 
1180 1036 1198 
3846 3775 3712 
4623 69 4154 
1977 901 1969 
4318 3669 1407 
2171 45 4518 
1460 1491 1027 
2570 4697 4443 
3955 4674 3929 
3188 2422 4731 
2396 1850 2373 
1100 1184 1009 
769 326 344 
3603 1320 1325 
2225 1419 4153 
4151 3034 3374 
1051 2329 1306 
3105 1027 2447 
1838 3829 991 
2884 3465 3011 
2443 3626 3579 
761 3946 3716 
2607 4381 1363 
1339 1918 1943 
2874 2576 762 
3695 3624 3495 
1057 2478 4049 
2468 157 3754 
4967 1542 1786 
1813 2173 2945 
1219 987 970 
2316 104 993 
2173 1813 615 
3187 4301 3989 
1444 1111 2089 
1668 1931 1333 
4338 3411 4334 
161 1665 4822 
1444 786 2612 
2701 3918 1814 
4167 3519 157 
1247 3887 3855 
1115 2271 142 
3483 2115 3368 
3078 2351 2058 
4295 1379 2780 
864 4788 4545 
3568 3441 3077 
2799 835 4169 
1101 4754 1138 
2310 1315 2049 
3138 3270 989 
2066 3898 3901 
3628 4812 2167 
1175 1100 1183 
4604 4609 3800 
1378 2381 2373 
2081 1741 805 
3308 4741 1968 
1327 1610 3480 
2732 1723 3586 
1896 2395 3733 
3874 3637 770 
2469 2633 3455 
2074 3587 5021 
1383 287 3489 
4215 3012 2026 
1345 2928 2959 
189 2427 2411 
1378 1323 1395 
1269 1065 3801 
1919 2696 3536 
985 2534 1426 
1621 4220 410 
2854 964 2623 
1266 1240 2224 
903 1327 1231 
1307 1905 3543 
2147 1139 2208 
2571 2425 1408 
4179 3860 4307 
1181 1013 2336 
1390 3519 3400 
5020 2179 2136 
4450 1819 1815 
1285 1977 2739 
2626 1811 869 
2587 1319 3787 
1903 1740 1446 
2658 659 4503 
3300 243 2018 
2499 1047 1068 
3821 1404 1844 
3478 2930 385 
4885 2027 4166 
1010 2973 2814 
494 909 3636 
1102 2863 3530 
2745 1474 1101 
1732 1688 1698 
4252 3505 4938 
3628 2946 3539 
288 3093 2289 
1181 2664 3330 
3521 2322 2220 
2054 4767 1526 
3790 3615 3811 
1741 873 805 
1004 1663 1573 
2708 3940 3038 
3162 689 2446 
2541 3186 393 
2006 1463 360 
2746 1098 2331 
2511 2383 2442 
4763 1218 2846 
4461 3194 3127 
2205 1590 650 
4163 3626 1980 
1327 903 2238 
1594 161 4822 
74 1490 273 
3536 2022 3245 
3802 4703 4718 
1256 4577 3166 
3033 3609 1883 
1144 2191 1187 
2705 4754 1101 
1673 2071 2073 
3783 3329 4636 
3347 3408 1123 
2604 15 4699 
4187 2580 856 
3361 3104 1702 
2086 1919 3245 
2010 3844 4310 
4415 2860 1375 
670 2589 2087 
2419 1193 5018 
1626 2763 794 
4428 3373 2482 
1194 3905 3981 
415 2687 3302 
2873 792 1072 
3101 2431 3042 
4090 1898 1246 
2476 3261 940 
2055 1174 1201 
712 3984 4378 
1743 1714 2031 
1189 1402 1894 
3765 2322 4475 
2062 3170 3743 
4548 782 3630 
3827 2455 2180 
3860 4179 1035 
419 298 334 
1967 1335 1337 
2872 1358 1109 
2941 3885 2172 
1736 1480 1922 
3714 3568 297 
2579 2287 3182 
1424 2890 2836 
4697 1501 4443 
1070 3876 3887 
4185 4171 2153 
1565 2545 3531 
4249 3820 2398 
2140 2705 2786 
3757 1200 3107 
3526 4088 521 
945 3343 4811 
2616 2275 4672 
1534 807 2646 
3516 839 860 
2182 2190 1216 
2022 1840 2969 
1708 295 2572 
3470 4521 4922 
4308 840 3482 
2452 2674 2442 
796 2400 268 
2192 3257 4943 
2883 1493 2289 
3188 1489 904 
1297 1671 3402 
3955 1064 1576 
4361 489 4422 
4609 3792 3312 
3283 1959 2078 
3747 1119 1871 
4264 1095 2781 
4820 1611 1523 
353 141 3711 
1890 2001 971 
4147 519 518 
1730 1842 2206 
3857 1858 892 
2409 2532 3023 
3420 3379 2527 
1667 1507 842 
1911 2650 982 
1137 1702 1672 
1929 1405 1425 
1396 2674 2888 
4948 3198 3234 
1778 2369 4417 
1372 1161 1374 
927 837 4650 
1504 2389 1159 
1294 3587 2917 
1401 21 4110 
4567 1780 1573 
947 1747 3201 
752 1854 1948 
1095 3466 2781 
4911 3867 4910 
1787 4134 1363 
1954 2731 1393 
1884 777 4055 
2426 1061 2391 
2877 2306 2773 
2849 2438 3245 
2489 1372 1374 
1260 2683 2495 
4131 3361 875 
1588 1951 1642 
4096 104 2196 
1118 1264 2477 
2406 1062 343 
830 2595 503 
2937 939 2270 
419 1667 842 
2976 1693 3201 
2932 687 1688 
2124 4715 1562 
3759 4229 2526 
4868 2483 1696 
2000 1181 3330 
3676 1268 4784 
2656 3867 235 
1517 1369 1157 
4411 4400 3749 
1213 4401 4409 
4513 3015 73 
2287 2862 3182 
2059 1221 2694 
3383 1037 2358 
2950 1054 3005 
2236 4651 4932 
1572 2683 396 
4031 3363 866 
1367 1901 2581 
3648 3868 3944 
648 2606 2670 
4633 4097 209 
1788 843 3773 
795 1371 3455 
3351 540 982 
2109 3143 1907 
4682 1118 2477 
3015 3395 73 
2297 2779 2551 
3628 613 5031 
399 389 3019 
1258 1718 4822 
2763 3005 4970 
1502 1540 2654 
2383 2392 4452 
1718 1258 1734 
1435 1091 1348 
3500 1195 1201 
2175 1152 3570 
3664 416 3942 
4640 1040 1560 
3644 3791 1963 
2950 1137 240 
2608 262 800 
4404 814 342 
4056 65 1583 
890 1334 1228 
4953 1446 853 
3164 976 1795 
1524 1436 1872 
383 1487 225 
2689 968 5017 
3301 893 1042 
3105 3777 1876 
1718 1594 4822 
2554 1062 2980 
1147 2233 2128 
1604 1863 685 
2708 3272 3927 
1147 3316 1135 
2237 2024 1277 
1621 1520 1739 
863 1092 4328 
3744 327 3152 
891 1572 396 
4069 166 2492 
2809 1057 1870 
1821 1891 1568 
1528 1482 1827 
839 1915 860 
735 2920 1569 
1490 2550 273 
3257 2192 1114 
1779 2843 2704 
2042 4607 2947 
2930 732 1943 
2702 1598 2305 
939 2935 2270 
2645 1567 895 
2191 2831 1187 
1188 2826 1962 
669 955 4355 
920 3142 3415 
2560 1411 2840 
3683 888 3305 
1515 1414 1457 
4903 362 3781 
1901 1367 4361 
1702 383 1672 
3627 85 4803 
1045 1010 2814 
1432 1419 993 
771 1852 1966 
4165 64 4391 
1600 3631 1786 
2954 3869 2634 
3039 905 1166 
2955 2231 720 
1891 1821 1669 
4221 422 1263 
1878 2371 805 
1033 4067 4952 
1002 1230 3413 
2230 3055 4729 
2636 2228 2224 
3076 1224 1252 
4242 4279 91 
3395 3015 718 
2476 3035 3261 
3788 1107 1031 
4751 1884 1364 
3713 3641 1406 
1704 784 2758 
1990 5005 1580 
2487 1367 333 
1686 975 4714 
1243 2036 971 
4820 63 4859 
4438 4751 1364 
2275 2030 1257 
3903 4014 1551 
2540 2642 2121 
3707 4522 2990 
1091 1414 3120 
1606 1525 1122 
4916 3295 1634 
2750 1177 4825 
3111 886 1768 
4838 3899 1116 
1593 1648 374 
4225 1483 4233 
2533 2858 2412 
1497 4274 3964 
1153 2761 1914 
1523 4294 1994 
330 1692 1634 
2923 1646 1712 
1623 1317 1448 
3046 5000 2446 
1221 2059 1972 
2299 1315 2331 
746 1687 1305 
2909 2160 1284 
3161 3225 3096 
1831 2805 2850 
2923 1712 377 
1473 2389 3463 
2415 3150 912 
4013 1771 4303 
531 4797 1753 
4754 4642 1138 
4382 4093 433 
26 695 3733 
2415 4444 4739 
1606 1589 1479 
310 1646 2909 
2885 529 2805 
604 3183 1163 
1720 881 4699 
1687 2631 1305 
1876 2750 1460 
3549 3127 908 
4059 4016 3387 
2101 2776 4340 
3238 1526 4767 
2119 1451 3107 
1847 1355 2560 
4115 3340 3328 
1174 1850 846 
1675 1627 826 
1026 1588 2007 
2856 2870 627 
826 2710 1645 
1766 1604 1991 
511 984 2894 
1624 4046 1713 
863 2223 4740 
1230 1002 4423 
3222 3866 3870 
2809 4046 1662 
3435 2440 245 
3927 3272 3931 
2650 1911 2624 
1783 1425 3169 
3282 2725 1814 
1088 1769 1300 
311 3049 4844 
2349 4812 270 
2260 4620 379 
1750 1661 1775 
2513 3001 4613 
2236 4513 73 
4611 2095 1958 
237 3503 1234 
1744 1820 2816 
760 173 3517 
3395 3125 105 
2052 2753 1110 
4782 2532 368 
2929 4313 943 
2337 1618 1510 
4192 2595 4311 
295 1521 1489 
1536 1026 1020 
3127 3194 908 
966 949 2810 
2264 2731 1952 
3825 4902 3944 
772 3486 4991 
3546 3403 2448 
4768 3242 1635 
3994 4438 1364 
216 1614 3114 
169 405 244 
3017 304 1649 
1614 789 3114 
716 4462 1719 
4154 69 4772 
4039 3883 4112 
4356 108 1583 
1485 2862 307 
3303 1203 763 
340 1626 254 
149 219 307 
754 4727 299 
2823 140 2344 
2874 2929 2478 
1182 2154 2118 
1781 2397 4687 
797 1693 14 
3485 437 3564 
2241 4916 4584 
3772 792 1587 
3578 413 373 
2650 1764 2614 
284 84 1418 
1646 822 1712 
4793 3747 3248 
1764 983 3864 
824 306 794 
95 101 89 
2330 267 4647 
368 2532 153 
807 2510 212 
2148 3333 2644 
1178 4987 4 
2014 711 1670 
2301 792 72 
1747 947 1544 
1784 2783 35 
4623 139 4556 
2637 196 218 
408 791 1645 
1985 58 291 
1518 1383 2497 
2199 1975 2021 
4949 1594 741 
1057 188 1870 
1709 76 134 
1099 1985 291 
1474 4808 1101 
1245 1283 3000 
1646 2923 934 
1227 4797 1660 
4558 966 2810 
3417 1529 1510 
1668 4690 1751 
3213 574 2583 
3001 2440 4613 
3652 1640 4177 
1209 2067 1991 
1489 1521 904 
772 3209 2649 
188 1057 4049 
2361 2755 3235 
1756 4160 2815 
4662 258 105 
1018 2517 205 
3861 3814 3773 
963 1992 3197 
1521 1708 3410 
1423 1802 1568 
286 1045 1836 
2334 2259 2002 
1700 4723 5003 
1384 5016 1989 
2398 3820 3664 
3188 1644 1795 
1640 2232 2235 
1644 3164 1795 
1514 2044 860 
4543 117 2629 
3485 2368 1560 
4670 3422 3561 
1088 2926 1215 
992 510 4369 
144 1500 4617 
1641 4673 2393 
933 1469 3863 
2292 1103 1883 
4758 1674 239 
2067 1766 1991 
1888 3445 3541 
3067 585 3672 
739 1683 2874 
3624 3695 3547 
838 2663 4735 
2935 939 620 
1519 2753 1469 
469 5007 1495 
3600 3051 3036 
1073 4316 3786 
3669 4318 3597 
2025 1004 1802 
1812 1656 2333 
1820 1744 1727 
3125 4662 105 
2865 4514 3573 
3031 4244 2314 
3665 1895 1275 
1623 3314 2729 
3542 4579 2839 
4162 3767 3294 
2249 2210 715 
4785 1831 2850 
2248 1326 2628 
2211 1682 3852 
2413 1744 2816 
2368 2309 1560 
1891 1423 1568 
397 2421 2513 
3392 2295 3413 
2782 2863 2229 
4725 958 2847 
4410 2322 1306 
1106 1972 1817 
2788 1620 2784 
1282 2856 626 
4975 190 1999 
4401 1213 2013 
760 4782 1690 
4295 2043 1379 
1525 1606 546 
2690 1097 1186 
760 1737 4786 
2877 3554 953 
4549 4432 5004 
2203 3102 1751 
2691 2473 1571 
683 2504 4982 
4780 4196 433 
1660 831 2816 
2053 419 842 
188 838 4735 
2998 4052 2497 
2034 1514 1906 
1084 1282 1962 
2440 3001 2433 
2103 3817 3746 
523 4092 4736 
3057 916 3415 
4634 600 3616 
2874 2478 2576 
1152 2175 4657 
1529 3417 2145 
4509 59 3845 
3237 1534 3023 
3730 3995 3917 
2102 4641 889 
920 2991 2201 
2279 2819 3380 
3534 1789 808 
2971 4594 1491 
1317 1623 4072 
4703 3802 3365 
3164 4525 3417 
1744 2885 1727 
1161 1372 863 
1162 662 812 
1382 1316 1934 
1224 3076 3677 
1218 2616 2846 
1490 74 3656 
1706 1669 1821 
2848 4801 967 
1081 4751 2346 
1788 3608 4287 
1132 975 3509 
1691 1707 351 
3574 4325 4327 
2410 938 4735 
2473 959 1512 
4994 1574 1822 
4679 3010 2684 
2278 2602 1073 
3340 1748 3328 
4771 284 4353 
1438 1257 2229 
2478 1057 2576 
2510 807 3327 
4435 487 3613 
1299 1707 4497 
2000 2822 1273 
3417 1510 1762 
3299 1589 2718 
1839 3292 2568 
3578 1683 388 
1888 884 3315 
3260 4331 423 
1805 4176 883 
2332 2789 1248 
2817 2279 1654 
3314 1623 1448 
960 1865 4491 
382 1285 4995 
4831 4715 2407 
83 78 418 
4965 964 2050 
3382 1783 3169 
914 2722 4732 
3608 1788 3773 
3846 3790 1838 
3102 1620 1751 
3033 1385 4746 
1869 1803 1767 
1155 3785 2462 
4446 3439 4506 
113 3322 4563 
4016 2711 2039 
2301 206 1072 
2643 4570 1454 
284 4771 2344 
1566 5016 1049 
2256 876 3353 
1900 2977 2806 
989 2200 4445 
3026 4325 2840 
3601 3500 907 
1774 833 2142 
4525 4588 3237 
1764 3160 2614 
3882 1381 1631 
1803 548 1767 
1862 1595 4054 
4804 2192 1498 
933 2513 4613 
1834 2222 705 
3525 2068 4528 
954 2610 4843 
4241 2929 943 
4653 4206 4862 
327 465 1933 
1878 4962 1920 
793 1807 3579 
4036 3354 4051 
1542 3745 1786 
2228 2562 1395 
4611 771 2365 
1227 2854 1678 
2408 4030 2585 
1209 5012 2178 
2096 1846 2215 
1081 1426 1164 
527 4080 4082 
3924 1929 1425 
3728 239 1251 
1081 2824 1426 
1383 3489 2497 
2534 1366 1426 
1482 3768 1827 
3142 1133 1123 
1192 2970 2348 
752 1911 1914 
2631 1687 1908 
1790 3652 4142 
3704 3641 3713 
1304 2511 2460 
3421 4817 1546 
1789 2068 808 
3936 1862 3609 
1764 2650 2624 
4313 4353 2585 
4538 4733 4849 
1323 2228 1395 
89 2291 3268 
4994 4925 4736 
890 4630 1774 
2590 2818 4870 
4349 18 4893 
92 4227 4601 
3133 4390 4333 
2946 2138 3539 
1547 65 1515 
5007 2082 1495 
2956 2105 2277 
1977 1285 382 
3835 421 3740 
1034 740 2358 
1545 3813 4322 
1002 2936 4423 
2030 2275 1218 
4246 3582 1761 
1121 1742 2094 
4068 1729 1728 
993 4096 1432 
4159 1388 4497 
538 3409 4050 
4241 4289 2478 
497 4325 3575 
4282 1581 3473 
3879 567 3894 
2213 4294 2767 
190 1860 1755 
1556 4788 916 
4751 1081 1164 
4321 859 3161 
3654 4900 4251 
1152 2547 2524 
4586 463 462 
2098 661 3341 
3332 861 3633 
2351 3078 3006 
4763 4702 2641 
2682 879 1613 
4364 1205 4255 
3957 897 370 
2461 1653 3812 
997 994 2564 
1899 3287 734 
3160 4415 2614 
2705 4894 63 
3383 4749 1037 
4812 2159 2167 
3807 576 2769 
1404 1125 1844 
3108 148 4553 
4777 4296 1432 
2661 2600 1531 
2820 1664 514 
985 2824 768 
4652 4621 2110 
4366 3792 458 
1850 2396 1796 
3373 1391 2212 
1150 4320 2149 
1789 3534 4833 
834 2876 3612 
4879 1918 3538 
1326 2214 1635 
3005 3361 2950 
412 2727 2758 
1787 4614 3646 
3666 4521 4972 
1699 1865 2133 
1635 330 2628 
996 2695 2725 
4037 142 2271 
3421 2695 2593 
606 2372 2250 
1567 2645 1122 
2369 1778 4742 
357 2032 684 
929 613 2167 
967 1407 2163 
2150 2181 4873 
4415 398 2614 
2025 1802 3610 
412 10 54 
2716 3453 2670 
3683 4332 4385 
2869 2977 1830 
3591 3026 3051 
3492 2241 372 
1308 1944 4857 
3798 4265 3259 
4126 4639 4568 
1915 1674 1906 
886 3111 1075 
1403 1319 1653 
2695 3421 2725 
20 3249 4800 
4684 4939 950 
4229 117 4590 
1704 2481 391 
1161 4905 4825 
1059 3099 3735 
804 2152 3594 
1004 8 1802 
4365 4265 4581 
1955 3124 1330 
1161 863 4740 
1849 1582 1427 
2139 2540 2121 
744 2338 4618 
4659 3755 944 
1392 2135 4469 
4904 3434 1082 
2306 2293 2773 
4828 4144 4779 
2714 3027 3199 
4566 888 467 
2095 1898 1220 
1658 1773 3970 
3354 3409 4051 
3544 628 3537 
4592 1542 1841 
2857 2554 2980 
2966 1303 2333 
886 4257 2983 
2482 3827 1953 
3044 2707 1208 
3813 1545 3614 
3708 1546 4222 
3248 3270 4508 
2833 847 3387 
128 3721 4845 
622 2914 4961 
3956 1470 3510 
1868 4656 1417 
2844 4793 4508 
3064 3351 2614 
3574 2560 2840 
3557 624 3461 
2232 1750 1782 
1739 1582 1621 
3625 1415 1356 
4144 2309 4779 
3693 4583 3305 
4218 3194 4350 
3409 2797 3380 
1139 958 2208 
1303 2326 1279 
1960 3503 1251 
4470 4035 3607 
2381 1271 1253 
2080 2473 1512 
1193 1310 1197 
4174 4571 999 
2595 4192 1903 
2072 1206 2450 
3127 3549 1735 
4882 3645 1220 
1837 1097 2638 
1868 3778 3048 
2980 1998 1368 
8 1004 1573 
4346 3456 4094 
1076 1837 2911 
2434 1334 1354 
3167 4541 1495 
2868 2665 291 
3867 2656 4910 
4056 4917 4580 
2382 2380 2341 
1415 1956 1356 
2954 262 1587 
2930 3478 2622 
3109 3904 2660 
1824 1740 898 
4598 1857 4762 
1076 1591 1186 
824 2294 306 
927 3489 3437 
2525 1743 994 
1411 3026 2840 
492 3529 3646 
131 1778 4417 
321 3924 4354 
793 4813 4708 
897 936 926 
3361 3063 875 
1078 3797 2598 
3915 3770 3977 
1616 4611 2216 
1852 894 1966 
4128 2121 4431 
1784 4603 1544 
3126 4219 3255 
4809 1130 1481 
1147 3312 3316 
2080 1586 1571 
2485 789 4881 
4633 3456 4346 
3106 4472 4489 
4263 4846 1810 
1902 5019 999 
3253 3329 2251 
1289 606 2250 
2082 5007 4385 
752 983 2624 
4878 2671 4712 
1633 1168 1605 
3110 3113 1337 
2954 2634 800 
2845 2560 3571 
2873 2954 1587 
2950 3361 1702 
1275 1895 3463 
1837 1456 2911 
2449 3190 3630 
4043 3385 2817 
1224 2024 1945 
1622 2319 2931 
1150 2321 1028 
2046 348 3896 
2550 3260 273 
3481 4231 2989 
2691 1632 2459 
1564 986 1638 
345 4851 4852 
2272 1144 1187 
2820 4184 1664 
2779 2046 2551 
2766 2521 3602 
2163 2848 967 
2498 3318 550 
1834 2242 2739 
1977 849 2739 
1875 4611 1055 
1813 3588 615 
4804 3857 1122 
1935 2264 3100 
1833 1486 1965 
2522 3563 2539 
2877 622 4961 
4092 2896 4736 
2032 1604 685 
28 4690 1333 
4315 1747 4603 
4894 4859 63 
3110 3091 485 
1757 1409 1291 
2395 4090 1246 
2264 1935 2693 
1404 2587 1930 
2797 1094 3380 
4131 4253 3472 
3064 398 371 
1282 3562 1962 
3911 3153 2342 
4372 1861 3706 
4675 2822 3330 
2737 2790 780 
1192 2120 1202 
1469 933 1801 
3119 525 524 
2040 2976 3201 
2826 2848 2163 
4315 4632 3201 
1998 4174 999 
1935 1346 4554 
2742 1759 3589 
727 2155 2996 
3196 1698 1688 
2184 4649 1114 
1877 2069 1987 
1261 2536 2071 
2272 1322 2270 
1394 1013 2489 
355 3104 3149 
903 4317 2238 
2156 4332 3305 
3028 2062 3743 
1370 2678 3458 
669 3283 2078 
721 2188 2226 
4229 405 2526 
838 2240 2663 
1724 4464 820 
1222 2351 3006 
1932 3449 2155 
2517 1018 2412 
3641 2390 1406 
3138 2858 4490 
4971 2522 2539 
1760 4794 3002 
266 4761 4684 
4934 1856 2989 
3239 2740 1772 
4106 2040 4070 
893 2566 1042 
1816 695 956 
2665 2868 4276 
4794 2040 3002 
4148 2183 2965 
1372 1273 1092 
4890 3331 4973 
2422 3446 2871 
2734 2821 3350 
4989 1271 4843 
1850 1174 2373 
3487 4106 4070 
2677 2370 1757 
3124 3698 2149 
2065 2369 3818 
3149 3104 3832 
3685 1242 2699 
2135 4657 4469 
145 3024 4025 
1004 2025 4072 
1557 798 3149 
4383 441 440 
2791 2124 2189 
1192 2126 1294 
3816 3521 1716 
2626 2820 2682 
2098 2620 1779 
4052 2998 3264 
828 2916 4876 
1590 2205 651 
2976 2040 2465 
3130 1074 1639 
3852 4641 4636 
3317 2540 2568 
3608 2280 1887 
1677 858 3419 
3056 3647 3107 
1749 2059 2694 
667 3292 668 
2567 2578 2178 
1407 1262 1580 
4017 3572 1270 
3836 4224 2143 
3638 3490 3447 
1949 1168 3088 
1918 2930 1943 
310 2909 1284 
1974 4016 2039 
2090 3269 3277 
1103 3033 1883 
1431 2042 2947 
4171 2324 2153 
1959 4118 2078 
1604 3040 114 
1154 4370 2529 
2032 2470 684 
1120 1029 3826 
375 1967 1337 
2793 3883 1636 
964 2854 2050 
2605 3414 1352 
1846 2096 646 
2308 2285 176 
916 3057 1556 
1620 3102 1940 
2778 1816 1885 
4968 2082 2156 
3417 4525 4786 
3526 1804 2765 
2620 660 4526 
1689 796 2465 
2268 1430 635 
1990 1108 1145 
2217 1611 4933 
1114 4804 2184 
1185 913 1240 
3759 789 2629 
1227 1678 1753 
36 4693 2887 
3997 1539 3037 
1335 3110 1337 
4814 1384 1989 
1352 3948 3943 
143 1624 1713 
2600 3224 2591 
1456 1837 2638 
3984 4439 255 
3345 1287 1248 
2230 1979 2246 
3177 2207 524 
2056 4151 1276 
3136 378 1204 
1740 1824 2700 
1027 3105 1876 
3809 1034 4765 
1824 1466 4960 
3498 836 3853 
1144 2935 620 
1401 3520 409 
4225 879 2682 
3150 3611 912 
3949 554 553 
1663 1623 2729 
538 537 4051 
1086 4186 3037 
2296 353 3711 
2664 1181 896 
1076 2416 2182 
1609 1835 3261 
4719 2118 2154 
1320 2428 1325 
2193 2726 2759 
4219 4220 3063 
3406 2189 1562 
4616 1414 4580 
2545 2467 3087 
172 4057 4557 
876 4293 3353 
2285 2308 2689 
861 3332 4363 
4186 1086 2969 
3266 3008 1443 
2067 2578 1738 
1026 2520 1020 
4905 3815 1460 
3010 4679 693 
3525 4505 808 
3071 2609 3251 
873 1243 2379 
3098 584 3145 
4820 1377 3476 
1401 1947 3349 
4602 4929 1887 
1411 2560 1355 
2580 4187 2969 
1552 4634 3616 
4586 3342 3776 
3151 3194 3976 
3417 1737 2145 
1604 1766 3040 
4253 4131 875 
4336 2296 3711 
1773 2252 3970 
3349 3444 4572 
1409 2679 1827 
710 4743 1928 
59 4908 1530 
2310 2091 1279 
963 3198 2072 
937 2102 889 
4631 3601 907 
2586 2656 1842 
2536 2502 2073 
3954 2523 1576 
3198 3249 2072 
1539 3997 2849 
2730 1413 1453 
1798 1643 3622 
2283 1036 1022 
3485 1040 4018 
4697 1880 1501 
3952 4185 2153 
3162 980 1056 
2791 1554 2528 
1840 2020 2828 
3034 4151 1508 
3647 3657 3107 
3031 4523 2638 
2696 1919 2339 
1267 1087 1044 
690 2480 3148 
315 2185 2332 
2424 1260 2495 
1142 1720 1711 
4524 4028 1711 
737 3719 4402 
1422 2268 4672 
1487 383 1702 
3727 901 1999 
2843 3945 2704 
2609 3071 973 
4360 2506 3701 
3881 3310 451 
4958 2292 1883 
868 3321 4339 
336 2160 2408 
3668 4722 4412 
2188 721 1151 
828 4128 4431 
4648 3783 4636 
1539 1086 3037 
4139 3644 1331 
3190 2064 3630 
792 2873 1587 
2352 401 1386 
4046 938 1713 
2438 2414 1207 
841 4505 1364 
2242 704 4995 
1032 2582 611 
2508 1162 812 
123 2121 821 
3178 3688 479 
117 2891 4590 
1682 2211 3749 
4506 3439 3250 
3038 3940 3922 
1206 3726 4973 
3907 565 3251 
905 3039 1636 
2535 4377 1019 
4634 2378 2420 
3487 4126 4568 
1184 1537 1009 
2946 2926 2138 
4778 1925 2704 
1597 3471 19 
2546 3263 2430 
3665 1859 1149 
3262 4702 3993 
4584 400 2360 
2116 4131 3472 
4628 4883 3094 
570 3866 571 
1549 2549 2564 
2970 2979 2250 
4945 1757 1291 
1174 2055 1378 
2939 2489 1374 
4035 4470 3200 
2162 3556 619 
2329 4410 1306 
4129 4868 3658 
3444 3349 2018 
740 1034 2335 
2696 2020 3536 
1431 1902 999 
4357 3921 3854 
1851 2259 1755 
4733 5009 4849 
2148 1864 3014 
176 4453 5010 
4900 1295 1330 
2942 3004 120 
2678 4795 2968 
785 1825 729 
2051 3581 41 
1390 3754 157 
2869 3186 2710 
1086 1539 3245 
2121 123 4431 
1141 2582 1215 
1656 1812 890 
3451 4290 3399 
909 493 3646 
1643 959 900 
3727 1923 1958 
4180 4149 2466 
389 1314 1341 
1539 2849 3245 
3635 4439 4060 
3489 927 2497 
3110 1335 3016 
3028 3838 2101 
3329 3253 4636 
1046 1029 3738 
1804 3526 3328 
877 3322 3722 
2959 3246 1345 
2256 4234 876 
1030 3109 2660 
2380 2382 1233 
2028 1033 1826 
2666 2673 2720 
402 2947 1427 
2820 2626 869 
664 2104 821 
1297 3460 1988 
2045 4224 4108 
2222 1940 705 
2916 828 4431 
2233 1147 1135 
3154 2726 2182 
2041 805 2444 
2550 1490 1957 
3878 2281 1631 
1791 1829 907 
4282 4228 2342 
885 3439 3087 
2423 3661 906 
3052 2401 3043 
3397 1123 3195 
4447 1339 1943 
286 775 2531 
1196 3737 1421 
1722 355 3149 
2599 1429 2908 
2565 4998 979 
2726 2703 2182 
2396 1041 1796 
2830 3639 1011 
3455 3289 2469 
1899 4388 862 
4821 3795 4792 
4392 4294 2213 
4749 4765 1037 
1047 2499 1324 
1765 2645 895 
1783 3382 1148 
723 1975 4272 
3869 930 4917 
1518 1593 374 
3514 2678 2968 
336 4692 82 
1074 378 1639 
1302 4802 4272 
3102 2203 706 
2571 243 1799 
2967 1548 2339 
4635 1673 2073 
4509 4099 2503 
847 4036 536 
962 4023 2143 
1315 2299 4706 
2546 3269 1550 
1714 2063 2031 
4463 486 3613 
4093 4382 2990 
2429 3236 1231 
2522 2596 3563 
655 3394 656 
2600 1468 3626 
4329 2378 5026 
1817 3332 3633 
2828 2020 2527 
1760 1665 3369 
2732 3586 3368 
3469 2417 2388 
2566 243 1408 
2218 4277 4655 
341 1655 3867 
711 18 1670 
3785 1155 578 
2616 633 2846 
3068 713 3724 
4734 3045 1443 
2010 4396 4454 
1054 2950 240 
2826 1084 1962 
3692 3643 477 
1092 863 1372 
2118 2169 2448 
1388 1908 4497 
2925 3301 1550 
1627 1675 4658 
2677 3879 3894 
933 2986 1801 
3048 2239 2574 
2141 3405 1976 
4914 4041 229 
948 3013 1532 
833 1774 4957 
671 2588 3240 
689 3174 2446 
703 1851 3118 
2527 3379 2828 
4611 2365 1055 
828 1925 4128 
4033 3460 4007 
4775 1904 1233 
4777 3404 4031 
3767 3337 2999 
3857 4804 1498 
3160 1764 3864 
674 3212 781 
1656 4451 2333 
2463 1511 3350 
3104 1487 1702 
2750 1130 1255 
4603 341 3867 
3092 3239 2377 
2772 1777 1795 
1905 3723 3543 
1388 3025 1908 
4178 3135 2940 
4257 2490 4748 
3154 2182 1216 
3770 2736 3977 
1410 2610 2146 
4605 4024 1128 
3361 3005 3063 
1221 1106 2039 
287 3230 3489 
3230 395 3489 
2667 1362 1234 
312 1555 1165 
992 2719 2353 
2967 2414 3477 
2120 3183 1202 
1030 2038 2494 
3986 3973 2729 
922 2479 3041 
1610 3756 3480 
4734 3008 4595 
976 3164 3417 
958 4725 91 
4656 4546 1417 
4227 92 2492 
2665 1099 291 
777 3584 4889 
1206 857 2450 
1507 1667 1836 
930 4160 4917 
2109 364 1113 
3904 3109 990 
4883 3603 823 
1389 3117 2897 
3010 2001 2684 
1897 3583 3036 
1373 3470 1698 
2020 2190 2527 
2658 1939 4526 
3092 2327 3475 
1307 3547 3612 
3039 1711 1636 
2818 4161 517 
2863 1102 2229 
4010 2012 2842 
4639 2931 4568 
1891 1669 2958 
1677 1173 1235 
2821 1133 2201 
4139 1116 1471 
1419 1432 4153 
2648 2179 3228 
2964 1090 2707 
4678 1212 4465 
1955 1295 2432 
2371 1878 1920 
1697 1578 2241 
886 1358 4842 
1309 3817 2103 
1462 3019 816 
3190 3401 3197 
2054 3514 2968 
2746 2159 874 
1399 2052 338 
784 412 2758 
3703 3078 2058 
831 2413 2816 
1280 367 2551 
3352 2174 2509 
1181 3771 896 
2472 1280 3079 
5033 2761 539 
1076 2703 1591 
4962 3010 693 
766 2923 377 
2308 2053 842 
3644 4681 4285 
1088 2138 2926 
1659 1577 591 
1926 3231 2701 
3555 2889 112 
428 3499 878 
2476 4262 3035 
819 3047 1276 
3572 1069 1270 
2193 2509 2174 
3634 2505 1496 
2093 4388 733 
1069 2486 1270 
1904 4775 2401 
4069 4721 4373 
2590 1543 1715 
777 1884 1164 
804 1614 290 
1322 1596 2270 
4907 128 4845 
1190 2565 979 
2202 645 2767 
2107 858 3146 
2743 4243 3433 
4057 172 4928 
3294 4100 4044 
3929 1211 3989 
2293 4318 2672 
1987 3144 4529 
3393 1854 1914 
2264 390 3081 
2588 1190 3240 
2687 2302 2158 
1798 2080 1512 
1792 3408 2653 
1612 771 1966 
2475 558 3918 
2486 4079 4266 
4950 1492 3297 
1502 4670 2028 
4577 4967 3166 
2159 4812 874 
1066 634 850 
3914 1814 3918 
957 4479 3649 
1396 2511 2442 
921 4903 1536 
3514 1454 1237 
618 2636 1681 
4900 3751 4251 
4897 3703 2350 
3124 4320 1330 
2975 1136 1279 
2259 702 2002 
771 4611 1852 
2158 2302 2615 
2389 1047 3463 
2587 3141 2376 
4565 3714 4500 
2560 3574 3571 
277 2668 1559 
2552 1025 2462 
3348 203 1907 
1517 3846 991 
258 4651 105 
2483 2199 2226 
3421 3498 2725 
2664 1637 3330 
2126 1192 1202 
1000 3470 4922 
1620 1668 1751 
3775 3882 1631 
448 3122 3711 
3800 2747 3342 
1472 806 2897 
877 4665 4367 
1181 2000 1273 
826 2537 2710 
4998 2565 4355 
2363 1340 2815 
3484 2093 1942 
3377 3769 3633 
2186 1423 2958 
2403 2515 3748 
1236 1100 1009 
469 4541 2130 
3224 3222 2591 
3836 3170 4108 
1473 1292 1159 
2174 2872 1109 
4588 1900 3237 
525 4087 526 
4898 4420 4920 
2561 1926 1449 
3248 3747 1871 
1414 4616 3120 
2633 2469 1344 
4124 756 3968 
1749 1412 758 
403 2364 2633 
4377 4089 2329 
724 4802 2987 
2623 964 1214 
1840 2070 2580 
1209 357 4982 
2793 1711 4028 
1003 2671 2593 
3112 3705 3355 
175 4651 258 
329 4113 2394 
1096 1357 148 
573 5013 2583 
1853 4803 85 
864 4596 3415 
4190 4476 302 
1191 266 4684 
311 2223 4528 
2044 3370 860 
2349 1098 874 
771 1612 2365 
2279 1094 1654 
915 981 1022 
4776 3460 3447 
144 4617 4650 
3806 1350 3139 
2086 2967 2339 
2144 2997 2949 
649 3453 650 
89 2601 2291 
18 4349 4060 
3435 226 838 
3658 1880 4129 
4470 2375 3912 
926 4712 3184 
1377 1523 1994 
3013 5015 4627 
2161 3544 3537 
1817 4558 1079 
2858 2533 4490 
4541 3831 2130 
2307 3986 3314 
3379 3420 3416 
3754 1390 4423 
1125 2069 1844 
2022 1086 3245 
2401 2378 4985 
4029 4472 3106 
3831 20 2130 
2703 1076 2182 
4579 3542 4944 
1581 4546 3473 
1038 3685 2699 
2075 2555 1993 
1170 2441 1014 
1683 3578 2929 
3175 1505 2257 
2368 3485 3564 
2822 4939 4328 
1463 3117 360 
995 951 1014 
3451 2327 1475 
1062 4590 2980 
2174 3352 3042 
1659 2411 2427 
632 4763 2846 
4217 4359 4199 
4686 1011 3639 
1329 608 1922 
2923 3062 934 
2609 1528 1827 
1628 2817 1654 
2483 2188 1696 
755 1777 1570 
1179 1794 1613 
2508 2098 1779 
4848 3288 934 
1473 1895 1912 
3249 3198 4800 
1258 4710 1731 
897 926 3184 
4558 2833 3387 
4640 1115 142 
2069 1125 1347 
3058 3443 2982 
2878 3782 2924 
4308 4384 4235 
348 2046 2779 
1472 2728 748 
362 2454 3781 
3310 3881 3365 
757 371 1375 
4305 3652 4177 
2879 2415 912 
2726 3154 2759 
2900 1434 3482 
2310 3588 2331 
1100 1236 1183 
2983 3897 1768 
2500 2017 2514 
4277 1843 4655 
1610 957 3649 
725 4358 2834 
4338 2025 281 
2292 4958 4836 
203 3348 2733 
2967 2086 1207 
805 2371 2444 
1984 74 273 
520 4116 521 
1820 1776 1660 
3742 3902 4748 
2710 408 1645 
3804 2038 3560 
3190 2449 3699 
1273 1372 1013 
1682 937 889 
2319 3298 3477 
2434 1398 1228 
1402 2077 1894 
1030 2561 1449 
1790 1661 3652 
4295 4642 1376 
427 2261 3563 
2656 235 1842 
3502 4154 2594 
3045 922 3041 
1996 1959 1839 
2760 358 4302 
3182 2862 3404 
2891 4174 4590 
2502 2075 2073 
3154 1548 2759 
1340 1756 2815 
1528 3109 2494 
3281 885 2495 
2443 1301 1531 
3364 4025 4038 
3401 4517 473 
3213 1859 1603 
4320 1150 2112 
967 4318 1407 
239 3728 4758 
958 1139 2215 
3124 1941 3698 
3390 3085 3488 
4308 1308 3937 
1854 1750 1775 
3418 652 651 
3939 3625 1356 
4694 4368 2136 
4531 2496 2158 
853 1897 1437 
3243 2844 2437 
676 2652 2563 
3418 1182 3403 
2621 3864 983 
2862 1485 2724 
1839 3283 668 
2416 2190 2182 
1430 1428 636 
2385 3131 4095 
2727 4460 2758 
2192 4804 1114 
1336 1134 2760 
2197 3176 2749 
2659 2609 973 
2416 3420 2527 
2428 1268 1252 
239 1960 1251 
2177 1598 1605 
2955 1864 1286 
3483 3586 1332 
1665 161 2603 
2271 1115 2594 
505 3422 506 
2984 3229 1075 
977 1663 4937 
5015 2881 1540 
3509 975 1240 
3470 1373 114 
1557 3832 4678 
2610 1410 4843 
4420 5029 3560 
2935 1144 2272 
4392 644 2625 
496 3574 4327 
4299 4045 4207 
2723 1821 1568 
2040 4106 3002 
3408 1792 1556 
3092 2377 3041 
1302 4868 4129 
2680 2056 3134 
1429 2328 2908 
2481 1725 391 
2673 2431 2720 
2566 3444 2018 
2392 1866 1478 
2084 3726 2013 
939 2937 621 
3069 2471 2813 
871 3794 4466 
1919 2086 2339 
3071 563 973 
3091 923 3613 
4138 2439 3805 
205 1519 1018 
2745 845 640 
1446 2028 1903 
1188 625 3553 
277 2692 1694 
2175 4279 3945 
2275 1422 4672 
1296 1023 2858 
4945 2677 1757 
190 1982 1999 
1430 2263 635 
2199 2483 1975 
189 974 2699 
1257 1438 4125 
1862 3936 1464 
2321 3098 3145 
325 773 2354 
3133 4573 4390 
1608 2443 3579 
4808 941 2786 
2680 1463 1508 
1519 205 1110 
4573 3133 86 
1847 4614 1363 
3005 1054 4970 
2215 1846 4933 
1357 1096 2320 
1627 2537 826 
2533 1018 4490 
3243 4226 414 
2827 632 2846 
2685 3546 2448 
2705 2140 2366 
3955 4269 1380 
1442 2903 2951 
1589 1606 2718 
2928 1219 2516 
4971 4123 1496 
4144 3502 810 
1567 3648 900 
4452 2392 1478 
1494 2928 2516 
1570 2772 1762 
1974 1106 1817 
2268 1066 4672 
2319 2925 3298 
1309 3329 4964 
1268 2428 4784 
2357 4978 1988 
2414 2438 2931 
1842 3734 3971 
4087 525 3119 
1913 3654 2129 
3391 657 656 
3755 3710 944 
177 3987 3233 
4202 4417 1763 
1173 1424 1235 
4583 2156 3305 
2540 2139 2568 
4060 4349 4665 
2421 397 165 
3193 2652 918 
915 2890 981 
839 3565 1915 
1225 1136 615 
474 4517 3699 
1646 310 1458 
1423 2186 3610 
2350 2058 4781 
5016 2661 1531 
4325 3026 3575 
3098 2321 2149 
4743 1954 1393 
3506 3390 238 
1808 1552 3061 
2252 4024 3970 
1860 190 382 
963 2072 2450 
1271 1288 1253 
1428 1430 2407 
1543 4042 1809 
909 4614 1847 
4962 1878 2379 
1779 2620 1939 
2259 2334 1982 
1483 4225 514 
716 2210 3438 
4017 3965 1300 
1723 2732 3696 
1272 3260 423 
1886 3625 1437 
2057 3821 1844 
1029 2340 3826 
4190 4381 736 
1596 2306 2270 
2562 954 1395 
19 2467 1321 
2562 2228 3605 
2863 2782 3262 
2416 1076 2911 
3167 1213 4409 
1702 1137 2950 
3843 747 3 
1769 1088 1215 
4727 754 4965 
835 64 4169 
4476 4767 2418 
3271 3165 3115 
2349 3030 4706 
1595 1862 1464 
312 3004 2585 
1706 1821 2910 
849 1977 1969 
404 2916 4431 
3183 604 3655 
2544 1465 749 
180 692 1920 
1134 2049 4706 
3062 4848 934 
3937 3653 299 
502 3582 4311 
1671 1297 2335 
1036 2283 1044 
4099 2851 4550 
2285 3225 176 
130 4624 2405 
3597 4318 1400 
1769 1382 1300 
3377 2066 4142 
4037 4807 4823 
4664 1546 4878 
3120 2338 1348 
2973 4493 2814 
2736 3983 3510 
1133 2821 3195 
3317 3292 667 
2857 2980 1368 
2080 2735 1586 
4155 4890 4973 
5033 3393 1914 
1313 1292 3985 
1812 3926 1334 
2181 783 4873 
2043 642 2785 
981 2283 1022 
2439 4138 2466 
2510 158 212 
911 4251 3751 
2554 99 343 
2943 3836 2143 
3229 3830 4695 
4293 4023 3353 
2067 1738 1766 
1322 2272 1187 
787 4760 2332 
1032 2312 1215 
708 2264 3081 
3655 2380 3183 
3886 3907 2994 
3597 1342 4141 
2441 1170 3419 
1140 2258 987 
2818 2590 3060 
4870 2818 517 
3141 1350 2376 
951 1267 1014 
4969 2889 3235 
637 2124 2803 
1494 3265 2959 
2077 1402 2265 
3144 1987 2855 
895 959 2459 
4419 92 4601 
2763 3255 3063 
1074 3130 5032 
4930 4200 2859 
686 1373 4530 
2345 3320 1785 
3143 2109 1210 
2080 1798 4222 
529 1729 2805 
4916 2241 4276 
3055 596 3074 
2880 1557 4678 
764 4074 4655 
4116 520 4115 
4682 4555 588 
3250 3439 856 
2893 4197 2033 
3778 4587 3204 
692 2371 1920 
886 2983 1768 
1242 3685 593 
3188 1777 1160 
4925 1822 2900 
4621 3821 2110 
3983 2252 3510 
858 2107 2267 
1720 4524 1711 
2180 3723 4012 
1816 2639 1885 
1555 312 4353 
417 2158 2615 
4231 3306 2989 
2321 1150 2149 
3347 2768 2653 
1501 4711 4443 
1429 1442 3009 
699 1875 339 
1092 2822 4328 
2413 831 1647 
1170 1677 3419 
2441 3419 1127 
190 4975 382 
3962 4202 1763 
2585 3004 2408 
1051 1630 3686 
3125 3395 718 
2352 1386 1204 
1898 2385 1246 
3884 4336 447 
4307 3411 4625 
1792 4570 319 
371 757 1420 
1382 1769 1316 
4963 1239 2009 
4479 2019 2315 
3554 2877 2773 
740 3383 2358 
1818 1657 971 
3099 583 3735 
3445 3367 2479 
2377 3239 1772 
2725 1910 1814 
2481 1704 2758 
2640 1210 1113 
4269 4330 3050 
2384 3025 2244 
1301 5016 1531 
1243 2001 2379 
3644 1845 1229 
1443 3045 3041 
1336 3926 2333 
3584 3596 4889 
2856 1282 1145 
1293 2566 2015 
3606 4078 4237 
2190 2020 1216 
1096 148 4312 
2189 3406 2366 
1627 4658 3327 
333 4326 2487 
2241 3492 4276 
3745 1600 1786 
1596 1322 1963 
789 1614 2629 
1313 3985 3156 
4876 1779 2704 
4562 2588 3180 
1325 2428 1252 
4468 3962 745 
1476 1513 2940 
2977 2869 2710 
1173 1677 2343 
2617 4524 4699 
1044 1170 1014 
4084 2743 3433 
4184 1809 4183 
3565 902 1674 
932 2500 2514 
1497 1551 3998 
2288 3469 2388 
980 2081 2041 
1652 4591 1950 
1024 4073 4432 
2249 4047 3980 
731 3247 2949 
2890 1424 981 
897 3566 370 
2743 2090 3277 
1079 1974 1817 
3503 159 1251 
1637 1081 2346 
1976 1308 4235 
3364 2941 2748 
931 2933 1511 
4437 3847 1936 
2673 2666 4207 
4047 3999 3980 
1322 1845 1963 
1614 804 2629 
3524 2756 4292 
2586 1730 2985 
4594 3141 3089 
1604 2032 1991 
93 313 2663 
1061 2426 2748 
913 3509 1240 
1749 2623 1214 
1422 1492 2407 
2055 1266 2224 
2735 4664 926 
5028 3335 4629 
2396 1071 1041 
3934 3320 4753 
3191 4398 4125 
5005 1282 1084 
3487 2849 3997 
4905 1161 4740 
453 3847 3746 
38 1679 48 
1342 1596 1963 
1695 3332 1972 
4669 3825 3944 
3926 1812 2333 
4128 2139 2121 
3054 1027 1491 
1426 1366 1164 
958 2154 2208 
3301 1622 4856 
4279 4719 91 
756 4479 3968 
2606 2147 2670 
1464 1500 1830 
1345 1140 1440 
809 2731 2693 
1648 1593 418 
3395 105 73 
3358 538 4050 
4858 2703 4001 
3107 923 3016 
2515 2403 2836 
1776 1227 1660 
3385 3358 4050 
3598 3933 4258 
639 2717 2786 
3303 2860 1203 
3478 4495 1942 
2213 645 1077 
2046 2097 1806 
4204 3810 2281 
4344 4460 4977 
1656 1774 2142 
2575 4143 252 
1097 1154 4195 
3465 1168 3011 
3426 1107 3826 
1028 2321 3145 
4293 2183 4170 
4899 4929 4485 
3950 852 3402 
3469 2288 2305 
1452 816 1351 
3142 920 2201 
2124 637 2798 
2741 2171 3022 
4851 141 4117 
1407 1084 2163 
2776 1353 4340 
1402 4048 2265 
4998 955 4923 
3117 1389 360 
4243 2743 3277 
756 4124 4898 
2306 2937 2270 
2590 832 3060 
832 2590 1715 
680 2555 2502 
3721 128 736 
2192 4943 1498 
2122 327 1933 
1021 2253 1001 
1081 1637 2824 
3108 581 3774 
569 3222 3870 
327 3744 2829 
2927 2484 1067 
151 4437 1936 
3043 2913 602 
2621 1948 3892 
1353 2441 1127 
2422 2303 2721 
3930 2707 2577 
4027 3996 4103 
797 947 3201 
2659 990 1528 
3626 4163 3579 
572 3851 3185 
4616 4460 4618 
2169 1152 2712 
4080 4745 4082 
2609 2679 3251 
4719 4279 3570 
2131 2471 2290 
4016 4059 534 
4859 4894 4376 
3778 1868 1417 
732 2930 2622 
489 4436 4422 
2091 2049 1223 
3354 2833 2810 
2361 4173 4490 
1925 4876 2704 
4428 4275 2557 
1152 2524 2712 
2692 1431 2947 
2359 3704 3713 
1407 3669 1262 
4016 1974 3387 
2161 1108 1990 
2345 445 4753 
362 3241 1053 
4259 2924 3782 
3135 1476 2940 
1219 2928 1440 
4809 3777 580 
3126 1575 381 
1399 155 2649 
1433 641 1379 
4868 1302 2483 
4594 3054 1491 
4627 1540 1826 
1931 1668 1641 
1428 4715 2798 
1895 1473 3463 
2589 670 669 
1768 3961 3065 
412 790 2727 
1674 4758 1906 
2066 3377 1250 
4400 2233 3749 
3559 1353 1127 
887 2932 1688 
2431 2921 2720 
1843 764 4655 
1168 3465 3088 
3972 3715 4130 
1029 1046 1050 
1904 4966 3873 
3832 1557 3149 
1752 3295 2628 
1038 2237 1277 
4635 3667 4972 
1861 4372 1601 
574 3213 1603 
2241 1578 372 
2872 2174 3042 
3446 2422 2721 
3409 538 4051 
3771 5 896 
911 3141 3720 
4195 2010 4310 
1811 1809 869 
1716 3521 3392 
302 3939 4381 
805 2041 2081 
1615 3590 2774 
3829 3576 2836 
2992 4136 2033 
1668 1620 2788 
2956 4259 2506 
2692 277 1559 
936 3957 3284 
3865 4101 3748 
3101 4536 3702 
4940 1928 1506 
2372 2970 2250 
1288 2234 1228 
1611 4820 2847 
3504 2255 925 
1665 154 3369 
980 3162 2446 
411 3047 2035 
3191 1438 3650 
2139 1996 2568 
1641 1668 2788 
1441 2948 4666 
2453 1329 1922 
2303 384 2721 
2383 2511 3801 
2385 2374 698 
3135 3289 3455 
3231 2475 3918 
1926 1910 4920 
1895 3687 1912 
4343 4038 4025 
1638 905 1636 
2821 2919 3350 
1313 1445 1159 
609 1005 2009 
3317 666 3323 
1807 793 4708 
1946 1312 593 
1142 2164 1733 
957 1610 2744 
4149 2439 2466 
1478 1866 1031 
3913 1796 4345 
442 4033 4007 
1061 3173 2391 
2468 2577 2707 
1877 2927 1067 
3002 4710 1760 
2154 2205 2208 
2520 1026 2007 
1819 4445 1815 
1422 2275 1492 
5025 3757 1973 
2268 1422 2407 
3225 4453 176 
4220 1621 1849 
4690 28 707 
3409 3354 2810 
2926 2946 612 
2313 3691 2774 
3912 432 4806 
1043 2493 2187 
2983 3902 3760 
3496 4565 4875 
2476 2487 2800 
3988 2453 4762 
3678 3635 4924 
1408 118 2015 
348 2779 4109 
1057 2809 2576 
2830 4215 4148 
1959 1996 988 
2490 3586 4748 
4036 847 3354 
2648 3319 4983 
2549 1951 1588 
3797 3637 4660 
989 1296 3138 
1311 3300 3349 
1608 1807 1301 
1478 972 987 
997 2525 994 
3366 826 1645 
2233 937 3749 
4473 2260 379 
4062 3523 2924 
1779 4876 2508 
1618 1570 1762 
3618 3917 4011 
3062 2923 1986 
2012 3501 2842 
652 3418 3403 
3909 1944 1976 
3554 2861 3461 
4570 1792 2653 
4034 2956 2277 
3398 4874 3592 
3631 4967 1786 
803 2835 3369 
3514 2054 2643 
2584 676 2563 
4563 1365 3906 
2210 716 715 
4702 631 3993 
1971 4140 4798 
3394 655 2712 
990 3109 1528 
3479 3227 4539 
198 4917 4103 
2069 2855 1987 
1392 2843 1939 
2340 1029 1050 
3963 1650 4567 
2113 2114 1964 
1226 2077 2265 
1444 2544 749 
1979 4329 5026 
198 3996 4977 
880 4840 4125 
4451 2966 2333 
195 4362 2111 
3115 3278 3433 
2428 1978 4784 
4536 2967 3477 
2097 2046 3896 
4200 2893 2033 
302 4067 3946 
3751 4900 1330 
3792 4609 459 
4894 3406 4376 
809 4554 4990 
3264 2998 4872 
1307 1290 1104 
655 3386 2712 
3134 3157 3274 
4455 3068 3724 
1322 4701 1845 
2892 3170 2026 
3501 2012 1912 
4234 4079 3021 
535 847 536 
2511 1396 2460 
1441 1981 2948 
2971 3806 3139 
3256 3446 2721 
3255 1626 946 
1615 2107 3590 
4359 47 4557 
2131 2599 2908 
1676 1525 546 
1778 131 2266 
3271 2915 3258 
1161 2939 1374 
4802 724 4272 
779 2809 1662 
2865 871 3900 
3131 697 3132 
4134 2607 1363 
2626 1794 1811 
402 1703 2947 
2168 919 145 
1454 3514 2643 
2812 1293 1199 
336 2942 4692 
517 2681 4870 
2562 3605 2146 
3167 2082 2013 
1564 3883 4039 
774 3130 1639 
1511 2463 4493 
2679 3907 3251 
4607 4253 3063 
3163 2655 2951 
902 1960 1674 
2107 1615 2267 
2071 2536 2073 
457 2102 4459 
1347 4799 2069 
2687 2123 3302 
2020 1840 3536 
545 3990 1114 
262 2954 800 
4760 4380 2332 
2267 1615 2277 
2538 4296 3594 
4377 3686 1019 
1956 4381 1356 
4782 760 4786 
4888 2170 1082 
1566 1049 3819 
4100 3294 4065 
1586 3318 1571 
1086 2022 2969 
665 2642 3323 
1011 4686 4652 
1691 4855 2787 
530 2413 1647 
2822 2000 3330 
4705 1370 4235 
1956 1415 1355 
3591 3600 499 
3292 1839 668 
2659 4003 990 
3544 2161 3690 
4685 1879 3592 
2540 3317 3323 
873 1878 805 
2152 804 290 
4251 911 3720 
4296 4543 3594 
2884 2982 3443 
4763 2641 1218 
4525 3237 3023 
4794 1760 3369 
2230 1063 2274 
2028 1446 3716 
3346 4400 4983 
4231 2756 3274 
2506 2105 2956 
2441 2952 1014 
3745 375 3106 
3524 3367 3445 
3611 4114 3551 
3112 3027 3731 
3379 2070 2828 
788 2144 2949 
1552 599 3061 
3726 4401 2013 
2986 933 4613 
641 2780 1379 
600 599 3616 
2573 2119 917 
3879 2698 568 
4109 4446 4506 
3962 1171 1263 
2695 2708 3038 
801 1385 1710 
1021 986 2076 
4723 1700 1607 
935 1630 1716 
4223 3491 4258 
1748 832 1553 
3522 3271 3258 
3058 1429 3009 
389 399 998 
2107 3146 4101 
2181 2150 726 
2375 4470 4393 
1316 2907 1934 
1248 1287 315 
297 3568 3077 
832 3340 3060 
3404 4777 3182 
1622 3301 2925 
1226 3659 4781 
3515 2151 4157 
4808 2705 1101 
3095 4406 3336 
664 2642 2558 
3803 2151 3953 
1415 3625 1886 
3840 2676 3432 
5016 1301 1989 
3791 1342 1963 
3340 4147 3060 
2954 2873 3869 
3491 2239 3204 
312 2585 4353 
3386 2685 2712 
3376 4057 3432 
3581 4618 2727 
3821 2057 2110 
1423 1891 2958 
1377 4820 1523 
2211 4473 3749 
613 3628 2167 
840 2905 2754 
2086 2438 1207 
1979 2230 4729 
4118 1959 988 
4034 1615 2774 
2479 3092 3041 
3027 3112 3199 
1665 1760 4822 
2597 2454 1053 
1858 1317 892 
2357 4154 4772 
5016 1384 1049 
2431 3101 2921 
1707 2445 351 
2652 676 918 
118 1293 2015 
3246 2471 1345 
788 4542 2474 
4200 3824 2859 
2991 920 3415 
1504 2507 1068 
4031 3396 4819 
2029 4548 3589 
3128 4479 2744 
1787 3529 2800 
2322 3816 1306 
2991 1105 2201 
2765 1832 4088 
3130 774 1937 
1633 2328 3011 
948 992 4369 
1998 2980 4590 
917 3721 2573 
2252 1773 3510 
1908 1687 4497 
2223 311 4740 
2919 2821 2201 
4564 4795 1370 
2095 3645 1958 
5002 64 4899 
288 1493 1341 
2327 3092 1475 
3535 2918 1607 
3724 4047 4455 
997 4700 3736 
3732 4004 4652 
2589 2565 2087 
1210 2109 1113 
3222 3211 2591 
2293 2861 2773 
3714 4565 3681 
1225 2310 1279 
3806 4211 3812 
641 845 2780 
1404 3821 3720 
2258 1140 2388 
2234 4630 1228 
1346 28 1333 
4771 4313 2929 
2049 1134 1223 
4368 4155 4441 
3276 3379 3416 
1705 2823 2344 
3445 1888 3524 
4849 3468 3268 
3568 5028 4629 
1366 2534 2462 
3066 1771 4065 
1424 1173 981 
1804 1748 1553 
1695 2059 1214 
2565 2589 4355 
1941 3124 2432 
3956 3559 3424 
3364 2426 145 
2922 985 768 
1409 3768 1291 
2524 3394 2712 
1699 776 4216 
4479 2315 3968 
2401 3052 2420 
2019 4479 2282 
4767 2054 2968 
694 4679 2684 
2896 3508 1832 
2896 4092 3518 
3661 2423 970 
3626 2443 2600 
769 2469 1453 
1967 375 928 
699 2356 2216 
4156 4232 2187 
3030 2138 1300 
1480 4598 1922 
3053 714 3910 
3922 3273 3038 
4989 1121 2904 
2825 1888 3258 
3409 3380 4050 
691 2480 2444 
2262 4009 3413 
3113 3110 485 
2473 2691 2459 
1598 1633 1605 
3992 2457 4779 
4219 3126 410 
2676 3376 3432 
3227 3479 3165 
2915 2825 3258 
338 2052 1110 
507 2881 3552 
738 1689 2465 
4438 1191 2137 
1593 1518 2497 
2032 357 1991 
927 2998 2497 
4414 4772 297 
1235 858 1677 
3405 3909 1976 
1592 1804 1553 
3286 3705 4816 
3420 2416 2911 
849 829 2784 
2029 4019 1535 
1592 1601 1822 
4109 2545 3087 
2807 1046 3737 
2952 2441 1353 
2819 3385 4050 
4749 3779 4756 
3617 2101 4340 
1671 3809 3950 
3401 3567 3197 
1924 3695 3953 
3410 2422 904 
4284 3840 3432 
2238 4013 4058 
1679 803 3369 
3453 649 2670 
4841 206 2815 
879 3535 1613 
2123 2687 2347 
4186 4187 2116 
1888 3315 3258 
1045 286 2531 
1169 3938 3923 
2328 1429 2982 
3885 3266 2172 
796 2976 2465 
2636 975 1681 
4521 3666 4127 
2915 3271 3115 
1062 2554 343 
3713 1359 2359 
3196 687 4530 
4151 2056 1508 
1070 2461 4510 
1996 2139 988 
3668 1382 1934 
2884 2853 3203 
3265 2426 2391 
4091 495 3571 
2258 1478 987 
857 1992 2450 
1334 2434 1228 
387 2150 4873 
3163 2740 3475 
1123 3397 3347 
2140 1554 2366 
1770 1873 392 
3936 1500 1464 
3456 4633 3428 
2920 960 1569 
2020 2696 1216 
2283 981 2343 
375 3745 928 
2845 495 3636 
1269 2127 2706 
2988 3390 3488 
4009 1002 3413 
1171 3962 1763 
1140 1345 3069 
1205 3730 3917 
1132 3509 4707 
4450 1873 394 
1574 4994 1832 
1482 1528 2494 
2484 3012 2830 
389 4934 3019 
4360 1470 3424 
1522 3520 2985 
1657 1818 848 
3123 3692 476 
3727 1365 3322 
3460 4776 1988 
380 4788 4826 
2445 1707 1299 
1327 2429 1231 
2418 4671 4564 
1906 2662 2034 
1669 2860 2958 
1175 1403 1653 
1490 2697 1957 
2038 1030 1449 
2545 1565 1321 
2959 3265 2391 
2490 3070 1332 
3285 870 4734 
3047 2056 1276 
2939 579 3171 
3756 1610 3649 
2205 2716 2208 
2004 3436 3152 
2888 2177 2530 
1386 3136 1204 
2768 3347 3215 
69 4623 4500 
2845 1847 2560 
4317 4100 4065 
697 3131 698 
2024 2237 3540 
4324 4411 3749 
3049 2060 4844 
4630 2234 2904 
4594 2971 3139 
4943 1858 1498 
983 1764 2624 
2141 1370 3458 
3865 3835 4101 
4967 3631 4434 
2074 1904 3873 
2702 2131 2908 
3414 3405 3458 
2596 2522 4512 
3129 1012 2399 
1910 2701 1814 
4479 3128 2282 
1997 260 1933 
2468 4244 157 
2165 3531 1558 
2868 1725 2481 
1264 1222 2477 
3278 3479 4824 
1752 330 1634 
2679 1409 2994 
4555 420 588 
2118 4719 3570 
2062 2045 4108 
2207 4925 4498 
3825 4669 2602 
4874 3398 4713 
3416 3420 3073 
2612 2728 3452 
1879 1396 2888 
607 1289 3172 
3958 3217 4712 
2232 1094 2235 
1454 2714 1237 
3143 3348 1907 
3285 4359 4557 
2740 2748 1772 
4788 380 4545 
2288 3069 2813 
4780 4297 4471 
4015 2876 2999 
1601 4372 1822 
3891 1387 3828 
1980 4945 1291 
1154 1097 2690 
2942 336 2408 
2744 1610 4058 
598 2318 3003 
4750 1917 1807 
3618 1680 3670 
3436 4583 3152 
1434 4384 3482 
398 3064 2614 
1646 3288 2909 
3844 2010 4454 
4797 531 2713 
1359 1894 2359 
919 3024 145 
3070 2490 4842 
2576 2048 762 
1505 1732 2257 
4299 2992 2651 
4415 3160 1203 
3085 4974 3488 
1949 1172 2530 
2913 3043 2382 
4052 3264 2724 
4290 3451 1475 
2052 1399 3209 
1523 2217 2767 
3768 3675 1291 
3120 4616 4618 
4062 4085 2466 
1805 4483 3573 
704 4456 4995 
3398 1879 2888 
2745 2198 2780 
1239 4000 610 
3904 4737 2660 
937 1682 3749 
1224 1946 1277 
3078 3703 590 
3830 4769 4858 
2726 2193 4001 
2100 2123 2347 
4710 3002 4815 
3862 4017 1270 
4079 2387 2965 
2390 3641 3672 
4860 4874 4556 
4577 1535 1841 
3520 1522 409 
4313 4041 943 
1045 1507 1836 
1176 2852 2738 
3411 281 3916 
694 2639 956 
3391 3394 2524 
3246 2391 3173 
2683 1260 3527 
4362 4439 2111 
2605 4319 3405 
2885 1831 1727 
2879 2367 878 
637 301 2798 
581 3108 4553 
919 1244 3169 
1507 1045 2814 
3623 2790 4990 
2913 3029 602 
1190 3781 3240 
1738 2578 4972 
4546 1581 1417 
1625 1575 3126 
1118 2359 1894 
1261 2008 681 
1274 2715 2706 
3134 3263 2680 
3795 4886 4792 
3498 3421 1546 
4420 2038 1449 
2982 2884 3011 
3104 355 1599 
4670 1882 1903 
1550 3301 1042 
2160 2909 2408 
972 970 987 
2469 769 1344 
1983 2799 3602 
2156 4583 4441 
108 1499 2634 
330 1752 2628 
2114 728 1167 
2600 2661 3216 
2867 2991 4829 
2066 3901 4142 
226 2240 838 
4983 2747 3346 
1520 1621 381 
4124 3620 5029 
1061 2740 3173 
2776 2101 4529 
2198 2745 1101 
4168 3952 2153 
2592 1537 1369 
3142 3057 3415 
779 2048 2576 
2370 3886 2994 
1403 1175 3787 
2807 1439 1050 
1405 3024 1425 
4379 1551 1576 
1998 5019 1368 
1097 1837 1186 
3704 587 586 
2612 4531 2544 
3817 3344 454 
2319 1622 2925 
4903 3781 979 
1301 1807 1989 
1405 4343 4025 
1178 131 2134 
3287 1899 4216 
2417 3469 2442 
3085 1442 2951 
5000 2500 2446 
2724 1561 418 
4123 3634 1496 
4118 955 2078 
4810 2683 2961 
2750 1876 1481 
3940 555 3922 
4691 2644 1619 
1212 4678 4131 
2426 3265 2168 
3457 4284 86 
4484 4644 119 
3151 871 4466 
1043 2921 4824 
2933 2734 1511 
413 3578 388 
1098 2746 874 
2190 2416 2527 
1949 2177 1605 
267 1730 2206 
2135 3359 2547 
4966 1904 4985 
2260 4473 2103 
2596 4444 4798 
893 3301 4856 
2554 2857 2394 
456 4641 1717 
1173 2343 981 
1929 3924 4304 
4747 2457 4008 
1861 832 1715 
3922 3949 3273 
1289 2979 3172 
3237 1627 3327 
2899 531 1753 
1437 3625 3595 
4482 175 3438 
2188 2483 2226 
1588 1642 2007 
2821 2734 3195 
1494 2488 2168 
3141 2960 3089 
1524 1872 395 
4563 3210 4595 
3933 2435 4258 
4030 4313 2585 
4860 4909 4685 
3255 2763 1626 
701 1612 1966 
1373 686 114 
267 2330 2985 
2258 2417 4452 
2383 2417 2442 
3262 630 3530 
4232 2720 2187 
3489 395 3437 
2609 2659 1528 
2488 2423 906 
4804 1525 2184 
2177 1949 2530 
3296 4609 3312 
3965 4818 1300 
3141 4594 3139 
1477 1897 2700 
1692 400 1634 
1434 1822 4372 
4309 3440 4928 
4545 380 85 
3481 1856 4077 
1474 3075 941 
917 1200 4845 
1951 2549 1549 
2692 1703 1694 
3232 2756 3375 
3263 3134 3274 
2237 1038 974 
2790 3623 780 
3269 2090 3298 
1219 1140 987 
1979 5034 4985 
3856 3224 3216 
3653 754 299 
4745 4080 3378 
3092 2479 1475 
2260 3291 3267 
955 4998 4355 
936 2735 926 
2801 4537 4429 
888 4566 3305 
994 1743 2031 
1917 4750 1241 
1399 162 127 
2185 787 2332 
4444 2596 4739 
1892 3208 1993 
3263 3117 2680 
1293 118 1199 
2946 3103 612 
3212 674 5011 
3104 3361 3832 
2566 2347 1042 
3053 3068 4455 
113 4181 3722 
3373 3044 2482 
386 2869 1541 
2730 2973 2531 
837 1872 3025 
853 1740 2700 
4294 1523 2767 
3758 3343 3199 
1938 2432 3672 
4697 2570 767 
1548 3154 1216 
356 1948 1775 
2313 3590 3740 
2569 4261 4322 
3011 2328 2982 
1693 797 3201 
3001 2421 802 
2658 1392 1939 
386 2657 393 
1695 964 4363 
4113 2419 264 
3470 3040 1766 
2384 2631 1908 
2674 1396 2442 
1853 1759 4386 
2139 4128 988 
2038 3804 3675 
1725 2868 291 
906 1244 2488 
1711 3039 1142 
3298 4536 3477 
3052 3043 602 
3056 4361 4422 
4911 4315 4603 
4058 1327 2238 
4967 4577 1841 
2967 4536 3352 
986 1021 1638 
160 2520 5011 
2578 2067 2178 
3090 3739 582 
2246 1808 3003 
4620 2260 4757 
2315 2019 3576 
3471 2467 19 
642 2043 2781 
2600 2443 1531 
1267 2852 3796 
3781 1190 979 
4776 3490 2271 
3345 2789 4205 
1548 2967 2759 
2060 2221 4759 
1745 2722 1937 
2431 2673 1332 
2703 2726 4001 
4498 4925 2900 
4576 4746 4268 
2835 738 2465 
439 438 4823 
3112 4213 3705 
4270 4069 4373 
1463 2006 1508 
2127 2460 4685 
919 2168 2488 
3914 3282 1814 
1851 1755 3118 
3885 2941 4038 
3332 1695 4363 
2417 2258 2388 
3557 4801 910 
4444 2415 878 
1168 1949 1605 
2487 4326 2800 
3441 2317 2099 
759 152 147 
2377 2325 3041 
4268 4720 4593 
4632 2040 3201 
1757 2370 2994 
4765 4749 855 
1923 4611 1958 
2539 2261 3423 
3406 4831 4376 
3549 1865 1735 
4256 2752 3762 
949 2797 2810 
1353 2776 2952 
4965 754 4363 
2779 3531 4109 
3714 69 4500 
2127 1304 2460 
3766 2764 4574 
180 4962 693 
757 1706 2910 
2550 3585 2709 
3508 2896 3518 
1542 4592 928 
3225 4433 4453 
1615 4034 2277 
1350 3141 3139 
131 1178 2266 
2097 3143 1210 
2862 3264 3404 
3054 4594 2837 
2063 2548 2031 
2515 2019 2282 
1500 1707 1830 
1454 4570 2653 
2351 1008 2058 
4324 102 4926 
1451 1901 3107 
2471 3246 2290 
3263 2546 3452 
2618 2325 2172 
4882 3507 3906 
2059 1695 1972 
830 811 4311 
2731 2264 2693 
4114 3611 4884 
3163 2635 3173 
2325 2972 2172 
2766 3602 4169 
1730 2586 1842 
2302 415 4569 
1875 699 2216 
1124 417 2544 
2317 3372 1785 
3236 2429 2602 
3372 4744 1785 
975 1132 4714 
1105 2919 2201 
1044 2283 2343 
2038 1482 2494 
3066 4256 4303 
2789 2332 4380 
1928 1298 1506 
2291 4849 3268 
2090 2743 3702 
2892 3012 3462 
3506 3058 3009 
885 3281 4465 
1632 2691 549 
5025 1967 928 
3758 3355 2978 
175 4482 3999 
2161 1259 3690 
4284 3457 4076 
4362 195 1670 
1026 4700 1588 
2918 3535 952 
4828 2457 4471 
1953 3827 2180 
666 3317 667 
3900 871 1265 
1419 332 993 
1371 3135 3455 
4368 3436 2004 
3044 3373 2212 
3322 113 3722 
1984 1272 423 
3434 3634 1082 
3448 4749 4756 
3383 740 3077 
2909 3288 4854 
2303 2422 3410 
1744 2413 2796 
2414 2319 3477 
4668 3031 4310 
3269 2546 3277 
4296 2538 4153 
1172 1949 3088 
884 1888 3541 
2606 648 647 
2056 2680 1508 
2662 1493 2034 
2880 4164 1012 
1960 239 1674 
1537 2592 1009 
3523 187 4606 
2870 2856 1145 
1189 1913 2129 
2822 1092 1273 
2722 820 4464 
3012 2892 2026 
2546 4774 3452 
3804 1980 3675 
1736 607 3172 
2514 4298 1961 
3886 2370 3894 
4456 703 3118 
3997 3428 4582 
4320 3751 1330 
1360 3839 4121 
4548 2029 3673 
3507 4217 4199 
3396 4031 3404 
2915 4492 3375 
4564 4705 3706 
4662 3125 717 
2683 4810 2495 
930 3869 2873 
2405 3062 1986 
2634 1499 800 
1317 4338 4334 
3135 1371 742 
4111 3048 2574 
3008 4181 4595 
1162 2011 872 
4026 532 758 
2748 2972 1772 
2403 1424 2836 
2010 4195 2529 
2709 3260 2550 
2356 1616 2216 
2645 1765 1869 
2549 997 2564 
3306 4231 3274 
4802 4697 767 
1170 1044 2343 
2722 1745 820 
2696 2339 1216 
3585 4212 2851 
4867 1621 410 
2655 4974 2951 
3416 2964 4413 
2970 1192 1294 
2537 1627 2806 
1172 1105 2867 
2940 1513 308 
1554 2791 2366 
1707 2787 1830 
1644 3188 4731 
4584 4916 1634 
4611 1923 1852 
2070 1840 2828 
2205 3418 651 
955 4118 4923 
4427 4435 3657 
3279 2070 2978 
4087 4080 526 
3281 4810 5032 
2040 4632 4070 
4092 522 3518 
2395 696 3733 
3246 2635 2290 
1859 1488 1603 
2327 2655 3475 
4209 4911 4910 
1232 3039 1166 
1840 2022 3536 
3962 4468 2134 
4914 4030 4854 
1618 1762 1510 
2635 3163 2903 
1244 3382 3169 
4617 3936 4872 
1708 2303 3410 
3367 4290 1475 
4041 4241 943 
3522 3227 3165 
1897 1886 1437 
2972 2941 2172 
815 1416 3022 
3655 2898 2341 
3134 2056 3047 
500 3600 3036 
1613 1700 1179 
1348 1091 3120 
1701 3492 372 
2746 2945 614 
581 16 3774 
1271 2556 4843 
4653 4575 4133 
1820 1660 2816 
2580 2070 3250 
2916 404 872 
1750 1854 1782 
867 2538 3594 
4544 4537 763 
2462 3785 2552 
1010 1045 2531 
2319 2414 2931 
1396 1879 2460 
1856 1493 4077 
2903 3163 2951 
1429 3058 2982 
2177 2888 2674 
4536 2090 3702 
4985 1904 2401 
3058 2853 3443 
3279 3355 3286 
2906 1055 2365 
4111 1868 3048 
3263 3232 2430 
2449 4501 3699 
3306 3157 1351 
4406 3095 4112 
2165 1565 3531 
2511 1304 3801 
4147 3340 4115 
141 4851 4959 
2579 854 4487 
1652 1377 1994 
607 1736 3593 
4243 4492 3115 
1535 4019 3763 
2728 1472 2897 
954 2556 1395 
4523 1090 3073 
2361 1519 2501 
3590 2313 2774 
2965 4504 4148 
3973 3986 3307 
3046 3175 2257 
1210 2640 1806 
4290 4231 3399 
2001 3010 2379 
2920 735 2133 
1354 214 3975 
2819 4050 3380 
2285 2689 5017 
2853 2884 3443 
1838 3888 2611 
4947 3178 3166 
2676 3258 3315 
4163 4124 3968 
2431 3070 3042 
4872 2998 4650 
1730 267 2985 
1139 2096 2215 
2728 2897 3452 
1133 3142 2201 
4710 1258 4822 
1833 4321 3577 
3371 3227 4599 
187 3961 3897 
3070 2431 1332 
2933 3397 3195 
1442 3085 3009 
1895 3665 1241 
945 2212 2886 
3067 3641 586 
3128 2757 1085 
1090 2964 3073 
3157 3047 1351 
1519 1469 2501 
2148 719 3018 
2557 1893 3948 
1729 529 1728 
2043 1238 1379 
2964 3416 3073 
1094 2232 1654 
3085 3390 3009 
3856 3851 571 
2967 2509 2759 
2207 4498 2754 
3269 2925 1550 
1185 1328 1331 
1703 2692 2947 
2243 3310 4395 
2538 1397 4153 
2685 3407 653 
2397 2363 2815 
2493 2239 2187 
1794 1179 3706 
4628 3252 4781 
4089 4149 4410 
4353 4313 4771 
2623 3339 2854 
4609 4604 459 
1000 2500 2257 
4244 4167 157 
3983 3895 1128 
1033 2028 3716 
4777 4096 4755 
4492 2915 3115 
2947 4220 1849 
1337 3113 1052 
4047 2249 4455 
4316 1073 3780 
2429 3825 2602 
1413 2730 2531 
1593 4052 418 
3279 3286 3250 
976 2772 1795 
2683 3527 396 
4174 2891 3363 
4400 4411 4983 
4277 3842 1035 
2578 2567 4972 
740 1080 4414 
3112 3355 3199 
3504 2864 4956 
1808 598 3003 
3271 3522 3165 
747 2617 4699 
2833 3354 847 
3008 4734 1443 
1168 1633 3011 
4546 3650 3473 
2505 4099 4550 
2919 3465 3350 
3642 3052 602 
3757 3107 1973 
4205 2741 3022 
4600 2278 3786 
2438 2849 4568 
4215 4170 4148 
2463 2884 3203 
4232 2666 2720 
403 2633 1344 
623 3554 3461 
4722 3668 4762 
1436 3025 1872 
500 3583 4960 
677 2548 3206 
4465 4187 856 
4056 3869 4917 
3551 4114 4891 
3947 197 4429 
2555 2075 2502 
2210 2249 3980 
1397 2538 121 
4064 643 1950 
738 2835 1721 
1709 739 2874 
3641 3067 3672 
4053 2493 4824 
4481 2789 4380 
2570 4861 2841 
2393 3623 4990 
1747 4315 3201 
2776 3144 2952 
3264 2862 2724 
2628 1326 1635 
3941 3737 1148 
1620 1940 2784 
871 3151 1265 
4043 2817 3393 
3278 3115 3165 
4056 108 2634 
329 1310 1193 
2326 2966 616 
3531 2779 1558 
2685 3386 654 
4480 3313 4499 
1548 1216 2339 
3885 4575 4653 
2424 3471 814 
3026 1411 3051 
2484 2927 3462 
2852 1236 3796 
2510 3327 4658 
3465 2884 3350 
4504 2387 4412 
4460 2481 2758 
682 2008 3202 
3885 4653 4862 
1924 2752 4208 
4599 3227 3522 
3245 1919 3536 
4642 3476 1376 
2708 2695 996 
1298 1855 1506 
2979 2970 1294 
3258 2676 3522 
2430 3232 3375 
1485 1561 2724 
932 2514 1961 
2835 4794 3369 
4300 3015 3018 
3408 3347 2653 
2715 1274 2751 
47 4309 4557 
2287 2579 4487 
3587 4722 2917 
558 3914 3918 
1534 407 3023 
333 1367 2581 
4164 2399 1012 
901 1977 4975 
1983 2521 4 
2387 1069 4412 
3345 4205 3022 
4997 118 3389 
2763 824 794 
728 2155 1167 
1801 2986 3384 
59 1530 3845 
792 2301 1072 
3900 3086 4287 
3319 2648 3776 
2702 2328 1633 
3779 3223 444 
2496 2687 2158 
3751 1096 4312 
3347 3397 3215 
1737 3417 4786 
884 3541 4734 
3520 3349 4572 
1427 2947 1849 
4358 767 2841 
4325 3574 2840 
4795 2678 1370 
4876 1925 828 
4816 348 4109 
2698 3879 3179 
2515 2282 3748 
3306 1351 3019 
657 3391 2547 
380 3784 85 
4015 1953 4012 
1900 4054 4291 
1264 1226 1008 
946 3126 3255 
1874 3650 1438 
3638 4383 4032 
2790 809 4990 
3238 1556 319 
3520 1401 3349 
730 2981 4951 
3529 1787 3646 
2674 2452 2177 
2869 2787 1666 
3663 765 2882 
1630 1051 1716 
2398 3942 3923 
3349 3300 2018 
5000 3046 2257 
1109 3229 4695 
1831 2795 4839 
3264 3396 3404 
2387 4504 2965 
3758 3276 4811 
1659 591 3072 
2392 2383 3801 
2328 2702 2908 
2024 1224 1277 
1637 2664 896 
870 3285 4557 
4639 4126 4209 
2756 3232 3274 
2429 1327 3480 
3451 4974 2327 
1831 2885 2805 
3648 1643 900 
2941 3364 4038 
2312 2298 1316 
2678 3514 2886 
2667 3503 902 
429 2879 4891 
1572 401 2961 
4493 4006 2814 
2070 3379 2978 
857 2742 2064 
3425 1340 1450 
2824 985 1426 
2181 726 2834 
2753 2052 3863 
1454 2653 2768 
4367 4940 1506 
3787 1125 1930 
4959 3802 4718 
3366 1675 826 
2853 4006 3203 
2723 4021 2910 
2502 2536 681 
3631 4561 4434 
3676 595 865 
4529 2927 1987 
1074 2352 1204 
3345 743 1455 
4501 474 3699 
3379 3276 2978 
1294 2126 1233 
4071 4727 1776 
1235 2403 3146 
1493 1856 1341 
3343 1237 3199 
1174 1378 2373 
986 167 2076 
4279 4333 3945 
2825 2915 3375 
4392 4591 1994 
807 1534 3327 
2715 4424 2706 
1236 2852 1183 
1150 2320 2112 
3428 3997 3037 
4727 4965 2050 
2371 406 2444 
214 3926 4302 
1469 2753 3863 
4238 2439 4442 
1809 4042 4183 
2740 3163 3173 
478 3643 3673 
3804 3620 4163 
2862 1484 307 
2070 3279 3250 
4493 4519 1511 
1575 227 381 
3643 4548 3673 
2973 1010 2531 
798 1722 3149 
4053 3479 4539 
2852 1176 1183 
2467 2495 3087 
3339 2623 758 
1621 4867 381 
2325 2618 3041 
2386 1041 1071 
1160 1629 2157 
58 1725 291 
902 3565 1362 
2276 4204 2281 
5012 3202 2178 
3726 1206 2072 
2801 2186 2958 
4515 4242 4288 
3238 4907 4826 
4633 4582 3428 
1178 2766 2266 
3183 2380 1202 
3856 2661 3185 
4296 4153 1432 
551 3966 3284 
3428 2116 3472 
1693 2976 268 
3471 1597 814 
2927 1877 1987 
3224 2600 3216 
3667 3736 753 
1487 3104 1599 
2006 3034 1508 
806 1389 2897 
765 3663 4956 
335 3527 1217 
866 4296 4031 
3227 3371 4539 
3654 1913 1909 
3276 3758 2978 
1521 295 1708 
1913 1406 1909 
2150 4494 726 
1699 4461 1735 
2135 2547 4657 
837 927 3437 
3736 3667 4796 
2868 4344 4276 
4014 3903 3875 
3880 4075 3780 
725 724 2987 
1996 1839 2568 
2052 3209 3863 
4211 4480 4510 
315 2332 1248 
1756 1340 1731 
4656 1868 4539 
1610 1327 4058 
1486 1833 3577 
5001 2722 4464 
1807 1608 3579 
1493 2662 4077 
2890 3829 2836 
400 4584 1634 
4390 4118 988 
4137 3835 3740 
1514 1915 1906 
3108 2837 3089 
4739 4909 4496 
3082 1899 862 
1707 1500 4497 
2941 2972 2748 
4821 4212 2569 
3047 819 2035 
3385 2819 2817 
2128 3296 3312 
4909 4739 4512 
3441 3383 3077 
3921 3086 1349 
4033 3638 3447 
4260 507 3552 
1947 1311 3349 
1237 3343 2886 
4035 4837 3607 
1515 4056 4580 
3283 1839 1959 
401 2352 2961 
3686 4377 2329 
3460 1297 3402 
2138 3030 270 
2085 160 5011 
3351 2650 2614 
3414 3458 2212 
2063 1714 2436 
2509 2967 3352 
4036 537 536 
4725 4834 4288 
2017 4298 2514 
3016 1335 1973 
3585 2550 1957 
3958 3949 553 
1152 2169 3570 
197 2186 4429 
1589 3299 547 
3704 2359 2775 
203 1318 1907 
3320 2317 1785 
2567 1673 4972 
4321 1833 1965 
3647 3056 4422 
4821 2851 4212 
4212 3585 1957 
4846 4263 4172 
966 3769 4177 
2687 2496 2347 
4778 4390 4128 
2330 1522 2985 
3170 2943 2026 
4042 4440 4183 
3451 4865 3488 
1546 4664 4222 
4170 2183 4148 
2599 2131 2290 
2521 1983 3602 
3501 3596 2842 
4686 3639 4871 
3332 1817 1972 
4883 3732 5034 
3524 2825 3375 
3359 657 2547 
2734 2933 3195 
2874 1683 2929 
1888 2825 3524 
2630 4255 3786 
4247 3208 679 
1319 2587 2376 
2427 189 2699 
1671 3950 3402 
4217 1741 2081 
3385 4043 539 
4068 4785 2850 
3678 3724 255 
2871 2292 4731 
4260 3552 3505 
4802 767 2987 
3386 655 654 
3535 1607 1613 
2860 1669 1375 
2714 1454 2768 
1040 3485 1560 
3479 4053 4824 
3057 3408 1556 
3933 3823 4680 
594 3076 865 
1884 4751 1164 
1288 1398 1253 
1830 2977 4291 
3587 2074 3873 
1623 1663 4072 
2068 2060 3049 
2740 3239 3475 
2565 1190 2087 
3357 3912 4806 
2716 2205 650 
2058 1008 4781 
1542 4967 1841 
4359 3285 4199 
1540 1502 1826 
395 1872 3437 
3343 3758 4811 
2027 4331 4166 
2993 4480 4499 
1774 1656 890 
713 3068 3910 
3418 2205 1112 
4111 4053 4539 
2051 744 4618 
4451 1656 2142 
2147 2208 2670 
2928 1494 2959 
2756 3524 3375 
4084 3702 2743 
3126 4867 410 
3806 4844 4759 
1632 2647 2459 
154 1679 3369 
2454 2597 3240 
4390 4778 4333 
2973 2730 2469 
4374 3663 1970 
2057 1877 1067 
4048 1402 2129 
2467 3471 2495 
4383 3638 4773 
4927 4620 4852 
4577 1256 2029 
2857 329 2394 
3024 3169 1425 
1451 2119 2581 
141 3859 3711 
3902 2983 4257 
1258 1340 3425 
643 2166 1950 
3671 4673 1969 
299 4071 3937 
4053 4111 2574 
4181 3008 4862 
1601 1592 1553 
4807 439 4823 
3157 3134 3047 
3376 2676 3315 
1350 1319 2376 
2438 2086 3245 
3237 1900 2806 
4305 3769 3377 
3005 2763 3063 
2212 3458 2886 
2325 2377 1772 
2718 2645 1869 
1087 1267 3796 
4559 4533 3731 
4447 2144 2474 
2202 1846 646 
4469 2175 3945 
1084 1407 1580 
4338 1317 4072 
1046 2807 1050 
3397 2933 3215 
2030 2641 2229 
1345 2471 3069 
1627 3237 2806 
2976 796 268 
2440 2433 245 
3405 2141 3458 
3420 1456 3073 
3414 2605 3405 
2855 2069 4799 
1011 2484 2830 
2204 1680 4011 
85 3627 4545 
3117 3263 3452 
4920 4420 1449 
1106 1974 2039 
4197 2992 2033 
3411 4338 281 
2897 3117 3452 
1297 1988 2335 
4713 3398 2530 
870 3376 3315 
3098 2149 3698 
206 2397 2815 
2028 4670 1903 
1117 4319 2605 
1200 2119 3107 
858 1235 3146 
3479 3278 3165 
3377 3909 1250 
407 2409 3023 
2972 2325 1772 
3907 3886 566 
3422 4670 2654 
4052 1593 2497 
4265 4365 3901 
92 4419 2492 
2123 2117 3302 
4559 2768 3215 
243 3300 1799 
2928 1345 1440 
2151 3762 3953 
3751 4320 2112 
2414 2967 1207 
4174 1998 4590 
2426 3364 2748 
3289 2973 2469 
4882 4090 1459 
442 441 4773 
4019 1684 3763 
1526 3238 319 
3041 2618 1443 
2818 4147 518 
2137 1637 2346 
3465 2919 3088 
3654 4048 2129 
4493 2463 3203 
868 4419 4601 
3044 1208 2482 
2488 1494 2516 
3239 3092 3475 
129 2195 4389 
1190 2588 2087 
1303 2966 2326 
1858 4943 1448 
3869 4056 2634 
2807 3941 961 
3540 2237 3094 
2433 3001 802 
3219 3275 3259 
2131 2702 2813 
1577 1659 2427 
4136 3959 2033 
2467 2545 1321 
243 2571 1408 
3378 3119 2754 
3028 2088 2045 
1191 4675 2137 
2402 696 3132 
4627 4146 1828 
3471 2424 2495 
4005 429 4891 
1140 1219 1440 
4071 4308 3937 
2880 5001 4464 
2661 1566 3185 
2741 2940 308 
2214 1326 2291 
3416 4811 3276 
3117 1463 2680 
3069 2288 2388 
2886 3514 1237 
1071 2396 2373 
829 2788 2784 
2741 4205 3717 
3367 1475 2479 
436 37 4008 
2741 3717 4178 
4767 4671 2418 
3492 2665 4276 
1366 3584 1164 
4602 4191 4485 
4243 3115 3433 
3414 1391 1352 
3352 3101 3042 
2478 4289 4049 
1476 3135 742 
2952 995 1014 
1431 2692 1559 
3260 1272 273 
2602 2278 3236 
843 1788 4287 
1117 3898 1250 
3170 2892 3743 
3174 3046 2446 
4576 4819 3609 
3435 4049 4613 
3355 3279 2978 
1538 4744 4342 
3215 931 4533 
4054 1595 4291 
491 4262 4081 
3024 919 3169 
145 2426 2168 
3158 3162 1056 
2116 3428 3037 
1700 1613 1607 
3702 4084 4824 
3866 3222 3224 
2655 3163 3475 
942 677 3206 
1611 2217 1523 
4168 4474 4210 
3981 3086 3442 
764 4449 4074 
2588 4562 2087 
3353 962 2859 
4231 3481 3399 
1835 1367 940 
4598 1480 1857 
2288 2702 2305 
2702 2288 2813 
3506 2853 3058 
2159 929 2167 
3390 3506 3009 
298 419 4421 
7 1472 748 
3818 3155 2065 
2425 118 1408 
5023 4612 2733 
1706 757 1375 
1480 1736 3172 
455 3783 4648 
3905 1194 1278 
3828 3618 3670 
3679 903 1231 
1292 1473 2012 
4641 2102 1717 
2988 4865 4520 
1650 3963 542 
221 1597 19 
4607 4220 2947 
4866 32 2603 
1582 2688 1427 
4758 2662 1906 
1091 1435 1457 
310 4551 1458 
2445 2637 218 
1675 178 4658 
1529 184 174 
5024 1981 2875 
2631 2384 62 
3230 287 233 
1685 247 3764 
1584 3033 2871 
330 3242 5035 
340 1625 946 
3078 589 3006 
102 4324 4875 
4000 1239 1254 
558 557 3931 
1119 3747 4892 
2493 4053 2574 
1296 989 4445 
854 199 4487 
4239 4356 1583 
1621 1582 1849 
2722 3130 1937 
1461 263 1694 
2823 1705 122 
2411 1659 3072 
2869 386 393 
2541 207 4645 
108 4356 67 
3734 1842 235 
3394 3391 656 
822 27 107 
822 1646 1458 
13 1701 94 
2858 1283 2412 
4850 130 2405 
58 55 391 
1414 1091 1457 
3531 2545 4109 
4767 4476 3238 
2400 51 268 
1047 1488 1275 
1747 1544 4603 
217 191 351 
3425 1734 1258 
3025 2384 1908 
4774 4531 3452 
2351 1222 1008 
132 143 1713 
761 4953 3595 
4855 222 1666 
959 2473 2459 
1547 1515 1457 
3992 4779 2304 
1734 3425 818 
5023 787 296 
2356 2374 1758 
2003 4691 1696 
465 327 2829 
4229 2406 405 
4374 1970 4491 
3027 4559 3731 
3153 3911 3598 
3143 2097 3896 
201 407 2646 
2374 1898 1758 
1708 1564 4039 
2316 2777 259 
3225 2285 3096 
2891 117 4543 
3883 1564 1638 
313 2410 4735 
2350 3703 2058 
1238 1433 1379 
1237 2714 3199 
3219 2218 4655 
101 2601 89 
115 4551 1284 
4531 1124 2544 
378 2355 1639 
695 1816 3733 
1524 4921 211 
1222 1264 1008 
2208 2716 2670 
233 287 2543 
2812 4986 2938 
1513 1476 365 
819 1579 4996 
3934 445 2209 
1667 314 1836 
2717 2140 2786 
118 4997 1199 
3140 1689 3493 
280 1487 1599 
46 401 376 
285 1739 232 
2269 1518 374 
1394 2219 2336 
313 93 103 
3293 4666 2948 
3285 3210 4199 
124 4516 2157 
130 4850 4188 
2485 251 3114 
2200 989 392 
4921 1524 395 
413 126 373 
2962 779 1662 
199 247 4487 
368 210 1690 
2188 2231 1696 
2362 2294 4970 
3129 318 2491 
65 4239 1583 
1724 320 2354 
1986 34 2405 
744 39 80 
407 201 179 
77 739 134 
60 262 61 
332 2225 4119 
2375 3707 3548 
2048 4230 762 
408 2541 4645 
4239 65 44 
1734 11 1718 
2390 1295 1406 
2144 4447 1943 
2199 722 2226 
1947 1401 4110 
4371 2895 611 
3620 3804 5029 
4297 4093 2990 
4834 4820 4859 
2826 1188 3553 
327 2122 2004 
1540 2881 2654 
1311 3205 1799 
3542 4597 4944 
2719 4263 1810 
1543 2590 4870 
4021 541 3218 
1890 1657 1885 
3685 1038 1277 
102 111 4926 
3721 2607 2106 
2389 1473 1159 
1449 1926 4920 
3076 1268 865 
713 4375 3724 
825 3054 2837 
1911 752 2624 
4470 3912 3200 
1769 2312 1316 
3359 2135 4915 
1040 4640 142 
2597 671 3240 
634 1066 635 
248 2269 374 
4700 997 1588 
859 4020 257 
2685 2169 2712 
3111 2984 1075 
3261 1835 940 
17 1522 4676 
895 1567 900 
3249 4401 2072 
4217 3507 2036 
4368 4347 2136 
1238 2043 2785 
1655 341 24 
1740 853 1446 
2918 512 2866 
4019 2029 3589 
1847 2845 3636 
88 766 377 
4192 3582 1903 
3333 2148 3018 
3372 2317 4323 
3178 4488 3684 
4516 1981 1489 
163 2433 802 
1663 977 1573 
2777 332 4119 
3095 384 4112 
1538 3884 447 
4406 4502 3336 
2355 378 4158 
2451 2668 3580 
895 2647 1765 
3555 3235 2889 
2918 4723 1607 
4611 1875 2216 
4635 4796 3667 
3412 755 1570 
616 2966 2142 
530 3467 2796 
1493 2883 2034 
353 2296 4752 
405 169 2526 
347 2472 3079 
825 1007 2447 
1999 1923 3727 
519 4147 4115 
161 1594 4949 
1792 319 1556 
5010 2053 176 
3270 3248 392 
772 397 2513 
2260 3267 4395 
2884 2463 3350 
1770 3248 1871 
4123 4888 1082 
1935 4554 2693 
331 3159 1113 
271 2451 3580 
3986 544 3307 
4143 2575 2196 
1809 1811 1715 
776 3287 4216 
1770 4175 394 
3252 2237 974 
1389 806 4405 
203 4612 346 
815 2171 4518 
2559 4151 3374 
3752 164 443 
341 4693 24 
4006 4493 3203 
1042 2496 4774 
295 1441 4666 
4722 3873 4412 
3025 1436 2244 
1137 1006 240 
1484 1685 3764 
84 284 2344 
1683 739 388 
3137 738 1721 
276 1006 1672 
25 2206 3971 
3581 790 41 
3486 772 2649 
1541 2869 1666 
213 171 1541 
227 269 381 
4351 1435 1348 
327 2004 3152 
2858 3138 1296 
1503 4941 2615 
1314 2404 1146 
152 759 2410 
436 3992 2304 
185 2419 5018 
644 4392 1077 
767 2570 2841 
4861 2570 4443 
3797 2771 2598 
3193 675 781 
4873 3449 387 
2155 3449 1167 
3545 4597 1964 
4534 3449 3545 
1964 4534 3545 
4579 785 2839 
2981 4579 4951 
4447 4913 3538 
1295 1955 1330 
1797 3478 1942 
4495 4218 4350 
1918 4879 3528 
1918 1339 3538 
4495 3474 3484 
3474 4388 3484 
4388 1899 734 
3474 4495 4350 
1899 3082 4216 
908 3194 4466 
1970 960 4491 
1946 1224 3677 
3859 448 3711 
4429 4537 4936 
1948 356 3892 
1203 3864 763 
4745 4785 4082 
3841 541 3808 
3987 3275 3233 
4790 3947 4936 
3583 500 3036 
1880 4711 1501 
3586 2490 1332 
2673 3483 1332 
3483 2673 4207 
3586 3483 3368 
2115 3895 4145 
4173 3270 4490 
3939 761 3595 
3235 3555 4173 
3555 3558 4173 
1336 1303 1223 
2645 2718 1122 
1303 1279 1223 
2782 2641 4702 
1519 2361 4490 
4488 3178 479 
2170 4904 1082 
2064 2742 3630 
575 3176 1324 
3919 4212 1957 
2709 2851 4348 
3999 4047 3678 
4802 1302 4129 
197 3427 3610 
4021 2723 3808 
1335 1967 1973 
3559 2105 3424 
482 2944 4489 
2038 4420 3560 
4873 4597 3545 
622 2877 953 
1674 1915 3565 
4083 4780 4182 
1872 837 3437 
4271 4820 3476 
4347 2122 2136 
2584 2563 2031 
2623 1749 758 
1882 504 4193 
790 3581 2727 
2067 1209 2178 
4955 1516 559 
548 1803 1765 
3789 369 4022 
3584 1366 2842 
2012 4010 1292 
3596 3584 2842 
4204 3596 4646 
2833 4558 2810 
3546 2685 653 
2068 3049 4528 
4505 3534 808 
3556 4701 1187 
2068 3525 808 
3313 1789 4833 
3313 2221 750 
2221 2060 750 
1789 3313 750 
1805 778 4176 
4176 778 1887 
3086 843 4287 
778 1805 3573 
4514 778 3573 
3871 3321 3065 
2984 3111 4696 
4696 1768 3065 
4257 886 4842 
4882 848 1818 
2036 1818 971 
3119 2207 2754 
3949 3958 3273 
3422 4280 506 
3540 1325 1945 
4778 3945 4333 
4596 2991 3415 
1643 1798 1512 
1643 3648 3622 
243 2566 2018 
1714 1743 2079 
1261 1093 3202 
1468 2600 2591 
1816 2778 1896 
634 633 850 
3623 3671 3322 
1500 3936 4617 
2141 1976 4235 
4665 877 3722 
2935 2272 2270 
371 4415 1375 
2186 2801 4429 
4848 3468 4849 
1874 1102 3690 
2939 1161 4825 
3784 4907 1684 
3945 4778 2704 
1938 585 969 
1596 1342 1400 
2382 4775 1233 
1415 1886 3051 
1904 2074 5021 
3183 2120 1163 
4932 4691 1619 
1845 3644 1963 
3791 3644 4285 
782 4548 3692 
2647 1632 1765 
1488 1859 1275 
1259 1990 1262 
4398 3191 4656 
1430 2268 2407 
1492 4840 3297 
4840 1492 2275 
2607 4134 2106 
3868 3648 1122 
3119 3378 4087 
3700 2 3651 
1136 1225 1279 
4436 4427 4422 
2661 3856 3216 
3603 1325 823 
3768 1482 3675 
2691 2498 549 
2854 1227 2050 
2934 2997 1943 
3611 3551 912 
3150 4739 4496 
1657 1890 971 
600 4634 2420 
3635 4122 4924 
3331 4890 4803 
3777 3105 2447 
4665 3635 4060 
1791 3500 846 
3500 3601 4578 
1791 1850 1796 
2464 3785 578 
3913 3569 1829 
3890 3719 4654 
4631 907 1829 
3478 385 3528 
633 2827 2846 
4863 4993 4304 
4879 4863 4354 
3969 4218 4354 
1108 2161 3537 
696 2395 3132 
3468 3062 2405 
3886 567 566 
2299 2349 4706 
3030 4818 4706 
4302 358 3875 
3671 3727 3322 
3623 2393 3671 
2453 4598 4762 
4722 2979 2917 
4260 4252 508 
1150 3099 2320 
1755 2259 1982 
1008 1226 4781 
4309 47 3666 
1093 2567 2178 
3694 3888 3811 
1071 2381 1253 
3687 4750 4708 
4750 3687 1241 
2091 1223 1279 
512 2918 952 
4147 2818 3060 
3645 1365 1958 
2642 664 821 
1978 2456 4784 
3328 4116 4115 
4993 4863 4944 
923 3107 3657 
3640 2913 2341 
3015 4300 718 
3529 4262 2800 
4998 4527 979 
4923 4118 4615 
888 3683 3097 
4334 4075 4002 
3705 3286 3355 
1540 4627 5015 
2261 2539 3563 
4140 427 3563 
1317 1858 1448 
4160 1756 4815 
3212 2007 1642 
2620 2098 3341 
2370 2677 3894 
3434 2505 3634 
1831 4071 1727 
2679 2609 1827 
2621 983 1948 
4765 1034 2358 
3645 4882 3906 
3463 1047 1275 
3888 3694 4708 
3643 478 477 
3687 3694 1912 
1390 935 4423 
4501 3123 475 
4029 484 483 
2966 4451 2142 
4691 4932 3658 
4472 4029 483 
3568 3714 3681 
678 3192 4273 
4435 4427 488 
4955 4737 560 
4368 4694 4155 
1026 1536 4700 
1600 3745 4489 
2044 1514 2883 
1832 3508 4088 
3622 3708 4222 
4004 3732 4628 
1295 4900 1909 
901 3727 1969 
618 2146 3605 
1680 4100 3670 
4100 3679 3670 
4086 2204 4011 
3574 496 3571 
3679 3828 3670 
4090 4882 1220 
2500 5000 2257 
597 1063 3003 
1169 3521 2220 
1230 935 1716 
3686 1630 3400 
4397 3658 4932 
4597 4877 4304 
1106 1221 1972 
4381 3939 1356 
2166 1095 4880 
3769 4305 4177 
4953 1437 3595 
1469 2458 2501 
3582 4192 4311 
2186 197 3610 
3727 3671 1969 
2843 1779 1939 
1902 1431 1559 
1652 3476 1377 
3035 490 3261 
4154 2357 2594 
877 4367 780 
4653 4397 4924 
4349 249 4665 
2616 4672 850 
1811 1794 3706 
3641 3704 586 
2697 1763 1957 
1763 2065 1957 
2944 1600 4489 
1438 3191 4125 
1102 3544 3690 
4897 817 590 
2122 260 2136 
131 4202 2134 
2179 5020 3228 
4780 4083 434 
3882 1157 1369 
2084 4155 4973 
4488 3280 3684 
909 1847 3636 
4581 1790 4365 
1759 3784 1684 
1661 1750 1640 
3909 4319 1250 
2907 3668 1934 
4963 2907 1254 
3249 3831 4409 
5003 4723 2894 
599 1552 3616 
1861 1811 3706 
2742 4548 3630 
1886 1897 3036 
4953 761 3716 
1874 1438 2229 
2231 2003 1696 
3625 3939 3595 
3515 3748 2282 
2081 980 1961 
463 4586 3776 
3957 936 897 
2110 1011 4652 
3617 2088 3028 
3956 1658 4340 
1658 3617 4340 
3559 3956 4340 
3419 2277 1127 
2423 1219 970 
1439 3661 882 
2390 3672 2432 
1980 3804 4163 
3407 2685 654 
3567 472 3234 
4063 3228 3729 
2636 618 3605 
1080 2335 1988 
2926 1141 1215 
2607 3721 736 
4473 2211 2251 
3091 3110 3016 
5025 4592 3763 
1011 2110 1067 
3717 3289 4178 
4213 3112 3731 
4213 3717 4205 
4066 3755 4659 
2207 3119 524 
1007 825 3774 
2764 3766 4364 
3710 3730 944 
3710 3755 3943 
3730 3710 3995 
3766 3730 4364 
3710 1893 3995 
3755 2519 1352 
3730 3766 944 
3766 4659 944 
2406 4229 4590 
4769 1591 4858 
3294 3066 4065 
3066 3767 2999 
3337 3767 3689 
4015 3337 4283 
4283 4428 2482 
1953 4283 2482 
3342 3319 3776 
4063 3725 3228 
1854 1775 1948 
3691 2313 3938 
894 2334 2002 
2322 3765 2220 
3765 3691 2220 
3691 3765 2774 
3441 3568 4629 
5028 4620 3335 
4565 3496 379 
4103 4160 4815 
3131 2385 698 
2757 3128 2744 
3838 2892 3462 
2892 3838 3743 
2019 2515 3576 
932 980 2446 
3283 669 668 
3576 2515 2836 
3107 3016 1973 
2280 3608 3773 
843 3662 3773 
3662 843 3981 
3905 3861 3662 
4067 1033 3716 
3166 4967 4434 
2843 1392 4469 
1361 2595 1903 
4067 302 2418 
4832 4596 4875 
20 66 2130 
2998 927 4650 
4909 3795 4685 
4909 4860 4496 
1271 2381 1395 
3272 2708 996 
3331 1206 4973 
4401 3726 2072 
4968 2084 2013 
3470 1732 1698 
1866 3788 1031 
1107 3788 3793 
1065 2392 3801 
1304 1269 3801 
2977 1900 4291 
3048 3778 3204 
4587 3153 3598 
3912 2375 3548 
4473 1309 2103 
1309 4473 2251 
2817 1628 3393 
151 452 4689 
1630 935 3400 
2295 3392 1169 
2295 2262 3413 
4423 2936 3754 
3392 1230 1716 
4009 2936 1002 
3950 3752 443 
1838 3790 3811 
3888 1838 3811 
4262 3529 4081 
3609 1862 1883 
4895 770 4661 
3719 2632 4402 
3637 4274 4660 
4638 3899 4661 
576 3807 1068 
4478 3991 3753 
4236 4102 3753 
1078 4236 3753 
1087 2592 1036 
1036 2592 1198 
2592 1087 3796 
2852 1267 2738 
2278 1073 3786 
2764 2630 4540 
4669 1073 2602 
3880 4669 3944 
4316 3860 3842 
3725 463 3776 
3788 1060 3793 
1120 3826 3793 
2340 3426 3826 
3826 1107 3793 
1107 3426 1031 
972 3426 882 
1060 1129 3793 
1269 978 1060 
978 3799 1060 
1156 1046 3738 
1120 3849 3738 
1132 2162 4714 
4211 3806 4759 
3829 1838 2611 
3576 3829 2611 
3837 1129 3799 
1129 3761 3793 
3849 4357 3854 
3837 3761 1129 
1194 4357 3822 
3761 3837 3822 
1278 3837 3799 
1768 4696 3111 
450 4703 3881 
421 3835 3495 
3309 421 3495 
2895 1032 611 
3820 421 3664 
421 3309 3664 
421 3820 3740 
1212 4187 4465 
3590 4137 3740 
4765 3752 3809 
4727 4071 299 
572 1566 3819 
416 2262 3942 
1290 3309 1104 
3624 3309 3495 
3309 3624 1104 
1924 3547 3695 
4637 2876 4012 
3547 1307 1104 
3723 1905 3612 
2455 4783 2180 
3547 1924 3612 
3624 3547 1104 
416 1290 3680 
4009 2262 3680 
4009 223 3982 
3723 4783 3543 
1120 3761 3822 
3849 1156 3738 
587 3704 2775 
649 3454 2670 
2386 1398 4345 
3846 1517 1157 
1156 3872 1421 
258 4662 1719 
2203 4690 707 
3498 4898 4920 
1186 1591 2690 
844 3756 3853 
3879 2677 3179 
1257 4840 2275 
1525 4804 1122 
3857 3868 1122 
1184 1100 3855 
1100 1175 3855 
3762 2151 1085 
2757 4194 1085 
3128 3515 2282 
3790 3846 3712 
3775 3846 1157 
3941 2807 3737 
3737 1196 1148 
3209 772 2513 
3209 2513 3863 
1492 4950 2407 
4832 3334 4829 
1175 1176 3787 
1125 3787 1176 
3803 3695 3495 
3835 3865 3495 
3865 3748 4157 
3695 3803 3953 
3865 3803 3495 
1525 1676 2184 
4529 3838 3462 
4424 1278 3799 
1278 4424 3614 
1628 2232 1782 
3775 1631 3712 
3810 3712 1631 
3653 3937 4857 
3810 3615 3712 
2652 3193 1549 
1196 3872 1349 
1105 1172 3088 
3877 1196 1349 
4702 4763 3513 
3145 583 1028 
5019 1998 999 
3816 2322 3521 
3816 1051 1306 
4096 2196 4755 
1051 3686 2329 
104 4096 993 
4677 3686 3400 
177 3864 3892 
3827 2482 1208 
2455 3827 1208 
1194 3981 3442 
1537 3882 1369 
1381 3882 1343 
3615 3790 3712 
4750 1807 4708 
2601 2214 2291 
1879 3398 3592 
3795 1274 4685 
4552 3275 4074 
977 4567 1573 
3800 3296 3346 
567 3879 568 
4720 4268 4931 
657 3359 3360 
3143 4481 4380 
3133 4242 86 
3600 3591 3051 
1294 5021 3587 
2461 1247 1653 
3876 1381 3887 
1381 1184 3887 
3898 4066 3606 
2801 3303 763 
3898 2066 1250 
2686 4265 3901 
1134 1336 1223 
2107 4137 3590 
3679 1231 3828 
1738 4521 1766 
2904 617 4957 
4743 1298 1928 
3861 3905 3858 
2979 1294 2917 
1545 3848 3614 
3848 1278 3614 
3746 3847 2103 
3361 4131 3832 
3056 1901 4361 
3273 1003 3038 
2077 1226 1264 
3903 1497 3964 
3862 3965 4017 
4807 4037 4032 
4626 3377 3633 
3909 3405 4319 
3326 453 3746 
3905 3848 3858 
4484 2280 3773 
3814 3861 3858 
3155 1545 4322 
3848 1545 3858 
3155 3960 3858 
2486 4240 1270 
3954 4014 3889 
3862 4014 3875 
532 3339 758 
1500 144 4497 
2632 4532 3964 
1388 837 3025 
4532 2632 4302 
3752 4765 855 
1954 4743 3083 
3860 1035 3842 
4278 4277 4237 
3860 4316 3780 
4075 3860 3780 
4179 1843 1035 
4074 3219 4655 
1843 4179 2974 
3411 2553 4625 
4179 4625 2974 
4600 4255 3891 
4179 4307 4625 
1231 3891 3828 
3692 3123 782 
4163 4813 3579 
1319 1350 3812 
1653 1319 3812 
4801 3557 2672 
4772 69 297 
3969 3925 3877 
1172 2867 2530 
4085 4062 2924 
4085 4935 4663 
2924 4259 4935 
3765 4180 4663 
441 4383 4773 
1308 4308 4235 
385 1918 3528 
1308 4857 3937 
1000 2017 2500 
3872 3921 1349 
3086 3921 3442 
3086 3900 1349 
3900 4399 1349 
3933 3598 1017 
4245 3823 1380 
3598 3928 1017 
4102 3928 3911 
3823 3933 1017 
1064 3955 3929 
1211 3823 1017 
4301 4535 3989 
3911 3928 3598 
3187 3928 4619 
3928 3187 1017 
1211 3187 3989 
1551 3954 1576 
4367 1855 780 
3769 966 3633 
1880 3658 4133 
4620 5028 3681 
3969 4399 1265 
3507 4882 1818 
1365 3645 3906 
2218 2686 4237 
3015 4513 3018 
2264 708 3100 
4309 172 4557 
3943 3755 1352 
1391 3948 1352 
4124 4163 3620 
3569 3874 4631 
770 3797 4661 
3975 2632 3719 
1796 3913 1829 
3874 3569 4654 
3890 3913 4345 
3890 1354 3975 
3868 3857 4002 
3880 3944 4002 
3868 4002 3944 
4416 4522 4393 
3353 3893 4150 
3893 3824 3952 
3824 1360 3952 
3952 1360 4121 
3824 3893 2859 
4200 2033 3959 
1360 3824 3959 
3839 1360 3959 
3839 4136 4189 
4156 3839 4189 
2315 4813 3968 
4813 4163 3968 
4513 2236 1619 
1247 1070 3887 
3876 2993 3951 
3878 1381 3951 
1381 3878 1631 
4589 4203 3951 
1381 3876 3951 
4029 3106 1052 
2639 1816 956 
761 3939 3946 
4498 3482 2754 
3924 3925 4354 
3544 1102 1527 
3976 3969 1265 
1265 3151 3976 
3521 1169 3392 
2295 3923 3942 
3938 1169 2220 
2313 4249 3938 
4249 2398 3923 
2295 1169 3923 
3948 1893 3943 
1391 2557 3948 
2577 2936 3982 
2707 3930 1208 
1398 2434 4345 
1794 2682 1613 
577 3985 2023 
2105 2506 3424 
1353 3559 4340 
2012 1473 1912 
2277 2105 1127 
2587 1404 3720 
1804 1592 2765 
3719 3890 3975 
3926 2760 4302 
3926 214 1334 
214 1354 1334 
4674 3955 1380 
1576 2523 4352 
4245 2435 4680 
4269 3050 1380 
3382 3941 1148 
4269 3955 4352 
3342 4608 3800 
4541 469 1495 
1205 1387 4255 
1611 958 2215 
1387 3891 4255 
3730 1205 4364 
1387 1205 3917 
4086 3917 3995 
1387 3917 3828 
4348 4509 4166 
1905 1307 3612 
1042 4774 1550 
4531 2612 3452 
4173 2361 3235 
2755 2501 2458 
3190 1992 2064 
4296 866 2891 
3991 1471 3753 
1471 1116 3753 
3899 4638 1116 
3601 1116 4578 
4228 4282 4285 
3974 1025 2552 
1471 3991 4228 
3958 553 1509 
4686 3732 4652 
2791 2189 2366 
3077 4414 297 
1858 3857 1498 
3648 1567 1122 
4479 756 3649 
3160 3864 1203 
3919 1957 2065 
3919 4261 2569 
2140 2717 1039 
968 2689 1507 
4890 111 4803 
4606 187 3760 
187 3523 3116 
187 3897 3760 
3897 2983 3760 
2878 3523 4606 
2029 1256 3673 
4206 4122 3722 
3961 187 3116 
3903 4532 3875 
4274 1497 4660 
1497 3903 1551 
3998 2771 4660 
2099 2317 3934 
1545 3155 3858 
4261 3155 4322 
2715 3813 3614 
3813 2715 2751 
3915 3701 3782 
585 1938 3672 
4259 3701 2506 
3701 3915 3977 
4877 1929 4304 
2878 3464 3782 
3464 3915 3782 
3915 3464 3696 
1470 4360 3977 
2736 1470 3977 
3464 3742 3696 
2732 3770 3696 
3770 3915 3696 
3770 2732 2736 
4390 988 4128 
1741 4217 2036 
1910 1926 2701 
4737 4955 2561 
1873 2200 392 
4627 1033 4952 
4379 4535 3998 
3198 3197 3234 
1551 4379 3998 
3197 3567 3234 
2523 3954 3889 
2725 3498 4920 
3965 3862 3875 
3905 3662 3981 
2537 2977 2710 
4535 2771 3998 
4379 3929 3989 
3862 1270 3889 
4014 3862 3889 
3883 1638 1636 
3883 2793 4112 
1564 1708 2572 
2303 1708 4039 
3275 3219 4074 
2731 1954 1952 
4769 3830 4227 
3830 4001 4695 
1591 2703 4858 
2509 2193 2759 
3355 3758 3199 
4738 4834 4859 
2676 3840 3522 
3467 3189 2796 
4664 2735 4222 
3659 1226 2265 
4296 4777 4031 
4346 3363 4819 
4482 3980 3999 
256 4397 4932 
4796 4635 2073 
4588 4525 4836 
3526 4116 3328 
4177 1640 2235 
541 4021 3808 
3255 4219 3063 
4052 2724 418 
1680 3618 4011 
2204 4086 4275 
2024 3540 1945 
4100 1680 4044 
142 4037 4823 
2204 4162 4044 
65 4056 1515 
3792 4366 3316 
3295 1752 1634 
4306 4623 4874 
584 3098 3698 
2357 2271 2594 
4046 1624 1662 
4046 2809 1870 
2909 4030 2408 
4942 4720 4041 
3312 3792 3316 
3936 3609 4819 
4313 4030 229 
3329 1309 2251 
3867 1655 235 
4796 4984 2079 
435 4747 4008 
4984 4247 2079 
4358 725 2987 
4317 1771 2238 
4783 2455 3982 
2455 3930 3982 
2757 4013 4303 
4013 2744 4058 
1771 4013 2238 
4771 3578 373 
2723 1780 3808 
1414 1515 4580 
2860 3303 2958 
4071 1820 1727 
2088 3617 3970 
3460 4033 3447 
1773 1658 3510 
1470 2736 3510 
1711 2793 1636 
4543 804 3594 
3779 444 4756 
4701 1322 1187 
4075 3880 4002 
3860 4075 4307 
3399 3481 4077 
4489 3745 3106 
2907 1316 1254 
2312 2895 2298 
3650 1874 3690 
1661 1790 1775 
1790 4581 1775 
4142 4365 1790 
2381 1378 1395 
2513 933 3863 
419 2053 4421 
4268 4289 4931 
3996 4027 209 
515 4184 4183 
3456 3428 3472 
3940 3927 556 
3765 4034 2774 
3295 4538 2628 
3175 3046 688 
3391 2524 2547 
4583 4741 3152 
4264 1376 4880 
1893 3710 3943 
1893 4086 3995 
3917 4086 4011 
3745 1542 928 
1854 752 1914 
1684 4019 3589 
3363 4346 4094 
4543 4296 2891 
4433 3225 3161 
628 2870 3537 
4174 3363 4094 
3684 478 3673 
2943 3170 3836 
3319 3342 2747 
4126 3487 4070 
4582 3487 3997 
4127 4298 4922 
4298 4217 1961 
4725 4242 91 
4279 2175 3570 
4099 2505 2503 
3789 3534 841 
625 2848 3553 
1884 841 1364 
4761 3525 4418 
266 1191 4438 
369 3789 841 
1884 4055 841 
4181 4206 3722 
4665 249 4367 
4097 4942 209 
2470 2032 685 
3179 3211 2698 
3694 3687 4708 
3615 4646 3811 
3694 4646 3501 
2387 4079 2486 
2183 4079 2965 
4841 2873 1072 
522 4092 4098 
3996 198 4103 
4106 4103 4815 
3961 1768 3897 
3961 3805 3065 
1953 4015 4283 
2876 4015 4012 
1340 1258 1731 
1923 1999 1982 
562 3904 990 
384 2303 4039 
2793 4406 4112 
3945 2843 4469 
4831 3406 1562 
4621 4251 3720 
3643 3692 4548 
4659 3766 4078 
4078 4574 4237 
2605 2519 1117 
4066 3898 3967 
3725 2648 3228 
601 3642 602 
4665 4122 3635 
3130 914 5032 
495 4341 3636 
2778 1657 848 
4042 1543 4870 
3987 177 3892 
5034 3732 4871 
1663 1004 4072 
2025 4338 4072 
2017 1000 4922 
4521 3470 1766 
1482 2038 3675 
3490 3638 4032 
4362 18 4060 
4298 2017 4922 
3108 825 2837 
3519 4677 3400 
3519 4167 4426 
3012 2484 3462 
3502 4144 4828 
4170 4215 2026 
4957 4630 2904 
630 629 3530 
629 1102 3530 
4522 4416 4556 
3835 4137 4101 
1397 2225 4153 
2643 1526 319 
2169 2685 2448 
2232 1628 1654 
4305 3377 4142 
3791 4282 4141 
3473 3597 4141 
638 1015 2528 
4623 4306 4500 
3398 2888 2530 
3742 1723 3696 
1723 3742 4748 
537 4036 4051 
3278 4084 3433 
2777 4992 259 
755 1629 1777 
1331 3644 1229 
4681 4228 4285 
4382 3707 2990 
3679 4100 903 
3296 2128 3346 
3043 4775 2382 
2395 4095 3132 
4400 3346 2128 
2117 2123 2100 
2082 3167 1495 
4564 4152 4172 
3170 2062 4108 
3972 2323 2045 
4185 3952 4121 
4198 4185 4121 
941 639 2786 
2169 2118 3570 
2596 4140 3563 
4279 4242 4333 
487 4435 488 
1535 4592 1841 
2082 4332 2156 
4290 3367 4292 
3232 3263 3274 
4215 2830 3012 
4079 2183 3021 
3077 740 4414 
3673 1256 3684 
4326 1787 2800 
4711 4575 4877 
1944 1308 1976 
1355 1847 1363 
4347 4368 2004 
1975 1302 4272 
1117 2519 3967 
2088 3972 2045 
1302 1975 2483 
2374 2385 1898 
4888 4123 2539 
4146 4172 4263 
3803 3865 4157 
3748 3515 4157 
2151 3803 4157 
2752 3953 3762 
3270 4173 4508 
2228 1323 2224 
3166 4434 4947 
4172 4067 2418 
4198 4156 2187 
2239 4198 2187 
2378 4329 4985 
1743 2525 3736 
2752 1924 3953 
834 1924 4208 
2719 1810 2353 
1182 2448 3403 
2234 4989 2904 
914 4678 4465 
4202 131 4417 
1680 2204 4044 
4275 4162 2204 
2535 3844 4454 
4426 4167 4668 
1445 1313 3156 
3266 2618 2172 
3210 3285 4595 
2457 3992 4008 
3523 4062 3116 
4138 4062 2466 
3523 2878 2924 
4374 4391 4956 
4934 3306 3019 
2582 1032 1215 
2744 4013 2757 
4493 2973 4519 
4533 3717 3731 
4259 2956 4935 
3864 4544 763 
2861 3554 2773 
4537 177 3233 
4959 3859 141 
3939 302 3946 
4156 4198 3839 
3839 4198 4121 
4198 2239 2286 
4185 4198 2286 
2239 2493 2574 
2239 3048 3204 
4171 4185 2286 
2324 4171 4223 
3893 3952 4150 
3952 4168 4150 
4168 2256 4150 
4474 4168 2153 
2237 3252 3094 
4639 1622 2931 
4137 2107 4101 
4224 2045 2323 
3715 4197 4130 
3617 1658 3970 
3715 3972 3970 
3715 4024 2651 
3972 2088 3970 
3520 4209 2985 
4209 2586 2985 
506 4280 3550 
1182 3418 1112 
2732 3368 4145 
3895 3983 4145 
2115 4145 3368 
3895 2115 4045 
4024 4605 2651 
4045 2115 4207 
4045 4299 2651 
2115 3483 4207 
3742 4606 3760 
3902 3742 3760 
4161 2818 518 
4242 3133 4333 
4481 3705 4205 
2789 4481 4205 
4204 2276 4889 
3647 4427 3657 
4055 2276 4022 
4203 4589 4022 
3596 3501 4646 
3615 3810 4204 
1470 3956 3424 
3289 3135 4178 
2940 2741 4178 
2256 4168 4210 
4474 2324 4214 
876 4234 3021 
4293 876 3021 
4223 4171 2286 
3491 4223 2286 
2239 3491 2286 
2435 4223 4258 
2211 3253 2251 
4898 3756 756 
4223 2435 2324 
4214 4245 3050 
2505 3434 2503 
4186 2116 3037 
4330 4214 3050 
1898 4090 1220 
141 353 4117 
2797 3409 2810 
520 519 4115 
3157 3306 3274 
4218 3969 3976 
4218 4495 3528 
2991 4596 4832 
4229 3759 2629 
4484 3814 3960 
2369 4507 3818 
778 3608 1887 
4929 4602 4485 
2280 4602 1887 
4644 4484 3960 
4228 3991 2342 
3650 3669 3473 
2771 4301 2598 
4478 3911 2342 
1581 4282 2342 
1581 3778 1417 
3805 3961 3116 
4104 4373 4339 
4373 4419 4339 
4107 4270 4791 
1350 3806 3812 
4480 2993 4510 
2276 4203 4022 
4203 3878 3951 
3723 4637 4012 
1953 2180 4012 
4089 4410 2329 
4180 4410 4149 
111 4890 4926 
4483 1805 3741 
442 852 3979 
4242 4725 4288 
4242 4515 4076 
773 4164 2354 
2722 914 3130 
2047 921 1020 
4462 258 1719 
3938 4249 3923 
3820 4249 3740 
2262 2295 3942 
3942 2398 3664 
5 4704 896 
4021 757 2910 
4170 2943 4023 
2943 4170 2026 
3856 3866 3224 
2378 1552 5026 
4249 2313 3740 
4187 4186 2969 
3941 3382 961 
3491 3204 4258 
4258 4587 3598 
4225 2820 514 
2323 3972 4130 
4197 2893 4130 
4224 3836 4108 
4766 2893 4930 
4224 2323 4643 
2893 4766 4130 
4224 4643 2143 
3824 4200 3959 
4023 2943 2143 
962 4643 2859 
223 4009 3680 
2936 4009 3982 
4217 2081 1961 
4607 4571 4094 
4837 4884 3607 
2523 3889 1270 
4240 2523 1270 
4269 4240 4201 
4330 4234 4210 
4079 4234 4266 
4240 2486 4266 
4201 4240 4266 
4149 4089 4442 
4089 4104 4442 
3116 4138 3805 
4062 4138 3116 
4240 4269 4352 
4245 1380 3050 
3895 4605 1128 
4024 3715 3970 
3983 2732 4145 
2732 3983 2736 
3701 4259 3782 
4034 3765 4663 
4477 3123 476 
3123 4477 475 
624 623 3461 
493 492 3646 
4232 4156 4189 
2525 997 3736 
3456 4253 4094 
2648 3725 3776 
3373 4428 2557 
4086 1893 4275 
3519 1390 157 
1090 2468 2707 
2546 4243 3277 
4243 2546 2430 
4282 3791 4285 
4282 3473 4141 
4228 4681 1471 
4515 4738 4539 
4270 4104 4791 
4107 2535 4454 
4175 1770 1871 
3155 4261 2065 
2569 3813 2751 
4212 3919 2569 
4197 3715 2651 
2992 4197 2651 
4136 3839 3959 
4136 2992 4189 
1759 1853 85 
4382 432 3548 
3927 557 556 
4206 4181 4862 
2666 4232 4189 
4299 2666 4189 
2666 4299 4207 
2992 4299 4189 
166 4370 2492 
2096 1139 2147 
4396 2010 2529 
2660 4737 2561 
3476 1652 1376 
3984 712 2111 
3736 4683 753 
4538 3295 4916 
4324 4473 379 
4274 2632 3964 
2632 4274 4402 
2632 3975 4302 
2025 3427 3916 
249 4940 4367 
1052 375 1337 
4255 2630 4364 
4255 4600 3786 
2573 333 2581 
333 2573 2106 
4265 2218 3259 
4785 4068 4082 
356 3987 3892 
3367 3524 4292 
4231 4290 4292 
3974 3985 1292 
1760 4710 4822 
666 665 3323 
1382 3572 1300 
1119 4175 1871 
4818 3030 1300 
4622 3792 459 
948 509 4938 
4574 4278 4237 
4540 4278 2764 
4278 4540 3842 
4316 2630 3786 
2747 4983 3319 
3211 3179 2591 
4261 3919 2065 
3155 4644 3960 
4165 4835 4899 
1778 1058 4742 
2443 1608 1301 
501 4246 1761 
1771 3066 4303 
4194 2757 4303 
4023 4293 4170 
4194 4256 3762 
2752 4256 4208 
4217 4298 4359 
4847 2999 2876 
4473 4324 3749 
3482 840 2754 
464 4063 3729 
1062 2406 4590 
1684 3757 3763 
1119 1281 851 
4449 4790 4936 
4537 2801 763 
4430 2553 3916 
4790 4449 2974 
2731 2737 1393 
2532 4782 3023 
3650 4546 3191 
4859 4999 4656 
4287 2865 3900 
4514 2865 4287 
871 2865 3573 
4344 2868 4460 
2872 3042 4842 
2490 4257 4842 
3411 4307 4334 
4307 4075 4334 
892 1317 4334 
1015 2124 2528 
3066 3294 3767 
3767 4162 3689 
4234 4201 4266 
4214 4330 4210 
837 1388 4159 
4159 144 4650 
3867 4911 4603 
662 1162 872 
3422 505 3561 
3898 3606 3901 
2839 2132 1964 
4306 4713 4829 
2725 3282 996 
4384 4705 4235 
4234 4330 4201 
4234 2256 4210 
1384 1131 1049 
3194 4218 3976 
2686 3606 4237 
3606 4066 4659 
2756 4231 4292 
3984 255 3724 
3567 3401 473 
3642 601 2420 
3217 552 3184 
5006 4919 4615 
1622 4639 4209 
470 66 4800 
1854 1628 1782 
2929 4241 2478 
2561 1030 2660 
2553 3411 3916 
197 3947 4430 
281 2025 3916 
892 4334 4002 
3921 4357 3442 
4357 1194 3442 
3666 47 4127 
3460 3402 4007 
3470 1000 1732 
4927 5008 3335 
2284 1059 3735 
4555 1222 3006 
4871 4966 4985 
4280 3422 2654 
2881 4280 2654 
4318 967 2672 
2861 2293 2672 
2913 2382 2341 
4289 4268 3384 
1118 2675 1264 
460 4604 3800 
4626 3653 4857 
3652 4305 4142 
52 4394 414 
4152 4846 4172 
832 1601 1553 
4428 4283 3689 
4283 3337 3689 
840 4308 4839 
3482 4498 2900 
3401 3190 3699 
4295 2198 1138 
4384 4308 3482 
4308 4071 4839 
4030 4914 229 
2681 4042 4870 
4263 1828 4146 
4263 2719 1532 
348 4816 3896 
2320 1096 2112 
4381 1956 1363 
4411 4324 4926 
4694 2179 4983 
2256 3353 4150 
2183 4293 3021 
2506 4360 3424 
3977 4360 3701 
2317 3441 4629 
4724 899 3096 
4298 4127 4359 
1669 1706 1375 
3955 1576 4352 
2523 4240 4352 
4202 3962 2134 
1893 2557 4275 
3813 2569 4322 
4061 3502 2594 
1940 3102 706 
4621 3659 4048 
1771 4317 4065 
4317 903 4100 
2630 2764 4364 
4336 3122 447 
4365 4142 3901 
1835 1609 4361 
2121 2642 821 
3925 3969 4354 
880 4376 3297 
1944 3909 3377 
861 4626 3633 
3210 4563 3906 
1574 1592 1822 
4705 4372 3706 
4301 4236 2598 
4102 4236 4619 
4236 1078 2598 
4102 4478 3753 
4256 4194 4303 
4194 3762 1085 
1064 4379 1576 
3898 1117 3967 
3653 4626 4363 
2964 2707 4413 
3044 4811 4413 
2043 4264 2781 
2096 3450 646 
1616 2356 1758 
3821 4621 3720 
2069 1877 1844 
4527 4919 1536 
4598 2453 1922 
4399 3969 3877 
4573 4284 4928 
4095 2395 1246 
2496 1042 2347 
311 2971 3815 
978 1269 2706 
4424 2715 3614 
2152 867 3594 
384 4039 4112 
4275 4428 3689 
4502 4406 4549 
1024 4432 4805 
2595 1361 503 
4694 4926 4155 
3702 2921 3101 
3999 3678 4924 
4567 3841 3808 
4894 2705 2366 
2063 942 3206 
4555 4682 2477 
3974 924 2023 
160 2085 673 
4962 180 1920 
1859 3213 3311 
4006 2853 2901 
1287 366 359 
4754 4271 4642 
1111 1444 749 
1315 2310 2331 
3093 288 1146 
1566 572 3185 
2253 1021 2076 
4439 4362 4060 
2779 2297 1558 
1476 352 365 
3325 2542 360 
2499 3807 2769 
786 1444 2089 
314 1667 334 
3611 3607 4884 
460 4608 461 
3221 1311 4425 
4940 249 4893 
3777 2995 580 
5020 260 3729 
279 361 743 
3588 1813 2331 
4152 4564 3706 
4090 2395 1896 
2548 2063 3206 
2198 1101 1138 
3093 5027 2289 
1298 4743 1393 
2393 1931 1641 
4425 1947 4110 
270 4812 3539 
4560 4827 4077 
4866 161 4949 
4281 1435 4286 
766 88 2794 
4771 1705 2344 
531 4040 2713 
2963 2337 1510 
4448 905 1001 
56 213 1541 
104 2316 4267 
202 1436 211 
400 1916 2360 
4896 231 2394 
1283 137 2412 
2294 824 4970 
4120 405 2406 
4662 717 1719 
4691 2003 1286 
4691 4868 1696 
755 3412 2016 
1594 1718 741 
322 1745 1937 
130 2247 3268 
397 772 43 
2363 3147 1450 
304 3017 90 
2419 4113 329 
2755 194 751 
1546 4817 4878 
2755 4969 3235 
894 701 1966 
1628 1854 3393 
510 992 2353 
1809 4184 869 
1810 984 2353 
1606 3121 546 
5007 468 4385 
606 1289 3020 
2613 774 1639 
3546 652 3403 
659 2658 4526 
1445 1504 1159 
759 132 1713 
619 3556 1187 
4752 3884 4342 
557 3927 3931 
4888 2539 3423 
3030 2349 270 
2851 4099 4348 
4567 977 3963 
1385 3033 1710 
3511 1462 816 
3920 4737 561 
1890 2639 2684 
984 1810 2894 
3311 1131 1149 
1612 2906 2365 
3990 2307 3257 
3198 963 3197 
3496 4324 379 
4221 74 3599 
3124 1955 2432 
357 1209 1991 
2008 1261 3202 
859 4321 1965 
320 317 2354 
2844 3243 414 
4630 890 1228 
4494 2150 387 
355 1722 309 
3535 879 4233 
3103 2946 5031 
1240 975 2224 
3055 2230 2274 
2044 2883 2289 
4746 4576 3609 
64 835 4391 
2098 2508 812 
1692 5035 1916 
43 772 4991 
427 4140 1971 
169 4881 2526 
1232 2164 3039 
4896 4113 264 
152 2410 103 
2489 2939 3171 
782 2449 3630 
4955 3231 2561 
2970 2372 2348 
3958 2671 3273 
4911 4209 4980 
3192 4247 4273 
2668 277 135 
3318 3850 550 
2410 313 103 
836 3708 3853 
412 784 68 
226 3512 50 
4874 4860 3592 
1018 1519 4490 
4830 364 350 
2542 2006 360 
2117 1800 3302 
803 2254 1721 
1435 4281 1457 
4318 2293 1400 
4551 310 1284 
220 746 1305 
867 265 121 
867 2152 4610 
1629 3254 2157 
378 3136 4158 
136 2962 1662 
4868 4691 3658 
222 56 1666 
2657 207 393 
2400 796 3140 
2301 12 4687 
3859 4959 4718 
383 242 1672 
1985 1099 90 
1737 193 2145 
116 1801 3384 
1745 272 820 
178 158 4658 
384 3095 200 
1452 411 4403 
2517 137 4389 
1474 2745 640 
784 1704 79 
2419 185 264 
3208 4247 1993 
420 4555 3006 
4585 326 1453 
328 1513 365 
4151 2559 1276 
3934 2311 2099 
1287 293 315 
1413 4585 1453 
51 31 268 
25 4912 2206 
2770 1565 316 
70 280 1599 
4404 1217 2424 
1372 2489 1013 
2195 205 4389 
265 250 121 
202 186 2244 
739 1709 134 
4747 4083 4182 
2214 2601 40 
10 412 68 
2409 407 179 
1704 55 79 
318 3129 183 
397 43 165 
4511 2411 3072 
3412 1570 133 
96 88 377 
783 2181 2834 
1318 350 364 
2338 744 80 
1780 8 1573 
1732 1000 2257 
4509 424 4166 
975 2636 2224 
1413 775 349 
3499 1971 4798 
1954 709 1952 
569 323 5014 
974 1038 2699 
4025 3364 145 
3406 4894 2366 
1535 4577 2029 
4770 4035 3200 
4817 2671 4878 
2711 4016 534 
2644 4691 1286 
4672 1066 850 
2848 625 910 
2053 2308 176 
4437 3291 2103 
5007 469 3007 
2206 1842 3971 
2617 747 3843 
4726 3747 414 
3013 948 4938 
1876 3777 1481 
1452 3511 816 
4946 2047 673 
468 3683 4385 
8 1780 2723 
2285 3430 3096 
1466 1889 4960 
4698 5022 3577 
1931 4554 1346 
204 2640 3159 
1800 2117 2938 
4728 3034 2006 
1467 4717 748 
1025 3974 1292 
192 292 2551 
2397 1781 49 
83 1561 224 
78 1648 418 
1461 1703 275 
807 6 2646 
22 1701 372 
4768 2214 40 
87 1578 81 
2668 135 3580 
4396 166 4069 
227 1575 283 
3527 1260 1217 
3658 4397 4133 
1637 4704 768 
1090 4523 2314 
4693 341 2887 
2858 1023 3000 
4861 783 2841 
1825 785 3181 
1339 4447 3538 
1918 385 2930 
4388 2093 3484 
776 1699 2133 
4946 362 1533 
3378 2905 4745 
4744 3372 4342 
3707 4382 3548 
1652 1602 1376 
2083 1023 4445 
1898 2095 1758 
3304 3095 3336 
4172 4146 4952 
3640 2898 603 
2065 1763 4417 
2369 2065 4417 
1066 2268 635 
4401 3249 4409 
3249 20 3831 
4541 3167 4409 
1661 1640 3652 
2233 4400 2128 
3838 3028 3743 
2101 3838 4529 
1882 1361 1903 
1877 2057 1844 
4411 4694 4983 
4252 509 508 
2879 3551 4891 
1913 1189 1406 
2566 1293 2100 
4439 3635 255 
4320 3124 2149 
2200 1815 4445 
3978 3299 1767 
1901 3056 3107 
4795 4671 2968 
1526 2643 2054 
4751 4438 2137 
4761 4939 4684 
4337 1135 3316 
4337 2102 1135 
2277 3419 2267 
2102 4337 4459 
4332 2082 4385 
4332 3683 3305 
4155 2084 4441 
4195 3031 2638 
3844 4668 4310 
3031 4195 4310 
4195 1154 2529 
4396 4069 2627 
166 4396 2529 
1325 3540 823 
3831 4541 4409 
4152 3706 1179 
3436 4368 4441 
4968 2156 4441 
4421 4453 257 
2102 937 1135 
2481 4460 2868 
4460 198 4977 
4908 3434 425 
2860 4415 1203 
3291 2260 2103 
3847 4437 2103 
4544 3864 177 
3873 4504 4412 
260 2122 1933 
1939 2620 4526 
4948 3709 471 
3372 4323 4342 
3884 4752 2296 
2439 4238 3805 
3805 3871 3065 
3321 3871 4339 
4238 3871 3805 
3871 4238 4339 
4238 4104 4339 
4483 3794 3573 
2057 1067 2110 
2417 2383 4452 
1478 2258 4452 
1873 1770 394 
4000 1254 2298 
2095 4611 1616 
756 3756 3649 
4479 957 2744 
3310 4757 4395 
4757 2260 4395 
2222 849 2784 
849 2222 2739 
2575 4755 2196 
701 894 2002 
4410 4180 4475 
2324 4474 2153 
4474 4214 4210 
2322 4410 4475 
4180 3765 4475 
3313 4480 2221 
4480 4211 2221 
4484 4191 2280 
3814 4484 3773 
3911 4478 4102 
3991 4478 2342 
3348 3143 4380 
4671 4767 2968 
3286 4506 3250 
4418 2223 4328 
4939 4761 4418 
2223 4418 4528 
5028 3568 3681 
3270 3138 4490 
4190 302 4381 
2799 1983 925 
3741 1805 883 
4483 908 4466 
4483 3549 908 
4483 3741 4135 
3794 4483 4466 
4835 4165 4887 
4446 4109 3087 
3439 4446 3087 
2580 3250 856 
4462 716 3438 
4495 3478 3528 
1942 4495 3484 
4464 1724 2354 
2354 4164 4464 
4497 1687 1299 
144 4159 4497 
455 3344 4964 
139 4828 4556 
450 449 4718 
4860 4416 4496 
4496 4416 4393 
4470 4496 4393 
4006 968 2814 
2853 1793 2901 
4101 2403 3748 
2403 4101 3146 
3375 4492 2430 
4492 4243 2430 
4104 4238 4442 
2439 4149 4442 
4504 3639 4148 
3639 2830 4148 
4640 2309 810 
2916 2011 4876 
2271 2357 4776 
4061 4640 810 
3876 1070 4510 
2461 4211 4510 
2352 1074 5032 
2799 4169 3602 
4089 4377 4791 
4377 2535 4107 
3717 4213 3731 
1447 457 4459 
4683 3736 4700 
1058 1778 2266 
4522 4828 4471 
3502 139 4154 
64 4165 4899 
4507 2369 4486 
4954 5002 4485 
4191 4954 4485 
4507 4644 3818 
1354 3890 4345 
1796 1041 4345 
4780 4471 4182 
645 2213 2767 
4297 4522 4471 
4522 4297 2990 
1879 4685 2460 
4522 3707 4393 
3707 2375 4393 
3252 4787 4781 
3252 4628 3094 
2200 1873 1815 
680 2502 681 
4651 175 3999 
3980 4482 3438 
3667 3666 4972 
3683 468 4335 
4550 4886 1496 
4796 1743 3736 
4722 3587 3873 
3950 4764 3979 
3752 3950 3809 
2415 2879 878 
4739 2596 4512 
4496 4470 3607 
528 4068 1728 
4028 4524 4805 
3289 3717 4533 
2973 3289 4533 
4519 2973 4533 
4519 931 1511 
2832 4073 4709 
4549 4028 4805 
4419 4721 2492 
4104 4270 4373 
4419 868 4339 
2492 4457 4227 
4370 166 2529 
4370 1154 2690 
3558 4508 4173 
3558 2844 4508 
3101 3352 4536 
529 2885 3459 
117 4229 2629 
804 4543 2629 
2851 2709 3585 
3260 2709 4348 
4099 4509 4348 
4523 3031 2314 
1456 4523 3073 
3191 4546 4656 
3669 3597 3473 
4396 2627 4454 
4107 4454 2627 
4270 4107 2627 
4069 4270 2627 
3144 2776 4529 
2927 4529 3462 
4886 4550 4792 
4886 4971 1496 
3693 4566 1968 
3798 3987 4581 
2114 4534 1964 
4534 2114 1167 
3987 3798 3259 
4733 4538 4916 
4532 3903 3964 
4532 4302 3875 
3637 737 4402 
4274 3637 4402 
2707 3044 4413 
764 1843 2974 
2218 3219 3259 
3275 4552 3233 
4552 4537 3233 
148 3108 3089 
148 1357 4553 
2359 1118 2775 
4525 3164 4836 
1873 4450 1815 
4116 3526 521 
966 4558 3633 
4329 1979 4985 
4877 4597 4443 
3333 4513 1619 
4711 1880 4133 
4575 4343 4877 
4827 4865 3399 
4535 4379 3989 
4301 2771 4535 
2849 3487 4568 
2931 2438 4568 
4372 4705 4384 
3725 4063 3718 
3844 2535 4426 
4677 3519 4426 
4549 4406 2793 
4028 4549 2793 
3231 1926 2561 
4515 3371 4076 
3371 4515 4539 
4738 4515 4288 
4316 4540 2630 
4540 4316 3842 
4278 4574 2764 
825 3108 3774 
4711 4877 4443 
544 3986 1089 
2338 3120 4618 
2311 3383 2099 
4917 198 4580 
4601 4227 4853 
4227 3830 4853 
960 1970 1569 
3549 4135 4491 
4165 4391 4887 
4135 4374 4491 
2797 949 2235 
3608 4514 4287 
778 4514 3608 
958 1611 2847 
3487 4027 4103 
3487 4582 4027 
1023 1296 4445 
995 2952 3144 
3853 3708 4902 
3708 3622 4902 
2993 4589 3951 
3789 4022 4499 
4589 2993 4499 
4499 3313 4833 
4109 4506 4816 
4037 3490 4032 
2936 2577 3754 
935 1230 4423 
4330 4269 4201 
4592 1535 3763 
4256 3066 4208 
4511 4897 2350 
1552 2378 4634 
1363 1956 1355 
3627 4250 4545 
4533 4559 3215 
2768 4559 3027 
4181 113 4595 
1063 2246 3003 
4242 3457 86 
3665 4814 1241 
4247 4984 1993 
4919 4527 4615 
4057 4284 3432 
4063 464 3718 
3334 4306 4829 
4603 1784 2887 
341 4603 2887 
4787 2350 4781 
2837 4594 3089 
2971 1491 3815 
4861 4597 4873 
3907 2679 2994 
3153 4587 3778 
4587 4258 3204 
3444 4856 4572 
4856 4209 4572 
4596 864 4250 
3794 871 3573 
4461 3127 1735 
3082 4461 4216 
4461 1699 4216 
3194 4461 4350 
3840 4599 3522 
3371 4599 4076 
2380 3655 2341 
4820 4271 63 
1131 3311 2583 
4608 3342 461 
4416 4860 4556 
2440 3435 4613 
4460 2727 4618 
3581 2051 4618 
4460 4616 4580 
3990 3257 1114 
2995 3777 2447 
4565 3334 4875 
3777 4809 1481 
5008 4927 4117 
2296 4336 3884 
3866 3856 571 
2218 4265 2686 
1274 2127 4685 
4705 4564 1370 
2731 809 2737 
4220 4607 3063 
4571 2042 999 
4571 4174 4094 
4788 1556 4826 
4250 864 4545 
4874 4623 4556 
2484 1011 1067 
1974 1079 3387 
1447 4366 458 
3627 111 4250 
2278 4600 3236 
4600 3891 3236 
3747 4793 414 
3526 2765 4088 
1178 2521 2766 
4936 3947 4429 
4632 4126 4070 
4126 4632 4209 
1992 857 2064 
3272 3282 3931 
3351 3064 540 
565 3907 566 
3659 4621 4652 
3705 4213 4205 
3705 4481 4816 
3342 4586 462 
4942 4097 4593 
4458 4942 4864 
4097 4346 4819 
491 3035 4262 
4097 4819 4593 
4617 4872 4650 
2787 2869 1830 
836 3498 1546 
4209 3520 4572 
4118 4390 4615 
4390 4573 4615 
3457 4242 4076 
2960 911 4312 
4582 4633 4027 
4027 4633 209 
4636 3253 3852 
3825 844 3853 
4566 3693 3305 
3864 2621 3892 
837 4159 4650 
1860 382 4995 
3026 3591 498 
321 4863 4304 
2367 2879 3932 
2159 2746 614 
1910 2725 4920 
785 2981 3181 
3464 2878 4606 
3742 3464 4606 
4218 4879 4354 
4712 3217 3184 
2735 2080 4222 
501 1466 4246 
4624 130 3268 
4895 3899 4631 
3899 4838 4631 
424 4885 4166 
3611 3150 4496 
4004 4628 4781 
495 2845 3571 
1364 4505 3994 
4505 3525 3994 
1116 4139 4578 
1328 3500 4578 
3231 4955 559 
3280 478 3684 
4122 4665 3722 
4638 1078 3753 
1116 4638 3753 
4646 3615 4204 
4646 3694 3811 
4134 4326 2106 
2487 2476 940 
2299 1098 2349 
3178 1256 3166 
4574 4078 3766 
4078 3606 4659 
2317 4629 4323 
4629 4752 4323 
3755 4066 3967 
2519 3755 3967 
1073 3880 3780 
3880 1073 4669 
2876 4637 3612 
4637 3723 3612 
3823 4674 1380 
4674 1211 3929 
4575 3885 4038 
4206 4653 4924 
4644 3155 3818 
4507 4191 119 
1828 3013 4627 
4131 4678 3832 
4236 4301 4619 
3928 4102 4619 
4277 4278 3842 
4277 2218 4237 
2435 3933 4680 
3823 4245 4680 
3569 3913 4654 
3719 737 4654 
4681 4139 1471 
4139 4681 3644 
1497 3998 4660 
2771 3797 4660 
4564 4172 2418 
4383 4807 4032 
4599 3840 4076 
3840 4284 4076 
4004 3659 4652 
4045 4605 3895 
4605 4045 2651 
2893 4200 4930 
4643 962 2143 
4929 4176 1887 
4191 4602 2280 
4374 4135 4887 
3741 4835 4887 
4244 3031 4668 
4668 3844 4426 
4264 4295 1376 
474 4501 475 
1743 4796 2079 
1673 4635 4972 
1361 4254 503 
4984 4796 2073 
505 4314 3561 
504 1882 3561 
1543 1809 1715 
1931 2393 4990 
4554 1931 4990 
4673 3671 2393 
829 4673 2788 
2641 2782 2229 
2977 2537 2806 
1900 4588 4054 
2579 4777 4755 
4919 4700 1536 
484 3113 485 
4067 4172 4952 
472 3567 473 
4641 3852 889 
1229 4701 4707 
4701 1229 1845 
4392 2213 1077 
3825 2429 3480 
4895 3874 770 
1078 4638 4661 
1446 4953 3716 
1903 3582 898 
498 3591 499 
4542 4579 4944 
4548 2742 3589 
4481 3896 4816 
2090 4536 3298 
2179 2648 4983 
3648 4902 3622 
4516 124 2875 
430 4114 4884 
4713 2867 4829 
4841 4160 2873 
3621 1736 1922 
4683 5006 4928 
4309 3666 753 
4057 3376 4557 
3607 3611 4496 
3888 4813 2611 
3076 594 3677 
4576 4268 4593 
4241 4041 4931 
4733 4942 4854 
4942 4733 4864 
4818 358 4706 
3427 197 4430 
4934 389 1341 
4034 4663 4935 
4140 2596 4798 
2154 958 4719 
4438 3994 266 
4675 1191 4684 
2189 2124 1562 
4715 4831 1562 
1813 2746 2331 
1224 1945 1252 
4732 2880 4678 
4164 2880 4464 
4916 4344 4864 
4733 4916 4864 
313 4735 2663 
4046 188 4735 
4719 958 91 
2760 1134 4706 
2049 1315 4706 
4715 1428 2407 
4712 926 4878 
3062 3468 4848 
3288 4848 4854 
3207 4247 679 
1614 216 290 
1793 2853 1651 
1726 2899 1753 
3988 1005 1927 
601 3059 2420 
3217 3958 1509 
2464 924 2552 
1271 4989 1288 
1162 2508 2011 
4294 4392 1994 
3508 521 4088 
3450 2096 647 
3685 1946 593 
2642 665 2558 
1579 819 1276 
417 4941 3338 
5027 2044 2289 
2425 2571 2227 
3035 491 3632 
4948 2808 4800 
74 1984 3599 
1855 4367 1506 
806 1472 4716 
156 352 742 
1416 279 743 
4585 1413 349 
2610 954 2146 
711 4467 4893 
1867 4682 588 
241 411 2035 
817 4897 3072 
3771 1181 2336 
3539 2138 270 
2255 2799 925 
4743 3080 3083 
1720 1142 1733 
30 2330 4647 
118 2425 3389 
1797 2093 733 
1522 2330 4676 
1846 2202 4933 
262 60 1587 
70 355 309 
46 1386 401 
2518 1153 982 
1561 1485 224 
217 2445 218 
605 1163 2348 
1676 4649 2184 
155 1399 127 
2195 338 1110 
87 22 372 
149 1484 3764 
2254 3137 1721 
947 4387 1544 
272 1745 322 
2247 130 29 
2240 2300 2663 
4321 899 3577 
791 408 4645 
413 388 71 
4869 3516 860 
2259 1851 261 
1005 609 1927 
1032 2895 2312 
3326 3817 454 
3320 2345 4753 
4220 4219 410 
2711 533 2039 
4247 3192 2079 
3220 3064 371 
4254 1361 4193 
3582 4246 898 
3026 498 3575 
2037 2253 2076 
4184 515 1664 
1040 438 4018 
4440 4042 516 
2197 574 1603 
4253 4607 4094 
1970 2882 1569 
3344 3817 4964 
722 2199 2021 
1006 4547 240 
608 1329 1249 
4020 859 1965 
2155 727 1932 
2639 694 2684 
3193 1951 1549 
3303 2801 2958 
100 221 19 
3311 3213 2583 
345 4757 3365 
480 3688 4947 
5030 204 3159 
2160 336 82 
1371 795 2194 
1554 2140 1039 
1794 2626 2682 
1394 2489 3171 
510 984 150 
1881 404 663 
2334 894 1852 
2307 3990 1089 
3847 453 1936 
2856 2108 626 
406 2371 4918 
1892 2555 680 
2148 2644 1286 
123 404 4431 
4064 4591 2625 
2468 1090 2314 
3992 436 4008 
773 300 2399 
3075 1474 640 
2639 1890 1885 
1121 4989 4843 
1059 3739 2320 
2805 4068 2850 
2170 4888 426 
4764 3950 443 
4738 4656 4539 
2589 669 4355 
1878 873 2379 
2300 2240 50 
1433 1238 2785 
984 511 150 
3503 237 1 
686 1863 114 
598 1808 3061 
2671 3958 4712 
839 3516 2811 
1868 4111 4539 
4175 1119 1848 
3147 2363 49 
3429 939 621 
3208 1892 679 
3783 455 4964 
1860 4456 3118 
975 1686 1681 
4248 2792 952 
2831 619 1187 
4741 4583 3693 
2338 3935 1348 
1960 902 3503 
968 4006 5017 
206 4841 1072 
2198 4295 2780 
2240 226 50 
3558 1126 2437 
1684 4907 4845 
5012 682 3202 
2675 2077 1264 
2902 527 4082 
1803 1869 1765 
1436 1524 211 
3660 572 3819 
1177 1255 3084 
3785 2464 2552 
1472 7 4716 
4560 2662 4901 
3362 3425 1450 
1171 4221 1263 
287 1383 2543 
1529 2963 1510 
1737 760 3517 
746 220 196 
3230 4981 395 
1691 191 168 
265 867 4610 
400 1692 1916 
4143 104 4267 
1981 5024 2948 
125 1705 373 
324 322 1937 
1689 738 3493 
3494 1655 24 
130 4188 29 
3205 4407 1799 
4387 947 23 
2245 3446 3256 
4855 1691 168 
4730 1111 749 
4267 2316 259 
2485 138 251 
129 162 338 
1712 822 107 
784 79 68 
4976 3129 2399 
206 2301 4687 
2472 347 274 
4981 3230 233 
100 1321 2770 
1465 4730 749 
294 286 1836 
2117 2812 2938 
1311 3221 3205 
31 1693 268 
1321 100 19 
1703 1461 1694 
139 3502 4828 
3254 1629 2016 
1754 3293 2948 
1485 219 224 
721 2176 1151 
1722 230 309 
184 1529 2145 
1520 269 232 
39 744 9 
2433 163 75 
4897 4511 3072 
76 1709 762 
1801 116 2458 
3004 2942 2408 
4358 783 2834 
293 1287 359 
21 1401 409 
3562 1188 1962 
1420 3220 371 
4375 305 3724 
658 3356 4503 
1880 4697 4129 
3159 2640 1113 
1367 1835 4361 
178 1675 106 
3512 226 245 
1462 3511 3290 
3884 1538 4342 
1992 963 2450 
592 2427 2699 
3314 3986 2729 
4986 2812 1199 
4394 4726 414 
4040 831 2713 
2355 2613 1639 
2559 1579 1276 
1625 340 170 
282 324 1937 
4113 4896 2394 
1739 1520 232 
4704 5 2922 
288 1314 1146 
3247 788 2949 
1865 960 2133 
4093 4780 433 
3700 4394 3226 
2536 1261 681 
801 116 3384 
2997 2144 1943 
463 3725 3718 
1600 2944 481 
4221 1171 3656 
4614 909 3646 
1864 2148 1286 
4166 4331 4348 
1272 1984 273 
2225 208 4119 
3029 2913 603 
1063 597 2274 
1005 4963 2009 
1602 2166 4880 
2374 2356 698 
2548 677 1617 
3004 2802 120 
1867 587 2775 
3010 4962 2379 
521 3508 2953 
3099 1059 2320 
787 5023 2733 
5024 1754 2948 
2500 932 2446 
2512 3214 1324 
1357 3739 4553 
2995 1007 16 
1392 2658 4915 
1816 1896 3733 
775 286 303 
292 2297 2551 
3527 335 396 
11 741 1718 
939 3429 620 
1875 2762 339 
1712 96 377 
4230 76 762 
137 1283 4906 
146 2575 252 
186 42 2244 
789 2485 3114 
1618 2337 133 
405 4120 244 
4408 1697 2360 
236 2152 290 
1555 284 1418 
1697 4408 81 
32 154 2603 
3324 1589 547 
1365 3727 1958 
4554 809 2693 
2595 830 4311 
468 5007 3007 
1289 607 3020 
2832 3843 3 
1554 638 2528 
3122 4336 3711 
2249 3053 4455 
1371 156 742 
3494 3734 235 
4746 3384 4268 
4561 480 4434 
2042 1431 999 
2906 1612 700 
3440 4309 753 
3168 799 1558 
628 3544 1527 
4366 4337 3316 
300 4976 2399 
811 502 4311 
278 4789 343 
813 977 4937 
2047 4946 1533 
1093 1261 2071 
3033 1103 2871 
1572 891 376 
386 171 2657 
3565 839 2811 
1692 330 5035 
231 2554 2394 
318 253 2491 
3850 3318 3284 
4471 2457 4182 
4196 4780 434 
293 228 315 
1499 57 800 
2637 746 196 
170 340 254 
1624 136 1662 
3147 3362 1450 
2362 1054 240 
1054 2362 4970 
210 173 1690 
272 246 820 
384 182 2721 
3325 1389 4405 
1397 250 97 
1675 3366 106 
326 769 1453 
3223 3779 2311 
2165 799 316 
2688 1582 181 
2433 4667 245 
155 3486 2649 
215 220 1305 
2048 779 110 
4747 435 2092 
827 2368 3564 
2532 2273 153 
4516 1489 2157 
2783 1784 1544 
3912 3357 3200 
1859 3665 1275 
3212 3193 781 
624 3557 910 
1102 629 1527 
2563 994 2031 
399 2804 998 
2247 95 89 
2011 2508 4876 
4741 3693 1968 
208 2225 97 
234 1626 794 
402 2688 275 
33 1625 170 
2534 985 1158 
3557 2861 2672 
5027 3093 3431 
1245 1023 2061 
3781 2454 3240 
2619 1016 5004 
4908 425 1530 
2662 4560 4077 
404 1881 872 
4675 1637 2137 
2822 4675 950 
2547 1152 4657 
2175 4469 4657 
3668 2907 4762 
1249 3988 1927 
4741 466 3152 
1855 1298 1393 
4743 710 3080 
214 4302 3975 
3609 3033 4746 
445 3934 4753 
2986 4289 3384 
2457 4747 4182 
2193 1109 4695 
2193 4695 4001 
4813 3888 4708 
4814 1917 1241 
3049 311 4528 
4418 3525 4528 
555 554 3922 
311 4905 4740 
2223 863 4328 
3934 1143 2311 
4642 4295 1138 
4271 4754 63 
4591 1652 1994 
3556 2162 4707 
913 1229 4707 
3802 345 3365 
4757 3310 3365 
444 3448 4756 
4620 4757 4852 
4812 3628 3539 
4812 2349 874 
2221 4211 4759 
4844 2060 4759 
1857 4722 4762 
3210 3507 4199 
2422 2871 4731 
2292 1644 4731 
3164 1644 4836 
1644 2292 4836 
1921 1155 1158 
1489 3188 1160 
3448 164 855 
4752 4342 4323 
353 4752 4117 
4766 2323 4130 
2323 4766 4643 
4760 787 2733 
4380 4760 3348 
1830 1595 1464 
2311 3779 1083 
3383 2311 1083 
714 3032 715 
3032 714 3053 
1705 4771 373 
555 3940 556 
1480 2979 1857 
2381 1071 2373 
4807 4383 440 
2611 2315 3576 
3490 4776 3447 
4776 2357 1988 
139 4623 4154 
4978 2357 4772 
4775 3043 2401 
2119 2573 2581 
2309 4144 810 
2309 2368 4779 
4096 4777 1432 
4777 2579 3182 
3310 2243 451 
2457 4828 4779 
3946 4067 3716 
302 4476 2418 
4061 1115 4640 
1040 142 4823 
2428 1320 1978 
3674 595 4784 
4093 4297 4780 
3123 4501 2449 
2369 4742 4486 
4742 5002 4486 
2411 4511 4787 
189 2411 4787 
4783 223 3543 
4783 3723 2180 
4511 2350 4787 
926 4664 4878 
1822 1434 2900 
4262 2476 2800 
3902 4257 4748 
3586 1723 4748 
4531 4774 2496 
4774 2546 1550 
1118 4682 2775 
4794 2835 2465 
2040 4794 2465 
4782 4525 3023 
4525 4782 4786 
4146 4627 4952 
3013 3505 3552 
4457 4370 2690 
4769 4457 2690 
4721 4069 2492 
4721 4419 4373 
4391 2255 4956 
4737 3904 561 
2572 295 4666 
2037 167 4666 
2553 4790 2974 
4790 2553 4430 
1971 3499 428 
4444 3499 4798 
881 2604 4699 
15 747 4699 
1756 4710 4815 
4106 4815 3002 
2617 3843 4709 
2619 4432 4073 
4432 4549 4805 
4524 2617 4805 
5029 3804 3560 
3634 4123 1082 
1496 2505 4550 
4797 1227 1753 
4604 460 459 
4656 4738 4859 
4834 4725 2847 
3841 4567 1650 
4811 3416 4413 
3343 945 2886 
2718 1606 1122 
3990 545 1089 
4810 3281 2495 
2352 4810 2961 
3045 4734 3541 
3285 4734 4595 
4917 4160 4103 
4583 3436 4441 
3331 1853 4386 
847 535 3387 
2705 4808 2786 
3708 836 1546 
4817 3421 2593 
1925 4778 4128 
4284 4057 4928 
3663 4374 4956 
513 4248 4233 
4671 4795 4564 
4821 2569 2751 
3795 4821 2751 
951 4799 2738 
4799 1347 2738 
3318 1586 3284 
3957 551 3284 
2535 4677 4426 
3686 4677 1019 
1177 2939 4825 
4905 2750 4825 
2675 1118 1894 
4828 4522 4556 
4607 2042 4571 
2790 2737 809 
4033 442 4773 
4476 4190 3238 
864 916 4788 
916 864 3415 
2867 4713 2530 
4306 4565 4500 
2851 4821 4792 
2851 4792 4550 
4793 3248 4508 
4793 2844 414 
1820 4071 1776 
1227 1776 2050 
997 2549 1588 
4820 4834 2847 
3757 1684 4845 
4190 128 3238 
1591 4769 2690 
4457 4769 4227 
2795 1831 4785 
2795 2905 4839 
4071 1831 4839 
1821 2723 2910 
1995 3506 238 
2921 3702 4824 
4084 3278 4824 
2905 2795 4745 
4785 4745 2795 
3070 4842 3042 
1358 2872 4842 
3638 4033 4773 
1941 584 3698 
2925 3269 3298 
3357 4770 3200 
4449 4552 4074 
3066 4847 4208 
834 4847 2876 
1700 4846 1179 
1810 4846 5003 
4723 511 2894 
3806 2971 4844 
2971 311 4844 
2991 4832 4829 
3334 4832 4875 
3396 3936 4819 
3499 4444 878 
3288 1646 934 
4848 5009 4854 
3572 4017 1300 
358 4818 3965 
1622 4209 4856 
3444 893 4856 
4704 1637 896 
3566 897 3184 
2808 470 4800 
2792 4248 513 
4834 4738 4288 
2861 3557 3461 
567 3886 3894 
3321 4696 3065 
4696 3321 2984 
3359 3356 3360 
783 4861 4873 
3008 3266 4862 
3266 3885 4862 
4506 3286 4816 
4481 3143 3896 
3275 3987 3259 
4265 3798 4581 
4703 450 4718 
4942 4458 209 
2984 4601 4853 
4601 2984 3321 
2291 2248 4849 
5009 4848 4849 
3830 3229 4853 
3229 2984 4853 
1944 3377 4857 
3377 4626 4857 
3396 3264 4872 
3936 3396 4872 
3363 4031 4819 
4819 4576 4593 
3904 562 561 
4713 4306 4874 
5013 573 3819 
4324 3496 4875 
345 3802 4959 
3881 4703 3365 
4851 345 4959 
4456 1860 4995 
3449 4873 3545 
3356 2658 4503 
4865 2988 3488 
4827 3399 4077 
3534 3789 4833 
3789 4499 4833 
4114 4005 4891 
4879 4218 3528 
4376 4831 3297 
4248 3535 4233 
4080 527 526 
5034 1979 1320 
3732 4883 4628 
432 3912 3548 
4913 4863 3538 
3784 1759 85 
2144 788 2474 
1256 3178 3684 
4001 3830 4858 
3645 2095 1220 
4090 1896 1459 
3549 4483 4135 
2778 848 1459 
2276 4055 4889 
777 4889 4055 
3629 430 4884 
4837 3629 4884 
1116 3601 4838 
4838 3601 4631 
1777 1629 1160 
4398 880 4125 
4504 3873 4871 
3639 4504 4871 
1079 4558 3387 
2656 2586 4910 
4863 321 4354 
4863 4879 3538 
880 4999 4376 
3756 4898 3853 
4898 3498 3853 
595 3676 4784 
4427 3647 4422 
4252 4260 3505 
4926 4890 4155 
4902 3648 3944 
4902 3825 3853 
4251 4621 4048 
4048 3654 4251 
4837 4035 431 
4900 3654 1909 
4758 3728 4901 
4597 3542 1964 
4343 1405 4877 
1759 2742 4386 
362 4903 1533 
4527 4903 979 
4886 4909 4512 
3592 4860 4685 
2750 4905 1460 
4905 311 3815 
3874 4895 4631 
3899 4895 4661 
4331 2027 423 
4134 1787 4326 
4315 4911 4980 
2586 4209 4910 
198 4460 4580 
4103 4106 3487 
4030 2909 4854 
4914 4942 4041 
3525 4761 3994 
4761 266 3994 
4344 4458 4864 
3859 449 4688 
4344 4916 4276 
887 3175 688 
4180 4085 4663 
4085 4180 2466 
4097 4633 4346 
4919 5006 4683 
4919 4683 4700 
1864 2955 720 
4160 930 2873 
4527 4998 4923 
4527 4923 4615 
4122 4206 4924 
256 3999 4924 
4253 3456 3472 
4104 4089 4791 
4377 4107 4791 
4929 4835 883 
4835 3741 883 
4176 4929 883 
4835 4929 4899 
490 1609 3261 
4851 4927 4852 
4643 4930 2859 
4643 4766 4930 
3427 4430 3916 
3947 4790 4430 
4391 4374 4887 
4135 3741 4887 
4041 4720 4931 
4289 4241 4931 
64 5002 4169 
4485 5002 4899 
4085 2924 4935 
2956 4034 4935 
4537 4552 4936 
4552 4449 4936 
4049 4289 4613 
4289 2986 4613 
4694 4411 4926 
4596 102 4875 
4831 4950 3297 
4565 4306 3334 
3440 4683 4928 
172 4309 4928 
18 711 4893 
249 4349 4893 
4939 4418 4328 
4939 2822 950 
4909 4886 3795 
4971 4886 4512 
2310 1225 3588 
4913 4542 4944 
4641 456 4636 
4863 4913 4944 
4942 4914 4854 
4720 4942 4593 
710 1928 2669 
3927 3940 2708 
3198 4948 4800 
4434 480 4947 
3688 3178 4947 
3505 3013 4938 
509 4252 4938 
1586 936 3284 
2658 3356 4915 
3356 3359 4915 
362 4946 672 
4690 1668 1333 
783 4358 2841 
767 4358 2987 
4397 4653 4133 
8 1568 1802 
8 2723 1568 
4958 1862 4054 
4958 4588 4836 
2896 4994 4736 
2905 3378 2754 
3986 2307 1089 
2729 3973 4937 
4937 1663 2729 
1774 4630 4957 
617 3619 4957 
4710 1756 1731 
2164 1142 3039 
4933 1611 2215 
2202 2217 4933 
3779 4749 1083 
4749 3383 1083 
4801 2848 910 
3817 1309 4964 
3329 3783 4964 
1239 4963 1254 
1239 3750 2009 
3572 1382 3668 
3572 3668 4412 
1602 4880 1376 
3466 642 2781 
4726 3497 4892 
3747 4726 4892 
1697 2241 4584 
1697 4584 2360 
754 3653 4363 
3583 1897 1477 
1477 1824 4960 
4542 788 4951 
4579 4542 4951 
4414 4978 4772 
1080 740 2335 
4974 3085 2951 
4974 2655 2327 
4331 3260 4348 
4415 371 398 
4925 2207 4736 
438 1040 4823 
4865 3451 3399 
69 3714 297 
3726 2084 4973 
4927 4851 4117 
4907 3238 128 
4907 3784 4826 
2504 1209 4982 
2556 954 4843 
4989 2234 1288 
2075 4984 2073 
4984 2075 1993 
2306 2877 4961 
2937 2306 4961 
3703 4897 590 
4608 460 3800 
4123 4971 2539 
2522 4971 4512 
3732 4686 4871 
1041 2386 4345 
1398 2386 1253 
4925 4994 1822 
4994 2896 1832 
1121 617 2904 
3339 532 2005 
4394 52 3226 
2532 2409 2273 
3090 581 4553 
965 3565 2811 
2898 3640 2341 
66 20 4800 
3223 1143 2209 
2364 4105 795 
2236 4932 1619 
2507 576 1068 
1338 357 684 
3162 3158 689 
2906 2762 1055 
1889 1466 501 
747 15 3 
1928 4940 2669 
4730 1465 3338 
3984 305 4378 
279 1416 363 
2113 2132 729 
942 2063 2436 
563 3071 3908 
4940 4467 2669 
403 337 354 
815 4518 363 
286 294 303 
2542 4728 2006 
411 241 4403 
579 2219 3171 
2946 3628 5031 
827 436 2304 
4517 3401 3699 
3388 659 4526 
344 337 1344 
1095 4264 4880 
2864 765 4956 
1412 4026 758 
1487 280 225 
242 383 225 
1863 1604 114 
3033 1584 1710 
3935 4351 1348 
879 4225 4233 
1153 1911 982 
535 4059 3387 
735 2912 2133 
162 1399 338 
2195 129 338 
250 1397 121 
1739 285 181 
247 1685 4487 
1784 35 2887 
57 2608 800 
2214 4768 1635 
210 368 153 
947 797 23 
3430 4724 3096 
3366 791 106 
1725 58 391 
161 4866 2603 
2160 115 1284 
1385 801 3384 
591 3604 3072 
1851 703 261 
3554 623 953 
2242 1285 2739 
3064 3220 540 
4042 2681 516 
905 1021 1001 
552 3566 3184 
2912 776 2133 
4184 2820 869 
1589 3324 1479 
929 2159 614 
2937 2914 621 
1940 1746 705 
1975 723 2021 
2498 2691 1571 
466 3744 3152 
2155 728 2996 
2124 2791 2528 
35 36 2887 
2480 691 3148 
4704 2922 768 
2222 1834 2739 
1141 2926 612 
2427 592 2838 
709 390 1952 
589 420 3006 
4690 2203 1751 
487 4463 3613 
708 4132 3100 
4068 528 4082 
1130 2750 1481 
2345 4744 446 
3508 522 2953 
4946 3697 672 
4524 1720 4699 
2975 2326 616 
3193 3212 1642 
388 53 71 
2162 1132 4707 
406 691 2444 
719 2148 3014 
4591 4064 1950 
4325 497 4327 
140 84 2344 
4226 52 414 
1655 3494 235 
3588 1225 615 
1023 2083 2061 
4789 2406 343 
3196 1373 1698 
1819 2083 4445 
2255 3504 4956 
4987 1178 2134 
3843 2832 4709 
159 3503 1 
154 32 48 
466 4741 3308 
638 1554 1039 
208 4992 4119 
630 3262 3993 
2164 1232 1733 
3866 570 3870 
3851 3856 3185 
3241 362 672 
4667 3512 245 
633 2616 850 
1563 3342 462 
2475 3231 559 
3604 817 3072 
4132 28 3100 
1410 1742 4843 
3293 2037 4666 
4763 632 3513 
2132 2113 1964 
3565 965 1362 
2766 1058 2266 
3125 3833 717 
3252 974 4787 
4453 4433 257 
2563 2652 2564 
2125 721 2226 
3682 4175 1848 
3121 1606 1479 
496 4091 3571 
2397 206 4687 
2356 3834 698 
2102 457 1717 
2881 507 3550 
2318 597 3003 
4808 1474 941 
260 1997 3729 
204 5030 3079 
584 1941 969 
4881 169 138 
2245 1584 2871 
132 759 147 
3091 3532 485 
426 4888 3423 
2792 512 952 
164 3752 855 
4092 523 4098 
2 3700 3226 
697 2402 3132 
404 123 663 
1729 4068 2805 
2185 228 296 
4744 1538 446 
757 4021 3218 
3506 1995 1651 
1505 3175 1688 
55 1704 391 
3503 2667 1234 
4494 1932 727 
3176 575 2749 
2885 3189 3459 
507 4260 508 
674 2085 5011 
4095 3131 3132 
448 3859 4688 
3055 1978 4729 
1283 2858 3000 
1242 592 2699 
1255 1177 2750 
4865 4827 4520 
328 45 308 
456 4648 4636 
1565 2770 1321 
4468 4987 2134 
2963 1529 174 
4981 4921 395 
3136 289 4158 
3497 3700 3651 
1626 234 254 
1703 402 275 
1705 125 122 
57 1499 67 
34 4850 2405 
4407 2571 1799 
222 4855 168 
11 1734 818 
4612 203 2733 
1465 417 3338 
99 278 343 
3175 887 1688 
115 2160 82 
41 790 54 
2001 1890 2684 
819 4996 2035 
814 4404 2424 
2219 1394 3171 
3254 124 2157 
1484 149 307 
4547 2362 240 
1724 246 320 
3935 2338 80 
60 3772 1587 
109 163 802 
1547 4988 44 
1155 1921 578 
757 3218 1420 
1268 3676 865 
3356 658 3360 
1383 1518 2543 
2330 30 4676 
4912 267 2206 
4723 2918 2866 
6 807 212 
3136 1386 289 
3558 3555 112 
138 2485 4881 
803 1679 38 
543 3973 3307 
4992 2777 4119 
45 2171 308 
2804 399 3290 
924 3974 2552 
1561 83 418 
1701 22 94 
242 276 1672 
1007 2995 2447 
1435 4351 4286 
3682 4450 394 
1911 1153 1914 
3287 776 1585 
2207 3177 4736 
4427 4436 488 
732 2934 1943 
660 2620 3341 
3631 1600 481 
2870 628 627 
493 909 1823 
467 888 3097 
3097 3683 4335 
4724 4698 3577 
573 3660 3819 
3454 648 2670 
4749 3448 855 
543 813 4937 
4513 3333 3018 
3189 2885 2796 
1285 2242 4995 
4341 494 3636 
2838 1577 2427 
3529 492 4081 
1221 533 2694 
2093 1797 1942 
3792 4622 458 
509 948 4369 
1281 1119 4892 
4963 1005 4762 
2698 323 568 
37 435 4008 
678 942 2436 
323 2698 5014 
4381 2607 736 
1389 3325 360 
361 366 1455 
3370 2044 3431 
1667 419 334 
814 1597 342 
277 263 135 
96 1712 107 
779 2962 110 
193 184 2145 
104 4143 2196 
1578 87 372 
216 236 290 
3004 312 1165 
1722 798 230 
1679 154 48 
1916 98 2360 
1666 56 1541 
1099 304 90 
126 125 373 
116 194 2458 
1126 3558 112 
3318 2498 1571 
540 2518 982 
3068 3053 3910 
2701 3231 3918 
4337 4366 4459 
355 70 1599 
3095 3304 200 
34 1986 3381 
452 2243 4689 
263 277 1694 
5030 347 3079 
1800 415 3302 
1624 143 136 
207 2541 393 
2601 101 40 
796 1689 3140 
2853 3506 1651 
193 1737 3517 
182 384 200 
99 2554 231 
787 2185 296 
349 775 303 
267 4912 4647 
4667 2433 75 
42 2384 2244 
739 77 388 
696 26 3733 
2273 2409 179 
3129 4976 183 
4551 27 1458 
2844 3558 2437 
1629 755 2016 
3381 766 2794 
350 1318 346 
1951 3193 1642 
1997 464 3729 
511 4723 2866 
1968 4566 467 
1889 500 4960 
5022 0 3577 
831 4040 1647 
1648 248 374 
1582 1739 181 
182 3256 2721 
13 3017 1649 
2451 271 5018 
4988 1547 1457 
1386 46 289 
3299 3978 547 
123 2104 663 
4433 859 257 
3709 4948 3234 
472 3709 3234 
1853 3331 4803 
4073 1024 4709 
4175 3682 394 
4114 430 4005 
4502 1016 3336 
2981 730 3181 
3692 1048 476 
3280 4488 479 
4314 504 3561 
2413 530 2796 
660 3388 4526 
1206 3331 4386 
811 830 503 
4247 3207 4273 
2152 236 4610 
3834 2356 699 
1312 1946 3677 
2108 2856 627 
3176 2197 1603 
2898 3655 604 
66 470 2130 
2404 1314 998 
4997 4986 1199 
357 1338 4982 
1428 301 636 
422 4221 3599 
4717 1467 3244 
156 1371 2194 
337 403 1344 
4682 1867 2775 
3511 1452 4403 
909 494 1823 
835 2255 4391 
709 1954 3083 
3833 3125 718 
1522 17 409 
335 891 396 
1023 1245 3000 
1648 78 248 
4649 545 1114 
98 4408 2360 
3209 1399 2649 
4979 1486 3577 
171 386 1541 
738 3137 3493 
4387 2783 1544 
2368 827 2304 
246 1724 820 
262 2608 61 
1006 1137 1672 
195 2014 1670 
792 3772 72 
791 3366 1645 
219 1485 307 
317 325 2354 
194 2755 2458 
3370 4869 860 
702 2259 261 
3817 3326 3746 
4744 2345 1785 
1361 1882 4193 
3582 502 1761 
4440 515 4183 
4366 1447 4459 
437 3485 4018 
2882 1970 3663 
1329 3988 1249 
0 4979 3577 
1746 1940 706 
563 4003 973 
1565 2165 316 
2584 2548 1617 
1155 2534 1158 
4830 331 1113 
675 3193 918 
390 2264 1952 
352 1476 742 
1048 3692 477 
3697 4946 673 
452 151 1936 
2371 692 4918 
2555 1892 1993 
3390 4520 238 
1059 2284 582 
1978 3055 3074 
3434 4904 425 
2254 803 38 
852 4007 3402 
2499 2512 1324 
2300 93 2663 
3342 1563 461 
2667 902 1362 
4562 670 2087 
1373 3196 4530 
12 2301 72 
4280 2881 3550 
3091 486 3532 
3535 4248 952 
744 2051 9 
528 2902 4082 
2939 1177 3084 
3244 786 2089 
3985 3974 2023 
4405 806 4716 
3390 2988 4520 
745 3962 1263 
173 760 1690 
215 2631 62 
191 1691 351 
2575 146 854 
1701 13 1649 
126 413 71 
766 3381 1986 
95 2247 29 
2571 4407 2227 
1693 31 14 
2802 3004 1165 
2363 2397 49 
4789 4120 2406 
205 2517 4389 
401 1572 376 
2302 1503 2615 
799 2165 1558 
1467 786 3244 
1503 2302 4569 
23 797 14 
1597 221 342 
1570 1618 133 
1981 4516 2875 
4692 2942 120 
2445 217 351 
253 798 2491 
798 253 230 
4281 4988 1457 
77 53 388 
9 2051 41 
2421 109 802 
722 2125 2226 
4000 4371 610 
3562 1282 626 
1268 3076 1252 
305 3984 3724 
489 4361 1609 
17 21 409 
27 822 1458 
719 4300 3018 
158 2510 4658 
399 1462 3290 
4969 2755 751 
899 4724 3577 
367 2472 274 
282 774 2613 
1678 1726 1753 
1575 1625 283 
774 282 1937 
1499 108 67 
65 1547 44 
985 2922 1158 
2957 730 4951 
1295 1909 1406 
596 3055 2274 
3750 1239 610 
676 2584 1617 
904 1521 3410 
522 3508 3518 
1318 203 346 
2512 2499 2769 
977 813 542 
4996 241 2035 
1007 3774 16 
314 294 1836 
192 367 274 
2762 2906 700 
1283 1245 4906 
4230 2048 110 
137 2517 2412 
1436 202 2244 
199 854 146 
2384 42 62 
269 1520 381 
1165 1555 1418 
1578 1697 81 
4591 4392 2625 
551 3957 370 
2124 1015 2803 
4003 562 990 
2588 671 3180 
4561 3631 481 
773 325 300 
109 2421 165 
3242 330 1635 
3966 3850 3284 
3446 2245 2871 
4717 7 748 
228 2185 315 
415 1800 4569 
306 234 794 
3358 3385 539 
2225 1397 97 
790 412 54 
1513 328 308 
1625 33 283 
2688 402 1427 
2367 428 878 
2631 215 1305 
4083 2092 434 
2364 403 354 
4035 4770 431 
3046 3174 688 
608 3621 1922 
1518 2269 2543 
271 185 5018 
2804 2404 998 
3247 2957 4951 
4432 2619 5004 
2104 123 821 
4908 59 2503 
2879 429 3932 
785 4579 2981 
1686 618 1681 
4827 4560 4520 
4570 2643 319 
2456 3674 4784 
4737 3920 560 
905 4448 1166 
881 1720 1733 
2808 4948 471 
2662 4758 4901 
3619 833 4957 
3177 523 4736 
28 1346 3100 
28 4132 707 
4999 4859 4376 
4999 4398 4656 
4458 4344 4977 
3996 4458 4977 
2722 5001 4732 
5001 2880 4732 
5002 4954 4486 
5002 4742 4169 
4507 4954 4191 
4954 4507 4486 
4502 4549 5004 
1016 4502 5004 
2248 4538 4849 
2082 4968 2013 
4573 5006 4615 
5006 4573 4928 
4597 4993 4944 
4993 4597 4304 
4632 4315 4980 
4209 4632 4980 
5009 4733 4854 
2084 4968 4441 
4752 4629 3335 
4752 5008 4117 
2894 1810 5003 
4846 1700 5003 
2742 857 4386 
857 1206 4386 
2053 5010 4421 
4453 4421 5010 
2698 3211 5014 
3222 569 5014 
5013 3819 1049 
5013 1131 2583 
5015 3013 3552 
2881 5015 3552 
2755 2361 2501 
1566 2661 5016 
5017 4006 2901 
3430 2285 5017 
5005 1990 1145 
1282 5005 1145 
5020 3729 3228 
260 5020 2136 
5021 1294 1233 
1904 5021 1233 
2677 4945 3626 
4945 1980 3626 
5019 1310 1368 
1310 5019 1197 
1320 1979 4729 
1978 1320 4729 
3757 5025 3763 
4592 5025 928 
5011 2520 2007 
2007 3212 5011 
5012 1209 2504 
682 5012 2504 
2044 5027 3431 
2246 1979 5026 
1552 1808 5026 
4565 4620 3681 
4620 4927 3335 
4420 4898 5029 
4898 4124 5029 
914 3281 5032 
4810 2352 5032 
2761 5033 1914 
5033 4043 3393 
5034 4871 4985 
3603 4883 5034 
        </DataArray>
        <DataArray type="Int32" Name="offsets" format="ascii">
3
6
9
12
15
18
21
24
27
30
33
36
39
42
45
48
51
54
57
60
63
66
69
72
75
78
81
84
87
90
93
96
99
102
105
108
111
114
117
120
123
126
129
132
135
138
141
144
147
150
153
156
159
162
165
168
171
174
177
180
183
186
189
192
195
198
201
204
207
210
213
216
219
222
225
228
231
234
237
240
243
246
249
252
255
258
261
264
267
270
273
276
279
282
285
288
291
294
297
300
303
306
309
312
315
318
321
324
327
330
333
336
339
342
345
348
351
354
357
360
363
366
369
372
375
378
381
384
387
390
393
396
399
402
405
408
411
414
417
420
423
426
429
432
435
438
441
444
447
450
453
456
459
462
465
468
471
474
477
480
483
486
489
492
495
498
501
504
507
510
513
516
519
522
525
528
531
534
537
540
543
546
549
552
555
558
561
564
567
570
573
576
579
582
585
588
591
594
597
600
603
606
609
612
615
618
621
624
627
630
633
636
639
642
645
648
651
654
657
660
663
666
669
672
675
678
681
684
687
690
693
696
699
702
705
708
711
714
717
720
723
726
729
732
735
738
741
744
747
750
753
756
759
762
765
768
771
774
777
780
783
786
789
792
795
798
801
804
807
810
813
816
819
822
825
828
831
834
837
840
843
846
849
852
855
858
861
864
867
870
873
876
879
882
885
888
891
894
897
900
903
906
909
912
915
918
921
924
927
930
933
936
939
942
945
948
951
954
957
960
963
966
969
972
975
978
981
984
987
990
993
996
999
1002
1005
1008
1011
1014
1017
1020
1023
1026
1029
1032
1035
1038
1041
1044
1047
1050
1053
1056
1059
1062
1065
1068
1071
1074
1077
1080
1083
1086
1089
1092
1095
1098
1101
1104
1107
1110
1113
1116
1119
1122
1125
1128
1131
1134
1137
1140
1143
1146
1149
1152
1155
1158
1161
1164
1167
1170
1173
1176
1179
1182
1185
1188
1191
1194
1197
1200
1203
1206
1209
1212
1215
1218
1221
1224
1227
1230
1233
1236
1239
1242
1245
1248
1251
1254
1257
1260
1263
1266
1269
1272
1275
1278
1281
1284
1287
1290
1293
1296
1299
1302
1305
1308
1311
1314
1317
1320
1323
1326
1329
1332
1335
1338
1341
1344
1347
1350
1353
1356
1359
1362
1365
1368
1371
1374
1377
1380
1383
1386
1389
1392
1395
1398
1401
1404
1407
1410
1413
1416
1419
1422
1425
1428
1431
1434
1437
1440
1443
1446
1449
1452
1455
1458
1461
1464
1467
1470
1473
1476
1479
1482
1485
1488
1491
1494
1497
1500
1503
1506
1509
1512
1515
1518
1521
1524
1527
1530
1533
1536
1539
1542
1545
1548
1551
1554
1557
1560
1563
1566
1569
1572
1575
1578
1581
1584
1587
1590
1593
1596
1599
1602
1605
1608
1611
1614
1617
1620
1623
1626
1629
1632
1635
1638
1641
1644
1647
1650
1653
1656
1659
1662
1665
1668
1671
1674
1677
1680
1683
1686
1689
1692
1695
1698
1701
1704
1707
1710
1713
1716
1719
1722
1725
1728
1731
1734
1737
1740
1743
1746
1749
1752
1755
1758
1761
1764
1767
1770
1773
1776
1779
1782
1785
1788
1791
1794
1797
1800
1803
1806
1809
1812
1815
1818
1821
1824
1827
1830
1833
1836
1839
1842
1845
1848
1851
1854
1857
1860
1863
1866
1869
1872
1875
1878
1881
1884
1887
1890
1893
1896
1899
1902
1905
1908
1911
1914
1917
1920
1923
1926
1929
1932
1935
1938
1941
1944
1947
1950
1953
1956
1959
1962
1965
1968
1971
1974
1977
1980
1983
1986
1989
1992
1995
1998
2001
2004
2007
2010
2013
2016
2019
2022
2025
2028
2031
2034
2037
2040
2043
2046
2049
2052
2055
2058
2061
2064
2067
2070
2073
2076
2079
2082
2085
2088
2091
2094
2097
2100
2103
2106
2109
2112
2115
2118
2121
2124
2127
2130
2133
2136
2139
2142
2145
2148
2151
2154
2157
2160
2163
2166
2169
2172
2175
2178
2181
2184
2187
2190
2193
2196
2199
2202
2205
2208
2211
2214
2217
2220
2223
2226
2229
2232
2235
2238
2241
2244
2247
2250
2253
2256
2259
2262
2265
2268
2271
2274
2277
2280
2283
2286
2289
2292
2295
2298
2301
2304
2307
2310
2313
2316
2319
2322
2325
2328
2331
2334
2337
2340
2343
2346
2349
2352
2355
2358
2361
2364
2367
2370
2373
2376
2379
2382
2385
2388
2391
2394
2397
2400
2403
2406
2409
2412
2415
2418
2421
2424
2427
2430
2433
2436
2439
2442
2445
2448
2451
2454
2457
2460
2463
2466
2469
2472
2475
2478
2481
2484
2487
2490
2493
2496
2499
2502
2505
2508
2511
2514
2517
2520
2523
2526
2529
2532
2535
2538
2541
2544
2547
2550
2553
2556
2559
2562
2565
2568
2571
2574
2577
2580
2583
2586
2589
2592
2595
2598
2601
2604
2607
2610
2613
2616
2619
2622
2625
2628
2631
2634
2637
2640
2643
2646
2649
2652
2655
2658
2661
2664
2667
2670
2673
2676
2679
2682
2685
2688
2691
2694
2697
2700
2703
2706
2709
2712
2715
2718
2721
2724
2727
2730
2733
2736
2739
2742
2745
2748
2751
2754
2757
2760
2763
2766
2769
2772
2775
2778
2781
2784
2787
2790
2793
2796
2799
2802
2805
2808
2811
2814
2817
2820
2823
2826
2829
2832
2835
2838
2841
2844
2847
2850
2853
2856
2859
2862
2865
2868
2871
2874
2877
2880
2883
2886
2889
2892
2895
2898
2901
2904
2907
2910
2913
2916
2919
2922
2925
2928
2931
2934
2937
2940
2943
2946
2949
2952
2955
2958
2961
2964
2967
2970
2973
2976
2979
2982
2985
2988
2991
2994
2997
3000
3003
3006
3009
3012
3015
3018
3021
3024
3027
3030
3033
3036
3039
3042
3045
3048
3051
3054
3057
3060
3063
3066
3069
3072
3075
3078
3081
3084
3087
3090
3093
3096
3099
3102
3105
3108
3111
3114
3117
3120
3123
3126
3129
3132
3135
3138
3141
3144
3147
3150
3153
3156
3159
3162
3165
3168
3171
3174
3177
3180
3183
3186
3189
3192
3195
3198
3201
3204
3207
3210
3213
3216
3219
3222
3225
3228
3231
3234
3237
3240
3243
3246
3249
3252
3255
3258
3261
3264
3267
3270
3273
3276
3279
3282
3285
3288
3291
3294
3297
3300
3303
3306
3309
3312
3315
3318
3321
3324
3327
3330
3333
3336
3339
3342
3345
3348
3351
3354
3357
3360
3363
3366
3369
3372
3375
3378
3381
3384
3387
3390
3393
3396
3399
3402
3405
3408
3411
3414
3417
3420
3423
3426
3429
3432
3435
3438
3441
3444
3447
3450
3453
3456
3459
3462
3465
3468
3471
3474
3477
3480
3483
3486
3489
3492
3495
3498
3501
3504
3507
3510
3513
3516
3519
3522
3525
3528
3531
3534
3537
3540
3543
3546
3549
3552
3555
3558
3561
3564
3567
3570
3573
3576
3579
3582
3585
3588
3591
3594
3597
3600
3603
3606
3609
3612
3615
3618
3621
3624
3627
3630
3633
3636
3639
3642
3645
3648
3651
3654
3657
3660
3663
3666
3669
3672
3675
3678
3681
3684
3687
3690
3693
3696
3699
3702
3705
3708
3711
3714
3717
3720
3723
3726
3729
3732
3735
3738
3741
3744
3747
3750
3753
3756
3759
3762
3765
3768
3771
3774
3777
3780
3783
3786
3789
3792
3795
3798
3801
3804
3807
3810
3813
3816
3819
3822
3825
3828
3831
3834
3837
3840
3843
3846
3849
3852
3855
3858
3861
3864
3867
3870
3873
3876
3879
3882
3885
3888
3891
3894
3897
3900
3903
3906
3909
3912
3915
3918
3921
3924
3927
3930
3933
3936
3939
3942
3945
3948
3951
3954
3957
3960
3963
3966
3969
3972
3975
3978
3981
3984
3987
3990
3993
3996
3999
4002
4005
4008
4011
4014
4017
4020
4023
4026
4029
4032
4035
4038
4041
4044
4047
4050
4053
4056
4059
4062
4065
4068
4071
4074
4077
4080
4083
4086
4089
4092
4095
4098
4101
4104
4107
4110
4113
4116
4119
4122
4125
4128
4131
4134
4137
4140
4143
4146
4149
4152
4155
4158
4161
4164
4167
4170
4173
4176
4179
4182
4185
4188
4191
4194
4197
4200
4203
4206
4209
4212
4215
4218
4221
4224
4227
4230
4233
4236
4239
4242
4245
4248
4251
4254
4257
4260
4263
4266
4269
4272
4275
4278
4281
4284
4287
4290
4293
4296
4299
4302
4305
4308
4311
4314
4317
4320
4323
4326
4329
4332
4335
4338
4341
4344
4347
4350
4353
4356
4359
4362
4365
4368
4371
4374
4377
4380
4383
4386
4389
4392
4395
4398
4401
4404
4407
4410
4413
4416
4419
4422
4425
4428
4431
4434
4437
4440
4443
4446
4449
4452
4455
4458
4461
4464
4467
4470
4473
4476
4479
4482
4485
4488
4491
4494
4497
4500
4503
4506
4509
4512
4515
4518
4521
4524
4527
4530
4533
4536
4539
4542
4545
4548
4551
4554
4557
4560
4563
4566
4569
4572
4575
4578
4581
4584
4587
4590
4593
4596
4599
4602
4605
4608
4611
4614
4617
4620
4623
4626
4629
4632
4635
4638
4641
4644
4647
4650
4653
4656
4659
4662
4665
4668
4671
4674
4677
4680
4683
4686
4689
4692
4695
4698
4701
4704
4707
4710
4713
4716
4719
4722
4725
4728
4731
4734
4737
4740
4743
4746
4749
4752
4755
4758
4761
4764
4767
4770
4773
4776
4779
4782
4785
4788
4791
4794
4797
4800
4803
4806
4809
4812
4815
4818
4821
4824
4827
4830
4833
4836
4839
4842
4845
4848
4851
4854
4857
4860
4863
4866
4869
4872
4875
4878
4881
4884
4887
4890
4893
4896
4899
4902
4905
4908
4911
4914
4917
4920
4923
4926
4929
4932
4935
4938
4941
4944
4947
4950
4953
4956
4959
4962
4965
4968
4971
4974
4977
4980
4983
4986
4989
4992
4995
4998
5001
5004
5007
5010
5013
5016
5019
5022
5025
5028
5031
5034
5037
5040
5043
5046
5049
5052
5055
5058
5061
5064
5067
5070
5073
5076
5079
5082
5085
5088
5091
5094
5097
5100
5103
5106
5109
5112
5115
5118
5121
5124
5127
5130
5133
5136
5139
5142
5145
5148
5151
5154
5157
5160
5163
5166
5169
5172
5175
5178
5181
5184
5187
5190
5193
5196
5199
5202
5205
5208
5211
5214
5217
5220
5223
5226
5229
5232
5235
5238
5241
5244
5247
5250
5253
5256
5259
5262
5265
5268
5271
5274
5277
5280
5283
5286
5289
5292
5295
5298
5301
5304
5307
5310
5313
5316
5319
5322
5325
5328
5331
5334
5337
5340
5343
5346
5349
5352
5355
5358
5361
5364
5367
5370
5373
5376
5379
5382
5385
5388
5391
5394
5397
5400
5403
5406
5409
5412
5415
5418
5421
5424
5427
5430
5433
5436
5439
5442
5445
5448
5451
5454
5457
5460
5463
5466
5469
5472
5475
5478
5481
5484
5487
5490
5493
5496
5499
5502
5505
5508
5511
5514
5517
5520
5523
5526
5529
5532
5535
5538
5541
5544
5547
5550
5553
5556
5559
5562
5565
5568
5571
5574
5577
5580
5583
5586
5589
5592
5595
5598
5601
5604
5607
5610
5613
5616
5619
5622
5625
5628
5631
5634
5637
5640
5643
5646
5649
5652
5655
5658
5661
5664
5667
5670
5673
5676
5679
5682
5685
5688
5691
5694
5697
5700
5703
5706
5709
5712
5715
5718
5721
5724
5727
5730
5733
5736
5739
5742
5745
5748
5751
5754
5757
5760
5763
5766
5769
5772
5775
5778
5781
5784
5787
5790
5793
5796
5799
5802
5805
5808
5811
5814
5817
5820
5823
5826
5829
5832
5835
5838
5841
5844
5847
5850
5853
5856
5859
5862
5865
5868
5871
5874
5877
5880
5883
5886
5889
5892
5895
5898
5901
5904
5907
5910
5913
5916
5919
5922
5925
5928
5931
5934
5937
5940
5943
5946
5949
5952
5955
5958
5961
5964
5967
5970
5973
5976
5979
5982
5985
5988
5991
5994
5997
6000
6003
6006
6009
6012
6015
6018
6021
6024
6027
6030
6033
6036
6039
6042
6045
6048
6051
6054
6057
6060
6063
6066
6069
6072
6075
6078
6081
6084
6087
6090
6093
6096
6099
6102
6105
6108
6111
6114
6117
6120
6123
6126
6129
6132
6135
6138
6141
6144
6147
6150
6153
6156
6159
6162
6165
6168
6171
6174
6177
6180
6183
6186
6189
6192
6195
6198
6201
6204
6207
6210
6213
6216
6219
6222
6225
6228
6231
6234
6237
6240
6243
6246
6249
6252
6255
6258
6261
6264
6267
6270
6273
6276
6279
6282
6285
6288
6291
6294
6297
6300
6303
6306
6309
6312
6315
6318
6321
6324
6327
6330
6333
6336
6339
6342
6345
6348
6351
6354
6357
6360
6363
6366
6369
6372
6375
6378
6381
6384
6387
6390
6393
6396
6399
6402
6405
6408
6411
6414
6417
6420
6423
6426
6429
6432
6435
6438
6441
6444
6447
6450
6453
6456
6459
6462
6465
6468
6471
6474
6477
6480
6483
6486
6489
6492
6495
6498
6501
6504
6507
6510
6513
6516
6519
6522
6525
6528
6531
6534
6537
6540
6543
6546
6549
6552
6555
6558
6561
6564
6567
6570
6573
6576
6579
6582
6585
6588
6591
6594
6597
6600
6603
6606
6609
6612
6615
6618
6621
6624
6627
6630
6633
6636
6639
6642
6645
6648
6651
6654
6657
6660
6663
6666
6669
6672
6675
6678
6681
6684
6687
6690
6693
6696
6699
6702
6705
6708
6711
6714
6717
6720
6723
6726
6729
6732
6735
6738
6741
6744
6747
6750
6753
6756
6759
6762
6765
6768
6771
6774
6777
6780
6783
6786
6789
6792
6795
6798
6801
6804
6807
6810
6813
6816
6819
6822
6825
6828
6831
6834
6837
6840
6843
6846
6849
6852
6855
6858
6861
6864
6867
6870
6873
6876
6879
6882
6885
6888
6891
6894
6897
6900
6903
6906
6909
6912
6915
6918
6921
6924
6927
6930
6933
6936
6939
6942
6945
6948
6951
6954
6957
6960
6963
6966
6969
6972
6975
6978
6981
6984
6987
6990
6993
6996
6999
7002
7005
7008
7011
7014
7017
7020
7023
7026
7029
7032
7035
7038
7041
7044
7047
7050
7053
7056
7059
7062
7065
7068
7071
7074
7077
7080
7083
7086
7089
7092
7095
7098
7101
7104
7107
7110
7113
7116
7119
7122
7125
7128
7131
7134
7137
7140
7143
7146
7149
7152
7155
7158
7161
7164
7167
7170
7173
7176
7179
7182
7185
7188
7191
7194
7197
7200
7203
7206
7209
7212
7215
7218
7221
7224
7227
7230
7233
7236
7239
7242
7245
7248
7251
7254
7257
7260
7263
7266
7269
7272
7275
7278
7281
7284
7287
7290
7293
7296
7299
7302
7305
7308
7311
7314
7317
7320
7323
7326
7329
7332
7335
7338
7341
7344
7347
7350
7353
7356
7359
7362
7365
7368
7371
7374
7377
7380
7383
7386
7389
7392
7395
7398
7401
7404
7407
7410
7413
7416
7419
7422
7425
7428
7431
7434
7437
7440
7443
7446
7449
7452
7455
7458
7461
7464
7467
7470
7473
7476
7479
7482
7485
7488
7491
7494
7497
7500
7503
7506
7509
7512
7515
7518
7521
7524
7527
7530
7533
7536
7539
7542
7545
7548
7551
7554
7557
7560
7563
7566
7569
7572
7575
7578
7581
7584
7587
7590
7593
7596
7599
7602
7605
7608
7611
7614
7617
7620
7623
7626
7629
7632
7635
7638
7641
7644
7647
7650
7653
7656
7659
7662
7665
7668
7671
7674
7677
7680
7683
7686
7689
7692
7695
7698
7701
7704
7707
7710
7713
7716
7719
7722
7725
7728
7731
7734
7737
7740
7743
7746
7749
7752
7755
7758
7761
7764
7767
7770
7773
7776
7779
7782
7785
7788
7791
7794
7797
7800
7803
7806
7809
7812
7815
7818
7821
7824
7827
7830
7833
7836
7839
7842
7845
7848
7851
7854
7857
7860
7863
7866
7869
7872
7875
7878
7881
7884
7887
7890
7893
7896
7899
7902
7905
7908
7911
7914
7917
7920
7923
7926
7929
7932
7935
7938
7941
7944
7947
7950
7953
7956
7959
7962
7965
7968
7971
7974
7977
7980
7983
7986
7989
7992
7995
7998
8001
8004
8007
8010
8013
8016
8019
8022
8025
8028
8031
8034
8037
8040
8043
8046
8049
8052
8055
8058
8061
8064
8067
8070
8073
8076
8079
8082
8085
8088
8091
8094
8097
8100
8103
8106
8109
8112
8115
8118
8121
8124
8127
8130
8133
8136
8139
8142
8145
8148
8151
8154
8157
8160
8163
8166
8169
8172
8175
8178
8181
8184
8187
8190
8193
8196
8199
8202
8205
8208
8211
8214
8217
8220
8223
8226
8229
8232
8235
8238
8241
8244
8247
8250
8253
8256
8259
8262
8265
8268
8271
8274
8277
8280
8283
8286
8289
8292
8295
8298
8301
8304
8307
8310
8313
8316
8319
8322
8325
8328
8331
8334
8337
8340
8343
8346
8349
8352
8355
8358
8361
8364
8367
8370
8373
8376
8379
8382
8385
8388
8391
8394
8397
8400
8403
8406
8409
8412
8415
8418
8421
8424
8427
8430
8433
8436
8439
8442
8445
8448
8451
8454
8457
8460
8463
8466
8469
8472
8475
8478
8481
8484
8487
8490
8493
8496
8499
8502
8505
8508
8511
8514
8517
8520
8523
8526
8529
8532
8535
8538
8541
8544
8547
8550
8553
8556
8559
8562
8565
8568
8571
8574
8577
8580
8583
8586
8589
8592
8595
8598
8601
8604
8607
8610
8613
8616
8619
8622
8625
8628
8631
8634
8637
8640
8643
8646
8649
8652
8655
8658
8661
8664
8667
8670
8673
8676
8679
8682
8685
8688
8691
8694
8697
8700
8703
8706
8709
8712
8715
8718
8721
8724
8727
8730
8733
8736
8739
8742
8745
8748
8751
8754
8757
8760
8763
8766
8769
8772
8775
8778
8781
8784
8787
8790
8793
8796
8799
8802
8805
8808
8811
8814
8817
8820
8823
8826
8829
8832
8835
8838
8841
8844
8847
8850
8853
8856
8859
8862
8865
8868
8871
8874
8877
8880
8883
8886
8889
8892
8895
8898
8901
8904
8907
8910
8913
8916
8919
8922
8925
8928
8931
8934
8937
8940
8943
8946
8949
8952
8955
8958
8961
8964
8967
8970
8973
8976
8979
8982
8985
8988
8991
8994
8997
9000
9003
9006
9009
9012
9015
9018
9021
9024
9027
9030
9033
9036
9039
9042
9045
9048
9051
9054
9057
9060
9063
9066
9069
9072
9075
9078
9081
9084
9087
9090
9093
9096
9099
9102
9105
9108
9111
9114
9117
9120
9123
9126
9129
9132
9135
9138
9141
9144
9147
9150
9153
9156
9159
9162
9165
9168
9171
9174
9177
9180
9183
9186
9189
9192
9195
9198
9201
9204
9207
9210
9213
9216
9219
9222
9225
9228
9231
9234
9237
9240
9243
9246
9249
9252
9255
9258
9261
9264
9267
9270
9273
9276
9279
9282
9285
9288
9291
9294
9297
9300
9303
9306
9309
9312
9315
9318
9321
9324
9327
9330
9333
9336
9339
9342
9345
9348
9351
9354
9357
9360
9363
9366
9369
9372
9375
9378
9381
9384
9387
9390
9393
9396
9399
9402
9405
9408
9411
9414
9417
9420
9423
9426
9429
9432
9435
9438
9441
9444
9447
9450
9453
9456
9459
9462
9465
9468
9471
9474
9477
9480
9483
9486
9489
9492
9495
9498
9501
9504
9507
9510
9513
9516
9519
9522
9525
9528
9531
9534
9537
9540
9543
9546
9549
9552
9555
9558
9561
9564
9567
9570
9573
9576
9579
9582
9585
9588
9591
9594
9597
9600
9603
9606
9609
9612
9615
9618
9621
9624
9627
9630
9633
9636
9639
9642
9645
9648
9651
9654
9657
9660
9663
9666
9669
9672
9675
9678
9681
9684
9687
9690
9693
9696
9699
9702
9705
9708
9711
9714
9717
9720
9723
9726
9729
9732
9735
9738
9741
9744
9747
9750
9753
9756
9759
9762
9765
9768
9771
9774
9777
9780
9783
9786
9789
9792
9795
9798
9801
9804
9807
9810
9813
9816
9819
9822
9825
9828
9831
9834
9837
9840
9843
9846
9849
9852
9855
9858
9861
9864
9867
9870
9873
9876
9879
9882
9885
9888
9891
9894
9897
9900
9903
9906
9909
9912
9915
9918
9921
9924
9927
9930
9933
9936
9939
9942
9945
9948
9951
9954
9957
9960
9963
9966
9969
9972
9975
9978
9981
9984
9987
9990
9993
9996
9999
10002
10005
10008
10011
10014
10017
10020
10023
10026
10029
10032
10035
10038
10041
10044
10047
10050
10053
10056
10059
10062
10065
10068
10071
10074
10077
10080
10083
10086
10089
10092
10095
10098
10101
10104
10107
10110
10113
10116
10119
10122
10125
10128
10131
10134
10137
10140
10143
10146
10149
10152
10155
10158
10161
10164
10167
10170
10173
10176
10179
10182
10185
10188
10191
10194
10197
10200
10203
10206
10209
10212
10215
10218
10221
10224
10227
10230
10233
10236
10239
10242
10245
10248
10251
10254
10257
10260
10263
10266
10269
10272
10275
10278
10281
10284
10287
10290
10293
10296
10299
10302
10305
10308
10311
10314
10317
10320
10323
10326
10329
10332
10335
10338
10341
10344
10347
10350
10353
10356
10359
10362
10365
10368
10371
10374
10377
10380
10383
10386
10389
10392
10395
10398
10401
10404
10407
10410
10413
10416
10419
10422
10425
10428
10431
10434
10437
10440
10443
10446
10449
10452
10455
10458
10461
10464
10467
10470
10473
10476
10479
10482
10485
10488
10491
10494
10497
10500
10503
10506
10509
10512
10515
10518
10521
10524
10527
10530
10533
10536
10539
10542
10545
10548
10551
10554
10557
10560
10563
10566
10569
10572
10575
10578
10581
10584
10587
10590
10593
10596
10599
10602
10605
10608
10611
10614
10617
10620
10623
10626
10629
10632
10635
10638
10641
10644
10647
10650
10653
10656
10659
10662
10665
10668
10671
10674
10677
10680
10683
10686
10689
10692
10695
10698
10701
10704
10707
10710
10713
10716
10719
10722
10725
10728
10731
10734
10737
10740
10743
10746
10749
10752
10755
10758
10761
10764
10767
10770
10773
10776
10779
10782
10785
10788
10791
10794
10797
10800
10803
10806
10809
10812
10815
10818
10821
10824
10827
10830
10833
10836
10839
10842
10845
10848
10851
10854
10857
10860
10863
10866
10869
10872
10875
10878
10881
10884
10887
10890
10893
10896
10899
10902
10905
10908
10911
10914
10917
10920
10923
10926
10929
10932
10935
10938
10941
10944
10947
10950
10953
10956
10959
10962
10965
10968
10971
10974
10977
10980
10983
10986
10989
10992
10995
10998
11001
11004
11007
11010
11013
11016
11019
11022
11025
11028
11031
11034
11037
11040
11043
11046
11049
11052
11055
11058
11061
11064
11067
11070
11073
11076
11079
11082
11085
11088
11091
11094
11097
11100
11103
11106
11109
11112
11115
11118
11121
11124
11127
11130
11133
11136
11139
11142
11145
11148
11151
11154
11157
11160
11163
11166
11169
11172
11175
11178
11181
11184
11187
11190
11193
11196
11199
11202
11205
11208
11211
11214
11217
11220
11223
11226
11229
11232
11235
11238
11241
11244
11247
11250
11253
11256
11259
11262
11265
11268
11271
11274
11277
11280
11283
11286
11289
11292
11295
11298
11301
11304
11307
11310
11313
11316
11319
11322
11325
11328
11331
11334
11337
11340
11343
11346
11349
11352
11355
11358
11361
11364
11367
11370
11373
11376
11379
11382
11385
11388
11391
11394
11397
11400
11403
11406
11409
11412
11415
11418
11421
11424
11427
11430
11433
11436
11439
11442
11445
11448
11451
11454
11457
11460
11463
11466
11469
11472
11475
11478
11481
11484
11487
11490
11493
11496
11499
11502
11505
11508
11511
11514
11517
11520
11523
11526
11529
11532
11535
11538
11541
11544
11547
11550
11553
11556
11559
11562
11565
11568
11571
11574
11577
11580
11583
11586
11589
11592
11595
11598
11601
11604
11607
11610
11613
11616
11619
11622
11625
11628
11631
11634
11637
11640
11643
11646
11649
11652
11655
11658
11661
11664
11667
11670
11673
11676
11679
11682
11685
11688
11691
11694
11697
11700
11703
11706
11709
11712
11715
11718
11721
11724
11727
11730
11733
11736
11739
11742
11745
11748
11751
11754
11757
11760
11763
11766
11769
11772
11775
11778
11781
11784
11787
11790
11793
11796
11799
11802
11805
11808
11811
11814
11817
11820
11823
11826
11829
11832
11835
11838
11841
11844
11847
11850
11853
11856
11859
11862
11865
11868
11871
11874
11877
11880
11883
11886
11889
11892
11895
11898
11901
11904
11907
11910
11913
11916
11919
11922
11925
11928
11931
11934
11937
11940
11943
11946
11949
11952
11955
11958
11961
11964
11967
11970
11973
11976
11979
11982
11985
11988
11991
11994
11997
12000
12003
12006
12009
12012
12015
12018
12021
12024
12027
12030
12033
12036
12039
12042
12045
12048
12051
12054
12057
12060
12063
12066
12069
12072
12075
12078
12081
12084
12087
12090
12093
12096
12099
12102
12105
12108
12111
12114
12117
12120
12123
12126
12129
12132
12135
12138
12141
12144
12147
12150
12153
12156
12159
12162
12165
12168
12171
12174
12177
12180
12183
12186
12189
12192
12195
12198
12201
12204
12207
12210
12213
12216
12219
12222
12225
12228
12231
12234
12237
12240
12243
12246
12249
12252
12255
12258
12261
12264
12267
12270
12273
12276
12279
12282
12285
12288
12291
12294
12297
12300
12303
12306
12309
12312
12315
12318
12321
12324
12327
12330
12333
12336
12339
12342
12345
12348
12351
12354
12357
12360
12363
12366
12369
12372
12375
12378
12381
12384
12387
12390
12393
12396
12399
12402
12405
12408
12411
12414
12417
12420
12423
12426
12429
12432
12435
12438
12441
12444
12447
12450
12453
12456
12459
12462
12465
12468
12471
12474
12477
12480
12483
12486
12489
12492
12495
12498
12501
12504
12507
12510
12513
12516
12519
12522
12525
12528
12531
12534
12537
12540
12543
12546
12549
12552
12555
12558
12561
12564
12567
12570
12573
12576
12579
12582
12585
12588
12591
12594
12597
12600
12603
12606
12609
12612
12615
12618
12621
12624
12627
12630
12633
12636
12639
12642
12645
12648
12651
12654
12657
12660
12663
12666
12669
12672
12675
12678
12681
12684
12687
12690
12693
12696
12699
12702
12705
12708
12711
12714
12717
12720
12723
12726
12729
12732
12735
12738
12741
12744
12747
12750
12753
12756
12759
12762
12765
12768
12771
12774
12777
12780
12783
12786
12789
12792
12795
12798
12801
12804
12807
12810
12813
12816
12819
12822
12825
12828
12831
12834
12837
12840
12843
12846
12849
12852
12855
12858
12861
12864
12867
12870
12873
12876
12879
12882
12885
12888
12891
12894
12897
12900
12903
12906
12909
12912
12915
12918
12921
12924
12927
12930
12933
12936
12939
12942
12945
12948
12951
12954
12957
12960
12963
12966
12969
12972
12975
12978
12981
12984
12987
12990
12993
12996
12999
13002
13005
13008
13011
13014
13017
13020
13023
13026
13029
13032
13035
13038
13041
13044
13047
13050
13053
13056
13059
13062
13065
13068
13071
13074
13077
13080
13083
13086
13089
13092
13095
13098
13101
13104
13107
13110
13113
13116
13119
13122
13125
13128
13131
13134
13137
13140
13143
13146
13149
13152
13155
13158
13161
13164
13167
13170
13173
13176
13179
13182
13185
13188
13191
13194
13197
13200
13203
13206
13209
13212
13215
13218
13221
13224
13227
13230
13233
13236
13239
13242
13245
13248
13251
13254
13257
13260
13263
13266
13269
13272
13275
13278
13281
13284
13287
13290
13293
13296
13299
13302
13305
13308
13311
13314
13317
13320
13323
13326
13329
13332
13335
13338
13341
13344
13347
13350
13353
13356
13359
13362
13365
13368
13371
13374
13377
13380
13383
13386
13389
13392
13395
13398
13401
13404
13407
13410
13413
13416
13419
13422
13425
13428
13431
13434
13437
13440
13443
13446
13449
13452
13455
13458
13461
13464
13467
13470
13473
13476
13479
13482
13485
13488
13491
13494
13497
13500
13503
13506
13509
13512
13515
13518
13521
13524
13527
13530
13533
13536
13539
13542
13545
13548
13551
13554
13557
13560
13563
13566
13569
13572
13575
13578
13581
13584
13587
13590
13593
13596
13599
13602
13605
13608
13611
13614
13617
13620
13623
13626
13629
13632
13635
13638
13641
13644
13647
13650
13653
13656
13659
13662
13665
13668
13671
13674
13677
13680
13683
13686
13689
13692
13695
13698
13701
13704
13707
13710
13713
13716
13719
13722
13725
13728
13731
13734
13737
13740
13743
13746
13749
13752
13755
13758
13761
13764
13767
13770
13773
13776
13779
13782
13785
13788
13791
13794
13797
13800
13803
13806
13809
13812
13815
13818
13821
13824
13827
13830
13833
13836
13839
13842
13845
13848
13851
13854
13857
13860
13863
13866
13869
13872
13875
13878
13881
13884
13887
13890
13893
13896
13899
13902
13905
13908
13911
13914
13917
13920
13923
13926
13929
13932
13935
13938
13941
13944
13947
13950
13953
13956
13959
13962
13965
13968
13971
13974
13977
13980
13983
13986
13989
13992
13995
13998
14001
14004
14007
14010
14013
14016
14019
14022
14025
14028
14031
14034
14037
14040
14043
14046
14049
14052
14055
14058
14061
14064
14067
14070
14073
14076
14079
14082
14085
14088
14091
14094
14097
14100
14103
14106
14109
14112
14115
14118
14121
14124
14127
14130
14133
14136
14139
14142
14145
14148
14151
14154
14157
14160
14163
14166
14169
14172
14175
14178
14181
14184
14187
14190
14193
14196
14199
14202
14205
14208
14211
14214
14217
14220
14223
14226
14229
14232
14235
14238
14241
14244
14247
14250
14253
14256
14259
14262
14265
14268
14271
14274
14277
14280
14283
14286
14289
14292
14295
14298
14301
14304
14307
14310
14313
14316
14319
14322
14325
14328
14331
14334
14337
14340
14343
14346
14349
14352
14355
14358
14361
14364
14367
14370
14373
14376
14379
14382
14385
14388
14391
14394
14397
14400
14403
14406
14409
14412
14415
14418
14421
14424
14427
14430
14433
14436
14439
14442
14445
14448
14451
14454
14457
14460
14463
14466
14469
14472
14475
14478
14481
14484
14487
14490
14493
14496
14499
14502
14505
14508
14511
14514
14517
14520
14523
14526
14529
14532
14535
14538
14541
14544
14547
14550
14553
14556
14559
14562
14565
14568
14571
14574
14577
14580
14583
14586
14589
14592
14595
14598
14601
14604
14607
14610
14613
14616
14619
14622
14625
14628
14631
14634
14637
14640
14643
14646
14649
14652
14655
14658
14661
14664
14667
14670
14673
14676
14679
14682
14685
14688
14691
14694
14697
14700
14703
14706
14709
14712
14715
14718
14721
14724
14727
14730
14733
14736
14739
14742
14745
14748
14751
14754
14757
14760
14763
14766
14769
14772
14775
14778
14781
14784
14787
14790
14793
14796
14799
14802
14805
14808
14811
14814
14817
14820
14823
14826
14829
14832
14835
14838
14841
14844
14847
14850
14853
14856
14859
14862
14865
14868
14871
14874
14877
14880
14883
14886
14889
14892
14895
14898
14901
14904
14907
14910
14913
14916
14919
14922
14925
14928
14931
14934
14937
14940
14943
14946
14949
14952
14955
14958
14961
14964
14967
14970
14973
14976
14979
14982
14985
14988
14991
14994
14997
15000
15003
15006
15009
15012
15015
15018
15021
15024
15027
15030
15033
15036
15039
15042
15045
15048
15051
15054
15057
15060
15063
15066
15069
15072
15075
15078
15081
15084
15087
15090
15093
15096
15099
15102
15105
15108
15111
15114
15117
15120
15123
15126
15129
15132
15135
15138
15141
15144
15147
15150
15153
15156
15159
15162
15165
15168
15171
15174
15177
15180
15183
15186
15189
15192
15195
15198
15201
15204
15207
15210
15213
15216
15219
15222
15225
15228
15231
15234
15237
15240
15243
15246
15249
15252
15255
15258
15261
15264
15267
15270
15273
15276
15279
15282
15285
15288
15291
15294
15297
15300
15303
15306
15309
15312
15315
15318
15321
15324
15327
15330
15333
15336
15339
15342
15345
15348
15351
15354
15357
15360
15363
15366
15369
15372
15375
15378
15381
15384
15387
15390
15393
15396
15399
15402
15405
15408
15411
15414
15417
15420
15423
15426
15429
15432
15435
15438
15441
15444
15447
15450
15453
15456
15459
15462
15465
15468
15471
15474
15477
15480
15483
15486
15489
15492
15495
15498
15501
15504
15507
15510
15513
15516
15519
15522
15525
15528
15531
15534
15537
15540
15543
15546
15549
15552
15555
15558
15561
15564
15567
15570
15573
15576
15579
15582
15585
15588
15591
15594
15597
15600
15603
15606
15609
15612
15615
15618
15621
15624
15627
15630
15633
15636
15639
15642
15645
15648
15651
15654
15657
15660
15663
15666
15669
15672
15675
15678
15681
15684
15687
15690
15693
15696
15699
15702
15705
15708
15711
15714
15717
15720
15723
15726
15729
15732
15735
15738
15741
15744
15747
15750
15753
15756
15759
15762
15765
15768
15771
15774
15777
15780
15783
15786
15789
15792
15795
15798
15801
15804
15807
15810
15813
15816
15819
15822
15825
15828
15831
15834
15837
15840
15843
15846
15849
15852
15855
15858
15861
15864
15867
15870
15873
15876
15879
15882
15885
15888
15891
15894
15897
15900
15903
15906
15909
15912
15915
15918
15921
15924
15927
15930
15933
15936
15939
15942
15945
15948
15951
15954
15957
15960
15963
15966
15969
15972
15975
15978
15981
15984
15987
15990
15993
15996
15999
16002
16005
16008
16011
16014
16017
16020
16023
16026
16029
16032
16035
16038
16041
16044
16047
16050
16053
16056
16059
16062
16065
16068
16071
16074
16077
16080
16083
16086
16089
16092
16095
16098
16101
16104
16107
16110
16113
16116
16119
16122
16125
16128
16131
16134
16137
16140
16143
16146
16149
16152
16155
16158
16161
16164
16167
16170
16173
16176
16179
16182
16185
16188
16191
16194
16197
16200
16203
16206
16209
16212
16215
16218
16221
16224
16227
16230
16233
16236
16239
16242
16245
16248
16251
16254
16257
16260
16263
16266
16269
16272
16275
16278
16281
16284
16287
16290
16293
16296
16299
16302
16305
16308
16311
16314
16317
16320
16323
16326
16329
16332
16335
16338
16341
16344
16347
16350
16353
16356
16359
16362
16365
16368
16371
16374
16377
16380
16383
16386
16389
16392
16395
16398
16401
16404
16407
16410
16413
16416
16419
16422
16425
16428
16431
16434
16437
16440
16443
16446
16449
16452
16455
16458
16461
16464
16467
16470
16473
16476
16479
16482
16485
16488
16491
16494
16497
16500
16503
16506
16509
16512
16515
16518
16521
16524
16527
16530
16533
16536
16539
16542
16545
16548
16551
16554
16557
16560
16563
16566
16569
16572
16575
16578
16581
16584
16587
16590
16593
16596
16599
16602
16605
16608
16611
16614
16617
16620
16623
16626
16629
16632
16635
16638
16641
16644
16647
16650
16653
16656
16659
16662
16665
16668
16671
16674
16677
16680
16683
16686
16689
16692
16695
16698
16701
16704
16707
16710
16713
16716
16719
16722
16725
16728
16731
16734
16737
16740
16743
16746
16749
16752
16755
16758
16761
16764
16767
16770
16773
16776
16779
16782
16785
16788
16791
16794
16797
16800
16803
16806
16809
16812
16815
16818
16821
16824
16827
16830
16833
16836
16839
16842
16845
16848
16851
16854
16857
16860
16863
16866
16869
16872
16875
16878
16881
16884
16887
16890
16893
16896
16899
16902
16905
16908
16911
16914
16917
16920
16923
16926
16929
16932
16935
16938
16941
16944
16947
16950
16953
16956
16959
16962
16965
16968
16971
16974
16977
16980
16983
16986
16989
16992
16995
16998
17001
17004
17007
17010
17013
17016
17019
17022
17025
17028
17031
17034
17037
17040
17043
17046
17049
17052
17055
17058
17061
17064
17067
17070
17073
17076
17079
17082
17085
17088
17091
17094
17097
17100
17103
17106
17109
17112
17115
17118
17121
17124
17127
17130
17133
17136
17139
17142
17145
17148
17151
17154
17157
17160
17163
17166
17169
17172
17175
17178
17181
17184
17187
17190
17193
17196
17199
17202
17205
17208
17211
17214
17217
17220
17223
17226
17229
17232
17235
17238
17241
17244
17247
17250
17253
17256
17259
17262
17265
17268
17271
17274
17277
17280
17283
17286
17289
17292
17295
17298
17301
17304
17307
17310
17313
17316
17319
17322
17325
17328
17331
17334
17337
17340
17343
17346
17349
17352
17355
17358
17361
17364
17367
17370
17373
17376
17379
17382
17385
17388
17391
17394
17397
17400
17403
17406
17409
17412
17415
17418
17421
17424
17427
17430
17433
17436
17439
17442
17445
17448
17451
17454
17457
17460
17463
17466
17469
17472
17475
17478
17481
17484
17487
17490
17493
17496
17499
17502
17505
17508
17511
17514
17517
17520
17523
17526
17529
17532
17535
17538
17541
17544
17547
17550
17553
17556
17559
17562
17565
17568
17571
17574
17577
17580
17583
17586
17589
17592
17595
17598
17601
17604
17607
17610
17613
17616
17619
17622
17625
17628
17631
17634
17637
17640
17643
17646
17649
17652
17655
17658
17661
17664
17667
17670
17673
17676
17679
17682
17685
17688
17691
17694
17697
17700
17703
17706
17709
17712
17715
17718
17721
17724
17727
17730
17733
17736
17739
17742
17745
17748
17751
17754
17757
17760
17763
17766
17769
17772
17775
17778
17781
17784
17787
17790
17793
17796
17799
17802
17805
17808
17811
17814
17817
17820
17823
17826
17829
17832
17835
17838
17841
17844
17847
17850
17853
17856
17859
17862
17865
17868
17871
17874
17877
17880
17883
17886
17889
17892
17895
17898
17901
17904
17907
17910
17913
17916
17919
17922
17925
17928
17931
17934
17937
17940
17943
17946
17949
17952
17955
17958
17961
17964
17967
17970
17973
17976
17979
17982
17985
17988
17991
17994
17997
18000
18003
18006
18009
18012
18015
18018
18021
18024
18027
18030
18033
18036
18039
18042
18045
18048
18051
18054
18057
18060
18063
18066
18069
18072
18075
18078
18081
18084
18087
18090
18093
18096
18099
18102
18105
18108
18111
18114
18117
18120
18123
18126
18129
18132
18135
18138
18141
18144
18147
18150
18153
18156
18159
18162
18165
18168
18171
18174
18177
18180
18183
18186
18189
18192
18195
18198
18201
18204
18207
18210
18213
18216
18219
18222
18225
18228
18231
18234
18237
18240
18243
18246
18249
18252
18255
18258
18261
18264
18267
18270
18273
18276
18279
18282
18285
18288
18291
18294
18297
18300
18303
18306
18309
18312
18315
18318
18321
18324
18327
18330
18333
18336
18339
18342
18345
18348
18351
18354
18357
18360
18363
18366
18369
18372
18375
18378
18381
18384
18387
18390
18393
18396
18399
18402
18405
18408
18411
18414
18417
18420
18423
18426
18429
18432
18435
18438
18441
18444
18447
18450
18453
18456
18459
18462
18465
18468
18471
18474
18477
18480
18483
18486
18489
18492
18495
18498
18501
18504
18507
18510
18513
18516
18519
18522
18525
18528
18531
18534
18537
18540
18543
18546
18549
18552
18555
18558
18561
18564
18567
18570
18573
18576
18579
18582
18585
18588
18591
18594
18597
18600
18603
18606
18609
18612
18615
18618
18621
18624
18627
18630
18633
18636
18639
18642
18645
18648
18651
18654
18657
18660
18663
18666
18669
18672
18675
18678
18681
18684
18687
18690
18693
18696
18699
18702
18705
18708
18711
18714
18717
18720
18723
18726
18729
18732
18735
18738
18741
18744
18747
18750
18753
18756
18759
18762
18765
18768
18771
18774
18777
18780
18783
18786
18789
18792
18795
18798
18801
18804
18807
18810
18813
18816
18819
18822
18825
18828
18831
18834
18837
18840
18843
18846
18849
18852
18855
18858
18861
18864
18867
18870
18873
18876
18879
18882
18885
18888
18891
18894
18897
18900
18903
18906
18909
18912
18915
18918
18921
18924
18927
18930
18933
18936
18939
18942
18945
18948
18951
18954
18957
18960
18963
18966
18969
18972
18975
18978
18981
18984
18987
18990
18993
18996
18999
19002
19005
19008
19011
19014
19017
19020
19023
19026
19029
19032
19035
19038
19041
19044
19047
19050
19053
19056
19059
19062
19065
19068
19071
19074
19077
19080
19083
19086
19089
19092
19095
19098
19101
19104
19107
19110
19113
19116
19119
19122
19125
19128
19131
19134
19137
19140
19143
19146
19149
19152
19155
19158
19161
19164
19167
19170
19173
19176
19179
19182
19185
19188
19191
19194
19197
19200
19203
19206
19209
19212
19215
19218
19221
19224
19227
19230
19233
19236
19239
19242
19245
19248
19251
19254
19257
19260
19263
19266
19269
19272
19275
19278
19281
19284
19287
19290
19293
19296
19299
19302
19305
19308
19311
19314
19317
19320
19323
19326
19329
19332
19335
19338
19341
19344
19347
19350
19353
19356
19359
19362
19365
19368
19371
19374
19377
19380
19383
19386
19389
19392
19395
19398
19401
19404
19407
19410
19413
19416
19419
19422
19425
19428
19431
19434
19437
19440
19443
19446
19449
19452
19455
19458
19461
19464
19467
19470
19473
19476
19479
19482
19485
19488
19491
19494
19497
19500
19503
19506
19509
19512
19515
19518
19521
19524
19527
19530
19533
19536
19539
19542
19545
19548
19551
19554
19557
19560
19563
19566
19569
19572
19575
19578
19581
19584
19587
19590
19593
19596
19599
19602
19605
19608
19611
19614
19617
19620
19623
19626
19629
19632
19635
19638
19641
19644
19647
19650
19653
19656
19659
19662
19665
19668
19671
19674
19677
19680
19683
19686
19689
19692
19695
19698
19701
19704
19707
19710
19713
19716
19719
19722
19725
19728
19731
19734
19737
19740
19743
19746
19749
19752
19755
19758
19761
19764
19767
19770
19773
19776
19779
19782
19785
19788
19791
19794
19797
19800
19803
19806
19809
19812
19815
19818
19821
19824
19827
19830
19833
19836
19839
19842
19845
19848
19851
19854
19857
19860
19863
19866
19869
19872
19875
19878
19881
19884
19887
19890
19893
19896
19899
19902
19905
19908
19911
19914
19917
19920
19923
19926
19929
19932
19935
19938
19941
19944
19947
19950
19953
19956
19959
19962
19965
19968
19971
19974
19977
19980
19983
19986
19989
19992
19995
19998
20001
20004
20007
20010
20013
20016
20019
20022
20025
20028
20031
20034
20037
20040
20043
20046
20049
20052
20055
20058
20061
20064
20067
20070
20073
20076
20079
20082
20085
20088
20091
20094
20097
20100
20103
20106
20109
20112
20115
20118
20121
20124
20127
20130
20133
20136
20139
20142
20145
20148
20151
20154
20157
20160
20163
20166
20169
20172
20175
20178
20181
20184
20187
20190
20193
20196
20199
20202
20205
20208
20211
20214
20217
20220
20223
20226
20229
20232
20235
20238
20241
20244
20247
20250
20253
20256
20259
20262
20265
20268
20271
20274
20277
20280
20283
20286
20289
20292
20295
20298
20301
20304
20307
20310
20313
20316
20319
20322
20325
20328
20331
20334
20337
20340
20343
20346
20349
20352
20355
20358
20361
20364
20367
20370
20373
20376
20379
20382
20385
20388
20391
20394
20397
20400
20403
20406
20409
20412
20415
20418
20421
20424
20427
20430
20433
20436
20439
20442
20445
20448
20451
20454
20457
20460
20463
20466
20469
20472
20475
20478
20481
20484
20487
20490
20493
20496
20499
20502
20505
20508
20511
20514
20517
20520
20523
20526
20529
20532
20535
20538
20541
20544
20547
20550
20553
20556
20559
20562
20565
20568
20571
20574
20577
20580
20583
20586
20589
20592
20595
20598
20601
20604
20607
20610
20613
20616
20619
20622
20625
20628
20631
20634
20637
20640
20643
20646
20649
20652
20655
20658
20661
20664
20667
20670
20673
20676
20679
20682
20685
20688
20691
20694
20697
20700
20703
20706
20709
20712
20715
20718
20721
20724
20727
20730
20733
20736
20739
20742
20745
20748
20751
20754
20757
20760
20763
20766
20769
20772
20775
20778
20781
20784
20787
20790
20793
20796
20799
20802
20805
20808
20811
20814
20817
20820
20823
20826
20829
20832
20835
20838
20841
20844
20847
20850
20853
20856
20859
20862
20865
20868
20871
20874
20877
20880
20883
20886
20889
20892
20895
20898
20901
20904
20907
20910
20913
20916
20919
20922
20925
20928
20931
20934
20937
20940
20943
20946
20949
20952
20955
20958
20961
20964
20967
20970
20973
20976
20979
20982
20985
20988
20991
20994
20997
21000
21003
21006
21009
21012
21015
21018
21021
21024
21027
21030
21033
21036
21039
21042
21045
21048
21051
21054
21057
21060
21063
21066
21069
21072
21075
21078
21081
21084
21087
21090
21093
21096
21099
21102
21105
21108
21111
21114
21117
21120
21123
21126
21129
21132
21135
21138
21141
21144
21147
21150
21153
21156
21159
21162
21165
21168
21171
21174
21177
21180
21183
21186
21189
21192
21195
21198
21201
21204
21207
21210
21213
21216
21219
21222
21225
21228
21231
21234
21237
21240
21243
21246
21249
21252
21255
21258
21261
21264
21267
21270
21273
21276
21279
21282
21285
21288
21291
21294
21297
21300
21303
21306
21309
21312
21315
21318
21321
21324
21327
21330
21333
21336
21339
21342
21345
21348
21351
21354
21357
21360
21363
21366
21369
21372
21375
21378
21381
21384
21387
21390
21393
21396
21399
21402
21405
21408
21411
21414
21417
21420
21423
21426
21429
21432
21435
21438
21441
21444
21447
21450
21453
21456
21459
21462
21465
21468
21471
21474
21477
21480
21483
21486
21489
21492
21495
21498
21501
21504
21507
21510
21513
21516
21519
21522
21525
21528
21531
21534
21537
21540
21543
21546
21549
21552
21555
21558
21561
21564
21567
21570
21573
21576
21579
21582
21585
21588
21591
21594
21597
21600
21603
21606
21609
21612
21615
21618
21621
21624
21627
21630
21633
21636
21639
21642
21645
21648
21651
21654
21657
21660
21663
21666
21669
21672
21675
21678
21681
21684
21687
21690
21693
21696
21699
21702
21705
21708
21711
21714
21717
21720
21723
21726
21729
21732
21735
21738
21741
21744
21747
21750
21753
21756
21759
21762
21765
21768
21771
21774
21777
21780
21783
21786
21789
21792
21795
21798
21801
21804
21807
21810
21813
21816
21819
21822
21825
21828
21831
21834
21837
21840
21843
21846
21849
21852
21855
21858
21861
21864
21867
21870
21873
21876
21879
21882
21885
21888
21891
21894
21897
21900
21903
21906
21909
21912
21915
21918
21921
21924
21927
21930
21933
21936
21939
21942
21945
21948
21951
21954
21957
21960
21963
21966
21969
21972
21975
21978
21981
21984
21987
21990
21993
21996
21999
22002
22005
22008
22011
22014
22017
22020
22023
22026
22029
22032
22035
22038
22041
22044
22047
22050
22053
22056
22059
22062
22065
22068
22071
22074
22077
22080
22083
22086
22089
22092
22095
22098
22101
22104
22107
22110
22113
22116
22119
22122
22125
22128
22131
22134
22137
22140
22143
22146
22149
22152
22155
22158
22161
22164
22167
22170
22173
22176
22179
22182
22185
22188
22191
22194
22197
22200
22203
22206
22209
22212
22215
22218
22221
22224
22227
22230
22233
22236
22239
22242
22245
22248
22251
22254
22257
22260
22263
22266
22269
22272
22275
22278
22281
22284
22287
22290
22293
22296
22299
22302
22305
22308
22311
22314
22317
22320
22323
22326
22329
22332
22335
22338
22341
22344
22347
22350
22353
22356
22359
22362
22365
22368
22371
22374
22377
22380
22383
22386
22389
22392
22395
22398
22401
22404
22407
22410
22413
22416
22419
22422
22425
22428
22431
22434
22437
22440
22443
22446
22449
22452
22455
22458
22461
22464
22467
22470
22473
22476
22479
22482
22485
22488
22491
22494
22497
22500
22503
22506
22509
22512
22515
22518
22521
22524
22527
22530
22533
22536
22539
22542
22545
22548
22551
22554
22557
22560
22563
22566
22569
22572
22575
22578
22581
22584
22587
22590
22593
22596
22599
22602
22605
22608
22611
22614
22617
22620
22623
22626
22629
22632
22635
22638
22641
22644
22647
22650
22653
22656
22659
22662
22665
22668
22671
22674
22677
22680
22683
22686
22689
22692
22695
22698
22701
22704
22707
22710
22713
22716
22719
22722
22725
22728
22731
22734
22737
22740
22743
22746
22749
22752
22755
22758
22761
22764
22767
22770
22773
22776
22779
22782
22785
22788
22791
22794
22797
22800
22803
22806
22809
22812
22815
22818
22821
22824
22827
22830
22833
22836
22839
22842
22845
22848
22851
22854
22857
22860
22863
22866
22869
22872
22875
22878
22881
22884
22887
22890
22893
22896
22899
22902
22905
22908
22911
22914
22917
22920
22923
22926
22929
22932
22935
22938
22941
22944
22947
22950
22953
22956
22959
22962
22965
22968
22971
22974
22977
22980
22983
22986
22989
22992
22995
22998
23001
23004
23007
23010
23013
23016
23019
23022
23025
23028
23031
23034
23037
23040
23043
23046
23049
23052
23055
23058
23061
23064
23067
23070
23073
23076
23079
23082
23085
23088
23091
23094
23097
23100
23103
23106
23109
23112
23115
23118
23121
23124
23127
23130
23133
23136
23139
23142
23145
23148
23151
23154
23157
23160
23163
23166
23169
23172
23175
23178
23181
23184
23187
23190
23193
23196
23199
23202
23205
23208
23211
23214
23217
23220
23223
23226
23229
23232
23235
23238
23241
23244
23247
23250
23253
23256
23259
23262
23265
23268
23271
23274
23277
23280
23283
23286
23289
23292
23295
23298
23301
23304
23307
23310
23313
23316
23319
23322
23325
23328
23331
23334
23337
23340
23343
23346
23349
23352
23355
23358
23361
23364
23367
23370
23373
23376
23379
23382
23385
23388
23391
23394
23397
23400
23403
23406
23409
23412
23415
23418
23421
23424
23427
23430
23433
23436
23439
23442
23445
23448
23451
23454
23457
23460
23463
23466
23469
23472
23475
23478
23481
23484
23487
23490
23493
23496
23499
23502
23505
23508
23511
23514
23517
23520
23523
23526
23529
23532
23535
23538
23541
23544
23547
23550
23553
23556
23559
23562
23565
23568
23571
23574
23577
23580
23583
23586
23589
23592
23595
23598
23601
23604
23607
23610
23613
23616
23619
23622
23625
23628
23631
23634
23637
23640
23643
23646
23649
23652
23655
23658
23661
23664
23667
23670
23673
23676
23679
23682
23685
23688
23691
23694
23697
23700
23703
23706
23709
23712
23715
23718
23721
23724
23727
23730
23733
23736
23739
23742
23745
23748
23751
23754
23757
23760
23763
23766
23769
23772
23775
23778
23781
23784
23787
23790
23793
23796
23799
23802
23805
23808
23811
23814
23817
23820
23823
23826
23829
23832
23835
23838
23841
23844
23847
23850
23853
23856
23859
23862
23865
23868
23871
23874
23877
23880
23883
23886
23889
23892
23895
23898
23901
23904
23907
23910
23913
23916
23919
23922
23925
23928
23931
23934
23937
23940
23943
23946
23949
23952
23955
23958
23961
23964
23967
23970
23973
23976
23979
23982
23985
23988
23991
23994
23997
24000
24003
24006
24009
24012
24015
24018
24021
24024
24027
24030
24033
24036
24039
24042
24045
24048
24051
24054
24057
24060
24063
24066
24069
24072
24075
24078
24081
24084
24087
24090
24093
24096
24099
24102
24105
24108
24111
24114
24117
24120
24123
24126
24129
24132
24135
24138
24141
24144
24147
24150
24153
24156
24159
24162
24165
24168
24171
24174
24177
24180
24183
24186
24189
24192
24195
24198
24201
24204
24207
24210
24213
24216
24219
24222
24225
24228
24231
24234
24237
24240
24243
24246
24249
24252
24255
24258
24261
24264
24267
24270
24273
24276
24279
24282
24285
24288
24291
24294
24297
24300
24303
24306
24309
24312
24315
24318
24321
24324
24327
24330
24333
24336
24339
24342
24345
24348
24351
24354
24357
24360
24363
24366
24369
24372
24375
24378
24381
24384
24387
24390
24393
24396
24399
24402
24405
24408
24411
24414
24417
24420
24423
24426
24429
24432
24435
24438
24441
24444
24447
24450
24453
24456
24459
24462
24465
24468
24471
24474
24477
24480
24483
24486
24489
24492
24495
24498
24501
24504
24507
24510
24513
24516
24519
24522
24525
24528
24531
24534
24537
24540
24543
24546
24549
24552
24555
24558
24561
24564
24567
24570
24573
24576
24579
24582
24585
24588
24591
24594
24597
24600
24603
24606
24609
24612
24615
24618
24621
24624
24627
24630
24633
24636
24639
24642
24645
24648
24651
24654
24657
24660
24663
24666
24669
24672
24675
24678
24681
24684
24687
24690
24693
24696
24699
24702
24705
24708
24711
24714
24717
24720
24723
24726
24729
24732
24735
24738
24741
24744
24747
24750
24753
24756
24759
24762
24765
24768
24771
24774
24777
24780
24783
24786
24789
24792
24795
24798
24801
24804
24807
24810
24813
24816
24819
24822
24825
24828
24831
24834
24837
24840
24843
24846
24849
24852
24855
24858
24861
24864
24867
24870
24873
24876
24879
24882
24885
24888
24891
24894
24897
24900
24903
24906
24909
24912
24915
24918
24921
24924
24927
24930
24933
24936
24939
24942
24945
24948
24951
24954
24957
24960
24963
24966
24969
24972
24975
24978
24981
24984
24987
24990
24993
24996
24999
25002
25005
25008
25011
25014
25017
25020
25023
25026
25029
25032
25035
25038
25041
25044
25047
25050
25053
25056
25059
25062
25065
25068
25071
25074
25077
25080
25083
25086
25089
25092
25095
25098
25101
25104
25107
25110
25113
25116
25119
25122
25125
25128
25131
25134
25137
25140
25143
25146
25149
25152
25155
25158
25161
25164
25167
25170
25173
25176
25179
25182
25185
25188
25191
25194
25197
25200
25203
25206
25209
25212
25215
25218
25221
25224
25227
25230
25233
25236
25239
25242
25245
25248
25251
25254
25257
25260
25263
25266
25269
25272
25275
25278
25281
25284
25287
25290
25293
25296
25299
25302
25305
25308
25311
25314
25317
25320
25323
25326
25329
25332
25335
25338
25341
25344
25347
25350
25353
25356
25359
25362
25365
25368
25371
25374
25377
25380
25383
25386
25389
25392
25395
25398
25401
25404
25407
25410
25413
25416
25419
25422
25425
25428
25431
25434
25437
25440
25443
25446
25449
25452
25455
25458
25461
25464
25467
25470
25473
25476
25479
25482
25485
25488
25491
25494
25497
25500
25503
25506
25509
25512
25515
25518
25521
25524
25527
25530
25533
25536
25539
25542
25545
25548
25551
25554
25557
25560
25563
25566
25569
25572
25575
25578
25581
25584
25587
25590
25593
25596
25599
25602
25605
25608
25611
25614
25617
25620
25623
25626
25629
25632
25635
25638
25641
25644
25647
25650
25653
25656
25659
25662
25665
25668
25671
25674
25677
25680
25683
25686
25689
25692
25695
25698
25701
25704
25707
25710
25713
25716
25719
25722
25725
25728
25731
25734
25737
25740
25743
25746
25749
25752
25755
25758
25761
25764
25767
25770
25773
25776
25779
25782
25785
25788
25791
25794
25797
25800
25803
25806
25809
25812
25815
25818
25821
25824
25827
25830
25833
25836
25839
25842
25845
25848
25851
25854
25857
25860
25863
25866
25869
25872
25875
25878
25881
25884
25887
25890
25893
25896
25899
25902
25905
25908
25911
25914
25917
25920
25923
25926
25929
25932
25935
25938
25941
25944
25947
25950
25953
25956
25959
25962
25965
25968
25971
25974
25977
25980
25983
25986
25989
25992
25995
25998
26001
26004
26007
26010
26013
26016
26019
26022
26025
26028
26031
26034
26037
26040
26043
26046
26049
26052
26055
26058
26061
26064
26067
26070
26073
26076
26079
26082
26085
26088
26091
26094
26097
26100
26103
26106
26109
26112
26115
26118
26121
26124
26127
26130
26133
26136
26139
26142
26145
26148
26151
26154
26157
26160
26163
26166
26169
26172
26175
26178
26181
26184
26187
26190
26193
26196
26199
26202
26205
26208
26211
26214
26217
26220
26223
26226
26229
26232
26235
26238
26241
26244
26247
26250
26253
26256
26259
26262
26265
26268
26271
26274
26277
26280
26283
26286
26289
26292
26295
26298
26301
26304
26307
26310
26313
26316
26319
26322
26325
26328
26331
26334
26337
26340
26343
26346
26349
26352
26355
26358
26361
26364
26367
26370
26373
26376
26379
26382
26385
26388
26391
26394
26397
26400
26403
26406
26409
26412
26415
26418
26421
26424
26427
26430
26433
26436
26439
26442
26445
26448
26451
26454
26457
26460
26463
26466
26469
26472
26475
26478
26481
26484
26487
26490
26493
26496
26499
26502
26505
26508
26511
26514
26517
26520
26523
26526
26529
26532
26535
26538
26541
26544
26547
26550
26553
26556
26559
26562
26565
26568
26571
26574
26577
26580
26583
26586
26589
26592
26595
26598
26601
26604
26607
26610
26613
26616
26619
26622
26625
26628
26631
26634
26637
26640
26643
26646
26649
26652
26655
26658
26661
26664
26667
26670
26673
26676
26679
26682
26685
26688
26691
26694
26697
26700
26703
26706
26709
26712
26715
26718
26721
26724
26727
26730
26733
26736
26739
26742
26745
26748
26751
26754
26757
26760
26763
26766
26769
26772
26775
26778
26781
26784
26787
26790
26793
26796
26799
26802
26805
26808
26811
26814
26817
26820
26823
26826
26829
26832
26835
26838
26841
26844
26847
26850
26853
26856
26859
26862
26865
26868
26871
26874
26877
        </DataArray>
        <DataArray type="UInt8" Name="types" format="ascii">
5
5
5
5
5
5
5
5
5
5
5
5
5
5
5
5
5
5
5
5
5
5
5
5
5
5
5
5
5
5
5
5
5
5
5
5
5
5
5
5
5
5
5
5
5
5
5
5
5
5
5
5
5
5
5
5
5
5
5
5
5
5
5
5
5
5
5
5
5
5
5
5
5
5
5
5
5
5
5
5
5
5
5
5
5
5
5
5
5
5
5
5
5
5
5
5
5
5
5
5
5
5
5
5
5
5
5
5
5
5
5
5
5
5
5
5
5
5
5
5
5
5
5
5
5
5
5
5
5
5
5
5
5
5
5
5
5
5
5
5
5
5
5
5
5
5
5
5
5
5
5
5
5
5
5
5
5
5
5
5
5
5
5
5
5
5
5
5
5
5
5
5
5
5
5
5
5
5
5
5
5
5
5
5
5
5
5
5
5
5
5
5
5
5
5
5
5
5
5
5
5
5
5
5
5
5
5
5
5
5
5
5
5
5
5
5
5
5
5
5
5
5
5
5
5
5
5
5
5
5
5
5
5
5
5
5
5
5
5
5
5
5
5
5
5
5
5
5
5
5
5
5
5
5
5
5
5
5
5
5
5
5
5
5
5
5
5
5
5
5
5
5
5
5
5
5
5
5
5
5
5
5
5
5
5
5
5
5
5
5
5
5
5
5
5
5
5
5
5
5
5
5
5
5
5
5
5
5
5
5
5
5
5
5
5
5
5
5
5
5
5
5
5
5
5
5
5
5
5
5
5
5
5
5
5
5
5
5
5
5
5
5
5
5
5
5
5
5
5
5
5
5
5
5
5
5
5
5
5
5
5
5
5
5
5
5
5
5
5
5
5
5
5
5
5
5
5
5
5
5
5
5
5
5
5
5
5
5
5
5
5
5
5
5
5
5
5
5
5
5
5
5
5
5
5
5
5
5
5
5
5
5
5
5
5
5
5
5
5
5
5
5
5
5
5
5
5
5
5
5
5
5
5
5
5
5
5
5
5
5
5
5
5
5
5
5
5
5
5
5
5
5
5
5
5
5
5
5
5
5
5
5
5
5
5
5
5
5
5
5
5
5
5
5
5
5
5
5
5
5
5
5
5
5
5
5
5
5
5
5
5
5
5
5
5
5
5
5
5
5
5
5
5
5
5
5
5
5
5
5
5
5
5
5
5
5
5
5
5
5
5
5
5
5
5
5
5
5
5
5
5
5
5
5
5
5
5
5
5
5
5
5
5
5
5
5
5
5
5
5
5
5
5
5
5
5
5
5
5
5
5
5
5
5
5
5
5
5
5
5
5
5
5
5
5
5
5
5
5
5
5
5
5
5
5
5
5
5
5
5
5
5
5
5
5
5
5
5
5
5
5
5
5
5
5
5
5
5
5
5
5
5
5
5
5
5
5
5
5
5
5
5
5
5
5
5
5
5
5
5
5
5
5
5
5
5
5
5
5
5
5
5
5
5
5
5
5
5
5
5
5
5
5
5
5
5
5
5
5
5
5
5
5
5
5
5
5
5
5
5
5
5
5
5
5
5
5
5
5
5
5
5
5
5
5
5
5
5
5
5
5
5
5
5
5
5
5
5
5
5
5
5
5
5
5
5
5
5
5
5
5
5
5
5
5
5
5
5
5
5
5
5
5
5
5
5
5
5
5
5
5
5
5
5
5
5
5
5
5
5
5
5
5
5
5
5
5
5
5
5
5
5
5
5
5
5
5
5
5
5
5
5
5
5
5
5
5
5
5
5
5
5
5
5
5
5
5
5
5
5
5
5
5
5
5
5
5
5
5
5
5
5
5
5
5
5
5
5
5
5
5
5
5
5
5
5
5
5
5
5
5
5
5
5
5
5
5
5
5
5
5
5
5
5
5
5
5
5
5
5
5
5
5
5
5
5
5
5
5
5
5
5
5
5
5
5
5
5
5
5
5
5
5
5
5
5
5
5
5
5
5
5
5
5
5
5
5
5
5
5
5
5
5
5
5
5
5
5
5
5
5
5
5
5
5
5
5
5
5
5
5
5
5
5
5
5
5
5
5
5
5
5
5
5
5
5
5
5
5
5
5
5
5
5
5
5
5
5
5
5
5
5
5
5
5
5
5
5
5
5
5
5
5
5
5
5
5
5
5
5
5
5
5
5
5
5
5
5
5
5
5
5
5
5
5
5
5
5
5
5
5
5
5
5
5
5
5
5
5
5
5
5
5
5
5
5
5
5
5
5
5
5
5
5
5
5
5
5
5
5
5
5
5
5
5
5
5
5
5
5
5
5
5
5
5
5
5
5
5
5
5
5
5
5
5
5
5
5
5
5
5
5
5
5
5
5
5
5
5
5
5
5
5
5
5
5
5
5
5
5
5
5
5
5
5
5
5
5
5
5
5
5
5
5
5
5
5
5
5
5
5
5
5
5
5
5
5
5
5
5
5
5
5
5
5
5
5
5
5
5
5
5
5
5
5
5
5
5
5
5
5
5
5
5
5
5
5
5
5
5
5
5
5
5
5
5
5
5
5
5
5
5
5
5
5
5
5
5
5
5
5
5
5
5
5
5
5
5
5
5
5
5
5
5
5
5
5
5
5
5
5
5
5
5
5
5
5
5
5
5
5
5
5
5
5
5
5
5
5
5
5
5
5
5
5
5
5
5
5
5
5
5
5
5
5
5
5
5
5
5
5
5
5
5
5
5
5
5
5
5
5
5
5
5
5
5
5
5
5
5
5
5
5
5
5
5
5
5
5
5
5
5
5
5
5
5
5
5
5
5
5
5
5
5
5
5
5
5
5
5
5
5
5
5
5
5
5
5
5
5
5
5
5
5
5
5
5
5
5
5
5
5
5
5
5
5
5
5
5
5
5
5
5
5
5
5
5
5
5
5
5
5
5
5
5
5
5
5
5
5
5
5
5
5
5
5
5
5
5
5
5
5
5
5
5
5
5
5
5
5
5
5
5
5
5
5
5
5
5
5
5
5
5
5
5
5
5
5
5
5
5
5
5
5
5
5
5
5
5
5
5
5
5
5
5
5
5
5
5
5
5
5
5
5
5
5
5
5
5
5
5
5
5
5
5
5
5
5
5
5
5
5
5
5
5
5
5
5
5
5
5
5
5
5
5
5
5
5
5
5
5
5
5
5
5
5
5
5
5
5
5
5
5
5
5
5
5
5
5
5
5
5
5
5
5
5
5
5
5
5
5
5
5
5
5
5
5
5
5
5
5
5
5
5
5
5
5
5
5
5
5
5
5
5
5
5
5
5
5
5
5
5
5
5
5
5
5
5
5
5
5
5
5
5
5
5
5
5
5
5
5
5
5
5
5
5
5
5
5
5
5
5
5
5
5
5
5
5
5
5
5
5
5
5
5
5
5
5
5
5
5
5
5
5
5
5
5
5
5
5
5
5
5
5
5
5
5
5
5
5
5
5
5
5
5
5
5
5
5
5
5
5
5
5
5
5
5
5
5
5
5
5
5
5
5
5
5
5
5
5
5
5
5
5
5
5
5
5
5
5
5
5
5
5
5
5
5
5
5
5
5
5
5
5
5
5
5
5
5
5
5
5
5
5
5
5
5
5
5
5
5
5
5
5
5
5
5
5
5
5
5
5
5
5
5
5
5
5
5
5
5
5
5
5
5
5
5
5
5
5
5
5
5
5
5
5
5
5
5
5
5
5
5
5
5
5
5
5
5
5
5
5
5
5
5
5
5
5
5
5
5
5
5
5
5
5
5
5
5
5
5
5
5
5
5
5
5
5
5
5
5
5
5
5
5
5
5
5
5
5
5
5
5
5
5
5
5
5
5
5
5
5
5
5
5
5
5
5
5
5
5
5
5
5
5
5
5
5
5
5
5
5
5
5
5
5
5
5
5
5
5
5
5
5
5
5
5
5
5
5
5
5
5
5
5
5
5
5
5
5
5
5
5
5
5
5
5
5
5
5
5
5
5
5
5
5
5
5
5
5
5
5
5
5
5
5
5
5
5
5
5
5
5
5
5
5
5
5
5
5
5
5
5
5
5
5
5
5
5
5
5
5
5
5
5
5
5
5
5
5
5
5
5
5
5
5
5
5
5
5
5
5
5
5
5
5
5
5
5
5
5
5
5
5
5
5
5
5
5
5
5
5
5
5
5
5
5
5
5
5
5
5
5
5
5
5
5
5
5
5
5
5
5
5
5
5
5
5
5
5
5
5
5
5
5
5
5
5
5
5
5
5
5
5
5
5
5
5
5
5
5
5
5
5
5
5
5
5
5
5
5
5
5
5
5
5
5
5
5
5
5
5
5
5
5
5
5
5
5
5
5
5
5
5
5
5
5
5
5
5
5
5
5
5
5
5
5
5
5
5
5
5
5
5
5
5
5
5
5
5
5
5
5
5
5
5
5
5
5
5
5
5
5
5
5
5
5
5
5
5
5
5
5
5
5
5
5
5
5
5
5
5
5
5
5
5
5
5
5
5
5
5
5
5
5
5
5
5
5
5
5
5
5
5
5
5
5
5
5
5
5
5
5
5
5
5
5
5
5
5
5
5
5
5
5
5
5
5
5
5
5
5
5
5
5
5
5
5
5
5
5
5
5
5
5
5
5
5
5
5
5
5
5
5
5
5
5
5
5
5
5
5
5
5
5
5
5
5
5
5
5
5
5
5
5
5
5
5
5
5
5
5
5
5
5
5
5
5
5
5
5
5
5
5
5
5
5
5
5
5
5
5
5
5
5
5
5
5
5
5
5
5
5
5
5
5
5
5
5
5
5
5
5
5
5
5
5
5
5
5
5
5
5
5
5
5
5
5
5
5
5
5
5
5
5
5
5
5
5
5
5
5
5
5
5
5
5
5
5
5
5
5
5
5
5
5
5
5
5
5
5
5
5
5
5
5
5
5
5
5
5
5
5
5
5
5
5
5
5
5
5
5
5
5
5
5
5
5
5
5
5
5
5
5
5
5
5
5
5
5
5
5
5
5
5
5
5
5
5
5
5
5
5
5
5
5
5
5
5
5
5
5
5
5
5
5
5
5
5
5
5
5
5
5
5
5
5
5
5
5
5
5
5
5
5
5
5
5
5
5
5
5
5
5
5
5
5
5
5
5
5
5
5
5
5
5
5
5
5
5
5
5
5
5
5
5
5
5
5
5
5
5
5
5
5
5
5
5
5
5
5
5
5
5
5
5
5
5
5
5
5
5
5
5
5
5
5
5
5
5
5
5
5
5
5
5
5
5
5
5
5
5
5
5
5
5
5
5
5
5
5
5
5
5
5
5
5
5
5
5
5
5
5
5
5
5
5
5
5
5
5
5
5
5
5
5
5
5
5
5
5
5
5
5
5
5
5
5
5
5
5
5
5
5
5
5
5
5
5
5
5
5
5
5
5
5
5
5
5
5
5
5
5
5
5
5
5
5
5
5
5
5
5
5
5
5
5
5
5
5
5
5
5
5
5
5
5
5
5
5
5
5
5
5
5
5
5
5
5
5
5
5
5
5
5
5
5
5
5
5
5
5
5
5
5
5
5
5
5
5
5
5
5
5
5
5
5
5
5
5
5
5
5
5
5
5
5
5
5
5
5
5
5
5
5
5
5
5
5
5
5
5
5
5
5
5
5
5
5
5
5
5
5
5
5
5
5
5
5
5
5
5
5
5
5
5
5
5
5
5
5
5
5
5
5
5
5
5
5
5
5
5
5
5
5
5
5
5
5
5
5
5
5
5
5
5
5
5
5
5
5
5
5
5
5
5
5
5
5
5
5
5
5
5
5
5
5
5
5
5
5
5
5
5
5
5
5
5
5
5
5
5
5
5
5
5
5
5
5
5
5
5
5
5
5
5
5
5
5
5
5
5
5
5
5
5
5
5
5
5
5
5
5
5
5
5
5
5
5
5
5
5
5
5
5
5
5
5
5
5
5
5
5
5
5
5
5
5
5
5
5
5
5
5
5
5
5
5
5
5
5
5
5
5
5
5
5
5
5
5
5
5
5
5
5
5
5
5
5
5
5
5
5
5
5
5
5
5
5
5
5
5
5
5
5
5
5
5
5
5
5
5
5
5
5
5
5
5
5
5
5
5
5
5
5
5
5
5
5
5
5
5
5
5
5
5
5
5
5
5
5
5
5
5
5
5
5
5
5
5
5
5
5
5
5
5
5
5
5
5
5
5
5
5
5
5
5
5
5
5
5
5
5
5
5
5
5
5
5
5
5
5
5
5
5
5
5
5
5
5
5
5
5
5
5
5
5
5
5
5
5
5
5
5
5
5
5
5
5
5
5
5
5
5
5
5
5
5
5
5
5
5
5
5
5
5
5
5
5
5
5
5
5
5
5
5
5
5
5
5
5
5
5
5
5
5
5
5
5
5
5
5
5
5
5
5
5
5
5
5
5
5
5
5
5
5
5
5
5
5
5
5
5
5
5
5
5
5
5
5
5
5
5
5
5
5
5
5
5
5
5
5
5
5
5
5
5
5
5
5
5
5
5
5
5
5
5
5
5
5
5
5
5
5
5
5
5
5
5
5
5
5
5
5
5
5
5
5
5
5
5
5
5
5
5
5
5
5
5
5
5
5
5
5
5
5
5
5
5
5
5
5
5
5
5
5
5
5
5
5
5
5
5
5
5
5
5
5
5
5
5
5
5
5
5
5
5
5
5
5
5
5
5
5
5
5
5
5
5
5
5
5
5
5
5
5
5
5
5
5
5
5
5
5
5
5
5
5
5
5
5
5
5
5
5
5
5
5
5
5
5
5
5
5
5
5
5
5
5
5
5
5
5
5
5
5
5
5
5
5
5
5
5
5
5
5
5
5
5
5
5
5
5
5
5
5
5
5
5
5
5
5
5
5
5
5
5
5
5
5
5
5
5
5
5
5
5
5
5
5
5
5
5
5
5
5
5
5
5
5
5
5
5
5
5
5
5
5
5
5
5
5
5
5
5
5
5
5
5
5
5
5
5
5
5
5
5
5
5
5
5
5
5
5
5
5
5
5
5
5
5
5
5
5
5
5
5
5
5
5
5
5
5
5
5
5
5
5
5
5
5
5
5
5
5
5
5
5
5
5
5
5
5
5
5
5
5
5
5
5
5
5
5
5
5
5
5
5
5
5
5
5
5
5
5
5
5
5
5
5
5
5
5
5
5
5
5
5
5
5
5
5
5
5
5
5
5
5
5
5
5
5
5
5
5
5
5
5
5
5
5
5
5
5
5
5
5
5
5
5
5
5
5
5
5
5
5
5
5
5
5
5
5
5
5
5
5
5
5
5
5
5
5
5
5
5
5
5
5
5
5
5
5
5
5
5
5
5
5
5
5
5
5
5
5
5
5
5
5
5
5
5
5
5
5
5
5
5
5
5
5
5
5
5
5
5
5
5
5
5
5
5
5
5
5
5
5
5
5
5
5
5
5
5
5
5
5
5
5
5
5
5
5
5
5
5
5
5
5
5
5
5
5
5
5
5
5
5
5
5
5
5
5
5
5
5
5
5
5
5
5
5
5
5
5
5
5
5
5
5
5
5
5
5
5
5
5
5
5
5
5
5
5
5
5
5
5
5
5
5
5
5
5
5
5
5
5
5
5
5
5
5
5
5
5
5
5
5
5
5
5
5
5
5
5
5
5
5
5
5
5
5
5
5
5
5
5
5
5
5
5
5
5
5
5
5
5
5
5
5
5
5
5
5
5
5
5
5
5
5
5
5
5
5
5
5
5
5
5
5
5
5
5
5
5
5
5
5
5
5
5
5
5
5
5
5
5
5
5
5
5
5
5
5
5
5
5
5
5
5
5
5
5
5
5
5
5
5
5
5
5
5
5
5
5
5
5
5
5
5
5
5
5
5
5
5
5
5
5
5
5
5
5
5
5
5
5
5
5
5
5
5
5
5
5
5
5
5
5
5
5
5
5
5
5
5
5
5
5
5
5
5
5
5
5
5
5
5
5
5
5
5
5
5
5
5
5
5
5
5
5
5
5
5
5
5
5
5
5
5
5
5
5
5
5
5
5
5
5
5
5
5
5
5
5
5
5
5
5
5
5
5
5
5
5
5
5
5
5
5
5
5
5
5
5
5
5
5
5
5
5
5
5
5
5
5
5
5
5
5
5
5
5
5
5
5
5
5
5
5
5
5
5
5
5
5
5
5
5
5
5
5
5
5
5
5
5
5
5
5
5
5
5
5
5
5
5
5
5
5
5
5
5
5
5
5
5
5
5
5
5
5
5
5
5
5
5
5
5
5
5
5
5
5
5
5
5
5
5
5
5
5
5
5
5
5
5
5
5
5
5
5
5
5
5
5
5
5
5
5
5
5
5
5
5
5
5
5
5
5
5
5
5
5
5
5
5
5
5
5
5
5
5
5
5
5
5
5
5
5
5
5
5
5
5
5
5
5
5
5
5
5
5
5
5
5
5
5
5
5
5
5
5
5
5
5
5
5
5
5
5
5
5
5
5
5
5
5
5
5
5
5
5
5
5
5
5
5
5
5
5
5
5
5
5
5
5
5
5
5
5
5
5
5
5
5
5
5
5
5
5
5
5
5
5
5
5
5
5
5
5
5
5
5
5
5
5
5
5
5
5
5
5
5
5
5
5
5
5
5
5
5
5
5
5
5
5
5
5
5
5
5
5
5
5
5
5
5
5
5
5
5
5
5
5
5
5
5
5
5
5
5
5
5
5
5
5
5
5
5
5
5
5
5
5
5
5
5
5
5
5
5
5
5
5
5
5
5
5
5
5
5
5
5
5
5
5
5
5
5
5
5
5
5
5
5
5
5
5
5
5
5
5
5
5
5
5
5
5
5
5
5
5
5
5
5
5
5
5
5
5
5
5
5
5
5
5
5
5
5
5
5
5
5
5
5
5
5
5
5
5
5
5
5
5
5
5
5
5
5
5
5
5
5
5
5
5
5
5
5
5
5
5
5
5
5
5
5
5
5
5
5
5
5
5
5
5
5
5
5
5
5
5
5
5
5
5
5
5
5
5
5
5
5
5
5
5
5
5
5
5
5
5
5
5
5
5
5
5
5
5
5
5
5
5
5
5
5
5
5
5
5
5
5
5
5
5
5
5
5
5
5
5
5
5
5
5
5
5
5
5
5
5
5
5
5
5
5
5
5
5
5
5
5
5
5
5
5
5
5
5
5
5
5
5
5
5
5
5
5
5
5
5
5
5
5
5
5
5
5
5
5
5
5
5
5
5
5
5
5
5
5
5
5
5
5
5
5
5
5
5
5
5
5
5
5
5
5
5
5
5
5
5
5
5
5
5
5
5
5
5
5
5
5
5
5
5
5
5
5
5
5
5
5
5
5
5
5
5
5
5
5
5
5
5
5
5
5
5
5
5
5
5
5
5
5
5
5
5
5
5
5
5
5
5
5
5
5
5
5
5
5
5
5
5
5
5
5
5
5
5
5
5
5
5
5
5
5
5
5
5
5
5
5
5
5
5
5
5
5
5
5
5
5
5
5
5
5
5
5
5
5
5
5
5
5
5
5
5
5
5
5
5
5
5
5
5
5
5
5
5
5
5
5
5
5
5
5
5
5
5
5
5
5
5
5
5
5
5
5
5
5
5
5
5
5
5
5
5
5
5
5
5
5
5
5
5
5
5
5
5
5
5
5
5
5
5
5
5
5
5
5
5
5
5
5
5
5
5
5
5
5
5
5
5
5
5
5
5
5
5
5
5
5
5
5
5
5
5
5
5
5
5
5
5
5
5
5
5
5
5
5
5
5
5
5
5
5
5
5
5
5
5
5
5
5
5
5
5
5
5
5
5
5
5
5
5
5
5
5
5
5
5
5
5
5
5
5
5
5
5
5
5
5
5
5
5
5
5
5
5
5
5
5
5
5
5
5
5
5
5
5
5
5
5
5
5
5
5
5
5
5
5
5
5
5
5
5
5
5
5
5
5
5
5
5
5
5
5
5
5
5
5
5
5
5
5
5
5
5
5
5
5
5
5
5
5
5
5
5
5
5
5
5
5
5
5
5
5
5
5
5
5
5
5
5
5
5
5
5
5
5
5
5
5
5
5
5
5
5
5
5
5
5
5
5
5
5
5
5
5
5
5
5
5
5
5
5
5
5
5
5
5
5
5
5
5
5
5
5
5
5
5
5
5
5
5
5
5
5
5
5
5
5
5
5
5
5
5
5
5
5
5
5
5
5
5
5
5
5
5
5
5
5
5
5
5
5
5
5
5
5
5
5
5
5
5
5
5
5
5
5
5
5
5
5
5
5
5
5
5
5
5
5
5
5
5
5
5
5
5
5
5
5
5
5
5
5
5
5
5
5
5
5
5
5
5
5
5
5
5
5
5
5
5
5
5
5
5
5
5
5
5
5
5
5
5
5
5
5
5
5
5
5
5
5
5
5
5
5
5
5
5
5
5
5
5
5
5
5
5
5
5
5
5
5
5
5
5
5
5
5
5
5
5
5
5
5
5
5
5
5
5
5
5
5
5
5
5
5
5
5
5
5
5
5
5
5
5
5
5
5
5
5
5
5
5
5
5
5
5
5
5
5
5
5
5
5
5
5
5
5
5
5
5
5
5
5
5
5
5
5
5
5
5
5
5
5
5
5
5
5
5
5
5
5
5
5
5
5
5
5
5
5
5
5
5
5
5
5
5
5
5
5
5
5
5
5
5
5
5
5
5
5
5
5
5
5
5
5
5
5
5
5
5
5
5
5
5
5
5
5
5
5
5
5
5
5
5
5
5
5
5
5
5
5
5
5
5
5
5
5
5
5
5
5
5
5
5
5
5
5
5
5
5
5
5
5
5
5
5
5
5
5
5
5
5
5
5
5
5
5
5
5
5
5
5
5
5
5
5
5
5
5
5
5
5
5
5
5
5
5
5
5
5
5
5
5
5
5
5
5
5
5
5
5
5
5
5
5
5
5
5
5
5
5
5
5
5
5
5
5
5
5
5
5
5
5
5
5
5
5
5
5
5
5
5
5
5
5
5
5
5
5
5
5
5
5
5
5
5
5
5
5
5
5
5
5
5
5
5
5
5
5
5
5
5
5
5
5
5
5
5
5
5
5
5
5
5
5
5
5
5
5
5
5
5
5
5
5
5
5
5
5
5
5
5
5
5
5
5
5
5
5
5
5
5
5
5
5
5
5
5
5
5
5
5
5
5
5
5
5
5
5
5
5
5
5
5
5
5
5
5
5
5
5
5
5
5
5
5
5
5
5
5
5
5
5
5
5
5
5
5
5
5
5
5
5
5
5
5
5
5
5
5
5
5
5
5
5
5
5
5
5
5
5
5
5
5
5
5
5
5
5
5
5
5
5
5
5
5
5
5
5
5
5
5
5
5
5
5
5
5
5
5
5
5
5
5
5
5
5
5
5
5
5
5
5
5
5
5
5
5
5
5
5
5
5
5
5
5
5
5
5
5
5
5
5
5
5
5
5
5
5
5
5
5
5
5
5
5
5
5
5
5
5
5
5
5
5
5
5
5
5
5
5
5
5
5
5
5
5
5
5
5
5
5
5
5
5
5
5
5
5
5
5
5
5
5
5
5
5
5
5
5
5
5
5
5
5
5
5
5
5
5
5
5
5
5
5
5
5
5
5
5
5
5
5
5
5
5
5
5
5
5
5
5
5
5
5
5
5
5
5
5
5
5
5
5
5
5
5
5
5
5
5
5
5
5
5
5
5
5
5
5
5
5
5
5
5
5
5
5
5
5
5
5
5
5
5
5
5
5
5
5
5
5
5
5
5
5
5
5
5
5
5
5
5
5
5
5
5
5
5
5
5
5
5
5
5
5
5
5
5
5
5
5
5
5
5
5
5
5
5
5
5
5
5
5
5
5
5
5
5
5
5
5
5
5
5
5
5
5
5
5
5
5
5
5
5
5
5
5
5
5
5
5
5
5
5
5
5
5
5
5
5
5
5
5
5
5
5
5
5
5
5
5
5
5
5
5
5
5
5
5
5
5
5
5
5
5
5
5
5
5
5
5
5
5
5
5
5
5
5
5
5
5
5
5
5
5
5
5
5
5
5
5
5
5
5
5
5
5
5
5
5
5
5
5
5
5
5
5
5
5
5
5
5
5
5
5
5
5
5
5
5
5
5
5
5
5
5
5
5
5
5
5
5
5
5
5
5
5
5
5
5
5
5
5
5
5
5
5
5
5
5
5
5
5
5
5
5
5
5
5
5
5
5
5
5
5
5
5
5
5
5
5
5
5
5
5
5
5
5
5
5
5
5
5
5
5
5
5
5
5
5
5
5
5
5
5
5
5
5
5
5
5
5
5
5
5
5
5
5
5
5
5
5
5
5
5
5
5
5
5
5
5
5
5
5
5
5
5
5
5
5
5
5
5
5
5
5
5
5
5
5
5
5
5
5
5
5
5
5
5
5
5
5
5
5
5
5
5
5
5
5
5
5
5
5
5
5
5
5
5
5
5
5
5
5
5
5
5
5
5
5
5
5
5
5
5
5
5
5
5
5
5
5
5
5
5
5
5
5
5
5
5
5
5
5
5
5
5
5
5
5
5
5
5
5
5
5
5
5
5
5
5
5
5
5
5
5
5
5
5
5
5
5
5
5
5
5
5
5
5
5
5
5
5
5
5
5
5
5
5
5
5
5
5
5
5
5
5
5
5
5
5
5
5
5
5
5
5
5
5
5
5
5
5
5
5
5
5
5
5
5
5
5
5
5
5
5
5
5
5
5
5
5
5
5
5
5
5
5
5
5
5
5
5
5
5
5
5
5
5
5
5
5
5
5
5
5
5
5
5
5
5
5
5
5
5
5
5
5
5
5
5
5
5
5
5
5
5
5
5
5
5
5
5
5
5
5
5
5
5
5
5
5
5
5
5
5
5
5
5
5
5
5
5
5
5
5
5
5
5
5
5
5
5
5
5
5
5
5
5
5
5
5
5
5
5
5
5
5
5
5
5
5
5
5
5
5
5
5
5
5
5
5
5
5
5
5
5
5
5
5
5
5
5
5
5
5
5
5
5
5
5
5
5
5
5
5
5
5
5
5
5
5
5
5
5
5
5
5
5
5
5
5
5
5
5
5
5
5
5
5
5
5
5
5
5
5
5
5
5
5
5
5
5
5
5
5
5
5
5
5
5
5
5
5
5
5
5
5
5
5
5
5
5
5
5
5
5
5
5
5
5
5
5
5
5
5
5
5
5
5
5
5
5
5
5
5
5
5
5
5
5
5
5
5
5
5
5
5
5
5
5
5
5
5
5
5
5
5
5
5
5
5
5
5
5
5
5
5
5
5
5
5
5
5
5
5
5
5
5
5
5
5
5
5
5
5
5
5
5
5
5
5
5
5
5
5
5
5
5
5
5
5
5
5
5
5
5
5
5
5
5
5
5
5
5
5
5
5
5
5
5
5
5
5
5
5
5
5
5
5
5
5
5
5
5
5
5
5
5
5
5
5
5
5
5
5
5
5
5
5
5
5
5
5
5
5
5
5
5
5
5
5
5
5
5
5
5
5
5
5
5
5
5
5
5
5
5
5
5
5
5
5
5
5
5
5
5
5
5
5
5
5
5
5
5
5
5
5
5
5
5
5
5
5
5
5
5
5
5
5
5
5
5
5
5
5
5
5
5
5
5
5
5
5
5
5
5
5
5
5
5
5
5
5
5
5
5
5
5
5
5
5
5
5
5
5
5
5
5
5
5
5
5
5
5
5
5
5
5
5
5
5
5
5
5
5
5
5
5
5
5
5
5
5
5
5
5
5
5
5
5
5
5
5
5
5
5
5
5
5
5
5
5
5
5
5
5
5
5
5
5
5
5
5
5
5
5
5
5
5
5
5
5
5
5
5
5
5
5
5
5
5
5
5
5
5
5
5
5
5
5
5
5
5
5
5
5
5
5
5
5
5
5
5
5
5
5
5
5
5
5
5
5
5
5
5
5
5
5
5
5
5
5
5
5
5
5
5
5
5
5
5
5
5
5
5
5
5
5
5
5
5
5
5
5
5
5
5
5
5
5
5
5
5
5
5
5
5
5
5
5
5
5
5
5
5
5
5
5
5
5
5
5
5
5
5
5
5
5
5
5
5
5
5
5
5
5
5
5
5
5
5
5
5
5
5
5
5
5
5
5
5
5
5
5
5
5
5
5
5
5
5
5
5
5
5
5
5
5
5
5
5
5
5
5
5
5
5
5
5
5
5
5
5
5
5
5
5
5
5
5
5
5
5
5
5
5
5
5
5
5
5
5
5
5
5
5
5
5
5
5
5
5
5
5
5
5
5
5
5
5
5
5
5
5
5
5
5
5
5
5
5
5
5
5
5
5
5
5
5
5
5
5
5
5
5
5
5
5
5
5
5
5
5
5
5
5
5
5
5
5
5
5
5
5
5
5
5
5
5
5
5
5
5
5
5
5
5
5
5
5
5
5
5
5
5
5
5
5
5
5
5
5
5
5
5
5
5
5
5
5
5
5
5
5
5
5
5
5
5
5
5
5
5
5
5
5
5
5
5
5
5
5
5
5
5
5
5
5
5
5
5
5
5
5
5
5
5
5
5
5
5
5
5
5
5
5
5
5
5
5
5
5
5
5
5
5
5
5
5
5
5
5
5
5
5
5
5
5
5
5
5
5
5
5
5
5
5
5
5
5
5
5
5
5
5
5
5
5
5
5
5
5
5
5
5
5
5
5
5
5
5
5
5
5
5
5
5
5
5
5
5
5
5
5
5
5
5
5
5
5
5
5
5
5
5
5
5
5
5
5
5
5
5
5
5
5
5
5
5
5
5
5
5
5
5
5
5
5
5
5
5
5
5
5
5
5
5
5
5
5
5
5
5
5
5
5
5
5
5
5
5
5
5
5
5
5
5
5
5
5
5
5
5
5
5
5
5
5
5
5
5
5
5
5
5
5
5
5
5
5
5
5
5
5
5
5
5
5
5
5
5
5
5
5
5
5
5
5
5
5
5
5
5
5
5
5
5
5
5
5
5
5
5
5
5
5
5
5
5
5
5
5
5
5
5
5
5
5
5
5
5
5
5
5
5
5
5
5
5
5
5
5
5
5
5
5
5
5
5
5
5
5
5
5
5
5
5
5
5
5
5
5
5
5
5
5
5
5
5
5
5
5
5
5
5
5
5
5
5
5
5
5
5
5
5
5
5
5
5
5
5
5
5
5
5
5
5
5
5
5
5
5
5
5
5
5
5
5
5
5
5
5
5
5
5
5
5
5
5
5
5
5
5
5
5
5
5
5
5
5
5
5
5
5
5
5
5
5
5
5
5
5
5
5
5
5
5
5
5
5
5
5
5
5
5
5
5
5
5
5
5
5
5
5
5
5
5
5
5
5
5
5
5
5
5
5
5
5
5
5
5
5
5
5
5
5
5
5
5
5
5
5
5
5
5
5
5
5
5
5
5
5
5
5
5
5
5
5
5
5
5
5
5
5
5
5
5
5
5
5
5
5
5
5
5
5
5
5
5
5
5
5
5
5
5
5
5
5
5
5
5
5
5
5
5
5
5
5
5
5
5
5
5
5
5
5
5
5
5
5
5
5
5
5
5
5
5
5
5
5
5
5
5
5
5
5
5
5
5
5
5
5
5
5
5
5
5
5
5
5
5
5
5
5
5
5
5
5
5
5
5
5
5
5
5
5
5
5
5
5
5
5
5
5
5
5
5
5
5
5
5
5
5
5
5
5
5
5
5
5
5
5
5
5
5
5
5
5
5
5
5
5
5
5
5
5
5
5
5
5
5
5
5
5
5
5
5
5
5
5
5
5
5
5
5
5
5
5
5
5
5
5
5
5
5
5
5
5
5
5
5
5
5
5
5
5
5
5
5
5
5
5
5
5
5
5
5
5
5
5
5
5
5
5
5
5
5
5
5
5
5
5
5
5
5
5
5
5
5
5
5
5
5
5
5
5
5
5
5
5
5
5
5
5
5
5
5
5
5
5
5
5
5
5
5
5
5
5
5
5
5
5
5
5
5
5
5
5
5
5
5
5
5
5
5
5
5
5
5
5
5
5
5
5
5
5
5
5
5
5
5
5
5
5
5
5
5
5
5
5
5
5
5
5
5
5
5
5
5
5
5
5
5
5
5
5
5
5
5
5
5
5
5
5
5
5
5
5
5
5
5
5
5
5
5
5
5
5
5
5
5
5
5
5
5
5
5
5
5
5
5
5
5
5
5
5
5
5
5
5
5
5
5
5
5
5
5
5
5
5
5
5
5
5
5
5
5
5
5
5
5
5
5
5
5
5
5
5
5
5
5
5
5
5
5
5
5
5
5
5
5
5
5
5
5
5
5
5
5
5
5
5
5
5
5
5
5
5
5
5
5
5
5
5
5
5
5
5
5
5
5
5
5
5
5
5
5
5
5
5
5
5
5
5
5
5
5
5
5
5
5
5
5
5
5
5
5
5
5
5
5
5
5
5
5
5
5
5
5
5
5
5
5
5
5
5
5
5
5
5
5
5
5
5
5
5
5
5
5
5
5
5
5
5
5
5
5
5
5
5
5
5
5
5
5
5
5
5
5
5
5
5
5
5
5
5
5
5
5
5
5
5
5
5
5
5
5
5
5
5
5
5
5
5
5
5
5
5
5
5
5
5
5
5
5
5
5
5
5
5
5
5
5
5
5
5
5
5
5
5
5
5
5
5
5
5
5
5
5
5
5
5
5
5
5
5
5
5
5
5
5
5
5
5
5
5
5
5
5
5
5
5
5
5
5
5
5
5
5
5
5
5
5
5
5
5
5
5
5
5
5
5
5
5
5
5
5
5
5
5
5
5
5
5
5
5
5
5
5
5
5
5
5
5
5
5
5
5
5
5
5
5
5
5
5
5
5
5
5
5
5
5
5
5
5
5
5
5
5
5
5
5
5
5
5
5
5
5
5
5
5
5
5
5
5
5
5
5
5
5
5
5
5
5
5
5
5
5
5
5
5
5
5
5
5
5
5
5
5
5
5
5
5
5
5
5
5
5
5
5
5
5
5
5
5
5
5
5
5
5
5
5
5
5
5
5
5
5
5
5
5
5
5
5
5
5
5
5
5
5
5
5
5
5
5
5
5
5
5
5
5
5
5
5
5
5
5
5
5
5
5
5
5
5
5
5
5
5
5
5
5
5
5
5
5
5
5
5
5
5
5
5
5
5
5
5
5
5
5
5
5
5
5
5
5
5
5
5
5
5
5
5
5
5
5
5
5
5
5
5
5
5
5
5
5
5
5
5
5
5
5
5
5
5
5
5
5
5
5
5
5
5
5
5
5
5
5
5
5
5
5
5
5
5
5
5
5
5
5
5
5
5
5
5
5
5
5
5
5
5
5
5
5
5
5
5
5
5
5
5
5
5
5
5
5
5
5
5
5
5
5
5
5
5
5
5
5
5
5
5
5
5
5
5
5
5
5
5
5
5
5
5
5
5
5
5
5
5
5
5
5
5
5
5
5
5
5
5
5
5
5
5
5
5
5
5
5
5
5
5
5
5
5
5
5
5
5
5
5
5
5
5
5
5
5
5
5
5
5
5
5
5
5
5
5
5
5
5
5
5
5
5
5
5
5
5
5
5
5
5
5
5
5
5
5
5
5
5
5
5
5
5
5
5
5
5
5
5
5
5
5
5
5
5
5
5
5
5
5
5
5
5
5
5
5
5
5
5
5
5
5
5
5
5
5
5
5
5
5
5
5
5
5
5
5
5
5
5
5
5
5
5
5
5
5
5
5
5
5
5
5
5
5
5
5
5
5
5
5
5
5
5
5
5
5
5
5
5
5
5
5
5
5
5
5
5
5
5
5
5
5
5
5
5
5
5
5
5
5
5
5
5
5
5
5
5
5
5
5
5
5
5
5
5
5
5
5
5
5
5
5
5
5
5
5
5
5
5
5
5
5
5
5
5
5
5
5
5
5
5
5
5
5
5
5
5
5
5
5
5
5
5
5
5
5
5
5
5
5
5
5
5
5
5
5
5
5
5
5
5
5
5
5
5
5
5
5
5
5
5
5
5
5
5
5
5
5
5
5
5
5
5
5
5
5
5
5
5
5
5
5
5
5
5
5
5
5
5
5
5
5
5
5
5
5
5
5
5
5
5
5
5
5
5
5
5
5
5
5
5
5
5
5
5
5
5
5
5
5
5
5
5
5
5
5
5
5
5
5
5
5
5
5
5
5
5
5
5
5
5
5
5
5
5
5
5
5
5
5
5
5
5
5
5
5
5
5
5
5
5
5
5
5
5
5
5
5
5
5
5
5
5
5
5
5
5
5
5
5
5
5
5
5
5
5
5
5
5
5
5
5
5
5
5
5
5
5
5
5
5
5
5
5
5
5
5
5
5
5
5
5
5
5
5
5
5
5
5
5
5
5
5
5
5
5
5
5
5
5
5
5
5
5
5
5
5
5
5
5
5
5
5
5
5
5
5
5
5
5
5
5
5
5
5
5
5
5
5
5
5
5
5
5
5
5
5
5
5
5
5
5
5
5
5
5
5
5
5
5
5
5
5
5
5
5
5
5
5
5
5
5
5
5
5
5
5
5
5
5
5
5
5
5
5
5
5
5
5
5
5
5
5
5
5
5
5
5
5
5
5
5
5
5
5
5
5
5
5
5
5
5
5
5
5
5
5
5
5
5
5
5
5
5
5
5
5
5
5
5
5
5
5
5
5
5
5
5
5
5
5
5
5
5
5
5
5
5
5
5
5
5
5
5
5
5
5
5
5
5
5
5
5
5
5
5
5
5
5
5
5
5
5
5
5
5
5
5
5
5
5
5
5
5
5
5
5
5
5
5
5
5
5
5
5
5
5
5
5
5
5
5
5
5
5
5
5
5
5
5
5
5
5
5
5
5
5
5
5
5
5
5
5
5
5
5
5
5
5
5
5
5
5
5
5
5
5
5
5
5
5
5
5
5
5
5
5
5
5
5
5
5
5
5
5
5
5
5
5
5
5
5
5
5
5
5
5
5
5
5
5
5
5
5
5
5
5
5
5
5
5
5
5
5
5
5
5
5
5
5
5
5
5
5
5
5
5
5
5
5
5
5
5
5
5
5
5
5
5
5
5
5
5
5
5
5
5
5
5
5
5
5
5
5
5
5
5
5
5
5
5
5
5
5
5
5
5
5
5
5
5
5
5
5
5
5
5
5
5
5
5
5
5
5
5
5
5
5
5
5
5
5
5
5
5
5
5
5
5
5
5
5
5
5
5
5
5
5
5
5
5
5
5
5
5
5
5
5
5
5
5
5
5
5
5
5
5
5
5
5
5
5
5
5
5
5
5
5
5
5
5
5
5
5
5
5
5
5
5
5
5
5
5
5
5
5
5
5
5
5
5
5
5
5
5
5
5
5
5
5
5
5
5
5
5
5
5
5
5
5
5
5
5
5
5
5
5
5
5
5
5
5
5
5
5
5
5
5
5
5
5
5
5
5
5
5
5
5
5
5
5
5
5
5
5
5
5
5
5
5
5
5
5
5
5
5
5
5
5
5
5
5
5
5
5
5
5
5
5
5
5
5
5
5
5
5
5
5
5
5
5
5
5
5
5
5
5
5
5
5
5
5
5
5
5
5
5
5
5
5
5
5
5
5
5
5
5
5
5
5
5
5
5
5
5
5
5
5
5
5
5
5
5
5
5
5
5
5
5
5
5
5
5
5
5
5
5
5
5
5
5
5
5
5
5
5
5
5
5
5
5
5
5
5
5
5
5
5
5
5
5
5
5
5
5
5
5
5
5
5
5
5
5
5
5
5
5
5
5
5
5
5
5
5
5
5
5
5
5
5
5
5
5
5
5
5
5
5
5
5
5
5
5
5
5
5
5
5
5
5
5
5
5
5
5
5
5
5
5
5
5
5
5
5
5
5
5
5
5
5
5
5
5
5
5
5
5
5
5
5
5
5
5
5
5
5
5
5
5
5
5
5
5
5
5
5
5
5
5
5
5
5
5
5
5
5
5
5
5
5
5
5
5
5
5
5
5
5
5
5
5
5
5
5
5
5
5
5
5
5
5
5
5
5
5
5
5
5
5
5
5
5
5
5
5
5
5
5
5
5
5
5
5
5
5
5
5
5
5
5
5
5
5
5
5
5
5
5
5
5
5
5
5
5
5
5
5
5
5
5
5
5
5
5
5
5
5
5
5
5
5
5
5
5
5
5
5
5
5
5
5
5
5
5
5
5
5
5
5
5
5
5
5
5
5
5
5
5
5
5
5
5
5
5
5
5
5
5
5
5
5
5
5
5
5
5
5
5
5
5
5
5
5
        </DataArray>
      </Cells>
<PointData>
  <DataArray type = "Float64" Name="Erreur" format="ascii">
0.680691
0.727571
0.677729
0.668606
0.70337
0.404902
0.646276
0.646941
0.388482
0.56884
0.641526
0.615127
0.595802
0.639651
0.665915
0.641553
0.629993
0.668876
0.557654
0.610064
0.550225
0.659984
0.610234
0.654965
0.650792
0.626424
0.593451
0.60359
0.633688
0.593287
0.59933
0.680536
0.642301
0.479689
0.654988
0.631952
0.576319
0.595505
0.635475
0.51635
0.582304
0.573738
0.665981
0.617295
0.651396
0.647099
0.587614
0.155797
0.646112
0.641183
0.657488
0.618609
0.659229
0.563582
0.583671
0.631964
0.654225
0.650015
0.631002
0.621195
0.639273
0.55988
0.637576
0.123623
0.564536
0.634371
0.59661
0.661441
0.659081
0.118117
0.645278
0.631992
0.6306
0.484203
0.613806
0.523007
0.647074
0.644912
0.633388
0.645477
0.64848
0.632998
0.604207
0.686319
0.572272
0.146612
0.182812
0.63651
0.568149
0.572128
0.645611
0.133704
0.658538
0.624242
0.614472
0.576798
0.613252
0.660144
0.513063
0.671135
0.624328
0.604473
0.156144
0.643134
0.557364
0.435128
0.604547
0.59932
0.625255
0.644679
0.639854
0.140722
0.243452
0.184494
0.562109
0.585224
0.236492
0.13816
0.662388
0.442462
0.616455
0.567956
0.622784
0.559506
0.590766
0.625665
0.634293
0.650439
0.129107
0.649529
0.635299
0.532061
0.6009
0.60274
0.648002
0.648122
0.622244
0.581125
0.634232
0.097243
0.567055
0.495611
0.56313
0.637659
0.120304
0.257347
0.65663
0.528138
0.381289
0.658967
0.469104
0.558516
0.624428
0.634217
0.585887
0.636393
0.652499
0.295451
0.626144
0.621301
0.562117
0.579329
0.662644
0.60753
0.668816
0.644627
0.68378
0.552746
0.659376
0.589613
0.562118
0.674657
0.191659
0.672838
0.57438
0.347546
0.577077
0.296573
0.609363
0.648117
0.580749
0.610276
0.310175
0.463899
0.624803
0.591149
0.618731
0.509081
0.233792
0.515679
0.552661
0.653407
0.616206
0.589043
0.265659
0.597284
0.636007
0.493457
0.115867
0.641401
0.28637
0.659247
0.683256
0.624917
0.58201
0.598703
0.574802
0.62412
0.609246
0.193437
0.654187
0.664228
0.641558
0.668471
0.33703
0.623505
0.647239
0.65683
0.655019
0.669559
0.629234
0.627655
0.675973
0.593004
0.678275
0.653075
0.602588
0.598047
0.605474
0.109458
0.658737
0.647996
0.635906
0.597808
0.665789
0.58988
0.630666
0.696179
0.242237
0.114874
0.590404
0.652587
0.643756
0.435729
0.56848
0.643945
0.63784
0.649923
0.654232
0.400719
0.660516
0.57315
0.563495
0.641672
0.589324
0.396828
0.111438
0.646398
0.482181
0.644745
0.562744
0.635127
0.631842
0.658892
0.452064
0.639085
0.584289
0.655864
0.673928
0.641814
0.36856
0.646608
0.65318
0.59759
0.581866
0.613597
0.544249
0.66183
0.577656
0.651467
0.660077
0.434592
0.622826
0.575339
0.611901
0.629159
0.606987
0.531096
0.62346
0.628913
0.584002
0.648605
0.671789
0.635712
0.623507
0.396093
0.557394
0.114335
0.528259
0.128848
0.546145
0.606749
0.128144
0.613702
0.586452
0.59281
0.625485
0.586376
0.653528
0.657815
0.582667
0.261239
0.604342
0.610127
0.624162
0.625474
0.638809
0.490779
0.607123
0.241602
0.615696
0.197696
0.659712
0.641655
0.536122
0.561207
0.618488
0.579971
0.652657
0.433687
0.61403
0.592342
0.427834
0.445994
0.630729
0.613925
0.611436
0.658553
0.553548
0.645563
0.522665
0.614536
0.663687
0.628409
0.656354
0.378426
0.586153
0.555672
0.179098
0.627228
0.616878
0.588
0.651617
0.471464
0.659576
0.620436
0.186968
0.597709
0.19132
0.546869
0.624758
0.647001
0.547485
0.611555
0.60653
0.659346
0.655194
0.583971
0.620091
0.439436
0.670718
0.712747
0.554963
0.56109
0.614899
0.303275
0.59198
0.559376
0.656078
0.147104
0.182354
0.598531
0.6038
0.617419
0.312564
0.518642
0.602091
0.509968
0.671307
0.468444
0.63577
0.559927
0.42945
0.629383
0.577371
0.64706
0.54472
0.62196
0.643218
0.607833
0.567689
0.55545
0.561672
0.610681
0.627741
0.571598
0.576092
0.644626
0.638341
0.592566
0.315746
0.631314
0.564174
0.573363
0.510068
0.580911
0.693654
0.597774
0.601544
0.640988
0.570256
0.546793
0.555473
0.684081
0.63212
0.697993
0.548651
0.566719
0.630679
0.591665
0.585454
0.759806
0.6349
0.555533
0.536672
0.596597
0.610476
0.425722
0.599451
0.646915
0.701928
0.657307
0.676056
0.623274
0.644781
0.674538
0.657005
0.589311
0.640209
0.679369
0.695781
0.588816
0.684437
0.62752
0.554247
0.652513
0.695448
0.647009
0.666125
0.703943
0.581885
0.538416
0.529542
0.574928
0.636718
0.661444
0.587599
0.666647
0.580214
0.708327
0.634495
0.404471
0.634203
0.652274
0.74155
0.650494
0.62877
0.602036
0.632582
0.67776
0.563275
0.503621
0.599595
0.617257
0.514557
0.536108
0.600195
0.682712
0.770415
0.70651
0.635096
0.561821
0.682941
0.5615
0.657702
0.639732
0.685911
0.63832
0.636941
0.592289
0.593192
0.620948
0.5866
0.71088
0.651685
0.647772
0.611252
0.677861
0.74385
0.67629
0.642303
0.577059
0.584865
0.628946
0.600716
0.648595
0.624903
0.607917
0.668444
0.702831
0.716833
0.654474
0.462337
0.62119
0.611904
0.633038
0.649112
0.61999
0.612195
0.640633
0.580482
0.577457
0.631493
0.504915
0.666514
0.571562
0.610757
0.674384
0.709409
0.677482
0.659037
0.706371
0.558653
0.597522
0.625798
0.649226
0.575299
0.505896
0.59983
0.500487
0.453052
0.671436
0.615271
0.639364
0.660289
0.674438
0.68637
0.68671
0.725567
0.514965
0.52176
0.663556
0.542991
0.644485
0.642935
0.565362
0.692649
0.677125
0.669414
0.625431
0.720862
0.653448
0.627366
0.541362
0.631107
0.593349
0.57111
0.646926
0.657759
0.51318
0.665067
0.620533
0.532358
0.526056
0.567267
0.585978
0.58088
0.615255
0.594272
0.501716
0.68423
0.628866
0.61946
0.601869
0.583842
0.699129
0.587248
0.709032
0.665754
0.653968
0.643076
0.656781
0.613723
0.658504
0.614439
0.478124
0.630259
0.579425
0.639098
0.619546
0.656316
0.582585
0.650935
0.634042
0.569101
0.690048
0.657356
0.700204
0.636066
0.590888
0.560737
0.510267
0.556586
0.676754
0.625602
0.583453
0.633382
0.522863
0.593525
0.602215
0.73352
0.71223
0.706231
0.678682
0.551637
0.587299
0.592223
0.623951
0.629387
0.51866
0.56084
0.629413
0.672457
0.490082
0.496414
0.547256
0.649524
0.582631
0.660503
0.70803
0.606471
0.614853
0.687655
0.616153
0.689934
0.697956
0.667115
0.701699
0.629433
0.513181
0.72533
0.640837
0.6383
0.548348
0.534711
0.633136
0.692659
0.654266
0.656243
0.614677
0.660073
0.564183
0.614152
0.534078
0.653935
0.646136
0.619506
0.652995
0.616865
0.662971
0.610758
0.628615
0.584422
0.487968
0.544104
0.559651
0.586859
0.675342
0.688654
0.69494
0.6349
0.60948
0.637601
0.641403
0.530733
0.457456
0.602803
0.661676
0.678458
0.610254
0.685817
0.651431
0.45534
0.668747
0.590312
0.579284
0.618264
0.53819
0.631298
0.674537
0.705558
0.602409
0.582725
0.64956
0.664376
0.670985
0.589023
0.638537
0.601826
0.643234
0.641892
0.619886
0.637783
0.685729
0.588028
0.473311
0.606521
0.690876
0.620807
0.599802
0.644894
0.625082
0.650884
0.614902
0.53691
0.665553
0.133715
0.442515
0.617243
0.648156
0.0610866
0.583722
0.524991
0.598097
0.605415
0.547783
0.611109
0.545604
0.512112
0.582777
0.33854
0.234927
0.422304
0.132412
0.129382
0.609734
0.165562
0.678812
0.598884
0.626581
0.583553
0.0773775
0.60544
0.389792
0.336444
0.695809
0.602074
0.616568
0.612725
0.588999
0.400929
0.496389
0.670631
0.556784
0.612814
0.610082
0.520379
0.339045
0.32427
0.556305
0.0639288
0.62543
0.404201
0.540284
0.551675
0.656416
0.527115
0.559411
0.589974
0.60894
0.623145
0.603379
0.620526
0.163545
0.560691
0.641763
0.624362
0.587419
0.606032
0.658213
0.602773
0.191112
0.608504
0.597641
0.427766
0.418515
0.574797
0.593011
0.47765
0.338483
0.369336
0.641663
0.661288
0.582368
0.616362
0.582498
0.513309
0.665342
0.641181
0.568745
0.639556
0.541038
0.559885
0.185826
0.547014
0.640906
0.414354
0.605397
0.149677
0.376071
0.56481
0.599016
0.371305
0.697663
0.398958
0.679745
0.146902
0.272541
0.445108
0.567276
0.180104
0.473692
0.51365
0.41275
0.182104
0.55439
0.383957
0.57752
0.239451
0.557089
0.578568
0.555284
0.640403
0.170111
0.682473
0.642192
0.259813
0.154217
0.280182
0.592122
0.619022
0.232439
0.539941
0.336981
0.211541
0.631362
0.149503
0.598543
0.714033
0.592434
0.247071
0.274621
0.587883
0.394962
0.593066
0.143382
0.282712
0.105671
0.595665
0.619496
0.121142
0.700123
0.237423
0.359383
0.263505
0.206323
0.274166
0.681971
0.577457
0.513538
0.33945
0.615989
0.257039
0.169771
0.571635
0.489571
0.465228
0.624493
0.492804
0.444574
0.284877
0.354384
0.551757
0.286435
0.34065
0.609926
0.283817
0.366051
0.22208
0.580061
0.630524
0.1606
0.488327
0.408252
0.334455
0.28429
0.23679
0.102149
0.627726
0.260638
0.252322
0.288901
0.282746
0.507395
0.646497
0.72332
0.359927
0.270904
0.310082
0.574054
0.298807
0.234499
0.467897
0.172202
0.229054
0.509668
0.509028
0.425199
0.491814
0.58716
0.671706
0.586597
0.700228
0.142106
0.260841
0.181237
0.428095
0.609285
0.598734
0.2308
0.605304
0.276392
0.648112
0.61667
0.704874
0.561451
0.616507
0.296048
0.0760763
0.452869
0.603361
0.272948
0.40719
0.161471
0.245803
0.495625
0.17516
0.443833
0.216747
0.63362
0.246506
0.359856
0.258928
0.611555
0.430366
0.639363
0.314144
0.602071
0.278477
0.434122
0.501768
0.305589
0.656594
0.362904
0.589861
0.603691
0.446408
0.254484
0.216933
0.343603
0.592095
0.296642
0.604171
0.401262
0.295135
0.255114
0.536344
0.324601
0.547827
0.124204
0.219394
0.596858
0.503252
0.456027
0.308805
0.589733
0.643769
0.641934
0.506301
0.297535
0.318796
0.20598
0.484636
0.432029
0.305943
0.595808
0.257643
0.303585
0.392991
0.532596
0.367208
0.595667
0.26887
0.591738
0.513251
0.545795
0.257564
0.344318
0.55125
0.267349
0.172113
0.270137
0.583038
0.0824133
0.278274
0.404846
0.30346
0.458377
0.52022
0.654581
0.577256
0.54363
0.180569
0.182685
0.265916
0.376275
0.276634
0.44691
0.582844
0.498953
0.248808
0.503507
0.551739
0.542154
0.531797
0.654537
0.59012
0.252697
0.590204
0.552966
0.296006
0.259548
0.501931
0.695194
0.287615
0.244363
0.513162
0.216958
0.631328
0.258698
0.318883
0.62136
0.531222
0.383867
0.421731
0.283172
0.295048
0.634425
0.321375
0.482489
0.0744998
0.534543
0.620057
0.590806
0.462194
0.359502
0.27551
0.275156
0.374056
0.641249
0.246302
0.462815
0.473622
0.541125
0.295468
0.603898
0.338532
0.280121
0.512594
0.583548
0.309165
0.4243
0.575153
0.188284
0.710264
0.267515
0.622534
0.263006
0.504401
0.257286
0.549024
0.627705
0.540634
0.629665
0.667771
0.316917
0.267936
0.234155
0.485218
0.628546
0.30526
0.660622
0.401949
0.273335
0.475122
0.25595
0.331071
0.27948
0.699716
0.28788
0.638025
0.507225
0.614641
0.244608
0.222893
0.547783
0.614352
0.560209
0.306611
0.368904
0.24198
0.607302
0.639856
0.639944
0.598465
0.494871
0.61085
0.478054
0.259052
0.320187
0.466545
0.609552
0.370117
0.660503
0.392064
0.652476
0.275493
0.290352
0.632842
0.567821
0.497475
0.26311
0.626814
0.605615
0.294532
0.674542
0.612965
0.591575
0.275619
0.50663
0.280672
0.581388
0.259769
0.281457
0.502114
0.337832
0.312172
0.588199
0.76616
0.251116
0.295987
0.439475
0.465997
0.307639
0.344321
0.285934
0.307935
0.51008
0.640519
0.313865
0.513009
0.59936
0.585728
0.425821
0.394349
0.243958
0.277889
0.449055
0.305324
0.617014
0.0887043
0.343867
0.553615
0.422281
0.490062
0.340022
0.145106
0.274739
0.211605
0.532771
0.39503
0.322139
0.21875
0.43616
0.471885
0.579464
0.301015
0.633334
0.501745
0.273328
0.121719
0.63847
0.512679
0.347394
0.57519
0.644729
0.0940048
0.435046
0.32907
0.361276
0.574452
0.359133
0.612655
0.246751
0.658492
0.270976
0.284888
0.236601
0.623344
0.603378
0.407799
0.138669
0.610465
0.476094
0.27945
0.544861
0.482616
0.36011
0.541621
0.600617
0.239026
0.51503
0.548581
0.437526
0.409511
0.654456
0.430794
0.116737
0.395339
0.375005
0.61413
0.550715
0.266107
0.597242
0.158846
0.281811
0.363322
0.276276
0.606411
0.285564
0.298154
0.685779
0.644234
0.504445
0.244918
0.139454
0.601904
0.580873
0.354459
0.589189
0.50836
0.598042
0.593912
0.587898
0.531143
0.557227
0.610725
0.685176
0.491654
0.635046
0.716358
0.174916
0.468681
0.464393
0.269093
0.426281
0.400333
0.259556
0.415897
0.433751
0.0872737
0.164958
0.485408
0.448489
0.263434
0.568384
0.383428
0.695921
0.13734
0.418387
0.258036
0.645418
0.637761
0.587018
0.59218
0.297666
0.208472
0.265887
0.55472
0.307749
0.557729
0.615889
0.339055
0.56239
0.614317
0.228418
0.386907
0.349048
0.237154
0.560255
0.288156
0.225736
0.255863
0.53866
0.252467
0.380976
0.18609
0.472644
0.550468
0.47666
0.402017
0.449546
0.143932
0.28262
0.641467
0.302549
0.604394
0.256146
0.612455
0.36241
0.298351
0.400615
0.232553
0.262718
0.405773
0.0761521
0.116487
0.546683
0.240997
0.554791
0.332073
0.667196
0.583996
0.0924113
0.460535
0.136365
0.396523
0.564008
0.262098
0.318895
0.197167
0.605501
0.433459
0.575355
0.312727
0.637192
0.379848
0.0699567
0.597239
0.576601
0.398467
0.37302
0.0786554
0.52945
0.476143
0.164541
0.63023
0.35354
0.263134
0.644409
0.421648
0.251342
0.321097
0.36827
0.45619
0.669426
0.232052
0.590237
0.438709
0.588272
0.135788
0.587269
0.225323
0.238786
0.231899
0.232131
0.60299
0.222988
0.619837
0.29584
0.667838
0.462959
0.616999
0.600857
0.192567
0.217284
0.561086
0.22811
0.586787
0.189836
0.670654
0.239925
0.373442
0.614953
0.29259
0.260272
0.472097
0.527575
0.552278
0.275377
0.568702
0.304738
0.0950508
0.609211
0.175006
0.571805
0.666607
0.0527178
0.247279
0.278117
0.24231
0.482029
0.266394
0.237046
0.604696
0.602419
0.126127
0.59957
0.318985
0.0850955
0.530276
0.376485
0.578913
0.59591
0.282126
0.594786
0.238206
0.608524
0.62034
0.231092
0.405405
0.639232
0.531899
0.366333
0.191565
0.587406
0.6019
0.536471
0.240035
0.173415
0.505997
0.264888
0.589202
0.35367
0.582359
0.256053
0.602651
0.457664
0.265089
0.5625
0.365978
0.613125
0.0702436
0.554725
0.595045
0.588072
0.633768
0.594263
0.387261
0.338119
0.423315
0.152354
0.164165
0.351697
0.25801
0.630986
0.321904
0.390039
0.394518
0.555361
0.155633
0.10593
0.143894
0.626211
0.593331
0.599588
0.438557
0.306198
0.457906
0.614938
0.627351
0.257274
0.184393
0.594845
0.337524
0.335979
0.373267
0.283468
0.619574
0.230019
0.571911
0.230003
0.634512
0.0666496
0.635052
0.578829
0.216172
0.576728
0.32041
0.636602
0.627824
0.0788332
0.522363
0.564239
0.432905
0.0781792
0.112658
0.323027
0.64684
0.257279
0.4309
0.631449
0.400537
0.654632
0.608605
0.24896
0.160174
0.580003
0.289527
0.61391
0.238311
0.378369
0.630196
0.349095
0.582065
0.602706
0.221996
0.303345
0.5821
0.538192
0.587571
0.550909
0.234061
0.465864
0.146407
0.630749
0.557113
0.195581
0.547709
0.615794
0.60711
0.569992
0.541317
0.501273
0.518639
0.560807
0.367522
0.608594
0.548063
0.644004
0.345858
0.255101
0.557053
0.62041
0.189556
0.623851
0.422932
0.661564
0.40625
0.550204
0.574079
0.347681
0.347235
0.472592
0.59086
0.183849
0.118279
0.59961
0.275087
0.594595
0.638802
0.105898
0.583087
0.552367
0.574773
0.270985
0.529183
0.550586
0.154016
0.696455
0.302179
0.158387
0.591193
0.409831
0.631787
0.262993
0.455157
0.632266
0.585237
0.362901
0.558357
0.442259
0.245733
0.387915
0.583158
0.608455
0.539241
0.333073
0.412454
0.573744
0.497039
0.335538
0.6092
0.28301
0.241541
0.620303
0.342302
0.611642
0.35853
0.642659
0.142648
0.248826
0.546373
0.162622
0.118608
0.570486
0.392926
0.629358
0.603378
0.561669
0.530213
0.208014
0.331277
0.319837
0.388372
0.557273
0.557145
0.296881
0.664083
0.61479
0.431442
0.168751
0.565486
0.463274
0.651352
0.4511
0.609938
0.660816
0.430918
0.648657
0.590948
0.445687
0.667396
0.262023
0.298124
0.618579
0.618602
0.296361
0.569309
0.534659
0.335156
0.663462
0.308599
0.349071
0.12381
0.585565
0.658938
0.427554
0.605592
0.588891
0.60535
0.606937
0.540087
0.650284
0.592693
0.303998
0.445223
0.614078
0.548693
0.399661
0.402884
0.589993
0.485542
0.599436
0.606644
0.57637
0.693421
0.369175
0.161665
0.605481
0.174244
0.368994
0.567726
0.659702
0.455908
0.529772
0.547328
0.643791
0.60171
0.499658
0.678929
0.573355
0.585536
0.519056
0.605525
0.560061
0.595828
0.415589
0.642014
0.602137
0.443118
0.223952
0.449457
0.712962
0.572423
0.231406
0.566952
0.566881
0.0798084
0.587674
0.318384
0.16731
0.689469
0.277124
0.519042
0.642587
0.52276
0.446799
0.514336
0.637602
0.235183
0.579344
0.29781
0.608963
0.484603
0.669572
0.137017
0.374923
0.301644
0.106642
0.280958
0.581653
0.534564
0.302298
0.30089
0.620826
0.130158
0.674182
0.457116
0.326509
0.512467
0.330234
0.252481
0.722926
0.611664
0.12502
0.310252
0.464109
0.462629
0.280165
0.613844
0.659628
0.311602
0.25652
0.58251
0.557266
0.596653
0.315348
0.359008
0.393023
0.14873
0.431598
0.21725
0.199591
0.425519
0.308244
0.513304
0.681788
0.0788917
0.626857
0.569134
0.212493
0.521438
0.553008
0.512678
0.304118
0.330699
0.191221
0.651251
0.618174
0.466045
0.351185
0.255017
0.563347
0.588287
0.636523
0.58245
0.33746
0.133215
0.6873
0.319855
0.658698
0.249037
0.545333
0.569352
0.569221
0.116391
0.142718
0.311774
0.439074
0.255836
0.398832
0.627717
0.643782
0.545413
0.637675
0.637022
0.256189
0.26891
0.600303
0.286861
0.192123
0.630159
0.42334
0.217207
0.204594
0.547289
0.296218
0.575552
0.376126
0.518949
0.657907
0.396433
0.121674
0.390297
0.224626
0.292057
0.0920954
0.296377
0.352054
0.619156
0.337783
0.202524
0.584533
0.663978
0.356925
0.266174
0.582106
0.234951
0.604277
0.308622
0.575607
0.531657
0.616514
0.453504
0.649792
0.514069
0.223433
0.534512
0.23723
0.115013
0.606833
0.623884
0.209744
0.395366
0.538232
0.217626
0.348745
0.263209
0.606208
0.578912
0.661467
0.570995
0.287582
0.378005
0.170189
0.482466
0.258758
0.269373
0.610613
0.129151
0.5445
0.33491
0.402268
0.115225
0.607581
0.12395
0.430083
0.383988
0.224295
0.353096
0.632967
0.187438
0.212528
0.564311
0.38136
0.547125
0.223478
0.437428
0.300563
0.522195
0.653593
0.57335
0.18536
0.525771
0.115979
0.264006
0.561853
0.599333
0.189943
0.251287
0.331481
0.57269
0.606714
0.0994288
0.632487
0.589755
0.685704
0.613823
0.404476
0.594076
0.624281
0.653609
0.617935
0.167752
0.355371
0.612188
0.577292
0.140701
0.25078
0.658972
0.595514
0.584543
0.284632
0.636489
0.465115
0.104698
0.234369
0.0819637
0.561027
0.310447
0.24321
0.605297
0.121969
0.542122
0.566251
0.550452
0.28575
0.60028
0.207497
0.632848
0.571378
0.549736
0.0925134
0.607014
0.644143
0.174471
0.548197
0.658319
0.474643
0.0892575
0.56599
0.421139
0.684838
0.605204
0.652057
0.56287
0.24118
0.138885
0.266832
0.321432
0.279108
0.169407
0.578065
0.375507
0.237617
0.434067
0.63232
0.124815
0.381939
0.546359
0.625536
0.488757
0.518619
0.384568
0.610925
0.590654
0.585019
0.591048
0.555031
0.439981
0.548067
0.185122
0.271501
0.543496
0.596329
0.58849
0.11537
0.295111
0.212591
0.280545
0.604278
0.265608
0.650469
0.482864
0.485664
0.285671
0.659555
0.0807727
0.267671
0.300335
0.420442
0.551728
0.377889
0.0904221
0.577329
0.27206
0.627005
0.0835778
0.62539
0.147656
0.27384
0.105574
0.643068
0.577712
0.49048
0.313002
0.585488
0.529566
0.229653
0.247171
0.537588
0.449996
0.55009
0.237466
0.4882
0.368757
0.197082
0.581485
0.640564
0.283766
0.639267
0.353747
0.600711
0.136562
0.28706
0.246592
0.285828
0.36687
0.240861
0.26547
0.470514
0.153654
0.325939
0.190621
0.456752
0.544828
0.223412
0.531439
0.479244
0.151543
0.0779888
0.419244
0.743013
0.0879361
0.638793
0.298883
0.597299
0.554648
0.643931
0.260818
0.466737
0.581911
0.617373
0.701342
0.0756624
0.618203
0.273966
0.598515
0.342872
0.323811
0.246472
0.593193
0.375891
0.452049
0.287942
0.139659
0.271914
0.567655
0.42004
0.209373
0.548037
0.293951
0.630245
0.641154
0.393854
0.239393
0.568271
0.270734
0.161331
0.588162
0.353383
0.454531
0.320373
0.615849
0.462554
0.422333
0.259527
0.314996
0.195358
0.637371
0.266847
0.596455
0.613001
0.683199
0.542851
0.262383
0.577065
0.411437
0.330327
0.634676
0.188665
0.668638
0.405001
0.615078
0.610334
0.566212
0.55956
0.567796
0.520437
0.538023
0.385435
0.622167
0.356545
0.274371
0.624519
0.231974
0.58012
0.416187
0.616613
0.630032
0.52928
0.637047
0.457852
0.553526
0.588263
0.625568
0.617185
0.25726
0.353503
0.648004
0.668765
0.248465
0.672312
0.240212
0.125832
0.607154
0.265274
0.564476
0.191177
0.32236
0.527449
0.2988
0.306729
0.629424
0.534201
0.555322
0.249416
0.608908
0.28772
0.271491
0.602907
0.530669
0.241126
0.643267
0.634019
0.550444
0.613085
0.446508
0.559674
0.531775
0.266113
0.510815
0.62189
0.300249
0.614248
0.681388
0.57348
0.349742
0.669936
0.571712
0.267759
0.232969
0.582332
0.607719
0.289265
0.60809
0.560085
0.342694
0.30495
0.380492
0.335969
0.607549
0.319413
0.593592
0.549784
0.599127
0.566464
0.643842
0.332842
0.656042
0.578075
0.260811
0.322326
0.411353
0.156075
0.322615
0.359011
0.292184
0.25916
0.643711
0.340157
0.531841
0.576953
0.683359
0.208873
0.664855
0.587201
0.158336
0.620743
0.564237
0.315135
0.762878
0.642145
0.630891
0.765884
0.319982
0.555356
0.243825
0.618365
0.324842
0.564772
0.657445
0.541203
0.578764
0.187997
0.60021
0.265196
0.523552
0.611746
0.370718
0.313188
0.581642
0.62613
0.692838
0.268837
0.328583
0.27926
0.300649
0.512416
0.441847
0.321585
0.257751
0.244357
0.541008
0.293529
0.320855
0.427035
0.266604
0.61542
0.265716
0.364756
0.179577
0.28643
0.618672
0.609573
0.551098
0.53219
0.534755
0.305169
0.64127
0.620221
0.580422
0.169969
0.623419
0.252308
0.350904
0.599041
0.469883
0.564465
0.557268
0.592029
0.539405
0.257835
0.265992
0.257284
0.533686
0.378913
0.687393
0.257665
0.538148
0.535669
0.388458
0.525135
0.336582
0.262426
0.552636
0.245143
0.258835
0.463484
0.652263
0.559298
0.412032
0.357655
0.540803
0.234675
0.404053
0.594802
0.627988
0.303727
0.267263
0.628639
0.241568
0.288409
0.649095
0.693204
0.552382
0.127657
0.564266
0.289174
0.460408
0.640339
0.350204
0.636908
0.662801
0.640654
0.62055
0.10783
0.302737
0.576463
0.616342
0.21474
0.654541
0.528079
0.594723
0.500115
0.394711
0.568276
0.579795
0.445359
0.551042
0.594603
0.474043
0.579457
0.505293
0.428726
0.274061
0.270187
0.394573
0.5854
0.569978
0.665066
0.432789
0.258899
0.651727
0.604513
0.503449
0.253461
0.25303
0.530147
0.563256
0.260055
0.253473
0.130435
0.565964
0.522762
0.54676
0.569717
0.55004
0.618552
0.673361
0.274449
0.548609
0.255671
0.619378
0.623778
0.580776
0.342923
0.40748
0.641417
0.664205
0.583324
0.545838
0.60047
0.246064
0.361592
0.274518
0.268053
0.144911
0.551744
0.629934
0.655851
0.199575
0.271626
0.666501
0.620922
0.241701
0.589427
0.428779
0.350121
0.240456
0.215407
0.614158
0.67923
0.372776
0.352727
0.541479
0.323538
0.279905
0.424243
0.375827
0.285085
0.273198
0.104505
0.561167
0.627936
0.616701
0.654429
0.579888
0.507109
0.154838
0.603766
0.261003
0.455047
0.520569
0.22441
0.723175
0.333004
0.262121
0.607146
0.24314
0.342904
0.627663
0.252689
0.558424
0.443042
0.348872
0.351658
0.222757
0.375355
0.49417
0.273437
0.548988
0.521181
0.335773
0.636808
0.602113
0.423201
0.16406
0.282594
0.518996
0.413392
0.244018
0.450223
0.226167
0.634292
0.314009
0.562833
0.28043
0.466494
0.223383
0.622269
0.678252
0.189883
0.227043
0.275998
0.170824
0.307504
0.525182
0.578437
0.402299
0.214219
0.612587
0.592631
0.445486
0.411302
0.311898
0.654727
0.607774
0.239908
0.560291
0.239552
0.491946
0.396958
0.200373
0.221814
0.256538
0.569734
0.713391
0.235291
0.491567
0.748462
0.335524
0.311604
0.614761
0.161725
0.565717
0.240754
0.590272
0.544122
0.249314
0.429601
0.630028
0.491983
0.5819
0.53421
0.554916
0.242966
0.436409
0.582562
0.604891
0.589801
0.588352
0.603134
0.531207
0.353942
0.285339
0.604251
0.540337
0.487964
0.27364
0.577069
0.630417
0.42386
0.626158
0.600416
0.707743
0.260254
0.519141
0.62919
0.394455
0.369862
0.679397
0.585627
0.475935
0.525088
0.314265
0.349801
0.591276
0.232097
0.228656
0.649996
0.27909
0.272359
0.229977
0.648333
0.435367
0.319808
0.224625
0.36966
0.267729
0.416539
0.600549
0.638387
0.586143
0.26525
0.217177
0.251855
0.491354
0.444649
0.590637
0.477243
0.334304
0.325047
0.0748737
0.620259
0.426546
0.484821
0.348717
0.266687
0.271613
0.539626
0.342602
0.547477
0.529392
0.211811
0.607489
0.113422
0.62885
0.433546
0.6864
0.282085
0.409261
0.640895
0.486484
0.527594
0.593835
0.562803
0.243562
0.336194
0.52734
0.194954
0.659895
0.516963
0.51578
0.575204
0.545617
0.630496
0.328955
0.28537
0.396437
0.619234
0.404774
0.548713
0.416324
0.267871
0.662984
0.597916
0.288111
0.61735
0.580749
0.540303
0.580146
0.269467
0.454737
0.368883
0.581592
0.5779
0.36121
0.619676
0.532599
0.600696
0.595767
0.258139
0.512226
0.236208
0.372377
0.635153
0.542636
0.625927
0.494282
0.362477
0.129439
0.602541
0.532186
0.392182
0.266289
0.60346
0.661133
0.662365
0.625343
0.581253
0.548088
0.219525
0.240001
0.34102
0.252725
0.271903
0.226132
0.551807
0.175363
0.517555
0.570382
0.472973
0.638305
0.543325
0.285134
0.385043
0.597114
0.223986
0.410304
0.580449
0.500982
0.560091
0.590102
0.330593
0.264678
0.352061
0.633981
0.54935
0.347061
0.577928
0.274798
0.332631
0.107513
0.377225
0.273248
0.261971
0.59904
0.249222
0.30619
0.518371
0.619257
0.572286
0.29178
0.284197
0.57139
0.635755
0.330587
0.618958
0.205765
0.264139
0.450474
0.686168
0.412618
0.398573
0.329201
0.49729
0.448373
0.638952
0.338786
0.530152
0.661146
0.594973
0.263775
0.33139
0.657924
0.208267
0.266031
0.561459
0.248703
0.357484
0.103704
0.26667
0.312941
0.549477
0.649646
0.287337
0.251755
0.600362
0.601794
0.268203
0.426819
0.348764
0.432784
0.279956
0.271188
0.345832
0.442193
0.289168
0.20905
0.677796
0.670203
0.485214
0.358729
0.636806
0.727687
0.516223
0.293937
0.439309
0.625203
0.385614
0.446841
0.498253
0.239165
0.614316
0.243973
0.608124
0.442115
0.431065
0.487071
0.518056
0.593849
0.623603
0.527798
0.54495
0.597153
0.439759
0.305736
0.339406
0.147792
0.531833
0.632248
0.222088
0.480505
0.385727
0.586683
0.378263
0.571001
0.779379
0.567574
0.513057
0.56359
0.573577
0.642073
0.538803
0.139304
0.271264
0.52493
0.399504
0.36516
0.605749
0.616669
0.249647
0.202907
0.327213
0.458602
0.551624
0.631325
0.615388
0.630593
0.252235
0.574376
0.626728
0.593107
0.239117
0.57569
0.692457
0.222882
0.601443
0.259274
0.442715
0.624852
0.405989
0.556193
0.466244
0.263773
0.471923
0.484203
0.595452
0.614436
0.374618
0.224623
0.0947069
0.334828
0.531227
0.62434
0.0853579
0.55162
0.252813
0.539768
0.148196
0.271484
0.201693
0.346145
0.253212
0.57876
0.477405
0.539459
0.407504
0.567115
0.548619
0.38213
0.58343
0.728646
0.261206
0.656935
0.244117
0.283787
0.370646
0.598823
0.194389
0.248465
0.446622
0.38049
0.61496
0.375061
0.613504
0.488844
0.606696
0.124629
0.637892
0.652272
0.402651
0.252149
0.644891
0.222001
0.653092
0.250375
0.269419
0.280412
0.135448
0.270777
0.391621
0.575201
0.539998
0.631414
0.455552
0.603954
0.498188
0.118167
0.205542
0.485996
0.271305
0.619869
0.388553
0.62479
0.166071
0.225943
0.376344
0.702888
0.253368
0.656073
0.648285
0.569093
0.260832
0.422488
0.0899808
0.667943
0.279944
0.644946
0.179602
0.511453
0.437281
0.443382
0.24547
0.587451
0.238145
0.284801
0.114802
0.589141
0.274239
0.678489
0.237292
0.642181
0.624279
0.335663
0.578314
0.619155
0.575392
0.444704
0.256024
0.571841
0.362367
0.683121
0.631539
0.571068
0.324118
0.563554
0.618097
0.435312
0.242052
0.267788
0.507515
0.435882
0.631844
0.290649
0.622903
0.576493
0.280787
0.167227
0.359922
0.629209
0.651407
0.217559
0.260263
0.54052
0.245637
0.241022
0.267645
0.560271
0.185759
0.239041
0.181414
0.433957
0.499017
0.458731
0.193804
0.255304
0.459287
0.411055
0.627785
0.255342
0.446888
0.477026
0.397406
0.191993
0.587472
0.213926
0.1526
0.617991
0.22969
0.385734
0.372749
0.605846
0.597075
0.655841
0.633479
0.138282
0.388757
0.550788
0.440195
0.119106
0.581239
0.606662
0.310064
0.589774
0.54765
0.234452
0.276342
0.632829
0.25236
0.248193
0.251645
0.656528
0.541359
0.427264
0.638328
0.623936
0.418467
0.50776
0.284627
0.513632
0.347773
0.256452
0.433696
0.667057
0.283083
0.317734
0.489559
0.0850956
0.30871
0.651561
0.179761
0.565171
0.576106
0.545416
0.242233
0.570682
0.627861
0.365763
0.298113
0.231895
0.526408
0.199443
0.261712
0.60336
0.475208
0.277765
0.273494
0.362825
0.446385
0.540849
0.657655
0.372543
0.655326
0.55768
0.268631
0.253368
0.621743
0.592205
0.602702
0.261232
0.123238
0.665183
0.564574
0.403391
0.438519
0.650247
0.256157
0.202799
0.572419
0.576571
0.229056
0.67929
0.465499
0.556558
0.0962501
0.611779
0.5146
0.756071
0.624119
0.434862
0.740681
0.676898
0.240696
0.415188
0.161494
0.291155
0.302941
0.610833
0.586775
0.282169
0.614013
0.123615
0.305784
0.181993
0.580589
0.500651
0.550172
0.64775
0.209243
0.595868
0.65485
0.42188
0.53895
0.459968
0.381547
0.571995
0.495554
0.543641
0.329581
0.27417
0.539958
0.631534
0.282305
0.508179
0.340108
0.667103
0.565459
0.376152
0.468156
0.58484
0.565626
0.552699
0.668105
0.438767
0.197447
0.328899
0.602275
0.426447
0.644037
0.608028
0.174446
0.200387
0.427085
0.611853
0.625019
0.192834
0.222306
0.648064
0.203521
0.269414
0.129445
0.252316
0.562547
0.262562
0.608885
0.62219
0.388718
0.308949
0.236426
0.623098
0.269499
0.314799
0.318471
0.492601
0.169323
0.66492
0.633897
0.371623
0.523459
0.632213
0.243647
0.124823
0.270146
0.345577
0.54659
0.653834
0.230314
0.318548
0.408362
0.555269
0.257796
0.651546
0.650366
0.515112
0.652746
0.577334
0.596561
0.609883
0.680606
0.11192
0.587472
0.63185
0.578382
0.467075
0.321729
0.330093
0.546114
0.282149
0.151025
0.605249
0.622949
0.210154
0.238012
0.615372
0.431176
0.427535
0.284002
0.536642
0.404816
0.571892
0.218119
0.222273
0.635847
0.633065
0.656095
0.611421
0.492924
0.167481
0.661082
0.582145
0.563897
0.485053
0.249629
0.540912
0.616663
0.467933
0.242629
0.6904
0.47755
0.6243
0.657404
0.588507
0.439044
0.668479
0.241486
0.518669
0.314581
0.588189
0.587894
0.228805
0.322951
0.59056
0.291488
0.333436
0.12689
0.208763
0.241514
0.532615
0.578153
0.601008
0.383897
0.635189
0.290182
0.267137
0.605164
0.381004
0.396076
0.254864
0.523571
0.126242
0.521092
0.614379
0.175028
0.247349
0.601464
0.286736
0.287914
0.551939
0.652402
0.678553
0.248678
0.149983
0.250629
0.226465
0.576583
0.501493
0.274585
0.205411
0.269755
0.601182
0.539584
0.246537
0.278307
0.203309
0.262082
0.259777
0.267558
0.624517
0.158422
0.587107
0.598015
0.626669
0.229872
0.261923
0.552326
0.0520476
0.239791
0.590508
0.556763
0.626574
0.576702
0.331694
0.0974641
0.515508
0.0754682
0.251993
0.528491
0.410186
0.213527
0.563391
0.501726
0.241078
0.575398
0.175459
0.532066
0.46014
0.682095
0.553774
0.534427
0.572714
0.381482
0.564188
0.27477
0.619192
0.65003
0.553113
0.303788
0.577741
0.663207
0.159869
0.631421
0.548269
0.620604
0.61551
0.424401
0.639782
0.583344
0.564467
0.138229
0.307495
0.573288
0.184634
0.0900544
0.278485
0.295571
0.649548
0.581857
0.618475
0.683084
0.553734
0.219815
0.630988
0.487763
0.302707
0.25061
0.367804
0.377652
0.277502
0.596318
0.202005
0.33308
0.581316
0.294665
0.551871
0.681991
0.674929
0.645221
0.665566
0.142147
0.614875
0.196894
0.275814
0.608383
0.550091
0.238695
0.390446
0.39622
0.575086
0.214334
0.548984
0.229941
0.628919
0.233859
0.258888
0.174579
0.571754
0.199163
0.564105
0.614711
0.266799
0.307191
0.215731
0.547565
0.658653
0.591546
0.504858
0.578823
0.244426
0.635323
0.562158
0.552589
0.651817
0.602625
0.180757
0.232224
0.229318
0.257547
0.49328
0.601034
0.537108
0.623685
0.143502
0.244394
0.0960259
0.653043
0.253284
0.599124
0.133757
0.418406
0.637984
0.60918
0.26544
0.238948
0.189514
0.399128
0.611254
0.28512
0.208388
0.115911
0.599583
0.578296
0.33504
0.595928
0.26216
0.501566
0.19844
0.564634
0.141209
0.545857
0.229568
0.26389
0.565436
0.399822
0.225594
0.387921
0.525407
0.248367
0.135501
0.120644
0.351415
0.233393
0.143401
0.262125
0.212052
0.356983
0.695235
0.45
0.637196
0.227945
0.216235
0.643894
0.684266
0.355029
0.18864
0.187989
0.242563
0.506094
0.340579
0.644032
0.266786
0.276042
0.547458
0.271791
0.639467
0.460017
0.370611
0.275997
0.331018
0.538009
0.201444
0.198252
0.543022
0.258236
0.0884833
0.226277
0.602687
0.212804
0.295179
0.200641
0.0918942
0.259535
0.677705
0.523433
0.650633
0.238033
0.218068
0.464938
0.315197
0.253271
0.409694
0.619308
0.598599
0.557951
0.157326
0.696373
0.163732
0.510961
0.34059
0.193813
0.108608
0.54386
0.759172
0.577191
0.243032
0.0919443
0.601582
0.585058
0.691099
0.558375
0.649288
0.709231
0.265811
0.313769
0.630315
0.600033
0.518673
0.40276
0.359223
0.507432
0.251377
0.50944
0.263945
0.496072
0.553992
0.570009
0.386744
0.556031
0.613565
0.441479
0.516094
0.563873
0.479597
0.621423
0.291397
0.5502
0.274744
0.604883
0.267222
0.273876
0.514172
0.70194
0.600381
0.30135
0.605887
0.619056
0.546564
0.195495
0.63599
0.607676
0.537795
0.581658
0.637878
0.264586
0.531504
0.598009
0.345965
0.286721
0.0968049
0.577707
0.636951
0.612346
0.524802
0.579669
0.649906
0.557322
0.125642
0.398433
0.107897
0.587247
0.199033
0.271863
0.583995
0.644741
0.215884
0.658674
0.426127
0.131106
0.617248
0.538104
0.604309
0.545155
0.275791
0.151855
0.375497
0.10466
0.6323
0.102674
0.221891
0.536083
0.185263
0.624817
0.328012
0.0656205
0.216587
0.162281
0.312966
0.457124
0.536632
0.318328
0.787679
0.359866
0.646188
0.650652
0.262003
0.571396
0.387752
0.195475
0.542858
0.42472
0.49221
0.565459
0.287836
0.228722
0.6023
0.465383
0.302537
0.702979
0.114336
0.638002
0.116869
0.076457
0.630293
0.0913689
0.0927289
0.155943
0.619588
0.58473
0.187375
0.584018
0.516007
0.145001
0.507079
0.139955
0.507357
0.422079
0.549882
0.204205
0.655511
0.589348
0.613629
0.555912
0.214287
0.130066
0.512281
0.54794
0.146305
0.266371
0.289116
0.693909
0.17312
0.157555
0.0877231
0.627164
0.603979
0.579718
0.0884532
0.150671
0.569046
0.249938
0.374831
0.691389
0.620074
0.11801
0.134689
0.115155
0.0755296
0.227653
0.287343
0.113392
0.581882
0.488205
0.711152
0.0725663
0.656305
0.592225
0.210566
0.336123
0.713555
0.131651
0.490209
0.546587
0.63475
0.58182
0.52765
0.167891
0.552376
0.317209
0.609292
0.276559
0.631761
0.521162
0.194617
0.553508
0.575876
0.537245
0.57932
0.565282
0.631636
0.46219
0.164817
0.618271
0.593602
0.23518
0.151908
0.592347
0.174128
0.585599
0.247351
0.577678
0.287226
0.576151
0.138724
0.649851
0.0958585
0.242822
0.575174
0.438819
0.180305
0.11132
0.179599
0.454926
0.634276
0.536558
0.121461
0.153621
0.148018
0.554723
0.33474
0.236124
0.145699
0.560688
0.630538
0.536253
0.0842421
0.275983
0.272386
0.554435
0.290225
0.306687
0.545895
0.267412
0.473036
0.566988
0.614241
0.606112
0.253684
0.125573
0.581417
0.130918
0.633808
0.253215
0.315808
0.247117
0.234272
0.0999445
0.218913
0.484894
0.519127
0.286768
0.405676
0.0838953
0.676696
0.292417
0.290584
0.39378
0.058137
0.179852
0.625523
0.449223
0.635676
0.438393
0.631624
0.29503
0.60883
0.613464
0.262047
0.55177
0.389653
0.511933
0.502198
0.567197
0.1562
0.646446
0.381299
0.283446
0.281379
0.464724
0.255602
0.197593
0.580728
0.303179
0.273044
0.229063
0.288284
0.376933
0.225019
0.277515
0.594726
0.238437
0.566358
0.445941
0.0797926
0.547691
0.26959
0.578705
0.682793
0.549467
0.27708
0.220108
0.32507
0.263268
0.373476
0.169711
0.450211
0.624555
0.387435
0.536419
0.452614
0.206773
0.32172
0.355809
0.367881
0.2988
0.273873
0.233129
0.361222
0.269183
0.356194
0.592955
0.146249
0.541994
0.488802
0.339304
0.353258
0.316401
0.235568
0.283009
0.221105
0.609842
0.395856
0.467652
0.477688
0.524924
0.318616
0.608622
0.305089
0.292968
0.599145
0.640407
0.516417
0.218402
0.28835
0.337991
0.608248
0.160715
0.337226
0.61505
0.4556
0.372317
0.23992
0.149207
0.296253
0.308339
0.682936
0.410183
0.189678
0.138372
0.673146
0.593374
0.298
0.134491
0.447567
0.244014
0.364551
0.266196
0.337254
0.604245
0.34174
0.548792
0.335716
0.161178
0.52973
0.201136
0.642045
0.367249
0.257039
0.277462
0.43898
0.376141
0.208316
0.364068
0.594175
0.608368
0.156371
0.461475
0.239126
0.303647
0.333245
0.202124
0.47569
0.326629
0.605596
0.40027
0.119691
0.597475
0.64371
0.216781
0.592883
0.251231
0.586358
0.451196
0.650984
0.561987
0.471505
0.354879
0.66068
0.219373
0.636786
0.333363
0.621768
0.530345
0.253122
0.250835
0.247571
0.643395
0.287359
0.362279
0.270497
0.65821
0.425381
0.309556
0.595119
0.598536
0.18948
0.135862
0.349812
0.132214
0.639918
0.247793
0.675956
0.254359
0.266728
0.142579
0.0978617
0.397036
0.236169
0.595516
0.590828
0.318186
0.391041
0.461297
0.320876
0.386359
0.446773
0.623116
0.612361
0.359218
0.354098
0.53272
0.591733
0.576928
0.330288
0.165089
0.645718
0.247108
0.268525
0.249869
0.726109
0.671655
0.655463
0.622856
0.574233
0.39795
0.223014
0.586248
0.593419
0.676228
0.413275
0.398287
0.344698
0.726781
0.616505
0.593485
0.61572
0.244515
0.541626
0.370447
0.627667
0.259328
0.597521
0.722875
0.544415
0.279347
0.17588
0.226951
0.38775
0.162147
0.582224
0.307311
0.310322
0.55063
0.126125
0.663995
0.171963
0.507627
0.588832
0.598104
0.425957
0.291803
0.329875
0.329433
0.321061
0.325884
0.653384
0.201118
0.551944
0.0710858
0.608619
0.702665
0.389599
0.385068
0.71185
0.265352
0.627801
0.194525
0.252607
0.567665
0.0901209
0.159238
0.602295
0.55244
0.295284
0.612121
0.610728
0.555514
0.235877
0.22133
0.624671
0.170385
0.643234
0.621855
0.339096
0.447009
0.411135
0.280412
0.109865
0.118393
0.670647
0.636754
0.212247
0.210551
0.173067
0.39367
0.34739
0.213697
0.254983
0.619038
0.438298
0.25785
0.425642
0.583876
0.606213
0.321555
0.24149
0.10394
0.589149
0.745961
0.186961
0.126997
0.325875
0.521839
0.263419
0.399945
0.203767
0.175019
0.239352
0.244889
0.640095
0.622381
0.597902
0.536011
0.242715
0.287084
0.279706
0.597907
0.644473
0.454692
0.403143
0.662822
0.595827
0.618865
0.201131
0.629314
0.279348
0.192554
0.541763
0.338319
0.352199
0.278414
0.246714
0.147444
0.672327
0.634052
0.165625
0.588823
0.320023
0.172947
0.654513
0.254069
0.266165
0.564602
0.563218
0.674936
0.63184
0.341064
0.360146
0.577162
0.608975
0.320943
0.148739
0.572028
0.148383
0.138444
0.233292
0.11909
0.124017
0.373117
0.517053
0.180941
0.681559
0.0961683
0.0623513
0.220314
0.358689
0.271467
0.41816
0.248331
0.594315
0.18814
0.239561
0.614696
0.227905
0.551832
0.158607
0.653652
0.272997
0.328825
0.358788
0.601799
0.129111
0.28078
0.0941516
0.0692715
0.244839
0.306435
0.636659
0.128251
0.0972243
0.63818
0.353139
0.130069
0.424626
0.476034
0.600888
0.341067
0.370078
0.70739
0.331979
0.348903
0.115284
0.29019
0.161709
0.572859
0.338791
0.194366
0.183813
0.454661
0.274357
0.215898
0.360781
0.656599
0.634907
0.357684
0.255227
0.260443
0.534831
0.295002
0.156185
0.469261
0.617066
0.656062
0.36908
0.361797
0.430464
0.447628
0.282112
0.159743
0.380367
0.334721
0.437578
0.328006
0.260339
0.218762
0.163932
0.285585
0.414941
0.16733
0.380131
0.363408
0.19346
0.248977
0.370348
0.265829
0.542072
0.12879
0.19173
0.201266
0.0792628
0.5383
0.088696
0.352663
0.431806
0.61992
0.525492
0.541761
0.265985
0.337482
0.656452
0.233228
0.240136
0.634035
0.303101
0.161745
0.288902
0.354212
0.565643
0.647181
0.359198
0.155126
0.16945
0.268328
0.280936
0.353748
0.574322
0.498044
0.631503
0.327425
0.155779
0.133749
0.625264
0.137348
0.677397
0.38118
0.415627
0.331793
0.295849
0.370599
0.66297
0.247982
0.567777
0.266268
0.624476
0.270419
0.256674
0.646409
0.19758
0.37706
0.718985
0.138095
0.617493
0.64922
0.411261
0.318548
0.144274
0.430214
0.378747
0.151168
0.576814
0.616278
0.233071
0.244602
0.19733
0.231317
0.504405
0.398466
0.164631
0.195328
0.238975
0.135412
0.233204
0.343549
0.472964
0.445316
0.109316
0.346692
0.110024
0.36998
0.65012
0.365261
0.290327
0.385971
0.147928
0.212495
0.200101
0.432045
0.158642
0.166672
0.338353
0.609772
0.185899
0.0947503
0.649728
0.191282
0.430158
0.292732
0.271744
0.228098
0.214207
0.645479
0.231062
0.385017
0.144436
0.626378
0.258477
0.662116
0.447819
0.331843
0.352053
0.582797
0.393599
0.172553
0.373825
0.611446
0.570167
0.668858
0.375955
0.738868
0.343043
0.648717
0.591141
0.206922
0.142974
0.506741
0.216448
0.301586
0.428532
0.489645
0.249724
0.529518
0.35484
0.405322
0.237758
0.597107
0.652305
0.318435
0.556378
0.149134
0.357075
0.649292
0.543315
0.113578
0.376294
0.189347
0.657053
0.221423
0.109025
0.618846
0.586439
0.638383
0.133895
0.791651
0.504472
0.556693
0.0997914
0.52237
0.500773
0.387165
0.174495
0.115599
0.554624
0.635314
0.132828
0.538579
0.145011
0.647623
0.538047
0.670065
0.15776
0.584593
0.627892
0.182931
0.67195
0.57201
0.578369
0.12462
0.166186
0.322444
0.142145
0.259284
0.423316
0.633463
0.654956
0.638836
0.284639
0.658841
0.608197
0.624393
0.350355
0.148681
0.178855
0.190865
0.0890933
0.603774
0.0916456
0.355865
0.446053
0.734639
0.110221
0.614991
0.627712
0.458945
0.306365
0.601153
0.454178
0.664449
0.273942
0.419767
0.387806
0.275234
0.434767
0.582804
0.534756
0.65607
0.738463
0.572257
0.517471
0.397901
0.552564
0.0712816
0.375399
0.0773401
0.396753
0.617774
0.150011
0.334575
0.519972
0.341044
0.572331
0.551055
0.258782
0.617184
0.528091
0.635202
0.693552
0.468285
0.173459
0.656914
0.217452
0.225285
0.463384
0.641453
0.371417
0.252234
0.246156
0.62858
0.571611
0.209708
0.405434
0.0609759
0.591024
0.119791
0.343149
0.210786
0.155671
0.639632
0.232795
0.271385
0.385251
0.15395
0.352059
0.243818
0.42377
0.492219
0.522011
0.652309
0.659567
0.596066
0.237323
0.355932
0.244538
0.220283
0.594358
0.421905
0.199446
0.0804776
0.21631
0.420816
0.153351
0.594226
0.260645
0.505301
0.233061
0.495506
0.200823
0.485013
0.284943
0.615792
0.353321
0.464495
0.111235
0.497686
0.300078
0.194907
0.527444
0.696912
0.61067
0.214363
0.179198
0.0920837
0.215472
0.238681
0.632233
0.164704
0.560485
0.131417
0.381098
0.246078
0.628296
0.154581
0.311054
0.203186
0.545325
0.381787
0.231905
0.439729
0.0712092
0.255545
0.354334
0.667571
0.418582
0.118074
0.28771
0.180969
0.213334
0.569673
0.210065
0.264544
0.132963
0.568683
0.335444
0.509958
0.380637
0.597091
0.115689
0.20574
0.191904
0.23135
0.156221
0.559482
0.646926
0.135159
0.139834
0.15789
0.603164
0.588605
0.272339
0.60268
0.261365
0.151203
0.119352
0.154891
0.32966
0.194544
0.202418
0.10086
0.286238
0.588152
0.085144
0.175652
0.201054
0.341165
0.372512
0.618478
0.583962
0.266235
0.152287
0.328417
0.079421
0.541089
0.216689
0.187136
0.154573
0.213231
0.202326
0.191877
0.34436
0.221154
0.328873
0.57554
0.412955
0.442262
0.649429
0.483408
0.53516
0.110557
0.57344
0.648461
0.621686
0.271976
0.590136
0.138814
0.236971
0.124195
0.110672
0.151055
0.437922
0.278944
0.156401
0.184644
0.685034
0.140077
0.550607
0.408113
0.12374
0.179651
0.11125
0.0921381
0.469026
0.413784
0.158307
0.186438
0.551877
0.185741
0.633893
0.327522
0.254293
0.238429
0.523906
0.627139
0.128073
0.434039
0.406215
0.605114
0.206561
0.681713
0.673981
0.525274
0.117801
0.149974
0.180371
0.16865
0.404834
0.328855
0.138107
0.2969
0.612391
0.203988
0.417679
0.300057
0.574576
0.244299
0.0869963
0.218361
0.60416
0.652315
0.374197
0.31078
0.355043
0.178667
0.55345
0.108569
0.344572
0.577222
0.689424
0.473057
0.145625
0.620499
0.271401
0.242596
0.590895
0.122627
0.625011
0.238578
0.170701
0.692418
0.659789
0.633211
0.598928
0.217679
0.565237
0.681474
0.0805088
0.268165
0.482063
0.288103
0.564451
0.669822
0.104127
0.431516
0.656753
0.625018
0.530296
0.141347
0.119427
0.552235
0.178759
0.577625
0.0780851
0.131704
0.569573
0.189033
0.615186
0.34351
0.650863
0.642913
0.639793
0.0976818
0.212641
0.752847
0.0846467
0.619582
0.347037
0.129614
0.679439
0.190797
0.601071
0.623423
0.624323
0.13795
0.160233
0.117692
0.229019
0.43884
0.568837
0.603786
0.169237
0.081883
0.182122
0.568773
0.503641
0.559956
0.618738
0.603981
0.175868
0.551109
0.36261
0.618079
0.132724
0.433233
0.256109
0.630466
0.111279
0.413719
0.64222
0.384241
0.0982234
0.249302
0.40172
0.507391
0.42279
0.644003
0.649759
0.57262
0.413529
0.184947
0.57416
0.377732
0.720887
0.414019
0.101233
0.604874
0.195494
0.178049
0.0958019
0.105685
0.159784
0.347933
0.513856
0.262865
0.328705
0.367828
0.627045
0.548814
0.397456
0.168587
0.208768
0.640616
0.374694
0.545943
0.184359
0.384384
0.101539
0.162174
0.050429
0.573897
0.514158
0.237692
0.602175
0.555255
0.583717
0.142507
0.361206
0.303469
0.657382
0.632622
0.559586
0.535855
0.139106
0.131303
0.625209
0.280868
0.280354
0.095873
0.194281
0.271303
0.132469
0.182265
0.112848
0.205387
0.315906
0.604834
0.183577
0.429398
0.206232
0.181942
0.0769711
0.221152
0.662342
0.073218
0.207052
0.396403
0.144062
0.442431
0.096465
0.641495
0.311343
0.154105
0.108631
0.275728
0.195628
0.694312
0.220302
0.100431
0.202096
0.364993
0.0871222
0.0563734
0.656664
0.228361
0.181236
0.380827
0.0947093
0.557059
0.159978
0.15032
0.295976
0.106375
0.130886
0.167191
0.186174
0.137262
0.135434
0.202616
0.625502
0.441646
0.103009
0.55678
0.624433
0.157818
0.179218
0.245915
0.175616
0.1866
0.331075
0.162724
0.352877
0.132296
0.601016
0.646718
0.0745526
0.0644778
0.558413
0.642847
0.150206
0.386001
0.590922
0.281056
0.133158
0.599671
0.654411
0.522514
0.0759552
0.359667
0.582185
0.569028
0.164716
0.504563
0.101181
0.126755
0.202422
0.360501
0.689339
0.230787
0.617284
0.148417
0.662335
0.126683
0.198206
0.0975966
0.686108
0.0766703
0.104743
0.493577
0.0741107
0.125135
0.605329
0.109546
0.0816453
0.650033
0.0828161
0.306811
0.120879
0.229987
0.132081
0.144073
0.164896
0.409087
0.360566
0.19008
0.0822763
0.429202
0.278912
0.277307
0.383263
0.608625
0.563124
0.510276
0.567645
0.642167
0.168833
0.514583
0.199314
0.116063
0.522979
0.520189
0.50347
0.600509
0.0898404
0.536398
0.0851896
0.0647902
0.504629
0.517881
0.74618
0.611825
0.185416
0.487695
0.561691
0.593837
0.582862
0.381998
0.581948
0.0918761
0.112712
0.423735
0.138996
0.272814
0.564764
0.355864
0.101714
0.108823
0.234371
0.503368
0.543018
0.158599
0.093598
0.665151
0.120458
0.647893
0.517568
0.0997857
0.289402
0.0899128
0.635988
0.578324
0.660723
0.601139
0.17153
0.522578
0.624125
0.157376
0.460681
0.598468
0.64798
0.668985
0.43541
0.123414
0.514635
0.242009
0.532815
0.475751
0.331596
0.492961
0.136095
0.6281
0.14681
0.0878133
0.597665
0.629003
0.527247
0.527493
0.651273
0.464445
0.228747
0.245476
0.618224
0.191889
0.442993
0.218686
0.624358
0.571959
0.568652
0.183811
0.542365
0.584614
0.118734
0.107492
0.522654
0.654859
0.225668
0.615193
0.32673
0.568432
  </DataArray>
  <DataArray type = "Float64" Name="Vitesse" NumberOfComponents="3" format="ascii">
0 0 0.0 
0 0 0.0 
0 0 0.0 
0 0 0.0 
0 0 0.0 
0 0 0.0 
0 0 0.0 
0 0 0.0 
-2.4136e-05 -5.77523e-05 0.0 
0 0 0.0 
0 0 0.0 
0 0 0.0 
0 0 0.0 
0 0 0.0 
0 0 0.0 
0 0 0.0 
0 0 0.0 
0 0 0.0 
0.00241785 0.00430745 0.0 
0.0306071 0.000440414 0.0 
0.00335982 -0.00235846 0.0 
0 0 0.0 
0 0 0.0 
0 0 0.0 
0 0 0.0 
0 0 0.0 
0 0 0.0 
0 0 0.0 
0.00079514 0.00117663 0.0 
0 0 0.0 
0 0 0.0 
0 0 0.0 
0 0 0.0 
0 0 0.0 
0 0 0.0 
0 0 0.0 
0 0 0.0 
0 0 0.0 
0 0 0.0 
0 0 0.0 
0 0 0.0 
0 0 0.0 
0 0 0.0 
0 0 0.0 
0 0 0.0 
0 0 0.0 
0 0 0.0 
0.0857228 0.0544865 0.0 
0 0 0.0 
0 0 0.0 
0 0 0.0 
0 0 0.0 
0.00757989 0.0056362 0.0 
0 0 0.0 
0 0 0.0 
0 0 0.0 
0 0 0.0 
0 0 0.0 
0 0 0.0 
5.17602e-05 -0.000348592 0.0 
0 0 0.0 
0 0 0.0 
0 0 0.0 
0.00734541 -0.00188931 0.0 
7.04447e-05 4.32962e-05 0.0 
0.0222464 3.99987e-05 0.0 
0.00150464 -0.00105625 0.0 
0 0 0.0 
0 0 0.0 
0.0149052 -0.0306477 0.0 
0 0 0.0 
0 0 0.0 
0 0 0.0 
0.0019553 0.00463783 0.0 
2.02113e-05 -0.000141705 0.0 
0 0 0.0 
0 0 0.0 
0 0 0.0 
0 0 0.0 
0 0 0.0 
0 0 0.0 
0 0 0.0 
0 0 0.0 
0 0 0.0 
0 0 0.0 
0.111941 -0.0648849 0.0 
0.0788352 0.0149128 0.0 
0 0 0.0 
0 0 0.0 
0.0157671 -3.56229e-06 0.0 
0 0 0.0 
0.0216477 7.01222e-05 0.0 
0.00428323 -0.00204009 0.0 
0 0 0.0 
0 0 0.0 
0 0 0.0 
0 0 0.0 
0 0 0.0 
0 0 0.0 
0 0 0.0 
0 0 0.0 
0 0 0.0 
0.0757812 -0.0706753 0.0 
0 0 0.0 
0.0162648 -1.17692e-05 0.0 
0.00204254 0.00474025 0.0 
0 0 0.0 
0 0 0.0 
0.0231931 1.18413e-05 0.0 
0 0 0.0 
0 0 0.0 
0.0955138 -0.0738535 0.0 
0.0490623 0.0224725 0.0 
0.0619695 0.0762634 0.0 
0.00399284 0.00256947 0.0 
0 0 0.0 
0.21738 0.00640127 0.0 
0.0626416 -0.000119084 0.0 
0.0214555 -0.000619112 0.0 
0.000442582 -0.000301812 0.0 
0 0 0.0 
0.0133648 7.03705e-05 0.0 
0 0 0.0 
0.00159474 0.000270282 0.0 
0 0 0.0 
0 0 0.0 
0 0 0.0 
0 0 0.0 
0.0484944 -0.0117219 0.0 
0 0 0.0 
0.0139276 -9.35403e-06 0.0 
2.59061e-05 -7.96792e-05 0.0 
0 0 0.0 
0 0 0.0 
0 0 0.0 
0 0 0.0 
0 0 0.0 
0 0 0.0 
0 0 0.0 
0.00867698 -0.0214245 0.0 
0 0 0.0 
0.00245579 -0.00390162 0.0 
0.00138794 -0.00347691 0.0 
0 0 0.0 
0.100038 0.000225731 0.0 
0.0642717 0.0623582 0.0 
0 0 0.0 
0 0 0.0 
-3.82846e-05 0.000193301 0.0 
0 0 0.0 
0 0 0.0 
0.00137848 -0.00184101 0.0 
0 0 0.0 
0 0 0.0 
0.0187935 4.1157e-05 0.0 
0 0 0.0 
0 0 0.0 
0.0132188 0.00891685 0.0 
0 0 0.0 
0.00507625 0 0.0 
0.00298074 0.00100448 0.0 
0.017776 4.82614e-05 0.0 
0 0 0.0 
0 0 0.0 
0 0 0.0 
0 0 0.0 
0.00330964 0.00231572 0.0 
0.0103842 0.000221579 0.0 
0 0 0.0 
0 0 0.0 
0 0 0.0 
0 0 0.0 
0.145986 0.0702887 0.0 
0 0 0.0 
0 0 0.0 
0.00270509 0.00595131 0.0 
0.0228747 -0.00016494 0.0 
0.000236309 7.16855e-05 0.0 
0 0 0.0 
0 0 0.0 
0 0 0.0 
0 0 0.0 
0.11499 -0.0196563 0.0 
0 0 0.0 
0 0 0.0 
0 0 0.0 
0 0 0.0 
-0.00148498 -0.00549076 0.0 
0.0577713 -6.78264e-05 0.0 
-8.29329e-05 0.000267329 0.0 
0.0049086 0.00614379 0.0 
0 0 0.0 
0 0 0.0 
0 0 0.0 
0.156846 0.0133529 0.0 
0 0 0.0 
0 0 0.0 
7.17742e-05 -0.000121454 0.0 
0.148604 0.000365394 0.0 
0 0 0.0 
0.0813356 -0.0223899 0.0 
0 0 0.0 
0 0 0.0 
0.0335998 0.000941748 0.0 
0.026025 0.000723235 0.0 
0.0226718 -0.000166148 0.0 
0.0265832 -3.11475e-05 0.0 
0 0 0.0 
0 0 0.0 
0.246779 0.000544781 0.0 
0 0 0.0 
0 0 0.0 
0 0 0.0 
0 0 0.0 
-0.000110622 0.000253281 0.0 
0 0 0.0 
0 0 0.0 
0 0 0.0 
0 0 0.0 
0 0 0.0 
0 0 0.0 
0 0 0.0 
0 0 0.0 
0.00757417 0.00277335 0.0 
0 0 0.0 
0 0 0.0 
0.0197775 -0.000197573 0.0 
0 0 0.0 
0 0 0.0 
0.115075 -0.000199552 0.0 
0 0 0.0 
0 0 0.0 
0 0 0.0 
0 0 0.0 
0 0 0.0 
0.0200928 -7.81761e-05 0.0 
0 0 0.0 
0 0 0.0 
0.294829 0 0.0 
0.0177659 -4.27413e-05 0.0 
0.0165553 1.04827e-05 0.0 
0 0 0.0 
0 0 0.0 
0.0480143 -0.000945012 0.0 
0 0 0.0 
0.0195377 -1.04981e-05 0.0 
0 0 0.0 
0 0 0.0 
0 0 0.0 
0.00516715 0.00873836 0.0 
0 0 0.0 
0 0 0.0 
0 0 0.0 
0 0 0.0 
0 0 0.0 
0.00332742 0.00635718 0.0 
0.00783586 0.0166224 0.0 
0 0 0.0 
0.00206531 0.00468861 0.0 
0 0 0.0 
0.00399339 -0.00342883 0.0 
0 0 0.0 
0.0134739 -3.96259e-05 0.0 
0 0 0.0 
0 0 0.0 
0 0 0.0 
-1.80474e-05 -2.17019e-06 0.0 
0.0195484 -7.94204e-05 0.0 
0.01644 -0.000145887 0.0 
0 0 0.0 
-0.000135368 0.000183337 0.0 
0 0 0.0 
0 0 0.0 
3.35353e-05 -0.000252248 0.0 
0 0 0.0 
0 0 0.0 
0 0 0.0 
0.0199116 -0.000102137 0.0 
0 0 0.0 
0 0 0.0 
0 0 0.0 
-4.57092e-05 -0.000303104 0.0 
0 0 0.0 
0 0 0.0 
0.0138085 -2.22778e-06 0.0 
0 0 0.0 
0.032355 -0.00195747 0.0 
0.0154687 -5.05895e-05 0.0 
0.0234183 0.000853376 0.0 
0 0 0.0 
0.0138602 -1.41646e-05 0.0 
0.0291695 4.29941e-05 0.0 
0 0 0.0 
0 0 0.0 
0 0 0.0 
0.026608 0.000454981 0.0 
0 0 0.0 
0.0116312 -0.0229495 0.0 
0 0 0.0 
0.00206706 0.00114003 0.0 
0 0 0.0 
0 0 0.0 
0.0481281 -0.00457905 0.0 
0 0 0.0 
0.0198167 4.26782e-05 0.0 
0 0 0.0 
0 0 0.0 
0.0200614 -3.33374e-05 0.0 
0.0622777 -0.000584371 0.0 
0 0 0.0 
0.0262198 1.789e-05 0.0 
-2.14908e-05 6.75466e-05 0.0 
0.0234052 -1.76329e-05 0.0 
0.0124421 -2.70776e-05 0.0 
0 0 0.0 
0.0400947 0.000595839 0.0 
0 0 0.0 
0 0 0.0 
0 0 0.0 
0.272486 -0.0554386 0.0 
0 0 0.0 
0.00325292 0.0100963 0.0 
3.54915e-271 2.11531e-278 0.0 
0 0 0.0 
0 0 0.0 
0 0 0.0 
0 0 0.0 
0.00242854 -0.00199011 0.0 
0 0 0.0 
0.0277776 3.10682e-05 0.0 
0.0237434 -6.8687e-06 0.0 
0 0 0.0 
0.0194726 -3.75226e-05 0.0 
0.0134813 -0.00305374 0.0 
0 0 0.0 
0 0 0.0 
0.0136579 -1.75374e-05 0.0 
0 0 0.0 
0.0195734 -1.79104e-05 0.0 
0 0 0.0 
0.0128781 -3.92573e-06 0.0 
0.0174516 -7.16618e-05 0.0 
0 0 0.0 
0.0142069 6.13815e-05 0.0 
0 0 0.0 
0.00294771 -0.00437999 0.0 
0 0 0.0 
0 0 0.0 
0.124296 0.0064337 0.0 
0 0 0.0 
0 0 0.0 
0.0237226 -3.10491e-05 0.0 
0 0 0.0 
0.00285735 -0.00459017 0.0 
0 0 0.0 
0.0206726 -8.27395e-05 0.0 
0.000352786 0.000181179 0.0 
0.00166771 0.000999005 0.0 
-0.000339998 0.000655659 0.0 
0 0 0.0 
0.0595967 0.000363978 0.0 
0 0 0.0 
0.00284248 0.000884754 0.0 
0 0 0.0 
0.0274069 0.000582547 0.0 
0 0 0.0 
0 0 0.0 
0.0189674 0.000310017 0.0 
0.0143642 1.03629e-05 0.0 
-9.40325e-05 -8.15742e-05 0.0 
0 0 0.0 
9.20271e-06 4.85805e-06 0.0 
0.0184884 3.69467e-06 0.0 
0.0121383 1.73007e-05 0.0 
0.0105329 4.80981e-05 0.0 
0.00600906 -0.00217505 0.0 
0 0 0.0 
0.0145869 2.23822e-06 0.0 
0.0197998 -3.73366e-05 0.0 
0.0165878 -0.0216579 0.0 
0.175872 -0.0925921 0.0 
0.0214361 1.10257e-05 0.0 
0.00395511 0.00510057 0.0 
0.0140529 5.44613e-05 0.0 
0.0724335 -0.00634355 0.0 
0.000217528 0.00139679 0.0 
0.0154745 -1.65841e-05 0.0 
0.000340207 0.00139089 0.0 
0.0139637 5.90577e-06 0.0 
0.0509566 0.00283954 0.0 
0 0 0.0 
0.0231431 -3.37527e-05 0.0 
0.00578435 -3.38108e-05 0.0 
0.0182014 -7.15317e-06 0.0 
0.00192997 -1.34347e-05 0.0 
0.0221133 -6.57214e-05 0.0 
0.0187974 0.000102851 0.0 
0.0202995 2.73582e-05 0.0 
2.15837e-05 1.24416e-05 0.0 
0.0311489 0.000994963 0.0 
0.022148 -7.00401e-06 0.0 
0.0230587 0.000196909 0.0 
0.022183 -4.89358e-05 0.0 
0.0270039 -0.000789963 0.0 
0.0015374 0.000246478 0.0 
0.0153234 7.06859e-05 0.0 
0 0 0.0 
0.0202872 9.28088e-05 0.0 
0.022265 4.14677e-05 0.0 
0.0230043 -0.000338371 0.0 
0.0486348 -4.62548e-05 0.0 
0.038819 0.0010742 0.0 
0.018914 -5.63575e-05 0.0 
0.0110961 1.50858e-06 0.0 
0.00758389 0.00139772 0.0 
0.0335553 -0.000860713 0.0 
-0.000800327 0.000757476 0.0 
0.0439657 -0.000740598 0.0 
0.0215801 7.92546e-05 0.0 
0.0121418 -0.000267428 0.0 
0 0 0.0 
-0.00567817 -0.00146984 0.0 
0 0 0.0 
0 0 0.0 
0 0 0.0 
0 0 0.0 
0 0 0.0 
0 0 0.0 
0 0 0.0 
0 0 0.0 
0 0 0.0 
0 0 0.0 
0 0 0.0 
0 0 0.0 
0 0 0.0 
0 0 0.0 
0 0 0.0 
0 0 0.0 
0 0 0.0 
0 0 0.0 
0 0 0.0 
0 0 0.0 
0 0 0.0 
0 0 0.0 
0 0 0.0 
0 0 0.0 
0 0 0.0 
0 0 0.0 
0 0 0.0 
0 0 0.0 
0 0 0.0 
0 0 0.0 
0 0 0.0 
0 0 0.0 
0 0 0.0 
0 0 0.0 
0 0 0.0 
0 0 0.0 
0 0 0.0 
0 0 0.0 
0 0 0.0 
0 0 0.0 
0 0 0.0 
0 0 0.0 
0 0 0.0 
0 0 0.0 
0 0 0.0 
0 0 0.0 
0 0 0.0 
0 0 0.0 
0 0 0.0 
0 0 0.0 
0 0 0.0 
0 0 0.0 
0 0 0.0 
0 0 0.0 
0 0 0.0 
0 0 0.0 
0 0 0.0 
0 0 0.0 
0 0 0.0 
0 0 0.0 
0 0 0.0 
0 0 0.0 
0 0 0.0 
0 0 0.0 
0 0 0.0 
0 0 0.0 
0 0 0.0 
0 0 0.0 
0 0 0.0 
0 0 0.0 
0 0 0.0 
0 0 0.0 
0 0 0.0 
0 0 0.0 
0 0 0.0 
0 0 0.0 
0 0 0.0 
0 0 0.0 
0 0 0.0 
0 0 0.0 
0 0 0.0 
0 0 0.0 
0 0 0.0 
0 0 0.0 
0 0 0.0 
0 0 0.0 
0 0 0.0 
0 0 0.0 
0 0 0.0 
0 0 0.0 
0 0 0.0 
0 0 0.0 
0 0 0.0 
0 0 0.0 
0 0 0.0 
0 0 0.0 
0 0 0.0 
0 0 0.0 
0 0 0.0 
0 0 0.0 
0 0 0.0 
0 0 0.0 
0 0 0.0 
0 0 0.0 
0 0 0.0 
0 0 0.0 
0 0 0.0 
0 0 0.0 
0 0 0.0 
0 0 0.0 
0 0 0.0 
0 0 0.0 
0 0 0.0 
0 0 0.0 
0 0 0.0 
0 0 0.0 
0 0 0.0 
0 0 0.0 
0 0 0.0 
0 0 0.0 
0 0 0.0 
0 0 0.0 
0 0 0.0 
0 0 0.0 
0 0 0.0 
0 0 0.0 
0 0 0.0 
0 0 0.0 
0 0 0.0 
0 0 0.0 
0 0 0.0 
0 0 0.0 
0 0 0.0 
0 0 0.0 
0 0 0.0 
0 0 0.0 
0 0 0.0 
0 0 0.0 
0 0 0.0 
0 0 0.0 
0 0 0.0 
0 0 0.0 
0 0 0.0 
0 0 0.0 
0 0 0.0 
0 0 0.0 
0 0 0.0 
0 0 0.0 
0 0 0.0 
0 0 0.0 
0 0 0.0 
0 0 0.0 
0 0 0.0 
0 0 0.0 
0 0 0.0 
0 0 0.0 
0 0 0.0 
0 0 0.0 
0 0 0.0 
0 0 0.0 
0 0 0.0 
0 0 0.0 
0 0 0.0 
0 0 0.0 
0 0 0.0 
0 0 0.0 
0 0 0.0 
0 0 0.0 
0 0 0.0 
0 0 0.0 
0 0 0.0 
0 0 0.0 
0 0 0.0 
0 0 0.0 
0 0 0.0 
0 0 0.0 
0 0 0.0 
0 0 0.0 
0 0 0.0 
0 0 0.0 
0 0 0.0 
0 0 0.0 
0 0 0.0 
0 0 0.0 
0 0 0.0 
0 0 0.0 
0 0 0.0 
0 0 0.0 
0 0 0.0 
0 0 0.0 
0 0 0.0 
0 0 0.0 
0 0 0.0 
0 0 0.0 
0 0 0.0 
0 0 0.0 
0 0 0.0 
0 0 0.0 
0 0 0.0 
0 0 0.0 
0 0 0.0 
0 0 0.0 
0 0 0.0 
0 0 0.0 
0 0 0.0 
0 0 0.0 
0 0 0.0 
0 0 0.0 
0 0 0.0 
0 0 0.0 
0 0 0.0 
0 0 0.0 
0 0 0.0 
0 0 0.0 
0 0 0.0 
0 0 0.0 
0 0 0.0 
0 0 0.0 
0 0 0.0 
0 0 0.0 
0 0 0.0 
0 0 0.0 
0 0 0.0 
0 0 0.0 
0 0 0.0 
0 0 0.0 
0 0 0.0 
0 0 0.0 
0 0 0.0 
0 0 0.0 
0 0 0.0 
0 0 0.0 
0 0 0.0 
0 0 0.0 
0 0 0.0 
0 0 0.0 
0 0 0.0 
0 0 0.0 
0 0 0.0 
0 0 0.0 
0 0 0.0 
0 0 0.0 
0 0 0.0 
0 0 0.0 
0 0 0.0 
0 0 0.0 
0 0 0.0 
0 0 0.0 
0 0 0.0 
0 0 0.0 
0 0 0.0 
0 0 0.0 
0 0 0.0 
0 0 0.0 
0 0 0.0 
0 0 0.0 
0 0 0.0 
0 0 0.0 
0 0 0.0 
0 0 0.0 
0 0 0.0 
0 0 0.0 
0 0 0.0 
0 0 0.0 
0 0 0.0 
0 0 0.0 
0 0 0.0 
0 0 0.0 
0 0 0.0 
0 0 0.0 
0 0 0.0 
0 0 0.0 
0 0 0.0 
0 0 0.0 
0 0 0.0 
0 0 0.0 
0 0 0.0 
0 0 0.0 
0 0 0.0 
0 0 0.0 
0 0 0.0 
0 0 0.0 
0 0 0.0 
0 0 0.0 
0 0 0.0 
0 0 0.0 
0 0 0.0 
0 0 0.0 
0 0 0.0 
0 0 0.0 
0 0 0.0 
0 0 0.0 
0 0 0.0 
0 0 0.0 
0 0 0.0 
0 0 0.0 
0 0 0.0 
0 0 0.0 
0 0 0.0 
0 0 0.0 
0 0 0.0 
0 0 0.0 
0 0 0.0 
0 0 0.0 
0 0 0.0 
0 0 0.0 
0 0 0.0 
0 0 0.0 
0 0 0.0 
0 0 0.0 
0 0 0.0 
0 0 0.0 
0 0 0.0 
0 0 0.0 
0.0439387 -0.00887753 0.0 
0.000164693 0.000306094 0.0 
0.0198762 -0.000178827 0.0 
0.0206537 3.40878e-05 0.0 
0.00482798 -0.00949046 0.0 
0 0 0.0 
0.0450459 -0.00129059 0.0 
0.0474254 0.000355518 0.0 
0.0117592 -1.63915e-06 0.0 
0 0 0.0 
0.0187179 7.47358e-05 0.0 
0.00307585 -0.000713325 0.0 
0.0385109 -0.0002087 0.0 
0.031526 -0.000489915 0.0 
-7.53168e-05 5.92673e-05 0.0 
0.123111 0.019222 0.0 
9.32368e-05 6.56275e-05 0.0 
0.0448754 0.0224769 0.0 
0.0016902 0.00102705 0.0 
0.0152525 -1.4759e-05 0.0 
-0.00227459 -0.00577342 0.0 
3.23561e-06 -5.64267e-07 0.0 
0.000193782 0.00013412 0.0 
0.00834169 9.62608e-06 0.0 
0.0212779 3.67583e-06 0.0 
0.0176596 -0.000604052 0.0 
0.0230294 5.78126e-05 0.0 
0.000110848 1.96901e-05 0.0 
0.000594336 -0.000223458 0.0 
0 0 0.0 
0.0136376 1.08844e-05 0.0 
0.000921348 0.00324519 0.0 
-2.23677e-06 -9.21771e-06 0.0 
0.0331795 -0.00172697 0.0 
0.000478079 0.000278623 0.0 
0.00320973 0.00365975 0.0 
0.0213578 -2.89107e-06 0.0 
0.0102182 2.21691e-05 0.0 
0.0198494 -8.58953e-05 0.0 
0.0283972 -0.00164317 0.0 
1.98094e-05 0.000151324 0.0 
-6.07194e-05 -0.000113833 0.0 
0.000624984 0.000592989 0.0 
0.0221143 0.000109907 0.0 
0.00816295 0.012912 0.0 
0 0 0.0 
0.00521214 -0.00284175 0.0 
0.000675469 0.00262114 0.0 
0.0187552 -8.49663e-05 0.0 
0.000131899 0.000694643 0.0 
0.0386048 -0.000342095 0.0 
0.0389304 0.00107783 0.0 
0.000154105 0.000880964 0.0 
0.0191155 -2.07525e-05 0.0 
0.0165971 -2.18574e-05 0.0 
0 0 0.0 
0.0204959 -8.55003e-05 0.0 
-0.000351961 -0.00123964 0.0 
0.0153695 1.54671e-06 0.0 
0.0444029 -0.00189443 0.0 
0.0223628 -0.000230755 0.0 
0.0227967 6.52585e-05 0.0 
0.020325 -3.16766e-05 0.0 
0 0 0.0 
0.0194043 -3.92187e-05 0.0 
0.254446 0.0026181 0.0 
0.0148175 2.49423e-05 0.0 
0.0184755 -2.39755e-05 0.0 
0.0326359 -4.09597e-05 0.0 
0.0100329 0.00815457 0.0 
0.0427326 1.91034e-05 0.0 
0.0178405 0.000117523 0.0 
-4.90378e-05 1.00873e-05 0.0 
0.00471679 0.00736602 0.0 
0.00273273 -0.00710584 0.0 
0 0 0.0 
0 0 0.0 
0 0 0.0 
0.02182 0.000232233 0.0 
0.0415871 0.000153785 0.0 
0.0419487 0.00168413 0.0 
0 0 0.0 
0 0 0.0 
0.0350794 0.00120393 0.0 
0.017645 -0.000108855 0.0 
0.0013589 0.000234107 0.0 
0.0159501 5.48475e-06 0.0 
-0.000286691 0.000801836 0.0 
0.0163687 -1.59409e-05 0.0 
-1.14998e-05 7.82799e-05 0.0 
0.0423323 -0.000106541 0.0 
0 0 0.0 
0.00614504 0.000987822 0.0 
0.00428512 0.00614712 0.0 
0.000946828 2.32052e-05 0.0 
0.000300868 0.000183006 0.0 
0.00164595 0.000480018 0.0 
0 0 0.0 
0.00427599 -0.00285982 0.0 
3.22929e-05 2.61913e-05 0.0 
-0.000547233 -0.00112978 0.0 
0.0600334 -8.20411e-05 0.0 
0.0375509 -0.00030292 0.0 
0.00458885 2.58737e-05 0.0 
0.0016815 0.000714441 0.0 
-5.54324e-05 -4.95665e-05 0.0 
0.0331374 -0.00139152 0.0 
0.00201707 0.000367591 0.0 
-0.00178071 -0.00507442 0.0 
0 0 0.0 
0.000112875 -1.49655e-06 0.0 
9.58952e-05 6.89778e-05 0.0 
0.0109214 0.0102707 0.0 
0.00396705 0.00546638 0.0 
0.000252541 -0.000107115 0.0 
0 0 0.0 
0.000549334 -0.00115881 0.0 
0.00849952 -0.000158925 0.0 
0.0189499 -2.21363e-05 0.0 
0.000718266 -0.00141813 0.0 
0.244139 0.016263 0.0 
0.0244071 -0.0145284 0.0 
-0.0107068 -0.00146169 0.0 
0.00427384 4.19912e-06 0.0 
0.00564654 8.16741e-05 0.0 
0.00154572 0.00101096 0.0 
4.69322e-05 0.000343244 0.0 
-7.75299e-06 2.76835e-05 0.0 
0.200416 -0.136555 0.0 
0 0 0.0 
0.137445 0.000345944 0.0 
0.017188 4.3605e-05 0.0 
0.00127866 -0.00289402 0.0 
0.0022707 0.000528225 0.0 
0.264677 0.158196 0.0 
0.000978228 0.00172042 0.0 
0.00138204 0.000214686 0.0 
0.0106614 0.00891513 0.0 
-7.49605e-05 0.000100534 0.0 
0.122018 0.00029407 0.0 
0.00214147 0.00665552 0.0 
0.0145071 0.0223058 0.0 
0.000183703 -0.000897622 0.0 
0.00208892 0.000453634 0.0 
0.0054216 -0.00198707 0.0 
0 0 0.0 
0.042746 0.00425306 0.0 
0.000257305 0.000307918 0.0 
0.310192 0.170378 0.0 
0.168214 0.00775816 0.0 
0.0142862 -0.0100471 0.0 
0 0 0.0 
0.00190958 -0.001472 0.0 
0.00514677 -0.00595748 0.0 
-5.00083e-05 7.23622e-05 0.0 
0 0 0.0 
-0.000277385 -0.000483359 0.0 
0.148856 -0.00835594 0.0 
0.0025823 0.00301939 0.0 
-0.000162947 -0.000255148 0.0 
-9.36709e-07 -9.77293e-07 0.0 
-5.28491e-05 -9.55125e-05 0.0 
0.0037718 3.09408e-05 0.0 
0.00953851 4.03973e-06 0.0 
-0.000251948 -0.000404368 0.0 
0.00923861 0.0118059 0.0 
0.00685256 -1.56597e-05 0.0 
0.0011613 -0.00618655 0.0 
0.0543908 0.000568113 0.0 
0.00513814 5.66867e-05 0.0 
0.0491128 0.0209311 0.0 
0.000205892 1.61191e-05 0.0 
0.000243619 0.000801751 0.0 
0.00218092 -0.000362911 0.0 
0 0 0.0 
-0.000179821 0.000682415 0.0 
0.000402998 -0.00176269 0.0 
0.00012717 -7.4389e-05 0.0 
0.10905 -0.000406518 0.0 
-0.00385453 -0.0020593 0.0 
0.269218 -0.140163 0.0 
0.0254002 -0.00656938 0.0 
0 0 0.0 
0.0527123 0.0440096 0.0 
0.245723 -0.188651 0.0 
0.0064805 0.00210772 0.0 
0.273777 0.16496 0.0 
0.00402724 -0.00116971 0.0 
0 0 0.0 
0 0 0.0 
-0.000117209 -0.000213256 0.0 
0.0627274 -0.000291513 0.0 
0.00916827 -0.00340166 0.0 
0 0 0.0 
0.0777469 -0.000327337 0.0 
0.279123 -0.0782788 0.0 
0.0140169 0.0103662 0.0 
0.130145 0.000218369 0.0 
0.0490238 3.24788e-05 0.0 
0.00218927 0.00548801 0.0 
-8.23795e-05 -0.000140465 0.0 
0.0080228 -0.00920026 0.0 
0.0212666 2.0715e-05 0.0 
4.10204e-05 -3.04538e-05 0.0 
0.00614382 -0.00136013 0.0 
0 0 0.0 
0 0 0.0 
0.106902 0.00026356 0.0 
0.00770324 0.000214492 0.0 
0.156677 0.0204745 0.0 
0.0284065 2.07545e-06 0.0 
0.0256555 6.78055e-05 0.0 
0.00118533 0.000182078 0.0 
0.000303184 0.000243184 0.0 
-8.82183e-06 3.6008e-06 0.0 
-0.00462436 0.00271661 0.0 
0.000614748 0.000120446 0.0 
0 0 0.0 
-1.04476e-06 6.07916e-06 0.0 
0.00654179 0.00189385 0.0 
0 0 0.0 
-0.00284891 -0.00785841 0.0 
0.00840709 -0.00115268 0.0 
-0.000205205 -0.000332358 0.0 
1.56854e-05 0.000101101 0.0 
0.0349496 0.0203282 0.0 
0.00199052 0.00612113 0.0 
0.011478 -0.00730693 0.0 
0.000894942 0.00059408 0.0 
0 0 0.0 
0.000579965 0.000405455 0.0 
0.000373799 -0.000249121 0.0 
0.079694 -0.00565396 0.0 
0 0 0.0 
0.0597424 0.00490019 0.0 
0.00955349 0.00867366 0.0 
0.0479737 -0.00480853 0.0 
-3.96734e-05 -0.000114315 0.0 
-0.000133801 0.000413091 0.0 
2.17345e-05 -1.33774e-05 0.0 
0.0564684 -0.000134094 0.0 
-2.26905e-05 -3.53044e-05 0.0 
0.0112398 -0.0112408 0.0 
0.00714634 0.00220726 0.0 
0.00969655 0.00734638 0.0 
-0.00561552 -0.00176725 0.0 
1.76307e-05 1.28658e-05 0.0 
0.00010293 6.47858e-05 0.0 
0.00101442 0.00016674 0.0 
-2.79958e-06 -1.40625e-05 0.0 
0.0142098 0.000354285 0.0 
0.0675399 -0.007136 0.0 
0.00932122 0.00190545 0.0 
0.00733161 -9.32205e-05 0.0 
-6.66644e-05 -0.000185487 0.0 
-0.00280621 -0.00209762 0.0 
0.0012384 0.000198267 0.0 
0.0271073 -5.12489e-05 0.0 
0.00629694 0.00266562 0.0 
-0.0062894 0.00345556 0.0 
-0.000110747 -0.000238318 0.0 
0.00890666 0.00356193 0.0 
0.022709 0.000934361 0.0 
0.0784781 -0.000318931 0.0 
0.0132107 0.00910172 0.0 
0 0 0.0 
0.00546827 0.00468273 0.0 
-0.000131418 -0.00026008 0.0 
-4.6644e-05 -0.000105414 0.0 
-7.07044e-05 0.000105102 0.0 
0 0 0.0 
-3.13879e-06 2.34093e-05 0.0 
-9.11444e-05 0.000340421 0.0 
-0.00152998 0.000169491 0.0 
0.0893749 -0.0101162 0.0 
-0.00299592 0.00671109 0.0 
0.0285465 0.000143336 0.0 
-1.42708e-06 6.40875e-06 0.0 
-0.0066022 0.00210833 0.0 
0 0 0.0 
0.0261528 -0.0151447 0.0 
0.00500896 0.000417672 0.0 
0.0237699 -0.000455276 0.0 
-0.000841937 0.00511361 0.0 
0.00713518 0.00239159 0.0 
0.00635901 0.000131229 0.0 
-0.00443754 -0.00116614 0.0 
0.00407646 -5.73984e-05 0.0 
0.0111035 -0.00301446 0.0 
-1.02917e-05 -6.08186e-05 0.0 
0.00952909 0.00345032 0.0 
-1.11733e-05 7.24771e-05 0.0 
-9.28223e-06 5.41595e-05 0.0 
0.0204006 0.0032996 0.0 
-0.000234151 -0.00060589 0.0 
0.0366923 -0.00974476 0.0 
-5.80596e-05 8.12537e-05 0.0 
0.0135656 0.000843888 0.0 
0.00279343 -0.0055478 0.0 
0.000718831 -0.000726673 0.0 
-0.0038975 -0.000286715 0.0 
0.00241217 -0.00472122 0.0 
-0.000108087 0.000327507 0.0 
0 0 0.0 
0.000731236 -0.00190128 0.0 
2.46805e-05 6.37274e-05 0.0 
0.173384 -0.0109106 0.0 
0.113321 -0.0206251 0.0 
-0.0055795 0.000651451 0.0 
0.0642133 -0.00589108 0.0 
0.0179587 0.0070632 0.0 
-1.99357e-05 -0.000132111 0.0 
0 0 0.0 
-3.6526e-05 -0.000185657 0.0 
0.0258425 0.00778789 0.0 
-0.00455683 0.00384758 0.0 
0.00318315 -0.00112245 0.0 
0 0 0.0 
0.024887 -7.66299e-07 0.0 
0.00212488 0.00238346 0.0 
0.00439404 0.00332468 0.0 
0.0666975 0.000315257 0.0 
4.43225e-05 -4.44474e-05 0.0 
-8.07647e-06 4.77672e-05 0.0 
0.015946 -0.0106741 0.0 
0.138687 0.0798676 0.0 
0.0336958 0.000226652 0.0 
-5.25038e-05 0.000128199 0.0 
0.00116991 0.00189343 0.0 
0.0274985 -0.0184191 0.0 
0.000335494 -0.000136868 0.0 
-0.00331327 0.006172 0.0 
-1.19013e-05 -8.31879e-05 0.0 
-0.00151795 0.0034896 0.0 
-0.000410333 0.000142921 0.0 
1.99387e-05 3.28734e-05 0.0 
0.0321344 -9.84738e-05 0.0 
-7.5884e-05 -0.00256497 0.0 
0.0463937 -3.28733e-05 0.0 
0.0143405 -0.00922497 0.0 
0.0343355 0.00945022 0.0 
0 0 0.0 
0.00106596 0.000135372 0.0 
0.000387165 0.000262624 0.0 
0.00417124 -0.0086111 0.0 
-9.14763e-06 -2.73161e-05 0.0 
9.50366e-05 -0.000618519 0.0 
0.00173604 -0.003357 0.0 
0.000446326 -0.000285905 0.0 
-0.00308774 -0.00642683 0.0 
0.197286 0.0101053 0.0 
-0.00373652 0.000537043 0.0 
-0.000187595 0.000260214 0.0 
0 0 0.0 
0.0364147 0.0148425 0.0 
0.0258767 1.07139e-05 0.0 
-5.99353e-06 1.63051e-05 0.0 
0.00455765 0.00249661 0.0 
0.00017852 0.000141204 0.0 
0 0 0.0 
-4.54514e-05 0.00023298 0.0 
0.0161205 0.0071356 0.0 
-8.9026e-05 0.000120459 0.0 
0.0194525 3.90967e-05 0.0 
-0.00122536 0.000453753 0.0 
0.00182614 -0.000562757 0.0 
0.000729784 -0.000382239 0.0 
0.222522 -0.00117347 0.0 
5.89412e-05 -0.00126991 0.0 
0.213554 -0.170201 0.0 
0.000402998 0.000283316 0.0 
0.0255671 -0.00597926 0.0 
0.000711002 -0.000387419 0.0 
0.0351938 -0.013531 0.0 
0.034545 -0.000173595 0.0 
0 0 0.0 
0.00247937 -0.000196388 0.0 
0.0244376 0.000520243 0.0 
-7.69709e-05 -0.000110175 0.0 
0.00235916 -0.00584695 0.0 
0.000604912 -9.79226e-05 0.0 
0.00955338 0.0035335 0.0 
-7.6142e-05 0.00031581 0.0 
0.001691 0.000224277 0.0 
0.0141587 -0.000446191 0.0 
-7.93294e-06 1.16633e-05 0.0 
-0.000224669 -0.000334122 0.0 
0.339426 -0.160395 0.0 
0.0852972 -0.00208809 0.0 
-0.00141234 0.00206027 0.0 
0.0330547 0.0190107 0.0 
-0.0119455 0.00160666 0.0 
0.00348501 -0.00126716 0.0 
0.0105111 -0.00551391 0.0 
0 0 0.0 
-2.17206e-05 -0.000128401 0.0 
2.70448e-05 -1.75848e-05 0.0 
0.297601 -0.172728 0.0 
-0.000138009 0.00020271 0.0 
0.00541641 -0.00615749 0.0 
0 0 0.0 
0.0213842 3.76677e-05 0.0 
0.0025998 -0.000711293 0.0 
0.00279286 -0.000423472 0.0 
0.109272 -0.0108516 0.0 
0 0 0.0 
0.00348017 -0.000135847 0.0 
0.000681513 -0.00129789 0.0 
3.8302e-05 -2.88997e-05 0.0 
0.000475049 -0.000264019 0.0 
0 0 0.0 
0.00530687 -0.00582508 0.0 
0.0156252 0.0153954 0.0 
-3.80775e-05 -0.00023342 0.0 
-2.29468e-05 0.000129109 0.0 
0.000247916 0.000683713 0.0 
0.00325609 3.49682e-05 0.0 
0 0 0.0 
0.00918333 0.00484837 0.0 
-2.03438e-06 -1.65866e-05 0.0 
0.0118053 0.00418104 0.0 
-0.00148994 -0.000851754 0.0 
0 0 0.0 
-1.3976e-05 -9.75287e-05 0.0 
0.0355122 0.000120873 0.0 
-5.51809e-06 2.72192e-05 0.0 
0.00122237 0.000172574 0.0 
0 0 0.0 
-2.12548e-05 -6.13361e-05 0.0 
0 0 0.0 
0 0 0.0 
0.000173252 0.000790165 0.0 
0.207468 -0.110452 0.0 
-0.00636349 0.00179865 0.0 
-0.00832051 0.000706041 0.0 
2.16555e-05 -0.000123032 0.0 
0.164862 -0.149406 0.0 
-0.00749844 -0.0016947 0.0 
6.79998e-05 -9.71521e-07 0.0 
-0.000902535 0.000715858 0.0 
-0.00156614 0.00148209 0.0 
-1.91e-06 1.59271e-05 0.0 
8.41288e-06 -2.71216e-05 0.0 
0.00485178 0.000910879 0.0 
-0.00331698 -0.00125968 0.0 
-1.08629e-06 3.01183e-06 0.0 
0.00251974 -0.000129834 0.0 
-0.00143047 0.000902326 0.0 
-0.000899481 2.92704e-05 0.0 
0.000131061 -6.62445e-05 0.0 
0.0185668 0.00556814 0.0 
5.79841e-05 -4.4004e-05 0.0 
0 0 0.0 
-0.000137354 0.000571342 0.0 
0.00404915 0.00124297 0.0 
-1.0842e-05 -7.66908e-06 0.0 
-0.000167257 0.000315244 0.0 
0.0239917 1.31674e-05 0.0 
0.00444064 -0.00124704 0.0 
0.000152392 -5.08986e-05 0.0 
0.00955373 0.0087363 0.0 
0.0299767 -2.13945e-05 0.0 
-0.00279063 -0.000655611 0.0 
0.0221104 -0.000556161 0.0 
0.021966 -0.00628461 0.0 
0.00011768 -2.48902e-05 0.0 
-0.000131958 0.000259581 0.0 
6.67566e-05 2.44253e-05 0.0 
0.0313753 4.97245e-05 0.0 
0.0045592 -0.00233256 0.0 
0.0283597 -0.0193155 0.0 
0.208135 -0.0329081 0.0 
0.0351645 0.00815685 0.0 
0.00262143 0.00152871 0.0 
0.0633561 0.00190861 0.0 
0.00307973 0.00116253 0.0 
0.197137 0.00329161 0.0 
0.0100902 -0.00713851 0.0 
0.000612838 0.000419756 0.0 
-0.000105168 0.000143711 0.0 
0.0696423 0.00438843 0.0 
0 0 0.0 
0.000598258 -0.000271465 0.0 
0.0854334 0.00771451 0.0 
0.011898 0.0120627 0.0 
0.000257743 0.000184119 0.0 
-5.83264e-05 0.000227699 0.0 
-8.37662e-05 0.000111481 0.0 
-9.2125e-05 0.000268475 0.0 
-2.80787e-05 3.45992e-05 0.0 
-0.000164065 0.000626184 0.0 
0.000595801 0.000383971 0.0 
-3.94684e-05 7.1908e-05 0.0 
0.000194102 -0.00012604 0.0 
0.00141052 0.00445142 0.0 
0.000945848 -0.00526924 0.0 
0 0 0.0 
-0.000339111 0.000678408 0.0 
0 0 0.0 
-0.00860254 -0.00250351 0.0 
-0.00191609 0.000581082 0.0 
0.303316 0.0064342 0.0 
0.000453999 -0.000112295 0.0 
-7.62552e-05 0.000111637 0.0 
5.56256e-05 -3.04417e-05 0.0 
-7.3909e-05 -0.000406123 0.0 
0 0 0.0 
0.0090227 0.00801683 0.0 
0.0432266 0.0301862 0.0 
0 0 0.0 
0.0046841 0.00469335 0.0 
-0.00057422 0.000313221 0.0 
0.0762937 0.00111506 0.0 
0 0 0.0 
0.00656503 0.00297782 0.0 
0.0101525 0 0.0 
-9.36609e-05 0.000263208 0.0 
-4.48843e-06 3.68512e-05 0.0 
-0.000162688 0.000237205 0.0 
0 0 0.0 
0.00679918 -0.0030946 0.0 
0.00259977 -0.00117104 0.0 
0.0330228 0.000169096 0.0 
0.00177216 -0.000906387 0.0 
0.0390265 0.000496351 0.0 
0.00271466 0.00143389 0.0 
0.00127095 -0.000708247 0.0 
0 0 0.0 
-0.000106689 0.000422433 0.0 
0.00151629 0.00294113 0.0 
8.34126e-05 -3.25822e-05 0.0 
-0.00410083 0.00147972 0.0 
-5.74587e-05 0.000159798 0.0 
0.0181271 -0.0185234 0.0 
-0.00113601 0.00334236 0.0 
-5.64681e-06 2.23377e-05 0.0 
1.72194e-05 -0.00013573 0.0 
-3.20832e-06 9.34799e-06 0.0 
0.0063506 -0.0133881 0.0 
-3.6067e-05 -0.000216765 0.0 
0.0470609 0.00135535 0.0 
-0.000109871 0.000324331 0.0 
0.00475088 -0.00379046 0.0 
-3.98788e-05 5.03905e-05 0.0 
0.0423271 0.000887308 0.0 
0 0 0.0 
0.000251087 -0.000152847 0.0 
0.00568158 -8.2079e-05 0.0 
0.0196718 1.05998e-05 0.0 
0.00199305 0.00260527 0.0 
0.000820752 0.00222521 0.0 
0.0454358 0.000323991 0.0 
-1.67636e-05 4.10656e-05 0.0 
-7.67744e-05 0.000129072 0.0 
0.000272093 -0.000113551 0.0 
-0.00023715 -0.000735572 0.0 
-2.44956e-05 -0.000133071 0.0 
0.0492957 -0.0015685 0.0 
-0.000326677 0.000598628 0.0 
-6.76463e-05 0.000327736 0.0 
0.00756763 -0.000116162 0.0 
0.00198365 -0.00419212 0.0 
0.00305622 0.00502773 0.0 
0.0405606 0.000259619 0.0 
-0.000342086 0.000492483 0.0 
-0.000129419 -0.000540225 0.0 
0.000892122 0.00274582 0.0 
-6.55256e-05 8.61757e-05 0.0 
0.0286719 -0.0326701 0.0 
0.0151808 4.41975e-05 0.0 
-0.00735356 0.00275057 0.0 
0.00256874 -0.000780417 0.0 
0.00732932 0.00322609 0.0 
0.00459427 -0.00555446 0.0 
0.0360632 3.47943e-06 0.0 
0.0206692 -0.000210123 0.0 
0 0 0.0 
-8.77923e-06 -6.29814e-05 0.0 
0.0261725 0.00114496 0.0 
-0.000118316 0.000163348 0.0 
-0.000241535 0.00035377 0.0 
-0.00017551 -0.000324719 0.0 
0.0237016 0.000572689 0.0 
-0.000464462 0.000703545 0.0 
-0.00021536 0.000574199 0.0 
0.0355891 8.73505e-05 0.0 
0.000180307 -0.000127623 0.0 
1.96806e-05 -1.89213e-06 0.0 
-9.3894e-06 -6.57959e-05 0.0 
-0.000200549 0.000557443 0.0 
0.0333749 -5.60742e-06 0.0 
-0.000657567 -0.00650978 0.0 
0.000253871 -9.43379e-05 0.0 
-0.000102934 0.000161919 0.0 
-6.48252e-05 0.000319073 0.0 
0.000267132 -0.00013658 0.0 
0.0396159 -0.0137023 0.0 
0.00245802 0.00364683 0.0 
-7.15793e-05 0.000130663 0.0 
0.00781895 -0.00257039 0.0 
-0.000113621 0.000164514 0.0 
0.00576111 -0.00193967 0.0 
0 0 0.0 
0.000333401 0.00192539 0.0 
0.034967 0.000234652 0.0 
0.0491719 0.0029137 0.0 
0.000902226 -0.000566658 0.0 
-0.00095246 -0.000162224 0.0 
0.0367177 -0.00113908 0.0 
0.134954 0.0111918 0.0 
0.0021818 0.00327548 0.0 
-0.00207477 0.00228797 0.0 
0.0145641 -2.77508e-05 0.0 
0.00350713 0.00341359 0.0 
-0.000157661 0.000345479 0.0 
0.0748733 0.00425135 0.0 
0.0234288 0.00563252 0.0 
-0.0104164 0.003001 0.0 
-5.96194e-05 0.000194029 0.0 
0.0081175 -0.00108356 0.0 
0.0144748 -0.00156249 0.0 
-2.4912e-05 0.000139207 0.0 
0.0245611 -0.0122876 0.0 
-8.7369e-05 0.000380617 0.0 
0.0140624 0.00196207 0.0 
0.00189496 6.74143e-05 0.0 
0 0 0.0 
0.0122613 -0.00213515 0.0 
-3.11655e-05 -2.94382e-05 0.0 
0.0370126 0.0407772 0.0 
-1.48307e-05 -7.18653e-05 0.0 
0.00810443 -0.00185752 0.0 
0.0445254 5.39689e-05 0.0 
-0.00186455 -0.000526561 0.0 
0.0471396 0.0099754 0.0 
0.0535448 -0.00153495 0.0 
-3.63903e-06 1.56859e-05 0.0 
0.00361999 0.00240562 0.0 
-3.17674e-06 1.76138e-05 0.0 
1.47363e-05 2.56668e-06 0.0 
0.00257474 -0.000629999 0.0 
0.00438439 -0.00102817 0.0 
3.5756e-05 -3.38933e-06 0.0 
0.000891029 -0.000235552 0.0 
0.00273482 0.00264016 0.0 
-0.000524478 -0.000184457 0.0 
-0.000439984 0.000670431 0.0 
0.021987 -7.76194e-05 0.0 
-4.87132e-05 -0.000263556 0.0 
0.265563 0.000448413 0.0 
0.0194993 0.000144944 0.0 
0.00385141 -0.00314877 0.0 
0.0550164 5.84891e-05 0.0 
0.0586874 9.04927e-05 0.0 
0.00741472 0.00716114 0.0 
0.0400163 0.00819994 0.0 
0.00486168 0.000323244 0.0 
0.00314989 0.00513437 0.0 
-6.31154e-07 4.3563e-06 0.0 
1.01951e-05 6.86703e-06 0.0 
0.0580432 -0.0648711 0.0 
0.0164068 1.503e-05 0.0 
-1.86629e-05 7.24367e-05 0.0 
0.0203469 9.4595e-06 0.0 
0.000537068 -0.000344277 0.0 
0.0265246 -0.000237479 0.0 
-0.000207073 0.000812881 0.0 
-0.00064856 0.00073868 0.0 
-0.000885301 0.00183551 0.0 
0.0210282 0.0393346 0.0 
-7.63741e-05 0.000345584 0.0 
0.000690964 -0.000449441 0.0 
0.0368555 -0.0010713 0.0 
-0.000176462 -0.000531555 0.0 
0 0 0.0 
0.00432142 -0.000400466 0.0 
0 0 0.0 
0.0358885 -0.00182816 0.0 
0.0447076 4.49872e-05 0.0 
0.00774882 -0.000613375 0.0 
0.0384967 0.000282956 0.0 
0.0200507 -0.00613642 0.0 
0 0 0.0 
0.0324774 -8.25014e-05 0.0 
0 0 0.0 
0.0126454 0.00729451 0.0 
0.00122871 -0.000493372 0.0 
1.19924e-05 -5.9923e-05 0.0 
-0.00656971 -0.00303966 0.0 
0.0188742 0.0303831 0.0 
-8.68341e-06 -3.6485e-05 0.0 
0.0292217 -2.12966e-05 0.0 
0.000605682 -0.000237028 0.0 
0.247293 -0.0267336 0.0 
0.000577119 -0.000233281 0.0 
0.0605552 -0.000332445 0.0 
0.0550053 -0.000161616 0.0 
0 0 0.0 
0.00429529 0.00149378 0.0 
0.010342 1.36933e-05 0.0 
0.0174843 -1.76629e-05 0.0 
0.00939759 -0.000339087 0.0 
0.00285139 -0.00136045 0.0 
0.036473 0.0117493 0.0 
0.108052 0.00575241 0.0 
0.0203996 0.000302841 0.0 
0.244883 0.00514986 0.0 
0.200176 0.180908 0.0 
0.04212 -0.000423701 0.0 
0 0 0.0 
0.0100634 4.93286e-05 0.0 
0 0 0.0 
-0.000141674 -0.000217003 0.0 
-0.000366319 -0.000894926 0.0 
0.0157943 9.5628e-05 0.0 
0.0109342 -0.00277044 0.0 
0.0323371 0.00124946 0.0 
0.038722 -0.00189547 0.0 
0.333192 -0.0321427 0.0 
0.0382859 0.0004862 0.0 
0.046909 0.0172474 0.0 
0.0199503 3.89466e-05 0.0 
0.017791 1.8917e-05 0.0 
0.00999269 0.00962486 0.0 
-9.48975e-06 6.05883e-05 0.0 
0 0 0.0 
0.0290766 0.00108142 0.0 
0.097577 0.00159434 0.0 
0.167488 -0.00043452 0.0 
0.0297723 -0.000565016 0.0 
0.00164001 -1.67659e-05 0.0 
0.04684 -0.000343659 0.0 
-0.000117718 -0.000449313 0.0 
0.118255 -0.000939698 0.0 
-0.00682371 -0.000577471 0.0 
0.00111752 -0.000327265 0.0 
0.0475514 -5.20546e-05 0.0 
-4.03041e-05 -0.000214148 0.0 
0.000614261 -0.000197244 0.0 
0.265738 0.0985901 0.0 
0.0528345 -0.000757077 0.0 
0.00439547 -0.000100966 0.0 
0.0525273 -0.017109 0.0 
0 0 0.0 
-0.000327927 0.000538488 0.0 
-2.40201e-06 1.98912e-05 0.0 
-0.000275371 -0.00077356 0.0 
0 0 0.0 
0.0218487 -6.2441e-05 0.0 
0.0233421 -3.46268e-06 0.0 
0 0 0.0 
0.01961 6.70143e-07 0.0 
-1.82284e-05 -0.00012097 0.0 
0.0322007 0.000387071 0.0 
5.30696e-05 -0.000332809 0.0 
-2.06885e-05 0.000105258 0.0 
0.00208286 -0.00082375 0.0 
0.043054 0.00228394 0.0 
0.0925287 0.0370777 0.0 
0.00447885 -0.00320365 0.0 
0.00039683 -0.002366 0.0 
0.000131736 0.00101563 0.0 
-0.000171688 -0.000256279 0.0 
0.0175542 -1.81457e-05 0.0 
0.130062 0.000350286 0.0 
0.00314813 0.0102003 0.0 
0.00573984 0.000392212 0.0 
0 0 0.0 
-8.43458e-06 -6.1081e-05 0.0 
0.00476206 0.00329493 0.0 
0.00396141 0.0065457 0.0 
0.0602587 -0.00316266 0.0 
0.082239 0.00201104 0.0 
0 0 0.0 
0.016558 -2.95029e-05 0.0 
0.261539 -0.0847816 0.0 
-0.000241117 -0.000398089 0.0 
0.0448292 -0.000467796 0.0 
0.015544 0.000372762 0.0 
0.0399337 9.53168e-05 0.0 
0 0 0.0 
-0.00226074 -0.00116517 0.0 
0.0165557 -6.863e-05 0.0 
0.0447376 -0.000915751 0.0 
0.0151158 1.47915e-05 0.0 
0.0429269 0.000719358 0.0 
0.0260702 -0.000198308 0.0 
0.00404304 -0.000893742 0.0 
0.0164403 -3.77323e-05 0.0 
-9.74282e-05 -0.000143327 0.0 
0.223468 -0.0312379 0.0 
0 0 0.0 
-0.000149563 -0.000421194 0.0 
0.0125497 -5.22048e-05 0.0 
0 0 0.0 
-0.000100692 -0.000428025 0.0 
0.00275701 0.00042638 0.0 
0.00431683 0.00138604 0.0 
0.0363931 0.00036121 0.0 
0.0162634 -0.00683124 0.0 
0.0126123 0.00424971 0.0 
-0.00148513 -0.000130958 0.0 
0 0 0.0 
0.213959 -0.00438381 0.0 
0.00439756 0.000399963 0.0 
0.0168866 7.29241e-06 0.0 
0.00712437 -0.00287212 0.0 
0.00137822 0.000378424 0.0 
0.0213123 9.26667e-05 0.0 
0.00196375 -0.00302908 0.0 
-0.000357954 -0.000686609 0.0 
0.01664 3.84335e-05 0.0 
0.0789822 -0.013601 0.0 
0.00354584 0.00140631 0.0 
0.263981 -0.0201719 0.0 
0.000104225 0.00154105 0.0 
-7.21477e-05 0.000165927 0.0 
0.00156872 0.000472991 0.0 
0.000649449 -0.000228969 0.0 
0.0138007 -7.80402e-06 0.0 
0.276456 -0.101176 0.0 
0.0456204 0.00034383 0.0 
0.026859 0.000499883 0.0 
0.037621 -0.000169898 0.0 
0.00112813 -0.00302657 0.0 
0.0181961 4.62114e-05 0.0 
0.00199948 -0.000740559 0.0 
0 0 0.0 
0.0261219 0.000572148 0.0 
0.0319432 3.48272e-05 0.0 
-1.8601e-05 -9.32153e-05 0.0 
-0.000274258 -0.000434415 0.0 
-1.14903e-05 -4.98401e-05 0.0 
0 0 0.0 
0.0195821 6.37854e-07 0.0 
-9.54677e-05 -0.000156803 0.0 
0.0229389 0.000126698 0.0 
-2.96635e-05 -5.37234e-05 0.0 
0.00163499 0.000563959 0.0 
0.0144144 -1.66113e-05 0.0 
0.000523783 0.00219287 0.0 
0 0 0.0 
0.016044 -1.15208e-05 0.0 
0 0 0.0 
0.000798978 -0.00046848 0.0 
0.00890363 -0.00331989 0.0 
0.0223289 2.8293e-06 0.0 
0.0202801 6.57811e-05 0.0 
0.245538 -0.00265798 0.0 
0 0 0.0 
-0.00010937 -0.000181633 0.0 
0.0211672 -4.96087e-05 0.0 
0.00754118 0.00291538 0.0 
-7.578e-05 -0.000108522 0.0 
0 0 0.0 
0.0192911 0.00226829 0.0 
0.00167819 0.000537331 0.0 
0.0250963 0.000109537 0.0 
0.014836 4.87167e-05 0.0 
0.155235 0.000462144 0.0 
0.00037327 -0.000253723 0.0 
0.0212558 0.000233753 0.0 
0.159558 -0.0819508 0.0 
0.0176472 -5.73743e-05 0.0 
0.0022752 -0.00092257 0.0 
0.00279021 0.000817173 0.0 
0.00149451 -0.000376256 0.0 
-8.93818e-06 -6.27305e-05 0.0 
0.00355533 0.00222837 0.0 
0.174103 -0.103603 0.0 
-9.89274e-05 -0.000142671 0.0 
0.00196442 0.000377893 0.0 
-0.000199219 -0.000759169 0.0 
0 0 0.0 
-0.00206374 -0.00742002 0.0 
0.00466015 -0.000909718 0.0 
0 0 0.0 
0.0030293 0.000613616 0.0 
0.0176096 -2.62525e-05 0.0 
-0.0132105 -0.000461048 0.0 
0.00533728 0.00582494 0.0 
0 0 0.0 
0.013431 -1.10467e-05 0.0 
0.0022694 0.00574558 0.0 
0.00222134 0.00323961 0.0 
0.0375502 -2.44575e-06 0.0 
0.263452 -0.0214372 0.0 
-9.43772e-05 -0.00014878 0.0 
0.0155883 3.73839e-05 0.0 
0.0138942 -9.82497e-06 0.0 
0.0209872 -8.26462e-06 0.0 
0.0495449 -1.91854e-05 0.0 
0.00013472 0.000102786 0.0 
0.0180025 3.67111e-05 0.0 
-0.00121603 0.00486765 0.0 
-0.000610176 -0.000482905 0.0 
0 0 0.0 
0.200294 -0.0790465 0.0 
0.0444795 -4.47156e-06 0.0 
0.0201917 -1.73459e-05 0.0 
0.0121946 -4.23555e-05 0.0 
-4.15192e-06 -8.56587e-06 0.0 
0.0131952 0.000280963 0.0 
0.0237336 -8.3701e-05 0.0 
0.00038114 0.000287622 0.0 
0.00532375 0.00778615 0.0 
0.0036914 0.00142451 0.0 
-0.000320393 -0.00052978 0.0 
0.0887595 -0.00016648 0.0 
0.0275027 4.91944e-05 0.0 
0.0420737 3.72158e-05 0.0 
0 0 0.0 
0.0114168 4.09343e-05 0.0 
0.0141682 2.99267e-05 0.0 
0 0 0.0 
0.242879 0 0.0 
0.00240481 -0.000592251 0.0 
-0.000503701 0.000497205 0.0 
0.000145113 0.000114966 0.0 
0.0152141 -0.000155727 0.0 
-4.40519e-05 5.65031e-05 0.0 
0.00912309 0.0084101 0.0 
-0.00551622 0.00155825 0.0 
-2.57738e-05 8.52481e-05 0.0 
0.000655452 0.0003936 0.0 
0.000428476 0.000300546 0.0 
0.0210913 5.70355e-05 0.0 
-5.53463e-05 -9.55034e-05 0.0 
0 0 0.0 
0.0339506 0.000112957 0.0 
0.0238188 -3.77133e-05 0.0 
0.0228869 -0.000787571 0.0 
0.00316778 0.00465323 0.0 
1.6644e-05 -1.30133e-05 0.0 
0.001132 0.00205199 0.0 
0.00179277 -0.00368641 0.0 
0.0125249 4.58173e-05 0.0 
0.0100618 0.00529573 0.0 
0.0147426 4.87161e-06 0.0 
0.0221619 -3.73046e-05 0.0 
0 0 0.0 
-0.0092297 -0.000785761 0.0 
0.000306829 0.000206093 0.0 
0.0160229 2.09658e-05 0.0 
0.00668371 -0.00396719 0.0 
6.32073e-06 -3.25903e-06 0.0 
0.0086291 -0.00998119 0.0 
0.0365962 4.46784e-05 0.0 
0.0798442 -0.0353638 0.0 
0.0166765 -9.27609e-05 0.0 
0 0 0.0 
0.0342898 0.00011342 0.0 
0.00261244 0.00178801 0.0 
0.0185842 -0.000237205 0.0 
0.0142563 1.21699e-05 0.0 
0.0280302 -7.41375e-05 0.0 
0.017683 -1.03297e-05 0.0 
0.0254958 1.46806e-05 0.0 
0.0172088 -6.62643e-05 0.0 
0.000803024 0.000554982 0.0 
0.00113549 0.00310427 0.0 
0.0179303 6.06649e-06 0.0 
0.00455438 0.00307043 0.0 
4.77992e-05 0.000313712 0.0 
0.00296583 0.000556933 0.0 
0.0120948 2.05526e-05 0.0 
0.0370969 0.000193234 0.0 
0.0241168 -5.97453e-05 0.0 
0.0244924 -6.03465e-05 0.0 
0.00857507 1.87491e-05 0.0 
5.39902e-06 -9.1012e-06 0.0 
0.0631188 -0.000132056 0.0 
0.0422614 0.000864596 0.0 
0.0194324 3.69941e-05 0.0 
0.27014 0.000208565 0.0 
0.00748339 -0.000331295 0.0 
0.0188474 1.52035e-05 0.0 
0.0135397 2.66486e-05 0.0 
0.00442339 0.00200288 0.0 
0.00216897 0.000602079 0.0 
-0.00290926 0.00393902 0.0 
0 0 0.0 
0.0174411 5.85745e-05 0.0 
0 0 0.0 
0.00222026 -0.000180879 0.0 
0.0155352 -6.73904e-05 0.0 
0.0165738 -8.45921e-05 0.0 
0.00838764 -0.00710278 0.0 
0.0125696 -0.000109914 0.0 
0.0355874 5.8226e-05 0.0 
0 0 0.0 
0.000632098 0.000345146 0.0 
0 0 0.0 
9.18267e-05 4.94004e-05 0.0 
0.0334899 -0.000158417 0.0 
0.0487081 0.000308797 0.0 
0.00713171 0.0048605 0.0 
0 0 0.0 
0.0137731 5.82255e-05 0.0 
8.96882e-05 0.000461099 0.0 
-0.000118758 0.000191818 0.0 
0.0206443 -2.91519e-06 0.0 
0.0110007 0.00648552 0.0 
0.0129689 6.20617e-08 0.0 
0.00624883 8.68619e-06 0.0 
0.0175281 0.0143969 0.0 
0 0 0.0 
0.00644635 0.00293493 0.0 
0.000433452 0.000243908 0.0 
0.0161816 -0.000112138 0.0 
0 0 0.0 
0.0458334 0.000220558 0.0 
0.00105091 0.000317121 0.0 
0.000271658 0.000189882 0.0 
0.000278795 0.000198707 0.0 
0.00161058 0.00236208 0.0 
0.0456467 -2.65958e-05 0.0 
0.000231295 0.000153519 0.0 
0 0 0.0 
0.0031347 0.00388161 0.0 
0.0610861 0.000439939 0.0 
-0.000143818 -0.000465104 0.0 
0.00544406 0.00580887 0.0 
0.0544315 -0.0276959 0.0 
0.058577 0.000281975 0.0 
0 0 0.0 
0.0316014 -2.4928e-05 0.0 
5.5511e-05 -0.000217871 0.0 
7.49552e-05 4.45693e-05 0.0 
-7.49887e-05 -0.000114994 0.0 
0.00866301 0.00526329 0.0 
0 0 0.0 
0.00486288 -0.0072095 0.0 
-0.000238818 0.000339291 0.0 
0.0044222 3.22012e-05 0.0 
0.00102275 -0.00657316 0.0 
0.171539 0.124627 0.0 
-0.00300468 0.000718324 0.0 
-2.35034e-05 2.93139e-05 0.0 
0.000267048 0.000170436 0.0 
0.000990671 0.000578873 0.0 
0.0349115 -2.89979e-05 0.0 
5.88549e-05 -0.000104649 0.0 
0.00375373 0.000357762 0.0 
-1.79243e-05 -3.45194e-05 0.0 
0 0 0.0 
0.000180595 0.000133668 0.0 
0.0131152 0.0194808 0.0 
0.0143732 2.80281e-05 0.0 
0.00136121 -0.00235063 0.0 
0.00435037 -0.00178825 0.0 
0.00806778 -0.00154522 0.0 
0.00147145 0.000480919 0.0 
-6.66906e-05 2.56815e-05 0.0 
0.000636161 0.000385284 0.0 
0.000128139 2.58713e-05 0.0 
0.325775 -0.0855728 0.0 
0.187026 0 0.0 
0.00522135 0.00109892 0.0 
0.0601258 -7.15365e-05 0.0 
6.36539e-05 7.02785e-05 0.0 
0 0 0.0 
-0.000335437 -0.000566642 0.0 
0.0216453 -0.000374867 0.0 
0 0 0.0 
0.179364 -0.000920203 0.0 
-1.9493e-05 -9.27608e-05 0.0 
-3.98949e-05 -6.03438e-05 0.0 
0.000995791 0.000316699 0.0 
0.000343289 0.00052096 0.0 
0.058799 0.00221473 0.0 
-0.000171776 -0.000697476 0.0 
-5.81406e-05 0.000135914 0.0 
0.00196475 0.000473398 0.0 
0.00287136 0.000463431 0.0 
0.0041567 0.000951641 0.0 
-7.40025e-05 0.000109123 0.0 
-2.95335e-05 3.85259e-05 0.0 
-0.000111003 -0.000255474 0.0 
0.00205451 -2.17668e-05 0.0 
0.00360002 0.00338579 0.0 
0.000664615 0.000451935 0.0 
0.0145429 0.0133585 0.0 
0 0 0.0 
0.000793528 0.000457902 0.0 
-1.01366e-06 -2.54928e-05 0.0 
0.0027514 0.000908278 0.0 
0 0 0.0 
0.00372848 -2.72735e-05 0.0 
0 0 0.0 
0.00771581 0.000593479 0.0 
-0.00018695 -0.000540456 0.0 
0.00415326 0.000618811 0.0 
0.000143888 7.27973e-05 0.0 
0.110316 -0.000437027 0.0 
0.000625328 0.000335132 0.0 
0.000941833 0.000355886 0.0 
0.00220526 -1.43471e-06 0.0 
0 0 0.0 
0.00368653 -0.000847522 0.0 
0.0302632 -0.00118541 0.0 
0.0297189 0.0112366 0.0 
-0.00163307 -0.00221198 0.0 
0.00252974 0.000577961 0.0 
0.213138 0.0371309 0.0 
0.00996153 -0.00413799 0.0 
0.0242463 -7.13534e-05 0.0 
0.000696205 -0.000416342 0.0 
-0.00181325 0.00320114 0.0 
0.000246008 -0.000167872 0.0 
0.0011842 -0.000230146 0.0 
0.00520339 -0.000795637 0.0 
0 0 0.0 
0.0450747 -2.55184e-05 0.0 
7.27124e-05 2.47666e-05 0.0 
0.00140497 0.00173524 0.0 
0.00548403 0.0063627 0.0 
0.0578839 -0.0335813 0.0 
0.000116767 8.26797e-05 0.0 
0.00504595 0.00820408 0.0 
0.0707714 0.00489058 0.0 
-0.000630897 0.00106659 0.0 
-0.000200568 -0.000317771 0.0 
-2.18337e-05 -0.000144037 0.0 
0.00267482 0.00339383 0.0 
0.0033881 0.000946337 0.0 
0.208887 0.0011638 0.0 
0 0 0.0 
0 0 0.0 
4.3675e-05 0.000245437 0.0 
0.0370793 -0.0165594 0.0 
0 0 0.0 
0.0395462 -0.00933451 0.0 
-8.03966e-05 -0.000121252 0.0 
0.0504583 0.000162815 0.0 
0.00382237 0.000238973 0.0 
0.0345899 -7.93134e-05 0.0 
0.00290606 -2.07679e-05 0.0 
0.00204747 -0.00101538 0.0 
0.0028338 0.00314827 0.0 
-6.02784e-06 4.17776e-05 0.0 
-0.0035048 0.00503643 0.0 
0.00553492 0.00462634 0.0 
0.0337473 -0.0542828 0.0 
0.00389673 0.0117762 0.0 
0 0 0.0 
0.00235043 9.52711e-05 0.0 
0.232485 -0.00137973 0.0 
-4.06807e-05 -6.94026e-05 0.0 
0.00552277 0.00512205 0.0 
0.00562901 -0.000289964 0.0 
0.000581775 0.000278581 0.0 
0.348754 0.150084 0.0 
0 0 0.0 
0.00560042 0.00510466 0.0 
9.41515e-06 -3.64279e-05 0.0 
0 0 0.0 
0.0175148 0.00109524 0.0 
-0.000118171 0.000501083 0.0 
-7.26998e-05 -0.000377891 0.0 
0.00671085 0.00645566 0.0 
0.00643828 -0.000200365 0.0 
0.00636473 0.00655171 0.0 
2.81778e-05 0.000209077 0.0 
0.10912 0.000373252 0.0 
0.0071835 -0.00177366 0.0 
0.0455316 -0.000144982 0.0 
0.00557309 0.000102966 0.0 
-0.000495447 0.00103699 0.0 
0.00512847 -0.000306429 0.0 
0.0234973 0.000297272 0.0 
0.0566751 0.00173269 0.0 
0.0382107 8.7184e-05 0.0 
-0.000109873 0.000500521 0.0 
-0.00019729 -0.000455665 0.0 
4.3542e-05 3.26549e-05 0.0 
-0.000125531 -0.000469441 0.0 
-0.000136646 0.000585544 0.0 
4.69972e-05 3.57627e-05 0.0 
0.0102395 6.79771e-05 0.0 
0 0 0.0 
-8.41413e-05 -0.000425945 0.0 
0.000304474 0.00181378 0.0 
0.115122 -0.00591168 0.0 
0.00241919 0.00203026 0.0 
0 0 0.0 
-0.000161225 0.000256143 0.0 
0.011075 0.0128837 0.0 
0.00135806 -0.00336422 0.0 
0.00924882 0.00145288 0.0 
-0.000195356 -0.000463103 0.0 
0 0 0.0 
0.00182502 0.00305417 0.0 
0.0110593 0.0252179 0.0 
-0.000844827 0.00145271 0.0 
0.00445993 0.00662005 0.0 
0.000187161 0.00079153 0.0 
0.00191667 -0.0016302 0.0 
-0.000367111 0.000558345 0.0 
0.00227952 0.00351974 0.0 
0 0 0.0 
0.019582 -8.71839e-05 0.0 
-1.26618e-05 6.51876e-05 0.0 
0.00362191 0.000267499 0.0 
0.00110401 0.00158383 0.0 
-1.34065e-05 7.07587e-05 0.0 
7.39929e-05 0.000569538 0.0 
0.000142842 0.000924822 0.0 
0.00737164 0.00347036 0.0 
-0.000151067 0.000430835 0.0 
-4.72923e-05 0.000139492 0.0 
0.0200689 -0.000159749 0.0 
0.000169875 0.000108544 0.0 
0.165246 -0.127993 0.0 
0.000809827 -0.000204661 0.0 
0.00385839 0.00150083 0.0 
0.00138764 0.00222338 0.0 
0.0192486 0.00164095 0.0 
0.0016912 0.0027559 0.0 
-4.69492e-05 0.000235526 0.0 
0.0127805 -0.00179067 0.0 
0.000125487 -0.000540984 0.0 
0.0138381 0.0156717 0.0 
0.00562306 0.00131229 0.0 
0.0110044 -2.62119e-05 0.0 
0.0212185 0.016078 0.0 
0.000202605 -0.000127983 0.0 
0.000502687 -0.000322056 0.0 
0.000424148 0.00204713 0.0 
0 0 0.0 
0.00224278 0.00258842 0.0 
0.00969263 -0.00331335 0.0 
0 0 0.0 
0.00745622 0.0101771 0.0 
1.37672e-05 7.50635e-05 0.0 
0 0 0.0 
0.000586743 0.000407761 0.0 
0.0117293 -0.00380535 0.0 
0.00032365 0.000224943 0.0 
0.00043266 0.00136945 0.0 
0.0143072 0.00545878 0.0 
0.00493348 0.00647815 0.0 
-0.000104401 0.000276949 0.0 
-0.000219774 0.000548575 0.0 
-0.000392617 -0.00119878 0.0 
0.0126992 0.000141008 0.0 
0.0058575 0.00698312 0.0 
0 0 0.0 
0 0 0.0 
0 0 0.0 
0.0187292 8.8882e-06 0.0 
-0.00507865 0.00527367 0.0 
0.00270334 -0.00576916 0.0 
-8.61302e-05 -0.00039751 0.0 
0.000938056 -0.000508703 0.0 
0.00434471 0.00263204 0.0 
0.0118637 -0.00691161 0.0 
0.00261517 0.0012645 0.0 
0.00231195 -0.000546871 0.0 
0.286423 0 0.0 
0.004436 0.000893102 0.0 
0 0 0.0 
0.0667765 8.51017e-05 0.0 
0.00790756 0.00983057 0.0 
-3.16304e-06 5.37226e-06 0.0 
0.00572258 0.00514019 0.0 
0 0 0.0 
0.0010841 0.00295118 0.0 
0.00546893 -0.00445616 0.0 
0 0 0.0 
0.0485658 0.000531999 0.0 
0.00468982 0.00171172 0.0 
0 0 0.0 
0 0 0.0 
0.00546742 0.00606514 0.0 
0.0026749 0.000384642 0.0 
-6.05008e-05 -0.000255141 0.0 
0.0134726 -0.00968667 0.0 
0 0 0.0 
0.0424103 -0.00158447 0.0 
0 0 0.0 
0.0220011 0.0153484 0.0 
0.0699402 -0.0018194 0.0 
-0.00478088 -0.00673314 0.0 
0.123814 0.0245697 0.0 
0 0 0.0 
0.179338 0.0220384 0.0 
0 0 0.0 
-0.000161287 0.000470293 0.0 
-3.04796e-05 -0.000147648 0.0 
-0.00310061 0.00820536 0.0 
0 0 0.0 
0.0110724 0.00037895 0.0 
0.0108611 -0.00526168 0.0 
0.00106429 -0.000504754 0.0 
0.00383927 0.00165336 0.0 
0.00218042 0.0013419 0.0 
0.00951804 0.00168038 0.0 
0.0264864 0.000880786 0.0 
0.0329209 0.00122134 0.0 
0.0137612 0.0122609 0.0 
0 0 0.0 
-0.000397626 -0.00106634 0.0 
0.000182224 0.000129467 0.0 
0.101774 -0.00210169 0.0 
0.00910887 0.00719165 0.0 
0.0942043 -0.000688866 0.0 
0.000905679 -0.000222948 0.0 
0.00962777 0.000206799 0.0 
-0.00268703 0.00468158 0.0 
0.0617911 0.0016021 0.0 
0.00369397 0.00121875 0.0 
0.0186283 6.7971e-05 0.0 
-0.000119144 0.000162892 0.0 
0.00093694 0.000595058 0.0 
0.0144854 2.24177e-05 0.0 
0.0482738 -4.42986e-05 0.0 
0.0184155 -0.000387812 0.0 
0.207382 -0.00934759 0.0 
6.17761e-05 -1.54943e-05 0.0 
0.0977854 0.00404423 0.0 
-0.00237871 0.00450527 0.0 
-5.25308e-05 0.000192438 0.0 
0.000383423 0.000270401 0.0 
-6.82597e-05 8.74194e-05 0.0 
0 0 0.0 
-0.00404219 0.00579451 0.0 
0.00239986 0.00107665 0.0 
0.0153509 -0.00879145 0.0 
0.000151161 -0.000396396 0.0 
0.00324885 0.00163101 0.0 
0.00610824 0.00357558 0.0 
-4.55529e-05 4.18953e-05 0.0 
-0.00272901 0.00337154 0.0 
0.270132 0.0490241 0.0 
0.00603985 0.00315893 0.0 
0.0160377 -0.0110229 0.0 
0.00707648 0.00353675 0.0 
-0.00058379 0.00119797 0.0 
0.00426505 0.0020866 0.0 
0.00621161 0.000134764 0.0 
-0.000162433 0.000640408 0.0 
0.00501129 0.00129217 0.0 
0.00459855 0.00215343 0.0 
-0.000193221 -0.000322251 0.0 
0.0191998 0.0152408 0.0 
0.00873687 -0.00643207 0.0 
0 0 0.0 
0.0197441 -0.0149307 0.0 
0 0 0.0 
0.16743 -0.0248335 0.0 
0.00200646 0.000614907 0.0 
-0.00366702 0.00351236 0.0 
0 0 0.0 
0.330437 -0.0409364 0.0 
-7.27428e-05 9.45363e-05 0.0 
0 0 0.0 
2.49226e-05 0.000208667 0.0 
0 0 0.0 
0.00934378 0.0100361 0.0 
0.000981499 -0.000172106 0.0 
0.0914615 0.00387044 0.0 
0.00118059 0.000127795 0.0 
0.00297456 -0.00560051 0.0 
0.0622344 -0.00163058 0.0 
-0.0077844 0.00467885 0.0 
0.00314849 -0.00361254 0.0 
0.00440208 -0.00551698 0.0 
0 0 0.0 
-0.0123682 0.000788867 0.0 
0.0192766 -0.00427271 0.0 
-0.0113855 -0.00181574 0.0 
0 0 0.0 
0.0577904 0.00170462 0.0 
-0.00206228 0.00467237 0.0 
0.00138657 0.00264979 0.0 
-3.94772e-05 0.000213881 0.0 
0 0 0.0 
0 0 0.0 
0.0142595 -0.00523393 0.0 
0.245141 0.00687151 0.0 
0.0336482 -0.000577765 0.0 
0.00386817 -0.000118775 0.0 
0.0172612 -0.00446163 0.0 
-7.25279e-05 0.000139325 0.0 
0.00387349 0.00067449 0.0 
0.00468355 -0.00391671 0.0 
0.0642857 -0.00148661 0.0 
0.000752327 -0.000282465 0.0 
0 0 0.0 
-0.000225764 0.000445428 0.0 
0.0151028 -0.023042 0.0 
0.00684129 -0.00713339 0.0 
-0.000207846 0.000812484 0.0 
0 0 0.0 
0.191912 -0.0206116 0.0 
0.00020517 0.00105015 0.0 
1.35093e-05 0.000108356 0.0 
9.39234e-06 -4.69808e-05 0.0 
0.00385117 0.000194744 0.0 
0.00882962 -0.00756087 0.0 
-9.98533e-06 -1.44698e-05 0.0 
-0.000148429 0.000200925 0.0 
0.003882 0.000695406 0.0 
0.000869067 -0.000289869 0.0 
0.0334544 0.00898584 0.0 
0 0 0.0 
1.26782e-05 0.00634192 0.0 
0.000130792 0.000818725 0.0 
0.0155442 -4.73883e-05 0.0 
0 0 0.0 
0.00127878 -0.000192868 0.0 
0.000649859 0.00171617 0.0 
-2.64354e-05 0.000144083 0.0 
0.000290964 0.00117291 0.0 
-0.00350531 -0.00538237 0.0 
0.0173538 8.33673e-06 0.0 
0.0123963 0.00236119 0.0 
0.00454635 -0.000384228 0.0 
0.000145238 0.000637874 0.0 
0.00940934 -0.00721424 0.0 
0.0196304 8.81068e-05 0.0 
0.0852239 -0.00231683 0.0 
-3.04393e-05 4.04115e-05 0.0 
0.0208001 -9.44294e-06 0.0 
0.00111583 -0.000588169 0.0 
0 0 0.0 
0.000369154 -0.00024478 0.0 
0.00190905 -3.93762e-05 0.0 
0.022782 0.000208266 0.0 
0 0 0.0 
-2.85204e-05 3.80223e-05 0.0 
0.0779331 0.0511882 0.0 
0.00249876 -8.79143e-06 0.0 
0 0 0.0 
0.0610744 -8.00633e-05 0.0 
0.124027 0.139274 0.0 
0 0 0.0 
0.0661392 -0.0204051 0.0 
0.00978647 0.000203858 0.0 
0 0 0.0 
0.124347 -0.104359 0.0 
0.0042057 0.00238848 0.0 
0.00990378 -0.00880029 0.0 
0.0155569 0.00219256 0.0 
0.000395951 0.00156264 0.0 
0.0475779 0.00772175 0.0 
-0.00132756 0.00783752 0.0 
-8.61152e-05 -0.000125221 0.0 
0.034151 0.000740781 0.0 
5.34478e-05 -6.91467e-05 0.0 
0.0584179 -0.0100624 0.0 
0.000545959 0.00151067 0.0 
0.00168883 -0.000611367 0.0 
0.0815079 0.0194917 0.0 
0 0 0.0 
-0.000118427 -0.000173822 0.0 
0.0458494 -0.0137218 0.0 
0 0 0.0 
0.0156015 -4.70624e-05 0.0 
0.0209711 2.35893e-05 0.0 
0 0 0.0 
0.00163049 -0.000457988 0.0 
0.000388098 0.00113194 0.0 
0.00454516 -4.85093e-05 0.0 
0.249914 -0.180732 0.0 
0 0 0.0 
0 0 0.0 
0.0106767 -0.00252918 0.0 
0.00188427 -0.000181211 0.0 
0.013102 -3.52575e-05 0.0 
0.000701562 0.000280308 0.0 
0.00208178 -0.00024428 0.0 
0 0 0.0 
0.00068238 0.00144131 0.0 
0.00950381 -0.0111936 0.0 
0.0785083 0.0148895 0.0 
0.000697185 -0.000156174 0.0 
0.0172645 -2.06357e-06 0.0 
0.00262478 -0.000479892 0.0 
0.00360841 0.00397307 0.0 
0.00238415 -0.000495918 0.0 
0.00147667 0.000162867 0.0 
0 0 0.0 
-0.00950973 0.00141059 0.0 
-0.000112895 9.78652e-05 0.0 
0.00159952 0.00224073 0.0 
-1.48815e-05 3.95356e-05 0.0 
2.97435e-05 -1.1805e-05 0.0 
0.0156934 -2.43954e-05 0.0 
0.000365049 0.00104184 0.0 
0 0 0.0 
1.06291e-05 -1.76175e-06 0.0 
0.00088715 -0.00044223 0.0 
-0.000100526 0.00025022 0.0 
0.000500866 0.00137979 0.0 
0.000226085 0.000173395 0.0 
0.00912764 -0.0103581 0.0 
-2.37344e-05 3.81133e-05 0.0 
0.000280548 0.000221321 0.0 
0.00275122 0.00664115 0.0 
-0.000192533 0.000574151 0.0 
-2.15797e-05 -0.00702039 0.0 
0.0454643 -0.00746807 0.0 
0.0152634 -0.000144017 0.0 
0.0427411 -2.37656e-05 0.0 
0 0 0.0 
0 0 0.0 
0.0130538 -1.63472e-06 0.0 
0.20742 -0.00796219 0.0 
-0.000105223 0.000254386 0.0 
0.0134055 -1.75864e-05 0.0 
0.0491563 -1.60168e-05 0.0 
0.000761903 0.00153363 0.0 
-9.39628e-05 0.000162934 0.0 
0.00733478 -0.0087777 0.0 
-0.000595695 -0.00011996 0.0 
0 0 0.0 
0 0 0.0 
1.16759e-05 1.9762e-05 0.0 
0.00406441 0.00573821 0.0 
0.0070555 0.004932 0.0 
0.0799153 -0.0233804 0.0 
0.00223114 0.00265683 0.0 
0.00707125 -0.00950543 0.0 
0 0 0.0 
0.000416249 0.00218269 0.0 
0 0 0.0 
0.00144006 0.00228243 0.0 
-0.000284008 0.00105849 0.0 
2.83335e-05 -5.62837e-05 0.0 
-0.0123776 -0.000683988 0.0 
0.000750596 -0.000304122 0.0 
0 0 0.0 
0.000124676 -9.00747e-05 0.0 
0.00216538 -0.00521264 0.0 
8.08459e-05 -6.07726e-05 0.0 
0 0 0.0 
0 0 0.0 
0.00123591 -0.000514318 0.0 
-0.000179625 -0.000224126 0.0 
-0.0133831 0.000253057 0.0 
0.000227983 -0.00337865 0.0 
0.00011177 8.96317e-05 0.0 
0.000693189 2.48672e-05 0.0 
-0.000341982 -0.000353609 0.0 
-0.00515123 -0.00679669 0.0 
-0.00537998 -0.00049844 0.0 
0 0 0.0 
0.0438191 -0.000187583 0.0 
0.0244394 -0.00210466 0.0 
0.0383941 -0.000231113 0.0 
0.142824 -0.0428308 0.0 
0.0178747 0.000666913 0.0 
0.190946 0.00871332 0.0 
0.0347491 -1.42867e-05 0.0 
0.17165 -0.000207798 0.0 
0.00025316 -0.000160178 0.0 
0 0 0.0 
-0.00293363 0.00204375 0.0 
0.00207492 -0.00339228 0.0 
0.0237831 0.00084563 0.0 
-0.000110834 0.000158149 0.0 
-0.000128471 0.000176698 0.0 
0 0 0.0 
0.0141249 -3.5646e-05 0.0 
0.039603 -0.000827279 0.0 
0.0732469 0.000929215 0.0 
0.000807809 -0.00232348 0.0 
0.144242 -0.0627973 0.0 
0.000163655 -0.000115836 0.0 
-4.88622e-05 -7.01562e-05 0.0 
0.0343337 -0.0011062 0.0 
0.00183118 -0.00490665 0.0 
-6.78973e-05 8.75434e-05 0.0 
0.00158664 -0.00302422 0.0 
-0.000136122 0.000192189 0.0 
-0.0104758 -0.000193578 0.0 
0.0262983 0.012784 0.0 
-0.00343491 -0.0060247 0.0 
0.0115617 -1.32486e-05 0.0 
0.00269969 -0.00491819 0.0 
0 0 0.0 
0.314205 -0.0422731 0.0 
-2.2112e-05 0.000128695 0.0 
-1.3429e-05 7.646e-05 0.0 
-0.00954534 0.00185941 0.0 
0.000270398 0.00404082 0.0 
0.00765883 0.00290756 0.0 
0.179636 0.15312 0.0 
-2.80243e-05 3.58164e-05 0.0 
0.249613 0.0814499 0.0 
0.226506 -0.0532125 0.0 
-0.00608914 0.00321824 0.0 
0.0166714 -0.000103246 0.0 
-6.75377e-05 9.02103e-05 0.0 
0.078524 0.0021756 0.0 
-6.70966e-05 8.83333e-05 0.0 
0.00469035 0.0055137 0.0 
0.00293611 -0.00595307 0.0 
0 0 0.0 
0 0 0.0 
0.016497 -6.00366e-05 0.0 
0.0987972 -0.0116041 0.0 
0.0298302 0.00391924 0.0 
-7.08227e-05 0.000139497 0.0 
0.00484493 -0.00149074 0.0 
-0.00701235 -0.000573636 0.0 
0.00720854 1.10466e-05 0.0 
0 0 0.0 
-1.0044e-05 -2.11467e-05 0.0 
0.100236 -0.00299386 0.0 
-6.95827e-05 0.00012865 0.0 
-0.000136307 0.00018625 0.0 
-6.56624e-05 0.000229093 0.0 
-4.12951e-05 0.000156821 0.0 
0.0469361 0.000628218 0.0 
0.00154125 0.000254367 0.0 
0.0119095 -6.31145e-05 0.0 
0 0 0.0 
0.00248202 0.00269421 0.0 
0.00465451 -0.0101326 0.0 
0.00307093 -0.00602915 0.0 
-6.24691e-05 0.000278942 0.0 
0.0126783 -1.14023e-06 0.0 
0.0582096 0.000111806 0.0 
0 0 0.0 
0.0227019 9.87831e-05 0.0 
0.0283439 -0.000813365 0.0 
0.00229669 0.00261774 0.0 
0.00165728 -0.000576821 0.0 
0 0 0.0 
0.000930517 -0.00257084 0.0 
0.000134554 -0.000207202 0.0 
-8.03262e-05 -0.000271322 0.0 
0.00386522 0.00315169 0.0 
0 0 0.0 
4.42139e-05 1.00315e-05 0.0 
0.00314833 0.00330943 0.0 
0.000836281 -0.00323831 0.0 
-0.000282251 0.00061472 0.0 
0.207319 0.13645 0.0 
-0.00015784 0.000355419 0.0 
0.00605947 0.00529885 0.0 
-0.000155052 0.000305162 0.0 
1.50259e-05 1.66425e-05 0.0 
-0.000151393 0.000301826 0.0 
0.058362 -0.0398581 0.0 
0.0189339 2.4314e-05 0.0 
0.00277065 0.0028607 0.0 
3.66651e-06 6.2485e-05 0.0 
-0.00178056 0.00510963 0.0 
0.108183 -0.0317818 0.0 
-2.19826e-05 -0.000130935 0.0 
-4.48817e-05 0.00021441 0.0 
0.132266 0.0577262 0.0 
0.044812 -0.0255564 0.0 
0.00775335 0.0113771 0.0 
0.0163417 2.14686e-05 0.0 
0.00395069 0.00384392 0.0 
4.41561e-05 3.86357e-05 0.0 
0.017982 2.93835e-05 0.0 
-0.00512457 0.000315066 0.0 
0.0127453 4.83108e-05 0.0 
0 0 0.0 
-0.000213729 0.00045655 0.0 
0 0 0.0 
-0.00777745 -0.00433032 0.0 
0 0 0.0 
0.0196645 -1.67334e-05 0.0 
0.0257012 0.00016904 0.0 
0.00137718 -0.000539772 0.0 
0.0324652 -4.73434e-05 0.0 
0.0182939 9.25404e-05 0.0 
0.0127664 -4.25857e-06 0.0 
-5.68599e-05 0.000189356 0.0 
0.0119709 -0.000159571 0.0 
0.000242706 0.000142501 0.0 
0.25885 -0.0409065 0.0 
0.000415662 -0.00193566 0.0 
0.0679106 0.019868 0.0 
0.082962 -0.0410791 0.0 
0.0678545 -0.00174507 0.0 
0.011627 9.01683e-06 0.0 
-7.58441e-05 0.000164818 0.0 
0.0217686 3.90849e-05 0.0 
0.110389 0.000904634 0.0 
0.0653492 0.0170732 0.0 
0.0341921 0.00039917 0.0 
0 0 0.0 
0.102409 0.0735582 0.0 
-5.21119e-05 0.000167269 0.0 
-0.000122086 0.00033651 0.0 
-0.000769387 -0.00530953 0.0 
0.330934 0.0195535 0.0 
0.0814931 -0.0213512 0.0 
-3.19536e-05 0.000163885 0.0 
0.0156149 3.31994e-05 0.0 
-4.43097e-05 0.000116306 0.0 
0.00913157 0.000988237 0.0 
0.00166124 0.000755 0.0 
0.0222569 0.0149046 0.0 
0.243306 -0.0267616 0.0 
-0.00737428 -0.00137763 0.0 
0.0376676 8.45411e-05 0.0 
-0.00968289 0.00201011 0.0 
0.0807231 -0.0608388 0.0 
-0.00017082 -0.000678043 0.0 
0.00477516 0.00384318 0.0 
0.025044 1.2815e-05 0.0 
0.00611665 0.00447298 0.0 
-6.05329e-06 4.59944e-05 0.0 
0.00182934 -4.96963e-05 0.0 
0.00367044 -0.00207323 0.0 
0.0193869 -0.0122844 0.0 
0.0144022 -8.8547e-06 0.0 
0.118786 -0.0780766 0.0 
-0.000184361 0.000287069 0.0 
0.00206235 0.000641221 0.0 
0.0208578 0.00511601 0.0 
0 0 0.0 
0.00140708 -0.00433557 0.0 
0.133881 0.00296473 0.0 
-0.000108994 -0.000174583 0.0 
0.0293292 -0.0406784 0.0 
-0.000345427 0.000253139 0.0 
-5.75281e-06 -3.9958e-05 0.0 
0.24297 -0.0687938 0.0 
0 0 0.0 
0.0461695 -0.000709556 0.0 
-0.00955404 -0.00111761 0.0 
0.0714498 0.00156784 0.0 
0.0239635 0.0112405 0.0 
0.0818943 -0.00585876 0.0 
0 0 0.0 
0.165167 -0.00406931 0.0 
0.0167779 0.000241568 0.0 
-0.000141603 -0.000230616 0.0 
0.000299916 0.00163708 0.0 
0 0 0.0 
0.00591196 -0.00127458 0.0 
-6.22422e-05 0.000253753 0.0 
0.0922707 0.000552037 0.0 
0.269559 0.135284 0.0 
0.00454528 0.00357262 0.0 
0.0539244 -0.000100246 0.0 
0.0316658 0.00471125 0.0 
0.00103367 0.00291081 0.0 
-0.0040876 0.00771115 0.0 
0.00805699 -3.83549e-06 0.0 
-0.00112225 0.0051907 0.0 
0.0100266 -0.00222094 0.0 
0.0658636 0.0326197 0.0 
-1.76748e-06 1.06212e-05 0.0 
0.0291351 -0.0128922 0.0 
0.0176159 0.000109057 0.0 
0.00345769 0.000162703 0.0 
0.108224 -0.0182001 0.0 
-0.000235684 -0.000638396 0.0 
0.0910851 0.00217228 0.0 
0.148294 -0.00628711 0.0 
0.0409699 -0.000205633 0.0 
0 0 0.0 
-8.91683e-06 -6.5664e-05 0.0 
0.0127552 0.00909063 0.0 
0.0903893 -0.000780793 0.0 
0.00284547 0.00141766 0.0 
0.000125567 -0.00082016 0.0 
0 0 0.0 
0.000247974 -0.00150431 0.0 
-0.0110259 -0.000374691 0.0 
0 0 0.0 
0.00210419 0.000291083 0.0 
0.0830832 -0.0227652 0.0 
0.0156885 7.74242e-05 0.0 
0.0489608 -0.0471175 0.0 
0 0 0.0 
0.0569111 8.06847e-05 0.0 
0.0206308 0.0150711 0.0 
-0.00612957 -0.00581423 0.0 
0.0825833 0.0233145 0.0 
0.0131603 -0.000124704 0.0 
0 0 0.0 
0.0147768 0.00423371 0.0 
0.00573011 0.00197232 0.0 
5.69613e-06 -8.62958e-06 0.0 
0.000487839 -0.00243653 0.0 
-0.000231164 0.00308002 0.0 
0.00149663 1.41582e-05 0.0 
0.00919391 0.00392883 0.0 
0.0200495 -1.86081e-05 0.0 
0.123921 0.0328901 0.0 
0.000437262 -0.000158115 0.0 
0.00508644 0.00448355 0.0 
0.0923615 -0.114805 0.0 
0.0664882 -0.00542719 0.0 
0.019761 5.00136e-05 0.0 
0.0171516 -0.000303959 0.0 
-3.87345e-06 -2.43763e-05 0.0 
0.000721368 0.00549669 0.0 
0.00375322 0.00191331 0.0 
0.0633612 -2.97546e-05 0.0 
0.0318104 0.000165933 0.0 
0.000203628 -0.0011921 0.0 
0.00189551 0.000333611 0.0 
0.0154759 1.04999e-05 0.0 
0 0 0.0 
0 0 0.0 
0.0678274 -0.00145415 0.0 
0.0768491 0.000362705 0.0 
0.307172 -0.00859382 0.0 
0.00217175 3.77338e-05 0.0 
0.00171932 0.000736456 0.0 
0.00594848 0.00235987 0.0 
8.03462e-05 -0.000530251 0.0 
0.0318553 0.000659691 0.0 
-3.76617e-06 -2.73347e-05 0.0 
0.000113698 -0.00035655 0.0 
0.0196065 1.16245e-05 0.0 
0.00206043 0.00100652 0.0 
-2.74808e-06 1.31279e-05 0.0 
0.027414 0.00360113 0.0 
0 0 0.0 
0 0 0.0 
0.00396613 -0.000489416 0.0 
-0.000146097 -0.000358717 0.0 
3.17236e-06 2.20411e-06 0.0 
0.00300034 0.00126485 0.0 
0.00495052 0.00205279 0.0 
0.00395865 0.00121111 0.0 
0.086118 -0.00406319 0.0 
0.00808396 0.00449851 0.0 
0.00215518 0.000414354 0.0 
0.00118866 -0.00331339 0.0 
0.00147723 0.00529087 0.0 
0.0177156 -0.000200945 0.0 
0.0197784 0.000448429 0.0 
0.0193713 -0.004578 0.0 
0.0647366 -0.011746 0.0 
0.0125496 1.78552e-05 0.0 
0.0450883 0.000205949 0.0 
0.0221214 0.00897827 0.0 
0.00914385 0.00526073 0.0 
0.045354 -7.90923e-05 0.0 
0.276436 0.034033 0.0 
0.0126454 -0.00305112 0.0 
0 0 0.0 
0 0 0.0 
0.00182937 0.000773432 0.0 
0.0472072 -5.90304e-05 0.0 
0.0564949 -0.00039711 0.0 
-0.000405902 0.000868091 0.0 
0.00207106 0.000630602 0.0 
0.00194629 0.000590267 0.0 
0.00129736 0.000373869 0.0 
-5.68909e-05 -0.000231473 0.0 
-0.00236595 3.04047e-05 0.0 
-0.000202782 -0.000401718 0.0 
0.00395744 -0.00966001 0.0 
0.00214807 5.91734e-05 0.0 
0.000439363 -0.00220027 0.0 
0 0 0.0 
0.00131669 0.000340753 0.0 
0.220664 -0.00862845 0.0 
-6.6468e-05 -0.000285042 0.0 
0.0138657 -2.47155e-06 0.0 
-0.000580695 -0.00387303 0.0 
0.0152315 4.40924e-05 0.0 
0 0 0.0 
0.0210311 0.00643461 0.0 
0.000508186 -7.59349e-05 0.0 
0.0264893 -0.00550421 0.0 
0 0 0.0 
-9.33792e-05 -0.000272601 0.0 
-1.03517e-06 3.64521e-06 0.0 
-0.00193723 -0.00340542 0.0 
0.0973942 -0.00120806 0.0 
0 0 0.0 
3.68343e-05 2.31887e-05 0.0 
0.0342001 -0.000713956 0.0 
0.00048759 -0.000208563 0.0 
0.00784625 -0.00162609 0.0 
0.178165 0.168526 0.0 
0.0152472 -0.0101637 0.0 
0.00152726 0.000144846 0.0 
0.000166268 9.25186e-05 0.0 
0 0 0.0 
0.000471088 0.000320554 0.0 
7.3257e-05 4.96782e-05 0.0 
0 0 0.0 
0.00326702 0.000715008 0.0 
-0.000269742 0.0034203 0.0 
0.0453998 -3.60154e-05 0.0 
0.0388018 -6.54646e-05 0.0 
0.00186911 -0.00196442 0.0 
0.018186 4.82529e-05 0.0 
-6.47552e-05 0.000546738 0.0 
0.065524 -0.00297405 0.0 
0.0397571 -5.48449e-05 0.0 
0.188166 0.0361598 0.0 
1.02379e-05 -4.60638e-06 0.0 
0.0185589 0.000111762 0.0 
0.0245091 0.0114384 0.0 
0.00249501 0.00229215 0.0 
0.0337197 0.000899513 0.0 
0.000556113 -0.000270464 0.0 
0.0014851 0.000259123 0.0 
0.272405 -0.026224 0.0 
0.00137935 0.0036162 0.0 
-0.000160776 -0.00024472 0.0 
0.0150584 0.000128204 0.0 
-8.35317e-05 -0.000130287 0.0 
0.006507 -0.00593187 0.0 
0.018739 3.20633e-07 0.0 
4.36443e-05 2.96077e-05 0.0 
0.00718206 -0.000211723 0.0 
0.00190534 0.000779202 0.0 
0.358503 -0.0734864 0.0 
0.00309891 0.000253118 0.0 
0.236624 0.0648681 0.0 
0.0411735 -0.00013766 0.0 
0 0 0.0 
0.00180063 0.000114103 0.0 
-7.19591e-05 -0.000204728 0.0 
-0.000114723 -0.000298662 0.0 
-4.24462e-05 -0.000195735 0.0 
0.0467505 0.00205332 0.0 
0.0158588 -7.83847e-05 0.0 
-1.91354e-06 -4.2984e-08 0.0 
0.047037 0.000114587 0.0 
0.0340685 -0.00779467 0.0 
0.00326049 -7.99055e-06 0.0 
0.0207132 -3.25669e-05 0.0 
0 0 0.0 
0.000630275 -8.27313e-05 0.0 
-0.000135888 -0.000267824 0.0 
0.000279409 -0.000176202 0.0 
0.0432966 -0.0122176 0.0 
0.0912277 -0.0815968 0.0 
-0.000114488 0.000469438 0.0 
0.317334 0.099543 0.0 
-0.000102587 -0.000372057 0.0 
0.121062 0.0135243 0.0 
-0.000102399 -0.000307742 0.0 
0.144602 0.00552021 0.0 
0 0 0.0 
0.00301293 0.000648739 0.0 
0.0484998 0.000438063 0.0 
0.0027527 0.00249917 0.0 
0.000965406 -1.20949e-05 0.0 
0.00224593 0.000563226 0.0 
0.0809081 -0.00280058 0.0 
0 0 0.0 
0.0540461 -0.00282105 0.0 
0.0110051 0.00276037 0.0 
-5.73868e-05 -9.14982e-05 0.0 
0.0384576 -0.000200153 0.0 
0.00311006 0.00486516 0.0 
0 0 0.0 
-0.000170033 -0.000340421 0.0 
0.098272 0.0104402 0.0 
5.23971e-05 -0.000277267 0.0 
-3.15295e-05 -0.00011859 0.0 
-6.00546e-05 0.000185644 0.0 
0.00611387 -9.60663e-05 0.0 
-0.000124819 -0.000290282 0.0 
0.179789 -0.0538698 0.0 
0.0303625 0.00234732 0.0 
0.0094337 0.00132078 0.0 
0.00232695 -0.000739887 0.0 
0.00956427 -0.013514 0.0 
0.042428 0.0139742 0.0 
-8.27757e-05 -0.000168788 0.0 
0.00013095 -0.000823773 0.0 
0.052088 0.000155146 0.0 
0 0 0.0 
0.00114369 2.68175e-06 0.0 
0.000277968 0.000170912 0.0 
0.36551 -0.0199742 0.0 
0.0048214 -0.00842908 0.0 
0.000944887 -0.000104127 0.0 
0 0 0.0 
-0.000133989 -0.000195766 0.0 
0.00225588 0.000368867 0.0 
0.0654204 -0.0142623 0.0 
0.114336 -0.00370382 0.0 
0.0434987 -0.000351582 0.0 
-8.76501e-06 -2.51746e-05 0.0 
0.0452004 0.000154183 0.0 
-0.000175408 -0.000389248 0.0 
0.0399274 -0.0053985 0.0 
0.0414029 -0.000142047 0.0 
0.0920387 -0.000527653 0.0 
-4.90663e-05 -7.24051e-05 0.0 
0.072257 -0.00577297 0.0 
0.00295602 0.0047078 0.0 
0.00517001 -0.00497391 0.0 
0.0380959 0.00120888 0.0 
0.286474 -0.12366 0.0 
-0.000135207 -0.000228835 0.0 
-0.0023066 -0.00219411 0.0 
0.00505464 0.00805234 0.0 
-0.002927 0.00206211 0.0 
0.00214695 0.00292655 0.0 
0.171989 0.090031 0.0 
0.14337 -0.00197875 0.0 
0.0247189 -0.0134467 0.0 
0.358175 -0.023006 0.0 
-0.00259823 -0.00798595 0.0 
0.000746464 -0.000232121 0.0 
-4.24919e-05 5.64126e-05 0.0 
0.00581049 -0.00577152 0.0 
0.122155 0.103655 0.0 
0 0 0.0 
-3.66776e-06 2.88797e-05 0.0 
0.00280372 -0.0069185 0.0 
0.000437834 -0.00461668 0.0 
0.0604793 -0.000418939 0.0 
0.000885941 0.000378254 0.0 
0.108286 0.00679263 0.0 
0.293693 0.0749664 0.0 
-0.00219995 -0.00719312 0.0 
0.0482947 -0.000201752 0.0 
0.0706542 -0.0166672 0.0 
-0.000172408 0.000274703 0.0 
0 0 0.0 
0 0 0.0 
0.0366026 -1.70788e-05 0.0 
0.00266691 -0.00121106 0.0 
0.00103097 0.00034757 0.0 
1.95354e-05 -2.61844e-05 0.0 
0.00130703 -0.000287332 0.0 
0.383106 -0.06914 0.0 
0 0 0.0 
0 0 0.0 
0.00100296 0.000666856 0.0 
0.040983 -1.08506e-05 0.0 
0.000130655 -8.6705e-05 0.0 
-0.0127838 -0.000109163 0.0 
-3.47582e-05 0.00014952 0.0 
-0.00879402 0.00442193 0.0 
0.0116631 -1.91273e-05 0.0 
0.00742149 0.00700499 0.0 
0.0586992 0.00243554 0.0 
0.000965457 -0.000269792 0.0 
0.000564375 -0.00014221 0.0 
0.000463001 -0.000229399 0.0 
0 0 0.0 
0.0025974 0.00371233 0.0 
0 0 0.0 
0.0006911 -0.000228802 0.0 
0.0558723 -0.000233571 0.0 
0.00396213 0.00575793 0.0 
0.124907 0.00211675 0.0 
0.00669059 0.0104142 0.0 
0.000927303 -0.000334773 0.0 
0 0 0.0 
0.0212655 -0.00151086 0.0 
0 0 0.0 
0.000670694 0.000326501 0.0 
0.000196868 0.0001097 0.0 
0.000158019 0.000132111 0.0 
0.000484833 -0.000188439 0.0 
1.29117e-05 7.93799e-06 0.0 
0.00701984 -0.00147697 0.0 
9.04394e-05 -2.23201e-05 0.0 
0 0 0.0 
0 0 0.0 
0 0 0.0 
0.000230099 0.000123881 0.0 
0.0795225 -0.000143101 0.0 
0.025667 0.0127427 0.0 
0 0 0.0 
0.0415943 0.000211228 0.0 
0.000151196 0.000117733 0.0 
0 0 0.0 
0.0285629 -0.000502272 0.0 
0.163771 -0.0286957 0.0 
0.106592 -0.0136576 0.0 
0.0444709 0.000179137 0.0 
0.000543601 0.000318953 0.0 
8.09829e-05 6.55926e-05 0.0 
0.000525135 0.000153556 0.0 
6.78083e-05 5.54895e-05 0.0 
0.00155048 0.000345758 0.0 
0.278775 -0.148757 0.0 
-6.0817e-06 8.34242e-06 0.0 
0 0 0.0 
-5.85773e-06 -2.00254e-05 0.0 
0.369938 0.106292 0.0 
0.00020837 -0.000139025 0.0 
0 0 0.0 
0.185776 0.0388223 0.0 
0 0 0.0 
-0.00342945 0.00814289 0.0 
0 0 0.0 
0.00451737 -0.00308143 0.0 
0.000172687 0.000123615 0.0 
0.000270761 0.00104601 0.0 
0.0357874 -0.000218576 0.0 
-0.00552016 -0.00442866 0.0 
-2.39232e-05 0.000132289 0.0 
0 0 0.0 
0.000304722 0.00152784 0.0 
0.00263854 -0.000246168 0.0 
0.000958005 0.00357438 0.0 
-5.85795e-05 -0.000197926 0.0 
0.010088 0.000928292 0.0 
0.0159946 0.00431265 0.0 
0.00244432 -0.000341138 0.0 
0.000297062 -0.000136995 0.0 
0.0131496 -0.00200017 0.0 
0.000147361 -0.000100618 0.0 
0.244343 -0.0205202 0.0 
0.000335971 0.000179446 0.0 
0.000464692 -0.00207235 0.0 
-0.00220907 0.00127065 0.0 
0.230836 -0.0318038 0.0 
0.000605055 0.000401853 0.0 
-0.00463714 0.0038766 0.0 
0.000229242 -0.000130745 0.0 
0.0311621 4.87689e-05 0.0 
0.0108449 -0.000174226 0.0 
0.00423195 0.00515216 0.0 
3.52783e-05 3.64708e-06 0.0 
0.000137824 -8.83321e-05 0.0 
0.0542865 -0.000114199 0.0 
0.000470623 -0.000238997 0.0 
0 0 0.0 
0.00119221 0.00143976 0.0 
0 0 0.0 
0.147274 -0.159313 0.0 
0.0699546 0.000184514 0.0 
0.0458344 -4.87818e-05 0.0 
0.000284686 -0.000156788 0.0 
0.195966 -0.00296608 0.0 
0.0444031 -0.0169893 0.0 
0.0487499 -0.000208215 0.0 
0.0523572 0.000191241 0.0 
0 0 0.0 
0.0076147 -0.00198843 0.0 
7.29343e-05 -5.04148e-05 0.0 
-0.00524705 -0.00393718 0.0 
0.000205403 -0.000969801 0.0 
0.0565342 0.00017625 0.0 
0.00184975 0.000192823 0.0 
0 0 0.0 
0.0243188 0.000832011 0.0 
0.250593 -0.0696778 0.0 
0.000243546 0.000135126 0.0 
0.152008 0.0182011 0.0 
0.0117265 3.04317e-05 0.0 
0.0749218 -0.090504 0.0 
0.0719803 0.023881 0.0 
-0.00442277 -0.00303667 0.0 
0.118252 -0.00022183 0.0 
-0.00464498 0.00787251 0.0 
0.00518358 0.00291263 0.0 
0.00157563 0.000264939 0.0 
-5.53848e-05 7.77878e-05 0.0 
0.000641267 0.000245759 0.0 
0.0965002 3.26255e-05 0.0 
0 0 0.0 
0 0 0.0 
0.00289212 0.00106298 0.0 
0.11936 0 0.0 
0 0 0.0 
0.218089 0.0219663 0.0 
-1.3974e-05 1.90841e-05 0.0 
0.000880887 0.000383709 0.0 
0.000855271 0.000972346 0.0 
-0.00029238 0.000444089 0.0 
0.219189 -0.0319125 0.0 
0.0498748 3.45968e-05 0.0 
-1.03593e-06 -9.88874e-06 0.0 
0.0543206 0.0180737 0.0 
0 0 0.0 
-5.16318e-05 0.000103201 0.0 
0 0 0.0 
0.3853 0.0629261 0.0 
0.00312302 0.000486643 0.0 
-0.000619504 0.00108233 0.0 
0.000966779 0.000185632 0.0 
0.247237 -0.146366 0.0 
6.77272e-06 4.63021e-05 0.0 
0.135509 -0.0264343 0.0 
0 0 0.0 
0.031978 2.40805e-05 0.0 
-0.00919389 -0.00244704 0.0 
0.309177 -0.0329281 0.0 
-8.56894e-05 0.000115928 0.0 
-0.00478739 0.00656158 0.0 
0.104246 0.0210644 0.0 
0.0662433 0.000140014 0.0 
0.000115665 0.000787573 0.0 
0.296522 -0.0299037 0.0 
0 0 0.0 
0.309296 -0.109815 0.0 
0 0 0.0 
4.11104e-05 -3.153e-05 0.0 
0.0117141 0.00602949 0.0 
5.70817e-05 -4.17947e-05 0.0 
0 0 0.0 
-2.20823e-06 1.57008e-05 0.0 
0.0991382 -0.00173989 0.0 
0.0937091 0.109345 0.0 
0.013843 -2.15768e-05 0.0 
-0.00154027 0.00741596 0.0 
0 0 0.0 
0 0 0.0 
-6.10643e-05 8.1203e-05 0.0 
0.0551042 -0.000212372 0.0 
0.00831496 0.000106155 0.0 
5.78246e-05 0.000352161 0.0 
0.039798 7.20338e-05 0.0 
0.241336 0.0374187 0.0 
-0.00834554 0.00346145 0.0 
0 0 0.0 
0.039428 -0.000160066 0.0 
0.000324322 0.000880889 0.0 
-0.0131566 -0.000109195 0.0 
0 0 0.0 
3.87929e-05 -2.481e-05 0.0 
0.120929 0.0362054 0.0 
-8.65767e-05 0.000368657 0.0 
0.0431883 0.000419802 0.0 
0 0 0.0 
0 0 0.0 
0.0671493 0.0206217 0.0 
-0.00206607 0.0069192 0.0 
-3.08014e-05 3.74685e-05 0.0 
0.154518 -0.0328854 0.0 
0.156785 0.00278451 0.0 
0.240183 0.0272675 0.0 
-0.000150921 0.000270874 0.0 
-4.15654e-05 0.000132811 0.0 
0.138443 0.12982 0.0 
0.126708 -0.014938 0.0 
0.000374484 -0.000361 0.0 
0 0 0.0 
0.0487328 -0.000603712 0.0 
0.0845114 0.00011603 0.0 
0.282949 0.049133 0.0 
-0.000209844 0.00035605 0.0 
0.0427675 0.000184776 0.0 
0.000118619 0.000626836 0.0 
0.252368 -0.0526949 0.0 
0.00839786 -0.00854141 0.0 
0.00864028 -0.00664089 0.0 
0.0542005 -0.000565441 0.0 
0.161599 0.00023618 0.0 
0.000423779 0.00152135 0.0 
0.270654 0.0242044 0.0 
0.121667 0.0147616 0.0 
0.00102578 -0.00363577 0.0 
0.188123 -0.178353 0.0 
0.0127724 -0.000475801 0.0 
-0.000228698 -1.13556e-06 0.0 
-9.11079e-05 -0.000290128 0.0 
0 0 0.0 
0 0 0.0 
0 0 0.0 
0.0785574 -0.000483224 0.0 
0.00766292 -0.00319369 0.0 
0.00526567 -8.52133e-05 0.0 
0.0360635 9.19963e-05 0.0 
0.0862493 0.00054255 0.0 
-4.1851e-05 9.87878e-05 0.0 
0.0168089 -1.38295e-05 0.0 
0.0455023 -3.02944e-06 0.0 
-2.10452e-05 8.13651e-05 0.0 
0 0 0.0 
0.145468 0.159968 0.0 
0.272717 -0.00734431 0.0 
0.00282352 0.00253017 0.0 
0.236218 -0.0796222 0.0 
-0.0040177 0.00843196 0.0 
0.00238032 0.000342367 0.0 
0 0 0.0 
0.000754048 0.00190074 0.0 
0.00613694 -0.00190516 0.0 
0 0 0.0 
0.000518157 0.00132882 0.0 
0.064821 0.00381507 0.0 
0 0 0.0 
0.000273423 0.00714561 0.0 
0.0970744 0.000746844 0.0 
0.0501987 0.00036367 0.0 
0.0374906 0.0466089 0.0 
0.0374514 1.27897e-07 0.0 
0.00165906 -9.62271e-05 0.0 
0.377279 -0.0216117 0.0 
-0.00553192 0.0048103 0.0 
0 0 0.0 
-0.000243945 0.000344313 0.0 
0.0202008 0.0112092 0.0 
0.000275769 0.000556064 0.0 
0.250627 -0.000655656 0.0 
0.0387443 0.000654855 0.0 
0.00301257 -0.000642962 0.0 
0.00316573 -0.000116804 0.0 
0.239976 0.00952982 0.0 
-8.65944e-05 -0.000172707 0.0 
0.00446893 9.6348e-06 0.0 
0.00599637 0.00382218 0.0 
0.241008 0.16767 0.0 
0.0773995 -0.0240607 0.0 
-0.000101602 0.000208874 0.0 
0.0607962 0.0126002 0.0 
0.252325 0.185176 0.0 
0.00298054 0.0021174 0.0 
0.0849633 0.00488824 0.0 
0.0405953 -0.00850496 0.0 
-3.88232e-05 7.02565e-05 0.0 
0.00290741 0.00345383 0.0 
0.00303194 -0.000173473 0.0 
-9.31401e-05 0.000194799 0.0 
0.000452161 0.000903307 0.0 
-1.81594e-05 0.000104579 0.0 
-6.96069e-05 0.000177503 0.0 
0.00421076 -0.00107407 0.0 
0.306964 -0.15753 0.0 
0.268218 -0.0296827 0.0 
0 0 0.0 
0.00101961 0.000298984 0.0 
0 0 0.0 
0.0397179 8.52625e-06 0.0 
0.0809001 -1.05417e-06 0.0 
1.43096e-05 9.73161e-06 0.0 
7.41252e-06 -0.00494842 0.0 
0.00404781 -0.00505281 0.0 
0 0 0.0 
0.000452161 0.000903307 0.0 
0.137591 -0.0179456 0.0 
0.0517386 -0.0178625 0.0 
-3.39938e-05 -0.000100473 0.0 
-2.41235e-05 8.33986e-05 0.0 
0.0591368 0.0209294 0.0 
0 0 0.0 
0 0 0.0 
-5.01845e-05 0.000141617 0.0 
0.00810016 -0.015629 0.0 
0 0 0.0 
0.0194005 0.000321238 0.0 
0 0 0.0 
0 0 0.0 
8.78928e-05 0.000538443 0.0 
0 0 0.0 
0 0 0.0 
0.265892 0.0218246 0.0 
0.00288581 0.00144459 0.0 
0.138765 0.00509316 0.0 
0.211584 -0.143055 0.0 
-3.63466e-05 0.000186298 0.0 
0 0 0.0 
0.00375671 -0.00121611 0.0 
0.238283 0.117448 0.0 
0 0 0.0 
-0.000298772 0.000880733 0.0 
0.0536249 -0.0122007 0.0 
0.0229656 1.86465e-05 0.0 
0 0 0.0 
-1.08291e-05 5.99881e-05 0.0 
-1.02875e-05 6.10401e-05 0.0 
0.00108983 0.00168278 0.0 
0.142802 -0.0330372 0.0 
0.000784374 0.00114621 0.0 
0 0 0.0 
0.0467258 -0.00011533 0.0 
-6.21029e-06 4.5443e-05 0.0 
0.00328397 -0.00120824 0.0 
0.00586902 -0.00157665 0.0 
-1.73264e-05 0.000103038 0.0 
-0.000138522 -0.000371135 0.0 
0.00493866 -0.00162352 0.0 
0.00881851 -0.00798567 0.0 
0.358036 0.00952755 0.0 
0.00276032 -0.000919845 0.0 
0 0 0.0 
0.380305 0.0201764 0.0 
-0.00476598 -0.00406097 0.0 
0.134465 0.00117732 0.0 
0.00140268 0.0017665 0.0 
0.000335316 0.000144232 0.0 
0.0339623 -0.000122643 0.0 
0 0 0.0 
0 0 0.0 
0.00217864 -0.00119015 0.0 
-3.39028e-05 0.000174912 0.0 
0.000723836 0.00171334 0.0 
0.0344624 -4.76198e-05 0.0 
0.00018933 0.000753477 0.0 
-0.00387955 -0.00739368 0.0 
0.00998849 5.30615e-05 0.0 
0.055882 -0.000232235 0.0 
0.00117736 0.0012132 0.0 
0.00158616 0.00156142 0.0 
0.0511294 0.00945815 0.0 
0.157104 0.0115584 0.0 
0.106116 -0.00426325 0.0 
0.0155742 1.72143e-05 0.0 
0 0 0.0 
0.0120734 -0.00019157 0.0 
-9.11568e-05 0.000255222 0.0 
0 0 0.0 
-0.000147027 0.00047033 0.0 
0.284766 -0.184394 0.0 
0.112291 0.00504568 0.0 
-0.006908 0.00467252 0.0 
0 0 0.0 
-0.0096594 -0.00280111 0.0 
0 0 0.0 
0 0 0.0 
0.0408604 -0.00024221 0.0 
0.00063935 -0.00273486 0.0 
0.000740498 0.00181366 0.0 
0.00294203 -0.00237689 0.0 
0.00972105 -0.00259935 0.0 
0.0544767 -0.00439028 0.0 
0.000592225 -0.00103241 0.0 
-3.58818e-06 -2.94491e-05 0.0 
0.129617 0.0123044 0.0 
0 0 0.0 
0 0 0.0 
6.59461e-05 3.43615e-05 0.0 
0.0114052 1.27495e-05 0.0 
0.00438955 0.00330253 0.0 
0.203287 0.0599691 0.0 
0.0796655 -0.000257385 0.0 
0.317412 0.0115092 0.0 
0.0054282 -0.0023424 0.0 
0.00735383 -0.00522045 0.0 
0 0 0.0 
0.0312777 0.0332914 0.0 
-0.00347834 0.00716158 0.0 
-7.21504e-07 5.9622e-06 0.0 
-0.000148964 0.00024874 0.0 
0.16798 0.0587161 0.0 
0 0 0.0 
0.00240915 0.00167203 0.0 
-7.655e-06 -5.19867e-05 0.0 
0 0 0.0 
0.00295417 -0.00132073 0.0 
-6.73093e-05 -0.000254328 0.0 
0 0 0.0 
0 0 0.0 
0.0707666 -0.000453512 0.0 
-6.19307e-05 0.0001218 0.0 
-5.17734e-05 -9.67711e-05 0.0 
-1.53851e-05 -7.26884e-05 0.0 
0.0320155 2.26483e-05 0.0 
0.00319568 0.000493635 0.0 
0.0534617 0.000184299 0.0 
0 0 0.0 
0.00642136 -0.00367538 0.0 
0.00671964 -0.00297273 0.0 
0.00214823 0.000996512 0.0 
0.00176983 0.000688488 0.0 
0.000386939 0.00137151 0.0 
0.315544 -0.146876 0.0 
0.002086 0.00140418 0.0 
0.00481477 -0.00279657 0.0 
0.00523611 -0.00352901 0.0 
0.3584 0.0124721 0.0 
0.000366363 -0.00148504 0.0 
0.0604298 0.00016658 0.0 
0.00200263 0.00111916 0.0 
0.214143 -0.0425474 0.0 
0.0243969 -0.00455592 0.0 
0 0 0.0 
0.00101598 0.0004558 0.0 
0 0 0.0 
0.00127523 0.000615504 0.0 
0.0498322 -4.41093e-07 0.0 
0.0868927 0.0811249 0.0 
-4.52414e-05 -0.000177564 0.0 
0.00198424 0.000763629 0.0 
-9.56882e-06 -6.37769e-05 0.0 
0 0 0.0 
0.34065 -0.0833677 0.0 
-3.79934e-05 -0.000163936 0.0 
-4.16244e-05 -8.00708e-05 0.0 
0 0 0.0 
0.000873913 4.91115e-05 0.0 
0 0 0.0 
0 0 0.0 
-2.46705e-05 -0.00010352 0.0 
0 0 0.0 
-3.0057e-05 -0.000130892 0.0 
0.0187956 1.78772e-05 0.0 
0.00378994 0.0028181 0.0 
0.222309 0.00433906 0.0 
0.00504472 -0.00447056 0.0 
0.0185236 -0.00886284 0.0 
0.0156779 -3.68474e-05 0.0 
-8.25173e-05 -0.000195731 0.0 
0.291301 0.0418372 0.0 
0.000311464 4.85902e-05 0.0 
0.002302 -0.00144497 0.0 
0.0725549 0.00867026 0.0 
0.000350991 -0.00433396 0.0 
0.0740941 0.000869244 0.0 
0.166531 -0.04276 0.0 
0.205155 0.108985 0.0 
0.0021946 0.000680586 0.0 
0 0 0.0 
0 0 0.0 
0.0145988 0.0107977 0.0 
0 0 0.0 
0.166208 -0.00420143 0.0 
0.156696 0.0307506 0.0 
0 0 0.0 
0.00685963 0.000298027 0.0 
0.00773981 -0.00544387 0.0 
0.28746 0.0347355 0.0 
-4.2324e-05 -0.0001276 0.0 
-0.00023107 0.000716249 0.0 
0.00548311 -0.00652191 0.0 
0 0 0.0 
0.0511066 1.56913e-05 0.0 
0.161247 -0.0145147 0.0 
-6.99982e-05 -9.95546e-05 0.0 
0.375622 0.103523 0.0 
0.000877986 0.000210928 0.0 
3.64811e-05 -0.000332817 0.0 
0.00306365 -0.000678238 0.0 
0.000217746 -0.000108502 0.0 
0.240126 0.0126653 0.0 
0.0997133 0.000561142 0.0 
0.105645 0.0529487 0.0 
0.104383 0.133148 0.0 
0.00292177 -0.00397102 0.0 
0.0289637 -4.06915e-05 0.0 
0.344223 -0.031342 0.0 
0.0102477 -9.16442e-05 0.0 
0.366838 0.0488387 0.0 
-6.3164e-05 -0.000140395 0.0 
-7.91452e-05 -0.00015638 0.0 
0.199491 0.0277823 0.0 
0.000550307 7.12228e-05 0.0 
0.206538 0.0409599 0.0 
0.361919 -0.0210024 0.0 
0.307758 -0.00840604 0.0 
0.317237 0.0475926 0.0 
0 0 0.0 
0.115652 0.00247869 0.0 
-8.16402e-05 -0.000183692 0.0 
0.00237296 0.000592864 0.0 
-4.6215e-05 -7.73556e-05 0.0 
0.162274 0.133622 0.0 
0.313498 0.0366868 0.0 
0 0 0.0 
0.0638893 6.52955e-05 0.0 
0.175188 -0.0167141 0.0 
0 0 0.0 
0.0032166 -0.00426237 0.0 
0.00120752 0.000275242 0.0 
0 0 0.0 
0.00626406 -0.00454435 0.0 
0.0678012 -1.1962e-05 0.0 
0.00417175 -0.00428919 0.0 
0.0035609 -0.00136408 0.0 
0.32085 -0.0441523 0.0 
-6.20098e-05 -9.09515e-05 0.0 
0.0437722 -0.000985832 0.0 
0.219408 -0.0160594 0.0 
0.0428311 -0.00093547 0.0 
6.51579e-05 3.78997e-07 0.0 
0.055962 -0.0221804 0.0 
0.00451291 -0.00347877 0.0 
0.114839 0.009706 0.0 
0 0 0.0 
0 0 0.0 
-0.00262918 -0.00137906 0.0 
0.00173378 -0.00236416 0.0 
-1.78082e-05 -0.000114674 0.0 
0.00344705 -0.00363333 0.0 
-0.000105944 3.95208e-05 0.0 
-7.35465e-05 -0.000106318 0.0 
0.332265 0.146839 0.0 
0.00360203 -0.00408413 0.0 
0.000888254 0.000168515 0.0 
-4.7925e-05 -7.90332e-05 0.0 
0.00591089 -0.00567429 0.0 
0.00115408 -0.00208031 0.0 
0.00149862 -0.00418467 0.0 
0.0282728 0.0395643 0.0 
0.000772572 0.000136086 0.0 
0 0 0.0 
0 0 0.0 
0 0 0.0 
0.0380059 0.000255051 0.0 
0.000585689 0.000183489 0.0 
0.00362113 -0.00435524 0.0 
-3.38792e-06 1.02548e-06 0.0 
0.048457 -0.032081 0.0 
0.00103442 0.000701485 0.0 
0.00110456 0.00284705 0.0 
0.0721015 -0.0974553 0.0 
0.00662155 -0.0107785 0.0 
0.0364397 -0.0180306 0.0 
0.0125058 -0.00186223 0.0 
0 0 0.0 
0.000260173 0.000177023 0.0 
0.000713907 0.000213496 0.0 
0 0 0.0 
0.0025996 -0.00256187 0.0 
0.265127 0.0167914 0.0 
0 0 0.0 
0.0921428 0.00134923 0.0 
0.00639997 -0.00647666 0.0 
0.370453 -0.110802 0.0 
0.0801708 0.00321107 0.0 
0.053663 -0.000729581 0.0 
0.260171 -0.106 0.0 
2.07254e-05 1.46919e-05 0.0 
0.130836 -0.0317474 0.0 
0.00314805 0.00628085 0.0 
8.04572e-05 6.21717e-05 0.0 
0.350904 0.0371107 0.0 
0.00116576 7.12567e-05 0.0 
0 0 0.0 
0 0 0.0 
0.00149336 6.78188e-05 0.0 
0 0 0.0 
0.0866823 0.000427718 0.0 
0 0 0.0 
0.196621 6.33894e-05 0.0 
0.0746911 0.0830912 0.0 
0.00174247 -0.00243884 0.0 
0.0191175 -3.76629e-05 0.0 
0.286301 0.118254 0.0 
0.0136767 -0.00647201 0.0 
0.0421175 6.79695e-05 0.0 
0 0 0.0 
0.157913 0.000958625 0.0 
0.00190825 -0.00325473 0.0 
0.0430983 0.00696794 0.0 
0 0 0.0 
0.35191 0.0684004 0.0 
0.279934 0.138055 0.0 
0.00372594 0.0020626 0.0 
0.000460025 0.000202897 0.0 
0.186113 0.0443093 0.0 
8.94126e-05 7.29697e-05 0.0 
0 0 0.0 
0.0265529 0.0250075 0.0 
0.00371164 -0.00712406 0.0 
0.232946 0.000624314 0.0 
2.97121e-05 2.46709e-05 0.0 
0.000512896 1.20265e-06 0.0 
0.000200641 0.000138564 0.0 
0 0 0.0 
0 0 0.0 
0.291941 0.00927383 0.0 
0.00106445 1.5958e-05 0.0 
-0.00300968 0.00301702 0.0 
7.19736e-05 5.57656e-05 0.0 
0.000694964 6.57443e-06 0.0 
0.0010799 0.00257286 0.0 
0.174508 0.000611883 0.0 
0.344046 -0.1243 0.0 
0.0380287 -0.0680283 0.0 
0.213863 0.0410617 0.0 
0.00249224 0.00611631 0.0 
0.00226099 -0.00131069 0.0 
0.00121933 -0.00257947 0.0 
0.00112815 -5.04732e-05 0.0 
0.11393 -0.000835588 0.0 
0.0264095 0.00876325 0.0 
0.00326044 -0.0011446 0.0 
0 0 0.0 
0.347938 -0.12374 0.0 
5.38909e-05 4.63171e-05 0.0 
0.0619018 0.000967614 0.0 
-4.81094e-05 -0.000509699 0.0 
0 0 0.0 
0.00112082 0.00326297 0.0 
0.0430832 0.0110414 0.0 
0.232248 -0.168088 0.0 
0.120262 0.0314763 0.0 
0.0405504 -0.000209517 0.0 
0.00104309 -7.79003e-05 0.0 
-0.0111879 0.000330051 0.0 
0.0992198 0.0291816 0.0 
-0.000336083 -0.000670275 0.0 
0.00151015 0.000109433 0.0 
0 0 0.0 
-0.0101221 0.000426885 0.0 
0.0171141 8.56786e-05 0.0 
0.0336811 -0.00231494 0.0 
2.39807e-05 -0.000176051 0.0 
0.257401 -0.00061599 0.0 
0 0 0.0 
0.0309434 0 0.0 
0 0 0.0 
0.246434 0.0806387 0.0 
0.37001 -0.00511776 0.0 
9.80369e-05 -0.000645618 0.0 
0.0428737 -0.000350646 0.0 
0.00795992 -0.00641214 0.0 
0.0493821 -0.000149174 0.0 
0.00143214 0.00309979 0.0 
0.221056 0.0125708 0.0 
0.0738568 0.0359662 0.0 
0.00577261 -0.0107591 0.0 
0.00431628 0.000562523 0.0 
0.257187 -0.047342 0.0 
0.101239 -0.00342747 0.0 
0.306683 0.154786 0.0 
0.160238 -0.00479229 0.0 
0.00145317 -0.00316269 0.0 
0 0 0.0 
0.000461605 0.00198041 0.0 
0 0 0.0 
0.261014 0.0631365 0.0 
0.179275 -0.000675044 0.0 
0.000454162 -5.11434e-05 0.0 
0 0 0.0 
0.104154 -0.00679783 0.0 
0.244904 0.000139374 0.0 
0.105801 0.012361 0.0 
0.0701002 0.0139097 0.0 
0 0 0.0 
0.00161983 -0.00348195 0.0 
6.04781e-05 -3.89842e-05 0.0 
-0.00531924 0.007502 0.0 
-3.74248e-05 -0.000215628 0.0 
-0.0019194 -0.00470146 0.0 
0.239671 -0.10648 0.0 
0 0 0.0 
0 0 0.0 
0.0399829 -4.5852e-05 0.0 
0.113092 -0.0545709 0.0 
0.0085096 0.00569253 0.0 
0.0531489 0.000899501 0.0 
0.235409 0.00122627 0.0 
0.0039334 -0.00194957 0.0 
8.81939e-05 0.000597356 0.0 
0.219001 0.085122 0.0 
0.00463969 -0.00108817 0.0 
0.266347 -0.0452967 0.0 
0.000124851 0.000880397 0.0 
0.209506 -0.013525 0.0 
-0.00183906 -0.00631751 0.0 
0.143795 0.0180477 0.0 
0.00274439 0.00107028 0.0 
0.024783 -0.00890002 0.0 
6.51621e-05 0.000512148 0.0 
0.000521586 -0.00142436 0.0 
0 0 0.0 
0.254887 -0.00768914 0.0 
0.271066 0.0380612 0.0 
0.0389313 -0.00014684 0.0 
0.00148088 -0.00336759 0.0 
0.0229021 -0.00281118 0.0 
0.0384186 6.98391e-05 0.0 
0 0 0.0 
0 0 0.0 
-0.00447705 -0.00275976 0.0 
0.0257732 -0.0339318 0.0 
0 0 0.0 
-0.0005791 -0.00117448 0.0 
0.000144823 -0.00075371 0.0 
0.000196296 -3.15742e-05 0.0 
-0.000141641 -0.00043709 0.0 
0.00474343 -0.0121113 0.0 
0.00561994 -2.70329e-06 0.0 
0 0 0.0 
0.00112956 0.000155384 0.0 
0.282789 -0.0109825 0.0 
0.0238854 0.0217421 0.0 
0.000344149 0.000130806 0.0 
5.42099e-05 -3.4875e-05 0.0 
-0.00407695 -0.000338752 0.0 
0 0 0.0 
0 0 0.0 
0 0 0.0 
0.236288 0.00372847 0.0 
-0.00483277 -0.00620093 0.0 
0 0 0.0 
0 0 0.0 
0.000273633 0.000105292 0.0 
0.00694007 0.00751992 0.0 
0.0622131 -0.00118898 0.0 
-0.00664261 0.00252004 0.0 
0.320361 0.047818 0.0 
-0.00542819 -0.00402048 0.0 
0.329518 0.117186 0.0 
-3.11288e-05 1.86656e-05 0.0 
0.000535343 0.000180205 0.0 
0.0215858 0.00012894 0.0 
0.000364736 0.0020562 0.0 
0.0033666 -0.000646605 0.0 
0.000209773 -0.000107667 0.0 
0.0584296 0.00114073 0.0 
0 0 0.0 
0 0 0.0 
-6.46247e-05 -1.16774e-05 0.0 
0.0015911 0.000319235 0.0 
0.136011 0.015744 0.0 
0.00049477 -0.000265466 0.0 
0.000577048 0.00307895 0.0 
-6.87401e-05 9.13442e-05 0.0 
-0.000238527 0.000689963 0.0 
0.298329 0.180198 0.0 
0.000534086 0.00257772 0.0 
0.00496765 0.000909438 0.0 
0.000715781 -0.000369547 0.0 
0.000658925 0.00292075 0.0 
0.000709824 -2.4665e-05 0.0 
0.000841711 -0.002128 0.0 
0.000467453 -0.00181035 0.0 
0.00010218 0.000406726 0.0 
0 0 0.0 
0.000241748 -0.00105972 0.0 
0.00140395 0.000173081 0.0 
8.9699e-05 -5.99325e-05 0.0 
5.74889e-05 -3.80564e-05 0.0 
0.0512239 0.0100177 0.0 
4.40048e-05 -3.22313e-05 0.0 
0.000104765 -6.61459e-05 0.0 
0.0291055 0.00660357 0.0 
-0.0109403 0.00187241 0.0 
-0.000639117 -0.00167688 0.0 
0.00142841 8.47014e-05 0.0 
0 0 0.0 
0.000210102 -0.00110236 0.0 
0 0 0.0 
0.00600981 -8.687e-06 0.0 
0 0 0.0 
0.00179767 -0.00103749 0.0 
0.0110025 -0.0200921 0.0 
0.000170897 0.000125089 0.0 
0.0088198 5.41757e-05 0.0 
0.00139458 -0.000173231 0.0 
-0.000829995 0.00138794 0.0 
0.000598179 0.000941689 0.0 
0.00150895 -0.000157048 0.0 
0 0 0.0 
-0.00426647 -0.00532688 0.0 
0.00382202 -2.35706e-06 0.0 
0.0282373 1.11065e-05 0.0 
-0.000360117 -0.00126243 0.0 
0 0 0.0 
0.0218291 1.41697e-05 0.0 
0.00240079 3.0121e-05 0.0 
0.00312474 -9.70718e-05 0.0 
-5.23019e-05 -0.000130614 0.0 
0.000182219 -0.00107439 0.0 
0.0184647 -0.0088316 0.0 
-0.000618157 0.00118824 0.0 
-3.53014e-05 4.61514e-05 0.0 
0.0354185 -0.0171972 0.0 
-0.0115334 -0.00102731 0.0 
0.00124132 -6.83883e-05 0.0 
0.0163233 -0.0380123 0.0 
0 0 0.0 
0.0391855 7.45163e-05 0.0 
0.0135886 -0.000591932 0.0 
-0.000138259 -0.000326814 0.0 
0.00129864 -0.000743753 0.0 
0.00819292 -0.000973747 0.0 
0 0 0.0 
0.00140539 -5.12706e-05 0.0 
0.000306616 -2.72569e-05 0.0 
1.26502e-05 -6.74013e-06 0.0 
-0.000303533 0.000827502 0.0 
0 0 0.0 
3.10759e-06 -2.89787e-07 0.0 
0.00365244 0.000881338 0.0 
0.000543566 -0.00217565 0.0 
0.000988477 0.000464909 0.0 
0.254324 -9.52484e-05 0.0 
1.62641e-05 -0.000110083 0.0 
0.000524692 -0.00217364 0.0 
0.00463217 -0.00173372 0.0 
0.00226797 -0.000669061 0.0 
0.00361907 -0.00504611 0.0 
-0.000557238 -0.000864817 0.0 
-3.33721e-05 7.40937e-05 0.0 
-0.00625149 0.00302794 0.0 
0.00594348 -0.00364405 0.0 
0 0 0.0 
-0.00101908 -0.00279182 0.0 
0 0 0.0 
-0.00046402 -0.000808708 0.0 
0.00953409 0.0146525 0.0 
-0.00169231 -0.00219851 0.0 
0.0105442 -0.000646709 0.0 
-0.000226395 -0.000825006 0.0 
0.116274 -0.0784394 0.0 
-3.62905e-05 4.82298e-05 0.0 
0 0 0.0 
0.00740826 -0.00415713 0.0 
0.00220993 -0.000916378 0.0 
0 0 0.0 
0.00124103 0.000805744 0.0 
0.000206329 -0.00130057 0.0 
0.00646184 0.0121531 0.0 
0.00163384 -0.000245435 0.0 
0.000383488 0.000417004 0.0 
0.000781196 -0.00171627 0.0 
-0.00252726 0.00593258 0.0 
-2.90902e-05 5.72158e-05 0.0 
-2.94832e-05 0.000133327 0.0 
-3.92876e-05 8.23416e-05 0.0 
0.00356355 -0.00180809 0.0 
0.000532998 -0.000301689 0.0 
0.0285639 0.0304135 0.0 
0.00244419 -0.000439642 0.0 
0.00301705 -0.000793636 0.0 
-0.000432236 -0.000720103 0.0 
-0.00282565 -0.00711797 0.0 
0.00325335 -0.00157306 0.0 
0 0 0.0 
0.000611589 0.000446136 0.0 
0.00221985 0.00134425 0.0 
-0.000194617 0.000810094 0.0 
-4.6653e-05 9.16649e-05 0.0 
2.76585e-05 -0.000186525 0.0 
0.00280529 -0.000762749 0.0 
0.00400448 0.0105399 0.0 
-0.000360944 0.00130411 0.0 
0 0 0.0 
0.0505261 0.0119171 0.0 
0.00213709 -0.000534332 0.0 
9.94942e-06 4.65484e-05 0.0 
-0.00333066 -0.000242407 0.0 
-4.63069e-05 -0.000277367 0.0 
0.0425831 0.0252661 0.0 
0.0239335 0.0119467 0.0 
-0.000616974 0.00100543 0.0 
0.00127147 -0.00080153 0.0 
0.00426064 -0.00466043 0.0 
0.0140235 0.0201661 0.0 
-2.01589e-05 9.68085e-05 0.0 
0.0053874 -0.00265918 0.0 
0 0 0.0 
-0.000493749 -0.00139739 0.0 
-2.82557e-05 7.84278e-05 0.0 
-4.08877e-05 0.000119679 0.0 
0.00396124 0.00769767 0.0 
0.00265457 -0.00529504 0.0 
0.00247755 0.00155918 0.0 
0.0173392 -0.0288607 0.0 
0 0 0.0 
0.00261271 -0.00198304 0.0 
0.00310634 -0.00145452 0.0 
-4.46474e-05 0.000135679 0.0 
-0.00212205 0.00480935 0.0 
-0.000132589 -0.000569923 0.0 
0 0 0.0 
0.0153081 -0.00127675 0.0 
0.00158162 -0.000816446 0.0 
-0.0111667 0.000506875 0.0 
0.00338902 -0.00177888 0.0 
0.00307792 -0.0024325 0.0 
-0.00029446 -0.000901835 0.0 
-0.00172552 -0.00326653 0.0 
0.00142789 -0.00510062 0.0 
0 0 0.0 
-1.70191e-05 9.07386e-05 0.0 
0.00249248 -0.00142572 0.0 
0.00211445 0.00104524 0.0 
-0.00813949 -0.00174361 0.0 
0.210931 -0.0367642 0.0 
-3.02103e-05 0.000108937 0.0 
-2.17293e-05 9.84154e-05 0.0 
0.300852 0.0221545 0.0 
0.0156944 0.00294607 0.0 
0.000984904 -0.00370121 0.0 
-0.000652597 -0.00114494 0.0 
0 0 0.0 
0.0114451 0.000534344 0.0 
0.00131276 -0.00210489 0.0 
-0.000824946 -0.000913495 0.0 
-4.93456e-05 0.000215881 0.0 
0.0168385 -0.0317205 0.0 
0.00242294 0.00150277 0.0 
0.0187214 5.48812e-05 0.0 
0.24177 -0.00991272 0.0 
0 0 0.0 
2.71382e-05 0.000333924 0.0 
-0.000355891 0.00107115 0.0 
0.0307507 -0.00722031 0.0 
0.0248096 0.0376521 0.0 
0.00839109 0.000332194 0.0 
0.00142389 0.00276998 0.0 
0.00270986 -0.00245561 0.0 
0.0214498 -0.0152341 0.0 
0.0198256 0.0245171 0.0 
0.0241461 0 0.0 
0.00296078 -0.002567 0.0 
0.00637316 -0.00121481 0.0 
0.328196 -0.0209485 0.0 
-0.000888086 0.0023839 0.0 
0.00336326 0.00322935 0.0 
0 0 0.0 
0 0 0.0 
0.0159888 0.00688441 0.0 
0.0171582 0.0114938 0.0 
0.0145857 0.003023 0.0 
-1.15575e-05 6.42459e-05 0.0 
-0.00875017 -0.00112783 0.0 
0.000177668 0.000319056 0.0 
0.00434672 -0.00687413 0.0 
-0.00511576 0.00652734 0.0 
0 0 0.0 
0.00488568 -0.00186791 0.0 
0.00154476 -0.00193754 0.0 
0.00477132 0.000604413 0.0 
-0.00683312 -0.00521347 0.0 
0.0173558 -0.0198949 0.0 
0 0 0.0 
-7.61337e-05 0.000373682 0.0 
0.000732199 -0.00146501 0.0 
0.00128946 -0.000148696 0.0 
0.0142891 0.00833575 0.0 
0.0119148 0.00233335 0.0 
-0.00210256 -0.00553249 0.0 
0.0236349 -0.00783084 0.0 
0.286593 0.032878 0.0 
0.0266017 -2.26286e-05 0.0 
0.003057 -0.0069779 0.0 
0.0109388 -0.00288445 0.0 
-0.00141678 -0.00552404 0.0 
0.0211701 -0.00771708 0.0 
0 0 0.0 
-0.0126303 0.000596574 0.0 
0.00443998 -0.00074248 0.0 
0.00875657 -0.00355147 0.0 
-0.000312897 -0.000906076 0.0 
0.00122464 0.000789566 0.0 
-0.00131405 -0.00353282 0.0 
0 0 0.0 
0 0 0.0 
0.0012376 -0.000154641 0.0 
-5.72995e-06 3.9004e-05 0.0 
-0.00096102 -0.000743699 0.0 
0.00309716 -0.00286263 0.0 
-2.7945e-06 2.15711e-05 0.0 
0.0199586 -0.00581668 0.0 
0.000745437 -0.00143941 0.0 
-6.90362e-05 -0.00174546 0.0 
0.00490263 0.00152431 0.0 
-0.00692384 -0.00289722 0.0 
0.00150967 -0.00181311 0.0 
0.132765 -0.0659014 0.0 
-2.28175e-06 -1.70586e-05 0.0 
0.000923398 -0.00266553 0.0 
-0.000845217 0.00115262 0.0 
0.0254708 -0.0111461 0.0 
-9.65117e-05 -4.47912e-05 0.0 
-0.000991257 -0.00136637 0.0 
0.00128504 -0.000708991 0.0 
0.00150651 -0.0016298 0.0 
0.0168215 -0.00530614 0.0 
0.000530815 0.00104562 0.0 
0.00336577 -0.0101519 0.0 
-0.002835 0.000792821 0.0 
0.00076015 0.00040461 0.0 
0.000799556 0.000291567 0.0 
0.0087085 -0.00665381 0.0 
0.00277843 -0.00281007 0.0 
0.0341905 -0.0288944 0.0 
0.0016216 -0.00242151 0.0 
-0.00397501 -0.00417178 0.0 
-0.000669844 -0.0018622 0.0 
-0.00445444 -0.00336525 0.0 
-0.000120786 0.000221096 0.0 
-4.9939e-06 -3.6467e-05 0.0 
-6.93925e-06 -1.35898e-05 0.0 
0.00163097 -0.00328274 0.0 
-0.000505785 -0.000606462 0.0 
-0.000651299 -0.00126597 0.0 
-0.000284514 0.000361217 0.0 
0.00245638 -0.00487271 0.0 
0.00119851 -0.000777734 0.0 
-1.97144e-05 8.62651e-05 0.0 
-0.00638857 0.00301247 0.0 
0.0017327 -0.00211961 0.0 
0.000283108 -0.000434451 0.0 
-1.13282e-05 -5.89435e-05 0.0 
-0.0060137 -0.000501278 0.0 
-0.00127026 0.0030286 0.0 
0.00795823 -0.000932379 0.0 
0.00442794 0.00153222 0.0 
0.00851229 0.0038375 0.0 
-0.00138882 -0.00409388 0.0 
0.0217383 -0.00124383 0.0 
0.0240582 0.00420899 0.0 
0.0035349 -0.00409839 0.0 
-0.00312321 -0.00353547 0.0 
0.0166124 -0.00512687 0.0 
0.0041814 -0.00293999 0.0 
0.0906685 -0.000827314 0.0 
0 0 0.0 
0 0 0.0 
-0.00766501 -0.0024751 0.0 
-0.00180618 0.00651208 0.0 
0.00635225 -0.00234163 0.0 
-0.00613197 0.00633933 0.0 
0.0213092 -0.000614648 0.0 
0.246207 0.0509858 0.0 
0 0 0.0 
0.00105362 -0.000993562 0.0 
0.00483565 -0.00136551 0.0 
0.00543666 0.00687987 0.0 
0 0 0.0 
-0.00148003 -0.00146003 0.0 
0.00164881 -0.00211585 0.0 
0.0028876 -0.00307572 0.0 
0.00952081 0.00116562 0.0 
0 0 0.0 
0 0 0.0 
0.00491517 -0.00577014 0.0 
-0.00139588 -0.00329479 0.0 
0.00840759 0.00272465 0.0 
-0.000826072 0.000311061 0.0 
-1.85713e-05 -8.01846e-05 0.0 
-0.000293081 -0.000487085 0.0 
0.00159718 -0.00165945 0.0 
0.00105527 -0.00167147 0.0 
0.000276707 -0.00115516 0.0 
0.00174668 -0.000955857 0.0 
-0.000691427 0.00172383 0.0 
0.0997858 -0.00016005 0.0 
0.000134658 6.08837e-05 0.0 
-0.00647961 -0.00379132 0.0 
-1.17135e-05 -5.14841e-05 0.0 
0.0387198 -0.000432114 0.0 
-0.000396792 -0.000626257 0.0 
0.0654453 -0.000349315 0.0 
0 0 0.0 
-0.00239048 -0.00314896 0.0 
0.00814912 0.00478008 0.0 
-0.000828468 0.00171753 0.0 
0.000262999 0.000218535 0.0 
-0.000422658 0.00100073 0.0 
-0.000372024 5.61747e-06 0.0 
0.00646156 0.00879534 0.0 
-0.000383423 -0.000253296 0.0 
-3.6184e-05 -0.000132655 0.0 
-0.000557702 -0.0019254 0.0 
0 0 0.0 
-0.000995341 -0.000355057 0.0 
0.0261647 -0.00030385 0.0 
0.00150962 -0.00250931 0.0 
0.0602675 0.0944575 0.0 
-3.70547e-05 -0.000124139 0.0 
-0.000590685 7.10042e-05 0.0 
-0.000721117 -0.00174514 0.0 
-0.000590117 0.0024438 0.0 
-5.12267e-06 0.00022302 0.0 
0.00207181 -0.00395294 0.0 
0.000241132 0.000120569 0.0 
0.00650461 0.00486653 0.0 
-4.28502e-05 -0.000151415 0.0 
0.00748412 -0.00285184 0.0 
0.119974 0.00587803 0.0 
0.00275573 -0.00684559 0.0 
0.00550875 0.00200731 0.0 
0.000506215 4.85772e-05 0.0 
0.001983 0.00240561 0.0 
0.00255815 0.00109032 0.0 
0.00923044 -0.00861806 0.0 
-0.000258871 0.00121616 0.0 
-5.04892e-05 -0.000135763 0.0 
0.00292344 -0.00187105 0.0 
0.0455488 0.0443397 0.0 
-4.33918e-05 -0.000137643 0.0 
0 0 0.0 
0.0108113 0.00481344 0.0 
0 0 0.0 
0.00556451 -0.00106245 0.0 
0.000417033 -0.00165259 0.0 
6.55268e-05 0.000130498 0.0 
-5.61264e-05 -0.000128851 0.0 
-0.00396124 -0.00333998 0.0 
8.69354e-06 -0.000276944 0.0 
0.00674272 -0.00252765 0.0 
-5.99978e-05 -0.000139575 0.0 
0.000402339 -0.00136496 0.0 
0 0 0.0 
0.00522242 0.00215822 0.0 
-3.71196e-05 -7.37282e-05 0.0 
-0.00571195 0.00101318 0.0 
0.00742263 0.0166887 0.0 
0.00564668 0.0105268 0.0 
-0.000121298 0.000209868 0.0 
-3.1869e-05 -7.08354e-05 0.0 
0.00490133 -0.000289547 0.0 
0.00180438 0.00163383 0.0 
0.0267299 0.00833845 0.0 
-3.23566e-05 -7.36457e-05 0.0 
0 0 0.0 
0.00738882 0.00042132 0.0 
0.00118614 -0.00223154 0.0 
0 0 0.0 
0.204459 0.000388529 0.0 
0.00313443 0.00161663 0.0 
-0.0087562 0.00076526 0.0 
0.0185311 -0.00134025 0.0 
-3.80193e-05 -7.7525e-05 0.0 
0.0236981 0.0172112 0.0 
-0.00274939 0.00107712 0.0 
0.0168312 0.00238741 0.0 
-0.000863721 -0.00186519 0.0 
0.018402 0.00160995 0.0 
0.0257161 -0.000894832 0.0 
0.000142592 -0.000144002 0.0 
0.0245162 0.00387753 0.0 
-3.68234e-05 -7.27241e-05 0.0 
0.000760949 -0.00156648 0.0 
-0.000316363 -0.000113837 0.0 
0.0112354 0.00323381 0.0 
-0.00159238 -0.00446993 0.0 
-0.0001479 0.00219417 0.0 
0.00140303 0.00246168 0.0 
-0.00823757 0.0010843 0.0 
-3.47797e-05 -6.0322e-05 0.0 
-5.85481e-05 -0.00011538 0.0 
0.0122811 0.00192003 0.0 
0.000874545 -0.000883879 0.0 
-0.000891614 -0.0053701 0.0 
1.38312e-05 -7.61042e-05 0.0 
-6.39904e-06 -1.07043e-05 0.0 
-5.57217e-05 0.000835522 0.0 
-0.000532729 0.000918531 0.0 
0 0 0.0 
0.00934027 0.00269005 0.0 
-0.00261994 -0.0060329 0.0 
0.00227393 0.00500791 0.0 
-0.002091 0.00193491 0.0 
0 0 0.0 
-0.000721476 0.00307107 0.0 
-2.08437e-05 -3.05646e-05 0.0 
-6.25188e-06 -4.97152e-05 0.0 
-9.77682e-05 0.00033986 0.0 
0.000979297 0.00270457 0.0 
-0.00545025 -0.00200878 0.0 
0 0 0.0 
0 0 0.0 
0.00149401 0.00302646 0.0 
0.00304154 -0.000204278 0.0 
0.0152014 0.00542959 0.0 
0.0016178 -0.00231652 0.0 
0.00145191 0.00278465 0.0 
-6.6403e-06 -4.74918e-05 0.0 
-2.82484e-05 -4.02543e-05 0.0 
0.000437728 0.000151134 0.0 
-9.22152e-05 0.000141477 0.0 
0.00187036 0.000957388 0.0 
-3.62571e-05 -5.13481e-05 0.0 
0.00240194 -0.000660488 0.0 
0.000807122 -0.00244217 0.0 
0 0 0.0 
-2.5565e-05 -5.18245e-06 0.0 
0.0099864 -0.000829137 0.0 
0.208069 -1.09747e-05 0.0 
0.24782 -0.00561192 0.0 
0.000602123 0.00105905 0.0 
0.00443024 0.00899989 0.0 
-6.01005e-05 8.61948e-05 0.0 
0.027963 -0.0062261 0.0 
-0.000485641 -0.000999339 0.0 
0 0 0.0 
-0.000561963 0.00168461 0.0 
0 0 0.0 
0.107708 -0.00874769 0.0 
0.000810872 -0.00174044 0.0 
0.000538101 -0.00168036 0.0 
0.00586167 0.00354576 0.0 
-2.34198e-05 -0.000112759 0.0 
0.00902941 -0.00254507 0.0 
0.0118291 1.79202e-06 0.0 
-0.00112552 -0.00741807 0.0 
-0.000402508 0.00166802 0.0 
0.0127238 -0.0010292 0.0 
0.000120127 8.40414e-05 0.0 
-0.000744015 0.00129718 0.0 
0 0 0.0 
0.0228239 -0.00970096 0.0 
0 0 0.0 
-1.18964e-06 -5.43581e-06 0.0 
-0.000146838 -0.000112355 0.0 
0.000253522 0.00718859 0.0 
0.00263188 0.000169152 0.0 
0.0420205 0.0604398 0.0 
0 0 0.0 
0.250608 -0.000934462 0.0 
0.0126564 -0.00143763 0.0 
0.0014586 -0.00051853 0.0 
0.0887368 -7.68404e-05 0.0 
0.153195 -0.000689497 0.0 
0.000744113 -0.00174517 0.0 
0.000716049 -0.00154482 0.0 
-0.0141141 -0.000116506 0.0 
0.000310055 -0.00125701 0.0 
3.41506e-05 2.65807e-05 0.0 
0.00105144 -0.00256396 0.0 
0.0533847 0.080922 0.0 
0.0511721 -9.93699e-05 0.0 
0 0 0.0 
0.147545 0.000238519 0.0 
0.000699108 0.000178668 0.0 
2.99714e-05 2.45556e-05 0.0 
0.00747098 -0.00403589 0.0 
0.0120184 -0.00303397 0.0 
0.0342221 8.5254e-05 0.0 
0.00184067 0.00364727 0.0 
-0.000315108 0.00116682 0.0 
0.0744862 -0.000231973 0.0 
3.55709e-05 2.9066e-05 0.0 
2.69454e-05 2.31585e-05 0.0 
0.049011 0.000271334 0.0 
0.117008 -0.0176969 0.0 
0.151336 0.00132937 0.0 
-9.0723e-05 -0.000118287 0.0 
0.0544827 0.000174854 0.0 
0.196417 0.0832643 0.0 
-0.00143471 -0.0074849 0.0 
0 0 0.0 
0.00458396 0.00815463 0.0 
0.00301653 -0.00763547 0.0 
-0.00838729 -0.00259652 0.0 
0.00212833 -0.00188589 0.0 
0 0 0.0 
0.00334996 -0.0057392 0.0 
0.00637141 0.00137284 0.0 
0.0292898 0.000145581 0.0 
0.000138675 7.37564e-05 0.0 
0.000982775 0.00218871 0.0 
0.178679 -0.00401731 0.0 
0.00123 0.000661631 0.0 
-8.86794e-05 -0.000199052 0.0 
0.0105318 -0.00712665 0.0 
0.000607553 -6.9823e-05 0.0 
-0.000272138 -0.00125302 0.0 
0.132507 0.00855798 0.0 
0.119116 0.0108723 0.0 
0.00383977 9.63983e-05 0.0 
-0.000874562 0.00661424 0.0 
0.00017848 7.96466e-05 0.0 
0 0 0.0 
0.000167817 8.69864e-05 0.0 
0.000383442 -0.00126363 0.0 
0.295292 -0.0243594 0.0 
-0.0111698 -0.00124209 0.0 
0.011605 -0.00126121 0.0 
0.000136862 6.00197e-05 0.0 
0.000543922 0.000196988 0.0 
-0.00677743 0.0018173 0.0 
0.00766393 0.00752635 0.0 
0 0 0.0 
0.000296887 0.000114229 0.0 
0.000532477 -0.00191186 0.0 
0.213257 0.000530553 0.0 
0.00294067 0.00291278 0.0 
0.0368001 -2.36509e-05 0.0 
0.266744 -0.00255684 0.0 
0 0 0.0 
0.000259093 -0.00152543 0.0 
0.00375281 -0.00550218 0.0 
-0.00895446 -0.0034982 0.0 
0.00322381 -0.000330345 0.0 
0.176459 0.000347991 0.0 
-0.00472937 0.000472745 0.0 
0 0 0.0 
0.131615 0.00107178 0.0 
-0.00194254 0.00372311 0.0 
-0.00265674 0.00594689 0.0 
0.143096 0.00802429 0.0 
0 0 0.0 
0.0636924 -0.012164 0.0 
0.0398249 -0.00292197 0.0 
0.0121448 1.21891e-05 0.0 
0.000202099 -0.000857282 0.0 
0.00026244 8.22194e-05 0.0 
0.000257909 8.67998e-05 0.0 
0.00408318 -0.00652253 0.0 
0.0114226 0.00277391 0.0 
0.00949826 -1.66578e-05 0.0 
0 0 0.0 
0.0191143 0.000443674 0.0 
0.0139923 0.0256137 0.0 
0.000229187 -0.00144871 0.0 
-0.00135782 -0.00368027 0.0 
0.00436714 -0.00185443 0.0 
0.221628 -0.00693473 0.0 
0.0505141 0.0331737 0.0 
0.0107624 0.00189983 0.0 
0.00137103 0.00430402 0.0 
0.00255219 0.00278204 0.0 
0.173028 0.000117575 0.0 
0 0 0.0 
0.00831819 0.0208465 0.0 
0.0139663 -0.00270763 0.0 
9.31004e-05 0.000269636 0.0 
0.0167297 -0.000333878 0.0 
-0.00994417 -0.00203572 0.0 
-0.00715544 -0.00259787 0.0 
0.000505022 -0.000196048 0.0 
0.000176052 -0.000930041 0.0 
0.00184601 -0.00105991 0.0 
0.00104944 0.000702673 0.0 
0 0 0.0 
0.00321758 -0.00859079 0.0 
0.00793025 -0.00425265 0.0 
0.00923942 0.00122244 0.0 
0.000311571 9.28474e-05 0.0 
-0.00262461 0.00790931 0.0 
-0.00876259 0.000349193 0.0 
0.0063185 0.00507623 0.0 
0.0465949 0.0010452 0.0 
0.017092 0.00242725 0.0 
0.0366361 -3.95475e-05 0.0 
0.00712054 -0.0166999 0.0 
0.0212077 -0.0171811 0.0 
0.034865 -0.00478946 0.0 
-0.00529711 -0.00502735 0.0 
0 0 0.0 
0.0752632 1.76475e-05 0.0 
0.076186 6.79058e-05 0.0 
0 0 0.0 
0.0113296 -0.00259835 0.0 
-0.000575084 -0.00172509 0.0 
0.0263001 5.74273e-05 0.0 
9.39226e-05 0.000100947 0.0 
5.05811e-05 -0.000315141 0.0 
0.0109747 0.00873427 0.0 
0.00724471 0.0043857 0.0 
4.22487e-05 -3.80653e-06 0.0 
-0.00176944 0.0082582 0.0 
0.0154597 0.000664177 0.0 
0.0211637 0.00261021 0.0 
0.0346274 0.00103909 0.0 
0.13666 0.00125554 0.0 
0.00212124 7.81648e-05 0.0 
0.000400845 0.000366483 0.0 
0.000509865 0.00038348 0.0 
0.160237 -0.00566315 0.0 
0.000354658 -0.000670898 0.0 
-0.0114896 0.000184446 0.0 
0.0769537 0.10247 0.0 
0.000856236 -0.00277927 0.0 
0.00079003 0.000194955 0.0 
0.00111673 0.00026138 0.0 
0.0189535 0.000187942 0.0 
0.247197 0.0151657 0.0 
0.258088 0.017134 0.0 
0 0 0.0 
0.0247265 -0.00345062 0.0 
0.0583212 -0.0109588 0.0 
0.000397476 -0.000117575 0.0 
0.0024305 4.5709e-05 0.0 
0 0 0.0 
-0.00119581 -0.00628845 0.0 
0.0111111 0.00742006 0.0 
0 0 0.0 
0.00643287 0.00138736 0.0 
0.0318979 -0.00353013 0.0 
0.0868888 0.07256 0.0 
0.00695372 0.00345452 0.0 
0.000829974 0.00490329 0.0 
3.00163e-05 -0.000119262 0.0 
-0.000244914 -0.000184051 0.0 
-0.000260627 -0.000420486 0.0 
0.181943 0.0023172 0.0 
0.0295211 0.0511687 0.0 
0.0237541 -0.00667545 0.0 
0.00281525 -0.00419178 0.0 
0.110236 -0.00157381 0.0 
0.00391861 0.00495312 0.0 
-0.000187037 0.000181524 0.0 
0.00046455 -0.00188393 0.0 
0.301223 0.00381243 0.0 
0.00417009 0.00371085 0.0 
-0.00311148 0.00857627 0.0 
5.26305e-05 0.000319103 0.0 
0.0345011 0.0276751 0.0 
0.000731086 0.00292052 0.0 
0.0583118 -5.54041e-05 0.0 
0.0790813 -0.000111656 0.0 
9.11246e-06 -7.2364e-05 0.0 
-0.000350485 -0.000598693 0.0 
0.014233 4.25872e-05 0.0 
-0.000893537 0.00530815 0.0 
0.00103597 0.000228872 0.0 
0.0106336 0.0079664 0.0 
0.00805987 -0.00251065 0.0 
0.00209675 -0.000761339 0.0 
0.040324 7.82299e-07 0.0 
0 0 0.0 
0.192935 0.0364522 0.0 
0.0422155 -0.00763841 0.0 
0.00103597 0.000228872 0.0 
0.00151179 0.00604864 0.0 
0.0143482 0.00471418 0.0 
0.00202099 7.03522e-05 0.0 
0.00235515 0.000113211 0.0 
-0.0051112 -0.00154392 0.0 
0 0 0.0 
-0.000188313 0.00419318 0.0 
0.138964 0.000754006 0.0 
0.0625269 0.00321405 0.0 
0.369548 -0.00056999 0.0 
0.0174981 0.0104678 0.0 
0.00508205 0.00246271 0.0 
0.0018806 1.14058e-05 0.0 
0.00259764 0.00122194 0.0 
0.00079404 0.00015997 0.0 
-0.00774112 9.20689e-05 0.0 
0.133647 -0.103874 0.0 
-0.000334012 0.001173 0.0 
0.000474021 6.84294e-05 0.0 
0.151867 -9.70342e-05 0.0 
0 0 0.0 
0.00237904 -0.00283383 0.0 
0.00117058 -0.00531115 0.0 
0.0181554 -0.011127 0.0 
0.0135104 -0.00125711 0.0 
-0.0107534 -0.001363 0.0 
0.000625842 7.61632e-05 0.0 
0.000668765 -0.00168692 0.0 
0.00314792 -0.000663955 0.0 
0.00527373 0.000836322 0.0 
0.00125603 -0.000314631 0.0 
0.00135177 0.000508776 0.0 
-3.5983e-06 0.0056353 0.0 
0 0 0.0 
0.242424 -0.00129935 0.0 
0.0011176 0.00356159 0.0 
-0.00237507 0.00211419 0.0 
0.00564847 -0.00129856 0.0 
0.000393349 0.00128536 0.0 
0 0 0.0 
0.000153861 0.000656876 0.0 
0.0169719 -0.000247865 0.0 
0.0733136 -2.73108e-06 0.0 
0.00133715 -0.000359255 0.0 
0.00206672 -0.000577146 0.0 
0.0196973 0.000528991 0.0 
0.00154063 0.000129137 0.0 
0 0 0.0 
0.00315477 -0.00143932 0.0 
0.0190882 0.000402468 0.0 
0.152865 0.0301556 0.0 
0.00137536 -0.000664828 0.0 
0 0 0.0 
0.00170929 0.00123015 0.0 
0.0441448 -0.00350967 0.0 
0.181637 -0.00119733 0.0 
0.259176 0.0774598 0.0 
0.123365 0.000221832 0.0 
0.281705 0.0891935 0.0 
0.000361241 0.00747347 0.0 
0.00182001 -0.000418304 0.0 
0.00226104 -0.00054222 0.0 
0.0669111 0.000460792 0.0 
0.00114695 -0.00397324 0.0 
0.0334949 0.0244926 0.0 
0.0159211 -0.00282816 0.0 
0 0 0.0 
0.00187417 0.000520489 0.0 
-0.000196802 0.00042162 0.0 
0.00020251 -0.00638097 0.0 
0.00437412 0.0135459 0.0 
0.00114248 0.000765751 0.0 
0.0468592 -0.0831983 0.0 
-6.51434e-06 -0.000832815 0.0 
0.00381899 0.00151986 0.0 
0.0971578 0.0503217 0.0 
0.0103839 0.00810785 0.0 
0.00112163 2.10939e-05 0.0 
-7.99588e-05 0.000365268 0.0 
0.0670404 8.65877e-05 0.0 
0 0 0.0 
0.0813263 7.34715e-05 0.0 
0.000697511 -0.00173707 0.0 
0.00176901 -0.00634541 0.0 
0.000654469 -0.00041362 0.0 
0.0141372 0.00543463 0.0 
-4.34726e-05 0.000229052 0.0 
0.005215 -6.15808e-08 0.0 
0.00128215 -0.0027272 0.0 
0.00323013 -0.00542043 0.0 
0.0311534 -0.0367147 0.0 
0.00131927 -0.000123084 0.0 
0.0119326 -0.00252295 0.0 
0 0 0.0 
-1.04796e-05 2.15369e-05 0.0 
-0.000249764 0.000586759 0.0 
0.00225577 0.00455991 0.0 
3.75211e-05 -0.000262393 0.0 
0.00618631 -0.00467487 0.0 
0.0363041 0.00376385 0.0 
-0.00025001 -0.000713379 0.0 
0 0 0.0 
0.000968925 -0.00158409 0.0 
0.00271668 -0.00309757 0.0 
-0.000111694 -0.000335047 0.0 
-0.00233751 -0.0016287 0.0 
-0.00899343 0.00284629 0.0 
0 0 0.0 
0.00178669 -0.00298141 0.0 
0.0263633 0.0515215 0.0 
0.123251 3.22338e-05 0.0 
-4.17281e-06 0.000122704 0.0 
0.257298 -6.92364e-05 0.0 
0.00752698 -0.00622382 0.0 
0.000126608 -0.000725297 0.0 
0.00449144 0.00768924 0.0 
0.000205066 0.00105068 0.0 
0 0 0.0 
0.000404331 0.00311004 0.0 
0.0313924 -1.30544e-05 0.0 
0.0019719 0.00618486 0.0 
0.00424576 0.00129811 0.0 
0 0 0.0 
0.0064032 0.000562069 0.0 
0.000535145 0.00197814 0.0 
0.0888491 0.0646088 0.0 
-0.00858021 -0.00082108 0.0 
0.00363813 -0.000878101 0.0 
0.00216611 0.00395502 0.0 
0.00143515 0.000945319 0.0 
0.00354887 -0.00177915 0.0 
0.00115051 0.000568561 0.0 
0.00151384 -0.00172061 0.0 
0.00700609 0.0115725 0.0 
0.0112345 -0.00919248 0.0 
0 0 0.0 
0.00610156 0.00249182 0.0 
0 0 0.0 
0.00910351 0.00243928 0.0 
-0.00155287 0.000311314 0.0 
3.36646e-05 0.000110034 0.0 
0 0 0.0 
0.00567781 -0.00200151 0.0 
-0.00387915 0.00364855 0.0 
0 0 0.0 
0.000878545 0.001437 0.0 
0.116293 0.00561417 0.0 
0.0234223 -0.00421216 0.0 
0 0 0.0 
0.000348612 -0.000768047 0.0 
0.00648765 0.00226053 0.0 
0.00449376 -0.00333351 0.0 
0.0390614 -0.0233423 0.0 
0 0 0.0 
0 0 0.0 
0 0 0.0 
0.0313804 0.00586632 0.0 
3.90981e-05 6.71e-05 0.0 
0.000816666 -0.00019316 0.0 
0.00154355 -0.00578679 0.0 
0.00505861 0.00264208 0.0 
0.00311988 -0.00422204 0.0 
0.00223592 0.0040323 0.0 
0.0105961 0.0228348 0.0 
0.00732131 -0.00255539 0.0 
0.00281264 0.00431873 0.0 
0.0127455 -0.0131776 0.0 
0.013159 -0.0092873 0.0 
0.000118807 0.000452271 0.0 
0 0 0.0 
0 0 0.0 
0 0 0.0 
0.033057 -0.00592525 0.0 
0 0 0.0 
0 0 0.0 
0.006267 -0.00441049 0.0 
-0.00900171 0.0016982 0.0 
0.0258717 -0.0262969 0.0 
-0.00134908 0.00270195 0.0 
0.0860476 0.0209494 0.0 
0.00710982 -0.0144435 0.0 
2.80343e-05 1.32724e-05 0.0 
0.00325071 -0.0114002 0.0 
6.29301e-05 -0.000171867 0.0 
-1.90538e-05 2.55714e-05 0.0 
0.00156415 -0.00168948 0.0 
-0.000575321 -0.00140068 0.0 
0 0 0.0 
0.00199003 -0.000509066 0.0 
0.00759787 0.00624107 0.0 
0.00578664 -0.00711639 0.0 
0 0 0.0 
0.00597485 0.00737464 0.0 
0.00137885 -0.000361599 0.0 
0.0255815 0.00205777 0.0 
0.000124174 -7.54853e-05 0.0 
8.70828e-05 -0.000213051 0.0 
0.00343646 0.000567972 0.0 
0.0150402 -0.00474985 0.0 
0.00751561 3.25888e-06 0.0 
0.0027318 -0.00114921 0.0 
0.00121257 -0.000331748 0.0 
0 0 0.0 
0.00218512 -0.00282868 0.0 
-1.71269e-05 -1.53841e-05 0.0 
0.00328782 0.00628775 0.0 
0 0 0.0 
0.0132592 -0.0104417 0.0 
-0.00690189 -6.27465e-05 0.0 
0.00250302 0.00875044 0.0 
0.000363172 -0.0017864 0.0 
0.00368791 -4.96626e-05 0.0 
0.188703 0.0118194 0.0 
0.000326966 0.00187883 0.0 
0 0 0.0 
0.000381527 -0.000164957 0.0 
0 0 0.0 
-3.50602e-05 4.29471e-05 0.0 
0.0635398 -0.0297975 0.0 
0.00944439 1.20021e-05 0.0 
0.00149535 0.00501402 0.0 
0.000945089 0.00188891 0.0 
0 0 0.0 
0.0075381 0.000344284 0.0 
0.197181 0.000135881 0.0 
0.00146246 -0.0016675 0.0 
0.113185 -0.000342346 0.0 
0.000142043 0.000687931 0.0 
0.00129805 0.00288648 0.0 
0 0 0.0 
0.0323665 -0.000310329 0.0 
0.174161 0.00192628 0.0 
0.000475085 0.00119886 0.0 
0 0 0.0 
0 0 0.0 
0.00842553 0.000532913 0.0 
0.00075745 -0.00304415 0.0 
0.00144668 -0.00469142 0.0 
0.00125309 -0.000470629 0.0 
0.0144112 -0.0171682 0.0 
0.00691216 0.00381525 0.0 
-0.010882 0.00103608 0.0 
0.0699326 -0.00785494 0.0 
0 0 0.0 
0.00345103 -0.000722182 0.0 
-0.00378237 -0.007866 0.0 
-0.000163232 6.77915e-05 0.0 
0.184427 0.0106448 0.0 
0.00264344 0.00554038 0.0 
0.000188208 0.000484509 0.0 
0.000708527 -0.000358929 0.0 
0.000244313 1.25736e-05 0.0 
0.000143523 -9.71872e-05 0.0 
0.0201219 -3.39088e-05 0.0 
0.00161235 -0.00075497 0.0 
0.00239486 -0.000919701 0.0 
0.0217894 -0.000333402 0.0 
4.23033e-05 0.000186615 0.0 
0.374692 0.0330099 0.0 
0.188994 -0.0359616 0.0 
0 0 0.0 
0.000180081 0.00121159 0.0 
0.00133061 -0.00512918 0.0 
0.0636718 0.00024808 0.0 
0.00173073 0.00067319 0.0 
-0.000144541 -2.0115e-05 0.0 
0.0226716 -0.0448959 0.0 
0.00156067 -0.000884449 0.0 
0.0267998 -0.00925241 0.0 
0 0 0.0 
-0.00200837 0.00451552 0.0 
-4.14774e-05 -1.02909e-05 0.0 
0.245809 0.0232217 0.0 
0.000260282 -0.000215244 0.0 
0.0163181 0.00114432 0.0 
8.62233e-05 -0.000580295 0.0 
-0.000245656 9.83693e-05 0.0 
-5.57264e-05 0.000191754 0.0 
0.000885477 -0.00411401 0.0 
0.00131737 0.00332846 0.0 
0.000992784 0.000948283 0.0 
0.0885343 -0.00320648 0.0 
0.0135723 0.000118592 0.0 
0 0 0.0 
0 0 0.0 
0.221635 -0.0493448 0.0 
0.246576 0 0.0 
0.0166909 0.0101543 0.0 
0.00229996 -0.00775269 0.0 
0.0349979 0.0149673 0.0 
0.00447585 -0.000388697 0.0 
0.0778885 9.29916e-06 0.0 
0.00124799 9.19848e-05 0.0 
0.0140493 0.00441552 0.0 
-2.75408e-05 4.44139e-05 0.0 
-0.00694745 0.00603769 0.0 
0 0 0.0 
0.140206 -0.0038279 0.0 
-0.000216091 0.000788967 0.0 
0.254139 -0.0428367 0.0 
0.000311138 0.00145311 0.0 
0.00123144 0.000906637 0.0 
0.226512 -0.0432161 0.0 
0.000173419 -1.11446e-05 0.0 
0.0750447 -7.1621e-05 0.0 
0.0903199 -0.0102582 0.0 
0.00160972 -0.00130727 0.0 
0.00313367 -0.00220547 0.0 
0.000342014 0.00179177 0.0 
0.0658354 -0.00013644 0.0 
0.00015648 3.65353e-05 0.0 
0.164125 -0.102515 0.0 
0.0101594 -0.00383765 0.0 
0 0 0.0 
0.00943452 -0.00493521 0.0 
0.020057 -0.00402088 0.0 
0.000512805 -0.00275383 0.0 
0 0 0.0 
0.000353231 -2.8464e-05 0.0 
-1.43302e-05 8.40257e-05 0.0 
0.00425796 0.00647708 0.0 
-2.86562e-05 0.000116277 0.0 
0.00890797 -0.0235119 0.0 
0.172809 0.112039 0.0 
0.00035665 0.000245441 0.0 
0.348763 -0.0460612 0.0 
0.116612 0 0.0 
0 0 0.0 
0 0 0.0 
0.0590412 0.0644965 0.0 
0.0443253 0.00477413 0.0 
0.0265926 -0.042 0.0 
0.00143697 -0.00113505 0.0 
-1.08642e-05 -1.83096e-05 0.0 
0.282783 -0.0228644 0.0 
0 0 0.0 
0.319863 -0.049874 0.0 
0.140396 -0.000880896 0.0 
0.0919174 -0.00179871 0.0 
0.0696239 0.0216209 0.0 
0.0030831 -0.000504315 0.0 
0.0273936 0.0565652 0.0 
0.264903 0.000507542 0.0 
0.0102586 -0.00436653 0.0 
0.000339194 -9.19199e-05 0.0 
0.000294811 0.0015243 0.0 
0.0784541 0.000106847 0.0 
0.000673759 0.000327787 0.0 
0.263398 -0.00428779 0.0 
0.00505582 -0.00400706 0.0 
0.0347098 1.22023e-05 0.0 
0 0 0.0 
0.00136068 -0.00126356 0.0 
0.0146275 -0.00296417 0.0 
0.117375 0.000579474 0.0 
-0.000209396 -8.10524e-05 0.0 
0.0654604 0.000694675 0.0 
0.00104633 -0.000258271 0.0 
0.0127584 -0.00488913 0.0 
0.259919 0.00159541 0.0 
-4.23831e-05 0.000183433 0.0 
0.131619 0.131134 0.0 
0.145122 -0.130519 0.0 
0.00119176 0.00513969 0.0 
-0.000304557 0.000488932 0.0 
0.233971 0.0242175 0.0 
0.00107368 -0.00347468 0.0 
0.00569294 -0.00414512 0.0 
0.000423843 6.67429e-05 0.0 
0.0382613 8.55515e-05 0.0 
0.0010996 -0.00111543 0.0 
0.00690837 -0.00134662 0.0 
-0.00109532 -0.00548959 0.0 
0.131896 -0.000337054 0.0 
0.00127696 -0.00129274 0.0 
0.00202549 -0.00208697 0.0 
0 0 0.0 
0.00625662 0.00702463 0.0 
0 0 0.0 
0.0669826 0.00027887 0.0 
0.0057008 -0.000978469 0.0 
0.0306082 0.00966772 0.0 
0.0630583 -0.00022924 0.0 
0.12712 0.000253103 0.0 
0.038065 7.07816e-05 0.0 
0.00296982 0.000108039 0.0 
0.0108529 -0.0167972 0.0 
-0.000645648 0.00204668 0.0 
0 0 0.0 
0.0202163 -0.0432713 0.0 
0.0262301 -2.47063e-05 0.0 
0.000147898 -0.000548259 0.0 
0.00220029 0.00140501 0.0 
0.0062812 0.000696737 0.0 
-0.000397665 0.00119983 0.0 
0.00623906 -0.0102824 0.0 
-2.94558e-05 4.1434e-05 0.0 
0.000272954 6.96298e-05 0.0 
0.150467 -0.000214703 0.0 
0.268968 -0.000264465 0.0 
-6.60754e-05 0.000146703 0.0 
0.0131202 0.00660947 0.0 
0.00235955 -0.00281845 0.0 
0.00800067 -0.000860176 0.0 
0.000784815 1.98946e-05 0.0 
0.249289 -0.0147425 0.0 
0.00173969 -0.00447223 0.0 
0.00223113 -0.0025921 0.0 
0.00374375 -0.000884209 0.0 
0.00162866 0.00503959 0.0 
0.000493096 -0.000513637 0.0 
0 0 0.0 
-0.000293081 -0.000652945 0.0 
0 0 0.0 
0 0 0.0 
0 0 0.0 
0.100639 -0.000405734 0.0 
0.00397065 0.00903036 0.0 
-0.00139419 0.00368668 0.0 
0.0300481 0.0568942 0.0 
0.00010231 0.000205057 0.0 
0.000986647 -0.000111536 0.0 
0.0284821 -0.00773405 0.0 
0.00517988 0.000131232 0.0 
0.021341 8.35098e-06 0.0 
0.00574574 0.000497825 0.0 
0.0004757 0.000707636 0.0 
0.000640468 0.000170575 0.0 
0.00106515 0.00246971 0.0 
-0.0129552 -0.000248959 0.0 
-0.00021936 -0.000392355 0.0 
0.00937361 0.0155457 0.0 
0.0110688 0.000172148 0.0 
0 0 0.0 
0.0117032 0.00901332 0.0 
-0.000812012 -0.00278009 0.0 
0.00354997 0.000186761 0.0 
0.104295 0.00183884 0.0 
0.000685066 -0.000277852 0.0 
0.00696286 0.0101157 0.0 
0.0026682 0.00189626 0.0 
-6.00772e-06 -2.64921e-06 0.0 
0 0 0.0 
0.00250741 0.00631131 0.0 
0.127639 0.00167315 0.0 
0 0 0.0 
0.00619807 0.00138021 0.0 
0.0010083 -0.000407395 0.0 
-3.2857e-05 0.000138756 0.0 
0.0524247 0.0228075 0.0 
-1.18293e-05 -4.28995e-07 0.0 
0.00942819 -0.0227536 0.0 
-0.00185669 0.00469124 0.0 
0 0 0.0 
0 0 0.0 
0.00142527 -0.00193007 0.0 
0.00131422 0.00194402 0.0 
0.00192849 0.00517268 0.0 
0 0 0.0 
0 0 0.0 
0.0156703 -0.0135267 0.0 
0.0269011 -0.00941567 0.0 
0.00435505 -0.00623742 0.0 
0.00183806 0.00623913 0.0 
0.00432116 0 0.0 
0.00230326 -0.0002843 0.0 
0.0152952 0.00604354 0.0 
0.000103669 -7.51598e-05 0.0 
0.000247977 -0.000121124 0.0 
0.000853899 -0.00125628 0.0 
-1.16619e-06 -3.48699e-06 0.0 
0.0234797 0.00583972 0.0 
-0.000218939 0.000325265 0.0 
6.86909e-05 -4.80506e-05 0.0 
-0.000311855 -0.00113579 0.0 
0.00803758 -0.00281163 0.0 
0.0606089 0.000312996 0.0 
0.00817959 0.0226541 0.0 
-9.90396e-05 -0.000189449 0.0 
0.0681179 -0.106629 0.0 
0 0 0.0 
0.00123914 -0.000479641 0.0 
0 0 0.0 
0 0 0.0 
0.000656059 -0.00100215 0.0 
0.0111292 -0.000495592 0.0 
0.237166 0.000895441 0.0 
0.000811216 0.000211933 0.0 
-0.000875928 0.00153143 0.0 
0.00141162 0.000260704 0.0 
0.00953769 0 0.0 
0.0248982 -0.0014738 0.0 
0.00330339 0.000526543 0.0 
0.00141885 0.000817347 0.0 
0 0 0.0 
-0.000141322 0.000363815 0.0 
0 0 0.0 
0.126154 0.00058451 0.0 
0.0766266 -0.000706823 0.0 
0.11968 -0.000201986 0.0 
0.23366 0.178343 0.0 
0.0331612 -5.1673e-05 0.0 
0.000665005 0.000261896 0.0 
-4.96787e-05 -0.000127412 0.0 
0.0456786 -0.00669821 0.0 
0.000793095 -0.00360683 0.0 
-1.14893e-05 4.31138e-05 0.0 
0.00181992 -0.00144885 0.0 
8.07849e-05 -6.86529e-05 0.0 
0.00134258 0.00222148 0.0 
0.000897441 -0.00152635 0.0 
0.000432072 0.000196435 0.0 
0.267543 -0.00122283 0.0 
0.00053844 -0.0017216 0.0 
0.0142309 -0.00945493 0.0 
0.00152789 -0.0029804 0.0 
-0.000113172 -0.000564411 0.0 
-1.9948e-05 -3.58763e-05 0.0 
0.0036757 -0.00604622 0.0 
0.000555729 -0.00101027 0.0 
0.00384219 -0.00104507 0.0 
0.0339569 5.17098e-05 0.0 
0.000627453 -0.00122253 0.0 
0.00400104 -0.0054609 0.0 
0.0294767 -5.15281e-05 0.0 
-0.000104014 0.000141851 0.0 
0.0716564 0.00286425 0.0 
-1.96633e-05 1.05254e-05 0.0 
-0.000193098 0.000291105 0.0 
0.000269694 -0.00012881 0.0 
0 0 0.0 
0.0014299 -0.00283489 0.0 
0.00235951 0.00362362 0.0 
0.165214 -0.0153708 0.0 
0 0 0.0 
0.0128527 -0.00105415 0.0 
0 0 0.0 
0.020718 4.17357e-05 0.0 
0.00911216 -0.0189337 0.0 
0.000358024 -0.000772408 0.0 
0.217599 -0.0086933 0.0 
-0.000217457 0.000445531 0.0 
0.00277331 -0.006053 0.0 
0.0793167 -1.45578e-05 0.0 
0.0154918 0.00247007 0.0 
0.00206405 -0.00567122 0.0 
0.000508998 -0.00174334 0.0 
-0.00011697 0.00041256 0.0 
0.0334441 7.88841e-05 0.0 
0.0112082 0.00272564 0.0 
-6.02004e-05 0.000162161 0.0 
0.000365043 0.000190374 0.0 
0.0398255 5.56284e-06 0.0 
-0.000118805 0.000393339 0.0 
0.231309 -0.121893 0.0 
0 0 0.0 
0.000215511 -0.000219112 0.0 
-0.00434367 0.00236634 0.0 
0.0010767 -0.00464906 0.0 
0.00962735 0.00124059 0.0 
0.0708015 -0.000628365 0.0 
0.0794138 0.00960809 0.0 
0.00950575 0.00455023 0.0 
0.000376365 0.000237808 0.0 
0.000219499 -0.00115244 0.0 
-0.00337663 0.00292042 0.0 
0.0028729 -0.00200427 0.0 
0.000179748 -0.00011956 0.0 
0.000810391 0.00268316 0.0 
0.0790247 -0.0514647 0.0 
-0.000178233 -0.000274986 0.0 
0.0118177 -0.00210673 0.0 
0 0 0.0 
0.00039301 -0.000934245 0.0 
0.0010797 -0.000347195 0.0 
0 0 0.0 
0.0705802 0.000892175 0.0 
0.145162 0.0246275 0.0 
-7.0173e-05 9.38675e-05 0.0 
-0.00134953 -0.00350668 0.0 
-5.84083e-05 -0.00032554 0.0 
0.0942535 0.00079284 0.0 
0.231283 0.0198783 0.0 
-0.000251124 -0.000497556 0.0 
-0.000365039 0.000557027 0.0 
0.244307 -7.36316e-05 0.0 
0.00858815 -0.00186626 0.0 
0.00141572 -0.00450894 0.0 
0.0369823 0.000152453 0.0 
0.000513901 -0.00128707 0.0 
0.18814 -0.0248606 0.0 
-5.6811e-06 3.35086e-05 0.0 
0.197506 -0.0809674 0.0 
0.163652 0.0125646 0.0 
0.00392937 -0.0113092 0.0 
0.10946 -0.137655 0.0 
0 0 0.0 
0.00321696 -0.00119823 0.0 
0.116756 -0.132266 0.0 
-9.40406e-05 -1.26784e-06 0.0 
0.0244537 -0.00374558 0.0 
0.000161748 0.00018345 0.0 
0.110499 -0.000378839 0.0 
0.000211212 -0.000849722 0.0 
0.000412103 -1.08995e-06 0.0 
0.00129804 0.000598822 0.0 
0.00315711 -0.00123694 0.0 
0.048362 -5.46023e-05 0.0 
0.0286129 -0.0138755 0.0 
-5.93301e-06 1.07994e-05 0.0 
-4.53393e-05 0.000107713 0.0 
0.0400582 -0.0113355 0.0 
0.00465344 0.000762505 0.0 
0.00529517 -0.00351649 0.0 
0.0665274 -1.15525e-05 0.0 
0.0574777 -9.3363e-05 0.0 
0 0 0.0 
0.00366814 -0.0057246 0.0 
0.00450952 -0.00669759 0.0 
0.0122501 -0.00576962 0.0 
0.106925 0.000111043 0.0 
0.021877 -8.47045e-05 0.0 
0.176687 -0.0088806 0.0 
0.00365005 0.00206143 0.0 
0.0203577 -0.00165591 0.0 
0.0123577 -0.00335508 0.0 
0.00613251 -0.0198557 0.0 
0.00123981 0.00475554 0.0 
0.0582006 0.0906846 0.0 
0.00147332 0.00590621 0.0 
0.158599 -2.59127e-05 0.0 
0.239849 0.0291152 0.0 
0 0 0.0 
0.0349293 -5.6263e-06 0.0 
0.00181477 0.00492459 0.0 
0 0 0.0 
0.000664622 0.000189938 0.0 
-0.00128298 0.0029678 0.0 
0.149601 -0.0010486 0.0 
0.000735978 0.00295245 0.0 
0.0185786 -0.0436873 0.0 
0.0544129 -0.0686563 0.0 
0.00485784 0.000684435 0.0 
0.0086322 0.0242391 0.0 
-0.000190978 -0.000368625 0.0 
0.000690134 0.00329933 0.0 
0.00108765 -0.000275468 0.0 
0.012362 -3.68946e-06 0.0 
0.0149535 0.0144872 0.0 
-0.000426536 0.00120964 0.0 
0.000236222 -0.000989231 0.0 
0 0 0.0 
0.000908162 -0.00466091 0.0 
8.83648e-05 0.000167911 0.0 
7.73355e-05 -0.000519112 0.0 
-0.000124735 -0.000219086 0.0 
0.0613406 -0.0471136 0.0 
0.000120874 -0.000529859 0.0 
0.00183704 0.000258678 0.0 
0.00235496 0.00404434 0.0 
0.00633391 -0.00188236 0.0 
0.00039686 0.000131839 0.0 
0 0 0.0 
-2.92507e-05 0.000102507 0.0 
-0.00134055 -0.00323096 0.0 
0.000141638 6.51708e-05 0.0 
-0.000120447 0.0005475 0.0 
0.0637991 0 0.0 
-0.000894269 -0.00172713 0.0 
0.00786092 0.00245824 0.0 
0 0 0.0 
-1.0949e-05 5.49601e-05 0.0 
0 0 0.0 
0.110749 -0.0396783 0.0 
5.24948e-05 -0.000353634 0.0 
0.0021245 -0.00873285 0.0 
0.0647541 -0.000472162 0.0 
0.0739367 -0.00107265 0.0 
0 0 0.0 
0.000584855 0.00287977 0.0 
0.146388 0.00014093 0.0 
0.00247015 0.000144885 0.0 
0.0943488 5.44242e-06 0.0 
0.120167 -0.000479707 0.0 
0 0 0.0 
0.0280407 0.0103593 0.0 
-0.000348306 -0.000805051 0.0 
0 0 0.0 
0.0295055 0.0195144 0.0 
0.0113016 0.00347711 0.0 
0.0115687 0.0221795 0.0 
0.00176554 0.000673187 0.0 
0.0573175 -0.0515057 0.0 
0.00655775 -0.0103253 0.0 
0.108674 0.0434538 0.0 
0.000268661 0.000143574 0.0 
0.00372444 0.00421599 0.0 
0.197138 0.000966316 0.0 
0.0043826 0.0106672 0.0 
0.00229613 -0.000447849 0.0 
0.0815294 0.00681959 0.0 
-0.0126097 -0.000903496 0.0 
0.000229863 -9.94048e-05 0.0 
-2.50347e-05 -3.88545e-05 0.0 
0.000934018 0.000141197 0.0 
-1.24381e-05 1.29587e-05 0.0 
0.00279386 0.00476707 0.0 
0 0 0.0 
0.206439 -0.000380723 0.0 
-0.000110939 -0.000162156 0.0 
0.000655611 0.00311222 0.0 
-0.00021249 -0.000711685 0.0 
0.00190433 0.000620185 0.0 
0.0022847 -0.000980736 0.0 
0.00199954 -0.00135127 0.0 
0 0 0.0 
0.00242805 -0.000947164 0.0 
0.000142034 0.000782007 0.0 
0.0150808 0.0012791 0.0 
0.0131915 -0.000266697 0.0 
0.00021309 -7.51779e-05 0.0 
-5.6032e-05 -0.000136977 0.0 
9.32683e-06 3.42364e-05 0.0 
-1.42091e-05 1.82892e-05 0.0 
0.17643 0.00157102 0.0 
0.00202795 -0.00314728 0.0 
0.00233121 -5.18545e-05 0.0 
6.97256e-05 -4.94105e-05 0.0 
0.00278479 0.00243497 0.0 
-0.000136973 0.000203701 0.0 
0.0018646 -0.00225689 0.0 
0.00124674 0.000791081 0.0 
-0.000776868 0.00173501 0.0 
0.00575667 -0.00241174 0.0 
0.0130265 -0.0098045 0.0 
0.0960255 0.0227567 0.0 
0.0213975 -3.23613e-06 0.0 
0.000503806 -0.00284747 0.0 
0.0153498 0.00882158 0.0 
0.0377919 -0.0283326 0.0 
0.257057 0.0519743 0.0 
0.0063109 0.00807563 0.0 
0 0 0.0 
0.161507 -0.000171774 0.0 
0.00462378 -0.00984339 0.0 
0 0 0.0 
0.103686 -0.00153393 0.0 
0 0 0.0 
0.00106222 0.00062292 0.0 
0.0133245 -0.0128008 0.0 
0.00549356 0.00265519 0.0 
-0.000507341 0.00119586 0.0 
0 0 0.0 
0 0 0.0 
0 0 0.0 
-1.31822e-05 2.36911e-05 0.0 
0.00635665 0.00960356 0.0 
0 0 0.0 
0 0 0.0 
0.0017595 0.00675744 0.0 
0.00139138 0.000524993 0.0 
0.00208331 0.00268307 0.0 
0 0 0.0 
0 0 0.0 
0.00800235 0.00246418 0.0 
0.00880998 -0.00299086 0.0 
0.00635582 0.00450772 0.0 
0.0550325 -0.000571683 0.0 
0.000113997 -7.58035e-06 0.0 
0.0027219 0.000473254 0.0 
0.0199318 -0.00699456 0.0 
0.00053771 -0.000308637 0.0 
0.0592264 0.022028 0.0 
0.00315154 -0.00229079 0.0 
0.00505736 -0.00820199 0.0 
0.0945894 -0.000112857 0.0 
0.0123555 -0.000132325 0.0 
0.00242051 0.000868436 0.0 
0.00170136 0.000976745 0.0 
-1.26061e-05 -7.08959e-05 0.0 
-2.27336e-05 -8.91052e-05 0.0 
0.0031279 0.000351943 0.0 
-5.8367e-05 -0.000272073 0.0 
0.0730895 -0.00143463 0.0 
0.0134969 3.95375e-06 0.0 
0.0516455 -6.28597e-05 0.0 
0.00616288 -0.0053486 0.0 
-0.000461451 0.000938189 0.0 
0.00216152 0 0.0 
0 0 0.0 
0 0 0.0 
0.0157558 -0.00562579 0.0 
-0.000143833 0.000337607 0.0 
0.00736477 0.00027973 0.0 
0.0108682 -0.0176495 0.0 
-0.00101271 -0.00259958 0.0 
0 0 0.0 
0 0 0.0 
0.0808859 0.00105942 0.0 
3.59868e-05 2.78828e-05 0.0 
-0.000448063 0.00117668 0.0 
0 0 0.0 
  </DataArray>
  <DataArray type = "Float64" Name="Pression" format="ascii">
0.0647142
0.0631695
0.00724469
0.00616112
0.13241
0.0162382
0.00386904
0.0395075
0.00599603
0.0175286
0.0164792
0.0232931
0.0216038
0.0149111
0.0255825
0.00593297
0.0160957
0.0278774
0.0938594
0.027499
0.0294704
0.0279216
0.0144433
0.0258551
0.0270622
0.0276726
0.053253
0.0101267
0.0836566
0.0118285
0.0278344
0.0252658
0.0237791
0.0211826
0.0113104
0.0265626
0.0267505
0.115937
0.0239504
0.0177477
0.0124432
0.017196
0.00895593
0.00203841
0.0195272
0.0435983
0.0272589
0.0257948
0.0238672
0.0224345
0.00329326
0.0249503
3.6486e-194
0.00701959
0.0168258
0.0157839
0.0068898
0.0203707
0.0156032
0.130064
0.0209382
0.0207474
0.00871493
-0.00502794
0.132116
0.0195542
0.0293438
0.0201781
0.0161844
0.104203
0.0245283
0.00722232
0.0213613
0.107964
0.131874
0.00274553
0.00643478
0.00683416
0.0111683
0.0159586
0.0179653
0.0139678
0.00941687
0.0114011
0.00827908
0.0224172
-0.00211097
0.0141977
0.0107696
0.0121055
0.0152708
-0.00591304
0.0225185
0.00387934
0.0146911
0.012028
0.0105704
0.0143145
0.013537
0.016869
0.0276045
0.0122324
0.0532024
0.00419661
0.013602
0.106977
0.00501686
0.0103606
0.0200518
0.00241548
0.006005
0.0382533
0
0.0745626
0.0270949
0.00963968
0
0.015666
0.0282673
0.131302
0.00898894
0.0145512
0.00781367
-0.00341152
0.000755517
0.00762589
0.0074261
0.00130153
0.000264579
0.000877024
0.0116721
0.132249
0.00500107
0.00163389
0.00663955
0.0185165
0.00551808
0.000487565
0.0157228
0.111298
0.00813354
0.0847411
0.109386
0.0052605
0.00890176
0.117158
0.013057
0.00475144
0.0159917
0.0122769
-0.00688619
0.0750277
0.00449716
0.00310388
0.0238294
0.00150921
0.0519594
0.01896
0.00446172
0.0631696
0.00592121
0.0236128
0.00109891
0.00258322
0.0991233
0.00222903
0.022182
0.00052659
0.00738235
0.0158956
0.0214376
0.00632014
0.0151334
0.00275813
0.00222377
0.104094
0.06452
0.00567356
0.00474598
0.00345267
0.0440249
0.0196203
0
0.0255244
0.00236219
0.017762
0.00919893
0.0194522
0.00479923
0.0144121
0.0734246
0.0075522
0.0275802
0.00248794
0
0.0942502
0.00801476
0.00616504
0.0188506
0.012898
0
0.00364759
0.00942868
0.0292092
0.0277641
0.000490619
0.0219594
0.00583758
0.0141675
0.0162767
0.00293672
0.00966735
0.00414496
0.00659092
0.00574535
0.00847445
0.0152259
0.00769999
0.00784088
0.0119538
0.00823348
0.0274584
0.00719149
0.0163677
0.0116503
0.0239797
0.00332049
0.0206433
0.0323248
0.00875065
0.0249927
0.0171109
0.020106
0.0103631
0.021921
0.0273352
0.0150289
0.0631608
0.0781355
0.0631152
0.0229797
0.0559839
0.0236991
0.0281594
0.0160599
0.00301901
0.0267503
0.0127312
0.0109503
0.0922635
0.0144571
0.0155643
0.0132171
0.0251514
0.0216756
0.0956994
0.103071
0.0646023
0.105547
0.0138144
0.0453802
0.0726618
0.0207539
0.0187661
0.0175714
0.0146339
0.0161814
0.0277785
0.0249516
0.020369
0.00701224
0.0179815
0.0268656
0.131694
0.0276473
0.0192062
0.023437
0.0185971
0.0166186
0.0381696
0.0242704
0.00664956
0.02713
0.0209204
0.00827375
0.0198623
0.0635792
0.0104322
0.0621349
0.0272567
0.0151592
0.015428
0.0274507
0.0334507
0.0639806
0.00048551
0.031184
0.0998928
0.0645519
0.00125404
0.0259736
-0.00394747
-0.00363613
0.0636102
0.0151167
0.0961627
0.0221912
0.0121049
0.0444498
0.0247841
0.0100085
0.016164
0.00856004
0.00416997
0.0642394
0.0330957
0.0276268
0.0264374
0.0253041
0.00444814
0.0266198
0.127867
0.0269694
0.0149529
0.0270509
0.026216
0.0611378
0.0428774
0.0456074
0.0174241
0.0129944
0.0280554
0.0140226
-0.00114931
0.0644349
0.0273346
0.00926735
0.0582246
0.0010116
0.063749
0.0214712
0.0269451
0.027373
0.016642
0.0597202
0.0812051
0.0289991
0.0276845
0.0278727
0.0630271
0.0286274
0.00763492
0.0498667
0.0862124
0.0568058
0.0246514
0.005383
0.0234682
0.00675732
0.0344662
0.044794
0.0367451
0.00402495
0.0398653
0.028506
0.0477182
0.0355232
0.0276709
0.00306466
0.0160752
0.010167
0.00537041
0.0144276
0.00758695
0.0108694
0.00535878
0.0272926
0.0107423
0.027273
0.0763814
0.0171651
0.0204895
0.0746941
0.0237932
-0.000135311
0.130442
0.00628713
0.125174
0.00707194
0.0606026
0.0887218
0.0157656
0.000782707
0.00602663
0.00092151
0.0100203
0.02734
0.00208082
0.00533507
0.0599158
0.0134433
0.0272872
0.0192193
0.0572796
-0.00400935
0.0160842
0.0417661
0.00360932
0.00555488
0.0279069
0.0205843
0.0561478
0.0164366
0.00732496
0.00281629
0.030059
0.0163145
0.0322427
0.0111938
0.0645166
0.0150708
0.0159676
0.132024
0.131568
0.130726
0.129902
0.129115
0.128074
0.12714
0.125876
0.124858
0.123758
0.121674
0.119936
0.118235
0.116737
0.115245
0.113499
0.110422
0.108193
0.106407
0.10436
0.101925
0.0996339
0.097335
0.0940083
0.0917013
0.088766
0.0854938
0.0830153
0.0807214
0.0785225
0.0758203
0.0735325
0.0714645
0.0689936
0.0664084
0.0637065
0.0611995
0.0596247
0.0574295
0.0549089
0.0524996
0.0500657
0.0469204
0.0440329
0.0406922
0.0373861
0.0344581
0.0317963
0.0292117
0.0280642
0.0272573
0.0255382
0.0232722
0.0205692
0.0178483
0.0153411
0.0132953
0.01147
0.00984047
0.00791407
0.00659811
0.00560955
0.00461231
0.00340856
0.00240008
0.00186989
0.00117585
0.000169466
-0.00174239
-0.00246397
-0.00260249
-0.00290756
-0.00322377
-0.0034118
-0.00340561
-0.00349243
-0.00423776
-0.005051
-0.00583453
-0.00621424
-0.00674323
-0.00695936
-0.00667439
-0.00666768
-0.00672972
-0.00685382
-0.00668087
-0.00662144
-0.0067159
-0.00643766
-0.00569478
-0.00512221
-0.0050343
-0.00424302
-0.00388949
-0.00373035
-0.00370489
-0.0032586
-0.00268835
-0.0022194
-0.00212542
-0.00185567
-0.00142119
-0.00101283
-0.000726836
-0.000357269
0.000173426
0.000553727
0.000716598
0.00087531
0.00146068
0.00203168
0.00255495
0.00300945
0.00360204
0.00414415
0.00447782
0.00469338
0.00515156
0.00557818
0.00609591
0.00659841
0.007058
0.00749884
0.00786002
0.0083929
0.00877727
0.00920298
0.00957988
0.00999798
0.0104743
0.0109412
0.0113209
0.0116067
0.011808
0.012003
0.0122548
0.0125648
0.0128657
0.0132014
0.0134632
0.0137565
0.0140035
0.0142428
0.0144621
0.0146791
0.0148624
0.015018
0.0151071
0.0152955
0.0154743
0.0157271
0.0158151
0.0159226
0.0160577
0.0161507
0.0161933
0.0162276
0.0161646
0.0160555
0.0159706
0.0158663
0.0157757
0.0156339
0.0154185
0.0152605
0.0151512
0.0149763
0.0147122
0.0145068
0.0143245
0.0141084
0.0138057
0.0135171
0.0132045
0.0129089
0.0126427
0.0123685
0.0121071
0.01181
0.011537
0.0112426
0.0108689
0.0105676
0.0102554
0.0097207
0.00905624
0.0085661
0.00836456
0.00793707
0.00739494
0.00696581
0.00655444
0.00598569
0.00547931
0.00497719
0.00446279
0.00408266
0.00363855
0.00325148
0.00283316
0.00238685
0.00198106
0.00162472
0.000784173
2.57084e-05
-9.03824e-05
-0.000320526
-0.000495803
-0.000763465
-0.00115589
-0.00178749
-0.00256963
-0.00344174
-0.0037938
-0.00409701
-0.00451601
-0.00539054
-0.00541143
-0.00575173
-0.00667204
-0.00749116
-0.00772342
-0.00780426
-0.00791789
-0.00763964
-0.0072104
-0.00687938
-0.00664958
-0.00659646
-0.0067863
-0.00696252
-0.00695417
-0.00653725
-0.0059057
-0.0054293
-0.00528501
-0.00525118
-0.00501513
-0.00497086
-0.00449633
-0.00378626
-0.00268181
-0.00122797
-9.04836e-05
0.000515662
0.000871126
0.00114091
0.00172649
0.00298635
0.00451208
0.00572861
0.00641595
0.00759937
0.00862468
0.0103055
0.0119755
0.0144917
0.0170733
0.0189536
0.0205698
0.0222515
0.0240978
0.026026
0.0279765
0.0306622
0.0336915
0.0366418
0.0385317
0.040516
0.0430152
0.0449963
0.0479028
0.0513107
0.0550847
0.0578612
0.0595167
0.0625506
0.065876
0.0688568
0.0715765
0.0736551
0.0757486
0.0773076
0.0796383
0.0831291
0.0862853
0.0901253
0.0922974
0.0943385
0.0946475
0.0978027
0.100356
0.102443
0.104536
0.106746
0.108597
0.110127
0.112504
0.115221
0.116853
0.118412
0.120198
0.121782
0.123928
0.125307
0.125925
0.127647
0.128622
0.129471
0.130516
0.131094
0.131554
0.132213
-0.000765527
0.00580446
0.024201
0.00678612
0.0985392
0.0234386
0.0509217
0.0376072
0.0176966
0.132234
0.00816441
0.00560121
0.0386682
0.0337601
0.0160942
0
0.00504025
0.0170843
0.00156939
0.00129786
0.0134619
0.0054816
0.00160322
0.00476407
0.00271754
-0.0052033
0.00633839
0.00566309
0.0066897
0.132385
0.0109334
0.120792
0.0162217
0.0602438
0.00587223
0.0675637
0.00182983
0.0261349
0.0271761
0.0631564
0.131989
0.0161055
0.131083
0.0058854
0.0885007
0.00688956
0.018921
0.123708
0.0161216
0.127981
0.0360831
0.0307998
0.129203
0.0155277
0.0168809
0.0052979
0.0213469
0.0154165
0.022025
0.0548312
0.0246226
0.0256836
0.025132
0.0275227
0.0205053
0
0.0025304
0.0239971
0.0152179
0.0417956
0.0414918
0.00402047
0.0161312
0.0864327
0.111778
-0.00693086
-0.00474369
0.00635541
0.0273639
0.040424
0.0581796
0.0146263
0.0231251
0.0539467
0.0267865
-0.00289371
0.0103421
0.0137964
0.0222528
0.0161041
0.00505566
0.114786
-0.0038665
0.0780714
-0.00694187
0.000886296
-0.00361465
0.00518052
0.014821
0.132277
0.0106678
0.00957075
0.00384867
0.0631126
-0.000497244
0.0161116
0.0644513
0.130005
0.0118086
-0.00551887
0.00482518
0.00324605
0.0516891
0.0768181
-0.00220208
0.00231738
0.101201
-0.00565696
0.013016
0.0987459
0.0285842
0.0262246
0.0157057
0.0646425
0.0630979
0.00253534
0.131346
0.0162067
0.034429
0.0136428
0.0147951
0.0147524
0.021767
-0.00425864
0.0314111
0.13056
-0.00440285
0.04353
0.00663676
0.0227853
0.0123675
0.0867926
0.126709
-0.00497587
-0.00233436
0.00395393
0.122475
0.131633
0.0358693
0.0278312
0.0211271
0.0324251
0.0366201
0.0647477
0.00527311
0.0273222
0.00755943
0.0284745
0.0695384
0.00879314
0.0162377
0.010203
-0.00646135
0.0646676
0.00891879
0.0745113
0.0631259
0.0122345
0.000691502
0.00120319
0.121457
0.00501988
0.131651
-0.00304678
0.00183856
0.015817
0.125421
0.00429952
0.0273417
0.0153558
0.0226858
0.00118856
0.00818495
0.119872
0.0548496
0.0049859
0.0632202
0.0020114
0.0161569
0.132444
0.0102315
0.0101657
0.00598941
0.0067547
0.0212718
0.0522124
0.0362269
0.0015133
0.0108778
0.0182908
0.0099713
0.0631764
0.00476672
0.00343935
-0.00151956
-0.00541109
0.0110931
0.00759099
0.00895127
0.0121709
0.0213711
0.0259914
-0.00661139
0.00410234
0.0162046
0.0153056
-0.00541485
0.00261001
0.00467196
0.0013149
0.0495374
0.0134807
-0.00697667
0.00909424
0.132241
0.122925
0.013701
0.0275617
0.00169244
0.0631112
0.00366288
0.00186337
0.0645062
0.0157155
0.120693
0.0472883
0.121823
0.0137336
0.014345
0.00438483
0.00194444
0.00622092
0.126656
0.0029357
0.037834
0.0153514
0.00507376
0.00521241
-0.00682607
0.0162152
0.000650207
0.119996
0.000285297
0.000527396
0.0134593
0.0154059
-0.00661745
0.0138427
0.00931087
0.0152652
0.0117872
0.00824686
0.0608216
0.0180386
0.031841
0.000873619
0.0173029
0.0112076
0.00625275
0.00858139
0.0231908
0.0161173
0.0149541
0.0156202
0.062903
0.0140565
0.0257447
0.0162345
0.01537
-0.00430686
0
0.00767617
0.000287857
0.0196691
0.00579698
0.00082883
0.0153853
0.000294134
0.00345165
0.0161383
0.00656123
0.016144
0.0158539
0.125235
0.0130211
0.123082
0.00790977
-0.00597225
0.0990234
0.00749286
0.0154203
0.0979547
0.0142055
-0.00482747
0.111234
0.00505024
0.0291801
0.0151611
0.0153824
0.0636209
0.125615
0.0159508
0.0165011
0.015642
0.124439
0.0186971
0.00495923
0.00369805
0.0227503
0.0651204
0.0382055
0.00543937
0.13221
0.0159218
0.125813
0.107946
0.0166096
0.0129589
0.00792036
0.124068
-0.00298496
0.0146215
0.016035
0.00954098
0.0158954
0.00487968
0.0216483
0.0091621
0.0272973
0.022068
0.0258074
-0.00773649
0.00592263
0.00277381
0.100792
0.0161958
0.129488
0.0967101
0.00123838
0.0145744
0.0310424
0.0154231
0.00761753
0.00730224
0.0199034
0.018575
0.0162126
0.0203748
0.0044504
-0.00721506
0.0159049
0.0231642
0.00649007
0.0152832
0.0156676
-0.00530072
-0.000216573
0.00107741
0.0156715
0.0773902
0.00242217
0.124507
0.000105763
0.0238263
0.000689145
0.0343929
-0.0065648
0.028145
0.00767535
0.109261
0.00509091
0.0060366
0.0151845
0.00217374
0.12635
0.00489429
0.00822139
0.0362701
0.0327119
0.015535
0
0.0159363
0.0161656
0.126913
0.0161933
0.015746
0.0042449
0.0532727
0.00601036
0.0619667
0.00580224
0.0232976
-0.00542781
-0.00732948
0.115531
0.00756202
0.00260698
0.095569
0.00373224
0.0003862
0.0618865
0.0607363
0.125791
0.0157733
0.0158554
0.11435
-0.00608404
0.0049087
0.0226973
0.0161957
0.126984
0.0155953
0.016228
0.0160741
0.000940995
0.0162089
-0.00454714
0.0106925
0.0161584
0.00859208
0.00155157
0.125851
0.091444
0.0172966
0.0154803
0.132144
0.0919226
0.0154182
0.00474127
0.015719
0.0155733
0.0162071
0.132332
-0.00490429
0.0154287
0.0162418
-0.00671586
0.0156147
0.0157355
0.00442836
0.0241568
0.00389359
0.0012693
0.015345
0.00291409
0.0161982
0.0106375
0.0176413
0.128775
0.00462521
0.127217
0.0179932
0.0154804
0.0285992
0.00218192
0.00469834
0.0108306
0.00551481
0.0272802
0.0100185
0.0292793
0.0314301
0.0157807
0.0223198
0.0282318
0.00775844
0.0267334
0.0314658
0.00186901
0.00771547
0.0300694
0.0273213
-0.00126883
0.118248
0.0581201
0.00211862
0.0150344
0.00583919
0.0139055
0.00590303
0.0150091
0.00117983
0.00517326
0.00418611
0.0177181
0.0113183
0.00217801
0.0110091
0.0631499
0.0154785
0.015569
0.0131769
-0.00613388
0.00843732
0.00440978
0.0157831
0.0142066
0.0452282
0.121438
0.000301553
0.0575441
0.0158369
0.0341009
0.00882071
0.00492947
0.0631697
0.013722
0.00490845
0.00839888
0.0162047
0.0114788
-0.000922161
0.0232399
0.000448763
0.0273688
0.0198162
0.00106879
0.132156
0.015065
0.130131
0.00454751
0.0153845
0.0136001
0.125169
0.00914152
0.00482734
0.13162
0.0162268
0.127993
0.0158914
0.0523403
0.0140985
0.128671
0.00574852
0.0277804
0.00291646
0.000819817
0.000344489
0.00975003
0.0761095
0.111651
0.0347552
0.0049889
0.0100581
0.01602
0.0142594
0.0160845
0.0286533
0.0105077
0.0156562
0.000355457
0.101753
0.0912489
0.00803441
0.00766867
0.015405
0.117181
0.00566382
0.122928
0.00837307
0.0186168
0.0156381
0.00147266
0.0706999
0.0177556
0.028041
0.0139621
0.0161235
0.0614578
0.00617991
0.00828964
0.00702527
0.0287904
0.0158612
0.0134062
0.0276652
0.00374727
0.00459008
0.0159442
0.0136832
0.0125614
0.0120579
0.00459258
0.00894182
0.0157543
0.00439148
0.0183212
0.0830071
0.00541957
0.00341075
0.0058099
0.00437941
0.0231622
0.129736
0.022955
0.0616493
0.00321306
0.0157281
0.0586138
0.112376
0.0844206
0.0154477
0.0183401
0.129229
0.0159842
0.0569633
0.00867572
0.0156523
0.00554462
-0.00312525
-0.00306189
0.0159537
0.0223804
0.0153321
0.0132882
-0.00677434
0.0631256
-0.002481
0.0161525
0.0650781
0.0161455
-0.000607269
0.0173832
0.0155665
1.8062e-06
0.0528163
0.0162233
0.0284298
0.0162188
0.00549846
-0.00664559
-0.00703505
0.00465042
-0.00587152
0.00896102
0.0158245
0.0083678
0.0105705
0.0157105
0.000633937
0.0272585
0.0104255
0.00903539
0.0429258
0.0185639
0.00992747
-0.00518623
0.0902411
0.0162325
0.00468466
0.117086
0.0143868
0.00510998
0.00128217
0.00273977
0.0279857
0.0152192
0.0157817
0.0155871
0.12179
0.0155078
0.00160999
0.0281662
0.0140632
0.00469508
-0.00334852
0.00172638
0.0623535
0.0186596
-0.0033729
0.0389799
0.00311476
0.00842806
0.0140567
0.00534784
0.126733
-0.00299105
0.00593106
0.0153006
0.123888
0.0161816
0.0194033
-0.00386684
0.0897536
-0.00361509
0.0185125
0.0139263
-0.00595672
-0.00157654
0.0186803
0.00949042
-0.00519399
-0.000197654
0.123108
0.115687
0.000511077
0.0917594
0.070098
0.0348785
0.0161387
-0.00617115
0.0623162
0.00713596
0.0126935
0.0228929
0.00087483
0.0574013
0.061392
0.0123673
0.036116
0.0233692
0.0189575
0.0101682
0.0545359
0.0161691
0.0189973
0.0591359
0.0459822
0.00670325
0.0328772
-0.00604608
0.0373689
0.0149592
0.000584543
0.016669
0.00498816
0.0400309
0.0159938
-0.0054163
0.0729172
0.0487295
-0.00580917
0.121275
0.00810602
0.00960062
0.016186
0.0135424
-0.00507753
0.0123751
0.0117974
0.0646916
0.0240702
0.0158819
0.000601177
0.131868
0.0161397
-0.00297837
0.062721
0.116578
0.0325073
0.129162
0.00691406
0.0076171
0.0202747
0.00795761
0.119911
-0.00652031
0.0308169
0.0161008
0.0319983
0.0915261
0.0640931
0.0483439
0.0107021
0.00202293
0.0593401
0.00930521
0.0466624
0.0630635
0.0191653
0.012713
0.0155056
0.010732
0.000284662
0.0202165
0.000496093
0.0278879
-0.00725834
0.00977118
0.00787916
0.00161361
-0.000281573
0.0135348
0.00223042
0.13005
0.0153203
-0.00649362
0.00469794
0.00385885
0.00799647
0.00588327
0.0156251
0.0905423
0.0293498
-0.00665826
0.00660267
0.00704436
-0.0037787
0.0263578
0.130006
0.0103995
0.0193013
0.0298501
0.0080324
0.0295313
0.00743885
0.012503
-0.00328306
-0.00468215
0.00843687
0.010685
0.025382
0.0275083
0.0184471
0.112342
0.0114984
-0.0039714
0.0536618
0.000626949
0.0276955
0.015558
0.00865801
0.00589299
0.132317
0.0015457
0.00944601
0.027326
0.00611046
-0.00214161
0.0208345
0.00809672
0.0144534
0.0141233
0.053154
0.00110516
0.0047615
0.0196005
0.01983
0
0.13202
0.00965341
0.0210433
0.00697117
0.00825814
-0.00660506
0.0248565
-0.00263055
0.0108928
0.0234932
0.00562297
0.00328949
0.0274149
0.104596
0.0243675
0.00712975
-0.00323192
-0.00722793
0.0158472
0.0257181
0.0995867
0.00803112
-0.00544796
0.0153127
-0.000897835
0.0129296
-0.00739811
0.0676374
-0.00491832
0.0153469
0.0164331
0.0615796
0.00944899
0.0017664
0.109127
0.0795432
0.0199637
0.0289437
0.00676208
0.0053151
0.0211588
0.0217218
0.00472687
0.00468968
0.00107298
0.0186261
0.0157932
0.00897303
0.0970645
0.0133391
0.0127312
0.00151668
0.0162207
0.00099911
0.0272477
0.0045186
0.0809597
0.00680865
0.00914658
0.00127886
0.00529479
0.0104656
0.000812919
0.0110144
0.0149552
0.00586963
0.0707567
-0.00723725
0.0158596
0.00461531
0.0271277
0.00534776
0.049294
0.0159808
0.0144817
0.000988668
0.00471222
0.00557344
0.00643072
-0.00460229
0.0237397
0.00692026
0.0643174
0.081267
0.00565272
0.0943819
0.100255
0.023503
0.0195541
0.0630967
0.00484795
0.00775143
0.0155503
0.00127976
0.0239123
0.0120893
0.00441725
0.064694
0.00701237
0.00967928
0.0126178
0.00436797
0.0083999
0.0312612
0.0243613
0.00292457
0.00745868
0.0132105
0.0253335
0.0188394
0.0020293
0.113833
0.0138844
0.029729
0.131961
-0.00548012
0.0147218
0.0236965
0.019018
0.0159275
0.00780673
0.00559562
0.0076332
0.000420776
0.00656065
0
0.00237431
0.0105551
0.00503656
0.011265
-0.0036981
0.0180946
0.0651449
0.0233707
0.105666
0.00326284
0.0240863
0.0249357
0.0182203
0.0266573
0.0156244
0.00118175
0.000747747
0.00040208
0.000439927
0.0277261
0.0231597
0.0308907
0.00292956
0.0232299
0.131907
0.00949909
0.0025466
0.0228088
0.0198876
-0.00619907
0.0424724
0.00478022
0.0115387
0.00075479
0.0269323
0.0783551
0.0262955
-0.00337056
0.00180572
0.00474033
0.0809348
0.0130798
0.00109088
0.000468621
0.0728627
0.0229493
0.0144017
0.0599215
0.0151745
0.0237689
-0.00649898
0.00187142
0.132057
0.00529609
0.00872711
0.0243
0.00858322
0.0207481
0.00795414
0.00108926
0.0135517
0.0972708
0.0160612
0.00520656
0.00500152
0.001053
0.00128505
0.132137
-0.00489375
0.0059131
0.0221445
0.00471364
0.125817
0.0265499
0.0927641
0.00727454
-0.00236962
0.130392
0.0161067
0.00489834
0.00496958
0.0105015
0.0669914
-0.00451975
0.00153234
0.00510225
0.131046
0.00943417
0.0280721
0.0296555
0.00038126
0.00606464
0.00865376
-0.00285486
0.131453
0.0278883
0.0155337
0.0126848
-0.00391161
-0.00669593
-0.00388354
0.00546029
0.00621249
0.0121017
0.000547858
0.051367
0.00264752
0.0487982
0.000439966
0.000895503
0.00573501
-0.00207638
-0.00312228
-0.00603579
0.128004
-0.00638438
0.0137775
-0.00643182
0.00517216
0.00664177
0.000599249
-0.00211281
0.0646792
0.0767825
-0.000737016
0.0639814
0.0240437
0.0154472
0.000598161
0.0314147
0.00771987
0.0275614
0.00707105
0.0153163
0.00394866
-0.00787911
-0.00309769
0.00166014
0.0197087
0.00489774
0.0728688
0.0688288
0.0221433
0.00489619
0.0905009
0.0618189
0.00950628
0.00745598
0.0158285
0.0740415
-0.00357562
0.00470458
0.0269142
0.111374
0.1321
0.122861
0.0152221
0.00353824
0.00855684
0.00526198
0.00172316
0.00965089
0.000690713
1.62755e-06
0.0640033
0.0161774
0.0149948
0.043297
0.118546
0.117117
-0.00423768
-0.00661993
0.00231951
0.0161323
0.0499097
-0.00462034
0.131154
0.0369916
-0.00604746
0.0481059
0.00578824
0.0157779
0.0110573
0.0152197
0.0158754
0.0543501
-0.00545425
0.0586183
0.131553
0.00501406
0.000569811
0.0181557
-0.00676173
0.0116046
0.015586
0.0630686
0.0288495
0.00876965
0.0155875
0.0121238
0.00503432
0.0159485
0.0154755
0.00493365
0.0631062
0.0133068
0.0156883
0.130101
0.0319174
0.0433933
0.016215
0.00917974
0.069825
0.0150046
-0.00389682
0.0124872
0.00866868
0.0920336
0.124537
0.0156792
0.0833012
0.125334
0.0444346
0.00844965
0.0856077
0.0746173
0.027057
0.0156875
-0.00511717
0.0784835
0.015745
0.131023
0.130021
0.00271022
0.0138154
0.0140251
0.0280264
0.00512185
0.0967662
-0.00744595
0.00741672
0.0887447
0.0147075
0.0901045
0.0157244
-0.00277563
0.131835
0.0670039
0.000711392
0.0631352
0.0379008
0.00118344
0.00357049
0.127012
0.064664
0.0684993
0.00453837
0.0385024
0.0764856
0.132311
0.127576
0.00229753
0.00279346
0.00258183
0.117277
0.00209148
0.0758077
0.0133925
0.0130419
0.014287
0.000559217
0.0715437
0.13246
0.13172
0.0154331
0.0111282
0.014983
0.102865
0.015577
0.000512645
0.0239958
0.0264533
0.0155953
-0.00753891
0.0770292
0.000260504
0.0453027
0.0173256
0.0727782
0.016227
0.0462398
0.070512
0.112594
0.0420473
0.00132308
0.046843
0.00646648
0.0198893
0.00848285
0.0213651
-0.00443593
0.0160509
0.0327794
0.0944452
0.0282942
0.0011367
0.0330019
0.0281653
0.0146653
0.030684
0.117519
0.0318596
0.0161458
0.0140123
0.00628422
0.0139183
0.13141
-0.00596103
0.0131203
-0.000935281
0.0101343
0.0248771
0.0145532
0.0630368
0.0551613
0.0452347
0.000485713
0.0133034
0.00230334
0.0246727
0.0397639
0.0188538
-0.00632627
0.0629326
0.0149373
0.027781
0.0053382
0.00612844
0.00604375
0.00133232
0.0174347
0.00105246
0.0645224
0.00209855
0.00462191
0.0508459
0.0150194
0.0148121
0.00201194
0.0160999
0.000302098
0.0147988
0.0109989
0.0236755
0.13186
0.00480111
0.0225294
0.0161365
0.015301
0.0293314
0.0195673
0.0289254
0.0177705
0.0110018
0.0168884
0.000620351
0.0151268
0.000983683
0.0129607
0.00957964
0.0401946
0.0339392
0.000305038
0.035257
0.00616413
0.0319057
0.00226577
0.0152964
0.0355337
0.0251569
0.00589294
0.117585
0.131092
0.0048728
0.0600063
-0.00787052
0.028141
-0.00496683
0.0950923
0.0291263
0.015305
0.0636716
0.0724896
-0.00333743
0.0164612
-0.00101525
0.0159333
0.000352909
0.0285204
0.0147457
0.0944145
0.0158629
0.127356
0.12669
0.0166386
0.0265567
0.0294123
-0.00677347
0.00119805
0.0107024
-0.00280827
0.0439898
0.029647
-0.00414565
0.116137
0.0107796
0.125119
0.0597313
0.0153542
0.0303538
0.102668
0.127483
0.132129
0.132286
-0.00519601
0.0451493
0.0162001
0.00731876
-0.000604086
-0.00506086
0.00203311
0.00527971
0.0140351
0.129511
0.00239614
0.00454922
-0.00733091
0.110595
0.0158186
0.124741
0.0148904
0.0149799
0.0115228
-0.00644742
0.125586
0.0362055
0.000819106
0.0315697
0.00662377
0.00948129
9.74449e-05
0.00416703
0.00159694
0.00240709
0.0275926
-0.00741639
0.00682606
0.117337
-0.00683292
0.129477
0.0420586
0.0972035
0.00618116
0.0244121
-0.00535077
0.113948
0.10673
0.0212685
0.049138
0.0154369
0.12418
0.028141
0.0124169
0.00777105
0.0318776
0.00597379
0.0135205
0.114803
-0.00424604
0.0290805
0.00381854
0.00761233
0.0256576
0.0537868
0.000734128
0.013384
0.0158531
-0.00549518
0.116617
0.000590104
0.0664007
-0.00785787
0.0813784
0.0121726
-0.00657356
0.0276835
-0.00150695
-0.00682134
0.0951719
0.10258
0.0663435
0.0112776
-0.0077249
0.012514
-0.00777732
0.0626962
-0.00767362
0.00656023
0.0162319
0.0175323
0.016054
0.0772612
0.0161802
0.00450013
0.0142041
0.115863
0.0281055
0.00454458
-0.000392268
0.0130584
0.113331
0.00459122
0.0615727
0.00503309
0.00436614
0.108108
0.0141604
0.0129693
0.0110837
0.0035711
0.0141889
0.0764784
0.0773709
0.00920674
0
0.0128873
0.0119043
0.0124719
0.10078
0.0102626
0.068423
0.0161475
0.000644712
0.0240343
0.132368
0.0120288
0.0328198
0.118427
0.0716771
0.0758653
0.128413
0.0167939
-0.00364025
0.0870495
0.0151321
0.132268
0.0160427
-0.00332179
0.0107704
0.00342067
0.107743
0.00367147
0.003265
0.0130564
-0.00200507
0.015991
0.0163672
0.00981418
0.00452017
0.130993
0.0159145
0.0146809
0.0153838
0.015932
0.0644794
0.0110482
0.0126144
0.110052
0.0626142
0.103411
0.0122416
0.00126165
0.00236189
0.0224577
0.017037
0.0875123
0.0274488
0.00819944
0.00643166
0.00356483
0.0216362
0.0306725
0.000166718
0.114846
0.108307
0.00307053
0.00729787
0.064502
0.112405
0.00598213
0.0959911
0.00803081
0.0166721
0.0202444
0.0146536
0.0137605
0.0935553
0.0127758
0.0296895
0.0159099
0.0158326
0.0181466
0.0148363
0.0105957
0.0903736
0.0056019
0.0817834
0.0928417
0.0192197
0.0278401
0.00619578
0.0318752
0.0055511
0.0705582
0.0997901
0.0162411
0.00187896
0.0179714
0.0312491
0.123974
0.0111853
0.00535482
0.0154205
0.00809569
0.0929836
0.0161975
0.0296683
0.0105463
0.00675193
0.0146419
0.0149413
0.0272691
-0.00675575
0.0264229
0.0272578
0.0607485
0.106014
0.0985009
0.0152692
0.0136054
0.000200445
0.0227069
0.0226643
0.0561386
0.0664322
-0.00466252
0.126691
0.114206
0.131902
0.0145129
0.0424022
0.0104163
0.00477653
0.0593562
0.121821
0.0159111
0.0881714
0.0124076
0.0445514
0.011052
0.00477289
0.0113273
0.119731
0.00890995
0.0585091
0.00504966
0.0107007
0.115064
0.0160302
0.0155906
0.110772
0.12177
0.0820727
0.0171908
0.0555853
0.00494068
0.0222988
0.0164967
0.0258809
0.0246933
0.011856
0.056754
0.0152958
0.0613222
0.0114135
0.0163395
-0.00368582
0.00906732
0.00340925
0.00448204
0.0144895
0.000355396
0.000775046
0.0307143
0.126194
0.027096
0.117374
-0.00420118
0.0175917
0.0120327
0.00231501
0.000193432
0.120026
0.0273562
0.0281132
0.11296
0.0144081
0.0135656
0.0112157
0.0360295
0.0185039
0.015694
0.00274762
0.00530034
0.00927882
0.0115466
0
0.0311375
0.0198594
0.00286956
0.0155618
0.116281
0.0151607
0.0408279
0.00779421
0.0354409
0.0161388
-0.00690776
0.0214726
0.0276162
0.0180705
0.110566
0.00887272
0.00360071
0.0160218
0.0134085
0.11606
-0.000142352
0.00904925
0.121833
0.0159203
0.0161696
0.066073
0.01618
0.0243724
0.0191393
0.0275558
0.0189049
0.0600684
0.0250405
0.107937
0.0276934
0.00928577
0.129114
0.0124122
-0.00199576
0.0151032
0.00571294
0.0704073
0.0393397
0.0158859
0.0144131
0.11579
0.0142401
0.0155914
0.0102861
-0.00167964
0.119394
0.0162252
0.019263
0.0253566
0.0224382
0.0134768
0.0133197
0.0274822
0.0307097
0.0106554
0.00938312
0.0159853
0.0342146
0.000113345
0.0177237
0.12988
0.0214118
0.129612
0.0169423
0.0161177
-0.00489567
0.0264939
0.0042758
0.119817
0.0159756
0.00201583
0.0355108
0.0149847
0.11814
0.000440676
0.00501192
0.00741158
0.00609675
0.132381
0.12798
0.0088437
-0.00617628
0.00958962
0.0158942
0.0283952
-0.00437464
0.0219693
0.105151
0.0627375
0.00323659
0.000295356
0.0161983
0.0201156
0.0188285
0.00517727
0.0145684
0.128563
-0.00100351
0.00577095
0.0459786
0.0105872
0.0335942
0.0277719
0.0321014
-0.00552817
0.0101363
0.00788685
0.131604
0.0276254
0.0161645
0.00673482
0.0169047
0.0167758
0.00473961
0.0118286
-0.0019435
0.0515619
-0.00333065
0.0127612
0.00459299
0.00899945
0.00864781
0.00225771
0.0283934
0.0206265
8.88895e-05
0.13036
0.122031
0.0281132
0.000499399
0.000124583
0.0098904
0.0131985
0.00610977
0.0175594
0.0217341
0.0129615
0.0300093
0.000336763
0.00773873
0.0157597
0.00940851
0.00858075
0.0276555
0.0158442
0.0028344
0.00160464
-0.00370051
0.0150285
0.0155148
0.0111312
0.108416
-0.00687846
0.12724
0.00338289
0.00636147
0.0973921
0.0151116
0.0123154
0.0101978
0.0237359
0.00521662
0.00674566
-0.00731709
-0.00102695
0.0205646
0.013805
0.00469184
0.0152189
0.0360965
0.0272068
0.00528919
0.0313194
-0.00184026
0.00420525
0.0835068
-1.75532e-302
-0.00499394
0.00530482
0.130819
0.00163284
0.00512308
-0.00770753
-0.00441876
0.021106
0.0128069
0.0155324
0.00902052
0.00860962
0.00620161
0.0563313
0.0203194
0.103038
0.00446496
0.00795604
0.0224915
0.049175
0.0279547
-0.000782358
-0.00213884
0.00543936
0.110403
0.00856425
0.0037832
0.00887932
0.0512876
0.00158255
0.00517573
0.0154852
0.00833587
0.0151909
-0.00664446
0.0886424
0.0274515
0.00608245
-0.00525513
0.0136237
0.0130598
0.0153917
0.0629956
0.00390726
0.016233
0.0151421
0.0158416
0.0631395
0.0183097
0.09283
-0.00702023
0.0108066
0.00205537
0.017095
0.11287
0.0151572
0.0113572
0.0147289
0.00329016
0.0140153
0.0471128
-0.00378417
-0.00480386
0.0273743
0.0471827
-0.00695219
0.006411
0.0302495
0.0194107
0.0645184
0.0235708
0.00922966
0.0187571
0.0864572
0.0019134
0.0114857
0.0313418
0.131982
0.014917
0.0143039
-0.00579116
0.0123075
0.103178
0.0264316
-0.00435723
-0.00513563
0.126849
0.0180127
0.0116968
0.131252
0.0054907
0.00230378
-0.00666928
0.000869181
0.0189789
0.128418
-0.00676357
-0.00522726
0.00841287
-0.00661123
0.0159704
-0.000133219
0.0269069
0.00577553
0.0114741
0.0118672
0.0271468
0.0167187
0.0385981
0.00673555
0.0615564
0.0882428
0.0173772
0.0298087
0.0588998
0.00989261
0.016879
0.0885936
0.0154212
0.0765667
0.101522
0.042524
0.0181852
0.0232611
0.0137049
-0.00540888
0.00645964
0.0552886
0.10729
0.015893
0.0161862
0.129037
0.0146736
0.000603047
-0.00099892
-0.000209989
0.0506483
0.0141316
0.0161854
0.0280765
0.00600829
0.00479262
0.0648514
0.0220579
0.00861872
-0.00230398
0.132322
-0.00774945
0.0253509
0.0160098
0.0276769
0.00663705
0.0016039
0.0025961
0.0168791
0.0152313
0.0153046
0.0139197
0.0517953
0.0275062
-0.0056274
-0.00676808
-0.000563377
0.0263639
0.0779742
-0.00637542
-0.00535956
0.00728133
0.0793588
0.0344082
0.0863928
-0.00439031
-0.00533377
0.0017102
0.0109474
-9.93956e-05
0.000673877
0.00424282
-0.00402469
0.132372
-0.0022233
0.00583065
0.00877983
-0.0041843
0.0604751
0.000510165
0.0049589
0.124266
0.0284217
0.00567928
0.00388621
0.0631121
0.0289918
0.107211
0.0633803
0.0224914
0.000879279
0.00462221
-0.00369905
0.00453432
-0.00475357
0.0645009
0.0162133
0.00797895
0.0162064
0.0323847
0.00145412
-0.00147169
0.0297112
0.0429654
0.0134075
0.00393983
0.00307686
0.00333633
0.123072
0.0241053
0.0151455
0.0160729
0.0143974
0.127643
-0.00336384
0.122665
0.0160813
-0.00461076
0.0015402
-0.00333503
-0.00134573
-0.00687042
0.00175369
0.0290011
0.000370747
0.130142
0.0155249
0.0693015
0.00142078
0.0151987
0.000452384
0.0171525
0.000302773
0.013747
0.00556659
0.00227815
0.0120968
-0.000403501
0.132403
0.130454
-0.0059898
0.0881337
0.0155018
0.00629621
1.74122e-05
0.000305567
0.0228759
0.0213404
0.0065437
0.000617667
0.0146725
0.0028071
0.0184011
0.126116
0.0261509
-0.0067825
0.132356
0.062866
0.0756554
0.000625865
0.00928854
0.0267452
0.112233
0
0.0152835
0.0158258
0.0143313
0.0146392
-0.00636183
0.00807578
-0.00207977
0.0408175
0.011065
0.00103133
-0.00166053
0.0644632
-8.33872e-05
0.0975841
0.00498964
-0.000602835
0.0659763
0.00853155
0.0959728
0.00975682
0.00562178
0.0252792
0.132127
0.0113693
0.00306824
0.0250931
-0.0042248
0.0101187
-0.00564479
0.0746482
0.132226
0.017439
0.0162309
0.0108375
0.0182197
0.0289751
0.00747489
0.014722
0.115868
0.00730812
0.130477
0.0302498
0.031547
0.0499511
0.130223
0.00359578
0.0172919
0.00329466
0.0292821
0.0162175
0.0466913
0.106652
0.00907599
0.0139103
0.00711342
0.00637148
0.0072873
0.0190764
0.000476766
0.129446
0.0231408
0.0911231
0.0153423
-0.00216042
0.0207635
0.112182
0.0169328
0.128899
0.00575467
0.113439
0.0159318
0.0273288
0.00576284
0.00205658
0.0193919
0.0116333
0.00549704
0.0298369
0.00113993
0.0307621
0.0104241
0.0161255
0.100074
0.0607814
0.00682966
0.00563539
0.0249357
0.00561862
0.0249694
0.0101453
0.0168834
0.128368
0.0835179
0.0202484
0.0222002
0.0278745
0.00188175
0.120908
0.0742062
0.0605328
0.120273
0.0669705
0.0150638
0.0159725
0.0142889
0.0161342
0.125616
0.12993
0.0105651
0.0141135
0.000297359
0.00254012
0.0236899
0.0128083
0.00880499
0.0224555
0.015004
0.0331208
0.0736811
0.084661
0.0455175
0.0867722
0.0139581
-0.00658084
0.110706
0.108716
0.00253864
0.0151036
0.109608
0.0590476
0.0100307
0.012115
0.0392742
0.0035386
0.120429
0.00922155
-0.00364618
0.0264385
0.015098
0.0113987
0.00706632
0.0211721
0.100826
0.000459101
0.0487486
-0.00212177
-0.00516909
0.0273169
0.0114442
0.00185275
0.0264222
0.0735619
0.0220002
0.0115152
0.0149855
0.0604183
0.0339698
0.054269
0.00753097
0.016147
0.00959791
-0.00435256
0.0117147
0.0996879
0.0161096
0.0132071
0.000865644
0.0259047
0.0808568
0.0119543
-0.00366381
0.0125016
0.0111819
0.0219073
0.00525641
0.0207768
0.0138619
0.0155274
0.0984114
0.111684
0.0198971
0.0138593
0.0145541
0.0215574
0.0132968
-0.00545271
0.0137514
0.097915
0.0148402
0.0277201
0.0917711
0.0874068
0.131455
0.0909543
0.0162155
0.0856891
0.129532
0.0279213
0.0854126
0.0160417
0.0160187
0.00275441
0.082521
0.062423
0.0141939
0.000385401
0.064608
0.0362757
0.01581
0.0158848
0.0855346
0.021967
0.0797295
0.00728128
0.0243157
0.016155
0.00578058
0.00158125
0.01605
0.0132828
0.00337253
0.0214997
0.0285821
0.00418981
0.0153988
0.0208142
0.0195676
0.0429784
0.0737746
-0.00109602
0.0181617
0.00797858
0.0871543
0.0192458
0.0157716
0.10759
0.0209511
0.131673
0.0143781
0.0255911
0.0272457
0.0581939
0.0561906
-0.00293168
0.0510884
0.0505993
0.0272702
0.0241281
0.000388967
0.0160432
0.0244508
0.0159492
0.0460845
0.0289471
0.01517
0.0158248
0.0155963
0.022712
0.0395239
0.0249654
0.125309
0.130884
0.0410145
0.00595006
0.0287893
0.131167
0.016143
0.0551094
0.0375868
0.0278271
0.00540047
0.0646401
0.0371155
0.0982139
0.00212276
0.0112261
0.00992775
0.0322144
0.027431
0.122422
0.0143087
0.0162261
0.00981925
0.105313
0.0350527
0.0328067
0.0158958
-0.00160989
0.010979
0.0149025
0.0026614
0.128192
0.0127596
0.0108544
0.0103986
0.0154179
0.00583573
0.00721795
0.00095475
0.00062445
0.0234079
-0.000112399
0.0122976
0.00751696
0.131169
0.04977
0.0299332
0.0265665
0.028146
0.0216602
0.122887
0.025582
0.0206096
0.0660688
0.0080698
0.0280443
0.0106358
0.0136941
0.0150243
0.00149344
0.0517059
0.014997
0.00662892
0.0158074
0.0159569
0.0398064
0.0152467
0.010593
0.00544334
0.00635664
0.0052502
0.0280288
0.0150577
0.0961957
0.0151208
0.0646014
0.00362234
0.00424421
0.0488598
0.0232041
0.0102616
0.0125095
0.044171
0.00589082
0.0274838
-0.000196298
0.0105966
0.00415814
0.00174252
0.0928399
0.00321032
0.00410506
0.0128479
1.50856e-268
0.0367541
0.0318363
0.108566
0.129228
0.00142064
0.0289935
0.0291352
0.0140331
0.0143641
0.0673705
0.000923433
0.0215794
0
0.00747407
0.0198158
0.00607929
0.131488
-0.00164434
-0.000519954
0.042955
0.0113237
0.11435
0.0908949
0.0764733
0.0118597
0.0279565
0.00080362
0.0155239
0.0118613
0.0111194
0.0531239
0.00607039
0.0207678
0.0277997
0.0153273
0.0277469
0.0123155
0.0272974
0.0119826
0.000879936
0.00986037
0.0456955
0.0283035
0.131897
0.0106611
0.0522031
0.0595632
0.0747606
0.000544538
0.000441226
0.0131314
0.0131625
0.0588074
-0.00316069
0.0278985
0.0084449
0.0280834
0.0287864
0.0297812
0.00566135
0
0.0367974
0.0586741
0.00682618
0.0395093
0.0158736
0.0785624
0.0157873
0.0601063
0.0160617
0.00703756
0.024377
0.0611394
-2.05626e-06
0.00959858
0.0532587
0.0935228
0.0215035
0.079326
-0.000923481
0.00824061
0.044268
0.0725551
0.00423921
-0.00303532
0.0687542
0.0162259
0.0289986
0.002471
0.109695
0.0839671
0.0878967
0
0.013815
0.0323171
0.00144715
-0.00356193
-0.004993
0.054287
0.0139719
0.070341
0.0364113
0.057543
0.0284154
0.0295948
0.0280767
0.071167
0.0051855
0.0258908
0.0130687
0.00380308
0.025263
-0.00527673
0.12278
0.00457575
-0.00532934
-0.00535716
0.0237235
0.0229462
0.0153316
0.11372
0.0799864
0.00509559
0.0609308
0.017223
0.0239112
0.0630181
-0.000470548
0.091831
0.0132714
0.0498606
0.0372888
0.0202696
0.0035787
-0.000774009
0.0258514
0.00439237
0.0111264
0.123605
0.0963169
0.000249199
0.00460836
-0.00680487
0.00287886
-0.00517909
0.0282
0.0801123
-0.00573042
0.0175279
0.00472965
-0.00621591
0.108024
0.0113964
0.0405797
0.114821
0.0637246
0.0189172
0.0250938
0.101618
-0.00679167
0.0125653
0.00527644
-0.00416027
-0.00695834
0.0205829
0.00424553
0.000418738
0.00701255
0.00138683
0.0171316
0.00771768
0.0411445
0.0209421
0.00231568
-0.00662347
0.0157646
0.0252702
0.0112284
-0.0066564
0.128758
0.0165378
0.023074
0.123532
0.0063091
0.0239922
0.00344266
0.0645941
0.0628429
0.00676815
0.0220437
0.129798
0.00327694
0.0407014
0.00982934
0.103371
0.0283692
0.0138323
0.094606
0.128955
0.0769426
0.0282206
0.0541056
8.35879e-06
0.105213
0.0985398
0.125406
-0.00791809
0.072008
0.0390953
-0.00683582
-0.00704489
0.0540159
0.0205833
-0.00352817
0.00546304
0.000583643
0.103518
0.00223226
0.0145547
0.0159441
0.0181995
0.0823151
-0.00692575
0.00064676
0.0115383
0.113225
0.02872
0.0274454
0.0235864
0.00310078
0.131071
0.0920716
-0.00642287
0.0293068
0.130831
0.00920874
0.0122353
0.0615078
-0.000930902
0.0172686
0.131026
0.113089
0.00170481
0.0259183
0.0778069
0.01036
0.106681
0.00966076
0.014882
0.0242585
0.027242
0.0156224
0.0771241
0.0044793
0.0115219
0.127196
0.00480579
0.0159882
0.111791
0.0631587
0.132418
-0.00665544
0.0785672
0.0481287
-0.00214122
0.00427882
0.0164214
0.0584608
0.00308914
-0.00095968
0.00672514
0.014829
0.0631198
0.00261513
-0.00210315
0.0192292
0.0279591
0.0177953
0.00744078
0.0188529
0.046836
0.0161533
-0.0025136
0.0273507
0.130325
-0.00248446
-0.000354509
0.0275992
0.00276425
0.122815
0.0161119
-0.00513749
0.0316888
5.7785e-06
0.129401
0.00710048
0.0139969
0.0482681
0.127361
0.0159751
1.28158e-05
0.125571
-0.0069133
0.0153553
0.12149
0.131977
-0.00682808
0.125344
-0.00677152
0.00154274
0.00251621
0.000246233
0.00407816
0.00201648
0.00104182
0.0160555
0.0131501
-0.00665578
0.00102674
0.128013
0.114186
0.0631097
0.0103224
0.0264912
0.0946716
0.00536774
-0.0063387
-0.00339663
0.00833364
0.1311
-0.00340121
-0.00372705
0.0149851
0.0646975
0.00735489
0.0151147
0.0182518
0.0171805
-0.00669433
-0.00555844
0.0161091
0.131228
0.0180248
0.0106644
0.00603561
0.0130984
0.0163449
-0.00449884
0.120171
0.00945236
0.0149269
-0.0048138
0.0160166
0.00262979
0.00729558
0.131875
-0.00509345
0.00497095
0.132361
0.0135718
0.0145573
0.00450186
0.00675389
0.124183
0.130809
0.00489112
0.00612507
0.124682
0.0151744
0.00218078
0.128884
0.0158009
0.012321
0.0156343
0.0114557
0.00506221
0.0136918
0.00924056
0.00939589
0.0850002
0.0155378
-0.00393359
0.014908
0.0297591
0.00703178
0.124484
0.0209459
0.00804014
-0.00217576
0.00284121
0.129472
0.0938348
-0.00325805
0.00608434
0.10573
0.0125096
0.0112205
0.015452
0.01177
0.0151767
0.00418619
0.0606364
-0.00265364
0.00118956
0.00884599
0.0132258
0.000510769
0.00579758
0.00446915
0.00190164
0.0155084
0.0110334
0.131988
0.00167766
0.112708
0.0150451
0.0155775
0.121584
0.129926
0.13235
0.0161726
0.0158262
0.0231832
0.0176202
0.00875686
0.00179411
0.0117916
0.0789198
0.0156057
0.0139454
0.0134628
0.0137383
0.0135556
0.0138829
0.0974816
0.0118266
0.0163371
0.0915729
0.00103416
0.0356231
0.0121547
0.0141553
0.0192229
0.0158212
0.0106917
0.013227
0.000140823
0.0171538
0.0170507
0.0383174
0.0157983
0.0152879
0.0179306
0.0051637
0.015788
0.0233871
0.00524023
0.0173889
0.0205003
0.0147299
0.0153241
0.0294015
-0.00340648
0.120794
0.00981425
0.0276656
0.00971617
0.0861034
0.0157344
0.0153735
0.0976254
0.015411
-0.00555984
0.0416316
0.0484829
0.00583826
0.0157394
0.000143057
0.0891142
0.0155187
0.0971521
0.0502109
0.031645
0.0729944
0.0630938
0.0468796
0.00965012
0.0359844
0.0140854
0.0538146
0.0274259
0.015895
0.00997591
0.12567
0.126277
0.0159645
0.0162206
0.131818
0.0187045
0.0146794
0.0417991
0.00646668
0.0727595
0.00229407
0.0151833
0.0627502
0.00844502
0.0158192
0.0993242
0.00550846
0.0182314
0.00840143
0.0124634
0.00354036
0.0193952
0.0157123
0.0193767
0.126978
0.0146308
0.00566385
0.0125112
0.0176572
0.0087607
0.0135271
0.0138577
0.00342841
0.0174078
0.01625
0.0211438
0.130579
0.0160837
0.0157104
0.0519255
0.0161619
0.00567238
0.0967621
0.00846609
0.00358258
0.0178959
0.0685578
0.0135538
0.0161808
0.00934551
0.0157069
0.124498
0.0160715
0.0156459
0.00381356
0.0604468
0.125861
0.131212
0.127991
0.0154802
0.00621932
0.00577665
0.127563
0.0571949
0.122615
0.0815613
0.0152293
0.0136369
0.0201843
0.0160399
0.0160223
0.00575363
0.0995477
0.0158375
0.0157082
0.0159435
0.129559
0.130605
0.016162
0.0182684
0.0715609
0.131624
0.0156104
0.016279
0.0152732
0.12767
0.00842179
0.0135375
0.0107105
0.125032
0.0152697
0.0110621
0.0152385
0.0241764
0.0301022
0.0248274
0.10783
0.0607914
0.0158334
0.0142411
0.128165
0.0148004
0.0136404
0.00210278
0.00572446
0.00786911
0.00524621
0.0206109
0.130305
0.0155473
0.0735091
0.129363
0.127286
0.00975721
0.0153849
0.0660274
0.0113922
0.127681
0.015759
0.015284
0.00788381
0.130264
0.0842388
0.00789195
0.130234
0.0078374
0.00113952
0.00548021
0.015481
0.0151153
0.0271389
0.00833967
0.0207044
0.0150626
0.0207978
0.127712
0.0109946
0.00565151
0.00701644
0.0159039
0.128108
0.015888
0.0147861
0.00873398
0.0797247
0.0157162
0.000994973
0.0891367
0.104761
0.0144718
0.0158238
0.0155329
0.00837041
0.00558617
0.0106327
0.00541168
0.0131025
0.0146533
0.0163605
0.0280254
0.0200999
0.00624004
0.00542242
0.129866
0.00564634
0.0194183
0.00716005
0.0132679
0.129365
0.0563696
0.0142562
0.01388
0.00363231
0.0992881
0.00630594
0.12227
0.00532217
0.0121283
0.0176807
0.00656292
0.0107856
0.0122837
0.131361
0.013029
0.128704
0.0113861
0.0168459
0.126832
0.128182
0.00574393
0.011838
0.00692026
0.00780517
0.016763
0.0120123
0.126322
0.00830441
0.094683
0.0182103
0.00861538
0.00123907
0.0170239
-0.00351909
0.01165
0.124314
0.016579
0.00964526
0.00909439
-0.00449876
-0.00499532
0.00625581
0.0103048
0.0110839
0.100231
0.0159298
0.0125984
0.0149742
0.008044
0.00852221
0.0162263
0.0100351
0.010827
0.0139607
0.130879
0.0201994
0.132215
0.00602702
0.00665798
0.0073141
0.00988523
0.00701939
0.0143362
0.129656
0.0156528
0.0275689
0.0152201
0.00665675
0.016126
0.00587743
0.130653
0.0171459
0.00847924
0.100692
0.10169
0.129477
0.0166465
0.0166077
0.0954817
0.0161359
0.00703801
0.00571296
0.00872183
0.00726992
0.00748648
0.00527366
0.115617
-0.000629634
0.0161647
0.0104345
0.0183268
0.0267541
0.00704644
0.101837
0.00832073
0.0256207
0.00811197
0.0136091
0.0145774
0.125287
0.0647026
0.102592
0.116318
0.0167943
0.016118
0.0115679
0.0149687
0.0137034
0.00760008
0.0143654
0.00255374
0.00779239
0.112353
0.0081712
0.0646442
0.0055972
0.0160336
0.0134779
0.0157688
0.117986
0.00158204
0.0209731
0.00255018
0.00541114
0.00915883
0.0133632
0.1072
0.103902
0.017001
0.123589
0.00379217
0.108265
0.112292
0.000389143
0.000827467
0.0081346
-0.00387591
0.00466329
0.0126534
0.0160161
0.00512079
0.0987031
0.015309
0.00443437
0.00450679
0.00419484
0.0109623
0.00962522
0.00456615
0.0160802
0.0197337
0.00995346
0.0130785
0.0027822
0.0932611
0.110509
0.0189086
0.0482831
-0.00755
0.0133506
0.00729042
-0.0053936
0.000229168
0.0217694
0.0257075
0.000866068
0.00653745
6.13606e-168
0.00640425
0.00802415
-0.00286779
0.0629325
0.00769646
0.0112887
-0.000606583
-0.00253323
-0.000182485
0.117955
0.0181022
0.0183923
0.0112625
-0.000857992
-0.00219191
0.019738
0.0568452
-0.0034087
-0.00197983
0.119889
0.0181597
0.0573564
0.0135542
0.013846
-0.00199055
0.129817
0.0126213
0.0155833
0.00628061
0.0219519
0.0206578
0.0553792
0.0234327
0.0204763
0.0145914
0.0277893
0.0279827
0.00582158
0.000778605
0.0174196
0.124993
-0.00314403
-0.00261043
0.0857308
0.00104878
0.0140693
0.0162354
0.0127808
0.0936046
0.129084
0.0137447
-0.00081802
0.0275699
0.0284197
-0.00294073
0.117722
0.0150148
0.0246
0.0849349
0.113577
-0.00177531
0.132021
0.0144217
0.0159633
0.0195885
0.00459859
0.127723
0.00330269
0.00462005
0.0134158
0.113061
0.0168422
-0.00613499
-0.00356539
0.0125958
0.0193189
0.0125017
0.0504839
-0.00477392
0.0142645
0.107547
0.0413503
0.0137993
0.0151213
0.0272744
0.00915831
0.0221654
-0.00371762
0.0128839
0.0143201
0.0261639
0.132037
0.131006
0.0195962
0.0117832
0.13223
0.0131964
0.0109911
-0.00514221
0.000736775
0.0169033
0.00141528
0.13139
0.00417704
0.0468114
0.00732275
0.0185589
0.0821708
0.117745
-0.00407326
-0.00426566
0.0117964
0.0291248
0.0285777
0.0116489
0.0148869
-0.00147277
0.13134
-0.00687797
-0.00671798
0.0143248
0.021987
0.119049
0.0150781
0.0123522
0.0435468
0.0141207
0.0102709
0.132193
0.0159602
0.015944
0.0371167
0.0948864
0.0163894
0.0144856
0.027799
0.0110902
0.0159946
0.130935
0.0337523
0.0102143
0.0133737
0.131812
0.0415145
0.130577
0.0209839
0.0205629
0.132031
0.00979079
0.0098864
0.0145749
-0.00499751
1.8243e-194
0.0231724
0.00475047
0.015998
0.00622863
0.0584979
0.0148362
-0.00504147
0.0113228
0.000468418
0.0062875
0.00714162
0.0204793
0.019772
0.00962129
0.00660886
-0.00467839
0.0281433
0.0198352
0.00944401
-0.00634804
0.0136736
-0.00512662
0.0165975
0.0388783
0.0155968
-0.00665567
0.0215105
-0.00682048
0.00980249
0.014276
0.0201159
0.00853928
0.0175402
-0.00673568
0.131047
-0.00235432
-0.00634861
-0.00672132
0.00590698
0.0106787
0.0136213
0.00453809
0.00932163
0.0209251
-0.00553371
0.118524
0.0128966
0.0063902
0.0122342
0.0146448
0.00726986
0.00773455
-0.00528194
-0.00668907
0.0190111
0.00429801
0.0138734
-0.00119445
0.00425364
0.0187288
0.130081
-0.00493959
0.00414422
0.0631405
0.00554657
0.0569273
0.0129141
-0.00762534
-0.00613076
0.0146651
0.119204
0.0355834
0.0155726
0.109214
0.00677812
0.00612652
0.0139745
0.126299
0.00408995
0.101241
0.00752294
-0.000140891
0.0183535
0.0211879
-0.00683646
0.0158815
0.00817245
-0.00667103
0.026609
0.00855466
0.0129411
0.00208447
0.00537774
0.0158175
0.0646657
0.13052
0.09119
0.0662806
-0.00342814
-0.00188705
-0.00344902
0.0161953
0.0127594
0.0103819
0.131417
0.0354315
-0.00416184
0.00749027
0.0354755
0.0877121
0.0621496
0.00676712
0.0210709
0.0157778
-0.00331778
0.0907513
0.118385
0.0150051
0.00529247
0.0162918
0.0434807
0.131151
0.0931353
0.131157
0.0184638
0.00895428
0.00834595
0.129138
0.00150185
0.0199834
0.128225
0.122055
0.0353851
0.0169246
0.00024498
0.0939622
0.00214189
0.00933089
0.00529134
0.0613886
0.0907567
0.0424915
-0.00666465
0.0226716
0.00817835
-0.00256367
0.021263
0.132245
0.0969437
-0.00359025
0.0198472
0.0954585
0.00743491
0.0304442
-0.00199562
0.120994
0.105995
-0.00108679
0.0345161
0.0256528
0.0261154
0.131169
0.000663878
-0.000339234
0.132244
-0.00771166
0.121434
0.00190029
0.0775797
0.0215148
0.104731
-0.00148439
0.129495
0.0590427
0.0304895
0.00606591
0.0572005
0.0273239
0.0426932
0.00119453
0.0280679
0.0137517
0.0306864
0.0189799
0.0576239
0.00999038
0.0171581
0.10033
0.00541674
0.120925
0.132061
0.0161713
0.0220197
0.0126449
0.0645949
0.00063696
0.0178704
0.128155
0.0280188
0.0198981
0.00120269
0.0129753
0.00604318
0.00641721
-0.00372101
0.00272941
0.0646202
0.00901791
0.00169951
0.000672658
0.0740236
0.0161825
0.0942726
-0.00403181
0.0384136
0.0200245
0.12286
0.126869
0.000418385
0.027953
0.129307
0.00112998
0.00646356
0.000625865
0.00541062
0.119867
0.0645932
0.0208295
0.0991134
0.0745828
0.0231589
0.0150525
0.062959
0.0166175
0.131574
0.104615
0.00213498
0.0266037
0.0276198
0.131275
0.0934835
0.13229
-0.0049014
0.123
0.117871
0.00609047
0.0688567
0.0110424
0.0183298
-0.00238308
0.0192088
0.00581615
0.0140559
0.0160099
0.0300432
0.102659
0.131713
0.130976
0.131648
0.131855
0.0128121
0.0117252
0.0065791
0.000380513
0.132212
0.0293586
0.0626346
0.124887
0.130803
0.124016
0.00846303
-0.00142146
0.016031
0.102869
0.0214442
0.00146069
-0.00530465
0.0112642
0.0161386
0.0284999
0.131629
0.00134276
0.130252
0.0159635
0.0145593
0.127503
0.108863
0.130774
-0.00313085
0.000647713
0.0244052
0.0417317
0.057792
0.0690402
0.0243688
0.119262
0.0215458
0.00362416
0.00281264
-0.00517036
0.00395353
0.0161568
0.0149315
0.0292226
0.033446
0.00661264
0.0502207
0.126032
0.00701422
0.0263634
0.00591757
0.0127117
0.000127068
0.0083745
0.0312342
0.128531
0.015355
0.00567731
0.0269137
0.00169689
0.0229476
0.0165847
0.00221906
0.1293
0.00988095
0.00611639
0.0160173
0.0851223
0.0150915
0.114676
0.0294886
0.00316676
0.0357013
0.063283
0.00894707
0.00229162
0.0635748
-0.00394405
0.0883946
0.0378059
0.00594682
0.0288807
0.030151
0.00922809
0.0185403
0.028102
0.0030871
0.00802359
0.112814
0.00695544
0.00945916
0.00476661
0.127996
0.0187256
0.00542167
0.0236059
0.0391933
0.0137232
0.0621542
0.0522288
0.00710366
0.00353591
0.0159901
0.0162614
-0.00755507
0.00657753
0.00995897
0.016084
0.0603533
0.0517542
0.125432
0.00909295
0.00160667
0.0100232
0.0224401
0.131336
0.0266981
0.0583858
0.0158908
0.0188334
0.020171
0.0560334
0.059202
0.0148362
0.0651718
0.0294742
0.00263796
-0.00284056
0.00301351
0.0179886
0.00883484
0.0175094
0.00670106
0.0829811
0.0152459
0.0604121
0.108545
0.0116158
0.00706697
0.00258747
-0.00658116
0.0143924
0.0907722
0.00513072
0.00528486
0.026776
0.019788
0.0122795
0.0183371
0.067236
0.0150791
0.00552555
0.0286882
0.111061
0.0656455
-0.00575866
0.014308
0.131266
0.00557543
0.0158962
0.0277939
0.067701
0.00763849
0.00989149
0.106368
0.0146372
0.104261
0.00554928
0.00673119
-0.00017937
-0.00531675
0.00456671
0.0080227
0.00654027
0.0057404
0.106512
0.0178853
0.0101616
0.0918331
0.000467763
0.00291426
0.0204212
0.00950267
-0.00657698
-0.00244527
-0.00253945
0.0787837
0.0082765
0.016214
0.0278648
0.0194875
0.0260144
0.0463731
0.00878828
0.00455355
0.0151739
0.010164
0.0161961
0.125311
0.0139279
0.021845
0.0842545
0.0759679
0.0822221
0.111525
0.0092114
0.026909
0.0462097
0.024495
0.0213142
0.119908
0.0647105
0.00507938
0.00759359
0.00403227
-0.000754153
0.0808398
0.0162304
-0.00168148
0.00645511
0.00418365
0.0155974
0.00334164
0.023384
0.117931
0.0105605
0.102947
0.00426085
-0.00392877
0.0410496
0.0380535
0.0826812
-0.00622564
0.00803109
0.0219272
0.00932241
-0.00589834
0.0646909
-0.00551688
0.00307832
0.0011786
0.0478267
0.0132155
0.0332264
0.000596679
0.0267623
0.0119325
0.0514938
0.00437863
-0.00180353
0.0129677
-0.00340504
0.126318
0.0161905
0.0395298
0.132034
0.0914769
0.0916568
-0.000455468
0.00200142
0.117248
0.0189362
0.0975095
0.0157202
0.0161715
0.088616
0.0937642
-0.00522124
0.0131806
0.0975033
0.0790962
0.0630715
0.0160584
0.0303783
0.0161741
0.00862281
-0.0010267
0.100107
0.0988832
0.0147353
-0.00105081
0.0126431
0.0240676
0.123269
0.00808322
0.103727
0.104131
0.0318333
0.0114868
0.105814
0.0134848
-0.00404938
0.114301
0.118857
0.0147307
0.0031566
0.0160452
0.0134795
8.08875e-05
0.00268948
0.0144947
0.0199481
0.0164252
0.00649519
0.0203018
0.129076
0.00190654
0.0241524
-0.000708571
0.0148153
0.00102364
0.127299
0.0153261
0.028613
0.0019014
0.119368
0.0284933
0.00781843
0.00325081
0.122232
0.107672
-0.0053316
0.0161836
0.0273506
0.0154164
0.00684538
0.014919
0.0157321
0.0230772
0.0283568
0.0108334
0.00707884
0.0112292
-0.00614895
0.129363
0.0234459
0.109357
0.0146292
0.0161999
0.00886577
0.0638975
0.115238
0.0852546
0.0283365
-0.00360705
0.0713443
0.0160755
-0.00593851
0.131836
0.0022332
0.124157
0.00518395
-7.68893e-05
-0.00195652
0.0219357
0.0214669
0.00478674
0.0161321
0.00223309
-0.00577389
0.0143422
0.0112199
0.011968
0.0114826
0.0834452
0.081168
0.0232556
0.0108466
0.00725489
0.0285422
0.00245194
0.0250372
-0.00416546
0.123031
0.124309
0.0954983
0.128273
0.0133018
0.0687548
0.0236713
0.0204961
0.115063
0.0631006
-0.00374536
0.0126383
0.0104631
0.125068
0.114318
0.0731751
-0.00443343
0.12241
0.0104944
0.129993
-0.00715515
0.0157201
0.0559459
0.0139871
0.124564
0.1311
0.128444
0.132048
0.129109
0.0160461
0.0357524
0.12561
0.0028308
0.0932041
-0.00478854
0.00554033
0.0173482
0.0146342
0.0123664
0.131869
0.0156971
0.0630061
0.00955301
0.00401134
0.129745
0.0161796
0.000363425
0.00472208
0.129897
0.127065
0.0274529
0.027148
0.0277394
0.128605
0.00968769
-0.00526035
0.0137752
0.020968
0.0424475
0.00677304
0.0120308
0.00991012
0.0283262
0.00158674
0.0995343
-0.00162697
0.0505635
0.0846266
0.00810817
0.131639
0.0142808
0.00640535
0.107805
-0.00770925
0.0607094
0.0176428
0.00617728
0.00648172
-0.00662491
0.0161903
0.0923323
0.0315372
0.0106074
0.00735416
0.12761
0.0145442
0.00493074
0.00997109
0.0280675
0.0235622
-0.00345073
0.128768
-0.00597859
-0.00553048
0.131707
0.012723
0.132366
0.00509101
0.00316728
0.0830092
-0.00592296
0.00307217
0.0442659
0.00849517
0.0700096
0.00151514
0.012296
0.00858193
0.0352433
0
0.0224552
0.128437
0.0214991
0.0344924
0.0826106
0.0743883
0.0257428
0.0165057
0.103228
0.0647044
0.0270869
0.0101379
0.022473
0.0535242
0.0154411
0.0127942
0.0288617
0.132354
0.0192758
0.00491118
0.0846676
0.00186683
0.013996
0.127194
-0.00200051
0.0751373
0.0547487
0.0284515
0.00215547
-0.00321731
0.0340994
0.0266793
0.131919
-0.00604067
0.00222228
0.000750131
0.00674536
0.0333497
0.0871477
0.011561
0.0645536
0.00633267
0.0213911
0.0157291
0.0150076
-0.00672674
0.0154944
0.0645096
0.0178274
0.0178336
0.0470727
0.0110054
0.0647127
0.0301842
0.000531582
0.00506817
0.0127563
0.062755
0.0892254
0.012981
0.0277018
0.00715114
0.0272532
0.00476113
0.0133814
0.0130648
  </DataArray>
  <DataArray type = "Float64" Name="UneFonction" format="ascii">
0
0
0
0
0
0
0
0
6.27428e-05
0
0
0
0
0
0
0
0
0
0.00493967
0.0306103
0.00410496
0
0
0
0
0
0
0
0.00142011
0
0
0
0
0
0
0
0
0
0
0
0
0
0
0
0
0
0
0.101575
0
0
0
0
0.00944571
0
0
0
0
0
0
0.000352414
0
0
0
0.00758699
8.6446e-05
0.0222464
0.00183837
0
0
0.0340856
0
0
0
0.0050332
0.000143139
0
0
0
0
0
0
0
0
0
0
0.129408
0.0802906
0
0
0.0157671
0
0.0216586
0.0049262
0
0
0
0
0
0
0
0
0
0.103714
0
0.0162648
0.00516159
0
0
0.0231931
0
0
0.120773
0.0539955
0.0983497
0.00474816
0
0.217479
0.0626417
0.0214644
0.000548482
0
0.013365
0
0.0016175
0
0
0
0
0.0499319
0
0.0139276
8.3996e-05
0
0
0
0
0
0
0
0.0231197
0
0.00461017
0.00374375
0
0.100039
0.0897224
0
0
0.000197056
0
0
0.0022999
0
0
0.0187936
0
0
0.0159518
0
0.00507625
0.00314544
0.017776
0
0
0
0
0.00423628
0.0103866
0
0
0
0
0.162119
0
0
0.00653726
0.0228767
0.000247027
0
0
0
0
0.11669
0
0
0
0
0.00593117
0.0577716
0.000279898
0.00786396
0
0
0
0.157462
0
0
0.000144259
0.148604
0
0.084396
0
0
0.033613
0.026035
0.0226725
0.0265832
0
0
0.246782
0
0
0
0
0.000277399
0
0
0
0
0
0
0
0
0.00810395
0
0
0.0197785
0
0
0.115075
0
0
0
0
0
0.0200931
0
0
0.294829
0.0177659
0.0165553
0
0
0.0480238
0
0.0195377
0
0
0
0.0101519
0
0
0
0
0
0.00717534
0.0183782
0
0.00512335
0
0.00526347
0
0.0134739
0
0
0
1.8566e-05
0.0195486
0.0164406
0
0.000227898
0
0
0.000254477
0
0
0
0.0199119
0
0
0
0.00031039
0
0
0.0138085
0
0.0324151
0.0154688
0.0234338
0
0.0138602
0.0291695
0
0
0
0.026612
0
0.0257323
0
0.0023611
0
0
0.0483686
0
0.0198168
0
0
0.0200614
0.0622805
0
0.0262198
7.08987e-05
0.0234052
0.0124422
0
0.0400992
0
0
0
0.278318
0
0.0106177
0
0
0
0
0
0.0031398
0
0.0277776
0.0237434
0
0.0194726
0.0138229
0
0
0.0136579
0
0.0195734
0
0.0128781
0.0174518
0
0.0142071
0
0.0052796
0
0
0.124468
0
0
0.0237227
0
0.0054069
0
0.0206727
0.000396644
0.00194404
0.000740579
0
0.0595978
0
0.00297699
0
0.0274131
0
0
0.0189699
0.0143642
0.00012744
0
1.04489e-05
0.0184884
0.0121383
0.010533
0.00639063
0
0.0145869
0.0197999
0.027285
0.19886
0.0214361
0.00645437
0.014053
0.0727107
0.0014138
0.0154746
0.0014319
0.0139637
0.0510365
0
0.0231431
0.00578448
0.0182014
0.00193001
0.0221134
0.0187977
0.0202995
2.49312e-05
0.0311647
0.022148
0.0230595
0.0221831
0.0270155
0.00155704
0.0153236
0
0.0202874
0.0222651
0.0230068
0.0486348
0.0388339
0.0189141
0.0110961
0.00771161
0.0335664
0.00229971
0.043972
0.0215802
0.0121448
0
0.00586612
0
0
0
0
0
0
0
0
0
0
0
0
0
0
0
0
0
0
0
0
0
0
0
0
0
0
0
0
0
0
0
0
0
0
0
0
0
0
0
0
0
0
0
0
0
0
0
0
0
0
0
0
0
0
0
0
0
0
0
0
0
0
0
0
0
0
0
0
0
0
0
0
0
0
0
0
0
0
0
0
0
0
0
0
0
0
0
0
0
0
0
0
0
0
0
0
0
0
0
0
0
0
0
0
0
0
0
0
0
0
0
0
0
0
0
0
0
0
0
0
0
0
0
0
0
0
0
0
0
0
0
0
0
0
0
0
0
0
0
0
0
0
0
0
0
0
0
0
0
0
0
0
0
0
0
0
0
0
0
0
0
0
0
0
0
0
0
0
0
0
0
0
0
0
0
0
0
0
0
0
0
0
0
0
0
0
0
0
0
0
0
0
0
0
0
0
0
0
0
0
0
0
0
0
0
0
0
0
0
0
0
0
0
0
0
0
0
0
0
0
0
0
0
0
0
0
0
0
0
0
0
0
0
0
0
0
0
0
0
0
0
0
0
0
0
0
0
0
0
0
0
0
0
0
0
0
0
0
0
0
0
0
0
0
0
0
0
0
0
0
0
0
0
0
0
0
0
0
0
0
0
0
0
0
0
0
0
0
0
0
0
0
0
0
0
0
0
0
0
0
0
0
0
0
0
0
0
0
0
0
0
0
0
0
0.0448367
0.000364258
0.019877
0.0206538
0.010648
0
0.0450643
0.0474267
0.0117592
0
0.018718
0.00315881
0.0385115
0.0315299
9.58396e-05
0.124653
0.000114033
0.0501943
0.0019779
0.0152525
0.00620536
3.46787e-06
0.000235669
0.0083417
0.0212779
0.0176705
0.0230295
0.000112689
0.000639712
0
0.0136376
0.00337346
9.51626e-06
0.0332244
0.00056179
0.00486787
0.0213578
0.0102182
0.0198496
0.0284448
0.000152627
0.000129959
0.000862786
0.0221146
0.0152761
0
0.00593652
0.00270678
0.0187554
0.000707054
0.0386063
0.0389453
0.000894344
0.0191156
0.0165971
0
0.020496
0.0012887
0.0153695
0.0444433
0.022364
0.0227967
0.0203251
0
0.0194043
0.254465
0.0148175
0.0184755
0.0326359
0.0129289
0.0427326
0.0178409
5.28861e-05
0.00874688
0.00761337
0
0
0
0.0218212
0.0415874
0.0419825
0
0
0.0351001
0.0176454
0.00137892
0.0159501
0.000851562
0.0163688
7.91201e-05
0.0423324
0
0.00622395
0.00749335
0.000947112
0.000352154
0.00171452
0
0.00514902
4.63666e-05
0.0012554
0.0600336
0.0375525
0.00458894
0.00182701
7.43612e-05
0.0331672
0.00205092
0.00537883
0
0.00011325
0.000118134
0.0149924
0.00675446
0.000274319
0
0.00128242
0.00850114
0.0189499
0.00158965
0.244698
0.0284142
0.0108116
0.00427385
0.00564713
0.00184715
0.000346438
2.87566e-05
0.242632
0
0.137447
0.017188
0.00360057
0.00233133
0.308838
0.00198025
0.00139861
0.0138977
0.000125406
0.122019
0.00704312
0.0266094
0.000916228
0.00213766
0.00577457
0
0.0430323
0.000401273
0.354304
0.168421
0.017488
0
0.00241108
0.0078728
8.79609e-05
0
0.000557745
0.14911
0.00397304
0.000302749
1.4424e-06
0.00010917
0.00377193
0.00953851
0.000476436
0.0149913
0.00685258
0.00630673
0.0543942
0.00513846
0.0534138
0.00020669
0.000838235
0.00221091
0
0.000705752
0.00180818
0.000147365
0.109051
0.00437014
0.30363
0.0262395
0
0.0686975
0.310069
0.00681464
0.320203
0.00419387
0
0
0.000243365
0.0627282
0.00977927
0
0.0777476
0.290162
0.017434
0.130146
0.0490238
0.00610497
0.000162843
0.012207
0.0212666
5.10915e-05
0.00629257
0
0
0.106903
0.00771164
0.158031
0.0284065
0.0256556
0.00119923
0.000388688
1.0657e-05
0.00536672
0.000626441
0
6.16828e-06
0.00681067
0
0.00836901
0.00848677
0.000390609
0.000102331
0.0404315
0.00664867
0.0136172
0.00107419
0
0.000708069
0.000449228
0.0799007
0
0.0599523
0.0129036
0.0483741
0.000121005
0.000434222
2.55491e-05
0.0564687
4.19739e-05
0.0158973
0.00747945
0.0121654
0.00589385
2.18262e-05
0.000121643
0.00102803
1.43385e-05
0.0142142
0.0679158
0.00951398
0.00733221
0.000197105
0.00350357
0.00125419
0.0271073
0.00683795
0.00718979
0.000262826
0.00959251
0.0227282
0.0784796
0.0160428
0
0.0073033
0.000291397
0.000115298
0.000126671
0
2.36195e-05
0.000352416
0.00153934
0.0899851
0.00734996
0.0285469
6.57024e-06
0.0069332
0
0.0302234
0.0050266
0.0237742
0.00539851
0.00752532
0.00636037
0.00459271
0.00407687
0.0115222
6.17157e-05
0.0101345
7.33335e-05
5.49494e-05
0.0206749
0.000649566
0.0380149
9.98653e-05
0.0135936
0.00621142
0.00102255
0.00390892
0.00530175
0.000344883
0
0.00203705
6.93466e-05
0.173735
0.115191
0.00563113
0.064484
0.0193496
0.000133608
0
0.000189217
0.0269911
0.00599478
0.00337525
0
0.024887
0.00319311
0.00551021
0.0666985
6.96654e-05
4.84451e-05
0.0191891
0.160251
0.0336966
0.000138533
0.00222571
0.0331102
0.000362338
0.00700585
8.40349e-05
0.00380647
0.000434511
3.98349e-05
0.0321345
0.00256609
0.0463937
0.0170799
0.0356136
0
0.00107533
0.000467839
0.00956838
2.88071e-05
0.000625781
0.00377935
0.000530076
0.00713009
0.197568
0.00377997
0.000320788
0
0.0393437
0.0258767
1.73761e-05
0.00519695
0.000227613
0
0.000237389
0.0176398
0.000149791
0.0194525
0.00130803
0.00191092
0.000823827
0.222526
0.00136149
0.273263
0.000492637
0.0262932
0.000809703
0.0377168
0.0345455
0
0.00248719
0.0244432
0.000134399
0.00630501
0.000613669
0.0101906
0.000324863
0.00170581
0.0141996
1.41173e-05
0.000402638
0.375453
0.085323
0.00249863
0.0381316
0.0120549
0.00406097
0.0118695
0
0.000130225
3.2259e-05
0.344235
0.00024542
0.00820075
0
0.0213842
0.00269546
0.00282489
0.109816
0
0.00348294
0.00146594
4.7982e-05
0.000543492
0
0.0078815
0.0219736
0.000236506
0.000131133
0.000727273
0.00325629
0
0.010388
1.67109e-05
0.0125238
0.00171657
0
9.8525e-05
0.0355125
2.7776e-05
0.00123449
0
6.49495e-05
0
0
0.000808952
0.235133
0.00662155
0.00835688
0.000124938
0.22336
0.00768756
6.95213e-05
0.0011532
0.00216349
1.60414e-05
2.86942e-05
0.00493674
0.00355457
3.20236e-06
0.00252323
0.00169128
0.000899957
0.000146876
0.0193838
7.27909e-05
0
0.000587627
0.00423564
1.48343e-05
0.000356874
0.0239917
0.00461241
0.000161155
0.0129487
0.0299767
0.00286661
0.0221174
0.0228525
0.000120609
0.000291196
7.18295e-05
0.0313754
0.00512125
0.034328
0.21074
0.0360996
0.00303464
0.063385
0.00329429
0.197181
0.01236
0.000742825
0.000178082
0.0698989
0
0.000656993
0.0858014
0.0169436
0.000316751
0.000235051
0.000139446
0.000283843
4.45591e-05
0.00064733
0.000708837
8.20275e-05
0.00023145
0.00502379
0.0053566
0
0.000758455
0
0.00899662
0.00201257
0.303484
0.000467685
0.000135195
6.34106e-05
0.000412826
0
0.0120698
0.0527379
0
0.00663101
0.000654091
0.0763023
0
0.00721526
0.0101525
0.000279376
3.71461e-05
0.000287634
0
0.0074705
0.0028518
0.0330232
0.00199068
0.0390297
0.00307012
0.00145577
0
0.000435703
0.00331176
8.95547e-05
0.00436557
0.000169814
0.0259246
0.00353014
2.31006e-05
0.000136822
9.89746e-06
0.0148185
0.00021975
0.0470804
0.000342436
0.0060777
6.42615e-05
0.0423364
0
0.000293986
0.00568218
0.0196718
0.00328019
0.00237175
0.0454369
4.43554e-05
0.00015018
0.00097917
0.000772875
0.000135307
0.0493207
0.000681963
0.000334646
0.00756852
0.0046378
0.00588379
0.0405615
0.000599635
0.000555637
0.00288724
0.00010826
0.0434796
0.0151808
0.00785696
0.00289337
0.00800945
0.00720828
0.0360632
0.0206703
0
6.35909e-05
0.0261977
0.000201712
0.00042837
0.000369511
0.0237085
0.000843214
0.000613264
0.0355892
0.000220935
2.0032e-05
6.64625e-05
0.000592423
0.0333749
0.00654619
0.000271035
0.000191868
0.000325594
0.000300034
0.041934
0.0043979
0.000149074
0.0082307
0.000199953
0.00607894
0
0.00195424
0.0349678
0.0492625
0.00106567
0.000966177
0.0367355
0.135417
0.00393565
0.0030886
0.0145641
0.00489413
0.000379754
0.0749945
0.024098
0.0108414
0.000205202
0.00818968
0.0145655
0.000141419
0.0274863
0.000390517
0.0141987
0.00189616
0
0.012446
4.28707e-05
0.0550714
7.33797e-05
0.00831461
0.0445254
0.00193852
0.04819
0.0535668
1.61079e-05
0.00434642
1.7899e-05
1.62549e-05
0.00265071
0.00450336
3.76207e-05
0.000921641
0.00380127
0.000555969
0.000801916
0.0219871
0.00026802
0.265565
0.0194998
0.00497475
0.0550165
0.0586875
0.0103287
0.0408485
0.00487244
0.00602361
4.40196e-06
1.25649e-05
0.0870554
0.0164068
7.55676e-05
0.0203469
0.000637964
0.0265257
0.000838942
0.000982995
0.00203961
0.0446304
0.000353922
0.000824355
0.0368711
0.000560081
0
0.0043402
0
0.035935
0.0447077
0.00777397
0.0384978
0.0209759
0
0.0324775
0
0.0146056
0.00132406
6.17125e-05
0.00723883
0.0357934
3.75048e-05
0.0292217
0.000650411
0.248821
0.000622485
0.0605561
0.0550055
0
0.00454783
0.010342
0.0174843
0.00940379
0.00315938
0.0383619
0.108205
0.0204019
0.244964
0.269906
0.0421221
0
0.0100636
0
0.000259166
0.000967027
0.0157946
0.0112801
0.0323612
0.0387686
0.334986
0.038289
0.0500013
0.0199504
0.017791
0.0138742
6.13278e-05
0
0.0290967
0.0975902
0.16749
0.0297777
0.00164009
0.0468413
0.000464485
0.118261
0.00685082
0.00116523
0.0475515
0.000217908
0.000645153
0.283456
0.0528399
0.0043967
0.0553291
0
0.00063048
2.00357e-05
0.000821114
0
0.0218488
0.0233421
0
0.01961
0.000122336
0.0322031
0.000337015
0.00010728
0.00223984
0.0431146
0.0997174
0.00550675
0.00239905
0.00102835
0.000308481
0.0175542
0.130064
0.0106769
0.00575339
0
6.16606e-05
0.00579085
0.00765116
0.0603416
0.0822644
0
0.016558
0.275013
0.00046542
0.0448316
0.0155485
0.0399339
0
0.00254435
0.0165559
0.044747
0.0151158
0.042933
0.0260709
0.00414064
0.0164403
0.000173306
0.225773
0
0.000446962
0.0125499
0
0.000439722
0.00278978
0.00453391
0.0363949
0.01764
0.013309
0.00149089
0
0.214055
0.00441591
0.0168866
0.00768207
0.00142942
0.0213125
0.00361032
0.000774473
0.01664
0.0802648
0.00381454
0.264754
0.00155146
0.000180935
0.00163849
0.000688634
0.0138007
0.294614
0.0456217
0.0268647
0.0376214
0.00322999
0.0181961
0.00213224
0
0.0261287
0.0319433
9.50553e-05
0.000513745
5.11475e-05
0
0.0195821
0.000183579
0.0229393
6.13746e-05
0.00172981
0.0144144
0.00225455
0
0.016044
0
0.000926333
0.00950243
0.0223289
0.0202802
0.245554
0
0.00021202
0.0211672
0.00808511
0.000132362
0
0.0194615
0.00176215
0.0250966
0.0148361
0.155239
0.000451341
0.0212571
0.179657
0.0176474
0.00245527
0.00290744
0.00154115
6.3364e-05
0.00419601
0.203211
0.000173614
0.00200045
0.000785136
0
0.00771276
0.00474811
0
0.00309083
0.0176097
0.0132196
0.00790042
0
0.013431
0.00617767
0.00392804
0.0375502
0.264325
0.000176189
0.0155884
0.0138942
0.0209872
0.049545
0.00016949
0.0180025
0.00511537
0.000778154
0
0.215439
0.0444795
0.0201917
0.0121947
9.53025e-06
0.0131982
0.0237338
0.000477493
0.00943223
0.00395673
0.000619133
0.0887597
0.0275028
0.0420738
0
0.0114169
0.0141682
0
0.242879
0.00247667
0.000707762
0.000185137
0.015215
7.16488e-05
0.0124082
0.00574363
8.90591e-05
0.000764554
0.000523401
0.0210914
0.000110382
0
0.0339508
0.0238188
0.0229004
0.00562916
2.35673e-05
0.00234353
0.00409923
0.012525
0.011371
0.0147426
0.022162
0
0.00926308
0.000369619
0.0160229
0.00777242
7.11389e-06
0.0131942
0.0365962
0.0873325
0.0166767
0
0.03429
0.00316573
0.0185857
0.0142563
0.0280303
0.017683
0.0254958
0.017209
0.000976146
0.00330543
0.0179303
0.00549272
0.000317332
0.0030177
0.0120948
0.0370974
0.0241169
0.0244925
0.00857509
1.13886e-05
0.063119
0.0422703
0.0194324
0.270141
0.00749072
0.0188474
0.0135397
0.00485573
0.0022511
0.00496619
0
0.0174412
0
0.00222788
0.0155353
0.016574
0.0111967
0.0125701
0.0355874
0
0.000720196
0
0.000104272
0.0334903
0.0487091
0.00863058
0
0.0137732
0.000469802
0.000225605
0.0206443
0.0127704
0.0129689
0.00624885
0.0226829
0
0.00708302
0.000497411
0.016182
0
0.0458339
0.00109773
0.000331442
0.000342369
0.00285892
0.0456467
0.000277607
0
0.00498934
0.0610877
0.000486846
0.00796143
0.0610757
0.0585778
0
0.0316015
0.00022499
8.72141e-05
0.000137284
0.0101367
0
0.0088606
0.000414912
0.00442309
0.00671313
0.212177
0.00316141
3.75728e-05
0.000316802
0.00114748
0.0349115
0.000120566
0.00377074
3.89273e-05
0
0.000224727
0.0234842
0.0143732
0.00271636
0.00470363
0.0082146
0.00154805
7.19585e-05
0.000744195
0.000132268
0.336887
0.187026
0.00533574
0.0601259
9.5102e-05
0
0.000658488
0.0216486
0
0.179368
9.48645e-05
7.23394e-05
0.00104495
0.000625731
0.0588409
0.000718578
0.000147828
0.00202104
0.00290853
0.00426424
0.000131879
4.85436e-05
0.000278548
0.00205463
0.00494205
0.000803721
0.0197472
0
0.000916179
2.6785e-05
0.00289744
0
0.00372864
0
0.00773869
0.000571883
0.00419912
0.000161681
0.110317
0.000709471
0.00100683
0.00220526
0
0.00378272
0.0302874
0.031778
0.00275236
0.00259493
0.216367
0.0107868
0.0242464
0.000816262
0.00368349
0.000297827
0.00120635
0.00526403
0
0.0450747
7.78495e-05
0.00223271
0.00839991
0.066923
0.000143112
0.00963173
0.0709567
0.00123923
0.000375853
0.000145683
0.00432126
0.00351778
0.208891
0
0
0.000249312
0.0406398
0
0.0406602
0.000145485
0.0504587
0.00383291
0.03459
0.00290613
0.00228565
0.00423581
4.22158e-05
0.00613778
0.00721385
0.0639782
0.0124046
0
0.00235236
0.23249
8.04465e-05
0.00753241
0.00563665
0.000645034
0.379798
0
0.00757776
3.79274e-05
0
0.017549
0.000514838
0.000384844
0.0093119
0.00644149
0.00913451
0.000210968
0.109122
0.00739946
0.045532
0.00557404
0.0011493
0.00517369
0.0234999
0.0567018
0.0382108
0.000512444
0.000496543
5.44265e-05
0.000486008
0.000601306
5.90655e-05
0.0102397
0
0.000434247
0.00183927
0.115274
0.00315823
0
0.000302661
0.0169897
0.00368027
0.0093625
0.000502623
0
0.0035579
0.0275713
0.00168434
0.00798225
0.000813357
0.00251623
0.000668229
0.00419342
0
0.0195822
6.64059e-05
0.00363178
0.00193064
7.20176e-05
0.000574325
0.000935788
0.00815886
0.000456554
0.000147291
0.0200695
0.000201592
0.209333
0.000835288
0.00414001
0.00262088
0.0193252
0.00323344
0.000240162
0.0129064
0.000555347
0.0209069
0.00577424
0.0110044
0.0266231
0.000239662
0.000597004
0.00209061
0
0.0034249
0.0102439
0
0.0126162
7.63339e-05
0
0.000714553
0.0123311
0.000394158
0.00143617
0.0153174
0.00814327
0.000295973
0.000590965
0.00126148
0.0127
0.00911451
0
0
0
0.0187292
0.00732658
0.00637113
0.00040677
0.00106712
0.00507978
0.0137307
0.00290484
0.00237578
0.286423
0.00452546
0
0.0667766
0.0126162
6.40576e-06
0.00769218
0
0.003144
0.00705454
0
0.0485687
0.00499269
0
0
0.00817959
0.00270245
0.000262229
0.0165942
0
0.0424417
0
0.0268262
0.0699649
0.00827077
0.1263
0
0.180726
0
0.000497182
0.000150761
0.00878579
0
0.0110794
0.0120685
0.00117792
0.00418016
0.00256026
0.0096853
0.0265014
0.0329436
0.018431
0
0.00113813
0.000223534
0.101797
0.0116057
0.094207
0.000932716
0.00962999
0.00547382
0.0618122
0.00388985
0.0186284
0.000201848
0.00111
0.0144854
0.0482738
0.0184196
0.207634
6.40471e-05
0.09787
0.00509592
0.000199479
0.000469187
0.000111416
0
0.00707699
0.0026303
0.0176902
0.00042424
0.00364044
0.00707789
6.18892e-05
0.0043467
0.274555
0.00681628
0.0194697
0.00791131
0.00133268
0.00474811
0.00621307
0.000660716
0.0051755
0.00507781
0.000375741
0.0245136
0.0108492
0
0.0247553
0
0.169339
0.00209857
0.00511699
0
0.333009
0.000119303
0
0.000210151
0
0.0137124
0.000996483
0.0915471
0.00118754
0.00634143
0.0622563
0.009102
0.00479202
0.007058
0
0.0123991
0.0197456
0.011534
0
0.0578156
0.00511019
0.00299065
0.000217495
0
0
0.0151899
0.245237
0.0336533
0.00386999
0.0178294
0.00015708
0.00393178
0.00610553
0.0643029
0.000803606
0
0.00049938
0.0275581
0.00988399
0.000838709
0
0.193305
0.00107001
0.000109197
4.79282e-05
0.00385622
0.0116245
1.79159e-05
0.000249804
0.0039438
0.000916136
0.0346873
0
0.00638279
0.000829107
0.0155443
0
0.00129328
0.00183509
0.00014649
0.00120846
0.00642463
0.0173538
0.0126192
0.00456256
0.0006542
0.0118569
0.0196306
0.0852555
5.05929e-05
0.0208001
0.00126138
0
0.000442945
0.00190947
0.022783
0
4.75301e-05
0.0932959
0.00249877
0
0.0610745
0.18702
0
0.0692191
0.00978861
0
0.162475
0.00483669
0.0132489
0.0157119
0.00161203
0.0482004
0.00796584
0.000151978
0.0341591
9.40326e-05
0.0592782
0.00160631
0.00179609
0.0838527
0
0.000210341
0.0478743
0
0.0156015
0.0209712
0
0.00169374
0.0011967
0.00454543
0.308533
0
0
0.0109763
0.00189297
0.0131021
0.00075549
0.00209606
0
0.0015947
0.0146839
0.0799086
0.000714469
0.0172645
0.00266829
0.00536712
0.00243519
0.00148713
0
0.00961378
0.000149534
0.00275308
4.2249e-05
3.20937e-05
0.0156934
0.00110394
0
1.08486e-05
0.000991264
0.000269661
0.00146789
0.00028494
0.013806
4.49174e-05
0.000357345
0.00718887
0.000605576
0.00703806
0.0460738
0.0152641
0.0427411
0
0
0.0130538
0.20758
0.000275294
0.0134055
0.0491563
0.00171246
0.000188086
0.0114389
0.000795124
0
0
2.43527e-05
0.00708468
0.0086085
0.0833295
0.0034694
0.0118472
0
0.00252484
0
0.00269875
0.00109604
6.33793e-05
0.0123982
0.000809867
0
0.00015381
0.00564468
0.000101141
0
0
0.00133865
0.000287987
0.013386
0.00338634
0.000143275
0.000695148
0.000492185
0.00855315
0.00542
0
0.0438226
0.0245459
0.0383948
0.149152
0.0178872
0.191285
0.0347491
0.171651
0.000299578
0
0.00362487
0.00397654
0.0237982
0.00019312
0.000218472
0
0.014125
0.0396117
0.0732528
0.00245991
0.157461
0.000200502
8.54951e-05
0.0343572
0.00523722
0.000110823
0.00341517
0.000235515
0.0104778
0.0292851
0.00694107
0.0115618
0.00561043
0
0.317044
0.000130582
7.76305e-05
0.00973846
0.00409381
0.00819217
0.236103
4.54773e-05
0.262806
0.232836
0.00690648
0.0166717
0.000112694
0.0785542
0.000110927
0.0072388
0.00663787
0
0
0.0164972
0.0995065
0.0301467
0.000156447
0.00507133
0.00704651
0.00720854
0
2.3528e-05
0.100281
0.000146262
0.0002308
0.000238318
0.000162167
0.0469404
0.0015621
0.0119097
0
0.00366322
0.0111513
0.0067662
0.000285856
0.0126783
0.0582177
0
0.0227022
0.0283556
0.00348244
0.0017548
0
0.00273406
0.00024799
0.000282964
0.00498729
0
4.9561e-05
0.00456779
0.00334456
0.000677161
0.248203
0.00038889
0.00804972
0.000342293
2.3401e-05
0.000337666
0.0706811
0.018934
0.00398249
6.46224e-05
0.00541732
0.112945
0.000132801
0.000219059
0.144485
0.0517155
0.0137679
0.0163418
0.00551216
6.4261e-05
0.017982
0.00513683
0.0127454
0
0.000504101
0
0.00892824
0
0.0196645
0.0257018
0.00147919
0.0324652
0.0182942
0.0127664
0.000197711
0.0119719
0.000281448
0.262096
0.00197981
0.0707617
0.0926091
0.0678907
0.011627
0.000181432
0.0217686
0.110392
0.067569
0.0341944
0
0.126194
0.000175199
0.000357972
0.00536499
0.331795
0.0842524
0.000166972
0.0156149
0.00012446
0.00918488
0.00182476
0.0267916
0.244779
0.00750186
0.0376676
0.0098912
0.101084
0.000699269
0.00612964
0.025044
0.00757773
4.63919e-05
0.00183005
0.0042155
0.0229727
0.0144022
0.142412
0.000341174
0.00215974
0.0214766
0
0.00455818
0.133914
0.000205813
0.0502122
0.000429229
4.03907e-05
0.252605
0
0.046175
0.00961919
0.0714675
0.0264756
0.0821036
0
0.165294
0.0167797
0.000270623
0.00166434
0
0.00604783
0.000261276
0.0922724
0.301662
0.00578134
0.0539245
0.0320255
0.0030889
0.00872959
0.00805699
0.00531063
0.0102697
0.0735252
1.07689e-05
0.0318972
0.0176162
0.00361412
0.109744
0.000680545
0.091111
0.14843
0.0409704
0
6.62666e-05
0.0156635
0.0903953
0.00317911
0.000829747
0
0.00152462
0.011035
0
0.00212423
0.0861456
0.0156887
0.0679591
0
0.0569111
0.0255498
0.00845546
0.0858175
0.013161
0
0.0153721
0.00606036
1.05156e-05
0.00248492
0.00308869
0.00149669
0.00999823
0.0200495
0.128214
0.000464972
0.00679174
0.147346
0.066712
0.019761
0.0171544
2.47015e-05
0.00555485
0.00421278
0.0633614
0.0318109
0.00120937
0.00192465
0.0154759
0
0
0.0678435
0.07685
0.307307
0.00217215
0.00187041
0.00639954
0.000536396
0.0318621
2.75931e-05
0.000377704
0.0196065
0.00229313
1.34234e-05
0.0276534
0
0
0.00399621
0.000387327
6.20255e-06
0.00325606
0.0053593
0.00413978
0.0862138
0.00925195
0.00219473
0.00352147
0.00549341
0.0177167
0.0197835
0.0199054
0.0657936
0.0125497
0.0450888
0.0238739
0.0105494
0.0453541
0.278577
0.0130088
0
0
0.00198616
0.0472072
0.0564963
0.000959284
0.00216493
0.00203382
0.00135016
0.000238364
0.00236614
0.000449998
0.0104392
0.00214894
0.00224372
0
0.00136975
0.220837
0.000292689
0.0138657
0.00391632
0.0152315
0
0.021995
0.000513828
0.0270648
0
0.000288153
3.83409e-06
0.00391787
0.0974017
0
4.35379e-05
0.0342076
0.000530346
0.00801352
0.245304
0.0183242
0.00153414
0.000190278
0
0.000569809
8.85945e-05
0
0.00334452
0.00344405
0.0453998
0.0388019
0.00271291
0.0181861
0.000551409
0.0655914
0.0397571
0.19173
1.12956e-05
0.0185593
0.0270616
0.00338811
0.0337317
0.000618399
0.00150754
0.27415
0.00387036
0.000292815
0.0150589
0.000154767
0.00880511
0.018739
5.27928e-05
0.00718518
0.00205855
0.366164
0.00310931
0.245529
0.0411738
0
0.00180424
0.000217006
0.000319939
0.000200284
0.0467956
0.015859
2.53118e-06
0.0470372
0.0349492
0.0032605
0.0207132
0
0.000635681
0.000300325
0.000330329
0.044991
0.122613
0.000483198
0.332906
0.000385941
0.121869
0.000324332
0.144711
0
0.00308202
0.0485018
0.00371798
0.000965481
0.00231715
0.0809566
0
0.0541276
0.011346
0.000108005
0.0384581
0.00577436
0
0.000380524
0.098825
0.000282235
0.00012271
0.000195116
0.00611473
0.000315981
0.188008
0.0304531
0.00952584
0.00244175
0.0165579
0.0446701
0.000187992
0.000834715
0.0520882
0
0.00114369
0.000326309
0.366154
0.00971168
0.000950643
0
0.000237229
0.00228586
0.0669684
0.114399
0.0435002
2.67734e-05
0.0452007
0.000426945
0.0403122
0.0414032
0.0920402
8.74692e-05
0.0724916
0.00555899
0.00737167
0.038115
0.312044
0.000265794
0.00323623
0.00950746
0.00358696
0.00362963
0.194366
0.143384
0.0281402
0.358913
0.00840403
0.000781725
7.06253e-05
0.00818982
0.160255
0
2.91117e-05
0.00746841
0.0046592
0.0604807
0.00096331
0.108507
0.303109
0.00753334
0.0482951
0.0725935
0.000324499
0
0
0.0366026
0.00292901
0.00108798
3.39459e-05
0.00133824
0.389406
0
0
0.00121575
0.040983
0.000156814
0.0127846
0.000153507
0.00985874
0.0116631
0.0102054
0.0587497
0.00100244
0.000582016
0.000516716
0
0.00453077
0
0.00072799
0.0558727
0.00698945
0.124925
0.0123784
0.000985884
0
0.0213276
0
0.000746086
0.000225369
0.00020597
0.000520169
1.52061e-05
0.00717375
9.5775e-05
0
0
0
0.000261327
0.0795226
0.0286682
0
0.0415949
0.000191628
0
0.0285673
0.166294
0.107525
0.0444713
0.000630299
0.000104217
0.000547126
8.7619e-05
0.00158858
0.316004
1.03517e-05
0
2.09008e-05
0.385186
0.000250494
0
0.189794
0
0.00883676
0
0.00546825
0.000212376
0.00108049
0.0357881
0.0070812
0.000134465
0
0.00155797
0.00265006
0.00370058
0.000206425
0.0101306
0.0167252
0.00246805
0.000327129
0.0133015
0.000178436
0.245238
0.00038089
0.00212391
0.00254844
0.233017
0.000726347
0.00605445
0.000263915
0.0311622
0.0108463
0.00679145
3.68951e-05
0.000163703
0.0542867
0.00052784
0
0.00186958
0
0.217049
0.0699548
0.0458345
0.000325005
0.195994
0.0475611
0.0487504
0.0523576
0
0.00787497
8.86632e-05
0.00668361
0.000991314
0.0565347
0.00185977
0
0.0243336
0.260203
0.00027852
0.153135
0.0117265
0.117491
0.0758976
0.00536491
0.118253
0.00914264
0.00607529
0.00159775
9.54905e-05
0.000686748
0.0965002
0
0
0.00308129
0.11936
0
0.219193
2.36612e-05
0.000960835
0.00129498
0.000531712
0.2215
0.0498749
1.16958e-05
0.0572506
0
0.000115397
0
0.390497
0.00316071
0.00124711
0.000984442
0.287696
4.67957e-05
0.138079
0
0.031978
0.00955029
0.310931
0.00014416
0.00813176
0.106353
0.0662436
0.000796028
0.298053
0
0.328373
0
5.18094e-05
0.0132
7.07473e-05
0
1.58553e-05
0.0991535
0.144037
0.013843
0.00757493
0
0
0.000101601
0.0551046
0.00831564
0.000356884
0.039798
0.244279
0.00903791
0
0.0394283
0.000938696
0.0131618
0
4.72868e-05
0.12644
0.000378706
0.0431904
0
0
0.0702661
0.00722865
4.85161e-05
0.158017
0.157013
0.241732
0.000310085
0.000139284
0.189832
0.127586
0.000527624
0
0.0487366
0.0845115
0.287278
0.000413287
0.0427681
0.000637961
0.257857
0.0121259
0.0110107
0.0542034
0.161601
0.0015793
0.271818
0.122636
0.0037777
0.25948
0.0127812
0.000228701
0.000304098
0
0
0
0.0785589
0.00830181
0.00526636
0.0360636
0.086251
0.000107287
0.0168089
0.0455023
8.40428e-05
0
0.21622
0.272816
0.00379133
0.24932
0.00934685
0.00240482
0
0.00204487
0.00642633
0
0.00142627
0.0649331
0
0.00720544
0.0970773
0.0502
0.06
0.0374514
0.00166185
0.378062
0.00738444
0
0.000421986
0.0231024
0.00062069
0.250628
0.0387498
0.00308042
0.00316789
0.240165
0.000193202
0.00446935
0.00711095
0.293662
0.081053
0.000232278
0.0620882
0.313208
0.00365609
0.0851038
0.0414782
8.03118e-05
0.00453025
0.00303689
0.000215921
0.00101015
0.000106148
0.000190663
0.00434559
0.345042
0.269855
0
0.00106254
0
0.0397179
0.0809001
1.73064e-05
0.00525053
0.00647423
0
0.00101015
0.138827
0.0547593
0.000106068
8.68176e-05
0.0627312
0
0
0.000150246
0.0176042
0
0.0194031
0
0
0.00054558
0
0
0.266803
0.00322719
0.138859
0.255998
0.000189811
0
0.00394865
0.265661
0
0.000930042
0.0550198
0.0229656
0
6.09577e-05
6.19009e-05
0.00200487
0.146617
0.0013889
0
0.0467264
4.58681e-05
0.00349921
0.00607711
0.000104488
0.000396152
0.00519869
0.0119036
0.358267
0.00290955
0
0.380856
0.00631668
0.13447
0.00225567
0.000365027
0.0339625
0
0
0.00248252
0.000178171
0.00185997
0.0344624
0.000777542
0.00836045
0.00998863
0.0558825
0.00169057
0.00222574
0.0520308
0.157534
0.106203
0.0155742
0
0.0120749
0.000271392
0
0.000493006
0.339399
0.112407
0.0083735
0
0.0100792
0
0
0.0408612
0.00280865
0.00196015
0.00378224
0.0100645
0.0546533
0.00119021
2.96669e-05
0.130201
0
0
7.44414e-05
0.0114052
0.00549316
0.21218
0.0796659
0.317631
0.00591219
0.00901842
0
0.0457558
0.00796451
6.0057e-06
0.000289935
0.178279
0
0.00293252
5.25473e-05
0
0.00323603
0.000263086
0
0
0.0707683
0.000136641
0.000109751
7.4299e-05
0.0320155
0.00323379
0.0534621
0
0.00739881
0.00734783
0.00236811
0.00189904
0.00142522
0.348107
0.00251458
0.00556802
0.00631433
0.358618
0.00152956
0.06043
0.00229413
0.218348
0.0248219
0
0.00111354
0
0.001416
0.0498322
0.118878
0.000183238
0.00212611
6.44911e-05
0
0.351108
0.000168281
9.02437e-05
0
0.000875772
0
0
0.000106419
0
0.000134299
0.0187956
0.00472285
0.222476
0.00674056
0.020563
0.015678
0.000212416
0.294436
0.000315231
0.00271793
0.0732219
0.00434887
0.0740992
0.172099
0.232306
0.00229772
0
0
0.0181611
0
0.166432
0.160059
0
0.0068661
0.00946258
0.289659
0.000134436
0.000752626
0.00852058
0
0.0511066
0.161921
0.000121701
0.389821
0.000904222
0.00033481
0.00313783
0.000243283
0.24046
0.0997154
0.118469
0.169491
0.00493009
0.0289637
0.345648
0.0102481
0.370162
0.00015395
0.000175267
0.201417
0.000556507
0.210561
0.362528
0.307983
0.320793
0
0.115691
0.00020102
0.00244601
9.01095e-05
0.210208
0.315637
0
0.0638894
0.17599
0
0.00534003
0.00123849
0
0.00777024
0.0678012
0.00598349
0.00381325
0.323879
0.000110079
0.0437834
0.220008
0.0428413
6.70074e-05
0.0602233
0.00569809
0.115248
0
0
0.00297534
0.00293178
0.000116049
0.00500837
0.00011315
0.000129289
0.36348
0.00544561
0.000904098
9.24286e-05
0.00819367
0.00237908
0.00476288
0.048637
0.000784466
0
0
0
0.0380068
0.000613759
0.00566398
4.21653e-06
0.0581498
0.0012499
0.00305382
0.121324
0.01265
0.0406565
0.0126443
0
0.000314686
0.000745151
0
0.00364981
0.265994
0
0.0921527
0.00910531
0.386847
0.0802356
0.0536691
0.280936
2.5421e-05
0.134633
0.0070527
0.000101686
0.352861
0.00116794
0
0
0.00149489
0
0.0866833
0
0.196621
0.111799
0.00299751
0.0191175
0.309867
0.0151316
0.0421176
0
0.157986
0.0037729
0.0436579
0
0.358921
0.312368
0.00425981
0.000502782
0.191317
0.000115411
0
0.0364751
0.00803297
0.232947
3.86195e-05
0.000512897
0.000243844
0
0
0.292089
0.00106457
0.00435927
9.10495e-05
0.000694995
0.00279031
0.17451
0.365922
0.0780555
0.217779
0.00663241
0.00261343
0.00285315
0.00112939
0.113933
0.0278391
0.00345565
0
0.36952
7.10598e-05
0.0619098
0.000511964
0
0.00390306
0.0444755
0.286845
0.124339
0.0405509
0.001046
0.0111959
0.10343
0.000749814
0.00151411
0
0.010133
0.0171144
0.0338173
0.000182225
0.257402
0
0.0309434
0
0.259356
0.370045
0.000653024
0.0428759
0.0102214
0.0493823
0.00341466
0.221417
0.0821625
0.0122099
0.00435291
0.26159
0.101302
0.343726
0.160312
0.00348056
0
0.00203349
0
0.268634
0.179276
0.000457058
0
0.104376
0.244905
0.106531
0.0714669
0
0.00384029
7.1954e-05
0.0092049
0.000218868
0.00524103
0.26226
0
0
0.039983
0.125622
0.0102381
0.0531565
0.235413
0.00439105
0.000603832
0.234962
0.0047656
0.270184
0.000889206
0.210147
0.00658156
0.144943
0.0029458
0.026336
0.000516277
0.00151686
0
0.25502
0.273737
0.0389316
0.00367891
0.0230769
0.0384187
0
0
0.00526088
0.0426321
0
0.00130949
0.000767498
0.000199316
0.000459572
0.0130081
0.00561994
0
0.00114022
0.283091
0.0322991
0.000368169
6.44652e-05
0.00410747
0
0
0
0.236317
0.00786813
0
0
0.000293192
0.0102341
0.0622245
0.00711054
0.324001
0.00699661
0.350051
3.80921e-05
0.000564859
0.0215862
0.00208838
0.00342817
0.000235789
0.0584466
0
0
6.75941e-05
0.00162282
0.137059
0.000561505
0.00313275
0.00011432
0.000730031
0.348684
0.00263249
0.00508637
0.000805549
0.00299418
0.000710265
0.0024061
0.00186973
0.000419509
0
0.00108694
0.00141459
0.000107879
6.89501e-05
0.0523665
5.45461e-05
0.0001239
0.0302535
0.0111002
0.00179462
0.00143092
0
0.0011222
0
0.00600982
0
0.00207558
0.0229144
0.000211785
0.00882057
0.0014053
0.00161718
0.00111874
0.0015171
0
0.00683313
0.00382202
0.0282373
0.00131278
0
0.0218291
0.00240098
0.00312626
0.000140828
0.00108973
0.0204681
0.00133955
5.81097e-05
0.039376
0.0115795
0.00124321
0.0413821
0
0.0391856
0.0136019
0.000354934
0.00149661
0.00825072
0
0.00140633
0.000307825
1.78816e-05
0.000881432
0
3.12107e-06
0.00375892
0.00224254
0.00109235
0.254324
0.000115814
0.00223607
0.0049975
0.0023646
0.0062099
0.00102976
8.12624e-05
0.00694619
0.00697166
0
0.00297204
0
0.000932567
0.0174812
0.00279966
0.0105642
0.000855505
0.140295
6.03582e-05
0
0.00849494
0.00239239
0
0.00147965
0.00131685
0.0137643
0.00165218
0.00056653
0.0018857
0.00644847
6.41866e-05
0.000136548
9.1234e-05
0.00399614
0.00061267
0.0417348
0.00248341
0.00311973
0.000839867
0.00765842
0.0036137
0
0.000757227
0.00259523
0.000833178
0.000102854
0.000188574
0.00290716
0.0112751
0.00135313
0
0.0519416
0.00220753
4.7636e-05
0.00334571
0.000281213
0.0495334
0.0267502
0.00117964
0.00150303
0.00631448
0.0245628
9.88851e-05
0.00600811
0
0.00148209
8.33629e-05
0.000126471
0.00865711
0.0059274
0.00299199
0.033687
0
0.00328008
0.00343002
0.000142837
0.00536089
0.000585868
0
0.015369
0.00177992
0.0111792
0.00382755
0.0039231
0.000948829
0.0037068
0.00573401
0
9.23212e-05
0.00287144
0.00235915
0.00832767
0.214111
0.000113048
0.000100786
0.301688
0.0159698
0.00383002
0.00131787
0
0.0114702
0.0024807
0.00123222
0.000221449
0.0359185
0.00295571
0.0187231
0.242019
0
0.000338528
0.00112873
0.0315898
0.045091
0.00840536
0.00311453
0.00365697
0.0263092
0.03153
0.0241461
0.00391864
0.0064879
0.329097
0.0025443
0.00466264
0
0
0.0174079
0.0206842
0.0149255
6.52771e-05
0.00882287
0.000365397
0.00845724
0.00830025
0
0.00523063
0.00247798
0.00480976
0.00861595
0.0264014
0
0.000381359
0.00163779
0.00129801
0.0165524
0.0121463
0.00591988
0.0248984
0.288599
0.0266017
0.00762229
0.0113187
0.00570452
0.0225328
0
0.0126456
0.00451613
0.00944936
0.000958581
0.00145749
0.00391307
0
0
0.00124722
3.94227e-05
0.00121517
0.00421751
2.17514e-05
0.0207889
0.00162098
0.00174816
0.00513413
0.00753073
0.00235933
0.148246
1.7211e-05
0.00282094
0.00143172
0.0278153
0.000107609
0.00169088
0.0014683
0.00221945
0.0176517
0.00117514
0.0107518
0.00295562
0.000861125
0.000852328
0.0109601
0.00395175
0.0447707
0.0029144
0.00576499
0.00197902
0.00566944
0.000252486
3.68075e-05
1.52866e-05
0.00366562
0.000790298
0.00142523
0.00045981
0.00545721
0.00143168
8.84996e-05
0.00706954
0.0027377
0.000520778
6.00222e-05
0.00603456
0.00328439
0.00801267
0.00468618
0.00933732
0.00432365
0.0217765
0.0244282
0.00541223
0.00471929
0.017398
0.00511152
0.0906722
0
0
0.00805472
0.00675792
0.0067701
0.00883515
0.0213308
0.25163
0
0.0014482
0.00502564
0.00878032
0
0.00207898
0.00268249
0.0042188
0.0095919
0
0
0.00757984
0.00357844
0.00883806
0.000882697
8.23071e-05
0.000568812
0.0023032
0.00197671
0.00118784
0.00199333
0.00186147
0.0997861
0.000147782
0.0075073
5.27998e-05
0.0387225
0.000741378
0.0654463
0
0.00419421
0.00944915
0.0019069
0.00034328
0.00108643
0.000372066
0.0109212
0.000459535
0.000137502
0.0020076
0
0.00105677
0.0261692
0.00292842
0.112145
0.000129553
0.000594937
0.00188826
0.00251824
0.000224397
0.00446297
0.00026977
0.00813835
0.000157369
0.0080101
0.120118
0.00753096
0.00586362
0.000511772
0.00311843
0.00278296
0.0127708
0.0012434
0.000144848
0.00347093
0.0635705
0.000144321
0
0.0118344
0
0.00566608
0.00170441
0.000146026
0.000140545
0.00521956
0.000278532
0.00720092
0.000151925
0.00142409
0
0.0056508
8.25452e-05
0.00580787
0.0183163
0.0119457
0.000242611
7.76742e-05
0.00490987
0.00244142
0.0280029
8.04408e-05
0
0.00740414
0.00252719
0
0.204459
0.00352677
0.00878998
0.0185795
8.63458e-05
0.0293135
0.00297159
0.0170049
0.0020556
0.018479
0.0257328
0.000204794
0.0248217
8.15154e-05
0.00174152
0.00033661
0.0116915
0.00475167
0.00220234
0.00283344
0.00831163
6.9631e-05
0.000129385
0.0124528
0.00124996
0.0057252
7.73509e-05
1.24719e-05
0.000837378
0.00106221
0
0.00972257
0.00657723
0.00550732
0.00290461
0
0.00329722
3.69953e-05
5.01067e-05
0.000353643
0.00287775
0.00582615
0
0
0.00337514
0.00304839
0.016142
0.0028878
0.00314044
4.79538e-05
4.91773e-05
0.000463657
0.000168877
0.00210115
6.28586e-05
0.00249254
0.0025721
0
2.69646e-05
0.010028
0.208069
0.247885
0.00121826
0.0100317
0.000105079
0.0286689
0.00111109
0
0.00177587
0
0.108063
0.00192006
0.00176442
0.00697546
0.000115181
0.00939111
0.0118299
0.00750297
0.00172192
0.0127666
0.000146611
0.00149541
0
0.0248
0
6.65884e-06
0.000184892
0.00724396
0.00275789
0.0738689
0
0.25061
0.0127393
0.00154803
0.088737
0.153197
0.0018973
0.0017027
0.0141147
0.00129469
4.32758e-05
0.00277126
0.0971365
0.0511784
0
0.147545
0.000721661
3.87463e-05
0.0084914
0.0123955
0.0342222
0.00408542
0.00120864
0.0744866
4.59361e-05
3.55299e-05
0.0490118
0.118339
0.151342
0.000149939
0.054483
0.213337
0.00763687
0
0.00935478
0.00820992
0.0088124
0.00284365
0
0.00664535
0.00652044
0.0292902
0.000157071
0.00241125
0.178728
0.00139666
0.000218621
0.0127166
0.000612236
0.00128224
0.132929
0.119627
0.00384364
0.00667838
0.000195445
0
0.000189022
0.00132053
0.296295
0.0112456
0.0117003
0.000149444
0.000578582
0.00701684
0.0107416
0
0.000318104
0.00198463
0.213258
0.00413919
0.0368001
0.266757
0
0.00154728
0.00666015
0.00961352
0.00324171
0.176459
0.00478931
0
0.131619
0.0042239
0.00653783
0.143332
0
0.0648521
0.039932
0.0121448
0.000880783
0.000275018
0.000272123
0.00769519
0.0117546
0.00949827
0
0.0191334
0.029188
0.00146683
0.00392277
0.00474525
0.221737
0.0604432
0.0109288
0.00451711
0.00386136
0.173028
0
0.0224448
0.0142266
0.000285311
0.016733
0.0101519
0.00761708
0.000541739
0.000946557
0.00212865
0.00126296
0
0.00917369
0.00900179
0.00932086
0.000325111
0.00833785
0.00878768
0.00813682
0.0466066
0.0172683
0.0366361
0.0181546
0.0272939
0.0351948
0.00730754
0
0.0752634
0.076186
0
0.0116238
0.00181842
0.0263001
0.000138887
0.000319174
0.0140527
0.00847784
4.43288e-05
0.00846062
0.015474
0.0213241
0.034671
0.136667
0.00212268
0.000543721
0.000638227
0.16034
0.000759308
0.0114913
0.128148
0.00290818
0.000813729
0.00114692
0.0189544
0.247681
0.258697
0
0.024972
0.0593418
0.000418588
0.00243093
0
0.00641274
0.0133609
0
0.00663607
0.0320927
0.113256
0.00783651
0.00500106
0.000123016
0.000307358
0.000495005
0.181958
0.0590942
0.0246764
0.00517978
0.110247
0.00631577
0.000260641
0.00194309
0.301322
0.00558212
0.00912766
0.000323415
0.0442294
0.0030112
0.0583119
0.0790814
7.29386e-05
0.000693743
0.0142331
0.00538283
0.00106095
0.0132868
0.00848801
0.00223132
0.040324
0
0.196349
0.0429052
0.00106095
0.00624455
0.0151089
0.00202544
0.00235787
0.00537845
0
0.00422362
0.138967
0.0626446
0.369594
0.0204238
0.00565311
0.00188064
0.00287069
0.000809994
0.00774167
0.169284
0.00121974
0.00047894
0.151867
0
0.00370006
0.00543862
0.0213517
0.0135732
0.0108394
0.000630459
0.00181534
0.00321726
0.00533964
0.00129483
0.00144435
0.0056353
0
0.242427
0.00373282
0.00324349
0.00579654
0.0013442
0
0.000677935
0.017004
0.0733136
0.00138457
0.0021458
0.0197044
0.00154604
0
0.00346759
0.0190924
0.155909
0.00152954
0
0.00210593
0.0442893
0.181641
0.270585
0.123367
0.295594
0.00752638
0.00186746
0.00232515
0.0669126
0.00413549
0.0414945
0.0161703
0
0.00195083
0.000465289
0.00638419
0.0142463
0.00137662
0.095505
0.000832841
0.00411031
0.109442
0.0131744
0.00112183
0.000373959
0.0670406
0
0.0813265
0.00187188
0.00662988
0.000774216
0.0151553
0.000233141
0.00521501
0.00301404
0.00631003
0.048151
0.00132503
0.0121965
0
2.39863e-05
0.000637707
0.00509927
0.000265075
0.00775409
0.0365276
0.000755919
0
0.00185692
0.00412011
0.000353174
0.00305588
0.00943309
0
0.00347579
0.0579112
0.123251
0.000124593
0.257298
0.00976688
0.000736265
0.00890522
0.0010705
0
0.00313621
0.0313924
0.0064916
0.00443977
0
0.00642782
0.00204925
0.109923
0.00862004
0.0037426
0.00450935
0.00171851
0.00397782
0.00128386
0.00229177
0.0135281
0.0145162
0
0.00660932
0
0.00942548
0.00180249
0.000115069
0
0.00602055
0.00537649
0
0.00168429
0.116429
0.023798
0
0.000843461
0.0068702
0.00559522
0.0455198
0
0
0
0.0319241
7.77786e-05
0.000839199
0.00598923
0.00585315
0.0052497
0.00466228
0.0251736
0.00775446
0.00516455
0.0183365
0.0161063
0.000476783
0
0
0
0.0335838
0
0
0.0076634
0.00916049
0.0368908
0.00302035
0.0886019
0.0160989
3.1177e-05
0.0118546
0.000183026
3.21514e-05
0.00239905
0.00151423
0
0.00205412
0.00997607
0.00917215
0
0.00949547
0.0014255
0.0256641
0.000145984
0.000230649
0.00348308
0.0157759
0.00751561
0.0029637
0.00125714
0
0.00357438
2.30218e-05
0.00709546
0
0.0168771
0.00691239
0.00910139
0.00182294
0.00368825
0.189079
0.00190711
0
0.000418661
0
5.54478e-05
0.0702439
0.0094444
0.00526199
0.00211215
0
0.0075823
0.197182
0.00221796
0.113186
0.000702493
0.00316491
0
0.032368
0.174254
0.00129006
0
0
0.00844237
0.00313697
0.00490941
0.00133856
0.022415
0.0078952
0.0109322
0.0703724
0
0.00352628
0.00872813
0.000178359
0.184734
0.00613896
0.00051978
0.000794255
0.000246521
0.000176186
0.0201219
0.00178035
0.00256538
0.0217919
0.000191385
0.376338
0.192412
0
0.0012249
0.00529896
0.0636723
0.00185709
0.00014642
0.0502989
0.00179386
0.0283636
0
0.00494201
4.31087e-05
0.246913
0.00033891
0.0163635
0.000586665
0.00026462
0.000199688
0.00420823
0.00357969
0.00137371
0.0886811
0.0135728
0
0
0.227096
0.246576
0.019537
0.00808666
0.0380647
0.00449269
0.0778893
0.00125137
0.0147268
5.28672e-05
0.00922028
0
0.140258
0.000818412
0.257724
0.00148604
0.0015292
0.230624
0.000173777
0.0750447
0.0909006
0.002074
0.00383197
0.00182414
0.0658355
0.000160688
0.193607
0.0108601
0
0.0106474
0.0204721
0.00280127
0
0.000354724
8.5239e-05
0.00775144
0.000119756
0.0251522
0.205951
0.000432944
0.35203
0.116612
0
0
0.0874394
0.044596
0.0497108
0.00183118
2.12902e-05
0.283709
0
0.324252
0.140399
0.091935
0.0729135
0.00313318
0.0628493
0.264906
0.0111494
0.000351429
0.00155259
0.0784541
0.000749316
0.263442
0.00645119
0.0347098
0
0.00185689
0.0149278
0.117378
0.000225527
0.0654641
0.00107773
0.0136634
0.259925
0.000188266
0.186012
0.195413
0.00527605
0.000576043
0.2355
0.00363679
0.00707189
0.000430462
0.0382613
0.0015663
0.00703915
0.0058402
0.131897
0.00181709
0.00290828
0
0.00940695
0
0.0669832
0.00578416
0.0320995
0.0630588
0.127123
0.0380651
0.00297392
0.0199983
0.0021461
0
0.0477692
0.0262301
0.000568243
0.00261074
0.00631973
0.00126421
0.0120272
5.08485e-05
0.000281696
0.150467
0.26897
0.000160896
0.014691
0.00367576
0.0080595
0.000786279
0.249733
0.00479872
0.00342009
0.00384686
0.00539046
0.000712341
0
0.00071586
0
0
0
0.10064
0.00986476
0.00394238
0.0643935
0.000229163
0.000996402
0.0295135
0.00518158
0.021341
0.00576727
0.000853965
0.000667135
0.00268961
0.0129611
0.000449512
0.0181531
0.0110701
0
0.0147718
0.00289625
0.00355488
0.104349
0.000739281
0.0122804
0.0032734
6.70247e-06
0
0.00681571
0.12765
0
0.00634989
0.00108804
0.000142593
0.0571999
1.18869e-05
0.0246296
0.0050453
0
0
0.00239929
0.00234657
0.00552048
0
0
0.020701
0.0285039
0.00773894
0.00650425
0.00432116
0.00232074
0.0164459
0.000128052
0.00027598
0.00151903
3.70301e-06
0.024195
0.000392086
8.38954e-05
0.00117783
0.00851652
0.0606098
0.0240902
0.000213776
0.12653
0
0.00132873
0
0
0.00119781
0.0111431
0.237168
0.00118104
0.00176424
0.00143549
0.00953769
0.0249418
0.00334537
0.00163761
0
0.000390314
0
0.126155
0.0766302
0.11968
0.294249
0.0331613
0.00071472
0.000136756
0.0461876
0.00369299
4.4624e-05
0.00232621
0.000107574
0.00259567
0.00177064
0.000474685
0.267546
0.00180384
0.0171295
0.00334922
0.000575646
4.10491e-05
0.00707586
0.00115303
0.00398178
0.033957
0.00137414
0.00676977
0.0294768
0.000176063
0.0717142
2.30084e-05
0.000349326
0.000298889
0
0.0031751
0.00436865
0.165994
0
0.0128958
0
0.020718
0.0210126
0.000851349
0.217778
0.000495767
0.00665808
0.079317
0.0156875
0.00603515
0.00181614
0.000428821
0.0334442
0.0115348
0.000172975
0.000411706
0.0398255
0.000410889
0.261624
0
0.000312754
0.00495789
0.00477384
0.00971091
0.0708043
0.0799929
0.0105387
0.000445201
0.00117316
0.0044688
0.00350295
0.000215881
0.00280287
0.0943603
0.000327695
0.012004
0
0.00101354
0.00113416
0
0.0705859
0.147236
0.000117199
0.0037574
0.000330751
0.0942568
0.232138
0.000557338
0.000666013
0.244307
0.00878859
0.0047279
0.0369826
0.00138587
0.189791
3.39868e-05
0.213658
0.164133
0.0119723
0.176038
0
0.00343294
0.176505
9.54188e-05
0.0247389
0.000246004
0.1105
0.000875579
0.000412893
0.00142951
0.00339099
0.0483621
0.0317998
1.23333e-05
0.000116866
0.0416312
0.0047155
0.0063589
0.0665274
0.0574778
0
0.00679903
0.00807436
0.0135408
0.106925
0.0218772
0.17691
0.00419293
0.0204561
0.0128051
0.0207811
0.00491454
0.107784
0.00608804
0.158599
0.24172
0
0.0349294
0.00524834
0
0.00069123
0.00323349
0.149605
0.00304284
0.0474737
0.087604
0.00490582
0.0257303
0.000415172
0.00337073
0.00112199
0.012362
0.0208203
0.00128264
0.00101705
0
0.00474856
0.000189933
0.000524841
0.000252283
0.0773851
0.000543471
0.00185535
0.00468002
0.0066077
0.000423003
0
0.000106599
0.00349821
0.000163356
0.000560593
0.0637991
0.00194492
0.00823632
0
5.60401e-05
0
0.117694
0.000357509
0.00898756
0.0647562
0.0739446
0
0.00293855
0.146388
0.00247446
0.0943488
0.120168
0
0.0298963
0.000877168
0
0.035375
0.0118244
0.0250153
0.00188957
0.0770593
0.0122318
0.117039
0.000304618
0.005658
0.197142
0.0115324
0.0023394
0.0818282
0.0126424
0.000251666
4.62213e-05
0.000944634
1.81161e-05
0.00552545
0
0.206439
0.00019649
0.00318053
0.000742771
0.00200277
0.00248634
0.00241331
0
0.00260625
0.000794801
0.0151376
0.0131947
0.000240284
0.000147994
3.55039e-05
2.31655e-05
0.176437
0.00374413
0.00233179
8.54582e-05
0.00369929
0.000245473
0.00292751
0.00147659
0.00190117
0.00624146
0.0163042
0.0987398
0.0213975
0.0028917
0.0177041
0.0472331
0.262381
0.0102492
0
0.161507
0.0108753
0
0.103701
0
0.0012314
0.018477
0.00610159
0.00129903
0
0
0
2.7197e-05
0.0115171
0
0
0.00698569
0.00148713
0.00339692
0
0
0.00837317
0.00930424
0.00779206
0.0550355
0.00012079
0.00276279
0.0211929
0.000620219
0.0632399
0.00389614
0.00963593
0.0945895
0.0123571
0.00257159
0.0019618
7.201e-05
9.19602e-05
0.00314768
0.00027827
0.0731463
0.0134969
0.0516457
0.0081602
0.00104557
0.00216152
0
0
0.0167311
0.00036697
0.00737008
0.0207277
0.00278989
0
0
0.0808954
4.55247e-05
0.00125911
0
  </DataArray>
  <DataArray type = "Float64" Name="BordNoeud" format="ascii">
1
1
1
1
1
1
1
1
0
1
1
1
1
1
1
1
1
1
0
0
0
1
1
1
1
1
1
1
0
1
1
1
1
1
1
1
1
1
1
1
1
1
1
1
1
1
1
0
1
1
1
1
1
1
1
1
1
1
1
0
1
1
1
0
0
0
0
1
1
0
1
1
1
0
0
1
1
1
1
1
1
1
1
1
1
0
0
1
1
0
1
0
0
1
1
1
1
1
1
1
1
1
0
1
0
0
1
1
0
1
1
0
1
0
0
1
1
0
0
0
1
0
1
0
1
1
1
1
0
1
0
0
1
1
1
1
1
1
1
0
1
0
0
1
0
0
1
1
0
1
1
0
1
1
0
1
1
0
1
1
0
0
1
1
1
1
0
0
1
1
1
1
0
1
1
0
0
0
1
1
1
1
1
1
1
1
1
0
0
0
0
1
1
1
1
1
1
0
0
1
1
1
1
0
0
0
0
1
1
0
1
1
1
1
0
1
1
1
1
1
1
1
1
0
1
1
0
1
1
0
1
1
1
1
1
0
1
1
1
0
0
1
1
0
1
0
1
1
1
0
1
1
1
1
1
0
0
1
0
1
0
1
0
1
1
1
0
0
0
1
0
1
1
0
1
1
1
0
1
1
1
0
1
1
0
1
0
0
0
1
0
0
1
1
1
0
1
0
1
0
1
1
0
1
0
1
1
0
0
1
0
0
0
0
1
0
1
1
1
0
1
0
1
1
1
1
1
0
1
0
0
1
0
0
1
1
0
1
0
1
0
0
1
0
1
0
1
1
0
1
1
0
1
0
1
0
0
0
0
1
0
1
0
1
0
1
1
0
0
0
1
0
0
0
0
0
1
0
0
0
0
0
0
0
0
0
0
0
0
0
1
0
0
0
0
0
0
0
0
0
0
0
0
0
0
0
1
0
0
0
0
0
0
0
0
0
0
0
0
0
1
0
1
1
1
1
1
1
1
1
1
1
1
1
1
1
1
1
1
1
1
1
1
1
1
1
1
1
1
1
1
1
1
1
1
1
1
1
1
1
1
1
1
1
1
1
1
1
1
1
1
1
1
1
1
1
1
1
1
1
1
1
1
1
1
1
1
1
1
1
1
1
1
1
1
1
1
1
1
1
1
1
1
1
1
1
1
1
1
1
1
1
1
1
1
1
1
1
1
1
1
1
1
1
1
1
1
1
1
1
1
1
1
1
1
1
1
1
1
1
1
1
1
1
1
1
1
1
1
1
1
1
1
1
1
1
1
1
1
1
1
1
1
1
1
1
1
1
1
1
1
1
1
1
1
1
1
1
1
1
1
1
1
1
1
1
1
1
1
1
1
1
1
1
1
1
1
1
1
1
1
1
1
1
1
1
1
1
1
1
1
1
1
1
1
1
1
1
1
1
1
1
1
1
1
1
1
1
1
1
1
1
1
1
1
1
1
1
1
1
1
1
1
1
1
1
1
1
1
1
1
1
1
1
1
1
1
1
1
1
1
1
1
1
1
1
1
1
1
1
1
1
1
1
1
1
1
1
1
1
1
1
1
1
1
1
1
1
1
1
1
1
1
1
1
1
1
1
1
1
1
1
1
1
1
1
1
1
1
1
1
1
1
1
1
1
1
1
1
1
1
1
1
1
1
1
1
1
1
1
1
1
1
1
1
1
0
0
0
0
0
1
0
0
0
1
0
0
0
0
0
1
0
0
0
0
0
0
0
0
0
0
0
0
0
1
0
0
0
0
0
0
0
0
0
0
0
0
0
0
0
1
0
0
0
0
0
0
0
0
0
1
0
0
0
0
0
0
0
1
0
1
0
0
0
0
0
0
0
0
0
1
1
1
0
0
0
1
1
0
0
0
0
0
0
0
0
1
0
0
0
0
0
1
0
0
0
0
0
0
0
0
0
0
0
1
0
0
0
0
0
1
0
0
0
0
0
0
0
0
0
0
0
0
0
1
0
0
0
0
0
0
0
0
0
0
0
0
0
0
0
1
0
0
0
0
0
1
0
0
0
1
0
0
0
0
0
0
0
0
0
0
0
0
0
0
0
0
0
0
1
0
0
0
0
0
0
0
1
0
0
0
0
0
1
1
0
0
0
1
0
0
0
0
0
0
0
0
0
0
0
1
1
0
0
0
0
0
0
0
0
0
0
1
0
0
1
0
0
0
0
0
0
0
0
1
0
0
0
1
0
0
0
0
0
0
0
0
0
0
0
0
0
0
0
0
0
0
0
0
0
0
0
0
0
0
0
0
0
0
0
1
0
0
0
0
1
0
0
0
0
0
0
0
0
1
1
0
0
0
0
0
0
0
0
0
0
0
0
0
0
0
0
0
0
0
0
0
0
1
0
0
0
0
0
0
0
0
1
0
0
0
0
1
0
0
0
0
0
0
0
0
0
0
0
0
0
0
0
0
0
0
0
0
0
0
0
1
0
0
0
0
0
0
0
0
0
0
0
1
0
0
0
0
0
1
0
0
0
0
0
0
0
0
0
0
0
0
0
0
0
1
0
0
0
0
0
0
0
0
0
0
0
0
0
0
1
0
0
0
1
0
0
0
0
0
1
0
0
0
0
1
0
0
0
0
1
0
0
0
0
0
0
1
0
0
0
0
1
0
0
0
0
1
0
1
1
0
0
0
0
0
0
0
0
0
0
0
0
0
0
0
0
0
0
0
0
0
1
0
0
0
0
0
0
0
0
0
0
0
0
0
0
0
0
0
0
0
0
0
0
0
0
0
0
0
0
1
0
0
0
0
0
0
0
0
0
0
0
0
0
0
1
0
1
0
0
0
0
0
0
0
1
0
0
1
0
0
0
1
0
1
0
0
0
1
0
0
0
0
0
0
0
1
0
0
0
0
0
0
0
0
0
0
0
0
0
0
0
0
0
1
0
0
0
0
0
0
0
0
0
0
0
0
0
0
0
0
0
0
0
0
0
0
0
0
0
0
0
0
0
0
1
0
0
0
0
0
0
0
0
0
0
0
0
0
0
0
0
0
0
0
0
0
0
0
0
0
1
0
0
0
0
0
0
0
0
0
0
0
0
0
0
0
0
0
0
0
0
0
0
0
1
0
0
0
0
0
0
0
0
0
0
0
0
0
0
0
0
0
0
0
0
0
0
0
0
0
0
0
0
0
0
0
0
0
0
0
0
0
0
0
0
0
0
0
0
0
0
0
1
0
1
0
0
0
0
0
1
0
1
0
0
0
0
0
0
0
0
0
0
0
0
1
0
0
0
0
0
0
0
0
0
0
0
1
0
1
0
0
0
0
0
0
0
0
0
0
0
0
0
1
0
0
0
0
0
0
0
0
0
0
0
0
0
0
0
0
0
1
0
0
0
1
0
0
1
0
0
0
0
0
0
0
0
0
0
0
0
0
0
0
0
1
0
0
0
0
0
1
0
0
0
0
0
0
1
0
0
0
0
0
0
0
0
0
0
1
0
0
1
0
0
0
0
0
0
0
1
0
0
0
0
0
0
0
0
0
0
0
0
0
0
0
0
0
0
0
0
0
0
0
0
1
0
0
0
0
0
1
0
0
0
0
0
0
0
1
0
1
0
0
0
0
1
1
0
0
0
0
1
0
0
0
0
0
0
0
0
0
0
0
0
0
0
0
0
0
0
1
0
0
1
0
0
0
0
1
0
0
0
0
0
0
0
0
0
0
0
0
0
0
1
0
0
0
0
0
0
0
0
0
0
0
0
0
0
1
0
0
1
1
0
0
0
0
0
0
0
0
0
0
0
0
1
0
0
0
0
0
0
0
0
0
0
0
1
0
0
0
0
0
0
0
0
0
1
0
0
0
0
0
0
0
0
0
0
0
0
0
0
0
0
0
0
0
0
0
0
0
1
0
0
0
0
0
0
1
0
1
0
0
0
0
0
0
1
0
1
0
0
0
0
1
0
0
0
0
0
0
0
0
1
0
0
0
1
0
0
0
0
0
0
0
1
0
0
0
0
0
0
1
0
0
0
0
0
1
0
0
0
0
0
0
0
0
0
0
0
0
0
1
0
0
0
0
0
0
0
0
0
0
0
1
0
0
0
1
0
0
1
0
0
0
0
0
0
0
0
0
0
0
0
0
0
0
0
0
0
1
0
0
0
1
0
1
0
0
0
0
0
0
0
0
1
0
0
0
0
0
0
0
0
0
0
0
0
0
1
0
0
0
0
0
0
0
0
0
0
0
0
0
0
1
1
0
0
1
0
0
0
0
0
0
0
0
0
0
0
0
0
1
0
0
0
0
0
0
0
1
0
0
1
0
0
0
0
0
0
0
0
0
0
0
0
0
0
0
0
0
0
0
0
0
0
0
1
0
0
0
0
1
0
0
0
0
0
1
0
0
0
0
0
0
0
0
1
0
0
0
0
0
0
0
0
0
0
0
0
0
0
0
0
0
0
0
0
0
0
0
0
0
0
0
0
1
0
0
1
0
0
1
0
0
0
0
0
0
0
0
0
0
0
1
1
1
0
0
0
0
0
0
0
0
0
1
0
1
0
0
0
0
1
0
0
1
0
0
1
1
0
0
0
0
1
0
1
0
0
0
0
1
0
1
0
0
0
1
0
0
0
0
0
0
0
0
0
1
0
0
0
0
0
0
0
0
0
0
0
0
0
0
0
0
0
0
0
0
0
0
0
1
0
0
0
0
0
0
0
0
0
0
0
0
0
0
0
0
0
0
0
0
0
1
0
1
0
0
0
1
0
0
1
0
1
0
0
0
0
0
0
0
0
0
1
0
0
0
1
0
0
0
0
1
1
0
0
0
0
0
0
0
0
0
0
1
0
0
0
0
1
0
0
0
0
0
0
0
0
0
0
0
1
0
0
0
1
0
0
0
0
0
0
0
0
0
0
0
0
0
0
0
1
0
0
0
1
0
0
0
1
0
0
1
0
0
1
0
0
0
0
0
0
0
0
0
0
0
0
0
0
1
0
0
1
0
0
1
0
0
0
0
1
1
0
0
0
0
0
1
0
0
0
0
0
0
0
0
0
1
0
0
0
0
0
0
0
1
0
0
0
0
0
0
0
0
0
0
0
0
0
0
1
1
0
1
0
0
0
0
0
0
0
1
1
0
0
0
0
0
0
1
0
1
0
0
0
0
0
1
0
0
0
1
1
0
0
0
0
0
0
0
0
0
1
0
0
0
0
0
0
0
0
0
1
0
0
0
0
0
1
0
0
0
0
0
0
0
0
0
0
0
0
0
0
0
0
0
1
0
0
0
0
0
0
0
0
0
0
0
0
0
0
0
0
0
1
1
0
0
0
0
0
0
0
1
0
0
0
0
0
0
0
0
0
1
0
0
0
0
0
0
1
0
0
0
0
1
0
0
0
0
1
0
0
0
0
0
0
0
0
0
0
0
0
0
0
0
0
0
0
0
0
0
0
0
0
0
0
0
1
0
1
0
1
0
0
0
0
0
0
0
0
0
0
0
0
0
0
0
0
0
0
0
0
1
0
0
0
0
0
0
0
0
0
0
0
1
0
0
0
0
0
0
0
0
0
0
0
0
0
0
0
0
0
0
1
0
0
0
0
0
0
0
1
0
0
0
0
0
1
0
0
0
0
1
0
0
0
0
0
0
0
0
0
0
0
0
0
0
0
0
0
0
0
0
0
0
1
0
0
0
0
0
1
0
0
1
0
0
0
0
1
0
0
0
0
0
1
0
0
0
0
0
0
0
0
0
0
0
0
0
0
0
0
0
0
0
0
0
0
0
1
1
0
0
0
0
0
0
0
0
0
0
0
0
0
0
1
1
0
0
0
0
0
0
0
0
0
0
0
0
0
0
0
0
0
0
0
0
0
0
1
1
0
0
0
0
0
0
0
0
0
0
0
0
0
1
0
0
0
0
0
0
1
0
0
0
1
0
0
0
0
1
0
0
0
0
0
1
0
0
1
0
0
1
0
0
0
0
0
0
0
0
0
0
0
0
0
0
0
0
0
0
0
0
0
0
0
0
0
0
0
0
0
0
0
1
0
0
0
0
0
0
0
0
0
0
0
1
0
0
0
0
0
0
0
0
0
0
0
1
0
0
0
0
0
0
1
0
0
0
0
0
1
0
0
0
0
0
0
0
0
0
0
0
0
0
0
0
0
1
0
0
0
0
0
1
0
0
0
0
0
0
0
0
0
0
0
0
0
0
0
0
0
0
0
0
0
0
0
0
0
0
0
0
0
0
0
1
0
0
0
0
0
0
0
0
0
0
0
1
1
0
0
0
0
0
0
1
1
0
0
0
0
0
0
0
0
0
0
0
0
1
0
1
0
0
0
0
0
0
1
0
1
0
0
0
0
0
0
0
1
1
1
0
0
0
1
0
0
1
0
0
0
0
0
0
0
0
0
0
0
1
0
0
0
1
0
1
0
1
1
0
0
0
0
0
1
0
0
0
0
0
0
0
0
0
0
0
0
0
0
0
0
0
0
0
0
0
0
0
0
0
1
0
1
0
0
0
0
0
0
0
0
1
0
0
0
0
0
0
1
0
0
0
0
0
0
1
0
0
0
0
0
0
0
0
1
1
0
1
1
0
0
0
0
0
0
0
0
0
1
0
1
0
0
0
0
0
0
0
1
0
0
0
0
0
0
0
0
0
1
0
1
0
0
0
1
0
0
0
0
0
1
1
0
0
0
0
0
0
0
1
0
0
0
1
0
0
0
0
1
1
0
0
0
0
0
0
0
0
0
0
0
1
0
0
0
0
0
0
0
0
0
0
0
0
0
0
0
0
0
0
0
1
1
1
0
0
0
0
0
0
0
0
0
1
0
0
0
0
0
0
1
0
0
1
0
0
1
0
0
0
0
0
0
0
0
1
0
0
0
0
0
0
0
0
0
0
0
0
0
0
0
0
0
0
0
0
0
0
0
0
0
0
0
0
0
1
0
1
0
0
0
0
0
1
0
0
0
0
0
0
1
1
0
0
1
0
1
1
0
1
1
0
0
0
0
0
1
0
0
1
0
0
0
1
0
0
0
0
0
1
0
0
0
0
0
0
0
0
0
0
1
0
0
0
0
0
0
1
1
0
0
0
0
0
0
0
0
0
0
0
0
0
0
1
0
0
1
0
0
0
0
1
0
1
1
0
0
0
0
0
0
0
0
0
1
1
0
0
0
0
0
0
0
0
1
0
0
0
0
0
1
0
0
1
0
0
1
1
0
0
0
0
0
0
0
1
0
0
0
0
0
0
0
0
0
0
0
0
0
0
0
1
0
1
0
0
0
0
0
0
1
0
0
0
1
0
1
1
0
1
0
0
1
0
0
0
0
0
0
0
0
0
0
0
0
0
0
1
1
1
1
0
0
1
0
0
0
0
0
0
1
0
1
0
0
0
0
0
0
0
0
0
0
0
0
0
0
0
0
0
0
0
0
0
0
0
1
0
0
0
0
0
0
1
0
0
1
0
0
1
0
0
0
0
0
0
0
0
0
0
1
0
0
1
1
0
0
0
0
0
0
0
0
0
0
0
0
0
0
0
1
1
1
0
0
0
0
0
0
0
0
0
1
0
1
0
0
1
0
0
1
0
0
0
0
0
0
0
0
0
0
0
0
1
1
0
1
0
1
0
0
0
0
0
0
0
1
0
0
0
1
0
0
0
0
0
0
1
0
0
0
0
0
0
1
1
0
0
0
0
0
0
0
0
0
0
0
0
0
0
0
0
0
1
0
0
0
0
1
0
0
0
0
0
0
0
0
0
0
1
0
0
0
0
0
1
1
1
0
0
0
0
0
0
0
0
0
0
0
0
0
0
0
0
1
0
1
0
0
0
1
0
0
0
0
1
0
0
0
0
0
0
1
1
0
0
0
0
0
0
0
0
0
0
0
0
0
0
0
0
0
0
1
0
0
0
0
0
0
1
1
0
0
1
0
0
0
0
0
0
1
0
0
0
0
0
0
1
1
1
0
0
1
1
0
0
0
0
0
0
0
0
0
0
0
0
0
0
1
1
0
0
0
0
0
0
0
0
0
0
0
0
0
0
0
0
1
0
0
0
0
0
0
0
0
0
0
0
1
0
1
0
1
0
0
0
0
0
0
0
0
1
0
0
0
0
1
0
0
0
0
0
0
0
0
0
0
0
0
1
0
0
0
0
0
1
0
0
0
0
1
0
0
0
0
0
0
0
0
0
0
0
0
0
0
1
0
1
0
0
0
0
0
0
0
1
0
0
1
0
0
0
0
0
0
0
0
0
0
0
0
0
0
0
0
0
0
1
0
0
0
0
0
0
0
0
1
0
0
0
0
0
0
0
0
0
0
0
0
0
1
0
0
0
0
0
0
0
1
0
0
0
0
0
1
0
0
0
0
0
0
0
0
1
0
0
0
0
0
0
0
0
0
0
0
1
0
0
0
0
0
0
0
0
1
0
0
0
0
0
0
0
0
0
1
0
0
0
0
0
1
1
0
0
0
0
0
0
0
0
1
0
0
0
0
0
1
0
0
0
0
0
0
0
0
0
0
0
0
0
1
0
0
0
0
0
0
1
1
0
0
0
0
0
0
0
0
0
0
0
0
0
0
0
0
0
0
0
0
0
0
0
0
0
0
0
0
0
0
0
0
0
0
0
0
0
0
0
0
0
0
0
0
0
0
0
0
0
0
0
0
0
0
0
0
0
0
0
0
1
1
0
0
0
0
0
0
1
0
0
0
1
0
0
0
0
1
1
0
0
0
0
0
0
0
0
0
0
0
0
0
0
0
0
0
0
1
0
0
0
0
0
0
0
0
0
0
1
0
0
0
0
0
0
0
0
0
0
0
0
0
0
0
0
0
0
0
0
0
0
0
0
0
0
1
0
1
0
0
0
0
0
0
0
0
0
1
0
0
0
0
0
0
0
0
0
0
0
1
0
0
1
0
0
0
0
0
0
0
0
0
0
0
0
0
0
0
0
0
0
0
0
0
0
0
0
0
0
0
0
0
0
1
0
0
0
0
1
0
0
0
0
0
0
1
1
0
0
0
0
0
0
0
0
0
0
0
0
0
1
0
0
0
0
0
0
0
0
0
1
0
1
0
0
0
0
0
0
0
0
0
0
0
0
1
0
1
0
0
0
0
0
1
0
0
0
0
0
0
0
0
0
0
0
0
0
1
0
0
0
0
0
0
0
0
0
0
0
0
0
0
0
0
0
0
1
0
0
0
0
1
0
0
0
0
0
0
0
0
1
0
0
0
0
0
0
0
1
0
0
0
0
0
0
0
0
0
1
0
0
0
0
0
0
1
0
0
0
0
0
0
1
0
0
0
0
1
0
0
0
0
0
0
0
0
0
1
0
0
0
0
0
0
0
0
0
0
0
1
0
0
0
0
0
0
0
0
0
0
1
0
0
0
0
0
0
0
0
0
0
0
0
0
0
1
0
0
1
0
0
0
0
0
0
0
0
0
0
0
0
0
0
0
0
0
0
0
0
0
0
0
0
0
0
1
0
0
0
0
1
0
0
1
0
0
0
0
0
0
0
0
0
0
0
0
0
0
0
0
0
0
0
0
0
0
0
0
0
0
0
0
0
1
0
0
0
1
0
0
0
0
0
0
0
0
1
0
0
0
0
0
0
0
0
0
0
0
0
0
0
1
0
0
0
0
0
0
0
0
0
0
0
0
1
0
0
0
0
0
1
0
0
0
0
0
0
0
1
0
0
0
0
1
0
0
0
0
0
0
0
0
0
0
0
0
0
1
0
0
0
0
0
0
0
0
0
0
0
0
0
1
0
0
0
0
0
0
0
0
0
0
0
0
1
0
0
0
0
0
0
0
1
0
0
0
0
0
1
0
0
0
0
0
0
0
0
0
1
0
0
0
0
1
0
0
0
0
0
0
0
0
0
0
0
0
1
0
1
0
0
0
1
0
0
1
0
0
0
1
0
0
0
0
1
1
1
0
0
0
0
0
0
0
0
0
0
0
0
0
1
1
1
0
1
1
0
0
0
0
0
0
0
0
0
0
0
0
1
0
0
0
1
0
0
0
0
0
0
0
0
0
0
1
0
0
0
1
0
0
0
0
0
0
0
1
0
1
0
0
0
0
0
1
0
0
0
0
0
0
1
0
0
0
1
1
0
0
0
0
0
0
0
0
1
0
0
0
0
0
0
0
0
0
0
0
0
0
0
0
0
1
0
0
0
0
0
0
0
0
1
0
0
0
0
0
0
0
0
0
0
0
0
0
1
1
0
1
0
0
0
0
0
0
0
0
0
1
0
0
0
0
0
0
0
0
0
0
0
0
0
0
0
0
1
0
0
0
1
0
0
0
0
0
0
0
0
1
1
1
0
0
0
0
0
0
1
0
0
0
0
0
0
0
0
0
0
0
0
0
0
0
1
0
0
0
0
0
0
0
0
0
0
0
0
0
0
0
0
0
0
0
0
0
0
0
0
1
0
1
0
0
0
0
0
0
0
0
0
1
0
0
0
0
0
0
0
0
0
0
0
0
0
0
0
0
0
0
0
0
0
0
1
0
1
1
1
0
0
0
0
0
0
0
0
0
0
0
0
0
0
0
0
0
1
0
0
0
0
0
0
0
0
1
0
0
1
0
0
0
0
0
0
0
1
1
0
0
0
1
1
0
0
0
0
1
0
0
0
0
0
0
0
0
0
0
0
0
0
0
0
1
0
1
1
0
0
0
0
0
0
1
0
0
0
1
0
1
0
0
0
0
0
0
0
0
0
0
0
0
0
0
0
0
0
0
0
0
0
0
0
0
0
0
0
0
0
0
0
0
0
1
0
0
0
1
0
1
0
0
0
0
0
0
0
0
0
0
0
0
0
0
0
0
0
0
1
0
0
0
0
0
0
0
0
0
0
0
0
0
0
0
0
1
0
0
1
0
0
0
0
0
0
0
0
0
0
0
0
0
0
0
0
0
0
0
0
1
0
0
0
0
0
0
0
0
0
0
0
0
0
0
0
0
0
0
0
1
0
0
0
0
0
0
0
0
0
0
0
0
0
0
0
1
0
0
1
0
0
0
0
0
0
0
0
0
0
0
0
0
0
0
1
0
0
0
0
0
0
0
0
0
0
1
0
0
0
0
1
0
0
1
0
1
0
0
0
0
0
1
0
0
0
0
0
1
0
0
1
0
0
0
0
0
0
0
0
0
0
0
0
0
0
0
0
0
0
0
1
0
0
0
0
0
0
0
1
0
0
0
0
0
0
0
0
0
0
0
0
0
0
0
0
0
0
0
1
0
0
0
0
0
0
1
0
0
1
0
1
0
0
0
0
1
1
1
0
0
1
1
0
0
0
1
1
0
0
0
0
0
0
0
0
0
0
0
0
0
0
0
0
0
0
0
0
0
0
0
0
1
1
1
0
0
0
0
0
1
1
0
0
0
1
  </DataArray>
  <DataArray type = "Float64" Name="normeUnVecteur" format="ascii">
1e-05
1e-05
1e-05
1e-05
1e-05
1e-05
1e-05
1e-05
6.27428e-05
1e-05
1e-05
1e-05
1e-05
1e-05
1e-05
1e-05
1e-05
1e-05
0.00494021
0.0306104
0.00410501
1e-05
1e-05
1e-05
1e-05
1e-05
1e-05
1e-05
0.00142516
1e-05
1e-05
1e-05
1e-05
1e-05
1e-05
1e-05
1e-05
1e-05
1e-05
1e-05
1e-05
1e-05
1e-05
1e-05
1e-05
1e-05
1e-05
0.101575
1e-05
1e-05
1e-05
1e-05
0.00944571
1e-05
1e-05
1e-05
1e-05
1e-05
1e-05
0.000357085
1e-05
1e-05
1e-05
0.00758699
8.6446e-05
0.0222464
0.00184391
1e-05
1e-05
0.0340856
1e-05
1e-05
1e-05
0.0050332
0.000144843
1e-05
1e-05
1e-05
1e-05
1e-05
1e-05
1e-05
1e-05
1e-05
1e-05
0.129408
0.0802906
1e-05
1e-05
0.0157688
1e-05
0.0216586
0.0049262
1e-05
1e-05
1e-05
1e-05
1e-05
1e-05
1e-05
1e-05
1e-05
0.103714
1e-05
0.0162656
0.00516159
1e-05
1e-05
0.0231931
1e-05
1e-05
0.120773
0.0539955
0.0983497
0.00474816
1e-05
0.217479
0.0626417
0.0214669
0.000548482
1e-05
0.0133654
1e-05
0.0016196
1e-05
1e-05
1e-05
1e-05
0.0499319
1e-05
0.0139299
8.3996e-05
1e-05
1e-05
1e-05
1e-05
1e-05
1e-05
1e-05
0.0231197
1e-05
0.00461017
0.00374375
1e-05
0.100039
0.0897224
1e-05
1e-05
0.000197056
1e-05
1e-05
0.0023011
1e-05
1e-05
0.0187944
1e-05
1e-05
0.0159518
1e-05
0.00508125
0.00314646
0.0177773
1e-05
1e-05
1e-05
1e-05
0.00423628
0.0103872
1e-05
1e-05
1e-05
1e-05
0.162119
1e-05
1e-05
0.00653726
0.0228767
0.000247027
1e-05
1e-05
1e-05
1e-05
0.11669
1e-05
1e-05
1e-05
1e-05
0.00593117
0.0577716
0.000279898
0.00786396
1e-05
1e-05
1e-05
0.157462
1e-05
1e-05
0.000144259
0.148604
1e-05
0.084396
1e-05
1e-05
0.0336138
0.0260361
0.0226731
0.0265839
1e-05
1e-05
0.246782
1e-05
1e-05
1e-05
1e-05
0.000277399
1e-05
1e-05
1e-05
1e-05
1e-05
1e-05
1e-05
1e-05
0.00810395
1e-05
1e-05
0.0197785
1e-05
1e-05
0.115075
1e-05
1e-05
1e-05
1e-05
1e-05
0.0200931
1e-05
1e-05
0.294829
0.0177659
0.0165559
1e-05
1e-05
0.0480238
1e-05
0.0195381
1e-05
1e-05
1e-05
0.0101519
1e-05
1e-05
1e-05
1e-05
1e-05
0.00717534
0.0183782
1e-05
0.00512364
1e-05
0.00526347
1e-05
0.0134756
1e-05
1e-05
1e-05
1.8566e-05
0.0195486
0.0164409
1e-05
0.000227898
1e-05
1e-05
0.000254477
1e-05
1e-05
1e-05
0.0199144
1e-05
1e-05
1e-05
0.00031039
1e-05
1e-05
0.0138087
1e-05
0.0324151
0.0154689
0.0234355
1e-05
0.0138609
0.0291695
1e-05
1e-05
1e-05
0.026612
1e-05
0.0257323
1e-05
0.0023611
1e-05
1e-05
0.0483686
1e-05
0.0198168
1e-05
1e-05
0.0200614
0.0622805
1e-05
0.0262211
7.08987e-05
0.0234054
0.0124422
1e-05
0.0401012
1e-05
1e-05
1e-05
0.278318
1e-05
0.0106177
1e-05
1e-05
1e-05
1e-05
1e-05
0.00314061
1e-05
0.0277776
0.0237434
1e-05
0.0194726
0.0138229
1e-05
1e-05
0.0136618
1e-05
0.0195741
1e-05
0.0128804
0.0174518
1e-05
0.0142085
1e-05
0.0052796
1e-05
1e-05
0.124468
1e-05
1e-05
0.0237227
1e-05
0.0054069
1e-05
0.0206727
0.000396644
0.00194658
0.000740579
1e-05
0.0595981
1e-05
0.00297903
1e-05
0.0274138
1e-05
1e-05
0.018973
0.0143661
0.00012744
1e-05
1.0675e-05
0.0184884
0.0121389
0.0105336
0.00639063
1e-05
0.0145884
0.0198012
0.027285
0.19886
0.0214361
0.00645511
0.014053
0.0727107
0.0014138
0.0154763
0.0014319
0.0139641
0.0510365
1e-05
0.0231432
0.00578448
0.0182024
0.00193427
0.0221134
0.0187987
0.0202995
2.49312e-05
0.031165
0.0221482
0.0230603
0.0221836
0.0270156
0.00155836
0.0153264
1e-05
0.0202875
0.0222658
0.0230068
0.0486348
0.038834
0.0189147
0.0110966
0.00771161
0.0335666
0.00229971
0.043972
0.0215802
0.0121459
1e-05
0.00586612
1e-05
1e-05
1e-05
1e-05
1e-05
1e-05
1e-05
1e-05
1e-05
1e-05
1e-05
1e-05
1e-05
1e-05
1e-05
1e-05
1e-05
1e-05
1e-05
1e-05
1e-05
1e-05
1e-05
1e-05
1e-05
1e-05
1e-05
1e-05
1e-05
1e-05
1e-05
1e-05
1e-05
1e-05
1e-05
1e-05
1e-05
1e-05
1e-05
1e-05
1e-05
1e-05
1e-05
1e-05
1e-05
1e-05
1e-05
1e-05
1e-05
1e-05
1e-05
1e-05
1e-05
1e-05
1e-05
1e-05
1e-05
1e-05
1e-05
1e-05
1e-05
1e-05
1e-05
1e-05
1e-05
1e-05
1e-05
1e-05
1e-05
1e-05
1e-05
1e-05
1e-05
1e-05
1e-05
1e-05
1e-05
1e-05
1e-05
1e-05
1e-05
1e-05
1e-05
1e-05
1e-05
1e-05
1e-05
1e-05
1e-05
1e-05
1e-05
1e-05
1e-05
1e-05
1e-05
1e-05
1e-05
1e-05
1e-05
1e-05
1e-05
1e-05
1e-05
1e-05
1e-05
1e-05
1e-05
1e-05
1e-05
1e-05
1e-05
1e-05
1e-05
1e-05
1e-05
1e-05
1e-05
1e-05
1e-05
1e-05
1e-05
1e-05
1e-05
1e-05
1e-05
1e-05
1e-05
1e-05
1e-05
1e-05
1e-05
1e-05
1e-05
1e-05
1e-05
1e-05
1e-05
1e-05
1e-05
1e-05
1e-05
1e-05
1e-05
1e-05
1e-05
1e-05
1e-05
1e-05
1e-05
1e-05
1e-05
1e-05
1e-05
1e-05
1e-05
1e-05
1e-05
1e-05
1e-05
1e-05
1e-05
1e-05
1e-05
1e-05
1e-05
1e-05
1e-05
1e-05
1e-05
1e-05
1e-05
1e-05
1e-05
1e-05
1e-05
1e-05
1e-05
1e-05
1e-05
1e-05
1e-05
1e-05
1e-05
1e-05
1e-05
1e-05
1e-05
1e-05
1e-05
1e-05
1e-05
1e-05
1e-05
1e-05
1e-05
1e-05
1e-05
1e-05
1e-05
1e-05
1e-05
1e-05
1e-05
1e-05
1e-05
1e-05
1e-05
1e-05
1e-05
1e-05
1e-05
1e-05
1e-05
1e-05
1e-05
1e-05
1e-05
1e-05
1e-05
1e-05
1e-05
1e-05
1e-05
1e-05
1e-05
1e-05
1e-05
1e-05
1e-05
1e-05
1e-05
1e-05
1e-05
1e-05
1e-05
1e-05
1e-05
1e-05
1e-05
1e-05
1e-05
1e-05
1e-05
1e-05
1e-05
1e-05
1e-05
1e-05
1e-05
1e-05
1e-05
1e-05
1e-05
1e-05
1e-05
1e-05
1e-05
1e-05
1e-05
1e-05
1e-05
1e-05
1e-05
1e-05
1e-05
1e-05
1e-05
1e-05
1e-05
1e-05
1e-05
1e-05
1e-05
1e-05
1e-05
1e-05
1e-05
1e-05
1e-05
1e-05
1e-05
1e-05
1e-05
1e-05
1e-05
1e-05
1e-05
1e-05
1e-05
1e-05
1e-05
1e-05
1e-05
1e-05
1e-05
1e-05
1e-05
1e-05
1e-05
1e-05
1e-05
1e-05
1e-05
1e-05
1e-05
1e-05
1e-05
1e-05
1e-05
1e-05
1e-05
1e-05
1e-05
1e-05
0.0448367
0.000364258
0.0198786
0.0206538
0.010648
1e-05
0.0450644
0.0474271
0.0117608
1e-05
0.018719
0.00315995
0.0385123
0.0315314
9.58396e-05
0.124653
0.000114033
0.0501943
0.0019779
0.0152555
0.00620536
1.00389e-05
0.000238778
0.00834354
0.0212779
0.0176705
0.0230297
0.000112689
0.000639712
1e-05
0.0136402
0.00337356
1.16495e-05
0.0332244
0.00056179
0.00486828
0.0213578
0.0102201
0.0198499
0.0284452
0.000152795
0.000129959
0.000862786
0.0221151
0.0152761
1e-05
0.00593652
0.00270678
0.0187557
0.000709728
0.0386071
0.0389461
0.000894344
0.0191156
0.0165971
1e-05
0.020496
0.0012887
0.0153701
0.0444433
0.0223647
0.022797
0.0203251
1e-05
0.0194054
0.254465
0.0148178
0.0184771
0.0326359
0.0129289
0.0427328
0.0178412
5.28861e-05
0.00874688
0.00761337
1e-05
1e-05
1e-05
0.0218212
0.0415883
0.041983
1e-05
1e-05
0.0351001
0.0176454
0.00138245
0.0159522
0.000851562
0.0163693
7.91201e-05
0.0423324
1e-05
0.00622395
0.00749335
0.000948527
0.000353468
0.00171452
1e-05
0.00514902
4.63666e-05
0.0012554
0.0600336
0.0375525
0.00459024
0.00182701
7.43612e-05
0.0331672
0.00205092
0.00537883
1e-05
0.00011325
0.000118206
0.0149924
0.00675446
0.000279791
1e-05
0.00128721
0.00850114
0.0189509
0.00159387
0.244698
0.0284142
0.0108116
0.00427896
0.00564933
0.00184715
0.000346513
2.87566e-05
0.242632
1e-05
0.137447
0.0171882
0.00360057
0.00233133
0.308838
0.00198025
0.00139996
0.0138977
0.000125406
0.122019
0.00704312
0.0266094
0.000916893
0.00213766
0.00577457
1e-05
0.0430323
0.000401273
0.354304
0.168421
0.017488
1e-05
0.00241685
0.0078728
8.79609e-05
1e-05
0.000557745
0.14911
0.00397313
0.000302749
1e-05
0.000110599
0.00377193
0.00953851
0.000476436
0.0149913
0.00685337
0.00630673
0.0543942
0.00513914
0.0534138
0.00020669
0.000838235
0.00221314
1e-05
0.000705752
0.00180818
0.000147365
0.109051
0.00437014
0.30363
0.0262395
1e-05
0.0686975
0.310069
0.00681464
0.320203
0.00419387
1e-05
1e-05
0.000243365
0.0627282
0.00977927
1e-05
0.0777476
0.290162
0.017434
0.130146
0.0490238
0.00610497
0.000162843
0.012207
0.0212666
5.3892e-05
0.0062946
1e-05
1e-05
0.106903
0.00771164
0.158031
0.0284065
0.0256565
0.00120347
0.000388688
1.10516e-05
0.00536672
0.000630965
1e-05
1e-05
0.00681067
1e-05
0.00836901
0.00848677
0.000390609
0.000102331
0.0404315
0.00664867
0.0136172
0.00107419
1e-05
0.000708069
0.000449228
0.0799007
1e-05
0.0599523
0.0129036
0.0483741
0.000124154
0.000434222
2.55491e-05
0.0564687
4.19739e-05
0.0158973
0.00747945
0.0121654
0.00589385
2.69128e-05
0.000121643
0.0010311
1.51823e-05
0.0142142
0.0679158
0.00951398
0.00733221
0.000200194
0.00350357
0.00125939
0.0271073
0.00683795
0.00718979
0.000262826
0.00959251
0.0227294
0.0784796
0.0160428
1e-05
0.0073033
0.000291397
0.000115298
0.000127943
1e-05
2.88881e-05
0.000352416
0.00153934
0.0899851
0.00734996
0.0285469
1.01125e-05
0.0069332
1e-05
0.0302234
0.0050266
0.0237742
0.00539851
0.00752532
0.00636038
0.00459271
0.00407751
0.0115222
6.17157e-05
0.0101345
7.33335e-05
5.81068e-05
0.0206749
0.000649566
0.0380149
0.000105564
0.0135936
0.00621142
0.00102255
0.00390892
0.00530175
0.000344883
1e-05
0.00204191
6.93466e-05
0.173735
0.115191
0.00563113
0.064484
0.0193496
0.000133608
1e-05
0.000189217
0.0269911
0.00599478
0.00337702
1e-05
0.0248879
0.00319516
0.00551455
0.0666985
6.96654e-05
5.44284e-05
0.0191891
0.160251
0.0336966
0.000144064
0.00222571
0.0331102
0.000364565
0.00700585
8.46924e-05
0.00380647
0.000434511
3.98349e-05
0.0321345
0.00256609
0.0463937
0.0170799
0.0356136
1e-05
0.00107533
0.000467839
0.00956838
2.88071e-05
0.000630379
0.00377935
0.000530076
0.00713009
0.197568
0.00377997
0.000320788
1e-05
0.0393437
0.0258767
1.73761e-05
0.00519794
0.000227613
1e-05
0.000237389
0.0176398
0.000149791
0.0194525
0.00130803
0.00191092
0.000827098
0.222526
0.00136149
0.273263
0.000492637
0.0262932
0.000809703
0.0377168
0.0345455
1e-05
0.00248719
0.0244432
0.000134976
0.00630501
0.000613669
0.0101906
0.000324863
0.00171099
0.0141996
1.77187e-05
0.000402638
0.375453
0.085323
0.00249863
0.0381316
0.0120549
0.00406097
0.0118695
1e-05
0.000130225
3.68567e-05
0.344235
0.00024542
0.00820075
1e-05
0.0213851
0.00269546
0.00282489
0.109816
1e-05
0.0034832
0.00147216
5.25975e-05
0.000543492
1e-05
0.0078815
0.0219736
0.000236506
0.000131133
0.00073369
0.00325629
1e-05
0.010388
2.16886e-05
0.0125238
0.00171657
1e-05
9.85798e-05
0.0355125
2.7776e-05
0.00123906
1e-05
6.49495e-05
1e-05
1e-05
0.000811789
0.235133
0.00662155
0.00835688
0.000124938
0.22336
0.00768756
6.95213e-05
0.0011532
0.00216349
1.61881e-05
2.86942e-05
0.00493674
0.00355457
1e-05
0.00252323
0.00169128
0.000899957
0.000146876
0.0193838
7.6365e-05
1e-05
0.000587627
0.00423564
1.48343e-05
0.000356874
0.0239917
0.00461241
0.000161155
0.0129487
0.0299767
0.00286661
0.022118
0.0228525
0.000120609
0.000291196
7.18295e-05
0.0313754
0.00512125
0.034328
0.21074
0.0360996
0.00303464
0.063385
0.00329429
0.197181
0.01236
0.000742825
0.000178979
0.0698989
1e-05
0.000656993
0.0858014
0.0169436
0.000319631
0.000235051
0.000139446
0.000284882
4.92659e-05
0.00064733
0.000708837
8.20275e-05
0.00023145
0.00502379
0.0053566
1e-05
0.000758455
1e-05
0.00899662
0.00201257
0.303484
0.000472722
0.000138774
6.34106e-05
0.000412826
1e-05
0.0120698
0.0527379
1e-05
0.00663101
0.000654091
0.0763023
1e-05
0.00721526
0.0101525
0.000279659
3.71461e-05
0.000287634
1e-05
0.0074705
0.0028518
0.0330232
0.00199068
0.03903
0.00307501
0.00145577
1e-05
0.000435703
0.00331176
8.95547e-05
0.00436557
0.000169814
0.0259246
0.00353014
2.31006e-05
0.000141393
1.16511e-05
0.0148185
0.00021975
0.0470807
0.000343252
0.0060777
6.48871e-05
0.0423364
1e-05
0.000296008
0.00568788
0.0196739
0.00328519
0.00237238
0.0454372
4.43554e-05
0.00015168
0.00097917
0.000772875
0.000135307
0.0493207
0.000681963
0.000334646
0.00756852
0.0046378
0.00588379
0.0405615
0.000599635
0.000555637
0.00288724
0.00010826
0.0434796
0.0151817
0.00785696
0.00289337
0.00800945
0.00720828
0.0360632
0.0206703
1e-05
6.35909e-05
0.0261989
0.000201712
0.00042837
0.000369511
0.02371
0.000843214
0.000613264
0.0355892
0.000220935
2.0032e-05
6.76799e-05
0.000592423
0.0333749
0.00654619
0.000271035
0.000195482
0.000325594
0.000300034
0.041934
0.0043979
0.000149074
0.0082307
0.000199953
0.00607894
1e-05
0.00195424
0.0349678
0.0492625
0.00106567
0.000966177
0.0367355
0.135417
0.00393713
0.0030886
0.0145654
0.00489413
0.000379754
0.0749945
0.024098
0.0108414
0.000205202
0.00818968
0.0145655
0.000141905
0.0274863
0.000390517
0.0141987
0.0018989
1e-05
0.012446
4.28707e-05
0.0550714
7.33797e-05
0.00831461
0.0445254
0.00193852
0.04819
0.0535668
1.61079e-05
0.00434812
1.7899e-05
1.62549e-05
0.00265071
0.00450336
3.76207e-05
0.000923323
0.00380127
0.000555969
0.000801916
0.0219872
0.00026802
0.265565
0.0195006
0.00497475
0.0550165
0.0586876
0.0103287
0.0408485
0.00487244
0.00602361
1.00143e-05
1.28549e-05
0.0870554
0.0164068
7.55676e-05
0.020348
0.000637964
0.0265257
0.000838942
0.000982995
0.00203961
0.0446304
0.000353934
0.000824355
0.0368711
0.000560081
1e-05
0.0043402
1e-05
0.0359352
0.0447077
0.00777397
0.0384981
0.0209759
1e-05
0.0324775
1e-05
0.0146056
0.00132406
6.17125e-05
0.00723883
0.0357934
3.75048e-05
0.0292218
0.000650411
0.248821
0.000622485
0.0605561
0.0550055
1e-05
0.00454783
0.0103444
0.0174859
0.00940379
0.00315938
0.0383619
0.108205
0.0204019
0.244964
0.269906
0.0421233
1e-05
0.0100636
1e-05
0.000259166
0.000967027
0.0157953
0.0112801
0.0323615
0.0387686
0.334986
0.0382895
0.0500013
0.0199504
0.0177941
0.0138742
6.13278e-05
1e-05
0.0290974
0.0975902
0.16749
0.0297791
0.00164566
0.0468424
0.000464485
0.118261
0.00685082
0.00116523
0.047552
0.000217908
0.00064732
0.283456
0.0528399
0.0043967
0.0553291
1e-05
0.00063048
2.24039e-05
0.000821114
1e-05
0.0218488
0.0233421
1e-05
0.01961
0.000122336
0.0322031
0.000337015
0.00010728
0.00223984
0.0431146
0.0997174
0.00550805
0.00239905
0.00102835
0.000308481
0.0175544
0.130064
0.0106769
0.00575339
1e-05
6.41501e-05
0.00579167
0.00765116
0.0603416
0.0822644
1e-05
0.0165602
0.275013
0.00046542
0.0448316
0.0155485
0.0399339
1e-05
0.00254435
0.0165559
0.044747
0.015117
0.042933
0.0260709
0.00414064
0.016442
0.000173719
0.225773
1e-05
0.000446962
0.0125515
1e-05
0.000439722
0.00279185
0.00453391
0.0363949
0.01764
0.013309
0.00149089
1e-05
0.214055
0.00441591
0.0168888
0.00768207
0.00142942
0.0213135
0.00361032
0.000774473
0.0166402
0.0802648
0.00381469
0.264754
0.00155146
0.000182927
0.00163849
0.000689306
0.0138046
0.294614
0.0456217
0.0268647
0.0376214
0.00323299
0.0181961
0.00213224
1e-05
0.0261287
0.0319433
9.57144e-05
0.000513745
5.11475e-05
1e-05
0.0195821
0.000183826
0.02294
6.13746e-05
0.00172981
0.0144159
0.00225455
1e-05
0.0160441
1e-05
0.000926333
0.00950243
0.0223293
0.0202802
0.245554
1e-05
0.00021202
0.0211684
0.00808511
0.000136413
1e-05
0.0194615
0.00176215
0.0250966
0.0148386
0.155239
0.000451341
0.0212572
0.179657
0.0176479
0.00246036
0.00290744
0.00154115
6.35119e-05
0.00419644
0.203211
0.000173614
0.00200045
0.000785136
1e-05
0.00771276
0.00474811
1e-05
0.00309083
0.0176104
0.0132196
0.00790042
1e-05
0.0134332
0.00617767
0.00392827
0.0375502
0.264325
0.000176189
0.0155886
0.0138956
0.0209872
0.049545
0.00016949
0.0180055
0.00511537
0.000778154
1e-05
0.215439
0.0444795
0.0201928
0.0121947
1.1122e-05
0.0131982
0.0237349
0.000477493
0.00943223
0.00395673
0.000619133
0.0887597
0.0275033
0.0420738
1e-05
0.011417
0.0141693
1e-05
0.242879
0.00247667
0.000707762
0.000185137
0.0152156
7.16488e-05
0.0124082
0.00574363
9.46209e-05
0.000764554
0.000523401
0.0210915
0.000110382
1e-05
0.0339508
0.0238188
0.0229007
0.00562916
2.35673e-05
0.00234693
0.00409923
0.0125252
0.011371
0.0147426
0.0221624
1e-05
0.00926308
0.000369986
0.0160238
0.00777242
1.08222e-05
0.0131942
0.0365962
0.0873325
0.016677
1e-05
0.03429
0.00316776
0.0185869
0.0142575
0.0280303
0.0176838
0.0254958
0.0172105
0.000976146
0.00330543
0.017931
0.00549272
0.000317332
0.0030177
0.0120982
0.0370974
0.0241172
0.0244925
0.00857747
1.34495e-05
0.063119
0.0422703
0.0194326
0.270141
0.00749072
0.0188487
0.0135408
0.00485573
0.0022511
0.00496619
1e-05
0.0174412
1e-05
0.00223278
0.0155368
0.0165741
0.0111967
0.0125701
0.0355874
1e-05
0.000720196
1e-05
0.000110359
0.0334903
0.0487091
0.00863058
1e-05
0.0137737
0.000469802
0.000227492
0.0206443
0.0127704
0.0129724
0.00624885
0.0226829
1e-05
0.00708302
0.000497411
0.016182
1e-05
0.0458339
0.00109773
0.000333179
0.000342369
0.00286125
0.0456467
0.000278643
1e-05
0.00498934
0.0610877
0.000486846
0.00796143
0.0610757
0.0585778
1e-05
0.0316015
0.00022499
8.72141e-05
0.000138564
0.0101367
1e-05
0.0088606
0.000414912
0.00442309
0.00671313
0.212177
0.00316141
3.82897e-05
0.000316802
0.00114748
0.0349115
0.000120566
0.00377074
3.89273e-05
1e-05
0.000224727
0.0234842
0.0143736
0.00271742
0.00470405
0.0082146
0.00154805
7.19585e-05
0.000744195
0.000132268
0.336887
0.187026
0.00533574
0.0601259
9.5102e-05
1e-05
0.000658488
0.0216491
1e-05
0.179368
9.48645e-05
7.28433e-05
0.00104495
0.000625731
0.0588409
0.000718578
0.00015166
0.00202104
0.00290853
0.00426424
0.000131879
4.86564e-05
0.00027864
0.00205795
0.00494349
0.000803721
0.0197472
1e-05
0.000916179
2.6785e-05
0.00289744
1e-05
0.00372864
1e-05
0.00773869
0.000571883
0.00419912
0.000161681
0.110317
0.000709471
0.00100796
0.00221009
1e-05
0.00378803
0.0302874
0.031778
0.00275236
0.00259546
0.216367
0.0107868
0.0242464
0.000816262
0.00368349
0.000297827
0.00120701
0.00526403
1e-05
0.0450747
7.78495e-05
0.00223823
0.00839991
0.066923
0.000143112
0.00963173
0.0709567
0.00123923
0.000375853
0.000145683
0.00432126
0.00351778
0.208891
1e-05
1e-05
0.000249312
0.0406398
1e-05
0.0406602
0.000145485
0.0504587
0.00383291
0.03459
0.00290744
0.00228565
0.00423793
4.22158e-05
0.00613778
0.00721385
0.0639782
0.0124046
1e-05
0.00235404
0.23249
8.04465e-05
0.00753241
0.00563665
0.000645034
0.379798
1e-05
0.00757776
3.79274e-05
1e-05
0.017549
0.000514838
0.000384844
0.0093119
0.00644149
0.00913451
0.000210977
0.109122
0.00739946
0.045532
0.00557404
0.0011493
0.00517369
0.0234999
0.0567018
0.0382108
0.000512444
0.000496543
5.59869e-05
0.000486008
0.000601306
5.90655e-05
0.0102397
1e-05
0.000434247
0.00183927
0.115274
0.003161
1e-05
0.000303285
0.0169897
0.00368027
0.0093625
0.000502623
1e-05
0.00356014
0.0275713
0.00168434
0.00798225
0.000814624
0.00252141
0.000668229
0.00419482
1e-05
0.0195823
7.24713e-05
0.00363178
0.00193372
7.70405e-05
0.000574325
0.000938122
0.00815886
0.000456554
0.000153375
0.0200695
0.000201592
0.209333
0.000837502
0.0041406
0.00262201
0.0193252
0.00323606
0.000240162
0.0129064
0.000555347
0.0209069
0.00577424
0.0110044
0.0266231
0.00024352
0.000597004
0.00209061
1e-05
0.00342572
0.0102439
1e-05
0.0126162
7.63339e-05
1e-05
0.000714553
0.0123311
0.000394158
0.00143619
0.0153174
0.00814327
0.000300973
0.000590965
0.00126148
0.012701
0.00911451
1e-05
1e-05
1e-05
0.0187292
0.00732658
0.00637113
0.00040677
0.00106712
0.00507978
0.0137307
0.00290655
0.00237578
0.286423
0.00452546
1e-05
0.0667766
0.0126162
1e-05
0.00769218
1e-05
0.003144
0.00705454
1e-05
0.0485694
0.00499269
1e-05
1e-05
0.00817959
0.00270245
0.000262229
0.0165942
1e-05
0.0424417
1e-05
0.0268262
0.0699649
0.00827077
0.1263
1e-05
0.180726
1e-05
0.000497182
0.000150761
0.00878579
1e-05
0.0110794
0.0120685
0.00117792
0.00418016
0.00256326
0.0096853
0.0265014
0.0329437
0.018431
1e-05
0.00113813
0.000228148
0.101797
0.0116057
0.094207
0.000932716
0.00963112
0.00547382
0.0618122
0.00388985
0.0186288
0.000201848
0.00111
0.0144859
0.0482738
0.0184199
0.207634
6.40471e-05
0.09787
0.00509592
0.000202415
0.000469187
0.000111416
1e-05
0.00707699
0.00263228
0.0176902
0.00042424
0.00364044
0.00707789
6.18892e-05
0.0043467
0.274555
0.00681628
0.0194697
0.00791131
0.00133268
0.00474811
0.00621361
0.000660716
0.0051755
0.00507781
0.000375741
0.0245136
0.0108492
1e-05
0.0247553
1e-05
0.169339
0.00210397
0.00511699
1e-05
0.333009
0.000119303
1e-05
0.000210239
1e-05
0.0137124
0.00100041
0.0915471
0.00119215
0.00634143
0.0622563
0.009102
0.00479202
0.007058
1e-05
0.0123991
0.0197456
0.011534
1e-05
0.0578156
0.00511019
0.00299079
0.000217495
1e-05
1e-05
0.0151899
0.245237
0.0336533
0.00386999
0.0178294
0.000161971
0.00393178
0.00610553
0.0643029
0.000805103
1e-05
0.00049938
0.0275581
0.00988399
0.000838709
1e-05
0.193305
0.00107139
0.000109197
4.79282e-05
0.00385622
0.0116245
1.79159e-05
0.000249804
0.0039438
0.000918621
0.0346873
1e-05
0.00638279
0.000829368
0.0155464
1e-05
0.00129328
0.0018361
0.00014649
0.00120853
0.00642463
0.0173541
0.0126192
0.00456256
0.000656133
0.0118569
0.0196341
0.0852555
5.55929e-05
0.0208024
0.00126253
1e-05
0.000442945
0.00190979
0.022783
1e-05
5.31111e-05
0.0932959
0.00249877
1e-05
0.0610746
0.18702
1e-05
0.0692191
0.00978861
1e-05
0.162475
0.00483669
0.0132489
0.0157119
0.00161203
0.0482004
0.00796584
0.000152568
0.0341604
9.40326e-05
0.0592782
0.00160793
0.00179609
0.0838527
1e-05
0.000210341
0.0478743
1e-05
0.0156058
0.0209727
1e-05
0.00169374
0.00119818
0.00454543
0.308533
1e-05
1e-05
0.0109763
0.00189552
0.0131025
0.000756379
0.00209606
1e-05
0.0015947
0.0146839
0.0799086
0.000719467
0.0172653
0.00266829
0.00536895
0.00243519
0.00148713
1e-05
0.00961378
0.000149534
0.00275508
4.2249e-05
3.20937e-05
0.0156934
0.00110525
1e-05
1.33035e-05
0.000991264
0.000272031
0.00146991
0.00028494
0.013806
4.49174e-05
0.000357345
0.00718887
0.000605576
0.00703806
0.0460738
0.0152665
0.0427411
1e-05
1e-05
0.0130541
0.20758
0.000275294
0.0134075
0.0491563
0.00171246
0.000188185
0.0114389
0.000795124
1e-05
1e-05
2.43527e-05
0.00708468
0.0086085
0.0833295
0.00347054
0.0118472
1e-05
0.00252484
1e-05
0.00270034
0.00109604
6.33793e-05
0.0123982
0.000810338
1e-05
0.00015381
0.00564468
0.000101141
1e-05
1e-05
0.00133865
0.000287987
0.013386
0.00338634
0.000143275
0.000695148
0.000492185
0.00855315
0.00542
1e-05
0.0438226
0.0245459
0.0383948
0.149152
0.0178888
0.191285
0.0347491
0.171651
0.000299578
1e-05
0.00362487
0.00397836
0.0237984
0.000193181
0.000218472
1e-05
0.0141271
0.0396124
0.0732528
0.00246137
0.157461
0.000200502
9.02102e-05
0.0343572
0.00523722
0.000110823
0.00341586
0.000235515
0.0104778
0.0292851
0.00694107
0.0115624
0.00561043
1e-05
0.317044
0.000130582
7.92565e-05
0.00973846
0.00409381
0.00819217
0.236103
4.80022e-05
0.262806
0.232836
0.00690648
0.0166717
0.000112694
0.0785542
0.000110927
0.00723924
0.00663787
1e-05
1e-05
0.0164984
0.0995065
0.0301467
0.000156447
0.00507133
0.00704651
0.0072102
1e-05
2.3528e-05
0.100281
0.000147921
0.0002308
0.000238318
0.000164349
0.0469404
0.00156305
0.0119097
1e-05
0.00366544
0.0111513
0.0067662
0.000285856
0.0126799
0.0582177
1e-05
0.0227022
0.0283557
0.00348244
0.0017548
1e-05
0.00273412
0.00024799
0.000282964
0.00499074
1e-05
4.9561e-05
0.00456779
0.00334456
0.000677161
0.248203
0.00038889
0.00805028
0.000342293
2.3401e-05
0.000337666
0.0706811
0.0189344
0.00398249
6.46224e-05
0.00541732
0.112945
0.000132801
0.000219059
0.144485
0.0517155
0.0137679
0.0163426
0.0055126
6.4261e-05
0.0179823
0.00513683
0.0127468
1e-05
0.000504101
1e-05
0.00892824
1e-05
0.0196655
0.0257018
0.00147919
0.0324652
0.0182942
0.0127667
0.000197711
0.011973
0.000283304
0.262096
0.00197981
0.0707617
0.0926091
0.0678907
0.0116301
0.000185599
0.0217686
0.110392
0.067569
0.0341945
1e-05
0.126194
0.000177176
0.000357972
0.00536499
0.331795
0.0842524
0.000167126
0.0156151
0.00012446
0.00918488
0.00182538
0.0267916
0.244779
0.00750186
0.0376676
0.0098912
0.101084
0.000699269
0.00613149
0.0250443
0.00758102
4.63919e-05
0.00183029
0.0042155
0.0229727
0.0144027
0.142412
0.000341174
0.00216553
0.0214766
1e-05
0.00455818
0.133914
0.00020887
0.0502122
0.000429229
4.03907e-05
0.252605
1e-05
0.046175
0.00961919
0.0714675
0.0264756
0.0821036
1e-05
0.165294
0.0167805
0.000270623
0.00166434
1e-05
0.00604783
0.000261276
0.0922724
0.301662
0.00578157
0.0539245
0.0320255
0.0030889
0.00872959
0.00806006
0.00531063
0.0102697
0.0735252
1.08497e-05
0.0318972
0.0176162
0.00361412
0.109744
0.000680545
0.091111
0.14843
0.0409704
1e-05
6.62666e-05
0.0156635
0.0903953
0.00317911
0.000829747
1e-05
0.00152462
0.011035
1e-05
0.00212423
0.0861456
0.0156889
0.0679591
1e-05
0.0569111
0.0255498
0.00845546
0.0858175
0.0131639
1e-05
0.0153721
0.00606036
1.52731e-05
0.00248492
0.00308869
0.00149797
0.00999823
0.0200495
0.128214
0.000469339
0.00679174
0.147346
0.066712
0.0197613
0.0171544
2.47015e-05
0.00555485
0.00421278
0.0633614
0.0318109
0.00121145
0.00192465
0.0154766
1e-05
1e-05
0.0678435
0.07685
0.307307
0.00217242
0.00187041
0.00639954
0.000536396
0.0318631
2.90062e-05
0.000377704
0.019607
0.00229423
1.51631e-05
0.0276534
1e-05
1e-05
0.00399621
0.000387327
1e-05
0.00325814
0.0053593
0.00413978
0.0862138
0.00925195
0.00219473
0.00352147
0.00549341
0.0177171
0.0197835
0.0199054
0.0657936
0.0125506
0.0450888
0.0238739
0.0105494
0.0453541
0.278577
0.0130088
1e-05
1e-05
0.00198616
0.0472072
0.0564963
0.000959284
0.00216627
0.0020344
0.00135016
0.000238364
0.00236614
0.000449998
0.0104392
0.00214894
0.00224372
1e-05
0.00136975
0.220837
0.000292689
0.0138667
0.00391632
0.0152323
1e-05
0.021995
0.000518872
0.0270648
1e-05
0.000288153
1.01395e-05
0.00391787
0.0974017
1e-05
4.35379e-05
0.0342082
0.000531335
0.00801352
0.245304
0.0183242
0.00153414
0.000190278
1e-05
0.000569809
8.85945e-05
1e-05
0.00334452
0.00344405
0.0453998
0.0388019
0.00271291
0.018187
0.000551409
0.0655914
0.0397571
0.19173
1.18563e-05
0.0185597
0.0270616
0.00339279
0.033732
0.000618399
0.00151055
0.27415
0.00387036
0.000292815
0.0150591
0.000159093
0.00880511
0.018739
5.27928e-05
0.00718518
0.0020622
0.366164
0.00310931
0.245529
0.0411738
1e-05
0.00180562
0.000217877
0.000319939
0.000200284
0.0467956
0.015859
1e-05
0.0470372
0.0349492
0.00326614
0.0207142
1e-05
0.000639675
0.000300699
0.000331012
0.044991
0.122613
0.000483198
0.332906
0.000385941
0.121869
0.000324332
0.144711
1e-05
0.00308202
0.0485018
0.00372203
0.000965996
0.00231715
0.0809566
1e-05
0.0541276
0.011346
0.000109428
0.0384581
0.00577436
1e-05
0.000380524
0.098825
0.000282235
0.000127811
0.000195257
0.00611473
0.000315981
0.188008
0.0304531
0.00952584
0.00244175
0.0165579
0.0446701
0.000189742
0.000834715
0.0520882
1e-05
0.00114546
0.000327349
0.366154
0.00971168
0.00095135
1e-05
0.000237229
0.00228586
0.0669684
0.114399
0.0435002
2.67734e-05
0.0452007
0.000426945
0.0403122
0.0414032
0.0920402
8.74692e-05
0.0724916
0.00555899
0.00737167
0.0381159
0.312044
0.000265794
0.00323623
0.00950746
0.00358696
0.00363454
0.194366
0.143384
0.0281402
0.358913
0.00840403
0.000782936
7.36456e-05
0.00818982
0.160255
1e-05
2.98896e-05
0.00746841
0.0046592
0.0604807
0.00096331
0.108507
0.303109
0.00753334
0.0482951
0.0725935
0.000324499
1e-05
1e-05
0.0366026
0.00292901
0.00108825
3.39459e-05
0.00133824
0.389406
1e-05
1e-05
0.00121575
0.040983
0.000156814
0.0127846
0.00015566
0.00985874
0.0116642
0.0102054
0.0587497
0.00100244
0.000582016
0.000516716
1e-05
0.00453077
1e-05
0.000730262
0.0558727
0.00698945
0.124925
0.0123784
0.000985884
1e-05
0.0213276
1e-05
0.000746086
0.000226571
0.00020597
0.000521728
1.53292e-05
0.00717375
9.5775e-05
1e-05
1e-05
1e-05
0.000261327
0.0795226
0.0286682
1e-05
0.0415949
0.000191628
1e-05
0.0285684
0.166294
0.107525
0.0444713
0.000630299
0.000104217
0.000551956
8.7619e-05
0.00159026
0.316004
1.12889e-05
1e-05
2.09158e-05
0.385186
0.000252041
1e-05
0.189794
1e-05
0.00883676
1e-05
0.00547325
0.000212376
0.00108682
0.0357881
0.0070812
0.000134465
1e-05
0.00155797
0.00265009
0.00370058
0.000206425
0.0101306
0.0167252
0.00246939
0.000330109
0.0133015
0.000179195
0.245238
0.00038089
0.00212391
0.00254844
0.233017
0.000726347
0.00605445
0.000265278
0.0311622
0.0108463
0.00679145
3.68951e-05
0.000163703
0.0542867
0.00052784
1e-05
0.00186958
1e-05
0.217049
0.0699548
0.0458345
0.000327024
0.195994
0.0475611
0.0487504
0.0523576
1e-05
0.00787497
8.86632e-05
0.00668361
0.000991873
0.0565347
0.00186388
1e-05
0.0243336
0.260203
0.00027852
0.153135
0.0117272
0.117491
0.0758976
0.00536491
0.118253
0.00914264
0.00607529
0.00160066
9.6959e-05
0.000686748
0.0965002
1e-05
1e-05
0.00308129
0.11936
1e-05
0.219193
2.36612e-05
0.000960835
0.00130015
0.000531712
0.2215
0.0498749
1.46546e-05
0.0572506
1e-05
0.000116333
1e-05
0.390497
0.00316071
0.00124711
0.000984925
0.287696
5.18558e-05
0.138079
1e-05
0.031978
0.00955029
0.310931
0.000144388
0.00813176
0.106353
0.0662436
0.00079967
0.298053
1e-05
0.328373
1e-05
5.18094e-05
0.0132
7.21939e-05
1e-05
1.58553e-05
0.0991535
0.144037
0.0138442
0.00757493
1e-05
1e-05
0.000101651
0.0551046
0.00831867
0.000362711
0.039798
0.244279
0.00903791
1e-05
0.0394283
0.000945047
0.0131618
1e-05
4.72868e-05
0.12644
0.000378706
0.0431904
1e-05
1e-05
0.0702661
0.00722865
4.85161e-05
0.158017
0.157013
0.241732
0.000310426
0.000139284
0.189832
0.127586
0.000527624
1e-05
0.0487366
0.0845115
0.287278
0.000413287
0.0427681
0.00064328
0.257857
0.0121259
0.0110107
0.0542034
0.161601
0.00158358
0.271818
0.122636
0.00377775
0.25948
0.0127812
0.000228701
0.000304098
1e-05
1e-05
1e-05
0.0785589
0.00830181
0.00527187
0.0360636
0.086251
0.000108637
0.0168089
0.0455023
8.76878e-05
1e-05
0.21622
0.272816
0.00379644
0.24932
0.00934685
0.00240482
1e-05
0.00204826
0.00642633
1e-05
0.00143148
0.0649331
1e-05
0.00720544
0.0970773
0.0502
0.06
0.0374514
0.00166406
0.378062
0.00738444
1e-05
0.000421986
0.0231024
0.000626712
0.250628
0.0387502
0.00308311
0.00316789
0.240165
0.000193202
0.00446935
0.00711095
0.293662
0.081053
0.000232278
0.0620882
0.313208
0.0036608
0.0851038
0.0414782
8.03118e-05
0.00453025
0.00303689
0.000215921
0.00101515
0.000106148
0.000191577
0.00434577
0.345042
0.269855
1e-05
0.00106254
1e-05
0.0397179
0.0809001
1.73064e-05
0.00525053
0.00647423
1e-05
0.00101515
0.138827
0.0547593
0.000107493
8.86939e-05
0.0627312
1e-05
1e-05
0.000151745
0.0176042
1e-05
0.0194047
1e-05
1e-05
0.00054558
1e-05
1e-05
0.266803
0.00322719
0.138859
0.255998
0.000189811
1e-05
0.00394865
0.265661
1e-05
0.000930042
0.0550198
0.0229656
1e-05
6.10238e-05
6.32362e-05
0.00201076
0.146617
0.00139563
1e-05
0.0467264
4.58681e-05
0.00349921
0.00607711
0.000104488
0.000396152
0.00519869
0.0119036
0.358267
0.0029124
1e-05
0.380856
0.00631668
0.13447
0.00226094
0.000365027
0.0339625
1e-05
1e-05
0.00248431
0.000178171
0.00186119
0.0344624
0.000777542
0.00836045
0.00999166
0.0558825
0.00169615
0.00223109
0.0520308
0.157534
0.106203
0.0155742
1e-05
0.0120749
0.000271392
1e-05
0.000493006
0.339399
0.112407
0.0083735
1e-05
0.0100792
1e-05
1e-05
0.0408612
0.00280865
0.00196015
0.00378224
0.0100645
0.0546533
0.00119021
2.99882e-05
0.130201
1e-05
1e-05
7.44414e-05
0.0114052
0.00549816
0.21218
0.0796659
0.317631
0.00591219
0.00901842
1e-05
0.0457558
0.00796451
1e-05
0.000292149
0.178279
1e-05
0.00293864
5.35587e-05
1e-05
0.00323689
0.000263086
1e-05
1e-05
0.0707683
0.000141883
0.000112693
7.59004e-05
0.0320155
0.00323379
0.0534621
1e-05
0.00739881
0.00734783
0.00237274
0.00190472
0.00142522
0.348107
0.00251944
0.00556802
0.00631433
0.358618
0.00152956
0.06043
0.00229984
0.218348
0.0248219
1e-05
0.00112014
1e-05
0.00142221
0.0498322
0.118878
0.000183238
0.00213016
6.45478e-05
1e-05
0.351108
0.000168281
9.52189e-05
1e-05
0.000875772
1e-05
1e-05
0.000106419
1e-05
0.000134299
0.0187956
0.00472785
0.222476
0.00674056
0.020563
0.0156783
0.000212812
0.294436
0.000315231
0.00271974
0.0732219
0.00434887
0.0740992
0.172099
0.232306
0.00230265
1e-05
1e-05
0.0181611
1e-05
0.166432
0.160059
1e-05
0.0068661
0.00946258
0.289659
0.00013553
0.000752626
0.00852058
1e-05
0.0511066
0.161921
0.000121701
0.389821
0.000904222
0.00033481
0.00314386
0.00024773
0.24046
0.0997154
0.118469
0.169491
0.00493009
0.0289637
0.345648
0.0102481
0.370162
0.000155214
0.000175267
0.201417
0.000556507
0.210561
0.362528
0.307983
0.320793
1e-05
0.115691
0.00020102
0.0024508
9.27819e-05
0.210208
0.315637
1e-05
0.0638894
0.17599
1e-05
0.00534003
0.00124349
1e-05
0.00777024
0.0678012
0.00598349
0.00381325
0.323879
0.000110887
0.0437834
0.220008
0.0428418
6.70074e-05
0.0602233
0.00569809
0.115248
1e-05
1e-05
0.00297534
0.00293355
0.000116049
0.00500837
0.00011315
0.000129289
0.36348
0.00544561
0.000909783
9.45886e-05
0.00819367
0.00237908
0.00476288
0.048637
0.00079031
1e-05
1e-05
1e-05
0.0380068
0.000615211
0.00566398
1e-05
0.0581498
0.0012499
0.00305382
0.121324
0.01265
0.0406565
0.0126443
1e-05
0.000317196
0.000745475
1e-05
0.00365155
0.265994
1e-05
0.0921527
0.00910531
0.386847
0.0802356
0.0536691
0.280936
2.5421e-05
0.134633
0.0070527
0.000101686
0.352861
0.00117243
1e-05
1e-05
0.00150016
1e-05
0.0866833
1e-05
0.196621
0.111799
0.00299751
0.0191182
0.309867
0.0151316
0.0421176
1e-05
0.157986
0.0037729
0.0436579
1e-05
0.358921
0.312368
0.00425981
0.000504068
0.191317
0.000115411
1e-05
0.0364751
0.00803297
0.232947
3.94837e-05
0.000519204
0.000244088
1e-05
1e-05
0.292089
0.00106968
0.00435927
9.10495e-05
0.000700942
0.00279197
0.17451
0.365922
0.0780555
0.217779
0.00663241
0.00261344
0.00285315
0.00113247
0.113933
0.0278391
0.00345565
1e-05
0.36952
7.10598e-05
0.0619098
0.000511964
1e-05
0.00390306
0.0444755
0.286845
0.124339
0.0405509
0.00105095
0.0111959
0.10343
0.000749814
0.00151623
1e-05
0.010133
0.0171151
0.0338173
0.000182225
0.257402
1e-05
0.0309434
1e-05
0.259356
0.370045
0.000653024
0.0428759
0.0102214
0.0493823
0.00341502
0.221417
0.0821625
0.0122099
0.00435291
0.26159
0.101302
0.343726
0.160312
0.00348056
1e-05
0.00203349
1e-05
0.268634
0.179276
0.000462607
1e-05
0.104376
0.244905
0.106531
0.0714669
1e-05
0.00384029
7.61001e-05
0.0092049
0.000218868
0.00524103
0.26226
1e-05
1e-05
0.039983
0.125622
0.0102381
0.0531565
0.235413
0.00439105
0.000603832
0.234962
0.0047656
0.270184
0.00088969
0.210147
0.00658156
0.144943
0.0029458
0.026336
0.000516311
0.00152075
1e-05
0.25502
0.273737
0.0389316
0.00367891
0.0230769
0.0384187
1e-05
1e-05
0.00526088
0.0426321
1e-05
0.00130949
0.00076816
0.000199316
0.000459572
0.0130081
0.00561994
1e-05
0.00114084
0.283091
0.0322991
0.000371689
6.44652e-05
0.00410747
1e-05
1e-05
1e-05
0.236317
0.00786813
1e-05
1e-05
0.000296413
0.0102341
0.0622245
0.00711054
0.324001
0.00699661
0.350051
3.80921e-05
0.000565064
0.0215872
0.00208838
0.00342817
0.000240754
0.0584466
1e-05
1e-05
6.75941e-05
0.00162282
0.137059
0.000565977
0.00313275
0.000114652
0.000730031
0.348684
0.00263249
0.00508637
0.000811215
0.00299418
0.000715928
0.0024061
0.00187097
0.000419509
1e-05
0.00108855
0.00141459
0.000114216
7.29383e-05
0.0523665
5.94207e-05
0.000130049
0.0302535
0.0111002
0.00179462
0.00143097
1e-05
0.00112295
1e-05
0.00601155
1e-05
0.00207606
0.0229144
0.000211785
0.00882057
0.00140696
0.00161718
0.00111874
0.00151731
1e-05
0.00683313
0.00382395
0.0282373
0.00131278
1e-05
0.0218292
0.00240213
0.00312626
0.000140828
0.00108973
0.0204681
0.00133955
6.19479e-05
0.039376
0.0115795
0.00124326
0.0413821
1e-05
0.0391856
0.0136019
0.000354934
0.00149661
0.00825072
1e-05
0.00140633
0.000307825
1.78816e-05
0.000881432
1e-05
1e-05
0.00375892
0.00224254
0.00109235
0.254324
0.000115814
0.00223607
0.0049975
0.00236525
0.0062099
0.00102976
8.67395e-05
0.00694619
0.00697166
1e-05
0.00297204
1e-05
0.000932567
0.0174812
0.00279966
0.0105642
0.000855505
0.140295
6.52353e-05
1e-05
0.00849494
0.0023944
1e-05
0.00147965
0.00131685
0.0137643
0.00165218
0.00056653
0.0018857
0.00644847
6.92475e-05
0.000142717
9.65963e-05
0.00399614
0.00061267
0.0417348
0.00248341
0.00311973
0.000839867
0.00765842
0.0036137
1e-05
0.000757227
0.00259523
0.000833178
0.000106947
0.000188574
0.00290716
0.0112751
0.00135313
1e-05
0.0519416
0.00220753
4.8764e-05
0.00334571
0.000281213
0.0495334
0.0267502
0.00117964
0.00150303
0.00631448
0.0245628
0.000103554
0.00600811
1e-05
0.00148209
8.82046e-05
0.00013307
0.00865711
0.0059274
0.00299199
0.033687
1e-05
0.00328267
0.00343192
0.000147836
0.00536089
0.000585868
1e-05
0.015369
0.00178039
0.0111792
0.00382866
0.0039231
0.000948829
0.0037068
0.00573401
1e-05
9.45781e-05
0.00287144
0.00236061
0.00832767
0.214111
0.000117825
0.000106791
0.301688
0.0159698
0.00383002
0.00131787
1e-05
0.0114702
0.00248322
0.00123222
0.000225551
0.0359185
0.00295571
0.0187231
0.242019
1e-05
0.000338528
0.00112873
0.0315898
0.045091
0.00840536
0.00311545
0.00365799
0.0263092
0.03153
0.0241461
0.00391995
0.0064879
0.329097
0.0025443
0.00466697
1e-05
1e-05
0.0174079
0.0206842
0.0149255
7.11772e-05
0.00882287
0.000365397
0.00845724
0.00830025
1e-05
0.00523063
0.00247863
0.00480976
0.00861595
0.0264014
1e-05
0.000381359
0.00164259
0.00129801
0.0165524
0.0121463
0.00591988
0.0248984
0.288599
0.0266017
0.00762229
0.0113187
0.00570452
0.0225328
1e-05
0.0126456
0.00451613
0.00944936
0.000958581
0.00145749
0.00391307
1e-05
1e-05
0.00124722
4.444e-05
0.00121517
0.00421751
2.61931e-05
0.0207889
0.00162292
0.00174816
0.00513413
0.00753073
0.00235989
0.148246
2.18154e-05
0.00282094
0.00143172
0.0278153
0.000107609
0.00169088
0.0014683
0.0022202
0.0176517
0.00117514
0.0107518
0.00295562
0.000861125
0.000852328
0.0109601
0.00395175
0.0447707
0.0029147
0.00576499
0.00197902
0.00566944
0.000252486
4.14842e-05
1.81592e-05
0.00366562
0.000790298
0.00142523
0.00045981
0.00545721
0.00143168
8.84996e-05
0.00706954
0.00273917
0.000520778
6.45671e-05
0.00603456
0.00328439
0.00801267
0.00468618
0.00933732
0.00432365
0.0217765
0.0244282
0.00541223
0.00471929
0.017398
0.0051127
0.0906722
1e-05
1e-05
0.00805472
0.00675792
0.0067701
0.00883515
0.0213308
0.25163
1e-05
0.0014482
0.00502564
0.00878032
1e-05
0.00207898
0.00268284
0.0042188
0.0095919
1e-05
1e-05
0.00757984
0.00357844
0.00883806
0.000882697
8.70657e-05
0.000568812
0.0023032
0.00198014
0.00118784
0.00199333
0.00186147
0.0997861
0.000147782
0.0075073
5.77998e-05
0.0387225
0.000741378
0.0654463
1e-05
0.00419421
0.00944915
0.0019069
0.00034328
0.00108643
0.000372066
0.0109212
0.000459535
0.000141007
0.0020076
1e-05
0.00105677
0.0261692
0.00292842
0.112145
0.000134435
0.000594937
0.00188826
0.00251824
0.000224397
0.00446297
0.00026977
0.00813835
0.000159973
0.0080101
0.120118
0.00753096
0.00586362
0.000511772
0.00311843
0.00278296
0.0127708
0.0012434
0.000147589
0.00347093
0.0635705
0.000149273
1e-05
0.0118344
1e-05
0.00566608
0.0017054
0.000146026
0.000143708
0.00521956
0.000278532
0.00720092
0.000156831
0.00142409
1e-05
0.0056508
8.81378e-05
0.00580787
0.0183163
0.0119457
0.000242611
8.32665e-05
0.00490987
0.00244142
0.0280029
8.48593e-05
1e-05
0.00740414
0.00252719
1e-05
0.204459
0.00352677
0.00878998
0.0185795
9.25564e-05
0.0293135
0.00297159
0.0170049
0.0020556
0.018479
0.0257328
0.000204794
0.0248217
8.68109e-05
0.00174352
0.00033661
0.0116915
0.00475167
0.00220234
0.00283344
0.00831163
7.30864e-05
0.000135421
0.0124528
0.00124996
0.0057252
7.82832e-05
1.75139e-05
0.000837378
0.00106221
1e-05
0.00972257
0.00657723
0.00550732
0.00290461
1e-05
0.00329722
4.24703e-05
5.01067e-05
0.000353643
0.00287775
0.00582615
1e-05
1e-05
0.00337514
0.00304839
0.016142
0.0028878
0.00314044
4.79538e-05
5.47598e-05
0.000463657
0.000172223
0.00210115
6.71734e-05
0.00249254
0.0025721
1e-05
2.69646e-05
0.010028
0.208069
0.247885
0.00121826
0.0100317
0.000107548
0.0286689
0.00111109
1e-05
0.00177587
1e-05
0.108063
0.00192006
0.00176611
0.00697546
0.000115181
0.00939111
0.0118299
0.00750297
0.00172192
0.0127666
0.00015265
0.00149541
1e-05
0.0248
1e-05
1.26901e-05
0.000184892
0.00724396
0.00275789
0.0738689
1e-05
0.25061
0.0127393
0.00155127
0.088737
0.153197
0.00189737
0.0017027
0.0141147
0.00129511
4.88465e-05
0.00277126
0.0971365
0.0511784
1e-05
0.147545
0.000726966
4.36383e-05
0.0084914
0.0123955
0.0342222
0.00408542
0.00120864
0.0744866
5.12666e-05
4.05299e-05
0.0490118
0.118339
0.151342
0.000149939
0.054483
0.213337
0.00763687
1e-05
0.00935478
0.00820992
0.0088124
0.00284884
1e-05
0.00664535
0.00652044
0.0292902
0.000162556
0.00241125
0.178728
0.00139666
0.000218621
0.0127166
0.000612236
0.00128224
0.132929
0.119627
0.00384364
0.00667838
0.000201066
1e-05
0.000194022
0.0013225
0.296295
0.0112456
0.0117003
0.000155375
0.00058387
0.00701684
0.0107416
1e-05
0.000322449
0.00198463
0.213258
0.00414024
0.0368001
0.266757
1e-05
0.00154728
0.00666015
0.00961352
0.00324171
0.176459
0.00478931
1e-05
0.131619
0.0042239
0.00653783
0.143332
1e-05
0.0648521
0.039932
0.0121481
0.000880783
0.000281188
0.000277123
0.00769519
0.0117546
0.00949897
1e-05
0.0191334
0.029188
0.00146683
0.00392277
0.00474525
0.221737
0.0604432
0.0109288
0.00451711
0.00386136
0.173028
1e-05
0.0224448
0.0142266
0.000285311
0.016733
0.0101519
0.00761708
0.000541739
0.00094708
0.00212865
0.00126296
1e-05
0.00917369
0.00900179
0.00932086
0.000330912
0.00833785
0.00878768
0.00813682
0.0466072
0.0172683
0.0366361
0.0181546
0.0272939
0.0351948
0.00730754
1e-05
0.0752634
0.076186
1e-05
0.0116238
0.00181842
0.0263001
0.000138887
0.00032158
0.0140527
0.00847784
4.43288e-05
0.00846062
0.015474
0.0213241
0.034671
0.136667
0.0021258
0.000543721
0.000638227
0.16034
0.000759308
0.0114913
0.128148
0.00290818
0.000818729
0.00115139
0.0189544
0.247681
0.258697
1e-05
0.024972
0.0593418
0.000418588
0.00243271
1e-05
0.00641274
0.0133609
1e-05
0.00663607
0.0320927
0.113256
0.00783651
0.00500106
0.000123016
0.000307358
0.000495005
0.181958
0.0590942
0.0246764
0.00517978
0.110247
0.00631577
0.000260641
0.00194309
0.301322
0.00558212
0.00912766
0.000323415
0.0442294
0.0030112
0.0583119
0.0790814
7.29386e-05
0.000693743
0.0142331
0.00538283
0.00106595
0.0132868
0.00848801
0.00223132
0.040324
1e-05
0.196349
0.0429052
0.00106595
0.00624455
0.0151089
0.00202544
0.00235787
0.00537845
1e-05
0.00422362
0.138967
0.0626446
0.369594
0.0204238
0.00565311
0.00188426
0.00287069
0.000814723
0.00774167
0.169284
0.00121974
0.000482654
0.151867
1e-05
0.00370006
0.00543862
0.0213517
0.0135732
0.0108394
0.000635459
0.00181534
0.00322272
0.00533964
0.00129483
0.00144435
0.0056353
1e-05
0.242427
0.00373282
0.00324349
0.00579654
0.0013474
1e-05
0.000677935
0.017004
0.0733136
0.00138457
0.0021458
0.0197044
0.00155066
1e-05
0.00346759
0.0190924
0.155909
0.00152954
1e-05
0.00210593
0.0442893
0.181641
0.270585
0.123367
0.295594
0.00752638
0.00186746
0.00232515
0.0669126
0.00413549
0.0414945
0.0161703
1e-05
0.00195083
0.000465289
0.00638419
0.0142463
0.00137662
0.095505
0.000832841
0.00411031
0.109442
0.0131744
0.00112804
0.000373959
0.0670406
1e-05
0.0813265
0.00187188
0.00662988
0.000774216
0.0151553
0.000233141
0.00521517
0.00301404
0.00631003
0.048151
0.00133004
0.0121965
1e-05
2.39863e-05
0.000637707
0.00509927
0.000265075
0.00775409
0.0365276
0.000755919
1e-05
0.0018631
0.00412191
0.000353174
0.00305588
0.00943309
1e-05
0.00347579
0.0579112
0.123251
0.000124593
0.257298
0.00976688
0.000736265
0.00890522
0.0010705
1e-05
0.00313621
0.0313924
0.0064916
0.00444045
1e-05
0.00642782
0.00204972
0.109923
0.00862004
0.00374788
0.00451038
0.00171851
0.00397782
0.00128386
0.00229741
0.0135281
0.0145162
1e-05
0.00660932
1e-05
0.00942548
0.00180249
0.000115069
1e-05
0.00602055
0.00537649
1e-05
0.00168429
0.116429
0.023798
1e-05
0.000848491
0.0068702
0.00559735
0.0455198
1e-05
1e-05
1e-05
0.0319241
7.77786e-05
0.000840272
0.00598923
0.00585315
0.00525103
0.00466228
0.0251736
0.00775446
0.00516455
0.0183365
0.0161063
0.000476783
1e-05
1e-05
1e-05
0.0335838
1e-05
1e-05
0.0076634
0.00916049
0.0368908
0.00302035
0.0886019
0.0160989
3.1177e-05
0.0118546
0.000183026
3.21514e-05
0.00239905
0.00151423
1e-05
0.00205814
0.00997607
0.00917215
1e-05
0.00949547
0.00142932
0.0256641
0.000145984
0.000230649
0.00348308
0.0157759
0.00751561
0.0029637
0.00126239
1e-05
0.00357637
2.30218e-05
0.00709546
1e-05
0.0168771
0.00691239
0.00910139
0.00182294
0.00368825
0.189079
0.00190711
1e-05
0.000418661
1e-05
5.54478e-05
0.0702439
0.0094444
0.00526199
0.00211215
1e-05
0.0075823
0.197182
0.00222355
0.113186
0.000702493
0.0031663
1e-05
0.032368
0.174254
0.00129006
1e-05
1e-05
0.00844237
0.00313697
0.00490941
0.00134232
0.022415
0.0078952
0.0109322
0.0703724
1e-05
0.00352628
0.00872813
0.000178359
0.184734
0.00613896
0.00051978
0.000794255
0.000246521
0.000176186
0.0201228
0.00178615
0.00257056
0.0217919
0.000191385
0.376338
0.192412
1e-05
0.0012249
0.00529896
0.0636723
0.00185709
0.00014642
0.0502989
0.0017987
0.0283636
1e-05
0.00494201
4.31087e-05
0.246913
0.00033891
0.0163635
0.000586665
0.00026462
0.000199688
0.00420823
0.00357969
0.00137371
0.0886811
0.013574
1e-05
1e-05
0.227096
0.246576
0.019537
0.00808666
0.0380647
0.00449269
0.0778893
0.0012538
0.0147268
5.28672e-05
0.00922028
1e-05
0.140258
0.000818412
0.257724
0.00148604
0.0015292
0.230624
0.000173777
0.0750447
0.0909006
0.002074
0.003837
0.00182414
0.0658355
0.000160688
0.193607
0.0108601
1e-05
0.0106474
0.0204721
0.00280127
1e-05
0.000354724
8.62005e-05
0.00775144
0.000122311
0.0251522
0.205951
0.000432944
0.35203
0.116612
1e-05
1e-05
0.0874394
0.044596
0.0497108
0.00183618
2.25274e-05
0.283709
1e-05
0.324252
0.140399
0.091935
0.0729135
0.00313318
0.0628493
0.264906
0.0111494
0.000351429
0.00155259
0.0784541
0.000749316
0.263442
0.00645119
0.0347098
1e-05
0.00186196
0.0149278
0.117378
0.000225527
0.0654641
0.00107779
0.0136634
0.259925
0.000188266
0.186012
0.195413
0.00527605
0.000576043
0.2355
0.00363679
0.00707189
0.000430462
0.0382613
0.00157208
0.00703915
0.0058402
0.131897
0.00182224
0.00291154
1e-05
0.00940695
1e-05
0.0669832
0.00578416
0.0320995
0.0630588
0.127123
0.0380651
0.00297392
0.0199983
0.0021461
1e-05
0.0477692
0.0262301
0.000568243
0.00261074
0.00631973
0.00126421
0.0120272
5.08485e-05
0.000281696
0.150467
0.26897
0.000161941
0.014691
0.0036802
0.0080595
0.000786279
0.249733
0.00479872
0.00342457
0.00384686
0.00539046
0.000712341
1e-05
0.00071586
1e-05
1e-05
1e-05
0.10064
0.00986476
0.00394238
0.0643935
0.000229163
0.000996402
0.0295135
0.00518158
0.0213412
0.00576727
0.000853965
0.000667135
0.00268961
0.0129611
0.000449512
0.0181531
0.0110714
1e-05
0.0147718
0.00289625
0.00355488
0.104349
0.000740771
0.0122804
0.0032734
1.01879e-05
1e-05
0.00681571
0.12765
1e-05
0.00634989
0.00108804
0.000145518
0.0571999
1.18869e-05
0.0246296
0.0050453
1e-05
1e-05
0.00240428
0.00234847
0.00552048
1e-05
1e-05
0.020701
0.0285039
0.00773894
0.00650425
0.00432116
0.00232287
0.0164459
0.000128052
0.000279998
0.00152463
1e-05
0.024195
0.000392086
8.38954e-05
0.00117783
0.00851687
0.0606098
0.0240902
0.000213776
0.12653
1e-05
0.00132873
1e-05
1e-05
0.00120302
0.0111431
0.237168
0.00118104
0.00176424
0.00143687
0.00953769
0.0249418
0.0033454
0.00163761
1e-05
0.000390314
1e-05
0.126155
0.0766302
0.11968
0.294249
0.0331613
0.000715875
0.000140109
0.0461876
0.00369299
4.4624e-05
0.00232982
0.000107574
0.00259567
0.00177564
0.000474685
0.267546
0.00180438
0.0171295
0.00335073
0.000575646
4.10491e-05
0.00707586
0.00115773
0.00398178
0.033957
0.00138081
0.00676977
0.0294768
0.000176063
0.0717142
2.30084e-05
0.000349326
0.00030252
1e-05
0.0031751
0.00436865
0.165994
1e-05
0.0128958
1e-05
0.020718
0.0210126
0.000856349
0.217778
0.000495767
0.00665808
0.079317
0.0156875
0.00603515
0.00181614
0.000428821
0.0334442
0.0115348
0.000172975
0.000411706
0.0398255
0.000410889
0.261624
1e-05
0.000312754
0.00495789
0.00477384
0.00971091
0.0708043
0.0799929
0.0105387
0.000446449
0.00117329
0.0044688
0.00350367
0.000215881
0.00280497
0.0943603
0.000327695
0.012004
1e-05
0.00101838
0.00113416
1e-05
0.0705859
0.147236
0.000117199
0.0037574
0.000330751
0.0942568
0.232138
0.000557338
0.000666013
0.244307
0.00878859
0.0047279
0.0369826
0.00139017
0.189791
3.39868e-05
0.213658
0.164133
0.0119723
0.176038
1e-05
0.00343294
0.176505
9.54188e-05
0.0247389
0.000246004
0.1105
0.0008813
0.000412893
0.00142951
0.00339099
0.0483621
0.0317998
1.23333e-05
0.000116866
0.0416312
0.0047155
0.0063589
0.0665274
0.0574778
1e-05
0.00679903
0.00807436
0.0135408
0.106925
0.0218776
0.17691
0.00419293
0.0204561
0.0128051
0.0207811
0.00491454
0.107784
0.00608804
0.158599
0.24172
1e-05
0.0349294
0.00524834
1e-05
0.000695883
0.00323349
0.149605
0.00304284
0.0474737
0.087604
0.00490582
0.0257303
0.000415172
0.00337073
0.00112279
0.0123641
0.0208203
0.00128264
0.00101824
1e-05
0.00474856
0.000189933
0.000530253
0.000252283
0.0773851
0.000549277
0.00186002
0.00468002
0.0066077
0.000423003
1e-05
0.000108072
0.00349821
0.000163356
0.000560593
0.0637991
0.00194492
0.00823632
1e-05
5.60401e-05
1e-05
0.117694
0.000362596
0.00898756
0.0647562
0.0739446
1e-05
0.00293855
0.146388
0.00247446
0.0943488
0.120168
1e-05
0.0298963
0.000877168
1e-05
0.035375
0.0118244
0.0250153
0.00188957
0.0770593
0.0122318
0.117039
0.000304618
0.005658
0.197142
0.0115324
0.0023394
0.0818282
0.0126424
0.000251666
4.7225e-05
0.000945125
1.81161e-05
0.00552545
1e-05
0.206439
0.00019649
0.00318053
0.000742771
0.00200277
0.00248717
0.00241526
1e-05
0.00260625
0.000796087
0.0151376
0.0131947
0.000240284
0.000149841
3.561e-05
2.31655e-05
0.176437
0.00374413
0.00233376
8.61224e-05
0.00370496
0.000245473
0.00292751
0.00147659
0.00190117
0.00624146
0.0163042
0.0987398
0.0213981
0.0028917
0.0177041
0.0472331
0.262381
0.0102492
1e-05
0.161507
0.0108753
1e-05
0.103701
1e-05
0.00123635
0.018477
0.00610159
0.00129903
1e-05
1e-05
1e-05
2.7197e-05
0.0115171
1e-05
1e-05
0.00698569
0.00148713
0.00340207
1e-05
1e-05
0.00837317
0.00930424
0.00779206
0.0550355
0.00012079
0.00276279
0.0211929
0.000620219
0.0632399
0.00389793
0.00963593
0.0945895
0.0123617
0.00257617
0.00196725
7.79548e-05
9.66396e-05
0.00314768
0.00027827
0.0731463
0.0134993
0.0516457
0.0081602
0.00104557
0.00216623
1e-05
1e-05
0.0167311
0.00036697
0.00737611
0.0207277
0.00278989
1e-05
1e-05
0.0808954
5.05247e-05
0.00125911
1e-05
  </DataArray>
  <DataArray type = "Float64" Name="UnVecteur" NumberOfComponents="3" format="ascii">
0 0 0.0 
0 0 0.0 
0 0 0.0 
0 0 0.0 
0 0 0.0 
0 0 0.0 
0 0 0.0 
0 0 0.0 
-0.379136 -0.922275 0.0 
0 0 0.0 
0 0 0.0 
0 0 0.0 
0 0 0.0 
0 0 0.0 
0 0 0.0 
0 0 0.0 
0 0 0.0 
0 0 0.0 
0.462398 0.824868 0.0 
0.993531 0.0143368 0.0 
0.814851 -0.57199 0.0 
0 0 0.0 
0 0 0.0 
0 0 0.0 
0 0 0.0 
0 0 0.0 
0 0 0.0 
0 0 0.0 
0.277333 0.410391 0.0 
0 0 0.0 
0 0 0.0 
0 0 0.0 
0 0 0.0 
0 0 0.0 
0 0 0.0 
0 0 0.0 
0 0 0.0 
0 0 0.0 
0 0 0.0 
0 0 0.0 
0 0 0.0 
0 0 0.0 
0 0 0.0 
0 0 0.0 
0 0 0.0 
0 0 0.0 
0 0 0.0 
0.844356 0.535763 0.0 
0 0 0.0 
0 0 0.0 
0 0 0.0 
0 0 0.0 
0.802469 0.596694 0.0 
0 0 0.0 
0 0 0.0 
0 0 0.0 
0 0 0.0 
0 0 0.0 
0 0 0.0 
0.0782829 -0.527182 0.0 
0 0 0.0 
0 0 0.0 
0 0 0.0 
0.968872 -0.245914 0.0 
0.845501 0.415157 0.0 
0.999998 0.00177652 0.0 
0.364628 -0.255967 0.0 
0 0 0.0 
0 0 0.0 
0.434686 -0.900376 0.0 
0 0 0.0 
0 0 0.0 
0 0 0.0 
0.387869 0.921707 0.0 
0.117137 -0.82127 0.0 
0 0 0.0 
0 0 0.0 
0 0 0.0 
0 0 0.0 
0 0 0.0 
0 0 0.0 
0 0 0.0 
0 0 0.0 
0 0 0.0 
0 0 0.0 
0.864769 -0.501817 0.0 
0.984034 0.170698 0.0 
0 0 0.0 
0 0 0.0 
0.826522 -0.000186738 0.0 
0 0 0.0 
0.999551 0.00487818 0.0 
0.831392 -0.45613 0.0 
0 0 0.0 
0 0 0.0 
0 0 0.0 
0 0 0.0 
0 0 0.0 
0 0 0.0 
0 0 0.0 
0 0 0.0 
0 0 0.0 
0.726052 -0.686337 0.0 
0 0 0.0 
0.92075 -0.000669087 0.0 
0.395707 0.918377 0.0 
0 0 0.0 
0 0 0.0 
1 0.000513493 0.0 
0 0 0.0 
0 0 0.0 
0.788591 -0.614451 0.0 
0.907381 0.419222 0.0 
0.623837 0.780248 0.0 
0.84089 0.541201 0.0 
0 0 0.0 
0.999538 0.0297695 0.0 
0.999998 -0.00190561 0.0 
0.745644 -0.0215161 0.0 
0.834659 -0.505972 0.0 
0 0 0.0 
0.96542 0.00512289 0.0 
0 0 0.0 
0.779365 0.131811 0.0 
0 0 0.0 
0 0 0.0 
0 0 0.0 
0 0 0.0 
0.97251 -0.230251 0.0 
0 0 0.0 
0.772312 -0.000518697 0.0 
0.299162 -0.951823 0.0 
0 0 0.0 
0 0 0.0 
0 0 0.0 
0 0 0.0 
0 0 0.0 
0 0 0.0 
0 0 0.0 
0.368691 -0.929192 0.0 
0 0 0.0 
0.533262 -0.845947 0.0 
0.37054 -0.928808 0.0 
0 0 0.0 
0.99999 0.00188096 0.0 
0.713651 0.698112 0.0 
0 0 0.0 
0 0 0.0 
-0.194116 0.980973 0.0 
0 0 0.0 
0 0 0.0 
0.527196 -0.704064 0.0 
0 0 0.0 
0 0 0.0 
0.916943 0.00200807 0.0 
0 0 0.0 
0 0 0.0 
0.827375 0.561057 0.0 
0 0 0.0 
0.5 0 0.0 
0.850651 0.286663 0.0 
0.876404 0.00238107 0.0 
0 0 0.0 
0 0 0.0 
0 0 0.0 
0 0 0.0 
0.683394 0.636899 0.0 
0.93496 0.0200284 0.0 
0 0 0.0 
0 0 0.0 
0 0 0.0 
0 0 0.0 
0.898331 0.438236 0.0 
0 0 0.0 
0 0 0.0 
0.413267 0.910607 0.0 
0.99993 -0.00589464 0.0 
0.957552 0.287278 0.0 
0 0 0.0 
0 0 0.0 
0 0 0.0 
0 0 0.0 
0.98518 -0.170334 0.0 
0 0 0.0 
0 0 0.0 
0 0 0.0 
0 0 0.0 
-0.250994 -0.928376 0.0 
0.999996 -0.000358865 0.0 
-0.296252 0.955106 0.0 
0.623012 0.782199 0.0 
0 0 0.0 
0 0 0.0 
0 0 0.0 
0.99589 0.087866 0.0 
0 0 0.0 
0 0 0.0 
0.476712 -0.856342 0.0 
0.999997 0.00233451 0.0 
0 0 0.0 
0.963213 -0.267562 0.0 
0 0 0.0 
0 0 0.0 
0.917729 0.0257225 0.0 
0.888232 0.024684 0.0 
0.935861 -0.00712307 0.0 
0.938742 -0.0010548 0.0 
0 0 0.0 
0 0 0.0 
0.999989 0.00220568 0.0 
0 0 0.0 
0 0 0.0 
0 0 0.0 
0 0 0.0 
-0.401459 0.912446 0.0 
0 0 0.0 
0 0 0.0 
0 0 0.0 
0 0 0.0 
0 0 0.0 
0 0 0.0 
0 0 0.0 
0 0 0.0 
0.932583 0.347868 0.0 
0 0 0.0 
0 0 0.0 
0.999952 -0.00981933 0.0 
0 0 0.0 
0 0 0.0 
0.999997 -0.00182605 0.0 
0 0 0.0 
0 0 0.0 
0 0 0.0 
0 0 0.0 
0 0 0.0 
0.999983 -0.00394841 0.0 
0 0 0.0 
0 0 0.0 
1 0 0.0 
0.999997 -0.00237829 0.0 
0.944981 0.000608964 0.0 
0 0 0.0 
0 0 0.0 
0.999806 -0.0194666 0.0 
0 0 0.0 
0.967404 -0.000492673 0.0 
0 0 0.0 
0 0 0.0 
0 0 0.0 
0.50819 0.861239 0.0 
0 0 0.0 
0 0 0.0 
0 0 0.0 
0 0 0.0 
0 0 0.0 
0.463593 0.886047 0.0 
0.425963 0.904678 0.0 
0 0 0.0 
0.39078 0.88859 0.0 
0 0 0.0 
0.758791 -0.651332 0.0 
0 0 0.0 
0.836726 -0.00246076 0.0 
0 0 0.0 
0 0 0.0 
0 0 0.0 
-0.977469 -0.0970633 0.0 
0.999992 -0.00403873 0.0 
0.973474 -0.0087018 0.0 
0 0 0.0 
-0.594656 0.803973 0.0 
0 0 0.0 
0 0 0.0 
0.13078 -0.991384 0.0 
0 0 0.0 
0 0 0.0 
0 0 0.0 
0.753277 -0.00386395 0.0 
0 0 0.0 
0 0 0.0 
0 0 0.0 
-0.128516 -0.979414 0.0 
0 0 0.0 
0 0 0.0 
0.976757 -0.000140112 0.0 
0 0 0.0 
0.998239 -0.0590857 0.0 
0.984057 -0.00321674 0.0 
0.83075 0.0302759 0.0 
0 0 0.0 
0.9316 -0.000944581 0.0 
0.999999 0.00145007 0.0 
0 0 0.0 
0 0 0.0 
0 0 0.0 
0.999857 0.0168236 0.0 
0 0 0.0 
0.451547 -0.892099 0.0 
0 0 0.0 
0.873602 0.486296 0.0 
0 0 0.0 
0 0 0.0 
0.996333 -0.0775203 0.0 
0 0 0.0 
0.995152 0.00214303 0.0 
0 0 0.0 
0 0 0.0 
0.999999 -0.00159295 0.0 
0.997101 -0.00935601 0.0 
0 0 0.0 
0.86337 0.00061985 0.0 
-0.302343 0.953012 0.0 
0.980701 -0.000735149 0.0 
0.999998 -0.00216957 0.0 
0 0 0.0 
0.791998 0.0117697 0.0 
0 0 0.0 
0 0 0.0 
0 0 0.0 
0.979679 -0.196583 0.0 
0 0 0.0 
0.297015 0.953877 0.0 
3.54915e-266 2.11531e-273 0.0 
0 0 0.0 
0 0 0.0 
0 0 0.0 
0 0 0.0 
0.711263 -0.582858 0.0 
0 0 0.0 
0.999999 0.00107441 0.0 
1 -0.000267039 0.0 
0 0 0.0 
0.999998 -0.00191058 0.0 
0.975484 -0.22004 0.0 
0 0 0.0 
0 0 0.0 
0.616125 -0.000791133 0.0 
0 0 0.0 
0.93692 -0.000857314 0.0 
0 0 0.0 
0.776898 -0.000237736 0.0 
0.999989 -0.00396895 0.0 
0 0 0.0 
0.854065 0.00369002 0.0 
0 0 0.0 
0.558923 -0.829202 0.0 
0 0 0.0 
0 0 0.0 
0.998718 0.0495501 0.0 
0 0 0.0 
0 0 0.0 
0.996066 -0.00130636 0.0 
0 0 0.0 
0.527984 -0.849244 0.0 
0 0 0.0 
0.999992 -0.00400269 0.0 
0.889841 0.456004 0.0 
0.640172 0.38347 0.0 
-0.47115 0.879279 0.0 
0 0 0.0 
0.968618 0.00591442 0.0 
0 0 0.0 
0.760435 0.236679 0.0 
0 0 0.0 
0.925682 0.0197031 0.0 
0 0 0.0 
0 0 0.0 
0.694342 0.0113488 0.0 
0.810761 0.000537833 0.0 
-0.757241 -0.617369 0.0 
0 0 0.0 
0.860141 0.455644 0.0 
1 0.00022459 0.0 
0.940005 0.0013669 0.0 
0.946614 0.00432267 0.0 
0.940456 -0.339896 0.0 
0 0 0.0 
0.856168 0.00013137 0.0 
0.869199 -0.00163252 0.0 
0.604198 -0.796721 0.0 
0.88453 -0.465364 0.0 
1 0.000501064 0.0 
0.567738 0.732251 0.0 
0.995448 0.0038574 0.0 
0.996187 -0.0872437 0.0 
0.150113 0.988579 0.0 
0.820711 -0.000930407 0.0 
0.237591 0.971357 0.0 
0.963114 0.000407337 0.0 
0.99855 0.0533751 0.0 
0 0 0.0 
0.990557 -0.00143981 0.0 
0.999979 -0.00577337 0.0 
0.906911 -0.000356417 0.0 
0.574469 -0.00399895 0.0 
0.999996 -0.00295956 0.0 
0.902512 0.00493816 0.0 
0.998476 0.0013455 0.0 
0.86024 0.507956 0.0 
0.971669 0.0310423 0.0 
0.975465 -0.000286429 0.0 
0.924908 0.00789717 0.0 
0.94823 -0.00212374 0.0 
0.989314 -0.0289324 0.0 
0.857127 0.137406 0.0 
0.720344 0.0032715 0.0 
0 0 0.0 
0.988788 0.0045238 0.0 
0.925226 0.00172319 0.0 
0.994623 -0.0146421 0.0 
0.999999 -0.000855221 0.0 
0.985202 0.0272626 0.0 
0.941116 -0.00285805 0.0 
0.950082 0.000129169 0.0 
0.983437 0.181249 0.0 
0.981583 -0.0251782 0.0 
-0.112591 0.419592 0.0 
0.999862 -0.0165736 0.0 
0.999993 0.00366634 0.0 
0.893214 -0.0196733 0.0 
0 0 0.0 
-0.968071 -0.250296 0.0 
0 0 0.0 
0 0 0.0 
0 0 0.0 
0 0 0.0 
0 0 0.0 
0 0 0.0 
0 0 0.0 
0 0 0.0 
0 0 0.0 
0 0 0.0 
0 0 0.0 
0 0 0.0 
0 0 0.0 
0 0 0.0 
0 0 0.0 
0 0 0.0 
0 0 0.0 
0 0 0.0 
0 0 0.0 
0 0 0.0 
0 0 0.0 
0 0 0.0 
0 0 0.0 
0 0 0.0 
0 0 0.0 
0 0 0.0 
0 0 0.0 
0 0 0.0 
0 0 0.0 
0 0 0.0 
0 0 0.0 
0 0 0.0 
0 0 0.0 
0 0 0.0 
0 0 0.0 
0 0 0.0 
0 0 0.0 
0 0 0.0 
0 0 0.0 
0 0 0.0 
0 0 0.0 
0 0 0.0 
0 0 0.0 
0 0 0.0 
0 0 0.0 
0 0 0.0 
0 0 0.0 
0 0 0.0 
0 0 0.0 
0 0 0.0 
0 0 0.0 
0 0 0.0 
0 0 0.0 
0 0 0.0 
0 0 0.0 
0 0 0.0 
0 0 0.0 
0 0 0.0 
0 0 0.0 
0 0 0.0 
0 0 0.0 
0 0 0.0 
0 0 0.0 
0 0 0.0 
0 0 0.0 
0 0 0.0 
0 0 0.0 
0 0 0.0 
0 0 0.0 
0 0 0.0 
0 0 0.0 
0 0 0.0 
0 0 0.0 
0 0 0.0 
0 0 0.0 
0 0 0.0 
0 0 0.0 
0 0 0.0 
0 0 0.0 
0 0 0.0 
0 0 0.0 
0 0 0.0 
0 0 0.0 
0 0 0.0 
0 0 0.0 
0 0 0.0 
0 0 0.0 
0 0 0.0 
0 0 0.0 
0 0 0.0 
0 0 0.0 
0 0 0.0 
0 0 0.0 
0 0 0.0 
0 0 0.0 
0 0 0.0 
0 0 0.0 
0 0 0.0 
0 0 0.0 
0 0 0.0 
0 0 0.0 
0 0 0.0 
0 0 0.0 
0 0 0.0 
0 0 0.0 
0 0 0.0 
0 0 0.0 
0 0 0.0 
0 0 0.0 
0 0 0.0 
0 0 0.0 
0 0 0.0 
0 0 0.0 
0 0 0.0 
0 0 0.0 
0 0 0.0 
0 0 0.0 
0 0 0.0 
0 0 0.0 
0 0 0.0 
0 0 0.0 
0 0 0.0 
0 0 0.0 
0 0 0.0 
0 0 0.0 
0 0 0.0 
0 0 0.0 
0 0 0.0 
0 0 0.0 
0 0 0.0 
0 0 0.0 
0 0 0.0 
0 0 0.0 
0 0 0.0 
0 0 0.0 
0 0 0.0 
0 0 0.0 
0 0 0.0 
0 0 0.0 
0 0 0.0 
0 0 0.0 
0 0 0.0 
0 0 0.0 
0 0 0.0 
0 0 0.0 
0 0 0.0 
0 0 0.0 
0 0 0.0 
0 0 0.0 
0 0 0.0 
0 0 0.0 
0 0 0.0 
0 0 0.0 
0 0 0.0 
0 0 0.0 
0 0 0.0 
0 0 0.0 
0 0 0.0 
0 0 0.0 
0 0 0.0 
0 0 0.0 
0 0 0.0 
0 0 0.0 
0 0 0.0 
0 0 0.0 
0 0 0.0 
0 0 0.0 
0 0 0.0 
0 0 0.0 
0 0 0.0 
0 0 0.0 
0 0 0.0 
0 0 0.0 
0 0 0.0 
0 0 0.0 
0 0 0.0 
0 0 0.0 
0 0 0.0 
0 0 0.0 
0 0 0.0 
0 0 0.0 
0 0 0.0 
0 0 0.0 
0 0 0.0 
0 0 0.0 
0 0 0.0 
0 0 0.0 
0 0 0.0 
0 0 0.0 
0 0 0.0 
0 0 0.0 
0 0 0.0 
0 0 0.0 
0 0 0.0 
0 0 0.0 
0 0 0.0 
0 0 0.0 
0 0 0.0 
0 0 0.0 
0 0 0.0 
0 0 0.0 
0 0 0.0 
0 0 0.0 
0 0 0.0 
0 0 0.0 
0 0 0.0 
0 0 0.0 
0 0 0.0 
0 0 0.0 
0 0 0.0 
0 0 0.0 
0 0 0.0 
0 0 0.0 
0 0 0.0 
0 0 0.0 
0 0 0.0 
0 0 0.0 
0 0 0.0 
0 0 0.0 
0 0 0.0 
0 0 0.0 
0 0 0.0 
0 0 0.0 
0 0 0.0 
0 0 0.0 
0 0 0.0 
0 0 0.0 
0 0 0.0 
0 0 0.0 
0 0 0.0 
0 0 0.0 
0 0 0.0 
0 0 0.0 
0 0 0.0 
0 0 0.0 
0 0 0.0 
0 0 0.0 
0 0 0.0 
0 0 0.0 
0 0 0.0 
0 0 0.0 
0 0 0.0 
0 0 0.0 
0 0 0.0 
0 0 0.0 
0 0 0.0 
0 0 0.0 
0 0 0.0 
0 0 0.0 
0 0 0.0 
0 0 0.0 
0 0 0.0 
0 0 0.0 
0 0 0.0 
0 0 0.0 
0 0 0.0 
0 0 0.0 
0 0 0.0 
0 0 0.0 
0 0 0.0 
0 0 0.0 
0 0 0.0 
0 0 0.0 
0 0 0.0 
0 0 0.0 
0 0 0.0 
0 0 0.0 
0 0 0.0 
0 0 0.0 
0 0 0.0 
0 0 0.0 
0 0 0.0 
0 0 0.0 
0 0 0.0 
0 0 0.0 
0 0 0.0 
0 0 0.0 
0 0 0.0 
0 0 0.0 
0 0 0.0 
0 0 0.0 
0 0 0.0 
0 0 0.0 
0 0 0.0 
0 0 0.0 
0 0 0.0 
0 0 0.0 
0 0 0.0 
0 0 0.0 
0 0 0.0 
0 0 0.0 
0 0 0.0 
0 0 0.0 
0 0 0.0 
0 0 0.0 
0 0 0.0 
0 0 0.0 
0 0 0.0 
0 0 0.0 
0 0 0.0 
0 0 0.0 
0 0 0.0 
0 0 0.0 
0 0 0.0 
0 0 0.0 
0 0 0.0 
0 0 0.0 
0 0 0.0 
0 0 0.0 
0 0 0.0 
0 0 0.0 
0 0 0.0 
0 0 0.0 
0 0 0.0 
0.978625 -0.204343 0.0 
0.453109 0.836283 0.0 
0.845566 -0.00761087 0.0 
0.999999 0.00164852 0.0 
0.453041 -0.891484 0.0 
0 0 0.0 
0.997922 -0.0285911 0.0 
0.958841 0.00718782 0.0 
0.841267 -0.000117979 0.0 
0 0 0.0 
0.906509 0.00360843 0.0 
0.863515 -0.195981 0.0 
0.919239 -0.00498159 0.0 
0.843045 -0.0131009 0.0 
-0.785863 0.618401 0.0 
0.98732 0.156475 0.0 
0.816715 0.57679 0.0 
0.893505 0.44889 0.0 
0.854058 0.52005 0.0 
0.701363 -0.000678672 0.0 
-0.36633 -0.930481 0.0 
0.320151 -0.0582963 0.0 
0.566572 0.392135 0.0 
0.816086 0.000941741 0.0 
1 0.000182628 0.0 
0.999411 -0.033313 0.0 
0.976311 0.00245481 0.0 
0.984502 0.171205 0.0 
0.924217 -0.358799 0.0 
0 0 0.0 
0.743562 0.000593448 0.0 
0.269957 0.95194 0.0 
-0.191463 -0.759996 0.0 
0.998399 -0.0519725 0.0 
0.84002 0.513441 0.0 
0.631782 0.720443 0.0 
1 -0.000135372 0.0 
0.816949 0.00177243 0.0 
0.964056 -0.00417181 0.0 
0.962562 -0.0558291 0.0 
0.125232 0.975078 0.0 
-0.462962 -0.878534 0.0 
0.723703 0.688278 0.0 
0.953649 0.00473468 0.0 
0.533998 0.84547 0.0 
0 0 0.0 
0.878018 -0.478617 0.0 
0.249312 0.968422 0.0 
0.976235 -0.00442605 0.0 
0.136663 0.719732 0.0 
0.925517 -0.00820144 0.0 
0.922586 0.0255341 0.0 
0.172062 0.985084 0.0 
0.999999 -0.00103093 0.0 
0.999999 -0.000988396 0.0 
0 0 0.0 
0.999991 -0.00413086 0.0 
-0.272366 -0.962167 0.0 
0.931962 0.000103711 0.0 
0.999093 -0.0425565 0.0 
0.926929 -0.00955852 0.0 
0.975571 0.00279428 0.0 
0.996635 -0.00154778 0.0 
0 0 0.0 
0.897687 -0.00181435 0.0 
0.999919 0.0106502 0.0 
0.965615 0.0016252 0.0 
0.840219 -0.00109034 0.0 
0.999999 -0.00125931 0.0 
0.776086 0.630625 0.0 
0.975176 0.000435947 0.0 
0.962668 0.00634153 0.0 
-0.909436 0.242244 0.0 
0.538535 0.842591 0.0 
0.358115 -0.933652 0.0 
0 0 0.0 
0 0 0.0 
0 0 0.0 
0.999943 0.0106397 0.0 
0.908735 0.0033657 0.0 
0.955502 0.0383457 0.0 
0 0 0.0 
0 0 0.0 
0.99421 0.0341251 0.0 
0.999982 -0.00606215 0.0 
0.637207 0.109775 0.0 
0.787178 0.000270453 0.0 
-0.336169 0.941784 0.0 
0.948565 -0.000923498 0.0 
-0.145347 0.989381 0.0 
0.999997 -0.00249514 0.0 
0 0 0.0 
0.987403 0.158202 0.0 
0.572291 0.820043 0.0 
0.858235 0.0210339 0.0 
0.742125 0.451404 0.0 
0.959946 0.28018 0.0 
0 0 0.0 
0.830646 -0.555136 0.0 
0.742563 0.517158 0.0 
-0.439241 -0.898315 0.0 
0.999996 -0.00169024 0.0 
0.999961 -0.0074116 0.0 
0.870261 0.00464705 0.0 
0.919768 0.39243 0.0 
-0.745448 -0.666564 0.0 
0.999157 -0.0402318 0.0 
0.983724 0.178592 0.0 
-0.331968 -0.943118 0.0 
0 0 0.0 
0.99718 -0.0161127 0.0 
0.805467 0.580345 0.0 
0.728482 0.685043 0.0 
0.586635 0.8098 0.0 
0.416798 -0.176785 0.0 
0 0 0.0 
0.223184 -0.470803 0.0 
0.999817 -0.0182176 0.0 
0.901908 -0.00105356 0.0 
0.26121 -0.515727 0.0 
0.997767 0.0655142 0.0 
0.857111 -0.51419 0.0 
-0.990178 -0.136439 0.0 
0.488192 0.000446601 0.0 
0.779419 0.0112739 0.0 
0.833657 0.552081 0.0 
0.134445 0.983346 0.0 
-0.274271 0.961198 0.0 
0.826408 -0.562133 0.0 
0 0 0.0 
0.999989 0.0029245 0.0 
0.981161 0.00253295 0.0 
0.314965 -0.790226 0.0 
0.973894 0.226996 0.0 
0.855816 0.514179 0.0 
0.492686 0.86943 0.0 
0.854556 0.132747 0.0 
0.76702 0.641614 0.0 
-0.599287 0.800518 0.0 
0.999992 0.00290102 0.0 
0.30351 0.945168 0.0 
0.543905 0.839093 0.0 
0.187156 -0.914494 0.0 
0.977184 0.212273 0.0 
0.938177 -0.346022 0.0 
0 0 0.0 
0.99403 0.0942209 0.0 
0.641223 0.767354 0.0 
0.874877 0.482064 0.0 
0.999061 0.0384425 0.0 
0.813053 -0.580307 0.0 
0 0 0.0 
0.335127 -0.258332 0.0 
0.653465 -0.756955 0.0 
-0.568536 0.822658 0.0 
0 0 0.0 
-0.505421 -0.86229 0.0 
0.998568 -0.0504928 0.0 
0.644129 0.753136 0.0 
-0.539633 -0.841879 0.0 
-0.0936709 -0.0977293 0.0 
-0.416961 -0.748744 0.0 
0.999966 0.0078822 0.0 
1 0.000272609 0.0 
-0.528828 -0.848729 0.0 
0.616581 0.787271 0.0 
0.920575 -0.00210109 0.0 
0.184415 -0.980769 0.0 
0.999949 0.00918639 0.0 
0.932762 0.0102315 0.0 
0.919017 0.392794 0.0 
0.995786 0.0794517 0.0 
0.287829 0.957139 0.0 
0.767222 -0.127668 0.0 
0 0 0.0 
-0.252807 0.967418 0.0 
0.22215 -0.975004 0.0 
0.861681 -0.506844 0.0 
0.999992 -0.00393029 0.0 
-0.882015 -0.471222 0.0 
0.886807 -0.461301 0.0 
0.967776 -0.251313 0.0 
0 0 0.0 
0.766403 0.641859 0.0 
0.791326 -0.610032 0.0 
0.950966 0.309294 0.0 
0.852352 0.519464 0.0 
0.961291 -0.275332 0.0 
0 0 0.0 
0 0 0.0 
-0.482823 -0.875634 0.0 
0.999989 -0.00433181 0.0 
0.937035 -0.349141 0.0 
0 0 0.0 
0.999991 -0.0042852 0.0 
0.962921 -0.26649 0.0 
0.804826 0.593483 0.0 
0.999995 0.00135436 0.0 
1 0.000693322 0.0 
0.334209 0.902866 0.0 
-0.50422 -0.863546 0.0 
0.657231 -0.753687 0.0 
1 0.000964966 0.0 
0.577104 -0.430376 0.0 
0.778237 -0.172288 0.0 
0 0 0.0 
0 0 0.0 
0.999996 0.00222372 0.0 
0.999208 0.0231296 0.0 
0.991045 0.132091 0.0 
1 1.72799e-05 0.0 
0.910473 0.00240631 0.0 
0.569465 0.0874755 0.0 
0.77885 0.627077 0.0 
-0.796793 0.316624 0.0 
-0.861628 0.506388 0.0 
0.537517 0.104876 0.0 
0 0 0.0 
-0.104476 0.607916 0.0 
0.960777 0.277206 0.0 
0 0 0.0 
-0.338576 -0.939576 0.0 
0.990185 -0.138833 0.0 
-0.526566 -0.850119 0.0 
0.150307 0.988515 0.0 
0.864414 0.50278 0.0 
0.300341 0.920141 0.0 
0.845329 -0.532883 0.0 
0.832547 0.553925 0.0 
0 0 0.0 
0.811837 0.582621 0.0 
0.832469 -0.553975 0.0 
0.997683 -0.0668049 0.0 
0 0 0.0 
0.996548 0.0813681 0.0 
0.740666 0.671869 0.0 
0.991521 -0.105995 0.0 
-0.223435 -0.647598 0.0 
-0.307033 0.951687 0.0 
0.851052 -0.523046 0.0 
0.999996 -0.0021153 0.0 
-0.54067 -0.841073 0.0 
0.707128 -0.707007 0.0 
0.955472 0.295079 0.0 
0.797602 0.60316 0.0 
-0.952571 -0.300216 0.0 
0.39701 0.289467 0.0 
0.844821 0.534547 0.0 
0.683666 0.112374 0.0 
-0.178782 -0.897992 0.0 
0.999697 0.024595 0.0 
0.994465 -0.105071 0.0 
0.979739 0.200279 0.0 
0.99992 -0.0125944 0.0 
-0.233435 -0.650465 0.0 
-0.80096 -0.598708 0.0 
0.47406 0.0766036 0.0 
0.999998 -0.00185285 0.0 
0.920928 0.389721 0.0 
-0.87358 0.483412 0.0 
-0.422943 -0.906011 0.0 
0.928552 0.371196 0.0 
0.87408 0.035922 0.0 
0.999984 -0.00334238 0.0 
0.823401 0.567436 0.0 
0 0 0.0 
0.723886 0.662161 0.0 
-0.450907 -0.89257 0.0 
-0.401835 -0.915182 0.0 
-0.487271 0.724114 0.0 
0 0 0.0 
-0.0621296 0.469034 0.0 
-0.257166 0.966356 0.0 
-0.99392 0.110106 0.0 
0.994124 -0.104529 0.0 
-0.405993 0.913773 0.0 
0.999988 0.00478566 0.0 
-0.140903 0.629767 0.0 
-0.952092 0.304933 0.0 
0 0 0.0 
0.865062 -0.501563 0.0 
0.996483 0.0831487 0.0 
0.999817 -0.0191487 0.0 
-0.162613 0.946214 0.0 
0.948161 0.317791 0.0 
0.99881 0.0206083 0.0 
-0.965908 -0.254815 0.0 
0.935138 -0.0131671 0.0 
0.966293 -0.251034 0.0 
-0.155004 -0.987409 0.0 
0.940247 0.340482 0.0 
-0.152279 0.988336 0.0 
-0.115274 0.674481 0.0 
0.986549 0.160886 0.0 
-0.360176 -0.932875 0.0 
0.964531 -0.259721 0.0 
-0.250077 0.34998 0.0 
0.99803 0.0606065 0.0 
0.449589 -0.893231 0.0 
0.703144 -0.710567 0.0 
-0.997096 -0.0740036 0.0 
0.454913 -0.890534 0.0 
-0.312996 0.949753 0.0 
0 0 0.0 
0.184766 -0.480409 0.0 
0.368922 0.920081 0.0 
0.998089 -0.0611312 0.0 
0.983732 -0.179237 0.0 
-0.990707 0.118814 0.0 
0.995832 -0.091114 0.0 
0.927739 0.36628 0.0 
-0.14837 -0.988921 0.0 
0 0 0.0 
-0.192629 -0.981267 0.0 
0.957461 0.288484 0.0 
-0.756428 0.647847 0.0 
0.776437 -0.273966 0.0 
0 0 0.0 
0.910111 -2.46072e-05 0.0 
0.529369 0.593788 0.0 
0.451262 0.342795 0.0 
0.999989 0.00403312 0.0 
0.70209 -0.522156 0.0 
-0.0669638 0.396048 0.0 
0.83102 -0.556231 0.0 
0.865622 0.497744 0.0 
0.999981 0.00605187 0.0 
-0.169407 0.41364 0.0 
0.525635 0.85071 0.0 
0.829805 -0.55749 0.0 
0.719781 -0.29364 0.0 
-0.472313 0.881306 0.0 
-0.132267 -0.924842 0.0 
-0.399363 0.916571 0.0 
-0.944357 0.328924 0.0 
0.572106 0.786757 0.0 
0.999996 -0.00263151 0.0 
-0.0295718 -0.999563 0.0 
0.999999 -0.00072549 0.0 
0.835576 -0.546955 0.0 
0.963834 0.266386 0.0 
0 0 0.0 
0.99171 0.123819 0.0 
0.826584 0.562794 0.0 
0.436123 -0.899868 0.0 
-0.317548 -0.948242 0.0 
0.0820211 -0.533915 0.0 
0.459475 -0.888181 0.0 
0.842882 -0.537993 0.0 
-0.433058 -0.901366 0.0 
0.998634 0.0503207 0.0 
-0.988413 0.142937 0.0 
-0.586132 0.810198 0.0 
0 0 0.0 
0.924712 0.379401 0.0 
0.999999 0.000256392 0.0 
-0.344172 0.938711 0.0 
0.789642 0.433644 0.0 
0.784302 0.620378 0.0 
0 0 0.0 
-0.188783 0.981949 0.0 
0.912436 0.407862 0.0 
-0.59662 0.802489 0.0 
0.999998 0.0020029 0.0 
-0.936713 0.34698 0.0 
0.955622 -0.29454 0.0 
0.596146 -0.312094 0.0 
0.999985 -0.00528829 0.0 
0.133265 -0.951273 0.0 
0.782198 -0.621956 0.0 
0.816595 0.577176 0.0 
0.972122 -0.229635 0.0 
0.878014 -0.478628 0.0 
0.93244 -0.360609 0.0 
0.999988 -0.00449564 0.0 
0 0 0.0 
0.996956 -0.0776945 0.0 
0.999788 0.0204665 0.0 
-0.539651 -0.772391 0.0 
0.37385 -0.927477 0.0 
0.986043 -0.153496 0.0 
0.935895 0.351412 0.0 
-0.232199 0.972653 0.0 
0.477222 0.0632939 0.0 
0.99756 -0.0281462 0.0 
-0.359396 0.52874 0.0 
-0.558789 -0.829289 0.0 
0.903951 -0.427385 0.0 
0.999703 -0.0242031 0.0 
-0.562776 0.826362 0.0 
0.866858 0.498554 0.0 
-0.99091 0.133501 0.0 
0.415113 -0.286289 0.0 
0.885551 -0.464543 0.0 
0 0 0.0 
-0.166793 -0.985992 0.0 
0.452911 -0.294488 0.0 
0.86409 -0.502462 0.0 
-0.572887 0.818793 0.0 
0.660061 -0.751211 0.0 
0 0 0.0 
0.908631 0.00161438 0.0 
0.964677 -0.263287 0.0 
0.988569 -0.150458 0.0 
0.995003 -0.0992026 0.0 
0 0 0.0 
0.973187 -0.0376938 0.0 
0.175529 -0.334282 0.0 
0.429283 -0.325026 0.0 
0.873656 -0.486511 0.0 
0 0 0.0 
0.671861 -0.740435 0.0 
0.71242 0.699138 0.0 
-0.16071 -0.986999 0.0 
-0.173907 0.984753 0.0 
0.122134 0.336826 0.0 
0.999944 0.0103974 0.0 
0 0 0.0 
0.882976 0.468918 0.0 
-0.0611804 -0.498492 0.0 
0.942627 0.333848 0.0 
-0.867843 -0.496514 0.0 
0 0 0.0 
-0.141042 -0.984466 0.0 
0.999994 0.00332273 0.0 
-0.198087 0.980081 0.0 
0.537503 0.0758846 0.0 
0 0 0.0 
-0.3305 -0.942921 0.0 
0 0 0.0 
0 0 0.0 
0.154753 0.699351 0.0 
0.882175 -0.470003 0.0 
-0.960018 0.276396 0.0 
-0.99564 0.085427 0.0 
0.173988 -0.984645 0.0 
0.734789 -0.672646 0.0 
-0.975399 -0.220447 0.0 
0.976939 -0.00856574 0.0 
-0.78183 0.622011 0.0 
-0.720541 0.689273 0.0 
-0.117357 0.978303 0.0 
0.307022 -0.937618 0.0 
0.982282 0.187183 0.0 
-0.932401 -0.35609 0.0 
-0.108629 0.301183 0.0 
0.998677 -0.0499581 0.0 
-0.84579 0.533516 0.0 
-0.999471 0.0325242 0.0 
0.892148 -0.451424 0.0 
0.957853 0.287258 0.0 
0.511875 -0.388461 0.0 
0 0 0.0 
-0.232873 0.972493 0.0 
0.956049 0.293202 0.0 
-0.782661 -0.414693 0.0 
-0.468647 0.883361 0.0 
1 0.000567005 0.0 
0.962758 -0.270365 0.0 
0.945537 -0.316631 0.0 
0.738992 0.673521 0.0 
1 -0.000629505 0.0 
-0.973496 -0.228706 0.0 
0.939685 -0.0235949 0.0 
0.961408 -0.274356 0.0 
0.976455 -0.201558 0.0 
-0.453222 0.891398 0.0 
0.932453 0.329237 0.0 
0.999998 0.00133604 0.0 
0.890252 -0.455468 0.0 
0.824457 -0.565191 0.0 
0.987548 -0.156765 0.0 
0.973918 0.226768 0.0 
0.863493 0.504345 0.0 
0.999551 0.0299077 0.0 
0.934651 0.353265 0.0 
0.999804 0.0146383 0.0 
0.816685 -0.577081 0.0 
0.824058 0.566463 0.0 
-0.537583 0.734585 0.0 
0.996468 0.0678096 0.0 
0 0 0.0 
0.909762 -0.41506 0.0 
0.995808 0.0893402 0.0 
0.702371 0.71177 0.0 
0.579418 0.413906 0.0 
-0.248191 0.968706 0.0 
-0.600941 0.799285 0.0 
-0.29204 0.847179 0.0 
-0.333549 0.411007 0.0 
-0.253692 0.967269 0.0 
0.841007 0.54096 0.0 
-0.481161 0.876632 0.0 
0.839047 -0.543865 0.0 
0.27007 0.885436 0.0 
0.177446 -0.983638 0.0 
0 0 0.0 
-0.448357 0.893845 0.0 
0 0 0.0 
-0.955043 -0.283065 0.0 
-0.953524 0.285008 0.0 
0.999471 0.0223931 0.0 
0.48176 -0.119075 0.0 
-0.362201 0.530261 0.0 
0.877229 -0.480073 0.0 
-0.176645 -0.984208 0.0 
0 0 0.0 
0.74789 0.663808 0.0 
0.818901 0.57325 0.0 
0 0 0.0 
0.707439 0.706737 0.0 
-0.877889 0.478864 0.0 
0.999904 0.0131893 0.0 
0 0 0.0 
0.907165 0.418966 0.0 
1 0 0.0 
-0.325778 0.915416 0.0 
-0.119839 0.992281 0.0 
-0.565638 0.824652 0.0 
0 0 0.0 
0.909252 -0.41617 0.0 
0.911524 -0.410882 0.0 
0.999987 0.00503607 0.0 
0.888617 -0.458524 0.0 
0.973482 0.0121491 0.0 
0.452447 0.238306 0.0 
0.87119 -0.48991 0.0 
0 0 0.0 
-0.244221 0.969706 0.0 
0.456341 0.888927 0.0 
0.931608 -0.363382 0.0 
-0.937698 0.342902 0.0 
-0.338199 0.941074 0.0 
0.698338 -0.715501 0.0 
-0.321803 0.946807 0.0 
-0.229031 0.971736 0.0 
0.0686913 -0.538436 0.0 
-0.273797 0.776767 0.0 
0.428267 -0.90358 0.0 
-0.162964 -0.98661 0.0 
0.963632 0.0277524 0.0 
-0.294576 0.869778 0.0 
0.78169 -0.623667 0.0 
-0.581663 0.735157 0.0 
0.99978 0.0209585 0.0 
0 0 0.0 
0.682651 -0.412652 0.0 
0.429577 -0.0062222 0.0 
0.790783 0.000426611 0.0 
0.303801 0.397121 0.0 
0.324447 0.879249 0.0 
0.97419 0.0069467 0.0 
-0.377938 0.925831 0.0 
-0.43451 0.730492 0.0 
0.747318 -0.178076 0.0 
-0.305792 -0.952073 0.0 
-0.181037 -0.983476 0.0 
0.999508 -0.0312896 0.0 
-0.479025 0.877801 0.0 
-0.201273 0.979525 0.0 
0.999884 -0.0152386 0.0 
0.427506 -0.904001 0.0 
0.518355 0.855157 0.0 
0.99998 0.00623709 0.0 
-0.57049 0.821305 0.0 
-0.225782 -0.974024 0.0 
0.306316 0.951892 0.0 
-0.606086 0.795375 0.0 
0.658742 -0.752124 0.0 
0.917964 0.00267357 0.0 
-0.935398 0.351798 0.0 
0.790066 -0.381037 0.0 
0.913286 0.406934 0.0 
0.637359 -0.770567 0.0 
1 0.000135631 0.0 
0.999948 -0.010033 0.0 
0 0 0.0 
-0.136818 -0.990577 0.0 
0.880159 0.0385253 0.0 
-0.588338 0.808557 0.0 
-0.564659 0.825298 0.0 
-0.478365 -0.877512 0.0 
0.857121 0.0207101 0.0 
-0.550395 0.834746 0.0 
-0.351563 0.936155 0.0 
0.999997 0.00244564 0.0 
0.81135 -0.584207 0.0 
0.978018 -0.0735085 0.0 
-0.124076 -0.869457 0.0 
-0.33864 0.940911 0.0 
1 -0.00019169 0.0 
-0.0998649 -0.994538 0.0 
0.936167 -0.349458 0.0 
-0.342866 0.538814 0.0 
-0.198688 0.980058 0.0 
0.889795 -0.456201 0.0 
0.943003 -0.330988 0.0 
0.558685 0.829374 0.0 
-0.481272 0.876079 0.0 
0.95001 -0.312189 0.0 
-0.568828 0.822358 0.0 
0.947664 -0.319218 0.0 
0 0 0.0 
0.164217 0.986322 0.0 
0.999978 0.00657937 0.0 
0.998362 0.0552448 0.0 
0.844007 -0.536037 0.0 
-0.985804 -0.167903 0.0 
0.999514 -0.0310405 0.0 
0.996579 0.0826466 0.0 
0.472191 0.708767 0.0 
-0.671749 0.740779 0.0 
0.871555 -0.00166069 0.0 
0.716598 0.697486 0.0 
-0.415167 0.909745 0.0 
0.99841 0.0560646 0.0 
0.972399 0.232903 0.0 
-0.960782 0.27686 0.0 
-0.277643 0.948732 0.0 
0.991229 -0.131998 0.0 
0.99365 -0.108407 0.0 
-0.167105 0.936657 0.0 
0.890307 -0.454159 0.0 
-0.223353 0.974735 0.0 
0.990406 0.138187 0.0 
0.725959 0.0257623 0.0 
0 0 0.0 
0.985127 -0.171725 0.0 
-0.726965 -0.686674 0.0 
0.670422 0.741941 0.0 
-0.202109 -0.979363 0.0 
0.974735 -0.223347 0.0 
0.999999 0.0012005 0.0 
-0.961671 -0.2726 0.0 
0.978061 0.207941 0.0 
0.998131 -0.028613 0.0 
-0.227911 0.973363 0.0 
0.691023 0.459213 0.0 
-0.176647 0.984219 0.0 
0.901911 0.148704 0.0 
0.97122 -0.238169 0.0 
0.973457 -0.228834 0.0 
0.935364 -0.0251526 0.0 
0.804169 -0.212552 0.0 
0.719448 0.694546 0.0 
-0.943358 -0.331775 0.0 
-0.548995 0.835818 0.0 
0.989591 -0.00349324 0.0 
-0.181768 -0.983341 0.0 
0.999992 0.00172506 0.0 
0.924105 0.00686913 0.0 
0.774192 -0.63295 0.0 
0.999999 0.000922388 0.0 
0.982868 0.00151344 0.0 
0.713517 0.696353 0.0 
0.979598 0.200873 0.0 
0.997814 0.0660298 0.0 
0.522615 0.852565 0.0 
-0.0628858 0.434216 0.0 
0.779315 0.532396 0.0 
0.666642 -0.745246 0.0 
0.999999 0.00089659 0.0 
-0.220939 0.965569 0.0 
0.892132 0.000344074 0.0 
0.841241 -0.540567 0.0 
0.99996 -0.00890456 0.0 
-0.241988 0.97017 0.0 
-0.65978 0.751459 0.0 
-0.422947 0.905328 0.0 
0.466601 0.883971 0.0 
-0.215488 0.975372 0.0 
0.837864 -0.545741 0.0 
0.999578 -0.0290339 0.0 
-0.315091 -0.94906 0.0 
0 0 0.0 
0.995978 -0.088383 0.0 
0 0 0.0 
0.984118 -0.0501361 0.0 
0.999998 0.000933344 0.0 
0.996494 -0.0822171 0.0 
0.963422 0.00708127 0.0 
0.952604 -0.301861 0.0 
0 0 0.0 
0.999997 -0.00253713 0.0 
0 0 0.0 
0.865043 0.500958 0.0 
0.927906 -0.372812 0.0 
0.194818 -0.970911 0.0 
-0.907565 -0.419911 0.0 
0.523714 0.851293 0.0 
-0.229606 -0.973229 0.0 
0.986838 -0.000665951 0.0 
0.931116 -0.364722 0.0 
0.99381 -0.107725 0.0 
0.927123 -0.374758 0.0 
0.999985 -0.00543077 0.0 
0.999996 -0.00291147 0.0 
0 0 0.0 
0.944357 0.32869 0.0 
0.760976 0.00100756 0.0 
0.843573 -0.000830115 0.0 
0.999338 -0.0361346 0.0 
0.902403 -0.430851 0.0 
0.950869 0.30605 0.0 
0.998586 0.0531622 0.0 
0.999897 0.0141026 0.0 
0.999679 0.0210525 0.0 
0.740484 0.671441 0.0 
0.882103 -0.00887342 0.0 
0 0 0.0 
0.999974 0.0055063 0.0 
0 0 0.0 
-0.547419 -0.836824 0.0 
-0.379506 -0.925163 0.0 
0.935407 0.00568149 0.0 
0.9696 -0.244525 0.0 
0.970271 0.03749 0.0 
0.998814 -0.0486352 0.0 
0.994905 -0.0931896 0.0 
0.95417 0.0121172 0.0 
0.935882 0.35154 0.0 
0.999998 0.00193281 0.0 
0.692383 0.000719834 0.0 
0.720228 0.693728 0.0 
-0.15443 0.987996 0.0 
0 0 0.0 
0.930987 0.0346253 0.0 
0.999867 0.0160837 0.0 
0.999986 -0.00338038 0.0 
0.856038 -0.0162458 0.0 
0.4434 -0.00453292 0.0 
0.891411 -0.00654016 0.0 
-0.252793 -0.9675 0.0 
0.999948 -0.00794954 0.0 
-0.996047 -0.0850341 0.0 
0.962154 -0.270943 0.0 
0.950412 -0.00104042 0.0 
-0.184959 -0.982746 0.0 
0.745786 -0.239478 0.0 
0.937521 0.347737 0.0 
0.999897 -0.0143185 0.0 
0.999743 -0.0219654 0.0 
0.94868 -0.312164 0.0 
0 0 0.0 
-0.520123 0.854092 0.0 
-0.0914645 0.75768 0.0 
-0.335431 -0.942062 0.0 
0 0 0.0 
0.999996 -0.00285721 0.0 
1 -0.000218797 0.0 
0 0 0.0 
0.999998 8.72343e-05 0.0 
-0.149004 -0.988837 0.0 
0.999925 0.0119671 0.0 
0.156641 -0.987642 0.0 
-0.192721 0.981192 0.0 
0.929633 -0.368475 0.0 
0.998596 0.0529736 0.0 
0.927688 0.37247 0.0 
0.707282 -0.507162 0.0 
0.165408 -0.986225 0.0 
0.131649 0.986427 0.0 
-0.556947 -0.83053 0.0 
0.977976 -0.00101093 0.0 
0.999983 0.00312518 0.0 
0.290263 0.956784 0.0 
0.997636 0.0682719 0.0 
0 0 0.0 
-0.102737 -0.743996 0.0 
0.755262 0.521637 0.0 
0.516035 0.856553 0.0 
0.998626 -0.0524126 0.0 
0.99971 0.0235044 0.0 
0 0 0.0 
0.777193 -0.00140685 0.0 
0.951443 -0.30663 0.0 
-0.518468 -0.855088 0.0 
0.994617 -0.010385 0.0 
0.999715 0.0238341 0.0 
0.999997 0.00241659 0.0 
0 0 0.0 
-0.888033 -0.458712 0.0 
0.999991 -0.00415352 0.0 
0.999791 -0.0204651 0.0 
0.88775 0.000879638 0.0 
0.999863 0.0164 0.0 
0.999598 -0.00760573 0.0 
0.976427 -0.215846 0.0 
0.832295 -0.00191537 0.0 
-0.538986 -0.79283 0.0 
0.990416 -0.134165 0.0 
0 0 0.0 
-0.334393 -0.94243 0.0 
0.831056 -0.00345705 0.0 
0 0 0.0 
-0.227852 -0.973659 0.0 
0.783909 0.121224 0.0 
0.952224 0.30538 0.0 
0.999951 0.0098925 0.0 
0.922166 -0.386771 0.0 
0.947674 0.319236 0.0 
-0.996135 -0.0878385 0.0 
0 0 0.0 
0.999544 -0.0199873 0.0 
0.995591 0.0932582 0.0 
0.781241 0.000296724 0.0 
0.928457 -0.371228 0.0 
0.963812 0.26613 0.0 
0.90533 0.00393092 0.0 
0.543137 -0.839495 0.0 
-0.46294 -0.886161 0.0 
0.984642 0.00228069 0.0 
0.983855 -0.1692 0.0 
0.915712 0.363261 0.0 
0.997154 -0.0751404 0.0 
0.06561 0.993741 0.0 
-0.319557 0.734243 0.0 
0.957142 0.289563 0.0 
0.8797 -0.309992 0.0 
0.607206 -0.000343363 0.0 
0.938194 -0.343613 0.0 
0.999972 0.00753655 0.0 
0.99982 0.0174922 0.0 
0.99999 -0.0040492 0.0 
0.244167 -0.656142 0.0 
0.999997 0.00252599 0.0 
0.937496 -0.347965 0.0 
0 0 0.0 
0.999721 0.0229672 0.0 
0.999998 0.0010282 0.0 
-0.183257 -0.915917 0.0 
-0.533841 -0.845585 0.0 
-0.22465 -0.974439 0.0 
0 0 0.0 
1 0.000138051 0.0 
-0.507005 -0.833186 0.0 
0.929128 0.00513168 0.0 
-0.483606 -0.875229 0.0 
0.943408 0.331074 0.0 
0.845004 -0.000973008 0.0 
0.232322 0.972639 0.0 
0 0 0.0 
0.988547 -0.000713476 0.0 
0 0 0.0 
0.859963 -0.509942 0.0 
0.936984 -0.349372 0.0 
0.965455 0.000125828 0.0 
0.999995 0.0032475 0.0 
0.999933 -0.0109404 0.0 
0 0 0.0 
-0.516018 -0.856576 0.0 
0.878943 -0.00205995 0.0 
0.932722 0.360593 0.0 
-0.340601 -0.487763 0.0 
0 0 0.0 
0.99211 0.111894 0.0 
0.952517 0.304442 0.0 
0.999987 0.00449087 0.0 
0.750352 0.00246427 0.0 
0.99997 0.00267202 0.0 
0.826691 -0.562645 0.0 
0.987642 0.0108118 0.0 
0.887861 -0.456739 0.0 
0.944436 -0.00312415 0.0 
0.454666 -0.184595 0.0 
0.959492 0.281699 0.0 
0.969688 -0.244342 0.0 
-0.138982 -0.975361 0.0 
0.810697 0.507391 0.0 
0.855869 -0.511564 0.0 
-0.569813 -0.821774 0.0 
0.981906 0.189351 0.0 
-0.24057 -0.970257 0.0 
0 0 0.0 
-0.265391 -0.962763 0.0 
0.981474 -0.191596 0.0 
0 0 0.0 
0.980112 0.198437 0.0 
0.923565 -0.00137885 0.0 
-0.999297 -0.0351965 0.0 
0.675832 0.737052 0.0 
0 0 0.0 
0.781 -0.000642352 0.0 
0.366183 0.930516 0.0 
0.553113 0.805953 0.0 
1 -6.29518e-05 0.0 
0.996712 -0.0809552 0.0 
-0.535659 -0.844434 0.0 
0.974763 0.002337 0.0 
0.864395 -0.000611238 0.0 
1 -0.000387973 0.0 
0.999999 -0.000385491 0.0 
0.792708 0.609325 0.0 
0.702429 0.00143241 0.0 
-0.23026 0.955556 0.0 
-0.783874 -0.62091 0.0 
0 0 0.0 
0.92965 -0.367083 0.0 
1 -0.000142903 0.0 
0.890994 -0.000765418 0.0 
0.999994 -0.00347326 0.0 
-0.359921 -0.759155 0.0 
0.999773 0.0212879 0.0 
0.886737 -0.00312724 0.0 
0.797896 0.602773 0.0 
0.56386 0.825867 0.0 
0.932994 0.359888 0.0 
-0.517927 -0.855416 0.0 
0.999998 -0.00192376 0.0 
0.948691 0.00169705 0.0 
1 0.000884266 0.0 
0 0 0.0 
0.984307 0.00352984 0.0 
0.894283 0.0018903 0.0 
0 0 0.0 
1 0 0.0 
0.970987 -0.239132 0.0 
-0.711681 0.702503 0.0 
0.783628 0.621225 0.0 
0.933499 -0.00966676 0.0 
-0.615196 0.788343 0.0 
0.735087 0.677962 0.0 
-0.960482 0.270349 0.0 
-0.128443 0.424833 0.0 
0.856717 0.515772 0.0 
0.817928 0.575212 0.0 
0.993109 0.00268087 0.0 
-0.501408 -0.865211 0.0 
0 0 0.0 
0.999995 0.00325586 0.0 
0.999998 -0.00142373 0.0 
0.96843 -0.0333186 0.0 
0.562726 0.826641 0.0 
0.616709 -0.646114 0.0 
0.318417 0.577198 0.0 
0.437368 -0.899281 0.0 
0.976357 0.00357309 0.0 
0.885657 0.464219 0.0 
0.999996 2.76956e-05 0.0 
0.954013 -0.00160602 0.0 
0 0 0.0 
-0.996396 -0.0848272 0.0 
0.799688 0.537082 0.0 
0.914369 0.00119644 0.0 
0.859926 -0.510419 0.0 
0.560319 -0.285956 0.0 
0.653987 -0.756505 0.0 
0.999999 0.00117897 0.0 
0.914425 -0.404505 0.0 
0.970342 -0.00541178 0.0 
0 0 0.0 
0.999995 0.00326855 0.0 
0.657121 0.449747 0.0 
0.882606 -0.0112654 0.0 
0.885501 0.000781747 0.0 
0.998978 -0.00264032 0.0 
0.918958 -0.000550175 0.0 
1 0.000582503 0.0 
0.846253 -0.00325858 0.0 
0.82268 0.568495 0.0 
0.343078 0.939306 0.0 
0.929816 0.000314592 0.0 
0.829344 0.558737 0.0 
0.150614 0.988592 0.0 
0.982771 0.18478 0.0 
0.663865 0.00111955 0.0 
0.999986 0.00520883 0.0 
0.969123 -0.00240066 0.0 
0.999997 -0.0024779 0.0 
0.762052 0.00167659 0.0 
0.393168 -0.61563 0.0 
0.999998 -0.00209217 0.0 
0.999787 0.0205738 0.0 
0.984057 0.0018735 0.0 
1 0.00077364 0.0 
0.999021 -0.0442274 0.0 
0.869477 0.000695955 0.0 
0.89533 0.00175378 0.0 
0.911386 0.411542 0.0 
0.963511 0.267396 0.0 
-0.573807 0.80602 0.0 
0 0 0.0 
0.996584 0.00334974 0.0 
0 0 0.0 
0.508439 -0.0407955 0.0 
0.855929 -0.00371295 0.0 
0.987107 -0.0050494 0.0 
0.693989 -0.67972 0.0 
0.999962 -0.0087359 0.0 
0.999998 0.00161945 0.0 
0 0 0.0 
0.877266 0.479993 0.0 
0 0 0.0 
0.344556 0.185394 0.0 
0.999989 -0.00463167 0.0 
0.999981 0.00615209 0.0 
0.826001 0.563654 0.0 
0 0 0.0 
0.947345 0.00400488 0.0 
0.187885 0.982011 0.0 
-0.426994 0.689879 0.0 
1 -0.000145479 0.0 
0.861387 0.507922 0.0 
0.652104 1.0435e-05 0.0 
0.999996 0.00150538 0.0 
0.773122 0.634243 0.0 
0 0 0.0 
0.910113 0.414361 0.0 
0.869449 0.493817 0.0 
0.999976 -0.00692437 0.0 
0 0 0.0 
0.999989 0.0046637 0.0 
0.957032 0.289918 0.0 
0.677285 0.473277 0.0 
0.812842 0.582453 0.0 
0.431718 0.633847 0.0 
1 -0.000608121 0.0 
0.746863 0.495719 0.0 
0 0 0.0 
0.628254 0.778002 0.0 
0.999974 0.00717918 0.0 
-0.293546 -0.955909 0.0 
0.683719 0.72971 0.0 
0.889699 -0.456366 0.0 
0.999989 0.00429086 0.0 
0 0 0.0 
0.999999 -0.00103513 0.0 
0.245136 -0.968843 0.0 
0.858809 0.511948 0.0 
-0.476301 -0.7304 0.0 
0.854362 0.519656 0.0 
0 0 0.0 
0.509653 -0.828592 0.0 
-0.575586 0.817741 0.0 
0.999714 0.0122525 0.0 
0.15297 -0.978979 0.0 
0.809239 0.586411 0.0 
-0.939646 0.0169611 0.0 
-0.580695 0.724253 0.0 
0.842952 0.537989 0.0 
0.861462 0.507709 0.0 
0.999999 -0.000778328 0.0 
0.494163 -0.866261 0.0 
0.995489 0.0948784 0.0 
-0.441133 -0.896334 0.0 
0 0 0.0 
0.801848 0.597146 0.0 
0.558468 0.829526 0.0 
0.962892 0.00187767 0.0 
0.447496 -0.773635 0.0 
0.886023 -0.36432 0.0 
0.982137 -0.188057 0.0 
0.950521 0.310661 0.0 
-0.92592 0.362637 0.0 
0.851598 0.522866 0.0 
0.965809 0.198826 0.0 
0.966976 -0.254185 0.0 
1 0 0.0 
0.978562 0.205954 0.0 
0.999999 -0.000866958 0.0 
0.666909 0.742483 0.0 
0 0 0.0 
-0.509986 -0.860176 0.0 
0.947039 -0.0163508 0.0 
0 0 0.0 
0.999975 -0.00559854 0.0 
-0.209371 -0.976542 0.0 
-0.523881 -0.792031 0.0 
0.952929 0.303128 0.0 
0.553248 0.828897 0.0 
0.999305 0.0371047 0.0 
-0.230166 -0.972891 0.0 
-0.242638 0.567136 0.0 
0.97152 0.236879 0.0 
0.987115 0.159993 0.0 
0.97478 0.223168 0.0 
-0.563248 0.826062 0.0 
-0.601576 0.784646 0.0 
-0.394858 -0.908654 0.0 
0.668178 -0.00718859 0.0 
0.62341 0.586744 0.0 
0.826785 0.56251 0.0 
0.736757 0.676148 0.0 
0 0 0.0 
0.865821 0.500333 0.0 
0.114259 -0.935866 0.0 
0.949596 0.313476 0.0 
0 0 0.0 
0.999956 -0.0072213 0.0 
0 0 0.0 
0.997009 0.0770958 0.0 
-0.326593 -0.945155 0.0 
0.989004 0.147858 0.0 
0.89044 0.449141 0.0 
0.99999 -0.00295014 0.0 
0.881401 0.472368 0.0 
0.829739 0.313679 0.0 
0.516456 -0.000335999 0.0 
0 0 0.0 
0.45735 -0.105154 0.0 
0.999221 -0.0388108 0.0 
0.934383 0.355679 0.0 
-0.589197 -0.806536 0.0 
0.923333 0.210719 0.0 
0.985392 0.16952 0.0 
0.923535 -0.383504 0.0 
0.999996 -0.0029047 0.0 
0.849491 -0.5144 0.0 
-0.489924 0.870492 0.0 
0.826009 -0.563657 0.0 
0.917497 -0.178313 0.0 
0.988474 -0.151192 0.0 
0 0 0.0 
1 -0.000554994 0.0 
0.933481 0.329555 0.0 
0.281997 0.348288 0.0 
0.652868 0.757472 0.0 
0.866212 -0.499592 0.0 
0.81163 0.583706 0.0 
0.523037 0.852301 0.0 
0.997788 0.063941 0.0 
-0.509587 0.860407 0.0 
-0.537188 -0.843226 0.0 
-0.149471 -0.988763 0.0 
0.618378 0.785861 0.0 
0.963136 0.269016 0.0 
0.999979 0.00529535 0.0 
0 0 0.0 
0 0 0.0 
0.172519 0.98496 0.0 
0.911079 -0.410708 0.0 
0 0 0.0 
0.969496 -0.242344 0.0 
-0.553097 -0.833113 0.0 
0.999994 0.00291887 0.0 
0.997122 0.0634151 0.0 
0.999998 -0.00184626 0.0 
0.869096 -0.0062329 0.0 
0.893471 -0.448864 0.0 
0.527179 0.585703 0.0 
-0.135834 0.99058 0.0 
-0.570416 0.82104 0.0 
0.767192 0.641399 0.0 
0.525115 -0.849983 0.0 
0.314369 0.949265 0.0 
0 0 0.0 
0.831484 0.0337029 0.0 
0.999979 -0.00597606 0.0 
-0.505686 -0.862717 0.0 
0.733464 0.679716 0.0 
0.998673 -0.0508512 0.0 
0.901929 0.431885 0.0 
0.918218 0.395285 0.0 
0 0 0.0 
0.738982 0.673723 0.0 
0.300489 -0.944862 0.0 
0 0 0.0 
0.998051 0.0624106 0.0 
-0.227011 0.973861 0.0 
-0.185643 -0.982545 0.0 
0.720944 0.69299 0.0 
0.999505 -0.0309364 0.0 
0.696715 0.717309 0.0 
0.133409 0.990148 0.0 
0.999987 0.002136 0.0 
0.970766 -0.239914 0.0 
0.999994 -0.00253746 0.0 
0.999829 0.0184724 0.0 
-0.432661 0.901512 0.0 
0.989366 -0.0979379 0.0 
0.999901 0.0113746 0.0 
0.99954 0.0302145 0.0 
0.999997 0.00220358 0.0 
-0.213678 0.97689 0.0 
-0.397488 -0.917606 0.0 
0.675183 0.506363 0.0 
-0.25452 -0.966779 0.0 
-0.226462 0.973968 0.0 
0.793149 0.608892 0.0 
0.999978 0.00663857 0.0 
0 0 0.0 
-0.190832 -0.981482 0.0 
0.163365 0.986513 0.0 
0.998684 -0.0512837 0.0 
0.553443 0.464466 0.0 
0 0 0.0 
-0.4995 0.793439 0.0 
0.652062 0.758157 0.0 
0.379263 -0.912981 0.0 
0.987745 0.155913 0.0 
-0.38837 -0.921499 0.0 
0 0 0.0 
0.398232 0.666443 0.0 
0.390774 0.919306 0.0 
-0.493433 0.867414 0.0 
0.558337 0.82961 0.0 
0.20095 0.849847 0.0 
0.367411 -0.312617 0.0 
-0.549772 0.835298 0.0 
0.46778 0.722287 0.0 
0 0 0.0 
0.994014 -0.00442559 0.0 
-0.0750218 0.38624 0.0 
0.997284 0.0736552 0.0 
0.395778 0.567791 0.0 
-0.0926017 0.489017 0.0 
0.128573 0.991698 0.0 
0.117022 0.757652 0.0 
0.894816 0.443676 0.0 
-0.331311 0.943518 0.0 
-0.125749 0.370906 0.0 
0.999968 -0.00791839 0.0 
0.842668 0.538433 0.0 
0.788168 -0.612788 0.0 
0.754824 -0.19076 0.0 
0.876616 0.341029 0.0 
0.469572 0.752318 0.0 
0.996121 0.0818212 0.0 
0.385861 0.628781 0.0 
-0.194344 0.980926 0.0 
0.990084 -0.139852 0.0 
0.225961 -0.974136 0.0 
0.661894 0.749597 0.0 
0.974024 0.226396 0.0 
0.999997 -0.00235514 0.0 
0.797201 0.603647 0.0 
0.518516 -0.329043 0.0 
0.842016 -0.539453 0.0 
0.202883 0.979203 0.0 
0 0 0.0 
0.601278 0.693967 0.0 
0.94628 -0.323184 0.0 
0 0 0.0 
0.591004 0.806669 0.0 
0.18076 0.98335 0.0 
0 0 0.0 
0.818394 0.574573 0.0 
0.951193 -0.308597 0.0 
0.821189 0.570596 0.0 
0.300875 0.951963 0.0 
0.932318 0.360985 0.0 
0.604595 0.796473 0.0 
-0.176369 0.467861 0.0 
-0.373383 0.927666 0.0 
-0.309514 -0.950851 0.0 
0.900039 0.0100275 0.0 
0.642676 0.766137 0.0 
0 0 0.0 
0 0 0.0 
0 0 0.0 
1 0.000479413 0.0 
-0.692706 0.720347 0.0 
0.424193 -0.905571 0.0 
-0.208233 -0.977952 0.0 
0.878895 -0.477005 0.0 
0.855295 0.518141 0.0 
0.864232 -0.503041 0.0 
0.746884 0.361369 0.0 
0.97291 -0.231139 0.0 
1 0 0.0 
0.97963 0.200208 0.0 
0 0 0.0 
0.999999 0.00127443 0.0 
0.626776 0.779199 0.0 
-0.316304 0.537226 0.0 
0.743945 0.66824 0.0 
0 0 0.0 
0.344965 0.938615 0.0 
0.775264 -0.631638 0.0 
0 0 0.0 
0.935211 0.0102472 0.0 
0.93968 0.341928 0.0 
0 0 0.0 
0 0 0.0 
0.66504 0.743405 0.0 
0.989928 0.141498 0.0 
-0.229393 -0.973306 0.0 
0.812325 -0.583141 0.0 
0 0 0.0 
0.999425 -0.0330305 0.0 
0 0 0.0 
0.819831 0.572574 0.0 
0.999691 -0.0242461 0.0 
-0.57809 -0.814055 0.0 
0.980883 0.190942 0.0 
0 0 0.0 
0.992299 0.122087 0.0 
0 0 0.0 
-0.323716 0.946152 0.0 
-0.202171 -0.97935 0.0 
-0.351803 0.934409 0.0 
0 0 0.0 
0.999331 0.0352994 0.0 
0.899954 -0.435986 0.0 
0.903536 -0.428513 0.0 
0.918707 0.394931 0.0 
0.595984 0.366787 0.0 
0.981941 0.182442 0.0 
0.999465 0.0324437 0.0 
0.991021 0.0367893 0.0 
0.746637 0.665232 0.0 
0 0 0.0 
-0.347922 -0.937454 0.0 
0.43907 0.311953 0.0 
0.999788 -0.0199914 0.0 
0.784865 0.619667 0.0 
0.999971 -0.00735971 0.0 
0.971012 -0.239031 0.0 
0.886487 0.0190381 0.0 
-0.475318 0.859864 0.0 
0.999673 0.0253603 0.0 
0.949566 0.31355 0.0 
0.958091 0.00349154 0.0 
-0.593586 0.804652 0.0 
0.84249 0.538614 0.0 
0.94967 0.00149809 0.0 
1 -0.000844634 0.0 
0.961782 -0.0202592 0.0 
0.99889 -0.0406204 0.0 
0.9691 -0.2271 0.0 
0.999157 0.0406599 0.0 
-0.466464 0.884241 0.0 
-0.186421 0.681419 0.0 
0.816839 0.576842 0.0 
-0.609765 0.787131 0.0 
0 0 0.0 
-0.568554 0.820513 0.0 
0.732171 0.328474 0.0 
0.867345 -0.497692 0.0 
0.356311 -0.934367 0.0 
0.873601 0.480909 0.0 
0.862593 0.505879 0.0 
-0.736039 0.67694 0.0 
-0.622786 0.78032 0.0 
0.983879 0.178637 0.0 
0.885866 0.463875 0.0 
0.825597 -0.563236 0.0 
0.894992 0.446017 0.0 
-0.441407 0.897269 0.0 
0.898336 0.439309 0.0 
0.94588 0.0205196 0.0 
-0.243496 0.969858 0.0 
0.968278 0.249703 0.0 
0.905843 0.423601 0.0 
-0.514475 -0.857502 0.0 
0.783231 0.62173 0.0 
0.805155 -0.593055 0.0 
0 0 0.0 
0.797798 -0.602833 0.0 
0 0 0.0 
0.988961 -0.144256 0.0 
0.440176 0.134898 0.0 
-0.707256 0.692432 0.0 
0 0 0.0 
0.992093 -0.124208 0.0 
-0.613913 0.789148 0.0 
0 0 0.0 
0.117511 0.984178 0.0 
0 0 0.0 
0.681412 0.7319 0.0 
0.598093 -0.104936 0.0 
0.999181 0.0393218 0.0 
0.535942 0.0582098 0.0 
0.469037 -0.883178 0.0 
0.999651 -0.0261151 0.0 
-0.855044 0.51432 0.0 
0.657012 -0.75388 0.0 
0.623701 -0.781663 0.0 
0 0 0.0 
-0.997513 0.063257 0.0 
0.976724 -0.214262 0.0 
-0.987045 -0.158233 0.0 
0 0 0.0 
0.999571 0.0292209 0.0 
-0.399752 0.9161 0.0 
0.457092 0.873519 0.0 
-0.181278 0.983429 0.0 
0 0 0.0 
0 0 0.0 
0.938707 -0.344668 0.0 
0.999607 0.0280198 0.0 
0.999861 -0.0164636 0.0 
0.999529 -0.0306914 0.0 
0.968156 -0.250157 0.0 
-0.235289 0.453479 0.0 
0.985176 0.171548 0.0 
0.767913 -0.640538 0.0 
0.999734 -0.023046 0.0 
0.796061 -0.298875 0.0 
0 0 0.0 
-0.452878 0.891557 0.0 
0.54817 -0.836148 0.0 
0.691525 -0.72233 0.0 
-0.2443 0.969629 0.0 
0 0 0.0 
0.992798 -0.106542 0.0 
0.165225 0.845693 0.0 
0.122394 0.992472 0.0 
0.206983 -0.977901 0.0 
0.998843 0.0477087 0.0 
0.759657 -0.65032 0.0 
-0.559319 -0.797348 0.0 
-0.594182 0.80433 0.0 
0.984331 0.176329 0.0 
0.712841 -0.237935 0.0 
0.958034 0.2813 0.0 
0 0 0.0 
0.00913571 0.994146 0.0 
0.153664 0.961662 0.0 
0.788286 -0.00241443 0.0 
0 0 0.0 
0.98879 -0.149189 0.0 
0.318658 0.841524 0.0 
-0.180556 0.983553 0.0 
0.239136 0.96371 0.0 
-0.545878 -0.837614 0.0 
0.971302 0.000463812 0.0 
0.982339 0.187111 0.0 
0.996448 -0.0842133 0.0 
0.179078 0.786495 0.0 
0.793863 -0.608069 0.0 
0.651985 0.00292629 0.0 
0.999632 -0.0270683 0.0 
-0.300826 0.399379 0.0 
0.777934 -0.00035317 0.0 
0.782131 -0.414168 0.0 
0 0 0.0 
0.832752 -0.553616 0.0 
0.967392 -0.0196955 0.0 
0.999957 0.00904076 0.0 
0 0 0.0 
-0.26516 0.353501 0.0 
0.834758 0.549714 0.0 
0.999994 -0.0035183 0.0 
0 0 0.0 
0.989704 -0.0012903 0.0 
0.65804 0.749709 0.0 
0 0 0.0 
0.955191 -0.295824 0.0 
0.999788 0.0204902 0.0 
0 0 0.0 
0.763751 -0.644416 0.0 
0.869367 0.494134 0.0 
0.747511 -0.664241 0.0 
0.990207 0.138593 0.0 
0.245561 0.969378 0.0 
0.987084 0.160201 0.0 
-0.16537 0.98417 0.0 
-0.533776 -0.774836 0.0 
0.866558 0.0188016 0.0 
0.594143 -0.703029 0.0 
0.985487 -0.169749 0.0 
0.284299 0.787992 0.0 
0.940379 -0.340122 0.0 
0.972495 0.229877 0.0 
0 0 0.0 
-0.566639 -0.8239 0.0 
0.957213 -0.288277 0.0 
0 0 0.0 
0.577452 -0.0017419 0.0 
0.844152 0.000951868 0.0 
0 0 0.0 
0.962065 -0.272529 0.0 
0.276403 0.805988 0.0 
0.999945 -0.0101683 0.0 
0.809503 -0.586425 0.0 
0 0 0.0 
0 0 0.0 
0.97241 -0.231772 0.0 
0.741063 -0.0712683 0.0 
0.962824 -0.0025682 0.0 
0.845936 0.338331 0.0 
0.993186 -0.116542 0.0 
0 0 0.0 
0.427696 0.903914 0.0 
0.647231 -0.762294 0.0 
0.982345 0.187027 0.0 
0.488109 -0.109196 0.0 
0.918628 -0.000104632 0.0 
0.983694 -0.17985 0.0 
0.54911 0.60475 0.0 
0.978968 -0.203992 0.0 
0.992657 0.109079 0.0 
0 0 0.0 
-0.989177 0.146725 0.0 
-0.754628 0.655038 0.0 
0.465008 0.651852 0.0 
-0.353749 0.93511 0.0 
0.923497 -0.377377 0.0 
0.999999 -0.00146602 0.0 
0.287376 0.820157 0.0 
0 0 0.0 
0.744921 -0.0988182 0.0 
0.894969 -0.446128 0.0 
-0.284741 0.707851 0.0 
0.272086 0.749545 0.0 
0.790813 0.611937 0.0 
0.661137 -0.750265 0.0 
-0.529042 0.848139 0.0 
0.784549 0.620015 0.0 
0.382035 0.924091 0.0 
-0.317945 0.948104 0.0 
-0.00150951 -0.997348 0.0 
0.986714 -0.16242 0.0 
0.758644 -0.00715812 0.0 
1 -0.000583997 0.0 
0 0 0.0 
0 0 0.0 
0.96774 -0.00012119 0.0 
0.999221 -0.0387238 0.0 
-0.383186 0.923649 0.0 
0.800239 -0.00104982 0.0 
1 -0.000300023 0.0 
0.444736 0.895661 0.0 
-0.494659 0.857751 0.0 
0.641157 -0.767403 0.0 
-0.887918 -0.285156 0.0 
0 0 0.0 
0 0 0.0 
0.58225 0.731233 0.0 
0.57125 0.812231 0.0 
0.820023 0.572313 0.0 
0.958674 -0.282041 0.0 
0.569688 0.678383 0.0 
0.596872 -0.802337 0.0 
0 0 0.0 
0.217109 0.877601 0.0 
0 0 0.0 
0.449136 0.711859 0.0 
-0.254367 0.966968 0.0 
0.452927 -0.885703 0.0 
-0.998326 -0.0555102 0.0 
0.883055 -0.35794 0.0 
0 0 0.0 
0.810584 -0.585622 0.0 
0.383291 -0.923602 0.0 
0.798599 -0.601843 0.0 
0 0 0.0 
0 0 0.0 
0.923247 -0.384206 0.0 
-0.623437 -0.778504 0.0 
-0.999782 0.0189613 0.0 
0.0673244 -0.997731 0.0 
0.778335 0.627804 0.0 
0.998059 0.033823 0.0 
-0.693294 -0.72012 0.0 
-0.602225 -0.794665 0.0 
-0.99244 -0.0933521 0.0 
0 0 0.0 
0.99993 -0.00420675 0.0 
0.995836 -0.0812954 0.0 
0.999982 -0.00591962 0.0 
0.957359 -0.28769 0.0 
0.835045 0.0312602 0.0 
0.998196 0.0459741 0.0 
1 -0.000406512 0.0 
0.999996 -0.000820613 0.0 
0.845055 -0.534679 0.0 
0 0 0.0 
-0.793717 0.593758 0.0 
0.426658 -0.697541 0.0 
0.979238 0.0350187 0.0 
-0.570341 0.813974 0.0 
-0.588658 0.808361 0.0 
0 0 0.0 
0.786303 -0.00198799 0.0 
0.931203 -0.0194587 0.0 
0.999918 0.0127704 0.0 
0.280535 -0.806814 0.0 
0.916065 -0.398746 0.0 
0.816227 -0.577731 0.0 
-0.302092 -0.433637 0.0 
0.99947 -0.0287489 0.0 
0.349675 -0.936871 0.0 
-0.619984 0.7843 0.0 
0.432082 -0.824157 0.0 
-0.578254 0.815842 0.0 
-0.999804 -0.0184466 0.0 
0.891596 0.449688 0.0 
-0.492465 -0.869157 0.0 
0.938978 -0.00107598 0.0 
0.481191 -0.876616 0.0 
0 0 0.0 
0.99101 -0.133564 0.0 
-0.168433 0.985703 0.0 
-0.145015 0.824743 0.0 
-0.978957 0.194967 0.0 
0.053579 0.989837 0.0 
0.934897 0.35492 0.0 
0.760401 0.649103 0.0 
-0.460632 0.58871 0.0 
0.949632 0.310479 0.0 
0.972559 -0.229392 0.0 
-0.880107 0.470275 0.0 
0.999316 -0.00619209 0.0 
-0.600855 0.799339 0.0 
0.999617 0.0276327 0.0 
-0.604874 0.796322 0.0 
0.619387 0.728109 0.0 
0.442635 -0.896683 0.0 
0 0 0.0 
0 0 0.0 
0.874667 -0.00311805 0.0 
0.992839 -0.116986 0.0 
0.990505 0.125202 0.0 
-0.453395 0.891308 0.0 
0.95397 -0.297761 0.0 
-0.994966 -0.0822759 0.0 
0.83461 0.00127899 0.0 
0 0 0.0 
-0.442573 -0.891465 0.0 
0.999554 -0.0298547 0.0 
-0.396815 0.733664 0.0 
-0.590585 0.806975 0.0 
-0.274713 0.961523 0.0 
-0.198532 0.756127 0.0 
0.999914 0.0127276 0.0 
0.892935 0.147275 0.0 
0.999983 -0.00553694 0.0 
0 0 0.0 
0.527261 0.572337 0.0 
0.416209 -0.909233 0.0 
0.453622 -0.891191 0.0 
-0.21726 0.976105 0.0 
0.839654 -7.55147e-05 0.0 
0.999864 -0.000690407 0.0 
0 0 0.0 
0.999991 0.00398557 0.0 
0.992203 -0.0284733 0.0 
0.659092 0.752061 0.0 
0.944431 -0.328711 0.0 
0 0 0.0 
0.338228 -0.93432 0.0 
0.558601 -0.826544 0.0 
-0.283762 -0.958889 0.0 
0.507767 0.414032 0.0 
0 0 0.0 
0.833539 0.354853 0.0 
0.688798 0.72494 0.0 
0.249576 -0.968353 0.0 
-0.417159 0.907843 0.0 
0.835318 0.549698 0.0 
-0.405872 0.91393 0.0 
0.710374 0.621613 0.0 
-0.45298 0.89152 0.0 
0.654015 0.687575 0.0 
-0.448351 0.893858 0.0 
0.825561 -0.564171 0.0 
0.9556 0.00122266 0.0 
0.695864 0.718168 0.0 
0.0572776 0.966674 0.0 
-0.333171 0.941823 0.0 
0.958124 -0.280955 0.0 
-0.155751 -0.987564 0.0 
-0.204493 0.978864 0.0 
0.915641 0.399039 0.0 
0.865029 -0.497011 0.0 
0.562619 0.826708 0.0 
0.920037 0.00121699 0.0 
0.684832 0.666544 0.0 
0.679643 0.612718 0.0 
0.977656 0.00159754 0.0 
-0.997623 0.0621281 0.0 
0.861322 0.00326013 0.0 
0 0 0.0 
-0.423981 0.905671 0.0 
0 0 0.0 
-0.869961 -0.487526 0.0 
0 0 0.0 
0.894733 -0.000755197 0.0 
0.99998 0.00629592 0.0 
0.930811 -0.365493 0.0 
0.999999 -0.00145828 0.0 
0.991721 0.00501673 0.0 
0.963952 -0.000321552 0.0 
-0.287443 0.957789 0.0 
0.889758 -0.0118702 0.0 
0.702333 0.412344 0.0 
0.987376 -0.157502 0.0 
0.209461 -0.977806 0.0 
0.959935 0.279918 0.0 
0.895596 -0.444138 0.0 
0.999548 -0.0252866 0.0 
0.692422 0.00053698 0.0 
-0.243823 0.529857 0.0 
0.998053 0.00179139 0.0 
0.999962 0.00851008 0.0 
0.966717 0.253946 0.0 
0.990343 0.0115589 0.0 
0 0 0.0 
0.809828 0.585039 0.0 
-0.238637 0.765976 0.0 
-0.341049 0.940045 0.0 
-0.143409 -0.989664 0.0 
0.997521 0.0576819 0.0 
0.966413 -0.256247 0.0 
-0.188365 0.966411 0.0 
0.984677 0.00209356 0.0 
-0.356015 0.93448 0.0 
0.994195 0.107594 0.0 
0.85416 0.388252 0.0 
0.82986 0.557726 0.0 
0.993947 -0.109688 0.0 
-0.982994 -0.183639 0.0 
0.999997 0.00224273 0.0 
-0.978819 0.203948 0.0 
0.798724 -0.601643 0.0 
-0.241151 -0.970413 0.0 
0.63462 0.510603 0.0 
0.973424 0.000541738 0.0 
0.541297 0.395137 0.0 
-0.129653 0.991549 0.0 
0.975452 -0.0271803 0.0 
0.870702 -0.491811 0.0 
0.841459 -0.538547 0.0 
0.943737 -0.000580226 0.0 
0.834576 -0.54745 0.0 
-0.541424 0.840736 0.0 
0.401694 0.124894 0.0 
0.971058 0.238753 0.0 
0 0 0.0 
0.308693 -0.951162 0.0 
0.999755 0.022139 0.0 
-0.367685 -0.588949 0.0 
0.576125 -0.815644 0.0 
-0.810634 0.583063 0.0 
-0.131609 -0.991022 0.0 
0.96205 -0.271782 0.0 
0 0 0.0 
0.999886 -0.0149734 0.0 
-0.993227 -0.116186 0.0 
0.999755 0.0218029 0.0 
0.9041 0.426619 0.0 
0.997451 -0.0713581 0.0 
0 0 0.0 
0.999176 -0.0231831 0.0 
0.909986 0.013102 0.0 
-0.522955 -0.852348 0.0 
0.17957 0.983731 0.0 
0 0 0.0 
0.977642 -0.210258 0.0 
-0.238223 0.971208 0.0 
0.999982 0.00574718 0.0 
0.893629 0.44835 0.0 
0.768328 0.603399 0.0 
0.999997 -0.00189706 0.0 
0.989363 0.142631 0.0 
0.334641 0.942346 0.0 
-0.468666 0.883107 0.0 
0.69274 -0.000329775 0.0 
-0.211322 0.977417 0.0 
0.976529 -0.215352 0.0 
0.895621 0.443929 0.0 
-0.162026 0.978482 0.0 
0.909013 -0.415019 0.0 
0.999981 0.00615979 0.0 
0.950092 0.018448 0.0 
0.986148 -0.165867 0.0 
-0.347562 -0.937607 0.0 
0.999716 0.0238421 0.0 
0.999088 -0.0423676 0.0 
0.999988 -0.00494685 0.0 
0 0 0.0 
-0.13456 -0.990905 0.0 
0.814153 0.580608 0.0 
0.999941 -0.00856356 0.0 
0.894535 0.44697 0.0 
0.149216 -0.988783 0.0 
0 0 0.0 
0.162035 -0.986777 0.0 
-0.999062 -0.0350297 0.0 
0 0 0.0 
0.990573 0.136981 0.0 
0.96445 -0.264264 0.0 
0.975342 0.00481344 0.0 
0.719323 -0.694394 0.0 
0 0 0.0 
0.999999 0.00141773 0.0 
0.807538 0.589791 0.0 
-0.724572 -0.687958 0.0 
0.962332 0.271646 0.0 
0.703973 -0.00734811 0.0 
0 0 0.0 
0.961343 0.275152 0.0 
0.944769 0.327572 0.0 
0.298684 -0.422958 0.0 
0.196272 -0.980538 0.0 
-0.0748421 0.997195 0.0 
0.872761 0.00825641 0.0 
0.919898 0.392148 0.0 
1 -0.000886796 0.0 
0.966295 0.257333 0.0 
0.529669 -0.19153 0.0 
0.749859 0.658906 0.0 
0.626834 -0.779153 0.0 
0.996795 -0.0791508 0.0 
0.976618 0.00249236 0.0 
0.99985 -0.0172556 0.0 
-0.152502 -0.987675 0.0 
0.129297 0.989889 0.0 
0.890966 0.454062 0.0 
0.999997 -0.000287975 0.0 
0.999985 0.0049786 0.0 
0.133319 -0.780489 0.0 
0.984859 0.173359 0.0 
0.924091 0.000626968 0.0 
0 0 0.0 
0 0 0.0 
0.999792 -0.0199266 0.0 
0.999989 0.00471965 0.0 
0.999556 -0.0283015 0.0 
0.972583 0.0162208 0.0 
0.919221 0.393741 0.0 
0.930048 0.36741 0.0 
0.147256 -0.988983 0.0 
0.896777 0.018524 0.0 
-0.117489 -0.850607 0.0 
0.308649 -0.943125 0.0 
0.944809 0.000564677 0.0 
0.799757 0.390683 0.0 
-0.16541 0.808296 0.0 
0.991416 0.129265 0.0 
0 0 0.0 
0 0 0.0 
0.992472 -0.12247 0.0 
-0.377193 -0.926135 0.0 
0.317236 0.220411 0.0 
0.729685 0.307565 0.0 
0.92415 0.382001 0.0 
0.956329 0.29229 0.0 
0.998889 -0.0471293 0.0 
0.875027 0.483904 0.0 
0.982054 0.188419 0.0 
0.332886 -0.942714 0.0 
0.266165 0.963898 0.0 
0.961191 -0.0109026 0.0 
0.999743 0.0226668 0.0 
0.973195 -0.229868 0.0 
0.983935 -0.178529 0.0 
0.909347 0.00129379 0.0 
0.999989 0.00459658 0.0 
0.926591 0.37607 0.0 
0.866875 0.498482 0.0 
0.999998 -0.00162023 0.0 
0.992267 0.122445 0.0 
0.972127 -0.234342 0.0 
0 0 0.0 
0 0 0.0 
0.921195 0.389092 0.0 
0.999999 -0.00125045 0.0 
0.999975 -0.00691755 0.0 
-0.416834 0.908101 0.0 
0.828624 0.252291 0.0 
0.901891 0.273514 0.0 
0.960787 0.277271 0.0 
-0.239287 -0.970935 0.0 
-0.999917 0.0128499 0.0 
-0.450826 -0.892612 0.0 
0.379093 -0.925358 0.0 
0.999608 0.0272521 0.0 
0.195045 -0.980787 0.0 
0 0 0.0 
0.959151 0.253712 0.0 
0.999218 -0.0391168 0.0 
-0.227094 -0.973873 0.0 
0.898078 -0.000160082 0.0 
-0.148276 -0.988946 0.0 
0.921241 0.00266783 0.0 
0 0 0.0 
0.955482 0.294539 0.0 
0.490165 -0.0732421 0.0 
0.979331 -0.200505 0.0 
0 0 0.0 
-0.324146 -0.945999 0.0 
-0.0968781 0.352253 0.0 
-0.494459 -0.869201 0.0 
0.999923 -0.0124028 0.0 
0 0 0.0 
0.847417 0.530277 0.0 
0.937427 -0.0195696 0.0 
0.82817 -0.355027 0.0 
0.979518 -0.200465 0.0 
0.725724 0.687585 0.0 
0.832077 -0.55466 0.0 
0.995371 0.0960136 0.0 
0.873846 0.486164 0.0 
0 0 0.0 
0.826073 0.563549 0.0 
0.81901 0.572234 0.0 
0 0 0.0 
0.975791 0.218453 0.0 
-0.0834975 0.993888 0.0 
1 -0.000792221 0.0 
0.999999 -0.00164891 0.0 
0.688422 -0.724832 0.0 
0.905952 0.00240375 0.0 
-0.116374 0.991621 0.0 
0.998972 -0.045342 0.0 
0.999999 -0.00145168 0.0 
0.981333 0.189134 0.0 
0.85531 -0.382849 0.0 
0.959215 0.00578712 0.0 
0.903268 0.428226 0.0 
0.392223 0.35989 0.0 
0.970004 0.0257569 0.0 
0.899425 -0.437065 0.0 
0.688368 0.120107 0.0 
0.99381 -0.0942315 0.0 
0.355549 0.934649 0.0 
-0.549493 -0.835468 0.0 
0.980809 0.00835039 0.0 
-0.306326 -0.477539 0.0 
0.738855 -0.673844 0.0 
1 2.32045e-05 0.0 
0.819314 0.572057 0.0 
0.999566 -0.0294667 0.0 
0.587768 0.240707 0.0 
0.979207 -0.200145 0.0 
0.996598 0.0821682 0.0 
0.963541 0.264787 0.0 
0.999994 -0.00314901 0.0 
0 0 0.0 
0.860465 0.0545263 0.0 
-0.302739 -0.861312 0.0 
-0.358265 -0.933617 0.0 
-0.21193 -0.977285 0.0 
0.999037 0.0438784 0.0 
0.999986 -0.00502026 0.0 
-0.191354 -0.0042984 0.0 
0.999997 0.00252105 0.0 
0.974784 -0.223092 0.0 
0.436345 -0.00106936 0.0 
0.900195 -0.00140091 0.0 
0 0 0.0 
0.59551 -0.0781681 0.0 
-0.435506 -0.858422 0.0 
0.787744 -0.497465 0.0 
0.961849 -0.273096 0.0 
0.740711 -0.669457 0.0 
-0.237052 0.971494 0.0 
0.95367 0.297436 0.0 
-0.265809 -0.964026 0.0 
0.993007 0.115957 0.0 
-0.315784 -0.948829 0.0 
0.999271 0.037362 0.0 
0 0 0.0 
0.977096 0.212747 0.0 
0.999961 0.00868789 0.0 
0.440069 0.39986 0.0 
0.948449 -0.0118824 0.0 
0.968004 0.247184 0.0 
0.999401 -0.0345936 0.0 
0 0 0.0 
0.998539 -0.0507561 0.0 
0.969954 0.24329 0.0 
-0.455739 -0.726636 0.0 
0.999987 -0.00507717 0.0 
0.539335 0.842074 0.0 
0 0 0.0 
-0.446754 -0.894653 0.0 
0.994404 0.105643 0.0 
0.188512 -0.981875 0.0 
-0.125702 -0.473518 0.0 
-0.303449 0.938015 0.0 
0.999863 -0.0153478 0.0 
-0.394934 -0.918709 0.0 
0.955752 -0.288454 0.0 
0.997025 0.0770799 0.0 
0.990416 0.137995 0.0 
0.952986 -0.303016 0.0 
0.577954 -0.81598 0.0 
0.949809 0.312831 0.0 
-0.363272 -0.740745 0.0 
0.143583 -0.989248 0.0 
0.999996 0.00292286 0.0 
0 0 0.0 
0.823533 0.00193104 0.0 
0.763222 0.469282 0.0 
0.998233 -0.054576 0.0 
0.496258 -0.868094 0.0 
0.923703 -0.101677 0.0 
0 0 0.0 
-0.564809 -0.825222 0.0 
0.986752 0.162202 0.0 
0.976435 -0.215005 0.0 
0.999464 -0.0322014 0.0 
0.999967 -0.00808232 0.0 
-0.363542 -0.928274 0.0 
0.999994 0.00337046 0.0 
-0.410845 -0.911705 0.0 
0.990272 -0.135019 0.0 
0.999994 -0.00343083 0.0 
0.999984 -0.00572551 0.0 
-0.562305 -0.826893 0.0 
0.996891 -0.078339 0.0 
0.530667 0.847562 0.0 
0.651121 -0.678893 0.0 
0.911919 0.0289375 0.0 
0.91807 -0.396261 0.0 
-0.508691 -0.860949 0.0 
-0.704893 -0.694203 0.0 
0.530897 0.84742 0.0 
-0.813444 0.578768 0.0 
0.30038 0.409977 0.0 
0.883569 0.465668 0.0 
0.999905 -0.0138004 0.0 
0.878226 -0.478192 0.0 
0.997944 -0.064099 0.0 
-0.308119 -0.950517 0.0 
0.839192 -0.261349 0.0 
-0.419939 0.557515 0.0 
0.7093 -0.704897 0.0 
0.761388 0.647928 0.0 
0 0 0.0 
-0.116189 0.914865 0.0 
0.374045 -0.927025 0.0 
0.0979689 -0.991131 0.0 
0.999976 -0.00692682 0.0 
0.919684 0.39266 0.0 
0.998012 0.0621227 0.0 
0.968933 0.247325 0.0 
-0.29076 -0.955016 0.0 
0.999991 -0.00417749 0.0 
0.973286 -0.229596 0.0 
-0.534585 0.844652 0.0 
0 0 0.0 
0 0 0.0 
1 -0.000427388 0.0 
0.910517 -0.413471 0.0 
0.922146 0.310839 0.0 
0.594122 -0.769641 0.0 
0.976678 -0.21471 0.0 
0.983837 -0.177417 0.0 
0 0 0.0 
0 0 0.0 
0.825323 0.548025 0.0 
1 -0.000295611 0.0 
0.833187 -0.552893 0.0 
-0.999936 -0.00843375 0.0 
-0.177689 0.764322 0.0 
-0.891393 0.449517 0.0 
0.893218 -0.00146486 0.0 
0.728007 0.685557 0.0 
0.99914 0.0414561 0.0 
0.963103 -0.269134 0.0 
0.969689 -0.244341 0.0 
0.895785 -0.444481 0.0 
0 0 0.0 
0.572845 0.819662 0.0 
0 0 0.0 
0.733594 -0.242871 0.0 
0.999991 -0.0041804 0.0 
0.566748 0.823888 0.0 
0.999856 0.0169442 0.0 
0.53972 0.841828 0.0 
0.940507 -0.339773 0.0 
0 0 0.0 
0.997062 -0.0710127 0.0 
0 0 0.0 
0.898188 0.439161 0.0 
0.768537 0.428248 0.0 
0.76694 0.641703 0.0 
0.786591 -0.306079 0.0 
0.838791 0.516375 0.0 
0.97912 -0.203077 0.0 
0.933559 -0.281115 0.0 
0 0 0.0 
0 0 0.0 
0 0 0.0 
0.880501 0.474045 0.0 
0.999998 -0.00177284 0.0 
0.895571 0.44388 0.0 
0 0 0.0 
0.999988 0.00477865 0.0 
0.789007 0.614385 0.0 
0 0 0.0 
0.884761 -0.0155584 0.0 
0.984764 -0.172834 0.0 
0.992351 -0.116613 0.0 
0.999991 0.0037539 0.0 
0.860427 0.509446 0.0 
0.775808 0.630943 0.0 
0.496237 0.145105 0.0 
0.773413 0.633895 0.0 
0.811645 0.180874 0.0 
0.882216 -0.470684 0.0 
-0.531682 0.732 0.0 
0 0 0.0 
-0.257593 -0.962549 0.0 
0.96045 0.275857 0.0 
0.703036 -0.46927 0.0 
0 0 0.0 
0.978714 0.205044 0.0 
0 0 0.0 
-0.388612 0.921254 0.0 
0 0 0.0 
0.41355 -0.282094 0.0 
0.812319 0.58313 0.0 
0.092083 0.355396 0.0 
0.99998 -0.0061757 0.0 
-0.778578 -0.626376 0.0 
-0.168418 0.985438 0.0 
0 0 0.0 
0.192706 0.981236 0.0 
0.993435 -0.0923603 0.0 
0.258254 0.966062 0.0 
-0.281222 -0.959609 0.0 
0.995793 0.0916324 0.0 
0.963913 0.241099 0.0 
0.857392 -0.118523 0.0 
0.637445 -0.293969 0.0 
0.988404 -0.151612 0.0 
0.763123 -0.521062 0.0 
0.996397 -0.0829244 0.0 
0.882121 0.471022 0.0 
0.219542 -0.97557 0.0 
-0.866832 0.4986 0.0 
0.990642 -0.136487 0.0 
0.832707 0.553707 0.0 
-0.7639 0.642964 0.0 
0.749737 -0.428819 0.0 
0.999999 0.00149105 0.0 
0.999875 -0.0158191 0.0 
0.615493 0.767263 0.0 
0.950978 0.113387 0.0 
0.841059 -0.540928 0.0 
0.999998 -0.00210363 0.0 
0.891178 -0.453622 0.0 
0 0 0.0 
0.637447 0.770183 0.0 
0 0 0.0 
0.677343 -0.735085 0.0 
0.999997 0.00263762 0.0 
0.999999 -0.0010643 0.0 
0.699141 -0.385045 0.0 
0.999856 -0.0155207 0.0 
0.932223 -0.361107 0.0 
0.999991 -0.0041164 0.0 
0.999993 0.0036526 0.0 
0 0 0.0 
0.966849 -0.253347 0.0 
0.822729 -0.568425 0.0 
-0.770812 -0.613363 0.0 
0.195613 -0.923578 0.0 
0.999994 0.00281367 0.0 
0.586133 0.0611001 0.0 
0 0 0.0 
0.999423 0.0334695 0.0 
0.96322 -0.267213 0.0 
0.874427 0.485158 0.0 
0.991799 0.124396 0.0 
0.930805 0.00241988 0.0 
0.637678 -0.770303 0.0 
0.947127 0.318774 0.0 
-0.824389 -0.566024 0.0 
0.999998 -0.0018798 0.0 
-0.508116 0.861045 0.0 
0.832629 0.523653 0.0 
0.699223 0.117408 0.0 
-0.4949 0.694942 0.0 
0.933869 0.35761 0.0 
1 0.000296399 0.0 
0 0 0.0 
0 0 0.0 
0.938552 0.345127 0.0 
1 0 0.0 
0 0 0.0 
0.994966 0.100215 0.0 
-0.594223 0.804054 0.0 
0.916245 0.400597 0.0 
0.318589 0.362795 0.0 
-0.551092 0.834397 0.0 
0.989567 -0.144074 0.0 
1 0.000693672 0.0 
0.0236781 -0.56265 0.0 
0.949176 0.314535 0.0 
0 0 0.0 
-0.405512 0.810568 0.0 
0 0 0.0 
0.986701 0.161074 0.0 
0.988029 0.154256 0.0 
-0.496916 0.867779 0.0 
0.934523 0.179697 0.0 
0.859365 -0.508744 0.0 
0.0715416 0.488776 0.0 
0.981356 -0.19156 0.0 
0 0 0.0 
1 0.000716267 0.0 
-0.96083 -0.265611 0.0 
0.994371 -0.105812 0.0 
-0.581092 0.785721 0.0 
-0.587848 0.80771 0.0 
0.98019 0.19806 0.0 
0.999997 0.0017124 0.0 
0.0921877 0.629094 0.0 
0.994856 -0.100386 0.0 
0 0 0.0 
0.942151 -0.333795 0.0 
0 0 0.0 
0.793494 -0.608578 0.0 
0.884555 0.462195 0.0 
0.69008 -0.505353 0.0 
0 0 0.0 
-0.139273 0.990254 0.0 
0.999846 -0.0175334 0.0 
0.650728 0.759092 0.0 
0.878626 -0.0013695 0.0 
-0.203173 0.97906 0.0 
0 0 0.0 
0 0 0.0 
-0.597993 0.795215 0.0 
0.999993 -0.00385397 0.0 
0.697151 0.0089061 0.0 
0.06756 0.411759 0.0 
0.999999 0.00165752 0.0 
0.98787 0.153627 0.0 
-0.92358 0.382637 0.0 
0 0 0.0 
0.999992 -0.00405969 0.0 
0.12605 0.342365 0.0 
-0.999523 -0.00962542 0.0 
0 0 0.0 
0.820097 -0.53769 0.0 
0.956156 0.287551 0.0 
-0.227829 0.973638 0.0 
0.999954 0.00945142 0.0 
0 0 0.0 
0 0 0.0 
0.954964 0.295662 0.0 
-0.285128 0.957415 0.0 
-0.640679 0.767638 0.0 
0.977509 -0.209773 0.0 
0.998529 0.0331646 0.0 
0.993583 0.112916 0.0 
-0.468675 0.844516 0.0 
-0.29648 0.954287 0.0 
0.728424 0.684835 0.0 
0.993122 -0.117082 0.0 
0.704941 -0.687682 0.0 
0 0 0.0 
0.999923 -0.0123872 0.0 
0.999998 0.00116606 0.0 
0.984675 0.17276 0.0 
-0.507743 0.861508 0.0 
0.999988 0.00394448 0.0 
0.0870057 0.459923 0.0 
0.978736 -0.204269 0.0 
0.660331 -0.729341 0.0 
0.74413 -0.638607 0.0 
0.999946 -0.0104318 0.0 
0.999984 0.000803814 0.0 
0.152542 0.55095 0.0 
0.995711 0.0890945 0.0 
0.993152 0.112972 0.0 
0.270217 -0.957742 0.0 
0.722782 -0.689829 0.0 
0.999307 -0.0372265 0.0 
-0.999988 -0.00496526 0.0 
-0.299487 -0.954095 0.0 
0 0 0.0 
0 0 0.0 
0 0 0.0 
0.999981 -0.00609501 0.0 
0.923043 -0.384698 0.0 
0.448489 -0.00717538 0.0 
0.999997 0.00254895 0.0 
0.999981 0.00619686 0.0 
-0.337345 0.796561 0.0 
1 -0.000770248 0.0 
1 -6.65779e-05 0.0 
-0.159136 0.615252 0.0 
0 0 0.0 
0.672781 0.739842 0.0 
0.999638 -0.0269204 0.0 
0.364422 0.326609 0.0 
0.947515 -0.319195 0.0 
-0.429996 0.902039 0.0 
0.989814 0.142367 0.0 
0 0 0.0 
0.243717 0.615157 0.0 
0.954827 -0.296917 0.0 
0 0 0.0 
0.173992 0.446204 0.0 
0.998273 0.0587538 0.0 
0 0 0.0 
0.0421452 0.991735 0.0 
0.99997 0.00769329 0.0 
0.999974 0.00724443 0.0 
0.619104 0.781855 0.0 
1 -2.19899e-05 0.0 
0.77712 -0.0450738 0.0 
0.997946 -0.0570415 0.0 
-0.750182 0.650242 0.0 
0 0 0.0 
-0.579156 0.815186 0.0 
0.874405 0.485197 0.0 
0.176719 0.356338 0.0 
0.999997 -0.00261605 0.0 
0.955458 0.0161492 0.0 
0.715092 -0.152619 0.0 
0.999319 -0.0368209 0.0 
0.999212 0.0396803 0.0 
-0.448436 -0.893808 0.0 
0.99991 0.0022388 0.0 
0.843378 0.537317 0.0 
0.820183 0.571765 0.0 
0.954924 -0.296851 0.0 
-0.43772 0.899092 0.0 
0.979191 0.20294 0.0 
0.804345 0.592807 0.0 
0.430893 0.30611 0.0 
0.998349 0.0574386 0.0 
0.978665 -0.205294 0.0 
-0.486228 0.873407 0.0 
0.639684 0.764978 0.0 
0.998367 -0.0571219 0.0 
-0.431216 0.902247 0.0 
0.223808 0.447113 0.0 
-0.168853 0.985559 0.0 
-0.331706 0.845876 0.0 
0.951694 -0.243047 0.0 
0.889872 -0.456084 0.0 
0.993932 -0.109995 0.0 
0 0 0.0 
0.959521 0.281629 0.0 
0 0 0.0 
1 0.000135386 0.0 
1 4.12313e-05 0.0 
0.826097 0.563456 0.0 
-0.00837636 -0.94193 0.0 
0.625219 -0.78045 0.0 
0 0 0.0 
0.223808 0.447113 0.0 
0.991039 -0.129327 0.0 
0.9425 -0.332113 0.0 
-0.274936 -0.812253 0.0 
-0.225704 0.780378 0.0 
0.942702 0.333637 0.0 
0 0 0.0 
0 0 0.0 
-0.2838 0.801334 0.0 
0.457935 -0.88893 0.0 
0 0 0.0 
0.848967 0.0140574 0.0 
0 0 0.0 
0 0 0.0 
0.160798 0.986963 0.0 
0 0 0.0 
0 0 0.0 
0.996589 0.0818018 0.0 
0.894218 0.447632 0.0 
0.999333 0.036394 0.0 
0.827472 -0.55728 0.0 
-0.191489 0.981495 0.0 
0 0 0.0 
0.951392 -0.307982 0.0 
0.896964 0.442058 0.0 
0 0 0.0 
-0.321314 0.946959 0.0 
0.974818 -0.221532 0.0 
0.999999 0.000907383 0.0 
0 0 0.0 
-0.176486 0.977587 0.0 
-0.144002 0.854426 0.0 
0.223645 0.345324 0.0 
0.97226 -0.231863 0.0 
0.184806 0.270059 0.0 
0 0 0.0 
0.999988 -0.00222292 0.0 
-0.132822 0.991097 0.0 
0.938722 -0.344639 0.0 
0.965759 -0.259441 0.0 
-0.164895 0.986284 0.0 
-0.347762 -0.937559 0.0 
0.950016 -0.31219 0.0 
0.739475 -0.672132 0.0 
0.999358 0.0264206 0.0 
0.678281 -0.22603 0.0 
0 0 0.0 
0.998565 0.0526205 0.0 
-0.749187 -0.651558 0.0 
0.999962 0.00875523 0.0 
0.294109 0.370396 0.0 
0.918624 0.395089 0.0 
0.999994 -0.00352649 0.0 
0 0 0.0 
0 0 0.0 
0.721178 -0.393967 0.0 
-0.188384 0.982082 0.0 
0.341469 0.808268 0.0 
0.999999 -0.00124445 0.0 
0.225939 0.973313 0.0 
-0.462327 -0.885122 0.0 
0.697715 0.00370652 0.0 
0.999991 -0.00415577 0.0 
0.308071 0.317447 0.0 
0.331701 0.326527 0.0 
0.984572 0.17055 0.0 
0.997303 0.0728238 0.0 
0.999184 -0.0400826 0.0 
0.996993 0.000998306 0.0 
0 0 0.0 
0.999875 -0.015761 0.0 
-0.327246 0.943767 0.0 
0 0 0.0 
-0.297021 0.954346 0.0 
0.838296 -0.544348 0.0 
0.999047 0.0431732 0.0 
-0.823553 0.560509 0.0 
0 0 0.0 
-0.957579 -0.28107 0.0 
0 0 0.0 
0 0 0.0 
0.999982 -0.00592765 0.0 
0.226696 -0.973951 0.0 
0.375144 0.926566 0.0 
0.77767 -0.628659 0.0 
0.965802 -0.258499 0.0 
0.996768 -0.0803295 0.0 
0.497579 -0.867418 0.0 
-0.11696 -0.96078 0.0 
0.995533 0.0942599 0.0 
0 0 0.0 
0 0 0.0 
0.884567 0.463809 0.0 
0.999999 0.00114103 0.0 
0.399547 0.300603 0.0 
0.957658 0.284105 0.0 
0.999994 -0.00330283 0.0 
0.999318 0.0360502 0.0 
0.918539 -0.395277 0.0 
0.815403 -0.578894 0.0 
0 0 0.0 
0.679658 0.730988 0.0 
-0.436036 0.899452 0.0 
-0.0721504 0.59622 0.0 
-0.400004 0.667898 0.0 
0.941963 0.330332 0.0 
0 0 0.0 
0.3187 0.221189 0.0 
-0.130945 -0.889274 0.0 
0 0 0.0 
0.834465 -0.372679 0.0 
-0.255246 -0.966867 0.0 
0 0 0.0 
0 0 0.0 
0.999976 -0.00641069 0.0 
-0.215645 0.424096 0.0 
-0.333079 -0.622301 0.0 
-0.173991 -0.821635 0.0 
1 0.000698693 0.0 
0.988209 0.152668 0.0 
0.999994 0.00344729 0.0 
0 0 0.0 
0.867892 -0.496754 0.0 
0.914506 -0.404572 0.0 
0.486837 0.225832 0.0 
0.402354 0.156543 0.0 
0.272626 0.96205 0.0 
0.906458 -0.421927 0.0 
0.426544 0.287127 0.0 
0.864719 -0.502256 0.0 
0.829242 -0.55889 0.0 
0.99939 0.0348107 0.0 
0.239454 -0.970908 0.0 
0.999996 0.00275658 0.0 
0.374923 0.209525 0.0 
0.980813 -0.194541 0.0 
0.982789 -0.183976 0.0 
0 0 0.0 
0.309965 0.13906 0.0 
0 0 0.0 
0.341486 0.164822 0.0 
1 -8.85156e-06 0.0 
0.731688 0.68161 0.0 
-0.246978 -0.969014 0.0 
0.555187 0.213662 0.0 
-0.147522 -0.983315 0.0 
0 0 0.0 
0.970661 -0.235788 0.0 
-0.225572 -0.974226 0.0 
-0.231765 -0.445834 0.0 
0 0 0.0 
0.997818 0.056749 0.0 
0 0 0.0 
0 0 0.0 
-0.231518 -0.972827 0.0 
0 0 0.0 
-0.222763 -0.97487 0.0 
1 0.000951136 0.0 
0.401234 0.298347 0.0 
0.999239 0.0165603 0.0 
0.748443 -0.663198 0.0 
0.896512 -0.438426 0.0 
0.969356 -0.00227903 0.0 
-0.372565 -0.885193 0.0 
0.989411 0.141792 0.0 
0.988049 0.154141 0.0 
0.693957 -0.435598 0.0 
0.99075 0.119176 0.0 
0.080831 -0.996594 0.0 
0.999931 0.0117308 0.0 
0.968269 -0.246539 0.0 
0.883122 0.469142 0.0 
0.483907 0.149749 0.0 
0 0 0.0 
0 0 0.0 
0.802408 0.59657 0.0 
0 0 0.0 
0.998851 -0.0218901 0.0 
0.978504 0.194764 0.0 
0 0 0.0 
0.999058 0.0434055 0.0 
0.817939 -0.575305 0.0 
0.992678 0.117087 0.0 
-0.28041 -0.845394 0.0 
-0.306355 0.951885 0.0 
0.643377 -0.765547 0.0 
0 0 0.0 
1 0.000307031 0.0 
0.995756 -0.0908152 0.0 
-0.575701 -0.817654 0.0 
0.963591 0.265495 0.0 
0.969794 0.238757 0.0 
0.108961 -0.994046 0.0 
0.388073 -0.0859123 0.0 
0.496993 -0.247623 0.0 
0.998612 0.0526711 0.0 
0.999979 0.00576235 0.0 
0.890848 0.448998 0.0 
0.607315 0.792448 0.0 
0.592396 -0.805646 0.0 
0.999999 -0.00130706 0.0 
0.995873 -0.090716 0.0 
0.99996 -0.00894257 0.0 
0.991078 0.131183 0.0 
-0.358428 -0.79668 0.0 
-0.451582 -0.89223 0.0 
0.990441 0.137934 0.0 
0.988002 0.132665 0.0 
0.980897 0.194528 0.0 
0.99832 -0.0579333 0.0 
0.999142 -0.0292922 0.0 
0.988889 0.148511 0.0 
0 0 0.0 
0.99975 0.0194182 0.0 
-0.404076 -0.914712 0.0 
0.505624 0.126606 0.0 
-0.375815 -0.629046 0.0 
0.771966 0.635663 0.0 
0.993222 0.116231 0.0 
0 0 0.0 
0.999999 0.00101259 0.0 
0.995554 -0.0935534 0.0 
0 0 0.0 
0.601933 -0.798515 0.0 
0.487496 0.11112 0.0 
0 0 0.0 
0.8036 -0.587428 0.0 
1 -0.000184571 0.0 
0.697034 -0.71702 0.0 
0.933638 -0.358199 0.0 
0.990641 -0.136372 0.0 
-0.517811 -0.759488 0.0 
0.999755 -0.0219962 0.0 
0.997386 -0.0716086 0.0 
0.945768 -0.0207105 0.0 
0.975536 0.0230298 0.0 
0.928484 -0.370501 0.0 
0.792004 -0.610515 0.0 
0.996447 0.0842184 0.0 
0 0 0.0 
0 0 0.0 
-0.881274 -0.47018 0.0 
0.48639 -0.663435 0.0 
-0.153312 -0.988175 0.0 
0.687756 -0.72593 0.0 
-0.936628 0.348919 0.0 
-0.571506 -0.820525 0.0 
0.914417 0.403218 0.0 
0.661455 -0.749985 0.0 
0.423901 0.0804204 0.0 
-0.406511 -0.670379 0.0 
0.721398 -0.692521 0.0 
0.48438 -0.874825 0.0 
0.247639 -0.870925 0.0 
0.578774 0.815385 0.0 
0.409345 0.0721049 0.0 
0 0 0.0 
0 0 0.0 
0 0 0.0 
0.999977 0.00671068 0.0 
0.815732 0.255559 0.0 
0.639368 -0.7689 0.0 
-0.338792 0.102548 0.0 
0.832294 -0.553247 0.0 
0.826657 0.562667 0.0 
0.36167 0.9323 0.0 
0.590479 -0.80629 0.0 
0.523434 -0.852062 0.0 
0.896281 -0.443487 0.0 
0.989028 -0.147494 0.0 
0 0 0.0 
0.619233 0.42133 0.0 
0.92697 0.277284 0.0 
0 0 0.0 
0.587959 -0.579425 0.0 
0.996142 0.0705236 0.0 
0 0 0.0 
0.999895 0.0144729 0.0 
0.702883 -0.711306 0.0 
0.957623 -0.286437 0.0 
0.999227 0.039021 0.0 
0.999899 -0.0129886 0.0 
0.926087 -0.377311 0.0 
0.808976 0.587019 0.0 
0.9718 -0.235808 0.0 
0.447258 0.890283 0.0 
0.790311 0.612643 0.0 
0.994454 0.105171 0.0 
0.550489 0.0337701 0.0 
0 0 0.0 
0 0 0.0 
0.473223 0.0214908 0.0 
0 0 0.0 
0.999988 0.00493426 0.0 
0 0 0.0 
1 0.000324486 0.0 
0.666244 0.745107 0.0 
0.582082 -0.813075 0.0 
0.933266 -0.0018386 0.0 
0.924025 0.381413 0.0 
0.903373 -0.428654 0.0 
0.999999 0.00157269 0.0 
0 0 0.0 
0.999272 -0.000951745 0.0 
0.505845 -0.862622 0.0 
0.987181 0.159603 0.0 
0 0 0.0 
0.980619 0.189836 0.0 
0.895656 0.44286 0.0 
0.867374 0.49638 0.0 
0.79736 0.351545 0.0 
0.97279 0.231659 0.0 
0.774011 0.633156 0.0 
0 0 0.0 
0.727973 0.685606 0.0 
0.462051 -0.886853 0.0 
0.999996 0.00268007 0.0 
0.702868 0.583615 0.0 
0.36932 0.000865991 0.0 
0.800748 0.557232 0.0 
0 0 0.0 
0 0 0.0 
0.999496 0.0317501 0.0 
0.488541 0.00732413 0.0 
-0.666369 0.725027 0.0 
0.790489 0.612476 0.0 
0.40527 0.00383389 0.0 
0.323142 0.768643 0.0 
0.999993 0.0036305 0.0 
0.940257 -0.339607 0.0 
0.477903 -0.87662 0.0 
0.982114 0.187947 0.0 
0.372733 0.922251 0.0 
0.863776 -0.500728 0.0 
0.427706 -0.903916 0.0 
0.692168 -0.0299623 0.0 
0.999973 -0.00733405 0.0 
0.947277 0.319615 0.0 
0.943597 -0.330978 0.0 
0 0 0.0 
0.942103 -0.333286 0.0 
0.758387 0.651804 0.0 
0.999862 0.0163904 0.0 
-0.0939703 -0.995575 0.0 
0 0 0.0 
0.283498 0.83508 0.0 
0.968694 0.248257 0.0 
0.807153 -0.589259 0.0 
0.966647 0.255528 0.0 
0.999987 -0.00516677 0.0 
0.503245 -0.0375834 0.0 
-0.999287 0.0300727 0.0 
0.958388 0.285069 0.0 
-0.448222 -0.893922 0.0 
0.786187 0.0569713 0.0 
0 0 0.0 
-0.998909 0.0417246 0.0 
0.924462 0.00462622 0.0 
0.995988 -0.0721609 0.0 
0.18431 -0.95386 0.0 
0.999996 -0.00235938 0.0 
0 0 0.0 
1 0 0.0 
0 0 0.0 
0.950494 0.310081 0.0 
0.999904 -0.0138301 0.0 
0.149535 -0.988753 0.0 
0.999953 -0.00724184 0.0 
0.778943 -0.627092 0.0 
0.999996 -0.00290351 0.0 
0.404086 0.874532 0.0 
0.998421 0.0556501 0.0 
0.899684 0.43628 0.0 
0.473169 -0.880961 0.0 
0.991582 0.129261 0.0 
0.983169 -0.180988 0.0 
0.999434 -0.0327796 0.0 
0.892064 0.450684 0.0 
0.999538 -0.0300738 0.0 
0.417489 -0.908681 0.0 
0 0 0.0 
0.226605 0.973985 0.0 
0 0 0.0 
0.971695 0.234735 0.0 
0.999993 -0.00376538 0.0 
0.442279 -0.0497243 0.0 
0 0 0.0 
0.997877 -0.0651284 0.0 
0.999996 0.000408988 0.0 
0.993194 0.11538 0.0 
0.980876 0.194632 0.0 
0 0 0.0 
0.421781 -0.906697 0.0 
0.492026 -0.31716 0.0 
-0.577975 0.814938 0.0 
-0.169124 -0.985496 0.0 
-0.348362 -0.912053 0.0 
0.913869 -0.406009 0.0 
0 0 0.0 
0 0 0.0 
0.999999 -0.00108088 0.0 
0.900514 -0.433992 0.0 
0.831172 0.556015 0.0 
0.999857 0.0169217 0.0 
0.999984 0.0051801 0.0 
0.892798 -0.4497 0.0 
0.146015 0.989281 0.0 
0.93207 0.362279 0.0 
0.97357 -0.228384 0.0 
0.985634 -0.168558 0.0 
0.133571 0.942242 0.0 
0.996821 -0.0697083 0.0 
-0.27825 -0.960283 0.0 
0.992315 0.122946 0.0 
0.930946 0.365044 0.0 
0.940318 -0.339682 0.0 
0.125767 0.988671 0.0 
0.209954 -0.573349 0.0 
0 0 0.0 
0.999494 -0.0294794 0.0 
0.990244 0.139049 0.0 
0.999993 -0.00377175 0.0 
0.402493 -0.915395 0.0 
0.992513 -0.121348 0.0 
0.999998 0.00181784 0.0 
0 0 0.0 
0 0 0.0 
-0.85098 -0.524676 0.0 
0.600115 -0.799429 0.0 
0 0 0.0 
-0.442234 -0.8969 0.0 
0.176214 -0.916935 0.0 
0.984395 -0.162154 0.0 
-0.305923 -0.951887 0.0 
0.361947 -0.932113 0.0 
1 -0.000291579 0.0 
0 0 0.0 
0.928879 0.127832 0.0 
0.998889 -0.0395983 0.0 
0.739508 0.673148 0.0 
0.605777 0.230248 0.0 
0.83938 -0.543468 0.0 
-0.992962 -0.0894424 0.0 
0 0 0.0 
0 0 0.0 
0 0 0.0 
0.999876 0.0157774 0.0 
-0.614495 -0.787918 0.0 
0 0 0.0 
0 0 0.0 
0.632658 0.243442 0.0 
0.677863 0.735082 0.0 
0.999817 -0.0191079 0.0 
-0.933548 0.356698 0.0 
0.988835 0.147129 0.0 
-0.751326 -0.611172 0.0 
0.941423 0.334502 0.0 
-0.833447 0.439552 0.0 
0.928403 0.312484 0.0 
0.8946 0.00534076 0.0 
0.172714 0.984905 0.0 
0.98214 -0.188072 0.0 
0.447996 -0.229936 0.0 
0.999758 0.0181428 0.0 
0 0 0.0 
0 0 0.0 
-0.968157 -0.130054 0.0 
0.980388 0.197064 0.0 
0.99237 0.114176 0.0 
0.486554 -0.262502 0.0 
0.183099 0.983055 0.0 
-0.581281 0.772433 0.0 
-0.326799 0.945093 0.0 
0.85508 0.517571 0.0 
0.202515 0.979274 0.0 
0.977245 0.126098 0.0 
0.385092 -0.198917 0.0 
0.219794 0.975535 0.0 
0.433461 -0.0153159 0.0 
0.389809 -0.883449 0.0 
0.218988 -0.848375 0.0 
0.242114 0.97001 0.0 
0 0 0.0 
0.186536 -0.817689 0.0 
0.992505 0.122142 0.0 
0.304587 -0.20351 0.0 
0.500231 -0.333331 0.0 
0.978001 0.192195 0.0 
0.413494 -0.302863 0.0 
0.325256 -0.206 0.0 
0.968632 0.196143 0.0 
-0.985569 0.168862 0.0 
-0.356097 -0.934419 0.0 
0.993988 0.0587014 0.0 
0 0 0.0 
0.173234 -0.908916 0.0 
0 0 0.0 
0.826559 -0.00116342 0.0 
0 0 0.0 
0.824512 -0.475832 0.0 
0.483757 -0.874807 0.0 
0.806936 0.590639 0.0 
0.999914 0.00367503 0.0 
0.827223 -0.102753 0.0 
-0.513235 0.858248 0.0 
0.530274 0.845132 0.0 
0.974164 -0.101459 0.0 
0 0 0.0 
-0.621687 -0.781426 0.0 
0.807074 -0.000497726 0.0 
1 0.000393327 0.0 
-0.274315 -0.96164 0.0 
0 0 0.0 
0.99155 0.000632797 0.0 
0.885529 0.0110773 0.0 
0.999515 -0.0309716 0.0 
-0.365397 -0.93014 0.0 
0.167214 -0.985921 0.0 
0.902122 -0.431481 0.0 
-0.462956 0.886294 0.0 
-0.374684 0.489099 0.0 
0.899162 -0.43747 0.0 
-0.996013 -0.0888132 0.0 
0.994132 -0.0548705 0.0 
0.390398 -0.920382 0.0 
0 0 0.0 
0.999998 0.00191196 0.0 
0.999008 -0.0439097 0.0 
-0.38809 -0.921439 0.0 
0.867365 -0.497535 0.0 
0.992999 -0.117898 0.0 
0 0 0.0 
0.999335 -0.036457 0.0 
0.996072 -0.0885465 0.0 
0.707324 -0.338895 0.0 
-0.34629 0.938104 0.0 
0 0 0.0 
0.310759 -0.0289787 0.0 
0.971857 0.233828 0.0 
0.241739 -0.970339 0.0 
0.904909 0.425604 0.0 
0.999999 -0.000288633 0.0 
0.171025 -0.952707 0.0 
0.234649 -0.97208 0.0 
0.924845 -0.349513 0.0 
0.89655 -0.264486 0.0 
0.582829 -0.812565 0.0 
-0.539183 -0.841248 0.0 
-0.185743 0.412393 0.0 
-0.899988 0.435914 0.0 
0.85252 -0.522694 0.0 
0 0 0.0 
-0.341718 -0.939784 0.0 
0 0 0.0 
-0.502124 -0.864666 0.0 
0.545389 0.838183 0.0 
-0.593972 -0.7979 0.0 
0.998112 -0.0612023 0.0 
-0.264633 -0.964349 0.0 
0.828942 -0.558857 0.0 
-0.30801 0.409352 0.0 
0 0 0.0 
0.872079 -0.489365 0.0 
0.73794 -0.305996 0.0 
0 0 0.0 
0.838729 0.54455 0.0 
0.15556 -0.987819 0.0 
0.469254 0.883057 0.0 
0.988905 -0.148552 0.0 
0.676907 0.736068 0.0 
0.413943 -0.910301 0.0 
-0.39202 0.919954 0.0 
-0.223836 0.440272 0.0 
-0.0827131 0.374044 0.0 
-0.199714 0.418573 0.0 
0.89204 -0.451887 0.0 
0.867204 -0.497426 0.0 
0.681477 0.731598 0.0 
0.984205 -0.177031 0.0 
0.967656 -0.252227 0.0 
-0.514648 -0.857401 0.0 
-0.368135 -0.929756 0.0 
0.900283 -0.435306 0.0 
0 0 0.0 
0.804828 0.593181 0.0 
0.854906 0.518748 0.0 
-0.232686 0.97252 0.0 
-0.268061 0.526396 0.0 
0.142732 -0.989725 0.0 
0.964915 -0.262535 0.0 
0.35439 0.935089 0.0 
-0.266747 0.963767 0.0 
0 0 0.0 
0.972854 0.229071 0.0 
0.967765 -0.243608 0.0 
0.197053 0.864131 0.0 
-0.996886 -0.0626888 0.0 
-0.162744 -0.986639 0.0 
0.860343 0.508879 0.0 
0.895131 0.445738 0.0 
-0.523021 0.85232 0.0 
0.84594 -0.533277 0.0 
0.674741 -0.738055 0.0 
0.570777 0.8211 0.0 
-0.10869 0.521958 0.0 
0.89698 -0.442014 0.0 
0 0 0.0 
-0.332856 -0.942952 0.0 
-0.174808 0.48531 0.0 
-0.10997 0.321884 0.0 
0.457571 0.889173 0.0 
0.447382 -0.893631 0.0 
0.754736 0.631272 0.0 
0.510168 -0.859393 0.0 
0 0 0.0 
0.590478 -0.447652 0.0 
0.733073 -0.343257 0.0 
-0.156322 0.475053 0.0 
-0.38714 0.904122 0.0 
-0.213238 -0.976143 0.0 
0 0 0.0 
0.995644 -0.0852552 0.0 
0.846894 -0.437366 0.0 
-0.998851 0.0456347 0.0 
0.786898 -0.413533 0.0 
0.784626 -0.619969 0.0 
-0.310647 -0.95032 0.0 
-0.460276 -0.885212 0.0 
0.23002 -0.88621 0.0 
0 0 0.0 
-0.141927 0.761188 0.0 
0.868316 -0.496007 0.0 
0.765739 0.378742 0.0 
-0.976808 -0.211449 0.0 
0.985148 -0.171706 0.0 
-0.139599 0.503387 0.0 
-0.0861287 0.39009 0.0 
0.997321 0.0720565 0.0 
0.981941 0.188336 0.0 
0.2566 -0.966513 0.0 
-0.495191 -0.868784 0.0 
0 0 0.0 
0.998374 0.0390758 0.0 
0.395875 -0.634748 0.0 
-0.669677 -0.741129 0.0 
-0.131407 0.574892 0.0 
0.466862 -0.884227 0.0 
0.79411 0.580108 0.0 
0.999897 0.00418182 0.0 
0.99892 -0.0417663 0.0 
0 0 0.0 
0.0888374 0.986399 0.0 
-0.315303 0.948991 0.0 
0.973414 -0.228865 0.0 
0.550212 0.835025 0.0 
0.998107 0.0375198 0.0 
0.415012 0.807504 0.0 
0.66499 -0.602827 0.0 
0.815434 -0.578847 0.0 
0.628786 0.777579 0.0 
1 0 0.0 
0.656623 -0.56919 0.0 
0.982314 -0.187243 0.0 
0.997236 -0.064076 0.0 
-0.342319 0.93948 0.0 
0.408901 0.392705 0.0 
0 0 0.0 
0 0 0.0 
0.918477 0.395475 0.0 
0.829725 0.555284 0.0 
0.977271 0.201684 0.0 
-0.0725906 0.403517 0.0 
-0.991769 -0.127798 0.0 
0.487458 0.87269 0.0 
0.455277 -0.828113 0.0 
-0.616074 0.786605 0.0 
0 0 0.0 
0.93417 -0.356796 0.0 
0.582945 -0.731347 0.0 
0.991696 0.128227 0.0 
-0.79292 -0.605274 0.0 
0.657382 -0.753558 0.0 
0 0 0.0 
-0.199638 0.97987 0.0 
0.23234 -0.464873 0.0 
0.993417 -0.114557 0.0 
0.861506 0.506697 0.0 
0.981738 0.187745 0.0 
-0.355523 -0.934445 0.0 
0.949253 -0.314512 0.0 
0.992911 0.115176 0.0 
1 -0.000701667 0.0 
0.40016 -0.916101 0.0 
0.966719 -0.253892 0.0 
-0.247921 -0.968525 0.0 
0.939524 -0.342482 0.0 
0 0 0.0 
-0.998752 0.0476641 0.0 
0.982958 -0.165774 0.0 
0.926683 -0.375843 0.0 
-0.326417 -0.945226 0.0 
0.837622 0.546109 0.0 
-0.315166 -0.922021 0.0 
0 0 0.0 
0 0 0.0 
0.992284 -0.123988 0.0 
-0.072421 0.492973 0.0 
-0.79085 -0.61201 0.0 
0.733711 -0.679452 0.0 
-0.0714099 0.551225 0.0 
0.960059 -0.279797 0.0 
0.370653 -0.715716 0.0 
-0.0390807 -0.998431 0.0 
0.954909 0.296898 0.0 
-0.917333 -0.392067 0.0 
0.604344 -0.725776 0.0 
0.895929 -0.44371 0.0 
-0.0716562 -0.534758 0.0 
0.327336 -0.944908 0.0 
-0.589918 0.805285 0.0 
0.915505 -0.401459 0.0 
-0.89651 -0.416717 0.0 
-0.590467 -0.804871 0.0 
0.873544 -0.486141 0.0 
0.627719 -0.680538 0.0 
0.954237 -0.29732 0.0 
0.438135 0.896548 0.0 
0.2764 -0.957183 0.0 
-0.960251 0.261402 0.0 
0.88274 0.469862 0.0 
0.938358 0.341333 0.0 
0.794537 -0.607156 0.0 
0.702712 -0.711468 0.0 
0.763036 -0.646167 0.0 
0.538905 -0.806955 0.0 
-0.68974 -0.723487 0.0 
-0.337992 -0.94114 0.0 
-0.778173 -0.608799 0.0 
-0.478521 0.875381 0.0 
-0.0720845 -0.52743 0.0 
-0.319308 -0.635801 0.0 
0.445574 -0.895236 0.0 
-0.639411 -0.767833 0.0 
-0.452301 -0.890875 0.0 
-0.618763 0.785578 0.0 
0.449496 -0.89323 0.0 
0.839926 -0.540279 0.0 
-0.221473 0.975082 0.0 
-0.902953 0.427317 0.0 
0.539626 -0.660125 0.0 
0.549309 -0.828675 0.0 
-0.102961 -0.535704 0.0 
-0.996544 -0.083068 0.0 
-0.386037 0.922439 0.0 
0.993207 -0.116363 0.0 
0.944884 0.326948 0.0 
0.911642 0.410986 0.0 
-0.321131 -0.946876 0.0 
0.998402 -0.0549662 0.0 
0.985019 0.171145 0.0 
0.653131 -0.757245 0.0 
-0.66114 -0.749626 0.0 
0.953457 -0.298495 0.0 
0.721596 -0.507162 0.0 
0.999959 -0.00903837 0.0 
0 0 0.0 
0 0 0.0 
-0.951617 -0.307286 0.0 
-0.267269 0.963622 0.0 
0.938279 -0.345878 0.0 
-0.69372 0.717702 0.0 
0.999341 -0.0242307 0.0 
0.979165 0.198522 0.0 
0 0 0.0 
0.727538 -0.686067 0.0 
0.962273 -0.271416 0.0 
0.61659 0.784639 0.0 
0 0 0.0 
-0.711898 -0.702282 0.0 
0.593091 -0.760678 0.0 
0.684459 -0.729051 0.0 
0.992589 0.121522 0.0 
0 0 0.0 
0 0 0.0 
0.64811 -0.761544 0.0 
-0.392419 -0.919666 0.0 
0.951294 0.308286 0.0 
-0.93585 0.352399 0.0 
-0.118252 -0.510625 0.0 
-0.521043 -0.853129 0.0 
0.69346 -0.720495 0.0 
0.350688 -0.555465 0.0 
0.232951 -0.972489 0.0 
0.876587 -0.479204 0.0 
-0.382591 0.922045 0.0 
0.999997 -0.00141125 0.0 
0.911192 0.411982 0.0 
-0.863109 -0.505018 0.0 
-0.110924 -0.487541 0.0 
0.999929 -0.0110874 0.0 
-0.535208 -0.84472 0.0 
0.999986 -0.00519699 0.0 
0 0 0.0 
-0.548221 -0.77626 0.0 
0.862214 0.506302 0.0 
-0.434458 0.900692 0.0 
0.767151 0.634666 0.0 
-0.386247 0.922316 0.0 
-0.999886 0.015098 0.0 
0.591265 0.805712 0.0 
-0.834372 -0.551202 0.0 
-0.171193 -0.626541 0.0 
-0.279439 -0.95879 0.0 
0 0 0.0 
-0.941868 -0.335983 0.0 
0.999834 -0.0104724 0.0 
0.515055 -0.857154 0.0 
0.531788 0.845845 0.0 
-0.146286 -0.4904 0.0 
-0.992853 0.119347 0.0 
-0.381895 -0.924206 0.0 
-0.231819 0.970868 0.0 
-0.0156509 0.992338 0.0 
0.464222 -0.885719 0.0 
0.894978 0.444723 0.0 
0.798139 0.599798 0.0 
-0.200627 -0.711861 0.0 
0.933465 -0.358376 0.0 
0.998802 0.0489355 0.0 
0.34034 -0.913772 0.0 
0.939684 0.341726 0.0 
0.988472 0.0986809 0.0 
0.636742 0.770551 0.0 
0.917604 0.395652 0.0 
0.692639 -0.697626 0.0 
-0.208195 0.978087 0.0 
-0.25301 -0.680333 0.0 
0.842266 -0.539063 0.0 
0.715172 0.69879 0.0 
-0.151722 -0.481438 0.0 
0 0 0.0 
0.913547 0.406733 0.0 
0 0 0.0 
0.981977 -0.187954 0.0 
0.220181 -0.873104 0.0 
0.448734 0.893665 0.0 
-0.273302 -0.626654 0.0 
-0.753769 -0.650085 0.0 
0.0248884 -0.995427 0.0 
0.936369 -0.351017 0.0 
-0.201146 -0.467917 0.0 
0.280206 -0.95929 0.0 
0 0 0.0 
0.92419 0.381932 0.0 
-0.198196 -0.393664 0.0 
-0.983242 0.176965 0.0 
0.378056 0.923683 0.0 
0.472697 0.881225 0.0 
-0.507328 0.860689 0.0 
-0.180842 -0.40196 0.0 
0.99826 -0.0589724 0.0 
0.739414 0.668954 0.0 
0.953748 0.300153 0.0 
-0.224371 -0.511074 0.0 
0 0 0.0 
0.997993 0.0590396 0.0 
0.469352 -0.883011 0.0 
0 0 0.0 
0.999998 0.00190028 0.0 
0.888753 0.458387 0.0 
-0.996151 0.0872115 0.0 
0.997395 -0.0721361 0.0 
-0.166853 -0.340228 0.0 
0.808686 0.586779 0.0 
-0.920573 0.380565 0.0 
0.990239 0.137781 0.0 
-0.42196 -0.906414 0.0 
0.995647 0.0885754 0.0 
0.999322 -0.035474 0.0 
0.674286 -0.718889 0.0 
0.987728 0.156041 0.0 
-0.212522 -0.419718 0.0 
0.349692 -0.719873 0.0 
-0.941017 -0.33582 0.0 
0.960987 0.276595 0.0 
-0.332747 -0.941912 0.0 
-0.0640518 0.996242 0.0 
0.49517 0.868796 0.0 
-0.991197 0.129967 0.0 
-0.326783 -0.567034 0.0 
-0.179365 -0.353472 0.0 
0.985559 0.162375 0.0 
0.707667 -0.696486 0.0 
-0.153926 -0.938706 0.0 
0.161966 -0.892189 0.0 
-0.253819 -0.425875 0.0 
-0.0665431 0.997784 0.0 
-0.502287 0.864294 0.0 
0 0 0.0 
0.960688 0.276627 0.0 
-0.398335 -0.91724 0.0 
0.407255 0.911877 0.0 
-0.721057 0.663488 0.0 
0 0 0.0 
-0.2323 0.932014 0.0 
-0.254945 -0.373845 0.0 
-0.124771 -0.992186 0.0 
-0.276461 0.961025 0.0 
0.338427 0.940564 0.0 
-0.931875 -0.351316 0.0 
0 0 0.0 
0 0 0.0 
0.442652 0.896693 0.0 
0.997752 -0.0670117 0.0 
0.941732 0.336364 0.0 
0.511217 -0.787316 0.0 
0.462328 0.886709 0.0 
-0.138473 -0.990366 0.0 
-0.253649 -0.361669 0.0 
0.944496 0.325154 0.0 
-0.363311 0.557428 0.0 
0.89016 0.455649 0.0 
-0.327924 -0.464412 0.0 
0.964525 -0.26171 0.0 
0.313323 -0.949644 0.0 
0 0 0.0 
-0.966438 -0.14593 0.0 
0.995694 -0.0862432 0.0 
1 -8.19762e-05 0.0 
0.999739 -0.0225905 0.0 
0.49425 0.86932 0.0 
0.440378 0.897765 0.0 
-0.430755 0.617779 0.0 
0.975756 -0.21431 0.0 
-0.437084 -0.899421 0.0 
0 0 0.0 
-0.316444 0.948611 0.0 
0 0 0.0 
0.996718 -0.0809499 0.0 
0.422133 -0.906532 0.0 
0.253344 -0.791354 0.0 
0.809392 0.541249 0.0 
-0.197783 -0.980167 0.0 
0.960953 -0.273543 0.0 
0.999929 0.000406006 0.0 
-0.150009 -0.988685 0.0 
-0.230173 0.969188 0.0 
0.996656 -0.0809296 0.0 
0.324783 0.226726 0.0 
-0.497533 0.867445 0.0 
0 0 0.0 
0.920319 -0.391168 0.0 
0 0 0.0 
-0.0104769 -0.29742 0.0 
-0.794183 -0.607679 0.0 
0.0419456 0.992645 0.0 
0.949206 0.0780819 0.0 
0.559878 0.824965 0.0 
0 0 0.0 
0.999993 -0.00372876 0.0 
0.993367 -0.114251 0.0 
0.637236 -0.226536 0.0 
0.999998 -0.00101124 0.0 
0.99999 -0.00450073 0.0 
0.390004 -0.913135 0.0 
0.420538 -0.907275 0.0 
-0.999962 -0.00824268 0.0 
0.229202 -0.930237 0.0 
0.349536 0.272057 0.0 
0.379474 -0.925164 0.0 
0.541552 0.838867 0.0 
0.999932 0.00177401 0.0 
0 0 0.0 
0.999999 0.00154167 0.0 
0.454645 0.116949 0.0 
0.394882 0.324003 0.0 
0.879828 -0.475291 0.0 
0.969583 -0.244765 0.0 
0.999997 0.00232702 0.0 
0.450546 0.892753 0.0 
-0.26025 0.965528 0.0 
0.999995 -0.0031143 0.0 
0.361582 0.295459 0.0 
0.379194 0.325902 0.0 
0.999985 0.0055361 0.0 
0.988755 -0.149544 0.0 
0.999961 0.0085441 0.0 
-0.600638 -0.793011 0.0 
0.999995 0.00320933 0.0 
0.92069 0.390295 0.0 
-0.185306 -0.980465 0.0 
0 0 0.0 
0.488934 0.872306 0.0 
0.36749 -0.930005 0.0 
-0.950226 -0.301034 0.0 
0.360466 -0.319406 0.0 
0 0 0.0 
0.504106 -0.863642 0.0 
0.977337 0.210215 0.0 
0.999988 0.0049703 0.0 
0.398562 0.212027 0.0 
0.395328 0.915104 0.0 
0.999733 -0.0216761 0.0 
0.880673 0.473725 0.0 
-0.40263 -0.911096 0.0 
0.827554 -0.561367 0.0 
0.992166 -0.11573 0.0 
-0.212237 -0.977218 0.0 
0.997599 0.0542131 0.0 
0.995932 0.0889947 0.0 
0.999009 0.0276538 0.0 
-0.130405 0.990473 0.0 
0.399905 0.178457 0.0 
0 0 0.0 
0.44391 0.230096 0.0 
0.23292 -0.767877 0.0 
0.996615 -0.0822134 0.0 
-0.993187 -0.11119 0.0 
0.990651 -0.114323 0.0 
0.372672 0.163432 0.0 
0.442968 0.16036 0.0 
-0.96588 0.258991 0.0 
0.713435 0.700721 0.0 
0 0 0.0 
0.527817 0.203087 0.0 
0.26796 -0.963429 0.0 
0.999997 0.00248785 0.0 
0.635476 0.630268 0.0 
1 -0.000642685 0.0 
0.999954 -0.00958491 0.0 
0 0 0.0 
0.167451 -0.98588 0.0 
0.563472 -0.826135 0.0 
-0.931445 -0.363883 0.0 
0.994455 -0.100749 0.0 
0.999998 0.00197208 0.0 
-0.988333 0.0942298 0.0 
0 0 0.0 
0.999967 0.00814303 0.0 
-0.460054 0.881838 0.0 
-0.401117 0.91128 0.0 
0.998431 0.0534767 0.0 
0 0 0.0 
0.981615 -0.190429 0.0 
0.997319 -0.0731737 0.0 
0.670877 0.000663588 0.0 
0.229229 -0.973372 0.0 
0.36552 0.114513 0.0 
0.473882 0.159486 0.0 
0.53044 -0.84772 0.0 
0.971757 0.235985 0.0 
0.929651 -0.0016304 0.0 
0 0 0.0 
0.998562 0.0271297 0.0 
0.47972 0.877358 0.0 
0.152185 -0.988305 0.0 
-0.346139 -0.938183 0.0 
0.919239 -0.393232 0.0 
0.999511 -0.0311533 0.0 
0.834588 0.550564 0.0 
0.984774 0.173837 0.0 
0.303519 0.952825 0.0 
0.66775 0.714584 0.0 
1 0.000647218 0.0 
0 0 0.0 
0.370606 0.92879 0.0 
0.981785 -0.189904 0.0 
0.326614 0.94499 0.0 
0.999801 -0.0199533 0.0 
-0.979498 -0.200796 0.0 
-0.939138 -0.342125 0.0 
0.932223 -0.361885 0.0 
0.176265 -0.931166 0.0 
0.86722 -0.497926 0.0 
0.830936 0.556368 0.0 
0 0 0.0 
0.350957 -0.936378 0.0 
0.881576 -0.471107 0.0 
0.990768 0.134897 0.0 
0.40238 0.119908 0.0 
-0.316585 0.947982 0.0 
-0.997187 0.0423334 0.0 
0.773765 0.629054 0.0 
0.937072 0.0210072 0.0 
0.989673 0.141582 0.0 
0.999999 -0.00107947 0.0 
0.392216 -0.919873 0.0 
0.777012 -0.629485 0.0 
0.990786 -0.134972 0.0 
-0.725279 -0.687613 0.0 
0 0 0.0 
0.999998 0.000263205 0.0 
1 0.000891315 0.0 
0 0 0.0 
0.974695 -0.223538 0.0 
-0.316255 -0.948674 0.0 
0.999998 0.00218354 0.0 
0.686588 0.718253 0.0 
0.120351 -0.749838 0.0 
0.774893 0.628077 0.0 
0.8538 0.518879 0.0 
0.943432 -0.107491 0.0 
-0.207266 0.97656 0.0 
0.999078 0.0429222 0.0 
0.99248 0.122407 0.0 
0.999153 0.025476 0.0 
0.999953 0.00882723 0.0 
0.68729 0.0253257 0.0 
0.738464 0.672926 0.0 
0.792389 0.609501 0.0 
0.999358 -0.0353392 0.0 
0.468421 -0.883082 0.0 
-0.999858 0.0160928 0.0 
0.600507 0.79962 0.0 
0.294703 -0.955587 0.0 
0.485438 0.119791 0.0 
0.538608 0.126167 0.0 
0.999951 0.00991546 0.0 
0.998045 0.0612595 0.0 
0.997666 0.0658049 0.0 
0 0 0.0 
0.990205 -0.137374 0.0 
0.9828 -0.184672 0.0 
0.946745 -0.298434 0.0 
0.821428 0.0154482 0.0 
0 0 0.0 
-0.184894 -0.980595 0.0 
0.831612 0.555356 0.0 
0 0 0.0 
0.958589 0.234023 0.0 
0.993932 -0.109998 0.0 
0.765235 0.642977 0.0 
0.880386 0.459783 0.0 
0.163471 0.98089 0.0 
0.246969 -0.968741 0.0 
-0.793646 -0.603436 0.0 
-0.523743 -0.851407 0.0 
0.999919 0.0127348 0.0 
0.502052 0.864333 0.0 
0.962299 -0.271473 0.0 
0.539451 -0.810894 0.0 
0.999898 -0.0142753 0.0 
0.620449 0.784247 0.0 
-0.717603 0.696452 0.0 
0.225963 -0.973169 0.0 
0.999668 0.0125344 0.0 
0.747044 0.664775 0.0 
-0.340705 0.939662 0.0 
0.162583 0.986689 0.0 
0.78005 0.625717 0.0 
0.239143 0.970885 0.0 
0.999999 -0.00090033 0.0 
0.999999 -0.00141191 0.0 
0.122012 -0.992507 0.0 
-0.505658 -0.862725 0.0 
0.999996 0.00299212 0.0 
-0.165998 0.986126 0.0 
0.488227 0.107861 0.0 
0.800798 0.598928 0.0 
0.949532 -0.29505 0.0 
0.938315 -0.344387 0.0 
1 1.94004e-05 0.0 
0 0 0.0 
0.982616 0.18565 0.0 
0.984245 -0.17597 0.0 
0.488227 0.107861 0.0 
0.240721 0.969032 0.0 
0.946963 0.319112 0.0 
0.996814 0.0431796 0.0 
0.998847 0.0480143 0.0 
-0.948478 -0.296732 0.0 
0 0 0.0 
-0.0478535 0.992615 0.0 
0.999978 0.00573209 0.0 
0.998622 0.0452581 0.0 
0.999881 -0.00171395 0.0 
0.850618 0.5219 0.0 
0.898625 0.436431 0.0 
0.637963 0.00386921 0.0 
0.904884 0.425659 0.0 
0.516721 0.104101 0.0 
-0.999929 0.0118926 0.0 
0.789819 -0.613184 0.0 
-0.27159 0.962286 0.0 
0.62202 0.09066 0.0 
1 -0.000638942 0.0 
0 0 0.0 
0.642973 -0.765888 0.0 
0.215235 -0.976562 0.0 
0.839985 -0.535877 0.0 
0.995436 -0.0922298 0.0 
-0.992063 -0.125745 0.0 
0.496338 0.0604029 0.0 
0.365609 -0.930244 0.0 
0.444183 -0.0922484 0.0 
0.987658 0.156625 0.0 
0.970055 -0.242882 0.0 
0.935905 0.352253 0.0 
-0.000638529 1 0.0 
0 0 0.0 
0.999985 -0.00535352 0.0 
0.299397 0.954128 0.0 
-0.742256 0.643565 0.0 
0.974238 -0.224884 0.0 
0.199173 0.650711 0.0 
0 0 0.0 
0.226913 0.968877 0.0 
0.997256 -0.0246485 0.0 
0.999999 0.000187477 0.0 
0.965751 -0.259471 0.0 
0.96315 -0.268966 0.0 
0.99964 0.0268464 0.0 
0.536469 0.0447328 0.0 
0 0 0.0 
0.909786 -0.415077 0.0 
0.999778 0.02108 0.0 
0.981724 0.185938 0.0 
0.894237 -0.44553 0.0 
0 0 0.0 
0.811655 0.584137 0.0 
0.996561 -0.0821987 0.0 
0.999977 -0.00663163 0.0 
0.958142 0.285089 0.0 
0.999987 0.00168014 0.0 
0.953227 0.301034 0.0 
0.0524396 0.993127 0.0 
0.974568 -0.22408 0.0 
0.972429 -0.233198 0.0 
0.999976 0.00688647 0.0 
0.2772 -0.960804 0.0 
0.807213 0.590261 0.0 
0.984586 -0.174899 0.0 
0 0 0.0 
0.958664 0.271134 0.0 
-0.422966 0.906146 0.0 
0.0317205 -0.999497 0.0 
0.296633 0.954395 0.0 
0.822203 0.568705 0.0 
0.489714 -0.871714 0.0 
-0.00782184 -0.999969 0.0 
0.929125 0.369767 0.0 
0.883684 0.467152 0.0 
0.788173 0.615441 0.0 
0.379075 0.00712906 0.0 
-0.21135 0.977306 0.0 
0.999996 0.00158766 0.0 
0 0 0.0 
0.999996 0.00131607 0.0 
0.372625 -0.927982 0.0 
0.266578 -0.957182 0.0 
0.845331 -0.534243 0.0 
0.930645 0.364705 0.0 
-0.186436 0.982466 0.0 
0.984022 -0.000292375 0.0 
0.423925 -0.905437 0.0 
0.510871 -0.859634 0.0 
0.647123 -0.762376 0.0 
0.496717 -0.0461801 0.0 
0.978393 -0.206716 0.0 
0 0 0.0 
-0.432899 0.900191 0.0 
-0.391734 0.920077 0.0 
0.440393 0.895523 0.0 
0.140936 -0.98999 0.0 
0.797949 -0.602711 0.0 
0.994069 0.102115 0.0 
-0.330736 -0.943723 0.0 
0 0 0.0 
0.199236 -0.32573 0.0 
0.540181 -0.615917 0.0 
-0.316256 -0.948674 0.0 
-0.748392 -0.577328 0.0 
-0.953392 0.301735 0.0 
0 0 0.0 
0.513803 -0.857905 0.0 
0.452108 0.891392 0.0 
0.999999 0.00039202 0.0 
-0.00565633 0.979068 0.0 
1 -0.00026909 0.0 
0.770313 -0.637662 0.0 
0.17196 -0.985104 0.0 
0.504185 0.863565 0.0 
0.19156 0.981481 0.0 
0 0 0.0 
0.128923 0.991655 0.0 
1 -0.000441132 0.0 
0.303762 0.952748 0.0 
0.891271 0.272388 0.0 
0 0 0.0 
0.99617 0.0874432 0.0 
0.248963 0.920282 0.0 
0.808644 0.587431 0.0 
-0.995383 -0.0953215 0.0 
0.459267 -0.110865 0.0 
0.431041 0.786962 0.0 
0.835112 0.55008 0.0 
0.890386 -0.452383 0.0 
0.895882 0.443473 0.0 
0.287922 -0.327284 0.0 
0.517894 0.855445 0.0 
0.773912 -0.633271 0.0 
0 0 0.0 
0.9251 0.374954 0.0 
0 0 0.0 
0.964416 0.264171 0.0 
-0.894479 0.0909145 0.0 
0.292561 0.956247 0.0 
0 0 0.0 
0.94297 -0.332737 0.0 
-0.718296 0.68431 0.0 
0 0 0.0 
0.521612 0.853183 0.0 
0.99886 0.0475391 0.0 
0.984212 -0.176996 0.0 
0 0 0.0 
0.205419 -0.452571 0.0 
0.944318 0.329034 0.0 
0.631644 -0.469448 0.0 
0.859417 -0.510718 0.0 
0 0 0.0 
0 0 0.0 
0 0 0.0 
0.982971 0.183759 0.0 
0.515357 0.855718 0.0 
0.86876 -0.205481 0.0 
0.256513 -0.966519 0.0 
0.910747 0.342005 0.0 
0.515093 -0.697112 0.0 
0.463136 0.869456 0.0 
0.420923 0.907096 0.0 
0.944142 -0.329538 0.0 
0.548478 0.833397 0.0 
0.696607 -0.717258 0.0 
0.817028 -0.576598 0.0 
0.264997 0.945976 0.0 
0 0 0.0 
0 0 0.0 
0 0 0.0 
0.984313 -0.176432 0.0 
0 0 0.0 
0 0 0.0 
0.817789 -0.575518 0.0 
-0.982666 0.185383 0.0 
0.700905 -0.713211 0.0 
-0.448121 0.893815 0.0 
0.969881 0.241448 0.0 
0.441988 -0.897007 0.0 
0.904233 0.413475 0.0 
0.274216 -0.961668 0.0 
0.343831 -0.939032 0.0 
-0.590589 0.796734 0.0 
0.705077 -0.60311 0.0 
-0.379942 -0.92501 0.0 
0 0 0.0 
0.578609 -0.148352 0.0 
0.723886 0.65894 0.0 
0.630893 -0.77587 0.0 
0 0 0.0 
0.628281 0.777254 0.0 
0.598093 -0.156492 0.0 
0.99678 0.0801807 0.0 
0.841568 -0.534774 0.0 
0.37524 -0.925388 0.0 
0.986615 0.163066 0.0 
0.951928 -0.305156 0.0 
1 0.000335572 0.0 
0.921687 -0.387922 0.0 
0.45746 -0.125157 0.0 
0 0 0.0 
0.489777 -0.634063 0.0 
-0.743944 -0.668242 0.0 
0.46337 0.886165 0.0 
0 0 0.0 
0.785672 -0.61864 0.0 
-0.99864 -0.0114774 0.0 
0.275016 0.96144 0.0 
0.19896 -0.980005 0.0 
0.999915 -0.0130159 0.0 
0.998057 0.0616522 0.0 
0.170354 0.985356 0.0 
0 0 0.0 
0.905857 -0.403307 0.0 
0 0 0.0 
-0.634961 0.77244 0.0 
0.904091 -0.425432 0.0 
0.999999 0.00128257 0.0 
0.280933 0.952513 0.0 
0.447493 0.894287 0.0 
0 0 0.0 
0.994139 0.0427406 0.0 
0.999999 0.000667078 0.0 
0.290794 -0.331564 0.0 
0.999995 -0.00316155 0.0 
0.201486 0.979452 0.0 
0.353368 0.785783 0.0 
0 0 0.0 
0.999955 -0.0094585 0.0 
0.99964 0.00620839 0.0 
0.365156 0.930321 0.0 
0 0 0.0 
0 0 0.0 
0.998006 0.0631237 0.0 
0.241459 -0.970411 0.0 
0.294675 -0.955597 0.0 
0.583646 -0.219202 0.0 
0.642929 -0.765926 0.0 
0.87549 0.483237 0.0 
-0.995373 0.0950074 0.0 
0.993751 -0.11162 0.0 
0 0 0.0 
0.978253 -0.206633 0.0 
-0.433354 -0.901224 0.0 
-0.912764 0.390466 0.0 
0.998338 0.0576224 0.0 
0.42804 0.903708 0.0 
0.362092 0.932142 0.0 
0.892065 -0.451906 0.0 
0.993907 0.0517373 0.0 
0.846002 -0.501244 0.0 
0.910351 -0.0015341 0.0 
0.380501 -0.178167 0.0 
0.450375 -0.172899 0.0 
0.999883 -0.0152993 0.0 
0.2189 0.975613 0.0 
0.99569 0.0871742 0.0 
0.98234 -0.186244 0.0 
0 0 0.0 
0.147017 0.989134 0.0 
0.251107 -0.967959 0.0 
0.999992 0.00389621 0.0 
0.931493 0.363695 0.0 
-0.986737 -0.133173 0.0 
0.449795 -0.893087 0.0 
0.449343 -0.254938 0.0 
0.94506 -0.325689 0.0 
0 0 0.0 
-0.406387 0.913701 0.0 
-0.965976 -0.236849 0.0 
0.995641 0.0926122 0.0 
0.78235 -0.619252 0.0 
0.997663 0.0647859 0.0 
0.146972 -0.989141 0.0 
-0.928337 0.371739 0.0 
-0.27861 0.960403 0.0 
0.210381 -0.977617 0.0 
0.367382 0.930068 0.0 
0.722473 0.690494 0.0 
0.998173 -0.042776 0.0 
0.887593 0.00792665 0.0 
0 0 0.0 
0 0 0.0 
0.976256 -0.216042 0.0 
1 0 0.0 
0.854321 0.519745 0.0 
0.284415 -0.958701 0.0 
0.919337 0.393406 0.0 
0.99625 -0.0865175 0.0 
0.999989 0.000678326 0.0 
0.755047 0.055652 0.0 
0.953993 0.299828 0.0 
-0.518912 0.841412 0.0 
-0.753446 0.654873 0.0 
0 0 0.0 
0.999628 -0.0272918 0.0 
-0.263935 0.96413 0.0 
0.98609 -0.166211 0.0 
0.209374 0.977836 0.0 
0.805288 0.592884 0.0 
0.981884 -0.188965 0.0 
0.997941 -0.0641318 0.0 
1 -0.000928099 0.0 
0.993612 -0.112851 0.0 
0.776207 -0.630232 0.0 
0.406441 -0.286051 0.0 
0.185979 0.982536 0.0 
0.999998 -0.00207244 0.0 
0.973809 0.227367 0.0 
0.846454 -0.531447 0.0 
0.935483 -0.353372 0.0 
0 0 0.0 
0.886089 -0.463515 0.0 
0.979687 -0.196592 0.0 
0.183634 -0.982944 0.0 
0 0 0.0 
0.995221 -0.0827079 0.0 
-0.151964 0.890977 0.0 
0.548577 0.836079 0.0 
-0.178155 0.72289 0.0 
0.348011 -0.937047 0.0 
0.839079 0.54401 0.0 
0.823779 0.566912 0.0 
0.990657 -0.131212 0.0 
1 0 0.0 
0 0 0.0 
0 0 0.0 
0.675224 0.737613 0.0 
0.993418 0.112292 0.0 
0.534946 -0.844886 0.0 
0.392362 -0.309923 0.0 
-0.447157 -0.7536 0.0 
0.996735 -0.0805908 0.0 
0 0 0.0 
0.987275 -0.147218 0.0 
0.99998 -0.00617063 0.0 
0.999809 -0.019565 0.0 
0.955133 0.295895 0.0 
0.984423 -0.155196 0.0 
0.435862 0.900014 0.0 
0.999992 0.00192793 0.0 
0.920108 -0.391634 0.0 
0.965187 -0.261561 0.0 
0.188133 0.982127 0.0 
0.999999 0.00136191 0.0 
0.89978 0.436205 0.0 
0.999833 -0.0162625 0.0 
0.783703 -0.621135 0.0 
1 0.000351552 0.0 
0 0 0.0 
0.361577 -0.33577 0.0 
0.979902 -0.198353 0.0 
0.99998 0.00328502 0.0 
-0.931514 -0.353961 0.0 
0.999944 0.0106115 0.0 
0.965461 -0.238586 0.0 
0.9335 -0.358546 0.0 
0.999976 0.00621977 0.0 
-0.225123 0.97433 0.0 
0.70651 0.706181 0.0 
0.738429 -0.672424 0.0 
0.225881 0.974155 0.0 
-0.530291 0.847784 0.0 
0.994246 0.0927099 0.0 
0.295228 -0.955427 0.0 
0.78595 -0.607234 0.0 
0.985668 0.155585 0.0 
0.999998 0.00223598 0.0 
0.296855 -0.301128 0.0 
0.981443 -0.191222 0.0 
-0.182576 -0.942929 0.0 
0.999997 -0.00255544 0.0 
0.340796 -0.345113 0.0 
0.46967 -0.483964 0.0 
0 0 0.0 
0.665106 0.746749 0.0 
0 0 0.0 
0.999991 0.00416328 0.0 
0.985588 -0.169163 0.0 
0.953629 0.3009 0.0 
0.999993 -0.00355507 0.0 
0.99998 0.00252442 0.0 
0.999998 0.00185949 0.0 
0.998158 0.0395234 0.0 
0.542692 -0.839932 0.0 
-0.300847 0.953672 0.0 
0 0 0.0 
0.417759 -0.908266 0.0 
1 -0.000823529 0.0 
0.259458 -0.965232 0.0 
0.842428 0.538765 0.0 
0.993904 0.110248 0.0 
-0.311345 0.950161 0.0 
0.518746 -0.854929 0.0 
-0.578932 0.815105 0.0 
0.968969 0.247181 0.0 
0.999999 -0.00142691 0.0 
0.999994 -0.000966339 0.0 
-0.367764 0.816521 0.0 
0.892892 0.450253 0.0 
0.356356 -0.426029 0.0 
0.992553 -0.108173 0.0 
0.997692 0.0295615 0.0 
0.998247 -0.0586338 0.0 
0.362186 -0.932096 0.0 
0.360082 -0.418281 0.0 
0.973066 -0.230427 0.0 
0.310737 0.932813 0.0 
0.693896 -0.719692 0.0 
0 0 0.0 
-0.407037 -0.913235 0.0 
0 0 0.0 
0 0 0.0 
0 0 0.0 
0.999992 -0.00403153 0.0 
0.402509 0.915416 0.0 
-0.351054 0.936091 0.0 
0.460477 0.886967 0.0 
0.446451 0.894808 0.0 
0.987375 -0.126514 0.0 
0.965054 -0.262051 0.0 
0.999667 0.0255552 0.0 
0.976561 0.000389419 0.0 
0.996268 0.0863191 0.0 
0.556486 0.828475 0.0 
0.957894 0.264528 0.0 
0.396025 0.91824 0.0 
-0.999553 -0.0184183 0.0 
-0.487996 -0.872846 0.0 
0.516365 0.856368 0.0 
0.877732 0.0136509 0.0 
0 0 0.0 
0.792269 0.610172 0.0 
-0.280366 -0.959893 0.0 
0.998619 0.0525367 0.0 
0.999582 0.0152052 0.0 
0.788313 -0.320606 0.0 
0.56699 0.823725 0.0 
0.815118 0.579296 0.0 
-0.587187 -0.255671 0.0 
0 0 0.0 
0.364873 0.926055 0.0 
0.999914 0.0131073 0.0 
0 0 0.0 
0.976091 0.21736 0.0 
0.924959 -0.379142 0.0 
-0.163031 0.688479 0.0 
0.91799 0.395439 0.0 
-0.997423 -0.0271991 0.0 
0.3828 -0.923831 0.0 
-0.368003 0.929824 0.0 
0 0 0.0 
0 0 0.0 
0.297645 -0.40319 0.0 
0.453853 0.671427 0.0 
0.349334 0.936998 0.0 
0 0 0.0 
0 0 0.0 
0.756985 -0.653433 0.0 
0.943668 -0.330573 0.0 
0.530861 -0.820761 0.0 
0.282557 0.959248 0.0 
1 0 0.0 
0.781384 -0.0964491 0.0 
0.930032 0.36748 0.0 
0.80851 -0.588447 0.0 
0.537448 -0.262612 0.0 
0.247193 -0.363523 0.0 
-0.116619 -0.348699 0.0 
0.970435 0.241361 0.0 
-0.558396 0.829575 0.0 
0.812913 -0.581572 0.0 
-0.264771 -0.964311 0.0 
0.911935 -0.314669 0.0 
0.999986 0.00516319 0.0 
0.334412 0.942225 0.0 
-0.462934 -0.886385 0.0 
0.538354 -0.842719 0.0 
0 0 0.0 
0.932574 -0.360978 0.0 
0 0 0.0 
0 0 0.0 
0.262133 -0.400246 0.0 
0.998724 -0.0446441 0.0 
0.999993 0.00377212 0.0 
0.790211 -0.0360435 0.0 
-0.496492 0.868042 0.0 
0.847519 0.156524 0.0 
1 0 0.0 
0.998253 -0.0590894 0.0 
0.984516 0.157271 0.0 
0.864677 0.502101 0.0 
0 0 0.0 
-0.363879 0.931415 0.0 
0 0 0.0 
0.999989 0.00463327 0.0 
0.999948 -0.00996732 0.0 
0.999999 -0.00167411 0.0 
0.792059 0.608723 0.0 
0.999999 -0.00155824 0.0 
0.822976 0.324162 0.0 
-0.241661 -0.619172 0.0 
0.988586 -0.148739 0.0 
0.214757 -0.976668 0.0 
-0.257456 0.966162 0.0 
0.500382 -0.398358 0.0 
0.754375 -0.636818 0.0 
0.517238 0.855841 0.0 
0.253423 -0.431018 0.0 
0.910323 0.413566 0.0 
0.99999 -0.00457054 0.0 
0.282107 -0.902198 0.0 
0.821847 -0.562024 0.0 
0.387059 -0.755402 0.0 
-0.196601 -0.980484 0.0 
-0.485955 -0.873984 0.0 
0.519128 -0.854693 0.0 
0.25548 -0.464444 0.0 
0.964942 -0.262463 0.0 
0.999999 0.0015228 0.0 
0.152339 -0.296816 0.0 
0.591016 -0.80666 0.0 
0.999998 -0.00174809 0.0 
-0.587572 0.807839 0.0 
0.999232 0.0388665 0.0 
-0.855902 0.457489 0.0 
-0.552772 0.833333 0.0 
0.574654 -0.274431 0.0 
0 0 0.0 
0.450714 -0.892666 0.0 
0.526581 0.83979 0.0 
0.995856 -0.0862619 0.0 
0 0 0.0 
0.996653 -0.0817431 0.0 
0 0 0.0 
0.999998 0.00201447 0.0 
0.4311 -0.902281 0.0 
0.210269 -0.453638 0.0 
0.999186 -0.0397871 0.0 
-0.438627 0.898669 0.0 
0.416533 -0.909121 0.0 
0.999997 -0.000298174 0.0 
0.987526 0.157454 0.0 
0.342005 -0.939698 0.0 
0.279969 -0.96 0.0 
-0.272772 0.962079 0.0 
0.999997 0.00235868 0.0 
0.971681 0.236296 0.0 
-0.34803 0.937484 0.0 
0.886549 0.46261 0.0 
1 0.00013419 0.0 
-0.28914 0.957287 0.0 
0.883859 -0.466434 0.0 
0 0 0.0 
0.662686 -0.719538 0.0 
-0.875913 0.477393 0.0 
0.224666 -0.974052 0.0 
0.991881 0.125071 0.0 
0.999961 -0.00887468 0.0 
0.99276 0.120112 0.0 
0.901986 0.431765 0.0 
0.739934 0.467384 0.0 
0.184734 -0.969658 0.0 
-0.755122 0.653953 0.0 
0.761234 -0.531064 0.0 
0.832961 -0.55332 0.0 
0.228891 0.756796 0.0 
0.83402 -0.550743 0.0 
-0.543899 -0.839151 0.0 
0.984479 -0.175502 0.0 
0 0 0.0 
0.200249 -0.476023 0.0 
0.9518 -0.306704 0.0 
0 0 0.0 
0.999921 0.0124861 0.0 
0.985912 0.167266 0.0 
-0.599405 0.800441 0.0 
-0.359167 -0.933273 0.0 
-0.174509 -0.984605 0.0 
0.999965 0.00841149 0.0 
0.996318 0.0855878 0.0 
-0.450664 -0.892693 0.0 
-0.549809 0.835208 0.0 
1 -0.00030139 0.0 
0.977194 -0.21235 0.0 
0.300935 -0.953263 0.0 
0.999992 0.00412227 0.0 
0.21116 -0.52885 0.0 
0.991072 -0.13251 0.0 
-0.167156 0.98593 0.0 
0.926264 -0.374692 0.0 
0.997066 0.0765514 0.0 
0.328204 -0.944607 0.0 
0.613635 -0.788094 0.0 
0 0 0.0 
0.936834 -0.349719 0.0 
0.661039 -0.749778 0.0 
-0.985779 -0.0158725 0.0 
0.988472 -0.151405 0.0 
0.674372 0.732203 0.0 
0.999994 -0.00342842 0.0 
0.103205 -0.415201 0.0 
0.997278 0.00294304 0.0 
0.908032 0.418901 0.0 
0.930637 -0.365771 0.0 
0.999999 -0.00109287 0.0 
0.899782 -0.43634 0.0 
-0.478697 0.877357 0.0 
-0.387958 0.921677 0.0 
0.962217 -0.272284 0.0 
0.98684 0.161702 0.0 
0.832643 -0.553243 0.0 
1 -0.000147385 0.0 
0.999999 -0.00162433 0.0 
0 0 0.0 
0.53979 -0.841793 0.0 
0.558528 -0.829475 0.0 
0.90468 -0.426092 0.0 
0.999999 0.00103851 0.0 
0.958739 -0.0037318 0.0 
0.998739 -0.0501984 0.0 
0.866766 0.498195 0.0 
0.995238 -0.0790462 0.0 
0.965065 -0.262012 0.0 
0.2951 -0.955466 0.0 
0.251727 0.967792 0.0 
0.538372 0.84244 0.0 
0.238678 0.970968 0.0 
1 -0.000163385 0.0 
0.992401 0.119504 0.0 
0 0 0.0 
0.999999 -5.59355e-05 0.0 
0.345781 0.938315 0.0 
0 0 0.0 
0.514106 0.146923 0.0 
-0.399278 0.91672 0.0 
0.999975 -0.00700913 0.0 
0.241415 0.970406 0.0 
0.391346 -0.920243 0.0 
0.621124 -0.783712 0.0 
0.99022 0.139515 0.0 
0.335487 0.942045 0.0 
-0.460648 -0.887549 0.0 
0.204743 0.978816 0.0 
0.89196 -0.225951 0.0 
0.788623 -0.000245463 0.0 
0.718216 0.69582 0.0 
-0.332546 0.943087 0.0 
0.204497 -0.856898 0.0 
0 0 0.0 
0.19125 -0.981541 0.0 
0.467388 0.883229 0.0 
0.0676012 -0.453771 0.0 
-0.488006 -0.87215 0.0 
0.797752 -0.602023 0.0 
0.0932678 -0.408845 0.0 
0.527321 0.0744769 0.0 
0.502811 0.864395 0.0 
0.958565 -0.284874 0.0 
0.934497 0.316858 0.0 
0 0 0.0 
-0.234077 0.819936 0.0 
-0.383323 -0.923556 0.0 
0.885885 0.376985 0.0 
-0.214857 0.976646 0.0 
1 0 0.0 
-0.459797 -0.888024 0.0 
0.954421 0.298463 0.0 
0 0 0.0 
-0.195378 0.980728 0.0 
0 0 0.0 
0.94342 -0.329795 0.0 
0.0721409 -0.485961 0.0 
0.236382 -0.97166 0.0 
0.999972 -0.00662042 0.0 
0.999896 -0.014327 0.0 
0 0 0.0 
0.199028 0.979994 0.0 
0.999999 0.000972399 0.0 
0.99823 0.0591321 0.0 
1 5.7684e-05 0.0 
0.999992 -0.00399198 0.0 
0 0 0.0 
0.938467 0.34496 0.0 
-0.39708 -0.917784 0.0 
0 0 0.0 
0.83408 0.551643 0.0 
0.955786 0.294063 0.0 
0.462466 0.886637 0.0 
0.934016 0.357184 0.0 
0.74381 -0.668391 0.0 
0.535552 -0.844496 0.0 
0.928523 0.371276 0.0 
0.881961 0.471323 0.0 
0.649855 0.751196 0.0 
0.999977 0.0050405 0.0 
0.380025 0.924976 0.0 
0.981388 -0.192021 0.0 
0.996742 0.0784607 0.0 
-0.997408 -0.0715326 0.0 
0.910927 -0.398984 0.0 
-0.487287 -0.756229 0.0 
0.940377 0.140653 0.0 
-0.688473 0.716279 0.0 
0.505635 0.862748 0.0 
0 0 0.0 
0.999998 -0.00184424 0.0 
-0.567184 -0.823522 0.0 
0.206133 0.978524 0.0 
-0.284651 -0.958584 0.0 
0.950846 0.309663 0.0 
0.842168 -0.361044 0.0 
0.666777 -0.450601 0.0 
0 0 0.0 
0.931633 -0.3634 0.0 
0.155712 0.857317 0.0 
0.995599 0.0918577 0.0 
0.999763 -0.0197518 0.0 
0.901923 -0.262161 0.0 
-0.308672 -0.754585 0.0 
0.266323 0.952539 0.0 
-0.619036 0.785204 0.0 
0.99996 0.00890412 0.0 
0.543269 -0.839531 0.0 
0.802428 -0.0178489 0.0 
0.761717 -0.539759 0.0 
0.32635 0.285547 0.0 
-0.558458 0.82952 0.0 
0.636986 -0.770873 0.0 
0.843858 0.536521 0.0 
-0.408309 0.91275 0.0 
0.922287 -0.3865 0.0 
0.798993 -0.601326 0.0 
0.971873 0.233472 0.0 
0.939555 -0.000147332 0.0 
0.174225 -0.984706 0.0 
0.867017 0.498278 0.0 
0.800115 -0.599847 0.0 
0.979622 0.198459 0.0 
0.615252 0.788314 0.0 
0 0 0.0 
0.999998 -0.00139679 0.0 
0.425164 -0.905116 0.0 
0 0 0.0 
0.999869 -0.0137962 0.0 
0 0 0.0 
0.435489 0.255386 0.0 
0.721137 -0.692793 0.0 
0.900392 0.435074 0.0 
-0.390553 0.92058 0.0 
0 0 0.0 
0 0 0.0 
0 0 0.0 
-0.502553 0.861951 0.0 
0.551215 0.834327 0.0 
0 0 0.0 
0 0 0.0 
0.24091 0.970194 0.0 
0.935416 0.353539 0.0 
0.29723 0.382814 0.0 
0 0 0.0 
0 0 0.0 
0.955768 0.294118 0.0 
0.946892 -0.321447 0.0 
0.815567 0.578659 0.0 
0.999948 -0.0101446 0.0 
0.940425 -0.0713495 0.0 
0.985397 0.170165 0.0 
0.944894 -0.319759 0.0 
0.86202 -0.50612 0.0 
0.936006 0.349723 0.0 
0.664333 -0.48289 0.0 
0.524586 -0.851346 0.0 
0.999999 -0.00113408 0.0 
0.537278 -0.00474753 0.0 
0.509444 0.182779 0.0 
0.394606 0.226542 0.0 
-0.0699926 -0.399428 0.0 
-0.131173 -0.515635 0.0 
0.993545 0.113249 0.0 
-0.208474 -0.978002 0.0 
0.999473 -0.0137029 0.0 
0.759908 0.000222767 0.0 
0.999996 -0.00101711 0.0 
0.755233 -0.655453 0.0 
-0.444882 0.895557 0.0 
0.528606 0 0.0 
0 0 0.0 
0 0 0.0 
0.943136 -0.332166 0.0 
-0.39196 0.919982 0.0 
0.396716 0.0150681 0.0 
0.523933 -0.851735 0.0 
-0.363081 -0.931744 0.0 
0 0 0.0 
0 0 0.0 
0.9999 0.0112358 0.0 
0.395245 0.306238 0.0 
-0.355753 0.93457 0.0 
0 0 0.0 
  </DataArray>
  <DataArray type = "Float64" Name="AppartientEntree1" format="ascii">
1
1
0
0
0
0
0
0
0
0
0
0
0
0
0
0
0
0
0
0
0
0
0
0
0
0
0
0
0
0
0
0
0
0
0
0
0
0
0
0
0
0
0
0
0
0
0
0
0
0
0
0
0
0
0
0
0
0
0
0
0
0
0
0
0
0
0
0
0
0
0
0
0
0
0
0
0
0
0
0
0
0
0
0
0
0
0
0
0
0
0
0
0
0
0
0
0
0
0
0
0
0
0
0
0
0
0
0
0
0
0
0
0
0
0
0
0
0
0
0
0
0
0
0
0
0
0
0
0
0
0
0
0
0
0
0
0
0
0
0
0
0
0
0
0
0
0
0
0
0
0
0
0
0
0
0
0
0
0
1
0
0
0
0
0
0
0
0
0
0
0
0
0
0
0
0
0
0
0
0
0
0
0
0
0
0
0
0
0
0
0
0
0
0
0
0
0
0
0
0
0
0
0
0
0
0
0
0
0
0
0
0
0
0
0
0
0
0
0
0
0
0
0
0
0
0
0
0
0
0
0
0
0
0
0
0
0
0
1
0
0
0
0
0
0
0
0
0
0
0
0
0
0
0
0
0
0
0
0
0
0
0
0
0
0
0
0
0
0
0
0
0
0
0
0
0
0
0
0
0
0
0
0
0
0
0
0
0
0
0
0
0
0
0
0
0
0
0
0
0
0
0
0
0
0
0
0
0
0
0
0
0
0
0
0
0
0
0
0
0
0
0
0
0
0
0
0
0
0
0
0
0
0
0
0
0
0
0
0
0
0
0
0
0
0
0
0
0
0
0
0
0
0
0
0
0
0
0
0
0
0
0
0
0
0
0
0
0
0
0
0
0
0
0
0
0
0
0
0
0
0
0
0
0
0
0
0
0
0
0
0
0
0
0
0
0
0
0
0
0
0
0
0
0
0
0
0
0
0
0
0
0
0
0
0
0
0
0
0
0
0
0
0
0
0
0
0
0
0
0
0
0
0
0
0
0
0
0
0
0
0
0
0
0
0
0
0
0
0
0
0
0
0
0
0
0
0
0
0
0
0
0
0
0
0
0
0
0
0
0
0
0
0
0
0
0
0
0
0
0
0
0
0
0
0
0
0
0
0
0
0
0
0
0
0
0
0
0
0
0
0
0
0
0
0
0
0
0
0
0
0
0
0
0
0
0
0
0
0
0
0
0
0
0
0
0
0
0
0
0
0
0
0
0
0
0
0
0
0
0
0
0
0
0
0
0
0
0
0
0
0
0
0
0
0
0
0
0
0
0
0
0
0
0
0
0
0
0
0
0
0
0
0
0
0
0
0
0
0
0
0
0
0
0
0
0
0
0
0
0
0
0
0
0
0
0
0
0
0
0
0
0
0
0
0
0
0
0
0
0
0
0
0
0
0
0
0
0
0
0
0
0
0
0
0
0
0
0
0
0
0
0
0
0
0
0
0
0
0
0
0
0
0
0
0
0
0
0
0
0
0
0
0
0
0
0
0
0
0
0
0
0
0
0
0
0
0
0
0
0
0
0
0
0
0
0
0
0
0
0
0
0
0
0
0
0
0
0
0
0
0
0
0
0
0
0
0
0
0
0
0
0
0
0
0
0
0
0
0
0
0
0
0
0
0
0
0
0
0
0
0
0
0
0
0
0
0
0
0
0
0
0
0
0
0
0
0
0
0
0
0
0
0
0
0
0
0
0
0
0
0
0
0
0
0
0
0
0
0
0
0
0
0
0
0
0
0
0
0
0
0
0
0
0
0
0
0
0
0
0
0
0
0
0
0
0
0
0
0
0
0
0
0
0
0
0
0
0
0
0
0
0
0
0
0
0
0
0
0
0
0
0
0
0
0
0
0
0
0
0
0
0
0
0
0
0
0
0
0
0
0
0
0
0
0
0
0
0
0
0
0
0
0
0
0
0
0
0
0
0
0
0
0
0
0
0
0
0
0
0
0
0
0
0
0
0
0
0
0
0
0
0
0
0
0
0
0
0
0
0
0
0
0
0
0
0
0
0
0
0
0
0
0
0
0
0
0
0
0
0
0
0
0
0
0
0
0
0
0
0
0
0
0
0
0
0
0
0
0
0
0
0
0
0
0
0
0
0
0
0
0
0
0
0
0
0
0
0
0
0
0
0
0
0
0
0
0
0
0
0
0
0
0
0
0
0
0
0
0
0
0
0
0
0
0
0
0
0
0
0
0
0
0
0
0
0
0
0
0
0
0
0
0
0
0
0
0
0
0
0
0
0
0
0
0
0
0
0
0
0
0
0
0
0
0
0
0
0
0
0
0
0
0
0
0
0
0
0
0
0
0
0
0
0
0
0
0
0
0
0
0
0
0
0
0
0
0
0
0
0
0
0
0
0
0
0
0
0
0
0
0
0
0
0
0
0
0
0
0
0
0
0
0
0
0
0
0
0
0
0
0
0
0
0
0
0
0
0
0
0
0
0
0
0
0
0
0
0
0
0
0
0
0
0
0
0
0
0
0
0
0
0
0
0
0
0
0
0
0
0
0
0
0
0
0
0
0
0
0
0
0
0
0
0
0
0
0
0
0
0
0
0
0
0
0
0
0
0
0
0
0
0
0
0
0
0
0
0
0
0
0
0
0
0
0
0
0
0
0
0
0
0
0
0
0
0
0
0
0
0
0
0
0
0
0
0
0
0
0
0
0
0
0
0
0
0
0
0
0
0
0
0
0
0
0
0
0
0
0
0
0
0
0
0
0
0
0
0
0
0
0
0
0
0
0
0
0
0
0
0
0
0
0
0
0
0
0
0
0
0
0
0
0
0
0
0
0
0
0
0
0
0
0
0
0
0
0
0
0
0
0
1
0
0
0
0
0
0
0
0
0
0
0
0
0
0
0
0
0
0
0
0
0
0
0
0
0
0
0
0
0
0
0
0
0
0
0
0
0
0
0
0
0
0
0
0
0
0
0
0
0
0
0
0
0
0
0
0
0
0
0
0
0
0
0
0
0
0
0
0
0
0
0
0
0
0
0
0
0
0
0
0
0
0
0
0
0
0
0
0
0
0
0
0
0
0
0
0
0
0
0
0
0
0
0
0
0
0
0
0
0
0
0
0
0
0
0
0
0
0
0
0
0
0
0
0
0
0
0
0
0
0
0
0
0
0
0
0
0
0
0
0
0
0
0
0
0
0
0
0
0
0
0
0
0
0
0
0
0
0
0
0
0
0
0
0
0
0
0
0
0
0
0
0
0
0
0
0
0
0
0
0
0
0
0
0
0
0
0
0
0
0
0
0
0
0
0
0
0
0
0
0
0
0
0
0
0
0
0
0
0
0
0
0
0
0
0
0
0
0
0
0
0
0
0
0
0
0
0
0
0
0
0
0
0
0
0
0
0
0
0
0
0
0
0
0
0
0
0
0
0
0
0
0
0
0
0
0
0
0
0
0
0
0
0
0
0
0
0
0
0
0
0
0
0
0
0
0
0
0
0
0
0
0
0
0
0
0
0
0
0
0
0
0
0
0
0
0
0
0
0
0
0
0
0
0
0
0
0
0
0
0
0
0
0
0
0
0
0
0
0
0
0
0
0
0
0
0
0
0
0
0
0
0
0
0
0
0
0
0
0
0
0
0
0
0
0
0
0
0
0
0
0
0
0
0
0
0
0
0
0
0
0
0
0
0
0
0
0
0
0
0
0
0
0
0
0
0
0
0
0
0
0
0
0
0
0
0
0
0
0
0
0
0
0
0
0
0
0
0
0
1
0
0
0
0
0
0
0
0
0
0
0
0
0
0
0
0
0
0
0
0
0
0
0
0
0
0
0
0
0
0
0
0
0
0
0
0
0
0
0
0
0
0
0
0
0
0
0
0
0
0
0
0
0
0
0
0
0
0
0
0
0
0
0
0
0
0
0
0
0
0
0
0
0
0
0
0
0
0
0
0
0
0
0
0
0
0
0
0
0
0
0
0
0
0
0
0
0
0
0
0
0
0
0
0
0
0
0
0
0
0
0
0
0
0
0
0
0
0
0
0
0
0
0
0
0
0
0
0
0
0
0
0
0
0
0
0
0
0
0
0
0
1
0
0
0
0
0
0
0
0
0
0
0
0
0
0
0
0
0
0
0
0
0
0
0
0
0
0
0
0
0
0
0
0
0
0
0
0
0
0
0
0
0
0
0
0
0
0
0
0
0
0
0
0
0
0
0
0
0
0
0
0
0
0
0
0
0
0
0
0
0
0
0
0
0
0
0
0
0
0
0
0
0
0
0
0
0
0
0
0
0
0
0
0
0
0
0
0
0
0
0
0
0
0
0
0
0
0
0
0
0
0
0
0
0
0
0
0
0
0
0
0
0
0
0
0
0
0
0
0
0
0
0
0
0
0
0
0
0
0
0
0
0
0
0
0
0
0
0
0
0
0
0
0
0
0
0
0
0
0
0
0
0
0
0
0
0
0
0
0
0
0
0
0
0
0
0
0
0
0
0
0
0
0
0
0
0
0
0
0
0
0
0
0
0
0
0
0
0
0
0
0
0
1
0
0
0
0
0
0
0
0
0
0
0
0
0
0
0
0
0
0
0
0
0
0
0
0
0
0
0
0
0
0
0
0
0
0
0
0
0
0
0
0
0
0
0
0
0
0
0
0
0
0
0
0
0
0
0
0
0
0
0
0
0
0
0
0
0
0
0
0
0
0
0
0
0
0
0
0
0
0
0
0
0
0
0
0
0
0
0
0
0
0
0
0
0
0
0
0
0
0
0
0
0
0
0
0
0
0
0
0
0
0
0
0
0
0
0
0
0
0
0
0
0
0
0
0
0
0
0
0
0
0
0
0
0
0
0
0
0
0
0
0
0
0
0
0
0
0
0
0
0
0
0
0
0
0
0
0
0
0
0
0
0
0
0
0
0
0
0
0
0
0
0
0
0
0
0
0
0
0
0
0
0
0
0
0
0
0
0
0
0
0
0
0
0
0
0
0
0
0
0
0
0
0
0
0
0
0
0
0
0
0
0
0
0
0
0
0
0
0
0
0
0
0
0
0
0
0
0
0
0
0
0
0
0
0
0
0
0
0
0
0
0
0
0
0
0
0
0
0
0
0
0
0
0
0
0
0
0
0
0
0
0
0
0
0
0
0
0
0
0
0
0
0
0
0
0
0
0
0
0
0
0
0
0
0
0
0
0
0
0
0
0
0
0
0
0
0
0
0
0
0
0
0
0
0
0
0
0
0
0
0
0
0
0
0
0
0
0
0
0
0
0
0
0
0
0
0
0
0
0
0
0
0
0
0
0
0
0
0
0
0
0
0
0
0
0
0
0
0
0
0
0
0
0
0
0
0
0
0
0
0
0
0
0
0
0
0
0
0
0
0
0
0
0
0
0
0
0
0
0
0
0
0
0
0
0
0
0
0
0
0
0
0
0
0
0
0
0
0
0
0
0
0
0
0
0
0
0
0
0
0
0
0
0
0
0
0
0
0
0
0
0
0
0
0
0
0
0
0
0
0
0
0
0
0
0
0
0
0
0
0
0
0
0
0
0
0
0
0
0
0
0
0
0
0
0
0
0
0
0
0
0
0
0
0
0
0
0
0
0
0
0
0
0
0
0
0
0
0
0
0
0
0
0
0
0
0
0
0
0
0
0
0
0
0
0
0
0
0
0
0
0
0
0
0
0
0
0
0
0
0
0
0
0
0
0
0
0
0
0
0
0
0
0
0
0
0
0
0
0
0
0
0
0
0
0
0
0
0
0
0
0
0
0
0
0
0
0
0
0
0
0
0
0
0
0
0
0
0
0
0
0
0
0
0
0
0
0
0
0
0
0
0
0
0
0
0
0
0
0
0
0
0
0
0
0
0
0
0
0
0
0
0
0
0
0
0
0
0
0
0
0
0
0
0
0
0
0
0
0
0
0
0
0
0
0
0
0
0
0
0
0
0
0
0
0
0
0
0
0
0
0
0
0
0
0
0
0
0
0
0
0
0
0
0
0
0
0
0
0
0
0
0
0
0
0
0
0
0
0
0
0
0
0
0
0
0
0
0
0
0
0
0
0
0
0
0
0
0
0
0
0
0
0
0
0
0
0
0
0
0
0
0
0
0
0
0
0
0
0
0
0
0
0
0
0
0
0
0
0
0
0
0
0
0
0
0
0
0
0
0
0
0
0
0
0
0
0
0
0
0
0
0
0
0
0
0
0
0
0
0
0
0
0
0
0
0
0
0
0
0
0
0
0
0
0
0
0
0
0
0
0
0
0
0
0
0
0
0
0
0
0
0
0
0
0
0
0
0
0
0
0
0
0
0
0
0
0
0
0
0
0
0
0
0
0
0
0
0
0
0
0
0
0
0
0
0
0
0
0
0
0
0
0
0
0
0
0
0
0
0
0
0
0
0
0
0
0
0
0
0
0
0
0
0
0
0
0
0
0
0
0
0
0
0
0
0
0
0
0
0
0
0
0
0
0
0
0
0
0
0
0
0
0
0
0
0
0
0
0
0
0
0
0
0
0
0
0
0
0
0
0
0
0
0
0
0
0
0
0
0
0
0
0
0
0
0
0
0
0
0
0
0
0
0
0
1
0
0
0
0
0
0
0
0
0
0
0
0
0
0
0
0
0
0
0
0
0
0
0
0
0
0
0
0
0
0
0
0
0
0
0
0
0
0
0
0
0
0
0
0
0
0
0
0
0
0
0
0
0
0
0
0
0
0
0
0
0
0
0
0
0
0
0
0
0
0
0
0
0
0
0
0
0
0
0
0
0
0
0
0
0
0
0
0
0
0
0
0
0
0
0
0
0
0
0
0
0
0
0
0
0
0
0
0
0
0
0
0
0
0
0
0
0
0
0
0
0
0
0
0
0
0
0
0
0
0
0
0
0
0
0
0
0
0
0
0
0
0
0
0
0
0
0
0
0
0
0
0
0
0
0
0
0
0
0
0
0
0
0
0
0
0
0
0
0
0
0
0
0
0
0
0
0
0
0
0
0
0
0
0
0
0
0
0
0
0
0
0
0
0
0
0
0
0
0
0
0
0
0
0
0
0
0
0
0
0
0
0
0
0
0
0
0
0
0
0
0
0
0
0
0
0
0
0
0
0
0
0
0
0
0
0
0
0
0
0
0
0
0
0
0
0
0
0
0
0
0
0
0
0
0
0
0
0
0
0
0
0
0
0
0
0
0
0
0
0
0
0
0
0
0
0
0
0
0
0
0
0
0
0
0
0
0
0
0
0
0
0
0
0
0
0
0
0
0
0
0
0
0
0
0
0
0
0
0
0
0
0
0
0
0
0
0
0
0
0
0
0
0
0
0
0
0
0
0
0
0
0
0
0
0
0
0
0
0
0
0
0
0
0
0
0
0
0
0
0
0
0
0
0
0
0
0
0
0
0
0
0
0
0
0
0
0
0
0
0
0
0
0
0
0
0
0
0
0
0
0
0
0
0
0
0
0
0
0
0
0
0
0
0
0
0
0
0
0
0
0
0
0
0
0
0
0
0
0
0
0
0
0
0
0
0
0
0
0
0
0
0
0
0
0
0
0
0
0
0
0
0
0
0
0
0
0
0
0
0
0
0
0
0
0
0
0
0
0
0
0
0
0
0
0
0
0
0
0
0
0
0
0
0
0
0
0
0
0
0
0
0
0
0
0
0
0
0
0
0
0
0
0
0
0
0
0
0
0
0
0
0
0
0
0
0
0
0
0
0
0
0
0
0
0
0
0
0
0
0
0
0
0
0
0
0
0
0
0
0
0
0
0
0
0
0
0
0
1
0
0
0
0
0
0
0
0
0
0
0
0
0
0
0
0
0
0
0
0
0
0
0
0
0
0
0
0
0
0
0
0
0
0
0
0
0
0
0
0
0
0
0
0
0
0
0
0
0
0
0
0
0
0
0
0
0
0
0
0
0
0
0
0
0
0
0
0
0
0
0
0
0
0
0
0
0
0
0
0
0
0
0
0
0
0
0
0
0
0
0
0
0
0
0
0
0
0
0
0
0
0
0
0
0
0
0
0
0
0
0
0
0
0
0
0
0
0
0
0
0
0
0
0
0
0
0
0
0
0
0
0
0
0
0
0
0
0
0
0
0
0
0
0
0
0
0
0
0
0
0
0
0
0
0
0
0
0
0
0
0
0
0
0
0
0
0
0
0
0
0
0
0
0
0
0
0
0
0
0
0
0
0
0
0
0
0
0
0
0
0
0
0
0
0
0
0
0
0
0
0
0
0
0
0
0
0
0
0
0
0
0
0
0
0
0
0
0
0
0
0
0
0
0
0
0
0
0
0
0
0
0
0
0
0
0
0
0
0
0
0
0
0
0
0
0
0
0
0
0
0
0
0
0
0
0
0
0
0
0
0
0
0
0
0
0
0
0
0
0
0
0
0
0
0
0
0
0
0
0
0
0
0
0
0
0
0
0
0
0
0
0
0
0
0
0
0
1
0
0
0
0
0
0
0
0
0
0
0
0
0
0
0
0
0
0
0
0
0
0
0
0
0
0
0
0
0
0
0
0
0
0
0
0
0
0
0
0
0
0
0
0
0
0
0
0
0
0
0
0
0
0
0
0
0
0
0
0
0
0
0
0
0
0
0
0
0
0
0
0
0
0
0
0
0
0
0
0
0
0
0
0
0
0
0
0
0
0
0
0
0
0
0
0
0
0
0
0
0
0
0
0
0
0
0
0
0
0
0
0
0
0
0
0
0
0
0
0
0
0
0
0
0
0
0
0
0
0
0
0
0
0
0
0
0
0
0
0
0
0
0
0
0
0
0
0
0
0
0
0
0
0
0
0
0
0
0
0
0
0
0
0
0
0
0
0
0
0
0
0
0
0
0
0
0
0
0
0
0
0
0
0
0
0
0
0
0
0
0
0
0
0
0
0
0
0
0
0
0
0
0
0
0
0
0
0
0
0
0
0
0
0
0
0
0
0
0
0
0
0
0
0
0
0
0
0
0
0
0
0
0
0
0
0
0
0
0
0
0
0
0
0
0
0
0
0
0
0
0
0
0
0
0
0
0
0
0
0
0
0
0
0
0
0
0
0
0
0
0
0
0
0
0
0
0
0
0
0
0
0
0
0
0
0
0
0
0
0
0
0
0
0
0
0
0
0
0
0
0
0
0
0
0
0
0
0
0
0
0
0
0
0
0
0
0
0
0
0
0
0
0
0
0
0
0
0
0
0
0
0
0
0
0
0
0
0
0
0
0
0
0
0
0
0
0
0
0
0
0
0
0
0
0
0
0
0
0
0
0
0
0
0
0
0
0
0
0
0
0
0
0
0
0
0
0
0
0
0
0
0
0
0
0
0
0
0
0
0
0
0
0
0
0
0
0
0
0
0
0
0
0
0
0
0
0
0
0
0
0
0
0
0
0
0
0
0
0
0
0
0
0
0
0
0
0
0
0
0
0
0
0
0
0
0
0
0
0
0
0
0
0
0
0
0
0
0
0
0
0
0
0
0
0
0
0
0
0
0
0
0
0
0
0
0
0
0
0
0
0
0
0
0
0
0
0
0
0
0
0
0
0
0
0
0
0
0
0
0
0
0
0
0
0
0
0
0
0
0
0
0
0
0
0
0
0
0
0
0
0
0
0
0
0
0
0
0
0
0
0
0
0
0
0
0
0
0
0
0
0
0
0
0
0
0
0
0
0
0
0
0
0
0
0
0
0
0
0
0
0
0
0
0
0
0
0
0
0
0
0
0
0
0
0
0
0
0
0
0
0
0
0
0
0
0
0
0
0
0
0
0
0
0
0
0
0
0
0
0
0
0
0
0
0
0
0
0
0
0
0
0
0
0
0
0
0
0
0
0
0
0
0
0
0
0
0
0
0
0
0
0
0
0
0
0
0
0
0
0
0
0
0
0
0
0
0
0
0
0
0
0
0
0
0
0
0
0
0
0
0
0
0
0
0
0
0
0
0
0
0
0
0
0
0
0
0
0
0
0
0
0
0
0
0
0
0
0
0
0
0
0
0
0
0
0
0
0
0
0
0
0
0
0
0
0
0
0
0
0
0
0
0
0
0
0
0
0
0
0
0
0
0
0
0
0
0
0
0
0
0
0
0
0
0
0
0
0
0
0
0
0
0
0
0
0
0
0
0
0
0
0
0
0
0
0
0
0
0
0
0
0
0
0
0
0
0
0
0
0
0
0
0
0
0
0
0
0
0
0
0
0
0
0
0
0
0
0
0
0
0
0
0
0
0
0
0
0
0
0
0
1
0
0
0
0
0
0
0
0
0
0
0
0
0
0
0
0
0
0
0
0
0
0
0
0
0
0
0
0
0
0
0
0
0
0
0
0
0
0
0
1
0
0
0
0
0
0
0
0
0
0
0
0
0
0
0
0
0
0
0
0
0
0
0
0
0
0
0
0
0
0
0
0
0
0
0
0
0
0
0
0
0
0
0
0
0
0
0
0
0
0
0
0
0
0
0
0
0
0
0
0
0
0
0
0
0
0
0
0
0
0
0
0
0
0
0
0
0
0
0
0
0
0
0
0
0
0
0
0
0
0
0
0
0
0
0
0
0
0
0
0
0
0
0
0
0
0
0
0
0
0
0
0
0
0
0
0
0
0
0
0
0
0
0
0
0
0
0
0
0
0
0
0
0
0
0
0
0
1
0
0
0
0
0
0
0
0
0
0
0
0
0
0
0
0
0
0
0
0
0
0
0
0
0
1
0
0
0
0
0
0
0
0
0
0
0
0
0
0
0
0
0
0
0
0
0
0
0
0
0
0
0
0
0
0
0
0
0
0
0
0
0
0
0
0
0
0
0
0
0
0
0
0
0
0
0
0
0
0
0
0
0
0
0
0
0
0
0
0
0
0
0
0
0
0
0
0
0
0
0
0
0
0
0
0
0
0
0
0
0
0
0
0
0
0
0
0
0
0
0
0
0
0
0
0
0
0
0
0
0
0
0
0
0
0
0
0
0
0
0
0
0
0
0
0
0
0
0
0
0
0
0
0
0
0
0
0
0
0
0
0
0
0
0
0
0
0
0
0
0
0
0
0
0
0
0
0
0
0
0
0
0
0
0
0
0
0
0
0
0
0
0
0
0
0
0
0
0
0
0
0
1
0
0
0
0
0
0
0
0
0
0
0
0
0
0
0
0
0
0
0
0
0
0
0
0
0
0
0
0
0
0
0
0
0
0
0
0
0
0
0
0
0
0
0
0
0
0
0
0
0
0
0
0
0
0
0
0
0
0
0
0
0
0
0
0
0
0
0
0
0
0
0
0
0
0
0
0
0
0
0
0
0
0
0
0
0
0
0
0
0
0
0
0
0
0
0
0
0
0
0
0
0
0
0
0
0
0
0
0
0
0
0
0
0
0
0
0
0
0
0
0
1
0
0
0
0
0
0
0
0
0
0
0
0
0
  </DataArray>
  <DataArray type = "Float64" Name="AppartientEntree2" format="ascii">
0
0
1
1
0
0
0
0
0
0
0
0
0
0
0
0
0
0
0
0
0
0
0
0
0
0
0
0
0
0
0
0
0
0
0
0
0
0
0
0
0
0
0
0
0
0
0
0
0
0
0
0
1
0
0
0
0
0
0
0
0
0
0
0
0
0
0
0
0
0
0
0
0
0
0
0
0
0
0
0
0
0
0
0
0
0
0
0
0
0
0
0
0
0
0
0
0
0
0
0
0
0
0
0
0
0
0
0
0
0
0
0
1
0
0
0
1
0
0
0
0
0
0
0
0
0
0
0
0
0
0
0
0
0
0
0
0
0
0
0
0
0
0
0
0
0
0
0
0
0
0
0
0
0
0
0
0
0
0
0
0
0
0
0
0
0
0
0
0
0
0
0
0
0
0
0
0
0
0
0
0
0
1
0
0
0
0
0
0
0
0
0
0
0
1
0
0
0
0
0
1
0
0
0
0
0
0
0
0
0
0
0
0
0
0
0
0
0
0
0
0
0
0
0
0
0
0
0
0
0
0
0
0
0
0
0
0
0
0
0
0
0
0
0
0
0
0
0
0
0
0
0
0
0
0
0
0
0
0
0
0
0
0
0
0
0
0
0
0
0
0
0
0
0
0
0
0
0
0
0
0
0
0
0
0
0
0
0
0
0
0
0
0
0
0
0
0
0
0
0
0
0
0
0
0
0
0
0
0
0
0
0
0
0
0
0
0
0
0
0
0
0
0
0
0
0
0
0
0
0
0
0
0
0
0
0
0
0
0
0
0
0
0
0
0
0
0
0
0
0
0
0
0
0
0
0
0
0
0
0
0
0
0
0
0
0
0
0
0
0
0
0
0
0
0
0
0
0
0
0
0
0
0
0
0
0
0
0
0
0
0
0
0
0
0
0
0
0
0
0
0
0
0
0
0
0
0
0
0
0
0
0
0
0
0
0
0
0
0
0
0
0
0
0
0
0
0
0
0
0
0
0
0
0
0
0
0
0
0
0
0
0
0
0
0
0
0
0
0
0
0
0
0
0
0
0
0
0
0
0
0
0
0
0
0
0
0
0
0
0
0
0
0
0
0
0
0
0
0
0
0
0
0
0
0
0
0
0
0
0
0
0
0
0
0
0
0
0
0
0
0
0
0
0
0
0
0
0
0
0
0
0
0
0
0
0
0
0
0
0
0
0
0
0
0
0
0
0
0
0
0
0
0
0
0
0
0
0
0
0
0
0
0
0
0
0
0
0
0
0
0
0
0
0
0
0
0
0
0
0
0
0
0
0
0
0
0
0
0
0
0
0
0
0
0
0
0
0
0
0
0
0
0
0
0
0
0
0
0
0
0
0
0
0
0
0
0
0
0
0
0
0
0
0
0
0
0
0
0
0
0
0
0
0
0
0
0
0
0
0
0
0
0
0
0
0
0
0
0
0
0
0
0
0
0
0
0
0
0
0
0
0
0
0
0
0
0
0
0
0
0
0
0
0
0
0
0
0
0
0
0
0
0
0
0
0
0
0
0
0
0
0
0
0
0
0
0
0
0
0
0
0
0
0
0
0
0
0
0
0
0
0
0
0
0
0
0
0
0
0
0
0
0
0
0
0
0
0
0
0
0
0
0
0
0
0
0
0
0
0
0
0
0
0
0
0
0
0
0
0
0
0
0
0
0
0
0
0
0
0
0
0
0
0
0
0
0
0
0
0
0
1
0
0
0
0
0
0
0
0
0
0
0
0
0
0
0
0
0
0
0
0
0
0
0
0
0
0
0
0
0
0
0
0
0
0
0
0
0
0
0
0
0
0
0
0
0
0
0
0
0
1
0
0
0
0
0
0
0
0
0
0
0
0
0
0
0
0
0
0
0
0
0
0
0
0
0
0
0
0
0
0
0
0
0
0
0
0
0
0
0
0
0
0
0
0
0
0
0
0
0
0
0
0
0
0
0
0
0
0
0
0
0
0
0
0
0
0
0
0
0
0
0
0
0
0
0
0
0
0
0
0
0
0
0
0
0
0
0
0
0
0
0
0
0
0
0
0
0
0
0
0
0
0
0
0
0
0
0
0
0
0
0
0
0
0
0
0
0
0
0
0
0
0
0
0
0
0
0
0
0
0
0
0
0
0
0
0
0
0
0
0
0
0
0
0
0
0
0
0
0
0
0
0
0
0
0
0
0
0
0
0
0
0
0
0
0
0
0
0
0
0
0
0
0
0
0
0
0
0
0
0
0
0
0
0
0
0
0
0
0
0
0
0
0
0
0
0
0
0
0
0
0
0
0
0
0
0
0
0
0
0
0
0
0
0
1
0
0
0
0
0
0
0
0
0
0
0
0
0
0
0
0
0
0
0
0
0
0
0
0
0
0
0
0
0
0
0
0
0
0
0
0
0
0
0
0
0
0
0
0
0
0
0
0
0
0
0
0
0
0
0
0
0
0
0
0
0
0
0
0
0
0
0
0
0
0
0
0
0
0
0
0
0
0
0
0
0
0
0
0
0
0
0
0
0
0
0
0
0
0
0
0
0
0
0
0
0
0
0
0
0
0
0
0
0
1
0
0
0
0
0
0
0
0
0
0
0
0
0
0
0
0
0
0
0
0
0
0
0
0
0
0
0
0
0
0
0
0
0
0
0
0
0
0
0
0
0
0
0
0
0
0
0
0
0
0
0
0
0
0
0
0
0
0
0
0
0
0
0
0
0
0
0
0
0
0
0
0
0
0
0
0
0
0
0
0
0
0
0
0
0
0
0
0
0
0
0
0
0
0
0
0
0
0
0
0
0
0
0
0
0
0
0
0
0
0
0
0
0
0
0
0
0
0
0
0
0
0
0
0
0
0
0
0
0
0
0
0
0
0
0
0
0
0
0
0
0
0
0
0
0
0
0
0
0
0
0
0
0
0
0
0
0
0
0
0
0
0
0
0
0
0
0
0
0
0
0
0
0
0
0
0
0
0
0
0
0
0
0
0
0
0
0
0
0
0
0
0
0
0
0
0
0
0
0
0
0
0
0
0
0
0
0
0
0
0
0
0
0
0
0
0
0
0
0
0
0
0
0
0
0
0
0
0
0
0
0
0
0
0
0
0
0
0
0
0
0
0
0
0
0
0
0
0
0
0
0
0
0
0
0
0
0
0
0
0
0
0
0
0
0
0
0
0
0
0
0
0
0
0
0
0
0
0
0
0
0
0
0
0
0
0
0
0
0
0
0
0
0
0
0
0
0
0
0
0
0
0
0
0
0
0
0
0
0
0
0
0
0
0
0
0
0
0
0
0
0
0
0
0
0
0
0
0
0
0
0
0
0
0
0
0
0
0
0
0
0
0
0
0
0
0
0
0
0
0
0
0
0
0
0
0
0
0
0
0
0
0
0
0
0
0
0
0
0
0
0
0
0
0
0
0
0
0
0
0
0
0
0
0
0
0
0
0
0
0
0
0
0
0
0
0
0
0
0
0
0
0
0
0
0
0
0
0
0
0
0
0
0
0
0
0
0
0
0
0
0
0
0
0
0
0
0
0
0
0
0
0
0
0
0
0
0
0
0
0
0
0
0
0
0
0
0
0
0
0
0
0
0
0
0
0
0
1
0
0
0
0
0
0
0
0
0
0
0
0
0
0
0
0
0
0
0
0
0
0
0
0
0
0
0
0
0
0
0
0
0
0
0
0
0
0
0
0
0
0
0
0
0
0
0
0
0
0
0
0
0
0
0
0
0
0
0
0
0
0
0
0
0
0
0
0
0
0
0
0
0
0
0
0
0
0
0
0
0
0
0
0
0
0
0
0
0
0
0
0
0
0
0
0
0
0
0
0
0
0
0
0
0
0
0
0
0
0
0
0
0
0
0
0
0
0
0
0
0
0
0
0
0
1
0
0
0
0
0
0
0
0
0
0
0
0
0
0
0
0
0
0
0
0
0
0
0
0
0
0
0
0
0
0
0
0
0
0
0
0
0
0
0
0
0
0
0
0
0
0
0
0
0
0
0
0
0
0
0
0
0
0
0
0
0
0
0
0
0
0
0
0
0
0
0
0
0
0
0
0
0
0
0
0
0
0
0
0
0
0
0
0
0
0
0
0
0
0
0
0
0
0
0
0
0
0
0
0
0
0
0
0
0
0
0
0
0
0
0
0
0
0
0
0
0
0
0
0
0
0
0
0
0
0
0
0
0
0
0
0
0
0
0
0
0
0
0
0
0
0
0
0
0
0
0
0
0
0
0
0
0
0
0
0
0
0
0
0
0
0
0
0
0
0
0
0
0
0
0
0
0
0
0
0
0
0
0
0
0
0
0
0
0
0
0
0
0
0
0
0
0
0
0
0
0
0
0
0
0
0
0
0
0
0
0
0
0
0
0
0
0
0
0
0
0
0
0
0
0
0
0
0
0
0
0
0
0
0
0
0
0
0
0
0
0
0
0
0
0
0
0
0
0
0
0
0
0
0
0
0
0
0
0
0
0
0
0
0
0
0
0
0
0
0
0
0
0
0
0
0
0
0
0
0
0
0
0
0
0
0
0
0
0
0
0
0
0
0
0
0
0
0
0
0
0
0
0
0
0
0
0
0
0
0
0
0
0
0
0
0
0
0
0
0
0
0
0
0
0
0
0
0
0
0
0
0
0
0
0
0
0
0
0
0
0
0
0
0
0
0
0
0
0
0
0
0
0
0
0
0
0
0
0
0
0
0
0
0
0
0
0
0
0
0
0
0
0
0
0
0
0
0
0
0
0
0
0
0
0
0
0
0
0
0
0
0
0
0
0
0
0
0
0
0
0
0
0
0
0
0
0
0
0
0
0
0
0
0
0
0
0
0
0
0
0
0
0
0
0
0
0
0
0
0
0
0
0
0
0
0
0
0
0
0
0
0
0
0
0
0
0
0
0
0
0
0
0
0
0
0
0
0
0
0
0
0
0
0
0
0
0
0
0
0
0
0
0
0
0
0
0
0
0
0
0
0
0
0
0
0
0
0
0
0
0
0
0
0
0
0
0
0
0
0
0
0
0
0
0
0
0
0
0
0
0
0
0
0
0
0
0
0
0
0
0
0
0
0
0
0
0
0
0
0
0
0
0
0
1
0
0
0
0
0
0
0
0
0
0
0
0
0
0
0
0
0
0
0
0
0
0
0
0
0
0
0
0
0
0
0
0
0
0
0
0
0
0
0
0
0
0
0
0
0
0
0
0
0
0
0
0
0
0
0
0
0
0
0
0
0
0
0
0
0
0
0
0
0
0
0
0
0
0
0
0
0
0
0
0
0
0
0
0
0
0
0
0
0
0
0
0
0
0
0
0
0
0
0
0
0
0
0
0
0
0
0
0
0
0
0
0
0
0
0
0
0
0
0
0
0
0
0
0
0
0
0
0
0
0
0
0
0
0
0
0
0
0
0
0
0
0
0
0
0
0
0
0
0
0
0
0
0
0
0
0
0
0
0
0
0
0
0
0
0
0
0
0
0
0
0
0
0
0
0
0
0
0
0
0
0
0
0
0
0
0
0
0
0
0
0
1
0
0
0
0
0
0
0
0
0
0
0
0
0
0
0
0
0
0
0
0
0
0
0
0
0
0
0
0
0
0
0
0
0
0
0
0
0
0
0
0
0
0
0
0
0
0
0
0
0
0
0
0
0
0
0
0
0
0
0
0
0
0
0
0
0
0
0
0
0
0
0
0
0
0
0
0
0
0
0
0
0
0
0
0
0
0
0
0
0
0
0
0
0
0
0
0
0
0
0
0
0
0
0
0
0
0
0
0
0
0
0
0
0
0
0
0
0
0
0
0
0
0
0
0
0
0
0
0
0
0
0
0
0
0
0
0
0
0
0
0
0
0
0
0
0
0
0
0
0
0
0
0
0
0
0
0
0
0
0
0
0
0
0
0
0
0
0
0
0
0
0
0
0
0
0
0
0
0
0
0
0
1
0
0
0
0
0
0
0
0
0
0
0
0
0
0
0
0
0
0
0
0
0
0
0
0
0
0
0
0
0
0
0
0
0
0
0
0
0
0
0
0
0
0
0
0
0
0
0
0
0
0
0
0
0
0
0
0
0
0
0
0
0
0
0
0
0
0
0
0
0
0
0
0
0
0
0
0
0
0
0
0
0
0
0
0
0
0
0
0
0
0
0
0
0
0
0
0
0
0
0
0
0
0
0
0
0
0
0
0
0
0
0
0
0
0
0
0
0
0
0
0
0
0
0
0
0
0
0
0
0
0
0
0
0
0
0
0
0
0
0
0
0
0
0
0
0
0
0
0
0
0
0
0
0
0
0
0
0
0
0
0
0
0
0
0
0
0
0
0
0
0
0
0
0
0
0
0
0
0
0
0
0
0
0
0
0
0
0
0
0
0
0
0
0
0
0
0
0
0
0
0
0
0
0
0
0
0
0
0
0
0
0
0
1
0
0
0
0
0
0
0
0
0
0
0
0
0
0
0
0
0
0
0
0
0
0
0
0
0
0
0
0
0
0
0
0
0
0
0
0
0
0
0
0
0
0
0
0
0
0
0
0
0
0
0
0
0
0
0
0
1
0
0
0
0
0
0
0
0
0
0
0
0
0
0
0
0
0
0
0
0
0
0
0
0
0
0
0
0
0
0
0
0
0
0
0
0
0
0
0
0
0
0
0
0
0
0
0
0
0
0
0
0
0
0
0
0
0
0
0
0
0
0
0
0
0
0
0
0
0
0
0
0
0
0
0
0
0
0
0
0
0
0
0
0
0
0
0
0
0
0
0
0
0
0
0
0
0
0
0
0
0
0
0
0
0
0
0
0
0
0
0
0
0
0
0
0
0
0
0
0
0
0
0
0
0
0
0
0
0
0
0
0
0
0
0
0
0
0
0
0
0
0
0
0
0
0
0
0
0
0
0
0
0
0
0
0
0
0
0
0
0
0
0
0
0
0
0
0
0
0
0
0
0
0
0
0
0
0
0
0
0
0
0
0
0
0
0
0
0
0
0
0
0
0
0
0
0
0
0
0
0
0
0
0
0
0
0
0
0
0
0
0
0
0
0
0
0
0
0
0
0
0
0
0
0
0
0
0
0
0
0
0
0
0
0
0
0
0
0
0
0
0
0
0
0
0
0
0
0
0
0
0
0
0
0
0
0
0
0
0
0
0
0
0
0
0
0
0
0
0
0
0
0
0
0
0
0
0
0
0
0
0
0
0
0
0
0
0
0
0
0
0
0
0
0
0
0
0
0
0
0
0
0
0
0
0
0
0
0
0
0
0
0
0
0
0
0
0
0
0
0
0
0
0
0
0
0
0
0
0
0
0
0
0
0
0
1
0
0
0
0
0
0
0
0
0
0
0
0
0
0
0
0
1
0
0
0
0
0
0
0
0
0
0
0
0
1
0
0
0
0
0
0
0
0
0
0
0
0
0
0
0
0
0
0
0
0
0
0
0
0
0
0
0
0
0
0
0
0
0
0
0
0
0
0
0
0
0
0
0
0
0
0
0
1
0
0
0
0
0
0
0
0
0
0
0
0
0
0
0
0
0
0
0
0
0
0
0
0
0
0
0
0
0
0
0
1
0
0
0
0
0
0
0
0
0
0
0
0
0
0
0
0
0
0
0
0
0
0
0
0
0
0
0
0
0
0
0
0
0
0
0
0
0
0
0
0
0
0
0
0
0
0
0
0
0
0
0
0
0
0
0
0
0
0
0
0
0
0
0
0
0
0
0
0
0
0
0
0
0
0
0
0
0
0
0
0
0
0
0
0
0
0
0
0
0
0
0
0
0
0
0
0
0
0
0
0
0
0
0
0
0
0
0
0
0
0
0
0
0
0
0
0
0
0
0
0
0
0
0
0
0
0
0
0
0
0
0
0
0
0
0
0
0
0
0
0
0
0
0
0
0
0
0
0
0
0
0
0
0
0
0
0
0
0
0
0
0
0
0
0
0
0
0
0
0
0
0
0
0
0
0
0
0
0
0
0
0
0
0
0
0
0
0
0
0
0
0
0
0
0
0
0
0
0
0
0
0
0
0
0
0
0
0
0
0
0
0
0
0
0
0
0
0
0
0
0
0
0
0
0
0
0
0
0
0
0
0
0
0
0
0
0
0
0
0
0
0
0
0
0
0
0
0
0
0
0
0
0
0
0
0
0
0
0
0
0
0
0
0
0
0
0
0
0
0
0
0
0
0
0
0
0
0
0
0
0
0
0
0
0
0
0
0
0
0
0
0
0
0
0
0
0
0
0
0
0
0
0
0
0
0
0
0
0
0
0
0
0
0
0
0
0
0
0
0
0
0
0
0
0
0
0
0
0
0
0
0
0
0
0
0
0
0
0
0
0
0
0
0
0
0
0
0
0
0
0
0
0
0
0
0
0
0
0
0
0
0
0
0
0
0
0
0
0
0
0
0
0
0
0
0
0
0
0
0
0
0
0
0
0
0
0
0
0
0
0
0
0
0
0
0
0
0
0
0
0
0
0
0
0
0
0
0
0
0
0
0
0
0
0
0
0
0
0
0
0
0
0
0
0
0
0
0
0
0
0
0
0
0
0
0
0
0
0
0
0
0
0
0
0
0
0
0
0
0
0
0
0
0
0
0
0
0
0
0
0
0
0
0
0
0
0
0
0
0
0
0
0
0
0
0
0
0
0
0
0
0
0
0
0
0
0
0
0
0
0
0
0
0
0
0
0
0
0
0
0
0
0
0
0
0
0
0
0
0
0
0
0
0
0
0
0
0
0
0
0
0
0
0
0
0
0
0
0
0
0
0
0
0
0
0
0
0
0
0
0
0
0
0
0
0
0
0
0
0
0
0
0
0
0
0
0
0
0
0
0
0
0
0
0
0
0
0
0
0
0
0
0
0
0
0
0
0
0
0
0
0
0
0
0
0
0
0
0
0
0
0
0
0
0
0
0
0
0
0
0
0
0
0
0
0
0
0
0
0
0
0
0
0
0
0
0
0
0
0
0
0
0
0
0
0
0
0
0
0
0
0
0
0
0
0
0
0
0
0
0
0
0
0
0
0
0
0
0
0
0
0
0
0
0
0
0
0
0
0
0
0
0
0
0
0
0
0
0
0
0
0
0
0
0
0
0
0
0
0
0
0
0
0
0
0
0
0
0
0
0
0
0
0
0
0
0
0
0
0
0
0
0
0
0
0
0
0
0
0
0
0
0
0
0
0
0
0
0
0
0
0
0
0
0
0
0
0
0
0
0
0
0
0
0
0
0
1
0
0
0
0
0
0
0
0
0
0
0
0
0
0
0
0
0
0
0
0
0
0
0
0
0
0
0
0
0
0
0
0
0
0
0
0
0
0
0
0
0
0
0
0
0
0
0
0
0
0
0
0
0
0
0
0
0
0
0
0
0
0
0
0
0
0
0
0
0
0
0
0
0
0
0
0
0
0
0
0
0
0
0
0
0
0
0
0
0
0
0
0
0
0
0
0
0
0
0
0
0
0
0
0
0
0
0
0
0
0
0
0
0
0
0
0
0
0
0
0
0
0
0
0
0
0
0
0
0
0
0
0
0
0
0
0
0
0
0
0
0
0
0
0
0
0
0
0
0
0
0
0
1
0
0
0
0
0
0
0
0
0
0
0
0
0
0
0
0
0
0
0
0
0
0
0
0
0
0
0
0
0
0
0
0
0
0
0
0
0
0
0
0
0
0
0
0
0
0
0
0
0
0
0
0
0
0
0
0
0
0
0
0
0
0
0
0
0
0
0
0
0
0
0
0
0
0
0
0
0
0
0
0
0
0
0
0
0
0
0
0
0
0
0
0
0
0
0
0
0
0
0
0
0
0
0
0
0
0
0
0
0
0
0
0
0
0
0
0
0
0
0
0
0
0
0
0
0
0
0
0
0
0
0
0
0
0
0
0
0
0
0
0
0
0
0
0
0
0
0
0
0
0
0
0
0
0
0
0
0
0
0
0
0
0
0
0
0
0
0
0
0
0
0
0
0
0
0
0
0
0
0
0
0
0
0
0
0
0
0
0
0
0
0
0
0
0
0
0
0
0
0
0
0
0
0
0
0
0
0
0
0
0
0
0
0
0
0
0
0
0
0
0
0
0
0
0
0
0
0
0
0
0
0
0
0
0
0
0
0
0
0
0
0
0
0
0
0
0
0
0
0
0
0
0
0
0
0
0
0
0
0
0
0
0
0
0
0
0
0
0
0
0
0
0
0
0
0
0
0
0
0
0
0
0
0
0
0
0
0
0
0
0
0
0
0
0
0
0
0
0
0
0
0
0
0
0
0
0
0
0
0
0
0
0
0
0
0
0
0
0
0
0
0
0
0
0
0
0
0
0
0
0
0
0
0
0
0
0
0
0
0
0
0
0
0
0
0
0
0
0
0
0
0
0
0
0
0
0
0
0
0
0
0
0
0
0
0
0
0
0
0
0
0
0
0
0
0
0
0
0
0
0
0
0
0
0
0
0
0
0
0
0
0
0
0
0
0
0
0
0
0
0
0
0
0
0
0
0
0
0
0
0
0
0
0
0
0
0
0
0
0
0
0
0
0
0
0
0
0
0
0
0
0
0
0
0
0
0
0
0
0
0
0
0
0
0
0
0
0
0
0
0
0
0
0
0
0
0
0
0
0
0
0
0
0
0
0
0
0
0
0
0
0
0
0
0
0
0
0
0
0
0
0
0
0
0
0
0
0
0
0
0
0
0
0
0
0
0
0
0
0
0
0
0
0
0
0
0
0
0
0
0
0
0
0
0
0
0
0
0
0
0
0
0
0
0
0
0
0
0
0
0
0
0
0
0
0
0
0
0
0
0
0
0
0
0
0
0
0
0
0
0
0
0
0
0
0
0
0
0
0
0
0
0
0
0
0
0
0
0
0
0
0
0
0
0
0
0
0
0
0
0
0
0
0
0
0
0
0
0
0
0
0
0
0
0
0
0
0
0
0
0
0
0
0
0
0
0
0
0
0
0
0
0
0
0
0
0
0
0
0
0
0
0
0
0
0
0
0
0
0
0
0
0
0
0
0
0
0
0
0
0
0
0
0
0
0
0
0
0
0
0
0
0
0
0
0
0
0
0
0
0
0
0
0
0
0
0
0
0
0
0
0
0
0
0
0
0
0
0
0
0
0
0
0
0
0
0
0
0
0
0
0
0
0
0
0
0
0
0
0
0
0
0
0
0
0
0
0
0
0
0
0
0
0
0
0
0
0
0
0
0
0
0
0
0
0
0
0
0
0
0
0
0
0
0
0
0
0
0
0
0
0
0
1
0
0
0
0
0
0
0
0
0
0
0
0
0
0
0
0
0
0
0
0
0
0
0
0
0
0
0
0
0
0
0
0
0
0
0
0
0
0
0
0
0
0
0
0
0
0
0
0
0
0
0
0
0
0
0
0
0
0
0
0
0
0
0
0
0
0
  </DataArray>
  <DataArray type = "Float64" Name="AppartientEntree3" format="ascii">
0
1
1
0
0
0
0
1
0
1
1
1
1
1
1
0
0
1
0
0
0
1
1
1
1
1
0
1
0
1
1
1
1
0
1
1
1
0
1
1
1
1
0
1
1
0
0
0
1
1
1
1
0
1
1
1
0
1
1
0
1
1
0
0
0
0
0
1
1
0
0
1
1
0
0
1
1
1
0
1
1
1
1
0
1
0
0
1
1
0
1
0
0
1
1
1
1
0
1
0
0
1
0
1
0
0
0
1
0
1
1
0
0
0
0
1
0
0
0
0
1
0
1
0
0
1
1
1
0
1
0
0
1
0
1
0
1
1
0
0
1
0
0
1
0
0
0
1
0
0
0
0
1
0
0
1
0
0
0
0
0
0
1
1
0
1
0
0
0
0
0
0
0
0
0
0
0
0
0
0
0
0
0
0
0
0
0
0
0
0
0
0
0
0
0
0
0
0
0
0
0
0
0
0
0
0
0
0
0
0
0
0
0
0
0
0
0
0
0
0
0
0
0
0
0
0
0
0
0
0
0
0
0
0
0
0
0
1
0
0
0
1
0
0
0
0
0
0
0
0
0
0
0
0
0
0
0
0
0
0
0
0
0
0
0
0
0
0
0
0
0
0
0
0
0
0
0
0
0
0
0
0
0
0
0
0
0
0
0
0
0
0
0
0
0
0
0
0
0
0
0
0
0
0
0
0
0
0
0
0
0
0
0
0
0
0
0
0
0
0
0
0
0
0
0
0
0
0
0
0
0
0
0
0
0
0
0
0
0
0
0
0
0
0
0
0
0
0
0
0
0
0
0
0
0
0
0
0
0
0
0
0
0
0
0
0
0
0
0
0
0
0
0
0
0
0
0
0
0
0
0
0
0
0
0
0
0
0
0
0
0
0
0
0
0
0
0
0
0
0
0
0
0
0
0
0
0
0
0
0
0
0
0
0
0
0
0
0
0
0
0
0
0
0
0
0
0
0
0
0
0
0
0
0
0
0
0
0
0
0
0
0
0
0
0
0
0
0
0
0
0
0
0
0
0
0
0
0
0
0
0
0
0
0
0
0
0
0
0
0
0
0
0
0
0
0
0
0
0
0
0
0
0
0
0
0
0
0
0
0
0
0
0
0
0
0
0
0
0
0
0
0
0
0
0
0
0
0
0
0
0
0
0
0
0
0
0
0
0
0
0
0
0
0
0
0
0
0
0
0
0
0
0
0
0
0
0
0
0
0
0
0
0
0
0
0
0
0
0
0
0
0
0
0
0
0
0
0
0
0
0
0
0
0
0
0
0
0
0
0
0
0
0
0
0
0
0
0
0
0
0
0
0
0
0
0
0
0
0
0
0
0
0
0
0
0
0
0
0
0
0
0
0
0
0
0
0
0
0
0
0
0
0
0
0
0
0
0
0
0
0
0
0
0
0
0
0
0
0
0
0
0
0
0
0
0
0
0
0
0
0
0
0
0
0
0
0
0
0
0
0
0
0
0
0
0
0
0
0
0
0
0
0
0
0
0
0
0
0
0
0
0
0
0
0
0
0
0
0
0
0
0
0
0
0
0
0
0
0
0
0
0
0
0
0
0
0
0
0
0
0
0
0
0
0
0
0
0
0
0
0
0
0
0
0
0
0
0
0
0
0
0
0
0
0
0
0
0
0
0
0
0
0
0
0
0
0
0
0
0
0
1
0
0
0
0
0
0
0
0
0
0
0
0
0
0
0
0
0
0
0
0
0
0
0
0
0
0
0
0
0
0
0
0
0
0
0
0
0
0
0
0
0
0
0
0
0
0
0
0
0
0
0
0
0
0
0
0
0
0
0
0
0
0
0
0
0
0
0
0
0
0
0
0
0
0
0
0
1
0
0
0
0
0
0
0
0
0
0
0
0
0
0
0
0
0
0
0
0
0
0
0
0
0
0
0
0
0
0
0
0
1
0
0
0
0
0
0
0
0
0
0
0
0
0
0
0
0
0
0
0
0
0
0
0
0
0
0
0
0
0
0
0
0
0
0
0
0
0
0
0
0
0
0
0
0
0
0
0
0
0
0
0
0
0
0
0
0
0
0
0
0
0
0
0
0
0
0
0
0
0
0
0
0
0
0
0
0
0
0
0
0
0
0
0
0
0
0
0
0
0
0
0
0
0
0
0
0
0
0
0
0
0
0
0
0
0
0
0
0
0
0
0
0
0
1
0
0
0
0
0
0
0
0
0
0
0
0
0
0
0
0
0
0
0
0
0
0
0
0
0
0
0
0
0
0
0
0
0
0
0
0
0
0
0
0
0
0
0
0
0
0
0
0
0
0
0
0
0
0
0
0
0
0
0
0
0
0
0
0
0
0
0
0
0
0
0
0
0
0
0
0
0
0
0
0
0
0
0
0
0
0
0
0
0
0
0
0
0
0
0
0
0
0
0
0
0
0
0
0
0
0
0
0
0
0
0
0
0
0
0
0
0
0
0
0
0
0
0
0
0
0
0
0
0
0
0
0
0
0
0
0
0
0
0
0
0
0
0
0
0
1
0
0
0
0
0
0
0
0
0
0
0
0
0
0
0
0
0
0
0
0
0
0
0
0
0
0
0
0
0
0
0
0
0
0
1
0
0
0
0
0
0
0
0
0
0
0
0
0
0
0
0
0
0
1
0
0
0
0
0
0
0
0
0
0
0
0
0
0
0
0
0
0
0
0
0
0
0
0
0
0
0
0
0
0
0
0
0
0
0
0
0
0
0
0
0
0
0
0
0
0
0
0
0
0
0
0
0
0
0
0
0
0
0
0
0
0
0
0
0
0
0
0
1
0
0
0
0
0
0
0
0
0
0
1
0
0
0
0
0
0
0
0
0
0
0
0
0
0
0
0
0
0
0
0
0
0
0
0
0
0
0
0
0
0
0
0
0
0
0
1
0
0
0
0
0
0
0
0
0
0
0
0
0
0
0
0
0
0
0
0
0
0
0
0
0
0
0
0
0
0
0
0
0
0
0
0
0
0
0
0
0
0
0
0
0
0
0
0
0
0
0
0
0
0
0
0
0
0
0
0
0
0
0
0
0
0
0
0
0
0
0
0
0
0
0
0
0
0
0
0
1
0
0
0
0
0
0
0
0
0
0
0
0
0
0
0
0
0
0
0
0
0
0
0
0
0
0
0
0
0
0
0
0
0
0
0
0
0
0
0
0
0
0
0
0
0
0
0
0
0
0
0
0
0
0
0
1
0
0
0
0
0
0
0
0
0
0
0
0
0
0
0
0
0
0
0
0
0
0
0
0
0
0
0
0
0
0
0
0
0
0
0
0
0
0
0
0
0
0
0
0
0
0
0
0
0
0
0
0
0
0
0
0
0
0
0
0
0
0
0
0
0
0
0
0
0
0
0
0
0
0
0
0
0
0
0
0
0
0
0
0
1
0
0
0
0
0
0
0
0
0
0
0
0
0
0
0
0
0
0
0
0
0
0
0
0
0
0
0
0
0
0
0
0
0
0
0
0
0
0
0
0
0
0
0
0
0
0
0
0
0
0
0
0
0
0
0
0
0
0
0
0
0
0
0
0
0
0
0
0
0
0
0
0
0
0
0
1
0
0
0
0
0
0
0
0
0
0
0
0
0
0
0
0
0
0
0
0
0
0
0
0
0
0
0
0
0
0
0
0
0
0
0
0
0
0
0
0
0
0
0
0
0
0
0
0
0
0
0
0
0
0
0
0
0
0
0
0
0
0
0
0
0
0
0
0
0
0
0
0
0
0
0
0
0
0
0
0
0
0
0
0
0
0
0
0
0
0
0
0
0
0
0
0
0
0
0
0
0
0
0
0
0
0
0
0
0
0
0
0
0
0
0
0
0
0
0
0
0
0
0
0
0
0
0
0
0
0
0
0
0
0
0
0
0
0
0
0
0
0
0
0
0
0
0
0
0
0
0
0
0
0
0
0
0
0
0
0
0
0
0
0
0
0
0
0
0
0
0
0
0
0
0
0
0
0
0
0
0
0
0
0
0
0
0
0
0
0
0
0
0
0
0
0
0
0
0
0
0
1
0
0
0
0
0
0
0
0
0
0
0
0
0
0
0
0
0
0
1
0
0
0
0
0
0
0
0
0
0
0
0
0
0
0
0
0
0
1
0
0
0
0
0
0
0
0
0
0
0
0
0
0
0
0
0
0
0
0
0
0
0
0
0
0
0
0
1
0
0
0
0
0
0
0
0
0
0
0
0
0
0
0
0
0
0
0
0
0
0
0
0
0
0
0
0
0
0
0
0
0
0
0
0
0
0
0
0
0
0
0
0
0
0
0
0
0
0
0
0
0
0
0
0
0
0
0
0
0
0
0
0
0
0
0
1
0
0
0
0
0
0
0
0
0
0
0
0
0
0
0
0
0
0
0
0
0
0
0
0
0
0
0
0
0
0
0
0
0
0
0
0
0
0
0
0
0
0
0
0
0
0
0
0
0
0
0
0
0
0
0
0
0
0
0
0
0
0
0
0
0
0
0
0
1
0
0
0
0
0
0
0
0
0
0
0
0
0
0
0
0
0
0
0
0
0
0
0
0
0
0
0
0
0
0
0
0
0
0
0
0
0
0
0
0
0
0
0
0
0
0
0
0
0
0
0
0
0
0
0
0
0
0
0
0
0
0
0
0
0
0
0
0
0
0
0
0
0
0
0
1
0
0
0
0
0
0
0
0
0
0
0
0
0
0
0
0
0
0
0
0
0
1
0
0
0
0
0
1
0
0
0
0
0
0
0
0
0
0
0
0
0
0
0
0
0
0
0
0
0
0
0
0
0
0
0
0
0
0
0
0
0
0
0
0
0
0
0
0
0
0
0
0
0
0
0
0
0
0
0
0
0
0
0
0
0
0
0
0
0
0
0
0
0
0
0
0
0
0
0
0
0
0
0
0
0
0
0
0
0
0
0
0
0
0
0
0
0
0
0
0
0
0
0
0
0
0
0
0
0
0
0
0
0
0
0
0
0
0
0
0
0
0
0
0
0
0
0
0
0
0
0
0
0
0
0
0
0
0
0
0
0
0
0
0
0
1
0
0
0
0
0
0
0
0
0
0
0
0
0
0
0
0
0
0
0
0
0
0
0
0
0
0
1
0
0
0
0
0
0
0
0
0
0
0
0
0
0
0
0
0
0
0
0
0
0
0
0
0
0
0
0
0
0
0
0
0
0
0
0
0
0
0
0
0
0
0
0
0
1
0
0
0
0
0
0
0
0
0
0
0
0
0
0
0
0
0
0
0
0
0
0
0
0
0
0
0
0
0
0
0
0
0
0
0
0
0
0
0
0
0
0
0
0
0
0
0
0
0
0
0
0
0
0
0
0
0
0
0
0
0
0
0
0
0
0
0
0
0
0
0
0
0
0
0
0
0
0
0
0
0
0
0
0
0
0
0
0
0
0
0
0
0
0
0
0
0
0
0
1
0
0
0
1
0
0
0
0
0
0
0
0
0
0
0
0
0
0
0
0
0
0
0
0
1
0
0
0
0
0
0
0
0
0
0
0
0
0
0
0
0
0
0
0
0
0
0
0
0
0
0
0
0
0
0
0
0
0
0
0
0
0
0
0
0
0
0
0
0
0
0
0
0
0
0
0
0
0
0
0
0
0
0
0
0
0
0
0
0
0
0
0
0
0
0
0
0
0
0
0
0
0
0
0
0
0
0
0
0
0
0
0
0
0
0
0
0
0
0
0
0
0
0
0
0
0
0
0
0
0
0
0
0
0
0
0
0
0
0
0
0
1
0
0
0
0
0
0
0
0
0
0
0
0
0
0
0
0
1
0
0
0
0
0
0
0
0
0
0
0
0
0
0
0
0
0
0
0
0
0
0
0
0
0
0
0
0
0
0
0
0
0
0
0
0
0
0
0
0
0
0
0
0
0
0
0
0
1
0
0
0
0
0
0
0
0
0
0
0
0
0
0
0
0
0
0
0
0
0
0
0
0
0
0
0
0
0
0
0
0
0
0
0
0
0
0
0
0
0
0
0
0
0
0
0
0
0
0
0
0
0
0
0
0
0
0
0
0
0
0
0
0
0
0
0
0
0
0
0
0
0
0
0
0
0
0
0
0
0
0
0
0
0
0
0
0
0
0
0
0
0
0
0
0
0
0
0
0
0
0
0
0
0
0
0
0
0
0
0
0
0
0
0
0
0
0
0
0
0
0
0
0
0
0
0
0
0
0
0
0
0
0
0
0
0
0
0
0
0
0
0
0
0
0
0
0
0
0
0
0
0
0
0
0
0
0
0
0
0
0
0
0
0
0
0
0
0
0
0
0
0
0
1
0
0
0
0
0
0
0
0
0
0
1
0
0
0
0
0
0
0
1
0
1
0
0
0
0
0
0
1
0
0
0
0
0
0
0
0
0
0
0
1
0
0
0
0
0
0
0
0
0
0
0
0
0
0
0
0
0
0
0
0
0
0
0
0
0
0
0
0
0
0
0
0
0
0
0
0
0
0
0
0
0
0
0
0
0
0
0
0
0
0
0
0
0
0
0
0
0
0
0
0
0
0
0
0
0
0
0
0
0
0
0
0
0
0
0
0
0
0
0
0
0
0
0
0
0
0
0
0
0
0
0
0
0
0
0
0
0
0
0
0
0
0
0
0
0
0
0
0
0
0
0
0
0
0
1
0
0
0
0
0
0
0
0
0
0
0
0
0
0
0
0
0
0
0
0
0
0
0
1
0
0
0
0
0
0
0
0
0
0
0
0
0
0
0
0
0
0
0
0
0
0
0
0
0
0
0
0
0
0
0
0
0
0
0
0
0
0
0
0
0
0
0
0
0
0
0
0
0
0
0
0
0
0
1
0
0
0
0
0
0
0
0
0
0
0
0
0
0
0
0
0
0
0
0
0
0
0
0
0
0
0
0
0
0
0
0
0
0
0
0
0
0
0
0
0
0
0
0
0
0
0
0
0
0
0
0
0
0
0
0
0
0
0
0
0
0
0
0
0
0
0
0
0
0
0
0
0
0
0
1
0
0
0
0
0
0
0
0
0
0
0
0
0
0
0
0
0
0
0
0
0
0
0
0
0
0
0
0
0
0
0
0
0
0
0
0
0
0
0
0
0
0
0
1
0
0
1
0
0
0
0
0
0
1
0
0
0
0
0
0
0
0
0
0
0
0
0
0
0
0
0
0
0
0
0
0
0
0
0
0
0
0
0
0
0
0
0
0
0
0
0
0
0
0
0
0
0
0
0
0
0
0
0
0
0
0
0
0
0
0
0
1
0
0
0
0
0
0
0
0
0
0
0
0
0
0
0
1
0
0
0
0
0
0
0
0
0
0
0
0
0
0
0
0
0
0
0
0
1
0
1
0
0
0
0
0
0
0
0
0
0
0
0
0
0
0
0
0
0
0
0
0
0
0
0
0
0
0
0
0
0
0
0
0
0
0
0
0
0
0
0
0
0
0
0
0
1
0
0
0
0
0
0
0
0
0
0
0
0
0
0
0
0
0
0
0
0
0
0
0
0
0
0
0
0
0
0
0
0
0
0
1
0
0
0
0
0
0
0
0
0
0
0
0
1
0
0
0
0
0
0
0
0
0
0
0
0
0
0
0
0
0
0
0
0
0
0
0
1
0
0
0
0
0
0
0
1
0
0
0
1
0
0
0
0
0
0
1
0
0
0
0
0
0
0
1
0
0
0
0
0
0
0
0
0
0
0
0
0
0
0
0
0
0
0
0
0
0
0
0
0
0
0
0
0
0
0
0
0
0
0
0
0
0
0
0
0
1
0
0
0
0
0
0
0
0
0
0
0
0
0
0
0
0
0
0
0
0
0
0
0
0
0
0
0
0
0
0
0
0
0
0
0
0
0
0
0
0
0
0
0
0
0
0
0
0
0
0
0
0
0
0
1
0
0
0
0
0
0
1
1
0
0
1
0
0
0
0
0
0
0
0
0
0
0
0
0
1
1
0
0
0
1
0
0
0
0
0
0
0
0
0
0
0
0
0
0
0
0
0
0
0
0
0
0
0
0
0
0
0
0
0
0
0
0
0
0
0
0
0
0
0
0
0
0
0
0
0
0
0
0
0
0
0
0
0
0
0
0
0
0
0
0
0
0
0
0
0
0
0
0
0
0
0
0
0
0
0
0
0
0
0
0
0
0
0
0
0
0
0
0
0
0
0
0
0
0
0
0
0
0
0
0
0
0
0
0
0
0
0
0
0
0
0
0
0
0
0
0
0
0
0
0
0
0
0
0
0
0
0
0
0
0
0
0
0
0
1
0
0
0
0
0
0
0
0
0
0
0
0
0
0
0
0
0
0
0
0
0
0
0
0
0
0
0
0
0
0
1
0
0
0
0
0
0
0
0
0
0
0
0
0
0
0
0
0
0
0
0
0
0
0
0
0
0
0
0
0
0
0
0
0
0
0
0
0
0
0
0
0
0
0
0
0
0
0
0
0
0
0
1
0
0
0
0
0
0
0
0
0
0
0
0
0
0
0
0
0
0
0
0
0
0
0
0
0
0
0
0
0
0
0
0
0
0
0
0
0
1
0
0
0
0
0
0
0
0
0
0
0
0
0
0
0
0
0
0
0
0
0
0
0
0
0
0
0
0
0
0
0
0
0
0
0
0
0
0
0
0
0
0
0
0
0
0
0
0
0
0
0
0
0
0
0
0
0
0
0
0
0
0
0
0
0
0
0
0
0
0
0
0
0
0
0
0
0
0
0
0
0
0
0
0
0
0
0
0
0
0
0
0
0
0
0
0
0
0
0
0
0
0
0
0
0
0
0
0
0
0
0
0
0
0
0
0
0
0
0
0
0
0
0
0
0
0
0
0
0
0
0
0
0
0
0
0
0
0
0
0
0
0
0
0
0
0
0
0
0
0
0
0
0
0
0
0
0
0
0
0
0
0
1
0
0
0
0
0
0
0
0
0
0
0
0
0
0
0
0
0
0
0
0
0
0
0
0
0
0
0
0
0
0
0
0
0
0
0
1
0
0
0
0
0
0
0
0
0
0
0
0
0
0
0
0
0
0
0
0
0
0
0
0
0
0
0
0
0
0
0
0
0
0
0
0
0
0
0
0
0
0
0
0
0
0
0
0
0
0
0
0
0
0
0
0
0
0
0
0
0
0
0
0
0
0
0
0
0
0
0
0
0
0
0
0
0
0
0
0
0
0
0
0
0
0
0
0
0
0
0
0
0
0
0
0
0
0
0
0
0
0
0
0
0
0
0
0
0
0
0
0
0
0
0
0
0
0
0
0
0
0
0
0
0
0
0
0
0
0
0
0
0
0
0
0
0
0
1
0
0
0
0
0
0
0
0
0
0
0
0
0
0
0
0
0
0
0
0
0
0
0
0
0
0
0
0
0
0
0
0
0
0
0
0
0
0
0
0
0
0
0
0
0
0
0
0
0
0
0
0
0
0
0
0
0
0
0
0
0
0
0
0
0
0
0
0
0
0
0
0
0
0
0
0
0
1
0
0
0
0
0
0
0
0
0
0
0
0
0
0
0
0
0
0
0
0
0
0
0
0
0
0
0
0
0
0
0
0
0
0
0
0
0
0
0
0
0
1
0
0
0
0
0
0
0
0
1
0
0
0
0
0
0
0
0
0
0
0
0
0
0
0
0
0
0
0
0
0
0
0
0
0
0
0
0
0
0
0
0
0
0
0
0
0
0
0
0
0
1
0
0
0
0
1
0
0
0
0
0
0
0
0
0
0
0
0
0
0
0
0
0
0
0
0
0
0
0
0
0
0
0
0
0
0
0
0
0
0
0
0
0
0
0
0
0
0
0
0
0
0
0
0
0
0
0
0
0
0
0
0
0
0
0
0
0
0
0
0
1
0
0
0
0
1
0
0
0
0
0
0
0
0
0
0
0
0
0
0
0
0
0
0
0
0
0
0
0
0
0
0
0
0
0
0
1
0
1
0
0
0
0
0
0
0
0
0
0
0
0
0
1
0
1
0
1
1
0
0
0
0
0
0
0
0
0
0
0
0
0
0
0
0
1
0
0
0
0
0
0
0
0
0
0
0
0
0
0
0
0
0
0
0
0
0
0
0
0
1
0
0
0
0
0
0
0
0
0
0
0
0
0
0
0
0
0
0
0
0
0
0
0
0
0
0
0
0
0
0
0
0
0
0
0
0
0
0
0
0
0
0
0
0
0
0
0
0
0
0
0
0
0
0
0
0
0
0
0
0
0
0
0
0
0
0
0
0
0
0
0
0
0
0
0
0
0
0
0
0
0
0
0
0
0
0
0
0
0
0
0
0
0
0
0
0
0
0
0
0
1
0
0
0
0
0
0
0
0
0
0
0
0
0
0
0
0
0
1
0
0
0
0
0
0
0
0
0
0
0
0
0
0
0
0
0
0
0
0
0
0
0
0
0
0
0
0
0
0
0
0
0
0
0
0
0
0
0
0
0
0
0
0
0
0
0
0
0
0
0
0
0
0
0
0
0
0
0
0
0
0
0
0
0
0
0
0
0
0
0
0
0
0
0
0
0
1
0
0
0
0
0
0
0
0
0
0
0
0
0
0
0
0
0
0
0
1
0
0
0
0
0
0
0
0
1
0
0
0
0
0
0
0
0
0
0
1
0
0
0
0
1
1
0
0
0
0
0
0
0
0
0
0
0
0
0
0
0
0
0
0
0
0
0
0
1
1
0
0
0
0
0
0
0
0
0
0
1
0
1
0
0
0
0
0
0
0
0
0
0
0
0
0
0
0
0
0
0
0
0
0
0
0
0
0
0
0
0
0
0
0
0
0
0
0
0
0
1
0
0
0
0
0
0
0
0
0
0
0
0
0
0
0
0
0
0
0
0
0
0
0
0
0
0
0
0
0
0
0
0
0
0
0
0
0
0
0
0
0
0
0
0
0
0
0
0
0
0
0
0
0
0
0
0
0
0
0
0
0
0
0
0
0
0
0
0
0
0
0
0
0
0
0
0
0
0
0
0
0
1
0
0
0
0
0
0
0
0
0
0
0
0
0
0
0
1
0
0
1
0
0
0
0
0
0
0
0
0
0
0
0
0
0
0
0
0
0
0
0
0
0
0
0
0
0
0
0
0
0
0
0
0
0
0
0
1
0
0
0
0
0
1
0
0
0
0
0
0
0
0
0
0
0
0
0
0
0
0
0
0
0
0
0
0
0
0
0
0
0
0
1
0
0
0
0
0
0
0
1
0
0
0
0
0
0
0
0
0
0
0
0
0
0
0
0
0
0
0
0
0
0
0
0
0
0
0
0
0
0
0
0
0
0
0
0
1
0
1
0
0
1
0
0
0
0
1
1
0
0
0
0
0
0
0
0
0
0
0
0
0
0
0
0
0
0
0
0
0
0
0
0
0
0
0
0
0
0
0
0
0
0
0
0
0
1
  </DataArray>
  <DataArray type = "Float64" Name="AppartientEntree4" format="ascii">
1
0
0
1
0
0
1
0
0
0
0
0
0
0
0
1
0
0
0
0
0
0
0
0
0
0
0
0
0
0
0
0
0
1
0
0
0
0
0
0
0
0
1
0
0
1
1
0
0
0
0
0
0
0
0
0
1
0
0
0
0
0
1
0
0
0
0
0
0
0
1
0
0
0
0
0
0
0
1
0
0
0
0
1
0
0
0
0
0
0
0
0
0
0
0
0
0
1
0
1
1
0
0
0
0
0
1
0
0
0
0
0
0
0
0
0
0
0
0
0
0
0
0
0
1
0
0
0
0
0
0
0
0
1
0
1
0
0
1
0
0
0
0
0
0
0
1
0
0
1
0
0
0
1
0
0
1
0
1
0
0
0
0
0
0
0
0
0
1
1
1
1
0
1
1
0
0
0
1
1
0
1
0
1
1
1
1
0
0
0
0
1
1
1
0
0
1
0
0
1
0
1
1
0
0
0
0
1
1
0
1
1
1
1
0
1
1
1
1
1
1
1
1
0
1
1
0
1
1
0
1
1
1
1
1
0
1
0
0
0
0
0
1
0
1
0
1
1
1
0
1
1
1
1
1
0
0
1
0
1
0
0
0
1
1
1
0
0
0
1
0
1
1
0
1
1
1
0
1
1
1
0
1
1
0
1
0
0
0
1
0
0
1
1
1
0
1
0
1
0
1
0
0
1
0
0
1
0
0
1
0
0
0
0
1
0
1
1
1
0
1
0
1
0
1
1
1
0
1
0
0
1
0
0
1
1
0
1
0
0
0
0
1
0
1
0
1
1
0
1
1
0
1
0
1
0
0
0
0
1
0
1
0
1
0
1
1
0
0
0
0
0
0
0
0
0
1
0
0
0
0
0
0
0
0
0
0
0
0
0
0
0
0
0
0
0
0
0
0
0
0
0
0
0
0
0
0
0
0
0
0
0
0
0
0
0
0
0
0
0
0
0
0
0
0
0
0
0
0
0
0
0
0
0
0
0
0
0
0
0
0
0
0
0
0
0
0
0
0
0
0
0
0
0
0
0
0
0
0
0
0
0
0
0
0
0
0
0
0
0
0
0
0
0
0
0
0
0
0
0
0
0
0
0
0
0
0
0
0
0
0
0
0
0
0
0
0
0
0
0
0
0
0
0
0
0
0
0
0
0
0
0
0
0
0
0
0
0
0
0
0
0
0
0
0
0
0
0
0
0
0
0
0
0
0
0
0
0
0
0
0
0
0
0
0
0
0
0
0
0
0
0
0
0
0
0
0
0
0
0
0
0
0
0
0
0
0
0
0
0
0
0
0
0
0
0
0
0
0
0
0
0
0
0
0
0
0
0
0
0
0
0
0
0
0
0
0
0
0
0
0
0
0
0
0
0
0
0
0
0
0
0
0
0
0
0
0
0
0
0
0
0
0
0
0
0
0
0
0
0
0
0
0
0
0
0
0
0
0
0
0
0
0
0
0
0
0
0
0
0
0
0
0
0
0
0
0
0
0
0
0
0
0
0
0
0
0
0
0
0
0
0
0
0
0
0
0
0
0
0
0
0
0
0
0
0
0
0
0
0
0
0
0
0
0
0
0
0
0
0
0
0
0
0
0
0
0
0
0
0
0
0
0
0
0
0
0
0
0
0
0
0
0
0
0
0
0
0
0
0
0
0
0
0
0
0
0
0
0
0
0
0
0
0
0
0
0
0
0
0
0
0
0
0
0
0
0
0
0
0
0
0
0
0
0
0
0
0
0
0
0
0
0
0
0
0
0
0
0
0
0
0
0
0
0
0
0
0
0
0
0
1
0
0
0
0
0
0
0
1
0
0
0
0
0
0
0
0
0
0
0
0
0
0
0
0
0
0
0
0
0
0
0
0
0
0
0
0
0
0
0
0
0
0
0
0
0
0
0
0
0
0
0
0
0
0
0
0
0
0
0
0
0
0
0
0
0
0
0
0
0
0
0
0
0
0
0
0
0
0
0
0
0
0
0
0
0
0
0
0
0
1
0
0
0
0
0
0
0
0
0
1
0
0
0
0
0
0
0
0
0
0
0
0
0
0
0
0
0
0
0
0
0
0
0
0
0
0
0
0
0
0
0
0
0
0
0
0
0
0
0
0
0
0
0
0
0
0
0
0
0
0
0
0
0
0
0
0
0
0
0
0
0
0
0
0
0
0
0
0
0
0
0
0
0
0
0
0
0
0
0
0
0
0
0
0
0
0
0
0
0
0
0
0
0
0
0
0
0
0
0
0
0
0
0
0
0
0
0
0
0
1
0
0
0
0
1
0
0
0
0
0
0
0
0
0
0
0
0
0
0
0
0
0
0
0
0
0
0
0
0
0
0
0
0
0
0
0
0
0
0
0
0
0
0
0
0
0
0
0
0
0
0
0
0
0
0
0
0
0
0
0
0
0
0
0
0
0
0
0
0
0
0
0
0
0
0
0
0
0
0
0
0
0
0
0
0
0
0
0
0
0
0
0
0
0
0
0
0
0
0
0
0
0
0
0
0
0
0
0
0
0
0
0
0
0
0
0
0
0
0
0
0
0
0
0
0
0
0
0
0
0
0
0
0
0
0
0
0
0
0
0
0
0
0
0
0
0
0
0
0
0
0
0
0
0
0
0
0
0
0
0
0
0
0
0
1
0
0
0
0
0
0
0
0
0
0
0
0
0
0
0
0
0
0
0
0
0
0
0
0
0
0
0
0
0
0
0
0
0
0
0
0
0
0
0
0
0
0
0
0
0
0
0
0
0
0
1
0
0
0
0
0
0
0
0
0
0
0
0
0
0
1
0
0
0
0
0
0
0
0
0
0
0
0
0
0
0
0
0
0
0
0
0
0
0
0
0
0
0
0
0
0
0
0
0
0
0
0
0
0
0
0
0
0
0
0
0
0
0
0
0
0
0
0
0
0
0
0
0
0
0
0
0
0
0
0
0
0
0
0
0
0
0
0
0
0
0
0
0
0
0
0
0
0
0
0
0
0
0
0
0
0
0
0
0
0
0
0
0
0
0
0
0
0
0
0
0
0
0
0
0
0
0
0
0
0
0
0
0
0
0
0
0
0
0
0
0
0
0
0
0
0
0
0
0
0
0
0
0
0
0
0
0
0
0
0
0
0
0
0
0
0
0
0
0
0
0
0
0
0
0
0
0
0
0
0
0
0
0
0
0
0
0
0
0
0
0
0
0
0
0
0
0
0
0
0
0
0
0
0
0
0
0
0
0
0
0
0
0
0
0
0
0
0
0
0
0
0
0
0
0
0
0
0
0
0
0
0
0
0
0
0
0
0
0
0
0
0
0
0
1
0
0
0
0
0
0
0
0
0
0
0
0
0
0
0
0
0
0
0
0
0
0
0
0
1
0
0
0
0
0
0
0
0
0
0
0
0
0
0
0
0
0
0
0
0
0
0
0
0
0
0
0
0
0
0
0
0
0
0
0
0
0
0
0
0
0
0
0
0
0
0
0
0
0
0
0
0
0
0
0
0
0
0
0
0
0
0
0
0
0
0
0
0
0
0
0
0
0
0
0
0
0
0
0
0
0
0
0
0
0
0
0
0
0
0
0
0
0
0
0
0
0
0
0
0
0
0
0
0
0
0
0
0
0
0
0
0
0
0
0
0
0
0
0
0
0
0
0
0
0
0
0
0
0
0
0
0
0
0
0
0
0
0
0
0
0
0
0
0
0
0
0
0
0
0
0
0
0
0
0
0
0
0
0
0
0
0
0
0
0
0
0
0
0
0
0
0
0
0
0
0
0
0
0
0
0
0
0
0
0
0
0
0
0
0
0
0
0
0
0
0
0
0
0
0
0
0
0
0
0
0
0
0
0
0
0
0
0
0
0
0
0
0
0
0
0
0
0
0
0
0
0
0
0
0
0
0
0
0
0
0
0
0
0
0
0
0
0
0
0
0
1
0
0
0
0
0
0
0
0
0
0
0
0
0
0
0
0
0
0
0
0
1
0
0
0
0
0
0
0
0
0
0
0
0
0
0
0
0
0
0
0
0
0
0
0
0
0
0
0
0
0
0
0
0
0
0
0
0
0
0
0
0
0
0
0
0
0
0
0
0
0
0
0
0
0
0
0
0
0
0
0
0
0
0
0
0
0
0
0
0
0
0
0
0
0
0
0
0
0
0
0
0
0
0
0
0
0
0
0
0
0
0
0
0
0
0
0
0
0
0
0
0
0
0
0
0
0
0
0
0
0
0
0
0
0
0
0
0
0
0
0
0
0
0
0
0
0
0
0
0
0
0
0
0
0
0
0
0
0
0
0
0
0
0
0
0
0
0
0
0
0
0
0
0
0
0
0
0
0
0
0
0
0
0
0
0
0
0
0
0
0
0
0
0
0
0
0
0
0
0
0
0
0
0
0
0
0
0
0
0
0
0
0
0
0
0
0
0
0
0
0
0
0
0
0
0
0
0
0
0
0
0
1
0
0
0
0
0
0
0
0
0
0
0
0
0
0
0
0
0
0
0
0
0
0
0
0
0
0
0
0
0
0
0
0
0
0
0
0
0
0
0
0
0
0
0
0
0
0
0
0
0
0
1
0
0
0
0
0
0
0
0
0
0
0
0
0
0
0
0
0
0
0
0
1
0
0
0
0
0
0
0
0
0
0
0
0
0
0
0
0
0
0
0
0
0
0
0
0
0
0
0
0
0
0
0
0
0
0
0
0
0
0
0
0
0
0
0
0
0
0
0
0
0
0
0
0
0
0
0
0
0
0
0
0
0
0
0
0
0
0
0
0
0
0
0
0
0
0
0
0
0
0
0
0
0
0
0
0
0
0
0
0
0
0
0
0
0
0
0
0
0
0
0
0
0
0
0
0
0
0
0
0
0
0
0
0
0
0
0
0
0
0
0
0
0
0
0
0
0
0
0
0
0
0
0
0
0
0
0
0
0
0
0
0
0
0
0
0
0
0
0
0
0
0
0
0
0
0
0
0
1
0
0
0
0
0
0
0
0
0
0
0
0
0
0
0
0
0
0
0
0
0
0
0
0
0
0
0
0
0
0
0
0
0
0
0
0
0
0
0
0
0
0
0
0
0
0
0
0
0
0
0
0
0
0
0
0
0
0
1
0
0
0
0
0
0
0
0
0
0
0
0
0
0
0
1
0
0
0
1
0
0
0
0
0
0
0
0
0
0
0
0
0
0
0
0
0
0
0
0
1
0
0
0
0
0
0
0
0
0
0
0
0
0
0
0
0
0
0
0
0
0
0
0
0
0
0
0
0
0
0
0
0
0
0
0
0
0
0
0
0
0
0
1
0
0
0
0
0
0
0
0
0
0
0
0
0
0
0
0
0
1
0
0
0
0
0
0
1
0
0
0
0
0
0
0
0
0
0
0
0
0
0
0
0
0
0
0
0
0
0
0
0
0
0
0
0
0
0
0
0
0
0
0
0
0
0
0
0
0
0
0
0
0
0
0
0
0
0
0
0
0
0
0
0
0
0
0
0
0
0
0
0
0
0
0
0
0
0
0
0
0
0
0
0
0
0
0
0
0
0
0
0
0
0
0
0
0
0
0
0
0
0
0
0
0
0
0
0
0
0
0
0
0
0
0
0
0
0
0
0
0
0
0
0
0
0
0
0
0
0
0
0
0
0
0
0
0
0
0
0
0
0
0
0
0
0
0
0
0
0
0
0
0
0
0
0
0
0
0
0
0
0
0
0
0
0
0
0
0
0
0
0
0
0
0
0
0
0
0
0
0
0
0
0
0
0
0
0
1
0
0
0
0
0
0
0
0
0
0
0
0
0
0
0
0
0
0
0
0
0
0
0
0
0
0
0
0
0
0
0
0
0
0
0
0
0
0
0
0
0
0
0
0
0
0
0
0
0
0
0
0
0
0
0
0
0
0
0
0
1
0
0
0
0
0
0
0
0
1
0
0
0
0
0
0
0
0
0
0
0
0
0
0
0
0
0
0
0
0
0
0
0
0
0
0
0
0
0
0
0
0
0
0
0
0
0
0
0
0
0
0
0
1
0
0
0
0
0
0
0
0
0
0
0
0
0
0
0
0
0
0
0
0
0
0
0
0
0
0
0
0
0
0
1
0
0
0
0
0
0
0
0
0
0
0
0
0
0
0
0
0
0
0
0
0
0
0
0
0
0
0
0
0
0
0
0
0
0
0
0
0
0
0
0
0
0
0
0
0
0
0
0
0
0
0
0
0
0
0
0
0
0
0
0
0
0
0
0
0
0
0
0
0
0
0
0
0
0
0
0
0
0
0
0
0
1
0
0
0
0
0
0
0
0
0
0
0
0
0
0
0
0
0
0
0
0
0
0
0
0
0
0
0
0
0
0
0
0
0
0
0
0
0
0
0
0
0
0
0
0
0
0
0
0
0
0
0
0
0
0
0
0
0
0
0
0
0
0
0
0
0
0
0
0
0
0
0
0
0
0
0
0
0
0
0
0
0
0
0
0
0
0
0
0
0
0
0
0
0
0
0
0
0
0
0
0
0
0
0
0
1
0
0
0
0
0
0
0
0
0
0
0
0
0
0
0
0
0
0
0
0
0
0
0
0
0
0
0
0
0
0
0
0
0
0
0
0
0
0
0
0
0
0
0
0
0
0
0
0
0
0
0
0
0
0
0
0
0
0
0
0
0
0
0
0
0
0
0
0
0
0
0
0
0
0
0
0
0
0
0
0
0
0
0
0
0
0
0
1
0
0
0
0
0
0
0
0
0
0
0
0
0
0
0
0
0
0
0
0
0
0
0
0
0
0
0
0
0
0
0
0
0
0
0
0
0
0
0
0
0
0
0
0
0
0
0
0
0
0
0
0
0
0
0
0
0
0
0
0
0
0
0
0
0
0
0
0
0
0
0
0
0
0
0
0
0
0
0
0
0
0
0
0
0
0
0
0
0
0
0
0
0
0
0
0
0
0
0
0
0
0
0
0
0
0
0
0
0
0
0
0
0
0
0
0
0
0
0
0
0
0
0
0
0
0
0
0
0
0
0
0
0
0
0
0
0
0
0
0
0
0
0
0
0
0
0
0
0
0
1
0
0
0
0
0
0
0
0
0
0
0
0
0
0
0
0
0
0
0
0
0
0
0
0
0
0
0
0
0
0
0
0
0
0
0
0
0
0
0
0
0
0
0
0
1
0
0
0
0
0
0
0
0
1
0
0
0
0
0
0
0
0
0
0
0
0
0
0
0
0
0
0
0
0
0
0
0
0
0
0
0
0
0
0
0
0
0
0
0
0
0
0
0
0
0
0
0
0
0
0
0
0
0
0
0
0
0
0
0
0
0
0
0
0
0
0
0
0
0
0
0
0
0
0
0
0
0
0
0
0
0
0
0
0
0
0
0
0
0
1
0
0
0
0
0
0
0
0
0
0
0
0
0
0
0
0
0
0
0
0
0
0
0
0
0
0
0
0
0
0
0
0
0
0
0
0
0
0
1
0
0
0
0
0
0
0
0
0
0
0
0
0
0
0
0
0
0
0
0
0
0
0
0
0
0
0
0
0
0
0
0
0
0
0
0
0
0
0
0
0
0
0
0
0
0
0
0
0
0
0
0
0
0
0
0
0
0
0
0
0
0
0
0
0
0
0
0
0
0
0
0
0
0
0
0
0
0
0
0
0
0
0
0
0
0
0
0
0
0
0
0
0
0
0
0
0
0
0
0
0
0
0
0
0
0
0
0
0
0
0
0
0
0
0
0
0
0
1
0
0
0
0
0
0
0
0
0
0
0
0
0
0
0
0
0
0
0
0
0
0
0
0
0
0
0
0
0
0
0
0
0
0
0
0
0
0
0
0
0
0
0
0
0
0
0
0
0
0
0
0
0
0
0
0
0
0
0
0
0
0
0
0
0
0
0
0
0
0
0
0
0
0
0
0
0
0
0
0
0
0
0
0
0
0
0
0
0
0
0
0
0
0
0
0
0
0
0
0
0
0
0
0
1
0
0
0
0
0
0
0
0
0
0
0
0
0
0
0
0
0
0
0
0
0
0
0
0
0
0
0
0
0
0
0
0
0
0
0
0
0
0
0
0
0
0
0
0
0
0
0
0
0
0
0
0
0
0
0
0
0
0
0
0
0
0
1
0
0
0
0
0
0
0
0
0
0
0
0
0
0
0
0
0
0
0
0
0
0
0
0
0
0
0
0
0
0
0
0
0
0
0
0
0
0
0
0
0
0
0
0
0
0
0
0
0
0
0
0
0
0
0
0
0
0
0
0
0
0
0
0
0
0
0
0
0
0
0
0
0
0
0
0
0
0
0
0
0
0
0
0
0
0
0
0
0
0
0
0
0
0
0
0
0
0
0
0
0
0
0
0
0
0
0
0
0
0
0
0
0
0
0
0
0
0
0
0
0
0
0
0
0
0
0
0
0
0
0
0
0
0
0
0
0
0
0
0
0
0
0
0
0
0
0
0
0
0
0
0
0
0
0
0
0
0
0
0
0
0
0
0
0
0
0
0
0
0
0
0
0
0
0
0
0
0
0
0
0
0
0
1
0
0
0
0
0
0
0
0
0
0
0
0
0
0
0
0
0
0
0
0
0
0
0
0
0
0
0
0
0
0
0
0
0
0
0
0
0
0
0
0
0
0
0
0
0
0
0
0
0
0
0
0
0
0
0
0
0
0
0
0
0
0
0
0
0
0
0
0
0
0
0
0
0
0
0
0
0
0
0
0
0
0
0
0
0
0
0
0
0
0
0
0
0
0
0
0
0
0
0
0
0
0
0
0
0
0
0
0
0
0
0
0
0
0
0
0
0
0
0
0
0
0
0
0
0
0
0
0
0
0
0
0
0
0
0
0
0
0
0
0
0
0
0
0
0
0
0
0
0
0
0
0
0
0
0
0
0
0
0
0
0
0
0
0
0
0
0
0
0
0
0
0
0
0
0
0
0
0
0
0
0
0
0
0
0
0
0
0
0
0
0
0
0
0
0
0
0
0
0
0
0
0
0
0
0
0
0
0
0
0
0
0
0
0
0
0
0
0
0
0
0
0
0
0
0
0
0
0
0
0
0
0
0
0
0
0
0
0
0
0
0
0
0
0
0
0
0
0
0
0
0
0
0
0
0
1
0
0
0
0
0
0
0
0
0
0
0
0
0
0
0
0
0
0
0
0
0
0
0
0
0
0
0
0
0
0
0
0
0
0
0
0
0
0
0
0
0
0
0
0
0
0
0
0
0
0
0
0
0
0
0
0
0
0
0
0
0
0
0
0
0
0
0
0
0
0
0
0
0
0
0
0
0
0
0
0
0
0
0
0
1
0
0
0
0
0
0
0
0
0
0
0
0
0
0
1
0
0
0
0
0
0
0
0
0
0
0
0
0
0
0
0
0
0
0
0
0
0
1
0
0
0
0
0
0
0
0
0
0
0
0
0
0
1
0
0
0
0
0
0
0
0
0
0
0
0
0
0
0
0
0
0
0
0
0
0
0
0
0
0
0
0
0
0
0
0
0
0
0
0
0
0
0
0
0
0
0
0
0
0
0
0
0
0
0
0
0
0
0
0
0
0
0
0
0
0
0
0
0
0
0
0
0
0
0
0
0
0
0
0
0
0
0
0
0
0
0
0
0
0
0
0
0
0
0
0
0
0
0
0
0
0
0
0
0
0
0
0
0
0
0
0
1
0
0
0
0
0
0
0
0
0
0
0
0
0
0
0
0
0
0
0
0
0
0
0
0
0
0
0
0
0
0
0
0
0
0
0
0
0
0
0
0
0
0
0
0
0
0
0
0
0
0
0
0
0
0
0
0
0
0
0
0
0
0
0
0
0
0
0
0
0
0
0
0
0
0
0
0
0
0
0
0
0
0
0
0
0
0
0
0
0
0
0
0
0
0
0
0
0
0
0
0
0
0
0
0
0
0
0
0
0
0
0
0
0
0
0
0
0
0
0
0
0
0
0
0
0
0
0
0
0
0
0
0
0
0
0
0
1
0
0
0
0
0
0
0
0
0
0
0
0
0
0
0
0
1
0
0
0
0
0
0
0
0
0
0
0
0
0
0
0
0
0
0
0
0
0
0
0
0
0
0
1
0
0
0
0
0
0
0
0
0
0
0
0
0
0
0
0
0
0
0
0
0
0
0
0
0
0
0
0
0
0
0
0
0
0
0
0
0
0
0
0
0
0
0
0
0
0
0
0
0
0
0
0
0
0
0
0
0
0
0
0
0
0
0
0
0
0
0
0
0
1
0
0
0
0
0
0
0
0
0
0
0
0
0
0
0
0
0
0
0
0
0
0
0
0
0
0
0
0
1
0
0
0
0
0
0
0
0
0
0
0
0
0
0
0
0
0
0
0
0
0
0
0
0
0
0
0
0
0
0
0
0
0
0
0
0
0
1
0
0
0
0
0
0
0
0
0
0
0
0
0
0
0
0
0
0
0
0
0
0
0
0
1
0
1
0
0
0
0
0
0
0
0
0
0
0
0
0
0
0
0
0
0
0
0
0
0
0
0
0
0
0
0
0
0
0
0
1
0
0
0
0
0
0
0
0
0
0
0
0
0
0
0
0
0
0
0
0
0
0
0
0
0
0
0
0
0
0
0
0
0
0
0
0
0
0
0
0
0
0
0
0
0
0
0
0
0
0
0
0
0
0
0
0
0
0
0
0
0
0
0
0
0
0
0
0
0
0
0
0
0
0
0
0
0
0
0
0
0
0
0
0
0
0
0
0
0
0
0
0
0
0
0
0
0
0
0
0
0
0
0
0
0
0
0
0
0
0
0
0
0
0
0
0
0
0
0
0
0
0
0
0
0
0
0
0
0
0
0
0
0
0
0
0
0
0
0
0
0
0
0
1
0
0
0
0
0
0
0
0
0
0
0
0
0
0
0
0
0
0
0
0
0
0
0
0
0
0
0
0
0
0
0
0
0
0
0
0
0
0
0
0
1
0
0
0
0
0
0
0
0
0
0
0
0
0
0
0
0
0
0
0
0
0
0
0
0
0
0
0
0
0
0
0
0
0
0
0
0
0
0
0
0
0
0
0
0
0
0
0
0
0
0
0
0
0
0
0
0
0
0
0
0
0
0
0
0
0
1
0
0
0
0
0
0
0
0
0
0
0
0
0
0
0
0
0
0
0
0
0
0
0
0
1
0
0
0
0
0
0
0
0
0
0
0
0
0
0
0
0
0
0
0
0
0
0
0
0
0
0
0
0
0
0
0
0
0
0
0
0
0
0
0
0
0
0
0
0
0
0
0
0
0
0
0
0
0
0
1
0
0
1
0
1
0
0
0
0
0
0
0
0
0
0
1
0
0
0
0
0
0
0
0
0
0
0
0
0
0
0
0
0
0
0
0
0
0
0
0
0
0
0
0
0
0
1
1
0
0
0
0
0
1
0
0
0
0
0
  </DataArray>
  <DataArray type = "Float64" Name="AppartientEntree5" format="ascii">
0
0
0
0
1
1
0
0
0
0
0
0
0
0
0
0
1
0
0
0
0
0
0
0
0
0
1
0
0
0
0
0
0
0
0
0
0
1
0
0
0
0
0
0
0
0
0
0
0
0
0
0
0
0
0
0
0
0
0
0
0
0
0
0
0
0
0
0
0
0
0
0
0
0
0
0
0
0
0
0
0
0
0
0
0
0
0
0
0
0
0
0
0
0
0
0
0
0
0
0
0
0
0
0
0
0
0
0
0
0
0
0
0
0
0
0
0
0
0
0
0
0
0
0
0
0
0
0
0
0
0
0
0
0
0
0
0
0
0
0
0
0
0
0
0
0
0
0
0
0
1
0
0
0
0
0
0
0
0
0
0
0
0
0
1
0
0
0
0
0
0
0
0
0
0
0
0
0
0
0
1
0
0
0
0
0
0
0
0
0
0
0
0
0
0
1
0
0
0
0
0
0
0
0
0
0
0
0
0
0
0
0
0
0
0
0
0
0
0
0
0
0
0
0
0
0
0
0
0
0
0
0
0
0
0
0
0
0
0
0
0
0
0
0
0
0
0
0
0
0
0
0
0
0
0
0
0
0
0
0
0
1
0
0
0
0
0
0
0
0
0
0
0
0
0
0
0
0
0
0
0
0
0
0
0
0
0
0
0
0
0
0
0
0
0
0
0
0
0
0
0
1
0
0
0
1
0
0
0
0
0
0
0
0
0
0
0
0
0
0
0
0
0
1
0
0
0
0
0
0
0
0
0
0
0
0
0
0
0
1
0
0
0
0
0
0
0
0
0
0
0
0
0
0
0
0
0
0
0
0
0
0
0
0
0
0
0
0
0
0
1
0
0
0
0
0
0
0
0
0
0
0
0
0
0
0
0
0
0
0
1
0
0
0
0
0
0
0
0
0
0
0
0
0
0
0
1
0
0
0
0
0
0
0
0
0
0
0
0
0
1
0
1
1
1
1
1
1
1
1
1
1
1
1
1
1
1
1
1
1
1
1
1
1
1
1
1
1
1
1
1
1
1
1
1
1
1
1
1
1
1
1
1
1
1
1
1
1
1
1
1
1
1
1
1
1
1
1
1
1
1
1
1
1
1
1
1
1
1
1
1
1
1
1
1
1
1
1
1
1
1
1
1
1
1
1
1
1
1
1
1
1
1
1
1
1
1
1
1
1
1
1
1
1
1
1
1
1
1
1
1
1
1
1
1
1
1
1
1
1
1
1
1
1
1
1
1
1
1
1
1
1
1
1
1
1
1
1
1
1
1
1
1
1
1
1
1
1
1
1
1
1
1
1
1
1
1
1
1
1
1
1
1
1
1
1
1
1
1
1
1
1
1
1
1
1
1
1
1
1
1
1
1
1
1
1
1
1
1
1
1
1
1
1
1
1
1
1
1
1
1
1
1
1
1
1
1
1
1
1
1
1
1
1
1
1
1
1
1
1
1
1
1
1
1
1
1
1
1
1
1
1
1
1
1
1
1
1
1
1
1
1
1
1
1
1
1
1
1
1
1
1
1
1
1
1
1
1
1
1
1
1
1
1
1
1
1
1
1
1
1
1
1
1
1
1
1
1
1
1
1
1
1
1
1
1
1
1
1
1
1
1
1
1
1
1
1
1
1
1
1
1
1
1
1
1
1
1
1
1
1
1
1
1
1
1
0
0
0
0
0
0
0
0
0
1
0
0
0
0
0
0
0
0
0
0
0
0
0
0
0
0
0
0
0
1
0
0
0
0
0
0
0
0
0
0
0
0
0
0
0
1
0
0
0
0
0
0
0
0
0
0
0
0
0
0
0
0
0
0
0
0
0
0
0
0
0
0
0
0
0
1
1
1
0
0
0
1
0
0
0
0
0
0
0
0
0
1
0
0
0
0
0
1
0
0
0
0
0
0
0
0
0
0
0
1
0
0
0
0
0
0
0
0
0
0
0
0
0
0
0
0
0
0
0
1
0
0
0
0
0
0
0
0
0
0
0
0
0
0
0
0
0
0
0
0
0
1
0
0
0
0
0
0
0
0
0
0
0
0
0
0
0
0
0
0
0
0
0
0
1
0
0
0
0
0
0
0
1
0
0
0
0
0
1
1
0
0
0
1
0
0
0
0
0
0
0
0
0
0
0
1
1
0
0
0
0
0
0
0
0
0
0
1
0
0
1
0
0
0
0
0
0
0
0
0
0
0
0
1
0
0
0
0
0
0
0
0
0
0
0
0
0
0
0
0
0
0
0
0
0
0
0
0
0
0
0
0
0
0
0
0
0
0
0
0
0
0
0
0
0
0
0
0
0
1
0
0
0
0
0
0
0
0
0
0
0
0
0
0
0
0
0
0
0
0
0
0
0
1
0
0
0
0
0
0
0
0
1
0
0
0
0
1
0
0
0
0
0
0
0
0
0
0
0
0
0
0
0
0
0
0
0
0
0
0
0
1
0
0
0
0
0
0
0
0
0
0
0
1
0
0
0
0
0
1
0
0
0
0
0
0
0
0
0
0
0
0
0
0
0
0
0
0
0
0
0
0
0
0
0
0
0
0
0
0
0
0
0
0
1
0
0
0
0
0
1
0
0
0
0
1
0
0
0
0
0
0
0
0
0
0
0
1
0
0
0
0
1
0
0
0
0
1
0
0
0
0
0
0
0
0
0
0
0
0
0
0
0
0
0
0
0
0
0
0
0
0
1
0
0
0
0
0
0
0
0
0
0
0
0
0
0
0
0
0
0
0
0
0
0
0
0
0
0
0
0
0
0
0
0
0
0
0
0
0
0
0
0
0
0
0
0
0
0
0
0
0
0
0
0
0
1
0
0
0
0
0
0
1
0
0
0
0
0
1
0
0
0
0
0
0
0
1
0
0
0
0
0
0
0
0
0
0
0
0
0
0
0
0
0
0
0
0
0
0
0
0
0
0
0
0
0
0
0
0
0
0
0
0
0
0
0
0
0
0
0
0
0
0
0
0
1
0
0
0
0
0
0
0
0
0
0
0
0
0
0
0
0
0
0
0
0
0
0
0
0
0
1
0
0
0
0
0
0
0
0
0
0
0
0
0
0
0
0
0
0
0
0
0
0
0
0
0
0
0
0
0
0
0
0
0
0
0
0
0
0
0
0
0
0
0
0
0
0
0
0
0
0
0
0
0
0
0
0
0
0
0
0
0
0
0
0
0
0
0
0
0
0
0
1
0
1
0
0
0
0
0
0
0
1
0
0
0
0
0
0
0
0
0
0
0
0
1
0
0
0
0
0
0
0
0
0
0
0
1
0
1
0
0
0
0
0
0
0
0
0
0
0
0
0
0
0
0
0
0
0
0
0
0
0
0
0
0
0
0
0
0
0
1
0
0
0
1
0
0
0
0
0
0
0
0
0
0
0
0
0
0
0
0
0
0
0
0
0
0
0
0
0
1
0
0
0
0
0
0
1
0
0
0
0
0
0
0
0
0
0
1
0
0
1
0
0
0
0
0
0
0
1
0
0
0
0
0
0
0
0
0
0
0
0
0
0
0
0
0
0
0
0
0
0
0
0
1
0
0
0
0
0
1
0
0
0
0
0
0
0
1
0
0
0
0
0
0
0
1
0
0
0
0
1
0
0
0
0
0
0
0
0
0
0
0
0
0
0
0
0
0
0
1
0
0
1
0
0
0
0
1
0
0
0
0
0
0
0
0
0
0
0
0
0
0
1
0
0
0
0
0
0
0
0
0
0
0
0
0
0
1
0
0
1
0
0
0
0
0
0
0
0
0
0
0
0
0
1
0
0
0
0
0
0
0
0
0
0
0
1
0
0
0
0
0
0
0
0
0
1
0
0
0
0
0
0
0
0
0
0
0
0
0
0
0
0
0
0
0
0
0
0
0
0
0
0
0
0
0
0
1
0
1
0
0
0
0
0
0
1
0
1
0
0
0
0
0
0
0
0
0
0
0
0
0
1
0
0
0
1
0
0
0
0
0
0
0
0
0
0
0
0
0
0
1
0
0
0
0
0
1
0
0
0
0
0
0
0
0
0
0
0
0
0
0
0
0
0
0
0
0
0
0
0
0
0
0
0
0
0
1
0
0
0
0
0
0
0
0
0
0
0
0
0
0
0
0
0
0
0
0
0
0
0
0
0
1
0
1
0
0
0
0
0
0
0
0
1
0
0
0
0
0
0
0
0
0
0
0
0
0
0
0
0
0
0
0
0
0
0
0
0
0
0
0
0
1
1
0
0
1
0
0
0
0
0
0
0
0
0
0
0
0
0
1
0
0
0
0
0
0
0
1
0
0
1
0
0
0
0
0
0
0
0
0
0
0
0
0
0
0
0
0
0
0
0
0
0
0
0
0
0
0
0
1
0
0
0
0
0
1
0
0
0
0
0
0
0
0
1
0
0
0
0
0
0
0
0
0
0
0
0
0
0
0
0
0
0
0
0
0
0
0
0
0
0
0
0
0
0
0
1
0
0
1
0
0
0
0
0
0
0
0
0
0
0
1
1
0
0
0
0
0
0
0
0
0
0
0
0
1
0
0
0
0
1
0
0
1
0
0
1
1
0
0
0
0
1
0
0
0
0
0
0
1
0
1
0
0
0
1
0
0
0
0
0
0
0
0
0
0
0
0
0
0
0
0
0
0
0
0
0
0
0
0
0
0
0
0
0
0
0
0
0
0
0
0
0
0
0
0
0
0
0
0
0
0
0
0
0
0
0
0
0
0
0
0
0
1
0
0
0
0
0
0
1
0
1
0
0
0
0
0
0
0
0
0
1
0
0
0
1
0
0
0
0
1
1
0
0
0
0
0
0
0
0
0
0
1
0
0
0
0
1
0
0
0
0
0
0
0
0
0
0
0
1
0
0
0
1
0
0
0
0
0
0
0
0
0
0
0
0
0
0
0
1
0
0
0
1
0
0
0
1
0
0
1
0
0
1
0
0
0
0
0
0
0
0
0
0
0
0
0
0
1
0
0
0
0
0
1
0
0
0
0
1
1
0
0
0
0
0
1
0
0
0
0
0
0
0
0
0
1
0
0
0
0
0
0
0
0
0
0
0
0
0
0
0
0
0
0
0
0
0
0
1
1
0
0
0
0
0
0
0
0
0
0
0
0
0
0
0
0
0
1
0
1
0
0
0
0
0
0
0
0
0
0
1
0
0
0
0
0
0
0
0
0
1
0
0
0
0
0
0
0
0
0
0
0
0
0
0
0
0
0
0
0
0
0
0
0
0
0
0
0
0
0
0
0
0
0
1
0
0
0
0
0
0
0
0
0
0
0
0
0
0
0
0
0
1
0
0
0
0
0
0
0
0
1
0
0
0
0
0
0
0
0
0
0
0
0
0
0
0
0
0
0
0
0
0
1
0
0
0
0
1
0
0
0
0
0
0
0
0
0
0
0
0
0
0
0
0
0
0
0
0
0
0
0
0
0
0
0
0
0
1
0
0
0
0
0
0
0
0
0
0
0
0
0
0
0
0
0
0
0
0
0
0
0
0
0
0
0
0
0
0
0
0
0
0
0
0
0
0
0
0
0
0
0
0
0
0
0
0
0
0
0
0
0
1
0
0
0
0
0
0
0
1
0
0
0
0
0
1
0
0
0
0
1
0
0
0
0
0
0
0
0
0
0
0
0
0
0
0
0
0
0
0
0
0
0
1
0
0
0
0
0
1
0
0
1
0
0
0
0
1
0
0
0
0
0
1
0
0
0
0
0
0
0
0
0
0
0
0
0
0
0
0
0
0
0
0
0
0
0
0
0
0
0
0
0
0
0
0
0
0
0
0
0
0
0
1
0
0
0
0
0
0
0
0
0
0
0
0
0
0
0
0
0
0
0
0
0
0
0
1
1
0
0
0
0
0
0
0
0
0
0
0
0
0
1
0
0
0
0
0
0
0
0
0
0
0
0
0
0
0
0
0
0
0
0
0
0
0
0
1
0
0
1
0
0
0
0
0
0
0
0
0
0
0
0
0
0
0
0
0
0
0
0
0
0
0
0
0
0
0
0
0
0
0
0
0
0
0
0
0
0
0
0
0
0
0
1
0
0
0
0
0
0
0
0
0
0
0
1
0
0
0
0
0
0
0
0
0
0
0
0
1
0
0
0
0
0
0
0
0
0
0
0
0
0
0
0
0
1
0
0
0
0
0
1
0
0
0
0
0
0
0
0
0
0
0
0
0
0
0
0
0
0
0
0
0
0
0
0
0
0
0
0
0
0
0
1
0
0
0
0
0
0
0
0
0
0
0
1
1
0
0
0
0
0
0
1
0
0
0
0
0
0
0
0
0
0
0
0
0
0
0
1
0
0
0
0
0
0
1
0
0
0
0
0
0
0
0
0
0
1
0
0
0
0
1
0
0
0
0
0
0
0
0
0
0
0
0
0
0
0
0
0
0
1
0
1
0
1
0
0
0
0
0
0
1
0
0
0
0
0
0
0
0
0
0
0
0
0
0
0
0
0
0
0
0
0
0
0
0
0
1
0
1
0
0
0
0
0
0
0
0
0
0
0
0
0
0
0
1
0
0
0
0
0
0
0
0
0
0
0
0
0
0
0
1
1
0
0
1
0
0
0
0
0
0
0
0
0
1
0
1
0
0
0
0
0
0
0
1
0
0
0
0
0
0
0
0
0
1
0
1
0
0
0
0
0
0
0
0
0
1
1
0
0
0
0
0
0
0
1
0
0
0
1
0
0
0
0
0
0
0
0
0
0
0
0
0
0
0
0
0
1
0
0
0
0
0
0
0
0
0
0
0
0
0
0
0
0
0
0
0
1
1
1
0
0
0
0
0
0
0
0
0
1
0
0
0
0
0
0
1
0
0
0
0
0
1
0
0
0
0
0
0
0
0
1
0
0
0
0
0
0
0
0
0
0
0
0
0
0
0
0
0
0
0
0
0
0
0
0
0
0
0
0
0
1
0
1
0
0
0
0
0
1
0
0
0
0
0
0
1
1
0
0
1
0
1
1
0
1
1
0
0
0
0
0
1
0
0
0
0
0
0
1
0
0
0
0
0
1
0
0
0
0
0
0
0
0
0
0
0
0
0
0
0
0
0
1
1
0
0
0
0
0
0
0
0
0
0
0
0
0
0
0
0
0
0
0
0
0
0
1
0
0
1
0
0
0
0
0
0
0
0
0
1
0
0
0
0
0
0
0
0
0
0
0
0
0
0
0
1
0
0
1
0
0
1
1
0
0
0
0
0
0
0
1
0
0
0
0
0
0
0
0
0
0
0
0
0
0
0
0
0
1
0
0
0
0
0
0
1
0
0
0
1
0
1
0
0
1
0
0
0
0
0
0
0
0
0
0
0
0
0
0
0
0
0
1
0
0
0
0
0
1
0
0
0
0
0
0
0
0
0
0
0
0
0
0
0
0
0
0
0
0
0
0
0
0
0
0
0
0
0
0
0
0
1
0
0
0
0
0
0
1
0
0
0
0
0
0
0
0
0
0
0
0
0
0
0
0
0
0
0
1
1
0
0
0
0
0
0
0
0
0
0
0
0
0
0
0
1
0
1
0
0
0
0
0
0
0
0
0
0
0
0
0
0
1
0
0
1
0
0
0
0
0
0
0
0
0
0
0
0
1
1
0
1
0
0
0
0
0
0
0
0
0
0
0
0
0
0
0
0
0
0
0
0
0
0
0
0
0
0
0
1
0
0
0
0
0
0
0
0
0
0
0
0
0
0
0
0
0
0
1
0
0
0
0
0
0
0
0
0
0
0
0
0
0
0
1
0
0
0
0
0
1
0
0
0
0
0
0
0
0
0
0
0
0
0
0
0
0
0
0
1
0
1
0
0
0
1
0
0
0
0
1
0
0
0
0
0
0
1
1
0
0
0
0
0
0
0
0
0
0
0
0
0
0
0
0
0
0
0
0
0
0
0
0
0
0
0
0
0
0
0
0
0
0
0
0
1
0
0
0
0
0
0
0
0
1
0
0
0
0
0
0
0
0
0
0
0
0
0
0
0
0
0
0
1
1
0
0
0
0
0
0
0
0
0
0
0
0
0
0
0
0
1
0
0
0
0
0
0
0
0
0
0
0
1
0
1
0
1
0
0
0
0
0
0
0
0
1
0
0
0
0
0
0
0
0
0
0
0
0
0
0
0
0
0
1
0
0
0
0
0
1
0
0
0
0
1
0
0
0
0
0
0
0
0
0
0
0
0
0
0
1
0
1
0
0
0
0
0
0
0
1
0
0
1
0
0
0
0
0
0
0
0
0
0
0
0
0
0
0
0
0
0
0
0
0
0
0
0
0
0
0
1
0
0
0
0
0
0
0
0
0
0
0
0
0
1
0
0
0
0
0
0
0
0
0
0
0
0
0
1
0
0
0
0
0
0
0
0
1
0
0
0
0
0
0
0
0
0
0
0
1
0
0
0
0
0
0
0
0
1
0
0
0
0
0
0
0
0
0
0
0
0
0
0
0
0
1
0
0
0
0
0
0
0
0
1
0
0
0
0
0
1
0
0
0
0
0
0
0
0
0
0
0
0
0
0
0
0
0
0
0
0
1
0
0
0
0
0
0
0
0
0
0
0
0
0
0
0
0
0
0
0
0
0
0
0
0
0
0
0
0
0
0
0
0
0
0
0
0
0
0
0
0
0
0
0
0
0
0
0
0
0
0
0
0
0
0
0
0
0
0
0
0
0
1
1
0
0
0
0
0
0
1
0
0
0
1
0
0
0
0
1
1
0
0
0
0
0
0
0
0
0
0
0
0
0
0
0
0
0
0
1
0
0
0
0
0
0
0
0
0
0
1
0
0
0
0
0
0
0
0
0
0
0
0
0
0
0
0
0
0
0
0
0
0
0
0
0
0
1
0
1
0
0
0
0
0
0
0
0
0
1
0
0
0
0
0
0
0
0
0
0
0
1
0
0
0
0
0
0
0
0
0
0
0
0
0
0
0
0
0
0
0
0
0
0
0
0
0
0
0
0
0
0
0
0
0
1
0
0
0
0
0
0
0
0
0
0
0
1
1
0
0
0
0
0
0
0
0
0
0
0
0
0
1
0
0
0
0
0
0
0
0
0
1
0
1
0
0
0
0
0
0
0
0
0
0
0
0
1
0
0
0
0
0
0
0
1
0
0
0
0
0
0
0
0
0
0
0
0
0
1
0
0
0
0
0
0
0
0
0
0
0
0
0
0
0
0
0
0
1
0
0
0
0
1
0
0
0
0
0
0
0
0
0
0
0
0
0
0
0
0
1
0
0
0
0
0
0
0
0
0
1
0
0
0
0
0
0
1
0
0
0
0
0
0
0
0
0
0
0
0
0
0
0
0
0
0
0
0
0
0
0
0
0
0
0
0
0
0
0
0
0
1
0
0
0
0
0
0
0
0
0
0
0
0
0
0
0
0
0
0
0
0
0
0
0
0
0
0
0
0
1
0
0
0
0
0
0
0
0
0
0
0
0
0
0
0
0
0
0
0
0
0
0
0
0
0
0
0
0
0
0
0
1
0
0
1
0
0
0
0
0
0
0
0
0
0
0
0
0
0
0
0
0
0
0
0
0
0
0
0
0
0
0
0
0
0
0
0
0
0
0
0
0
0
0
0
0
0
0
0
0
0
0
0
0
0
0
0
0
0
0
0
0
1
0
0
0
0
0
0
0
0
0
0
0
0
0
0
0
0
0
0
1
0
0
0
0
0
0
0
0
0
0
0
0
0
0
0
0
0
0
0
0
0
0
0
0
0
0
1
0
0
0
0
0
0
0
0
0
0
0
0
0
1
0
0
0
0
0
0
0
0
0
0
0
0
1
0
0
0
0
0
0
0
1
0
0
0
0
0
1
0
0
0
0
0
0
0
0
0
0
0
0
0
0
0
0
0
0
0
0
0
0
0
0
0
0
0
1
0
1
0
0
0
1
0
0
1
0
0
0
1
0
0
0
0
0
1
0
0
0
0
0
0
0
0
0
0
0
0
0
0
0
0
0
0
0
0
0
0
0
0
0
0
0
0
0
0
0
0
0
0
0
0
0
0
0
0
0
0
0
0
0
0
0
1
0
0
0
1
0
0
0
0
0
0
0
0
0
0
0
0
0
0
0
1
0
0
0
0
0
0
1
0
0
0
1
1
0
0
0
0
0
0
0
0
1
0
0
0
0
0
0
0
0
0
0
0
0
0
0
0
0
1
0
0
0
0
0
0
0
0
1
0
0
0
0
0
0
0
0
0
0
0
0
0
1
0
0
0
0
0
0
0
0
0
0
0
0
1
0
0
0
0
0
0
0
0
0
0
0
0
0
0
0
0
0
0
0
0
0
0
0
0
0
0
0
0
0
0
1
1
0
0
0
0
0
0
0
0
0
0
0
0
0
0
0
0
0
0
0
0
0
0
0
0
0
0
0
0
0
0
0
0
0
0
0
0
0
0
0
0
0
0
0
0
0
0
0
0
0
0
0
0
0
0
0
0
0
0
0
1
0
0
0
0
0
0
0
0
0
0
0
0
0
0
0
0
0
0
0
0
0
0
0
0
0
1
1
0
0
0
0
0
0
0
0
0
0
0
0
0
0
0
0
0
0
0
0
0
0
0
0
0
0
0
0
0
1
0
0
0
0
0
0
0
0
1
0
0
0
0
0
0
0
0
0
0
0
0
0
0
0
0
0
0
0
0
0
0
0
0
0
1
0
0
0
0
0
0
0
0
0
0
0
0
0
0
0
0
0
0
0
0
0
0
0
0
0
0
0
0
0
0
0
0
0
0
0
0
0
0
0
0
0
0
0
0
0
0
0
0
0
1
0
0
0
0
0
1
0
0
0
0
0
0
0
0
0
0
0
0
0
0
0
0
0
0
0
0
0
0
0
0
0
0
0
0
0
0
0
0
0
0
0
1
0
0
1
0
0
0
0
0
0
0
0
0
0
0
0
0
0
0
0
0
0
0
0
0
0
0
0
0
0
0
0
0
0
0
0
0
0
0
0
0
0
0
0
0
0
0
0
0
0
0
0
0
0
0
0
0
0
0
0
0
0
0
0
0
0
0
0
0
0
0
0
0
0
0
0
0
0
0
1
0
0
0
0
0
0
0
0
0
0
0
0
0
0
0
0
0
0
1
0
0
0
0
0
0
0
0
0
0
0
0
0
1
0
0
0
0
0
0
0
0
0
0
0
0
0
0
0
0
0
0
0
0
0
0
0
0
0
0
0
0
0
0
0
0
0
0
0
0
0
0
0
0
0
0
0
0
0
0
0
0
0
0
0
0
0
0
0
0
0
0
0
0
0
0
0
0
0
0
0
0
1
0
0
0
0
0
0
0
0
0
0
0
0
0
0
0
0
0
0
0
0
0
0
0
0
0
0
0
0
0
0
0
0
0
0
0
0
0
0
0
0
0
0
0
1
0
0
0
0
  </DataArray>
  <DataArray type = "Float64" Name="LevelSetEntree5" format="ascii">
-0.232845
-0.240001
-1.961
-1.95998
0
0
-1.70065
-0.165875
-0.000330552
-0.955375
-1.00408
-0.651754
-0.736432
-1.10004
-0.504578
-1.95842
-0
-0.323964
-0.00016893
-0.311348
-0.000107894
-0.315329
-1.12263
-0.492734
-0.414078
-0.368346
-0
-1.38064
-4.08543e-05
-1.27034
-0.341138
-0.516233
-0.606306
-0.75551
-1.30619
-0.453862
-0.440552
0
-0.586216
-0.942688
-1.23304
-0.972051
-1.44596
-1.82162
-0.849088
-0.150995
-0.379387
-0.00308039
-0.596109
-0.701387
-1.74069
-0.527418
-1.96081
-1.56493
-0.989196
-1.04208
-1.56678
-0.79895
-1.05408
-6.13824e-05
-0.767418
-0.777577
-1.45918
-0.000758536
-0.000285561
-0.846025
-4.83503e-05
-0.810484
-1.01765
-0.00140255
-0.56934
-1.55224
-0.747017
-0.000211746
-6.61922e-05
-1.77841
-1.60173
-1.57734
-1.31621
-1.02987
-0.93018
-1.14601
-1.41923
-1.30312
-1.48435
-0.00404217
-0.00333735
-1.13424
-1.34217
-1.25256
-1.07752
-0.00114303
-0.0844095
-1.71567
-1.11122
-1.25794
-1.35459
-1.13007
-1.17041
-0.987568
-0.30701
-1.24549
-0.00314406
-1.70394
-1.17541
-0.000212662
-1.65462
-1.3675
-0.817025
-1.8007
-1.62532
-0.00367226
-1.95961
-0.00336403
-0.000124376
-1.40678
-1.95365
-1.04949
-0.238315
-0.000750564
-1.44243
-1.11212
-1.51587
-5.98845e-05
-1.90319
-1.52757
-1.53983
-1.86156
-0.00185848
-1.8814
-1.28009
-0.000150546
-1.67075
-1.85186
-1.58971
-0.908173
-1.64839
-1.90081
-1.04836
-0.00110882
-1.49457
-0.000143918
-0.000160629
-1.65967
-1.44591
-0.0114748
-1.20679
-1.68173
-0.00037105
-1.25544
2.77556e-17
-6.59254e-05
-1.69269
-1.74644
-0.598351
-1.85162
-0.15104
-0.0588833
-1.67819
-0.238738
-9.69852e-05
-0.621256
-1.8715
-1.78994
3.92523e-17
-1.81139
-0.0818185
-1.93548
-1.54214
-1.03853
-0.740378
-1.59518
-0.00557003
-1.76978
-1.81383
-0.00025644
-0.211365
-0.000965114
-1.66644
-1.72311
-0
-0.84548
-1.95678
-0.516614
-1.80284
-0.940196
-1.43276
-0.061913
-1.67767
-0.000156719
-0.000217495
-1.53143
-0.250736
-1.79193
-1.9561
0
-1.49755
-0.000992501
-0.876441
-1.21753
-1.95774
-1.71172
-1.41987
-0.188388
-0.221223
-1.90022
-0.718154
-1.61844
-1.14141
-1.01585
-1.75848
-1.40707
-1.68959
-1.58153
-0.000824914
-1.47239
-1.07794
-1.52065
-1.50923
-1.27394
-1.48526
-0.316611
-1.5525
-0.0385906
-1.29006
-0.595047
-1.73922
-0.786182
-0.173608
-1.45261
-0.546806
-0.975388
-0.816623
-1.36887
-0.713054
-0.394847
-1.08784
-0.238656
-0.151043
-0.231609
-0.650918
-0.166516
-0.608794
-0.256378
-1.0287
-1.75765
-0.460784
-1.22849
-1.32936
-0.00034001
-1.11883
-1.0582
-1.19629
-0.536455
-0.726694
-0.000252933
-0.000742163
-0.221813
-0.000205815
-1.16427
-0.000134779
0
-0.776342
-0.897109
-0.950158
-1.10819
-0.000436418
-0.351105
-0.525789
-0.801477
-0.000216576
-0.929974
-0.451599
-9.43943e-05
-0.242111
-0.872436
-0.623552
-0.903165
-0.999193
-0.156156
-0.581432
-0.00111332
-0.424236
-0.770761
-1.48422
-0.831297
-0.17837
-1.36415
-0.194514
-0.388282
-1.08068
-1.06417
-0.259625
-0.169318
-0.190731
-1.92546
-0.178256
-0.000961239
-0.210482
-0.000732702
-0.497836
-2.77556e-17
-0.00221954
-0.184556
-1.08672
0
-0.699334
-1.26469
-0.143593
-0.557272
-1.38584
-0.000448665
-1.46454
-1.70462
-0.197191
-0.166402
-0.287862
-0.47925
-0.526241
-0.016312
-0.470001
-0.00160948
-0.442443
0
-0.433324
-0.488524
-0.16804
-7.96069e-05
-0.15025
-0.95692
-1.19819
-0.212669
-1.14989
-0.00049144
-0.203789
-0.352973
-1.42782
-0.159785
-1.87508
3.92523e-17
-0.737524
-0.422252
-0.326143
-0.997424
-0.163583
-0.000160809
-0.194145
-0.234128
-0.225915
-0.178655
-0.200036
-1.52491
-0.150262
-0.000170147
-0.15661
-0.561462
-0.000949282
-5.20661e-05
-0.00113138
-0.165407
-0.153433
-0.158808
-9.36719e-05
-0.153961
-0.200148
-0.15
-0.161896
-0.239668
-1.74904
-0.00105532
0
-0.000118242
-1.12251
-1.52954
-1.33456
-0.000200973
-0.370535
-1.34347
-0.397619
-0.000846091
-0.00710842
-0.79324
-0.000181464
-0.602845
-1.94932
-0.000259562
-1.59628
-0.000104948
-1.56096
-0.173389
-3.92523e-17
-1.0424
-1.9441
-1.60871
-1.94558
-1.38727
-0.354883
-1.81838
-0.000183741
-0.173773
-1.17456
-0.371789
-0.869943
-0.153754
-5.97049e-05
-1.02686
-3.92523e-17
-1.71413
-1.63097
-0.317129
-0.785858
-0.160967
-1.00513
-1.54556
-1.95643
-0.202743
-0.0364943
-0.183702
-1.31393
-0.205162
0
-0.0315732
0
0
0
0
0
0
0
0
0
0
0
0
0
0
0
0
0
0
0
0
0
0
0
0
0
0
0
0
0
0
0
0
0
0
0
0
0
0
0
0
0
0
0
0
0
0
0
0
0
0
0
0
0
0
0
0
0
0
0
0
0
0
0
0
0
0
0
0
0
0
0
0
0
0
0
0
0
0
0
0
0
0
0
0
0
0
0
0
0
0
0
0
0
0
0
0
0
0
0
0
0
0
0
0
0
0
0
0
0
0
0
0
0
0
0
0
0
0
0
0
0
0
0
0
0
0
0
0
0
0
0
0
0
0
0
0
0
0
0
0
0
0
0
0
0
0
0
0
0
0
0
0
0
0
0
0
0
0
0
0
0
0
0
0
0
0
0
0
0
0
0
0
0
0
0
0
0
0
0
0
0
0
0
0
0
0
0
0
0
0
0
0
0
0
0
0
0
0
0
0
0
0
0
0
0
0
0
0
0
0
0
0
0
0
0
0
0
0
0
0
0
0
0
0
0
0
0
0
0
0
0
0
0
0
0
0
0
0
0
0
0
0
0
0
0
0
0
0
0
0
0
0
0
0
0
0
0
0
0
0
0
0
0
0
0
0
0
0
0
0
0
0
0
0
0
0
0
0
0
0
0
0
0
0
0
0
0
0
0
0
0
0
0
0
0
0
0
0
0
0
0
0
0
0
0
0
0
0
0
0
0
0
0
0
-0.001753
-0.00165419
-0.559998
-1.57954
-0.000376348
-0.639898
-0.145136
-0.152099
-0.945009
-2.77556e-17
-1.48859
-1.95814
-0.162832
-0.177445
-0.000941962
-1.95732
-0.000320426
-0.00145386
-0.000699694
-1.87186
-0.0048058
-0.00011268
-9.71989e-05
-1.68089
-1.77156
-0.000831065
-1.60608
-0.000702497
-0.00225933
-2.77556e-17
-1.33038
-0.000199974
-0.00011976
-0.159631
-0.00214004
-0.00013295
-1.83312
-0.490656
-0.416191
-0.174485
-7.34948e-05
-0.000814322
-0.00089128
-1.62996
-0.000480815
-2.77556e-17
-0.000160009
-0.000184276
-1.01989
-6.96608e-05
-0.168824
-0.17588
-0.000112596
-1.05937
-0.985969
-1.64254
-0.746222
-0.00128664
-0.706511
-0.14757
-0.538756
-0.498213
-0.535894
-0.278264
-0.790189
-1.95114
-1.79299
-0.579115
-1.0766
-0.000340992
-0.158382
-1.69416
-0.000746296
-0.000266415
-0.000343986
-0
-2.77556e-17
-0
-0.326757
-0.148979
-0.165414
2.77556e-17
-0.664109
-0.158165
-0.455121
-5.11218e-05
-1.368
-0.000429017
-0.694742
-0.00019118
-1.65207
0
-0.000238738
-0.000223131
-4.78442e-05
-0.000107935
-0.000172127
0
-0.025933
-0.000181902
-0.000763768
-1.41002
-1.71652
-0.226283
-0.00032579
-0.000800336
-0.197951
-0.0016684
-0.00447673
0
-0.000736885
-8.18691e-05
-0.000390209
-0.000195867
-4.66806e-05
-1.95332
-4.62491e-05
-0.000400676
-1.20848
-5.53833e-05
-0.312716
-0.000766179
-0.0220157
-0.2249
-0.221223
-0.000799654
-0.000106671
-0.000268647
-0.00942873
0
-1.09777
-1.1017
-0.0789046
-0.000205006
-0.0146339
-0.00109289
-5.41133e-05
-0.000366943
-0.000137554
-0.65057
-0.0136177
-0.000854213
-8.12306e-05
-0.00017346
-0.000832733
-1.95513
-0.00974615
-0.000564375
-0.0225753
-0.327504
-0.0753468
6.20634e-17
-6.18687e-05
-0.000217278
-0.000293615
-0.361742
-0.000782501
-0.240201
-0.000107747
-0.000217984
-7.68158e-05
-6.21114e-05
-0.000183696
-0.227342
-0.000345659
-0.000424672
-0.232797
-0.0112376
-1.90657
-1.94581
-0.0105496
-0.00108156
-0.00049198
-8.75935e-05
-0
-0.00103924
-0.000142042
-0.000426124
-0.399954
-0.00886253
-0.0145396
-0.000920234
0
-0.0104674
-0.0183625
-0.000210583
-0.0324368
-0.000139738
0
2.77556e-17
-0.000139179
-1.37652
-0.000303469
0
-0.745493
-0.077871
-0.000454212
-1.84617
-1.33263
-0.0528374
-9.30395e-05
-0.000339218
-1.6802
-6.13553e-05
-0.000220254
0
2.77556e-17
-1.52607
-0.00826675
-0.0341616
-0.742321
-0.483337
-7.83545e-05
-0.000372233
-0.000301124
-0.0100019
-4.83041e-05
-0
-0.00012792
-0.000225114
-2.77556e-17
-0.00988952
-0.000563201
-0.000266943
-8.72124e-05
-0.00831
-0.0191379
-0.00035461
-0.000421895
-0.23196
-0.000498483
-0.000237996
-0.182581
-0
-0.0123913
-0.000336084
-0.0105724
-6.15707e-05
-0.000236727
-0.000149668
-1.83104
-0.000121088
-0.00415431
-0.000237593
-0.000316786
-0.0117304
-8.70113e-05
-0.000417026
-7.29831e-05
-0.000125588
-1.939
-0.0136212
-0.000330517
-1.93782
-9.94164e-05
-0.00707774
-8.44869e-05
-1.16126
-0.000199122
-0.0129058
-0.000139042
-0.000285326
-0.180347
-0.925343
-0.000419477
-1.9422
-0.0458322
-0.000156357
-0.000431143
-7.28436e-05
-0.638878
-6.21417e-05
-0.000224292
-0.00489324
-0.158365
-0.00612243
-0.504475
-9.23567e-05
-0.0132404
2.77556e-17
-1.95932
-0.00652117
-1.91581
-0.0630744
-0.000232186
-1.94119
-0.00980143
-1.92478
-1.95728
-0.000231449
-0.000307606
-0.000231217
-6.66181e-05
-0.00606263
-0.00033049
-0.0087776
-7.13307e-05
-0.000767754
-0.000217631
-0.00312577
-0.00892723
-0.000183955
-0.000182664
2.77556e-17
-9.05964e-05
-0.000665147
-0.20003
-0.0442952
-0.0115407
-0.171898
-0.00558624
-0.00021289
-0
-0.000185548
-0.00697918
-0.0551324
-0.000106953
-2.77556e-17
-0.664471
-8.56754e-05
-0.000142963
-1.64868
-0.000220607
-6.8819e-05
-0.00516605
-0.0233869
-0.998709
-6.45696e-05
-0.00490149
-0.00714044
-5.51565e-05
-0.00726058
-0.000151364
-0.00318855
-0.00231077
-0.000497305
-0.731846
-0.00427167
-0.391683
-0.0823802
-0.114329
-0
-0.00272318
-0.000253384
-0.000345459
-0.000291431
-8.61093e-05
-0.000128387
-0.000244886
-0.018935
-0.319939
-0.00863633
-0.000251402
3.92523e-17
-0.0686185
-0.896914
-0.000239971
-0.000140413
-0.000279159
-2.77556e-17
-0.000358388
-0.0911617
-0.000181324
-1.07533
-0.00427212
-0.000200008
-0.000197029
-1.875
-0.030932
-0.0238431
-0.000234906
-0.0069556
-0.00025561
-0.0973465
-1.88938
-0.178664
-0.000143089
-0.208119
-0.000144135
-0.000271373
-0.00164311
-0.00550119
-0.000229657
-1.95294
-0.0048885
-8.06069e-05
-0.00035723
-0.0304086
-0.176234
-0.00436213
-1.96006
-0.0259561
-0.0368926
-0.0040947
-2.77556e-17
-0.000140137
-0.00012395
-0.0315867
-0.000424295
-0.000227545
0
-0.630671
-0.000266794
-0.000188365
-0.020653
3.92523e-17
-1.95251
-5.00618e-05
-7.02829e-05
-0.000195091
-0.195597
-0.000217311
-0.00494657
-0.000277206
-0.000161525
-3.46648e-05
-0.00015673
-0
-0.086321
-8.20916e-05
-0.00436851
-0.00477114
0
-0.000215173
-1.89206
-0.000197153
-4.81415e-05
-2.77556e-17
-0.00046108
-1.46353
-1.94813
-6.63748e-05
-0.0366077
-0.0431548
-0.0161745
-9.81613e-05
-0.0206789
-0.0149714
-0.000558675
-0.00355294
-0.004827
-7.91232e-05
-7.35757e-05
-0.000378894
-0.00798689
-8.4614e-05
-0.000138845
-0.00463501
-0.00359768
-0.000515404
-0.0995403
-0.000136938
-3.92523e-17
-0.000481065
-0.000133502
-0.000329346
-0.000181804
-0.945371
-0.00255515
-0.000672359
-0.00379511
-0.927739
-0.0071226
-0.229125
-0.000779901
-0.000654007
-0.000145872
-0.000473209
-0.38852
-0.00868785
-0.000929518
-0.224285
-0.0391738
-7.95313e-05
-0.203742
-0.00582716
-0.434349
-0.000324332
-0.000309066
-0.000132837
-0.164762
-0.343957
-0.000120281
-0.0164604
-0.000456607
-0.000143672
-0.00015415
-0.000256318
-0.000143199
-7.0701e-05
-0.000436932
-0.000250894
-0.000383915
-0.000497457
-0.0481417
-0.008786
-1.95082
-0.000387006
-0.237098
-0.0176256
-0.00558708
-0.0413961
-4.43734e-05
-8.60252e-05
-0.000304175
-0.000518257
-0
-0.000316665
-0.00940443
-1.91594
-0.00017505
-0.00276812
-0.158301
-3.92523e-17
-0.00381049
-0.237478
-0.000137429
-0.000382641
-0.000191971
-5.55112e-17
-0.000209915
-0.000528879
-0.65237
-0.000638654
-0.340295
-8.38342e-05
-0.000567745
-0
-0.000293494
-0.00134175
-0.000465727
-0.00916924
-8.1214e-05
-0.00542861
-0.00378258
-0.000260418
-4.81876e-05
-0.000167505
-0.00277055
-0.00030685
-0.155195
-0.000175536
-0.00261784
-0.000116602
-0.226279
-1.95596
-0.000123571
-1.9113
-1.39989
-9.29126e-05
-0.000107688
-0.159501
-0.000315868
-7.5789e-05
-0.0337833
-0.000438812
-0.000340575
-0.226086
-0.000355773
-0.000318136
-1.9306
-0.000166748
-0.00018792
-1.49525
-0.00049038
-0.00048974
-0.000153592
-0.00021984
-0.00694529
-1.47743
-0.0546061
-0.0313662
-0.00199856
-0.000204684
-0.939268
-0.284553
2.77556e-17
-0.000151905
-0.185049
-0.000281485
-0.000300798
-0.000686934
-0.194932
-0.00235574
-0.000293162
-0.299561
-0.000306525
-0.000259748
-9.77349e-05
-0.000292225
-1.22404
-0.00871112
-0.00084101
-9.96677e-05
-0.000343784
-0.000724572
-0.0572541
-0.000129671
-0.000516546
-0.000265825
-0.000410508
-0.000194949
3.92523e-17
-0.00030261
-0.672531
-0.182692
-0.000798952
-0.00369918
-0.15515
-0.0255267
-0.000118046
-0.00565912
-0.909668
-0.00221627
-0.00130057
-0.1561
-0.0115811
-0.0231452
-0.000822733
-0.000324886
-0.000597067
-0.000226201
-0.0853578
-0.000308959
-0.0224461
-9.76423e-05
-0.234546
-0.000488383
-0.000585871
-0.00164488
-0.000368406
-0.000291277
-0.958182
-0.00551561
-0.00578203
-0.14476
-0.000170397
-0.000112638
-0.000138574
-0.000237815
-0.000242097
-0.000384765
-0.00037408
-8.95465e-05
-0.00712267
-0.0026615
-0.000579459
-1.35547
-0.000285361
-1.90197
-0.382109
-0.00902346
-1.43971
-0.155054
-0.0555167
-0.0169053
-0.000216309
-0.000188035
-4.65038e-05
-0.000268469
-0.010546
-1.12356
-0.000505856
-1.86197
-0.000442533
-0.305726
-0.000657683
-0.00289646
-0.00308487
-0.00478189
-0.000304668
-0.000399805
-0.24719
-0.000304441
-0
-0.000179613
3.92523e-17
-0.167981
-0.891618
-0.000330815
-0.150875
-0.00537951
-1.47399
-1.14685
-0
-0.00451321
-0.00019873
-0.000573094
-0.0135604
-0.004944
-0.00026449
-0.857553
-8.59938e-05
-0.0674537
-8.73635e-05
-0.903288
-1.15433
-2.77556e-17
-0.000591064
-0.892554
-1.41583
-0.00043448
-0.000671134
-0.00869682
-0.0203611
-1.92193
-0.0655422
-0.0168833
-0.172296
0
-0.000495826
0
-0.000388296
-0.00050242
-0.678355
-0.000389692
-0.164878
-0.162415
-0.0330972
-0.156082
-0.0959846
-0.878152
-1.37768
-0.000364666
-0.000230806
-0.884786
-0.170514
-0.147337
-1.56331
-0.181169
-7.75357e-05
-0.164625
-0.000319024
-1.89389
-0.0382669
-0.00201043
-0.159673
-0.000418617
-6.96596e-05
-0.0628187
-0.143918
-0.000204619
-0.0111979
0
-0.000324263
-7.03531e-05
-0.000435597
-0
-1.24869
-1.28149
-0.230735
-0.589173
-0.000160999
-1.91264
-0.000159632
-0.000377723
-0.000330549
-0.199739
-0.017118
-0.000143658
-0.000332167
-0.00271719
-0.000369697
-0.803395
-1.49863
-0.000641172
-0.00032016
-0.198888
-0.00012358
-0.000150009
-0.000247469
-0.182115
-0.149064
-2.77556e-17
-1.82686
-0.0787114
-0.000303792
-0.144983
-0.217127
-0.866119
-3.92523e-17
-0.00618764
-1.34488
-1.91402
-0.809207
-1.92143
-0.326759
-0.000331282
-1.40088
-0.000162964
-0.0134568
3.92523e-17
-0.000231461
-1.81289
2.77556e-17
-0.000361875
-0.000185896
-0.000139286
-1.70081
-0.00052357
-0.000413084
-0.00480987
2.77556e-17
-0.362955
-0.000255015
-1.58041
-0.000229771
-0.000135049
-0.46481
-0.00159363
-0.000453882
-0.860345
-0.160827
-0.00011328
-0.171184
-0.00336691
-8.43947e-05
-0.000175392
-8.29259e-05
-1.47298
-0.0145014
-0.517348
-0.270475
-0.908186
-0.000145051
-1.29729
-0.000270011
-0
-1.94009
-0.288634
-8.71003e-05
-0.000402408
-0.000389211
2.77556e-17
-1.85652
-0.000114251
-0.361839
-0.000234752
-0.000209689
-0.774621
-0.00457212
0
-1.13704
-0.16229
-0.0003806
-0.00472325
-0.845267
-0.830964
-1.95148
-2.77556e-17
-0.000127462
-0.760764
-0.000246121
-0.000110706
-0
-0.104345
-0.000200761
-1.33225
-0.633474
-1.61754
-0.000411898
-0.320127
-0.0279708
-0.575213
-7.32892e-05
-0.000302752
-0.000137169
-7.80291e-05
-0.00010987
-0.0291431
-0.000153164
-0.000153617
-0.000692319
-2.77556e-17
-0.00914651
-0.000357695
0
-0.000242165
-1.07014
-0.0318289
-0.000213171
0
-1.84371
-0.000268845
-0.000116241
-0.822526
-0.252246
-0.000318691
-1.65669
-0.755931
-0.722533
-1.66609
-0.000282458
-1.8849
-0.0551229
-0.00285337
2.77556e-17
-0.0389415
-1.17865
-1.21419
-1.94872
-0.00018256
-1.94343
-0.405487
-0.000557064
-0.000284226
-0.000119773
-0.000430475
-1.87074
-1.64176
-1.35942
-0
-1.32512
-1.0968
0
-0.165915
-0.000216082
-0.00254207
-0.000275296
-0.407777
-0.00019382
-0.000322371
-0.0319874
-5.06164e-05
-0.000247885
-0.00069728
-1.6451
-0.000285707
2.77556e-17
-0.606621
-1.56455
-0.195216
-0.000168977
-0.000354239
-8.0999e-05
-0.000145584
-0.618611
-0.000310597
-0.227472
-1.66117
-3.92523e-17
-0.0180793
-0.000139222
-0.589007
-0.0141427
-6.52077e-05
-0.000365972
-1.56388
-0.00279736
-1.2347
3.92523e-17
-1.47551
-8.13765e-05
-0.550331
-1.7587
-1.53612
-1.18706
-0.511386
-0.89236
-0.000416499
-0.000157544
-1.14968
-0.000142257
-0.00016639
-0.000226367
-1.10904
-0.605789
-0.881866
-1.03072
-1.51594
-0.000232069
-1.52359
-1.93309
-1.59375
-1.95
-1.95219
-1.3548
-1.6687
-0.000137335
-0.000216062
-0.0507896
-0
-0.643978
0
-1.95428
-0.570078
-0.548621
-0.0528419
-0.466329
-1.05067
0
-0.000190962
-0
-2.54963e-05
-0.359014
-0.656642
-0.00022181
-1.95336
-0.655207
-0.000265208
-0.000112975
-1.78558
-0.000340102
-0.828883
-0.000301558
-0.000604326
-3.92523e-17
-0.00020003
-0.000135272
-0.443934
-0
-0.465719
-0.000116863
-0.000141169
-0.000518848
-8.54971e-05
-1.1927
-9.93342e-05
-1.92482
-0.000138209
-0.669995
-0.000280765
-0.000213769
-0.00179885
-0.597439
0
-1.83617
-0.000208433
-0.000377692
-9.93283e-05
-0.000268627
3.92523e-17
-0.0716858
-0.000304682
-1.94688
-0.0160996
-0.0251525
-0.0336559
-0.000117739
-0.000635998
-0.000366993
-1.87218
-0.000251734
-0.000159399
-0.000193851
-0.713137
-0.000375308
-0.00427417
-0.45299
-9.00456e-05
-0.000140224
-0.000303805
-0.0014039
-0.000885756
-0.00100063
-0.000886668
-0.0212666
-0.182071
-0.000444842
-1.8565
-0.000834302
-0
-0.000430037
-0.270104
-0.212137
-1.90246
-0.000532292
-5.28172e-05
-0.000118532
-0.000651229
-0.214142
-0.000708333
-7.01975e-05
-0.00018267
-0.000206674
-0.000378319
-0.000372388
-6.2404e-05
-0.00014908
-1.93851
-0.0001256
-0.00040302
-0.000519298
-1.93406
-0.00026715
-0.00030411
-0.000344919
0
-0.000175588
0
-0.000441719
-0.000301687
-0.00027544
-0.00108068
-1.57287
-0.000172805
-0.000132021
-0.229238
6.20634e-17
-0.000132338
-0.185761
-0.099879
-0.00481208
-8.84133e-05
-0.225237
-0.000319573
-0.377519
-0.00268644
-0.00483196
-0.000481228
-8.84534e-05
-0.000206051
-1.95033
-0.837217
-0.000692206
-6.19729e-05
-0.000228315
-0.00194274
-0.00032118
-0.000306387
-0.180369
-0.000679482
-0.000513923
-0.000178865
-0.000120039
-0.000340774
-1.65556
3.92523e-17
2.77556e-17
-0.000172402
-0.00876422
0
-0.00830053
-0.000112303
-1.65745
-1.9508
-1.40643
-1.94324
-0.0005352
-0.00011368
-0.000155827
-0.00782119
-0.000188685
-0.00661385
-0.000694297
-0
-0.000123357
-1.80133
-0.000666708
-0.000194347
-0.000251433
-0.000864437
-0.0352805
0
-0.000195419
-0.000430603
-2.77556e-17
-0.0147837
-0.000382845
-0.000567096
-0.000243709
-0.000296768
-0.000245176
-6.83932e-05
-1.65181
-0.000255122
-0.919767
-0.000281877
-0.000560148
-0.0316308
-0.220993
-0.191548
-1.45486
-0.00047347
-0.000265421
-0.000180595
-0.000930962
-0.000529721
-0.000164185
-0.224739
-1.18295
-0.000478239
-0.000309847
-0.215366
-8.24386e-05
2.77556e-17
-0.000154592
-0.000472257
-0.0258277
-0.000361709
-0.000258218
-6.20634e-17
-0.000114744
-0.00311033
-0.00314459
-0.00023849
-6.11785e-05
-6.40843e-05
-0.000455324
-0.000127069
0
-0.42958
-6.40857e-05
-0.000158893
-5.70819e-05
-7.40406e-05
-0.000121053
-0.000144271
-0.00257836
-0.000226537
-7.55844e-05
-0.296064
-0.000526523
-0.0240462
-7.16822e-05
-0.00012331
-8.02975e-05
-0.0299589
-9.94785e-05
-0.000243015
-0.000507857
-0.000334717
-0.000583442
-0.000196313
-0.233191
-0.000701207
-0.000107863
-0.000623132
-0.000187845
-0.228379
-9.23553e-05
-0.000325618
-3.92523e-17
-0.000368167
-8.81043e-05
-0
-0.00032545
-0.00040878
-0.000197293
-7.75266e-05
-0.00369688
-0.000231901
-0.000141365
-0.000279773
-0.000742518
-1.91682
-0.000251503
-0
-0
-1.06586
-1.3172
-0.0108022
-0.00023959
-0.000398153
-0.000377399
-0.000133041
-0.000369751
-8.01988e-05
-0.000197333
-0.152666
-0.000157578
-0
-0.960141
-0.000352465
-0.000169539
-0.000200351
0
-0.000143864
-0.000179651
0
-0.154064
-0.000150652
-0
-3.92523e-17
-0.0759006
-0.000104859
-0.000651918
-0.000437498
3.92523e-17
-0.236481
-1.88186
-0.000709719
-0.259904
-0.0116815
-0.182355
0
-0.26621
0
-0.00025664
-0.000713437
-0.0145834
0
-0.000583744
-0.000338119
-0.000227745
-0.000119329
-6.79667e-05
-0.027302
-0.213916
-0.159871
-0.000487367
-1.9344
-0.000598127
-0.000107289
-0.530529
-0.000304926
-0.884425
-8.83469e-05
-0.213505
-0.0242107
-0.230801
-0.000120231
-1.61822
-0.000309379
-0.000396205
-0.959616
-1.87285
-0.206553
-0.0156363
-0.000447505
-0.146509
-0.00560668
-0.00012387
-0.000204814
-0.000878936
-1.92193
-0.0214891
-7.464e-05
-0.000467188
-0.000403452
-0.0023931
-0.000187868
-0.000726611
-0.00668104
-0.182747
-0.000186064
-0.000516541
-0.000217249
-0.00071452
-0.000130198
-1.93793
-0.000469595
-0.00017254
-0.0001411
-0.000229149
-0.000651401
-0.000282866
-1.92799
-0.000652233
0
-0.226392
-6.6704e-05
-0.026961
-0.174815
-0.114064
-0.000203931
0
-4.64893e-05
-0
-0.000372553
-7.00792e-05
-0.204895
-4.92512e-05
-0.000217366
-0.216173
-0.0226248
-0.000130747
-0.000198771
-2.77556e-17
-0.0327955
-0.000715399
-0.0265679
-0
-0.197769
-0.00460438
-0.000104426
-0.000285497
0
2.77556e-17
-0.0428432
-0.446504
-0.213572
-0.000207761
-0.000617279
-7.99432e-05
-0.000145047
-0.000154094
-0.207148
-0.000102536
0
-0.000256795
-0.00460835
-0.000271457
-0.000717935
-0
-0.0406011
-0.000100065
-6.72135e-05
-7.01864e-05
-0.000173527
-0.000299793
-0.00030745
-0.000211338
-0.000142604
-0.000105928
-0.00609687
0
-0.0197239
-0.000115661
-1.7994
-3.92523e-17
-8.64857e-05
-8.13793e-05
-0.000169015
-8.62703e-05
-0.021667
-1.08942
-0.0160128
-0.00026803
-5.1735e-05
-0.000307327
-1.89944
-0.183973
-5.78245e-05
-1.41461
-0.000380897
0
-0.000218896
-1.9516
-0.280925
-6.20634e-17
-4.82844e-05
-0.014229
-0.000127289
0
-0.145267
-0.0141995
0
-0.105341
-0.000469081
0
-0.0190488
-0.000129797
-0.000344537
-0.0334237
-0.000111428
-0.136952
-0.0103699
-0.000153057
-0.171896
-0.000778159
-0.0312441
-7.63249e-05
-0.000222034
-0.152296
-0
-0.000245107
-0.114104
-0.15237
-1.88746
-1.18638
-8.32667e-17
-0.000169444
-5.98881e-05
-1.93982
-0.0266156
-2.77556e-17
-3.92523e-17
-0.0161213
-0.000112322
-0.365662
-0.000108136
-0.000128778
0
-6.05547e-05
-0.000408081
-0.0248425
-5.6348e-05
-1.22793
-0.000191461
-0.000143263
-0.000184767
-0.00290017
2.77556e-17
-0.0444138
-0.00115876
-7.91743e-05
-0.000387181
-0.000256075
-1.13791
-5.54886e-05
-0.261069
-0.000169274
-0.000216774
-0.000126263
-6.88647e-05
-0.000383351
-0.000384169
-0.000233223
-0.000399374
-0.000304526
-0.000321269
-0.0127178
-0.0209837
-1.72756
-1.1327
0
0
-1.43189
-1.95348
-0.000127812
-1.26483
-1.22874
-6.29278e-05
-9.44634e-05
-0.000322744
-0.0353109
-1.93877
-0.576473
-9.40496e-05
-0.0139536
-0.000223058
-0.0154682
-9.50272e-05
-0.00035606
-2.77556e-17
-0.0402929
2.77556e-17
-8.18788e-05
-0.000816631
-0.000165412
-0.0265864
-0.00011804
-1.34252
-0.000175105
-0.000235128
-0.000147885
-1.73466
-2.77556e-17
-0.000221436
-0.00145438
-0.0306135
-0.00551424
-0.000192781
-0.00095168
-0.00207316
-0.0151132
-0.011279
0
-0.207116
-0.0171392
-1.23399
-0.0266992
-0.203164
-0.0402821
-1.24348
-1.86652
-0.000193956
-0.684456
-0.0417444
-0.000126068
-0.260344
-0.000133962
-0.000277837
-1.72806
-0.733869
-0.196121
-1.93353
-0.000117009
-0.0260664
-0.00017578
-0.000111472
-0.203588
-0.000235644
-0.000164545
-0.000116578
-0.000166642
-0.0366728
-0.0700991
-0.00789639
-1.16677
-0.000187244
2.77556e-17
-0.210454
-0.000182324
-9.26872e-05
-0.0499469
-0.0252584
-0.0118221
-0.0222924
-8.86005e-05
-0.0604578
-0.0532005
-0.0592083
-0.339212
-0.000147633
-0.167086
-0.000259881
-0.000199131
-0.000234297
2.77556e-17
-1.8369
-0.929056
-0.187557
-0.00767994
-7.6175e-05
-0.00418509
-0.0139525
-1.49692
0
-0.000305672
-0.203767
-7.35552e-05
-0.000252547
-0.000144061
-0.000101369
-0.375017
-0.000108487
-0.478571
-0.406178
-9.86364e-05
-0.000447579
-0.000236984
-0.000215877
-1.16601
-1.93629
-0.669353
-0.689217
-0.151551
-9.38399e-05
-0.000210262
2.77556e-17
-0.000125961
-0.000399741
-0.000167761
-0.000130559
-2.77556e-17
-0.000500139
-0.000122364
-0.000212891
-0.00168259
-0.0309221
-0.000180983
-0.000211437
-0.000170107
-0.000372398
-0.000164097
-0.0116454
-1.44775
-0.000107187
-0.000566335
-0.00468589
-0.020146
-0.000250891
-0.000194648
-0.0235176
-0.00984643
-0.000416664
-0.970458
-0.000144007
-0.000639015
-0.70556
-0.0367964
-0.500258
-0.537604
-0.000234948
0
-0.0172506
-0.188718
-1.29823
-1.0122
-0.000199207
-1.43653
-1.72548
-1.69295
-0.000111919
-1.90994
-7.97278e-05
-0.221444
-0.000169931
-0.129732
-0.0155674
-0.00375223
-0.948438
-8.53853e-05
-1.80573
-1.92101
-0.0131525
-0.332199
-0.252049
-0.0171999
-9.67389e-05
-0.000170917
-0.00651125
-0.0949729
-0.062104
-0.000160179
-1.77759
-0.000596857
-0.0102186
-5.07507e-05
-1.96038
-0.280426
-0.0644788
-1.76749
-0.0191882
-0.0144833
-0.000562479
-0.000159963
-1.51236
-0.000196952
-0.000124283
-9.53911e-05
-0.000111361
-0.000603782
-0.925203
-0.0201007
-0.000184662
-6.78396e-05
-0.0383657
-2.77556e-17
-0.000231376
-1.93469
-0.000138846
-0.00662515
-0.00208037
-0.000184755
-0.0897923
0
-0.547658
-0.059014
-0.305296
-0.0593284
-0.149766
-0
-0.0327699
-0.233793
-0.00017362
-0.000213142
0
-0.000215781
-0.000176064
-1.63513
-0.0456168
-0.000150476
-1.0321
-0.0308116
-0.000155863
-0.00941601
-1.05614
-0.00591313
-0.000366264
-0.0129215
-9.70025e-05
-0.0629596
-0.5222
-0.0837201
-0.0359154
-0.000350939
-0.327507
-0.183353
-1.3489
0
-0.000109802
-0.000408244
-1.9243
-8.69481e-05
-0.000138981
2.77556e-17
-0.000234401
-0.0389148
-5.55112e-17
-8.50613e-05
-0.124256
-1.68437
-0.00985837
-2.77556e-17
-1.8201
-0.000674672
-0.0144668
-0.0158011
-1.90372
-0
-0.00816769
-0.000185816
-4.79175e-05
-0.000278299
-0.00469215
-7.38293e-05
-0.000292718
-1.03755
-0.148864
-5.68875e-05
-0.0805225
-0.0124277
-0.163556
-1.73627
-1.91841
-0.000155971
-0.0666834
-0.000114664
-1.64667
-1.11086
-0.000145672
-6.9512e-05
-1.62117
-0.160235
-1.35569
-0.173587
-0.28812
-0.12608
-0.000103028
-5.37187e-05
-0.000188936
-0.000194394
-0.246798
-0.000110794
-0.00162242
-0.98508
-6.31021e-05
-0.000192183
-0.0189608
-2.77556e-17
-0.16102
-0.000160429
-0.000195845
-0.0001298
-9.48807e-05
-0.000155825
-0.000132214
-0.231239
-0.00024893
-7.80211e-05
-0.00109244
-0.000353374
-0.2594
-1.93431
-0.000708555
-0.0207715
-1.19673
-1.61765
-0.0498118
-0.000283007
-1.21082
-0.259352
-0.000454834
0
-2.77556e-17
-5.75801e-05
-1.46218
-0.366904
-0.00203871
-6.79577e-05
-6.81153e-05
-0.000129496
-0.000170178
-0.00641759
-0.000244921
-0.000452662
-0.000108483
-0.000227103
0
-0.00329017
-0.0521028
-0.00022801
-1.23988
-0.0050133
-0.609308
-1.95685
-0.00852108
-3.44351e-05
-0.00101165
-0.788043
-0.000150624
-6.53582e-05
-0.0051258
-0.161741
-0.415189
-0.000240546
-0.191063
-8.92422e-05
-1.95708
-0.018224
-1.95963
-6.45532e-05
-0.000608989
-0
-0.000229858
-0.000299928
-2.77556e-17
-0.000281569
-0.0738117
-1.20821
-1.05812
-0.00578985
-1.46452
-0.0016595
-0.146374
-0.799382
-0.0383416
-0.000116842
-1.5006
-0.0873854
-8.72576e-05
-0.213376
-0.000122716
-5.59884e-05
-0.0204444
-0.000171795
-0.000229069
-1.70428
-0.000110514
-0.000234318
-1.84794
-0.000217846
-0.032984
-6.02916e-05
-0.0307702
-0.000177444
-0.0560127
-0.385922
-1.60671
-8.03623e-05
-0.000112894
-0.000161044
-0.00016901
-0.208055
-1.7143
-0.00012309
-1.08246
-0.0403881
-0.235265
-0.915657
0
-4.13556e-05
-0.000164065
-0.000186376
-0.0494019
-0.0150915
-0.000343209
-0.019192
-0.000243143
-0.0140708
-0.000172531
-0.138565
2.77556e-17
-0.000255795
-0.349778
-9.52186e-05
-5.06091e-05
-0.00323197
-0.195504
-0.859127
-0.195428
-0.0929905
-6.88834e-05
-0.894773
-0.00017417
3.92523e-17
-0.000205181
-0.191819
-0.000180005
-7.97677e-05
-0.000103726
-0.000287756
-0.000162996
-0.0356462
-0.119531
-0.000381477
-0.000269352
-0.00369297
-0.0542526
-0.000102098
-0.000231708
-1.63282
0
-5.782e-05
-0.000106912
-0.0509857
-0.00247677
-5.74649e-05
0
-0.00019323
-0.000155163
-0.0443047
-1.94297
-0.440991
-0.000206894
-1.29785
-0.000230353
-0.127487
-0.992003
-0.156129
-0.000145323
-0.156638
-0.000170748
-0.0464555
-0.181678
-0.0549702
-0.0001555
-0.0416254
-0.000295111
-0.00721545
-0.000105437
-0.029744
-0.133582
-0.00077865
-0.0868471
-0.0124272
-8.19726e-05
-8.27637e-05
-0.000221629
-0.0183535
-2.77556e-17
-0.000123686
-0.00167087
-0.0230367
-1.89333
-0.000156217
-1.94637
-0.0820219
-0.0163603
-1.01469
-0.138799
-0.000618314
0
3.92523e-17
-0.703253
-0.00575801
-0.000131323
-0.000131165
-0.000104368
-0.0473655
0
-0.297387
-0.00334693
-1.85281
-0.000114051
-0.037474
-0.0001097
-0.0200351
-1.15718
-0.000264684
-0.25664
-9.99926e-05
-5.37197e-05
-0.000109035
-0.466875
-0.000134003
-0
-8.12565e-05
-1.5467
-0.000209216
-0.151453
-0.000380856
-0.000120629
0
-1.95141
-1.33006
-0.000157272
-6.08474e-05
-0.000224526
-6.76482e-05
-0.00010185
-0.000257296
-0.000769999
-1.45301
-2.77556e-17
-0.182462
-6.41065e-05
-1.65636
-0.00689036
-2.77556e-17
-1.63934
-0.000172021
-0.229272
-0.221665
-0.0323338
-0.158818
-0.695414
-0.000183843
-0.000164538
-5.48111e-05
-0.000122693
-0.000133734
-0.0419558
-0.000247878
-1.50522
-0.000213158
-0.0457425
-0.000123829
0
-0.17448
0
-0.00791687
-0
-1.95989
-0.000149239
-7.33557e-05
-0.567592
-0.0120292
-0.000317932
-5.55112e-17
-0.000150609
-0.000110347
-0.000242982
-0.000712155
-0.000432297
-1.95575
-9.67069e-05
-6.1172e-05
-0.000954718
-9.45742e-05
-0.355083
-9.05103e-05
-0.000462329
-0.00606149
-0.124019
-0.000277218
-0.00998029
-9.86818e-05
-0.971626
-1.92297
-0.0207213
-0.000389488
-0.000104446
-1.26388
-0.000116867
0
-0.00123794
-0
-0.0146863
-1.0568
-1.59477
-0.000102926
-1.92431
-0.0905642
-0.744568
-1.5917
-1.91185
-0.0265942
-6.96456e-05
-0.0530745
-8.23465e-05
-0.485951
-0.000111217
-0
-0.208809
-0.0766815
-7.10054e-05
-0.0249746
-0.439446
-0.0116685
-1.95895
-0.00982944
-1.04071
-0.0149794
-0.0261962
-0.000114846
-6.63125e-05
-8.88901e-05
-0.152278
-0
-0
-0.000408429
-0.202466
0
-0.0502236
-0.000113866
-0.000177892
-3.43201e-05
-0.000336193
-0.0514039
-1.39834
-0.000157708
-0.111912
-0
-5.54635e-05
-2.77556e-17
-0.0509345
-0.000122015
-0.000681518
-7.41465e-05
-0.037947
-3.90595e-05
-0.0586374
0
-1.33608
-0.0510169
-0.191091
-0.000111876
-0.0105617
-0.0194743
-1.54461
-0.000140376
-0.268408
1.00074e-16
-0.0592288
-0
-7.48532e-05
-0.0464961
-7.59836e-05
-0.219311
-9.28714e-05
-0.137872
-0.0125796
-1.43757
-0.0172452
0
3.92523e-17
-8.48094e-05
-0.876223
-1.92483
-4.75024e-05
-0.639199
-0.0608492
-0.0170339
2.77556e-17
-0.774074
-4.26886e-05
-0.0380849
0
-0.000543964
-0.0221938
-0.000672937
-0.362573
-1.63692
-1.82536
-0.0674206
-0.00695428
-0.000106369
-0.17047
-0.012926
-0.295786
-0.000158865
-0.000613606
-0.0183435
-0.140723
-0.00211924
-3.92523e-17
-0.523528
-1.62566
-0.119884
-0.000213161
-0.984843
-6.90425e-05
-0.0713194
-0.0677046
-0.0826952
-0.334193
-1.82563
-9.49548e-05
-0.121857
-0.153302
-0.000225552
-0.01369
-0.0311478
-0.00169677
-0.000171621
-0
0
-0
-1.35299
-0.0231803
-1.91863
-1.79089
-0.598474
-5.08929e-05
-1.45102
-0.680131
-5.40321e-05
3.92523e-17
-0.0102527
-0.0897235
-9.87318e-05
-0.0536464
-0.0117899
-0.000156198
0
-8.77639e-05
-0.000210325
-1.08883
-6.1967e-05
-0.163439
-0
-0.0113711
-0.143658
-1.71964
-0.00772813
-1.43017
-7.43987e-05
-0.0662265
-0.0236017
3.92523e-17
-0.000418642
-0.0759283
-2.35161e-05
-1.89637
-0.155233
-0.00010978
-0.000143991
-0.411452
-0.000103417
-1.94971
-0.000185792
-0.0288646
-0.0866228
-0.000109203
-0.0379292
-0.0210821
-9.46088e-05
-0.150241
-0.0135313
-0.000649059
-0.00824435
-0.000134542
-0.000102581
-3.67341e-05
-0.000298066
-8.76741e-05
-0.00015009
-0.0189993
-0.0931766
2.77556e-17
-0.000106601
3.92523e-17
-1.31287
-0.707868
-0.00011137
-0.071777
-0.0198049
0
-3.67341e-05
-0.0262519
-0.0693322
-5.59068e-05
-5.04046e-05
-0.0836149
-0
0
-7.34702e-05
-0.000631212
0
-0.227834
2.77556e-17
-0
-0.000184889
0
-2.77556e-17
-0.0827244
-0.00200403
-0.289951
-0.0311226
-0.000444684
-0
-0.000130521
-0.0432123
-0.203435
-0.000503243
-1.95469
-0.221217
-0
-6.60581e-05
-7.93024e-05
-6.07513e-05
-0.0894236
-4.14855e-05
0
-0.575035
-0.00014251
-0.000107027
-0.000208062
-0.000222139
-0.000201954
-0.000166929
-0.0776221
-0.0934006
-9.37284e-05
-1.06807
-0.0565622
-0.0624549
-0.144349
-6.23558e-05
-5.82503e-05
-0.918037
0
0
-6.73664e-05
-0.000185282
-7.71513e-05
-0.766206
-0.000389305
-0.0153089
-0.51288
-0.406197
-4.55102e-05
-5.91712e-05
-0.0021336
-0.134455
-0.136387
-0.389856
-0.566866
-1.93435
-0.000905198
-0.547511
-0.00107066
-0.021889
-0.185499
-0.0143879
-0
-0.0213388
-0.689098
-0
-0.544545
-0.00021959
-0.000900367
-9.46293e-05
-0.00630572
-0.145313
-0.00085615
-7.27764e-05
-0.141457
-0
-0.21958
-0.000402468
-0.22349
-0.000143296
-0.0418768
-1.81869
-0.0355209
-0.000168015
-0.000236219
-0.268774
-0.00724814
-0.0181737
-4.50146e-05
-0.000146349
-0.0313913
-3.92523e-17
-7.61298e-05
-6.93553e-05
-3.92523e-17
-9.19582e-05
-0.00017356
-2.77556e-17
0
-1.22369
-6.82264e-05
-6.15215e-05
-6.22575e-05
-1.61756
-0.00520149
-1.89076
0
-0.000193911
-0.00150274
-6.58159e-05
-5.6548e-05
-0.000587875
-0.0428799
-6.51465e-05
-0.000149344
-0.000163581
-0.0678508
-9.96486e-05
-0.498946
-6.17368e-05
-0.11591
-0.012033
-0.279237
-3.15989e-05
-0
-3.91163e-05
-1.85068
-0.00373879
-0.000125805
-6.46204e-05
-7.38527e-05
2.77556e-17
-0.0615932
-0.000131354
-4.93892e-05
-3.92523e-17
-0.0022546
3.92523e-17
-0.288419
-7.74621e-05
-0
-0.000104051
-0.218102
-1.9609
-0.0206057
-0.000174063
-0.0910792
-1.37371
-0.000107188
-0.0941546
-0.00123751
-7.13727e-05
-1.95056
-0.00674696
-1.6875
-0.00765525
-0.0352344
-7.18238e-05
-0
-1.20801
-1.9606
-0.171401
-0.277467
-0.0300128
-0
-1.94938
-0.00025202
-0.226151
-7.19156e-05
-0.000426311
-0.000237274
-1.8938
-0.728616
-1.95531
-0.000143912
-0.0325464
-0.00200801
-0.0001004
-0.000109831
-5.17722e-05
-0.120143
-1.30446
-0.0188029
-0.00928936
-0.00014634
-1.26725
-0.142091
-1.94462
-0.0387442
-8.30656e-05
-9.39488e-05
-0.121388
-0.00168933
-0.083934
-0.110629
-0.0486151
-0.157456
-2.77556e-17
-0.361033
-0.000105331
-8.11153e-05
-5.27954e-05
-0.0076991
-0.16365
0
-1.34615
-0.121789
-0.177548
-0.000153127
-4.22028e-05
-1.92997
-0.0175965
-1.1872
-0.000163537
-0.000531387
-0.157108
-8.76557e-05
-0.27143
-0.219112
-0.206119
-0.000570343
-1.95845
-0.000146214
-0.150195
-0
-3.92523e-17
-0.0313144
-8.72406e-05
-0.000132795
-0.000138118
-0.00112972
-0.000189963
-0.0228398
-0.000150196
-3.2309e-05
-5.5157e-05
-0.000219652
-7.92767e-05
-0.0771209
-0.00158664
-2.86709e-05
0
-0.160947
0
-1.68526
-6.95005e-05
-0.000158313
-0.000174358
-0.00160858
-0.000560195
-0.000132515
-0.00483421
-0.000406464
-1.95902
-0.0231943
-0.187829
-0.000123286
-7.88606e-05
0
-9.84912e-05
-0.043779
-0
-0.149151
-0.000250061
-0.0389837
-0.180146
-0.286111
-0.0594958
-0.000125154
-0.122151
-0.0167202
-8.99082e-05
-0.106831
-5.20892e-05
2.77556e-17
-0
-6.79088e-05
0
-0.601106
-0.676633
-1.07087
-0.0118344
-9.05171e-05
-1.65045
-0.0590484
-0.0465494
-0.585384
-0.218613
-0.0123292
-0.000123393
-0.027036
-0.160258
-0.0671476
-0.0144497
-0.00193298
-9.15431e-05
-0.128497
-0.000141726
-1.31812
-0.00676192
-0.000276036
-1.90958
-6.37856e-05
-2.59298e-05
-0.000135572
-0
-0.243274
-0.120669
-5.10985e-05
-0.0457966
-0.000180677
-3.42829e-05
-0.000117047
-1.30317
-0.0454436
-0.00605475
-0.123211
-0.0575326
-6.85384e-05
-0.000102626
-6.11424e-05
-1.235
-0.00768549
-0.00042061
-2.77556e-17
-0.024979
-8.41846e-05
-1.9232
-0.00155543
-1.8669
-0.0436627
-0.0128633
-0.012902
-0.0827202
-1.80607
-6.0772e-05
-0.0222257
-0.116142
-0.000414015
-8.41226e-05
-5.55112e-17
-0.0354117
-0.665967
-0.00832196
-0.000989607
-0.57157
-2.77556e-17
-0.225271
-0.212159
-0.0119771
-0.0698311
-9.81279e-05
-1.74256
-0.000259443
-1.39618
-0.000132582
-0.293656
-0.00253526
-0.000422996
-0.00250337
-0.0901413
-0.259158
-0.040442
-1.94062
-0.000135709
2.77556e-17
-0.000160463
-2.77556e-17
-0.0872503
-0.141827
-2.74488e-05
0
-0.137361
-0.761524
-0.00528945
-0.0118595
0
-0.000144457
-4.37509e-05
-0.0133991
-0.000355361
-0.0520202
-0.0479462
2.77556e-17
0
-1.28827
-0.0203202
-0.000267659
-0.320006
-0.597953
-0.00215436
-0.00017067
-0.0441976
-0.000428001
-0.181118
-0.000171665
-0.0291868
-0.00643253
-0.15107
-0.000437315
-0.0484234
-0.000119762
-6.79183e-05
-1.84166
-0.49049
-0.0958527
-1.36703
-0.000145673
-0.0141373
-1.09931
-0.557225
-0.402166
-0.0280937
-0.00138869
-1.95857
-0.000751303
-7.13836e-05
-0.000896022
-0.00111749
-0.000597571
-0.236692
2.77556e-17
-7.22059e-05
-0.122581
-0.000863195
-4.7857e-05
-0.000239435
-0.0367516
-0.173182
-1.75328
-2.77556e-17
-0.0241925
-0.018931
-0.226021
-1.78085
-3.89614e-05
-0.060416
-0.313913
-0.0475204
-0.0251449
-0.05707
-0.0549109
-0.000592366
-6.76976e-05
-0.348327
-0.00041615
-0.00012575
-5.32993e-05
-0.273625
-0
2.77556e-17
-0.000866729
-0.000126969
-0.223486
-0.000172882
-0.000486452
-0.000103416
-0.0003801
-0.0268237
-0.000251597
-0.034695
-0.000213176
-0.00025146
-3.84912e-05
-0.0287506
-0.000115437
-0.000313129
0
-8.47369e-05
-8.84344e-05
-5.34536e-05
-4.99418e-05
-1.95368
-0.000126275
-7.01991e-05
-1.95411
-0.0295904
-0.00098855
-7.83053e-05
-0
-0.000122212
-0
-0.229772
0
-5.60122e-05
-0.000808526
-0.00128862
-0.000444658
-5.64675e-05
-0.00131152
-0.000855761
-6.16779e-05
0
-0.00974205
-0.230436
-1.54325
-0.0011633
-0.919107
-0.971399
-0.000117239
-0.000143014
-0.000738151
-0.000337495
-0.0522782
-0.000714152
-8.06326e-05
-0.00114231
-0.032215
-5.59969e-05
-0.00361235
-0
-1.09181
-0.000624796
-0.0011904
-0.000881051
-0.00716619
0
-6.38202e-05
-0.00120989
-0.000101081
-0.00043316
2.77556e-17
-6.57325e-05
-0.00424576
-0.000154313
-0.00114427
-1.652
-0.000762618
-0.000165156
-0.0285315
-8.03449e-05
-0.00220386
-0.00261012
-3.79618e-05
-0.0282028
-0.0121936
0
-0.0017972
-3.92523e-17
-0.000642883
-0.000539874
-0.0291338
-0.000467405
-0.000596032
-0.00433874
-5.47332e-05
0
-0.0002239
-6.8532e-05
-0
-0.000752569
-0.000185348
-0.000490111
-6.60693e-05
-0.00223071
-7.45477e-05
-0.00431791
-3.08835e-05
-0.000117451
-4.33251e-05
-0.000107548
-0.000917036
-0.00118898
-9.42059e-05
-0.000104808
-0.000655568
-0.0075045
-0.00112175
-1.95978
-0.000791624
-0.000949392
-0.000778152
-5.07274e-05
-0.000103569
-9.88749e-05
-0.000546927
-0.00097969
-2.77556e-17
-0.0108988
-0.0017225
-7.377e-05
-0.0345299
-0.000360446
-0.00137736
-0.000752598
-0.000720756
-0.000723015
-0.012134
-0.000760254
-8.67869e-05
-0.000166073
0
-0.000815938
-3.96959e-05
-6.42385e-05
-0.000306827
-0.0112586
-0.0374458
-0.00118291
-1.94648
-8.45207e-05
-9.71923e-05
-7.52745e-05
-0.0594447
-0.000866775
0
-0.0213223
-0.000471465
-0.0407163
-0.000104003
-9.99022e-05
-0.00159501
-0.0266796
-0.0500343
-2.77556e-17
-9.78796e-05
-7.45396e-05
-1.95952
-0.0435726
-0.0812427
-6.91072e-05
-7.54376e-05
-0.133464
-0.00135484
-0.000237064
-0.000858762
0
-0.0106115
-7.79292e-05
-0.00332244
-0.000176482
-0.00137406
-0.0305035
-0.000948975
-0.113671
0
-0.00143094
-0.00171682
-0.00115581
-0.00155641
-0.0319895
-0.00010951
-9.46884e-05
-0.000702793
-0.00090179
-0.233961
-9.96146e-05
-0.0088964
-0.0881294
-0.00151619
-0.000121854
-0.39067
-0
-0.000512534
-0.0053589
-0.00495587
-0.000102632
-0.0327016
-0.00046048
-0.0563876
-0.0191153
-0
-0.000159186
-6.96518e-05
-1.95379
-0.0199459
-0.000752482
0
-0.000475682
-5.70983e-05
-0.00257269
-0.0534915
-0.00870785
-0.00442869
-0.000830551
-0.0701169
-1.04753
-0.0619297
-0.00420015
-0.0212191
-0.000719717
-1.24183
-0.0450112
-0.00678998
-0.020277
-0.000520773
-0.000862565
-0.0455642
0
-0.757242
-0.00129659
-9.52581e-05
-0.00367884
-0.000112474
-6.87436e-05
-0.00793601
-5.49725e-05
-0.00334799
-0.000161269
-0.0485232
-6.62756e-05
-0.00497424
-7.45158e-05
-0.00555181
-0.00328691
-0.00690488
-0.00107274
-0.00361932
-0.0013334
-6.13561e-05
-0.00539301
-0.000777229
-0.00157725
-0.00716897
-0.00272859
-0.0017151
-0.00365667
-0.000107754
-0.00800687
-8.92564e-05
-0.0246039
-0.00111889
-0.0669847
-0.00113918
-6.18279e-05
-9.74758e-05
-0.000127312
-0.00252005
-0.0027298
-0.00184029
-0.00170549
-0.00126406
-0.000390029
-0.0514747
-7.60878e-05
-0.000586692
-5.74287e-05
-0.034453
-0.00349464
-0.00352326
-0.00728574
-0.0214257
-0.0039209
-0.00630757
-0.0342792
-0.0100828
-0.00754004
-0.0980943
-0.000134306
-0.545917
0
3.92523e-17
-0.0285473
-0.0198053
-0.00310543
-0.0183968
-0.0259755
-0.0139689
2.77556e-17
-0.00385935
-1.95844
-0.0706568
2.77556e-17
-0.00469085
-7.33351e-05
-0.00198678
-0.00388485
-2.77556e-17
-2.77556e-17
-0.000208333
-0.00255261
-0.00360052
-0.00339846
-6.42882e-05
-0.000627007
-0.00147305
-6.17613e-05
-0.00309772
-0.00154567
-0.00237552
-1.86676
-0.000636879
-0.02507
-4.09602e-05
-0.405268
-0.000700599
-0.775465
0
-0.0718107
-0.00350766
-0.00104242
-0.00168039
-0.00172511
-0.00220637
-0.00293931
-0.00223595
-8.62717e-05
-0.00279658
2.77556e-17
-0.00380516
-1.94656
-9.2993e-05
-0.0068734
-7.52855e-05
-0.00282972
-0.00265403
-0.00348346
-0.00108537
-0.00821845
-0.000801333
-0.0187999
-9.42104e-05
-0.0394592
-0.20706
-0.0662815
-0.00440247
-0.0017687
-0.00161346
-0.00277994
-0.0626963
-0.00239183
-7.32835e-05
-0.00203615
-0.00182347
-8.07078e-05
0
-0.00403722
0
-0.00528679
-0.000108607
-0.00103342
-7.49909e-05
-0.0471112
-0.00121141
-0.0110163
-7.82064e-05
-0.000635168
0
-0.0027703
-4.45159e-05
-0.0394904
-0.00272081
-0.00262563
-0.000606602
-4.19102e-05
-0.00564574
-0.00522019
-0.0447126
-4.17568e-05
-0
-0.00820156
-8.5317e-05
-0.917232
-1.45261
-0.00102122
-0.0402087
-0.000834197
-4.68942e-05
-0.00644755
-0.038239
-0.011818
-0.00203416
-0.000811127
-0.00123585
-0.00124524
-0.014704
-4.38673e-05
-6.15055e-05
-0.00201967
-0.0187273
-0.0238384
-0.00379951
-0.00571798
-0.0332847
-3.95959e-05
-7.10595e-05
-0.0249028
-0.00106839
-0.0670262
-7.57691e-05
-5.64562e-05
-0.00216667
-0.00121602
-2.77556e-17
-0.00652011
-0.00580684
-0.00157227
-0.0306488
-0.379433
-0.0276426
-6.11447e-05
-0.000166006
-0.00113549
-0.00100902
-0.0426786
0
-0
-0.00012818
-0.00207631
-0.0423055
-0.0402249
-0.000109573
-0.000130874
-7.13995e-05
-0.00128222
-9.36505e-05
-0.00456685
-7.19561e-05
-0.00304269
-0.000127015
0
-0.000529957
-0.0114838
-0.898994
-0.451999
-0.00337172
-0.000382278
-7.12351e-05
-0.111279
-0.00144613
0
-0.0011758
-0
-0.174809
-7.0748e-05
-8.92762e-05
-0.041804
-0.000396195
-0.0137166
-0.0295976
-0.0146883
-0.002845
-0.0262316
-7.28028e-05
-0.00149924
-2.77556e-17
-0.00074385
-0.22604
-8.45454e-05
-0.00133936
-0.01665
-0.0337123
-0.00762395
3.92523e-17
-0.730729
-1.95392
-4.85538e-05
-1.42968
-1.17739
-7.74148e-05
-6.44069e-05
-0.0390551
-8.47153e-05
-3.92887e-05
-0.000113609
-0.00786959
-1.9426
-3.92523e-17
-1.49133
-6.61197e-05
-6.45483e-05
-0.0162626
-0.0381095
-1.66436
-0.000146936
-0.0010386
-1.69313
-6.29339e-05
-4.20923e-05
-1.32624
-0.0249403
-1.66922
-0.00103057
-0.834233
-0.00819387
-0.0113988
0
-0.000325092
-0.000362001
-0.0572636
-7.33143e-05
0
-0.0167747
-0.00592439
-0.00156282
-3.65729e-05
-0.0784262
-0.488532
-0.000370861
-0.000611471
-1.95976
-0.00202525
-0.00237534
-0.00805777
-0.176323
-0.0053419
-0.00827394
-3.81407e-05
2.77556e-17
-4.32982e-05
-7.05905e-05
-0.0624627
-0.0520397
-0.0138604
-2.55961e-05
-7.20333e-05
-0.0640328
-0.000286571
-2.77556e-17
-4.26706e-05
-0.000114835
-0.910049
-0.000109212
-1.17728
-1.14471
2.77556e-17
-0.000276395
-0.0142491
-0.023766
-0.00428469
-0.691463
-0.0700566
-0.154226
-0.611675
-0.0695131
-0.0212422
-0.244364
-0.306463
-0.0137277
-1.94974
-0.95818
-6.56309e-05
-3.11424e-05
-3.2585e-05
-0.000241665
-0.000398053
-1.14756
-1.01887
-0.021636
-0.0010755
-0.000190948
-0.00247784
-0.000846642
-0.387004
-0.0016852
-0.00041075
-0.000245332
-0.0274985
-0.553011
0
-0.00117007
-0.000528661
-0.000318723
-0.0287579
-0.0287137
-0.0621572
-0.00118268
-9.642e-05
-0.00137248
-0.00126428
-1.18569
-0.000426433
-0.0429354
-0.000604695
-3.44362e-05
-0.0084678
-0.0610134
-0.0165778
-0.15438
-0.00127031
-1.1317
-0.000781836
-0.000713302
-0.029498
-0.0221031
-0.397209
-1.43196
-0.705602
-0
-0.0184908
-0.00110886
-0.488141
-0.000330959
-6.92101e-05
-0.0636915
-0.01481
-0.000218788
-0.0131952
-0.0151247
-0.00143369
-1.9461
-0.97619
-1.94917
-0.000710659
-0.000582914
-0.127511
-0.00254677
-0.0530817
-0.00491677
-0.000155374
-7.43678e-05
-0.000100586
-0.0185212
-0.363169
-0.348557
-1.28233
-0.0327285
-0.00244612
-0.000713209
-0.000122331
0
-0.0190432
-0.0813998
0
-0.0293606
-0.0229267
-0.00339778
-0.0239714
-0.00796314
-0.000153603
-0.00174663
-0.00175041
-0.134804
-0.00242963
-0.0424901
-0.0232035
-0.35361
-0.0114196
-0.00150162
-0.000604134
-0.11167
-0.00976297
-0.0113018
-0.000129253
-0.00120871
-0.000769855
-0.762121
-0.784383
-4.05188e-05
-0.000427164
-0.0127774
-0.0226034
-8.7417e-05
-1.96072
-0.0895936
-0.00249329
-1.03076
-1.6136
-0.122025
-0.0354539
-8.7417e-05
-0.0105478
-0.00243822
-0.00367034
-0.00396106
-0.0689343
-0.835636
-0.00594511
-1.5824
-0.00333951
-0.0894475
-0.0660346
-0.00891652
-9.0874e-05
-7.98762e-05
-6.34843e-05
-0.0369694
-0.0055371
-0.00136649
-3.10565e-05
-0.721213
-0
-0.00721995
-0.0209096
-0.0683512
-0.0102233
-0.0442718
-3.94946e-05
-0.000867873
-0.000115429
-0.00036625
-0.000119231
-0.00224865
-0.00795421
-1.17502
-1.67517
-0.00664073
-0.0726108
-0.000541194
-7.38141e-05
2.77556e-17
-0.00223012
-0.0181204
-1.10997
-0.00342842
-0.0044582
-0.000957975
-8.87221e-05
-0.876827
-0.00262129
-0.0251791
-0.00726052
-0.00166103
-0.890776
-0.00151022
-0.0030837
-1.70114
-0.0859883
-1.62582
-0.0757988
-0.0141159
-0.000150194
-0.000217365
-1.10448
-0.000237158
-0.00111934
-0.0357292
0
-0.004071
-0.00105289
-0.01806
-0.00157397
-0.000994728
-0.00461239
-0.00219228
-0.000742507
-0.00343874
-0.0747828
-5.64538e-05
-0.000569505
-1.49028
-0
-0.44209
-0.00431729
-0.0141796
-0.000418585
-0.00586221
-0.00027596
-0.227292
-0.00123643
-0.000205968
-0.00145384
-5.51733e-05
-0.00044012
0
-0.000328839
-0.000309944
-0.00903265
-6.86577e-05
-0.000200509
-0.00160256
-0.0014852
0
-5.88701e-05
-0.000113874
-0.000990457
-0.0740542
-0.0279304
0
-0.000113575
-0.00486799
-1.08617
-0.000787914
-1.01282
-0.000249094
-0.000173678
-0.000301626
-0.000349974
-0.904292
-0.0054216
-1.4786
-0.0013823
-0.000149352
-0.82299
-0.00311747
-0.00012894
-0.00328322
-0.0397918
-0.000129654
-0.000157223
-0.000693118
-0.00714875
-0.00167532
-6.29225e-05
-0.000442901
-0.000371907
-0
-0.0857875
-3.92523e-17
-0.00100646
-0.0758543
-0.000185111
0
-0.000762623
-0.0644566
0
-0.00412663
-0.168363
-0.000956104
0
-3.35312e-05
-0.000924999
-0.000143665
-0.00126088
-0.479958
0
-1.89131
-0.00120315
-0.000201967
-6.75685e-05
-0.000386421
-1.95908
-0.000157369
-0.0767741
-0.00107431
-0.0011507
-0.00188564
-0.000511795
-0.000427721
-0.00184071
-0.169555
-0.335014
-0.16213
-1.9539
-0.270188
-1.15812
-0.000201251
-0.0573708
-0.00105974
-0.00203953
-0.0534836
-0.000595098
-0.000264272
-0.000792637
-0.000263078
-0.000452812
-0.0804969
-0.000806569
-0.217388
-7.0882e-05
-0.0501932
-0.00285419
-0.297705
-0.0654817
-4.74718e-05
-0.0230865
-0.00102796
-0.00127445
-0.000129346
-1.95742
-0.221766
-8.53677e-05
-4.27757e-05
-2.77556e-17
-0.000100848
-0.00042256
-0.000248689
-0
-0.00043586
-0.065796
-0.000630694
-0.000165582
-1.93337
-0.262862
-0.000269837
-1.94537
-0.00180354
-1.94134
-0.000133223
-0.0127173
-0.218485
-0.0720387
-7.66791e-05
0
-0.0895749
-1.08316
-6.13015e-05
-0.992778
-0.000288991
-0.000123208
-0
-0.467631
-0.3851
-0.0007162
3.92523e-17
-0
-0.000377135
-0.000207031
-0.00026471
-4.15354e-05
-0.000653673
-0.0127169
-0.0513566
-0.00322131
0
-0.00398068
-0.0106972
-0.00141142
-0.161281
-0.000235169
-0.000463434
-0.000963929
-0.000550526
-0.000415928
-1.22232
-5.04476e-05
-7.79597e-05
-1.93583
-0.000186845
-0.0712136
-0.120766
0
-0.000264337
-0.000374913
-1.47153
-0.000264622
-0.00132686
-0.00212441
-4.72003e-05
-1.95687
0
-0.00320983
-0.000684117
-0.227184
-0.000566807
-1.95021
-0.000109083
-0.00175624
-0.000117427
-0.000458732
-0.000154612
-0.00112761
-0.00640277
-1.90935
2.77556e-17
-0.152238
-0.102796
-0.169884
-0.000527045
-0.000488807
-0.0808827
-1.9552
-1.76077
-5.48785e-05
-0.000470641
-0.000542883
-0.0157792
0
-0.164328
-0.00178875
-0.0959317
-0.000127735
-0.00387972
-0.130652
-0.00102206
-1.21268
-0.00934554
-0.0048239
-0.000100626
-0.000211872
-1.06796
-0.000816639
-0.00660176
-0.00302229
-0.654237
-0.000291123
-1.95506
-0.000441347
-1.39386
-0.00149624
-0.000158152
-0.000235486
-7.99263e-05
-0.00133996
-0.00716326
-0.000268579
-0.0711228
-0.208712
-0
-2.77556e-17
-0.00271081
-0.00331355
-0.0017804
-4.66262e-05
-9.98756e-05
-0.339227
-0.2053
-0.0245172
-0.898423
-0.288963
-0.00259085
-0.00534554
-0.00403981
-1.53799
-0.000324059
-0.00109159
-0.000165445
-0.886652
-0.00134705
-0.59636
-0.00016438
-1.1581
-0.173086
-4.95775e-05
-0.00866445
-1.72351
-0.00161505
-1.01303
-9.17586e-05
-0.000417931
-1.36196
-0.000551438
-0.00700943
-0.00709174
-0.000455422
-0.000304885
-0.0163044
-0.0065829
-0.0840078
-0.000732169
-0.440016
-4.26328e-05
-0.0359525
-0.0568833
-0.801796
-4.95231e-05
-7.92982e-05
-1.09795
-0.000253848
-0.188545
-1.78151
-0.000225242
-0.00107007
-0.926789
-1.4488
-0.95436
-0.00457246
-0.0006366
-0.00195434
-0
-0.00232428
-1.28342
-0.00201426
-0.00110244
-0.000384975
-0.000741958
-0.000401097
-0.00020507
-0.00138558
-0.428184
-0.809488
-7.51628e-05
-0.000408692
-0.000102578
-0.0291821
-0.00215817
-0.317104
-0.000211836
-9.41376e-05
-0.000362275
-0.0224997
-0.000791843
-1.63049
-0.00176182
-0.349892
-0
-2.77556e-17
-1.3888
-0.000406534
-0.00301049
-0.00307859
-0.00131327
-0.0026637
-0.0041407
-0.000239047
-1.67359
-0.00646967
-0.00276587
-0.00220191
-0.000108311
-0.046804
-0.000261847
-0.000622322
-1.93096
-1.76587
-0.0698084
-0.00341966
-0.000191534
-0.00706507
-0.000115046
-0.000373337
-0.00624237
-0.000241012
-0.332532
-0.0618646
-0.485849
0
-0.00847451
-0.00158523
-9.88881e-05
-0.00174955
-0.00035357
-0.00310811
-0.00320055
-0.724903
0
-7.01659e-05
-7.03748e-05
-0.000252935
-1.43129
-0.427259
-0.000541969
-0.101587
-0.0762049
-0.000380031
-0.231798
-1.95681
-0.000502037
-0.000266805
-5.4267e-05
-4.60011e-05
-7.55173e-05
-0.00265895
-0.000543596
-0.000236834
-0.00144607
-1.95849
-0.637192
-0.00149124
-0.000117441
-0.00803029
3.92523e-17
-0.000174064
-0.163778
-0.168417
-3.68609e-05
-0.000616932
-1.49041
-0.0796322
-0.0010347
-0.000107377
-0.23053
-0.00147614
-1.95717
-0.00052547
-0.16
-0.000181805
-0.182928
-1.90188
-0.450374
-1.25832
-0.0151063
-1.69635
-9.95464e-05
-6.82215e-05
-0.00419772
-0.000328144
-0.000315474
-5.90351e-05
-0.000311365
-8.25996e-05
-5.75301e-05
-9.3026e-05
-1.81825
-9.38913e-05
-0.0592943
-0.000114077
-0.00069313
-0.000453711
-0.000225495
-3.84599e-05
-0.000395937
-1.19663
-4.6701e-05
-0.000205947
-0.225857
-0.00107698
-0.174401
-0.000463048
-0.000204559
-5.77912e-05
2.77556e-17
-0.000110767
-0.0255812
-0.00982743
-1.22053
-0.097077
-0
-1.49726
-0.000837426
-3.22034e-05
-0.158989
-0.000236977
-0.000263756
-1.17815
-0.000626499
-0.000283971
-0.000100777
-0.000266194
-1.74208
-0.036735
-8.16537e-05
-9.37397e-05
-1.77257
-0.000237521
-0.010571
-1.00903
-0.00157227
-0.0681095
-0.000793803
-1.9531
-0.563378
-0.00720099
-0.000291613
-0.000151156
-0.0001156
-0.00789644
-9.27137e-05
-0.000117262
-0.000158685
-0.0027754
-0.000335494
-1.95559
2.77556e-17
-4.23068e-05
-0.000123896
-2.77556e-17
-0.354731
-0.0458202
-0.000119625
-0.00344996
-0.000377722
-0.655829
-0.192323
-0.000307982
-0.000718505
-1.2996
-0.000771296
-0.00102876
-0.63526
-5.90668e-05
-0.046705
-0.000179672
-0.00854689
-0.172105
-0.000611482
-0.00874833
-0.206226
-0.000446152
-0.00713983
-0.00105555
-0.00195576
-0.000444631
-1.807
-6.01321e-05
-0.00150074
-0.000287042
-0.000534805
-0.717451
-0.0790468
-0.000111466
-0.000674578
-0.00147194
-0.000342699
-0.0236895
-1.30863
-1.25934
-1.29426
-0.000209531
-0.000246154
-0.0906453
-1.33172
-1.54839
-0.259848
-0.0015524
-0.106088
-0.00137626
-0.0017488
-0.000352412
-0.00510463
-0.000855352
-1.17491
-0.129925
-0.617327
-0.791926
-0.000256318
-0.222581
-6.75247e-05
-0.00176295
-1.35304
-0.000224959
-0.00288148
-0.00298948
-0.000194135
-0.00216155
-0.000232616
-0.00063138
-0.00010222
-1.04791
-0.000559232
-0.000686444
-7.3639e-05
0
-0.000628996
-0.000321158
-6.79213e-05
-0.00116244
-0.00218528
-4.23685e-05
-1.95582
-0.000156186
-0.000730589
-0.00174278
-0.96277
-6.36666e-05
-0.00213089
-0.000415304
-0.000577941
-0.223697
-0.00152376
-0.000261287
0
-0.000281592
-1.90845
-0.00429583
-5.90694e-05
-0.000975591
-0.383891
-0.40238
-0.358929
-0.000362424
-1.39898
-0.000110073
-1.15251
-0.756741
-3.92523e-17
-0.000920571
-0.000480882
-1.39436
-0.000949465
-0.000400064
-0.000968048
-0.000256543
-0.00221262
-0.000385238
-0.00397445
-0.000582284
-0.0236316
-1.58042
-0.000501406
-0.000173493
-0.165962
-0.0451119
-0.00136821
-0.000104891
-6.17327e-05
-0.000359824
-0.000180929
-0.193147
-1.34717
-0.000253755
-0.000345711
-0.000451883
-6.16409e-05
-7.04477e-05
-6.24497e-05
-0.628455
-0.000359795
-9.21137e-05
-0.000912312
-0.000626715
-0.00051781
-7.43747e-05
-7.91662e-05
-8.76387e-05
-1.73693
-0.000112337
-0.000108607
-7.61189e-05
-9.71678e-05
-0.000151534
-8.2162e-05
-0.000542733
-0.000943897
-0.00018113
-0.000425736
-1.95824
-0.682905
-0.000360479
-0.000481551
-0.0012789
-0.0737667
-0.000289081
-0.507193
-1.0003
-0.000415269
-0.231889
-0.406267
-1.38162
-3.299e-05
-0.000501069
-0.000168626
-0.000641919
-0.226796
-2.77556e-17
-0.862904
-0.000179305
-0.000351393
-1.83166
-1.1529
-0.000771875
-0.00019311
-9.55134e-05
-0.164074
-0.23486
-0.000270997
-0.00118975
-0.000201587
-0.4588
-0.000373423
-0.000202841
-1.95719
-0.000238642
-0.00204073
-0.000101459
-0.000307768
-1.28401
-0.213733
-7.81623e-05
-5.24402e-05
-7.64616e-05
-6.29027e-05
-0.00018979
-0.000250845
-0.200668
-0.936146
-0.935362
-0.000209337
-0.000550763
-0.232321
-0.183243
-1.91888
-0.000531858
-0.000177767
-0.208229
-0.00069564
-0.00161053
-0.226751
0
-0.374298
-9.03386e-05
-0.000621855
-1.19549
  </DataArray>
</PointData>
<CellData>
</CellData>
<UserData>
  <DataArray type = "Float64" Name="CompteurTemps" format="ascii">
25
  </DataArray>
  <DataArray type = "Float64" Name="Temps" format="ascii">
2.4
  </DataArray>
</UserData>
    </Piece>
  </UnstructuredGrid>
</VTKFile>
