CompteurTemps	Temps	Cx0	Cy0	
1	0	-0.0922629	0.000110689	
2	0.05	-0.0149237	1.74154e-06	
3	0.1	-0.0121082	-5.1078e-06	
4	0.15	-0.0110999	-8.94956e-06	
5	0.2	-0.0106226	-1.3272e-05	
6	0.25	-0.0119032	-0.000344449	
7	0.3	-0.0110231	-0.000156044	
8	0.35	-0.0109207	-0.000155004	
9	0.4	-0.0109357	-0.00015939	
10	0.45	-0.0109976	-0.000162165	
11	0.5	-0.0168964	-0.000327275	
12	0.55	-0.0123403	0.000216985	
13	0.6	-0.0120043	0.000316606	
14	0.65	-0.0119601	0.000365863	
15	0.7	-0.011969	0.000411235	
16	0.75	-0.0178798	0.000600678	
17	0.8	-0.0121542	0.000446758	
18	0.85	-0.0119674	0.000431031	
19	0.9	-0.0119825	0.00038762	
20	0.95	-0.0120134	0.000351892	
21	1	-0.0179384	0.000514928	
22	1.05	-0.0134558	0.000462713	
23	1.1	-0.0128424	0.000111882	
24	1.15	-0.0126243	-4.9933e-05	
25	1.2	-0.0125345	-0.000117908	
26	1.25	-0.0173687	-8.83021e-05	
27	1.3	-0.0142143	-0.000520857	
28	1.35	-0.013453	-0.000408112	
29	1.4	-0.0131786	-0.000333934	
30	1.45	-0.0130821	-0.000295523	
31	1.5	-0.0141013	0.000304975	
32	1.55	-0.0130817	5.0709e-05	
33	1.6	-0.0130307	7.49275e-06	
34	1.65	-0.0130503	-2.28067e-05	
35	1.7	-0.0130793	-5.2669e-05	
36	1.75	-0.0152665	-0.000299773	
37	1.8	-0.0135605	9.68155e-05	
38	1.85	-0.0133032	0.000122832	
39	1.9	-0.0132406	8.74252e-05	
40	1.95	-0.0132287	4.55611e-05	
41	2	-0.0137908	-0.000685046	
42	2.05	-0.0129854	2.43833e-05	
43	2.1	-0.0129336	7.73996e-05	
44	2.15	-0.0129408	5.85598e-05	
45	2.2	-0.012958	2.31991e-05	
46	2.25	-0.0131824	0.000263526	
47	2.3	-0.0130423	9.33646e-05	
48	2.35	-0.0130589	4.54417e-05	
49	2.4	-0.0130681	-4.13086e-06	
50	2.45	-0.0130721	-4.76013e-05	
51	2.5	-0.0142476	-0.000498822	
52	2.55	-0.0132704	4.03123e-05	
53	2.6	-0.0131999	-1.71521e-05	
54	2.65	-0.0132166	-6.71888e-05	
55	2.7	-0.0132382	-9.87247e-05	
56	2.75	-0.0140321	-0.0010235	
57	2.8	-0.013025	-0.000249991	
58	2.85	-0.0129056	-8.73905e-05	
59	2.9	-0.0128951	-3.76802e-05	
60	2.95	-0.012909	-2.73526e-05	
61	3	-0.0149292	0.000356843	
62	3.05	-0.0129024	0.000507313	
63	3.1	-0.0129038	0.00032692	
64	3.15	-0.0129588	0.000226313	
65	3.2	-0.0129935	0.000157071	
66	3.25	-0.0139808	-0.000945315	
67	3.3	-0.0130813	-5.05862e-05	
68	3.35	-0.0129436	2.11668e-05	
69	3.4	-0.0129085	-7.56643e-06	
70	3.45	-0.0129048	-7.84946e-05	
71	3.5	-0.0130331	0.000135569	
72	3.55	-0.0126745	0.00018113	
73	3.6	-0.0127397	-1.86707e-05	
74	3.65	-0.0127971	-0.000161511	
75	3.7	-0.0128353	-0.000269618	
76	3.75	-0.0127998	-0.000241448	
77	3.8	-0.0128661	-0.00043729	
78	3.85	-0.0128784	-0.000514647	
79	3.9	-0.0128879	-0.000574933	
80	3.95	-0.0128946	-0.000627741	
81	4	-0.0135771	-0.000943899	
82	4.05	-0.0131152	-0.000761395	
83	4.1	-0.0130769	-0.000783294	
84	4.15	-0.0130651	-0.000808868	
85	4.2	-0.0130582	-0.000831808	
86	4.25	-0.0129466	-0.000684438	
87	4.3	-0.0130227	-0.000821022	
88	4.35	-0.0130256	-0.000843334	
89	4.4	-0.0130267	-0.000855608	
90	4.45	-0.0130273	-0.000864423	
91	4.5	-0.0130717	-0.000870078	
92	4.55	-0.0130139	-0.000874218	
93	4.6	-0.0130091	-0.000877866	
94	4.65	-0.0130082	-0.000881156	
95	4.7	-0.0130082	-0.000882707	
96	4.75	-0.0130124	-0.000801625	
97	4.8	-0.0130246	-0.000864259	
98	4.85	-0.0130287	-0.000866768	
99	4.9	-0.0130306	-0.000865028	
100	4.95	-0.0130317	-0.000862239	
101	5	-0.0130505	-0.000846768	
102	5.05	-0.0130101	-0.000851708	
103	5.1	-0.0130066	-0.00085124	
104	5.15	-0.0130058	-0.000850069	
105	5.2	-0.0130058	-0.000847877	
106	5.25	-0.0130177	-0.000765298	
107	5.3	-0.0130246	-0.000826742	
108	5.35	-0.0130288	-0.000828496	
109	5.4	-0.0130309	-0.000827252	
110	5.45	-0.0130321	-0.000825498	
111	5.5	-0.0130519	-0.00080756	
112	5.55	-0.013011	-0.00081717	
113	5.6	-0.0130075	-0.000818767	
114	5.65	-0.0130068	-0.000820167	
115	5.7	-0.0130068	-0.000820725	
116	5.75	-0.0130148	-0.000742766	
117	5.8	-0.0130255	-0.00080503	
118	5.85	-0.0130296	-0.000809288	
119	5.9	-0.0130316	-0.000810428	
120	5.95	-0.0130327	-0.000811114	
121	6	-0.0131785	-0.000931467	
122	6.05	-0.0130601	-0.000847751	
123	6.1	-0.013052	-0.00084498	
124	6.15	-0.0130499	-0.000848427	
125	6.2	-0.0130491	-0.000851591	
126	6.25	-0.0129337	-0.0006748	
127	6.3	-0.013021	-0.000806549	
128	6.35	-0.0130263	-0.000816898	
129	6.4	-0.0130288	-0.000819152	
130	6.45	-0.0130304	-0.00082006	
131	6.5	-0.013047	-0.000794653	
132	6.55	-0.0130132	-0.000815423	
133	6.6	-0.0130099	-0.000819252	
134	6.65	-0.0130092	-0.000822469	
135	6.7	-0.0130093	-0.000824715	
136	6.75	-0.0130132	-0.000741944	
137	6.8	-0.013026	-0.000810596	
138	6.85	-0.0130302	-0.000816235	
139	6.9	-0.0130322	-0.00081838	
140	6.95	-0.0130333	-0.000819805	
141	7	-0.013054	-0.000807987	
142	7.05	-0.0130115	-0.000818047	
143	7.1	-0.0130077	-0.000821651	
144	7.15	-0.0130069	-0.000824722	
145	7.2	-0.0130068	-0.000826723	
146	7.25	-0.0130176	-0.000752616	
147	7.3	-0.0130256	-0.000814067	
148	7.35	-0.0130296	-0.000818838	
149	7.4	-0.0130316	-0.0008204	
150	7.45	-0.0130327	-0.000821315	
151	7.5	-0.0131806	-0.000945265	
152	7.55	-0.0130596	-0.000858287	
153	7.6	-0.0130514	-0.000854721	
154	7.65	-0.0130493	-0.000857415	
155	7.7	-0.0130485	-0.000859792	
156	7.75	-0.0129361	-0.000687482	
157	7.8	-0.0130207	-0.000814402	
158	7.85	-0.0130259	-0.000823735	
159	7.9	-0.0130285	-0.000825153	
160	7.95	-0.0130302	-0.00082529	
161	8	-0.013052	-0.00081524	
162	8.05	-0.0130108	-0.000821241	
163	8.1	-0.0130073	-0.00082304	
164	8.15	-0.0130066	-0.000824783	
165	8.2	-0.0130067	-0.000825729	
166	8.25	-0.0130177	-0.000756729	
167	8.3	-0.0130256	-0.000813355	
168	8.35	-0.0130296	-0.000817287	
169	8.4	-0.0130316	-0.00081853	
170	8.45	-0.0130328	-0.000819287	
171	8.5	-0.0130534	-0.000808119	
172	8.55	-0.0130111	-0.00081664	
173	8.6	-0.0130073	-0.00081986	
174	8.65	-0.0130066	-0.00082266	
175	8.7	-0.0130066	-0.000824472	
176	8.75	-0.0130193	-0.000746739	
177	8.8	-0.0130253	-0.000811549	
178	8.85	-0.0130294	-0.000816748	
179	8.9	-0.0130315	-0.000818862	
180	8.95	-0.0130327	-0.000820265	
181	9	-0.0131778	-0.000934823	
182	9.05	-0.0130601	-0.000855546	
183	9.1	-0.0130519	-0.000852889	
184	9.15	-0.0130499	-0.000856296	
185	9.2	-0.0130491	-0.00085932	
186	9.25	-0.0129468	-0.00073154	
187	9.3	-0.0130103	-0.000821958	
188	9.35	-0.0130149	-0.000828062	
189	9.4	-0.0130172	-0.000827709	
190	9.45	-0.0130184	-0.000826122	
191	9.5	-0.013047	-0.000823389	
192	9.55	-0.0130071	-0.000822247	
193	9.6	-0.0130037	-0.000821731	
194	9.65	-0.0130028	-0.000821641	
195	9.7	-0.0130027	-0.000820948	
196	9.75	-0.0130217	-0.000752677	
197	9.8	-0.0130238	-0.000806803	
198	9.85	-0.0130279	-0.000809474	
199	9.9	-0.0130301	-0.00080968	
200	9.95	-0.0130314	-0.000809488	
201	10	-0.0131798	-0.00093765	
202	10.05	-0.013059	-0.000846347	
203	10.1	-0.013051	-0.000842272	
204	10.15	-0.013049	-0.000844804	
205	10.2	-0.0130483	-0.000847227	
206	10.25	-0.0129433	-0.00071538	
207	10.3	-0.0130099	-0.000808961	
208	10.35	-0.0130147	-0.000815376	
209	10.4	-0.013017	-0.000815413	
210	10.45	-0.0130184	-0.000814281	
211	10.5	-0.0130469	-0.000812409	
212	10.55	-0.0130072	-0.000811718	
213	10.6	-0.0130038	-0.000811898	
214	10.65	-0.013003	-0.000812552	
215	10.7	-0.0130029	-0.000812647	
216	10.75	-0.0130043	-0.000719035	
217	10.8	-0.0130178	-0.000792724	
218	10.85	-0.0130217	-0.000797541	
219	10.9	-0.0130238	-0.000798743	
220	10.95	-0.013025	-0.000799209	
221	11	-0.0130374	-0.000767204	
222	11.05	-0.0130084	-0.000792903	
223	11.1	-0.0130052	-0.000797488	
224	11.15	-0.0130045	-0.000801173	
225	11.2	-0.0130045	-0.000803869	
226	11.25	-0.0130197	-0.000735794	
227	11.3	-0.0130252	-0.000794713	
228	11.35	-0.0130293	-0.000800243	
229	11.4	-0.0130314	-0.000802924	
230	11.45	-0.0130326	-0.000805053	
231	11.5	-0.0130537	-0.000804651	
232	11.55	-0.0130114	-0.00080785	
233	11.6	-0.0130077	-0.000812139	
234	11.65	-0.013007	-0.000816084	
235	11.7	-0.0130069	-0.0008191	
236	11.75	-0.0130176	-0.000749318	
237	11.8	-0.0130258	-0.000809077	
238	11.85	-0.0130298	-0.000814561	
239	11.9	-0.0130318	-0.000816934	
240	11.95	-0.0130329	-0.000818663	
241	12	-0.0131786	-0.000939996	
242	12.05	-0.0130602	-0.00085668	
243	12.1	-0.013052	-0.000854251	
244	12.15	-0.0130499	-0.000857869	
245	12.2	-0.0130491	-0.000861062	
246	12.25	-0.012947	-0.000731604	
247	12.3	-0.0130102	-0.00082355	
248	12.35	-0.0130148	-0.00082967	
249	12.4	-0.0130171	-0.000829288	
250	12.45	-0.0130183	-0.000827607	
251	12.5	-0.0132207	-0.000983187	
252	12.55	-0.0130601	-0.000870885	
253	12.6	-0.0130501	-0.000861363	
254	12.65	-0.0130478	-0.000860139	
255	12.7	-0.0130469	-0.000858948	
256	12.75	-0.0129398	-0.000719777	
257	12.8	-0.0130094	-0.000813626	
258	12.85	-0.0130143	-0.000817307	
259	12.9	-0.0130168	-0.000814564	
260	12.95	-0.0130183	-0.000810788	
261	13	-0.0131861	-0.000945798	
262	13.05	-0.0130583	-0.000844285	
263	13.1	-0.0130498	-0.000835252	
264	13.15	-0.0130477	-0.000833849	
265	13.2	-0.013047	-0.000832807	
266	13.25	-0.0129388	-0.000695556	
267	13.3	-0.0130093	-0.000788938	
268	13.35	-0.0130144	-0.000793673	
269	13.4	-0.013017	-0.000792201	
270	13.45	-0.0130185	-0.000789882	
271	13.5	-0.0131854	-0.000925184	
272	13.55	-0.0130589	-0.00082643	
273	13.6	-0.0130504	-0.000819177	
274	13.65	-0.0130483	-0.000819597	
275	13.7	-0.0130476	-0.000820365	
276	13.75	-0.0129393	-0.000684015	
277	13.8	-0.0130099	-0.000779841	
278	13.85	-0.0130149	-0.000786253	
279	13.9	-0.0130174	-0.000786355	
280	13.95	-0.013019	-0.000785512	
281	14	-0.0130494	-0.000788349	
282	14.05	-0.0130089	-0.000784664	
283	14.1	-0.0130055	-0.000785231	
284	14.15	-0.0130048	-0.000786533	
285	14.2	-0.0130049	-0.000787453	
286	14.25	-0.0130238	-0.000716477	
287	14.3	-0.0130259	-0.000776584	
288	14.35	-0.0130301	-0.000781542	
289	14.4	-0.0130324	-0.000783981	
290	14.45	-0.0130337	-0.000785954	
291	14.5	-0.0130529	-0.000782376	
292	14.55	-0.0130153	-0.000789643	
293	14.6	-0.0130119	-0.000794893	
294	14.65	-0.0130113	-0.000799763	
295	14.7	-0.0130113	-0.00080382	
296	14.75	-0.0130153	-0.00072476	
297	14.8	-0.0130281	-0.00079286	
298	14.85	-0.0130322	-0.000799977	
299	14.9	-0.0130342	-0.000803532	
300	14.95	-0.0130353	-0.000806359	
301	15	-0.0132273	-0.000641924	
302	15.05	-0.0130204	-0.000806108	
303	15.1	-0.0130062	-0.000827529	
304	15.15	-0.013003	-0.000840393	
305	15.2	-0.0130019	-0.00084956	
306	15.25	-0.0131711	-0.000620539	
307	15.3	-0.0130041	-0.000802594	
308	15.35	-0.0130096	-0.000827983	
309	15.4	-0.0130135	-0.000839797	
310	15.45	-0.0130146	-0.000846215	
311	15.5	-0.0130993	-0.000865817	
312	15.55	-0.0130188	-0.000873471	
313	15.6	-0.0130108	-0.000883862	
314	15.65	-0.0130081	-0.000890597	
315	15.7	-0.0130069	-0.000896863	
316	15.75	-0.0130196	-0.000861788	
317	15.8	-0.013019	-0.000892703	
318	15.85	-0.0130232	-0.000898182	
319	15.9	-0.013025	-0.000901045	
320	15.95	-0.0130256	-0.000903247	
321	16	-0.0130356	-0.000911942	
322	16.05	-0.0130106	-0.000905253	
323	16.1	-0.0130071	-0.000908933	
324	16.15	-0.0130061	-0.000911647	
325	16.2	-0.0130058	-0.000913759	
326	16.25	-0.0129983	-0.000875672	
327	16.3	-0.0130185	-0.000910007	
328	16.35	-0.0130218	-0.000911835	
329	16.4	-0.0130229	-0.000911915	
330	16.45	-0.0130233	-0.000911672	
331	16.5	-0.0130322	-0.000945857	
332	16.55	-0.0130102	-0.000916344	
333	16.6	-0.0130067	-0.00091577	
334	16.65	-0.0130055	-0.000916329	
335	16.7	-0.0130051	-0.0009169	
336	16.75	-0.0129972	-0.000881829	
337	16.8	-0.0130179	-0.000911904	
338	16.85	-0.0130213	-0.000912453	
339	16.9	-0.0130224	-0.000911634	
340	16.95	-0.0130228	-0.000910674	
341	17	-0.0130316	-0.000944728	
342	17.05	-0.0130097	-0.00091443	
343	17.1	-0.0130063	-0.000913439	
344	17.15	-0.0130051	-0.000913694	
345	17.2	-0.0130047	-0.000914052	
346	17.25	-0.0129968	-0.00087896	
347	17.3	-0.0130176	-0.000908877	
348	17.35	-0.0130209	-0.000909404	
349	17.4	-0.0130221	-0.000908613	
350	17.45	-0.0130225	-0.000907725	
351	17.5	-0.0130314	-0.000941921	
352	17.55	-0.0130095	-0.000911735	
353	17.6	-0.0130061	-0.000910902	
354	17.65	-0.0130049	-0.000911335	
355	17.7	-0.0130045	-0.000911878	
356	17.75	-0.0129967	-0.000876993	
357	17.8	-0.0130175	-0.000907106	
358	17.85	-0.0130208	-0.000907828	
359	17.9	-0.013022	-0.000907231	
360	17.95	-0.0130224	-0.000906533	
361	18	-0.0130313	-0.000940913	
362	18.05	-0.0130094	-0.000910898	
363	18.1	-0.013006	-0.000910226	
364	18.15	-0.0130049	-0.000910804	
365	18.2	-0.0130045	-0.000911484	
366	18.25	-0.0129966	-0.00087672	
367	18.3	-0.0130174	-0.00090694	
368	18.35	-0.0130208	-0.000907758	
369	18.4	-0.0130219	-0.00090724	
370	18.45	-0.0130223	-0.000906608	
371	18.5	-0.0130312	-0.00094104	
372	18.55	-0.0130093	-0.000911071	
373	18.6	-0.013006	-0.000910432	
374	18.65	-0.0130048	-0.000911035	
375	18.7	-0.0130044	-0.000911727	
376	18.75	-0.0129966	-0.000876969	
377	18.8	-0.0130173	-0.000907193	
378	18.85	-0.0130207	-0.000907999	
379	18.9	-0.0130219	-0.000907472	
380	18.95	-0.0130223	-0.000906826	
381	19	-0.0130312	-0.000941237	
382	19.05	-0.0130093	-0.000911249	
383	19.1	-0.0130059	-0.000910587	
384	19.15	-0.0130048	-0.000911166	
385	19.2	-0.0130044	-0.000911836	
386	19.25	-0.0129965	-0.000877049	
387	19.3	-0.0130173	-0.000907252	
388	19.35	-0.0130207	-0.000908038	
389	19.4	-0.0130218	-0.000907489	
390	19.45	-0.0130223	-0.000906824	
391	19.5	-0.0130311	-0.00094122	
392	19.55	-0.0130093	-0.000911215	
393	19.6	-0.0130059	-0.00091054	
394	19.65	-0.0130048	-0.000911109	
395	19.7	-0.0130043	-0.000911769	
396	19.75	-0.0129965	-0.000876977	
397	19.8	-0.0130173	-0.000907174	
398	19.85	-0.0130207	-0.000907955	
399	19.9	-0.0130218	-0.000907406	
400	19.95	-0.0130223	-0.000906741	
401	20	-0.0130311	-0.000941135	
402	20.05	-0.0130093	-0.000911136	
403	20.1	-0.0130059	-0.000910462	
404	20.15	-0.0130048	-0.000911035	
405	20.2	-0.0130043	-0.000911701	
406	20.25	-0.0129965	-0.000876914	
407	20.3	-0.0130173	-0.000907116	
408	20.35	-0.0130207	-0.000907905	
409	20.4	-0.0130218	-0.000907362	
410	20.45	-0.0130223	-0.000906703	
411	20.5	-0.0130311	-0.000941102	
412	20.55	-0.0130093	-0.000911108	
413	20.6	-0.0130059	-0.000910443	
414	20.65	-0.0130048	-0.00091102	
415	20.7	-0.0130043	-0.000911691	
416	20.75	-0.0129965	-0.000876907	
417	20.8	-0.0130173	-0.000907114	
418	20.85	-0.0130207	-0.000907907	
419	20.9	-0.0130218	-0.000907366	
420	20.95	-0.0130223	-0.00090671	
421	21	-0.0130311	-0.000941112	
422	21.05	-0.0130093	-0.00091112	
423	21.1	-0.0130059	-0.000910456	
424	21.15	-0.0130047	-0.000911034	
425	21.2	-0.0130043	-0.000911705	
426	21.25	-0.0129965	-0.000876922	
427	21.3	-0.0130173	-0.000907129	
428	21.35	-0.0130207	-0.000907921	
429	21.4	-0.0130218	-0.00090738	
430	21.45	-0.0130223	-0.000906723	
431	21.5	-0.0130311	-0.000941123	
432	21.55	-0.0130093	-0.000911131	
433	21.6	-0.0130059	-0.000910465	
434	21.65	-0.0130047	-0.000911043	
435	21.7	-0.0130043	-0.000911711	
436	21.75	-0.0129965	-0.000876928	
437	21.8	-0.0130173	-0.000907134	
438	21.85	-0.0130207	-0.000907925	
439	21.9	-0.0130218	-0.000907383	
440	21.95	-0.0130223	-0.000906725	
441	22	-0.0130311	-0.000941124	
442	22.05	-0.0130093	-0.000911131	
443	22.1	-0.0130059	-0.000910464	
444	22.15	-0.0130048	-0.000911041	
445	22.2	-0.0130043	-0.00091171	
446	22.25	-0.0129965	-0.000876926	
447	22.3	-0.0130173	-0.000907131	
448	22.35	-0.0130207	-0.000907922	
449	22.4	-0.0130218	-0.000907379	
450	22.45	-0.0130223	-0.000906721	
451	22.5	-0.0130311	-0.000941121	
452	22.55	-0.0130093	-0.000911127	
453	22.6	-0.0130059	-0.000910462	
454	22.65	-0.0130048	-0.000911037	
455	22.7	-0.0130043	-0.000911706	
456	22.75	-0.0129965	-0.000876923	
457	22.8	-0.0130173	-0.000907129	
458	22.85	-0.0130207	-0.000907919	
459	22.9	-0.0130218	-0.000907377	
460	22.95	-0.0130223	-0.00090672	
461	23	-0.0130311	-0.000941119	
462	23.05	-0.0130093	-0.000911126	
463	23.1	-0.0130059	-0.00091046	
464	23.15	-0.0130048	-0.000911037	
465	23.2	-0.0130043	-0.000911706	
466	23.25	-0.0129965	-0.000876922	
467	23.3	-0.0130173	-0.000907129	
468	23.35	-0.0130207	-0.000907919	
469	23.4	-0.0130218	-0.000907377	
470	23.45	-0.0130223	-0.000906721	
471	23.5	-0.0130311	-0.000941119	
472	23.55	-0.0130093	-0.000911127	
473	23.6	-0.0130059	-0.00091046	
474	23.65	-0.0130047	-0.000911039	
475	23.7	-0.0130043	-0.000911707	
476	23.75	-0.0129965	-0.000876923	
477	23.8	-0.0130173	-0.000907129	
478	23.85	-0.0130207	-0.000907921	
479	23.9	-0.0130218	-0.000907378	
480	23.95	-0.0130223	-0.00090672	
481	24	-0.0130311	-0.00094112	
482	24.05	-0.0130093	-0.000911128	
483	24.1	-0.0130059	-0.00091046	
484	24.15	-0.0130047	-0.000911039	
485	24.2	-0.0130043	-0.000911708	
486	24.25	-0.0129965	-0.000876925	
487	24.3	-0.0130173	-0.000907127	
488	24.35	-0.0130207	-0.000907921	
489	24.4	-0.0130218	-0.000907379	
490	24.45	-0.0130223	-0.00090672	
491	24.5	-0.0130311	-0.000941121	
492	24.55	-0.0130093	-0.000911128	
493	24.6	-0.0130059	-0.00091046	
494	24.65	-0.0130047	-0.000911039	
495	24.7	-0.0130043	-0.000911707	
496	24.75	-0.0129965	-0.000876924	
497	24.8	-0.0130173	-0.00090713	
498	24.85	-0.0130207	-0.000907919	
499	24.9	-0.0130218	-0.000907379	
500	24.95	-0.0130223	-0.000906721	
501	25	-0.0130311	-0.00094112	
502	25.05	-0.0130093	-0.000911127	
503	25.1	-0.0130059	-0.000910461	
504	25.15	-0.0130047	-0.000911039	
505	25.2	-0.0130043	-0.000911708	
506	25.25	-0.0129965	-0.000876923	
507	25.3	-0.0130173	-0.000907129	
508	25.35	-0.0130207	-0.00090792	
509	25.4	-0.0130218	-0.000907378	
510	25.45	-0.0130223	-0.00090672	
511	25.5	-0.0130311	-0.00094112	
512	25.55	-0.0130093	-0.000911127	
513	25.6	-0.0130059	-0.000910461	
514	25.65	-0.0130047	-0.00091104	
515	25.7	-0.0130043	-0.000911707	
516	25.75	-0.0129965	-0.000876922	
517	25.8	-0.0130173	-0.00090713	
518	25.85	-0.0130207	-0.00090792	
519	25.9	-0.0130218	-0.000907379	
520	25.95	-0.0130223	-0.00090672	
521	26	-0.0130311	-0.00094112	
522	26.05	-0.0130093	-0.000911127	
523	26.1	-0.0130059	-0.000910461	
524	26.15	-0.0130048	-0.000911038	
525	26.2	-0.0130043	-0.000911707	
526	26.25	-0.0129965	-0.000876923	
527	26.3	-0.0130173	-0.000907129	
528	26.35	-0.0130207	-0.00090792	
529	26.4	-0.0130218	-0.000907379	
530	26.45	-0.0130223	-0.000906719	
531	26.5	-0.0130311	-0.000941117	
532	26.55	-0.0130093	-0.000911127	
533	26.6	-0.0130059	-0.000910461	
534	26.65	-0.0130048	-0.000911038	
535	26.7	-0.0130043	-0.000911708	
536	26.75	-0.0129965	-0.000876923	
537	26.8	-0.0130173	-0.000907129	
538	26.85	-0.0130207	-0.000907921	
539	26.9	-0.0130218	-0.000907379	
540	26.95	-0.0130223	-0.000906721	
541	27	-0.0130311	-0.00094112	
542	27.05	-0.0130093	-0.000911127	
543	27.1	-0.0130059	-0.000910462	
544	27.15	-0.0130047	-0.000911039	
545	27.2	-0.0130043	-0.000911708	
546	27.25	-0.0129965	-0.000876923	
547	27.3	-0.0130173	-0.00090713	
548	27.35	-0.0130207	-0.000907921	
549	27.4	-0.0130218	-0.000907378	
550	27.45	-0.0130223	-0.00090672	
551	27.5	-0.0130311	-0.000941121	
552	27.55	-0.0130093	-0.000911127	
553	27.6	-0.0130059	-0.000910461	
554	27.65	-0.0130048	-0.000911038	
555	27.7	-0.0130043	-0.000911707	
556	27.75	-0.0129965	-0.000876924	
557	27.8	-0.0130173	-0.000907129	
558	27.85	-0.0130207	-0.000907921	
559	27.9	-0.0130218	-0.000907379	
560	27.95	-0.0130223	-0.000906719	
561	28	-0.0130311	-0.00094112	
562	28.05	-0.0130093	-0.000911127	
563	28.1	-0.0130059	-0.000910461	
564	28.15	-0.0130047	-0.000911038	
565	28.2	-0.0130043	-0.000911707	
566	28.25	-0.0129965	-0.000876923	
567	28.3	-0.0130173	-0.000907129	
568	28.35	-0.0130207	-0.000907921	
569	28.4	-0.0130218	-0.000907378	
570	28.45	-0.0130223	-0.00090672	
571	28.5	-0.0130311	-0.00094112	
572	28.55	-0.0130093	-0.000911127	
573	28.6	-0.0130059	-0.000910461	
574	28.65	-0.0130047	-0.000911038	
575	28.7	-0.0130043	-0.000911707	
576	28.75	-0.0129965	-0.000876923	
577	28.8	-0.0130173	-0.000907129	
578	28.85	-0.0130207	-0.00090792	
579	28.9	-0.0130218	-0.000907378	
580	28.95	-0.0130222	-0.000906721	
581	29	-0.0130311	-0.00094112	
582	29.05	-0.0130093	-0.000911127	
583	29.1	-0.0130059	-0.000910461	
584	29.15	-0.0130047	-0.000911039	
585	29.2	-0.0130043	-0.000911708	
586	29.25	-0.0129965	-0.000876923	
587	29.3	-0.0130173	-0.000907129	
588	29.35	-0.0130207	-0.000907921	
589	29.4	-0.0130218	-0.000907379	
590	29.45	-0.0130223	-0.000906719	
591	29.5	-0.0130311	-0.00094112	
592	29.55	-0.0130093	-0.000911128	
593	29.6	-0.0130059	-0.000910461	
594	29.65	-0.0130048	-0.000911038	
595	29.7	-0.0130043	-0.000911708	
596	29.75	-0.0129965	-0.000876923	
597	29.8	-0.0130173	-0.00090713	
598	29.85	-0.0130207	-0.00090792	
599	29.9	-0.0130218	-0.000907378	
600	29.95	-0.0130223	-0.00090672	
601	30	-0.0130311	-0.00094112	
602	30.05	-0.0130093	-0.000911127	
603	30.1	-0.0130059	-0.000910461	
604	30.15	-0.0130048	-0.000911038	
605	30.2	-0.0130043	-0.000911707	
606	30.25	-0.0129965	-0.000876924	
607	30.3	-0.0130173	-0.000907129	
608	30.35	-0.0130207	-0.00090792	
609	30.4	-0.0130218	-0.000907379	
610	30.45	-0.0130223	-0.00090672	
611	30.5	-0.0130311	-0.00094112	
612	30.55	-0.0130093	-0.000911127	
613	30.6	-0.0130059	-0.000910461	
614	30.65	-0.0130047	-0.000911039	
615	30.7	-0.0130043	-0.000911707	
616	30.75	-0.0129965	-0.000876923	
617	30.8	-0.0130173	-0.000907129	
618	30.85	-0.0130207	-0.000907919	
619	30.9	-0.0130218	-0.000907379	
620	30.95	-0.0130223	-0.00090672	
621	31	-0.0130311	-0.00094112	
622	31.05	-0.0130093	-0.000911127	
623	31.1	-0.0130059	-0.000910461	
624	31.15	-0.0130047	-0.000911038	
625	31.2	-0.0130043	-0.000911707	
626	31.25	-0.0129965	-0.000876923	
627	31.3	-0.0130173	-0.000907129	
628	31.35	-0.0130207	-0.000907921	
629	31.4	-0.0130218	-0.000907378	
630	31.45	-0.0130223	-0.00090672	
631	31.5	-0.0130311	-0.00094112	
632	31.55	-0.0130093	-0.000911126	
633	31.6	-0.0130059	-0.000910462	
634	31.65	-0.0130047	-0.000911038	
635	31.7	-0.0130043	-0.000911707	
636	31.75	-0.0129965	-0.000876923	
637	31.8	-0.0130173	-0.000907129	
638	31.85	-0.0130207	-0.00090792	
639	31.9	-0.0130218	-0.000907378	
640	31.95	-0.0130223	-0.00090672	
641	32	-0.0130311	-0.00094112	
642	32.05	-0.0130093	-0.000911128	
643	32.1	-0.0130059	-0.000910461	
644	32.15	-0.0130048	-0.000911038	
645	32.2	-0.0130043	-0.000911707	
646	32.25	-0.0129965	-0.000876923	
647	32.3	-0.0130173	-0.00090713	
648	32.35	-0.0130207	-0.00090792	
649	32.4	-0.0130218	-0.000907379	
650	32.45	-0.0130223	-0.00090672	
651	32.5	-0.0130311	-0.00094112	
652	32.55	-0.0130093	-0.000911127	
653	32.6	-0.0130059	-0.000910461	
654	32.65	-0.0130047	-0.000911038	
655	32.7	-0.0130043	-0.000911707	
656	32.75	-0.0129965	-0.000876923	
657	32.8	-0.0130173	-0.000907129	
658	32.85	-0.0130207	-0.00090792	
659	32.9	-0.0130218	-0.000907378	
660	32.95	-0.0130223	-0.00090672	
661	33	-0.0130311	-0.000941121	
662	33.05	-0.0130093	-0.000911127	
663	33.1	-0.0130059	-0.000910461	
664	33.15	-0.0130047	-0.000911038	
665	33.2	-0.0130043	-0.000911707	
666	33.25	-0.0129965	-0.000876923	
667	33.3	-0.0130173	-0.000907129	
668	33.35	-0.0130207	-0.00090792	
669	33.4	-0.0130218	-0.000907378	
670	33.45	-0.0130223	-0.000906721	
671	33.5	-0.0130311	-0.00094112	
672	33.55	-0.0130093	-0.000911128	
673	33.6	-0.0130059	-0.000910461	
674	33.65	-0.0130048	-0.000911037	
675	33.7	-0.0130043	-0.000911708	
676	33.75	-0.0129965	-0.000876923	
677	33.8	-0.0130173	-0.000907129	
678	33.85	-0.0130207	-0.00090792	
679	33.9	-0.0130218	-0.000907379	
680	33.95	-0.0130223	-0.000906721	
681	34	-0.0130311	-0.00094112	
682	34.05	-0.0130093	-0.000911127	
683	34.1	-0.0130059	-0.000910461	
684	34.15	-0.0130047	-0.000911039	
685	34.2	-0.0130043	-0.000911707	
686	34.25	-0.0129965	-0.000876923	
687	34.3	-0.0130173	-0.000907128	
688	34.35	-0.0130207	-0.000907921	
689	34.4	-0.0130218	-0.000907379	
690	34.45	-0.0130223	-0.00090672	
691	34.5	-0.0130311	-0.00094112	
692	34.55	-0.0130093	-0.000911127	
693	34.6	-0.0130059	-0.000910462	
694	34.65	-0.0130048	-0.000911038	
695	34.7	-0.0130043	-0.000911707	
696	34.75	-0.0129965	-0.000876923	
697	34.8	-0.0130173	-0.000907129	
698	34.85	-0.0130207	-0.00090792	
699	34.9	-0.0130218	-0.000907377	
700	34.95	-0.0130223	-0.000906721	
701	35	-0.0130311	-0.00094112	
702	35.05	-0.0130093	-0.000911127	
703	35.1	-0.0130059	-0.000910461	
704	35.15	-0.0130047	-0.000911038	
705	35.2	-0.0130043	-0.000911707	
706	35.25	-0.0129965	-0.000876924	
707	35.3	-0.0130173	-0.000907129	
708	35.35	-0.0130207	-0.00090792	
709	35.4	-0.0130218	-0.000907379	
710	35.45	-0.0130223	-0.00090672	
711	35.5	-0.0130311	-0.00094112	
712	35.55	-0.0130093	-0.000911127	
713	35.6	-0.0130059	-0.000910461	
714	35.65	-0.0130048	-0.000911038	
715	35.7	-0.0130043	-0.000911708	
716	35.75	-0.0129965	-0.000876921	
717	35.8	-0.0130173	-0.00090713	
718	35.85	-0.0130207	-0.000907921	
719	35.9	-0.0130218	-0.000907379	
720	35.95	-0.0130223	-0.00090672	
721	36	-0.0130311	-0.00094112	
722	36.05	-0.0130092	-0.000911128	
723	36.1	-0.0130059	-0.000910461	
724	36.15	-0.0130048	-0.000911038	
725	36.2	-0.0130043	-0.000911707	
726	36.25	-0.0129965	-0.000876923	
727	36.3	-0.0130173	-0.000907129	
728	36.35	-0.0130207	-0.00090792	
729	36.4	-0.0130218	-0.000907378	
730	36.45	-0.0130223	-0.00090672	
731	36.5	-0.0130311	-0.00094112	
732	36.55	-0.0130093	-0.000911128	
733	36.6	-0.0130059	-0.000910462	
734	36.65	-0.0130048	-0.000911038	
735	36.7	-0.0130043	-0.000911707	
736	36.75	-0.0129965	-0.000876923	
737	36.8	-0.0130173	-0.000907129	
738	36.85	-0.0130207	-0.00090792	
739	36.9	-0.0130218	-0.000907379	
740	36.95	-0.0130223	-0.00090672	
741	37	-0.0130311	-0.00094112	
742	37.05	-0.0130093	-0.000911127	
743	37.1	-0.0130059	-0.000910461	
744	37.15	-0.0130048	-0.000911038	
745	37.2	-0.0130043	-0.000911708	
746	37.25	-0.0129965	-0.000876923	
747	37.3	-0.0130173	-0.00090713	
748	37.35	-0.0130207	-0.00090792	
749	37.4	-0.0130218	-0.000907378	
750	37.45	-0.0130223	-0.00090672	
751	37.5	-0.0130311	-0.000941121	
752	37.55	-0.0130093	-0.000911127	
753	37.6	-0.0130059	-0.000910461	
754	37.65	-0.0130047	-0.000911039	
755	37.7	-0.0130043	-0.000911707	
756	37.75	-0.0129965	-0.000876923	
757	37.8	-0.0130173	-0.000907129	
758	37.85	-0.0130207	-0.00090792	
759	37.9	-0.0130218	-0.000907379	
760	37.95	-0.0130223	-0.00090672	
761	38	-0.0130311	-0.00094112	
762	38.05	-0.0130093	-0.000911127	
763	38.1	-0.0130059	-0.000910461	
764	38.15	-0.0130048	-0.000911038	
765	38.2	-0.0130043	-0.000911708	
766	38.25	-0.0129965	-0.000876923	
767	38.3	-0.0130173	-0.000907129	
768	38.35	-0.0130207	-0.00090792	
769	38.4	-0.0130218	-0.000907378	
770	38.45	-0.0130223	-0.00090672	
771	38.5	-0.0130311	-0.00094112	
772	38.55	-0.0130093	-0.000911127	
773	38.6	-0.0130059	-0.00091046	
774	38.65	-0.0130047	-0.000911039	
775	38.7	-0.0130043	-0.000911707	
776	38.75	-0.0129965	-0.000876923	
777	38.8	-0.0130173	-0.00090713	
778	38.85	-0.0130207	-0.00090792	
779	38.9	-0.0130218	-0.000907378	
780	38.95	-0.0130223	-0.000906719	
781	39	-0.0130312	-0.000940302	
782	39.05	-0.0130093	-0.000911017	
783	39.1	-0.0130059	-0.00091037	
784	39.15	-0.0130048	-0.000910959	
785	39.2	-0.0130044	-0.000911638	
786	39.25	-0.0129967	-0.000874031	
787	39.3	-0.0130174	-0.000907285	
788	39.35	-0.0130207	-0.00090813	
789	39.4	-0.0130219	-0.000907621	
790	39.45	-0.0130223	-0.000906976	
791	39.5	-0.0130312	-0.00094125	
792	39.55	-0.0130093	-0.000911369	
793	39.6	-0.0130059	-0.000910701	
794	39.65	-0.0130048	-0.000911272	
795	39.7	-0.0130044	-0.000911932	
796	39.75	-0.0129965	-0.000877118	
797	39.8	-0.0130173	-0.000907326	
798	39.85	-0.0130207	-0.000908104	
799	39.9	-0.0130219	-0.000907545	
800	39.95	-0.0130223	-0.000906869	
801	40	-0.0130311	-0.000941251	
802	40.05	-0.0130093	-0.000911243	
803	40.1	-0.0130059	-0.00091056	
804	40.15	-0.0130048	-0.000911121	
805	40.2	-0.0130044	-0.000911776	
806	40.25	-0.0129965	-0.000876977	
807	40.3	-0.0130173	-0.00090717	
808	40.35	-0.0130207	-0.00090795	
809	40.4	-0.0130219	-0.000907399	
810	40.45	-0.0130223	-0.000906729	
811	40.5	-0.0130312	-0.000941115	
812	40.55	-0.0130093	-0.000911122	
813	40.6	-0.0130059	-0.000910451	
814	40.65	-0.0130048	-0.000911026	
815	40.7	-0.0130044	-0.00091169	
816	40.75	-0.0129965	-0.000876901	
817	40.8	-0.0130173	-0.00090711	
818	40.85	-0.0130207	-0.000907901	
819	40.9	-0.0130219	-0.000907359	
820	40.95	-0.0130223	-0.000906702	
821	41	-0.0130311	-0.000941104	
822	41.05	-0.0130093	-0.000911114	
823	41.1	-0.0130059	-0.00091045	
824	41.15	-0.0130048	-0.00091103	
825	41.2	-0.0130044	-0.000911702	
826	41.25	-0.0129965	-0.00087692	
827	41.3	-0.0130173	-0.000907131	
828	41.35	-0.0130207	-0.000907924	
829	41.4	-0.0130219	-0.000907385	
830	41.45	-0.0130223	-0.000906729	
831	41.5	-0.0130312	-0.000941133	
832	41.55	-0.0130093	-0.000911142	
833	41.6	-0.0130059	-0.000910478	
834	41.65	-0.0130048	-0.000911058	
835	41.7	-0.0130044	-0.000911727	
836	41.75	-0.0129965	-0.000876944	
837	41.8	-0.0130173	-0.000907153	
838	41.85	-0.0130207	-0.000907945	
839	41.9	-0.0130219	-0.000907403	
840	41.95	-0.0130223	-0.000906745	
841	42	-0.0130312	-0.000941142	
842	42.05	-0.0130093	-0.000911153	
843	42.1	-0.0130059	-0.000910486	
844	42.15	-0.0130048	-0.000911065	
845	42.2	-0.0130044	-0.000911733	
846	42.25	-0.0129965	-0.000876946	
847	42.3	-0.0130173	-0.000907155	
848	42.35	-0.0130207	-0.000907946	
849	42.4	-0.0130219	-0.000907403	
850	42.45	-0.0130223	-0.000906744	
851	42.5	-0.0130312	-0.000941143	
852	42.55	-0.0130093	-0.000911151	
853	42.6	-0.0130059	-0.000910484	
854	42.65	-0.0130048	-0.000911061	
855	42.7	-0.0130044	-0.000911729	
856	42.75	-0.0129965	-0.000876944	
857	42.8	-0.0130173	-0.000907151	
858	42.85	-0.0130207	-0.000907941	
859	42.9	-0.0130219	-0.000907398	
860	42.95	-0.0130223	-0.00090674	
861	43	-0.0130312	-0.000941139	
862	43.05	-0.0130093	-0.000911146	
863	43.1	-0.0130059	-0.000910481	
864	43.15	-0.0130048	-0.000911057	
865	43.2	-0.0130044	-0.000911726	
866	43.25	-0.0129965	-0.000876941	
867	43.3	-0.0130173	-0.000907148	
868	43.35	-0.0130207	-0.000907939	
869	43.4	-0.0130219	-0.000907396	
870	43.45	-0.0130223	-0.000906739	
871	43.5	-0.0130312	-0.000941138	
872	43.55	-0.0130093	-0.000911145	
873	43.6	-0.0130059	-0.00091048	
874	43.65	-0.0130048	-0.000911058	
875	43.7	-0.0130044	-0.000911725	
876	43.75	-0.0129965	-0.000876941	
877	43.8	-0.0130173	-0.000907148	
878	43.85	-0.0130207	-0.000907938	
879	43.9	-0.0130219	-0.000907398	
880	43.95	-0.0130223	-0.00090674	
881	44	-0.0130312	-0.000941139	
882	44.05	-0.0130093	-0.000911147	
883	44.1	-0.0130059	-0.00091048	
884	44.15	-0.0130048	-0.000911058	
885	44.2	-0.0130044	-0.000911727	
886	44.25	-0.0129965	-0.000876943	
887	44.3	-0.0130173	-0.000907149	
888	44.35	-0.0130207	-0.000907941	
889	44.4	-0.0130219	-0.000907397	
890	44.45	-0.0130223	-0.00090674	
891	44.5	-0.0130312	-0.00094114	
892	44.55	-0.0130093	-0.000911147	
893	44.6	-0.0130059	-0.000910482	
894	44.65	-0.0130048	-0.000911058	
895	44.7	-0.0130044	-0.000911727	
896	44.75	-0.0129965	-0.000876943	
897	44.8	-0.0130173	-0.000907149	
898	44.85	-0.0130207	-0.000907941	
899	44.9	-0.0130219	-0.000907398	
900	44.95	-0.0130223	-0.00090674	
901	45	-0.0130312	-0.00094114	
902	45.05	-0.0130093	-0.000911147	
903	45.1	-0.0130059	-0.000910481	
904	45.15	-0.0130048	-0.000911059	
905	45.2	-0.0130044	-0.000911727	
906	45.25	-0.0129966	-0.000876942	
907	45.3	-0.0130173	-0.00090715	
908	45.35	-0.0130207	-0.00090794	
909	45.4	-0.0130219	-0.000907398	
910	45.45	-0.0130223	-0.00090674	
911	45.5	-0.0130312	-0.00094114	
912	45.55	-0.0130093	-0.000911147	
913	45.6	-0.0130059	-0.000910481	
914	45.65	-0.0130048	-0.000911058	
915	45.7	-0.0130044	-0.000911727	
916	45.75	-0.0129965	-0.000876943	
917	45.8	-0.0130173	-0.000907149	
918	45.85	-0.0130207	-0.00090794	
919	45.9	-0.0130219	-0.000907397	
920	45.95	-0.0130223	-0.00090674	
921	46	-0.0130312	-0.00094114	
922	46.05	-0.0130093	-0.000911147	
923	46.1	-0.0130059	-0.000910483	
924	46.15	-0.0130048	-0.000911056	
925	46.2	-0.0130044	-0.000911727	
926	46.25	-0.0129965	-0.000876943	
927	46.3	-0.0130173	-0.000907149	
928	46.35	-0.0130207	-0.00090794	
929	46.4	-0.0130219	-0.000907398	
930	46.45	-0.0130223	-0.00090674	
931	46.5	-0.0130312	-0.000941139	
932	46.55	-0.0130093	-0.000911148	
933	46.6	-0.0130059	-0.000910481	
934	46.65	-0.0130048	-0.000911058	
935	46.7	-0.0130044	-0.000911726	
936	46.75	-0.0129965	-0.000876943	
937	46.8	-0.0130173	-0.000907149	
938	46.85	-0.0130207	-0.00090794	
939	46.9	-0.0130219	-0.000907399	
940	46.95	-0.0130223	-0.00090674	
941	47	-0.0130312	-0.00094114	
942	47.05	-0.0130093	-0.000911147	
943	47.1	-0.0130059	-0.000910481	
944	47.15	-0.0130048	-0.000911058	
945	47.2	-0.0130044	-0.000911727	
946	47.25	-0.0129965	-0.000876943	
947	47.3	-0.0130173	-0.000907149	
948	47.35	-0.0130207	-0.00090794	
949	47.4	-0.0130219	-0.000907398	
950	47.45	-0.0130223	-0.000906739	
951	47.5	-0.0130312	-0.00094114	
952	47.55	-0.0130093	-0.000911147	
953	47.6	-0.0130059	-0.000910481	
954	47.65	-0.0130048	-0.000911058	
955	47.7	-0.0130044	-0.000911727	
956	47.75	-0.0129965	-0.000876943	
957	47.8	-0.0130173	-0.000907149	
958	47.85	-0.0130207	-0.00090794	
959	47.9	-0.0130219	-0.000907398	
960	47.95	-0.0130223	-0.000906739	
961	48	-0.0130312	-0.00094114	
962	48.05	-0.0130093	-0.000911147	
963	48.1	-0.0130059	-0.00091048	
964	48.15	-0.0130048	-0.000911058	
965	48.2	-0.0130044	-0.000911727	
966	48.25	-0.0129965	-0.000876943	
967	48.3	-0.0130173	-0.00090715	
968	48.35	-0.0130207	-0.00090794	
969	48.4	-0.0130219	-0.000907398	
970	48.45	-0.0130223	-0.00090674	
971	48.5	-0.0130312	-0.00094114	
972	48.55	-0.0130093	-0.000911147	
973	48.6	-0.0130059	-0.00091048	
974	48.65	-0.0130048	-0.000911058	
975	48.7	-0.0130044	-0.000911727	
976	48.75	-0.0129965	-0.000876943	
977	48.8	-0.0130173	-0.000907149	
978	48.85	-0.0130207	-0.000907937	
979	48.9	-0.0130219	-0.000907401	
980	48.95	-0.0130223	-0.00090674	
981	49	-0.0130312	-0.00094114	
982	49.05	-0.0130093	-0.000911147	
983	49.1	-0.0130059	-0.000910481	
984	49.15	-0.0130048	-0.000911058	
985	49.2	-0.0130044	-0.000911727	
986	49.25	-0.0129965	-0.000876943	
987	49.3	-0.0130173	-0.000907147	
988	49.35	-0.0130207	-0.000907942	
989	49.4	-0.0130219	-0.000907399	
990	49.45	-0.0130223	-0.000906739	
991	49.5	-0.0130312	-0.00094114	
992	49.55	-0.0130093	-0.000911147	
993	49.6	-0.0130059	-0.000910481	
994	49.65	-0.0130048	-0.000911058	
995	49.7	-0.0130044	-0.000911727	
996	49.75	-0.0129965	-0.000876943	
997	49.8	-0.0130173	-0.000907149	
998	49.85	-0.0130207	-0.00090794	
999	49.9	-0.0130219	-0.000907398	
1000	49.95	-0.0130223	-0.00090674	
1001	50	-0.0130312	-0.00094114	
1002	50.05	-0.0130093	-0.000911147	
1003	50.1	-0.0130059	-0.000910481	
1004	50.15	-0.0130048	-0.000911058	
1005	50.2	-0.0130044	-0.000911727	
1006	50.25	-0.0129965	-0.000876943	
1007	50.3	-0.0130173	-0.000907149	
1008	50.35	-0.0130207	-0.00090794	
1009	50.4	-0.0130219	-0.000907398	
1010	50.45	-0.0130223	-0.00090674	
1011	50.5	-0.0130312	-0.00094114	
1012	50.55	-0.0130093	-0.000911147	
1013	50.6	-0.0130059	-0.000910482	
1014	50.65	-0.0130048	-0.000911056	
1015	50.7	-0.0130044	-0.000911727	
1016	50.75	-0.0129965	-0.000876943	
1017	50.8	-0.0130173	-0.000907149	
1018	50.85	-0.0130207	-0.00090794	
1019	50.9	-0.0130219	-0.000907397	
1020	50.95	-0.0130223	-0.000906741	
1021	51	-0.0130312	-0.00094114	
1022	51.05	-0.0130093	-0.000911147	
1023	51.1	-0.0130059	-0.00091048	
1024	51.15	-0.0130048	-0.000911058	
1025	51.2	-0.0130044	-0.000911727	
1026	51.25	-0.0129965	-0.000876943	
1027	51.3	-0.0130173	-0.00090715	
1028	51.35	-0.0130207	-0.00090794	
1029	51.4	-0.0130219	-0.000907397	
1030	51.45	-0.0130223	-0.00090674	
1031	51.5	-0.0130312	-0.00094114	
1032	51.55	-0.0130093	-0.000911147	
1033	51.6	-0.0130059	-0.000910481	
1034	51.65	-0.0130048	-0.000911059	
1035	51.7	-0.0130044	-0.000911726	
1036	51.75	-0.0129965	-0.000876943	
1037	51.8	-0.0130173	-0.000907148	
1038	51.85	-0.0130207	-0.000907941	
1039	51.9	-0.0130219	-0.000907398	
1040	51.95	-0.0130223	-0.00090674	
1041	52	-0.0130312	-0.00094114	
1042	52.05	-0.0130093	-0.000911147	
1043	52.1	-0.0130059	-0.000910481	
1044	52.15	-0.0130048	-0.000911058	
1045	52.2	-0.0130044	-0.000911727	
1046	52.25	-0.0129965	-0.000876943	
1047	52.3	-0.0130173	-0.000907149	
1048	52.35	-0.0130207	-0.00090794	
1049	52.4	-0.0130219	-0.000907398	
1050	52.45	-0.0130223	-0.00090674	
1051	52.5	-0.0130312	-0.00094114	
1052	52.55	-0.0130093	-0.000911149	
1053	52.6	-0.0130059	-0.00091048	
1054	52.65	-0.0130048	-0.000911058	
1055	52.7	-0.0130044	-0.000911727	
1056	52.75	-0.0129965	-0.000876943	
1057	52.8	-0.0130173	-0.000907149	
1058	52.85	-0.0130207	-0.00090794	
1059	52.9	-0.0130219	-0.000907398	
1060	52.95	-0.0130223	-0.00090674	
1061	53	-0.0130312	-0.00094114	
1062	53.05	-0.0130093	-0.000911147	
1063	53.1	-0.0130059	-0.000910481	
1064	53.15	-0.0130048	-0.000911059	
1065	53.2	-0.0130044	-0.000911727	
1066	53.25	-0.0129965	-0.000876943	
1067	53.3	-0.0130173	-0.000907149	
1068	53.35	-0.0130207	-0.00090794	
1069	53.4	-0.0130219	-0.000907398	
1070	53.45	-0.0130223	-0.00090674	
1071	53.5	-0.0130312	-0.00094114	
1072	53.55	-0.0130093	-0.000911147	
1073	53.6	-0.0130059	-0.000910481	
1074	53.65	-0.0130048	-0.000911058	
1075	53.7	-0.0130044	-0.000911727	
1076	53.75	-0.0129965	-0.000876943	
1077	53.8	-0.0130173	-0.000907149	
1078	53.85	-0.0130207	-0.00090794	
1079	53.9	-0.0130219	-0.000907398	
1080	53.95	-0.0130223	-0.00090674	
1081	54	-0.0130312	-0.00094114	
1082	54.05	-0.0130093	-0.000911146	
1083	54.1	-0.0130059	-0.000910481	
1084	54.15	-0.0130048	-0.000911058	
1085	54.2	-0.0130044	-0.000911727	
1086	54.25	-0.0129965	-0.000876943	
1087	54.3	-0.0130173	-0.000907148	
1088	54.35	-0.0130207	-0.000907941	
1089	54.4	-0.0130219	-0.000907399	
1090	54.45	-0.0130223	-0.00090674	
1091	54.5	-0.0130312	-0.00094114	
1092	54.55	-0.0130093	-0.000911146	
1093	54.6	-0.0130059	-0.000910481	
1094	54.65	-0.0130048	-0.000911058	
1095	54.7	-0.0130044	-0.000911727	
1096	54.75	-0.0129965	-0.000876943	
1097	54.8	-0.0130173	-0.000907148	
1098	54.85	-0.0130207	-0.000907941	
1099	54.9	-0.0130219	-0.000907398	
1100	54.95	-0.0130223	-0.000906739	
1101	55	-0.0130312	-0.00094114	
1102	55.05	-0.0130093	-0.000911147	
1103	55.1	-0.0130059	-0.000910481	
1104	55.15	-0.0130048	-0.000911059	
1105	55.2	-0.0130044	-0.000911727	
1106	55.25	-0.0129965	-0.000876943	
1107	55.3	-0.0130173	-0.000907149	
1108	55.35	-0.0130207	-0.00090794	
1109	55.4	-0.0130219	-0.000907398	
1110	55.45	-0.0130223	-0.00090674	
1111	55.5	-0.0130312	-0.00094114	
1112	55.55	-0.0130093	-0.000911147	
1113	55.6	-0.0130059	-0.000910481	
1114	55.65	-0.0130048	-0.000911058	
1115	55.7	-0.0130044	-0.000911727	
1116	55.75	-0.0129965	-0.000876943	
1117	55.8	-0.0130173	-0.000907149	
1118	55.85	-0.0130207	-0.000907941	
1119	55.9	-0.0130219	-0.000907398	
1120	55.95	-0.0130223	-0.00090674	
1121	56	-0.0130312	-0.00094114	
1122	56.05	-0.0130093	-0.000911147	
1123	56.1	-0.0130059	-0.000910481	
1124	56.15	-0.0130048	-0.000911058	
1125	56.2	-0.0130044	-0.000911727	
1126	56.25	-0.0129965	-0.000876943	
1127	56.3	-0.0130173	-0.000907149	
1128	56.35	-0.0130207	-0.00090794	
1129	56.4	-0.0130219	-0.000907398	
1130	56.45	-0.0130223	-0.00090674	
1131	56.5	-0.0130312	-0.00094114	
1132	56.55	-0.0130093	-0.000911148	
1133	56.6	-0.0130059	-0.00091048	
1134	56.65	-0.0130048	-0.000911058	
1135	56.7	-0.0130044	-0.000911727	
1136	56.75	-0.0129965	-0.000876942	
1137	56.8	-0.0130173	-0.000907149	
1138	56.85	-0.0130207	-0.00090794	
1139	56.9	-0.0130219	-0.000907398	
1140	56.95	-0.0130223	-0.000906739	
1141	57	-0.0130312	-0.000941141	
1142	57.05	-0.0130093	-0.000911147	
1143	57.1	-0.0130059	-0.000910481	
1144	57.15	-0.0130048	-0.000911058	
1145	57.2	-0.0130044	-0.000911727	
1146	57.25	-0.0129965	-0.000876943	
1147	57.3	-0.0130173	-0.000907149	
1148	57.35	-0.0130207	-0.00090794	
1149	57.4	-0.0130219	-0.000907398	
1150	57.45	-0.0130223	-0.000906739	
1151	57.5	-0.0130312	-0.00094114	
1152	57.55	-0.0130093	-0.000911146	
1153	57.6	-0.0130059	-0.000910481	
1154	57.65	-0.0130048	-0.000911058	
1155	57.7	-0.0130044	-0.000911727	
1156	57.75	-0.0129965	-0.000876943	
1157	57.8	-0.0130173	-0.000907149	
1158	57.85	-0.0130207	-0.00090794	
1159	57.9	-0.0130219	-0.000907398	
1160	57.95	-0.0130223	-0.000906739	
1161	58	-0.0130312	-0.00094114	
1162	58.05	-0.0130093	-0.000911147	
1163	58.1	-0.0130059	-0.000910481	
1164	58.15	-0.0130048	-0.000911058	
1165	58.2	-0.0130044	-0.000911727	
1166	58.25	-0.0129965	-0.000876942	
1167	58.3	-0.0130173	-0.000907149	
1168	58.35	-0.0130207	-0.00090794	
1169	58.4	-0.0130219	-0.000907399	
1170	58.45	-0.0130223	-0.00090674	
1171	58.5	-0.0130312	-0.00094114	
1172	58.55	-0.0130093	-0.000911146	
1173	58.6	-0.0130059	-0.000910481	
1174	58.65	-0.0130048	-0.000911058	
1175	58.7	-0.0130044	-0.000911727	
1176	58.75	-0.0129965	-0.000876943	
1177	58.8	-0.0130173	-0.00090715	
1178	58.85	-0.0130207	-0.00090794	
1179	58.9	-0.0130219	-0.000907398	
1180	58.95	-0.0130223	-0.00090674	
1181	59	-0.0130312	-0.00094114	
1182	59.05	-0.0130093	-0.000911147	
1183	59.1	-0.0130059	-0.000910481	
1184	59.15	-0.0130048	-0.000911058	
1185	59.2	-0.0130044	-0.000911727	
1186	59.25	-0.0129965	-0.000876943	
1187	59.3	-0.0130173	-0.000907149	
1188	59.35	-0.0130207	-0.000907941	
1189	59.4	-0.0130219	-0.000907397	
1190	59.45	-0.0130223	-0.000906741	
1191	59.5	-0.0130312	-0.00094114	
1192	59.55	-0.0130093	-0.000911147	
1193	59.6	-0.0130059	-0.000910481	
1194	59.65	-0.0130048	-0.000911058	
1195	59.7	-0.0130044	-0.000911727	
1196	59.75	-0.0129965	-0.000876943	
1197	59.8	-0.0130173	-0.000907149	
1198	59.85	-0.0130207	-0.00090794	
1199	59.9	-0.0130219	-0.000907398	
1200	59.95	-0.0130223	-0.00090674	
1201	60	-0.0130312	-0.00094114	
1202	60.05	-0.0130093	-0.000911147	
1203	60.1	-0.0130059	-0.000910481	
1204	60.15	-0.0130048	-0.000911059	
1205	60.2	-0.0130044	-0.000911727	
1206	60.25	-0.0129965	-0.000876943	
1207	60.3	-0.0130173	-0.000907149	
1208	60.35	-0.0130207	-0.00090794	
1209	60.4	-0.0130219	-0.000907399	
1210	60.45	-0.0130223	-0.000906741	
1211	60.5	-0.0130312	-0.000941139	
1212	60.55	-0.0130093	-0.000911147	
1213	60.6	-0.0130059	-0.000910481	
1214	60.65	-0.0130048	-0.000911058	
1215	60.7	-0.0130044	-0.000911727	
1216	60.75	-0.0129965	-0.000876943	
1217	60.8	-0.0130173	-0.000907149	
1218	60.85	-0.0130207	-0.000907941	
1219	60.9	-0.0130219	-0.000907398	
1220	60.95	-0.0130223	-0.00090674	
1221	61	-0.0130312	-0.000941139	
1222	61.05	-0.0130093	-0.000911147	
1223	61.1	-0.0130059	-0.00091048	
1224	61.15	-0.0130048	-0.000911058	
1225	61.2	-0.0130044	-0.000911727	
1226	61.25	-0.0129965	-0.000876942	
1227	61.3	-0.0130173	-0.00090715	
1228	61.35	-0.0130207	-0.00090794	
1229	61.4	-0.0130219	-0.000907398	
1230	61.45	-0.0130223	-0.00090674	
1231	61.5	-0.0130312	-0.000941139	
1232	61.55	-0.0130093	-0.000911147	
1233	61.6	-0.0130059	-0.00091048	
1234	61.65	-0.0130048	-0.000911058	
1235	61.7	-0.0130044	-0.000911727	
1236	61.75	-0.0129965	-0.000876943	
1237	61.8	-0.0130173	-0.000907149	
1238	61.85	-0.0130207	-0.00090794	
1239	61.9	-0.0130219	-0.000907397	
1240	61.95	-0.0130223	-0.00090674	
1241	62	-0.0130312	-0.00094114	
1242	62.05	-0.0130093	-0.000911146	
1243	62.1	-0.0130059	-0.00091048	
1244	62.15	-0.0130048	-0.000911058	
1245	62.2	-0.0130044	-0.000911727	
1246	62.25	-0.0129965	-0.000876943	
1247	62.3	-0.0130173	-0.000907149	
1248	62.35	-0.0130207	-0.00090794	
1249	62.4	-0.0130219	-0.000907398	
1250	62.45	-0.0130223	-0.00090674	
1251	62.5	-0.0130312	-0.000941139	
1252	62.55	-0.0130093	-0.000911147	
1253	62.6	-0.0130059	-0.000910481	
1254	62.65	-0.0130048	-0.000911058	
1255	62.7	-0.0130044	-0.000911727	
1256	62.75	-0.0129965	-0.000876943	
1257	62.8	-0.0130173	-0.000907149	
1258	62.85	-0.0130207	-0.00090794	
1259	62.9	-0.0130219	-0.000907398	
1260	62.95	-0.0130223	-0.000906739	
1261	63	-0.0130312	-0.00094114	
1262	63.05	-0.0130093	-0.000911147	
1263	63.1	-0.0130059	-0.00091048	
1264	63.15	-0.0130048	-0.000911059	
1265	63.2	-0.0130044	-0.000911727	
1266	63.25	-0.0129965	-0.000876942	
1267	63.3	-0.0130173	-0.000907149	
1268	63.35	-0.0130207	-0.00090794	
1269	63.4	-0.0130219	-0.000907398	
1270	63.45	-0.0130223	-0.00090674	
1271	63.5	-0.0130312	-0.00094114	
1272	63.55	-0.0130093	-0.000911147	
1273	63.6	-0.0130059	-0.000910481	
1274	63.65	-0.0130048	-0.000911057	
1275	63.7	-0.0130044	-0.000911728	
1276	63.75	-0.0129965	-0.000876943	
1277	63.8	-0.0130173	-0.000907149	
1278	63.85	-0.0130207	-0.000907941	
1279	63.9	-0.0130219	-0.000907398	
1280	63.95	-0.0130223	-0.000906741	
1281	64	-0.0130312	-0.00094114	
1282	64.05	-0.0130093	-0.000911147	
1283	64.1	-0.0130059	-0.000910483	
1284	64.15	-0.0130048	-0.000911057	
1285	64.2	-0.0130044	-0.000911727	
1286	64.25	-0.0129965	-0.000876943	
1287	64.3	-0.0130173	-0.000907149	
1288	64.35	-0.0130207	-0.00090794	
1289	64.4	-0.0130219	-0.000907399	
1290	64.45	-0.0130223	-0.000906739	
1291	64.5	-0.0130312	-0.00094114	
1292	64.55	-0.0130093	-0.000911147	
1293	64.6	-0.0130059	-0.000910481	
1294	64.65	-0.0130048	-0.000911058	
1295	64.7	-0.0130044	-0.000911727	
1296	64.75	-0.0129965	-0.000876943	
1297	64.8	-0.0130173	-0.000907148	
1298	64.85	-0.0130207	-0.000907942	
1299	64.9	-0.0130219	-0.000907398	
1300	64.95	-0.0130223	-0.00090674	
1301	65	-0.0130312	-0.00094114	
1302	65.05	-0.0130093	-0.000911147	
1303	65.1	-0.0130059	-0.000910481	
1304	65.15	-0.0130048	-0.000911058	
1305	65.2	-0.0130044	-0.000911727	
1306	65.25	-0.0129965	-0.000876943	
1307	65.3	-0.0130173	-0.000907149	
1308	65.35	-0.0130207	-0.00090794	
1309	65.4	-0.0130219	-0.000907399	
1310	65.45	-0.0130223	-0.00090674	
1311	65.5	-0.0130312	-0.00094114	
1312	65.55	-0.0130093	-0.000911147	
1313	65.6	-0.0130059	-0.000910481	
1314	65.65	-0.0130048	-0.000911058	
1315	65.7	-0.0130044	-0.000911727	
1316	65.75	-0.0129965	-0.000876943	
1317	65.8	-0.0130173	-0.000907149	
1318	65.85	-0.0130207	-0.000907941	
1319	65.9	-0.0130219	-0.000907398	
1320	65.95	-0.0130223	-0.00090674	
1321	66	-0.0130312	-0.00094114	
1322	66.05	-0.0130093	-0.000911147	
1323	66.1	-0.0130059	-0.00091048	
1324	66.15	-0.0130048	-0.000911058	
1325	66.2	-0.0130044	-0.000911727	
1326	66.25	-0.0129965	-0.000876943	
1327	66.3	-0.0130173	-0.000907149	
1328	66.35	-0.0130207	-0.00090794	
1329	66.4	-0.0130219	-0.000907398	
1330	66.45	-0.0130223	-0.00090674	
1331	66.5	-0.0130312	-0.00094114	
1332	66.55	-0.0130093	-0.000911147	
1333	66.6	-0.0130059	-0.000910481	
1334	66.65	-0.0130048	-0.000911058	
1335	66.7	-0.0130044	-0.000911727	
1336	66.75	-0.0129965	-0.000876943	
1337	66.8	-0.0130173	-0.000907149	
1338	66.85	-0.0130207	-0.00090794	
1339	66.9	-0.0130219	-0.000907398	
1340	66.95	-0.0130223	-0.00090674	
1341	67	-0.0130312	-0.00094114	
1342	67.05	-0.0130093	-0.000911147	
1343	67.1	-0.0130059	-0.000910481	
1344	67.15	-0.0130048	-0.000911058	
1345	67.2	-0.0130044	-0.000911728	
1346	67.25	-0.0129965	-0.000876943	
1347	67.3	-0.0130173	-0.000907149	
1348	67.35	-0.0130207	-0.00090794	
1349	67.4	-0.0130219	-0.000907398	
1350	67.45	-0.0130223	-0.000906739	
1351	67.5	-0.0130312	-0.000941141	
1352	67.55	-0.0130093	-0.000911146	
1353	67.6	-0.0130059	-0.00091048	
1354	67.65	-0.0130048	-0.000911059	
1355	67.7	-0.0130044	-0.000911727	
1356	67.75	-0.0129965	-0.000876943	
1357	67.8	-0.0130173	-0.000907149	
1358	67.85	-0.0130207	-0.00090794	
1359	67.9	-0.0130219	-0.000907398	
1360	67.95	-0.0130223	-0.00090674	
1361	68	-0.0130312	-0.00094114	
1362	68.05	-0.0130093	-0.000911147	
1363	68.1	-0.0130059	-0.000910481	
1364	68.15	-0.0130048	-0.000911058	
1365	68.2	-0.0130044	-0.000911727	
1366	68.25	-0.0129965	-0.000876943	
1367	68.3	-0.0130173	-0.000907149	
1368	68.35	-0.0130207	-0.00090794	
1369	68.4	-0.0130219	-0.000907398	
1370	68.45	-0.0130223	-0.00090674	
1371	68.5	-0.0130312	-0.00094114	
1372	68.55	-0.0130093	-0.000911147	
1373	68.6	-0.0130059	-0.000910481	
1374	68.65	-0.0130048	-0.000911058	
1375	68.7	-0.0130044	-0.000911727	
1376	68.75	-0.0129965	-0.000876942	
1377	68.8	-0.0130173	-0.00090715	
1378	68.85	-0.0130207	-0.00090794	
1379	68.9	-0.0130219	-0.000907398	
1380	68.95	-0.0130223	-0.00090674	
1381	69	-0.0130312	-0.00094114	
1382	69.05	-0.0130093	-0.000911147	
1383	69.1	-0.0130059	-0.000910481	
1384	69.15	-0.0130048	-0.000911058	
1385	69.2	-0.0130044	-0.000911727	
1386	69.25	-0.0129965	-0.000876943	
1387	69.3	-0.0130173	-0.000907148	
1388	69.35	-0.0130207	-0.000907941	
1389	69.4	-0.0130219	-0.000907398	
1390	69.45	-0.0130223	-0.00090674	
1391	69.5	-0.0130312	-0.00094114	
1392	69.55	-0.0130093	-0.000911147	
1393	69.6	-0.0130059	-0.000910481	
1394	69.65	-0.0130048	-0.000911058	
1395	69.7	-0.0130044	-0.000911727	
1396	69.75	-0.0129965	-0.000876943	
1397	69.8	-0.0130173	-0.000907149	
1398	69.85	-0.0130207	-0.000907941	
1399	69.9	-0.0130219	-0.000907397	
1400	69.95	-0.0130223	-0.00090674	
1401	70	-0.0130312	-0.00094114	
1402	70.05	-0.0130093	-0.000911147	
1403	70.1	-0.0130059	-0.000910481	
1404	70.15	-0.0130048	-0.000911058	
1405	70.2	-0.0130044	-0.000911727	
1406	70.25	-0.0129965	-0.000876943	
1407	70.3	-0.0130173	-0.000907149	
1408	70.35	-0.0130207	-0.000907941	
1409	70.4	-0.0130219	-0.000907398	
1410	70.45	-0.0130223	-0.00090674	
1411	70.5	-0.0130312	-0.00094114	
1412	70.55	-0.0130093	-0.000911147	
1413	70.6	-0.0130059	-0.000910481	
1414	70.65	-0.0130048	-0.000911058	
1415	70.7	-0.0130044	-0.000911727	
1416	70.75	-0.0129965	-0.000876943	
1417	70.8	-0.0130173	-0.000907149	
1418	70.85	-0.0130207	-0.00090794	
1419	70.9	-0.0130219	-0.000907398	
1420	70.95	-0.0130223	-0.000906739	
1421	71	-0.0130312	-0.00094114	
1422	71.05	-0.0130093	-0.000911147	
1423	71.1	-0.0130059	-0.000910481	
1424	71.15	-0.0130048	-0.000911058	
1425	71.2	-0.0130044	-0.000911727	
1426	71.25	-0.0129965	-0.000876943	
1427	71.3	-0.0130173	-0.000907148	
1428	71.35	-0.0130207	-0.00090794	
1429	71.4	-0.0130219	-0.000907398	
1430	71.45	-0.0130223	-0.00090674	
1431	71.5	-0.0130312	-0.00094114	
1432	71.55	-0.0130093	-0.000911148	
1433	71.6	-0.0130059	-0.00091048	
1434	71.65	-0.0130048	-0.000911058	
1435	71.7	-0.0130044	-0.000911727	
1436	71.75	-0.0129965	-0.000876943	
1437	71.8	-0.0130173	-0.000907149	
1438	71.85	-0.0130207	-0.000907943	
1439	71.9	-0.0130219	-0.000907396	
1440	71.95	-0.0130223	-0.00090674	
1441	72	-0.0130312	-0.000941139	
1442	72.05	-0.0130093	-0.000911147	
1443	72.1	-0.0130059	-0.000910481	
1444	72.15	-0.0130048	-0.000911058	
1445	72.2	-0.0130044	-0.000911727	
1446	72.25	-0.0129965	-0.000876943	
1447	72.3	-0.0130173	-0.000907149	
1448	72.35	-0.0130207	-0.00090794	
1449	72.4	-0.0130219	-0.000907398	
1450	72.45	-0.0130223	-0.00090674	
1451	72.5	-0.0130312	-0.00094114	
1452	72.55	-0.0130093	-0.000911147	
1453	72.6	-0.0130059	-0.000910481	
1454	72.65	-0.0130048	-0.000911058	
1455	72.7	-0.0130044	-0.000911727	
1456	72.75	-0.0129965	-0.000876943	
1457	72.8	-0.0130173	-0.000907149	
1458	72.85	-0.0130207	-0.00090794	
1459	72.9	-0.0130219	-0.000907398	
1460	72.95	-0.0130223	-0.00090674	
1461	73	-0.0130312	-0.00094114	
1462	73.05	-0.0130093	-0.000911147	
1463	73.1	-0.0130059	-0.000910481	
1464	73.15	-0.0130048	-0.000911057	
1465	73.2	-0.0130044	-0.000911727	
1466	73.25	-0.0129965	-0.000876943	
1467	73.3	-0.0130173	-0.000907149	
1468	73.35	-0.0130207	-0.00090794	
1469	73.4	-0.0130219	-0.000907398	
1470	73.45	-0.0130223	-0.000906739	
1471	73.5	-0.0130312	-0.00094114	
1472	73.55	-0.0130093	-0.000911147	
1473	73.6	-0.0130059	-0.000910481	
1474	73.65	-0.0130048	-0.000911058	
1475	73.7	-0.0130044	-0.000911727	
1476	73.75	-0.0129965	-0.000876943	
1477	73.8	-0.0130173	-0.000907149	
1478	73.85	-0.0130207	-0.00090794	
1479	73.9	-0.0130219	-0.000907398	
1480	73.95	-0.0130223	-0.00090674	
1481	74	-0.0130312	-0.00094114	
1482	74.05	-0.0130093	-0.000911147	
1483	74.1	-0.0130059	-0.00091048	
1484	74.15	-0.0130048	-0.000911058	
1485	74.2	-0.0130044	-0.000911727	
1486	74.25	-0.0129965	-0.000876943	
1487	74.3	-0.0130173	-0.000907149	
1488	74.35	-0.0130207	-0.000907939	
1489	74.4	-0.0130219	-0.000907399	
1490	74.45	-0.0130223	-0.00090674	
1491	74.5	-0.0130312	-0.00094114	
1492	74.55	-0.0130093	-0.000911147	
1493	74.6	-0.0130059	-0.000910482	
1494	74.65	-0.0130048	-0.000911057	
1495	74.7	-0.0130044	-0.000911726	
1496	74.75	-0.0129965	-0.000876943	
1497	74.8	-0.0130173	-0.000907149	
1498	74.85	-0.0130207	-0.00090794	
1499	74.9	-0.0130219	-0.000907398	
1500	74.95	-0.0130223	-0.00090674	
1501	75	-0.0130312	-0.00094114	
1502	75.05	-0.0130093	-0.000911147	
1503	75.1	-0.0130059	-0.00091048	
1504	75.15	-0.0130048	-0.000911058	
1505	75.2	-0.0130044	-0.000911727	
1506	75.25	-0.0129965	-0.000876943	
1507	75.3	-0.0130173	-0.000907149	
1508	75.35	-0.0130207	-0.00090794	
1509	75.4	-0.0130219	-0.000907399	
1510	75.45	-0.0130223	-0.00090674	
1511	75.5	-0.0130312	-0.00094114	
1512	75.55	-0.0130093	-0.000911147	
1513	75.6	-0.0130059	-0.000910481	
1514	75.65	-0.0130048	-0.000911059	
1515	75.7	-0.0130044	-0.000911727	
1516	75.75	-0.0129965	-0.000876943	
1517	75.8	-0.0130173	-0.000907149	
1518	75.85	-0.0130207	-0.00090794	
1519	75.9	-0.0130219	-0.000907398	
1520	75.95	-0.0130223	-0.000906741	
1521	76	-0.0130312	-0.000941141	
1522	76.05	-0.0130093	-0.000911146	
1523	76.1	-0.0130059	-0.000910482	
1524	76.15	-0.0130048	-0.000911059	
1525	76.2	-0.0130044	-0.000911727	
1526	76.25	-0.0129965	-0.000876943	
1527	76.3	-0.0130173	-0.000907149	
1528	76.35	-0.0130207	-0.00090794	
1529	76.4	-0.0130219	-0.000907398	
1530	76.45	-0.0130223	-0.00090674	
1531	76.5	-0.0130312	-0.00094114	
1532	76.55	-0.0130093	-0.000911147	
1533	76.6	-0.0130059	-0.000910481	
1534	76.65	-0.0130048	-0.000911058	
1535	76.7	-0.0130044	-0.000911727	
1536	76.75	-0.0129965	-0.000876943	
1537	76.8	-0.0130173	-0.000907149	
1538	76.85	-0.0130207	-0.00090794	
1539	76.9	-0.0130219	-0.000907398	
1540	76.95	-0.0130223	-0.00090674	
1541	77	-0.0130312	-0.00094114	
1542	77.05	-0.0130093	-0.000911147	
1543	77.1	-0.0130059	-0.000910481	
1544	77.15	-0.0130048	-0.000911059	
1545	77.2	-0.0130044	-0.000911727	
1546	77.25	-0.0129965	-0.000876943	
1547	77.3	-0.0130173	-0.000907149	
1548	77.35	-0.0130207	-0.00090794	
1549	77.4	-0.0130219	-0.000907398	
1550	77.45	-0.0130223	-0.00090674	
1551	77.5	-0.0130312	-0.00094114	
1552	77.55	-0.0130093	-0.000911147	
1553	77.6	-0.0130059	-0.00091048	
1554	77.65	-0.0130048	-0.000911058	
1555	77.7	-0.0130044	-0.000911727	
1556	77.75	-0.0129965	-0.000876943	
1557	77.8	-0.0130173	-0.000907149	
1558	77.85	-0.0130207	-0.00090794	
1559	77.9	-0.0130219	-0.000907398	
1560	77.95	-0.0130223	-0.00090674	
1561	78	-0.0130312	-0.00094114	
1562	78.05	-0.0130093	-0.000911147	
1563	78.1	-0.0130059	-0.000910481	
1564	78.15	-0.0130048	-0.000911058	
1565	78.2	-0.0130044	-0.000911727	
1566	78.25	-0.0129965	-0.000876943	
1567	78.3	-0.0130173	-0.000907149	
1568	78.35	-0.0130207	-0.000907941	
1569	78.4	-0.0130219	-0.000907398	
1570	78.45	-0.0130223	-0.000906739	
1571	78.5	-0.0130312	-0.00094114	
1572	78.55	-0.0130093	-0.000911147	
1573	78.6	-0.0130059	-0.00091048	
1574	78.65	-0.0130048	-0.000911058	
1575	78.7	-0.0130044	-0.000911727	
1576	78.75	-0.0129965	-0.000876943	
1577	78.8	-0.0130173	-0.000907149	
1578	78.85	-0.0130207	-0.000907941	
1579	78.9	-0.0130219	-0.000907398	
1580	78.95	-0.0130223	-0.00090674	
1581	79	-0.0130312	-0.00094114	
1582	79.05	-0.0130093	-0.000911147	
1583	79.1	-0.0130059	-0.000910482	
1584	79.15	-0.0130048	-0.000911057	
1585	79.2	-0.0130044	-0.000911727	
1586	79.25	-0.0129965	-0.000876943	
1587	79.3	-0.0130173	-0.000907149	
1588	79.35	-0.0130207	-0.000907941	
1589	79.4	-0.0130219	-0.000907398	
1590	79.45	-0.0130223	-0.00090674	
1591	79.5	-0.0130312	-0.00094114	
1592	79.55	-0.0130093	-0.000911147	
1593	79.6	-0.0130059	-0.000910481	
1594	79.65	-0.0130048	-0.000911058	
1595	79.7	-0.0130044	-0.000911727	
1596	79.75	-0.0129965	-0.000876943	
1597	79.8	-0.0130173	-0.000907149	
1598	79.85	-0.0130207	-0.00090794	
1599	79.9	-0.0130219	-0.000907398	
1600	79.95	-0.0130223	-0.00090674	
1601	80	-0.0130312	-0.00094114	
1602	80.05	-0.0130093	-0.000911148	
1603	80.1	-0.0130059	-0.000910482	
1604	80.15	-0.0130048	-0.000911057	
1605	80.2	-0.0130044	-0.000911728	
1606	80.25	-0.0129965	-0.000876943	
1607	80.3	-0.0130173	-0.000907148	
1608	80.35	-0.0130207	-0.000907941	
1609	80.4	-0.0130219	-0.000907398	
1610	80.45	-0.0130223	-0.00090674	
1611	80.5	-0.0130312	-0.00094114	
1612	80.55	-0.0130093	-0.000911147	
1613	80.6	-0.0130059	-0.00091048	
1614	80.65	-0.0130048	-0.000911059	
1615	80.7	-0.0130044	-0.000911727	
1616	80.75	-0.0129965	-0.000876943	
1617	80.8	-0.0130173	-0.000907149	
1618	80.85	-0.0130207	-0.00090794	
1619	80.9	-0.0130219	-0.000907398	
1620	80.95	-0.0130223	-0.00090674	
1621	81	-0.0130312	-0.00094114	
1622	81.05	-0.0130093	-0.000911147	
1623	81.1	-0.0130059	-0.00091048	
1624	81.15	-0.0130048	-0.000911059	
1625	81.2	-0.0130044	-0.000911727	
1626	81.25	-0.0129965	-0.000876943	
1627	81.3	-0.0130173	-0.000907149	
1628	81.35	-0.0130207	-0.00090794	
1629	81.4	-0.0130219	-0.000907398	
1630	81.45	-0.0130223	-0.000906739	
1631	81.5	-0.0130312	-0.00094114	
1632	81.55	-0.0130093	-0.000911147	
1633	81.6	-0.0130059	-0.000910481	
1634	81.65	-0.0130048	-0.000911058	
1635	81.7	-0.0130044	-0.000911727	
1636	81.75	-0.0129965	-0.000876943	
1637	81.8	-0.0130173	-0.000907149	
1638	81.85	-0.0130207	-0.000907941	
1639	81.9	-0.0130219	-0.000907398	
1640	81.95	-0.0130223	-0.000906739	
1641	82	-0.0130312	-0.00094114	
1642	82.05	-0.0130093	-0.000911147	
1643	82.1	-0.0130059	-0.000910481	
1644	82.15	-0.0130048	-0.000911059	
1645	82.2	-0.0130044	-0.000911726	
1646	82.25	-0.0129965	-0.000876943	
1647	82.3	-0.0130173	-0.000907149	
1648	82.35	-0.0130207	-0.00090794	
1649	82.4	-0.0130219	-0.000907398	
1650	82.45	-0.0130223	-0.00090674	
1651	82.5	-0.0130312	-0.00094114	
1652	82.55	-0.0130093	-0.000911147	
1653	82.6	-0.0130059	-0.00091048	
1654	82.65	-0.0130048	-0.000911058	
1655	82.7	-0.0130044	-0.000911727	
1656	82.75	-0.0129965	-0.000876943	
1657	82.8	-0.0130173	-0.000907148	
1658	82.85	-0.0130207	-0.000907939	
1659	82.9	-0.0130219	-0.000907399	
1660	82.95	-0.0130223	-0.00090674	
1661	83	-0.0130312	-0.00094114	
1662	83.05	-0.0130093	-0.000911147	
1663	83.1	-0.0130059	-0.000910481	
1664	83.15	-0.0130048	-0.000911058	
1665	83.2	-0.0130044	-0.000911727	
1666	83.25	-0.0129965	-0.000876942	
1667	83.3	-0.0130173	-0.000907149	
1668	83.35	-0.0130207	-0.00090794	
1669	83.4	-0.0130219	-0.000907398	
1670	83.45	-0.0130223	-0.000906739	
1671	83.5	-0.0130312	-0.00094114	
1672	83.55	-0.0130093	-0.000911147	
1673	83.6	-0.0130059	-0.000910481	
1674	83.65	-0.0130048	-0.000911059	
1675	83.7	-0.0130044	-0.000911727	
1676	83.75	-0.0129965	-0.000876943	
1677	83.8	-0.0130173	-0.00090715	
1678	83.85	-0.0130207	-0.000907939	
1679	83.9	-0.0130219	-0.000907399	
1680	83.95	-0.0130223	-0.000906739	
1681	84	-0.0130312	-0.00094114	
1682	84.05	-0.0130093	-0.000911147	
1683	84.1	-0.0130059	-0.000910481	
1684	84.15	-0.0130048	-0.000911058	
1685	84.2	-0.0130044	-0.000911727	
1686	84.25	-0.0129965	-0.000876943	
1687	84.3	-0.0130173	-0.000907149	
1688	84.35	-0.0130207	-0.00090794	
1689	84.4	-0.0130219	-0.000907397	
1690	84.45	-0.0130223	-0.00090674	
1691	84.5	-0.0130312	-0.00094114	
1692	84.55	-0.0130093	-0.000911147	
1693	84.6	-0.0130059	-0.000910481	
1694	84.65	-0.0130048	-0.000911058	
1695	84.7	-0.0130044	-0.000911727	
1696	84.75	-0.0129965	-0.000876943	
1697	84.8	-0.0130173	-0.000907149	
1698	84.85	-0.0130207	-0.00090794	
1699	84.9	-0.0130219	-0.000907399	
1700	84.95	-0.0130223	-0.000906739	
1701	85	-0.0130312	-0.00094114	
1702	85.05	-0.0130093	-0.000911147	
1703	85.1	-0.0130059	-0.000910481	
1704	85.15	-0.0130048	-0.000911058	
1705	85.2	-0.0130044	-0.000911727	
1706	85.25	-0.0129965	-0.000876943	
1707	85.3	-0.0130173	-0.000907149	
1708	85.35	-0.0130207	-0.00090794	
1709	85.4	-0.0130219	-0.000907398	
1710	85.45	-0.0130223	-0.00090674	
1711	85.5	-0.0130312	-0.00094114	
1712	85.55	-0.0130093	-0.000911147	
1713	85.6	-0.0130059	-0.000910482	
1714	85.65	-0.0130048	-0.000911057	
1715	85.7	-0.0130044	-0.000911727	
1716	85.75	-0.0129965	-0.000876942	
1717	85.8	-0.0130173	-0.000907149	
1718	85.85	-0.0130207	-0.00090794	
1719	85.9	-0.0130219	-0.000907398	
1720	85.95	-0.0130223	-0.00090674	
1721	86	-0.0130312	-0.00094114	
1722	86.05	-0.0130093	-0.000911147	
1723	86.1	-0.0130059	-0.00091048	
1724	86.15	-0.0130048	-0.000911058	
1725	86.2	-0.0130044	-0.000911728	
1726	86.25	-0.0129965	-0.000876942	
1727	86.3	-0.0130173	-0.000907148	
1728	86.35	-0.0130207	-0.000907941	
1729	86.4	-0.0130219	-0.000907398	
1730	86.45	-0.0130223	-0.000906739	
1731	86.5	-0.0130312	-0.00094114	
1732	86.55	-0.0130093	-0.000911147	
1733	86.6	-0.0130059	-0.00091048	
1734	86.65	-0.0130048	-0.000911058	
1735	86.7	-0.0130044	-0.000911727	
1736	86.75	-0.0129965	-0.000876943	
1737	86.8	-0.0130173	-0.000907149	
1738	86.85	-0.0130207	-0.00090794	
1739	86.9	-0.0130219	-0.000907398	
1740	86.95	-0.0130223	-0.00090674	
1741	87	-0.0130312	-0.00094114	
1742	87.05	-0.0130093	-0.000911147	
1743	87.1	-0.0130059	-0.000910481	
1744	87.15	-0.0130048	-0.000911057	
1745	87.2	-0.0130044	-0.000911727	
1746	87.25	-0.0129965	-0.000876943	
1747	87.3	-0.0130173	-0.000907149	
1748	87.35	-0.0130207	-0.00090794	
1749	87.4	-0.0130219	-0.000907398	
1750	87.45	-0.0130223	-0.00090674	
1751	87.5	-0.0130312	-0.00094114	
1752	87.55	-0.0130093	-0.000911148	
1753	87.6	-0.0130059	-0.00091048	
1754	87.65	-0.0130048	-0.000911058	
1755	87.7	-0.0130044	-0.000911727	
1756	87.75	-0.0129965	-0.000876942	
1757	87.8	-0.0130173	-0.00090715	
1758	87.85	-0.0130207	-0.00090794	
1759	87.9	-0.0130219	-0.000907398	
1760	87.95	-0.0130223	-0.00090674	
1761	88	-0.0130312	-0.00094114	
1762	88.05	-0.0130093	-0.000911147	
1763	88.1	-0.0130059	-0.000910481	
1764	88.15	-0.0130048	-0.000911059	
1765	88.2	-0.0130044	-0.000911727	
1766	88.25	-0.0129965	-0.000876943	
1767	88.3	-0.0130173	-0.000907149	
1768	88.35	-0.0130207	-0.00090794	
1769	88.4	-0.0130219	-0.000907398	
1770	88.45	-0.0130223	-0.000906739	
1771	88.5	-0.0130312	-0.00094114	
1772	88.55	-0.0130093	-0.000911147	
1773	88.6	-0.0130059	-0.00091048	
1774	88.65	-0.0130048	-0.000911059	
1775	88.7	-0.0130044	-0.000911727	
1776	88.75	-0.0129965	-0.000876942	
1777	88.8	-0.0130173	-0.000907149	
1778	88.85	-0.0130207	-0.00090794	
1779	88.9	-0.0130219	-0.000907398	
1780	88.95	-0.0130223	-0.00090674	
1781	89	-0.0130312	-0.00094114	
1782	89.05	-0.0130093	-0.000911147	
1783	89.1	-0.0130059	-0.000910481	
1784	89.15	-0.0130048	-0.000911059	
1785	89.2	-0.0130044	-0.000911727	
1786	89.25	-0.0129965	-0.000876942	
1787	89.3	-0.0130173	-0.000907148	
1788	89.35	-0.0130207	-0.000907942	
1789	89.4	-0.0130219	-0.000907398	
1790	89.45	-0.0130223	-0.00090674	
1791	89.5	-0.0130312	-0.00094114	
1792	89.55	-0.0130093	-0.000911147	
1793	89.6	-0.0130059	-0.000910481	
1794	89.65	-0.0130048	-0.000911058	
1795	89.7	-0.0130044	-0.000911727	
1796	89.75	-0.0129965	-0.000876944	
1797	89.8	-0.0130173	-0.000907149	
1798	89.85	-0.0130207	-0.00090794	
1799	89.9	-0.0130219	-0.000907398	
1800	89.95	-0.0130223	-0.00090674	
1801	90	-0.0130312	-0.00094114	
1802	90.05	-0.0130093	-0.000911147	
1803	90.1	-0.0130059	-0.000910481	
1804	90.15	-0.0130048	-0.000911058	
1805	90.2	-0.0130044	-0.000911727	
1806	90.25	-0.0129965	-0.000876943	
1807	90.3	-0.0130173	-0.000907149	
1808	90.35	-0.0130207	-0.00090794	
1809	90.4	-0.0130219	-0.000907398	
1810	90.45	-0.0130223	-0.00090674	
1811	90.5	-0.0130312	-0.00094114	
1812	90.55	-0.0130093	-0.000911147	
1813	90.6	-0.0130059	-0.000910481	
1814	90.65	-0.0130048	-0.000911058	
1815	90.7	-0.0130044	-0.000911727	
1816	90.75	-0.0129965	-0.000876943	
1817	90.8	-0.0130173	-0.000907147	
1818	90.85	-0.0130207	-0.000907943	
1819	90.9	-0.0130219	-0.000907398	
1820	90.95	-0.0130223	-0.000906741	
1821	91	-0.0130312	-0.00094114	
1822	91.05	-0.0130093	-0.000911147	
1823	91.1	-0.0130059	-0.00091048	
1824	91.15	-0.0130048	-0.000911058	
1825	91.2	-0.0130044	-0.000911727	
1826	91.25	-0.0129965	-0.000876943	
1827	91.3	-0.0130173	-0.000907149	
1828	91.35	-0.0130207	-0.00090794	
1829	91.4	-0.0130219	-0.000907398	
1830	91.45	-0.0130223	-0.00090674	
1831	91.5	-0.0130312	-0.00094114	
1832	91.55	-0.0130093	-0.000911147	
1833	91.6	-0.0130059	-0.000910481	
1834	91.65	-0.0130048	-0.000911058	
1835	91.7	-0.0130044	-0.000911727	
1836	91.75	-0.0129965	-0.000876943	
1837	91.8	-0.0130173	-0.000907149	
1838	91.85	-0.0130207	-0.00090794	
1839	91.9	-0.0130219	-0.000907398	
1840	91.95	-0.0130223	-0.00090674	
1841	92	-0.0130312	-0.00094114	
1842	92.05	-0.0130093	-0.000911148	
1843	92.1	-0.0130059	-0.00091048	
1844	92.15	-0.0130048	-0.000911058	
1845	92.2	-0.0130044	-0.000911727	
1846	92.25	-0.0129965	-0.000876943	
1847	92.3	-0.0130173	-0.000907148	
1848	92.35	-0.0130207	-0.000907942	
1849	92.4	-0.0130219	-0.000907398	
1850	92.45	-0.0130223	-0.00090674	
1851	92.5	-0.0130312	-0.00094114	
1852	92.55	-0.0130093	-0.000911147	
1853	92.6	-0.0130059	-0.000910481	
1854	92.65	-0.0130048	-0.000911058	
1855	92.7	-0.0130044	-0.000911727	
1856	92.75	-0.0129965	-0.000876943	
1857	92.8	-0.0130173	-0.00090715	
1858	92.85	-0.0130207	-0.00090794	
1859	92.9	-0.0130219	-0.000907398	
1860	92.95	-0.0130223	-0.000906739	
1861	93	-0.0130312	-0.00094114	
1862	93.05	-0.0130093	-0.000911148	
1863	93.1	-0.0130059	-0.000910481	
1864	93.15	-0.0130048	-0.000911058	
1865	93.2	-0.0130044	-0.000911727	
1866	93.25	-0.0129965	-0.000876943	
1867	93.3	-0.0130173	-0.00090715	
1868	93.35	-0.0130207	-0.00090794	
1869	93.4	-0.0130219	-0.000907398	
1870	93.45	-0.0130223	-0.00090674	
1871	93.5	-0.0130312	-0.00094114	
1872	93.55	-0.0130093	-0.000911147	
1873	93.6	-0.0130059	-0.000910481	
1874	93.65	-0.0130048	-0.000911059	
1875	93.7	-0.0130044	-0.000911727	
1876	93.75	-0.0129965	-0.000876943	
1877	93.8	-0.0130173	-0.000907149	
1878	93.85	-0.0130207	-0.00090794	
1879	93.9	-0.0130219	-0.000907398	
1880	93.95	-0.0130223	-0.00090674	
1881	94	-0.0130312	-0.00094114	
1882	94.05	-0.0130093	-0.000911147	
1883	94.1	-0.0130059	-0.000910481	
1884	94.15	-0.0130048	-0.000911058	
1885	94.2	-0.0130044	-0.000911727	
1886	94.25	-0.0129966	-0.000876942	
1887	94.3	-0.0130173	-0.000907149	
1888	94.35	-0.0130207	-0.000907939	
1889	94.4	-0.0130219	-0.000907399	
1890	94.45	-0.0130223	-0.00090674	
1891	94.5	-0.0130312	-0.00094114	
1892	94.55	-0.0130093	-0.000911147	
1893	94.6	-0.0130059	-0.00091048	
1894	94.65	-0.0130048	-0.000911058	
1895	94.7	-0.0130044	-0.000911727	
1896	94.75	-0.0129965	-0.000876943	
1897	94.8	-0.0130173	-0.000907149	
1898	94.85	-0.0130207	-0.00090794	
1899	94.9	-0.0130219	-0.000907398	
1900	94.95	-0.0130223	-0.00090674	
1901	95	-0.0130312	-0.00094114	
1902	95.05	-0.0130093	-0.000911147	
1903	95.1	-0.0130059	-0.00091048	
1904	95.15	-0.0130048	-0.000911058	
1905	95.2	-0.0130044	-0.000911728	
1906	95.25	-0.0129965	-0.000876943	
1907	95.3	-0.0130173	-0.000907149	
1908	95.35	-0.0130207	-0.00090794	
1909	95.4	-0.0130219	-0.000907398	
1910	95.45	-0.0130223	-0.00090674	
1911	95.5	-0.0130312	-0.00094114	
1912	95.55	-0.0130093	-0.000911147	
1913	95.6	-0.0130059	-0.000910481	
1914	95.65	-0.0130048	-0.000911059	
1915	95.7	-0.0130044	-0.000911727	
1916	95.75	-0.0129965	-0.000876943	
1917	95.8	-0.0130173	-0.000907149	
1918	95.85	-0.0130207	-0.000907941	
1919	95.9	-0.0130219	-0.000907398	
1920	95.95	-0.0130223	-0.00090674	
1921	96	-0.0130312	-0.00094114	
1922	96.05	-0.0130093	-0.000911147	
1923	96.1	-0.0130059	-0.00091048	
1924	96.15	-0.0130048	-0.000911059	
1925	96.2	-0.0130044	-0.000911727	
1926	96.25	-0.0129965	-0.000876942	
1927	96.3	-0.0130173	-0.000907149	
1928	96.35	-0.0130207	-0.00090794	
1929	96.4	-0.0130219	-0.000907398	
1930	96.45	-0.0130223	-0.00090674	
1931	96.5	-0.0130312	-0.00094114	
1932	96.55	-0.0130093	-0.000911147	
1933	96.6	-0.0130059	-0.000910482	
1934	96.65	-0.0130048	-0.000911057	
1935	96.7	-0.0130044	-0.000911727	
1936	96.75	-0.0129965	-0.000876943	
1937	96.8	-0.0130173	-0.000907149	
1938	96.85	-0.0130207	-0.00090794	
1939	96.9	-0.0130219	-0.000907398	
1940	96.95	-0.0130223	-0.00090674	
1941	97	-0.0130312	-0.00094114	
1942	97.05	-0.0130093	-0.000911147	
1943	97.1	-0.0130059	-0.00091048	
1944	97.15	-0.0130048	-0.000911059	
1945	97.2	-0.0130044	-0.000911727	
1946	97.25	-0.0129965	-0.000876943	
1947	97.3	-0.0130173	-0.000907149	
1948	97.35	-0.0130207	-0.000907939	
1949	97.4	-0.0130219	-0.0009074	
1950	97.45	-0.0130223	-0.00090674	
1951	97.5	-0.0130312	-0.00094114	
1952	97.55	-0.0130093	-0.000911147	
1953	97.6	-0.0130059	-0.000910481	
1954	97.65	-0.0130048	-0.000911058	
1955	97.7	-0.0130044	-0.000911727	
1956	97.75	-0.0129965	-0.000876943	
1957	97.8	-0.0130173	-0.000907149	
1958	97.85	-0.0130207	-0.00090794	
1959	97.9	-0.0130219	-0.000907398	
1960	97.95	-0.0130223	-0.00090674	
1961	98	-0.0130312	-0.00094114	
1962	98.05	-0.0130093	-0.000911147	
1963	98.1	-0.0130059	-0.00091048	
1964	98.15	-0.0130048	-0.000911058	
1965	98.2	-0.0130044	-0.000911727	
1966	98.25	-0.0129965	-0.000876943	
1967	98.3	-0.0130173	-0.000907149	
1968	98.35	-0.0130207	-0.000907939	
1969	98.4	-0.0130219	-0.000907399	
1970	98.45	-0.0130223	-0.00090674	
1971	98.5	-0.0130312	-0.00094114	
1972	98.55	-0.0130093	-0.000911147	
1973	98.6	-0.0130059	-0.00091048	
1974	98.65	-0.0130048	-0.000911058	
1975	98.7	-0.0130044	-0.000911727	
1976	98.75	-0.0129965	-0.000876943	
1977	98.8	-0.0130173	-0.000907149	
1978	98.85	-0.0130207	-0.00090794	
1979	98.9	-0.0130219	-0.000907398	
1980	98.95	-0.0130223	-0.000906739	
1981	99	-0.0130312	-0.000941141	
1982	99.05	-0.0130093	-0.000911147	
1983	99.1	-0.0130059	-0.00091048	
1984	99.15	-0.0130048	-0.000911059	
1985	99.2	-0.0130044	-0.000911727	
1986	99.25	-0.0129965	-0.000876943	
1987	99.3	-0.0130173	-0.000907149	
1988	99.35	-0.0130207	-0.00090794	
1989	99.4	-0.0130219	-0.000907398	
1990	99.45	-0.0130223	-0.00090674	
1991	99.5	-0.0130312	-0.00094114	
1992	99.55	-0.0130093	-0.000911147	
1993	99.6	-0.0130059	-0.000910481	
1994	99.65	-0.0130048	-0.000911058	
1995	99.7	-0.0130044	-0.000911727	
1996	99.75	-0.0129965	-0.000876943	
1997	99.8	-0.0130173	-0.000907148	
1998	99.85	-0.0130207	-0.000907941	
1999	99.9	-0.0130219	-0.000907399	
2000	99.95	-0.0130223	-0.00090674	
2001	100	-0.0130312	-0.00094114	
2002	100.05	-0.0130093	-0.000911147	
2003	100.1	-0.0130059	-0.000910481	
2004	100.15	-0.0130048	-0.000911059	
2005	100.2	-0.0130044	-0.000911727	
2006	100.25	-0.0129965	-0.000876943	
2007	100.3	-0.0130173	-0.000907149	
2008	100.35	-0.0130207	-0.000907941	
2009	100.4	-0.0130219	-0.000907398	
2010	100.45	-0.0130223	-0.00090674	
2011	100.5	-0.0130312	-0.00094114	
2012	100.55	-0.0130093	-0.000911147	
2013	100.6	-0.0130059	-0.000910481	
2014	100.65	-0.0130048	-0.000911059	
2015	100.7	-0.0130044	-0.000911727	
2016	100.75	-0.0129965	-0.000876943	
2017	100.8	-0.0130173	-0.000907149	
2018	100.85	-0.0130207	-0.000907941	
2019	100.9	-0.0130219	-0.000907398	
2020	100.95	-0.0130223	-0.00090674	
2021	101	-0.0130312	-0.00094114	
2022	101.05	-0.0130093	-0.000911147	
2023	101.1	-0.0130059	-0.000910481	
2024	101.15	-0.0130048	-0.000911058	
2025	101.2	-0.0130044	-0.000911727	
2026	101.25	-0.0129965	-0.000876943	
2027	101.3	-0.0130173	-0.000907149	
2028	101.35	-0.0130207	-0.00090794	
2029	101.4	-0.0130219	-0.000907397	
2030	101.45	-0.0130223	-0.000906739	
2031	101.5	-0.0130312	-0.00094114	
2032	101.55	-0.0130093	-0.000911147	
2033	101.6	-0.0130059	-0.000910481	
2034	101.65	-0.0130048	-0.000911059	
2035	101.7	-0.0130044	-0.000911727	
2036	101.75	-0.0129965	-0.000876942	
2037	101.8	-0.0130173	-0.000907149	
2038	101.85	-0.0130207	-0.00090794	
2039	101.9	-0.0130219	-0.000907398	
2040	101.95	-0.0130223	-0.00090674	
2041	102	-0.0130312	-0.00094114	
2042	102.05	-0.0130093	-0.000911147	
2043	102.1	-0.0130059	-0.000910481	
2044	102.15	-0.0130048	-0.000911059	
2045	102.2	-0.0130044	-0.000911727	
2046	102.25	-0.0129965	-0.000876943	
2047	102.3	-0.0130173	-0.00090715	
2048	102.35	-0.0130207	-0.00090794	
2049	102.4	-0.0130219	-0.000907398	
2050	102.45	-0.0130223	-0.00090674	
2051	102.5	-0.0130312	-0.00094114	
2052	102.55	-0.0130093	-0.000911147	
2053	102.6	-0.0130059	-0.000910481	
2054	102.65	-0.0130048	-0.000911058	
2055	102.7	-0.0130044	-0.000911727	
2056	102.75	-0.0129965	-0.000876943	
2057	102.8	-0.0130173	-0.000907149	
2058	102.85	-0.0130207	-0.00090794	
2059	102.9	-0.0130219	-0.000907399	
2060	102.95	-0.0130223	-0.000906739	
2061	103	-0.0130312	-0.00094114	
2062	103.05	-0.0130093	-0.000911147	
2063	103.1	-0.0130059	-0.000910481	
2064	103.15	-0.0130048	-0.000911058	
2065	103.2	-0.0130044	-0.000911727	
2066	103.25	-0.0129965	-0.000876943	
2067	103.3	-0.0130173	-0.000907149	
2068	103.35	-0.0130207	-0.00090794	
2069	103.4	-0.0130219	-0.000907398	
2070	103.45	-0.0130223	-0.000906739	
2071	103.5	-0.0130312	-0.00094114	
2072	103.55	-0.0130093	-0.000911147	
2073	103.6	-0.0130059	-0.000910481	
2074	103.65	-0.0130048	-0.000911059	
2075	103.7	-0.0130044	-0.000911726	
2076	103.75	-0.0129965	-0.000876942	
2077	103.8	-0.0130173	-0.00090715	
2078	103.85	-0.0130207	-0.00090794	
2079	103.9	-0.0130219	-0.000907398	
2080	103.95	-0.0130223	-0.00090674	
2081	104	-0.0130312	-0.00094114	
2082	104.05	-0.0130093	-0.000911147	
2083	104.1	-0.0130059	-0.000910481	
2084	104.15	-0.0130048	-0.000911058	
2085	104.2	-0.0130044	-0.000911727	
2086	104.25	-0.0129965	-0.000876943	
2087	104.3	-0.0130173	-0.00090715	
2088	104.35	-0.0130207	-0.00090794	
2089	104.4	-0.0130219	-0.000907398	
2090	104.45	-0.0130223	-0.00090674	
2091	104.5	-0.0130312	-0.00094114	
2092	104.55	-0.0130093	-0.000911147	
2093	104.6	-0.0130059	-0.000910481	
2094	104.65	-0.0130048	-0.000911058	
2095	104.7	-0.0130044	-0.000911727	
2096	104.75	-0.0129965	-0.000876943	
2097	104.8	-0.0130173	-0.000907149	
2098	104.85	-0.0130207	-0.00090794	
2099	104.9	-0.0130219	-0.000907399	
2100	104.95	-0.0130223	-0.00090674	
2101	105	-0.0130312	-0.00094114	
2102	105.05	-0.0130093	-0.000911147	
2103	105.1	-0.0130059	-0.000910481	
2104	105.15	-0.0130048	-0.00091106	
2105	105.2	-0.0130044	-0.000911726	
2106	105.25	-0.0129965	-0.000876943	
2107	105.3	-0.0130173	-0.000907148	
2108	105.35	-0.0130207	-0.000907941	
2109	105.4	-0.0130219	-0.000907398	
2110	105.45	-0.0130223	-0.00090674	
2111	105.5	-0.0130312	-0.00094114	
2112	105.55	-0.0130093	-0.000911147	
2113	105.6	-0.0130059	-0.000910481	
2114	105.65	-0.0130048	-0.000911058	
2115	105.7	-0.0130044	-0.000911727	
2116	105.75	-0.0129966	-0.000876942	
2117	105.8	-0.0130173	-0.000907148	
2118	105.85	-0.0130207	-0.000907942	
2119	105.9	-0.0130219	-0.000907398	
2120	105.95	-0.0130223	-0.00090674	
2121	106	-0.0130312	-0.00094114	
2122	106.05	-0.0130093	-0.000911147	
2123	106.1	-0.0130059	-0.000910481	
2124	106.15	-0.0130048	-0.000911058	
2125	106.2	-0.0130044	-0.000911727	
2126	106.25	-0.0129965	-0.000876942	
2127	106.3	-0.0130173	-0.000907149	
2128	106.35	-0.0130207	-0.00090794	
2129	106.4	-0.0130219	-0.000907398	
2130	106.45	-0.0130223	-0.00090674	
2131	106.5	-0.0130312	-0.00094114	
2132	106.55	-0.0130093	-0.000911147	
2133	106.6	-0.0130059	-0.000910481	
2134	106.65	-0.0130048	-0.000911058	
2135	106.7	-0.0130044	-0.000911727	
2136	106.75	-0.0129965	-0.000876942	
2137	106.8	-0.0130173	-0.000907149	
2138	106.85	-0.0130207	-0.00090794	
2139	106.9	-0.0130219	-0.000907398	
2140	106.95	-0.0130223	-0.000906739	
2141	107	-0.0130312	-0.00094114	
2142	107.05	-0.0130093	-0.000911148	
2143	107.1	-0.0130059	-0.00091048	
2144	107.15	-0.0130048	-0.000911058	
2145	107.2	-0.0130044	-0.000911727	
2146	107.25	-0.0129965	-0.000876943	
2147	107.3	-0.0130173	-0.000907149	
2148	107.35	-0.0130207	-0.00090794	
2149	107.4	-0.0130219	-0.000907398	
2150	107.45	-0.0130223	-0.00090674	
2151	107.5	-0.0130312	-0.00094114	
2152	107.55	-0.0130093	-0.000911147	
2153	107.6	-0.0130059	-0.000910481	
2154	107.65	-0.0130048	-0.000911058	
2155	107.7	-0.0130044	-0.000911727	
2156	107.75	-0.0129965	-0.000876943	
2157	107.8	-0.0130173	-0.000907149	
2158	107.85	-0.0130207	-0.00090794	
2159	107.9	-0.0130219	-0.000907398	
2160	107.95	-0.0130223	-0.00090674	
2161	108	-0.0130312	-0.00094114	
2162	108.05	-0.0130093	-0.000911147	
2163	108.1	-0.0130059	-0.000910481	
2164	108.15	-0.0130048	-0.000911058	
2165	108.2	-0.0130044	-0.000911727	
2166	108.25	-0.0129965	-0.000876943	
2167	108.3	-0.0130173	-0.000907149	
2168	108.35	-0.0130207	-0.000907939	
2169	108.4	-0.0130219	-0.0009074	
2170	108.45	-0.0130223	-0.00090674	
2171	108.5	-0.0130312	-0.00094114	
2172	108.55	-0.0130093	-0.000911147	
2173	108.6	-0.0130059	-0.000910481	
2174	108.65	-0.0130048	-0.000911058	
2175	108.7	-0.0130044	-0.000911727	
2176	108.75	-0.0129965	-0.000876943	
2177	108.8	-0.0130173	-0.000907149	
2178	108.85	-0.0130207	-0.00090794	
2179	108.9	-0.0130219	-0.000907398	
2180	108.95	-0.0130223	-0.00090674	
2181	109	-0.0130312	-0.00094114	
2182	109.05	-0.0130093	-0.000911146	
2183	109.1	-0.0130059	-0.000910481	
2184	109.15	-0.0130048	-0.000911058	
2185	109.2	-0.0130044	-0.000911727	
2186	109.25	-0.0129965	-0.000876943	
2187	109.3	-0.0130173	-0.00090715	
2188	109.35	-0.0130207	-0.00090794	
2189	109.4	-0.0130219	-0.000907398	
2190	109.45	-0.0130223	-0.000906739	
2191	109.5	-0.0130312	-0.00094114	
2192	109.55	-0.0130093	-0.000911147	
2193	109.6	-0.0130059	-0.00091048	
2194	109.65	-0.0130048	-0.000911058	
2195	109.7	-0.0130044	-0.000911727	
2196	109.75	-0.0129965	-0.000876942	
2197	109.8	-0.0130173	-0.00090715	
2198	109.85	-0.0130207	-0.00090794	
2199	109.9	-0.0130219	-0.000907398	
2200	109.95	-0.0130223	-0.00090674	
2201	110	-0.0130312	-0.00094114	
2202	110.05	-0.0130093	-0.000911147	
2203	110.1	-0.0130059	-0.000910481	
2204	110.15	-0.0130048	-0.000911059	
2205	110.2	-0.0130044	-0.000911727	
2206	110.25	-0.0129965	-0.000876942	
2207	110.3	-0.0130173	-0.00090715	
2208	110.35	-0.0130207	-0.00090794	
2209	110.4	-0.0130219	-0.000907398	
2210	110.45	-0.0130223	-0.000906739	
2211	110.5	-0.0130312	-0.00094114	
2212	110.55	-0.0130093	-0.000911147	
2213	110.6	-0.0130059	-0.000910481	
2214	110.65	-0.0130048	-0.000911058	
2215	110.7	-0.0130044	-0.000911727	
2216	110.75	-0.0129965	-0.000876943	
2217	110.8	-0.0130173	-0.000907149	
2218	110.85	-0.0130207	-0.00090794	
2219	110.9	-0.0130219	-0.000907398	
2220	110.95	-0.0130223	-0.00090674	
2221	111	-0.0130312	-0.00094114	
2222	111.05	-0.0130093	-0.000911147	
2223	111.1	-0.0130059	-0.000910481	
2224	111.15	-0.0130048	-0.000911058	
2225	111.2	-0.0130044	-0.000911727	
2226	111.25	-0.0129965	-0.000876943	
2227	111.3	-0.0130173	-0.000907149	
2228	111.35	-0.0130207	-0.00090794	
2229	111.4	-0.0130219	-0.000907399	
2230	111.45	-0.0130223	-0.00090674	
2231	111.5	-0.0130312	-0.00094114	
2232	111.55	-0.0130093	-0.000911147	
2233	111.6	-0.0130059	-0.00091048	
2234	111.65	-0.0130048	-0.000911058	
2235	111.7	-0.0130044	-0.000911728	
2236	111.75	-0.0129965	-0.000876942	
2237	111.8	-0.0130173	-0.000907149	
2238	111.85	-0.0130207	-0.00090794	
2239	111.9	-0.0130219	-0.000907398	
2240	111.95	-0.0130223	-0.00090674	
2241	112	-0.0130312	-0.00094114	
2242	112.05	-0.0130093	-0.000911147	
2243	112.1	-0.0130059	-0.000910481	
2244	112.15	-0.0130048	-0.000911058	
2245	112.2	-0.0130044	-0.000911727	
2246	112.25	-0.0129965	-0.000876943	
2247	112.3	-0.0130173	-0.000907147	
2248	112.35	-0.0130207	-0.000907942	
2249	112.4	-0.0130219	-0.000907398	
2250	112.45	-0.0130223	-0.00090674	
2251	112.5	-0.0130312	-0.00094114	
2252	112.55	-0.0130093	-0.000911146	
2253	112.6	-0.0130059	-0.000910481	
2254	112.65	-0.0130048	-0.000911059	
2255	112.7	-0.0130044	-0.000911727	
2256	112.75	-0.0129966	-0.000876942	
2257	112.8	-0.0130173	-0.000907149	
2258	112.85	-0.0130207	-0.00090794	
2259	112.9	-0.0130219	-0.000907398	
2260	112.95	-0.0130223	-0.00090674	
2261	113	-0.0130312	-0.00094114	
2262	113.05	-0.0130093	-0.000911147	
2263	113.1	-0.0130059	-0.00091048	
2264	113.15	-0.0130048	-0.000911059	
2265	113.2	-0.0130044	-0.000911727	
2266	113.25	-0.0129965	-0.000876943	
2267	113.3	-0.0130173	-0.00090715	
2268	113.35	-0.0130207	-0.00090794	
2269	113.4	-0.0130219	-0.000907398	
2270	113.45	-0.0130223	-0.00090674	
2271	113.5	-0.0130312	-0.00094114	
2272	113.55	-0.0130093	-0.000911147	
2273	113.6	-0.0130059	-0.000910481	
2274	113.65	-0.0130048	-0.000911058	
2275	113.7	-0.0130044	-0.000911727	
2276	113.75	-0.0129965	-0.000876943	
2277	113.8	-0.0130173	-0.00090715	
2278	113.85	-0.0130207	-0.00090794	
2279	113.9	-0.0130219	-0.000907398	
2280	113.95	-0.0130223	-0.00090674	
2281	114	-0.0130312	-0.00094114	
2282	114.05	-0.0130093	-0.000911147	
2283	114.1	-0.0130059	-0.000910481	
2284	114.15	-0.0130048	-0.000911058	
2285	114.2	-0.0130044	-0.000911727	
2286	114.25	-0.0129965	-0.000876943	
2287	114.3	-0.0130173	-0.000907149	
2288	114.35	-0.0130207	-0.00090794	
2289	114.4	-0.0130219	-0.000907398	
2290	114.45	-0.0130223	-0.000906739	
2291	114.5	-0.0130312	-0.00094114	
2292	114.55	-0.0130093	-0.000911147	
2293	114.6	-0.0130059	-0.000910481	
2294	114.65	-0.0130048	-0.000911058	
2295	114.7	-0.0130044	-0.000911727	
2296	114.75	-0.0129965	-0.000876943	
2297	114.8	-0.0130173	-0.000907149	
2298	114.85	-0.0130207	-0.00090794	
2299	114.9	-0.0130219	-0.000907399	
2300	114.95	-0.0130223	-0.000906739	
2301	115	-0.0130312	-0.00094114	
2302	115.05	-0.0130093	-0.000911147	
2303	115.1	-0.0130059	-0.000910481	
2304	115.15	-0.0130048	-0.000911058	
2305	115.2	-0.0130044	-0.000911727	
2306	115.25	-0.0129965	-0.000876943	
2307	115.3	-0.0130173	-0.000907149	
2308	115.35	-0.0130207	-0.00090794	
2309	115.4	-0.0130219	-0.000907398	
2310	115.45	-0.0130223	-0.00090674	
2311	115.5	-0.0130312	-0.00094114	
2312	115.55	-0.0130093	-0.000911147	
2313	115.6	-0.0130059	-0.000910481	
2314	115.65	-0.0130048	-0.000911058	
2315	115.7	-0.0130044	-0.000911727	
2316	115.75	-0.0129965	-0.000876943	
2317	115.8	-0.0130173	-0.000907149	
2318	115.85	-0.0130207	-0.00090794	
2319	115.9	-0.0130219	-0.000907399	
2320	115.95	-0.0130223	-0.000906739	
2321	116	-0.0130312	-0.00094114	
2322	116.05	-0.0130093	-0.000911147	
2323	116.1	-0.0130059	-0.000910481	
2324	116.15	-0.0130048	-0.000911059	
2325	116.2	-0.0130044	-0.000911727	
2326	116.25	-0.0129965	-0.000876943	
2327	116.3	-0.0130173	-0.000907149	
2328	116.35	-0.0130207	-0.00090794	
2329	116.4	-0.0130219	-0.000907399	
2330	116.45	-0.0130223	-0.00090674	
2331	116.5	-0.0130312	-0.00094114	
2332	116.55	-0.0130093	-0.000911146	
2333	116.6	-0.0130059	-0.000910481	
2334	116.65	-0.0130048	-0.000911058	
2335	116.7	-0.0130044	-0.000911727	
2336	116.75	-0.0129965	-0.000876943	
2337	116.8	-0.0130173	-0.000907149	
2338	116.85	-0.0130207	-0.00090794	
2339	116.9	-0.0130219	-0.000907397	
2340	116.95	-0.0130223	-0.000906739	
2341	117	-0.0130312	-0.00094114	
2342	117.05	-0.0130093	-0.000911147	
2343	117.1	-0.0130059	-0.000910481	
2344	117.15	-0.0130048	-0.000911058	
2345	117.2	-0.0130044	-0.000911727	
2346	117.25	-0.0129965	-0.000876943	
2347	117.3	-0.0130173	-0.000907149	
2348	117.35	-0.0130207	-0.000907943	
2349	117.4	-0.0130219	-0.000907396	
2350	117.45	-0.0130223	-0.00090674	
2351	117.5	-0.0130312	-0.000941139	
2352	117.55	-0.0130093	-0.000911147	
2353	117.6	-0.0130059	-0.000910481	
2354	117.65	-0.0130048	-0.000911058	
2355	117.7	-0.0130044	-0.000911727	
2356	117.75	-0.0129965	-0.000876943	
2357	117.8	-0.0130173	-0.000907148	
2358	117.85	-0.0130207	-0.000907941	
2359	117.9	-0.0130219	-0.000907398	
2360	117.95	-0.0130223	-0.00090674	
2361	118	-0.0130312	-0.00094114	
2362	118.05	-0.0130093	-0.000911147	
2363	118.1	-0.0130059	-0.000910481	
2364	118.15	-0.0130048	-0.000911058	
2365	118.2	-0.0130044	-0.000911727	
2366	118.25	-0.0129965	-0.000876943	
2367	118.3	-0.0130173	-0.000907149	
2368	118.35	-0.0130207	-0.00090794	
2369	118.4	-0.0130219	-0.000907398	
2370	118.45	-0.0130223	-0.000906741	
2371	118.5	-0.0130312	-0.00094114	
2372	118.55	-0.0130093	-0.000911147	
2373	118.6	-0.0130059	-0.00091048	
2374	118.65	-0.0130048	-0.000911058	
2375	118.7	-0.0130044	-0.000911727	
2376	118.75	-0.0129965	-0.000876943	
2377	118.8	-0.0130173	-0.000907149	
2378	118.85	-0.0130207	-0.000907941	
2379	118.9	-0.0130219	-0.000907398	
2380	118.95	-0.0130223	-0.00090674	
2381	119	-0.0130312	-0.00094114	
2382	119.05	-0.0130093	-0.000911147	
2383	119.1	-0.0130059	-0.000910481	
2384	119.15	-0.0130048	-0.000911058	
2385	119.2	-0.0130044	-0.000911727	
2386	119.25	-0.0129965	-0.000876943	
2387	119.3	-0.0130173	-0.000907149	
2388	119.35	-0.0130207	-0.00090794	
2389	119.4	-0.0130219	-0.000907398	
2390	119.45	-0.0130223	-0.00090674	
2391	119.5	-0.0130312	-0.00094114	
2392	119.55	-0.0130093	-0.000911147	
2393	119.6	-0.0130059	-0.000910479	
2394	119.65	-0.0130048	-0.000911059	
2395	119.7	-0.0130044	-0.000911727	
2396	119.75	-0.0129965	-0.000876943	
2397	119.8	-0.0130173	-0.000907149	
2398	119.85	-0.0130207	-0.00090794	
2399	119.9	-0.0130219	-0.000907398	
2400	119.95	-0.0130223	-0.00090674	
2401	120	-0.0130312	-0.00094114	
2402	120.05	-0.0130093	-0.000911147	
2403	120.1	-0.0130059	-0.000910481	
2404	120.15	-0.0130048	-0.000911058	
2405	120.2	-0.0130044	-0.000911727	
2406	120.25	-0.0129965	-0.000876943	
2407	120.3	-0.0130173	-0.000907149	
2408	120.35	-0.0130207	-0.00090794	
2409	120.4	-0.0130219	-0.000907397	
2410	120.45	-0.0130223	-0.00090674	
2411	120.5	-0.0130312	-0.00094114	
2412	120.55	-0.0130093	-0.000911147	
2413	120.6	-0.0130059	-0.000910481	
2414	120.65	-0.0130048	-0.000911058	
2415	120.7	-0.0130044	-0.000911727	
2416	120.75	-0.0129965	-0.000876943	
2417	120.8	-0.0130173	-0.000907149	
2418	120.85	-0.0130207	-0.00090794	
2419	120.9	-0.0130219	-0.000907398	
2420	120.95	-0.0130223	-0.00090674	
2421	121	-0.0130312	-0.00094114	
2422	121.05	-0.0130093	-0.000911147	
2423	121.1	-0.0130059	-0.00091048	
2424	121.15	-0.0130048	-0.000911058	
2425	121.2	-0.0130044	-0.000911727	
2426	121.25	-0.0129965	-0.000876942	
2427	121.3	-0.0130173	-0.000907149	
2428	121.35	-0.0130207	-0.00090794	
2429	121.4	-0.0130219	-0.000907398	
2430	121.45	-0.0130223	-0.00090674	
2431	121.5	-0.0130312	-0.00094114	
2432	121.55	-0.0130093	-0.000911147	
2433	121.6	-0.0130059	-0.000910481	
2434	121.65	-0.0130048	-0.000911059	
2435	121.7	-0.0130044	-0.000911727	
2436	121.75	-0.0129966	-0.000876943	
2437	121.8	-0.0130173	-0.000907148	
2438	121.85	-0.0130207	-0.000907941	
2439	121.9	-0.0130219	-0.000907398	
2440	121.95	-0.0130223	-0.000906739	
2441	122	-0.0130312	-0.00094114	
2442	122.05	-0.0130093	-0.000911147	
2443	122.1	-0.0130059	-0.000910481	
2444	122.15	-0.0130048	-0.000911059	
2445	122.2	-0.0130044	-0.000911727	
2446	122.25	-0.0129966	-0.000876943	
2447	122.3	-0.0130173	-0.000907149	
2448	122.35	-0.0130207	-0.00090794	
2449	122.4	-0.0130219	-0.000907398	
2450	122.45	-0.0130223	-0.00090674	
2451	122.5	-0.0130312	-0.00094114	
2452	122.55	-0.0130093	-0.000911147	
2453	122.6	-0.0130059	-0.000910481	
2454	122.65	-0.0130048	-0.000911059	
2455	122.7	-0.0130044	-0.000911727	
2456	122.75	-0.0129965	-0.000876943	
2457	122.8	-0.0130173	-0.000907149	
2458	122.85	-0.0130207	-0.00090794	
2459	122.9	-0.0130219	-0.000907398	
2460	122.95	-0.0130223	-0.000906739	
2461	123	-0.0130312	-0.00094114	
2462	123.05	-0.0130093	-0.000911147	
2463	123.1	-0.0130059	-0.000910481	
2464	123.15	-0.0130048	-0.000911058	
2465	123.2	-0.0130044	-0.000911728	
2466	123.25	-0.0129965	-0.000876943	
2467	123.3	-0.0130173	-0.000907149	
2468	123.35	-0.0130207	-0.00090794	
2469	123.4	-0.0130219	-0.000907399	
2470	123.45	-0.0130223	-0.000906739	
2471	123.5	-0.0130312	-0.00094114	
2472	123.55	-0.0130093	-0.000911147	
2473	123.6	-0.0130059	-0.000910481	
2474	123.65	-0.0130048	-0.000911057	
2475	123.7	-0.0130044	-0.000911728	
2476	123.75	-0.0129965	-0.000876942	
2477	123.8	-0.0130173	-0.00090715	
2478	123.85	-0.0130207	-0.00090794	
2479	123.9	-0.0130219	-0.000907398	
2480	123.95	-0.0130223	-0.00090674	
2481	124	-0.0130312	-0.00094114	
2482	124.05	-0.0130093	-0.000911147	
2483	124.1	-0.0130059	-0.000910481	
2484	124.15	-0.0130048	-0.000911058	
2485	124.2	-0.0130044	-0.000911727	
2486	124.25	-0.0129965	-0.000876943	
2487	124.3	-0.0130173	-0.000907149	
2488	124.35	-0.0130207	-0.00090794	
2489	124.4	-0.0130219	-0.000907398	
2490	124.45	-0.0130223	-0.00090674	
2491	124.5	-0.0130312	-0.00094114	
2492	124.55	-0.0130093	-0.000911147	
2493	124.6	-0.0130059	-0.000910481	
2494	124.65	-0.0130048	-0.000911058	
2495	124.7	-0.0130044	-0.000911727	
2496	124.75	-0.0129965	-0.000876943	
2497	124.8	-0.0130173	-0.000907149	
2498	124.85	-0.0130207	-0.00090794	
2499	124.9	-0.0130219	-0.000907398	
2500	124.95	-0.0130223	-0.000906739	
2501	125	-0.0130312	-0.00094114	
2502	125.05	-0.0130093	-0.000911147	
2503	125.1	-0.0130059	-0.00091048	
2504	125.15	-0.0130048	-0.000911059	
2505	125.2	-0.0130044	-0.000911727	
2506	125.25	-0.0129965	-0.000876943	
2507	125.3	-0.0130173	-0.000907149	
2508	125.35	-0.0130207	-0.00090794	
2509	125.4	-0.0130219	-0.000907398	
2510	125.45	-0.0130223	-0.00090674	
2511	125.5	-0.0130312	-0.00094114	
2512	125.55	-0.0130093	-0.000911147	
2513	125.6	-0.0130059	-0.000910481	
2514	125.65	-0.0130048	-0.000911058	
2515	125.7	-0.0130044	-0.000911728	
2516	125.75	-0.0129965	-0.000876942	
2517	125.8	-0.0130173	-0.00090715	
2518	125.85	-0.0130207	-0.00090794	
2519	125.9	-0.0130219	-0.000907398	
2520	125.95	-0.0130223	-0.00090674	
2521	126	-0.0130312	-0.00094114	
2522	126.05	-0.0130093	-0.000911147	
2523	126.1	-0.0130059	-0.000910481	
2524	126.15	-0.0130048	-0.000911059	
2525	126.2	-0.0130044	-0.000911727	
2526	126.25	-0.0129965	-0.000876943	
2527	126.3	-0.0130173	-0.000907149	
2528	126.35	-0.0130207	-0.00090794	
2529	126.4	-0.0130219	-0.000907399	
2530	126.45	-0.0130223	-0.00090674	
2531	126.5	-0.0130312	-0.00094114	
2532	126.55	-0.0130093	-0.000911147	
2533	126.6	-0.0130059	-0.000910481	
2534	126.65	-0.0130048	-0.000911059	
2535	126.7	-0.0130044	-0.000911727	
2536	126.75	-0.0129965	-0.000876943	
2537	126.8	-0.0130173	-0.000907149	
2538	126.85	-0.0130207	-0.00090794	
2539	126.9	-0.0130219	-0.000907398	
2540	126.95	-0.0130223	-0.00090674	
2541	127	-0.0130312	-0.00094114	
2542	127.05	-0.0130093	-0.000911147	
2543	127.1	-0.0130059	-0.000910481	
2544	127.15	-0.0130048	-0.000911058	
2545	127.2	-0.0130044	-0.000911727	
2546	127.25	-0.0129965	-0.000876942	
2547	127.3	-0.0130174	-0.000907149	
2548	127.35	-0.0130207	-0.000907941	
2549	127.4	-0.0130219	-0.000907398	
2550	127.45	-0.0130223	-0.00090674	
2551	127.5	-0.0130312	-0.00094114	
2552	127.55	-0.0130093	-0.000911146	
2553	127.6	-0.0130059	-0.000910481	
2554	127.65	-0.0130048	-0.000911059	
2555	127.7	-0.0130044	-0.000911727	
2556	127.75	-0.0129965	-0.000876942	
2557	127.8	-0.0130173	-0.000907149	
2558	127.85	-0.0130207	-0.00090794	
2559	127.9	-0.0130219	-0.000907398	
2560	127.95	-0.0130223	-0.00090674	
2561	128	-0.0130312	-0.000941141	
2562	128.05	-0.0130093	-0.000911148	
2563	128.1	-0.0130059	-0.000910479	
2564	128.15	-0.0130048	-0.000911058	
2565	128.2	-0.0130044	-0.000911726	
2566	128.25	-0.0129965	-0.000876943	
2567	128.3	-0.0130173	-0.000907149	
2568	128.35	-0.0130207	-0.000907941	
2569	128.4	-0.0130219	-0.000907398	
2570	128.45	-0.0130223	-0.00090674	
2571	128.5	-0.0130312	-0.00094114	
2572	128.55	-0.0130093	-0.000911147	
2573	128.6	-0.0130059	-0.000910481	
2574	128.65	-0.0130048	-0.000911058	
2575	128.7	-0.0130044	-0.000911727	
2576	128.75	-0.0129965	-0.000876943	
2577	128.8	-0.0130173	-0.000907149	
2578	128.85	-0.0130207	-0.000907941	
2579	128.9	-0.0130219	-0.000907399	
2580	128.95	-0.0130223	-0.000906739	
2581	129	-0.0130312	-0.00094114	
2582	129.05	-0.0130093	-0.000911148	
2583	129.1	-0.0130059	-0.00091048	
2584	129.15	-0.0130048	-0.000911057	
2585	129.2	-0.0130044	-0.000911728	
2586	129.25	-0.0129965	-0.000876943	
2587	129.3	-0.0130173	-0.000907147	
2588	129.35	-0.0130207	-0.000907942	
2589	129.4	-0.0130219	-0.000907398	
2590	129.45	-0.0130223	-0.00090674	
2591	129.5	-0.0130312	-0.00094114	
2592	129.55	-0.0130093	-0.000911147	
2593	129.6	-0.0130059	-0.000910481	
2594	129.65	-0.0130048	-0.000911058	
2595	129.7	-0.0130044	-0.000911727	
2596	129.75	-0.0129965	-0.000876943	
2597	129.8	-0.0130173	-0.000907149	
2598	129.85	-0.0130207	-0.00090794	
2599	129.9	-0.0130219	-0.000907398	
2600	129.95	-0.0130223	-0.00090674	
2601	130	-0.0130312	-0.00094114	
2602	130.05	-0.0130093	-0.000911147	
2603	130.1	-0.0130059	-0.000910481	
2604	130.15	-0.0130048	-0.000911058	
2605	130.2	-0.0130044	-0.000911727	
2606	130.25	-0.0129965	-0.000876943	
2607	130.3	-0.0130173	-0.000907146	
2608	130.35	-0.0130207	-0.000907943	
2609	130.4	-0.0130219	-0.000907398	
2610	130.45	-0.0130223	-0.00090674	
2611	130.5	-0.0130312	-0.00094114	
2612	130.55	-0.0130093	-0.000911147	
2613	130.6	-0.0130059	-0.000910481	
2614	130.65	-0.0130048	-0.000911058	
2615	130.7	-0.0130044	-0.000911727	
2616	130.75	-0.0129965	-0.000876943	
2617	130.8	-0.0130173	-0.00090715	
2618	130.85	-0.0130207	-0.000907939	
2619	130.9	-0.0130219	-0.000907398	
2620	130.95	-0.0130223	-0.00090674	
2621	131	-0.0130312	-0.000941139	
2622	131.05	-0.0130093	-0.000911147	
2623	131.1	-0.0130059	-0.000910481	
2624	131.15	-0.0130048	-0.000911058	
2625	131.2	-0.0130044	-0.000911728	
2626	131.25	-0.0129965	-0.000876943	
2627	131.3	-0.0130173	-0.000907149	
2628	131.35	-0.0130207	-0.00090794	
2629	131.4	-0.0130219	-0.000907399	
2630	131.45	-0.0130223	-0.00090674	
2631	131.5	-0.0130312	-0.00094114	
2632	131.55	-0.0130093	-0.000911147	
2633	131.6	-0.0130059	-0.000910481	
2634	131.65	-0.0130048	-0.000911058	
2635	131.7	-0.0130044	-0.000911727	
2636	131.75	-0.0129965	-0.000876943	
2637	131.8	-0.0130173	-0.000907149	
2638	131.85	-0.0130207	-0.00090794	
2639	131.9	-0.0130219	-0.000907398	
2640	131.95	-0.0130223	-0.00090674	
2641	132	-0.0130312	-0.00094114	
2642	132.05	-0.0130093	-0.000911147	
2643	132.1	-0.0130059	-0.000910481	
2644	132.15	-0.0130048	-0.000911058	
2645	132.2	-0.0130044	-0.000911728	
2646	132.25	-0.0129965	-0.000876943	
2647	132.3	-0.0130173	-0.000907148	
2648	132.35	-0.0130207	-0.000907941	
2649	132.4	-0.0130219	-0.000907398	
2650	132.45	-0.0130223	-0.00090674	
2651	132.5	-0.0130312	-0.00094114	
2652	132.55	-0.0130093	-0.000911147	
2653	132.6	-0.0130059	-0.000910481	
2654	132.65	-0.0130048	-0.000911058	
2655	132.7	-0.0130044	-0.000911727	
2656	132.75	-0.0129965	-0.000876943	
2657	132.8	-0.0130173	-0.000907149	
2658	132.85	-0.0130207	-0.000907938	
2659	132.9	-0.0130219	-0.0009074	
2660	132.95	-0.0130223	-0.00090674	
2661	133	-0.0130312	-0.00094114	
2662	133.05	-0.0130093	-0.000911147	
2663	133.1	-0.0130059	-0.000910481	
2664	133.15	-0.0130048	-0.000911058	
2665	133.2	-0.0130044	-0.000911727	
2666	133.25	-0.0129965	-0.000876942	
2667	133.3	-0.0130173	-0.00090715	
2668	133.35	-0.0130207	-0.00090794	
2669	133.4	-0.0130219	-0.000907398	
2670	133.45	-0.0130223	-0.000906739	
2671	133.5	-0.0130312	-0.00094114	
2672	133.55	-0.0130093	-0.000911147	
2673	133.6	-0.0130059	-0.000910481	
2674	133.65	-0.0130048	-0.000911058	
2675	133.7	-0.0130044	-0.000911728	
2676	133.75	-0.0129965	-0.000876943	
2677	133.8	-0.0130173	-0.000907148	
2678	133.85	-0.0130207	-0.000907942	
2679	133.9	-0.0130219	-0.000907398	
2680	133.95	-0.0130223	-0.00090674	
2681	134	-0.0130312	-0.00094114	
2682	134.05	-0.0130093	-0.000911147	
2683	134.1	-0.0130059	-0.00091048	
2684	134.15	-0.0130048	-0.000911058	
2685	134.2	-0.0130044	-0.000911727	
2686	134.25	-0.0129965	-0.000876943	
2687	134.3	-0.0130173	-0.000907148	
2688	134.35	-0.0130207	-0.00090794	
2689	134.4	-0.0130219	-0.000907398	
2690	134.45	-0.0130223	-0.00090674	
2691	134.5	-0.0130312	-0.00094114	
2692	134.55	-0.0130093	-0.000911146	
2693	134.6	-0.0130059	-0.000910481	
2694	134.65	-0.0130048	-0.000911058	
2695	134.7	-0.0130044	-0.000911727	
2696	134.75	-0.0129965	-0.000876942	
2697	134.8	-0.0130173	-0.000907149	
2698	134.85	-0.0130207	-0.00090794	
2699	134.9	-0.0130219	-0.000907398	
2700	134.95	-0.0130223	-0.00090674	
2701	135	-0.0130312	-0.00094114	
2702	135.05	-0.0130093	-0.000911147	
2703	135.1	-0.0130059	-0.000910481	
2704	135.15	-0.0130048	-0.000911058	
2705	135.2	-0.0130044	-0.000911727	
2706	135.25	-0.0129965	-0.000876943	
2707	135.3	-0.0130173	-0.000907149	
2708	135.35	-0.0130207	-0.000907941	
2709	135.4	-0.0130219	-0.000907397	
2710	135.45	-0.0130223	-0.000906739	
2711	135.5	-0.0130312	-0.00094114	
2712	135.55	-0.0130093	-0.000911147	
2713	135.6	-0.0130059	-0.000910481	
2714	135.65	-0.0130048	-0.000911058	
2715	135.7	-0.0130044	-0.000911727	
2716	135.75	-0.0129965	-0.000876943	
2717	135.8	-0.0130173	-0.000907149	
2718	135.85	-0.0130207	-0.00090794	
2719	135.9	-0.0130219	-0.000907399	
2720	135.95	-0.0130223	-0.00090674	
2721	136	-0.0130312	-0.00094114	
2722	136.05	-0.0130093	-0.000911147	
2723	136.1	-0.0130059	-0.000910481	
2724	136.15	-0.0130048	-0.000911058	
2725	136.2	-0.0130044	-0.000911727	
2726	136.25	-0.0129965	-0.000876943	
2727	136.3	-0.0130173	-0.000907148	
2728	136.35	-0.0130207	-0.000907941	
2729	136.4	-0.0130219	-0.000907398	
2730	136.45	-0.0130223	-0.00090674	
2731	136.5	-0.0130312	-0.00094114	
2732	136.55	-0.0130093	-0.000911146	
2733	136.6	-0.0130059	-0.000910481	
2734	136.65	-0.0130048	-0.000911058	
2735	136.7	-0.0130044	-0.000911727	
2736	136.75	-0.0129965	-0.000876942	
2737	136.8	-0.0130173	-0.000907149	
2738	136.85	-0.0130207	-0.00090794	
2739	136.9	-0.0130219	-0.000907398	
2740	136.95	-0.0130223	-0.000906741	
2741	137	-0.0130312	-0.000941139	
2742	137.05	-0.0130093	-0.000911147	
2743	137.1	-0.0130059	-0.00091048	
2744	137.15	-0.0130048	-0.000911058	
2745	137.2	-0.0130044	-0.000911726	
2746	137.25	-0.0129965	-0.000876943	
2747	137.3	-0.0130173	-0.000907149	
2748	137.35	-0.0130207	-0.000907939	
2749	137.4	-0.0130219	-0.000907399	
2750	137.45	-0.0130223	-0.00090674	
2751	137.5	-0.0130312	-0.00094114	
2752	137.55	-0.0130093	-0.000911147	
2753	137.6	-0.0130059	-0.000910481	
2754	137.65	-0.0130048	-0.000911058	
2755	137.7	-0.0130044	-0.000911727	
2756	137.75	-0.0129965	-0.000876943	
2757	137.8	-0.0130173	-0.000907149	
2758	137.85	-0.0130207	-0.00090794	
2759	137.9	-0.0130219	-0.000907398	
2760	137.95	-0.0130223	-0.00090674	
2761	138	-0.0130312	-0.00094114	
2762	138.05	-0.0130093	-0.000911147	
2763	138.1	-0.0130059	-0.00091048	
2764	138.15	-0.0130048	-0.000911059	
2765	138.2	-0.0130044	-0.000911727	
2766	138.25	-0.0129965	-0.000876943	
2767	138.3	-0.0130173	-0.000907149	
2768	138.35	-0.0130207	-0.00090794	
2769	138.4	-0.0130219	-0.000907398	
2770	138.45	-0.0130223	-0.00090674	
2771	138.5	-0.0130312	-0.00094114	
2772	138.55	-0.0130093	-0.000911147	
2773	138.6	-0.0130059	-0.000910481	
2774	138.65	-0.0130048	-0.000911058	
2775	138.7	-0.0130044	-0.000911727	
2776	138.75	-0.0129965	-0.000876943	
2777	138.8	-0.0130173	-0.000907149	
2778	138.85	-0.0130207	-0.000907941	
2779	138.9	-0.0130219	-0.000907398	
2780	138.95	-0.0130223	-0.000906739	
2781	139	-0.0130312	-0.00094114	
2782	139.05	-0.0130093	-0.000911147	
2783	139.1	-0.0130059	-0.000910481	
2784	139.15	-0.0130048	-0.000911058	
2785	139.2	-0.0130044	-0.000911727	
2786	139.25	-0.0129965	-0.000876943	
2787	139.3	-0.0130173	-0.000907149	
2788	139.35	-0.0130207	-0.000907939	
2789	139.4	-0.0130219	-0.000907397	
2790	139.45	-0.0130223	-0.00090674	
2791	139.5	-0.0130312	-0.00094114	
2792	139.55	-0.0130093	-0.000911147	
2793	139.6	-0.0130059	-0.000910481	
2794	139.65	-0.0130048	-0.000911058	
2795	139.7	-0.0130044	-0.000911728	
2796	139.75	-0.0129965	-0.000876943	
2797	139.8	-0.0130173	-0.000907149	
2798	139.85	-0.0130207	-0.00090794	
2799	139.9	-0.0130219	-0.000907399	
2800	139.95	-0.0130223	-0.000906739	
2801	140	-0.0130312	-0.00094114	
2802	140.05	-0.0130093	-0.000911148	
2803	140.1	-0.0130059	-0.00091048	
2804	140.15	-0.0130048	-0.000911058	
2805	140.2	-0.0130044	-0.000911727	
2806	140.25	-0.0129965	-0.000876943	
2807	140.3	-0.0130173	-0.000907149	
2808	140.35	-0.0130207	-0.00090794	
2809	140.4	-0.0130219	-0.000907398	
2810	140.45	-0.0130223	-0.00090674	
2811	140.5	-0.0130312	-0.00094114	
2812	140.55	-0.0130093	-0.000911147	
2813	140.6	-0.0130059	-0.00091048	
2814	140.65	-0.0130048	-0.000911059	
2815	140.7	-0.0130044	-0.000911727	
2816	140.75	-0.0129965	-0.000876943	
2817	140.8	-0.0130173	-0.00090715	
2818	140.85	-0.0130207	-0.00090794	
2819	140.9	-0.0130219	-0.000907398	
2820	140.95	-0.0130223	-0.00090674	
2821	141	-0.0130312	-0.00094114	
2822	141.05	-0.0130093	-0.000911147	
2823	141.1	-0.0130059	-0.000910481	
2824	141.15	-0.0130048	-0.000911058	
2825	141.2	-0.0130044	-0.000911727	
2826	141.25	-0.0129965	-0.000876943	
2827	141.3	-0.0130173	-0.000907149	
2828	141.35	-0.0130207	-0.00090794	
2829	141.4	-0.0130219	-0.000907398	
2830	141.45	-0.0130223	-0.00090674	
2831	141.5	-0.0130312	-0.00094114	
2832	141.55	-0.0130093	-0.000911147	
2833	141.6	-0.0130059	-0.000910481	
2834	141.65	-0.0130048	-0.000911058	
2835	141.7	-0.0130044	-0.000911727	
2836	141.75	-0.0129965	-0.000876942	
2837	141.8	-0.0130173	-0.000907149	
2838	141.85	-0.0130207	-0.00090794	
2839	141.9	-0.0130219	-0.000907398	
2840	141.95	-0.0130223	-0.00090674	
2841	142	-0.0130312	-0.00094114	
2842	142.05	-0.0130093	-0.000911147	
2843	142.1	-0.0130059	-0.00091048	
2844	142.15	-0.0130048	-0.000911058	
2845	142.2	-0.0130044	-0.000911727	
2846	142.25	-0.0129965	-0.000876942	
2847	142.3	-0.0130173	-0.00090715	
2848	142.35	-0.0130207	-0.00090794	
2849	142.4	-0.0130219	-0.000907398	
2850	142.45	-0.0130223	-0.00090674	
2851	142.5	-0.0130312	-0.00094114	
2852	142.55	-0.0130093	-0.000911147	
2853	142.6	-0.0130059	-0.000910481	
2854	142.65	-0.0130048	-0.000911058	
2855	142.7	-0.0130044	-0.000911727	
2856	142.75	-0.0129965	-0.000876943	
2857	142.8	-0.0130173	-0.000907149	
2858	142.85	-0.0130207	-0.000907941	
2859	142.9	-0.0130219	-0.000907397	
2860	142.95	-0.0130223	-0.000906739	
2861	143	-0.0130312	-0.00094114	
2862	143.05	-0.0130093	-0.000911147	
2863	143.1	-0.0130059	-0.00091048	
2864	143.15	-0.0130048	-0.000911059	
2865	143.2	-0.0130044	-0.000911727	
2866	143.25	-0.0129965	-0.000876943	
2867	143.3	-0.0130173	-0.000907149	
2868	143.35	-0.0130207	-0.000907941	
2869	143.4	-0.0130219	-0.000907397	
2870	143.45	-0.0130223	-0.00090674	
2871	143.5	-0.0130312	-0.00094114	
2872	143.55	-0.0130093	-0.000911147	
2873	143.6	-0.0130059	-0.000910481	
2874	143.65	-0.0130048	-0.000911058	
2875	143.7	-0.0130044	-0.000911727	
2876	143.75	-0.0129965	-0.000876943	
2877	143.8	-0.0130173	-0.000907149	
2878	143.85	-0.0130207	-0.000907941	
2879	143.9	-0.0130219	-0.000907398	
2880	143.95	-0.0130223	-0.00090674	
2881	144	-0.0130312	-0.00094114	
2882	144.05	-0.0130093	-0.000911147	
2883	144.1	-0.0130059	-0.000910481	
2884	144.15	-0.0130048	-0.000911058	
2885	144.2	-0.0130044	-0.000911727	
2886	144.25	-0.0129965	-0.000876943	
2887	144.3	-0.0130173	-0.000907147	
2888	144.35	-0.0130207	-0.000907942	
2889	144.4	-0.0130219	-0.000907398	
2890	144.45	-0.0130223	-0.00090674	
2891	144.5	-0.0130312	-0.00094114	
2892	144.55	-0.0130093	-0.000911147	
2893	144.6	-0.0130059	-0.000910481	
2894	144.65	-0.0130048	-0.000911058	
2895	144.7	-0.0130044	-0.000911727	
2896	144.75	-0.0129966	-0.000876943	
2897	144.8	-0.0130173	-0.000907149	
2898	144.85	-0.0130207	-0.00090794	
2899	144.9	-0.0130219	-0.000907398	
2900	144.95	-0.0130223	-0.000906739	
2901	145	-0.0130312	-0.00094114	
2902	145.05	-0.0130093	-0.000911147	
2903	145.1	-0.0130059	-0.000910481	
2904	145.15	-0.0130048	-0.000911058	
2905	145.2	-0.0130044	-0.000911727	
2906	145.25	-0.0129965	-0.000876943	
2907	145.3	-0.0130173	-0.000907149	
2908	145.35	-0.0130207	-0.000907941	
2909	145.4	-0.0130219	-0.000907398	
2910	145.45	-0.0130223	-0.00090674	
2911	145.5	-0.0130312	-0.00094114	
2912	145.55	-0.0130093	-0.000911147	
2913	145.6	-0.0130059	-0.000910481	
2914	145.65	-0.0130048	-0.000911058	
2915	145.7	-0.0130044	-0.000911727	
2916	145.75	-0.0129965	-0.000876942	
2917	145.8	-0.0130173	-0.000907149	
2918	145.85	-0.0130207	-0.00090794	
2919	145.9	-0.0130219	-0.000907398	
2920	145.95	-0.0130223	-0.00090674	
2921	146	-0.0130312	-0.00094114	
2922	146.05	-0.0130093	-0.000911147	
2923	146.1	-0.0130059	-0.000910481	
2924	146.15	-0.0130048	-0.000911058	
2925	146.2	-0.0130044	-0.000911727	
2926	146.25	-0.0129965	-0.000876943	
2927	146.3	-0.0130173	-0.000907149	
2928	146.35	-0.0130207	-0.000907939	
2929	146.4	-0.0130219	-0.000907399	
2930	146.45	-0.0130223	-0.00090674	
2931	146.5	-0.0130312	-0.00094114	
2932	146.55	-0.0130093	-0.000911147	
2933	146.6	-0.0130059	-0.00091048	
2934	146.65	-0.0130048	-0.000911059	
2935	146.7	-0.0130044	-0.000911726	
2936	146.75	-0.0129965	-0.000876943	
2937	146.8	-0.0130173	-0.000907149	
2938	146.85	-0.0130207	-0.00090794	
2939	146.9	-0.0130219	-0.000907398	
2940	146.95	-0.0130223	-0.00090674	
2941	147	-0.0130312	-0.00094114	
2942	147.05	-0.0130093	-0.000911146	
2943	147.1	-0.0130059	-0.00091048	
2944	147.15	-0.0130048	-0.000911058	
2945	147.2	-0.0130044	-0.000911727	
2946	147.25	-0.0129965	-0.000876943	
2947	147.3	-0.0130173	-0.000907149	
2948	147.35	-0.0130207	-0.00090794	
2949	147.4	-0.0130219	-0.000907398	
2950	147.45	-0.0130223	-0.00090674	
2951	147.5	-0.0130312	-0.00094114	
2952	147.55	-0.0130093	-0.000911147	
2953	147.6	-0.0130059	-0.000910481	
2954	147.65	-0.0130048	-0.000911058	
2955	147.7	-0.0130044	-0.000911727	
2956	147.75	-0.0129965	-0.000876943	
2957	147.8	-0.0130173	-0.000907149	
2958	147.85	-0.0130207	-0.00090794	
2959	147.9	-0.0130219	-0.000907399	
2960	147.95	-0.0130223	-0.00090674	
2961	148	-0.0130312	-0.00094114	
2962	148.05	-0.0130093	-0.000911147	
2963	148.1	-0.0130059	-0.000910481	
2964	148.15	-0.0130048	-0.000911059	
2965	148.2	-0.0130044	-0.000911727	
2966	148.25	-0.0129965	-0.000876943	
2967	148.3	-0.0130173	-0.000907149	
2968	148.35	-0.0130207	-0.00090794	
2969	148.4	-0.0130219	-0.000907398	
2970	148.45	-0.0130223	-0.00090674	
2971	148.5	-0.0130312	-0.00094114	
2972	148.55	-0.0130093	-0.000911147	
2973	148.6	-0.0130059	-0.000910481	
2974	148.65	-0.0130048	-0.000911058	
2975	148.7	-0.0130044	-0.000911727	
2976	148.75	-0.0129965	-0.000876944	
2977	148.8	-0.0130173	-0.000907149	
2978	148.85	-0.0130207	-0.000907941	
2979	148.9	-0.0130219	-0.000907398	
2980	148.95	-0.0130223	-0.00090674	
2981	149	-0.0130312	-0.00094114	
2982	149.05	-0.0130093	-0.000911147	
2983	149.1	-0.0130059	-0.000910481	
2984	149.15	-0.0130048	-0.000911059	
2985	149.2	-0.0130044	-0.000911727	
2986	149.25	-0.0129965	-0.000876943	
2987	149.3	-0.0130173	-0.000907149	
2988	149.35	-0.0130207	-0.00090794	
2989	149.4	-0.0130219	-0.000907398	
2990	149.45	-0.0130223	-0.00090674	
2991	149.5	-0.0130312	-0.00094114	
2992	149.55	-0.0130093	-0.000911147	
2993	149.6	-0.0130059	-0.00091048	
2994	149.65	-0.0130048	-0.000911058	
2995	149.7	-0.0130044	-0.000911727	
2996	149.75	-0.0129965	-0.000876943	
2997	149.8	-0.0130173	-0.000907149	
2998	149.85	-0.0130207	-0.000907941	
2999	149.9	-0.0130219	-0.000907398	
3000	149.95	-0.0130223	-0.00090674	
3001	150	-0.0130312	-0.00094114	
3002	150.05	-0.0130093	-0.000911147	
3003	150.1	-0.0130059	-0.000910481	
3004	150.15	-0.0130048	-0.000911058	
3005	150.2	-0.0130044	-0.000911727	
3006	150.25	-0.0129965	-0.000876942	
3007	150.3	-0.0130173	-0.00090715	
3008	150.35	-0.0130207	-0.00090794	
3009	150.4	-0.0130219	-0.000907398	
3010	150.45	-0.0130223	-0.00090674	
3011	150.5	-0.0130312	-0.00094114	
3012	150.55	-0.0130093	-0.000911147	
3013	150.6	-0.0130059	-0.000910481	
3014	150.65	-0.0130048	-0.000911059	
3015	150.7	-0.0130044	-0.000911727	
3016	150.75	-0.0129966	-0.000876942	
3017	150.8	-0.0130173	-0.000907149	
3018	150.85	-0.0130207	-0.000907941	
3019	150.9	-0.0130219	-0.000907398	
3020	150.95	-0.0130223	-0.00090674	
3021	151	-0.0130312	-0.00094114	
3022	151.05	-0.0130093	-0.000911147	
3023	151.1	-0.0130059	-0.000910481	
3024	151.15	-0.0130048	-0.000911058	
3025	151.2	-0.0130044	-0.000911728	
3026	151.25	-0.0129965	-0.000876943	
3027	151.3	-0.0130173	-0.000907147	
3028	151.35	-0.0130207	-0.000907941	
3029	151.4	-0.0130219	-0.000907398	
3030	151.45	-0.0130223	-0.000906741	
3031	151.5	-0.0130312	-0.00094114	
3032	151.55	-0.0130093	-0.000911147	
3033	151.6	-0.0130059	-0.000910481	
3034	151.65	-0.0130048	-0.000911058	
3035	151.7	-0.0130044	-0.000911727	
3036	151.75	-0.0129965	-0.000876943	
3037	151.8	-0.0130173	-0.000907148	
3038	151.85	-0.0130207	-0.000907945	
3039	151.9	-0.0130219	-0.000907394	
3040	151.95	-0.0130223	-0.00090674	
3041	152	-0.0130312	-0.00094114	
3042	152.05	-0.0130093	-0.000911147	
3043	152.1	-0.0130059	-0.000910481	
3044	152.15	-0.0130048	-0.000911058	
3045	152.2	-0.0130044	-0.000911727	
3046	152.25	-0.0129965	-0.000876943	
3047	152.3	-0.0130173	-0.000907147	
3048	152.35	-0.0130207	-0.000907942	
3049	152.4	-0.0130219	-0.000907398	
3050	152.45	-0.0130223	-0.00090674	
3051	152.5	-0.0130312	-0.00094114	
3052	152.55	-0.0130093	-0.000911147	
3053	152.6	-0.0130059	-0.00091048	
3054	152.65	-0.0130048	-0.000911058	
3055	152.7	-0.0130044	-0.000911728	
3056	152.75	-0.0129965	-0.000876941	
3057	152.8	-0.0130173	-0.00090715	
3058	152.85	-0.0130207	-0.000907941	
3059	152.9	-0.0130219	-0.000907398	
3060	152.95	-0.0130223	-0.00090674	
3061	153	-0.0130312	-0.00094114	
3062	153.05	-0.0130093	-0.000911147	
3063	153.1	-0.0130059	-0.000910481	
3064	153.15	-0.0130048	-0.000911058	
3065	153.2	-0.0130044	-0.000911727	
3066	153.25	-0.0129965	-0.000876943	
3067	153.3	-0.0130173	-0.000907148	
3068	153.35	-0.0130207	-0.00090794	
3069	153.4	-0.0130219	-0.000907398	
3070	153.45	-0.0130223	-0.000906741	
3071	153.5	-0.0130312	-0.00094114	
3072	153.55	-0.0130093	-0.000911147	
3073	153.6	-0.0130059	-0.000910481	
3074	153.65	-0.0130048	-0.000911058	
3075	153.7	-0.0130044	-0.000911727	
3076	153.75	-0.0129965	-0.000876943	
3077	153.8	-0.0130173	-0.000907149	
3078	153.85	-0.0130207	-0.00090794	
3079	153.9	-0.0130219	-0.000907398	
3080	153.95	-0.0130223	-0.00090674	
3081	154	-0.0130312	-0.00094114	
3082	154.05	-0.0130093	-0.000911147	
3083	154.1	-0.0130059	-0.000910481	
3084	154.15	-0.0130048	-0.000911058	
3085	154.2	-0.0130044	-0.000911727	
3086	154.25	-0.0129965	-0.000876943	
3087	154.3	-0.0130173	-0.000907149	
3088	154.35	-0.0130207	-0.00090794	
3089	154.4	-0.0130219	-0.000907398	
3090	154.45	-0.0130223	-0.00090674	
3091	154.5	-0.0130312	-0.00094114	
3092	154.55	-0.0130093	-0.000911147	
3093	154.6	-0.0130059	-0.000910481	
3094	154.65	-0.0130048	-0.000911058	
3095	154.7	-0.0130044	-0.000911728	
3096	154.75	-0.0129965	-0.000876943	
3097	154.8	-0.0130173	-0.000907149	
3098	154.85	-0.0130207	-0.00090794	
3099	154.9	-0.0130219	-0.000907398	
3100	154.95	-0.0130223	-0.00090674	
3101	155	-0.0130312	-0.000941141	
3102	155.05	-0.0130093	-0.000911147	
3103	155.1	-0.0130059	-0.000910481	
3104	155.15	-0.0130048	-0.000911058	
3105	155.2	-0.0130044	-0.000911727	
3106	155.25	-0.0129965	-0.000876943	
3107	155.3	-0.0130173	-0.000907149	
3108	155.35	-0.0130207	-0.00090794	
3109	155.4	-0.0130219	-0.000907397	
3110	155.45	-0.0130223	-0.00090674	
3111	155.5	-0.0130312	-0.00094114	
3112	155.55	-0.0130093	-0.000911147	
3113	155.6	-0.0130059	-0.000910481	
3114	155.65	-0.0130048	-0.000911058	
3115	155.7	-0.0130044	-0.000911726	
3116	155.75	-0.0129965	-0.000876943	
3117	155.8	-0.0130173	-0.000907149	
3118	155.85	-0.0130207	-0.00090794	
3119	155.9	-0.0130219	-0.000907398	
3120	155.95	-0.0130223	-0.00090674	
3121	156	-0.0130312	-0.00094114	
3122	156.05	-0.0130093	-0.000911147	
3123	156.1	-0.0130059	-0.000910481	
3124	156.15	-0.0130048	-0.000911058	
3125	156.2	-0.0130044	-0.000911727	
3126	156.25	-0.0129965	-0.000876943	
3127	156.3	-0.0130173	-0.000907149	
3128	156.35	-0.0130207	-0.00090794	
3129	156.4	-0.0130219	-0.000907398	
3130	156.45	-0.0130223	-0.00090674	
3131	156.5	-0.0130312	-0.00094114	
3132	156.55	-0.0130093	-0.000911147	
3133	156.6	-0.0130059	-0.000910481	
3134	156.65	-0.0130048	-0.000911059	
3135	156.7	-0.0130044	-0.000911727	
3136	156.75	-0.0129965	-0.000876943	
3137	156.8	-0.0130173	-0.000907147	
3138	156.85	-0.0130207	-0.000907941	
3139	156.9	-0.0130219	-0.000907398	
3140	156.95	-0.0130223	-0.00090674	
3141	157	-0.0130312	-0.00094114	
3142	157.05	-0.0130093	-0.000911147	
3143	157.1	-0.0130059	-0.000910482	
3144	157.15	-0.0130048	-0.000911058	
3145	157.2	-0.0130044	-0.000911727	
3146	157.25	-0.0129965	-0.000876943	
3147	157.3	-0.0130173	-0.000907149	
3148	157.35	-0.0130207	-0.00090794	
3149	157.4	-0.0130219	-0.000907399	
3150	157.45	-0.0130223	-0.00090674	
3151	157.5	-0.0130312	-0.00094114	
3152	157.55	-0.0130093	-0.000911147	
3153	157.6	-0.0130059	-0.000910481	
3154	157.65	-0.0130048	-0.000911058	
3155	157.7	-0.0130044	-0.000911727	
3156	157.75	-0.0129965	-0.000876943	
3157	157.8	-0.0130173	-0.000907149	
3158	157.85	-0.0130207	-0.00090794	
3159	157.9	-0.0130219	-0.000907398	
3160	157.95	-0.0130223	-0.000906739	
3161	158	-0.0130312	-0.00094114	
3162	158.05	-0.0130093	-0.000911147	
3163	158.1	-0.0130059	-0.000910481	
3164	158.15	-0.0130048	-0.000911058	
3165	158.2	-0.0130044	-0.000911727	
3166	158.25	-0.0129965	-0.000876942	
3167	158.3	-0.0130173	-0.000907149	
3168	158.35	-0.0130207	-0.00090794	
3169	158.4	-0.0130219	-0.000907398	
3170	158.45	-0.0130223	-0.00090674	
3171	158.5	-0.0130312	-0.00094114	
3172	158.55	-0.0130093	-0.000911147	
3173	158.6	-0.0130059	-0.000910481	
3174	158.65	-0.0130048	-0.000911058	
3175	158.7	-0.0130044	-0.000911727	
3176	158.75	-0.0129965	-0.000876942	
3177	158.8	-0.0130173	-0.000907149	
3178	158.85	-0.0130207	-0.000907941	
3179	158.9	-0.0130219	-0.000907398	
3180	158.95	-0.0130223	-0.00090674	
3181	159	-0.0130312	-0.00094114	
3182	159.05	-0.0130093	-0.000911147	
3183	159.1	-0.0130059	-0.000910481	
3184	159.15	-0.0130048	-0.000911058	
3185	159.2	-0.0130044	-0.000911727	
3186	159.25	-0.0129965	-0.000876942	
3187	159.3	-0.0130173	-0.000907148	
3188	159.35	-0.0130207	-0.000907942	
3189	159.4	-0.0130219	-0.000907398	
3190	159.45	-0.0130223	-0.000906739	
3191	159.5	-0.0130312	-0.00094114	
3192	159.55	-0.0130093	-0.000911148	
3193	159.6	-0.0130059	-0.00091048	
3194	159.65	-0.0130048	-0.000911057	
3195	159.7	-0.0130044	-0.000911727	
3196	159.75	-0.0129965	-0.000876943	
3197	159.8	-0.0130173	-0.00090715	
3198	159.85	-0.0130207	-0.000907941	
3199	159.9	-0.0130219	-0.000907397	
3200	159.95	-0.0130223	-0.00090674	
3201	160	-0.0130312	-0.00094114	
3202	160.05	-0.0130093	-0.000911147	
3203	160.1	-0.0130059	-0.000910481	
3204	160.15	-0.0130048	-0.000911058	
3205	160.2	-0.0130044	-0.000911727	
3206	160.25	-0.0129965	-0.000876943	
3207	160.3	-0.0130173	-0.000907148	
3208	160.35	-0.0130207	-0.000907941	
3209	160.4	-0.0130219	-0.000907398	
3210	160.45	-0.0130223	-0.00090674	
3211	160.5	-0.0130312	-0.00094114	
3212	160.55	-0.0130093	-0.000911147	
3213	160.6	-0.0130059	-0.000910481	
3214	160.65	-0.0130048	-0.000911058	
3215	160.7	-0.0130044	-0.000911727	
3216	160.75	-0.0129965	-0.000876942	
3217	160.8	-0.0130173	-0.00090715	
3218	160.85	-0.0130207	-0.00090794	
3219	160.9	-0.0130219	-0.000907398	
3220	160.95	-0.0130223	-0.00090674	
3221	161	-0.0130312	-0.00094114	
3222	161.05	-0.0130093	-0.000911147	
3223	161.1	-0.0130059	-0.000910481	
3224	161.15	-0.0130048	-0.000911059	
3225	161.2	-0.0130044	-0.000911727	
3226	161.25	-0.0129965	-0.000876942	
3227	161.3	-0.0130173	-0.000907149	
3228	161.35	-0.0130207	-0.00090794	
3229	161.4	-0.0130219	-0.000907398	
3230	161.45	-0.0130223	-0.00090674	
3231	161.5	-0.0130312	-0.00094114	
3232	161.55	-0.0130093	-0.000911147	
3233	161.6	-0.0130059	-0.000910481	
3234	161.65	-0.0130048	-0.000911058	
3235	161.7	-0.0130044	-0.000911727	
3236	161.75	-0.0129965	-0.000876943	
3237	161.8	-0.0130173	-0.00090715	
3238	161.85	-0.0130207	-0.00090794	
3239	161.9	-0.0130219	-0.000907398	
3240	161.95	-0.0130223	-0.00090674	
3241	162	-0.0130312	-0.00094114	
3242	162.05	-0.0130093	-0.000911147	
3243	162.1	-0.0130059	-0.000910481	
3244	162.15	-0.0130048	-0.000911058	
3245	162.2	-0.0130044	-0.000911727	
3246	162.25	-0.0129965	-0.000876943	
3247	162.3	-0.0130173	-0.000907147	
3248	162.35	-0.0130207	-0.000907941	
3249	162.4	-0.0130219	-0.000907398	
3250	162.45	-0.0130223	-0.00090674	
3251	162.5	-0.0130312	-0.00094114	
3252	162.55	-0.0130093	-0.000911146	
3253	162.6	-0.0130059	-0.000910481	
3254	162.65	-0.0130048	-0.000911058	
3255	162.7	-0.0130044	-0.000911727	
3256	162.75	-0.0129965	-0.000876943	
3257	162.8	-0.0130173	-0.000907149	
3258	162.85	-0.0130207	-0.000907939	
3259	162.9	-0.0130219	-0.000907398	
3260	162.95	-0.0130223	-0.00090674	
3261	163	-0.0130312	-0.00094114	
3262	163.05	-0.0130093	-0.000911146	
3263	163.1	-0.0130059	-0.000910481	
3264	163.15	-0.0130048	-0.000911058	
3265	163.2	-0.0130044	-0.000911727	
3266	163.25	-0.0129965	-0.000876943	
3267	163.3	-0.0130173	-0.000907148	
3268	163.35	-0.0130207	-0.00090794	
3269	163.4	-0.0130219	-0.000907397	
3270	163.45	-0.0130223	-0.000906741	
3271	163.5	-0.0130312	-0.00094114	
3272	163.55	-0.0130093	-0.000911147	
3273	163.6	-0.0130059	-0.000910481	
3274	163.65	-0.0130048	-0.000911057	
3275	163.7	-0.0130044	-0.000911728	
3276	163.75	-0.0129965	-0.000876942	
3277	163.8	-0.0130173	-0.000907149	
3278	163.85	-0.0130207	-0.00090794	
3279	163.9	-0.0130219	-0.000907399	
3280	163.95	-0.0130223	-0.00090674	
3281	164	-0.0130312	-0.00094114	
3282	164.05	-0.0130093	-0.000911147	
3283	164.1	-0.0130059	-0.000910481	
3284	164.15	-0.0130048	-0.000911058	
3285	164.2	-0.0130044	-0.000911727	
3286	164.25	-0.0129965	-0.000876942	
3287	164.3	-0.0130173	-0.00090715	
3288	164.35	-0.0130207	-0.00090794	
3289	164.4	-0.0130219	-0.000907398	
3290	164.45	-0.0130223	-0.00090674	
3291	164.5	-0.0130312	-0.000941139	
3292	164.55	-0.0130093	-0.000911147	
3293	164.6	-0.0130059	-0.000910481	
3294	164.65	-0.0130048	-0.000911058	
3295	164.7	-0.0130044	-0.000911727	
3296	164.75	-0.0129965	-0.000876943	
3297	164.8	-0.0130173	-0.000907149	
3298	164.85	-0.0130207	-0.000907939	
3299	164.9	-0.0130219	-0.000907399	
3300	164.95	-0.0130223	-0.00090674	
3301	165	-0.0130312	-0.00094114	
3302	165.05	-0.0130093	-0.000911146	
3303	165.1	-0.0130059	-0.000910481	
3304	165.15	-0.0130048	-0.000911059	
3305	165.2	-0.0130044	-0.000911727	
3306	165.25	-0.0129965	-0.000876943	
3307	165.3	-0.0130173	-0.000907147	
3308	165.35	-0.0130207	-0.000907942	
3309	165.4	-0.0130219	-0.000907398	
3310	165.45	-0.0130223	-0.000906741	
3311	165.5	-0.0130312	-0.00094114	
3312	165.55	-0.0130093	-0.000911147	
3313	165.6	-0.0130059	-0.000910481	
3314	165.65	-0.0130048	-0.000911058	
3315	165.7	-0.0130044	-0.000911727	
3316	165.75	-0.0129965	-0.000876943	
3317	165.8	-0.0130173	-0.000907149	
3318	165.85	-0.0130207	-0.00090794	
3319	165.9	-0.0130219	-0.000907398	
3320	165.95	-0.0130223	-0.00090674	
3321	166	-0.0130312	-0.00094114	
3322	166.05	-0.0130093	-0.000911147	
3323	166.1	-0.0130059	-0.000910481	
3324	166.15	-0.0130048	-0.000911058	
3325	166.2	-0.0130044	-0.000911727	
3326	166.25	-0.0129965	-0.000876942	
3327	166.3	-0.0130173	-0.000907149	
3328	166.35	-0.0130207	-0.000907941	
3329	166.4	-0.0130219	-0.000907398	
3330	166.45	-0.0130223	-0.00090674	
3331	166.5	-0.0130312	-0.00094114	
3332	166.55	-0.0130093	-0.000911147	
3333	166.6	-0.0130059	-0.000910481	
3334	166.65	-0.0130048	-0.000911059	
3335	166.7	-0.0130044	-0.000911727	
3336	166.75	-0.0129965	-0.000876943	
3337	166.8	-0.0130173	-0.000907149	
3338	166.85	-0.0130207	-0.00090794	
3339	166.9	-0.0130219	-0.000907399	
3340	166.95	-0.0130223	-0.00090674	
3341	167	-0.0130312	-0.00094114	
3342	167.05	-0.0130093	-0.000911147	
3343	167.1	-0.0130059	-0.000910481	
3344	167.15	-0.0130048	-0.000911058	
3345	167.2	-0.0130044	-0.000911727	
3346	167.25	-0.0129965	-0.000876943	
3347	167.3	-0.0130173	-0.000907149	
3348	167.35	-0.0130207	-0.00090794	
3349	167.4	-0.0130219	-0.000907398	
3350	167.45	-0.0130223	-0.00090674	
3351	167.5	-0.0130312	-0.00094114	
3352	167.55	-0.0130093	-0.000911147	
3353	167.6	-0.0130059	-0.000910481	
3354	167.65	-0.0130048	-0.000911059	
3355	167.7	-0.0130044	-0.000911727	
3356	167.75	-0.0129965	-0.000876943	
3357	167.8	-0.0130173	-0.000907149	
3358	167.85	-0.0130207	-0.000907941	
3359	167.9	-0.0130219	-0.000907397	
3360	167.95	-0.0130223	-0.00090674	
3361	168	-0.0130312	-0.00094114	
3362	168.05	-0.0130093	-0.000911147	
3363	168.1	-0.0130059	-0.000910481	
3364	168.15	-0.0130048	-0.000911059	
3365	168.2	-0.0130044	-0.000911727	
3366	168.25	-0.0129965	-0.000876942	
3367	168.3	-0.0130173	-0.000907149	
3368	168.35	-0.0130207	-0.000907939	
3369	168.4	-0.0130219	-0.0009074	
3370	168.45	-0.0130223	-0.00090674	
3371	168.5	-0.0130312	-0.00094114	
3372	168.55	-0.0130093	-0.000911147	
3373	168.6	-0.0130059	-0.000910481	
3374	168.65	-0.0130048	-0.000911059	
3375	168.7	-0.0130044	-0.000911726	
3376	168.75	-0.0129965	-0.000876943	
3377	168.8	-0.0130173	-0.000907149	
3378	168.85	-0.0130207	-0.00090794	
3379	168.9	-0.0130219	-0.000907399	
3380	168.95	-0.0130223	-0.000906739	
3381	169	-0.0130312	-0.00094114	
3382	169.05	-0.0130093	-0.000911147	
3383	169.1	-0.0130059	-0.000910481	
3384	169.15	-0.0130048	-0.000911059	
3385	169.2	-0.0130044	-0.000911727	
3386	169.25	-0.0129966	-0.000876942	
3387	169.3	-0.0130173	-0.000907149	
3388	169.35	-0.0130207	-0.00090794	
3389	169.4	-0.0130219	-0.000907398	
3390	169.45	-0.0130223	-0.00090674	
3391	169.5	-0.0130312	-0.000941141	
3392	169.55	-0.0130093	-0.000911146	
3393	169.6	-0.0130059	-0.000910481	
3394	169.65	-0.0130048	-0.000911058	
3395	169.7	-0.0130044	-0.000911727	
3396	169.75	-0.0129965	-0.000876943	
3397	169.8	-0.0130173	-0.000907149	
3398	169.85	-0.0130207	-0.00090794	
3399	169.9	-0.0130219	-0.000907398	
3400	169.95	-0.0130223	-0.00090674	
3401	170	-0.0130312	-0.00094114	
3402	170.05	-0.0130093	-0.000911147	
3403	170.1	-0.0130059	-0.000910481	
3404	170.15	-0.0130048	-0.000911058	
3405	170.2	-0.0130044	-0.000911727	
3406	170.25	-0.0129965	-0.000876943	
3407	170.3	-0.0130173	-0.00090715	
3408	170.35	-0.0130207	-0.00090794	
3409	170.4	-0.0130219	-0.000907398	
3410	170.45	-0.0130223	-0.00090674	
3411	170.5	-0.0130312	-0.00094114	
3412	170.55	-0.0130093	-0.000911147	
3413	170.6	-0.0130059	-0.000910481	
3414	170.65	-0.0130048	-0.000911058	
3415	170.7	-0.0130044	-0.000911727	
3416	170.75	-0.0129965	-0.000876943	
3417	170.8	-0.0130173	-0.000907149	
3418	170.85	-0.0130207	-0.00090794	
3419	170.9	-0.0130219	-0.000907398	
3420	170.95	-0.0130223	-0.00090674	
3421	171	-0.0130312	-0.00094114	
3422	171.05	-0.0130093	-0.000911147	
3423	171.1	-0.0130059	-0.000910481	
3424	171.15	-0.0130048	-0.000911059	
3425	171.2	-0.0130044	-0.000911727	
3426	171.25	-0.0129965	-0.000876942	
3427	171.3	-0.0130173	-0.000907148	
3428	171.35	-0.0130207	-0.000907941	
3429	171.4	-0.0130219	-0.000907398	
3430	171.45	-0.0130223	-0.00090674	
3431	171.5	-0.0130312	-0.00094114	
3432	171.55	-0.0130093	-0.000911147	
3433	171.6	-0.0130059	-0.000910481	
3434	171.65	-0.0130048	-0.000911058	
3435	171.7	-0.0130044	-0.000911727	
3436	171.75	-0.0129965	-0.000876942	
3437	171.8	-0.0130173	-0.000907149	
3438	171.85	-0.0130207	-0.00090794	
3439	171.9	-0.0130219	-0.000907398	
3440	171.95	-0.0130223	-0.00090674	
3441	172	-0.0130312	-0.00094114	
3442	172.05	-0.0130093	-0.000911147	
3443	172.1	-0.0130059	-0.000910481	
3444	172.15	-0.0130048	-0.000911058	
3445	172.2	-0.0130044	-0.000911727	
3446	172.25	-0.0129965	-0.000876943	
3447	172.3	-0.0130173	-0.000907149	
3448	172.35	-0.0130207	-0.00090794	
3449	172.4	-0.0130219	-0.000907398	
3450	172.45	-0.0130223	-0.00090674	
3451	172.5	-0.0130312	-0.00094114	
3452	172.55	-0.0130093	-0.000911147	
3453	172.6	-0.0130059	-0.00091048	
3454	172.65	-0.0130048	-0.000911058	
3455	172.7	-0.0130044	-0.000911727	
3456	172.75	-0.0129965	-0.000876943	
3457	172.8	-0.0130173	-0.000907149	
3458	172.85	-0.0130207	-0.00090794	
3459	172.9	-0.0130219	-0.000907397	
3460	172.95	-0.0130223	-0.000906739	
3461	173	-0.0130312	-0.00094114	
3462	173.05	-0.0130093	-0.000911147	
3463	173.1	-0.0130059	-0.000910481	
3464	173.15	-0.0130048	-0.000911058	
3465	173.2	-0.0130044	-0.000911727	
3466	173.25	-0.0129965	-0.000876943	
3467	173.3	-0.0130173	-0.000907148	
3468	173.35	-0.0130207	-0.000907941	
3469	173.4	-0.0130219	-0.000907398	
3470	173.45	-0.0130223	-0.000906741	
3471	173.5	-0.0130312	-0.00094114	
3472	173.55	-0.0130093	-0.000911146	
3473	173.6	-0.0130059	-0.000910482	
3474	173.65	-0.0130048	-0.000911057	
3475	173.7	-0.0130044	-0.000911727	
3476	173.75	-0.0129965	-0.000876943	
3477	173.8	-0.0130173	-0.000907149	
3478	173.85	-0.0130207	-0.00090794	
3479	173.9	-0.0130219	-0.000907399	
3480	173.95	-0.0130223	-0.00090674	
3481	174	-0.0130312	-0.00094114	
3482	174.05	-0.0130093	-0.000911147	
3483	174.1	-0.0130059	-0.000910481	
3484	174.15	-0.0130048	-0.000911058	
3485	174.2	-0.0130044	-0.000911727	
3486	174.25	-0.0129965	-0.000876943	
3487	174.3	-0.0130173	-0.000907149	
3488	174.35	-0.0130207	-0.00090794	
3489	174.4	-0.0130219	-0.000907398	
3490	174.45	-0.0130223	-0.00090674	
3491	174.5	-0.0130312	-0.00094114	
3492	174.55	-0.0130093	-0.000911147	
3493	174.6	-0.0130059	-0.000910481	
3494	174.65	-0.0130048	-0.000911058	
3495	174.7	-0.0130044	-0.000911727	
3496	174.75	-0.0129965	-0.000876943	
3497	174.8	-0.0130173	-0.000907149	
3498	174.85	-0.0130207	-0.00090794	
3499	174.9	-0.0130219	-0.000907398	
3500	174.95	-0.0130223	-0.00090674	
3501	175	-0.0130312	-0.00094114	
3502	175.05	-0.0130093	-0.000911147	
3503	175.1	-0.0130059	-0.000910481	
3504	175.15	-0.0130048	-0.000911058	
3505	175.2	-0.0130044	-0.000911727	
3506	175.25	-0.0129965	-0.000876943	
3507	175.3	-0.0130173	-0.000907149	
3508	175.35	-0.0130207	-0.000907939	
3509	175.4	-0.0130219	-0.000907398	
3510	175.45	-0.0130223	-0.000906738	
3511	175.5	-0.0130312	-0.000941141	
3512	175.55	-0.0130093	-0.000911147	
3513	175.6	-0.0130059	-0.000910481	
3514	175.65	-0.0130048	-0.000911058	
3515	175.7	-0.0130044	-0.000911727	
3516	175.75	-0.0129965	-0.000876943	
3517	175.8	-0.0130173	-0.000907149	
3518	175.85	-0.0130207	-0.00090794	
3519	175.9	-0.0130219	-0.000907398	
3520	175.95	-0.0130223	-0.00090674	
3521	176	-0.0130312	-0.00094114	
3522	176.05	-0.0130093	-0.000911147	
3523	176.1	-0.0130059	-0.000910481	
3524	176.15	-0.0130048	-0.000911058	
3525	176.2	-0.0130044	-0.000911727	
3526	176.25	-0.0129965	-0.000876943	
3527	176.3	-0.0130173	-0.000907149	
3528	176.35	-0.0130207	-0.000907941	
3529	176.4	-0.0130219	-0.000907398	
3530	176.45	-0.0130223	-0.00090674	
3531	176.5	-0.0130312	-0.00094114	
3532	176.55	-0.0130093	-0.000911146	
3533	176.6	-0.0130059	-0.000910481	
3534	176.65	-0.0130048	-0.000911058	
3535	176.7	-0.0130044	-0.000911727	
3536	176.75	-0.0129965	-0.000876943	
3537	176.8	-0.0130173	-0.000907148	
3538	176.85	-0.0130207	-0.000907941	
3539	176.9	-0.0130219	-0.000907398	
3540	176.95	-0.0130223	-0.00090674	
3541	177	-0.0130312	-0.00094114	
3542	177.05	-0.0130093	-0.000911147	
3543	177.1	-0.0130059	-0.00091048	
3544	177.15	-0.0130048	-0.000911058	
3545	177.2	-0.0130044	-0.000911727	
3546	177.25	-0.0129965	-0.000876943	
3547	177.3	-0.0130173	-0.000907149	
3548	177.35	-0.0130207	-0.00090794	
3549	177.4	-0.0130219	-0.000907398	
3550	177.45	-0.0130223	-0.000906739	
3551	177.5	-0.0130312	-0.00094114	
3552	177.55	-0.0130093	-0.000911147	
3553	177.6	-0.0130059	-0.000910481	
3554	177.65	-0.0130048	-0.000911058	
3555	177.7	-0.0130044	-0.000911727	
3556	177.75	-0.0129965	-0.000876943	
3557	177.8	-0.0130173	-0.000907148	
3558	177.85	-0.0130207	-0.000907941	
3559	177.9	-0.0130219	-0.000907398	
3560	177.95	-0.0130223	-0.00090674	
3561	178	-0.0130312	-0.00094114	
3562	178.05	-0.0130093	-0.000911147	
3563	178.1	-0.0130059	-0.000910481	
3564	178.15	-0.0130048	-0.000911059	
3565	178.2	-0.0130044	-0.000911727	
3566	178.25	-0.0129965	-0.000876943	
3567	178.3	-0.0130173	-0.000907149	
3568	178.35	-0.0130207	-0.00090794	
3569	178.4	-0.0130219	-0.000907398	
3570	178.45	-0.0130223	-0.00090674	
3571	178.5	-0.0130312	-0.00094114	
3572	178.55	-0.0130093	-0.000911147	
3573	178.6	-0.0130059	-0.000910481	
3574	178.65	-0.0130048	-0.000911058	
3575	178.7	-0.0130044	-0.000911727	
3576	178.75	-0.0129965	-0.000876942	
3577	178.8	-0.0130173	-0.000907147	
3578	178.85	-0.0130207	-0.000907942	
3579	178.9	-0.0130219	-0.000907398	
3580	178.95	-0.0130223	-0.00090674	
3581	179	-0.0130312	-0.00094114	
3582	179.05	-0.0130093	-0.000911147	
3583	179.1	-0.0130059	-0.00091048	
3584	179.15	-0.0130048	-0.000911059	
3585	179.2	-0.0130044	-0.000911727	
3586	179.25	-0.0129965	-0.000876943	
3587	179.3	-0.0130173	-0.000907149	
3588	179.35	-0.0130207	-0.000907939	
3589	179.4	-0.0130219	-0.000907399	
3590	179.45	-0.0130223	-0.00090674	
3591	179.5	-0.0130312	-0.00094114	
3592	179.55	-0.0130093	-0.000911147	
3593	179.6	-0.0130059	-0.000910481	
3594	179.65	-0.0130048	-0.000911058	
3595	179.7	-0.0130044	-0.000911727	
3596	179.75	-0.0129965	-0.000876943	
3597	179.8	-0.0130173	-0.000907148	
3598	179.85	-0.0130207	-0.000907942	
3599	179.9	-0.0130219	-0.000907398	
3600	179.95	-0.0130223	-0.00090674	
3601	180	-0.0130312	-0.00094114	
3602	180.05	-0.0130093	-0.000911147	
3603	180.1	-0.0130059	-0.00091048	
3604	180.15	-0.0130048	-0.000911059	
3605	180.2	-0.0130044	-0.000911727	
3606	180.25	-0.0129965	-0.000876943	
3607	180.3	-0.0130173	-0.000907149	
3608	180.35	-0.0130207	-0.00090794	
3609	180.4	-0.0130219	-0.000907398	
3610	180.45	-0.0130223	-0.00090674	
3611	180.5	-0.0130312	-0.00094114	
3612	180.55	-0.0130093	-0.000911147	
3613	180.6	-0.0130059	-0.000910481	
3614	180.65	-0.0130048	-0.000911058	
3615	180.7	-0.0130044	-0.000911728	
3616	180.75	-0.0129965	-0.000876943	
3617	180.8	-0.0130173	-0.000907149	
3618	180.85	-0.0130207	-0.00090794	
3619	180.9	-0.0130219	-0.000907398	
3620	180.95	-0.0130223	-0.00090674	
3621	181	-0.0130312	-0.00094114	
3622	181.05	-0.0130093	-0.000911147	
3623	181.1	-0.0130059	-0.000910481	
3624	181.15	-0.0130048	-0.000911059	
3625	181.2	-0.0130044	-0.000911727	
3626	181.25	-0.0129965	-0.000876944	
3627	181.3	-0.0130173	-0.000907146	
3628	181.35	-0.0130207	-0.000907942	
3629	181.4	-0.0130219	-0.000907397	
3630	181.45	-0.0130223	-0.00090674	
3631	181.5	-0.0130312	-0.00094114	
3632	181.55	-0.0130093	-0.000911147	
3633	181.6	-0.0130059	-0.00091048	
3634	181.65	-0.0130048	-0.000911058	
3635	181.7	-0.0130044	-0.000911727	
3636	181.75	-0.0129965	-0.000876943	
3637	181.8	-0.0130173	-0.000907149	
3638	181.85	-0.0130207	-0.00090794	
3639	181.9	-0.0130219	-0.000907398	
3640	181.95	-0.0130223	-0.00090674	
3641	182	-0.0130312	-0.00094114	
3642	182.05	-0.0130093	-0.000911147	
3643	182.1	-0.0130059	-0.000910481	
3644	182.15	-0.0130048	-0.000911058	
3645	182.2	-0.0130044	-0.000911727	
3646	182.25	-0.0129965	-0.000876943	
3647	182.3	-0.0130173	-0.000907147	
3648	182.35	-0.0130207	-0.000907942	
3649	182.4	-0.0130219	-0.000907398	
3650	182.45	-0.0130223	-0.00090674	
3651	182.5	-0.0130312	-0.00094114	
3652	182.55	-0.0130093	-0.000911147	
3653	182.6	-0.0130059	-0.00091048	
3654	182.65	-0.0130048	-0.000911059	
3655	182.7	-0.0130044	-0.000911727	
3656	182.75	-0.0129965	-0.000876942	
3657	182.8	-0.0130173	-0.000907149	
3658	182.85	-0.0130207	-0.00090794	
3659	182.9	-0.0130219	-0.000907398	
3660	182.95	-0.0130223	-0.00090674	
3661	183	-0.0130312	-0.00094114	
3662	183.05	-0.0130093	-0.000911147	
3663	183.1	-0.0130059	-0.000910481	
3664	183.15	-0.0130048	-0.000911059	
3665	183.2	-0.0130044	-0.000911727	
3666	183.25	-0.0129965	-0.000876942	
3667	183.3	-0.0130173	-0.000907149	
3668	183.35	-0.0130207	-0.00090794	
3669	183.4	-0.0130219	-0.000907398	
3670	183.45	-0.0130223	-0.000906739	
3671	183.5	-0.0130312	-0.00094114	
3672	183.55	-0.0130093	-0.000911147	
3673	183.6	-0.0130059	-0.000910481	
3674	183.65	-0.0130048	-0.000911058	
3675	183.7	-0.0130044	-0.000911727	
3676	183.75	-0.0129965	-0.000876943	
3677	183.8	-0.0130173	-0.000907148	
3678	183.85	-0.0130207	-0.000907942	
3679	183.9	-0.0130219	-0.000907397	
3680	183.95	-0.0130223	-0.00090674	
3681	184	-0.0130312	-0.00094114	
3682	184.05	-0.0130093	-0.000911147	
3683	184.1	-0.0130059	-0.000910482	
3684	184.15	-0.0130048	-0.000911059	
3685	184.2	-0.0130044	-0.000911726	
3686	184.25	-0.0129965	-0.000876942	
3687	184.3	-0.0130173	-0.000907149	
3688	184.35	-0.0130207	-0.00090794	
3689	184.4	-0.0130219	-0.000907398	
3690	184.45	-0.0130223	-0.00090674	
3691	184.5	-0.0130312	-0.00094114	
3692	184.55	-0.0130093	-0.000911147	
3693	184.6	-0.0130059	-0.000910481	
3694	184.65	-0.0130048	-0.000911058	
3695	184.7	-0.0130044	-0.000911727	
3696	184.75	-0.0129965	-0.000876943	
3697	184.8	-0.0130173	-0.00090715	
3698	184.85	-0.0130207	-0.00090794	
3699	184.9	-0.0130219	-0.000907398	
3700	184.95	-0.0130223	-0.00090674	
3701	185	-0.0130312	-0.00094114	
3702	185.05	-0.0130093	-0.000911147	
3703	185.1	-0.0130059	-0.000910481	
3704	185.15	-0.0130048	-0.000911058	
3705	185.2	-0.0130044	-0.000911727	
3706	185.25	-0.0129965	-0.000876943	
3707	185.3	-0.0130173	-0.000907149	
3708	185.35	-0.0130207	-0.000907941	
3709	185.4	-0.0130219	-0.000907398	
3710	185.45	-0.0130223	-0.00090674	
3711	185.5	-0.0130312	-0.00094114	
3712	185.55	-0.0130093	-0.000911147	
3713	185.6	-0.0130059	-0.000910481	
3714	185.65	-0.0130048	-0.000911058	
3715	185.7	-0.0130044	-0.000911727	
3716	185.75	-0.0129965	-0.000876943	
3717	185.8	-0.0130173	-0.00090715	
3718	185.85	-0.0130207	-0.00090794	
3719	185.9	-0.0130219	-0.000907398	
3720	185.95	-0.0130223	-0.00090674	
3721	186	-0.0130312	-0.00094114	
3722	186.05	-0.0130093	-0.000911147	
3723	186.1	-0.0130059	-0.000910481	
3724	186.15	-0.0130048	-0.000911058	
3725	186.2	-0.0130044	-0.000911728	
3726	186.25	-0.0129965	-0.000876943	
3727	186.3	-0.0130173	-0.000907149	
3728	186.35	-0.0130207	-0.00090794	
3729	186.4	-0.0130219	-0.000907398	
3730	186.45	-0.0130223	-0.00090674	
3731	186.5	-0.0130312	-0.00094114	
3732	186.55	-0.0130093	-0.000911147	
3733	186.6	-0.0130059	-0.000910481	
3734	186.65	-0.0130048	-0.000911059	
3735	186.7	-0.0130044	-0.000911727	
3736	186.75	-0.0129965	-0.000876943	
3737	186.8	-0.0130173	-0.000907149	
3738	186.85	-0.0130207	-0.00090794	
3739	186.9	-0.0130219	-0.000907398	
3740	186.95	-0.0130223	-0.00090674	
3741	187	-0.0130312	-0.00094114	
3742	187.05	-0.0130093	-0.000911147	
3743	187.1	-0.0130059	-0.000910481	
3744	187.15	-0.0130048	-0.000911058	
3745	187.2	-0.0130044	-0.000911727	
3746	187.25	-0.0129965	-0.000876943	
3747	187.3	-0.0130173	-0.000907149	
3748	187.35	-0.0130207	-0.000907941	
3749	187.4	-0.0130219	-0.000907398	
3750	187.45	-0.0130223	-0.00090674	
3751	187.5	-0.0130312	-0.00094114	
3752	187.55	-0.0130093	-0.000911147	
3753	187.6	-0.0130059	-0.000910481	
3754	187.65	-0.0130048	-0.000911058	
3755	187.7	-0.0130044	-0.000911727	
3756	187.75	-0.0129965	-0.000876943	
3757	187.8	-0.0130173	-0.000907149	
3758	187.85	-0.0130207	-0.00090794	
3759	187.9	-0.0130219	-0.000907398	
3760	187.95	-0.0130223	-0.00090674	
3761	188	-0.0130312	-0.00094114	
3762	188.05	-0.0130093	-0.000911147	
3763	188.1	-0.0130059	-0.000910479	
3764	188.15	-0.0130048	-0.00091106	
3765	188.2	-0.0130044	-0.000911727	
3766	188.25	-0.0129965	-0.000876942	
3767	188.3	-0.0130173	-0.000907149	
3768	188.35	-0.0130207	-0.00090794	
3769	188.4	-0.0130219	-0.000907397	
3770	188.45	-0.0130223	-0.000906741	
3771	188.5	-0.0130312	-0.00094114	
3772	188.55	-0.0130093	-0.000911147	
3773	188.6	-0.0130059	-0.000910481	
3774	188.65	-0.0130048	-0.000911058	
3775	188.7	-0.0130044	-0.000911727	
3776	188.75	-0.0129965	-0.000876943	
3777	188.8	-0.0130173	-0.00090715	
3778	188.85	-0.0130207	-0.000907939	
3779	188.9	-0.0130219	-0.000907399	
3780	188.95	-0.0130223	-0.00090674	
3781	189	-0.0130312	-0.00094114	
3782	189.05	-0.0130093	-0.000911147	
3783	189.1	-0.0130059	-0.000910481	
3784	189.15	-0.0130048	-0.000911058	
3785	189.2	-0.0130044	-0.000911727	
3786	189.25	-0.0129965	-0.000876942	
3787	189.3	-0.0130173	-0.000907149	
3788	189.35	-0.0130207	-0.00090794	
3789	189.4	-0.0130219	-0.000907398	
3790	189.45	-0.0130223	-0.00090674	
3791	189.5	-0.0130312	-0.000941139	
3792	189.55	-0.0130093	-0.000911147	
3793	189.6	-0.0130059	-0.000910481	
3794	189.65	-0.0130048	-0.000911058	
3795	189.7	-0.0130044	-0.000911727	
3796	189.75	-0.0129965	-0.000876942	
3797	189.8	-0.0130173	-0.000907149	
3798	189.85	-0.0130207	-0.000907941	
3799	189.9	-0.0130219	-0.000907397	
3800	189.95	-0.0130223	-0.00090674	
3801	190	-0.0130312	-0.00094114	
3802	190.05	-0.0130093	-0.000911147	
3803	190.1	-0.0130059	-0.000910481	
3804	190.15	-0.0130048	-0.000911058	
3805	190.2	-0.0130044	-0.000911726	
3806	190.25	-0.0129965	-0.000876943	
3807	190.3	-0.0130173	-0.000907149	
3808	190.35	-0.0130207	-0.000907944	
3809	190.4	-0.0130219	-0.000907395	
3810	190.45	-0.0130223	-0.00090674	
3811	190.5	-0.0130312	-0.00094114	
3812	190.55	-0.0130093	-0.000911147	
3813	190.6	-0.0130059	-0.000910481	
3814	190.65	-0.0130048	-0.000911058	
3815	190.7	-0.0130044	-0.000911727	
3816	190.75	-0.0129965	-0.000876942	
3817	190.8	-0.0130173	-0.000907147	
3818	190.85	-0.0130207	-0.000907942	
3819	190.9	-0.0130219	-0.000907398	
3820	190.95	-0.0130223	-0.00090674	
3821	191	-0.0130312	-0.00094114	
3822	191.05	-0.0130093	-0.000911147	
3823	191.1	-0.0130059	-0.000910481	
3824	191.15	-0.0130048	-0.000911058	
3825	191.2	-0.0130044	-0.000911727	
3826	191.25	-0.0129965	-0.000876942	
3827	191.3	-0.0130173	-0.000907149	
3828	191.35	-0.0130207	-0.00090794	
3829	191.4	-0.0130219	-0.000907398	
3830	191.45	-0.0130223	-0.00090674	
3831	191.5	-0.0130312	-0.00094114	
3832	191.55	-0.0130093	-0.000911146	
3833	191.6	-0.0130059	-0.000910481	
3834	191.65	-0.0130048	-0.000911058	
3835	191.7	-0.0130044	-0.000911727	
3836	191.75	-0.0129965	-0.000876942	
3837	191.8	-0.0130173	-0.000907149	
3838	191.85	-0.0130207	-0.00090794	
3839	191.9	-0.0130219	-0.000907397	
3840	191.95	-0.0130223	-0.000906739	
3841	192	-0.0130312	-0.00094114	
3842	192.05	-0.0130093	-0.000911147	
3843	192.1	-0.0130059	-0.000910481	
3844	192.15	-0.0130048	-0.000911059	
3845	192.2	-0.0130044	-0.000911727	
3846	192.25	-0.0129965	-0.000876943	
3847	192.3	-0.0130173	-0.000907149	
3848	192.35	-0.0130207	-0.00090794	
3849	192.4	-0.0130219	-0.000907398	
3850	192.45	-0.0130223	-0.000906741	
3851	192.5	-0.0130312	-0.00094114	
3852	192.55	-0.0130093	-0.000911147	
3853	192.6	-0.0130059	-0.000910481	
3854	192.65	-0.0130048	-0.000911059	
3855	192.7	-0.0130044	-0.000911727	
3856	192.75	-0.0129965	-0.000876943	
3857	192.8	-0.0130173	-0.000907149	
3858	192.85	-0.0130207	-0.00090794	
3859	192.9	-0.0130219	-0.000907399	
3860	192.95	-0.0130223	-0.00090674	
3861	193	-0.0130312	-0.00094114	
3862	193.05	-0.0130093	-0.000911147	
3863	193.1	-0.0130059	-0.000910481	
3864	193.15	-0.0130048	-0.000911058	
3865	193.2	-0.0130044	-0.000911727	
3866	193.25	-0.0129965	-0.000876942	
3867	193.3	-0.0130173	-0.000907151	
3868	193.35	-0.0130207	-0.00090794	
3869	193.4	-0.0130219	-0.000907398	
3870	193.45	-0.0130223	-0.00090674	
3871	193.5	-0.0130312	-0.00094114	
3872	193.55	-0.0130093	-0.000911147	
3873	193.6	-0.0130059	-0.000910481	
3874	193.65	-0.0130048	-0.000911058	
3875	193.7	-0.0130044	-0.000911727	
3876	193.75	-0.0129965	-0.000876943	
3877	193.8	-0.0130173	-0.00090715	
3878	193.85	-0.0130207	-0.00090794	
3879	193.9	-0.0130219	-0.000907399	
3880	193.95	-0.0130223	-0.00090674	
3881	194	-0.0130312	-0.00094114	
3882	194.05	-0.0130093	-0.000911147	
3883	194.1	-0.0130059	-0.000910481	
3884	194.15	-0.0130048	-0.000911058	
3885	194.2	-0.0130044	-0.000911727	
3886	194.25	-0.0129965	-0.000876943	
3887	194.3	-0.0130173	-0.000907149	
3888	194.35	-0.0130207	-0.00090794	
3889	194.4	-0.0130219	-0.000907398	
3890	194.45	-0.0130223	-0.000906739	
3891	194.5	-0.0130312	-0.00094114	
3892	194.55	-0.0130093	-0.000911147	
3893	194.6	-0.0130059	-0.000910481	
3894	194.65	-0.0130048	-0.000911059	
3895	194.7	-0.0130044	-0.000911727	
3896	194.75	-0.0129965	-0.000876943	
3897	194.8	-0.0130173	-0.000907149	
3898	194.85	-0.0130207	-0.00090794	
3899	194.9	-0.0130219	-0.000907398	
3900	194.95	-0.0130223	-0.00090674	
3901	195	-0.0130312	-0.00094114	
3902	195.05	-0.0130093	-0.000911147	
3903	195.1	-0.0130059	-0.000910481	
3904	195.15	-0.0130048	-0.000911058	
3905	195.2	-0.0130044	-0.000911727	
3906	195.25	-0.0129965	-0.000876943	
3907	195.3	-0.0130173	-0.000907148	
3908	195.35	-0.0130207	-0.000907941	
3909	195.4	-0.0130219	-0.000907398	
3910	195.45	-0.0130223	-0.00090674	
3911	195.5	-0.0130312	-0.00094114	
3912	195.55	-0.0130093	-0.000911147	
3913	195.6	-0.0130059	-0.000910481	
3914	195.65	-0.0130048	-0.000911058	
3915	195.7	-0.0130044	-0.000911727	
3916	195.75	-0.0129965	-0.000876943	
3917	195.8	-0.0130173	-0.000907149	
3918	195.85	-0.0130207	-0.000907941	
3919	195.9	-0.0130219	-0.000907398	
3920	195.95	-0.0130223	-0.000906739	
3921	196	-0.0130312	-0.00094114	
3922	196.05	-0.0130093	-0.000911147	
3923	196.1	-0.0130059	-0.000910481	
3924	196.15	-0.0130048	-0.000911058	
3925	196.2	-0.0130044	-0.000911727	
3926	196.25	-0.0129965	-0.000876943	
3927	196.3	-0.0130173	-0.000907149	
3928	196.35	-0.0130207	-0.00090794	
3929	196.4	-0.0130219	-0.000907398	
3930	196.45	-0.0130223	-0.000906739	
3931	196.5	-0.0130312	-0.00094114	
3932	196.55	-0.0130093	-0.000911147	
3933	196.6	-0.0130059	-0.000910481	
3934	196.65	-0.0130048	-0.000911058	
3935	196.7	-0.0130044	-0.000911727	
3936	196.75	-0.0129965	-0.000876943	
3937	196.8	-0.0130173	-0.000907149	
3938	196.85	-0.0130207	-0.00090794	
3939	196.9	-0.0130219	-0.000907398	
3940	196.95	-0.0130223	-0.00090674	
3941	197	-0.0130312	-0.00094114	
3942	197.05	-0.0130093	-0.000911147	
3943	197.1	-0.0130059	-0.000910481	
3944	197.15	-0.0130048	-0.000911058	
3945	197.2	-0.0130044	-0.000911727	
3946	197.25	-0.0129965	-0.000876943	
3947	197.3	-0.0130173	-0.000907147	
3948	197.35	-0.0130207	-0.000907942	
3949	197.4	-0.0130219	-0.000907398	
3950	197.45	-0.0130223	-0.00090674	
3951	197.5	-0.0130312	-0.00094114	
3952	197.55	-0.0130093	-0.000911147	
3953	197.6	-0.0130059	-0.000910481	
3954	197.65	-0.0130048	-0.000911058	
3955	197.7	-0.0130044	-0.000911727	
3956	197.75	-0.0129965	-0.000876943	
3957	197.8	-0.0130173	-0.000907148	
3958	197.85	-0.0130207	-0.000907941	
3959	197.9	-0.0130219	-0.000907398	
3960	197.95	-0.0130223	-0.00090674	
3961	198	-0.0130312	-0.00094114	
3962	198.05	-0.0130093	-0.000911147	
3963	198.1	-0.0130059	-0.000910481	
3964	198.15	-0.0130048	-0.000911059	
3965	198.2	-0.0130044	-0.000911727	
3966	198.25	-0.0129965	-0.000876942	
3967	198.3	-0.0130173	-0.000907149	
3968	198.35	-0.0130207	-0.000907944	
3969	198.4	-0.0130219	-0.000907395	
3970	198.45	-0.0130223	-0.00090674	
3971	198.5	-0.0130312	-0.00094114	
3972	198.55	-0.0130093	-0.000911147	
3973	198.6	-0.0130059	-0.000910481	
3974	198.65	-0.0130048	-0.000911058	
3975	198.7	-0.0130044	-0.000911727	
3976	198.75	-0.0129965	-0.000876943	
3977	198.8	-0.0130173	-0.000907149	
3978	198.85	-0.0130207	-0.00090794	
3979	198.9	-0.0130219	-0.000907398	
3980	198.95	-0.0130223	-0.00090674	
3981	199	-0.0130312	-0.00094114	
3982	199.05	-0.0130093	-0.000911147	
3983	199.1	-0.0130059	-0.000910481	
3984	199.15	-0.0130048	-0.000911058	
3985	199.2	-0.0130044	-0.000911728	
3986	199.25	-0.0129966	-0.000876942	
3987	199.3	-0.0130173	-0.000907149	
3988	199.35	-0.0130207	-0.00090794	
3989	199.4	-0.0130219	-0.000907399	
3990	199.45	-0.0130223	-0.00090674	
3991	199.5	-0.0130312	-0.00094114	
3992	199.55	-0.0130093	-0.000911147	
3993	199.6	-0.0130059	-0.000910481	
3994	199.65	-0.0130048	-0.000911058	
3995	199.7	-0.0130044	-0.000911727	
3996	199.75	-0.0129965	-0.000876943	
3997	199.8	-0.0130173	-0.000907149	
3998	199.85	-0.0130207	-0.00090794	
3999	199.9	-0.0130219	-0.000907397	
4000	199.95	-0.0130223	-0.000906741	
4001	200	-0.0130312	-0.00094114	
4002	200.05	-0.0130093	-0.000911147	
4003	200.1	-0.0130059	-0.000910481	
4004	200.15	-0.0130048	-0.000911059	
4005	200.2	-0.0130044	-0.000911727	
4006	200.25	-0.0129966	-0.000876942	
4007	200.3	-0.0130173	-0.00090715	
4008	200.35	-0.0130207	-0.00090794	
4009	200.4	-0.0130219	-0.000907398	
4010	200.45	-0.0130223	-0.00090674	
4011	200.5	-0.0130312	-0.00094114	
4012	200.55	-0.0130093	-0.000911147	
4013	200.6	-0.0130059	-0.000910481	
4014	200.65	-0.0130048	-0.000911059	
4015	200.7	-0.0130044	-0.000911727	
4016	200.75	-0.0129966	-0.000876942	
4017	200.8	-0.0130173	-0.000907149	
4018	200.85	-0.0130207	-0.000907941	
4019	200.9	-0.0130219	-0.000907397	
4020	200.95	-0.0130223	-0.00090674	
4021	201	-0.0130312	-0.00094114	
4022	201.05	-0.0130093	-0.000911147	
4023	201.1	-0.0130059	-0.000910481	
4024	201.15	-0.0130048	-0.000911058	
4025	201.2	-0.0130044	-0.000911727	
4026	201.25	-0.0129965	-0.000876943	
4027	201.3	-0.0130173	-0.000907149	
4028	201.35	-0.0130207	-0.000907941	
4029	201.4	-0.0130219	-0.000907398	
4030	201.45	-0.0130223	-0.00090674	
4031	201.5	-0.0130312	-0.00094114	
4032	201.55	-0.0130093	-0.000911147	
4033	201.6	-0.0130059	-0.000910481	
4034	201.65	-0.0130048	-0.000911059	
4035	201.7	-0.0130044	-0.000911727	
4036	201.75	-0.0129965	-0.000876943	
4037	201.8	-0.0130173	-0.000907149	
4038	201.85	-0.0130207	-0.00090794	
4039	201.9	-0.0130219	-0.000907398	
4040	201.95	-0.0130223	-0.00090674	
4041	202	-0.0130312	-0.00094114	
4042	202.05	-0.0130093	-0.000911147	
4043	202.1	-0.0130059	-0.000910481	
4044	202.15	-0.0130048	-0.000911058	
4045	202.2	-0.0130044	-0.000911727	
4046	202.25	-0.0129965	-0.000876943	
4047	202.3	-0.0130173	-0.00090715	
4048	202.35	-0.0130207	-0.00090794	
4049	202.4	-0.0130219	-0.000907398	
4050	202.45	-0.0130223	-0.00090674	
4051	202.5	-0.0130312	-0.00094114	
4052	202.55	-0.0130093	-0.000911147	
4053	202.6	-0.0130059	-0.000910481	
4054	202.65	-0.0130048	-0.000911058	
4055	202.7	-0.0130044	-0.000911728	
4056	202.75	-0.0129965	-0.000876942	
4057	202.8	-0.0130173	-0.00090715	
4058	202.85	-0.0130207	-0.00090794	
4059	202.9	-0.0130219	-0.000907397	
4060	202.95	-0.0130223	-0.00090674	
4061	203	-0.0130312	-0.00094114	
4062	203.05	-0.0130093	-0.000911146	
4063	203.1	-0.0130059	-0.000910481	
4064	203.15	-0.0130048	-0.000911058	
4065	203.2	-0.0130044	-0.000911727	
4066	203.25	-0.0129965	-0.000876943	
4067	203.3	-0.0130173	-0.000907149	
4068	203.35	-0.0130207	-0.00090794	
4069	203.4	-0.0130219	-0.000907398	
4070	203.45	-0.0130223	-0.000906739	
4071	203.5	-0.0130312	-0.00094114	
4072	203.55	-0.0130093	-0.000911147	
4073	203.6	-0.0130059	-0.000910481	
4074	203.65	-0.0130048	-0.000911059	
4075	203.7	-0.0130044	-0.000911727	
4076	203.75	-0.0129965	-0.000876942	
4077	203.8	-0.0130173	-0.000907149	
4078	203.85	-0.0130207	-0.000907941	
4079	203.9	-0.0130219	-0.000907398	
4080	203.95	-0.0130223	-0.00090674	
4081	204	-0.0130312	-0.00094114	
4082	204.05	-0.0130093	-0.000911147	
4083	204.1	-0.0130059	-0.00091048	
4084	204.15	-0.0130048	-0.000911058	
4085	204.2	-0.0130044	-0.000911728	
4086	204.25	-0.0129965	-0.000876943	
4087	204.3	-0.0130173	-0.000907149	
4088	204.35	-0.0130207	-0.000907941	
4089	204.4	-0.0130219	-0.000907398	
4090	204.45	-0.0130223	-0.00090674	
4091	204.5	-0.0130312	-0.00094114	
4092	204.55	-0.0130093	-0.000911147	
4093	204.6	-0.0130059	-0.000910482	
4094	204.65	-0.0130048	-0.000911058	
4095	204.7	-0.0130044	-0.000911727	
4096	204.75	-0.0129965	-0.000876943	
4097	204.8	-0.0130173	-0.00090715	
4098	204.85	-0.0130207	-0.000907941	
4099	204.9	-0.0130219	-0.000907398	
4100	204.95	-0.0130223	-0.00090674	
4101	205	-0.0130312	-0.00094114	
4102	205.05	-0.0130093	-0.000911146	
4103	205.1	-0.0130059	-0.000910481	
4104	205.15	-0.0130048	-0.000911058	
4105	205.2	-0.0130044	-0.000911727	
4106	205.25	-0.0129965	-0.000876943	
4107	205.3	-0.0130173	-0.000907148	
4108	205.35	-0.0130207	-0.000907941	
4109	205.4	-0.0130219	-0.000907398	
4110	205.45	-0.0130223	-0.00090674	
4111	205.5	-0.0130312	-0.00094114	
4112	205.55	-0.0130093	-0.000911147	
4113	205.6	-0.0130059	-0.00091048	
4114	205.65	-0.0130048	-0.000911058	
4115	205.7	-0.0130044	-0.000911727	
4116	205.75	-0.0129965	-0.000876943	
4117	205.8	-0.0130173	-0.000907149	
4118	205.85	-0.0130207	-0.00090794	
4119	205.9	-0.0130219	-0.000907398	
4120	205.95	-0.0130223	-0.00090674	
4121	206	-0.0130312	-0.00094114	
4122	206.05	-0.0130093	-0.000911147	
4123	206.1	-0.0130059	-0.000910481	
4124	206.15	-0.0130048	-0.000911058	
4125	206.2	-0.0130044	-0.000911727	
4126	206.25	-0.0129965	-0.000876942	
4127	206.3	-0.0130173	-0.000907149	
4128	206.35	-0.0130207	-0.00090794	
4129	206.4	-0.0130219	-0.000907398	
4130	206.45	-0.0130223	-0.00090674	
4131	206.5	-0.0130312	-0.00094114	
4132	206.55	-0.0130093	-0.000911147	
4133	206.6	-0.0130059	-0.000910481	
4134	206.65	-0.0130048	-0.000911058	
4135	206.7	-0.0130044	-0.000911727	
4136	206.75	-0.0129965	-0.000876942	
4137	206.8	-0.0130173	-0.00090715	
4138	206.85	-0.0130207	-0.00090794	
4139	206.9	-0.0130219	-0.000907397	
4140	206.95	-0.0130223	-0.00090674	
4141	207	-0.0130312	-0.00094114	
4142	207.05	-0.0130093	-0.000911147	
4143	207.1	-0.0130059	-0.000910481	
4144	207.15	-0.0130048	-0.000911058	
4145	207.2	-0.0130044	-0.000911727	
4146	207.25	-0.0129965	-0.000876943	
4147	207.3	-0.0130173	-0.000907149	
4148	207.35	-0.0130207	-0.00090794	
4149	207.4	-0.0130219	-0.000907399	
4150	207.45	-0.0130223	-0.000906741	
4151	207.5	-0.0130312	-0.000941139	
4152	207.55	-0.0130093	-0.000911146	
4153	207.6	-0.0130059	-0.000910481	
4154	207.65	-0.0130048	-0.000911058	
4155	207.7	-0.0130044	-0.000911727	
4156	207.75	-0.0129965	-0.000876943	
4157	207.8	-0.0130173	-0.000907149	
4158	207.85	-0.0130207	-0.00090794	
4159	207.9	-0.0130219	-0.000907398	
4160	207.95	-0.0130223	-0.00090674	
4161	208	-0.0130312	-0.00094114	
4162	208.05	-0.0130093	-0.000911147	
4163	208.1	-0.0130059	-0.000910481	
4164	208.15	-0.0130048	-0.000911058	
4165	208.2	-0.0130044	-0.000911727	
4166	208.25	-0.0129965	-0.000876943	
4167	208.3	-0.0130173	-0.000907149	
4168	208.35	-0.0130207	-0.00090794	
4169	208.4	-0.0130219	-0.000907398	
4170	208.45	-0.0130223	-0.00090674	
4171	208.5	-0.0130312	-0.00094114	
4172	208.55	-0.0130093	-0.000911147	
4173	208.6	-0.0130059	-0.000910481	
4174	208.65	-0.0130048	-0.000911058	
4175	208.7	-0.0130044	-0.000911727	
4176	208.75	-0.0129965	-0.000876942	
4177	208.8	-0.0130173	-0.000907149	
4178	208.85	-0.0130207	-0.000907941	
4179	208.9	-0.0130219	-0.000907398	
4180	208.95	-0.0130223	-0.00090674	
4181	209	-0.0130312	-0.00094114	
4182	209.05	-0.0130093	-0.000911147	
4183	209.1	-0.0130059	-0.00091048	
4184	209.15	-0.0130048	-0.000911058	
4185	209.2	-0.0130044	-0.000911727	
4186	209.25	-0.0129965	-0.000876943	
4187	209.3	-0.0130173	-0.000907148	
4188	209.35	-0.0130207	-0.000907941	
4189	209.4	-0.0130219	-0.000907398	
4190	209.45	-0.0130223	-0.000906741	
4191	209.5	-0.0130312	-0.00094114	
4192	209.55	-0.0130093	-0.000911147	
4193	209.6	-0.0130059	-0.000910481	
4194	209.65	-0.0130048	-0.000911058	
4195	209.7	-0.0130044	-0.000911727	
4196	209.75	-0.0129965	-0.000876943	
4197	209.8	-0.0130173	-0.000907149	
4198	209.85	-0.0130207	-0.00090794	
4199	209.9	-0.0130219	-0.000907398	
4200	209.95	-0.0130223	-0.00090674	
4201	210	-0.0130312	-0.00094114	
4202	210.05	-0.0130093	-0.000911147	
4203	210.1	-0.0130059	-0.000910481	
4204	210.15	-0.0130048	-0.000911058	
4205	210.2	-0.0130044	-0.000911727	
4206	210.25	-0.0129965	-0.000876943	
4207	210.3	-0.0130173	-0.000907149	
4208	210.35	-0.0130207	-0.00090794	
4209	210.4	-0.0130219	-0.000907398	
4210	210.45	-0.0130223	-0.00090674	
4211	210.5	-0.0130312	-0.00094114	
4212	210.55	-0.0130093	-0.000911146	
4213	210.6	-0.0130059	-0.000910481	
4214	210.65	-0.0130048	-0.000911058	
4215	210.7	-0.0130044	-0.000911727	
4216	210.75	-0.0129965	-0.000876943	
4217	210.8	-0.0130173	-0.000907149	
4218	210.85	-0.0130207	-0.00090794	
4219	210.9	-0.0130219	-0.000907398	
4220	210.95	-0.0130223	-0.000906739	
4221	211	-0.0130312	-0.00094114	
4222	211.05	-0.0130093	-0.000911147	
4223	211.1	-0.0130059	-0.000910481	
4224	211.15	-0.0130048	-0.000911058	
4225	211.2	-0.0130044	-0.000911727	
4226	211.25	-0.0129965	-0.000876942	
4227	211.3	-0.0130173	-0.000907149	
4228	211.35	-0.0130207	-0.00090794	
4229	211.4	-0.0130219	-0.000907398	
4230	211.45	-0.0130223	-0.00090674	
4231	211.5	-0.0130312	-0.00094114	
4232	211.55	-0.0130093	-0.000911147	
4233	211.6	-0.0130059	-0.000910481	
4234	211.65	-0.0130048	-0.000911058	
4235	211.7	-0.0130044	-0.000911727	
4236	211.75	-0.0129965	-0.000876943	
4237	211.8	-0.0130173	-0.000907149	
4238	211.85	-0.0130207	-0.00090794	
4239	211.9	-0.0130219	-0.000907399	
4240	211.95	-0.0130223	-0.00090674	
4241	212	-0.0130312	-0.00094114	
4242	212.05	-0.0130093	-0.000911147	
4243	212.1	-0.0130059	-0.000910481	
4244	212.15	-0.0130048	-0.000911058	
4245	212.2	-0.0130044	-0.000911727	
4246	212.25	-0.0129965	-0.000876943	
4247	212.3	-0.0130173	-0.000907149	
4248	212.35	-0.0130207	-0.00090794	
4249	212.4	-0.0130219	-0.000907398	
4250	212.45	-0.0130223	-0.00090674	
4251	212.5	-0.0130312	-0.00094114	
4252	212.55	-0.0130093	-0.000911147	
4253	212.6	-0.0130059	-0.000910481	
4254	212.65	-0.0130048	-0.000911058	
4255	212.7	-0.0130044	-0.000911727	
4256	212.75	-0.0129965	-0.000876943	
4257	212.8	-0.0130173	-0.000907149	
4258	212.85	-0.0130207	-0.00090794	
4259	212.9	-0.0130219	-0.000907399	
4260	212.95	-0.0130223	-0.00090674	
4261	213	-0.0130312	-0.00094114	
4262	213.05	-0.0130093	-0.000911146	
4263	213.1	-0.0130059	-0.000910481	
4264	213.15	-0.0130048	-0.000911058	
4265	213.2	-0.0130044	-0.000911727	
4266	213.25	-0.0129965	-0.000876943	
4267	213.3	-0.0130173	-0.000907149	
4268	213.35	-0.0130207	-0.000907941	
4269	213.4	-0.0130219	-0.000907398	
4270	213.45	-0.0130223	-0.000906739	
4271	213.5	-0.0130312	-0.00094114	
4272	213.55	-0.0130093	-0.000911147	
4273	213.6	-0.0130059	-0.000910481	
4274	213.65	-0.0130048	-0.000911058	
4275	213.7	-0.0130044	-0.000911727	
4276	213.75	-0.0129965	-0.000876943	
4277	213.8	-0.0130173	-0.000907149	
4278	213.85	-0.0130207	-0.000907939	
4279	213.9	-0.0130219	-0.000907398	
4280	213.95	-0.0130223	-0.00090674	
4281	214	-0.0130312	-0.00094114	
4282	214.05	-0.0130093	-0.000911147	
4283	214.1	-0.0130059	-0.000910481	
4284	214.15	-0.0130048	-0.000911058	
4285	214.2	-0.0130044	-0.000911727	
4286	214.25	-0.0129965	-0.000876942	
4287	214.3	-0.0130173	-0.000907149	
4288	214.35	-0.0130207	-0.00090794	
4289	214.4	-0.0130219	-0.000907398	
4290	214.45	-0.0130223	-0.00090674	
4291	214.5	-0.0130312	-0.00094114	
4292	214.55	-0.0130093	-0.000911147	
4293	214.6	-0.0130059	-0.000910481	
4294	214.65	-0.0130048	-0.000911058	
4295	214.7	-0.0130044	-0.000911727	
4296	214.75	-0.0129965	-0.000876943	
4297	214.8	-0.0130173	-0.000907149	
4298	214.85	-0.0130207	-0.000907941	
4299	214.9	-0.0130219	-0.000907398	
4300	214.95	-0.0130223	-0.00090674	
4301	215	-0.0130312	-0.00094114	
4302	215.05	-0.0130093	-0.000911147	
4303	215.1	-0.0130059	-0.000910481	
4304	215.15	-0.0130048	-0.000911058	
4305	215.2	-0.0130044	-0.000911727	
4306	215.25	-0.0129965	-0.000876943	
4307	215.3	-0.0130173	-0.000907149	
4308	215.35	-0.0130207	-0.000907941	
4309	215.4	-0.0130219	-0.000907398	
4310	215.45	-0.0130223	-0.000906739	
4311	215.5	-0.0130312	-0.00094114	
4312	215.55	-0.0130093	-0.000911147	
4313	215.6	-0.0130059	-0.00091048	
4314	215.65	-0.0130048	-0.000911059	
4315	215.7	-0.0130044	-0.000911727	
4316	215.75	-0.0129965	-0.000876943	
4317	215.8	-0.0130173	-0.000907149	
4318	215.85	-0.0130207	-0.00090794	
4319	215.9	-0.0130219	-0.000907398	
4320	215.95	-0.0130223	-0.00090674	
4321	216	-0.0130312	-0.00094114	
4322	216.05	-0.0130093	-0.000911147	
4323	216.1	-0.0130059	-0.00091048	
4324	216.15	-0.0130048	-0.000911059	
4325	216.2	-0.0130044	-0.000911727	
4326	216.25	-0.0129965	-0.000876943	
4327	216.3	-0.0130173	-0.000907148	
4328	216.35	-0.0130207	-0.000907941	
4329	216.4	-0.0130219	-0.000907399	
4330	216.45	-0.0130223	-0.000906739	
4331	216.5	-0.0130312	-0.00094114	
4332	216.55	-0.0130093	-0.000911147	
4333	216.6	-0.0130059	-0.000910481	
4334	216.65	-0.0130048	-0.000911058	
4335	216.7	-0.0130044	-0.000911726	
4336	216.75	-0.0129965	-0.000876943	
4337	216.8	-0.0130173	-0.000907149	
4338	216.85	-0.0130207	-0.00090794	
4339	216.9	-0.0130219	-0.000907398	
4340	216.95	-0.0130223	-0.00090674	
4341	217	-0.0130312	-0.00094114	
4342	217.05	-0.0130093	-0.000911147	
4343	217.1	-0.0130059	-0.00091048	
4344	217.15	-0.0130048	-0.000911058	
4345	217.2	-0.0130044	-0.000911727	
4346	217.25	-0.0129965	-0.000876942	
4347	217.3	-0.0130173	-0.000907149	
4348	217.35	-0.0130207	-0.000907941	
4349	217.4	-0.0130219	-0.000907398	
4350	217.45	-0.0130223	-0.00090674	
4351	217.5	-0.0130312	-0.00094114	
4352	217.55	-0.0130093	-0.000911147	
4353	217.6	-0.0130059	-0.000910481	
4354	217.65	-0.0130048	-0.000911058	
4355	217.7	-0.0130044	-0.000911727	
4356	217.75	-0.0129965	-0.000876943	
4357	217.8	-0.0130173	-0.000907149	
4358	217.85	-0.0130207	-0.00090794	
4359	217.9	-0.0130219	-0.000907398	
4360	217.95	-0.0130223	-0.00090674	
4361	218	-0.0130312	-0.00094114	
4362	218.05	-0.0130093	-0.000911147	
4363	218.1	-0.0130059	-0.000910481	
4364	218.15	-0.0130048	-0.000911058	
4365	218.2	-0.0130044	-0.000911727	
4366	218.25	-0.0129965	-0.000876943	
4367	218.3	-0.0130173	-0.000907149	
4368	218.35	-0.0130207	-0.000907945	
4369	218.4	-0.0130219	-0.000907394	
4370	218.45	-0.0130223	-0.00090674	
4371	218.5	-0.0130312	-0.00094114	
4372	218.55	-0.0130093	-0.000911147	
4373	218.6	-0.0130059	-0.000910481	
4374	218.65	-0.0130048	-0.000911059	
4375	218.7	-0.0130044	-0.000911727	
4376	218.75	-0.0129966	-0.000876943	
4377	218.8	-0.0130173	-0.000907149	
4378	218.85	-0.0130207	-0.00090794	
4379	218.9	-0.0130219	-0.000907398	
4380	218.95	-0.0130223	-0.000906741	
4381	219	-0.0130312	-0.00094114	
4382	219.05	-0.0130093	-0.000911147	
4383	219.1	-0.0130059	-0.000910481	
4384	219.15	-0.0130048	-0.000911058	
4385	219.2	-0.0130044	-0.000911727	
4386	219.25	-0.0129965	-0.000876943	
4387	219.3	-0.0130173	-0.000907149	
4388	219.35	-0.0130207	-0.00090794	
4389	219.4	-0.0130219	-0.000907398	
4390	219.45	-0.0130223	-0.00090674	
4391	219.5	-0.0130312	-0.00094114	
4392	219.55	-0.0130093	-0.000911147	
4393	219.6	-0.0130059	-0.000910481	
4394	219.65	-0.0130048	-0.000911058	
4395	219.7	-0.0130044	-0.000911727	
4396	219.75	-0.0129965	-0.000876943	
4397	219.8	-0.0130173	-0.000907149	
4398	219.85	-0.0130207	-0.00090794	
4399	219.9	-0.0130219	-0.000907398	
4400	219.95	-0.0130223	-0.00090674	
4401	220	-0.0130312	-0.00094114	
4402	220.05	-0.0130093	-0.000911147	
4403	220.1	-0.0130059	-0.000910481	
4404	220.15	-0.0130048	-0.000911058	
4405	220.2	-0.0130044	-0.000911727	
4406	220.25	-0.0129965	-0.000876943	
4407	220.3	-0.0130173	-0.000907149	
4408	220.35	-0.0130207	-0.00090794	
4409	220.4	-0.0130219	-0.000907398	
4410	220.45	-0.0130223	-0.00090674	
4411	220.5	-0.0130312	-0.00094114	
4412	220.55	-0.0130093	-0.000911147	
4413	220.6	-0.0130059	-0.00091048	
4414	220.65	-0.0130048	-0.000911059	
4415	220.7	-0.0130044	-0.000911727	
4416	220.75	-0.0129965	-0.000876942	
4417	220.8	-0.0130173	-0.000907149	
4418	220.85	-0.0130207	-0.00090794	
4419	220.9	-0.0130219	-0.000907398	
4420	220.95	-0.0130223	-0.00090674	
4421	221	-0.0130312	-0.00094114	
4422	221.05	-0.0130093	-0.000911148	
4423	221.1	-0.0130059	-0.000910481	
4424	221.15	-0.0130048	-0.000911058	
4425	221.2	-0.0130044	-0.000911728	
4426	221.25	-0.0129965	-0.000876943	
4427	221.3	-0.0130173	-0.000907149	
4428	221.35	-0.0130207	-0.000907941	
4429	221.4	-0.0130219	-0.000907398	
4430	221.45	-0.0130223	-0.000906739	
4431	221.5	-0.0130312	-0.00094114	
4432	221.55	-0.0130093	-0.000911147	
4433	221.6	-0.0130059	-0.000910481	
4434	221.65	-0.0130048	-0.000911059	
4435	221.7	-0.0130044	-0.000911727	
4436	221.75	-0.0129965	-0.000876943	
4437	221.8	-0.0130173	-0.000907148	
4438	221.85	-0.0130207	-0.000907941	
4439	221.9	-0.0130219	-0.000907398	
4440	221.95	-0.0130223	-0.00090674	
4441	222	-0.0130312	-0.00094114	
4442	222.05	-0.0130093	-0.000911147	
4443	222.1	-0.0130059	-0.000910481	
4444	222.15	-0.0130048	-0.000911058	
4445	222.2	-0.0130044	-0.000911727	
4446	222.25	-0.0129965	-0.000876943	
4447	222.3	-0.0130173	-0.000907149	
4448	222.35	-0.0130207	-0.00090794	
4449	222.4	-0.0130219	-0.000907398	
4450	222.45	-0.0130223	-0.000906739	
4451	222.5	-0.0130312	-0.00094114	
4452	222.55	-0.0130093	-0.000911147	
4453	222.6	-0.0130059	-0.000910481	
4454	222.65	-0.0130048	-0.000911058	
4455	222.7	-0.0130044	-0.000911727	
4456	222.75	-0.0129965	-0.000876943	
4457	222.8	-0.0130173	-0.000907149	
4458	222.85	-0.0130207	-0.00090794	
4459	222.9	-0.0130219	-0.000907397	
4460	222.95	-0.0130223	-0.00090674	
4461	223	-0.0130312	-0.00094114	
4462	223.05	-0.0130093	-0.000911147	
4463	223.1	-0.0130059	-0.000910481	
4464	223.15	-0.0130048	-0.000911058	
4465	223.2	-0.0130044	-0.000911726	
4466	223.25	-0.0129965	-0.000876943	
4467	223.3	-0.0130173	-0.00090715	
4468	223.35	-0.0130207	-0.00090794	
4469	223.4	-0.0130219	-0.000907398	
4470	223.45	-0.0130223	-0.00090674	
4471	223.5	-0.0130312	-0.00094114	
4472	223.55	-0.0130093	-0.000911147	
4473	223.6	-0.0130059	-0.000910481	
4474	223.65	-0.0130048	-0.000911058	
4475	223.7	-0.0130044	-0.000911727	
4476	223.75	-0.0129965	-0.000876943	
4477	223.8	-0.0130173	-0.000907149	
4478	223.85	-0.0130207	-0.00090794	
4479	223.9	-0.0130219	-0.000907398	
4480	223.95	-0.0130223	-0.00090674	
4481	224	-0.0130312	-0.00094114	
4482	224.05	-0.0130093	-0.000911148	
4483	224.1	-0.0130059	-0.000910481	
4484	224.15	-0.0130048	-0.000911058	
4485	224.2	-0.0130044	-0.000911728	
4486	224.25	-0.0129965	-0.000876943	
4487	224.3	-0.0130173	-0.000907149	
4488	224.35	-0.0130207	-0.000907941	
4489	224.4	-0.0130219	-0.000907397	
4490	224.45	-0.0130223	-0.00090674	
4491	224.5	-0.0130312	-0.00094114	
4492	224.55	-0.0130093	-0.000911147	
4493	224.6	-0.0130059	-0.000910479	
4494	224.65	-0.0130048	-0.00091106	
4495	224.7	-0.0130044	-0.000911727	
4496	224.75	-0.0129965	-0.000876943	
4497	224.8	-0.0130173	-0.000907149	
4498	224.85	-0.0130207	-0.00090794	
4499	224.9	-0.0130219	-0.000907399	
4500	224.95	-0.0130223	-0.00090674	
4501	225	-0.0130312	-0.00094114	
4502	225.05	-0.0130093	-0.000911147	
4503	225.1	-0.0130059	-0.000910481	
4504	225.15	-0.0130048	-0.000911058	
4505	225.2	-0.0130044	-0.000911727	
4506	225.25	-0.0129965	-0.000876943	
4507	225.3	-0.0130173	-0.000907148	
4508	225.35	-0.0130207	-0.000907941	
4509	225.4	-0.0130219	-0.000907398	
4510	225.45	-0.0130223	-0.00090674	
4511	225.5	-0.0130312	-0.00094114	
4512	225.55	-0.0130093	-0.000911146	
4513	225.6	-0.0130059	-0.000910481	
4514	225.65	-0.0130048	-0.000911058	
4515	225.7	-0.0130044	-0.000911727	
4516	225.75	-0.0129965	-0.000876942	
4517	225.8	-0.0130173	-0.00090715	
4518	225.85	-0.0130207	-0.00090794	
4519	225.9	-0.0130219	-0.000907397	
4520	225.95	-0.0130223	-0.000906739	
4521	226	-0.0130312	-0.00094114	
4522	226.05	-0.0130093	-0.000911147	
4523	226.1	-0.0130059	-0.000910481	
4524	226.15	-0.0130048	-0.000911058	
4525	226.2	-0.0130044	-0.000911727	
4526	226.25	-0.0129965	-0.000876943	
4527	226.3	-0.0130173	-0.000907148	
4528	226.35	-0.0130207	-0.000907941	
4529	226.4	-0.0130219	-0.000907397	
4530	226.45	-0.0130223	-0.000906741	
4531	226.5	-0.0130312	-0.00094114	
4532	226.55	-0.0130093	-0.000911147	
4533	226.6	-0.0130059	-0.000910481	
4534	226.65	-0.0130048	-0.000911058	
4535	226.7	-0.0130044	-0.000911727	
4536	226.75	-0.0129965	-0.000876943	
4537	226.8	-0.0130173	-0.000907148	
4538	226.85	-0.0130207	-0.000907941	
4539	226.9	-0.0130219	-0.000907398	
4540	226.95	-0.0130223	-0.000906739	
4541	227	-0.0130312	-0.00094114	
4542	227.05	-0.0130093	-0.000911147	
4543	227.1	-0.0130059	-0.00091048	
4544	227.15	-0.0130048	-0.000911058	
4545	227.2	-0.0130044	-0.000911727	
4546	227.25	-0.0129965	-0.000876943	
4547	227.3	-0.0130173	-0.000907149	
4548	227.35	-0.0130207	-0.00090794	
4549	227.4	-0.0130219	-0.000907398	
4550	227.45	-0.0130223	-0.00090674	
4551	227.5	-0.0130312	-0.00094114	
4552	227.55	-0.0130093	-0.000911147	
4553	227.6	-0.0130059	-0.000910481	
4554	227.65	-0.0130048	-0.000911058	
4555	227.7	-0.0130044	-0.000911727	
4556	227.75	-0.0129965	-0.000876942	
4557	227.8	-0.0130173	-0.000907149	
4558	227.85	-0.0130207	-0.00090794	
4559	227.9	-0.0130219	-0.000907399	
4560	227.95	-0.0130223	-0.00090674	
4561	228	-0.0130312	-0.00094114	
4562	228.05	-0.0130093	-0.000911147	
4563	228.1	-0.0130059	-0.000910481	
4564	228.15	-0.0130048	-0.000911058	
4565	228.2	-0.0130044	-0.000911727	
4566	228.25	-0.0129965	-0.000876943	
4567	228.3	-0.0130173	-0.000907149	
4568	228.35	-0.0130207	-0.00090794	
4569	228.4	-0.0130219	-0.000907398	
4570	228.45	-0.0130223	-0.000906741	
4571	228.5	-0.0130312	-0.00094114	
4572	228.55	-0.0130093	-0.000911147	
4573	228.6	-0.0130059	-0.000910481	
4574	228.65	-0.0130048	-0.000911058	
4575	228.7	-0.0130044	-0.000911728	
4576	228.75	-0.0129965	-0.000876942	
4577	228.8	-0.0130173	-0.000907148	
4578	228.85	-0.0130207	-0.000907941	
4579	228.9	-0.0130219	-0.000907398	
4580	228.95	-0.0130223	-0.000906739	
4581	229	-0.0130312	-0.00094114	
4582	229.05	-0.0130093	-0.000911147	
4583	229.1	-0.0130059	-0.00091048	
4584	229.15	-0.0130048	-0.000911058	
4585	229.2	-0.0130044	-0.000911727	
4586	229.25	-0.0129965	-0.000876943	
4587	229.3	-0.0130173	-0.000907148	
4588	229.35	-0.0130207	-0.000907941	
4589	229.4	-0.0130219	-0.000907399	
4590	229.45	-0.0130223	-0.00090674	
4591	229.5	-0.0130312	-0.00094114	
4592	229.55	-0.0130093	-0.000911147	
4593	229.6	-0.0130059	-0.000910481	
4594	229.65	-0.0130048	-0.000911058	
4595	229.7	-0.0130044	-0.000911727	
4596	229.75	-0.0129965	-0.000876943	
4597	229.8	-0.0130173	-0.00090715	
4598	229.85	-0.0130207	-0.00090794	
4599	229.9	-0.0130219	-0.000907398	
4600	229.95	-0.0130223	-0.00090674	
4601	230	-0.0130312	-0.00094114	
4602	230.05	-0.0130093	-0.000911147	
4603	230.1	-0.0130059	-0.000910481	
4604	230.15	-0.0130048	-0.000911059	
4605	230.2	-0.0130044	-0.000911727	
4606	230.25	-0.0129965	-0.000876942	
4607	230.3	-0.0130173	-0.000907148	
4608	230.35	-0.0130207	-0.000907941	
4609	230.4	-0.0130219	-0.000907398	
4610	230.45	-0.0130223	-0.00090674	
4611	230.5	-0.0130312	-0.00094114	
4612	230.55	-0.0130093	-0.000911147	
4613	230.6	-0.0130059	-0.000910481	
4614	230.65	-0.0130048	-0.000911058	
4615	230.7	-0.0130044	-0.000911727	
4616	230.75	-0.0129965	-0.000876943	
4617	230.8	-0.0130173	-0.00090715	
4618	230.85	-0.0130207	-0.000907939	
4619	230.9	-0.0130219	-0.000907398	
4620	230.95	-0.0130223	-0.000906739	
4621	231	-0.0130312	-0.00094114	
4622	231.05	-0.0130093	-0.000911147	
4623	231.1	-0.0130059	-0.000910481	
4624	231.15	-0.0130048	-0.000911058	
4625	231.2	-0.0130044	-0.000911727	
4626	231.25	-0.0129965	-0.000876943	
4627	231.3	-0.0130173	-0.00090715	
4628	231.35	-0.0130207	-0.00090794	
4629	231.4	-0.0130219	-0.000907398	
4630	231.45	-0.0130223	-0.00090674	
4631	231.5	-0.0130312	-0.00094114	
4632	231.55	-0.0130093	-0.000911147	
4633	231.6	-0.0130059	-0.000910481	
4634	231.65	-0.0130048	-0.000911058	
4635	231.7	-0.0130044	-0.000911727	
4636	231.75	-0.0129965	-0.000876943	
4637	231.8	-0.0130173	-0.000907149	
4638	231.85	-0.0130207	-0.000907939	
4639	231.9	-0.0130219	-0.000907399	
4640	231.95	-0.0130223	-0.00090674	
4641	232	-0.0130312	-0.00094114	
4642	232.05	-0.0130093	-0.000911147	
4643	232.1	-0.0130059	-0.000910481	
4644	232.15	-0.0130048	-0.000911058	
4645	232.2	-0.0130044	-0.000911727	
4646	232.25	-0.0129965	-0.000876943	
4647	232.3	-0.0130173	-0.000907148	
4648	232.35	-0.0130207	-0.000907942	
4649	232.4	-0.0130219	-0.000907398	
4650	232.45	-0.0130223	-0.00090674	
4651	232.5	-0.0130312	-0.00094114	
4652	232.55	-0.0130093	-0.000911147	
4653	232.6	-0.0130059	-0.00091048	
4654	232.65	-0.0130048	-0.000911058	
4655	232.7	-0.0130044	-0.000911727	
4656	232.75	-0.0129965	-0.000876943	
4657	232.8	-0.0130173	-0.000907149	
4658	232.85	-0.0130207	-0.000907941	
4659	232.9	-0.0130219	-0.000907398	
4660	232.95	-0.0130223	-0.00090674	
4661	233	-0.0130312	-0.00094114	
4662	233.05	-0.0130093	-0.000911147	
4663	233.1	-0.0130059	-0.00091048	
4664	233.15	-0.0130048	-0.000911059	
4665	233.2	-0.0130044	-0.000911727	
4666	233.25	-0.0129965	-0.000876943	
4667	233.3	-0.0130173	-0.000907149	
4668	233.35	-0.0130207	-0.00090794	
4669	233.4	-0.0130219	-0.000907398	
4670	233.45	-0.0130223	-0.000906741	
4671	233.5	-0.0130312	-0.000941139	
4672	233.55	-0.0130093	-0.000911148	
4673	233.6	-0.0130059	-0.000910481	
4674	233.65	-0.0130048	-0.000911058	
4675	233.7	-0.0130044	-0.000911727	
4676	233.75	-0.0129965	-0.000876942	
4677	233.8	-0.0130173	-0.000907148	
4678	233.85	-0.0130207	-0.000907941	
4679	233.9	-0.0130219	-0.000907398	
4680	233.95	-0.0130223	-0.000906739	
4681	234	-0.0130312	-0.00094114	
4682	234.05	-0.0130093	-0.000911147	
4683	234.1	-0.0130059	-0.000910481	
4684	234.15	-0.0130048	-0.000911058	
4685	234.2	-0.0130044	-0.000911727	
4686	234.25	-0.0129965	-0.000876943	
4687	234.3	-0.0130173	-0.000907149	
4688	234.35	-0.0130207	-0.00090794	
4689	234.4	-0.0130219	-0.000907398	
4690	234.45	-0.0130223	-0.000906739	
4691	234.5	-0.0130312	-0.00094114	
4692	234.55	-0.0130093	-0.000911147	
4693	234.6	-0.0130059	-0.000910481	
4694	234.65	-0.0130048	-0.000911058	
4695	234.7	-0.0130044	-0.000911727	
4696	234.75	-0.0129965	-0.000876942	
4697	234.8	-0.0130173	-0.000907149	
4698	234.85	-0.0130207	-0.00090794	
4699	234.9	-0.0130219	-0.000907398	
4700	234.95	-0.0130223	-0.000906739	
4701	235	-0.0130312	-0.00094114	
4702	235.05	-0.0130093	-0.000911147	
4703	235.1	-0.0130059	-0.000910481	
4704	235.15	-0.0130048	-0.000911058	
4705	235.2	-0.0130044	-0.000911727	
4706	235.25	-0.0129965	-0.000876943	
4707	235.3	-0.0130173	-0.000907149	
4708	235.35	-0.0130207	-0.00090794	
4709	235.4	-0.0130219	-0.000907398	
4710	235.45	-0.0130223	-0.00090674	
4711	235.5	-0.0130312	-0.000941139	
4712	235.55	-0.0130093	-0.000911148	
4713	235.6	-0.0130059	-0.000910481	
4714	235.65	-0.0130048	-0.000911058	
4715	235.7	-0.0130044	-0.000911727	
4716	235.75	-0.0129965	-0.000876943	
4717	235.8	-0.0130173	-0.000907149	
4718	235.85	-0.0130207	-0.00090794	
4719	235.9	-0.0130219	-0.000907398	
4720	235.95	-0.0130223	-0.00090674	
4721	236	-0.0130312	-0.00094114	
4722	236.05	-0.0130093	-0.000911147	
4723	236.1	-0.0130059	-0.00091048	
4724	236.15	-0.0130048	-0.000911059	
4725	236.2	-0.0130044	-0.000911727	
4726	236.25	-0.0129965	-0.000876943	
4727	236.3	-0.0130173	-0.000907149	
4728	236.35	-0.0130207	-0.000907941	
4729	236.4	-0.0130219	-0.000907398	
4730	236.45	-0.0130223	-0.00090674	
4731	236.5	-0.0130312	-0.00094114	
4732	236.55	-0.0130093	-0.000911147	
4733	236.6	-0.0130059	-0.000910481	
4734	236.65	-0.0130048	-0.000911058	
4735	236.7	-0.0130044	-0.000911727	
4736	236.75	-0.0129965	-0.000876943	
4737	236.8	-0.0130173	-0.000907149	
4738	236.85	-0.0130207	-0.00090794	
4739	236.9	-0.0130219	-0.000907398	
4740	236.95	-0.0130223	-0.000906739	
4741	237	-0.0130312	-0.00094114	
4742	237.05	-0.0130093	-0.000911147	
4743	237.1	-0.0130059	-0.000910481	
4744	237.15	-0.0130048	-0.000911058	
4745	237.2	-0.0130044	-0.000911727	
4746	237.25	-0.0129965	-0.000876943	
4747	237.3	-0.0130173	-0.000907149	
4748	237.35	-0.0130207	-0.00090794	
4749	237.4	-0.0130219	-0.000907398	
4750	237.45	-0.0130223	-0.000906741	
4751	237.5	-0.0130312	-0.00094114	
4752	237.55	-0.0130093	-0.000911147	
4753	237.6	-0.0130059	-0.000910481	
4754	237.65	-0.0130048	-0.000911059	
4755	237.7	-0.0130044	-0.000911727	
4756	237.75	-0.0129965	-0.000876943	
4757	237.8	-0.0130173	-0.000907149	
4758	237.85	-0.0130207	-0.00090794	
4759	237.9	-0.0130219	-0.000907398	
4760	237.95	-0.0130223	-0.00090674	
4761	238	-0.0130312	-0.00094114	
4762	238.05	-0.0130093	-0.000911147	
4763	238.1	-0.0130059	-0.000910481	
4764	238.15	-0.0130048	-0.000911058	
4765	238.2	-0.0130044	-0.000911728	
4766	238.25	-0.0129965	-0.000876943	
4767	238.3	-0.0130173	-0.00090715	
4768	238.35	-0.0130207	-0.00090794	
4769	238.4	-0.0130219	-0.000907398	
4770	238.45	-0.0130223	-0.00090674	
4771	238.5	-0.0130312	-0.00094114	
4772	238.55	-0.0130093	-0.000911147	
4773	238.6	-0.0130059	-0.000910481	
4774	238.65	-0.0130048	-0.000911058	
4775	238.7	-0.0130044	-0.000911727	
4776	238.75	-0.0129965	-0.000876943	
4777	238.8	-0.0130173	-0.000907148	
4778	238.85	-0.0130207	-0.000907941	
4779	238.9	-0.0130219	-0.000907399	
4780	238.95	-0.0130223	-0.00090674	
4781	239	-0.0130312	-0.00094114	
4782	239.05	-0.0130093	-0.000911147	
4783	239.1	-0.0130059	-0.000910481	
4784	239.15	-0.0130048	-0.000911058	
4785	239.2	-0.0130044	-0.000911727	
4786	239.25	-0.0129965	-0.000876943	
4787	239.3	-0.0130173	-0.000907149	
4788	239.35	-0.0130207	-0.00090794	
4789	239.4	-0.0130219	-0.000907399	
4790	239.45	-0.0130223	-0.00090674	
4791	239.5	-0.0130312	-0.00094114	
4792	239.55	-0.0130093	-0.000911147	
4793	239.6	-0.0130059	-0.000910481	
4794	239.65	-0.0130048	-0.000911058	
4795	239.7	-0.0130044	-0.000911727	
4796	239.75	-0.0129965	-0.000876943	
4797	239.8	-0.0130173	-0.000907149	
4798	239.85	-0.0130207	-0.00090794	
4799	239.9	-0.0130219	-0.000907398	
4800	239.95	-0.0130223	-0.000906739	
4801	240	-0.0130312	-0.00094114	
4802	240.05	-0.0130093	-0.000911147	
4803	240.1	-0.0130059	-0.000910481	
4804	240.15	-0.0130048	-0.000911058	
4805	240.2	-0.0130044	-0.000911727	
4806	240.25	-0.0129965	-0.000876942	
4807	240.3	-0.0130173	-0.000907149	
4808	240.35	-0.0130207	-0.00090794	
4809	240.4	-0.0130219	-0.000907398	
4810	240.45	-0.0130223	-0.00090674	
4811	240.5	-0.0130312	-0.00094114	
4812	240.55	-0.0130093	-0.000911147	
4813	240.6	-0.0130059	-0.000910481	
4814	240.65	-0.0130048	-0.000911059	
4815	240.7	-0.0130044	-0.000911727	
4816	240.75	-0.0129965	-0.000876943	
4817	240.8	-0.0130173	-0.000907149	
4818	240.85	-0.0130207	-0.000907941	
4819	240.9	-0.0130219	-0.000907397	
4820	240.95	-0.0130223	-0.00090674	
4821	241	-0.0130312	-0.00094114	
4822	241.05	-0.0130093	-0.000911147	
4823	241.1	-0.0130059	-0.000910481	
4824	241.15	-0.0130048	-0.000911058	
4825	241.2	-0.0130044	-0.000911727	
4826	241.25	-0.0129965	-0.000876943	
4827	241.3	-0.0130173	-0.000907149	
4828	241.35	-0.0130207	-0.000907944	
4829	241.4	-0.0130219	-0.000907395	
4830	241.45	-0.0130223	-0.00090674	
4831	241.5	-0.0130312	-0.00094114	
4832	241.55	-0.0130093	-0.000911147	
4833	241.6	-0.0130059	-0.000910481	
4834	241.65	-0.0130048	-0.000911058	
4835	241.7	-0.0130044	-0.000911727	
4836	241.75	-0.0129965	-0.000876943	
4837	241.8	-0.0130173	-0.000907149	
4838	241.85	-0.0130207	-0.00090794	
4839	241.9	-0.0130219	-0.000907399	
4840	241.95	-0.0130223	-0.00090674	
4841	242	-0.0130312	-0.00094114	
4842	242.05	-0.0130093	-0.000911147	
4843	242.1	-0.0130059	-0.000910481	
4844	242.15	-0.0130048	-0.000911058	
4845	242.2	-0.0130044	-0.000911727	
4846	242.25	-0.0129965	-0.000876943	
4847	242.3	-0.0130173	-0.000907149	
4848	242.35	-0.0130207	-0.00090794	
4849	242.4	-0.0130219	-0.000907398	
4850	242.45	-0.0130223	-0.00090674	
4851	242.5	-0.0130312	-0.00094114	
4852	242.55	-0.0130093	-0.000911148	
4853	242.6	-0.0130059	-0.00091048	
4854	242.65	-0.0130048	-0.000911058	
4855	242.7	-0.0130044	-0.000911727	
4856	242.75	-0.0129965	-0.000876944	
4857	242.8	-0.0130173	-0.000907149	
4858	242.85	-0.0130207	-0.00090794	
4859	242.9	-0.0130219	-0.000907398	
4860	242.95	-0.0130223	-0.00090674	
4861	243	-0.0130312	-0.00094114	
4862	243.05	-0.0130093	-0.000911147	
4863	243.1	-0.0130059	-0.000910482	
4864	243.15	-0.0130048	-0.000911057	
4865	243.2	-0.0130044	-0.000911727	
4866	243.25	-0.0129965	-0.000876943	
4867	243.3	-0.0130173	-0.000907147	
4868	243.35	-0.0130207	-0.000907943	
4869	243.4	-0.0130219	-0.000907398	
4870	243.45	-0.0130223	-0.00090674	
4871	243.5	-0.0130312	-0.00094114	
4872	243.55	-0.0130093	-0.000911147	
4873	243.6	-0.0130059	-0.00091048	
4874	243.65	-0.0130048	-0.000911058	
4875	243.7	-0.0130044	-0.000911727	
4876	243.75	-0.0129965	-0.000876943	
4877	243.8	-0.0130173	-0.000907149	
4878	243.85	-0.0130207	-0.00090794	
4879	243.9	-0.0130219	-0.000907398	
4880	243.95	-0.0130223	-0.00090674	
4881	244	-0.0130312	-0.00094114	
4882	244.05	-0.0130093	-0.000911147	
4883	244.1	-0.0130059	-0.000910481	
4884	244.15	-0.0130048	-0.000911058	
4885	244.2	-0.0130044	-0.000911727	
4886	244.25	-0.0129965	-0.000876943	
4887	244.3	-0.0130173	-0.000907149	
4888	244.35	-0.0130207	-0.00090794	
4889	244.4	-0.0130219	-0.000907398	
4890	244.45	-0.0130223	-0.000906739	
4891	244.5	-0.0130312	-0.00094114	
4892	244.55	-0.0130093	-0.000911147	
4893	244.6	-0.0130059	-0.000910481	
4894	244.65	-0.0130048	-0.000911058	
4895	244.7	-0.0130044	-0.000911727	
4896	244.75	-0.0129965	-0.000876943	
4897	244.8	-0.0130173	-0.000907149	
4898	244.85	-0.0130207	-0.00090794	
4899	244.9	-0.0130219	-0.000907398	
4900	244.95	-0.0130223	-0.00090674	
4901	245	-0.0130312	-0.00094114	
4902	245.05	-0.0130093	-0.000911147	
4903	245.1	-0.0130059	-0.00091048	
4904	245.15	-0.0130048	-0.000911059	
4905	245.2	-0.0130044	-0.000911727	
4906	245.25	-0.0129965	-0.000876943	
4907	245.3	-0.0130173	-0.000907149	
4908	245.35	-0.0130207	-0.000907939	
4909	245.4	-0.0130219	-0.000907399	
4910	245.45	-0.0130223	-0.00090674	
4911	245.5	-0.0130312	-0.00094114	
4912	245.55	-0.0130093	-0.000911147	
4913	245.6	-0.0130059	-0.000910481	
4914	245.65	-0.0130048	-0.000911058	
4915	245.7	-0.0130044	-0.000911727	
4916	245.75	-0.0129965	-0.000876943	
4917	245.8	-0.0130173	-0.00090715	
4918	245.85	-0.0130207	-0.00090794	
4919	245.9	-0.0130219	-0.000907398	
4920	245.95	-0.0130223	-0.00090674	
4921	246	-0.0130312	-0.00094114	
4922	246.05	-0.0130093	-0.000911147	
4923	246.1	-0.0130059	-0.000910481	
4924	246.15	-0.0130048	-0.000911058	
4925	246.2	-0.0130044	-0.000911727	
4926	246.25	-0.0129965	-0.000876944	
4927	246.3	-0.0130173	-0.000907149	
4928	246.35	-0.0130207	-0.00090794	
4929	246.4	-0.0130219	-0.000907398	
4930	246.45	-0.0130223	-0.000906741	
4931	246.5	-0.0130312	-0.00094114	
4932	246.55	-0.0130093	-0.000911147	
4933	246.6	-0.0130059	-0.000910481	
4934	246.65	-0.0130048	-0.000911059	
4935	246.7	-0.0130044	-0.000911727	
4936	246.75	-0.0129965	-0.000876943	
4937	246.8	-0.0130173	-0.000907149	
4938	246.85	-0.0130207	-0.00090794	
4939	246.9	-0.0130219	-0.000907398	
4940	246.95	-0.0130223	-0.00090674	
4941	247	-0.0130312	-0.00094114	
4942	247.05	-0.0130093	-0.000911147	
4943	247.1	-0.0130059	-0.000910481	
4944	247.15	-0.0130048	-0.000911058	
4945	247.2	-0.0130044	-0.000911727	
4946	247.25	-0.0129965	-0.000876942	
4947	247.3	-0.0130173	-0.000907149	
4948	247.35	-0.0130207	-0.000907941	
4949	247.4	-0.0130219	-0.000907398	
4950	247.45	-0.0130223	-0.000906739	
4951	247.5	-0.0130312	-0.00094114	
4952	247.55	-0.0130093	-0.000911147	
4953	247.6	-0.0130059	-0.000910481	
4954	247.65	-0.0130048	-0.000911058	
4955	247.7	-0.0130044	-0.000911727	
4956	247.75	-0.0129965	-0.000876943	
4957	247.8	-0.0130173	-0.000907148	
4958	247.85	-0.0130207	-0.000907941	
4959	247.9	-0.0130219	-0.000907398	
4960	247.95	-0.0130223	-0.00090674	
4961	248	-0.0130312	-0.00094114	
4962	248.05	-0.0130093	-0.000911147	
4963	248.1	-0.0130059	-0.000910481	
4964	248.15	-0.0130048	-0.000911058	
4965	248.2	-0.0130044	-0.000911727	
4966	248.25	-0.0129965	-0.000876943	
4967	248.3	-0.0130173	-0.000907149	
4968	248.35	-0.0130207	-0.000907943	
4969	248.4	-0.0130219	-0.000907396	
4970	248.45	-0.0130223	-0.00090674	
4971	248.5	-0.0130312	-0.00094114	
4972	248.55	-0.0130093	-0.000911147	
4973	248.6	-0.0130059	-0.000910481	
4974	248.65	-0.0130048	-0.000911059	
4975	248.7	-0.0130044	-0.000911727	
4976	248.75	-0.0129965	-0.000876943	
4977	248.8	-0.0130173	-0.000907149	
4978	248.85	-0.0130207	-0.000907941	
4979	248.9	-0.0130219	-0.000907397	
4980	248.95	-0.0130223	-0.00090674	
4981	249	-0.0130312	-0.00094114	
4982	249.05	-0.0130093	-0.000911147	
4983	249.1	-0.0130059	-0.000910481	
4984	249.15	-0.0130048	-0.000911058	
4985	249.2	-0.0130044	-0.000911727	
4986	249.25	-0.0129965	-0.000876943	
4987	249.3	-0.0130173	-0.000907149	
4988	249.35	-0.0130207	-0.00090794	
4989	249.4	-0.0130219	-0.000907398	
4990	249.45	-0.0130223	-0.00090674	
4991	249.5	-0.0130312	-0.00094114	
4992	249.55	-0.0130093	-0.000911146	
4993	249.6	-0.0130059	-0.000910481	
4994	249.65	-0.0130048	-0.000911058	
4995	249.7	-0.0130044	-0.000911727	
4996	249.75	-0.0129965	-0.000876943	
4997	249.8	-0.0130173	-0.000907149	
4998	249.85	-0.0130207	-0.00090794	
4999	249.9	-0.0130219	-0.000907399	
5000	249.95	-0.0130223	-0.00090674	
5001	250	-0.0130312	-0.00094114	
5002	250.05	-0.0130093	-0.000911147	
5003	250.1	-0.0130059	-0.000910483	
5004	250.15	-0.0130048	-0.000911057	
5005	250.2	-0.0130044	-0.000911727	
5006	250.25	-0.0129965	-0.000876943	
5007	250.3	-0.0130173	-0.000907149	
5008	250.35	-0.0130207	-0.00090794	
5009	250.4	-0.0130219	-0.000907398	
5010	250.45	-0.0130223	-0.00090674	
5011	250.5	-0.0130312	-0.00094114	
5012	250.55	-0.0130093	-0.000911147	
5013	250.6	-0.0130059	-0.000910481	
5014	250.65	-0.0130048	-0.000911058	
5015	250.7	-0.0130044	-0.000911727	
5016	250.75	-0.0129965	-0.000876943	
5017	250.8	-0.0130173	-0.000907149	
5018	250.85	-0.0130207	-0.00090794	
5019	250.9	-0.0130219	-0.000907398	
5020	250.95	-0.0130223	-0.00090674	
5021	251	-0.0130312	-0.00094114	
5022	251.05	-0.0130093	-0.000911147	
5023	251.1	-0.0130059	-0.000910481	
5024	251.15	-0.0130048	-0.000911058	
5025	251.2	-0.0130044	-0.000911727	
5026	251.25	-0.0129965	-0.000876943	
5027	251.3	-0.0130173	-0.000907149	
5028	251.35	-0.0130207	-0.000907941	
5029	251.4	-0.0130219	-0.000907398	
5030	251.45	-0.0130223	-0.00090674	
5031	251.5	-0.0130312	-0.00094114	
5032	251.55	-0.0130093	-0.000911147	
5033	251.6	-0.0130059	-0.000910481	
5034	251.65	-0.0130048	-0.000911058	
5035	251.7	-0.0130044	-0.000911727	
5036	251.75	-0.0129965	-0.000876943	
5037	251.8	-0.0130173	-0.000907148	
5038	251.85	-0.0130207	-0.000907941	
5039	251.9	-0.0130219	-0.000907398	
5040	251.95	-0.0130223	-0.00090674	
5041	252	-0.0130312	-0.00094114	
5042	252.05	-0.0130093	-0.000911147	
5043	252.1	-0.0130059	-0.000910481	
5044	252.15	-0.0130048	-0.000911057	
5045	252.2	-0.0130044	-0.000911727	
5046	252.25	-0.0129965	-0.000876942	
5047	252.3	-0.0130173	-0.000907149	
5048	252.35	-0.0130207	-0.000907941	
5049	252.4	-0.0130219	-0.000907398	
5050	252.45	-0.0130223	-0.00090674	
5051	252.5	-0.0130312	-0.00094114	
5052	252.55	-0.0130093	-0.000911146	
5053	252.6	-0.0130059	-0.000910481	
5054	252.65	-0.0130048	-0.000911058	
5055	252.7	-0.0130044	-0.000911727	
5056	252.75	-0.0129965	-0.000876943	
5057	252.8	-0.0130173	-0.000907149	
5058	252.85	-0.0130207	-0.000907939	
5059	252.9	-0.0130219	-0.000907399	
5060	252.95	-0.0130223	-0.00090674	
5061	253	-0.0130312	-0.00094114	
5062	253.05	-0.0130093	-0.000911147	
5063	253.1	-0.0130059	-0.000910481	
5064	253.15	-0.0130048	-0.000911058	
5065	253.2	-0.0130044	-0.000911727	
5066	253.25	-0.0129965	-0.000876942	
5067	253.3	-0.0130173	-0.000907149	
5068	253.35	-0.0130207	-0.000907942	
5069	253.4	-0.0130219	-0.000907397	
5070	253.45	-0.0130223	-0.00090674	
5071	253.5	-0.0130312	-0.00094114	
5072	253.55	-0.0130093	-0.000911147	
5073	253.6	-0.0130059	-0.000910481	
5074	253.65	-0.0130048	-0.000911058	
5075	253.7	-0.0130044	-0.000911727	
5076	253.75	-0.0129965	-0.000876943	
5077	253.8	-0.0130173	-0.000907148	
5078	253.85	-0.0130207	-0.000907941	
5079	253.9	-0.0130219	-0.000907399	
5080	253.95	-0.0130223	-0.000906739	
5081	254	-0.0130312	-0.00094114	
5082	254.05	-0.0130093	-0.000911147	
5083	254.1	-0.0130059	-0.000910481	
5084	254.15	-0.0130048	-0.000911058	
5085	254.2	-0.0130044	-0.000911728	
5086	254.25	-0.0129965	-0.000876942	
5087	254.3	-0.0130173	-0.000907149	
5088	254.35	-0.0130207	-0.00090794	
5089	254.4	-0.0130219	-0.000907398	
5090	254.45	-0.0130223	-0.00090674	
5091	254.5	-0.0130312	-0.00094114	
5092	254.55	-0.0130093	-0.000911147	
5093	254.6	-0.0130059	-0.000910482	
5094	254.65	-0.0130048	-0.000911057	
5095	254.7	-0.0130044	-0.000911727	
5096	254.75	-0.0129965	-0.000876943	
5097	254.8	-0.0130173	-0.000907149	
5098	254.85	-0.0130207	-0.00090794	
5099	254.9	-0.0130219	-0.000907398	
5100	254.95	-0.0130223	-0.00090674	
5101	255	-0.0130312	-0.00094114	
5102	255.05	-0.0130093	-0.000911147	
5103	255.1	-0.0130059	-0.000910481	
5104	255.15	-0.0130048	-0.000911058	
5105	255.2	-0.0130044	-0.000911727	
5106	255.25	-0.0129965	-0.000876943	
5107	255.3	-0.0130173	-0.000907149	
5108	255.35	-0.0130207	-0.00090794	
5109	255.4	-0.0130219	-0.000907398	
5110	255.45	-0.0130223	-0.00090674	
5111	255.5	-0.0130312	-0.00094114	
5112	255.55	-0.0130093	-0.000911147	
5113	255.6	-0.0130059	-0.000910481	
5114	255.65	-0.0130048	-0.000911059	
5115	255.7	-0.0130044	-0.000911727	
5116	255.75	-0.0129965	-0.000876942	
5117	255.8	-0.0130173	-0.000907149	
5118	255.85	-0.0130207	-0.000907941	
5119	255.9	-0.0130219	-0.000907398	
5120	255.95	-0.0130223	-0.00090674	
5121	256	-0.0130312	-0.00094114	
5122	256.05	-0.0130093	-0.000911147	
5123	256.1	-0.0130059	-0.000910481	
5124	256.15	-0.0130048	-0.000911058	
5125	256.2	-0.0130044	-0.000911727	
5126	256.25	-0.0129965	-0.000876943	
5127	256.3	-0.0130173	-0.000907148	
5128	256.35	-0.0130207	-0.000907942	
5129	256.4	-0.0130219	-0.000907398	
5130	256.45	-0.0130223	-0.00090674	
5131	256.5	-0.0130312	-0.00094114	
5132	256.55	-0.0130093	-0.000911147	
5133	256.6	-0.0130059	-0.00091048	
5134	256.65	-0.0130048	-0.000911058	
5135	256.7	-0.0130044	-0.000911728	
5136	256.75	-0.0129966	-0.000876942	
5137	256.8	-0.0130173	-0.000907149	
5138	256.85	-0.0130207	-0.00090794	
5139	256.9	-0.0130219	-0.000907398	
5140	256.95	-0.0130223	-0.00090674	
5141	257	-0.0130312	-0.00094114	
5142	257.05	-0.0130093	-0.000911147	
5143	257.1	-0.0130059	-0.00091048	
5144	257.15	-0.0130048	-0.000911058	
5145	257.2	-0.0130044	-0.000911727	
5146	257.25	-0.0129965	-0.000876943	
5147	257.3	-0.0130173	-0.00090715	
5148	257.35	-0.0130207	-0.000907942	
5149	257.4	-0.0130219	-0.000907396	
5150	257.45	-0.0130223	-0.00090674	
5151	257.5	-0.0130312	-0.00094114	
5152	257.55	-0.0130093	-0.000911147	
5153	257.6	-0.0130059	-0.000910481	
5154	257.65	-0.0130048	-0.000911059	
5155	257.7	-0.0130044	-0.000911727	
5156	257.75	-0.0129965	-0.000876943	
5157	257.8	-0.0130173	-0.000907149	
5158	257.85	-0.0130207	-0.000907939	
5159	257.9	-0.0130219	-0.000907399	
5160	257.95	-0.0130223	-0.00090674	
5161	258	-0.0130312	-0.000941141	
5162	258.05	-0.0130093	-0.000911147	
5163	258.1	-0.0130059	-0.000910481	
5164	258.15	-0.0130048	-0.000911058	
5165	258.2	-0.0130044	-0.000911728	
5166	258.25	-0.0129965	-0.000876943	
5167	258.3	-0.0130173	-0.000907149	
5168	258.35	-0.0130207	-0.00090794	
5169	258.4	-0.0130219	-0.000907398	
5170	258.45	-0.0130223	-0.00090674	
5171	258.5	-0.0130312	-0.00094114	
5172	258.55	-0.0130093	-0.000911147	
5173	258.6	-0.0130059	-0.000910481	
5174	258.65	-0.0130048	-0.000911059	
5175	258.7	-0.0130044	-0.000911727	
5176	258.75	-0.0129965	-0.000876943	
5177	258.8	-0.0130173	-0.000907148	
5178	258.85	-0.0130207	-0.00090794	
5179	258.9	-0.0130219	-0.000907398	
5180	258.95	-0.0130223	-0.000906739	
5181	259	-0.0130312	-0.00094114	
5182	259.05	-0.0130093	-0.000911147	
5183	259.1	-0.0130059	-0.000910481	
5184	259.15	-0.0130048	-0.000911058	
5185	259.2	-0.0130044	-0.000911727	
5186	259.25	-0.0129965	-0.000876943	
5187	259.3	-0.0130173	-0.000907149	
5188	259.35	-0.0130207	-0.00090794	
5189	259.4	-0.0130219	-0.000907398	
5190	259.45	-0.0130223	-0.00090674	
5191	259.5	-0.0130312	-0.00094114	
5192	259.55	-0.0130093	-0.000911147	
5193	259.6	-0.0130059	-0.00091048	
5194	259.65	-0.0130048	-0.000911058	
5195	259.7	-0.0130044	-0.000911727	
5196	259.75	-0.0129965	-0.000876943	
5197	259.8	-0.0130173	-0.000907149	
5198	259.85	-0.0130207	-0.00090794	
5199	259.9	-0.0130219	-0.000907398	
5200	259.95	-0.0130223	-0.000906739	
5201	260	-0.0130312	-0.000941141	
5202	260.05	-0.0130093	-0.000911147	
5203	260.1	-0.0130059	-0.000910481	
5204	260.15	-0.0130048	-0.000911058	
5205	260.2	-0.0130044	-0.000911727	
5206	260.25	-0.0129965	-0.000876943	
5207	260.3	-0.0130173	-0.000907148	
5208	260.35	-0.0130207	-0.000907941	
5209	260.4	-0.0130219	-0.000907398	
5210	260.45	-0.0130223	-0.00090674	
5211	260.5	-0.0130312	-0.00094114	
5212	260.55	-0.0130093	-0.000911147	
5213	260.6	-0.0130059	-0.000910481	
5214	260.65	-0.0130048	-0.000911059	
5215	260.7	-0.0130044	-0.000911727	
5216	260.75	-0.0129965	-0.000876943	
5217	260.8	-0.0130173	-0.000907149	
5218	260.85	-0.0130207	-0.000907939	
5219	260.9	-0.0130219	-0.000907399	
5220	260.95	-0.0130223	-0.000906741	
5221	261	-0.0130312	-0.00094114	
5222	261.05	-0.0130093	-0.000911147	
5223	261.1	-0.0130059	-0.000910481	
5224	261.15	-0.0130048	-0.000911058	
5225	261.2	-0.0130044	-0.000911727	
5226	261.25	-0.0129965	-0.000876943	
5227	261.3	-0.0130173	-0.00090715	
5228	261.35	-0.0130207	-0.000907941	
5229	261.4	-0.0130219	-0.000907397	
5230	261.45	-0.0130223	-0.00090674	
5231	261.5	-0.0130312	-0.00094114	
5232	261.55	-0.0130093	-0.000911147	
5233	261.6	-0.0130059	-0.00091048	
5234	261.65	-0.0130048	-0.000911059	
5235	261.7	-0.0130044	-0.000911727	
5236	261.75	-0.0129965	-0.000876943	
5237	261.8	-0.0130173	-0.000907149	
5238	261.85	-0.0130207	-0.000907942	
5239	261.9	-0.0130219	-0.000907397	
5240	261.95	-0.0130223	-0.00090674	
5241	262	-0.0130312	-0.00094114	
5242	262.05	-0.0130093	-0.000911147	
5243	262.1	-0.0130059	-0.000910481	
5244	262.15	-0.0130048	-0.000911058	
5245	262.2	-0.0130044	-0.000911727	
5246	262.25	-0.0129965	-0.000876943	
5247	262.3	-0.0130173	-0.000907149	
5248	262.35	-0.0130207	-0.00090794	
5249	262.4	-0.0130219	-0.000907399	
5250	262.45	-0.0130223	-0.00090674	
5251	262.5	-0.0130312	-0.00094114	
5252	262.55	-0.0130093	-0.000911147	
5253	262.6	-0.0130059	-0.00091048	
5254	262.65	-0.0130048	-0.000911058	
5255	262.7	-0.0130044	-0.000911727	
5256	262.75	-0.0129965	-0.000876943	
5257	262.8	-0.0130173	-0.00090715	
5258	262.85	-0.0130207	-0.00090794	
5259	262.9	-0.0130219	-0.000907398	
5260	262.95	-0.0130223	-0.00090674	
5261	263	-0.0130312	-0.00094114	
5262	263.05	-0.0130093	-0.000911147	
5263	263.1	-0.0130059	-0.00091048	
5264	263.15	-0.0130048	-0.000911058	
5265	263.2	-0.0130044	-0.000911727	
5266	263.25	-0.0129965	-0.000876943	
5267	263.3	-0.0130173	-0.000907149	
5268	263.35	-0.0130207	-0.00090794	
5269	263.4	-0.0130219	-0.000907398	
5270	263.45	-0.0130223	-0.00090674	
5271	263.5	-0.0130312	-0.00094114	
5272	263.55	-0.0130093	-0.000911147	
5273	263.6	-0.0130059	-0.000910481	
5274	263.65	-0.0130048	-0.000911058	
5275	263.7	-0.0130044	-0.000911727	
5276	263.75	-0.0129965	-0.000876942	
5277	263.8	-0.0130173	-0.000907149	
5278	263.85	-0.0130207	-0.00090794	
5279	263.9	-0.0130219	-0.000907398	
5280	263.95	-0.0130223	-0.000906739	
5281	264	-0.0130312	-0.00094114	
5282	264.05	-0.0130093	-0.000911147	
5283	264.1	-0.0130059	-0.000910481	
5284	264.15	-0.0130048	-0.000911058	
5285	264.2	-0.0130044	-0.000911727	
5286	264.25	-0.0129965	-0.000876943	
5287	264.3	-0.0130173	-0.00090715	
5288	264.35	-0.0130207	-0.00090794	
5289	264.4	-0.0130219	-0.000907398	
5290	264.45	-0.0130223	-0.00090674	
5291	264.5	-0.0130312	-0.00094114	
5292	264.55	-0.0130093	-0.000911147	
5293	264.6	-0.0130059	-0.00091048	
5294	264.65	-0.0130048	-0.000911058	
5295	264.7	-0.0130044	-0.000911727	
5296	264.75	-0.0129966	-0.000876943	
5297	264.8	-0.0130173	-0.000907149	
5298	264.85	-0.0130207	-0.00090794	
5299	264.9	-0.0130219	-0.000907397	
5300	264.95	-0.0130223	-0.00090674	
5301	265	-0.0130312	-0.00094114	
5302	265.05	-0.0130093	-0.000911146	
5303	265.1	-0.0130059	-0.000910481	
5304	265.15	-0.0130048	-0.000911059	
5305	265.2	-0.0130044	-0.000911727	
5306	265.25	-0.0129966	-0.000876943	
5307	265.3	-0.0130173	-0.000907149	
5308	265.35	-0.0130207	-0.00090794	
5309	265.4	-0.0130219	-0.000907398	
5310	265.45	-0.0130223	-0.000906739	
5311	265.5	-0.0130312	-0.00094114	
5312	265.55	-0.0130093	-0.000911147	
5313	265.6	-0.0130059	-0.000910481	
5314	265.65	-0.0130048	-0.000911058	
5315	265.7	-0.0130044	-0.000911727	
5316	265.75	-0.0129965	-0.000876943	
5317	265.8	-0.0130173	-0.000907149	
5318	265.85	-0.0130207	-0.000907943	
5319	265.9	-0.0130219	-0.000907395	
5320	265.95	-0.0130223	-0.00090674	
5321	266	-0.0130312	-0.00094114	
5322	266.05	-0.0130093	-0.000911147	
5323	266.1	-0.0130059	-0.000910481	
5324	266.15	-0.0130048	-0.000911059	
5325	266.2	-0.0130044	-0.000911727	
5326	266.25	-0.0129965	-0.000876943	
5327	266.3	-0.0130173	-0.000907149	
5328	266.35	-0.0130207	-0.00090794	
5329	266.4	-0.0130219	-0.000907399	
5330	266.45	-0.0130223	-0.000906739	
5331	266.5	-0.0130312	-0.00094114	
5332	266.55	-0.0130093	-0.000911147	
5333	266.6	-0.0130059	-0.000910481	
5334	266.65	-0.0130048	-0.000911058	
5335	266.7	-0.0130044	-0.000911728	
5336	266.75	-0.0129965	-0.000876943	
5337	266.8	-0.0130173	-0.000907149	
5338	266.85	-0.0130207	-0.00090794	
5339	266.9	-0.0130219	-0.000907398	
5340	266.95	-0.0130223	-0.00090674	
5341	267	-0.0130312	-0.00094114	
5342	267.05	-0.0130093	-0.000911147	
5343	267.1	-0.0130059	-0.000910481	
5344	267.15	-0.0130048	-0.000911058	
5345	267.2	-0.0130044	-0.000911726	
5346	267.25	-0.0129965	-0.000876943	
5347	267.3	-0.0130173	-0.000907149	
5348	267.35	-0.0130207	-0.00090794	
5349	267.4	-0.0130219	-0.000907398	
5350	267.45	-0.0130223	-0.00090674	
5351	267.5	-0.0130312	-0.00094114	
5352	267.55	-0.0130093	-0.000911147	
5353	267.6	-0.0130059	-0.000910481	
5354	267.65	-0.0130048	-0.000911058	
5355	267.7	-0.0130044	-0.000911727	
5356	267.75	-0.0129965	-0.000876943	
5357	267.8	-0.0130173	-0.000907149	
5358	267.85	-0.0130207	-0.00090794	
5359	267.9	-0.0130219	-0.000907398	
5360	267.95	-0.0130223	-0.00090674	
5361	268	-0.0130312	-0.00094114	
5362	268.05	-0.0130093	-0.000911147	
5363	268.1	-0.0130059	-0.00091048	
5364	268.15	-0.0130048	-0.000911058	
5365	268.2	-0.0130044	-0.000911727	
5366	268.25	-0.0129965	-0.000876943	
5367	268.3	-0.0130173	-0.000907149	
5368	268.35	-0.0130207	-0.000907943	
5369	268.4	-0.0130219	-0.000907395	
5370	268.45	-0.0130223	-0.00090674	
5371	268.5	-0.0130312	-0.00094114	
5372	268.55	-0.0130093	-0.000911147	
5373	268.6	-0.0130059	-0.000910481	
5374	268.65	-0.0130048	-0.000911058	
5375	268.7	-0.0130044	-0.000911727	
5376	268.75	-0.0129965	-0.000876942	
5377	268.8	-0.0130173	-0.000907149	
5378	268.85	-0.0130207	-0.00090794	
5379	268.9	-0.0130219	-0.000907397	
5380	268.95	-0.0130223	-0.000906741	
5381	269	-0.0130312	-0.00094114	
5382	269.05	-0.0130093	-0.000911147	
5383	269.1	-0.0130059	-0.000910481	
5384	269.15	-0.0130048	-0.000911058	
5385	269.2	-0.0130044	-0.000911727	
5386	269.25	-0.0129965	-0.000876942	
5387	269.3	-0.0130173	-0.000907149	
5388	269.35	-0.0130207	-0.000907941	
5389	269.4	-0.0130219	-0.000907398	
5390	269.45	-0.0130223	-0.00090674	
5391	269.5	-0.0130312	-0.00094114	
5392	269.55	-0.0130093	-0.000911146	
5393	269.6	-0.0130059	-0.000910481	
5394	269.65	-0.0130048	-0.000911058	
5395	269.7	-0.0130044	-0.000911727	
5396	269.75	-0.0129965	-0.000876943	
5397	269.8	-0.0130173	-0.000907149	
5398	269.85	-0.0130207	-0.000907939	
5399	269.9	-0.0130219	-0.000907399	
5400	269.95	-0.0130223	-0.00090674	
5401	270	-0.0130312	-0.00094114	
5402	270.05	-0.0130093	-0.000911147	
5403	270.1	-0.0130059	-0.000910481	
5404	270.15	-0.0130048	-0.000911059	
5405	270.2	-0.0130044	-0.000911727	
5406	270.25	-0.0129965	-0.000876943	
5407	270.3	-0.0130173	-0.000907149	
5408	270.35	-0.0130207	-0.00090794	
5409	270.4	-0.0130219	-0.000907398	
5410	270.45	-0.0130223	-0.00090674	
5411	270.5	-0.0130312	-0.00094114	
5412	270.55	-0.0130093	-0.000911147	
5413	270.6	-0.0130059	-0.000910481	
5414	270.65	-0.0130048	-0.000911058	
5415	270.7	-0.0130044	-0.000911728	
5416	270.75	-0.0129965	-0.000876943	
5417	270.8	-0.0130173	-0.00090715	
5418	270.85	-0.0130207	-0.00090794	
5419	270.9	-0.0130219	-0.000907398	
5420	270.95	-0.0130223	-0.00090674	
5421	271	-0.0130312	-0.00094114	
5422	271.05	-0.0130093	-0.000911147	
5423	271.1	-0.0130059	-0.000910481	
5424	271.15	-0.0130048	-0.000911058	
5425	271.2	-0.0130044	-0.000911727	
5426	271.25	-0.0129965	-0.000876943	
5427	271.3	-0.0130173	-0.000907149	
5428	271.35	-0.0130207	-0.000907941	
5429	271.4	-0.0130219	-0.000907398	
5430	271.45	-0.0130223	-0.00090674	
5431	271.5	-0.0130312	-0.00094114	
5432	271.55	-0.0130093	-0.000911147	
5433	271.6	-0.0130059	-0.00091048	
5434	271.65	-0.0130048	-0.000911059	
5435	271.7	-0.0130044	-0.000911727	
5436	271.75	-0.0129965	-0.000876943	
5437	271.8	-0.0130173	-0.000907149	
5438	271.85	-0.0130207	-0.00090794	
5439	271.9	-0.0130219	-0.000907398	
5440	271.95	-0.0130223	-0.00090674	
5441	272	-0.0130312	-0.000941141	
5442	272.05	-0.0130093	-0.000911147	
5443	272.1	-0.0130059	-0.000910482	
5444	272.15	-0.0130048	-0.000911057	
5445	272.2	-0.0130044	-0.000911728	
5446	272.25	-0.0129965	-0.000876943	
5447	272.3	-0.0130173	-0.000907149	
5448	272.35	-0.0130207	-0.00090794	
5449	272.4	-0.0130219	-0.000907398	
5450	272.45	-0.0130223	-0.00090674	
5451	272.5	-0.0130312	-0.000941139	
5452	272.55	-0.0130093	-0.000911148	
5453	272.6	-0.0130059	-0.000910481	
5454	272.65	-0.0130048	-0.000911058	
5455	272.7	-0.0130044	-0.000911727	
5456	272.75	-0.0129965	-0.000876943	
5457	272.8	-0.0130173	-0.000907149	
5458	272.85	-0.0130207	-0.000907939	
5459	272.9	-0.0130219	-0.000907399	
5460	272.95	-0.0130223	-0.00090674	
5461	273	-0.0130312	-0.00094114	
5462	273.05	-0.0130093	-0.000911147	
5463	273.1	-0.0130059	-0.000910481	
5464	273.15	-0.0130048	-0.000911058	
5465	273.2	-0.0130044	-0.000911727	
5466	273.25	-0.0129965	-0.000876943	
5467	273.3	-0.0130173	-0.000907149	
5468	273.35	-0.0130207	-0.000907938	
5469	273.4	-0.0130219	-0.000907399	
5470	273.45	-0.0130223	-0.00090674	
5471	273.5	-0.0130312	-0.00094114	
5472	273.55	-0.0130093	-0.000911147	
5473	273.6	-0.0130059	-0.000910481	
5474	273.65	-0.0130048	-0.000911059	
5475	273.7	-0.0130044	-0.000911727	
5476	273.75	-0.0129965	-0.000876943	
5477	273.8	-0.0130173	-0.000907149	
5478	273.85	-0.0130207	-0.000907939	
5479	273.9	-0.0130219	-0.000907399	
5480	273.95	-0.0130223	-0.00090674	
5481	274	-0.0130312	-0.00094114	
5482	274.05	-0.0130093	-0.000911147	
5483	274.1	-0.0130059	-0.000910481	
5484	274.15	-0.0130048	-0.000911059	
5485	274.2	-0.0130044	-0.000911727	
5486	274.25	-0.0129965	-0.000876942	
5487	274.3	-0.0130173	-0.000907148	
5488	274.35	-0.0130207	-0.000907941	
5489	274.4	-0.0130219	-0.000907398	
5490	274.45	-0.0130223	-0.000906739	
5491	274.5	-0.0130312	-0.00094114	
5492	274.55	-0.0130093	-0.000911147	
5493	274.6	-0.0130059	-0.000910481	
5494	274.65	-0.0130048	-0.000911058	
5495	274.7	-0.0130044	-0.000911727	
5496	274.75	-0.0129965	-0.000876943	
5497	274.8	-0.0130173	-0.000907149	
5498	274.85	-0.0130207	-0.000907941	
5499	274.9	-0.0130219	-0.000907398	
5500	274.95	-0.0130223	-0.000906739	
5501	275	-0.0130312	-0.00094114	
5502	275.05	-0.0130093	-0.000911147	
5503	275.1	-0.0130059	-0.000910481	
5504	275.15	-0.0130048	-0.000911058	
5505	275.2	-0.0130044	-0.000911727	
5506	275.25	-0.0129965	-0.000876943	
5507	275.3	-0.0130173	-0.00090715	
5508	275.35	-0.0130207	-0.00090794	
5509	275.4	-0.0130219	-0.000907398	
5510	275.45	-0.0130223	-0.00090674	
5511	275.5	-0.0130312	-0.00094114	
5512	275.55	-0.0130093	-0.000911147	
5513	275.6	-0.0130059	-0.00091048	
5514	275.65	-0.0130048	-0.000911058	
5515	275.7	-0.0130044	-0.000911727	
5516	275.75	-0.0129965	-0.000876943	
5517	275.8	-0.0130173	-0.000907148	
5518	275.85	-0.0130207	-0.000907942	
5519	275.9	-0.0130219	-0.000907398	
5520	275.95	-0.0130223	-0.00090674	
5521	276	-0.0130312	-0.00094114	
5522	276.05	-0.0130093	-0.000911147	
5523	276.1	-0.0130059	-0.000910481	
5524	276.15	-0.0130048	-0.000911059	
5525	276.2	-0.0130044	-0.000911727	
5526	276.25	-0.0129965	-0.000876943	
5527	276.3	-0.0130173	-0.000907149	
5528	276.35	-0.0130207	-0.00090794	
5529	276.4	-0.0130219	-0.000907399	
5530	276.45	-0.0130223	-0.00090674	
5531	276.5	-0.0130312	-0.00094114	
5532	276.55	-0.0130093	-0.000911147	
5533	276.6	-0.0130059	-0.000910481	
5534	276.65	-0.0130048	-0.000911059	
5535	276.7	-0.0130044	-0.000911727	
5536	276.75	-0.0129965	-0.000876943	
5537	276.8	-0.0130173	-0.000907149	
5538	276.85	-0.0130207	-0.000907939	
5539	276.9	-0.0130219	-0.0009074	
5540	276.95	-0.0130223	-0.00090674	
5541	277	-0.0130312	-0.00094114	
5542	277.05	-0.0130093	-0.000911148	
5543	277.1	-0.0130059	-0.000910481	
5544	277.15	-0.0130048	-0.000911058	
5545	277.2	-0.0130044	-0.000911727	
5546	277.25	-0.0129965	-0.000876943	
5547	277.3	-0.0130173	-0.000907149	
5548	277.35	-0.0130207	-0.000907941	
5549	277.4	-0.0130219	-0.000907398	
5550	277.45	-0.0130223	-0.00090674	
5551	277.5	-0.0130312	-0.00094114	
5552	277.55	-0.0130093	-0.000911147	
5553	277.6	-0.0130059	-0.000910481	
5554	277.65	-0.0130048	-0.000911059	
5555	277.7	-0.0130044	-0.000911727	
5556	277.75	-0.0129966	-0.000876943	
5557	277.8	-0.0130173	-0.000907146	
5558	277.85	-0.0130207	-0.000907943	
5559	277.9	-0.0130219	-0.000907398	
5560	277.95	-0.0130223	-0.000906741	
5561	278	-0.0130312	-0.00094114	
5562	278.05	-0.0130093	-0.000911147	
5563	278.1	-0.0130059	-0.000910481	
5564	278.15	-0.0130048	-0.000911058	
5565	278.2	-0.0130044	-0.000911727	
5566	278.25	-0.0129965	-0.000876943	
5567	278.3	-0.0130173	-0.000907149	
5568	278.35	-0.0130207	-0.00090794	
5569	278.4	-0.0130219	-0.000907399	
5570	278.45	-0.0130223	-0.00090674	
5571	278.5	-0.0130312	-0.00094114	
5572	278.55	-0.0130093	-0.000911147	
5573	278.6	-0.0130059	-0.000910481	
5574	278.65	-0.0130048	-0.000911058	
5575	278.7	-0.0130044	-0.000911727	
5576	278.75	-0.0129965	-0.000876943	
5577	278.8	-0.0130173	-0.00090715	
5578	278.85	-0.0130207	-0.000907939	
5579	278.9	-0.0130219	-0.000907399	
5580	278.95	-0.0130223	-0.000906741	
5581	279	-0.0130312	-0.00094114	
5582	279.05	-0.0130093	-0.000911146	
5583	279.1	-0.0130059	-0.000910481	
5584	279.15	-0.0130048	-0.000911059	
5585	279.2	-0.0130044	-0.000911727	
5586	279.25	-0.0129965	-0.000876944	
5587	279.3	-0.0130173	-0.000907148	
5588	279.35	-0.0130207	-0.000907941	
5589	279.4	-0.0130219	-0.000907398	
5590	279.45	-0.0130223	-0.00090674	
5591	279.5	-0.0130312	-0.00094114	
5592	279.55	-0.0130093	-0.000911147	
5593	279.6	-0.0130059	-0.000910482	
5594	279.65	-0.0130048	-0.000911058	
5595	279.7	-0.0130044	-0.000911727	
5596	279.75	-0.0129965	-0.000876943	
5597	279.8	-0.0130173	-0.000907149	
5598	279.85	-0.0130207	-0.00090794	
5599	279.9	-0.0130219	-0.000907398	
5600	279.95	-0.0130223	-0.00090674	
5601	280	-0.0130312	-0.000941141	
5602	280.05	-0.0130093	-0.000911148	
5603	280.1	-0.0130059	-0.000910481	
5604	280.15	-0.0130048	-0.000911058	
5605	280.2	-0.0130044	-0.000911727	
5606	280.25	-0.0129965	-0.000876943	
5607	280.3	-0.0130173	-0.000907149	
5608	280.35	-0.0130207	-0.000907941	
5609	280.4	-0.0130219	-0.000907398	
5610	280.45	-0.0130223	-0.00090674	
5611	280.5	-0.0130312	-0.00094114	
5612	280.55	-0.0130093	-0.000911147	
5613	280.6	-0.0130059	-0.000910481	
5614	280.65	-0.0130048	-0.000911058	
5615	280.7	-0.0130044	-0.000911727	
5616	280.75	-0.0129965	-0.000876943	
5617	280.8	-0.0130173	-0.000907149	
5618	280.85	-0.0130207	-0.00090794	
5619	280.9	-0.0130219	-0.000907399	
5620	280.95	-0.0130223	-0.00090674	
5621	281	-0.0130312	-0.000941141	
5622	281.05	-0.0130093	-0.000911146	
5623	281.1	-0.0130059	-0.000910481	
5624	281.15	-0.0130048	-0.000911058	
5625	281.2	-0.0130044	-0.000911727	
5626	281.25	-0.0129965	-0.000876943	
5627	281.3	-0.0130173	-0.00090715	
5628	281.35	-0.0130207	-0.000907941	
5629	281.4	-0.0130219	-0.000907397	
5630	281.45	-0.0130223	-0.00090674	
5631	281.5	-0.0130312	-0.00094114	
5632	281.55	-0.0130093	-0.000911147	
5633	281.6	-0.0130059	-0.000910481	
5634	281.65	-0.0130048	-0.000911058	
5635	281.7	-0.0130044	-0.000911727	
5636	281.75	-0.0129965	-0.000876942	
5637	281.8	-0.0130173	-0.000907148	
5638	281.85	-0.0130207	-0.000907942	
5639	281.9	-0.0130219	-0.000907397	
5640	281.95	-0.0130223	-0.000906741	
5641	282	-0.0130312	-0.00094114	
5642	282.05	-0.0130093	-0.000911147	
5643	282.1	-0.0130059	-0.00091048	
5644	282.15	-0.0130048	-0.000911058	
5645	282.2	-0.0130044	-0.000911727	
5646	282.25	-0.0129965	-0.000876943	
5647	282.3	-0.0130173	-0.00090715	
5648	282.35	-0.0130207	-0.00090794	
5649	282.4	-0.0130219	-0.000907398	
5650	282.45	-0.0130223	-0.000906739	
5651	282.5	-0.0130312	-0.00094114	
5652	282.55	-0.0130093	-0.000911147	
5653	282.6	-0.0130059	-0.000910481	
5654	282.65	-0.0130048	-0.000911058	
5655	282.7	-0.0130044	-0.000911727	
5656	282.75	-0.0129965	-0.000876943	
5657	282.8	-0.0130173	-0.000907148	
5658	282.85	-0.0130207	-0.000907941	
5659	282.9	-0.0130219	-0.000907399	
5660	282.95	-0.0130223	-0.00090674	
5661	283	-0.0130312	-0.00094114	
5662	283.05	-0.0130093	-0.000911147	
5663	283.1	-0.0130059	-0.000910481	
5664	283.15	-0.0130048	-0.000911058	
5665	283.2	-0.0130044	-0.000911727	
5666	283.25	-0.0129965	-0.000876943	
5667	283.3	-0.0130173	-0.000907149	
5668	283.35	-0.0130207	-0.00090794	
5669	283.4	-0.0130219	-0.000907398	
5670	283.45	-0.0130223	-0.00090674	
5671	283.5	-0.0130312	-0.00094114	
5672	283.55	-0.0130093	-0.000911147	
5673	283.6	-0.0130059	-0.000910481	
5674	283.65	-0.0130048	-0.000911058	
5675	283.7	-0.0130044	-0.000911727	
5676	283.75	-0.0129965	-0.000876943	
5677	283.8	-0.0130173	-0.000907149	
5678	283.85	-0.0130207	-0.00090794	
5679	283.9	-0.0130219	-0.000907399	
5680	283.95	-0.0130223	-0.00090674	
5681	284	-0.0130312	-0.00094114	
5682	284.05	-0.0130093	-0.000911147	
5683	284.1	-0.0130059	-0.000910481	
5684	284.15	-0.0130048	-0.000911058	
5685	284.2	-0.0130044	-0.000911727	
5686	284.25	-0.0129965	-0.000876943	
5687	284.3	-0.0130173	-0.000907147	
5688	284.35	-0.0130207	-0.000907943	
5689	284.4	-0.0130219	-0.000907398	
5690	284.45	-0.0130223	-0.00090674	
5691	284.5	-0.0130312	-0.00094114	
5692	284.55	-0.0130093	-0.000911147	
5693	284.6	-0.0130059	-0.000910481	
5694	284.65	-0.0130048	-0.000911058	
5695	284.7	-0.0130044	-0.000911727	
5696	284.75	-0.0129965	-0.000876943	
5697	284.8	-0.0130173	-0.000907148	
5698	284.85	-0.0130207	-0.000907941	
5699	284.9	-0.0130219	-0.000907398	
5700	284.95	-0.0130223	-0.00090674	
5701	285	-0.0130312	-0.00094114	
5702	285.05	-0.0130093	-0.000911147	
5703	285.1	-0.0130059	-0.000910481	
5704	285.15	-0.0130048	-0.000911058	
5705	285.2	-0.0130044	-0.000911727	
5706	285.25	-0.0129965	-0.000876942	
5707	285.3	-0.0130173	-0.000907148	
5708	285.35	-0.0130207	-0.000907945	
5709	285.4	-0.0130219	-0.000907394	
5710	285.45	-0.0130223	-0.00090674	
5711	285.5	-0.0130312	-0.00094114	
5712	285.55	-0.0130093	-0.000911147	
5713	285.6	-0.0130059	-0.000910481	
5714	285.65	-0.0130048	-0.000911058	
5715	285.7	-0.0130044	-0.000911727	
5716	285.75	-0.0129965	-0.000876943	
5717	285.8	-0.0130173	-0.000907149	
5718	285.85	-0.0130207	-0.000907945	
5719	285.9	-0.0130219	-0.000907394	
5720	285.95	-0.0130223	-0.00090674	
5721	286	-0.0130312	-0.00094114	
5722	286.05	-0.0130093	-0.000911147	
5723	286.1	-0.0130059	-0.000910481	
5724	286.15	-0.0130048	-0.000911059	
5725	286.2	-0.0130044	-0.000911727	
5726	286.25	-0.0129965	-0.000876943	
5727	286.3	-0.0130173	-0.000907149	
5728	286.35	-0.0130207	-0.000907945	
5729	286.4	-0.0130219	-0.000907394	
5730	286.45	-0.0130223	-0.00090674	
5731	286.5	-0.0130312	-0.00094114	
5732	286.55	-0.0130093	-0.000911147	
5733	286.6	-0.0130059	-0.000910481	
5734	286.65	-0.0130048	-0.000911058	
5735	286.7	-0.0130044	-0.000911727	
5736	286.75	-0.0129965	-0.000876943	
5737	286.8	-0.0130173	-0.00090715	
5738	286.85	-0.0130207	-0.00090794	
5739	286.9	-0.0130219	-0.000907398	
5740	286.95	-0.0130223	-0.00090674	
5741	287	-0.0130312	-0.00094114	
5742	287.05	-0.0130093	-0.000911147	
5743	287.1	-0.0130059	-0.000910481	
5744	287.15	-0.0130048	-0.000911058	
5745	287.2	-0.0130044	-0.000911727	
5746	287.25	-0.0129965	-0.000876943	
5747	287.3	-0.0130173	-0.00090715	
5748	287.35	-0.0130207	-0.00090794	
5749	287.4	-0.0130219	-0.000907398	
5750	287.45	-0.0130223	-0.00090674	
5751	287.5	-0.0130312	-0.00094114	
5752	287.55	-0.0130093	-0.000911147	
5753	287.6	-0.0130059	-0.000910481	
5754	287.65	-0.0130048	-0.000911058	
5755	287.7	-0.0130044	-0.000911727	
5756	287.75	-0.0129965	-0.000876943	
5757	287.8	-0.0130173	-0.000907149	
5758	287.85	-0.0130207	-0.00090794	
5759	287.9	-0.0130219	-0.000907398	
5760	287.95	-0.0130223	-0.00090674	
5761	288	-0.0130312	-0.00094114	
5762	288.05	-0.0130093	-0.000911147	
5763	288.1	-0.0130059	-0.000910481	
5764	288.15	-0.0130048	-0.000911058	
5765	288.2	-0.0130044	-0.000911727	
5766	288.25	-0.0129965	-0.000876943	
5767	288.3	-0.0130173	-0.000907149	
5768	288.35	-0.0130207	-0.00090794	
5769	288.4	-0.0130219	-0.000907399	
5770	288.45	-0.0130223	-0.00090674	
5771	288.5	-0.0130312	-0.00094114	
5772	288.55	-0.0130093	-0.000911146	
5773	288.6	-0.0130059	-0.000910481	
5774	288.65	-0.0130048	-0.000911058	
5775	288.7	-0.0130044	-0.000911727	
5776	288.75	-0.0129965	-0.000876943	
5777	288.8	-0.0130173	-0.000907149	
5778	288.85	-0.0130207	-0.000907939	
5779	288.9	-0.0130219	-0.000907399	
5780	288.95	-0.0130223	-0.000906741	
5781	289	-0.0130312	-0.00094114	
5782	289.05	-0.0130093	-0.000911147	
5783	289.1	-0.0130059	-0.000910481	
5784	289.15	-0.0130048	-0.000911058	
5785	289.2	-0.0130044	-0.000911728	
5786	289.25	-0.0129965	-0.000876943	
5787	289.3	-0.0130173	-0.000907149	
5788	289.35	-0.0130207	-0.000907941	
5789	289.4	-0.0130219	-0.000907397	
5790	289.45	-0.0130223	-0.00090674	
5791	289.5	-0.0130312	-0.00094114	
5792	289.55	-0.0130093	-0.000911147	
5793	289.6	-0.0130059	-0.00091048	
5794	289.65	-0.0130048	-0.000911058	
5795	289.7	-0.0130044	-0.000911727	
5796	289.75	-0.0129965	-0.000876943	
5797	289.8	-0.0130173	-0.000907149	
5798	289.85	-0.0130207	-0.000907939	
5799	289.9	-0.0130219	-0.0009074	
5800	289.95	-0.0130223	-0.00090674	
5801	290	-0.0130312	-0.00094114	
5802	290.05	-0.0130093	-0.000911147	
5803	290.1	-0.0130059	-0.000910481	
5804	290.15	-0.0130048	-0.000911059	
5805	290.2	-0.0130044	-0.000911727	
5806	290.25	-0.0129965	-0.000876942	
5807	290.3	-0.0130173	-0.00090715	
5808	290.35	-0.0130207	-0.00090794	
5809	290.4	-0.0130219	-0.000907398	
5810	290.45	-0.0130223	-0.00090674	
5811	290.5	-0.0130312	-0.00094114	
5812	290.55	-0.0130093	-0.000911147	
5813	290.6	-0.0130059	-0.000910481	
5814	290.65	-0.0130048	-0.000911059	
5815	290.7	-0.0130044	-0.000911727	
5816	290.75	-0.0129965	-0.000876942	
5817	290.8	-0.0130173	-0.000907149	
5818	290.85	-0.0130207	-0.00090794	
5819	290.9	-0.0130219	-0.000907397	
5820	290.95	-0.0130223	-0.00090674	
5821	291	-0.0130312	-0.00094114	
5822	291.05	-0.0130093	-0.000911147	
5823	291.1	-0.0130059	-0.000910481	
5824	291.15	-0.0130048	-0.000911058	
5825	291.2	-0.0130044	-0.000911727	
5826	291.25	-0.0129965	-0.000876943	
5827	291.3	-0.0130173	-0.000907149	
5828	291.35	-0.0130207	-0.00090794	
5829	291.4	-0.0130219	-0.000907398	
5830	291.45	-0.0130223	-0.000906739	
5831	291.5	-0.0130312	-0.00094114	
5832	291.55	-0.0130093	-0.000911147	
5833	291.6	-0.0130059	-0.000910481	
5834	291.65	-0.0130048	-0.000911058	
5835	291.7	-0.0130044	-0.000911728	
5836	291.75	-0.0129965	-0.000876943	
5837	291.8	-0.0130173	-0.000907149	
5838	291.85	-0.0130207	-0.000907939	
5839	291.9	-0.0130219	-0.000907399	
5840	291.95	-0.0130223	-0.00090674	
5841	292	-0.0130312	-0.00094114	
5842	292.05	-0.0130093	-0.000911147	
5843	292.1	-0.0130059	-0.000910481	
5844	292.15	-0.0130048	-0.000911058	
5845	292.2	-0.0130044	-0.000911727	
5846	292.25	-0.0129965	-0.000876943	
5847	292.3	-0.0130173	-0.000907149	
5848	292.35	-0.0130207	-0.000907941	
5849	292.4	-0.0130219	-0.000907398	
5850	292.45	-0.0130223	-0.00090674	
5851	292.5	-0.0130312	-0.00094114	
5852	292.55	-0.0130093	-0.000911147	
5853	292.6	-0.0130059	-0.000910481	
5854	292.65	-0.0130048	-0.000911058	
5855	292.7	-0.0130044	-0.000911728	
5856	292.75	-0.0129965	-0.000876943	
5857	292.8	-0.0130173	-0.00090715	
5858	292.85	-0.0130207	-0.00090794	
5859	292.9	-0.0130219	-0.000907398	
5860	292.95	-0.0130223	-0.00090674	
5861	293	-0.0130312	-0.00094114	
5862	293.05	-0.0130093	-0.000911147	
5863	293.1	-0.0130059	-0.000910481	
5864	293.15	-0.0130048	-0.000911059	
5865	293.2	-0.0130044	-0.000911727	
5866	293.25	-0.0129966	-0.000876942	
5867	293.3	-0.0130173	-0.00090715	
5868	293.35	-0.0130207	-0.00090794	
5869	293.4	-0.0130219	-0.000907398	
5870	293.45	-0.0130223	-0.00090674	
5871	293.5	-0.0130312	-0.00094114	
5872	293.55	-0.0130093	-0.000911147	
5873	293.6	-0.0130059	-0.000910481	
5874	293.65	-0.0130048	-0.000911058	
5875	293.7	-0.0130044	-0.000911728	
5876	293.75	-0.0129965	-0.000876943	
5877	293.8	-0.0130173	-0.000907148	
5878	293.85	-0.0130207	-0.000907941	
5879	293.9	-0.0130219	-0.000907398	
5880	293.95	-0.0130223	-0.00090674	
5881	294	-0.0130312	-0.00094114	
5882	294.05	-0.0130093	-0.000911147	
5883	294.1	-0.0130059	-0.000910481	
5884	294.15	-0.0130048	-0.000911059	
5885	294.2	-0.0130044	-0.000911727	
5886	294.25	-0.0129965	-0.000876942	
5887	294.3	-0.0130173	-0.000907149	
5888	294.35	-0.0130207	-0.00090794	
5889	294.4	-0.0130219	-0.000907398	
5890	294.45	-0.0130223	-0.00090674	
5891	294.5	-0.0130312	-0.00094114	
5892	294.55	-0.0130093	-0.000911147	
5893	294.6	-0.0130059	-0.000910479	
5894	294.65	-0.0130048	-0.00091106	
5895	294.7	-0.0130044	-0.000911727	
5896	294.75	-0.0129965	-0.000876943	
5897	294.8	-0.0130173	-0.000907149	
5898	294.85	-0.0130207	-0.00090794	
5899	294.9	-0.0130219	-0.000907399	
5900	294.95	-0.0130223	-0.000906739	
5901	295	-0.0130312	-0.00094114	
5902	295.05	-0.0130093	-0.000911147	
5903	295.1	-0.0130059	-0.000910482	
5904	295.15	-0.0130048	-0.000911057	
5905	295.2	-0.0130044	-0.000911727	
5906	295.25	-0.0129965	-0.000876943	
5907	295.3	-0.0130173	-0.000907148	
5908	295.35	-0.0130207	-0.000907942	
5909	295.4	-0.0130219	-0.000907398	
5910	295.45	-0.0130223	-0.00090674	
5911	295.5	-0.0130312	-0.00094114	
5912	295.55	-0.0130093	-0.000911147	
5913	295.6	-0.0130059	-0.00091048	
5914	295.65	-0.0130048	-0.000911058	
5915	295.7	-0.0130044	-0.000911727	
5916	295.75	-0.0129965	-0.000876943	
5917	295.8	-0.0130173	-0.000907149	
5918	295.85	-0.0130207	-0.000907941	
5919	295.9	-0.0130219	-0.000907398	
5920	295.95	-0.0130223	-0.00090674	
5921	296	-0.0130312	-0.00094114	
5922	296.05	-0.0130093	-0.000911147	
5923	296.1	-0.0130059	-0.000910481	
5924	296.15	-0.0130048	-0.000911059	
5925	296.2	-0.0130044	-0.000911727	
5926	296.25	-0.0129965	-0.000876943	
5927	296.3	-0.0130173	-0.000907148	
5928	296.35	-0.0130207	-0.000907941	
5929	296.4	-0.0130219	-0.000907398	
5930	296.45	-0.0130223	-0.00090674	
5931	296.5	-0.0130312	-0.00094114	
5932	296.55	-0.0130093	-0.000911147	
5933	296.6	-0.0130059	-0.000910481	
5934	296.65	-0.0130048	-0.000911058	
5935	296.7	-0.0130044	-0.000911727	
5936	296.75	-0.0129965	-0.000876943	
5937	296.8	-0.0130173	-0.000907147	
5938	296.85	-0.0130207	-0.000907942	
5939	296.9	-0.0130219	-0.000907398	
5940	296.95	-0.0130223	-0.00090674	
5941	297	-0.0130312	-0.00094114	
5942	297.05	-0.0130093	-0.000911147	
5943	297.1	-0.0130059	-0.000910481	
5944	297.15	-0.0130048	-0.000911059	
5945	297.2	-0.0130044	-0.000911727	
5946	297.25	-0.0129965	-0.000876943	
5947	297.3	-0.0130173	-0.000907149	
5948	297.35	-0.0130207	-0.00090794	
5949	297.4	-0.0130219	-0.000907399	
5950	297.45	-0.0130223	-0.00090674	
5951	297.5	-0.0130312	-0.00094114	
5952	297.55	-0.0130093	-0.000911147	
5953	297.6	-0.0130059	-0.000910481	
5954	297.65	-0.0130048	-0.000911058	
5955	297.7	-0.0130044	-0.000911727	
5956	297.75	-0.0129965	-0.000876943	
5957	297.8	-0.0130173	-0.00090715	
5958	297.85	-0.0130207	-0.00090794	
5959	297.9	-0.0130219	-0.000907398	
5960	297.95	-0.0130223	-0.00090674	
5961	298	-0.0130312	-0.00094114	
5962	298.05	-0.0130093	-0.000911147	
5963	298.1	-0.0130059	-0.000910481	
5964	298.15	-0.0130048	-0.000911058	
5965	298.2	-0.0130044	-0.000911727	
5966	298.25	-0.0129965	-0.000876943	
5967	298.3	-0.0130173	-0.000907149	
5968	298.35	-0.0130207	-0.00090794	
5969	298.4	-0.0130219	-0.000907398	
5970	298.45	-0.0130223	-0.00090674	
5971	298.5	-0.0130312	-0.00094114	
5972	298.55	-0.0130093	-0.000911147	
5973	298.6	-0.0130059	-0.000910481	
5974	298.65	-0.0130048	-0.000911059	
5975	298.7	-0.0130044	-0.000911727	
5976	298.75	-0.0129966	-0.000876943	
5977	298.8	-0.0130173	-0.000907149	
5978	298.85	-0.0130207	-0.00090794	
5979	298.9	-0.0130219	-0.000907398	
5980	298.95	-0.0130223	-0.000906741	
5981	299	-0.0130312	-0.00094114	
5982	299.05	-0.0130093	-0.000911147	
5983	299.1	-0.0130059	-0.000910481	
5984	299.15	-0.0130048	-0.000911058	
5985	299.2	-0.0130044	-0.000911727	
5986	299.25	-0.0129965	-0.000876943	
5987	299.3	-0.0130173	-0.00090715	
5988	299.35	-0.0130207	-0.000907939	
5989	299.4	-0.0130219	-0.000907399	
5990	299.45	-0.0130223	-0.00090674	
5991	299.5	-0.0130312	-0.00094114	
5992	299.55	-0.0130093	-0.000911146	
5993	299.6	-0.0130059	-0.000910481	
5994	299.65	-0.0130048	-0.000911059	
5995	299.7	-0.0130044	-0.000911727	
5996	299.75	-0.0129965	-0.000876944	
5997	299.8	-0.0130173	-0.000907148	
5998	299.85	-0.0130207	-0.00090794	
5999	299.9	-0.0130219	-0.000907399	
6000	299.95	-0.0130223	-0.00090674	
6001	300	-0.0130312	-0.00094114	
6002	300.05	-0.0130093	-0.000911147	
6003	300.1	-0.0130059	-0.000910481	
6004	300.15	-0.0130048	-0.000911058	
6005	300.2	-0.0130044	-0.000911727	
6006	300.25	-0.0129965	-0.000876943	
6007	300.3	-0.0130173	-0.000907149	
6008	300.35	-0.0130207	-0.000907941	
6009	300.4	-0.0130219	-0.000907398	
6010	300.45	-0.0130223	-0.000906739	
6011	300.5	-0.0130312	-0.00094114	
6012	300.55	-0.0130093	-0.000911147	
6013	300.6	-0.0130059	-0.000910481	
6014	300.65	-0.0130048	-0.000911058	
6015	300.7	-0.0130044	-0.000911728	
6016	300.75	-0.0129965	-0.000876942	
6017	300.8	-0.0130173	-0.000907149	
6018	300.85	-0.0130207	-0.00090794	
6019	300.9	-0.0130219	-0.000907399	
6020	300.95	-0.0130223	-0.00090674	
6021	301	-0.0130312	-0.00094114	
6022	301.05	-0.0130093	-0.000911147	
6023	301.1	-0.0130059	-0.000910481	
6024	301.15	-0.0130048	-0.000911058	
6025	301.2	-0.0130044	-0.000911727	
6026	301.25	-0.0129965	-0.000876943	
6027	301.3	-0.0130173	-0.000907149	
6028	301.35	-0.0130207	-0.000907939	
6029	301.4	-0.0130219	-0.000907399	
6030	301.45	-0.0130223	-0.00090674	
6031	301.5	-0.0130312	-0.00094114	
6032	301.55	-0.0130093	-0.000911147	
6033	301.6	-0.0130059	-0.000910481	
6034	301.65	-0.0130048	-0.000911058	
6035	301.7	-0.0130044	-0.000911727	
6036	301.75	-0.0129965	-0.000876942	
6037	301.8	-0.0130173	-0.000907149	
6038	301.85	-0.0130207	-0.000907941	
6039	301.9	-0.0130219	-0.000907398	
6040	301.95	-0.0130223	-0.00090674	
6041	302	-0.0130312	-0.00094114	
6042	302.05	-0.0130093	-0.000911147	
6043	302.1	-0.0130059	-0.000910481	
6044	302.15	-0.0130048	-0.000911058	
6045	302.2	-0.0130044	-0.000911727	
6046	302.25	-0.0129965	-0.000876943	
6047	302.3	-0.0130173	-0.000907149	
6048	302.35	-0.0130207	-0.00090794	
6049	302.4	-0.0130219	-0.000907398	
6050	302.45	-0.0130223	-0.00090674	
6051	302.5	-0.0130312	-0.00094114	
6052	302.55	-0.0130093	-0.000911147	
6053	302.6	-0.0130059	-0.00091048	
6054	302.65	-0.0130048	-0.000911058	
6055	302.7	-0.0130044	-0.000911727	
6056	302.75	-0.0129965	-0.000876943	
6057	302.8	-0.0130173	-0.000907148	
6058	302.85	-0.0130207	-0.000907942	
6059	302.9	-0.0130219	-0.000907398	
6060	302.95	-0.0130223	-0.000906739	
6061	303	-0.0130312	-0.00094114	
6062	303.05	-0.0130093	-0.000911147	
6063	303.1	-0.0130059	-0.000910481	
6064	303.15	-0.0130048	-0.000911058	
6065	303.2	-0.0130044	-0.000911727	
6066	303.25	-0.0129965	-0.000876943	
6067	303.3	-0.0130173	-0.000907149	
6068	303.35	-0.0130207	-0.000907941	
6069	303.4	-0.0130219	-0.000907397	
6070	303.45	-0.0130223	-0.00090674	
6071	303.5	-0.0130312	-0.00094114	
6072	303.55	-0.0130093	-0.000911147	
6073	303.6	-0.0130059	-0.000910481	
6074	303.65	-0.0130048	-0.000911058	
6075	303.7	-0.0130044	-0.000911727	
6076	303.75	-0.0129965	-0.000876943	
6077	303.8	-0.0130173	-0.000907149	
6078	303.85	-0.0130207	-0.000907939	
6079	303.9	-0.0130219	-0.000907399	
6080	303.95	-0.0130223	-0.00090674	
6081	304	-0.0130312	-0.00094114	
6082	304.05	-0.0130093	-0.000911147	
6083	304.1	-0.0130059	-0.000910481	
6084	304.15	-0.0130048	-0.000911058	
6085	304.2	-0.0130044	-0.000911727	
6086	304.25	-0.0129965	-0.000876943	
6087	304.3	-0.0130173	-0.000907149	
6088	304.35	-0.0130207	-0.00090794	
6089	304.4	-0.0130219	-0.000907399	
6090	304.45	-0.0130223	-0.00090674	
6091	304.5	-0.0130312	-0.00094114	
6092	304.55	-0.0130093	-0.000911147	
6093	304.6	-0.0130059	-0.000910481	
6094	304.65	-0.0130048	-0.000911058	
6095	304.7	-0.0130044	-0.000911727	
6096	304.75	-0.0129965	-0.000876943	
6097	304.8	-0.0130173	-0.000907147	
6098	304.85	-0.0130207	-0.000907942	
6099	304.9	-0.0130219	-0.000907398	
6100	304.95	-0.0130223	-0.00090674	
6101	305	-0.0130312	-0.00094114	
6102	305.05	-0.0130093	-0.000911147	
6103	305.1	-0.0130059	-0.000910481	
6104	305.15	-0.0130048	-0.000911059	
6105	305.2	-0.0130044	-0.000911727	
6106	305.25	-0.0129965	-0.000876942	
6107	305.3	-0.0130173	-0.000907149	
6108	305.35	-0.0130207	-0.00090794	
6109	305.4	-0.0130219	-0.000907399	
6110	305.45	-0.0130223	-0.00090674	
6111	305.5	-0.0130312	-0.00094114	
6112	305.55	-0.0130093	-0.000911147	
6113	305.6	-0.0130059	-0.00091048	
6114	305.65	-0.0130048	-0.000911059	
6115	305.7	-0.0130044	-0.000911727	
6116	305.75	-0.0129965	-0.000876943	
6117	305.8	-0.0130173	-0.000907149	
6118	305.85	-0.0130207	-0.000907939	
6119	305.9	-0.0130219	-0.000907399	
6120	305.95	-0.0130223	-0.00090674	
6121	306	-0.0130312	-0.00094114	
6122	306.05	-0.0130093	-0.000911146	
6123	306.1	-0.0130059	-0.000910481	
6124	306.15	-0.0130048	-0.000911058	
6125	306.2	-0.0130044	-0.000911727	
6126	306.25	-0.0129965	-0.000876943	
6127	306.3	-0.0130173	-0.000907147	
6128	306.35	-0.0130207	-0.000907941	
6129	306.4	-0.0130219	-0.000907399	
6130	306.45	-0.0130223	-0.000906741	
6131	306.5	-0.0130312	-0.00094114	
6132	306.55	-0.0130093	-0.000911147	
6133	306.6	-0.0130059	-0.000910481	
6134	306.65	-0.0130048	-0.000911058	
6135	306.7	-0.0130044	-0.000911727	
6136	306.75	-0.0129965	-0.000876943	
6137	306.8	-0.0130173	-0.00090715	
6138	306.85	-0.0130207	-0.00090794	
6139	306.9	-0.0130219	-0.000907397	
6140	306.95	-0.0130223	-0.00090674	
6141	307	-0.0130312	-0.00094114	
6142	307.05	-0.0130093	-0.000911147	
6143	307.1	-0.0130059	-0.000910481	
6144	307.15	-0.0130048	-0.000911059	
6145	307.2	-0.0130044	-0.000911727	
6146	307.25	-0.0129965	-0.000876943	
6147	307.3	-0.0130173	-0.000907149	
6148	307.35	-0.0130207	-0.00090794	
6149	307.4	-0.0130219	-0.000907398	
6150	307.45	-0.0130223	-0.00090674	
6151	307.5	-0.0130312	-0.00094114	
6152	307.55	-0.0130093	-0.000911147	
6153	307.6	-0.0130059	-0.000910481	
6154	307.65	-0.0130048	-0.000911058	
6155	307.7	-0.0130044	-0.000911727	
6156	307.75	-0.0129965	-0.000876943	
6157	307.8	-0.0130173	-0.000907148	
6158	307.85	-0.0130207	-0.000907942	
6159	307.9	-0.0130219	-0.000907397	
6160	307.95	-0.0130223	-0.000906739	
6161	308	-0.0130312	-0.00094114	
6162	308.05	-0.0130093	-0.000911147	
6163	308.1	-0.0130059	-0.000910481	
6164	308.15	-0.0130048	-0.000911058	
6165	308.2	-0.0130044	-0.000911727	
6166	308.25	-0.0129965	-0.000876942	
6167	308.3	-0.0130173	-0.000907149	
6168	308.35	-0.0130207	-0.00090794	
6169	308.4	-0.0130219	-0.000907398	
6170	308.45	-0.0130223	-0.000906739	
6171	308.5	-0.0130312	-0.00094114	
6172	308.55	-0.0130093	-0.000911147	
6173	308.6	-0.0130059	-0.000910481	
6174	308.65	-0.0130048	-0.000911058	
6175	308.7	-0.0130044	-0.000911728	
6176	308.75	-0.0129965	-0.000876943	
